stamp_ns,stage,front_crop_ms,rear_crop_ms,front_tf_ms,rear_tf_ms,merge_ms,total_ms,front_input_points,rear_input_points,front_kept_points,rear_kept_points,sync_success,sync_miss,dropped_clouds
1789629033357234461,merge,2.84036,2.58403,1.32463,1.1072,0.373052,38.9893,19968,19968,12892,10812,1,0,0
1789629033457120132,merge,2.63655,1.66282,0.9391,0.798772,0.182463,6.42833,20064,20064,13051,10971,2,0,0
1789629033557243645,merge,1.73932,1.64039,0.945784,0.799505,0.270063,5.50698,19968,19968,13156,10969,3,0,0
1789629033657110630,merge,1.89269,1.59911,0.905252,0.769035,0.174888,5.44557,20064,19968,12756,10895,4,0,0
1789629033757259239,merge,2.42574,1.58827,0.972226,0.794276,0.056995,5.94856,19968,20064,13143,10913,5,0,0
1789629033857214670,merge,1.68899,1.61145,0.949932,0.814992,0.057864,5.21628,19968,20064,12978,11100,6,0,0
1789629033957636445,merge,1.72154,1.58183,0.940083,0.774504,0.048454,5.15746,20064,19872,12834,10783,7,0,0
1789629034057225524,merge,1.6917,1.59317,0.948606,0.794272,0.051692,5.16581,19968,20064,12963,11001,8,0,0
1789629034157141253,merge,1.72165,1.60633,0.939494,0.795124,0.049044,5.20509,20064,19968,13194,10995,9,0,0
1789629034257253675,merge,1.72704,1.64929,0.89947,0.79748,0.054144,5.22824,19968,19968,12580,11006,10,0,0
1789629034357156590,merge,1.75116,1.63735,0.929762,0.790597,0.057339,5.25882,19968,20064,13124,10998,11,0,0
1789629034457202966,merge,1.73336,1.63519,0.941497,0.794177,0.050885,5.25277,20064,19968,13056,10900,12,0,0
1789629034557140282,merge,1.74202,1.6535,0.90388,0.798757,0.049527,5.24319,19968,19968,12739,11086,13,0,0
1789629034657150797,merge,2.34904,1.61957,0.963966,0.802549,0.050105,5.90112,19968,20064,13072,11026,14,0,0
1789629034757137759,merge,1.70304,1.60165,0.945131,0.772986,0.049368,5.15926,20064,19968,13074,10906,15,0,0
1789629034857204186,merge,1.71592,1.61424,0.938049,0.806936,0.050028,5.21212,19968,19968,12818,11009,16,0,0
1789629034957249302,merge,1.71544,1.62031,0.943876,0.7932,0.060707,5.22409,19968,19968,13157,11067,17,0,0
1789629035057231518,merge,1.72808,1.60425,0.921416,0.781577,0.047859,5.17004,20064,20064,13149,11029,18,0,0
1789629035157186447,merge,1.70865,1.62519,0.911893,0.799654,0.048324,5.18201,19968,19968,12790,10954,19,0,0
1789629035257162761,merge,1.72948,1.62629,0.958914,0.796005,0.047659,5.24252,19968,19968,13195,11049,20,0,0
1789629035357227833,merge,1.72212,1.61664,0.939407,0.790308,0.051868,5.21164,20064,20064,13025,11069,21,0,0
1789629035457267277,merge,1.71401,1.59705,0.936514,0.789849,0.049463,5.17381,19968,20064,12855,10894,22,0,0
1789629035557582249,merge,1.75896,1.59502,0.95354,0.799241,0.057548,5.26386,20064,19872,13377,10945,23,0,0
1789629035657291674,merge,1.70119,1.6095,0.939005,0.807407,0.05549,5.20247,19968,20064,12866,10987,24,0,0
1789629035757255915,merge,1.7416,1.61289,0.95397,0.790999,0.050773,5.2405,19968,20064,13166,11025,25,0,0
1789629035857594439,merge,1.72134,1.68534,1.3459,1.18567,0.080278,6.12813,19968,19968,13061,10887,26,0,0
1789629035957599724,merge,1.73287,1.61334,0.959441,0.857425,0.060611,5.3133,20064,19968,13025,11044,27,0,0
1789629036057197515,merge,2.54852,2.40175,1.33755,1.12218,0.1053,7.67856,19968,19968,12987,10957,28,0,0
1789629036157185638,merge,1.76703,1.58257,0.965622,0.792871,0.049353,5.25596,20064,19968,13137,10806,29,0,0
1789629036257281839,merge,1.73123,1.58299,0.951714,0.791073,0.047215,5.18406,19968,19968,12994,10817,30,0,0
1789629036356915326,merge,1.69829,1.61223,0.945613,0.786345,0.050015,5.17783,19968,20064,12966,10974,31,0,0
1789629036457129132,merge,1.70997,1.58652,0.945189,0.781201,0.048606,5.15386,19872,19872,13023,10826,32,0,0
1789629036656982266,merge,1.71568,1.6057,0.950246,0.832666,0.058934,5.26407,19968,20064,12868,11022,33,1,1
1789629036757232952,merge,1.69169,1.61342,0.935022,0.797536,0.050405,5.16769,19776,20064,13006,11047,34,1,1
1789629036857213804,merge,1.72774,1.57382,0.971309,0.789415,0.050186,5.20062,20064,19872,13202,10759,35,1,1
1789629036957266082,merge,2.54579,2.3845,1.31496,1.12525,0.105149,7.64526,20064,20064,12797,10993,36,1,1
1789629037057205002,merge,2.10696,1.63425,0.948357,0.783178,0.04982,5.62815,19872,19968,13098,10987,37,1,1
1789629037157260699,merge,1.75044,1.61965,0.922319,0.770899,0.054867,5.2118,19968,20064,13054,10732,38,1,1
1789629037257198022,merge,1.72944,1.62513,0.924987,0.776222,0.05364,5.20184,20064,19968,12892,10832,39,1,1
1789629037357168949,merge,1.78213,1.60168,0.943985,0.797337,0.052195,5.27443,19872,19968,12862,10892,40,1,1
1789629037457186111,merge,1.71502,1.60036,0.962284,0.79675,0.051854,5.20625,20064,20064,13254,10969,41,1,1
1789629037557333841,merge,1.69785,1.57325,0.932236,0.79856,0.049521,5.13142,20064,19968,12747,10834,42,1,1
1789629037657264351,merge,1.74832,1.63639,0.938128,0.792635,0.052352,5.26087,19968,20064,13072,10966,43,1,1
1789629037757241841,merge,1.72086,1.64344,0.899315,0.785895,0.051498,5.19579,19872,19968,12836,11006,44,1,1
1789629037957293358,merge,1.72316,1.61953,0.916641,0.780878,0.050922,5.18105,19968,19968,12884,10875,45,2,2
1789629038057268454,merge,1.74319,1.64406,0.945125,0.780924,0.051326,5.25777,19968,20064,13117,10902,46,2,2
1789629038157220050,merge,1.75186,1.60018,0.925165,0.780475,0.046275,5.20047,20064,19968,12718,10749,47,2,2
1789629038257316668,merge,1.69973,1.58763,0.97089,0.788265,0.050304,5.18474,19872,19968,12965,10823,48,2,2
1789629038357143958,merge,1.70676,1.60718,0.971164,0.79949,0.049902,5.2163,20064,20064,13193,11097,49,2,2
1789629038457226072,merge,1.69089,1.59868,0.954456,0.79705,0.051542,5.1753,19968,19968,12841,10974,50,2,2
1789629038557156451,merge,1.71488,1.57708,0.977874,0.775799,0.057265,5.18751,20064,20064,13105,10813,51,2,2
1789629038657301659,merge,1.70046,1.58263,0.946227,0.793125,0.050171,5.14727,19968,19968,13088,10882,52,2,2
1789629038757223905,merge,1.71813,1.61137,0.920339,0.796526,0.055774,5.19522,19968,19968,12833,10984,53,2,2
1789629038857183631,merge,1.70189,1.58025,0.96303,0.799666,0.050017,5.18082,19968,19968,12974,10852,54,2,2
1789629038957218026,merge,1.72617,1.5883,0.975683,0.791301,0.049749,5.22259,20064,20064,13236,10794,55,2,2
1789629039057276428,merge,1.70016,1.5979,0.909311,0.781495,0.047459,5.11745,19968,19968,12711,10864,56,2,2
1789629039157207637,merge,1.71078,1.60099,0.971178,0.784747,0.049239,5.20718,20064,19968,13174,10900,57,2,2
1789629039257301152,merge,1.70845,1.58441,0.962157,0.795832,0.049671,5.19006,19968,20064,13029,10937,58,2,2
1789629039357250536,merge,1.71398,1.59104,0.940203,0.80236,0.048615,5.18287,20064,19968,12853,10948,59,2,2
1789629039457279581,merge,1.68985,1.60412,0.945253,0.801741,0.05028,5.17654,19968,20064,12964,10992,60,2,2
1789629039557306672,merge,1.72807,1.57199,0.974875,0.781344,0.049766,5.19383,20064,19968,13222,10806,61,2,2
1789629039657270733,merge,1.68405,1.57802,0.921711,0.785684,0.047465,5.10164,19968,19968,12594,10863,62,2,2
1789629039757231997,merge,1.70854,1.60695,0.959835,0.808935,0.050143,5.22317,19968,20064,13122,10975,63,2,2
1789629039857174275,merge,1.7116,1.59096,0.966018,0.779357,0.049304,5.18077,20064,19968,13030,10725,64,2,2
1789629039957304047,merge,1.70196,1.5831,0.979678,0.78027,0.050352,5.18267,19968,20064,12773,10812,65,2,2
1789629040057232389,merge,1.69845,1.58136,0.961602,0.795297,0.049545,5.17242,19968,19872,13009,10864,66,2,2
1789629040157174765,merge,1.72943,1.60552,0.96323,0.792972,0.048991,5.22646,20064,20064,13115,11026,67,2,2
1789629040257320477,merge,1.69969,1.5776,0.93199,0.805058,0.049043,5.14936,19968,19968,12741,10825,68,2,2
1789629040357232136,merge,1.72974,1.58813,0.958563,0.794131,0.051094,5.20645,19968,20064,13071,10919,69,2,2
1789629040457189568,merge,1.7082,1.60288,0.950081,0.795154,0.05083,5.19247,20064,19968,13116,10964,70,2,2
1789629040557327464,merge,1.69251,1.58157,0.933171,0.788428,0.048831,5.13013,19968,19968,12775,10793,71,2,2
1789629040657294033,merge,1.70996,1.58956,0.950247,0.793811,0.050365,5.18535,20064,20064,13237,10854,72,2,2
1789629040757362974,merge,1.69146,1.59086,0.945367,0.793884,0.050396,5.15752,19968,19968,12888,10892,73,2,2
1789629040857328165,merge,1.70901,1.58988,0.935158,0.780922,0.050991,5.15115,20064,19968,12983,10822,74,2,2
1789629040957301691,merge,1.69043,1.58219,0.935291,0.791203,0.05136,5.13431,19968,20064,13033,10896,75,2,2
1789629041057307721,merge,1.69897,1.61932,0.927444,0.79603,0.052016,5.18293,19968,19968,12926,10877,76,2,2
1789629041157263413,merge,1.69548,1.59726,0.941732,0.796974,0.050199,5.16599,20064,19968,12904,10920,77,2,2
1789629041257316935,merge,1.69861,1.58906,0.96329,0.77485,0.049593,5.15913,19968,20064,13140,10898,78,2,2
1789629041357249809,merge,2.49576,2.357,1.30408,1.12549,0.096292,7.53957,19968,19968,12681,10857,79,2,2
1789629041457241182,merge,2.54027,2.38136,1.35024,1.12393,0.106935,7.65881,20064,19968,13121,10976,80,2,2
1789629041557249918,merge,2.50959,2.3899,1.32539,1.11931,0.101451,7.59962,19968,20064,12905,10878,81,2,2
1789629041657292419,merge,1.88003,1.58218,0.926046,0.781508,0.050511,5.3274,20064,19968,12836,10761,82,2,2
1789629041757293731,merge,1.68278,1.58714,0.949887,0.791844,0.050223,5.14743,19968,19968,12938,10819,83,2,2
1789629041857342256,merge,1.72968,1.60756,0.965473,0.804565,0.049568,5.24519,19968,20064,13101,11038,84,2,2
1789629041957295632,merge,1.69845,1.57475,0.928828,0.811322,0.051001,5.15005,20064,19968,12747,10858,85,2,2
1789629042057327104,merge,1.7106,1.58026,0.963072,0.821807,0.05037,5.21082,19968,19968,13086,10839,86,2,2
1789629042257636528,merge,1.70117,1.58252,0.934694,0.783959,0.127339,5.21721,19968,19872,12718,10769,87,2,2
1789629042357383106,merge,1.69933,1.63077,0.947994,0.773998,0.241978,5.37667,19968,19968,13116,10833,88,2,2
1789629042457265821,merge,1.7088,1.64618,0.966832,0.812218,0.19673,5.41547,20064,20064,13111,10954,89,2,2
1789629042557371704,merge,1.7036,1.63721,0.93391,0.790399,0.188445,5.33804,19968,19968,12798,10882,90,2,2
1789629042657237131,merge,1.69529,1.62402,0.95203,0.787768,0.191816,5.33496,19968,20064,13040,10836,91,2,2
1789629042757204086,merge,1.71949,1.6214,0.962663,0.796824,0.192725,5.375,20064,19968,13170,10885,92,2,2
1789629042857267852,merge,2.29783,1.6583,0.922623,0.805522,0.243266,6.0346,19968,19968,12679,11000,93,2,2
1789629042957294669,merge,1.72323,1.64554,0.933725,0.777626,0.237954,5.41565,20064,20064,13257,10885,94,2,2
1789629043057386135,merge,1.69368,1.62906,0.93023,0.780509,0.237379,5.35007,19968,19968,12851,10868,95,2,2
1789629043157214721,merge,1.69034,1.65704,0.944372,0.798946,0.236859,5.41533,19968,19968,12784,11002,96,2,2
1789629043257293453,merge,1.68962,1.65987,0.94087,0.806208,0.240658,5.42652,20064,20064,13003,11073,97,2,2
1789629043357357541,merge,1.69825,1.63325,0.944873,0.800133,0.23656,5.40009,19968,19968,12994,10876,98,2,2
1789629043457230102,merge,1.70051,1.64267,0.927958,0.783237,0.235913,5.37715,20064,20064,12784,10826,99,2,2
1789629043557376669,merge,1.70474,1.6475,0.961025,0.789135,0.244879,5.43333,19968,19968,13136,10930,100,2,2
1789629043657392601,merge,1.70368,1.63693,0.935363,0.79907,0.236344,5.39721,20064,20064,12825,10888,101,2,2
1789629043757332063,merge,1.70547,1.6307,0.933174,0.781918,0.23657,5.37282,19968,19968,12930,10865,102,2,2
1789629043857363356,merge,1.70547,1.65479,0.952095,0.808758,0.243131,5.4551,19968,19968,13083,10987,103,2,2
1789629043957327256,merge,1.70601,1.65064,1.11487,0.776186,0.23292,5.57411,20064,20064,12915,10895,104,2,2
1789629044057353040,merge,1.72609,1.62995,0.946903,0.801388,0.237779,5.42755,19968,19968,13015,10899,105,2,2
1789629044157333807,merge,1.70796,1.64961,0.960851,0.80496,0.240106,5.45261,19968,19968,13092,10991,106,2,2
1789629044257330929,merge,1.71869,1.65845,0.939354,0.817946,0.234616,5.46481,20064,19968,12964,11052,107,2,2
1789629044357337197,merge,1.69957,1.65368,0.940455,0.79628,0.238307,5.41422,19968,19968,12963,10967,108,2,2
1789629044457343607,merge,1.70828,1.63901,0.959218,0.793118,0.246227,5.43435,19968,20064,13156,10894,109,2,2
1789629044557233755,merge,1.70096,1.65819,0.937496,0.79007,0.23686,5.41625,19968,19968,12805,11024,110,2,2
1789629044657239867,merge,1.71147,1.65434,0.922525,0.794968,0.237699,5.40778,20064,19968,13129,11020,111,2,2
1789629044757338067,merge,1.71685,1.63894,0.954016,0.777808,0.234137,5.40845,19968,20064,13000,10886,112,2,2
1789629044857335304,merge,1.69974,1.65845,0.946469,0.811501,0.232616,5.43768,20064,19968,12874,11037,113,2,2
1789629044957325553,merge,1.92374,1.66706,0.967614,0.792388,0.236946,5.69616,19968,20064,12943,11039,114,2,2
1789629045057397530,merge,1.71189,1.64695,0.970634,0.80822,0.24171,5.46523,20064,19968,13198,10944,115,2,2
1789629045157398704,merge,1.6781,1.64296,0.912371,0.792458,0.231441,5.33725,19968,19968,12658,10917,116,2,2
1789629045257333158,merge,1.71548,1.66196,0.949478,0.803206,0.238376,5.45124,19968,19968,13138,11069,117,2,2
1789629045357343879,merge,1.70376,1.66186,0.937002,0.798974,0.238641,5.43043,19968,20064,13106,11040,118,2,2
1789629045457282959,merge,1.68563,1.62082,0.937841,0.791643,0.258742,5.3734,20064,19968,12770,10856,119,2,2
1789629045557411815,merge,1.71787,1.64222,0.930372,0.838277,0.246711,5.46379,19968,20064,13168,10904,120,2,2
1789629045657344608,merge,1.72773,1.6547,0.958964,0.798236,0.238609,5.4624,19968,19968,13065,10936,121,2,2
1789629045757292982,merge,1.69516,1.64759,0.9525,0.792719,0.240156,5.41509,20064,19968,12922,10925,122,2,2
1789629045857374993,merge,1.75191,1.63224,0.955901,0.775655,0.247947,5.45042,19968,19968,13353,10871,123,2,2
1789629045957310407,merge,1.69236,1.72639,0.976065,0.819475,0.266352,5.57455,20064,20064,12924,10965,124,2,2
1789629046057403441,merge,1.73648,1.66914,0.972029,0.804922,0.251551,5.52222,19872,19968,13242,11020,125,2,2
1789629046157248384,merge,1.71323,1.58413,0.99125,0.78024,0.152086,5.30511,20064,19968,13030,10871,126,2,2
1789629046257284414,merge,1.73534,1.62145,0.962798,0.790365,0.199072,5.39188,20064,19968,13279,10887,127,2,2
1789629046357240468,merge,1.68715,1.64212,0.950057,0.807381,0.189208,5.35802,19872,20064,12815,10912,128,2,2
1789629046457266142,merge,1.72406,1.6436,0.956215,0.791314,0.237491,5.4363,19968,19872,13185,10913,129,2,2
1789629046557305209,merge,1.70909,1.63142,0.966997,0.788563,0.24102,5.41987,19872,19968,13046,10787,130,2,2
1789629046757030170,merge,1.68727,1.64531,0.922832,0.794586,0.240053,5.37443,19872,19872,12830,10925,131,2,2
1789629046857226749,merge,1.72591,1.65013,0.966973,0.792343,0.25605,5.48457,19968,19968,13188,10906,132,2,2
1789629047057656149,merge,1.7717,1.66071,0.963383,0.79125,0.24772,5.52675,20064,19872,13059,10902,133,2,2
1789629047157404968,merge,1.74076,1.66948,0.931996,0.794928,0.240087,5.46169,19872,19968,12864,10967,134,2,2
1789629047257392614,merge,1.77324,1.66302,0.960392,0.784017,0.236546,5.50333,20064,20064,13046,10888,135,2,2
1789629047357330131,merge,1.75255,1.67044,0.933674,0.796221,0.240943,5.48341,19968,19968,12789,10798,136,2,2
1789629047457414987,merge,1.7675,1.67463,0.956463,0.794719,0.240465,5.51488,19872,19968,13074,10879,137,2,2
1789629047557309415,merge,1.7697,1.6695,0.9472,0.778469,0.239458,5.49484,20064,20064,13038,10861,138,2,2
1789629047657316019,merge,1.77248,1.65693,0.917403,0.786825,0.240103,5.45612,19968,19968,12805,10855,139,2,2
1789629047757421659,merge,1.76246,1.67806,0.96191,0.798081,0.242959,5.53297,19968,20064,13074,10972,140,2,2
1789629047857327257,merge,1.78834,1.67463,0.96188,0.790107,0.213269,5.52119,19968,20064,13106,10998,141,2,2
1789629047957671973,merge,1.7642,1.65696,0.94493,0.780795,0.242489,5.47897,20064,19968,12886,10828,142,2,2
1789629048057271277,merge,1.78592,1.66505,0.966927,0.797531,0.249427,5.55345,19968,19872,13069,10908,143,2,2
1789629048157388157,merge,1.77367,1.69022,0.971891,0.795822,0.237671,5.55713,20064,20064,13164,11053,144,2,2
1789629048257243856,merge,1.77719,1.65469,0.934349,0.795845,0.223063,5.47538,19968,19968,12671,10754,145,2,2
1789629048357294469,merge,1.7625,1.65841,0.954208,0.774416,0.204468,5.44117,19968,20064,13136,10799,146,2,2
1789629048457273854,merge,1.75408,1.66404,0.944283,0.798709,0.202249,5.44686,20064,19968,13027,10964,147,2,2
1789629048557345204,merge,1.77134,1.67565,0.940729,0.79975,0.24029,5.51557,19968,19968,12858,10918,148,2,2
1789629048657282855,merge,1.76375,1.65573,0.958791,0.78646,0.23652,5.48784,19968,20064,13008,10857,149,2,2
1789629048757290583,merge,1.75761,1.65404,0.948604,0.805948,0.200959,5.45446,20064,19968,13091,10924,150,2,2
1789629048857287380,merge,1.75863,1.68097,0.940673,0.786253,0.24256,5.49883,19968,19968,12677,10984,151,2,2
1789629048957331014,merge,1.78157,1.655,0.966193,0.792352,0.247171,5.53359,19968,19968,13148,10812,152,2,2
1789629049057267931,merge,1.75986,1.67189,0.939961,0.789392,0.236303,5.48342,20064,20064,12891,10966,153,2,2
1789629049157330815,merge,1.76569,1.68673,0.960546,0.803335,0.235286,5.54372,19968,20064,12894,10864,154,2,2
1789629049257316079,merge,1.77214,1.65916,0.951677,0.763006,0.234792,5.46669,20064,19968,13060,10773,155,2,2
1789629049357394608,merge,1.7572,1.65671,0.953101,0.792148,0.239656,5.48794,19968,19968,12931,10839,156,2,2
1789629049457360473,merge,1.75814,1.66681,0.947133,0.799215,0.24639,5.50373,19968,19968,12846,10984,157,2,2
1789629049557309115,merge,1.76391,1.68173,0.95975,0.800761,0.241697,5.53346,20064,20064,13181,11008,158,2,2
1789629049657337303,merge,1.76104,1.6574,0.947466,0.791133,0.242736,5.4872,19968,19968,12924,10826,159,2,2
1789629049757307812,merge,1.76528,1.67274,0.932095,0.791807,0.252157,5.50273,20064,20064,12969,10995,160,2,2
1789629049857449158,merge,1.82305,1.67769,0.964623,0.808057,0.241673,5.60252,19968,19968,13156,10981,161,2,2
1789629049957310543,merge,1.77393,1.72221,0.942505,0.783441,0.235349,5.55429,19968,19968,12808,10760,162,2,2
1789629050057353781,merge,1.7724,1.66375,0.954656,0.786949,0.237959,5.49979,20064,20064,13094,10756,163,2,2
1789629050157361515,merge,1.75351,1.67348,0.956515,0.789838,0.237814,5.49486,19968,19968,13035,10973,164,2,2
1789629050257312545,merge,1.78829,1.67635,0.97176,0.810725,0.234252,5.56725,20064,19968,12867,10954,165,2,2
1789629050357360856,merge,1.75449,1.66154,0.945184,0.786399,0.240615,5.48127,19968,20064,12998,10911,166,2,2
1789629050457407286,merge,1.81643,1.66203,0.969956,0.79634,0.234163,5.57589,19968,19968,13136,10852,167,2,2
1789629050557317184,merge,1.74799,1.68742,0.924167,0.798412,0.232096,5.48244,20064,20064,12640,11065,168,2,2
1789629050657386638,merge,1.77163,1.65593,0.944316,0.781841,0.239151,5.48108,19968,19968,13104,10819,169,2,2
1789629050757369499,merge,1.77118,1.64946,0.954204,0.786353,0.237857,5.49244,20064,19968,13056,10844,170,2,2
1789629050857412599,merge,1.77595,1.68618,0.929037,0.797984,0.241289,5.52146,19968,19968,12730,10883,171,2,2
1789629050957383409,merge,1.76304,1.68262,0.945256,0.786313,0.226623,5.4934,19968,20064,12971,10795,172,2,2
1789629051057355429,merge,1.77633,1.66535,0.936388,0.772633,0.237989,5.47601,20064,19968,13167,10851,173,2,2
1789629051157410379,merge,1.7475,1.6659,0.927339,0.80713,0.237751,5.4721,19968,19968,12599,10938,174,2,2
1789629051257419429,merge,1.76303,1.68592,0.953743,0.816722,0.240773,5.54926,19968,20064,13077,11031,175,2,2
1789629051357354822,merge,1.77358,1.66708,0.949327,0.787777,0.241526,5.50803,20064,20064,13067,10894,176,2,2
1789629051457439266,merge,1.76178,1.6485,0.933976,0.789031,0.269601,5.49241,19968,19872,12808,10753,177,2,2
1789629051557349915,merge,1.76784,1.68951,0.961128,0.795422,0.240444,5.5431,19968,20064,13124,11086,178,2,2
1789629051657280407,merge,1.76361,1.68267,0.952093,0.79656,0.238427,5.52196,20064,20064,13043,10881,179,2,2
1789629051757441085,merge,1.76751,1.64661,0.932521,0.784587,0.237123,5.45791,19968,19872,12881,10748,180,2,2
1789629051857296180,merge,1.7772,1.68106,0.957318,0.782806,0.241498,5.53035,20064,20064,13164,10877,181,2,2
1789629051957430489,merge,1.7612,1.68181,0.943046,0.792554,0.240189,5.50531,19968,19968,12945,10951,182,2,2
1789629052057360953,merge,1.75718,1.65844,0.943636,0.76696,0.241309,5.45838,19968,19968,12890,10816,183,2,2
1789629052157343727,merge,1.79056,1.67513,0.958638,0.788403,0.240466,5.546,20064,20064,13254,10985,184,2,2
1789629052257372161,merge,1.76001,1.67996,0.926269,0.799155,0.238855,5.49207,19968,20064,12832,10970,185,2,2
1789629052357389091,merge,1.7662,1.65664,0.949544,0.782723,0.245767,5.49476,20064,19968,13069,10810,186,2,2
1789629052457469010,merge,1.7591,1.65603,0.949701,0.788666,0.237659,5.4803,19968,19968,12996,10875,187,2,2
1789629052557368557,merge,1.77055,1.67206,0.94033,0.795965,0.241398,5.50811,20064,19968,12887,10990,188,2,2
1789629052657475629,merge,1.75934,1.68314,0.928564,0.793333,0.242307,5.50053,19968,20064,12922,10901,189,2,2
1789629052757433728,merge,1.76587,1.68229,0.978527,0.785729,0.239001,5.55087,19968,19968,13128,10808,190,2,2
1789629052857411813,merge,1.7528,1.66788,0.91584,0.785595,0.231946,5.44248,20064,20064,12657,10875,191,2,2
1789629052957372134,merge,1.76332,1.67992,0.959906,0.790996,0.242995,5.52581,19968,19968,13118,11013,192,2,2
1789629053057422123,merge,1.75049,1.68848,0.951416,0.784909,0.2562,5.52502,19968,19968,12933,10869,193,2,2
1789629053157323180,merge,1.7684,1.65885,0.985763,0.796239,0.230296,5.52642,20064,20064,12826,10868,194,2,2
1789629053257413148,merge,1.76513,1.69214,0.94869,0.797804,0.234708,5.52848,19968,19968,12942,10984,195,2,2
1789629053357428718,merge,1.76317,1.67205,0.96342,0.799186,0.233522,5.52228,19968,19968,13094,10927,196,2,2
1789629053457305350,merge,1.96257,1.67379,0.924887,0.803483,0.231046,5.6974,20064,20064,12790,11045,197,2,2
1789629053557413175,merge,1.76841,1.66838,0.966166,0.825361,0.24764,5.56567,19968,19968,13100,10942,198,2,2
1789629053657413244,merge,1.76885,1.68029,0.969729,0.799724,0.245289,5.55617,20064,19968,13196,10943,199,2,2
1789629053757488272,merge,1.74658,1.66602,0.919554,0.799639,0.235379,5.45693,19968,20064,12688,10931,200,2,2
1789629053857393987,merge,1.76645,1.66116,0.960598,0.785493,0.246819,5.50864,19968,19968,13169,10905,201,2,2
1789629053957373438,merge,2.6514,2.22367,0.971837,0.799045,0.24341,7.0299,19968,19968,13063,10992,202,2,2
1789629054057358135,merge,1.77202,1.67112,0.945086,0.795553,0.236317,5.51616,20064,20064,12847,10868,203,2,2
1789629054157312363,merge,1.87067,1.70023,0.949849,0.794166,0.235346,5.65489,19968,19968,13063,10924,204,2,2
1789629054257342756,merge,2.64012,2.49896,1.35021,1.13255,0.306368,8.1202,20064,20064,13158,11083,205,2,2
1789629054357318623,merge,2.60421,2.46208,0.93786,0.820934,0.242597,7.22881,19968,19968,12571,11068,206,2,2
1789629054457341499,merge,1.77194,1.68841,0.95831,0.795094,0.248824,5.55034,19968,19968,13173,11043,207,2,2
1789629054557363822,merge,1.7514,1.66714,0.939811,0.797064,0.237872,5.48269,20064,19968,12938,10930,208,2,2
1789629054657358010,merge,1.76494,1.71935,0.91945,0.806942,0.249265,5.5543,19968,20064,12820,11035,209,2,2
1789629054757346475,merge,1.75512,1.6867,0.936586,0.801792,0.239811,5.50727,19968,19968,12996,11048,210,2,2
1789629054857354892,merge,1.76477,1.66905,0.944838,0.795199,0.238018,5.50396,20064,19968,13109,10919,211,2,2
1789629054957325492,merge,1.75662,1.68566,0.927244,0.807906,0.23973,5.50386,19968,20064,12720,11049,212,2,2
1789629055057358570,merge,1.78003,1.68794,0.973676,0.809508,0.242061,5.58285,20064,19968,13199,11056,213,2,2
1789629055157510322,merge,2.07252,1.67512,0.947948,0.797695,0.241525,5.84844,19968,19968,12924,10939,214,2,2
1789629055257346257,merge,1.75462,1.68948,0.935582,0.798948,0.208931,5.48684,19968,19968,12804,10921,215,2,2
1789629055357343991,merge,1.78893,1.68847,0.974095,0.811325,0.175464,5.60578,19968,20064,13294,11114,216,2,2
1789629055457378156,merge,1.71364,1.61381,0.950764,0.794606,0.07759,5.24211,20064,20064,12953,10995,217,2,2
1789629055557399538,merge,2.34048,1.58678,0.928116,0.777219,0.048929,5.79359,19968,19968,12920,10851,218,2,2
1789629055657419455,merge,1.73787,1.59211,0.967799,0.787237,0.126046,5.30693,20064,20064,13400,10920,219,2,2
1789629055757484696,merge,1.69107,1.60728,0.932924,0.771063,0.052843,5.14095,19968,19968,12826,10985,220,2,2
1789629055857377733,merge,1.75931,1.59784,0.965431,0.7832,0.051074,5.25099,20064,19968,13408,10907,221,2,2
1789629055957485924,merge,1.70478,1.57954,0.94136,0.777986,0.050289,5.14617,19968,19968,12912,10804,222,2,2
1789629056057463361,merge,1.7355,1.59531,0.953651,0.79032,0.059305,5.22392,19968,20064,13233,10983,223,2,2
1789629056157389284,merge,1.71113,1.60463,0.945082,0.79444,0.049706,5.19017,20064,19968,13017,11018,224,2,2
1789629056257480981,merge,1.74258,1.58222,0.974072,0.79463,0.053658,5.23617,19968,19968,13273,10853,225,2,2
1789629056357025165,merge,1.69226,1.5904,0.948334,0.787489,0.050926,5.1567,19872,19968,12855,10901,226,2,2
1789629056456979785,merge,1.72901,1.6088,0.942211,0.784672,0.049311,5.20676,20064,19968,13028,10934,227,2,2
1789629056557079819,merge,1.68914,1.58955,0.946563,0.792075,0.049538,5.15011,19776,19968,12885,10796,228,2,2
1789629056757361322,merge,1.67776,1.59211,0.916209,0.788364,0.040788,5.10566,19968,19968,12620,10896,229,5,5
1789629056857019370,merge,1.70258,1.60417,0.969705,0.836647,0.054251,5.25407,19872,20064,13125,10986,230,5,5
1789629056957351412,merge,1.69068,1.58362,0.950318,0.795081,0.050283,5.1588,20064,19968,12978,10846,231,5,5
1789629057057432552,merge,1.71272,1.59791,0.944714,0.807317,0.048289,5.19722,20064,20064,12885,10984,232,5,5
1789629057157028208,merge,1.69573,1.60716,0.946792,0.800178,0.049804,5.18996,19872,19968,12917,10983,233,5,5
1789629057257394235,merge,1.71702,1.58095,0.967497,0.790134,0.054939,5.19526,19968,19968,13140,10821,234,5,5
1789629057357533541,merge,1.6997,1.594,0.914372,0.792275,0.052423,5.14027,20064,20064,12806,10906,235,5,5
1789629057457338112,merge,1.71212,1.60312,0.944173,0.793721,0.050728,5.18781,19968,19968,13055,10872,236,5,5
1789629057557439612,merge,1.69706,1.58641,0.964946,0.775261,0.049662,5.1578,19968,19968,13116,10763,237,5,5
1789629057657500905,merge,1.70371,1.59371,0.939494,0.798242,0.049167,5.17017,20064,20064,12854,10891,238,5,5
1789629057757540198,merge,1.71288,1.60516,0.959172,0.782396,0.050828,5.19984,19968,19968,13123,10959,239,5,5
1789629057857478158,merge,1.7025,1.62101,0.939173,0.781172,0.050098,5.1846,19872,19968,12967,10893,240,5,5
1789629057957451613,merge,1.72905,1.58023,0.935805,0.778451,0.049659,5.15927,20256,20064,13063,10800,241,5,5
1789629058057507528,merge,1.70899,1.62361,0.904776,0.792791,0.056369,5.1754,19776,19968,12842,10969,242,5,5
1789629058157395660,merge,1.73824,1.60982,0.941099,0.772808,0.051882,5.19605,20064,19968,13212,10933,243,5,5
1789629058257408393,merge,1.71391,1.59646,0.906711,0.77378,0.048468,5.12318,20064,20064,12723,10866,244,5,5
1789629058357530456,merge,1.73436,1.65005,0.972429,0.799343,0.049595,5.30094,19968,19968,13138,10738,245,5,5
1789629058457454027,merge,1.69072,1.60445,0.95724,0.789359,0.050808,5.17583,19968,19968,12962,10879,246,5,5
1789629058557402605,merge,1.72152,1.58621,0.940333,0.773972,0.049185,5.15655,20064,19968,12824,10706,247,5,5
1789629058657494360,merge,1.69539,1.58613,0.952663,0.793441,0.052182,5.17004,19968,20064,12954,10929,248,5,5
1789629058757550368,merge,1.73151,1.59806,0.946786,0.786695,0.051584,5.19983,19968,19968,13103,10935,249,5,5
1789629058857438039,merge,1.68411,1.6099,0.934741,0.797249,0.051367,5.15968,19968,20064,12595,10915,250,5,5
1789629058957380359,merge,1.71923,1.58757,0.958694,0.79108,0.050263,5.19772,20064,19968,13151,10839,251,5,5
1789629059057493610,merge,1.70545,1.59262,0.970445,0.788464,0.048792,5.18929,19968,19968,12993,10983,252,5,5
1789629059157410252,merge,1.71016,1.6042,0.937936,0.824695,0.050859,5.21367,19968,20064,12766,11015,253,5,5
1789629059257366248,merge,1.69969,1.5774,0.964247,0.779502,0.051442,5.16403,20064,19968,13010,10698,254,5,5
1789629059357397164,merge,1.71188,1.59475,0.952815,0.805395,0.050966,5.20005,19968,20064,13064,10810,255,5,5
1789629059457369658,merge,1.70411,1.59952,0.939857,0.828277,0.05136,5.20742,20064,19968,12791,10937,256,5,5
1789629059557433589,merge,1.71004,1.58489,0.970212,0.779713,0.049759,5.18028,20064,19968,13153,10792,257,5,5
1789629059657527561,merge,1.70065,1.58649,0.948455,0.775437,0.051247,5.14657,19968,20064,13099,10939,258,5,5
1789629059757534002,merge,1.70202,1.59201,0.945798,0.801889,0.049549,5.18144,19968,19968,12699,10946,259,5,5
1789629059857442652,merge,1.70551,1.59222,0.965709,0.792786,0.050142,5.1924,19968,19968,13156,10896,260,5,5
1789629059957385677,merge,1.71301,1.57985,0.962619,0.784261,0.050243,5.17909,20064,20064,13100,10888,261,5,5
1789629060057499599,merge,1.72343,1.58548,0.932646,0.78454,0.049539,5.16301,20064,19968,12969,10793,262,5,5
1789629060157498797,merge,1.69721,1.6006,0.950802,0.787255,0.050108,5.17174,19968,19968,13030,10866,263,5,5
1789629060257503830,merge,1.71,1.58937,0.947354,0.774517,0.048988,5.15597,19968,20064,13037,10766,264,5,5
1789629060357471881,merge,1.69964,1.57889,0.945883,0.798389,0.051705,5.1618,20064,19968,12812,10853,265,5,5
1789629060457512470,merge,1.70944,1.6068,0.965224,0.821758,0.049698,5.23746,19968,20064,13141,11066,266,5,5
1789629060557450193,merge,1.68853,1.59344,0.931242,0.793349,0.04946,5.13954,19968,19968,12753,10848,267,5,5
1789629060657459379,merge,1.71471,1.57121,0.950731,0.786415,0.047692,5.1535,20064,19968,13008,10803,268,5,5
1789629060757499566,merge,1.69689,1.58887,0.970947,0.79561,0.049533,5.18469,19968,19968,12967,10921,269,5,5
1789629060857460864,merge,1.71004,1.6138,0.955642,0.796284,0.049825,5.20798,19968,20064,12933,11039,270,5,5
1789629060957408843,merge,1.7312,1.58649,0.937377,0.829518,0.051166,5.22153,20064,19968,12890,10742,271,5,5
1789629061057529397,merge,1.70298,1.5805,0.952105,0.772126,0.050683,5.14246,19968,19968,13097,10771,272,5,5
1789629061157417248,merge,1.68856,1.60698,0.93464,0.796737,0.052431,5.16819,19968,20064,12759,10933,273,5,5
1789629061257383922,merge,1.75164,1.62794,0.940678,0.780558,0.050657,5.24471,20064,19968,13084,10898,274,5,5
1789629061357554851,merge,1.73788,1.62319,0.95404,0.783237,0.049807,5.2501,19968,20064,13134,10958,275,5,5
1789629061457416503,merge,1.69829,1.61034,0.92094,0.799369,0.049394,5.16101,19968,20064,12761,10995,276,5,5
1789629061557761096,merge,1.72371,1.58864,0.977832,0.78626,0.053365,5.21992,20064,19872,13160,10822,277,5,5
1789629061657473656,merge,1.69688,1.58226,0.947232,0.791228,0.053798,5.16033,19968,20064,13083,10928,278,5,5
1789629061757410009,merge,1.70861,1.5802,0.936172,0.798041,0.053236,5.16427,20064,19968,12851,10853,279,5,5
1789629061857548005,merge,1.72903,1.60054,0.99328,0.802942,0.051498,5.26791,19968,19968,13035,10912,280,5,5
1789629061957522460,merge,1.71779,1.59044,0.959933,0.780464,0.051128,5.1856,20064,20064,13238,10748,281,5,5
1789629062057511906,merge,1.69827,1.57661,0.946648,0.796828,0.052328,5.15348,19968,19968,12668,10812,282,5,5
1789629062157532908,merge,1.72124,1.59508,0.958659,0.79914,0.0542,5.21174,20064,19968,13246,10938,283,5,5
1789629062257556104,merge,1.69985,1.61384,0.94085,0.791675,0.061767,5.19375,19968,20064,12938,11040,284,5,5
1789629062357562660,merge,1.7104,1.57316,0.926715,0.797486,0.053098,5.14457,19968,20064,12825,10835,285,5,5
1789629062457531941,merge,1.70171,1.57029,0.957122,0.771592,0.051135,5.14002,20064,19872,13026,10735,286,5,5
1789629062557543939,merge,1.73916,1.60963,0.949862,0.795303,0.054574,5.23617,19968,20064,13039,11042,287,5,5
1789629062657538476,merge,1.68989,1.58679,0.939113,0.780681,0.049421,5.13516,19968,19968,12605,10895,288,5,5
1789629062757461011,merge,1.70048,1.59431,0.949148,0.794152,0.049212,5.17463,19968,20064,13149,10875,289,5,5
1789629062857406952,merge,1.69961,1.60049,0.942694,0.779462,0.051135,5.15771,20064,19968,12995,10936,290,5,5
1789629062957428578,merge,1.72101,1.5962,0.941388,0.793406,0.050051,5.1914,20064,20064,12933,10899,291,5,5
1789629063057560340,merge,1.70589,1.57724,0.949618,0.796883,0.050604,5.17032,19968,19968,13068,10847,292,5,5
1789629063157503933,merge,1.69464,1.58272,0.957876,0.789626,0.049494,5.16193,19968,19968,12967,10908,293,5,5
1789629063257403265,merge,1.71409,1.60527,0.936983,0.814749,0.050425,5.2048,20064,20064,12963,11026,294,5,5
1789629063357544569,merge,1.70419,1.57317,0.937953,0.777137,0.050968,5.13023,19968,19968,13084,10838,295,5,5
1789629063457543069,merge,1.71668,1.57862,0.958156,0.787192,0.051223,5.17379,20064,19968,13022,10872,296,5,5
1789629063557553643,merge,1.69922,1.59989,0.925639,0.79276,0.049494,5.15566,19968,19968,12897,10983,297,5,5
1789629063657535542,merge,1.7149,1.60847,0.961675,0.78622,0.051359,5.21707,19968,20064,13176,10932,298,5,5
1789629063757493801,merge,1.71073,1.5853,0.932632,0.777278,0.049124,5.14459,20064,19968,12900,10848,299,5,5
1789629063857534375,merge,1.71721,1.59685,0.959227,0.785698,0.049941,5.195,19968,20064,13033,10997,300,5,5
1789629063957506711,merge,1.69738,1.59644,0.936492,0.805366,0.049837,5.17087,19968,19968,12965,10968,301,5,5
1789629064057570948,merge,1.70085,1.59088,0.935674,0.800414,0.050148,5.16646,20064,19968,12934,10939,302,5,5
1789629064157523326,merge,1.71052,1.58269,0.946662,0.797971,0.047992,5.17573,19968,19968,12893,10958,303,5,5
1789629064257515668,merge,1.72185,1.60579,0.969775,0.819863,0.049724,5.2567,19968,20064,13150,11040,304,5,5
1789629064357481533,merge,1.68753,1.59797,0.924437,0.799865,0.048869,5.1454,20064,19968,12701,11010,305,5,5
1789629064457494477,merge,1.73592,1.62119,0.954097,0.780734,0.051455,5.23343,19968,19968,13094,10905,306,5,5
1789629064557507584,merge,2.33674,1.60916,0.952314,0.796971,0.049779,5.85767,20064,20064,13061,11087,307,5,5
1789629064657592240,merge,1.6993,1.60857,0.940565,0.801162,0.051244,5.1907,19968,19968,12851,10997,308,5,5
1789629064757468432,merge,1.69622,1.60959,0.957197,0.79311,0.050315,5.19392,19968,20064,13027,11014,309,5,5
1789629064857578596,merge,1.70726,1.59173,0.969537,0.788094,0.051487,5.19456,20064,19872,13125,10944,310,5,5
1789629064957527045,merge,1.70261,1.61866,0.951883,0.783893,0.049317,5.19947,19968,20064,12834,11040,311,5,5
1789629065057544147,merge,1.7047,1.60254,0.959208,0.806051,0.05007,5.20784,19968,19968,13080,11026,312,5,5
1789629065157570966,merge,1.72898,1.59186,0.958239,0.802104,0.049204,5.21462,20064,19968,13195,10907,313,5,5
1789629065257534578,merge,1.68645,1.59344,0.940028,0.788444,0.049817,5.14308,19968,20064,12757,10900,314,5,5
1789629065357574474,merge,1.72131,1.60071,0.947063,0.79122,0.05138,5.19913,19968,19968,13138,11026,315,5,5
1789629065457565017,merge,1.74478,1.60528,0.956285,0.785654,0.051124,5.22905,19968,19968,13171,11036,316,5,5
1789629065557471438,merge,1.6794,1.58935,0.982372,0.800171,0.050432,5.18848,20064,20064,12819,10936,317,5,5
1789629065657490267,merge,1.74045,1.59066,0.976787,0.792555,0.050672,5.24074,19968,19968,13453,10881,318,5,5
1789629065757478373,merge,1.68827,1.60593,0.942136,0.813436,0.049782,5.18362,20064,20064,12849,10942,319,5,5
1789629065857626795,merge,1.73568,1.57815,0.974761,0.774941,0.054141,5.20029,19968,19968,13204,10825,320,5,5
1789629065957541226,merge,1.70496,1.59132,0.944225,0.796907,0.048318,5.17169,19968,20064,13063,10924,321,5,5
1789629066057559708,merge,1.75348,1.59839,0.976237,0.803981,0.050016,5.26759,19968,19968,13197,10961,322,5,5
1789629066157468526,merge,1.68995,1.59918,0.937644,0.795959,0.047756,5.15859,20064,19968,12843,10922,323,5,5
1789629066257576209,merge,1.74762,1.5861,0.963216,0.789402,0.050928,5.22263,19968,20064,13251,10876,324,5,5
1789629066357486548,merge,1.6851,1.60643,0.939851,0.807131,0.049304,5.18377,19776,19968,12824,10981,325,5,5
1789629066557033487,merge,1.70444,1.5834,0.946508,0.795246,0.041137,5.15923,19776,19968,12789,10869,326,6,6
1789629066657436062,merge,1.71834,1.58847,0.953439,0.781323,0.05175,5.18411,19968,20064,13211,10810,327,6,6
1789629066757487914,merge,1.69916,1.58928,0.937602,0.787565,0.047815,5.14872,20064,19872,12778,10867,328,6,6
1789629066857003871,merge,1.71484,1.60069,0.941558,0.780439,0.050684,5.17594,19968,20064,13015,10831,329,6,6
1789629066957540292,merge,1.71145,1.57901,0.957072,0.786237,0.050873,5.17567,19968,20064,13083,10889,330,6,6
1789629067057581365,merge,1.70945,1.57999,0.943123,0.781261,0.050726,5.15058,20064,19872,13040,10843,331,6,6
1789629067156980634,merge,1.7076,1.6026,0.941771,0.804486,0.049665,5.1893,19968,20064,12891,11036,332,6,6
1789629067257522709,merge,1.7163,1.58204,0.971599,0.782882,0.050165,5.19173,19968,20064,13109,10850,333,6,6
1789629067357631554,merge,1.70465,1.57781,0.944158,0.795409,0.050548,5.15563,19968,19968,13079,10890,334,6,6
1789629067457510733,merge,1.69778,1.60179,0.938857,0.814966,0.049362,5.18939,19968,20064,12792,11012,335,6,6
1789629067557481952,merge,1.72998,1.59439,0.951262,0.792574,0.049895,5.20713,20064,19968,13218,10814,336,6,6
1789629067657632877,merge,1.69489,1.57609,0.955375,0.791184,0.047992,5.15234,19968,19968,12965,10729,337,6,6
1789629067757581661,merge,1.71022,1.58579,0.935198,0.779494,0.050557,5.1456,19968,19968,12810,10819,338,6,6
1789629067857476191,merge,1.69838,1.60763,0.970377,0.80711,0.049533,5.22629,19968,20064,12984,11031,339,6,6
1789629067957555265,merge,1.72516,1.58255,0.964356,0.782092,0.04947,5.18877,20160,19968,13139,10803,340,6,6
1789629068057610450,merge,1.6796,1.57214,0.918712,0.786826,0.048955,5.08809,19872,19968,12658,10822,341,6,6
1789629068157575815,merge,1.73552,1.60073,0.963495,0.793962,0.050175,5.22951,20064,20064,13218,10990,342,6,6
1789629068257650958,merge,1.69621,1.60495,0.97568,0.805126,0.050214,5.22097,19968,19968,12828,10974,343,6,6
1789629068357487906,merge,1.69948,1.57743,0.930903,0.796897,0.050898,5.14035,19968,19968,12830,10816,344,6,6
1789629068457506604,merge,1.70342,1.60546,0.974747,0.802005,0.048933,5.22719,20064,20064,13054,10895,345,6,6
1789629068557633220,merge,1.70751,1.60163,0.982455,0.798078,0.048472,5.22264,19968,19968,12976,10880,346,6,6
1789629068657493560,merge,1.692,1.58485,0.934975,0.776707,0.051071,5.12902,20064,19968,12791,10717,347,6,6
1789629068757632912,merge,1.80344,1.59155,0.973284,0.792469,0.04968,5.30694,19968,20064,13102,10945,348,6,6
1789629068857647324,merge,1.69829,1.59624,0.938131,0.792972,0.050129,5.16094,19968,19968,12912,10936,349,6,6
1789629068957504832,merge,1.70723,1.59693,0.933658,0.788355,0.04874,5.1577,19968,19968,12860,10875,350,6,6
1789629069057504463,merge,1.71995,1.57995,0.977218,0.790476,0.049457,5.20136,20064,20064,13221,10910,351,6,6
1789629069157557055,merge,1.70559,1.58962,0.945108,0.801864,0.048629,5.17703,19968,19968,12897,10933,352,6,6
1789629069257574387,merge,1.70809,1.63821,0.946264,0.800994,0.051114,5.23857,20064,19968,13035,10969,353,6,6
1789629069357652972,merge,1.70403,1.59425,0.926263,0.757995,0.051047,5.1234,19968,20064,13065,10801,354,6,6
1789629069457541537,merge,1.71031,1.58495,0.935548,0.783019,0.049143,5.15231,19968,19968,12923,10791,355,6,6
1789629069557477559,merge,1.70164,1.63079,0.945988,0.802881,0.049957,5.22197,20064,20064,12958,10955,356,6,6
1789629069657613386,merge,1.72283,1.59289,0.970745,0.797698,0.050909,5.22159,20064,19968,13224,10884,357,6,6
1789629069757602312,merge,1.69443,1.60213,0.935157,0.778515,0.051946,5.15784,19968,19968,12672,10828,358,6,6
1789629069857636482,merge,1.70703,1.59221,0.954946,0.78911,0.049909,5.18382,19968,20064,13088,10976,359,6,6
1789629069957565789,merge,1.69707,1.5964,0.955589,0.779551,0.049854,5.17021,19968,19968,12944,10944,360,6,6
1789629070057536201,merge,1.72248,1.57897,0.943572,0.765263,0.050314,5.15586,20064,19968,12854,10804,361,6,6
1789629070157583998,merge,1.6891,1.58715,0.938154,0.799539,0.051442,5.15094,19968,20064,12913,10910,362,6,6
1789629070257596723,merge,1.71121,1.61976,0.95693,0.79852,0.050595,5.23278,20064,19968,13208,10879,363,6,6
1789629070357613178,merge,1.68964,1.58212,0.934594,0.790425,0.049226,5.13409,19968,19968,12590,10700,364,6,6
1789629070457639485,merge,1.71499,1.59293,0.961234,0.788961,0.051141,5.20151,19968,20064,13085,10911,365,6,6
1789629070557527311,merge,1.71814,1.59303,0.946372,0.788922,0.049369,5.1894,20064,19968,13083,10955,366,6,6
1789629070657598620,merge,1.69786,1.5964,0.943234,0.787823,0.050233,5.16644,19968,20064,12690,10940,367,6,6
1789629070757550895,merge,1.70017,1.58587,0.946552,0.770724,0.04907,5.14301,20064,19968,13143,10774,368,6,6
1789629070857621302,merge,1.69375,1.59194,0.946804,0.800213,0.049366,5.17346,19968,19968,13060,10870,369,6,6
1789629070957659680,merge,1.70908,1.60017,0.930478,0.793091,0.049254,5.17199,19968,19968,12756,10973,370,6,6
1789629071057521810,merge,1.71541,1.58085,0.951859,0.780464,0.050729,5.17305,19968,20064,13094,10843,371,6,6
1789629071157512786,merge,1.76963,1.59744,0.964235,0.784438,0.050222,5.25983,20064,19968,13186,10760,372,6,6
1789629071257624567,merge,1.71147,1.59856,0.94809,0.804705,0.049147,5.20783,19968,19968,12797,10882,373,6,6
1789629071357639818,merge,1.71379,1.60046,0.958497,0.772868,0.050454,5.18961,20064,20064,13234,10907,374,6,6
1789629071457604090,merge,1.69689,1.57433,0.949263,0.778746,0.049466,5.14551,19968,19968,12891,10832,375,6,6
1789629071557619580,merge,1.71066,1.59708,0.94611,0.792145,0.049831,5.19066,20064,20064,12984,10991,376,6,6
1789629071657650145,merge,1.6884,1.59671,0.944433,0.795519,0.049445,5.16337,19968,20064,13000,10949,377,6,6
1789629071757884328,merge,1.70224,1.56983,0.957105,0.799741,0.052218,5.17279,19968,19872,12952,10757,378,6,6
1789629071857562879,merge,1.69871,1.59237,0.886818,0.797276,0.071804,5.14378,19968,19968,12729,10955,379,6,6
1789629071957502663,merge,1.71757,1.6059,0.973202,0.808561,0.050899,5.24899,20064,20064,13235,11009,380,6,6
1789629072057648143,merge,1.68717,1.58944,0.939428,0.786425,0.048847,5.13973,19968,20064,12690,10755,381,6,6
1789629072157569002,merge,1.71666,2.01967,1.00932,0.825856,0.049383,5.72208,20064,19968,13067,10755,382,6,6
1789629072257667833,merge,1.699,1.60498,0.978234,0.799819,0.052679,5.22018,19968,19968,12943,10985,383,6,6
1789629072357555025,merge,1.7054,1.59617,1.44522,0.827125,0.0495,5.70471,20064,20064,12813,10919,384,6,6
1789629072457681291,merge,1.69442,1.58535,0.958256,0.790735,0.049896,5.16678,19968,19968,13001,10807,385,6,6
1789629072557621034,merge,1.70154,1.60507,0.954259,0.798788,0.051114,5.19907,19968,20064,13102,11014,386,6,6
1789629072657604765,merge,1.70207,1.59437,0.911324,0.797879,0.049494,5.13944,20064,19968,12803,10932,387,6,6
1789629072757582395,merge,1.74465,2.03524,0.953322,0.786679,0.049793,5.66401,19968,19968,13090,10839,388,6,6
1789629072857608274,merge,1.71772,1.58144,0.96971,0.803822,0.049922,5.21166,19968,19968,13176,10882,389,6,6
1789629072957512959,merge,2.34455,2.21246,0.9938,0.770136,0.048499,6.48748,20064,19968,12724,10923,390,6,6
1789629073057636431,merge,1.69573,1.59726,0.970242,0.776832,0.051045,5.17773,19968,20064,13137,10788,391,6,6
1789629073157617667,merge,1.70232,1.58685,0.945679,0.784702,0.050751,5.15971,20064,20064,13111,10909,392,6,6
1789629073257688585,merge,1.70339,1.59674,0.902637,0.78942,0.049739,5.13177,19968,19968,12765,10959,393,6,6
1789629073357596940,merge,1.70025,1.59096,0.938733,0.801585,0.050638,5.16533,19968,19968,12977,10923,394,6,6
1789629073457571567,merge,1.71777,1.5946,0.963451,0.793926,0.051316,5.214,19968,20064,13165,10892,395,6,6
1789629073557543091,merge,1.70517,1.58915,0.934205,0.800728,0.049376,5.168,20064,19968,12648,10914,396,6,6
1789629073657553176,merge,1.74634,1.60268,0.968779,0.79872,0.052012,5.25825,19968,19968,13150,11019,397,6,6
1789629073757522897,merge,1.70605,1.59367,0.942971,0.796339,0.050021,5.1782,19968,20064,12946,10902,398,6,6
1789629073857523973,merge,1.70313,1.5847,0.934861,0.787012,0.051041,5.14642,20064,19968,12846,10809,399,6,6
1789629073957581287,merge,1.79523,1.60974,0.952038,0.788767,0.050187,5.29377,20064,19968,13051,10983,400,6,6
1789629074057699446,merge,1.89127,1.6482,1.52894,0.810941,0.056636,6.04492,19968,20064,13074,10931,401,6,6
1789629074157620860,merge,1.89288,1.59116,0.903625,0.782195,0.048465,5.32828,19968,19968,12624,10943,402,6,6
1789629074257576703,merge,1.73884,1.62682,0.983539,1.05404,0.060005,5.55482,19968,19968,13091,11013,403,6,6
1789629074357523658,merge,1.73955,1.60706,0.941442,0.796548,0.050391,5.23175,20160,19968,13176,11041,404,6,6
1789629074457682262,merge,1.85336,1.61082,0.925855,0.7962,0.051468,5.33755,19872,20064,12757,10986,405,6,6
1789629074557551056,merge,1.73219,1.58868,0.949324,0.795941,0.050247,5.21168,20064,19872,13233,10953,406,6,6
1789629074657672928,merge,1.69979,1.76248,1.37845,0.797501,0.051845,5.78035,20064,19968,12981,11041,407,6,6
1789629074757670508,merge,1.69414,1.60941,0.933125,0.805968,0.051223,5.17831,19872,20160,12904,11077,408,6,6
1789629074857531020,merge,1.87102,1.5822,0.946122,0.792769,0.050763,5.34281,19968,19968,13119,10882,409,6,6
1789629074957547942,merge,1.92497,1.61072,0.914305,0.788405,0.049561,5.3914,20064,20064,13106,11046,410,6,6
1789629075057534126,merge,1.78574,1.6053,0.923276,0.794503,0.04826,5.25611,20064,19872,12845,11028,411,6,6
1789629075157700226,merge,1.70871,1.59746,0.953773,0.793862,0.050219,5.19323,19872,20064,13117,10878,412,6,6
1789629075257545795,merge,1.95681,1.59139,0.931183,0.793383,0.051084,5.42847,20064,19968,12921,10904,413,6,6
1789629075357540402,merge,1.72629,1.61311,0.929617,0.764394,0.050789,5.17165,19968,20064,12898,11003,414,6,6
1789629075457537650,merge,1.75539,1.62795,0.932545,0.787195,0.050771,5.24164,20064,19968,13254,10985,415,6,6
1789629075557575208,merge,1.72351,1.63686,0.924359,0.794102,0.049579,5.22202,19968,19968,12819,10901,416,6,6
1789629075657569482,merge,1.70879,1.60167,0.967641,0.803061,0.048776,5.22071,19968,20064,13085,10973,417,6,6
1789629075757582386,merge,1.71184,1.61058,0.922687,0.783411,0.050142,5.16598,20064,19968,13095,10901,418,6,6
1789629075857654063,merge,1.70911,1.60993,0.925175,0.77578,0.052251,5.1647,19968,20064,12955,10858,419,6,6
1789629075957565223,merge,1.74406,1.58138,0.927231,0.775446,0.049832,5.16875,20064,19776,13183,10819,420,6,6
1789629076057574025,merge,1.72274,1.64346,0.924839,0.781783,0.050162,5.21708,19968,20256,12994,11008,421,6,6
1789629076157627147,merge,1.74452,1.63594,0.92777,0.784761,0.049904,5.23698,19968,19968,13070,10999,422,6,6
1789629076257566587,merge,1.77184,1.5619,0.959597,0.753137,0.049595,5.19214,20064,19680,13069,10654,423,6,6
1789629076357618126,merge,1.7365,1.63224,0.938936,0.784574,0.049618,5.24963,19776,20256,13119,10992,424,6,6
1789629076457568349,merge,2.06551,1.59599,0.957391,0.794886,0.04979,5.56433,20064,19872,13002,10896,425,6,6
1789629076557063040,merge,1.73296,1.61313,0.934584,0.802553,0.053186,5.22882,20064,19968,12995,10921,426,6,6
1789629076657619613,merge,1.74255,1.58378,0.936263,0.773412,0.050258,5.18168,19872,20064,13068,10941,427,6,6
1789629076757639056,merge,1.7527,1.59595,0.960454,0.789449,0.0516,5.24164,19968,19968,13099,10958,428,6,6
1789629076857054069,merge,1.69469,1.60297,0.929478,0.799379,0.04901,5.16769,19968,19872,12801,10903,429,6,6
1789629076957014089,merge,1.72809,1.59386,0.934307,0.773526,0.049805,5.1748,19968,20160,13152,10758,430,6,6
1789629077057604873,merge,1.71306,1.57755,0.935763,0.789686,0.053353,5.15442,20064,19872,13047,10803,431,6,6
1789629077157710277,merge,1.70539,1.60944,0.959019,0.799472,0.050301,5.21807,20064,20064,12883,11040,432,6,6
1789629077257606457,merge,1.70939,1.60033,0.941033,0.789293,0.052169,5.19771,19872,20064,12911,10901,433,6,6
1789629077357646524,merge,1.71064,1.57139,0.949978,0.789167,0.04993,5.1571,20064,19968,13185,10779,434,6,6
1789629077457659268,merge,1.68224,1.59342,0.877811,0.776531,0.048148,5.0637,19968,19968,12577,10960,435,6,6
1789629077557656148,merge,1.69951,1.62552,0.987421,0.791921,0.05125,5.25476,19968,20064,13100,11032,436,6,6
1789629077657623853,merge,1.69919,1.58016,0.940989,0.7891,0.049694,5.14918,19968,20064,12894,10767,437,6,6
1789629077757682076,merge,1.69988,2.0683,0.895389,0.750203,0.051437,5.56233,20064,19776,12851,10780,438,6,6
1789629077856986657,merge,1.69077,1.61207,0.907478,0.766457,0.049434,5.11424,19872,20160,12881,10863,439,6,6
1789629077957580017,merge,1.71586,1.59267,0.954786,0.788408,0.05084,5.19777,20064,19968,13193,10834,440,6,6
1789629078057592791,merge,1.69952,1.57438,0.935398,0.814733,0.049272,5.16144,20064,19968,12751,10821,441,6,6
1789629078157615953,merge,1.70437,1.59691,0.955672,0.798383,0.050846,5.19552,19968,20064,13090,11087,442,6,6
1789629078257665105,merge,1.75195,1.6993,0.964195,0.787929,0.050615,5.36588,20064,19968,13208,10892,443,6,6
1789629078357753510,merge,2.16773,1.62952,0.903688,0.786288,0.055084,5.65322,19968,20064,12651,10911,444,6,6
1789629078457694716,merge,1.7447,1.57873,0.924407,0.772065,0.048712,5.17339,19968,19968,13158,10854,445,6,6
1789629078557684042,merge,1.71532,1.60976,0.942441,0.766065,0.049005,5.1781,19968,20064,13037,10947,446,6,6
1789629078657620594,merge,1.77716,1.58385,0.926767,0.778087,0.049344,5.21457,20064,19968,12857,10742,447,6,6
1789629078757634501,merge,1.72691,1.61416,0.953292,0.792839,0.049518,5.24514,19968,19968,13076,10760,448,6,6
1789629078857715483,merge,1.70382,1.60379,0.948035,0.789051,0.050112,5.18938,19968,19968,13142,10930,449,6,6
1789629078957657436,merge,1.69504,1.77514,0.946036,0.815655,0.049765,5.37763,20064,20064,12716,11042,450,6,6
1789629079057732207,merge,1.74988,1.74365,0.93677,0.816513,0.051643,5.40433,19968,19968,13128,10784,451,6,6
1789629079157593948,merge,1.69623,1.57794,0.935253,0.831251,0.050889,5.17669,19968,19968,12975,10837,452,6,6
1789629079257570585,merge,1.70691,1.61059,0.951658,0.807092,0.049752,5.21151,20064,20064,12860,11040,453,6,6
1789629079357644654,merge,1.70126,1.60668,0.959311,0.796047,0.050502,5.20286,20064,19968,13018,10937,454,6,6
1789629079457768680,merge,1.70881,1.58243,0.966949,0.810522,0.048496,5.2056,19968,20064,13103,10816,455,6,6
1789629079557748987,merge,1.68076,1.57686,0.907651,0.779513,0.050126,5.08509,19968,19968,12614,10777,456,6,6
1789629079657689324,merge,1.70885,1.6039,0.950504,0.76723,0.050855,5.17232,20064,19968,13207,10866,457,6,6
1789629079757776029,merge,1.68157,1.62321,0.940899,0.779874,0.048733,5.16111,19968,20064,12904,10906,458,6,6
1789629079857680824,merge,1.85411,1.76729,0.926574,0.789971,0.048282,5.49338,19968,19968,12763,10878,459,6,6
1789629079957689201,merge,1.71297,1.61368,0.970163,0.840899,0.053679,5.28417,20064,20064,13203,11036,460,6,6
1789629080057672330,merge,1.69214,1.61702,0.932295,0.781309,0.050249,5.16403,19968,19968,12951,10943,461,6,6
1789629080157679400,merge,1.70924,1.64375,0.93603,0.76115,0.050039,5.18982,20064,19968,12953,10824,462,6,6
1789629080257717239,merge,1.89913,1.87911,0.924535,0.798215,0.05415,5.65802,19968,20064,13083,10946,463,6,6
1789629080357666698,merge,1.72456,1.59813,1.1555,0.80043,0.049966,5.42093,20064,19872,13037,10873,464,6,6
1789629080457741739,merge,1.69114,1.59474,0.943472,0.749827,0.049136,5.11754,19872,20064,12786,10733,465,6,6
1789629080557628177,merge,1.71452,1.58134,0.944161,0.772401,0.050262,5.147,20064,19968,13224,10772,466,6,6
1789629080657614206,merge,1.69812,1.62485,0.923167,0.798794,0.050291,5.18127,19968,20064,12821,11058,467,6,6
1789629080757627770,merge,1.70204,1.60395,1.09754,0.790801,0.049326,5.34138,20064,19968,13052,10921,468,6,6
1789629080857673862,merge,1.78624,1.66931,0.941414,0.85107,0.050983,5.40157,19968,20064,13032,10868,469,6,6
1789629080957638580,merge,1.70217,1.58473,1.00076,0.794454,0.05033,5.21755,20064,19968,12855,10848,470,6,6
1789629081057786424,merge,1.69281,1.64496,0.94821,0.799184,0.048199,5.22848,19968,19968,12904,10981,471,6,6
1789629081157668215,merge,1.70345,1.59216,1.10744,0.781922,0.052752,5.32168,20064,19968,13226,10865,472,6,6
1789629081257730140,merge,1.68826,1.59103,0.917769,0.785222,0.050019,5.11475,19968,20064,12556,10845,473,6,6
1789629081357776009,merge,1.70551,1.60993,0.927147,0.762502,0.048912,5.14775,19968,19968,13134,10895,474,6,6
1789629081457689469,merge,1.68606,1.59468,0.925049,0.987183,0.054353,5.33055,19968,19968,12974,10863,475,6,6
1789629081557610646,merge,1.73769,1.60772,0.929,0.788456,0.049329,5.20099,20064,20064,12795,10933,476,6,6
1789629081657766548,merge,1.70074,1.58404,0.93571,0.785385,0.05039,5.14463,19968,19968,12969,10875,477,6,6
1789629081757663173,merge,1.7058,1.60332,0.961398,0.770655,0.054714,5.18589,20064,20064,13152,10968,478,6,6
1789629081857759768,merge,1.79474,1.83753,1.03997,0.815854,0.052208,5.63612,19968,19968,12753,10809,479,6,6
1789629081957710137,merge,1.70359,1.58677,0.947005,0.778385,0.053491,5.16809,19968,19968,13096,10913,480,6,6
1789629082057677494,merge,1.70957,1.61778,0.95658,0.790031,0.050549,5.20721,20064,20064,13150,11036,481,6,6
1789629082157759999,merge,1.68987,1.58516,0.936675,0.968482,0.057532,5.32555,19968,19968,12768,10763,482,6,6
1789629082257745863,merge,1.71282,1.57567,0.96016,0.844776,0.067601,5.24337,20064,19968,13248,10773,483,6,6
1789629082357771380,merge,1.69357,1.61012,0.96022,0.810645,0.050378,5.21455,19968,20064,12969,10989,484,6,6
1789629082457775331,merge,1.71928,1.58748,0.961217,0.77556,0.055188,5.18812,20064,19872,12964,10897,485,6,6
1789629082557766497,merge,1.70256,1.59299,0.941222,0.808822,0.051812,5.1834,19968,20160,12975,11017,486,6,6
1789629082657812764,merge,2.1619,1.63104,0.957398,0.803197,0.052237,5.71532,19968,20064,13033,10900,487,6,6
1789629082757662133,merge,1.68722,1.58918,0.925357,0.973847,0.063559,5.3316,19968,19872,12708,10863,488,6,6
1789629082857635586,merge,1.72442,1.60583,0.955078,0.773093,0.052049,5.19583,20064,20064,13239,10985,489,6,6
1789629082957779360,merge,1.69003,1.57461,0.939286,0.771639,0.049837,5.11027,20064,19872,12796,10798,490,6,6
1789629083057796483,merge,1.69624,1.60383,0.939101,0.803998,0.056625,5.18542,19872,20064,12883,11044,491,6,6
1789629083157635185,merge,1.70342,1.71815,0.940038,0.784566,0.049556,5.28342,20064,20064,13048,10916,492,6,6
1789629083257758702,merge,1.70844,1.5947,0.922628,0.762907,0.055517,5.15285,19872,19872,12932,10824,493,6,6
1789629083356437952,merge,1.70759,1.57959,0.942803,0.773516,0.049694,5.13786,20160,19968,12858,10833,494,6,6
1789629083457735331,merge,1.694,1.61714,0.939511,0.799836,0.050243,5.18918,19968,20160,13015,11103,495,6,6
1789629083557684812,merge,1.70135,1.5894,0.942795,0.779751,0.048678,5.14738,20064,19968,12879,10885,496,6,6
1789629083657724723,merge,1.70644,1.59173,0.957516,0.784204,0.05431,5.18278,19968,20064,13018,10954,497,6,6
1789629083757763113,merge,1.72268,1.61397,0.95857,0.775287,0.05452,5.21385,19968,19968,13163,10999,498,6,6
1789629083857664492,merge,1.72001,1.61019,0.920822,0.790139,0.050768,5.194,20064,19968,12885,10960,499,6,6
1789629083957736729,merge,1.70766,1.64132,1.13894,0.785717,0.048107,5.40954,19968,19968,13105,10916,500,6,6
1789629084057731413,merge,1.70728,1.59475,0.941315,0.764664,0.051726,5.14694,19968,20064,13055,10839,501,6,6
1789629084157718560,merge,1.7115,1.61391,0.905294,0.788306,0.050888,5.14598,20064,20064,12886,11044,502,6,6
1789629084257714982,merge,1.74439,1.60804,0.954766,0.796141,0.049946,5.25111,19968,19968,12940,10934,503,6,6
1789629084357695431,merge,1.70141,1.58867,0.973728,0.795748,0.050367,5.19536,19968,19968,13170,10961,504,6,6
1789629084457674173,merge,1.69429,1.60568,0.930391,0.803368,0.049464,5.16879,20064,19968,12748,11025,505,6,6
1789629084557718759,merge,1.70235,1.60706,0.952675,0.795261,0.049768,5.19499,19968,20064,13127,11014,506,6,6
1789629084657699458,merge,2.12455,1.64755,0.927491,0.812974,0.053625,5.69122,20064,19872,13012,10984,507,6,6
1789629084757694964,merge,1.69397,1.60428,0.919147,0.798808,0.048508,5.14812,19968,20064,12819,11069,508,6,6
1789629084857729005,merge,1.70589,1.60852,0.93131,0.801515,0.049935,5.1847,19968,19968,12983,11084,509,6,6
1789629084957778805,merge,1.72829,1.60752,0.977731,0.791664,0.050784,5.24815,20064,19968,13192,11054,510,6,6
1789629085057675235,merge,1.68346,1.59471,0.935527,0.79722,0.049371,5.14883,19968,20064,12642,10933,511,6,6
1789629085157733223,merge,2.52953,2.3937,1.34115,1.17351,0.121954,7.7178,19968,20064,13145,11061,512,6,6
1789629085257701104,merge,1.75153,1.60325,0.948005,0.801319,0.051288,5.26002,20064,19872,13125,11015,513,6,6
1789629085357670485,merge,1.6933,1.60005,0.927021,0.772113,0.04888,5.13109,19968,19968,12745,10936,514,6,6
1789629085457684770,merge,1.73194,1.59649,0.944265,0.785438,0.050986,5.19853,19968,20064,13245,10968,515,6,6
1789629085557679729,merge,1.71396,1.61023,0.963016,0.784294,0.050687,5.20975,20064,19968,13071,10980,516,6,6
1789629085657795279,merge,1.6993,1.60642,0.942714,0.795596,0.052598,5.18681,19968,19968,12861,11013,517,6,6
1789629085757678464,merge,1.74677,1.589,0.981935,0.795066,0.051187,5.25016,19968,20064,13426,10989,518,6,6
1789629085857704109,merge,1.68399,1.57419,0.94904,0.777436,0.048038,5.1132,20064,19872,12806,10823,519,6,6
1789629085957736061,merge,1.72895,1.62435,0.967402,0.806825,0.052353,5.27124,19968,20160,13292,11076,520,6,6
1789629086057793347,merge,1.70795,1.5902,0.939695,0.792988,0.051181,5.16553,19968,19968,13029,10834,521,6,6
1789629086157700820,merge,1.74322,1.57535,0.974041,0.782074,0.049936,5.21422,19968,19968,13300,10793,522,6,6
1789629086257066867,merge,1.68751,1.59942,0.938481,0.790907,0.050403,5.151,20064,20064,12832,11043,523,6,6
1789629086357683601,merge,1.74,1.60524,0.98445,0.787463,0.051018,5.25727,19968,19872,13348,10899,524,6,6
1789629086457825717,merge,1.6981,1.57339,0.950356,0.792481,0.048649,5.14632,19968,19968,12883,10847,525,6,6
1789629086557159586,merge,1.70225,1.59323,0.960141,0.820672,0.053472,5.21639,20064,20160,12916,10956,526,6,6
1789629086657766099,merge,1.7075,1.59705,0.94738,0.790057,0.050864,5.17872,19872,19872,12949,10959,527,6,6
1789629086757809143,merge,1.71238,1.58145,0.968174,0.789178,0.050831,5.1876,19968,19968,13149,10874,528,6,6
1789629086857235990,merge,1.6824,1.59627,0.917653,0.779942,0.049477,5.11853,19968,19968,12685,10903,529,6,6
1789629086957136973,merge,1.70546,1.60634,0.947727,0.80083,0.048689,5.19754,19968,20064,13015,10999,530,6,6
1789629087057734611,merge,1.69432,1.58382,0.953137,0.782875,0.050081,5.15219,19968,19872,12986,10799,531,6,6
1789629087157736351,merge,1.70165,1.58292,0.954972,0.7809,0.050027,5.15861,20064,20064,12991,10722,532,6,6
1789629087257135412,merge,1.69793,1.59919,0.937654,0.80608,0.050549,5.17494,19968,20064,12828,11005,533,6,6
1789629087357760560,merge,1.69845,1.60949,0.95662,0.799884,0.050214,5.20398,19872,20064,13062,11060,534,6,6
1789629087457723790,merge,1.70742,1.5754,0.98609,0.783399,0.048983,5.18657,20160,19968,13057,10765,535,6,6
1789629087557799198,merge,1.7154,1.57792,0.955989,0.782196,0.04932,5.17197,19968,19872,12936,10846,536,6,6
1789629087657846820,merge,1.69902,1.60837,0.947453,0.804254,0.051133,5.19619,19968,20064,13122,11031,537,6,6
1789629087757823261,merge,1.69754,1.59437,0.951727,0.789793,0.049222,5.16921,19968,20064,12986,10951,538,6,6
1789629087857743524,merge,1.70857,1.56526,0.949064,0.776357,0.04968,5.13076,20064,19872,12995,10766,539,6,6
1789629087957821976,merge,1.70026,1.6077,0.932533,0.792313,0.050689,5.16735,19872,20160,12961,10918,540,6,6
1789629088157764839,merge,1.68149,1.60138,0.949535,0.802309,0.039904,5.16731,19872,20160,12749,10938,541,7,7
1789629088257673391,merge,1.71575,1.57216,0.954781,0.780557,0.05095,5.15812,20064,19872,13277,10784,542,7,7
1789629088357765680,merge,1.70509,1.60769,0.960088,0.827943,0.055475,5.24421,20064,20064,12845,10974,543,7,7
1789629088457891847,merge,1.71029,1.56143,1.00707,0.771721,0.048967,5.18272,19968,19872,12985,10701,544,7,7
1789629088557804609,merge,1.68607,1.61086,0.938635,0.798225,0.049532,5.17567,19968,20160,12927,11062,545,7,7
1789629088657773368,merge,1.71056,1.59079,0.972074,0.796698,0.066964,5.22293,20064,19872,12916,10855,546,7,7
1789629088757815539,merge,1.68631,1.58524,0.969884,0.786517,0.04981,5.16432,19968,19968,12811,10830,547,7,7
1789629088857843415,merge,1.71189,1.60259,0.96241,0.793346,0.05064,5.20878,19968,20160,13131,10798,548,7,7
1789629088957744219,merge,1.69446,1.58032,0.945766,0.777319,0.051143,5.13709,20064,19872,12762,10822,549,7,7
1789629089157708803,merge,1.70714,1.56154,0.970639,0.786195,0.051177,5.1607,20160,19872,13248,10716,550,7,7
1789629089257879446,merge,1.71762,1.59005,0.936786,0.790439,0.048911,5.16952,19872,20064,12795,10977,551,7,7
1789629089357770697,merge,1.70902,1.59424,0.954361,0.781762,0.051263,5.17752,20064,19968,13054,10913,552,7,7
1789629089457747958,merge,1.70892,1.59951,0.974613,0.786572,0.050023,5.20894,19968,20064,13087,10851,553,7,7
1789629089557810518,merge,1.70514,1.58815,0.945503,0.783394,0.050423,5.15705,20064,19968,12890,10931,554,7,7
1789629089657828053,merge,1.69456,1.60376,0.958341,0.793264,0.049972,5.18487,19968,20064,13004,10868,555,7,7
1789629089757794331,merge,1.709,1.56231,0.965446,0.78315,0.050589,5.15465,20064,19872,13256,10648,556,7,7
1789629089857796981,merge,1.69259,1.58209,0.941264,0.779183,0.048838,5.13169,19968,19968,12688,10765,557,7,7
1789629090057753220,merge,1.69242,1.58421,0.947076,0.789792,0.051651,5.14711,19968,19968,12977,10799,558,7,7
1789629090157711687,merge,1.74412,1.57248,0.931388,0.781042,0.050303,5.16869,20064,19968,12843,10765,559,7,7
1789629090257698755,merge,1.69368,1.59781,0.929993,0.792915,0.051407,5.15086,19968,20064,12973,11050,560,7,7
1789629090357770356,merge,1.70509,1.5942,0.964302,0.783224,0.052197,5.18498,20064,19968,13235,10867,561,7,7
1789629090457862448,merge,1.69028,1.56625,0.923203,0.775997,0.04774,5.08504,19968,19968,12560,10754,562,7,7
1789629090557764390,merge,1.71935,1.58577,0.963009,0.793064,0.051094,5.19423,20064,19968,13191,10804,563,7,7
1789629090657849020,merge,1.68203,1.60751,0.937282,0.893371,0.049025,5.25357,19968,20064,12902,10865,564,7,7
1789629090757787583,merge,1.69567,1.57192,0.924267,0.790049,0.048456,5.11321,19968,20064,12720,10872,565,7,7
1789629090857778057,merge,1.69777,1.57166,0.980343,0.795562,0.052252,5.18556,20064,19872,13094,10763,566,7,7
1789629090957823458,merge,1.70072,1.60659,0.952106,0.80394,0.049326,5.20396,19968,20160,12980,11069,567,7,7
1789629091057858144,merge,1.69888,1.58429,0.951361,0.792031,0.048387,5.17268,20064,19872,12890,10722,568,7,7
1789629091157838996,merge,1.6925,1.57366,0.976203,0.781851,0.052792,5.16343,19968,19968,13079,10828,569,7,7
1789629091257834936,merge,1.69714,1.60413,0.946921,0.798713,0.049198,5.18299,19968,20064,12997,11074,570,7,7
1789629091357785784,merge,1.69371,1.59584,0.931833,0.789331,0.049616,5.15026,19968,20064,12800,10898,571,7,7
1789629091457755369,merge,1.72073,1.57646,0.973108,0.780407,0.051923,5.18865,20064,19968,13270,10744,572,7,7
1789629091557756597,merge,1.68992,1.58567,0.926601,0.796956,0.048645,5.1336,19968,19968,12844,10830,573,7,7
1789629091657818563,merge,1.7134,1.61901,0.932979,0.801024,0.049991,5.20736,20064,19968,13046,10966,574,7,7
1789629091757840776,merge,1.70818,1.59971,0.946296,0.789301,0.050367,5.18051,19968,20064,13037,10898,575,7,7
1789629091857867100,merge,1.71256,1.57911,0.926073,0.782801,0.050529,5.14176,19968,20064,12903,10846,576,7,7
1789629091957742322,merge,1.70552,1.59828,0.970367,0.797477,0.049047,5.21459,20064,19872,12909,10866,577,7,7
1789629092057903457,merge,1.69733,1.5933,0.965329,0.793592,0.052355,5.18202,19968,20064,13127,10912,578,7,7
1789629092157715838,merge,1.67586,1.57183,0.930519,0.791267,0.049002,5.10366,19968,19968,12677,10799,579,7,7
1789629092257731737,merge,1.71347,1.59004,0.971289,0.79661,0.051347,5.20751,20064,20064,13125,10936,580,7,7
1789629092357863356,merge,2.52219,2.37062,1.20889,0.816804,0.052389,7.12889,20064,19872,13032,10888,581,7,7
1789629092457871736,merge,1.71735,1.59558,0.921499,0.791233,0.047967,5.17282,19968,20064,12673,10813,582,7,7
1789629092557836151,merge,1.69263,1.57771,0.965719,0.78803,0.051007,5.15777,20064,19968,13053,10800,583,7,7
1789629092657911357,merge,1.70645,1.58818,0.968686,0.807267,0.049865,5.20875,19968,19968,13103,10916,584,7,7
1789629092857835742,merge,1.709,1.57511,0.967611,0.81052,0.123918,5.27177,20064,19872,13199,10787,585,7,7
1789629092957915813,merge,1.70425,1.5924,0.943241,0.788819,0.194639,5.30455,19872,20064,13006,10924,586,7,7
1789629093057731524,merge,1.7028,1.69927,0.941734,0.807795,0.186731,5.42356,20064,20064,12754,11097,587,7,7
1789629093157787649,merge,1.71223,1.62491,0.966414,0.78701,0.194069,5.36663,19968,19968,13156,10825,588,7,7
1789629093257770995,merge,1.70711,1.63143,0.961366,0.791119,0.241546,5.4198,20064,19968,13130,10755,589,7,7
1789629093357898642,merge,1.71118,1.60949,0.945987,0.798286,0.240576,5.39712,19968,20064,12801,10927,590,7,7
1789629093457776117,merge,1.70068,1.63121,0.946967,0.780023,0.200727,5.34609,19968,19968,13040,10866,591,7,7
1789629093557765203,merge,1.71576,1.61108,0.975257,0.775707,0.202774,5.36611,20064,19872,13227,10796,592,7,7
1789629093657775711,merge,1.70166,1.63945,0.932068,0.793478,0.198587,5.35747,20064,20064,12741,11013,593,7,7
1789629093757895617,merge,1.74298,1.60884,0.954928,0.792373,0.205437,5.39457,19968,20064,13153,10969,594,7,7
1789629093857927159,merge,1.71248,1.59647,0.945459,0.799685,0.19465,5.34472,19968,20064,12911,10911,595,7,7
1789629093957737876,merge,1.73513,1.6239,0.943743,0.780173,0.199478,5.37837,20064,19872,12884,10840,596,7,7
1789629094057883428,merge,1.72577,1.65263,0.926688,0.799498,0.206843,5.39918,19968,19968,12909,11042,597,7,7
1789629094157917804,merge,1.70937,1.66341,0.970915,0.811707,0.205086,5.44746,20064,19968,13082,11102,598,7,7
1789629094257865452,merge,1.71111,1.61274,0.921068,0.800743,0.196561,5.32979,19968,20064,12723,10981,599,7,7
1789629094357910187,merge,1.73105,1.63716,0.965442,0.795863,0.203499,5.42164,19968,19968,13129,10915,600,7,7
1789629094457919031,merge,1.72727,1.66039,0.94312,0.805175,0.202285,5.42577,20064,19968,12905,11097,601,7,7
1789629094557882746,merge,1.73445,1.61046,0.935831,0.798185,0.189701,5.35948,19968,20064,12894,11026,602,7,7
1789629094657939050,merge,1.74581,1.64204,0.983017,0.797311,0.238617,5.51323,19968,19968,13123,10921,603,7,7
1789629094857801186,merge,1.70371,1.68256,0.978615,0.82242,0.259331,5.53025,20064,19872,12998,11012,604,7,7
1789629094957865478,merge,1.73752,1.65185,0.975872,0.80128,0.243604,5.51015,19968,19968,13124,10979,605,7,7
1789629095057916179,merge,1.76557,1.6,0.963701,0.795579,0.238225,5.47683,19968,20064,12998,11016,606,7,7
1789629095157763959,merge,1.73018,1.71892,0.934129,0.803621,0.245847,5.52295,20064,19968,12945,11017,607,7,7
1789629095257878507,merge,1.74949,1.64763,0.977557,0.807098,0.244231,5.52569,19968,20064,13201,11028,608,7,7
1789629095357950069,merge,1.75457,1.58838,0.934893,0.784727,0.239687,5.38994,19968,20064,12830,10879,609,7,7
1789629095457770251,merge,1.7055,1.65938,0.953201,0.78773,0.238349,5.42781,20064,19872,13031,10848,610,7,7
1789629095557914046,merge,1.73238,1.61694,0.9697,0.799596,0.240461,5.45025,19968,19968,13235,10956,611,7,7
1789629095757783527,merge,1.72991,1.66593,0.950104,0.785733,0.250322,5.47347,20064,19968,13313,10892,612,7,7
1789629095857891627,merge,1.69349,1.61429,0.952191,0.802562,0.244058,5.39843,19968,19968,12957,10983,613,7,7
1789629095957772806,merge,1.77088,1.61085,1.13677,0.797943,0.246653,5.65307,19968,20064,13002,11086,614,7,7
1789629096057756986,merge,1.72567,1.63195,0.969643,0.768486,0.239329,5.41753,20064,19776,13184,10708,615,7,7
1789629096157953153,merge,1.69969,1.60283,0.960094,0.790487,0.23936,5.37949,19968,20064,13004,10943,616,7,7
1789629096257207874,merge,1.75835,1.66827,0.953374,0.785644,0.193241,5.44453,19968,19968,12959,10920,617,7,7
1789629096357278047,merge,1.75798,1.64043,0.936238,0.759155,0.19797,5.37515,19968,19968,13078,10800,618,7,7
1789629096457302825,merge,1.77713,1.57799,0.954613,0.781675,0.21321,5.3892,19968,20064,13107,10847,619,7,7
1789629096557899631,merge,1.74711,1.653,0.935754,0.790274,0.203423,5.4142,19968,19968,13000,10961,620,7,7
1789629096657244463,merge,1.74683,1.64994,0.924035,0.795539,0.207793,5.41254,19968,19872,12857,10854,621,7,7
1789629096857940092,merge,1.78635,1.63857,0.94618,0.779796,0.212646,5.45185,19968,19872,13020,10830,622,7,7
1789629096957160948,merge,1.70127,1.66768,0.946517,0.802977,0.206001,5.40881,20064,20064,12864,11050,623,7,7
1789629097057310184,merge,1.71038,1.58936,0.95264,0.80128,0.198703,5.33717,19872,20064,13097,10889,624,7,7
1789629097157787427,merge,1.70587,1.6473,0.965199,0.776339,0.209573,5.39046,20064,19968,13097,10747,625,7,7
1789629097257326501,merge,1.71175,1.64224,0.94654,0.788245,0.205995,5.38305,20064,19968,12923,10861,626,7,7
1789629097357933785,merge,1.69098,1.58357,0.947249,0.790084,0.197213,5.29263,19872,19968,12987,10768,627,7,7
1789629097457922779,merge,1.73932,1.6528,0.961727,0.787175,0.212141,5.44571,20064,20064,13235,10937,628,7,7
1789629097557932361,merge,1.70356,1.63801,0.905812,0.807335,0.204259,5.3466,19968,20064,12659,10991,629,7,7
1789629097657830426,merge,1.75921,1.68109,0.955381,0.787026,0.237702,5.51706,19968,20064,13103,10976,630,7,7
1789629097757855267,merge,1.72508,1.66181,0.923413,0.77894,0.249613,5.43268,19968,19968,12933,10782,631,7,7
1789629097857820106,merge,1.76607,1.65816,0.95449,0.798316,0.241151,5.51524,20064,19872,12871,10782,632,7,7
1789629097957839039,merge,1.68363,1.65599,0.946106,0.794785,0.241589,5.41154,19968,20064,12947,10968,633,7,7
1789629098057898483,merge,2.53806,2.43575,1.34732,1.10355,0.376136,7.9615,19968,19968,13134,10783,634,7,7
1789629098157810490,merge,2.51279,2.42339,1.31432,1.10943,0.382648,7.89495,20064,19968,12657,10740,635,7,7
1789629098257901661,merge,1.70593,1.64405,0.973406,0.804302,0.235092,5.4452,19968,20064,13098,10939,636,7,7
1789629098357903843,merge,1.71751,1.65234,0.968157,0.803283,0.244622,5.47893,20064,19968,13076,10980,637,7,7
1789629098457946208,merge,1.69798,1.62058,0.920806,0.777056,0.235824,5.34142,19968,19968,12698,10818,638,7,7
1789629098557876142,merge,1.71559,1.63176,0.965641,0.787552,0.244973,5.43486,20064,20064,13196,10894,639,7,7
1789629098657984766,merge,1.71509,1.6428,0.955302,0.798673,0.239433,5.44928,19968,19872,13087,10874,640,7,7
1789629098757924209,merge,1.70344,1.67086,0.934767,0.804584,0.237943,5.44638,19968,20160,12773,11051,641,7,7
1789629098857820263,merge,1.70745,1.61007,0.957195,0.787973,0.236524,5.38512,19968,19872,13058,10718,642,7,7
1789629098957917102,merge,1.71144,1.65469,0.974977,0.787548,0.244761,5.45947,20064,20064,13262,10926,643,7,7
1789629099057349703,merge,1.69283,1.64694,0.933739,0.797255,0.236648,5.39316,19968,19968,12686,10867,644,7,7
1789629099157911765,merge,1.71944,1.63207,0.992142,0.78859,0.248315,5.46993,20064,19968,13240,10751,645,7,7
1789629099257981577,merge,1.70296,1.63811,0.943212,0.79816,0.242381,5.4076,19968,20064,12995,10943,646,7,7
1789629099357953803,merge,1.70311,1.6563,0.926668,0.772667,0.236967,5.3832,19968,20064,12788,10985,647,7,7
1789629099457804327,merge,1.70366,1.63444,0.939494,0.777838,0.246514,5.38786,20064,19872,13079,10774,648,7,7
1789629099657889312,merge,1.75452,1.66086,0.908499,0.811541,0.253038,5.4846,19968,19968,12613,10927,649,7,7
1789629099757834030,merge,1.77104,1.69413,0.969143,0.794568,0.244563,5.5711,20064,19968,13199,10873,650,7,7
1789629099857920421,merge,1.7776,1.58646,0.925135,0.780553,0.236444,5.39107,19968,20064,12833,10721,651,7,7
1789629099957915171,merge,1.80481,1.64982,0.9425,0.829913,0.267747,5.58468,20064,19872,12912,10773,652,7,7
1789629100057976061,merge,1.76083,1.6128,0.949593,0.813575,0.24584,5.47926,19968,20064,12976,10992,653,7,7
1789629100157846674,merge,1.81914,1.65764,0.947742,0.778941,0.23276,5.52768,20064,19968,12946,10811,654,7,7
1789629100257966424,merge,1.77134,1.59285,0.940037,0.783172,0.261752,5.43305,19968,20064,12914,10889,655,7,7
1789629100357901524,merge,1.79058,1.69046,0.955409,0.796786,0.242021,5.56478,19968,19968,13065,10967,656,7,7
1789629100457850195,merge,1.77534,1.67319,0.954731,0.814544,0.22072,5.52092,20064,19968,12959,10943,657,7,7
1789629100557975291,merge,1.76005,1.58597,0.940301,0.781217,0.236786,5.38998,19968,20064,12965,10877,658,7,7
1789629100657890681,merge,1.79038,1.60415,0.973419,0.807332,0.243735,5.50658,19968,20064,13142,10753,659,7,7
1789629100757856167,merge,2.69059,2.51455,1.34707,0.800945,0.249523,7.78916,20064,19872,12798,10856,660,7,7
1789629100857976990,merge,1.77389,1.59542,0.960416,0.779888,0.243254,5.4349,19968,20064,13105,10829,661,7,7
1789629100957943667,merge,1.78044,1.6649,0.961177,0.782896,0.238907,5.51522,19968,19968,13004,10846,662,7,7
1789629101057898455,merge,1.81174,1.6811,0.942937,0.801511,0.24353,5.5693,20064,19968,12846,10978,663,7,7
1789629101257942323,merge,1.70788,1.63084,0.960108,0.802099,0.262463,5.45112,20064,19872,13252,10715,664,7,7
1789629101358002476,merge,1.70088,1.60788,0.914361,0.795674,0.201865,5.30973,19968,19968,12537,10993,665,7,7
1789629101457868022,merge,1.75592,1.61222,0.967065,0.835014,0.215331,5.46982,19968,20160,13108,11057,666,7,7
1789629101557879517,merge,1.68905,1.6386,0.960321,0.780695,0.235328,5.39241,20064,19872,13010,10696,667,7,7
1789629101658018265,merge,2.11302,2.38077,1.31026,1.10284,0.363012,7.46229,19968,19968,12747,10758,668,7,7
1789629101757872345,merge,2.51002,2.49227,1.34492,1.11492,0.377816,8.00225,20064,19968,13065,10876,669,7,7
1789629101857996728,merge,2.52338,2.36203,1.21821,0.813025,0.252355,7.32608,19968,20064,13042,10888,670,7,7
1789629101958014806,merge,1.76777,1.59712,0.929498,0.789371,0.253037,5.42437,19968,20064,12705,10955,671,7,7
1789629102057873975,merge,1.70377,1.67108,0.97238,0.796216,0.238561,5.46885,20064,19968,13115,10905,672,7,7
1789629102158027735,merge,1.6964,1.59884,0.96672,0.801835,0.241456,5.39353,19968,20064,13016,10966,673,7,7
1789629102257933602,merge,1.97002,1.64798,0.932586,0.778516,0.245647,5.67082,19968,19968,12782,10801,674,7,7
1789629102357907009,merge,1.72375,1.66288,1.03305,1.25868,0.319291,6.08302,20064,19968,13252,10938,675,7,7
1789629102457920737,merge,2.08744,1.62105,0.930994,0.790198,0.270292,5.81996,19968,19968,12941,10923,676,7,7
1789629102557973986,merge,1.71224,1.66967,0.957148,0.80013,0.253006,5.4769,20064,20064,12964,10809,677,7,7
1789629102658029919,merge,1.70055,1.59676,0.986411,0.790074,0.252424,5.40839,19968,19968,13031,10832,678,7,7
1789629102758001674,merge,1.71487,1.67198,0.95612,0.800894,0.251678,5.48215,20064,19968,12998,10944,679,7,7
1789629102858015238,merge,1.84024,1.97206,0.925396,0.778013,0.24076,5.86324,19968,19968,12870,10895,680,7,7
1789629102957914468,merge,1.77396,1.59457,0.959803,0.776955,0.258012,5.45146,19968,20064,13174,10929,681,7,7
1789629103057970809,merge,1.70496,1.66539,0.938004,0.805209,0.244871,5.43971,20064,19968,12795,10949,682,7,7
1789629103157987448,merge,1.71336,1.61637,0.951811,0.796686,0.255262,5.41826,19968,19968,13058,10963,683,7,7
1789629103258004945,merge,1.75611,1.59143,0.959352,0.805945,0.246698,5.44467,19968,20064,12925,10990,684,7,7
1789629103357872772,merge,2.05305,1.66705,0.946824,0.800155,0.248115,5.81629,20064,19968,12902,10932,685,7,7
1789629103457929030,merge,1.68442,1.60864,0.930469,1.00386,0.329002,5.64213,19968,20064,12881,10922,686,7,7
1789629103557967362,merge,1.77445,1.6721,0.961002,0.779431,0.247488,5.52231,19968,19968,13114,10799,687,7,7
1789629103657202088,merge,1.6894,1.64199,0.923532,0.783983,0.2129,5.34255,20064,19968,12763,10818,688,7,7
1789629103757924575,merge,1.70375,1.60427,0.948471,0.795332,0.225482,5.36279,19968,20064,13056,11076,689,7,7
1789629103857950991,merge,1.70656,1.64982,0.978542,0.806957,0.25102,5.47764,20064,19968,13170,10901,690,7,7
1789629103958033449,merge,1.719,1.60143,0.925534,0.789198,0.249501,5.37857,19968,20064,12754,10948,691,7,7
1789629104057864698,merge,1.78302,1.66563,0.950242,0.795092,0.245423,5.52877,19968,19968,13102,10932,692,7,7
1789629104157894367,merge,1.7012,1.69792,0.953441,0.799243,0.249241,5.49163,20064,19968,13164,11079,693,7,7
1789629104257997164,merge,1.69769,1.62378,0.923291,0.802733,0.255585,5.38784,19968,19968,12781,11069,694,7,7
1789629104357972310,merge,1.77893,1.6596,0.944171,0.784496,0.248052,5.50416,19968,19968,13065,10895,695,7,7
1789629104457876301,merge,1.71646,1.68511,0.979554,0.803414,0.24516,5.5138,20064,20064,13212,11007,696,7,7
1789629104558058264,merge,1.69788,1.62751,0.930721,0.813881,0.240359,5.39922,19968,19968,12718,11034,697,7,7
1789629104657884144,merge,1.78391,1.61593,0.969695,0.790895,0.250667,5.49566,19968,20064,13172,10945,698,7,7
1789629104757345448,merge,1.69601,1.68156,0.952798,0.802359,0.246142,5.46568,20064,19968,13037,11050,699,7,7
1789629104857885523,merge,1.73449,1.65133,0.939751,0.770923,0.273499,5.45636,19968,20064,12839,11054,700,7,7
1789629104957878408,merge,1.80646,1.73395,0.934946,0.783092,0.257274,5.6067,19968,19968,13061,11054,701,7,7
1789629105057945146,merge,1.81741,1.70053,0.963681,0.772201,0.246859,5.59477,19968,19968,13154,10923,702,7,7
1789629105157405835,merge,1.72779,1.71211,0.928857,0.788156,0.240514,5.49192,20064,19968,12634,11033,703,7,7
1789629105257986399,merge,1.73679,1.632,0.943092,0.800415,0.245953,5.45362,19968,20064,13201,11067,704,7,7
1789629105357408996,merge,1.7252,1.69666,0.928334,0.78611,0.2512,5.48301,20064,19968,13037,10884,705,7,7
1789629105457903856,merge,2.51622,2.35315,0.952261,0.747454,0.265573,6.98569,19968,20064,12763,10789,706,7,7
1789629105557887307,merge,1.8212,1.70383,0.972991,0.786538,0.250531,5.6203,19968,19968,13227,10949,707,7,7
1789629105657361151,merge,1.75209,1.71923,0.941996,0.779854,0.244926,5.53316,20064,19968,13031,10958,708,7,7
1789629105757992948,merge,2.52274,2.3657,1.32895,1.11273,0.381915,7.86682,19968,19968,12927,10838,709,7,7
1789629105857975479,merge,2.69203,2.37328,1.37148,1.0497,0.256727,7.9027,19968,20160,13308,10958,710,7,7
1789629105957911676,merge,1.72783,1.70648,0.933064,0.778457,0.240144,5.4666,20064,19872,12904,10924,711,7,7
1789629106057907506,merge,1.77749,1.63857,0.96708,0.840782,0.208167,5.52185,19968,19968,13220,10875,712,7,7
1789629106157902656,merge,1.77293,1.60363,0.947898,0.800852,0.241301,5.4523,19968,20160,13085,11009,713,7,7
1789629106257897756,merge,1.81246,1.65176,0.971335,0.806662,0.242897,5.57524,19872,19776,13293,10903,714,7,7
1789629106357233959,merge,1.714,1.70322,0.945223,0.77864,0.241494,5.48236,20160,19968,12805,10850,715,7,7
1789629106457289672,merge,1.77946,1.61943,0.970384,0.765313,0.257391,5.48377,19968,19968,13312,10766,716,7,7
1789629106558039413,merge,1.7974,1.64054,0.925128,0.78059,0.246164,5.47988,19872,20064,12986,10848,717,7,7
1789629106657261319,merge,1.80192,1.70805,0.948121,0.778574,0.240605,5.57194,19968,19968,12924,10926,718,7,7
1789629106757389425,merge,1.7629,1.69832,0.934943,0.765774,0.252772,5.50352,20064,19968,13053,10814,719,7,7
1789629107057270015,merge,1.74066,1.66078,0.928502,0.794961,0.053063,5.27343,19968,20064,13075,10984,720,17,17
1789629107157940882,merge,1.73624,1.61427,0.930593,0.774852,0.051302,5.19947,19968,19968,12935,10857,721,17,17
1789629107257278467,merge,1.75045,1.61692,0.948483,0.772471,0.1648,5.34066,20064,19968,12945,10911,722,17,17
1789629107357327058,merge,1.72932,1.63369,0.937146,0.772432,0.051397,5.21583,19968,19968,12834,10836,723,17,17
1789629107458069530,merge,1.75159,1.61566,0.958322,0.770309,0.050168,5.23768,19968,20064,13131,10721,724,17,17
1789629107558048809,merge,1.71836,1.61557,0.940344,0.760063,0.049955,5.17925,19968,19968,12786,10824,725,17,17
1789629107657265486,merge,1.74657,1.64596,0.940485,0.781353,0.061436,5.26365,20064,20064,13008,11063,726,17,17
1789629107758033838,merge,1.72518,1.62642,0.964899,0.787055,0.052066,5.24401,19968,20064,13028,10805,727,17,17
1789629107858066646,merge,1.7295,1.59418,0.943568,0.747984,0.052791,5.16083,19968,19872,12986,10718,728,17,17
1789629107957919325,merge,1.73621,1.63444,0.947485,0.800145,0.050396,5.26652,20064,20064,12983,11044,729,17,17
1789629108057957109,merge,1.72553,1.63244,0.950493,0.788396,0.052793,5.24028,19872,19968,12972,10904,730,17,17
1789629108157294768,merge,1.74389,1.60178,0.949264,0.766218,0.046873,5.20011,20064,19968,13054,10767,731,17,17
1789629108257314842,merge,1.72187,1.62408,0.943953,0.76698,0.056786,5.20658,19968,20064,12803,10766,732,17,17
1789629108357432827,merge,1.74649,1.63206,0.983061,0.907768,0.118865,5.48434,20064,19968,13250,10863,733,17,17
1789629108458014936,merge,1.74093,1.61874,0.924237,0.766917,0.049266,5.21676,19968,19968,12859,10801,734,17,17
1789629108557306184,merge,1.72346,1.60266,0.939142,0.760871,0.048604,5.16245,20064,19968,13039,10816,735,17,17
1789629108658035374,merge,1.69271,1.60717,0.957909,0.790266,0.049535,5.18695,19968,20064,12983,11053,736,17,17
1789629108757961004,merge,1.68951,1.59638,0.96847,0.803352,0.050751,5.19763,19968,19968,12920,10942,737,17,17
1789629108857286034,merge,1.77016,1.57464,0.947596,0.775751,0.047879,5.21749,19968,19968,12757,10799,738,17,17
1789629108957268927,merge,1.72079,1.60557,1.52148,0.915342,0.060244,5.92153,20064,20064,13236,10990,739,17,17
1789629109058037830,merge,1.68687,1.62304,0.921775,0.783829,0.042551,5.14214,20064,19968,12707,10900,740,17,17
1789629109158037022,merge,1.70551,1.58619,0.939568,0.765835,0.050901,5.12942,19968,20064,13076,10699,741,17,17
1789629109258024661,merge,1.69161,1.57835,0.947543,0.779632,0.050854,5.13394,19968,19968,12955,10736,742,17,17
1789629109357975541,merge,1.71842,1.59241,0.946632,0.806344,0.046364,5.20027,20064,19968,12844,10941,743,17,17
1789629109458104111,merge,1.68757,1.60235,0.946185,0.803354,0.053178,5.18015,19968,20064,13014,11004,744,17,17
1789629109557944597,merge,1.70195,1.73537,1.41083,0.789691,0.052205,5.78112,19968,19968,13105,10761,745,17,17
1789629109657392509,merge,1.71205,1.5873,0.937997,0.79303,0.049902,5.16358,20064,20064,12808,10961,746,17,17
1789629109757946443,merge,1.70184,1.60418,0.96615,0.825982,0.04935,5.23349,19968,19968,13102,10964,747,17,17
1789629109857987730,merge,1.72228,1.5836,0.966147,0.791652,0.042348,5.19127,20064,19968,13249,10783,748,17,17
1789629109958028759,merge,1.70177,1.59018,0.940686,0.787056,0.050681,5.15499,19968,20064,12678,10828,749,17,17
1789629110058011049,merge,1.71498,1.6036,1.09513,0.772363,0.044247,5.32129,20064,19968,13270,10867,750,17,17
1789629110158125009,merge,1.69655,1.69677,1.48832,0.771242,0.052456,5.7983,19872,19968,12968,10840,751,17,17
1789629110257335748,merge,1.70806,1.58349,0.966894,0.788787,0.048971,5.17835,20064,20064,12842,10911,752,17,17
1789629110357410611,merge,1.71076,1.58814,0.940536,0.789839,0.04128,5.15507,20064,19968,13080,10865,753,17,17
1789629110458128859,merge,1.70715,1.59169,0.975807,0.807235,0.051851,5.21662,19968,19968,13138,10900,754,17,17
1789629110558088285,merge,1.69766,1.58217,0.935095,0.793247,0.04839,5.14179,19968,20064,12604,10869,755,17,17
1789629110657985846,merge,1.70907,1.57981,0.96853,0.79246,0.046125,5.18596,20064,19968,13207,10849,756,17,17
1789629110758017446,merge,1.68063,1.83805,1.2517,0.804791,0.050266,5.72016,19968,19968,12876,10979,757,17,17
1789629110858068391,merge,1.73953,1.59967,0.938432,0.778249,0.048177,5.18982,19968,20064,12785,10787,758,17,17
1789629110957939058,merge,1.71006,1.57493,0.964336,0.772777,0.040325,5.15678,20064,19968,13053,10774,759,17,17
1789629111058037602,merge,1.69592,1.60153,0.960831,0.791364,0.048322,5.19789,19968,19968,12991,10943,760,17,17
1789629111158044129,merge,1.69348,1.60419,0.937967,0.763022,0.048242,5.15435,19968,20064,12715,11055,761,17,17
1789629111257454980,merge,1.70286,1.58583,0.949683,0.782229,0.050979,5.1586,20064,20064,13221,10862,762,17,17
1789629111358010395,merge,1.70422,1.56969,0.945508,0.762702,0.049321,5.10711,19968,19872,12896,10743,763,17,17
1789629111557950320,merge,1.7077,1.5803,0.967144,0.78395,0.047996,5.17027,20064,19872,13222,10752,764,17,17
1789629111657963607,merge,1.69897,1.59298,0.934943,0.782195,0.049778,5.1441,19968,20064,12849,10857,765,17,17
1789629111757958499,merge,1.70736,1.60458,0.953486,0.786613,0.047477,5.18488,20064,19968,13077,10887,766,17,17
1789629111857993089,merge,1.7076,1.60569,0.940762,0.790017,0.05075,5.1833,19968,19968,13062,10859,767,17,17
1789629111958055496,merge,1.71218,1.72306,0.998065,0.776142,0.047586,5.35784,20064,20064,12855,10885,768,17,17
1789629112058146709,merge,1.70036,1.66369,0.971821,0.792245,0.049521,5.27681,19968,19968,13029,10912,769,17,17
1789629112158077367,merge,1.70131,1.60054,0.983042,0.803993,0.051659,5.22735,19968,20064,13141,10989,770,17,17
1789629112257428094,merge,1.69806,1.61978,0.938129,0.786233,0.04716,5.17681,20064,19968,12729,10846,771,17,17
1789629112358153610,merge,1.70657,1.57454,0.958642,0.793093,0.049817,5.17051,19968,19968,13136,10843,772,17,17
1789629112458053143,merge,1.68973,1.58954,0.941941,0.797486,0.046315,5.15153,20064,19968,13022,10969,773,17,17
1789629112558089507,merge,1.7015,1.60496,0.958538,0.786607,0.049287,5.18453,19968,20064,12718,11015,774,17,17
1789629112658097344,merge,1.70074,1.58984,0.936111,0.788352,0.053478,5.16275,19968,20064,12916,10810,775,17,17
1789629112757962188,merge,1.7457,1.58439,0.959724,0.79167,0.053255,5.2267,19968,20064,13122,10844,776,17,17
1789629112857957904,merge,1.68562,1.58746,0.918082,0.79261,0.049539,5.12307,20064,19872,12603,10898,777,17,17
1789629112958049452,merge,1.71612,1.61258,0.935413,0.777446,0.055337,5.19123,19968,19968,13127,10888,778,17,17
1789629113057973479,merge,1.70544,1.58217,0.925722,0.786418,0.049166,5.13827,20064,20064,13094,10903,779,17,17
1789629113157995747,merge,1.69719,1.58399,0.91977,0.784922,0.052571,5.12748,19968,19968,12664,10868,780,17,17
1789629113257426673,merge,1.69491,1.60324,0.944322,0.806993,0.051214,5.18957,19968,19968,13039,11012,781,17,17
1789629113357397847,merge,1.70338,1.58455,0.957075,0.789452,0.04723,5.16914,20064,19968,13136,10866,782,17,17
1789629113457347932,merge,1.70635,1.59007,0.919453,0.789897,0.049837,5.14467,19968,20064,12806,10986,783,17,17
1789629113558009627,merge,2.32644,1.60654,0.960665,0.805291,0.048307,5.85414,20064,19968,13141,10947,784,17,17
1789629113658141572,merge,1.69897,1.6064,0.94743,0.790992,0.050827,5.18207,19968,20064,13084,10837,785,17,17
1789629113757357723,merge,1.69414,1.58041,0.927391,0.796168,0.047783,5.13272,20064,19968,12799,10924,786,17,17
1789629113858128458,merge,1.71153,1.59015,0.945621,0.791899,0.052877,5.18077,19968,19968,13175,10957,787,17,17
1789629113958059029,merge,1.68759,1.59984,0.944669,0.789003,0.054691,5.16404,19968,20064,12982,11011,788,17,17
1789629114057433199,merge,1.70912,1.58277,0.941167,0.788922,0.047458,5.15583,20064,19968,12927,10924,789,17,17
1789629114158140757,merge,1.69051,1.5849,0.948881,0.794218,0.050828,5.1529,19968,20064,12996,10939,790,17,17
1789629114258132335,merge,1.69922,1.6092,0.957143,0.80495,0.052754,5.20913,19968,19968,13029,11063,791,17,17
1789629114357467983,merge,1.695,1.60641,0.916077,0.788935,0.047774,5.14572,20064,19968,12766,11100,792,17,17
1789629114458144647,merge,1.70707,1.59549,0.956801,0.787613,0.05299,5.1882,19968,19968,13175,10935,793,17,17
1789629114558046680,merge,1.69101,1.59759,0.952139,0.808743,0.047397,5.18435,20064,19968,12808,10982,794,17,17
1789629114658138011,merge,1.69728,1.60821,0.929077,0.799938,0.051311,5.17605,19872,20064,12877,11062,795,17,17
1789629114757396956,merge,2.55686,2.21107,0.977988,0.815965,0.047242,6.76964,20064,19968,13086,11020,796,17,17
1789629114858137286,merge,1.7213,1.81468,1.0323,0.792562,0.050469,5.51325,19968,19968,12930,10899,797,17,17
1789629114958003661,merge,1.69291,1.63887,0.930022,0.826102,0.051907,5.22851,19968,20064,12876,11022,798,17,17
1789629115057414654,merge,1.71819,1.60651,0.970659,0.797583,0.04768,5.22708,20064,19968,13212,11049,799,17,17
1789629115158106671,merge,1.68934,1.59791,0.947738,0.802573,0.051595,5.17578,19968,19968,12887,10923,800,17,17
1789629115257363249,merge,1.70789,2.15252,0.948851,0.816727,0.049783,5.78388,19968,20064,12903,11000,801,17,17
1789629115357455171,merge,1.76198,1.61108,0.973339,0.810195,0.053352,5.30564,20064,19968,13380,11111,802,17,17
1789629115457424723,merge,1.69294,1.62344,0.953433,0.795274,0.058699,5.22246,19968,20064,12837,11001,803,17,17
1789629115557524846,merge,1.69961,1.58432,0.958025,0.782882,0.051137,5.16424,19968,20064,13010,10831,804,17,17
1789629115657529459,merge,1.73643,1.58852,0.968811,0.790009,0.051529,5.22456,19968,19968,13335,10974,805,17,17
1789629115757477530,merge,1.68032,1.59675,0.911458,0.779569,0.046177,5.09821,20160,19968,12820,10946,806,17,17
1789629115858131298,merge,1.75242,1.5788,0.965379,0.780307,0.054597,5.21803,19968,19968,13443,10869,807,17,17
1789629115958065278,merge,1.73965,1.59217,0.943626,0.780449,0.049316,5.20174,19872,20064,12840,10890,808,17,17
1789629116057433952,merge,1.72497,1.59986,0.974547,0.805847,0.047626,5.24037,20064,19968,13222,10974,809,17,17
1789629116157368026,merge,1.71307,1.58889,0.944522,0.795693,0.046915,5.17136,20064,19968,13058,10901,810,17,17
1789629116258015175,merge,1.72831,1.57822,0.966795,0.783801,0.056925,5.20608,19872,19968,13135,10879,811,17,17
1789629116458137203,merge,1.73088,1.6,0.954886,0.78291,0.050273,5.20209,19968,19968,13185,10919,812,19,19
1789629116557508296,merge,1.70778,1.57652,0.947513,0.79445,0.049406,5.15616,19872,19968,12941,10797,813,19,19
1789629116658155838,merge,1.69671,1.58838,0.959487,0.81342,0.052286,5.19523,19872,20064,12985,10847,814,19,19
1789629116757533585,merge,1.68911,1.59484,0.933599,0.771099,0.04652,5.11992,20064,19968,12714,10933,815,19,19
1789629116857381357,merge,1.71858,1.57459,0.938727,0.780683,0.049539,5.15172,19872,19968,13138,10832,816,19,19
1789629116958029732,merge,1.70436,1.58522,0.948421,0.781774,0.054006,5.15629,19968,20064,12981,10937,817,19,19
1789629117057377214,merge,1.70314,1.59403,0.941518,0.794392,0.042922,5.15933,20064,19968,12869,10911,818,19,19
1789629117157479328,merge,1.70906,1.58411,0.958892,0.781988,0.050685,5.17305,19968,19968,13132,10827,819,19,19
1789629117257406974,merge,1.70608,1.58155,0.939022,0.800936,0.049094,5.16061,19968,20064,13075,10925,820,19,19
1789629117357399283,merge,1.73876,1.62693,0.941543,0.77831,0.05094,5.22928,20064,19968,12866,10918,821,19,19
1789629117458048628,merge,1.71074,1.63036,0.970529,0.777577,0.049056,5.22811,19968,19968,13113,10818,822,19,19
1789629117557461494,merge,1.70362,1.57105,0.963573,0.759669,0.050439,5.13806,19968,19968,13122,10700,823,19,19
1789629117657371918,merge,1.72528,1.59455,0.936836,0.791924,0.048578,5.18504,19968,20064,12763,10888,824,19,19
1789629117757454909,merge,1.765,1.63878,0.967887,0.775768,0.04587,5.28811,20064,19968,13178,10990,825,19,19
1789629117857380289,merge,1.73564,1.61758,0.935853,0.76539,0.054776,5.20752,19872,19968,12949,10800,826,19,19
1789629117957374828,merge,1.74618,1.61629,0.948362,0.781915,0.05151,5.22716,20160,20064,12995,10891,827,19,19
1789629118058089158,merge,1.74116,1.62697,0.939904,0.784733,0.054361,5.23919,19968,19968,12959,10963,828,19,19
1789629118158070388,merge,1.7692,1.64023,0.980244,0.794102,0.050985,5.32457,19968,19968,13144,10935,829,19,19
1789629118258040463,merge,1.76218,1.62514,0.942355,0.787753,0.051658,5.26261,20064,20064,12636,10888,830,19,19
1789629118358211589,merge,1.78113,1.62661,0.971946,0.809099,0.055983,5.33662,19968,19968,13109,10821,831,19,19
1789629118458109204,merge,1.69905,1.59836,0.92927,0.783903,0.050327,5.15074,19968,19968,12923,10865,832,19,19
1789629118557395320,merge,1.75328,1.62455,0.94141,0.768308,0.049495,5.2317,20064,20064,12847,10796,833,19,19
1789629118658136417,merge,1.72888,1.61192,0.953016,0.772203,0.050957,5.20597,19968,19968,12952,10801,834,19,19
1789629118758056680,merge,1.74122,1.6344,0.959527,0.79368,0.051035,5.26943,19968,20064,13090,11011,835,19,19
1789629118857459531,merge,1.73438,1.62814,0.924652,0.791445,0.049,5.22051,19968,19968,12685,10909,836,19,19
1789629118957528654,merge,1.75411,1.61562,0.95113,0.772307,0.047093,5.23019,20064,19968,13192,10841,837,19,19
1789629119058051310,merge,1.75501,1.6335,0.951468,0.800817,0.057036,5.2949,20064,20064,13168,11012,838,19,19
1789629119157477778,merge,1.68841,1.60215,0.947562,0.800038,0.050586,5.16836,19968,19968,12732,10986,839,19,19
1789629119258130190,merge,1.70399,1.58804,0.940956,0.777376,0.050761,5.14906,19968,19968,13130,10698,840,19,19
1789629119357373100,merge,1.69066,1.59573,0.947135,0.782026,0.051711,5.15466,19968,20064,13056,10814,841,19,19
1789629119457562487,merge,1.71649,1.59276,0.92283,0.796678,0.04417,5.15579,20064,19968,12831,10969,842,19,19
1789629119557416356,merge,1.70981,1.60833,0.969867,0.781178,0.050964,5.20796,19968,20064,13041,10931,843,19,19
1789629119657568390,merge,1.72696,1.57601,0.964868,0.783836,0.041834,5.18199,20064,19968,13124,10789,844,19,19
1789629119758091953,merge,1.71263,1.58865,0.924997,0.791161,0.049903,5.15387,19968,19968,12724,10867,845,19,19
1789629119857447739,merge,1.71685,1.60257,0.983305,0.803796,0.047173,5.23878,20064,19968,13216,10953,846,19,19
1789629119958079733,merge,1.6834,1.59217,0.948663,0.813389,0.048802,5.17213,19968,20064,12813,10897,847,19,19
1789629120058062076,merge,1.71091,1.57397,0.95277,0.773999,0.050571,5.14587,19968,19968,12898,10800,848,19,19
1789629120157420426,merge,1.69822,1.60716,0.941494,0.788092,0.050093,5.16866,20064,20064,13039,10844,849,19,19
1789629120257556198,merge,1.71795,1.62731,0.945706,0.798652,0.048789,5.23001,19968,19968,12935,10868,850,19,19
1789629120357459866,merge,1.68256,1.59076,0.92318,0.788049,0.047361,5.11592,19968,20064,12731,10938,851,19,19
1789629120457563618,merge,1.72924,1.59688,0.976616,0.800319,0.043267,5.23346,20064,19968,13192,10933,852,19,19
1789629120557474336,merge,1.69744,1.59582,0.959997,0.798033,0.048695,5.18481,19968,19968,12786,10931,853,19,19
1789629120657462571,merge,1.71412,1.58082,0.92155,0.788339,0.048736,5.15378,19968,19968,12964,10812,854,19,19
1789629120757422133,merge,1.74838,1.6612,0.980608,0.777592,0.050696,5.30578,20064,20064,13185,10978,855,19,19
1789629120857529741,merge,1.7082,1.6188,0.917193,0.8032,0.050897,5.18599,19968,19968,12777,10993,856,19,19
1789629120957436194,merge,1.74429,1.62208,0.956491,0.787007,0.048313,5.24758,20064,19968,13160,10848,857,19,19
1789629121057434316,merge,1.73304,1.61349,0.955631,0.765233,0.052165,5.20958,19968,20064,13088,10729,858,19,19
1789629121157571681,merge,1.74701,1.6218,0.944153,0.767754,0.049669,5.21377,19968,19968,12856,10912,859,19,19
1789629121257463582,merge,1.73348,1.64717,0.961164,0.787231,0.046167,5.25946,20064,19968,13098,10989,860,19,19
1789629121357453099,merge,1.7407,1.6278,0.965555,0.772423,0.051136,5.24565,19968,20064,13158,10923,861,19,19
1789629121457401316,merge,1.72452,1.6212,0.937664,0.768692,0.048292,5.1883,19968,20064,12643,10906,862,19,19
1789629121557573382,merge,1.74275,1.63095,0.977708,0.76431,0.046589,5.25798,20064,19872,13250,10905,863,19,19
1789629121657442980,merge,1.71726,1.63219,0.952947,0.767446,0.049167,5.19282,19968,19968,13001,10921,864,19,19
1789629121757401084,merge,1.74474,1.61692,0.936209,0.783857,0.049417,5.20209,20064,20064,12849,10925,865,19,19
1789629121858087254,merge,1.71649,1.61916,0.946289,0.77505,0.049623,5.20166,19968,19968,12961,10858,866,19,19
1789629121958072324,merge,1.70366,1.61107,0.950491,0.79197,0.050675,5.19949,19968,20064,13145,10893,867,19,19
1789629122057553333,merge,1.69666,1.59719,0.926328,0.790586,0.043243,5.14016,20064,19968,12665,10823,868,19,19
1789629122158079046,merge,1.70912,1.58507,0.963093,0.788189,0.049352,5.1764,19968,19968,13121,10882,869,19,19
1789629122257415477,merge,1.69851,1.60983,0.946702,0.797543,0.050137,5.19012,19968,20064,12922,11095,870,19,19
1789629122357538590,merge,1.70607,1.60383,0.950024,0.798587,0.049628,5.19496,19968,20064,12771,10945,871,19,19
1789629122457537695,merge,1.71741,1.5761,0.970104,0.797357,0.045046,5.19525,20064,19968,13180,10863,872,19,19
1789629122557572618,merge,1.71976,1.58925,0.950594,0.784423,0.048318,5.17653,20064,19968,13041,10931,873,19,19
1789629122658150664,merge,1.71111,1.60567,0.952221,0.807805,0.051575,5.2149,19968,19968,12887,11026,874,19,19
1789629122757451138,merge,1.72249,1.5986,0.985535,0.808617,0.052052,5.25337,20064,20064,13226,10913,875,19,19
1789629122858181089,merge,1.71536,1.58181,0.967504,0.802479,0.051089,5.20008,19968,19968,12972,10843,876,19,19
1789629122957440038,merge,1.70741,1.61204,0.949041,0.794255,0.050599,5.2052,20064,20064,12959,10966,877,19,19
1789629123058131749,merge,1.70769,1.59535,0.934781,0.791662,0.053122,5.16753,19872,19968,13082,10932,878,19,19
1789629123157551283,merge,1.72529,1.58558,0.949131,0.793159,0.047107,5.18383,20064,19968,12944,10911,879,19,19
1789629123257450941,merge,1.7025,1.59925,0.962631,0.808095,0.051002,5.20924,19968,20064,12992,11040,880,19,19
1789629123357531839,merge,1.7482,1.59972,0.955451,0.787543,0.044911,5.22151,20064,19968,13164,10976,881,19,19
1789629123457557163,merge,1.71729,1.58695,0.943833,0.784787,0.051513,5.16837,19968,19968,12943,10917,882,19,19
1789629123557507127,merge,1.71105,1.59677,0.951497,0.795239,0.053972,5.19236,20064,20064,12918,11023,883,19,19
1789629123658124721,merge,1.73918,1.63727,0.969902,0.782672,0.052945,5.27163,19968,19968,13108,10970,884,19,19
1789629123758108810,merge,1.71123,1.62658,0.928851,0.769104,0.052582,5.17254,19968,19968,12660,10851,885,19,19
1789629123856909456,merge,1.74295,1.62595,0.957203,0.769406,0.051513,5.2428,20064,20064,13092,10877,886,19,19
1789629123958148074,merge,1.7295,1.64335,0.939643,0.785787,0.058604,5.25045,19968,19968,12961,11019,887,19,19
1789629124058100084,merge,1.74145,1.63485,0.936219,0.819909,0.047342,5.26986,20064,19968,12847,10985,888,19,19
1789629124158155401,merge,1.70216,1.59496,0.95849,0.812357,0.053374,5.20735,19872,20064,12907,11018,889,19,19
1789629124257533727,merge,1.72824,1.59919,0.980183,0.800778,0.047918,5.24778,20064,19968,13184,10936,890,19,19
1789629124357460429,merge,1.69146,1.60878,0.933549,0.804827,0.053522,5.1788,19968,19968,12736,11055,891,19,19
1789629124457433880,merge,1.71909,1.61523,0.961742,0.817375,0.050326,5.25002,20064,20064,13106,11143,892,19,19
1789629124557557772,merge,1.71019,1.59654,0.960653,0.801594,0.055254,5.20862,19968,19968,13121,10959,893,19,19
1789629124657518397,merge,1.6886,1.61033,0.97768,0.80633,0.056206,5.22405,19968,19968,12829,11079,894,19,19
1789629124757449168,merge,1.72132,1.61408,0.958209,0.817169,0.055275,5.24956,20064,20064,13190,11068,895,19,19
1789629124857523393,merge,1.70441,1.60288,0.967838,0.78978,0.0516,5.19637,19968,19968,13075,10954,896,19,19
1789629124957534743,merge,1.71123,1.59616,0.947872,0.791939,0.042738,5.1699,20064,19968,12900,11000,897,19,19
1789629125058177025,merge,1.71572,1.61562,0.950435,0.819162,0.053279,5.248,19872,20064,13056,11103,898,19,19
1789629125157535852,merge,1.71148,1.60119,0.977506,0.804907,0.048462,5.23491,20064,19968,13221,11024,899,19,19
1789629125257463015,merge,1.69672,1.5941,0.933972,0.789433,0.045392,5.14638,20064,19968,12770,10913,900,19,19
1789629125358116730,merge,1.71613,1.60167,0.981582,0.803,0.04814,5.24212,19968,19968,13267,10931,901,19,19
1789629125458163967,merge,1.71923,1.62073,0.96003,0.81824,0.049833,5.25136,19968,20064,13030,11155,902,19,19
1789629125557535561,merge,1.6915,1.60401,0.933981,0.793743,0.046153,5.15696,20064,19968,12800,10974,903,19,19
1789629125658112627,merge,1.74702,1.59465,0.990997,0.781546,0.052155,5.2558,19872,20064,13309,10835,904,19,19
1789629125757562284,merge,1.69793,1.60337,0.964465,0.808158,0.045672,5.20805,20064,19968,12919,10955,905,19,19
1789629125857163535,merge,1.71796,1.60799,1.05164,0.803206,0.051423,5.32299,19968,20064,13009,11012,906,19,19
1789629125957561931,merge,1.74581,1.58607,0.975623,0.814954,0.044488,5.25215,20064,19968,13170,10852,907,19,19
1789629126057585281,merge,1.70969,1.59641,0.933505,0.798182,0.048461,5.16989,19968,20064,12982,10979,908,19,19
1789629126157636675,merge,1.72139,1.59897,0.928156,0.778884,0.049862,5.16321,19968,19968,13035,10951,909,19,19
1789629126257529018,merge,1.70641,1.57181,0.965872,0.784455,0.044376,5.16096,20064,19872,13156,10809,910,19,19
1789629126357473569,merge,1.72398,1.58881,0.974015,0.839906,0.051178,5.26373,19776,20064,13109,10962,911,19,19
1789629126457533139,merge,2.33797,2.18715,1.34826,1.13077,0.085692,7.23617,20256,19968,12949,10989,912,19,19
1789629126558135667,merge,1.81597,1.63252,0.950142,0.772102,0.05001,5.33071,19872,19872,13129,10868,913,19,19
1789629126657456032,merge,1.69678,1.6035,0.967673,0.80715,0.049421,5.20868,19776,20064,13008,10898,914,19,19
1789629126757603794,merge,2.53293,2.36866,1.33949,1.16808,0.083249,7.65066,20064,19968,12979,10933,915,19,19
1789629126857519706,merge,2.54437,2.37514,1.34096,1.12262,0.082952,7.62193,20064,19968,13059,10902,916,19,19
1789629126958143819,merge,2.537,2.34455,1.34893,1.11573,0.111113,7.61198,19968,20064,13159,10852,917,19,19
1789629127057567247,merge,2.67621,2.38291,1.324,1.11705,0.07988,7.7286,19968,19968,12881,10888,918,19,19
1789629127157497342,merge,2.54658,2.38292,1.21914,0.798793,0.045099,7.14224,19872,20064,12904,11004,919,19,19
1789629127257511857,merge,1.72057,1.58061,0.935066,0.787642,0.043751,5.15203,20064,19968,13159,10796,920,19,19
1789629127357573201,merge,1.70481,1.58726,0.92977,0.786171,0.042966,5.13662,20064,19968,13047,10867,921,19,19
1789629127457465333,merge,1.68776,1.61622,0.918972,0.798917,0.049299,5.1526,19872,20064,12699,11072,922,19,19
1789629127658145265,merge,1.69309,1.58055,0.946373,0.803632,0.044783,5.15448,19872,19968,12778,10777,923,20,20
1789629127757513144,merge,1.72884,1.60772,0.934277,0.79126,0.050591,5.20301,20064,20064,12952,10944,924,20,20
1789629127857503143,merge,2.53274,2.38999,1.32853,1.12864,0.118783,7.66379,19968,19968,12937,10963,925,20,20
1789629127957600885,merge,2.5455,2.34246,1.36296,1.12493,0.108414,7.64313,19968,19968,13039,10787,926,20,20
1789629128057504978,merge,2.54245,2.2689,0.922143,0.774524,0.053147,6.70158,20064,20064,12813,10902,927,20,20
1789629128157608881,merge,1.7007,1.6048,1.02463,0.793348,0.049025,5.25734,19968,19968,13118,10990,928,20,20
1789629128257523097,merge,1.68876,1.58919,0.936623,0.780696,0.054158,5.13331,19968,19968,13019,10828,929,20,20
1789629128357522475,merge,1.71932,1.58943,0.953954,0.797151,0.05201,5.19532,20064,20064,12916,10943,930,20,20
1789629128457597689,merge,1.69736,1.59993,0.955706,0.78404,0.049583,5.17098,19968,19968,13154,10892,931,20,20
1789629128557503013,merge,1.69574,1.58871,0.975805,0.781769,0.04938,5.17383,19968,19968,12984,10742,932,20,20
1789629128657532013,merge,1.70927,1.57998,0.948233,0.773783,0.051488,5.14665,20064,20064,13004,10769,933,20,20
1789629128757647010,merge,1.70403,1.58637,0.949455,0.786323,0.050432,5.15644,19968,19968,13072,10964,934,20,20
1789629128857587045,merge,2.53812,2.0282,0.95351,0.796089,0.043807,6.49963,20064,19968,12983,10939,935,20,20
1789629128957500378,merge,1.69598,1.57821,0.979015,0.789734,0.049613,5.17922,19968,20064,12907,10829,936,20,20
1789629129057652256,merge,1.72131,1.65264,0.9881,0.795531,0.041226,5.29412,20064,19968,13261,10867,937,20,20
1789629129158197474,merge,1.69718,1.59819,0.943972,0.793954,0.048349,5.16365,19968,19968,12736,10954,938,20,20
1789629129257523415,merge,1.70158,1.59149,0.97906,0.801529,0.048383,5.20531,19968,20064,13006,10923,939,20,20
1789629129357661992,merge,1.69749,1.57097,0.973795,0.785427,0.0435,5.15619,20064,19968,13068,10728,940,20,20
1789629129457482870,merge,1.69959,1.59777,0.928178,0.788232,0.049138,5.14933,19968,19968,12862,10861,941,20,20
1789629129557545288,merge,1.69769,1.5999,0.946726,0.802161,0.051215,5.18294,20064,20064,12978,10902,942,20,20
1789629129657627890,merge,1.70172,1.57496,0.955753,0.783909,0.04937,5.15001,19968,19968,13144,10836,943,20,20
1789629129758169082,merge,1.68807,1.59305,0.923211,0.793872,0.048371,5.13141,19872,20064,12610,10962,944,20,20
1789629129857585089,merge,1.71633,1.59621,0.965173,0.781888,0.042836,5.1872,20160,19968,13164,10957,945,20,20
1789629129957616810,merge,1.69176,1.59621,0.967567,0.797601,0.051121,5.19339,19968,19968,13046,10843,946,20,20
1789629130057522892,merge,1.68786,1.59098,0.914422,0.783143,0.050721,5.11478,19872,20064,12751,10951,947,20,20
1789629130157631230,merge,1.72601,1.60374,0.969273,0.799329,0.042366,5.2272,20160,19968,13165,10954,948,20,20
1789629130257608918,merge,1.6927,1.60018,0.966163,0.798271,0.051177,5.19557,19968,19968,13078,10864,949,20,20
1789629130357487815,merge,1.70062,1.58015,0.942263,0.775868,0.046473,5.12922,19968,20064,12773,10726,950,20,20
1789629130457596622,merge,1.70281,1.59249,0.967719,0.784476,0.04215,5.17193,20064,19968,13167,10874,951,20,20
1789629130557600455,merge,1.70056,1.61326,0.973321,0.807713,0.05234,5.23553,19872,20064,13099,11069,952,20,20
1789629130657679598,merge,1.68956,1.60129,0.92158,0.777514,0.04895,5.12455,19968,19968,12685,10846,953,20,20
1789629130857547691,merge,1.70791,1.58707,0.950438,0.792065,0.050541,5.17532,19968,19968,13053,10912,954,21,21
1789629130957499012,merge,1.71206,1.61487,0.973065,0.806639,0.049654,5.23881,19968,20064,12797,11073,955,21,21
1789629131057550702,merge,1.70143,1.57767,0.955896,0.788152,0.040923,5.1479,20064,19968,13076,10816,956,21,21
1789629131157589176,merge,1.71907,1.58366,0.959475,0.779823,0.049199,5.17726,19968,19968,13038,10802,957,21,21
1789629131257562734,merge,1.70597,1.6289,0.953569,0.798363,0.058998,5.23941,20064,20064,12743,10958,958,21,21
1789629131357684467,merge,1.69783,1.59338,1.01978,0.777083,0.051234,5.21746,19968,19968,13139,10918,959,21,21
1789629131457621713,merge,1.69342,1.57673,0.929243,0.793494,0.046256,5.12692,20064,19968,12840,10832,960,21,21
1789629131557523086,merge,1.96571,1.59428,0.928799,0.803029,0.050377,5.43569,19872,20064,12861,10948,961,21,21
1789629131656975779,merge,1.71465,1.62419,0.943969,0.787231,0.047812,5.20843,20064,19968,13079,10945,962,21,21
1789629131757578474,merge,1.70307,1.58002,0.964726,0.796765,0.043795,5.1769,20064,19968,12925,10821,963,21,21
1789629131857539988,merge,1.70472,1.60892,0.928917,0.778806,0.054827,5.16397,19968,20064,12881,10968,964,21,21
1789629131957608863,merge,1.72722,1.61583,0.940326,0.775758,0.049711,5.1947,19968,19968,13085,10977,965,21,21
1789629132057582692,merge,1.71333,1.59809,0.947163,0.775071,0.043672,5.16689,20064,19968,12927,10823,966,21,21
1789629132157510249,merge,1.80622,1.61621,0.921652,0.757643,0.050546,5.26183,19968,20064,12983,10799,967,21,21
1789629132257574030,merge,1.83663,1.64156,1.54206,0.790116,0.047633,5.9591,20064,19968,13242,10922,968,21,21
1789629132357551711,merge,1.68641,1.60436,0.943441,0.790055,0.048462,5.15853,19872,20064,12752,11058,969,21,21
1789629132457707303,merge,1.8481,1.58505,0.950224,0.784996,0.044286,5.31652,20064,19968,13146,10861,970,21,21
1789629132556901844,merge,1.70225,1.5741,0.952474,0.779773,0.044628,5.14091,20064,19968,13172,10851,971,21,21
1789629132657526902,merge,1.71623,1.62684,0.923662,0.779395,0.05263,5.19012,19968,20064,12792,11119,972,21,21
1789629132757670862,merge,1.68437,1.59916,0.919214,0.796516,0.05034,5.1355,19968,19968,13019,10955,973,21,21
1789629132857643555,merge,1.73193,1.9041,1.06192,0.780693,0.04419,5.62938,20064,19968,13261,10915,974,21,21
1789629132957529894,merge,1.69866,1.59827,0.910277,0.791147,0.048199,5.13746,19968,20064,12598,10876,975,21,21
1789629133057634220,merge,1.70558,1.61108,0.929052,0.793482,0.049941,5.17579,19968,20064,13143,10998,976,21,21
1789629133157703250,merge,1.71015,1.58588,0.948831,0.79598,0.041192,5.16675,20064,19872,13006,10845,977,21,21
1789629133257546557,merge,1.69969,1.58984,0.951971,0.789876,0.048217,5.17209,19968,20064,12772,10937,978,21,21
1789629133357638625,merge,1.69422,1.60494,0.931733,0.799907,0.049421,5.16243,19968,20064,12933,11016,979,21,21
1789629133457686779,merge,1.72647,2.10035,0.923477,0.78338,0.045001,5.6832,20064,19872,13220,10876,980,21,21
1789629133557524589,merge,1.70549,1.59768,0.913179,0.786253,0.047615,5.13449,20064,20064,12716,10996,981,21,21
1789629133657635457,merge,1.69952,1.59449,0.940079,0.765574,0.050029,5.13961,19968,19968,13085,10947,982,21,21
1789629133757543829,merge,1.7063,1.59844,0.949144,0.766019,0.048483,5.15863,19968,19968,13074,10990,983,21,21
1789629133857541759,merge,1.70731,1.59329,0.949527,0.777303,0.049521,5.16439,20064,20064,12835,10935,984,21,21
1789629133957608617,merge,1.72516,1.58466,0.955098,0.775049,0.061047,5.19495,19968,19968,13166,10859,985,21,21
1789629134057050459,merge,1.71724,1.61146,0.952729,0.792569,0.051781,5.21258,19968,20064,13050,11073,986,21,21
1789629134157733634,merge,1.7177,1.59777,0.932539,0.756391,0.043784,5.13419,20064,19968,12904,10959,987,21,21
1789629134257645581,merge,1.69483,1.58722,0.914529,0.755551,0.049476,5.08715,19872,20064,12965,10953,988,21,21
1789629134357745781,merge,1.70898,1.59881,0.965747,0.775772,0.051301,5.18851,19968,19968,13158,10977,989,21,21
1789629134457627749,merge,1.71786,1.60864,1.07127,0.784041,0.042107,5.307,20160,19968,12889,11072,990,21,21
1789629134557653252,merge,1.73113,1.59985,0.973142,0.784896,0.051105,5.22999,19968,19968,13204,11017,991,21,21
1789629134657588190,merge,1.79238,1.6065,0.924877,0.811063,0.051885,5.28591,19872,20064,12892,10977,992,21,21
1789629134757656825,merge,1.71545,1.61318,0.949518,0.962093,0.049958,5.38059,20064,19968,12941,11059,993,21,21
1789629134857667654,merge,1.71115,1.626,0.927131,0.801531,0.047877,5.2008,20064,19968,13144,11055,994,21,21
1789629134957542285,merge,1.71823,1.59788,0.943549,0.796964,0.05092,5.20298,19968,19968,13010,10985,995,21,21
1789629135057539792,merge,1.75765,1.74219,0.92059,0.809101,0.049606,5.37316,20064,20064,12821,11061,996,21,21
1789629135157619093,merge,1.73804,1.61146,0.966419,0.808657,0.051262,5.26892,19968,19968,13218,11050,997,21,21
1789629135257561610,merge,1.68643,1.60422,0.926007,0.785253,0.048752,5.14156,19968,19968,12813,11050,998,21,21
1789629135356961477,merge,1.73043,1.60351,0.929364,0.785399,0.049558,5.18519,20064,20064,12969,10885,999,21,21
1789629135457667984,merge,1.72697,1.64061,0.94086,0.788954,0.050648,5.24173,19968,19968,13242,10968,1000,21,21
1789629135557619914,merge,1.71192,1.73041,0.934798,0.82984,0.047707,5.35042,19968,20064,12769,11119,1001,21,21
1789629135657687823,merge,1.74386,1.72771,0.942242,0.79212,0.045523,5.35527,20064,19968,13119,10978,1002,21,21
1789629135757643993,merge,1.78537,1.71881,0.95251,0.782291,0.04445,5.38658,20064,19968,13236,10854,1003,21,21
1789629135857603486,merge,1.69493,1.70671,0.953118,0.804465,0.048395,5.326,19872,19968,12906,10949,1004,21,21
1789629135956992137,merge,1.7783,1.73005,0.970009,0.797304,0.05205,5.43725,20064,20064,13446,10946,1005,21,21
1789629136057570649,merge,1.68859,1.57856,0.895012,0.790087,0.048875,5.08713,19968,19968,12899,10834,1006,21,21
1789629136156938630,merge,1.88481,1.72206,0.970303,0.795427,0.051256,5.55006,20064,20064,13280,11052,1007,21,21
1789629136257747898,merge,1.71283,1.65403,1.07353,0.790014,0.050902,5.3709,19872,19968,12939,11055,1008,21,21
1789629136357579346,merge,1.73265,1.57367,0.982001,0.780789,0.050555,5.20136,19968,19872,13369,10833,1009,21,21
1789629136457104720,merge,1.72485,1.66957,1.07977,0.808359,0.051705,5.43244,19968,20160,12895,10991,1010,21,21
1789629136557705497,merge,1.71534,1.59358,0.965582,0.789718,0.044454,5.19433,20064,19872,13053,10920,1011,21,21
1789629136656917756,merge,1.70289,1.65432,1.02236,0.787774,0.050158,5.3112,19872,19968,12993,10923,1012,21,21
1789629136757017967,merge,1.69548,1.61152,1.28656,0.933008,0.051993,5.66596,19968,19968,13092,10893,1013,21,21
1789629136857567988,merge,1.68747,1.63421,0.929486,0.804265,0.049067,5.19768,20064,20064,12712,10955,1014,21,21
1789629136957758650,merge,1.72489,1.64722,0.949993,0.794678,0.049929,5.25973,19968,19968,13211,10929,1015,21,21
1789629137057661468,merge,1.67824,1.57636,0.938988,0.773654,0.048703,5.09977,19872,20064,12854,10860,1016,21,21
1789629137157722937,merge,1.70161,1.5813,0.95201,0.780269,0.043817,5.14551,20064,19872,12898,10845,1017,21,21
1789629137256907301,merge,1.69808,1.69854,1.08489,0.808463,0.060514,5.44239,19968,20064,12989,11070,1018,21,21
1789629137357054660,merge,1.69921,1.58251,1.00265,0.792156,0.046925,5.20449,19968,19968,13068,10779,1019,21,21
1789629137457583448,merge,1.69559,1.69152,0.940318,0.798868,0.048361,5.26399,20064,20064,12712,10958,1020,21,21
1789629137557696241,merge,1.70103,1.59983,0.944987,0.801574,0.050221,5.18736,19968,19968,13115,10976,1021,21,21
1789629137656954357,merge,1.69801,1.63322,0.954382,0.787437,0.050627,5.21295,19968,20064,13102,10978,1022,21,21
1789629137757759634,merge,1.69851,1.60242,0.913535,0.774789,0.046033,5.12265,20064,19968,12819,10734,1023,21,21
1789629137857633400,merge,1.69692,1.58832,0.93378,0.777454,0.048606,5.12767,19968,19968,13097,10849,1024,21,21
1789629137957626808,merge,1.686,1.64136,0.937006,0.802043,0.049692,5.20883,19872,20064,12961,11037,1025,21,21
1789629138057713472,merge,1.71111,1.57398,0.958603,0.788989,0.047012,5.16388,20160,19968,13011,10802,1026,21,21
1789629138157614743,merge,1.68468,1.58963,0.926561,0.786788,0.049427,5.1202,19872,20064,12960,10935,1027,21,21
1789629138257634729,merge,1.71219,1.6147,0.994233,0.803106,0.046317,5.2751,20064,19968,13248,10955,1028,21,21
1789629138357759889,merge,1.69826,1.59077,0.945662,0.780073,0.050861,5.15356,19968,19968,12716,10879,1029,21,21
1789629138457669881,merge,1.7293,1.57894,0.969209,0.786559,0.047111,5.19844,20064,19968,13172,10825,1030,21,21
1789629138556994154,merge,1.71018,1.60276,0.955288,0.790842,0.043904,5.18686,20064,19968,13093,10979,1031,21,21
1789629138657597943,merge,1.74408,1.64901,0.933286,0.79455,0.055946,5.27572,19968,20064,12753,10959,1032,21,21
1789629138757706319,merge,1.6993,1.57376,0.950794,0.780653,0.049643,5.14086,19968,19968,12938,10720,1033,21,21
1789629138857619449,merge,1.69776,1.59842,0.970101,0.798186,0.049712,5.20419,19872,20064,13038,10991,1034,21,21
1789629138957797726,merge,2.39359,1.59832,0.929582,0.796079,0.043249,5.86875,20160,19968,12718,10961,1035,21,21
1789629139057661574,merge,1.71377,1.59557,0.956168,0.787265,0.050396,5.18694,19968,19968,13150,10862,1036,21,21
1789629139156961339,merge,1.69413,1.59007,0.934364,0.787711,0.050333,5.14593,19968,20064,12971,10926,1037,21,21
1789629139257776173,merge,1.7089,1.59941,0.935031,0.795508,0.045858,5.17398,20064,19968,12817,11013,1038,21,21
1789629139357644288,merge,1.71123,1.59959,0.959692,0.801528,0.049801,5.2126,19968,19968,13067,10968,1039,21,21
1789629139457631227,merge,1.72208,1.58427,0.956849,0.782836,0.052478,5.18183,20064,20064,13167,10870,1040,21,21
1789629139557675633,merge,1.71282,1.5793,0.92528,0.793815,0.048765,5.14411,19968,19968,12763,10762,1041,21,21
1789629139657655119,merge,1.70519,1.60223,0.958466,0.788515,0.044515,5.186,20064,19968,13180,10880,1042,21,21
1789629139757623086,merge,1.70848,1.59793,0.935355,0.793618,0.049487,5.17119,19872,20064,13061,10934,1043,21,21
1789629139857685760,merge,1.70049,1.5738,0.929631,0.78292,0.043687,5.11551,20064,19968,12780,10878,1044,21,21
1789629139957601838,merge,1.74441,1.61726,0.959203,0.790077,0.052127,5.25842,20064,20064,13285,11034,1045,21,21
1789629140057787904,merge,1.72074,1.59881,0.933175,0.775183,0.052789,5.16636,19968,19968,12955,10923,1046,21,21
1789629140157659483,merge,1.73164,1.57157,0.94552,0.791644,0.041946,5.17651,20064,19968,12993,10832,1047,21,21
1789629140257632681,merge,1.69537,1.59069,0.944022,0.791477,0.050517,5.17104,19968,19968,12989,10937,1048,21,21
1789629140357607564,merge,1.71448,1.60499,0.94152,0.804255,0.049737,5.20541,19968,20064,13029,10957,1049,21,21
1789629140457694884,merge,1.70699,1.57816,0.935044,0.787908,0.046104,5.14476,20064,19968,12826,10737,1050,21,21
1789629140557624388,merge,1.71641,1.59254,0.970199,0.773853,0.049737,5.19123,19968,20064,13171,10882,1051,21,21
1789629140657746602,merge,1.70061,1.58899,0.917116,0.798221,0.050118,5.1439,19968,19872,12777,10900,1052,21,21
1789629140756940696,merge,1.72181,1.60498,0.941889,0.797348,0.062466,5.22139,20064,20064,13000,10960,1053,21,21
1789629140857011516,merge,1.69704,1.58855,0.93796,0.788002,0.053375,5.15028,19968,20064,12938,10891,1054,21,21
1789629140957757921,merge,1.71435,1.59685,0.918053,0.780482,0.044278,5.14404,20064,19968,12863,10970,1055,21,21
1789629141057704306,merge,1.69122,1.60079,0.943285,0.778839,0.047408,5.14317,19968,19968,12942,10973,1056,21,21
1789629141157622285,merge,1.69751,1.58961,0.964538,0.799833,0.048258,5.1867,19968,20064,13093,10933,1057,21,21
1789629141257750276,merge,1.74336,1.58763,0.934696,0.779631,0.049006,5.18425,19968,19968,12755,10814,1058,21,21
1789629141357675996,merge,1.71441,1.59788,0.955881,0.782548,0.042903,5.1827,20064,19968,13115,10897,1059,21,21
1789629141457675915,merge,1.71066,1.58518,0.962345,0.784001,0.050661,5.18075,19968,19968,13137,10791,1060,21,21
1789629141556934470,merge,1.69103,1.59156,0.922882,0.797765,0.050445,5.13873,19968,20064,12748,10985,1061,21,21
1789629141657707861,merge,1.6971,1.59634,0.958007,0.785591,0.049816,5.16943,19968,19968,13133,11017,1062,21,21
1789629141756902621,merge,1.70433,1.60534,0.962269,0.794467,0.051153,5.20166,20064,20064,13149,10978,1063,21,21
1789629141857774904,merge,1.7126,1.58572,0.932629,0.787052,0.04781,5.15059,20064,19968,12894,10851,1064,21,21
1789629141957688374,merge,1.69631,1.58565,0.961158,0.798806,0.051045,5.17602,19968,19968,13081,10892,1065,21,21
1789629142057631243,merge,1.70948,1.61747,0.949077,0.799794,0.049494,5.20506,19968,20064,13162,11101,1066,21,21
1789629142157707130,merge,1.69665,1.59831,0.938535,0.782069,0.043591,5.146,20064,19968,12702,10808,1067,21,21
1789629142257645315,merge,1.71402,1.58498,0.985604,0.785513,0.048378,5.20146,19968,19968,13147,10754,1068,21,21
1789629142356923871,merge,1.69267,1.61198,0.950117,0.803673,0.048719,5.19746,19968,20064,12957,11003,1069,21,21
1789629142457712272,merge,1.69919,1.59623,0.927898,0.773972,0.049458,5.1372,19968,19968,12756,10934,1070,21,21
1789629142557631425,merge,1.71658,1.5977,0.966983,0.812805,0.048599,5.23953,20064,20064,13042,10969,1071,21,21
1789629142657645810,merge,1.71487,1.59668,0.944633,0.787093,0.050458,5.17939,20064,19968,13129,10801,1072,21,21
1789629142757682088,merge,2.51308,2.41178,1.30781,1.12823,0.081997,7.61735,20064,19968,12739,10969,1073,21,21
1789629142857634828,merge,2.54442,2.38968,1.34503,1.12959,0.108677,7.68359,19968,20064,13115,11026,1074,21,21
1789629142957737604,merge,1.75381,1.58376,0.938767,0.799086,0.049408,5.23165,19968,19968,12829,10916,1075,21,21
1789629143057687554,merge,2.53419,2.38488,1.33143,1.13696,0.08339,7.63166,20064,19968,12934,11003,1076,21,21
1789629143157648980,merge,2.51503,2.40757,1.23063,0.826126,0.052496,7.1982,19872,20064,13019,10871,1077,21,21
1789629143257631879,merge,1.70699,1.58502,0.946699,0.775209,0.047182,5.14757,20064,19968,13030,10876,1078,21,21
1789629143357685400,merge,1.70801,1.58462,0.948445,0.790032,0.048898,5.16038,19968,19968,12895,10896,1079,21,21
1789629143456918926,merge,1.69435,1.6111,0.941663,0.811581,0.049477,5.19095,19968,20064,13060,11076,1080,21,21
1789629143557660074,merge,1.71147,1.59498,0.964548,0.801852,0.046899,5.20698,20064,19968,13108,10904,1081,21,21
1789629143656917729,merge,1.69947,1.58129,0.953875,0.786654,0.048121,5.15146,19968,19968,12877,10859,1082,21,21
1789629143757646164,merge,1.71745,1.61788,0.986272,0.808923,0.052345,5.26647,20064,20064,13244,11083,1083,21,21
1789629143857747362,merge,1.71698,1.60622,0.928013,0.795275,0.042935,5.1808,20064,19968,12866,10919,1084,21,21
1789629143957675011,merge,1.70396,1.59215,0.965403,0.809354,0.054907,5.21218,19968,19968,13069,10963,1085,21,21
1789629144057028786,merge,1.69936,1.59775,0.963289,0.793389,0.05447,5.19092,19968,19968,12997,10994,1086,21,21
1789629144157000838,merge,1.70006,1.61825,0.945485,0.787632,0.050078,5.18981,19968,20064,12904,11011,1087,21,21
1789629144256929283,merge,1.71805,1.61342,0.943523,0.988413,0.056408,5.41503,20064,19968,12907,10969,1088,21,21
1789629144356997449,merge,1.70673,1.59023,0.988693,0.886846,0.052276,5.30679,19968,20064,13167,10940,1089,21,21
1789629144457744082,merge,1.6788,1.61261,0.924765,0.808991,0.048771,5.15626,19968,19968,12682,11052,1090,21,21
1789629144556963023,merge,1.70896,1.66485,0.914039,0.801971,0.054492,5.23355,19968,20064,13005,11052,1091,21,21
1789629144657779437,merge,1.70056,1.60197,0.957609,0.798652,0.050493,5.19624,19968,19968,13021,10968,1092,21,21
1789629144857698885,merge,1.71623,1.61721,1.02968,1.28947,0.066368,5.81055,19968,19968,13054,11104,1093,22,22
1789629144957660427,merge,1.70044,1.61463,0.952666,0.803973,0.052059,5.21017,19872,20064,13012,11052,1094,22,22
1789629145057728616,merge,1.71523,1.59719,0.954269,0.783953,0.045235,5.18413,20160,19968,12960,10946,1095,22,22
1789629145157041157,merge,1.70668,1.61379,0.973136,0.84617,0.057643,5.28859,19872,20064,13014,11010,1096,22,22
1789629145257840766,merge,1.72734,1.61874,0.979636,0.810921,0.045865,5.27102,20064,19968,13252,11077,1097,22,22
1789629145357744600,merge,1.7072,1.59865,0.954228,0.802362,0.045131,5.19554,20064,19968,12804,10939,1098,22,22
1789629145457001830,merge,1.72656,1.59532,0.962731,0.79201,0.053252,5.21602,19968,19968,13199,10963,1099,22,22
1789629145557044165,merge,1.71507,1.60667,0.994388,0.876197,0.058042,5.3355,19968,20064,13158,11012,1100,22,22
1789629145657767308,merge,1.68407,1.60606,0.943942,0.829314,0.053429,5.20243,20064,19968,12834,10992,1101,22,22
1789629145757739814,merge,1.74562,1.59419,0.987618,0.80576,0.055328,5.27466,19872,20064,13471,10982,1102,22,22
1789629145857811525,merge,1.69985,1.60301,0.954746,0.786383,0.044082,5.17449,20064,19968,12855,10933,1103,22,22
1789629145957751880,merge,1.7391,1.6025,0.958246,0.794116,0.050578,5.23299,19968,19872,13171,10945,1104,22,22
1789629146056955385,merge,1.72103,1.59377,0.94715,0.782283,0.049576,5.18695,20064,20064,13079,10822,1105,22,22
1789629146157013487,merge,1.72305,1.58538,0.972995,0.782927,0.042819,5.19314,20064,19968,13101,10837,1106,22,22
1789629146257466319,merge,1.70381,1.60638,0.963228,0.816636,0.049238,5.22854,19968,20064,12914,11025,1107,22,22
1789629146357730809,merge,1.72801,1.60633,0.959135,0.799066,0.049461,5.23182,19968,19968,13168,10995,1108,22,22
1789629146457755584,merge,1.70209,1.58562,0.962216,0.801622,0.048705,5.18442,19776,19968,12937,10846,1109,22,22
1789629146556948467,merge,1.70573,1.60457,0.947158,0.798232,0.050805,5.19741,20256,20064,12965,11010,1110,22,22
1789629146657359992,merge,2.07271,1.73861,0.906674,0.779447,0.057372,5.66339,19872,19872,12930,10965,1111,22,22
1789629146757672634,merge,1.70211,1.5957,0.947339,0.785078,0.048843,5.16684,19776,20064,13056,11017,1112,22,22
1789629146857864985,merge,1.70117,1.59545,0.941266,0.774911,0.050977,5.15137,19968,19968,12926,10885,1113,22,22
1789629147057672950,merge,1.94943,1.612,0.975713,0.787508,0.051708,5.47059,19872,20064,13082,10807,1114,23,23
1789629147157817958,merge,1.70139,1.58563,0.966997,0.775392,0.049653,5.16577,19968,19968,13069,10822,1115,23,23
1789629147256974896,merge,1.71005,1.59652,1.08259,0.794262,0.048501,5.31809,20064,19968,12938,11009,1116,23,23
1789629147356986461,merge,1.69917,1.60694,0.925938,0.799301,0.050142,5.15696,19968,19968,13073,10998,1117,23,23
1789629147457003122,merge,1.72188,1.57723,0.914739,0.77703,0.05053,5.12655,20064,20064,13102,10856,1118,23,23
1789629147557749743,merge,1.69715,1.5966,0.905645,0.760575,0.050355,5.08957,19872,20064,12716,10972,1119,23,23
1789629147657791678,merge,1.71719,1.60169,0.953549,0.798314,0.049896,5.20458,19968,19968,13172,11007,1120,23,23
1789629147757805199,merge,1.7166,1.60494,0.940148,0.791034,0.046055,5.18881,20064,19968,13065,10883,1121,23,23
1789629147857738261,merge,1.69002,1.5935,0.919472,0.77411,0.050669,5.11353,19968,20064,12817,10834,1122,23,23
1789629147957847565,merge,1.71236,1.7108,0.910601,0.783556,0.048305,5.25187,19968,19968,12992,10895,1123,23,23
1789629148057749467,merge,1.70801,1.60826,0.946087,0.772033,0.043832,5.16901,20064,19968,13224,10930,1124,23,23
1789629148156931162,merge,1.69237,1.58275,0.896962,0.786032,0.04065,5.09059,20064,19968,12682,10803,1125,23,23
1789629148257013749,merge,1.69173,1.60826,0.968416,0.804567,0.049959,5.21061,19872,20064,13039,11050,1126,23,23
1789629148357002080,merge,1.6929,1.60902,0.954832,0.763853,0.044227,5.15164,20064,19968,13003,10938,1127,23,23
1789629148456963249,merge,1.74299,1.577,0.934909,0.782434,0.041784,5.16466,20064,19968,12829,10781,1128,23,23
1789629148556960337,merge,1.69219,1.59329,0.952475,0.8067,0.048906,5.17575,19968,20064,12946,10998,1129,23,23
1789629148657770565,merge,1.72121,1.59583,0.958245,0.802272,0.043197,5.20434,20064,19968,13053,10961,1130,23,23
1789629148757708884,merge,1.73066,1.62971,0.911483,0.790196,0.049816,5.20144,19968,19968,12885,10846,1131,23,23
1789629148856917634,merge,1.72295,1.60982,0.953385,0.794419,0.04784,5.22615,19872,20064,13015,10736,1132,23,23
1789629148957799071,merge,1.71938,1.59125,0.965098,0.789026,0.04452,5.19598,20160,19968,13157,10913,1133,23,23
1789629149057692862,merge,1.69679,1.61727,0.945325,0.827495,0.049101,5.22375,19968,19968,12851,10965,1134,23,23
1789629149157007854,merge,1.71281,1.58692,0.967419,0.791126,0.050079,5.19033,19968,20064,13160,10943,1135,23,23
1789629149257702604,merge,1.7218,1.57295,0.937668,0.785271,0.046543,5.14799,20064,19968,12957,10817,1136,23,23
1789629149357729938,merge,1.70168,1.6073,0.973686,0.802451,0.052611,5.2222,19968,20064,12941,11038,1137,23,23
1789629149457763679,merge,1.70772,1.59499,0.968448,0.795208,0.05267,5.20641,19968,19968,13066,10855,1138,23,23
1789629149557734548,merge,1.72225,1.58461,0.939778,0.773016,0.044416,5.1546,20064,19968,13018,10863,1139,23,23
1789629149657707971,merge,1.69962,1.60347,0.939235,0.794599,0.050051,5.17096,19968,20064,12850,10940,1140,23,23
1789629149757810833,merge,1.73037,1.62186,0.956963,0.80363,0.05917,5.26609,19968,19968,13130,10865,1141,23,23
1789629149857762099,merge,1.7033,1.58369,0.941971,0.783911,0.04865,5.15517,19968,20064,12784,10890,1142,23,23
1789629149957901113,merge,1.71368,1.58615,0.966961,0.802713,0.04633,5.2016,20064,19968,13033,10897,1143,23,23
1789629150057786281,merge,1.71327,1.60416,0.958272,0.81325,0.039602,5.22189,20064,19968,13022,11001,1144,23,23
1789629150157739695,merge,1.70023,1.58482,0.937358,0.788985,0.048705,5.1426,19968,19968,12813,10816,1145,23,23
1789629150256951156,merge,1.69849,1.60163,0.933821,0.771034,0.049002,5.15238,19968,20064,12903,10948,1146,23,23
1789629150357766804,merge,1.70229,1.59983,0.983584,0.812783,0.054986,5.23906,19968,19968,13129,10954,1147,23,23
1789629150456945636,merge,1.70189,1.60933,0.932776,0.813628,0.056752,5.20101,20064,20064,12738,10984,1148,23,23
1789629150557905006,merge,1.69917,1.57172,1.02232,0.773812,0.052389,5.2048,19968,19968,13054,10749,1149,23,23
1789629150657773259,merge,1.70955,1.57109,0.979868,0.790143,0.042244,5.17831,20064,19872,13216,10784,1150,23,23
1789629150857894679,merge,1.71872,1.58113,0.966904,0.789623,0.049568,5.19083,20064,19872,13200,10759,1151,23,23
1789629150956978952,merge,1.71935,1.60243,0.961612,0.794422,0.048952,5.2235,19968,20064,13078,10949,1152,23,23
1789629151056936714,merge,1.70146,1.5997,0.951731,0.834135,0.055134,5.22966,19968,20064,12811,11051,1153,23,23
1789629151157852492,merge,1.71603,1.59453,0.967987,0.794839,0.046939,5.21581,20064,19968,13173,10930,1154,23,23
1789629151257821192,merge,1.69596,1.58061,0.968222,0.795375,0.05076,5.17502,19968,19968,13114,10859,1155,23,23
1789629151356972083,merge,1.68528,1.60114,0.936413,0.806174,0.049331,5.16579,19968,20064,12654,10937,1156,23,23
1789629151457891147,merge,1.71513,1.59164,0.977007,0.796181,0.048289,5.22553,20064,19872,13186,10896,1157,23,23
1789629151556932372,merge,1.69998,1.60486,0.944123,0.779657,0.050088,5.16048,19968,20064,12924,10762,1158,23,23
1789629151656964059,merge,1.70154,1.58206,0.94946,0.797876,0.048849,5.16708,20064,19968,12880,10872,1159,23,23
1789629151756988168,merge,1.68677,1.60122,0.94202,0.789841,0.051984,5.15897,19968,19968,12979,11001,1160,23,23
1789629151856921614,merge,1.69724,1.60417,0.939929,0.802435,0.050917,5.17812,19968,20064,13001,10995,1161,23,23
1789629151956960826,merge,1.69497,1.58509,0.926877,0.788439,0.049208,5.13109,19968,20064,12686,10894,1162,23,23
1789629152057808453,merge,1.71738,1.5828,0.965199,0.800087,0.046256,5.19612,20064,19968,13213,10977,1163,23,23
1789629152157816982,merge,1.72786,1.63926,0.932383,0.787117,0.049667,5.22246,19968,19968,12818,10979,1164,23,23
1789629152256939252,merge,1.7384,1.60986,0.937312,0.793333,0.047216,5.22392,20064,19968,12984,10891,1165,23,23
1789629152356902424,merge,1.72288,1.62306,0.946785,0.76818,0.051198,5.20267,19968,20064,12969,10830,1166,23,23
1789629152456965761,merge,1.73817,1.64523,0.920629,0.790781,0.048473,5.23589,20064,19968,12913,10966,1167,23,23
1789629152557058533,merge,1.72455,1.62935,0.94075,0.786802,0.051702,5.22573,19968,20064,13027,10938,1168,23,23
1789629152657791848,merge,1.73607,1.61679,0.964924,0.779239,0.048832,5.23709,20064,19968,13172,10851,1169,23,23
1789629152757081946,merge,1.73544,1.62905,0.927678,0.793461,0.049433,5.22562,19968,19968,12834,10989,1170,23,23
1789629152856918391,merge,1.73736,1.63644,0.951156,0.774213,0.049749,5.23591,20064,20064,13080,10968,1171,23,23
1789629152957796864,merge,1.74786,1.61156,0.943877,0.784872,0.054081,5.23409,19968,19968,13169,10927,1172,23,23
1789629153057735335,merge,1.73101,1.61407,0.910719,0.784931,0.05091,5.18403,19968,19968,12720,10904,1173,23,23
1789629153156926611,merge,1.75362,1.65618,0.951356,0.790741,0.054653,5.29747,19968,20064,13141,11104,1174,23,23
1789629153257769955,merge,1.73621,1.62696,0.933188,0.774893,0.050334,5.21552,19968,19968,12987,10827,1175,23,23
1789629153356958021,merge,1.75398,1.63657,0.936167,0.786243,0.050991,5.25785,20064,20064,12895,10878,1176,23,23
1789629153457749458,merge,1.73265,1.62705,0.927477,0.785136,0.05004,5.21597,20064,19968,13061,10962,1177,23,23
1789629153557822310,merge,1.74267,1.62075,0.944485,0.787015,0.055382,5.24235,19968,19968,13123,10910,1178,23,23
1789629153657041705,merge,2.5078,2.34881,1.31124,1.11692,0.102873,7.54828,19968,19968,12579,10894,1179,23,23
1789629153756928326,merge,2.55809,2.37581,1.35603,0.983899,0.054408,7.49216,20064,20064,13231,10978,1180,23,23
1789629153857764909,merge,1.72037,1.63815,0.931502,0.792933,0.051637,5.22665,19872,20064,12854,11079,1181,23,23
1789629153957936698,merge,1.74082,1.62016,0.938928,0.766328,0.048317,5.21277,20064,19968,12853,10893,1182,23,23
1789629154057800128,merge,1.70734,1.6062,0.941959,0.768807,0.051791,5.16629,19968,19968,12995,10950,1183,23,23
1789629154157783137,merge,1.74949,1.64044,0.975908,0.799985,0.051738,5.3063,20064,19872,13153,10996,1184,23,23
1789629154256980612,merge,1.72635,1.64391,0.922285,0.780627,0.044602,5.20948,20064,20064,12820,10998,1185,23,23
1789629154357075274,merge,1.71878,1.59824,0.961889,0.796434,0.049585,5.21429,19968,20064,13119,10965,1186,23,23
1789629154457779431,merge,1.71405,1.59611,0.975584,0.796861,0.050299,5.21858,19968,19968,13148,11055,1187,23,23
1789629154556920202,merge,1.70637,1.61752,0.943129,0.803025,0.051662,5.20389,19968,20064,12727,11080,1188,23,23
1789629154657806393,merge,1.72229,1.60677,0.969198,0.806858,0.054427,5.24645,19968,19968,13216,11037,1189,23,23
1789629154756974356,merge,1.7343,1.6208,0.976745,0.797428,0.047096,5.27546,20064,19968,13098,10933,1190,23,23
1789629154856954562,merge,1.71099,1.61186,0.936056,0.801214,0.049255,5.19514,19968,20064,12843,11074,1191,23,23
1789629154957869094,merge,1.72004,1.60925,0.961781,0.795745,0.049461,5.22367,20064,19968,13199,11072,1192,23,23
1789629155057820662,merge,1.71102,1.59417,0.953865,0.796523,0.050351,5.18894,19968,19968,13096,10920,1193,23,23
1789629155156971897,merge,1.69377,1.60911,0.938116,0.798225,0.05082,5.17184,19968,20064,12690,11055,1194,23,23
1789629155257826276,merge,1.72716,1.60833,0.967595,0.795463,0.048389,5.23057,20064,19968,13326,11040,1195,23,23
1789629155357827234,merge,1.70738,1.60011,0.949111,0.807103,0.047093,5.20119,20064,19968,12895,11014,1196,23,23
1789629155457072682,merge,1.69109,1.59316,0.923297,0.786977,0.050018,5.12754,19872,20064,12846,10909,1197,23,23
1789629155557821388,merge,1.72855,1.58664,0.961619,0.780479,0.047731,5.18974,20064,19872,13266,10961,1198,23,23
1789629155657002162,merge,1.69933,1.6095,0.938589,0.805031,0.048591,5.18379,19968,20064,12894,11066,1199,23,23
1789629155757001948,merge,1.72651,1.58768,0.949855,0.786706,0.049587,5.19071,20064,19968,13103,10909,1200,23,23
1789629155856978432,merge,1.71219,1.59095,0.971822,0.789293,0.048096,5.20053,20064,20064,13062,10950,1201,23,23
1789629155957830800,merge,1.68974,1.60401,0.935818,0.79768,0.050167,5.16647,19872,19968,12901,11046,1202,23,23
1789629156056966464,merge,1.71703,1.6008,0.957678,0.79161,0.050809,5.20592,19968,20064,13100,10930,1203,23,23
1789629156157893841,merge,1.71347,1.57048,0.96191,0.778931,0.046364,5.15185,20064,19872,13118,10816,1204,23,23
1789629156256982565,merge,1.7312,1.59958,0.964336,0.792858,0.047894,5.21364,20064,19968,13224,10900,1205,23,23
1789629156357087459,merge,1.70235,1.60929,0.952581,0.806027,0.046955,5.19712,20064,20064,13113,10990,1206,23,23
1789629156457138833,merge,1.7101,1.58528,0.950697,0.792944,0.050275,5.17709,19776,19968,13084,10814,1207,23,23
1789629156657040476,merge,1.70286,1.60748,0.946493,0.821394,0.050234,5.2128,19872,20064,12983,11004,1208,25,25
1789629156757795721,merge,1.69189,1.58316,0.975361,0.796822,0.048592,5.18348,19776,19968,13021,10892,1209,25,25
1789629156857822051,merge,1.70777,1.5801,0.961571,0.787758,0.049133,5.17166,19968,19968,13175,10884,1210,25,25
1789629156957797841,merge,1.69737,1.59966,0.958863,0.801113,0.044789,5.18732,20160,19968,12876,10944,1211,25,25
1789629157057041953,merge,1.7046,1.60799,0.962443,0.80194,0.05029,5.21341,19872,20064,13116,10960,1212,25,25
1789629157157857992,merge,1.70747,1.57278,0.951399,0.775589,0.050146,5.13739,19968,19968,12991,10734,1213,25,25
1789629157256923597,merge,1.70416,1.62449,0.936133,0.781725,0.04282,5.17678,20064,19968,12917,10877,1214,25,25
1789629157357028535,merge,1.68525,1.59276,0.944231,0.784425,0.050705,5.14385,19968,19968,12886,10845,1215,25,25
1789629157457035176,merge,1.72379,1.57317,0.962715,0.774272,0.049247,5.16928,19968,19968,13151,10780,1216,25,25
1789629157556949286,merge,1.69034,1.58929,0.934073,0.786511,0.048813,5.13001,20064,20064,12727,10978,1217,25,25
1789629157657111268,merge,1.70209,1.60182,0.964586,0.803836,0.053338,5.20985,19968,20064,13051,10984,1218,25,25
1789629157757790068,merge,1.6913,1.58047,0.95633,0.805748,0.049313,5.17317,19968,19968,12931,10783,1219,25,25
1789629157856984619,merge,1.70722,1.62924,0.940186,0.774123,0.053618,5.19156,19968,19968,12939,10870,1220,25,25
1789629157956927359,merge,1.69751,1.60442,0.93802,0.804959,0.05331,5.18724,20064,20064,12912,11040,1221,25,25
1789629158056971750,merge,1.70611,1.59217,0.967358,0.779545,0.050313,5.1832,19968,19968,13119,10814,1222,25,25
1789629158156993673,merge,1.70845,1.57115,0.942338,0.788044,0.043481,5.13946,20064,19968,12922,10751,1223,25,25
1789629158256913199,merge,1.71298,1.59427,0.950553,0.789287,0.052188,5.19032,19968,19968,12993,10896,1224,25,25
1789629158356992745,merge,1.71333,1.60614,0.968556,0.807662,0.050688,5.23023,19968,20064,13180,11028,1225,25,25
1789629158457009419,merge,1.69304,1.58029,0.940362,0.794687,0.0486,5.14216,19968,20064,12806,10883,1226,25,25
1789629158557801907,merge,1.71268,1.58555,0.969754,0.79424,0.049376,5.20003,20064,19968,13131,10823,1227,25,25
1789629158656965175,merge,1.70684,1.60376,0.949202,0.789521,0.052536,5.19758,19968,19968,13096,10953,1228,25,25
1789629158756987654,merge,1.71731,1.59477,0.929866,0.799034,0.050671,5.18138,19968,20064,12871,10936,1229,25,25
1789629158857848828,merge,1.71277,1.57995,0.96034,0.778245,0.047849,5.17153,20064,19872,12980,10739,1230,25,25
1789629158956986660,merge,1.69744,1.62061,0.942607,0.80348,0.050653,5.20952,19968,20160,13174,10920,1231,25,25
1789629159057983658,merge,1.69865,1.60209,0.934439,0.788841,0.04972,5.16812,19968,19968,12721,10884,1232,25,25
1789629159157899855,merge,1.72441,1.56603,0.971032,0.789355,0.043709,5.1858,20064,19872,13121,10715,1233,25,25
1789629159256917984,merge,1.70454,1.58666,0.938233,0.800572,0.050569,5.17133,20064,20064,13048,10967,1234,25,25
1789629159357071655,merge,1.71757,1.60695,0.938717,0.809571,0.0493,5.21333,19968,20064,12755,11013,1235,25,25
1789629159457880850,merge,1.70298,1.60017,0.954089,0.801946,0.044507,5.19183,20064,19968,13060,10874,1236,25,25
1789629159557133271,merge,1.71558,1.57697,0.964877,0.796457,0.049541,5.18774,19968,19968,13149,10875,1237,25,25
1789629159656965323,merge,1.7012,1.59963,0.919071,0.790027,0.050109,5.14776,19968,19968,12565,11025,1238,25,25
1789629159756956761,merge,1.72091,1.62085,0.970083,0.802555,0.05144,5.27726,20064,20064,13207,10987,1239,25,25
1789629159857130471,merge,1.68676,1.63473,0.967515,0.776147,0.052776,5.21174,19968,19968,13041,10723,1240,25,25
1789629159956998558,merge,1.72676,1.6013,0.937806,0.790589,0.049807,5.19461,19968,20064,12740,10880,1241,25,25
1789629160057863559,merge,1.72007,1.60535,0.957849,0.801207,0.045161,5.21454,20064,19968,13233,10961,1242,25,25
1789629160157032417,merge,2.56545,2.35367,1.3393,1.10887,0.104311,7.63498,19968,19968,13032,10823,1243,25,25
1789629160256930142,merge,2.44287,1.58405,0.93221,0.790473,0.044913,5.88958,20064,20064,12924,10870,1244,25,25
1789629160357831264,merge,1.70088,1.59784,0.954561,0.781169,0.049131,5.17544,19968,19968,13043,10972,1245,25,25
1789629160456996180,merge,1.72815,1.59709,0.944184,0.809993,0.053653,5.21936,19968,19968,13106,10936,1246,25,25
1789629160556939743,merge,1.71618,1.5793,0.94199,0.791724,0.054763,5.17552,20064,20064,12860,10868,1247,25,25
1789629160657859663,merge,1.70184,1.58134,0.966885,0.790908,0.051499,5.1762,19968,19968,13179,10801,1248,25,25
1789629160756967053,merge,1.71379,1.60682,0.941563,0.7828,0.049071,5.18504,19968,19968,12890,10886,1249,25,25
1789629160856964348,merge,1.70574,1.59534,0.953814,0.802843,0.050988,5.19591,20064,20064,12983,10853,1250,25,25
1789629160957899033,merge,1.7109,1.57889,0.946944,0.801011,0.049379,5.17669,19968,19968,13016,10840,1251,25,25
1789629161056978750,merge,1.7209,1.61089,0.974075,0.81246,0.046738,5.26695,20064,19968,12954,11029,1252,25,25
1789629161157120697,merge,1.67973,1.59767,0.948606,0.786638,0.04932,5.14804,19968,20064,12849,10901,1253,25,25
1789629161257018191,merge,1.70603,1.58895,0.939556,0.798443,0.04877,5.16728,19968,19968,13107,10838,1254,25,25
1789629161356924141,merge,1.69275,1.60483,0.913286,0.824029,0.049991,5.17479,19968,20064,12660,11026,1255,25,25
1789629161457862796,merge,1.7087,1.59765,0.956193,0.798336,0.040803,5.18424,20064,19968,13097,10955,1256,25,25
1789629161557872327,merge,1.73332,1.57658,0.950426,0.792423,0.043754,5.16789,20064,19968,13087,10735,1257,25,25
1789629161657110046,merge,1.7109,1.58919,0.929414,0.777813,0.048221,5.14791,19872,20064,12691,10736,1258,25,25
1789629161757932429,merge,1.69894,1.60514,0.947497,0.799866,0.048932,5.18723,20064,19968,13065,10976,1259,25,25
1789629161857861556,merge,1.71015,1.60925,0.99182,0.795093,0.044999,5.24471,20064,19968,13186,10917,1260,25,25
1789629161957108856,merge,1.70692,1.58093,0.92505,0.786963,0.049968,5.14101,19968,19968,12701,10839,1261,25,25
1789629162056961085,merge,1.69184,1.5921,0.959923,0.808962,0.051455,5.19119,19968,20064,13047,10933,1262,25,25
1789629162156960532,merge,1.72574,1.60313,0.965718,0.801419,0.042955,5.22364,20064,19968,13269,10936,1263,25,25
1789629162257037723,merge,1.69057,1.58334,0.930591,0.78821,0.047368,5.13374,19968,19968,12667,10835,1264,25,25
1789629162357013127,merge,1.71236,1.59529,0.958256,0.789907,0.049604,5.19205,20064,20064,13267,10964,1265,25,25
1789629162457116829,merge,1.70948,1.60929,0.966029,0.807299,0.05063,5.2591,19968,19968,13072,10962,1266,25,25
1789629162557050440,merge,1.69678,1.60358,0.964681,0.78755,0.048797,5.18496,19968,19968,12736,10865,1267,25,25
1789629162656928459,merge,1.70511,1.60638,0.951499,0.792706,0.049769,5.19564,19968,20160,12961,10884,1268,25,25
1789629162757946251,merge,1.71319,1.58973,0.960418,0.788825,0.046843,5.18726,20064,19968,13206,10923,1269,25,25
1789629162857973431,merge,1.69646,1.59625,0.953638,0.778965,0.050074,5.16995,19968,19872,12630,10939,1270,25,25
1789629162956946373,merge,1.71486,1.59437,0.961074,0.801581,0.050191,5.21089,20064,20064,13262,10921,1271,25,25
1789629163057065099,merge,1.69327,1.58238,0.933484,0.792023,0.052101,5.13585,20064,20064,12875,10883,1272,25,25
1789629163157927660,merge,1.69624,1.61164,0.930376,0.809444,0.051789,5.18471,19968,19968,12929,11030,1273,25,25
1789629163257134021,merge,1.68162,1.60049,0.944732,0.804983,0.050495,5.1685,19968,19968,12915,10979,1274,25,25
1789629163357068536,merge,1.72109,1.58564,0.942118,0.797422,0.04642,5.18677,20064,19968,13015,10924,1275,25,25
1789629163457060515,merge,1.6871,1.58865,0.922999,0.798581,0.049892,5.14088,19968,19968,12784,10852,1276,25,25
1789629163557053018,merge,1.70459,1.61614,0.950276,0.789418,0.048911,5.19239,19968,20064,13123,10950,1277,25,25
1789629163656991970,merge,1.7169,1.5951,0.969327,0.80844,0.049467,5.22699,20064,20064,12998,10925,1278,25,25
1789629163757925216,merge,1.69431,1.58343,0.943358,0.790287,0.049103,5.14671,19968,19872,12887,10893,1279,25,25
1789629163857015602,merge,1.71398,1.61207,0.961279,0.81467,0.050347,5.23656,19968,20064,13138,11063,1280,25,25
1789629163956987850,merge,1.70046,1.60155,0.943884,0.817716,0.048146,5.19388,20064,20064,12910,10952,1281,25,25
1789629164057905480,merge,1.71772,1.58717,0.960773,0.805082,0.050932,5.21013,19968,19968,13042,10918,1282,25,25
1789629164157044350,merge,1.70898,1.5968,0.941962,0.804137,0.052327,5.19286,19968,19968,13095,10978,1283,25,25
1789629164256998237,merge,1.72067,1.61048,0.94015,0.800218,0.045062,5.20344,20064,19968,12970,11092,1284,25,25
1789629164357098059,merge,1.7063,1.61005,0.928503,0.803224,0.050546,5.1782,19968,20064,12924,11025,1285,25,25
1789629164457025467,merge,1.70459,1.58635,0.963518,0.799996,0.048654,5.18602,19968,19968,13195,10925,1286,25,25
1789629164557022783,merge,1.69788,1.61038,0.929133,0.801916,0.05033,5.17231,20064,20064,12800,11077,1287,25,25
1789629164657881116,merge,1.71007,1.60708,0.961986,0.809197,0.050488,5.2207,19968,19968,13066,11059,1288,25,25
1789629164757064553,merge,1.69633,1.59868,0.945546,0.79343,0.050733,5.16574,19968,19968,13017,10962,1289,25,25
1789629164857005707,merge,1.70212,1.60031,0.928324,0.805821,0.052081,5.1703,20064,20064,12916,11056,1290,25,25
1789629164957911055,merge,1.69585,1.61486,0.940383,0.800492,0.050829,5.18785,19968,19968,12906,11084,1291,25,25
1789629165057027965,merge,1.70842,1.60226,0.967193,0.797948,0.05072,5.20873,19968,19968,13166,11021,1292,25,25
1789629165157004616,merge,1.6956,1.58993,0.927545,0.795415,0.043686,5.13315,20064,19968,12779,10994,1293,25,25
1789629165257124287,merge,1.70413,1.6101,0.94992,0.807851,0.052247,5.20672,19968,20064,13063,11143,1294,25,25
1789629165357922858,merge,1.7168,1.61352,0.967054,0.806731,0.04568,5.23681,20064,19968,13204,11026,1295,25,25
1789629165457068698,merge,1.70368,1.5862,0.936517,0.798074,0.049571,5.16349,19968,20064,12778,10842,1296,25,25
1789629165557925463,merge,1.71047,1.58583,0.970724,0.782986,0.051526,5.18816,19968,19968,13205,10868,1297,25,25
1789629165656990992,merge,1.72738,1.59906,0.960663,0.804667,0.047502,5.22463,20064,19968,13154,10949,1298,25,25
1789629165757134290,merge,1.68789,1.60597,0.927411,0.787386,0.050791,5.14167,19968,19968,12858,10928,1299,25,25
1789629165857043822,merge,1.7517,1.58112,1.00956,0.791728,0.050459,5.27138,20064,19968,13512,10837,1300,25,25
1789629165957120791,merge,1.68057,1.59857,0.956036,0.801627,0.050644,5.16784,19968,20064,12871,11001,1301,25,25
1789629166057084409,merge,1.74027,1.60187,0.972194,0.801912,0.054296,5.2557,20064,19968,13289,10980,1302,25,25
1789629166157076333,merge,1.7028,1.59015,0.967546,0.791154,0.050201,5.18707,19872,20064,13066,10999,1303,25,25
1789629166257912079,merge,1.73783,1.59109,0.961948,0.781795,0.042919,5.20253,20064,19968,13291,10913,1304,25,25
1789629166357040108,merge,1.69027,1.60188,0.931985,0.796307,0.04403,5.14751,20064,19968,12836,10951,1305,25,25
1789629166457901399,merge,1.73682,1.58083,0.951003,0.784888,0.050825,5.19055,19776,19968,13180,10808,1306,25,25
1789629166557072129,merge,1.69895,1.58827,0.940427,0.792276,0.050418,5.15142,19872,20064,12961,10877,1307,25,25
1789629166757922544,merge,1.68378,1.57039,0.923055,0.782561,0.045931,5.08721,19776,19872,12776,10747,1308,26,26
1789629166856992334,merge,1.71027,1.58641,0.949079,0.79889,0.053022,5.18036,19872,20160,13097,10945,1309,26,26
1789629166957993163,merge,1.69359,1.59986,0.950267,0.807488,0.044683,5.17884,20064,19968,12935,10994,1310,26,26
1789629167057901888,merge,1.70138,1.5777,0.944145,0.78589,0.043936,5.13867,20064,19872,12905,10765,1311,26,26
1789629167157045149,merge,1.69291,1.59515,0.932512,0.812673,0.050475,5.16572,19872,20160,12863,10998,1312,26,26
1789629167258013801,merge,1.71137,1.59982,0.96188,0.798794,0.045081,5.1997,20064,19968,13178,10876,1313,26,26
1789629167357924634,merge,1.70785,1.59378,0.923823,0.772921,0.04856,5.13133,19968,19968,12758,10832,1314,26,26
1789629167456994754,merge,1.72161,1.56852,0.973913,0.78347,0.054232,5.18634,19968,19968,13144,10704,1315,26,26
1789629167557022434,merge,1.71457,1.59141,0.959264,0.796742,0.046342,5.19605,20064,19968,13095,10887,1316,26,26
1789629167657050170,merge,1.70325,1.60667,0.928095,0.807281,0.0514,5.18214,19968,20064,12795,11053,1317,26,26
1789629167757063772,merge,1.73985,1.62316,0.951903,0.792177,0.05128,5.2521,19968,20064,13155,10817,1318,26,26
1789629167857991569,merge,1.74009,1.60511,0.948232,0.788228,0.054304,5.22513,19968,19968,13043,10845,1319,26,26
1789629167957914845,merge,1.72402,1.60547,0.928241,0.799039,0.039961,5.19627,20064,19968,12907,11012,1320,26,26
1789629168057116340,merge,1.69296,1.60787,0.950317,0.785331,0.049724,5.16975,19872,20064,12984,11050,1321,26,26
1789629168158005377,merge,1.72035,1.58061,1.07832,0.795256,0.049579,5.31031,20160,19968,13271,10681,1322,26,26
1789629168257045204,merge,1.73196,1.60525,0.936032,0.788254,0.048395,5.20229,19968,19968,12669,10801,1323,26,26
1789629168357070172,merge,1.70877,1.60074,0.999567,0.803493,0.046273,5.24097,20064,19968,13226,10872,1324,26,26
1789629168457181148,merge,1.69476,1.58838,0.950509,0.797995,0.052374,5.16693,19968,20064,12919,10890,1325,26,26
1789629168557113160,merge,1.7011,1.57852,0.941739,0.786666,0.050075,5.14267,19968,19968,12800,10847,1326,26,26
1789629168657046899,merge,1.70733,1.59912,0.968454,0.810274,0.052175,5.22781,20064,20064,13056,10946,1327,26,26
1789629168757940485,merge,1.7027,1.59503,0.943416,0.793995,0.04906,5.17048,19968,19968,13036,10913,1328,26,26
1789629168857984276,merge,1.68947,1.57732,0.945888,0.800869,0.048905,5.14552,19968,19968,12654,10835,1329,26,26
1789629168957059732,merge,1.7136,1.60109,0.969446,0.790451,0.042511,5.20167,20064,19968,13221,10985,1330,26,26
1789629169057113239,merge,1.68962,1.60597,0.942335,0.803381,0.05333,5.17859,19968,20064,12829,10940,1331,26,26
1789629169157924147,merge,1.74547,1.61921,0.935241,0.778347,0.04472,5.21568,20064,19968,12934,10710,1332,26,26
1789629169257138743,merge,1.74921,1.62261,0.984777,0.788797,0.05272,5.2912,19968,19968,13092,10789,1333,26,26
1789629169357047628,merge,1.73494,1.62643,0.939298,0.808126,0.051039,5.25593,19968,19968,12936,10985,1334,26,26
1789629169457065419,merge,1.76337,1.63,0.926409,0.792673,0.050602,5.25951,20064,20064,12953,10849,1335,26,26
1789629169557124615,merge,1.73362,1.62167,0.927256,0.796994,0.048769,5.21187,19968,20064,13068,10881,1336,26,26
1789629169657945363,merge,1.75113,1.63512,0.942586,0.785946,0.045353,5.25135,20064,19968,13002,10943,1337,26,26
1789629169757240130,merge,1.7356,1.62194,0.929657,0.790432,0.05229,5.21513,19968,19968,12934,10858,1338,26,26
1789629169857106213,merge,1.73508,1.62347,0.967235,0.783847,0.051066,5.25347,19968,20064,13166,10888,1339,26,26
1789629169957931672,merge,1.74315,1.62618,0.933187,0.781532,0.046517,5.2209,20064,19968,12844,10878,1340,26,26
1789629170057201871,merge,1.74785,1.70036,0.974614,0.795391,0.04791,5.37365,19968,19968,13076,10844,1341,26,26
1789629170157042401,merge,1.73803,1.62263,0.941021,0.784449,0.052032,5.23072,20064,20064,13124,10837,1342,26,26
1789629170257224632,merge,2.07163,1.57797,0.917039,0.770977,0.04887,5.49352,19968,19968,12808,10816,1343,26,26
1789629170357108658,merge,1.72385,1.64487,0.936077,0.805849,0.055424,5.25172,19968,20064,12968,11018,1344,26,26
1789629170457983138,merge,1.75138,1.63228,0.946464,0.80198,0.049346,5.27274,20064,19968,13220,10839,1345,26,26
1789629170557171901,merge,1.72586,1.60975,0.906729,0.78904,0.04951,5.16241,19968,19968,12542,10801,1346,26,26
1789629170657084952,merge,1.73875,1.63943,0.966214,0.790391,0.050907,5.28872,19968,20064,13132,11047,1347,26,26
1789629170758027134,merge,1.73579,1.62925,0.946528,0.795903,0.045139,5.23919,20064,19968,13042,10894,1348,26,26
1789629170857950617,merge,1.73959,1.60235,0.916709,0.780216,0.048856,5.18297,19968,19968,12711,10680,1349,26,26
1789629170957099311,merge,1.73455,1.61933,0.954414,0.788192,0.047926,5.2426,20064,19968,13067,10789,1350,26,26
1789629171057229292,merge,1.79296,1.62617,0.955,0.805362,0.049804,5.34743,19872,20064,12993,11031,1351,26,26
1789629171157996527,merge,1.72164,1.59648,0.929301,0.783516,0.041403,5.16238,20064,19968,12821,10822,1352,26,26
1789629171257141453,merge,1.70378,1.57621,0.949358,0.784802,0.051548,5.15486,19968,20064,13058,10833,1353,26,26
1789629171357979234,merge,1.7331,1.59475,0.964832,0.784027,0.041916,5.20946,20064,19968,13148,10984,1354,26,26
1789629171457970116,merge,1.71513,1.60204,0.944174,0.8079,0.041578,5.19591,20064,19968,12845,10947,1355,26,26
1789629171557204615,merge,1.70461,1.58899,0.956813,0.783462,0.049983,5.17182,19872,20064,13087,10933,1356,26,26
1789629171658028396,merge,1.71607,1.60321,0.973531,0.797784,0.042068,5.23165,20064,19968,13060,10874,1357,26,26
1789629171757988339,merge,1.71643,1.59566,0.958365,0.798592,0.042167,5.19827,20064,19968,13004,10872,1358,26,26
1789629171857177213,merge,1.70506,1.5854,0.955596,0.778447,0.051691,5.16541,19968,19968,13067,10736,1359,26,26
1789629171957170475,merge,1.70792,1.58738,0.936085,0.786755,0.049297,5.15298,20064,20064,12986,10891,1360,26,26
1789629172057212731,merge,1.69154,1.59657,0.949548,0.788867,0.05035,5.16037,19968,19968,12894,10997,1361,26,26
1789629172157179036,merge,1.70262,1.60895,0.952348,0.796714,0.052596,5.19274,19872,20064,13024,11018,1362,26,26
1789629172257992752,merge,1.73851,1.62731,0.938626,0.788701,0.050176,5.23968,20064,20064,12856,10887,1363,26,26
1789629172358056534,merge,2.52594,2.34874,1.33189,1.1136,0.108813,7.58865,19968,19968,12962,10885,1364,26,26
1789629172557229726,merge,2.5334,1.99256,0.946686,0.78678,0.048167,6.45245,19968,19968,12815,10861,1365,27,27
1789629172657200951,merge,1.68565,1.58504,0.945884,0.785278,0.05381,5.13999,19968,19968,12896,10829,1366,27,27
1789629172757107088,merge,1.69918,1.61523,0.957384,0.804411,0.051645,5.21612,19968,20160,13116,10958,1367,27,27
1789629172858144166,merge,1.70627,1.59038,0.925999,0.792171,0.0425,5.15508,20064,19872,12735,10901,1368,27,27
1789629172957165884,merge,1.69015,1.59055,0.94443,0.790992,0.050052,5.15502,19872,20064,12979,10925,1369,27,27
1789629173057988488,merge,1.70812,1.59345,0.957611,0.788138,0.060665,5.19897,20064,20064,13201,10933,1370,27,27
1789629173158135739,merge,1.69328,1.59595,0.92966,0.78869,0.046358,5.14461,20064,19872,12715,10951,1371,27,27
1789629173257152016,merge,1.70804,1.58908,0.963556,0.788926,0.051673,5.18821,19968,20064,13160,10925,1372,27,27
1789629173358028037,merge,1.70328,1.58741,0.966243,0.790974,0.043805,5.17785,20064,19968,13144,10908,1373,27,27
1789629173457211431,merge,1.72849,1.61025,0.930484,0.821751,0.049451,5.23083,19968,19968,12810,11007,1374,27,27
1789629173557155339,merge,2.53439,2.40663,1.37338,1.12122,0.111219,7.7139,20064,19968,13171,10881,1375,27,27
1789629173657242232,merge,2.56664,2.38853,1.3778,1.13088,0.095177,7.72097,19968,20064,13183,10857,1376,27,27
1789629173757197869,merge,2.52594,3.31962,0.950877,0.789725,0.049323,7.79232,19968,19968,12606,10988,1377,27,27
1789629173857129242,merge,1.71497,1.61401,0.929083,0.790306,0.050822,5.19144,19968,20064,13150,11029,1378,27,27
1789629173958030060,merge,1.70485,1.6012,0.927664,0.766652,0.046047,5.13615,20064,19968,13090,10969,1379,27,27
1789629174057165415,merge,1.69434,1.60234,0.923814,0.795282,0.046471,5.14968,20064,19968,12835,10957,1380,27,27
1789629174157228031,merge,1.68319,1.60654,0.934794,0.771174,0.050329,5.13183,19968,20064,12943,11036,1381,27,27
1789629174257996239,merge,1.7137,1.60844,0.946296,0.84048,0.051653,5.24709,19968,19968,13117,11023,1382,27,27
1789629174357159015,merge,1.67903,1.60331,0.883074,0.782464,0.048805,5.08442,19968,19968,12589,10948,1383,27,27
1789629174457099203,merge,1.70968,1.61126,0.956741,0.802278,0.056706,5.2261,19968,20064,13176,11071,1384,27,27
1789629174557212061,merge,1.70263,1.60337,0.936313,0.770049,0.053561,5.15412,20064,19968,13061,11024,1385,27,27
1789629174657134616,merge,1.70313,1.59947,0.919728,0.771164,0.050973,5.1314,19968,19968,12744,10950,1386,27,27
1789629174757131107,merge,1.70468,1.58987,0.953591,0.784153,0.049868,5.16613,19968,20064,13163,10962,1387,27,27
1789629174858052360,merge,1.69984,1.62377,0.968717,0.807989,0.049375,5.24294,19968,19968,13062,11069,1388,27,27
1789629174957005776,merge,1.71486,1.60047,0.939878,0.811221,0.046471,5.19959,20160,19968,12972,11055,1389,27,27
1789629175057213665,merge,1.69383,1.58889,0.945724,0.790222,0.049795,5.15486,19872,20064,13052,10897,1390,27,27
1789629175158031237,merge,1.70514,1.59397,0.973417,0.794696,0.054086,5.20796,19968,19968,13117,10928,1391,27,27
1789629175257022850,merge,1.69376,1.60447,0.952541,0.803346,0.044711,5.1893,20064,19968,12856,11060,1392,27,27
1789629175357128529,merge,1.71506,1.61656,0.978338,0.805652,0.050738,5.25065,19968,20064,13238,11111,1393,27,27
1789629175458006213,merge,1.71464,1.5899,0.943826,0.796492,0.051139,5.18499,20160,19872,13038,10831,1394,27,27
1789629175557207234,merge,1.69039,1.60357,0.926907,0.795437,0.050505,5.15491,19872,20064,12887,10978,1395,27,27
1789629175657141580,merge,2.5981,2.3993,1.36823,1.121,0.086014,7.73495,20064,19968,13339,10950,1396,27,27
1789629175757243071,merge,2.4034,1.58771,0.93365,0.771775,0.049464,5.85404,19968,20064,12842,10878,1397,27,27
1789629175857002168,merge,1.72219,1.57787,0.95613,0.789131,0.051715,5.18268,19968,19968,13235,10861,1398,27,27
1789629176057238254,merge,1.70157,1.59465,0.950828,0.784911,0.053112,5.17202,19872,20064,13061,10901,1399,28,28
1789629176157168330,merge,1.71595,1.58248,0.955735,0.790578,0.049368,5.17483,19968,19968,13001,10869,1400,28,28
1789629176257034535,merge,1.71514,1.6012,0.940169,0.799838,0.045639,5.19182,20064,19968,13120,11034,1401,28,28
1789629176357195105,merge,1.70484,1.61061,0.942466,0.807924,0.048923,5.20354,19968,19968,12994,11040,1402,28,28
1789629176457067801,merge,1.71413,1.57565,0.942939,0.797616,0.044785,5.16399,20064,19968,13123,10852,1403,28,28
1789629176557233756,merge,1.69768,1.59424,0.936268,0.791216,0.050583,5.15601,19776,20064,12847,10818,1404,28,28
1789629176657157387,merge,1.71881,1.60218,0.971229,0.793236,0.042274,5.21883,20256,19968,13161,10939,1405,28,28
1789629176757207208,merge,1.69987,1.57241,0.933441,0.780611,0.048479,5.11808,19872,19872,12867,10735,1406,28,28
1789629176857174796,merge,1.70855,1.59977,0.954755,0.786396,0.050545,5.19901,19776,20064,13046,10945,1407,28,28
1789629176957127252,merge,1.71397,1.61227,0.966427,0.807059,0.051013,5.23712,20064,20160,13126,11093,1408,28,28
1789629177058155789,merge,1.69354,1.59446,0.952149,0.768542,0.049886,5.14538,19968,19872,12849,10862,1409,28,28
1789629177157138132,merge,1.69945,1.57981,0.985637,0.799808,0.05001,5.20244,19872,20064,13091,10915,1410,28,28
1789629177258049413,merge,1.7061,1.59959,0.975881,0.790209,0.045194,5.20407,20064,19968,13179,10933,1411,28,28
1789629177357168431,merge,1.70349,1.59904,0.934813,0.804656,0.044666,5.17473,20064,19968,12938,11005,1412,28,28
1789629177457145718,merge,1.69106,1.58771,0.979826,0.781729,0.049126,5.17943,19872,20064,12949,10739,1413,28,28
1789629177558066515,merge,1.71393,1.58066,0.953477,0.774845,0.047091,5.15493,20064,19968,13255,10767,1414,28,28
1789629177657150035,merge,1.68108,1.60012,0.950328,0.772594,0.051531,5.14128,19968,19968,12742,10920,1415,28,28
1789629177757159703,merge,1.70472,1.5963,0.958896,0.796052,0.046173,5.18701,20064,19968,13094,10913,1416,28,28
1789629177857188742,merge,1.67393,1.58864,0.943535,0.79926,0.050282,5.14304,19872,20160,12851,10944,1417,28,28
1789629177958135339,merge,1.70172,1.60102,0.967073,0.792732,0.046031,5.19618,20064,19968,12989,10945,1418,28,28
1789629178058080765,merge,1.68436,1.60162,0.949663,0.800868,0.049785,5.17217,19968,19968,12820,10961,1419,28,28
1789629178157072819,merge,1.71681,1.58211,0.96497,0.791643,0.045497,5.18751,20064,19968,13246,10796,1420,28,28
1789629178257170878,merge,1.69044,1.58227,0.947458,0.787767,0.042673,5.1372,20064,19968,12696,10840,1421,28,28
1789629178357243795,merge,1.70474,1.6125,0.94207,0.793417,0.051035,5.18731,19872,20064,12998,10934,1422,28,28
1789629178457092780,merge,1.7122,1.59605,0.964057,0.782751,0.045797,5.18718,20160,19968,13152,10806,1423,28,28
1789629178557293468,merge,1.70023,1.57702,0.934833,0.77169,0.050675,5.11897,19968,19968,12713,10781,1424,28,28
1789629178657247110,merge,1.69493,1.59465,0.967093,0.811423,0.050384,5.20632,19968,20064,13069,11008,1425,28,28
1789629178758075728,merge,1.69848,1.59841,0.952786,0.794966,0.048926,5.17721,19872,19968,12972,10940,1426,28,28
1789629178857070374,merge,1.72242,1.57312,0.947087,0.783176,0.041219,5.15231,20160,19968,12951,10761,1427,28,28
1789629178957258426,merge,1.69681,1.59304,0.96001,0.78707,0.051518,5.17437,19872,20064,12989,10956,1428,28,28
1789629179058046727,merge,1.7154,1.59941,0.97195,0.810411,0.046781,5.23676,20064,19968,13267,10962,1429,28,28
1789629179157104962,merge,1.73904,1.58476,0.926057,0.788476,0.044148,5.17003,20064,19968,12772,10872,1430,28,28
1789629179257255554,merge,1.69741,1.58725,0.935485,0.795073,0.049268,5.1517,19872,20064,13054,10770,1431,28,28
1789629179358048001,merge,1.71057,1.60142,0.962525,0.788442,0.042602,5.19199,20160,19968,13235,10919,1432,28,28
1789629179457291297,merge,1.70478,1.59124,0.931844,0.800185,0.050452,5.16097,19968,19968,12783,10934,1433,28,28
1789629179557164900,merge,1.71274,1.58689,0.951778,0.793697,0.050403,5.18243,20064,20064,13104,10947,1434,28,28
1789629179657283041,merge,1.70615,1.57518,0.974364,0.791833,0.049706,5.18123,19968,19968,13147,10845,1435,28,28
1789629179757205964,merge,1.70346,1.60069,0.907728,0.784294,0.0494,5.1288,19968,19968,12606,10948,1436,28,28
1789629179857177704,merge,1.70713,1.60388,0.970007,0.790636,0.051352,5.20928,20064,20064,13244,10949,1437,28,28
1789629179957278719,merge,1.69918,1.60941,0.938597,0.785915,0.051374,5.16636,19968,19968,12901,10881,1438,28,28
1789629180057199951,merge,1.7374,1.59818,0.937307,0.80032,0.046408,5.21359,20064,19968,12883,10972,1439,28,28
1789629180157288467,merge,1.69826,1.60811,0.961016,0.802538,0.050204,5.2061,19968,20064,12944,10855,1440,28,28
1789629180257197231,merge,1.69414,1.58495,0.947612,0.809177,0.052034,5.17169,19968,20064,13027,10813,1441,28,28
1789629180358100390,merge,1.68945,1.58207,0.919463,0.785641,0.04956,5.11333,19968,19968,12696,10854,1442,28,28
1789629180457262625,merge,1.70894,1.61234,0.980428,0.789465,0.051578,5.24374,19968,19968,13075,10995,1443,28,28
1789629180557098860,merge,1.75072,1.62155,0.943701,0.795004,0.051139,5.26284,20064,20064,13076,10870,1444,28,28
1789629180658116059,merge,1.74261,1.61194,0.89957,0.797839,0.050392,5.19123,19968,19968,12817,10866,1445,28,28
1789629180757193309,merge,2.57659,2.34964,0.987838,0.813,0.042699,6.92027,20064,19968,13245,11003,1446,28,28
1789629180857194558,merge,1.70382,1.60597,0.961927,0.792511,0.051485,5.20199,19968,20064,12905,10950,1447,28,28
1789629180958159048,merge,1.70577,1.57341,0.932779,0.770752,0.050146,5.11677,19968,19968,12961,10696,1448,28,28
1789629181057144858,merge,1.71336,1.58185,0.951882,0.790145,0.043769,5.16653,20064,19968,13179,10778,1449,28,28
1789629181157230646,merge,1.75607,1.60288,0.936504,0.800703,0.043036,5.24237,20064,19968,12925,10951,1450,28,28
1789629181257252658,merge,1.70709,1.58258,0.94534,0.787962,0.049408,5.15869,19968,19968,12998,10820,1451,28,28
1789629181357262784,merge,1.72763,1.59178,0.955056,0.799539,0.050513,5.20937,19968,20064,13155,10963,1452,28,28
1789629181457268874,merge,1.6944,1.61059,0.926506,0.790304,0.048362,5.15971,19968,20064,12739,10965,1453,28,28
1789629181558109807,merge,1.72074,1.59599,0.972224,0.799554,0.051591,5.22754,19968,19968,13039,10867,1454,28,28
1789629181658089403,merge,1.70887,1.58039,0.97165,0.78626,0.048011,5.1839,20160,19968,13158,10851,1455,28,28
1789629181757284556,merge,1.73037,1.59754,0.936591,0.798793,0.050139,5.2058,19968,19968,12731,11002,1456,28,28
1789629181857251212,merge,1.68127,1.61353,0.941338,0.794459,0.048705,5.16355,19872,20064,12810,10917,1457,28,28
1789629181957192681,merge,1.7347,1.57987,0.966342,0.768889,0.045547,5.18463,20160,19968,13331,10752,1458,28,28
1789629182057293158,merge,1.68763,1.58618,0.908177,0.780429,0.049476,5.10201,19968,19968,12545,10841,1459,28,28
1789629182157231270,merge,1.71079,1.6105,0.951086,0.805692,0.049762,5.21451,19968,20064,13155,11084,1460,28,28
1789629182257296675,merge,1.70567,1.58822,0.962899,0.800884,0.042945,5.19022,20064,19968,13071,10845,1461,28,28
1789629182357227401,merge,1.82004,1.57943,0.922031,0.773633,0.049083,5.25887,19872,20064,12628,10857,1462,28,28
1789629182457126657,merge,1.70412,1.61631,0.973518,0.804007,0.046331,5.24266,20064,19968,13175,11024,1463,28,28
1789629182557088341,merge,1.70313,1.61574,0.958423,0.808559,0.050697,5.22189,19968,20064,13037,11070,1464,28,28
1789629182658137202,merge,1.71287,1.59015,0.951784,0.808025,0.043999,5.19208,20064,19968,12870,10928,1465,28,28
1789629182758085941,merge,1.69987,1.58954,0.951096,0.795158,0.045795,5.16674,20064,19968,13140,10879,1466,28,28
1789629182857269925,merge,1.69781,1.61156,0.936127,0.803671,0.050476,5.18858,19968,20064,13068,10944,1467,28,28
1789629182957342368,merge,1.69758,1.58447,0.948338,0.780831,0.049064,5.14797,19968,19968,12768,10849,1468,28,28
1789629183057129566,merge,1.71447,1.59913,0.953088,0.798964,0.050676,5.20311,19968,20064,13176,10929,1469,28,28
1789629183158168498,merge,1.73549,1.59632,0.950032,0.78192,0.044565,5.19717,20160,19872,13014,10894,1470,28,28
1789629183257329619,merge,1.69066,1.59742,0.95508,0.795917,0.050355,5.17897,19872,20064,12884,10914,1471,28,28
1789629183357121233,merge,1.70706,1.5767,0.957826,0.786292,0.045506,5.16017,20064,19968,13063,10876,1472,28,28
1789629183457252325,merge,1.7162,1.58777,0.93625,0.793456,0.044662,5.16436,20064,19968,12990,10908,1473,28,28
1789629183557251721,merge,1.67902,1.61964,0.93791,0.816902,0.049633,5.18979,19968,20064,12802,11087,1474,28,28
1789629183657239817,merge,1.71828,1.59776,0.944935,0.794167,0.049796,5.18766,19968,19968,13147,10902,1475,28,28
1789629183757231339,merge,1.69665,1.59316,0.932184,0.79388,0.04568,5.14661,20064,19968,12803,10854,1476,28,28
1789629183857312860,merge,1.69067,1.62363,0.948341,0.797357,0.048896,5.19583,19872,20064,12850,11041,1477,28,28
1789629183957156963,merge,1.70011,1.60095,0.962028,0.804269,0.048331,5.20234,19968,19968,13019,10961,1478,28,28
1789629184057000283,merge,1.70011,1.59521,0.944108,0.802059,0.050604,5.17718,20064,20064,13013,10970,1479,28,28
1789629184157332946,merge,1.74937,1.60935,0.964886,0.80385,0.043764,5.26311,20064,19968,13021,11014,1480,28,28
1789629184257246751,merge,1.71087,1.60304,0.955916,0.79423,0.051102,5.20473,19968,19968,13087,11020,1481,28,28
1789629184357271052,merge,1.71692,1.61356,0.969021,0.803892,0.050445,5.24437,19968,20064,12933,11051,1482,28,28
1789629184458121631,merge,1.69203,1.59217,0.932381,0.799984,0.050713,5.15155,19968,19968,12921,10975,1483,28,28
1789629184557174179,merge,1.72198,1.61701,0.954727,0.807768,0.05015,5.23609,19968,19968,13201,11055,1484,28,28
1789629184757322377,merge,1.7129,1.61228,0.956243,0.802072,0.052775,5.22861,19872,20064,13025,10950,1485,29,29
1789629184857115631,merge,1.71492,1.6023,0.97748,0.799297,0.045068,5.22296,20160,19968,13206,11027,1486,29,29
1789629184957280744,merge,1.70809,1.61899,0.929952,0.807987,0.051132,5.20513,19872,20064,12871,11099,1487,29,29
1789629185058152321,merge,1.70232,1.60313,0.954151,0.884693,0.04581,5.2748,20064,19872,12996,10988,1488,29,29
1789629185157274557,merge,1.72585,1.58939,1.02411,0.791221,0.052591,5.2721,19968,20064,13164,10893,1489,29,29
1789629185257095273,merge,1.70287,1.59637,0.923984,0.800008,0.049802,5.16159,19968,20064,12726,10965,1490,29,29
1789629185358152984,merge,1.72525,1.60467,0.962752,0.806229,0.046606,5.23109,20064,19968,13143,11063,1491,29,29
1789629185457226201,merge,1.7191,1.62407,1.10522,1.1126,0.053899,5.70932,19968,19968,13070,11010,1492,29,29
1789629185557251654,merge,1.69715,1.59608,1.08643,1.10193,0.052974,5.62353,20160,19968,12843,10911,1493,29,29
1789629185657363292,merge,1.71341,1.88659,1.14291,0.767581,0.051096,5.66448,19872,20064,13215,10981,1494,29,29
1789629185757362788,merge,1.73177,1.59935,0.917154,0.809319,0.049993,5.19553,20064,19968,12989,10953,1495,29,29
1789629185857329096,merge,1.92749,1.59085,0.948485,0.783752,0.051147,5.39889,19968,19968,12970,10792,1496,29,29
1789629185957307002,merge,1.72636,1.59017,1.02508,1.26756,0.069846,5.7653,19968,20064,13226,10912,1497,29,29
1789629186057176480,merge,1.69651,1.59933,0.900377,0.789427,0.049071,5.1245,20064,19872,12943,10919,1498,29,29
1789629186157323354,merge,1.7338,1.59201,0.974314,0.781549,0.047831,5.22092,20064,19968,13204,10860,1499,29,29
1789629186257331020,merge,1.69996,1.58545,0.974187,0.838328,0.075572,5.25622,19776,20064,13068,10910,1500,29,29
1789629186357095191,merge,1.73176,1.60272,0.970918,0.79371,0.050346,5.23781,20160,19968,13282,10965,1501,29,29
1789629186457194969,merge,1.6819,1.61426,0.988421,0.818144,0.054977,5.24771,19968,20064,12848,11054,1502,29,29
1789629186557371952,merge,1.72441,1.57391,0.982139,0.792208,0.051146,5.21122,19872,19968,13161,10849,1503,29,29
1789629186657232257,merge,1.69202,1.58695,0.93483,0.931434,0.05287,5.28011,19776,19968,12993,10902,1504,29,29
1789629186757144860,merge,1.7289,1.60826,0.957971,0.805295,0.0492,5.23909,20160,19968,13077,10925,1505,29,29
1789629186857098780,merge,1.69875,1.69735,1.28147,0.784775,0.057565,5.61647,19968,19968,12913,10759,1506,29,29
1789629186957337155,merge,1.70548,1.64055,0.946851,0.785078,0.058831,5.22175,19968,20064,13173,10994,1507,29,29
1789629187057245812,merge,1.68927,1.60395,0.917499,0.765759,0.052047,5.11469,19968,19968,12935,10988,1508,29,29
1789629187157281569,merge,1.71792,1.7944,0.902341,0.78267,0.053621,5.33952,19968,20064,12905,10868,1509,29,29
1789629187257175879,merge,1.70377,1.58195,0.959683,0.786088,0.050726,5.16737,19968,19968,12995,10838,1510,29,29
1789629187357149309,merge,1.72477,1.59461,0.936189,0.813478,0.056388,5.21061,20160,19968,13112,10964,1511,29,29
1789629187457343160,merge,1.67576,1.60658,0.922228,0.793729,0.049068,5.13311,19872,20064,12639,11032,1512,29,29
1789629187557226099,merge,1.70658,1.5832,0.952028,0.784485,0.062712,5.17544,19968,20064,13151,10739,1513,29,29
1789629187658161527,merge,1.69066,1.5879,0.952045,0.790128,0.053672,5.16769,19968,19968,12916,10862,1514,29,29
1789629187758181054,merge,1.71414,2.05881,1.04396,0.806221,0.055961,5.77397,20064,19968,12883,10933,1515,29,29
1789629187857211037,merge,1.70282,1.57812,0.946368,0.781026,0.042012,5.13636,20064,19968,13090,10792,1516,29,29
1789629187957387279,merge,1.71215,1.58575,0.968373,0.808289,0.048205,5.20488,19968,20064,13043,10953,1517,29,29
1789629188057276136,merge,1.69689,1.59049,0.917763,0.771375,0.050605,5.10902,19968,19968,12797,10887,1518,29,29
1789629188157245150,merge,1.70673,1.59885,0.968414,0.804882,0.050293,5.21272,19968,19968,13083,10886,1519,29,29
1789629188257249645,merge,1.70174,1.59213,0.934004,0.775902,0.051218,5.13522,20064,20064,13186,10927,1520,29,29
1789629188357381520,merge,1.7134,1.59762,0.907814,0.816318,0.04849,5.1705,19968,19968,12784,11007,1521,29,29
1789629188457229689,merge,1.71477,1.59889,0.977636,0.788818,0.050047,5.2159,19968,19968,13191,10927,1522,29,29
1789629188557153774,merge,1.72197,1.59535,0.922155,0.785585,0.052191,5.16336,20064,20064,13062,10717,1523,29,29
1789629188657259055,merge,1.72416,1.58492,0.927959,0.771939,0.049846,5.14099,19968,19968,12865,10841,1524,29,29
1789629188757261244,merge,1.70266,1.61905,0.952628,0.805541,0.050046,5.21286,19872,19968,12976,10954,1525,29,29
1789629188857217539,merge,1.72808,1.59831,0.946986,0.784301,0.050981,5.1985,20160,20064,13187,10924,1526,29,29
1789629188957371474,merge,1.8121,1.57759,0.910867,0.769472,0.04916,5.20815,19968,19968,12773,10809,1527,29,29
1789629189057230371,merge,1.72796,1.59251,0.945227,0.778055,0.049906,5.18055,19968,19968,13155,10976,1528,29,29
1789629189157155573,merge,1.68753,1.61694,0.948217,0.812583,0.049883,5.20282,19968,20064,12924,11054,1529,29,29
1789629189258196278,merge,1.7228,1.59028,0.941106,0.774138,0.041228,5.15683,20064,19968,12908,10808,1530,29,29
1789629189357237043,merge,1.71344,1.58123,0.953875,0.777368,0.042066,5.15535,20064,19968,13006,10795,1531,29,29
1789629189457256126,merge,1.71072,1.60807,0.953118,0.780387,0.049455,5.18823,19968,20064,12978,10847,1532,29,29
1789629189557233723,merge,2.49975,2.35507,1.09464,0.79985,0.054625,6.96193,19968,19968,12775,10791,1533,29,29
1789629189657228058,merge,1.73073,1.59257,0.966174,0.792991,0.026951,5.18111,20064,20064,13217,10958,1534,29,29
1789629189757372083,merge,1.72058,1.60717,0.951319,0.792156,0.048262,5.20459,19968,19968,12795,10985,1535,29,29
1789629189857246389,merge,1.70516,1.59664,0.946103,0.782522,0.050853,5.16885,19968,19968,12935,10893,1536,29,29
1789629189957211085,merge,1.70717,1.58199,0.955258,0.798807,0.050952,5.17908,20064,20064,13189,10877,1537,29,29
1789629190057372700,merge,1.70149,1.58553,0.937304,0.812048,0.04974,5.17275,19968,19968,12802,10919,1538,29,29
1789629190157207940,merge,1.71486,1.60482,1.00024,0.800002,0.043984,5.24811,20064,19968,13132,10992,1539,29,29
1789629190257237909,merge,1.70166,1.58928,0.945031,0.774329,0.049931,5.14542,19968,20064,13054,10690,1540,29,29
1789629190357292219,merge,1.71724,1.58313,0.926459,0.794143,0.049931,5.15774,19968,19968,12858,10801,1541,29,29
1789629190457234405,merge,1.71734,1.59971,0.957822,0.796858,0.04417,5.20155,20160,19968,13134,10985,1542,29,29
1789629190557455299,merge,1.69713,1.59257,0.969157,0.790054,0.050786,5.18288,19968,19968,13181,10841,1543,29,29
1789629190657379147,merge,1.68329,1.58312,0.91665,0.777651,0.048539,5.09561,19872,20064,12567,10883,1544,29,29
1789629190757186654,merge,1.72139,1.58774,0.956331,0.795277,0.043355,5.19171,20064,19968,13212,10928,1545,29,29
1789629190857199765,merge,1.71196,1.59791,0.963698,0.79983,0.042658,5.20499,20064,19968,13086,10966,1546,29,29
1789629190957377993,merge,1.7024,1.5819,0.941587,0.797324,0.050047,5.15941,19968,20064,12762,10886,1547,29,29
1789629191057265377,merge,1.68898,1.58429,0.940719,0.793978,0.051402,5.14072,19968,19968,12935,10851,1548,29,29
1789629191157183264,merge,1.72401,1.60385,0.956796,0.794761,0.050331,5.21735,19968,20064,13144,10860,1549,29,29
1789629191258195301,merge,1.70018,1.58602,0.910538,0.771874,0.040313,5.09291,20064,19968,12604,10790,1550,29,29
1789629191357276778,merge,1.70209,1.58258,0.972305,0.79897,0.04991,5.19388,19968,19968,13112,10869,1551,29,29
1789629191457212757,merge,1.69249,1.61217,0.93299,0.796826,0.053321,5.17366,20064,20064,12943,11095,1552,29,29
1789629191557457039,merge,1.70716,1.59643,0.944187,0.793089,0.049008,5.17345,19968,19968,12835,10890,1553,29,29
1789629191657230370,merge,1.69575,1.57215,0.968405,0.785547,0.051196,5.15871,19968,19968,13076,10760,1554,29,29
1789629191757131895,merge,1.69244,1.58748,0.980693,0.788152,0.049996,5.18464,19968,19968,13018,10916,1555,29,29
1789629191857122266,merge,1.71748,1.61682,0.945626,0.816122,0.053981,5.24347,20064,20064,12895,11135,1556,29,29
1789629191957212468,merge,1.70191,1.59664,0.959417,0.780327,0.045773,5.16772,20064,19968,13181,10848,1557,29,29
1789629192057365592,merge,1.70774,1.5911,0.94958,0.792168,0.049209,5.1711,19968,20064,12949,10755,1558,29,29
1789629192157411679,merge,1.68926,1.60564,0.958731,0.795609,0.049547,5.18563,19968,19968,12893,10939,1559,29,29
1789629192257269009,merge,1.72739,1.61892,0.942464,0.777728,0.051342,5.21298,20064,20064,13246,10989,1560,29,29
1789629192357438813,merge,1.70269,1.57309,0.930565,0.791727,0.046182,5.13289,20064,19968,12812,10869,1561,29,29
1789629192457438149,merge,1.73988,1.58311,0.948609,0.794458,0.048954,5.20506,19872,19968,12987,10843,1562,29,29
1789629192557127435,merge,1.72906,1.60592,0.936226,0.795756,0.052333,5.21995,19968,20064,12997,11000,1563,29,29
1789629192657236790,merge,1.71629,1.5868,0.953933,0.783182,0.041674,5.17533,20064,19968,12992,10879,1564,29,29
1789629192757240155,merge,1.71235,1.58609,0.900703,0.77451,0.041162,5.10811,20064,19968,12940,10898,1565,29,29
1789629192857241491,merge,1.70984,1.61179,0.925539,0.810512,0.050842,5.19652,19968,20064,13140,11039,1566,29,29
1789629192957368489,merge,1.68306,1.59061,0.917581,0.753018,0.049285,5.08387,19968,19968,12636,10813,1567,29,29
1789629193057297350,merge,1.71379,1.58133,0.979642,0.78609,0.045352,5.20119,20064,19968,13119,10812,1568,29,29
1789629193157271857,merge,1.70382,1.59777,0.957179,0.791907,0.049245,5.19114,19968,20064,12964,10978,1569,29,29
1789629193257282315,merge,1.71881,1.60201,0.921608,0.818054,0.046228,5.191,20064,19968,12816,10972,1570,29,29
1789629193357394989,merge,1.68447,1.6008,1.00428,0.80672,0.051141,5.23593,19968,20064,12973,10925,1571,29,29
1789629193457385865,merge,1.70551,1.60589,1.01486,0.793224,0.048982,5.25658,19968,19968,13062,10908,1572,29,29
1789629193557230584,merge,1.71418,1.71721,0.941831,0.799775,0.044261,5.31835,20064,19968,12808,11001,1573,29,29
1789629193657253538,merge,1.78051,1.59918,0.941496,0.795924,0.052776,5.27171,19968,19968,13070,10873,1574,29,29
1789629193757274803,merge,1.70882,1.59752,0.955479,0.790956,0.050292,5.18711,19968,20064,13179,11036,1575,29,29
1789629193857355705,merge,1.69951,1.63434,0.999276,0.794562,0.048638,5.26669,20160,19968,12835,10984,1576,29,29
1789629193957488664,merge,1.69538,1.61661,0.972832,0.794977,0.061589,5.24551,19872,19968,13082,11030,1577,29,29
1789629194057257332,merge,1.77207,1.59206,0.967744,0.803386,0.051012,5.27659,19968,20064,13084,10950,1578,29,29
1789629194157269233,merge,1.70172,1.58699,0.945654,0.798946,0.045464,5.17233,20064,19968,12784,10948,1579,29,29
1789629194257264863,merge,1.71254,1.61148,0.962884,0.813947,0.041544,5.22726,20064,19968,13138,11070,1580,29,29
1789629194357471612,merge,1.71154,1.63959,0.971983,0.803956,0.050661,5.26687,19968,19968,13126,11047,1581,29,29
1789629194457279164,merge,1.69193,1.58779,0.93449,0.805955,0.049571,5.15172,19968,20064,12636,10865,1582,29,29
1789629194557325579,merge,1.70504,1.60226,0.974336,0.803124,0.051911,5.22065,19968,19968,13169,11007,1583,29,29
1789629194657189167,merge,1.70882,1.61637,0.938795,0.800848,0.043232,5.19259,20064,19968,12972,11044,1584,29,29
1789629194757293612,merge,1.7016,1.61203,0.962783,0.798473,0.049683,5.21325,19968,20064,12832,11012,1585,29,29
1789629194857268908,merge,1.69461,1.59056,0.954228,0.795708,0.049184,5.16935,19968,19968,12989,10896,1586,29,29
1789629194957265496,merge,1.70173,1.61633,0.958499,0.804742,0.054257,5.22268,19968,19968,13094,11050,1587,29,29
1789629195057160358,merge,1.70492,1.60929,0.953738,0.801447,0.051446,5.20931,20064,20064,12742,10997,1588,29,29
1789629195157250179,merge,1.71576,1.59221,0.964342,0.791742,0.050911,5.20082,19968,20064,13145,10896,1589,29,29
1789629195257403849,merge,1.70326,1.591,0.951415,0.780126,0.049803,5.16341,19968,19968,13048,10953,1590,29,29
1789629195357401750,merge,1.70205,1.59693,0.944421,0.796722,0.045685,5.17434,20064,19968,12857,10966,1591,29,29
1789629195457319773,merge,1.72982,1.59274,0.988048,0.792761,0.05248,5.24498,19968,19968,13314,10920,1592,29,29
1789629195557232511,merge,1.71056,1.58444,0.946057,0.802046,0.051312,5.17699,20064,20064,12923,10942,1593,29,29
1789629195657332508,merge,1.88666,1.59331,0.934102,0.788692,0.048794,5.35114,19968,19968,12976,10963,1594,29,29
1789629195857463531,merge,1.75848,1.62584,0.907099,0.775896,0.049449,5.2148,19968,19968,12829,10812,1595,30,30
1789629195957477537,merge,1.9007,1.66134,1.54346,0.840769,0.057769,6.11516,19872,20064,13392,10798,1596,30,30
1789629196057462411,merge,1.87131,1.59703,0.929988,0.784755,0.04103,5.32382,20064,19968,12946,10917,1597,30,30
1789629196157211830,merge,1.84782,1.6065,0.978836,0.785917,0.04281,5.35977,20064,19872,13250,10869,1598,30,30
1789629196257285393,merge,1.71785,1.57688,1.06333,0.78481,0.050802,5.28313,19968,20064,13025,10885,1599,30,30
1789629196357484055,merge,1.72439,1.5925,0.943619,0.802834,0.050568,5.19672,19968,20064,13236,10942,1600,30,30
1789629196457191925,merge,1.90801,1.60558,0.933821,0.805589,0.050427,5.40519,19968,19968,12831,10990,1601,30,30
1789629196557180223,merge,1.73066,1.59023,1.12295,1.24523,0.065132,5.84136,19968,19872,13035,10823,1602,30,30
1789629196657296079,merge,1.68543,1.59174,0.955259,0.806547,0.050361,5.17577,19776,20064,12843,10953,1603,30,30
1789629196757181599,merge,1.7247,1.60694,0.948366,0.786816,0.050117,5.20906,20064,20064,13207,10958,1604,30,30
1789629196857386400,merge,1.68366,1.62399,0.920965,0.77161,0.048131,5.14142,19968,19968,12630,10792,1605,30,30
1789629196957346912,merge,1.72608,1.57391,0.954859,0.746383,0.051886,5.13966,19968,19968,13170,10762,1606,30,30
1789629197057241427,merge,1.76375,1.63651,0.932637,0.798779,0.04915,5.2781,19968,20064,12898,11020,1607,30,30
1789629197157429131,merge,1.70816,1.60298,1.42741,0.915227,0.048835,5.78861,20064,19968,12916,10991,1608,30,30
1789629197257403643,merge,1.81833,1.6197,0.950104,0.789588,0.050765,5.32562,19872,19968,13013,10778,1609,30,30
1789629197357218581,merge,1.73432,1.5964,0.9451,0.800924,0.050513,5.21139,19968,20064,13132,10894,1610,30,30
1789629197457244232,merge,1.70184,1.61155,0.955046,0.798953,0.044736,5.19655,20160,19968,12916,10967,1611,30,30
1789629197557329244,merge,1.69648,1.57706,0.964103,0.749699,0.048448,5.12066,19872,19968,12986,10804,1612,30,30
1789629197657226783,merge,1.7243,1.87258,1.24093,0.787262,0.052556,5.7727,20064,20064,13236,10924,1613,30,30
1789629197757354280,merge,1.70759,1.59178,0.934428,0.750857,0.050499,5.1228,19968,19968,12816,10842,1614,30,30
1789629197857326667,merge,1.70086,1.59461,0.96206,0.79464,0.049558,5.18862,19968,19968,13042,10816,1615,30,30
1789629197957289731,merge,1.70254,1.61924,0.979431,0.791838,0.050141,5.23111,19968,20064,13065,10869,1616,30,30
1789629198057410543,merge,1.70934,1.62448,0.947885,0.779538,0.042001,5.19185,20064,19968,12931,10935,1617,30,30
1789629198157350215,merge,1.70218,1.62992,0.942812,0.785581,0.049242,5.20041,19968,19968,12917,10972,1618,30,30
1789629198257309618,merge,1.71363,1.85967,1.25216,0.975708,0.052485,5.94659,20064,20064,13257,10816,1619,30,30
1789629198357336272,merge,2.2497,1.58585,0.903696,0.764645,0.048502,5.64977,19968,19968,12690,10856,1620,30,30
1789629198457310295,merge,1.69671,1.59973,0.954439,0.777834,0.054894,5.16724,19968,19968,13019,10963,1621,30,30
1789629198557220420,merge,1.70285,1.58653,0.964561,0.784974,0.044061,5.17206,20064,19968,13090,10875,1622,30,30
1789629198657364473,merge,1.6948,1.58008,0.937895,0.784065,0.048663,5.13039,19968,20064,12789,10773,1623,30,30
1789629198757267668,merge,1.6906,1.60099,0.930254,0.782934,0.044929,5.1345,20064,19968,12954,10893,1624,30,30
1789629198857345592,merge,1.68335,2.05242,0.993439,0.800263,0.048237,5.67942,19872,20064,13011,10941,1625,30,30
1789629198957444369,merge,1.69385,1.57458,0.942739,0.776153,0.045001,5.12345,20064,19968,12716,10791,1626,30,30
1789629199057218799,merge,1.77794,1.60015,0.969031,0.793631,0.050763,5.28638,20064,20064,13145,10970,1627,30,30
1789629199157414345,merge,1.7192,1.59022,0.95904,0.798778,0.050863,5.21526,19968,19872,13078,10888,1628,30,30
1789629199257316948,merge,1.74156,1.59731,0.93755,0.793915,0.048484,5.20898,19968,20064,12719,10914,1629,30,30
1789629199357242416,merge,1.70586,1.58763,0.974557,0.782404,0.045496,5.18933,20064,19968,13201,10854,1630,30,30
1789629199457272808,merge,1.69361,1.59887,0.929724,0.791224,0.048349,5.14768,19968,19968,13094,11003,1631,30,30
1789629199557294899,merge,1.70752,1.60136,0.966136,0.797401,0.050631,5.20834,20064,20064,12870,10863,1632,30,30
1789629199657379780,merge,1.70299,1.58289,0.933206,0.78812,0.050923,5.14726,19968,20064,13062,10766,1633,30,30
1789629199757395159,merge,1.78754,1.57936,0.971822,0.792775,0.045082,5.2776,20064,19968,13204,10888,1634,30,30
1789629199857385878,merge,1.69292,1.59916,0.926847,0.804359,0.068797,5.18034,19872,19968,12599,10961,1635,30,30
1789629199957212305,merge,1.7163,1.5734,0.971014,0.787459,0.043943,5.18254,20064,19968,13230,10807,1636,30,30
1789629200057223897,merge,1.85071,1.91707,0.939665,0.799559,0.049499,5.65763,19968,20064,12966,10906,1637,30,30
1789629200157279718,merge,1.75409,1.61248,0.906598,0.771134,0.045661,5.177,20064,19968,12857,10977,1638,30,30
1789629200257293611,merge,1.70661,1.77419,0.954298,0.771066,0.049954,5.35075,19968,20064,12974,10970,1639,30,30
1789629200357381998,merge,1.73148,1.59893,0.920874,0.755707,0.043558,5.13591,20064,19968,13072,10769,1640,30,30
1789629200457389564,merge,1.68074,1.59809,0.896957,0.781169,0.050427,5.09733,19968,20064,12663,10855,1641,30,30
1789629200557501307,merge,1.71503,1.59576,0.956025,0.805911,0.044757,5.20316,20064,19968,13211,10961,1642,30,30
1789629200657399240,merge,2.17579,1.64439,0.919085,0.765642,0.047854,5.65837,19968,19968,12775,10786,1643,30,30
1789629200757371406,merge,1.71202,1.57779,0.907779,0.781142,0.051556,5.11525,19968,19968,12909,10858,1644,30,30
1789629200857237489,merge,1.69431,1.6144,0.94925,0.765431,0.05046,5.16181,19968,20064,12992,10998,1645,30,30
1789629200957333896,merge,1.73147,1.59659,0.975322,0.755193,0.058519,5.20363,20064,19968,12991,10853,1646,30,30
1789629201057345615,merge,2.31813,2.14613,1.41309,1.15675,0.053799,7.21389,20064,19968,13016,10813,1647,30,30
1789629201157403906,merge,1.71368,1.59279,0.965262,0.788652,0.049748,5.1961,19968,19968,13105,10966,1648,30,30
1789629201257416911,merge,1.93951,1.90923,0.928236,0.77694,0.049648,5.71123,19968,20064,12892,10974,1649,30,30
1789629201357315098,merge,1.89627,1.5763,0.944631,0.750698,0.044546,5.3063,20064,19968,13038,10706,1650,30,30
1789629201457474310,merge,1.73893,1.59229,0.954674,0.782797,0.058195,5.22018,19968,20064,13158,10906,1651,30,30
1789629201557361965,merge,1.872,1.60622,0.934911,0.792546,0.050262,5.36034,19968,19968,12742,10970,1652,30,30
1789629201657359135,merge,1.74012,1.58575,0.991128,0.777218,0.045711,5.22877,20064,19968,13162,10834,1653,30,30
1789629201757425033,merge,1.7908,1.58441,0.928904,0.7729,0.050797,5.23288,19968,20064,13025,10860,1654,30,30
1789629201857320349,merge,2.0509,1.80456,0.908945,0.775558,0.042582,5.69133,20064,19968,12836,11008,1655,30,30
1789629201957439335,merge,1.91912,1.61031,0.939477,0.797455,0.048951,5.4163,19968,20064,12997,11057,1656,30,30
1789629202057417553,merge,1.78395,1.5821,0.954129,0.760542,0.05058,5.23011,19968,19968,13123,10841,1657,30,30
1789629202157366595,merge,1.70349,1.58663,0.917046,0.754123,0.048158,5.09537,19968,19968,12585,10800,1658,30,30
1789629202257326306,merge,1.81302,1.6396,0.949577,0.794213,0.044966,5.34098,20064,19968,13228,10913,1659,30,30
1789629202357362337,merge,1.72728,1.63933,0.929654,0.795557,0.051176,5.23355,19968,20064,12929,10870,1660,30,30
1789629202457309822,merge,1.74665,1.62482,0.937741,0.797112,0.055035,5.2572,20064,20064,12817,10890,1661,30,30
1789629202557448657,merge,1.71947,1.62752,0.937142,0.795744,0.054158,5.22651,19968,19968,12940,10981,1662,30,30
1789629202657423415,merge,1.73155,1.63668,0.946286,0.784189,0.051907,5.24874,19968,19968,13116,10920,1663,30,30
1789629202757288393,merge,1.74127,1.60506,0.924973,0.798218,0.056735,5.22081,20064,19968,12794,10820,1664,30,30
1789629202857323858,merge,1.69493,1.59662,0.959374,0.800707,0.050404,5.19021,19968,20064,13087,10977,1665,30,30
1789629202957337462,merge,1.71998,1.61261,0.953137,0.804042,0.047216,5.23113,20064,19968,13109,10989,1666,30,30
1789629203057329616,merge,1.69195,1.59151,0.937088,0.787299,0.051142,5.14592,19968,20064,12807,10844,1667,30,30
1789629203157476472,merge,1.70354,1.58423,0.966769,0.779152,0.051333,5.17375,19968,19872,13165,10862,1668,30,30
1789629203257267418,merge,1.69834,1.60069,0.950841,0.797963,0.051318,5.18589,20064,20064,13019,10938,1669,30,30
1789629203357323025,merge,1.71002,1.60234,0.946122,0.793732,0.050916,5.18681,19968,20064,12936,10946,1670,30,30
1789629203457445975,merge,1.70733,1.58873,0.961496,0.792555,0.051065,5.18727,20064,19968,13160,10850,1671,30,30
1789629203557451752,merge,1.7113,1.59532,0.943003,0.782456,0.049872,5.16527,19968,19968,13001,10900,1672,30,30
1789629203657332209,merge,1.69594,1.60496,0.924102,0.803001,0.0481,5.16112,19968,19968,12785,10998,1673,30,30
1789629203757322628,merge,1.72108,1.61318,0.977562,0.793409,0.050351,5.24113,20064,20064,13275,10945,1674,30,30
1789629203857411719,merge,1.68649,1.59513,0.915417,0.791863,0.048317,5.12342,19968,19968,12766,10923,1675,30,30
1789629203957348597,merge,1.70944,1.61643,0.955453,0.809554,0.049113,5.23054,19968,20064,12914,11076,1676,30,30
1789629204057508493,merge,1.69094,1.62397,0.93983,0.79471,0.049625,5.19794,19968,19968,12943,11023,1677,30,30
1789629204157455946,merge,1.71421,1.5917,0.947892,0.797349,0.048206,5.18485,20064,19968,12991,10914,1678,30,30
1789629204257346425,merge,1.69598,1.59075,0.923956,0.800703,0.048781,5.14759,19968,19968,12785,10929,1679,30,30
1789629204357315323,merge,1.7252,1.60945,0.973082,0.808477,0.052989,5.25374,20064,20064,13213,11038,1680,30,30
1789629204457443638,merge,1.69376,1.61374,0.918932,0.793336,0.050905,5.16206,19968,19968,12757,11025,1681,30,30
1789629204557359058,merge,1.70412,1.60331,0.952486,0.786503,0.049441,5.17809,19968,19968,12991,10973,1682,30,30
1789629204657306238,merge,1.72684,1.60359,0.960388,0.790681,0.049282,5.21774,20064,20064,13220,11044,1683,30,30
1789629204757356178,merge,1.70533,1.61556,0.929958,0.805655,0.048228,5.18953,19968,19968,12765,11095,1684,30,30
1789629204857341906,merge,1.71299,1.60665,0.957555,0.788016,0.049349,5.19914,19968,19968,13040,11027,1685,30,30
1789629204957328530,merge,1.74169,1.62661,0.946619,0.793177,0.054874,5.25021,20064,20064,13195,10924,1686,30,30
1789629205057348637,merge,1.74698,2.65408,0.944165,0.782274,0.049148,6.26659,19968,19968,12906,11031,1687,30,30
1789629205157357154,merge,1.74501,1.64372,0.938287,0.793313,0.049947,5.25856,19968,19968,13007,11046,1688,30,30
1789629205257293930,merge,1.76418,1.62869,0.935457,0.788575,0.051102,5.25369,20064,19968,13199,10922,1689,30,30
1789629205357364583,merge,1.73124,1.62289,0.917731,0.787928,0.05009,5.20194,20064,20160,12770,10941,1690,30,30
1789629205457625997,merge,1.74326,1.62734,0.941515,0.793018,0.050815,5.25151,19968,19872,13131,10968,1691,30,30
1789629205557443771,merge,1.74251,1.60137,0.931043,0.793583,0.046475,5.21458,19968,19968,13096,10974,1692,30,30
1789629205657363344,merge,1.68528,1.58624,0.917789,0.805469,0.04988,5.12905,20064,20064,12812,10923,1693,30,30
1789629205757412005,merge,1.75442,1.58237,0.986177,0.797115,0.051982,5.25253,20064,19968,13478,10893,1694,30,30
1789629205857468677,merge,1.6938,1.61578,0.92529,0.813098,0.048344,5.17929,19968,20064,12848,11096,1695,30,30
1789629205957454261,merge,1.73988,1.58748,0.969922,0.784778,0.051247,5.21914,19872,19968,13228,10802,1696,30,30
1789629206057283197,merge,1.71233,1.57664,0.947331,0.785146,0.045354,5.15042,20064,19968,13044,10810,1697,30,30
1789629206157517973,merge,1.74602,1.61512,0.977588,0.80829,0.045635,5.27792,20064,19968,13107,10913,1698,30,30
1789629206257417327,merge,1.69653,1.59898,0.943819,0.79925,0.05363,5.17657,19968,19968,12914,10953,1699,30,30
1789629206357340602,merge,1.73121,1.58699,0.951621,0.798376,0.050471,5.20588,19872,20064,13228,10916,1700,30,30
1789629206457397777,merge,1.70609,1.58721,0.941943,0.779164,0.050105,5.14963,19968,19968,12965,10903,1701,30,30
1789629206556998700,merge,1.68839,1.59832,0.935005,0.793689,0.045227,5.15299,20160,19968,12906,10932,1702,30,30
1789629206657311575,merge,1.71335,1.58616,0.942173,0.793398,0.05234,5.17465,19872,19968,12878,10880,1703,30,30
1789629206757426080,merge,1.7117,1.58934,0.957078,0.793231,0.051453,5.18829,19872,20064,13088,10954,1704,30,30
1789629206857478579,merge,1.68957,1.60376,0.916923,0.804283,0.047685,5.14845,20064,19968,12759,10999,1705,30,30
1789629206957434549,merge,1.70854,1.59784,0.942209,0.79628,0.050403,5.18054,19968,19968,13011,10895,1706,30,30
1789629207057491615,merge,1.68707,1.59054,0.950355,0.77937,0.056743,5.15065,19872,20064,12956,10747,1707,30,30
1789629207157451154,merge,1.71256,1.59756,0.975574,0.75814,0.048393,5.18361,20064,19968,13106,10858,1708,30,30
1789629207257452030,merge,1.70911,1.60839,0.938842,0.799588,0.052116,5.19774,19968,20064,12863,11069,1709,30,30
1789629207357573911,merge,1.71376,1.57389,0.951211,0.781515,0.058814,5.16927,19968,19968,13101,10761,1710,30,30
1789629207457463789,merge,1.72211,1.58716,0.972248,0.787942,0.04818,5.2034,20064,19968,13128,10834,1711,30,30
1789629207557495233,merge,1.70042,1.59418,0.935895,0.784171,0.052867,5.15026,19968,19968,12806,10935,1712,30,30
1789629207657411522,merge,1.70383,1.6138,0.972117,0.81771,0.058296,5.2526,19968,20064,13155,10974,1713,30,30
1789629207757524528,merge,1.70161,1.5855,0.969349,0.785762,0.052981,5.18268,19968,19968,13053,10798,1714,30,30
1789629207857307517,merge,1.71131,1.58596,0.934739,0.80348,0.045157,5.16797,20064,19968,12835,10914,1715,30,30
1789629207957465491,merge,1.69876,1.62658,0.968258,0.807585,0.05382,5.24932,19968,20064,12956,10862,1716,30,30
1789629208057468363,merge,1.70819,1.58511,0.986899,0.792382,0.044902,5.21081,20064,19968,13141,10737,1717,30,30
1789629208157380596,merge,1.69718,1.58219,0.918874,0.809995,0.049733,5.1411,19968,19968,12670,10894,1718,30,30
1789629208257510822,merge,1.81534,1.61281,0.950199,0.812091,0.055684,5.35271,19968,19968,13138,10959,1719,30,30
1789629208357384147,merge,1.6942,1.61404,0.948378,0.800802,0.04845,5.20862,20064,20064,12890,10905,1720,30,30
1789629208457451225,merge,1.71326,1.60371,0.946231,0.786416,0.046669,5.19688,19968,19968,12847,10815,1721,30,30
1789629208557405199,merge,2.50438,2.09089,0.96448,0.813302,0.051318,6.56146,19968,20064,12921,11086,1722,30,30
1789629208657495295,merge,1.70312,1.59882,0.977585,0.811703,0.043111,5.21622,20064,19968,13059,10975,1723,30,30
1789629208757490508,merge,1.70172,1.58434,0.925707,0.783055,0.046161,5.13982,19968,19968,12748,10784,1724,30,30
1789629208857386798,merge,1.70831,1.58961,0.94638,0.774606,0.05031,5.15123,19968,19968,13108,10822,1725,30,30
1789629208957387971,merge,1.7184,1.60878,0.954923,0.785091,0.041204,5.21049,20064,19968,12968,10878,1726,30,30
1789629209057408582,merge,1.70891,1.58612,0.950362,0.775792,0.048825,5.15637,19968,20064,12858,10834,1727,30,30
1789629209157421098,merge,1.72005,1.58638,0.984852,0.783037,0.042314,5.19966,20064,19968,13244,10836,1728,30,30
1789629209257502781,merge,1.69008,1.6013,0.939207,0.787665,0.04907,5.15641,19968,20064,12834,10969,1729,30,30
1789629209357463981,merge,1.71138,1.58475,0.949131,0.775509,0.049613,5.154,19968,19968,12954,10832,1730,30,30
1789629209457334127,merge,1.70384,1.58536,0.950517,0.788525,0.050977,5.16665,20064,20064,13130,10923,1731,30,30
1789629209557482311,merge,1.70547,1.58939,0.946731,0.795619,0.049673,5.17049,19968,19968,12934,10945,1732,30,30
1789629209657368550,merge,1.70185,1.60278,0.941865,0.802002,0.049412,5.19836,19968,19968,12862,10872,1733,30,30
1789629209757382471,merge,1.72561,1.59922,0.95735,0.793261,0.05082,5.21007,20064,20064,13200,10746,1734,30,30
1789629209857435984,merge,1.72757,1.5883,0.939339,0.790758,0.04924,5.18679,19968,19968,12733,10851,1735,30,30
1789629209957445328,merge,1.71688,1.59517,0.961394,0.800087,0.042626,5.20297,20064,19968,13097,10928,1736,30,30
1789629210057495848,merge,1.68453,1.58925,0.940723,0.786397,0.049982,5.1361,19968,20064,12950,10895,1737,30,30
1789629210157416964,merge,1.71179,1.57374,0.946038,0.789281,0.048782,5.15098,19968,19968,12828,10807,1738,30,30
1789629210257354339,merge,1.69864,1.60612,0.969732,0.81729,0.058415,5.23417,20064,20064,12933,11033,1739,30,30
1789629210357470481,merge,1.71518,1.57884,0.999875,0.778476,0.054186,5.21193,19968,19872,13100,10737,1740,30,30
1789629210457377762,merge,1.69059,1.57564,0.935103,0.78984,0.04826,5.12878,20064,20064,12616,10870,1741,30,30
1789629210557518341,merge,1.71267,1.58972,0.961454,0.79855,0.050129,5.20549,19968,19968,13101,10884,1742,30,30
1789629210657471621,merge,1.70237,1.59283,0.948049,0.787045,0.048977,5.16574,19968,19968,13050,10843,1743,30,30
1789629210757385837,merge,1.71168,1.58018,0.941911,0.799044,0.050651,5.16907,20064,20064,12776,10823,1744,30,30
1789629210857501792,merge,1.70063,1.59151,0.967247,0.783245,0.049834,5.17621,19968,19968,13123,10981,1745,30,30
1789629210957439005,merge,1.71555,1.59838,0.98205,0.80534,0.050999,5.2405,19968,20064,13090,10969,1746,30,30
1789629211057378938,merge,1.70698,1.56462,0.944889,0.785495,0.045511,5.13508,20064,19968,12824,10739,1747,30,30
1789629211157498710,merge,1.71146,1.5912,0.960657,0.808567,0.049883,5.21102,19968,20064,13032,10961,1748,30,30
1789629211257492470,merge,1.70116,1.60106,0.960844,0.775068,0.051282,5.17269,19968,19968,13159,10943,1749,30,30
1789629211357373944,merge,1.71037,1.58469,0.936212,0.783904,0.041503,5.13826,20064,19968,12736,10813,1750,30,30
1789629211457546071,merge,1.72525,1.58095,0.967763,0.772764,0.046909,5.17893,20064,19968,13221,10772,1751,30,30
1789629211557574898,merge,1.68491,1.60237,0.93371,0.780554,0.050728,5.13978,19872,20064,12855,10913,1752,30,30
1789629211657366138,merge,1.70423,1.59348,0.938025,0.793657,0.04218,5.15521,20064,19968,12889,10910,1753,30,30
1789629211757425227,merge,1.68881,1.58286,0.952427,0.779902,0.047846,5.16037,19968,19968,12929,10812,1754,30,30
1789629211857377595,merge,1.70717,1.60543,0.956911,0.800576,0.05333,5.21504,20064,20064,13028,10940,1755,30,30
1789629211957482215,merge,1.68754,1.6044,0.953595,0.807743,0.049771,5.19826,19968,19968,12740,10905,1756,30,30
1789629212057393870,merge,1.71419,1.59954,0.998948,0.829885,0.048429,5.28233,20064,20064,13209,10921,1757,30,30
1789629212157567569,merge,1.67937,1.58877,0.931035,0.756455,0.049213,5.09152,19968,19968,12687,10905,1758,30,30
1789629212257420787,merge,1.70292,1.60905,0.961134,0.80225,0.048476,5.20693,19968,20064,12948,11026,1759,30,30
1789629212357524085,merge,1.7044,1.58354,0.967353,0.789343,0.048368,5.18285,20064,19968,13095,10760,1760,30,30
1789629212457516563,merge,1.68953,1.58191,0.981984,0.780836,0.050335,5.16118,19968,19968,12790,10774,1761,30,30
1789629212557428184,merge,1.71452,1.59625,0.95713,0.796099,0.042088,5.1965,20064,19968,13057,10903,1762,30,30
1789629212657493331,merge,1.69395,1.59525,0.980112,0.784878,0.049844,5.19281,19968,20064,13062,10904,1763,30,30
1789629212757494034,merge,1.69634,1.58546,0.94463,0.795913,0.052253,5.16513,19968,19968,12822,10854,1764,30,30
1789629212857374293,merge,1.70233,1.58762,0.957568,0.79143,0.047499,5.17363,20064,19968,13073,10927,1765,30,30
1789629212957550654,merge,2.54259,2.38877,1.35435,1.12606,0.107066,7.68524,19968,20064,13167,11001,1766,30,30
1789629213057439664,merge,2.50962,2.35911,1.30503,1.11265,0.07695,7.50969,19968,19968,12709,10865,1767,30,30
1789629213157428672,merge,2.55642,2.37709,1.35292,1.12415,0.098699,7.66517,20064,20064,13206,10982,1768,30,30
1789629213257543723,merge,2.50631,2.37502,1.33746,1.03409,0.052597,7.45553,19968,19968,13004,10936,1769,30,30
1789629213357468744,merge,1.71464,1.60678,0.958424,0.79438,0.04403,5.20177,20064,19968,12855,10881,1770,30,30
1789629213457502230,merge,1.69555,1.58619,0.953168,0.782979,0.050774,5.15648,19968,19968,12957,10859,1771,30,30
1789629213557512368,merge,1.71525,1.61264,0.964173,0.795963,0.050522,5.2227,19968,20160,13156,11076,1772,30,30
1789629213657673318,merge,1.69311,1.60226,0.927401,0.801248,0.041465,5.15154,20064,19872,12629,10941,1773,30,30
1789629213757518013,merge,1.70803,1.58515,0.956772,0.798362,0.049958,5.1841,19968,20064,13103,10925,1774,30,30
1789629213857457139,merge,1.69651,1.58171,0.960474,0.810942,0.044612,5.18104,20064,19968,13019,10913,1775,30,30
1789629213957568575,merge,1.6951,1.6052,0.924435,0.779608,0.049392,5.13659,19968,19968,12767,10980,1776,30,30
1789629214057443801,merge,1.70182,1.60452,0.922473,0.793735,0.049511,5.1635,19968,19968,12987,11009,1777,30,30
1789629214157440466,merge,1.70331,1.59945,0.953438,0.795727,0.050308,5.19174,20064,20064,13110,10956,1778,30,30
1789629214257508621,merge,1.69275,1.6031,0.94317,0.787608,0.049947,5.16344,19968,19968,12740,11033,1779,30,30
1789629214357504820,merge,1.7143,1.6083,0.953421,0.790947,0.050211,5.20616,19968,20064,13089,11011,1780,30,30
1789629214457414666,merge,1.7068,1.60277,0.947587,0.79782,0.042245,5.18346,20064,19968,13108,11030,1781,30,30
1789629214557578649,merge,1.69447,1.58601,0.941408,0.785717,0.049325,5.14433,19968,19968,12782,10891,1782,30,30
1789629214657498300,merge,1.71026,1.60651,0.960575,0.787839,0.051516,5.20442,19968,19968,13189,10991,1783,30,30
1789629214757472167,merge,1.70874,1.6051,0.965227,0.790083,0.050919,5.20834,20064,20064,13035,11009,1784,30,30
1789629214857577406,merge,1.70821,1.59276,0.944341,0.77212,0.049124,5.15378,19968,19968,12896,10919,1785,30,30
1789629214957480975,merge,1.70948,1.59652,0.96249,0.799005,0.050864,5.20332,19968,20064,13107,11013,1786,30,30
1789629215057461927,merge,1.69994,1.60709,0.963741,0.796805,0.044745,5.20024,20064,19968,13060,11099,1787,30,30
1789629215157566961,merge,1.68877,1.61076,0.938854,0.796309,0.047571,5.17843,19968,19968,12784,10965,1788,30,30
1789629215257491443,merge,1.7205,1.58461,0.965953,0.78557,0.04973,5.19292,19968,20064,13209,10799,1789,30,30
1789629215357468170,merge,1.7118,1.58477,0.936503,0.80482,0.04766,5.17438,20064,19872,12892,10921,1790,30,30
1789629215557560266,merge,1.72263,1.59297,0.97082,0.791231,0.050359,5.21544,19968,19968,13189,10840,1791,30,30
1789629215657538665,merge,1.68995,1.57424,0.930652,0.794417,0.04764,5.12369,20160,19872,12860,10793,1792,30,30
1789629215757624822,merge,1.71932,1.6009,0.947557,0.793732,0.051449,5.19568,19968,19968,13177,10985,1793,30,30
1789629215857590150,merge,1.7134,1.59082,0.928498,0.803843,0.051669,5.17299,19968,19968,13001,10862,1794,30,30
1789629215957517734,merge,1.69816,1.58948,0.937402,0.794008,0.051798,5.16763,19968,20064,12935,10913,1795,30,30
1789629216057477577,merge,1.72656,1.60477,0.955782,0.804478,0.047302,5.22253,20064,20064,13135,11101,1796,30,30
1789629216157615653,merge,1.69112,1.60343,0.930641,0.788121,0.049412,5.14832,19872,19872,12938,10914,1797,30,30
1789629216256968223,merge,1.72102,1.57554,0.961213,0.792384,0.047527,5.18673,20064,19968,13152,10807,1798,30,30
1789629216357497394,merge,1.70791,1.58672,0.972323,0.781855,0.048684,5.18887,20064,19968,13103,10831,1799,30,30
1789629216457539542,merge,1.70896,1.61927,0.963474,0.816837,0.049412,5.25931,19776,20064,13045,10918,1800,30,30
1789629216656956682,merge,1.71303,1.59266,0.933569,0.800028,0.049843,5.17417,19872,20064,12888,10965,1801,32,32
1789629216757498215,merge,1.71029,1.61063,0.944657,0.792507,0.050504,5.19515,19872,19968,13067,10908,1802,32,32
1789629216857521499,merge,1.71632,1.59506,0.957903,0.805128,0.051128,5.2109,20064,20064,13186,10902,1803,32,32
1789629216957589138,merge,1.7134,1.57514,0.93933,0.780451,0.047552,5.14481,20064,19968,12847,10782,1804,32,32
1789629217057606831,merge,1.70357,1.59515,0.956436,0.794025,0.04974,5.17934,19872,19968,13115,10947,1805,32,32
1789629217157504040,merge,1.7084,1.60206,0.94385,0.768711,0.051124,5.15595,19968,20064,13034,10915,1806,32,32
1789629217257515298,merge,1.70761,1.57658,0.936962,0.784127,0.042621,5.13133,20064,19968,12879,10724,1807,32,32
1789629217357638161,merge,1.69151,1.59656,0.936439,0.790956,0.049761,5.15295,19872,20064,12892,10911,1808,32,32
1789629217457514700,merge,1.71382,1.61078,0.984872,0.796409,0.045051,5.23543,20064,19968,13215,10941,1809,32,32
1789629217557484352,merge,1.67575,1.59053,0.949277,0.779092,0.048292,5.12954,19968,19968,12647,10792,1810,32,32
1789629217657472671,merge,1.71721,1.58414,0.960052,0.797093,0.046587,5.19154,20064,19968,13164,10833,1811,32,32
1789629217757603013,merge,1.70146,1.60305,0.936617,0.792767,0.050696,5.17173,19968,20064,12886,10985,1812,32,32
1789629217857538635,merge,1.69056,1.60007,0.935109,0.788623,0.04991,5.1562,19968,19968,12838,10930,1813,32,32
1789629217957538760,merge,1.70194,1.57273,0.953878,0.788578,0.048463,5.15324,20064,19968,12940,10808,1814,32,32
1789629218057619060,merge,1.70102,1.59844,0.952325,0.795881,0.049848,5.18399,19968,20064,13112,10944,1815,32,32
1789629218157624510,merge,1.68647,1.6614,0.918937,0.80745,0.049163,5.23632,19968,19968,12713,10867,1816,32,32
1789629218257510869,merge,1.71488,1.5888,0.961324,0.796244,0.049423,5.19676,20064,20064,13068,10807,1817,32,32
1789629218357659048,merge,1.69392,1.5744,0.939584,0.787483,0.049455,5.13449,19968,19968,13108,10858,1818,32,32
1789629218457549529,merge,1.68991,1.58658,0.932271,0.791247,0.04957,5.13569,19968,19968,12724,10869,1819,32,32
1789629218557543410,merge,1.71762,1.58577,0.932389,0.758547,0.049196,5.12885,19968,19968,13104,10827,1820,32,32
1789629218657468015,merge,1.7224,1.58808,0.945806,0.791897,0.049571,5.18519,20064,20064,13125,10935,1821,32,32
1789629218757596940,merge,1.71164,1.59294,0.93087,0.78382,0.044454,5.14938,20064,19968,12871,10978,1822,32,32
1789629218857610950,merge,1.68785,1.59509,0.939754,0.800317,0.053091,5.16278,19872,19968,12944,10931,1823,32,32
1789629218957533518,merge,1.70284,1.59222,0.978808,0.810834,0.049541,5.22087,20064,20064,13211,10799,1824,32,32
1789629219057516119,merge,1.70781,1.58144,0.928466,0.780663,0.043263,5.12958,20064,19968,12696,10768,1825,32,32
1789629219157629344,merge,1.71117,1.63249,0.965427,0.796059,0.051491,5.24155,19968,19968,13145,10828,1826,32,32
1789629219257614366,merge,1.69176,1.60409,0.936159,0.777968,0.0522,5.15088,20064,20064,12998,10917,1827,32,32
1789629219357637108,merge,1.70104,1.58411,0.961121,0.789498,0.049515,5.17157,19968,19968,12813,10890,1828,32,32
1789629219457645475,merge,1.68162,1.59125,0.945753,0.809879,0.052017,5.16518,19968,19968,12900,10938,1829,32,32
1789629219557508445,merge,1.70196,1.60274,0.96961,0.790887,0.049642,5.20105,19968,20064,13126,10983,1830,32,32
1789629219657531969,merge,1.6928,1.58113,0.938519,0.790313,0.048329,5.13778,20064,20064,12657,10910,1831,32,32
1789629219757594588,merge,1.69219,1.58057,0.968769,0.792191,0.052978,5.17125,19968,19968,13082,10845,1832,32,32
1789629219857503680,merge,1.70441,1.60863,0.95408,0.780038,0.047328,5.18074,20064,19968,13043,10865,1833,32,32
1789629219957653256,merge,1.70016,1.5769,0.93556,0.776378,0.048815,5.12316,19968,19968,12761,10681,1834,32,32
1789629220057559216,merge,1.70067,1.59433,0.955771,0.783073,0.050487,5.17034,20064,20064,13158,10912,1835,32,32
1789629220157636187,merge,1.69708,1.65078,0.955009,0.838966,0.04938,5.28864,19968,19968,12942,10999,1836,32,32
1789629220257636660,merge,1.7205,1.58566,0.961401,0.795293,0.042103,5.1858,20064,19968,12980,10819,1837,32,32
1789629220357647824,merge,1.6884,1.59125,0.943816,0.807015,0.048424,5.17587,19872,20064,12916,10886,1838,32,32
1789629220457490705,merge,1.71108,1.59474,0.957497,0.795623,0.044623,5.18552,20064,19968,13095,10912,1839,32,32
1789629220557536085,merge,1.68739,1.59672,0.937472,0.779995,0.048308,5.13524,19968,19968,12799,10964,1840,32,32
1789629220657532155,merge,1.71688,1.58002,1.00307,0.858214,0.048745,5.29903,20064,19968,13222,10802,1841,32,32
1789629220757634515,merge,1.68836,1.59115,0.941346,0.790491,0.051522,5.14962,19968,20064,12762,10831,1842,32,32
1789629220857561982,merge,1.70761,1.60521,0.954231,0.778263,0.050109,5.18335,19968,20064,12968,10879,1843,32,32
1789629220957530490,merge,1.70709,1.5894,0.956138,0.775964,0.044527,5.16155,20064,19968,13064,10853,1844,32,32
1789629221057629185,merge,1.70687,1.57873,0.92451,0.795783,0.049059,5.14166,19968,19968,12822,10859,1845,32,32
1789629221157525966,merge,1.6867,1.59913,0.944185,0.798476,0.044763,5.15508,20064,19968,12972,11010,1846,32,32
1789629221257646754,merge,1.70501,1.59109,0.962253,0.790902,0.049484,5.18304,19968,19968,13124,10891,1847,32,32
1789629221357565956,merge,1.67387,1.58274,0.908591,0.774756,0.048845,5.07189,19968,20064,12591,10901,1848,32,32
1789629221457516586,merge,1.70872,1.59199,0.965941,0.789881,0.051361,5.19744,20064,20064,13174,10974,1849,32,32
1789629221557651869,merge,1.68006,1.59162,0.96206,0.786538,0.04905,5.15714,19968,19872,12951,10894,1850,32,32
1789629221657557999,merge,1.71651,1.5897,0.944285,0.783979,0.057504,5.18093,20064,20064,12843,10786,1851,32,32
1789629221757718238,merge,1.70005,1.5876,0.924887,0.77115,0.049003,5.11933,19968,20064,12929,10797,1852,32,32
1789629221857594254,merge,1.69882,1.61013,0.941578,0.808784,0.062949,5.21089,19968,19968,13121,11001,1853,32,32
1789629221957544912,merge,1.70888,1.59541,0.952044,0.776954,0.041988,5.15753,20064,19968,12681,10904,1854,32,32
1789629222057670697,merge,1.71656,1.57697,0.976344,0.774236,0.049425,5.18339,19968,19968,13107,10847,1855,32,32
1789629222157599652,merge,1.70511,1.59018,0.948568,0.793655,0.050779,5.17985,19968,20064,12972,10898,1856,32,32
1789629222257544703,merge,1.71419,1.59918,0.9378,0.79885,0.041941,5.17978,20064,19968,12812,10969,1857,32,32
1789629222357684738,merge,1.69714,1.59975,0.961393,0.797784,0.051955,5.19282,19968,20064,13095,10964,1858,32,32
1789629222457534246,merge,1.70967,1.58682,0.96602,0.79523,0.046186,5.18823,20064,19968,13095,10898,1859,32,32
1789629222557701510,merge,1.69777,1.59801,0.954398,0.790558,0.049399,5.17718,19968,19968,12850,10940,1860,32,32
1789629222657586941,merge,1.72368,1.60244,0.948799,0.792625,0.053037,5.20185,19968,20064,13056,10851,1861,32,32
1789629222757597511,merge,1.7338,1.57563,0.958329,0.797297,0.042743,5.19225,20064,19968,13121,10871,1862,32,32
1789629222857588019,merge,1.68764,1.583,0.938302,0.776204,0.047734,5.11424,19968,19968,12771,10900,1863,32,32
1789629222957619290,merge,1.71068,1.59841,0.984421,0.828815,0.054551,5.26546,19968,19968,13145,10969,1864,32,32
1789629223057539248,merge,1.69347,1.58793,0.94303,0.792592,0.051319,5.15961,20064,20064,12951,10885,1865,32,32
1789629223157622416,merge,1.71174,1.59025,0.976521,0.803759,0.049784,5.21407,19968,20064,12922,10932,1866,32,32
1789629223257560533,merge,1.7106,1.60455,0.95753,0.798649,0.045915,5.20115,20064,19968,13053,11001,1867,32,32
1789629223357706871,merge,1.72225,1.59166,0.929635,0.792196,0.049867,5.17378,19968,19968,12918,10890,1868,32,32
1789629223457586766,merge,1.69095,1.59104,0.927979,0.804707,0.047822,5.15215,19968,20064,12700,10928,1869,32,32
1789629223557589017,merge,1.72047,1.59896,0.949508,0.795467,0.04471,5.1998,20064,19968,13220,10974,1870,32,32
1789629223657663537,merge,1.68502,1.61203,0.924879,0.788988,0.049258,5.15008,19968,20064,12757,10995,1871,32,32
1789629223757590235,merge,1.70828,1.58879,0.947808,0.796893,0.05019,5.18215,19968,19968,12941,10954,1872,32,32
1789629223857549484,merge,1.71005,1.59164,0.955945,0.786159,0.044063,5.17682,20064,19968,13089,10947,1873,32,32
1789629223957704227,merge,1.71803,1.60708,0.951476,0.790959,0.043924,5.19737,20064,19968,12863,11041,1874,32,32
1789629224057734919,merge,1.71707,1.61772,0.968847,0.820017,0.051768,5.27793,19968,19968,12972,11003,1875,32,32
1789629224157729156,merge,1.71786,1.6008,0.947393,0.763084,0.049968,5.16113,19968,20064,13106,10935,1876,32,32
1789629224257698133,merge,1.75464,1.64027,0.926972,0.791699,0.04639,5.25048,20064,19968,12884,11060,1877,32,32
1789629224357704843,merge,1.72197,1.61094,0.946611,0.813765,0.048508,5.24362,19872,19968,12946,11056,1878,32,32
1789629224457543457,merge,1.72858,1.60599,0.978709,0.81516,0.04336,5.25733,20064,19968,13244,11030,1879,32,32
1789629224557583622,merge,1.74786,1.58985,0.937584,0.798688,0.049474,5.21384,19968,20064,12803,10898,1880,32,32
1789629224657573427,merge,1.74885,1.63978,0.955938,0.797199,0.050915,5.28519,19968,19968,13066,11025,1881,32,32
1789629224757564568,merge,1.73167,1.6036,0.988316,0.804509,0.047628,5.26068,20160,19968,13165,10991,1882,32,32
1789629224857732231,merge,1.6943,1.58813,0.938854,0.79031,0.0507,5.14099,19872,20064,12863,10885,1883,32,32
1789629224957601105,merge,1.71462,1.59063,0.95455,0.774365,0.041881,5.16063,20064,19968,13019,10885,1884,32,32
1789629225057709728,merge,1.73313,1.61794,0.96426,0.820493,0.048768,5.26883,19968,20064,13161,11072,1885,32,32
1789629225157605025,merge,1.7989,1.60361,0.908692,0.78863,0.039511,5.23253,20064,19968,12671,10981,1886,32,32
1789629225257748436,merge,1.7114,1.58284,0.952101,0.787185,0.051004,5.17001,19968,19968,13164,10873,1887,32,32
1789629225357706698,merge,1.71432,1.59833,0.95338,0.799559,0.050054,5.20441,19968,20064,13031,11012,1888,32,32
1789629225457603822,merge,1.68914,1.60603,0.936832,0.787661,0.050226,5.15548,19968,19968,12787,10919,1889,32,32
1789629225557579396,merge,1.7289,1.58083,0.966092,0.781679,0.042996,5.19158,20064,19968,13217,10788,1890,32,32
1789629225657658877,merge,1.71751,1.60017,0.938787,0.797364,0.049911,5.18746,20064,20064,12995,10894,1891,32,32
1789629225757710541,merge,1.70097,1.60029,0.939546,0.797269,0.048301,5.16786,19968,19968,12973,10969,1892,32,32
1789629225857619871,merge,1.72656,1.59528,0.962281,0.776881,0.052124,5.19575,19968,19872,13176,10841,1893,32,32
1789629225957639044,merge,1.70654,1.57932,0.961208,0.785543,0.043955,5.1605,20064,19968,13010,10808,1894,32,32
1789629226057694078,merge,1.72148,1.59692,0.941971,0.792406,0.048434,5.18355,19968,20064,12976,10989,1895,32,32
1789629226157640057,merge,1.71322,1.60537,0.991757,0.798575,0.04959,5.2416,19968,19968,13141,11013,1896,32,32
1789629226257586516,merge,1.72081,1.58537,0.967629,0.785271,0.052529,5.19899,19872,19968,13183,10890,1897,32,32
1789629226356999406,merge,1.68941,1.59668,0.935451,0.789823,0.046403,5.1427,20160,19968,12890,10922,1898,32,32
1789629226457618275,merge,1.76388,1.60276,0.968761,0.787237,0.048539,5.26073,19872,19968,13121,10958,1899,32,32
1789629226557683761,merge,1.70017,1.59857,0.974811,0.787534,0.052185,5.19927,19872,20064,13068,10785,1900,32,32
1789629226757625408,merge,1.72383,1.66299,0.943671,0.804437,0.050032,5.27808,19872,20064,12946,11089,1901,33,33
1789629226857740112,merge,1.70847,1.62839,0.948853,0.79455,0.052772,5.21763,19968,19968,13168,10951,1902,33,33
1789629226957732838,merge,1.70202,1.57162,0.947487,0.783032,0.049693,5.13979,19968,19968,12945,10798,1903,33,33
1789629227057685637,merge,1.70256,1.59561,0.94011,0.801409,0.052329,5.17787,19968,20064,12917,10973,1904,33,33
1789629227157686409,merge,1.71053,1.60249,0.963458,0.806872,0.049992,5.21881,19968,19968,13027,10974,1905,33,33
1789629227257588536,merge,1.71541,1.61773,0.966698,0.806813,0.049827,5.24806,20064,20064,13105,10949,1906,33,33
1789629227357771424,merge,1.68536,1.57645,0.909783,0.774469,0.05121,5.08088,19872,19968,12613,10788,1907,33,33
1789629227457591645,merge,1.72107,1.60746,0.966526,0.793837,0.053461,5.22924,20064,20064,13244,10881,1908,33,33
1789629227557628481,merge,1.68534,1.59142,0.94668,0.803634,0.043889,5.14332,20064,19968,12859,10866,1909,33,33
1789629227657747763,merge,1.69803,1.57369,0.946914,0.792508,0.054425,5.1509,19968,19968,12870,10832,1910,33,33
1789629227757622236,merge,1.69304,1.596,0.956515,0.804595,0.05174,5.18862,19968,20064,12868,11005,1911,33,33
1789629227857619060,merge,1.71181,1.58086,0.955095,0.772648,0.049339,5.15661,20064,19776,13100,10765,1912,33,33
1789629227957707220,merge,1.68725,1.58424,0.925162,0.7852,0.0556,5.12452,19968,20160,12704,10919,1913,33,33
1789629228057654312,merge,1.7042,1.58451,0.944745,0.781919,0.051808,5.15048,19968,19968,13090,10868,1914,33,33
1789629228157635632,merge,1.70029,1.61572,0.969504,0.802089,0.050094,5.224,20064,20064,12992,11019,1915,33,33
1789629228257729870,merge,1.70003,1.5884,0.941072,0.769834,0.048921,5.13168,19968,19968,12804,10775,1916,33,33
1789629228357720429,merge,1.71765,1.58571,0.967391,0.775881,0.05038,5.1861,19968,20064,13120,10690,1917,33,33
1789629228457592646,merge,1.71841,1.59872,0.965137,0.804064,0.043566,5.21611,20064,19968,12984,10941,1918,33,33
1789629228557766224,merge,1.70601,1.59245,0.951436,0.787342,0.053465,5.17424,19968,19968,12918,10911,1919,33,33
1789629228657616880,merge,1.69635,1.57271,0.943025,0.775496,0.051197,5.12602,19968,19968,13039,10788,1920,33,33
1789629228757663468,merge,1.71019,1.60163,0.978423,0.817853,0.0578,5.25827,20064,20064,13029,10959,1921,33,33
1789629228857724517,merge,1.70264,1.59369,0.920669,0.76838,0.049727,5.1239,19968,19968,12794,10924,1922,33,33
1789629228957707762,merge,1.72721,1.58948,0.965196,0.786732,0.041511,5.19559,20064,19968,13233,10844,1923,33,33
1789629229057740510,merge,1.70579,1.58664,0.946607,0.786141,0.056172,5.16697,19968,20064,12782,10926,1924,33,33
1789629229157705214,merge,1.70168,1.59833,0.951166,0.801118,0.053177,5.19201,19968,19968,12952,10890,1925,33,33
1789629229257633586,merge,1.6921,1.61254,0.939814,0.784471,0.049625,5.16183,20064,20064,12986,10827,1926,33,33
1789629229357742742,merge,1.71267,1.57751,0.961742,0.804165,0.050485,5.18918,19968,19968,12886,10805,1927,33,33
1789629229457611797,merge,1.69487,1.5796,0.948182,0.800005,0.041294,5.16097,20064,19968,12846,10844,1928,33,33
1789629229557800084,merge,1.70934,1.61517,0.960747,0.809416,0.050342,5.23115,19968,20064,13094,11011,1929,33,33
1789629229657683651,merge,1.69442,1.58247,0.943033,0.77733,0.044606,5.13319,20064,19872,12690,10724,1930,33,33
1789629229757827378,merge,1.699,1.58506,0.953598,0.792263,0.050591,5.16746,19968,20064,13072,10927,1931,33,33
1789629229857760666,merge,1.7075,1.60784,0.963029,0.80895,0.050416,5.22182,19968,20064,13063,11078,1932,33,33
1789629229957700180,merge,1.70075,1.59481,0.928721,0.80048,0.049077,5.15744,19968,19968,12795,10897,1933,33,33
1789629230057628278,merge,1.71362,1.58211,0.962304,0.780147,0.051544,5.17384,20064,20064,13122,10756,1934,33,33
1789629230157667518,merge,1.69942,1.57932,0.943634,0.77562,0.053913,5.13416,19968,19968,13047,10809,1935,33,33
1789629230257665090,merge,1.7165,1.61208,0.957159,0.809547,0.043093,5.22092,20064,19968,12889,10961,1936,33,33
1789629230357761642,merge,1.69641,1.58381,0.952684,0.788912,0.04912,5.15937,19968,19968,13022,10811,1937,33,33
1789629230457715232,merge,1.7217,1.58374,0.972339,0.799104,0.041878,5.20529,20064,19968,13238,10882,1938,33,33
1789629230557820809,merge,1.69736,1.59639,0.91499,0.785453,0.048641,5.13087,19968,20064,12620,10995,1939,33,33
1789629230657804429,merge,1.71299,1.5774,0.989175,0.778148,0.044015,5.19148,20064,19872,13242,10771,1940,33,33
1789629230757842309,merge,1.70002,1.58167,0.951102,0.794479,0.049039,5.15973,19968,20064,12960,10882,1941,33,33
1789629230857816633,merge,1.69386,1.59471,0.928236,0.803708,0.047813,5.15479,19968,20064,12761,10962,1942,33,33
1789629230957753157,merge,1.68478,1.6036,0.955737,0.792774,0.050218,5.17646,19968,19968,12924,10901,1943,33,33
1789629231057635083,merge,1.70786,1.58089,0.964264,0.778762,0.050639,5.17134,20064,20064,13108,10729,1944,33,33
1789629231157797811,merge,1.69124,1.57935,0.930964,0.790455,0.048451,5.12395,19968,19968,12642,10853,1945,33,33
1789629231257722297,merge,1.71356,1.59514,0.960587,0.778863,0.050213,5.18966,19968,19968,13161,10930,1946,33,33
1789629231357650771,merge,1.69692,1.58646,0.944006,0.789811,0.041914,5.146,20064,19968,12874,10814,1947,33,33
1789629231457759243,merge,1.71137,1.59167,0.960372,0.792912,0.051635,5.19966,19968,20160,12842,10969,1948,33,33
1789629231557673590,merge,1.68759,1.5839,0.944397,0.794968,0.049403,5.14713,19968,19872,12979,10892,1949,33,33
1789629231657647915,merge,1.70813,1.62206,0.960583,0.797733,0.04989,5.22718,20064,20064,12954,11049,1950,33,33
1789629231757761613,merge,1.69528,1.57705,0.952446,0.794133,0.048118,5.15309,19968,19968,12899,10791,1951,33,33
1789629231857668094,merge,1.69736,1.57873,0.952042,0.790634,0.049702,5.15647,19968,19968,13053,10788,1952,33,33
1789629231957671299,merge,1.70598,1.61361,0.941004,0.782496,0.049862,5.1806,20064,20064,12976,10916,1953,33,33
1789629232057662026,merge,1.69524,1.59108,0.951513,0.789291,0.049987,5.16669,19968,19968,12943,10863,1954,33,33
1789629232157669152,merge,1.72428,1.59455,0.996403,0.778871,0.050879,5.22948,20064,20064,13265,10923,1955,33,33
1789629232257736999,merge,1.68579,1.58265,0.913183,0.791439,0.049088,5.10919,19968,19968,12762,10916,1956,33,33
1789629232357721763,merge,1.73911,1.59162,0.954194,0.776273,0.047383,5.20195,20064,19968,13134,10929,1957,33,33
1789629232457806671,merge,1.68782,1.58846,0.946168,0.801068,0.048474,5.15223,19968,20064,12972,10917,1958,33,33
1789629232557740512,merge,1.70982,1.58649,0.940061,0.80416,0.04892,5.18705,19968,19968,12846,10926,1959,33,33
1789629232657672359,merge,1.70138,1.59723,0.938134,0.80039,0.046842,5.17941,20064,19968,12996,10990,1960,33,33
1789629232757798819,merge,1.71595,1.59461,0.930393,0.77552,0.05072,5.16952,19968,20064,13134,10832,1961,33,33
1789629232857732884,merge,1.68395,1.57561,0.918848,0.801874,0.041192,5.10663,20064,19872,12608,10845,1962,33,33
1789629232957773834,merge,1.70099,1.60385,0.96236,0.793362,0.051457,5.20927,19968,20064,13111,10967,1963,33,33
1789629233057763660,merge,1.69012,1.60775,0.94936,0.794316,0.052419,5.19044,19968,20064,12926,11006,1964,33,33
1789629233157719698,merge,1.71042,1.57616,0.945499,0.784148,0.042538,5.14233,20064,19872,12835,10848,1965,33,33
1789629233257718665,merge,1.69261,1.58545,0.940859,0.790136,0.049955,5.14753,19968,20064,12986,10897,1966,33,33
1789629233357737569,merge,1.69299,1.60306,0.941492,0.834196,0.051771,5.20895,19968,20064,13061,11024,1967,33,33
1789629233457703371,merge,1.68962,1.5916,0.926506,0.794466,0.049779,5.14285,20064,20064,12744,10949,1968,33,33
1789629233557778716,merge,1.693,1.59955,0.957728,0.797077,0.048973,5.19529,19968,19968,13078,10918,1969,33,33
1789629233657706231,merge,1.70715,1.59568,0.970429,0.794558,0.048225,5.20722,20064,19872,13188,10942,1970,33,33
1789629233757721396,merge,1.7266,1.65801,0.906919,0.798399,0.054272,5.24258,19968,20064,12715,11037,1971,33,33
1789629233857742683,merge,1.70256,1.60938,0.954854,0.79122,0.051745,5.20687,19968,20064,13141,10931,1972,33,33
1789629233957738574,merge,1.71427,1.61329,0.937881,0.776828,0.045898,5.18142,20064,19872,13089,10898,1973,33,33
1789629234057708978,merge,1.7218,1.60931,0.932892,0.803988,0.04975,5.20917,19968,20064,12786,11015,1974,33,33
1789629234157729437,merge,1.71622,1.62051,0.957521,0.799798,0.045393,5.22866,20064,19968,13159,11033,1975,33,33
1789629234257873859,merge,1.71375,1.61801,0.936644,0.785414,0.049472,5.19373,19968,20064,13055,10947,1976,33,33
1789629234357753423,merge,2.25066,2.1763,1.30365,1.16706,0.065476,7.07718,19968,19968,12702,11015,1977,33,33
1789629234457701797,merge,1.75444,1.61346,0.96592,0.824562,0.047268,5.30471,20064,19968,13277,11064,1978,33,33
1789629234557880178,merge,2.36107,2.27291,1.02269,0.78953,0.05042,6.62411,19968,20064,12844,10957,1979,33,33
1789629234657845823,merge,2.28023,2.12602,1.2554,1.14192,0.06591,6.98171,19968,19968,12885,10908,1980,33,33
1789629234757729920,merge,2.18547,2.16212,1.38442,1.13804,0.063007,7.05176,19968,19968,12980,11044,1981,33,33
1789629234857707256,merge,1.91619,1.71513,1.16298,0.912121,0.054119,5.86123,20064,20160,13078,10983,1982,33,33
1789629234957757002,merge,1.79939,1.80236,1.10298,0.938126,0.053578,5.79171,19968,19872,12701,10854,1983,33,33
1789629235057746155,merge,1.95643,1.83868,1.0612,0.907186,0.053414,5.91995,19968,19968,13184,10955,1984,33,33
1789629235156972937,merge,2.43709,2.30193,0.997526,0.793788,0.042122,6.68954,20064,19968,12937,10950,1985,33,33
1789629235256991734,merge,2.21236,2.11867,1.24675,1.12429,0.054679,6.87152,19968,20160,12877,11069,1986,33,33
1789629235357749046,merge,1.72647,1.59028,0.973405,0.790887,0.050957,5.21866,19968,19968,13265,10895,1987,33,33
1789629235457088396,merge,2.01138,1.60105,0.90601,0.79648,0.042926,5.464,20064,19872,12859,10904,1988,33,33
1789629235557009460,merge,1.72337,1.61236,0.955767,0.9468,0.056747,5.3818,20064,20064,13140,11104,1989,33,33
1789629235657891716,merge,1.73968,1.59006,0.955805,0.798747,0.050642,5.22514,19968,19968,13163,10842,1990,33,33
1789629235757781710,merge,1.69819,1.59395,0.927647,0.792985,0.049514,5.14824,19968,20064,12857,10858,1991,33,33
1789629235857762161,merge,1.91304,1.62454,0.959372,0.794614,0.049868,5.44934,19968,20064,13388,10991,1992,33,33
1789629235957002973,merge,1.69338,1.57566,0.951436,0.779072,0.050632,5.13433,19968,19776,12950,10772,1993,33,33
1789629236056957743,merge,1.83593,1.58325,0.964812,0.795681,0.050479,5.33254,19968,19968,13277,10829,1994,33,33
1789629236156921987,merge,1.73759,1.69107,0.95671,0.805952,0.048763,5.35114,20064,20064,12931,11041,1995,33,33
1789629236256991716,merge,1.72373,1.59788,0.948458,0.811349,0.049245,5.21971,19872,19968,13248,10905,1996,33,33
1789629236356941680,merge,1.69302,1.58004,0.929228,0.785484,0.043311,5.11619,20160,19968,12867,10836,1997,33,33
1789629236457755135,merge,1.72486,1.58657,0.940021,0.783692,0.04833,5.17135,19968,19968,13092,10868,1998,33,33
1789629236557843771,merge,1.69124,1.61316,0.933574,0.804061,0.049876,5.18179,19872,20064,12955,11088,1999,33,33
1789629236657837174,merge,1.72198,1.57397,0.948527,0.776284,0.041283,5.15201,20064,19872,13083,10745,2000,33,33
1789629236757879304,merge,1.70025,1.58541,0.923925,0.776226,0.048404,5.12237,19968,20064,12657,10797,2001,33,33
1789629236857842679,merge,1.71769,1.61025,0.945324,0.802547,0.052293,5.2172,19872,20064,13118,10979,2002,33,33
1789629236957795269,merge,1.69035,1.60388,0.930127,0.803814,0.065948,5.17812,19968,20064,12875,10964,2003,33,33
1789629237057769813,merge,1.76857,1.58419,0.936651,0.794442,0.045183,5.23151,20064,19968,12845,10873,2004,33,33
1789629237157779353,merge,1.70024,1.57981,0.954936,0.787648,0.048387,5.16124,19968,19968,12961,10888,2005,33,33
1789629237257804314,merge,1.69952,1.61042,0.957433,0.789348,0.048346,5.18703,19968,20064,13111,11046,2006,33,33
1789629237357809338,merge,1.69676,1.57686,0.941163,0.793608,0.048862,5.14307,19968,19968,12763,10788,2007,33,33
1789629237457746342,merge,1.71489,1.59401,0.956183,0.789846,0.049543,5.19163,19968,20064,13055,10927,2008,33,33
1789629237557766674,merge,1.72963,1.59131,1.00158,0.782016,0.049309,5.24112,20064,19872,13152,10866,2009,33,33
1789629237657810356,merge,1.69267,1.59341,0.932159,0.770717,0.048286,5.1218,19968,20064,12808,10748,2010,33,33
1789629237757802455,merge,1.72227,1.56729,0.952901,0.774792,0.044313,5.15038,20064,19872,13174,10724,2011,33,33
1789629237957763979,merge,2.27017,2.10376,1.30425,1.0942,0.051739,6.92232,20160,19872,12949,10884,2012,33,33
1789629238057873415,merge,2.25062,2.10148,1.31251,1.10624,0.055235,6.9206,19872,20160,12956,10925,2013,33,33
1789629238157810420,merge,1.766,1.59378,0.978326,0.793417,0.047248,5.28442,20064,19968,13248,10920,2014,33,33
1789629238257841982,merge,1.67993,1.59188,0.924172,0.810343,0.052342,5.14224,19968,19968,12659,10922,2015,33,33
1789629238357784698,merge,1.7096,1.57899,0.985286,0.79011,0.046785,5.19505,20064,19872,13158,10760,2016,33,33
1789629238457880867,merge,1.68448,1.59819,0.94189,0.789065,0.052654,5.15057,19968,20160,12908,10884,2017,33,33
1789629238557834598,merge,1.70422,1.58853,0.915407,0.777083,0.047051,5.11719,20064,19872,12828,10870,2018,33,33
1789629238657802101,merge,1.68579,1.61708,0.93973,0.800818,0.048811,5.17415,19968,20160,12923,10983,2019,33,33
1789629238757820239,merge,1.69667,1.57076,0.956406,0.776201,0.04941,5.13713,19968,19968,13113,10781,2020,33,33
1789629238857814986,merge,1.67431,1.57837,0.901047,0.777818,0.047868,5.06297,19968,19968,12552,10839,2021,33,33
1789629238957066541,merge,1.71039,1.59545,0.972102,0.776641,0.047014,5.18425,20064,19968,13195,10915,2022,33,33
1789629239057842436,merge,1.69166,1.59309,0.930736,0.781457,0.051692,5.13987,19968,20064,12962,10906,2023,33,33
1789629239157085015,merge,1.70652,1.567,0.953219,0.777463,0.045872,5.13776,20064,19872,12795,10740,2024,33,33
1789629239257901189,merge,1.69919,1.61332,0.959853,0.805034,0.04974,5.21401,19968,20160,13147,11028,2025,33,33
1789629239357799649,merge,1.71053,1.59279,0.951622,0.777941,0.052536,5.17281,19968,19968,13066,10762,2026,33,33
1789629239457784175,merge,1.72021,1.57378,0.949965,0.778649,0.0468,5.15432,20064,19968,12842,10737,2027,33,33
1789629239557837091,merge,1.72749,1.57637,0.958649,0.772731,0.062353,5.18061,20064,19968,13167,10844,2028,33,33
1789629239657956731,merge,1.70148,1.60057,0.951826,0.779091,0.050183,5.17155,19968,19968,13078,10947,2029,33,33
1789629239757923078,merge,1.70749,1.59238,0.919863,0.775783,0.050425,5.13278,19968,20064,12749,10852,2030,33,33
1789629239857837174,merge,1.71137,1.58604,0.983187,0.799504,0.050439,5.21823,20064,19968,13245,10845,2031,33,33
1789629239957916862,merge,1.70294,1.59857,0.948108,0.801219,0.049722,5.19043,19968,19968,12857,10965,2032,33,33
1789629240057907466,merge,1.71776,1.60295,0.942929,0.804275,0.048475,5.20148,20064,20064,12954,10921,2033,33,33
1789629240157938856,merge,1.70332,1.56485,0.945217,0.776543,0.050124,5.118,19968,19968,13018,10807,2034,33,33
1789629240257898029,merge,1.75579,1.61322,0.9466,0.791248,0.048053,5.25212,19968,20160,12948,10880,2035,33,33
1789629240357827343,merge,1.68007,1.59475,0.942211,0.803897,0.049319,5.15642,19968,19968,12689,10910,2036,33,33
1789629240457804001,merge,1.71336,1.57625,0.961798,0.777755,0.047608,5.16141,20064,19872,13192,10727,2037,33,33
1789629240557875444,merge,1.68216,1.58821,0.94703,0.79894,0.050158,5.15119,19968,19968,12692,10885,2038,33,33
1789629240657803922,merge,1.70517,1.60772,0.967861,0.803338,0.047517,5.21379,20064,20064,13034,11029,2039,33,33
1789629240757964434,merge,1.7041,1.58283,0.965042,0.785673,0.050278,5.17445,19968,19968,12988,10798,2040,33,33
1789629240857843358,merge,1.69335,1.57766,0.937305,0.792938,0.049497,5.13601,19968,19968,12823,10865,2041,33,33
1789629240957844550,merge,1.71826,1.59869,0.953371,0.779812,0.047269,5.18227,20064,19968,13011,10980,2042,33,33
1789629241057892956,merge,1.69535,1.61455,0.962054,0.793877,0.051041,5.20124,19968,20064,13103,11012,2043,33,33
1789629241157844030,merge,1.71182,1.58452,0.917841,0.777701,0.046875,5.12418,20064,20064,12798,10713,2044,33,33
1789629241257973380,merge,1.69744,1.5863,0.947387,0.790547,0.05307,5.15624,19968,19968,13056,10821,2045,33,33
1789629241357942331,merge,1.69733,1.61885,0.956276,0.803384,0.053556,5.2093,19968,20064,13144,11110,2046,33,33
1789629241457820728,merge,1.69627,1.58707,0.951942,0.777313,0.050594,5.15317,19968,19968,12668,10829,2047,33,33
1789629241557806548,merge,1.71555,1.58884,0.984849,0.770338,0.048761,5.19837,20064,19968,13246,10809,2048,33,33
1789629241657830707,merge,1.6947,1.59659,0.95218,0.779793,0.052204,5.16175,19968,19968,13057,10926,2049,33,33
1789629241757857531,merge,1.71407,1.59401,0.941913,0.798105,0.052367,5.19056,20064,19968,12861,10859,2050,33,33
1789629241857911969,merge,1.70904,1.59209,0.943189,0.802133,0.052988,5.19869,19968,20064,12977,10980,2051,33,33
1789629241957869503,merge,1.69558,1.59371,0.983731,0.792772,0.049345,5.19701,19968,20064,13119,10935,2052,33,33
1789629242057807469,merge,1.69668,1.61488,0.930761,0.790715,0.045818,5.16409,20064,19968,12682,10906,2053,33,33
1789629242157915183,merge,1.71792,1.59841,0.983359,0.809356,0.050324,5.24478,19968,20064,13155,10838,2054,33,33
1789629242257092676,merge,1.69351,1.57971,0.941462,0.78628,0.0504,5.13578,20064,19872,12890,10773,2055,33,33
1789629242357964953,merge,1.70882,1.60868,0.920068,0.811598,0.05182,5.19942,19968,20064,12823,11080,2056,33,33
1789629242457870579,merge,1.70819,1.59691,0.952613,0.79859,0.050691,5.19888,19968,20064,12962,10870,2057,33,33
1789629242557824140,merge,1.70484,1.57978,0.941802,0.776252,0.047483,5.13492,20064,19872,13063,10811,2058,33,33
1789629242757860020,merge,1.70457,1.59655,0.961111,0.798394,0.136014,5.28195,20064,19872,13185,10949,2059,33,33
1789629242857998676,merge,1.71371,1.5795,0.955804,0.793498,0.050038,5.17784,19968,19968,12915,10867,2060,33,33
1789629242957849051,merge,1.6925,1.59408,0.908548,0.785455,0.05035,5.11884,19968,20160,12843,10844,2061,33,33
1789629243057828100,merge,1.70961,1.59793,0.969085,0.79373,0.051817,5.21184,20064,19968,13205,10891,2062,33,33
1789629243157935459,merge,1.70281,1.58252,0.933162,0.774283,0.049531,5.12658,19968,19872,12837,10783,2063,33,33
1789629243257823291,merge,1.70291,1.59824,0.96066,0.791799,0.050337,5.19036,19968,20160,12995,10988,2064,33,33
1789629243357909116,merge,1.71033,1.5829,0.96292,0.82175,0.054783,5.22441,20064,19872,13112,10925,2065,33,33
1789629243557852496,merge,1.70316,1.5841,0.954999,0.799639,0.140217,5.26684,20064,19872,12966,10856,2066,33,33
1789629243657994769,merge,1.71496,1.59226,0.956723,0.792587,0.173425,5.31248,19968,20064,13150,10959,2067,33,33
1789629243757916969,merge,1.69211,1.61814,0.943646,0.80502,0.170529,5.31386,19968,20064,12749,11069,2068,33,33
1789629243857819677,merge,1.71792,1.65098,0.956235,0.795849,0.240281,5.446,20064,19872,13044,10930,2069,33,33
1789629243957953363,merge,2.39028,1.59641,0.946302,0.80139,0.170936,6.0138,19968,20064,12934,10919,2070,33,33
1789629244057921202,merge,1.70708,1.65607,0.932449,0.788655,0.238991,5.41291,20064,19968,12870,10981,2071,33,33
1789629244158013689,merge,1.69276,1.61633,0.962821,0.798141,0.229019,5.3833,19968,19968,12901,11060,2072,33,33
1789629244257956855,merge,1.72002,1.60219,0.956461,0.797728,0.059178,5.22128,19968,19968,13154,11005,2073,33,33
1789629244357910928,merge,1.69551,1.59032,0.914731,0.794022,0.143639,5.22154,20064,20064,12646,10899,2074,33,33
1789629244458018846,merge,1.71528,1.60945,0.948829,0.797911,0.227859,5.38211,19968,19968,13124,11049,2075,33,33
1789629244557960827,merge,1.72825,1.61235,0.948996,0.798634,0.088493,5.26053,19968,20064,13011,11058,2076,33,33
1789629244657859952,merge,1.70667,1.64262,0.944089,0.803103,0.237409,5.41786,20064,19872,12789,10925,2077,33,33
1789629244758041951,merge,1.71119,1.60682,0.954902,0.805945,0.172713,5.33765,19968,20064,13154,11086,2078,33,33
1789629244857928125,merge,1.71384,1.70321,0.967943,0.811688,0.176391,5.47435,19968,20064,13101,11034,2079,33,33
1789629244957919865,merge,1.70565,1.67094,0.923213,0.792428,0.238975,5.42127,20064,19968,12823,11008,2080,33,33
1789629245058042871,merge,1.71302,1.58777,0.957012,0.79867,0.231385,5.37304,19968,19968,13150,10904,2081,33,33
1789629245157976341,merge,1.71326,1.59456,0.954622,0.803647,0.090151,5.24297,19968,20064,13134,10934,2082,33,33
1789629245257907382,merge,1.69936,1.64081,0.947466,0.798988,0.246686,5.42411,20064,19872,12773,10918,2083,33,33
1789629245357976870,merge,1.7336,1.59809,0.947763,0.795952,0.140321,5.309,19968,20064,13199,10947,2084,33,33
1789629245457973697,merge,1.72618,1.58788,0.975343,0.79598,0.138978,5.30666,19968,20064,13108,10915,2085,33,33
1789629245557053188,merge,1.67415,1.60335,0.939902,0.806835,0.141088,5.25023,19968,20064,12803,11073,2086,33,33
1789629245657852623,merge,1.75258,1.64222,0.963497,0.799919,0.197674,5.43972,20064,19872,13368,10937,2087,33,33
1789629245757956266,merge,1.69217,1.58458,0.939628,0.773067,0.162715,5.23473,19968,20064,12866,10831,2088,33,33
1789629245857041260,merge,1.71817,1.63159,0.948361,0.792621,0.244144,5.42434,20064,19872,13050,10810,2089,33,33
1789629245957956050,merge,1.71399,1.61912,0.946841,0.790382,0.170303,5.32405,19872,20160,13111,10983,2090,33,33
1789629246057033280,merge,1.71548,1.64615,0.953542,0.796377,0.244665,5.43905,20064,19968,13081,10887,2091,33,33
1789629246157069535,merge,1.70726,1.57954,0.941765,0.793905,0.22448,5.33468,19968,19872,12910,10803,2092,33,33
1789629246257036252,merge,1.73676,1.60089,0.966301,0.80247,0.147611,5.36097,20064,19968,13208,11009,2093,33,33
1789629246357948537,merge,1.71865,1.60129,0.946194,0.799684,0.188546,5.33803,19872,20064,12980,10932,2094,33,33
1789629246457060651,merge,1.70766,1.62354,0.939649,0.786244,0.237446,5.39082,20160,19872,12907,10771,2095,33,33
1789629246557970615,merge,1.71065,1.60974,0.94011,0.802413,0.172697,5.32121,19872,20064,12978,11051,2096,33,33
1789629246657987275,merge,1.70842,1.61214,0.946447,0.805835,0.232028,5.39535,19872,19968,13117,10956,2097,33,33
1789629246757043201,merge,1.71447,1.57451,0.953985,0.777614,0.138103,5.24419,20160,19968,12899,10768,2098,33,33
1789629246957895261,merge,1.72352,1.59415,0.964761,0.787617,0.214008,5.36641,20064,19968,13248,10914,2099,33,33
1789629247057997863,merge,1.7039,1.58704,0.948327,0.787564,0.213356,5.32527,20064,19872,12894,10800,2100,33,33
1789629247257926942,merge,1.78488,1.66625,0.96553,0.790792,0.238602,5.53515,19968,19968,13094,10904,2101,33,33
1789629247357885508,merge,1.89403,1.69263,1.02253,1.02797,0.27762,6.02195,20064,20064,13022,11032,2102,33,33
1789629247457889997,merge,1.68481,1.59854,0.923036,0.787083,0.24648,5.32442,19968,19968,12765,10833,2103,33,33
1789629247558042927,merge,1.77131,1.6607,0.966049,0.796359,0.234674,5.51397,19968,19968,13106,10860,2104,33,33
1789629247657910036,merge,1.69643,1.68274,0.933185,0.77422,0.235792,5.40902,20064,19968,12897,10900,2105,33,33
1789629247758053948,merge,1.70831,1.60741,0.938562,0.779766,0.244658,5.36977,19968,20064,12914,10762,2106,33,33
1789629247857907869,merge,1.76346,1.64999,0.958675,0.787635,0.237427,5.48279,19968,19968,12946,10751,2107,33,33
1789629247957978110,merge,1.71027,1.68179,0.962311,0.803448,0.237544,5.48352,20064,19968,13072,10991,2108,33,33
1789629248057937028,merge,1.68876,1.61327,0.928441,0.790013,0.245408,5.35121,19968,19968,12683,10957,2109,33,33
1789629248157929541,merge,1.77501,1.58149,0.946007,0.779674,0.273599,5.44247,19968,20160,13075,10905,2110,33,33
1789629248257906022,merge,1.70109,1.64438,0.938135,0.785047,0.239671,5.39303,20064,19872,12879,10772,2111,33,33
1789629248357957922,merge,1.69458,1.61467,0.973684,0.79782,0.232711,5.39519,19968,19968,12870,10934,2112,33,33
1789629248457973274,merge,1.71297,1.65952,0.961625,0.794861,0.23648,5.44924,20064,19968,13184,10837,2113,33,33
1789629248558009273,merge,1.69487,1.58637,0.933535,0.776873,0.237593,5.31373,19968,20064,12891,10891,2114,33,33
1789629248657965754,merge,1.77025,1.67904,0.950097,0.78452,0.238621,5.50788,19968,19968,12929,10858,2115,33,33
1789629248757934344,merge,1.76646,1.60347,0.947464,0.790315,0.239111,5.43455,19968,20064,13117,10880,2116,33,33
1789629248857918280,merge,1.71442,1.64583,0.942082,0.782688,0.236576,5.4067,20064,19968,13031,10791,2117,33,33
1789629248958017272,merge,2.56174,2.40024,1.32301,0.913782,0.244491,7.60789,19968,19968,12881,10867,2118,33,33
1789629249057909190,merge,1.7163,1.69032,0.964374,0.789597,0.243335,5.47594,20064,20064,13247,10996,2119,33,33
1789629249158060775,merge,1.69577,1.59652,0.949228,0.786516,0.24473,5.35534,19968,19968,12803,10786,2120,33,33
1789629249257930232,merge,1.72158,1.64898,0.961629,0.79424,0.236048,5.45503,20064,19968,13065,10829,2121,33,33
1789629249358040734,merge,1.69215,1.622,0.937406,0.798084,0.241143,5.37392,19968,19968,12951,10944,2122,33,33
1789629249457969427,merge,1.70002,1.66726,0.938291,0.787323,0.211949,5.39274,20064,20064,12840,10905,2123,33,33
1789629249558073975,merge,1.69094,1.58413,0.948916,0.770475,0.198242,5.27762,19968,19968,12916,10715,2124,33,33
1789629249658061468,merge,1.76241,1.65566,0.93412,0.771289,0.204275,5.41161,19968,19968,13139,10858,2125,33,33
1789629249756981180,merge,1.73976,1.60939,0.913413,0.791845,0.210599,5.35107,19968,20160,12627,11088,2126,33,33
1789629249857928352,merge,1.69836,1.62445,0.970681,0.769476,0.207718,5.35252,20064,19872,13097,10704,2127,33,33
1789629249958016141,merge,1.69421,1.59911,0.93656,0.796253,0.199927,5.3116,19968,20160,12948,11044,2128,33,33
1789629250057928731,merge,1.71845,1.6491,0.944218,0.775564,0.206357,5.38569,20064,19872,12804,10827,2129,33,33
1789629250158052899,merge,1.69821,1.60287,0.934856,0.796851,0.201994,5.32002,19968,19968,13003,10853,2130,33,33
1789629250257976755,merge,1.76447,1.58597,0.952035,0.7899,0.212839,5.3912,19968,20064,13105,10943,2131,33,33
1789629250357976317,merge,1.71105,1.66176,0.93613,0.797039,0.203556,5.40015,20064,19968,12824,10894,2132,33,33
1789629250457994220,merge,1.69393,1.62,0.938901,0.778747,0.208462,5.32625,19968,19968,13059,10857,2133,33,33
1789629250557954719,merge,1.70648,1.64904,0.948876,0.7815,0.23769,5.40974,20064,20064,13157,10813,2134,33,33
1789629250658075215,merge,1.71031,1.60042,0.922155,0.790371,0.257025,5.37312,19968,19968,12710,10861,2135,33,33
1789629250857939771,merge,1.80663,1.6497,0.947618,0.783526,0.240585,5.51577,19968,19872,13081,10714,2136,33,33
1789629250957127409,merge,1.71052,1.64644,0.966976,0.820814,0.255928,5.48552,20064,19968,12846,10805,2137,33,33
1789629251057032415,merge,1.70168,1.60963,0.958873,0.791539,0.24833,5.40154,19968,19968,13028,10968,2138,33,33
1789629251157031776,merge,1.70747,1.6946,0.947077,0.796963,0.23694,5.47784,20064,20064,13097,11057,2139,33,33
1789629251257996007,merge,1.68657,1.59186,0.93613,0.781774,0.195583,5.27629,19968,19968,12765,10749,2140,33,33
1789629251357968702,merge,1.71205,1.66019,0.957884,0.790552,0.212564,5.41954,20064,20064,13227,10821,2141,33,33
1789629251458120641,merge,1.69432,1.6132,0.94279,0.802903,0.199851,5.33523,19968,19968,12704,10968,2142,33,33
1789629251557985338,merge,1.7719,1.60219,0.945774,0.796058,0.2403,5.45102,19968,20064,12938,10928,2143,33,33
1789629251657943200,merge,1.68996,1.66307,0.96262,0.788437,0.196505,5.40152,20064,19968,13041,10852,2144,33,33
1789629251758105752,merge,1.69792,1.62669,0.950399,0.793857,0.196787,5.36074,19968,19968,12841,10921,2145,33,33
1789629251857945398,merge,1.74932,1.66638,0.945796,0.794496,0.200116,5.44246,19968,19968,12855,10933,2146,33,33
1789629251957031750,merge,1.70884,1.65296,0.952275,0.796091,0.217045,5.41398,20064,20064,13154,10940,2147,33,33
1789629252058054407,merge,1.68937,1.60481,0.939352,0.779022,0.252314,5.35555,19968,19968,12757,10896,2148,33,33
1789629252157063858,merge,1.70256,1.68325,0.954992,0.805777,0.244281,5.4781,20064,20064,13090,10969,2149,33,33
1789629252258112263,merge,1.70169,1.60427,0.963974,0.783854,0.245504,5.38842,19968,19968,13157,10805,2150,33,33
1789629252357989481,merge,1.76183,1.6526,0.95772,0.792111,0.248106,5.50019,19968,19968,12753,10792,2151,33,33
1789629252457061278,merge,1.71483,1.67672,0.957057,0.802198,0.243713,5.48479,20064,19968,13188,10959,2152,33,33
1789629252558052324,merge,1.69523,1.6066,0.961346,0.803979,0.245329,5.40219,19968,20064,13038,11002,2153,33,33
1789629252657987444,merge,1.76574,1.65657,0.922029,0.789217,0.237215,5.46208,19968,19968,12782,10856,2154,33,33
1789629252757029730,merge,1.71924,1.67247,0.935612,0.78251,0.238211,5.43982,20064,20064,13074,10928,2155,33,33
1789629252858010257,merge,1.70597,1.61955,0.94178,0.819213,0.244193,5.41899,19968,19968,13174,10998,2156,33,33
1789629252958007151,merge,1.68786,1.66085,0.93358,0.782128,0.234544,5.38899,20064,19968,12669,10827,2157,33,33
1789629253058010705,merge,1.70719,1.59467,0.954567,0.793401,0.250691,5.38924,19968,20064,13184,10905,2158,33,33
1789629253158017050,merge,1.68599,1.6804,0.954636,0.77678,0.23701,5.42568,20064,19968,12983,10956,2159,33,33
1789629253258131392,merge,1.70505,1.63291,0.93205,0.801188,0.196305,5.36044,19968,19968,12797,10864,2160,33,33
1789629253358054124,merge,1.75415,1.65604,0.96218,0.790418,0.244402,5.49392,19968,19968,12932,10851,2161,33,33
1789629253457978034,merge,1.69978,1.68007,0.963684,0.843855,0.240459,5.5162,20064,20064,13154,10999,2162,33,33
1789629253558030076,merge,1.68066,1.62401,0.959755,0.834169,0.242256,5.42557,19968,19968,12601,10996,2163,33,33
1789629253658020932,merge,1.76442,1.589,0.963198,0.798316,0.238848,5.43769,19968,20064,13100,10925,2164,33,33
1789629253757997442,merge,1.69954,1.66641,0.95788,0.792611,0.240444,5.43954,20064,19968,13049,10871,2165,33,33
1789629253857974841,merge,1.69115,1.62263,0.934435,0.784198,0.241546,5.36233,19968,19968,12764,10986,2166,33,33
1789629253958050016,merge,1.71623,1.69267,0.975816,0.796393,0.243366,5.51026,20064,20064,13195,11036,2167,33,33
1789629254058141388,merge,1.69418,1.6195,0.946184,0.78331,0.241595,5.37112,19968,19968,13004,10956,2168,33,33
1789629254157213634,merge,1.76711,1.60288,0.926143,0.806775,0.251303,5.44094,19968,20064,12874,11047,2169,33,33
1789629254257181544,merge,1.70229,1.68927,0.968111,0.806005,0.23857,5.48691,20064,19872,13139,11056,2170,33,33
1789629254358185601,merge,1.69782,1.62417,0.946631,0.799633,0.231125,5.38815,19968,20064,13031,11036,2171,33,33
1789629254458010274,merge,1.77628,1.66661,0.945883,0.807569,0.237706,5.52647,19968,19968,12784,10912,2172,33,33
1789629254557079949,merge,1.71104,1.68792,0.997791,0.800789,0.240756,5.52568,20064,20064,13289,10994,2173,33,33
1789629254658171206,merge,1.70793,1.63523,0.942428,0.80121,0.237884,5.40691,19968,19968,12894,11025,2174,33,33
1789629254758046366,merge,1.79046,1.67211,0.931228,0.796972,0.238764,5.51775,19968,19968,12970,10914,2175,33,33
1789629254857072346,merge,2.6445,1.77697,0.943934,0.782794,0.243771,6.52951,19968,19968,13057,10975,2176,33,33
1789629254957086116,merge,1.70319,1.69419,0.942073,0.797787,0.167163,5.46146,20064,20064,13044,11160,2177,33,33
1789629255057178101,merge,1.69731,1.6128,0.934659,0.796158,0.049967,5.17665,19968,20064,12773,11003,2178,33,33
1789629255157191244,merge,1.72657,1.59548,0.960458,0.778709,0.052016,5.20292,20064,19968,13264,10815,2179,33,33
1789629255258161125,merge,1.70297,1.58065,0.928568,0.779237,0.05005,5.13634,19968,19968,12746,10859,2180,33,33
1789629255358042819,merge,1.71479,1.6065,0.944837,0.787106,0.049086,5.19163,19968,20064,12982,11017,2181,33,33
1789629255458030859,merge,1.73132,1.58434,0.959851,0.775077,0.050187,5.18812,20064,19968,13246,10870,2182,33,33
1789629255558099618,merge,1.70362,1.58196,0.925622,0.760822,0.051221,5.10832,19968,19968,12769,10860,2183,33,33
1789629255657225215,merge,1.71927,1.61966,0.945102,0.80548,0.177255,5.36498,19968,20160,13084,11176,2184,33,33
1789629255758016901,merge,1.76125,1.66909,0.936369,0.754861,0.239486,5.45126,20064,19872,13103,10856,2185,33,33
1789629255858049792,merge,1.73735,1.5943,0.938264,0.77029,0.242894,5.37474,19968,19968,12919,10847,2186,33,33
1789629255958063846,merge,1.83587,1.66761,0.952637,0.795845,0.240361,5.58602,19968,19968,13309,10873,2187,33,33
1789629256057152767,merge,1.70699,1.69333,0.935218,0.79952,0.241538,5.47592,20064,20064,12960,10909,2188,33,33
1789629256158141299,merge,1.76516,1.58564,0.964329,0.782742,0.243823,5.42823,19872,20064,13183,10866,2189,33,33
1789629256257186572,merge,1.72549,1.65274,0.962893,0.77274,0.23879,5.43842,20064,19968,13020,10845,2190,33,33
1789629256358041705,merge,1.75512,1.61047,0.964496,0.791878,0.241525,5.45692,19968,19872,13309,10855,2191,33,33
1789629256457266571,merge,1.77736,1.67254,0.938848,0.793044,0.238475,5.51588,19872,19968,12869,10943,2192,33,33
1789629256557208185,merge,1.88714,1.65934,0.948098,0.756624,0.239888,5.58536,20064,20064,12977,10861,2193,33,33
1789629256658033552,merge,1.73592,1.60857,0.968475,0.847437,0.244117,5.48899,19872,19968,13073,10960,2194,33,33
1789629256757179621,merge,1.71956,1.67647,0.954798,0.791594,0.237724,5.46174,20064,19968,13127,10983,2195,33,33
1789629256857184232,merge,1.70454,1.59543,0.915435,0.794478,0.236281,5.33108,19968,19968,12760,10845,2196,33,33
1789629256957124764,merge,1.72877,1.66606,0.969596,0.792416,0.242139,5.48969,20064,20064,13286,10859,2197,33,33
1789629257058214111,merge,1.69226,1.62222,0.93868,0.798187,0.233602,5.37192,19968,19968,12908,10881,2198,33,33
1789629257158216550,merge,1.76857,1.66554,0.933858,0.782654,0.232559,5.4701,19968,19968,12831,10764,2199,33,33
1789629257258107461,merge,1.77801,1.66408,0.932539,0.795232,0.260577,5.51647,19968,19968,12994,10883,2200,33,33
1789629257358136804,merge,1.76793,1.61508,0.937791,0.807476,0.234789,5.45172,19968,20256,13071,11182,2201,33,33
1789629257458058377,merge,1.7475,1.66261,0.918024,0.795569,0.224068,5.43199,19968,19872,12645,10860,2202,33,33
1789629257558075867,merge,1.70902,1.65163,0.933202,0.779588,0.240047,5.40659,20064,19968,13189,10803,2203,33,33
1789629257658130597,merge,1.72379,1.64351,0.940656,0.81417,0.252424,5.46641,19968,19968,12925,10888,2204,33,33
1789629257757195748,merge,1.74294,1.72243,0.958121,0.82235,0.240138,5.57751,20064,20064,12859,11045,2205,33,33
1789629257858134627,merge,1.70422,1.60094,0.959882,0.778953,0.239409,5.36718,19968,19968,13060,10743,2206,33,33
1789629257958239717,merge,1.79477,1.65601,0.930101,0.773776,0.241209,5.48544,19968,19968,13103,10766,2207,33,33
1789629258058148600,merge,1.70404,1.67441,0.926516,0.796799,0.232428,5.42084,20064,19968,12781,10905,2208,33,33
1789629258158071246,merge,1.7105,1.6106,0.949885,0.805308,0.237285,5.40199,19968,20064,13056,11015,2209,33,33
1789629258258218839,merge,1.78413,1.66233,0.95267,0.801262,0.241121,5.52898,19968,19968,13144,10819,2210,33,33
1789629258358120171,merge,1.71015,1.66506,0.929248,0.791465,0.233075,5.41638,20064,19968,12766,10863,2211,33,33
1789629258458174748,merge,1.70148,1.61937,0.95502,0.790528,0.246081,5.40309,19968,20064,13170,11028,2212,33,33
1789629258558159849,merge,1.80461,1.69855,0.934663,0.785958,0.265765,5.57986,19968,19968,13006,10799,2213,33,33
1789629258658058691,merge,1.74451,1.68654,0.947422,0.765712,0.238673,5.47774,20064,19968,12812,10838,2214,33,33
1789629258758103927,merge,1.73832,1.62943,0.972557,0.78332,0.246342,5.46222,19968,20064,13006,10953,2215,33,33
1789629258858149563,merge,1.80625,1.70538,0.951739,0.781981,0.246813,5.57974,19968,19968,13140,10825,2216,33,33
1789629258957154209,merge,1.73623,1.68681,0.925127,0.766781,0.236776,5.43975,20064,19968,12685,10769,2217,33,33
1789629259058086573,merge,1.74602,1.63771,0.962244,0.812022,0.253217,5.5067,19968,20064,13139,10956,2218,33,33
1789629259158108389,merge,1.72723,1.70499,0.931849,0.784892,0.245993,5.49342,20064,19968,12985,10967,2219,33,33
1789629259258184175,merge,1.70885,1.60698,0.952497,0.799878,0.25432,5.40715,19968,19968,12802,10814,2220,33,33
1789629259358147183,merge,1.69277,1.67009,0.962499,0.800761,0.24928,5.46048,20064,20064,13016,10966,2221,33,33
1789629259458238461,merge,1.70692,1.61334,0.959605,0.810621,0.246151,5.42292,19968,19968,12994,10910,2222,33,33
1789629259558126221,merge,1.75457,1.59774,0.902481,0.783369,0.230371,5.35333,19968,20064,12641,10884,2223,33,33
1789629259658068687,merge,1.71727,1.65171,0.946951,0.795043,0.264278,5.46126,20064,19968,13208,10748,2224,33,33
1789629259758193914,merge,1.69419,1.61129,0.94721,0.791893,0.242436,5.37388,19968,19968,12978,10866,2225,33,33
1789629259858106997,merge,1.76827,1.67585,0.946511,0.784375,0.234959,5.49377,19968,19968,12830,10891,2226,33,33
1789629259958111436,merge,1.71757,1.66051,0.959478,0.786331,0.254708,5.46782,20064,20064,13236,10872,2227,33,33
1789629260058119092,merge,1.70234,1.59898,0.949405,0.784505,0.236656,5.36086,19968,20064,12892,10888,2228,33,33
1789629260158108366,merge,1.71872,1.67802,0.9669,0.810896,0.239003,5.49877,20064,19968,13013,10978,2229,33,33
1789629260258195771,merge,1.6931,1.60993,0.957849,0.792187,0.238547,5.37947,19968,19968,13092,10857,2230,33,33
1789629260358213415,merge,1.76316,1.59312,0.946799,0.794187,0.239516,5.41865,19968,20064,12913,10899,2231,33,33
1789629260457227203,merge,1.70524,1.669,0.948953,0.792596,0.233208,5.42904,20064,19968,12961,10864,2232,33,33
1789629260558210934,merge,1.70974,1.61466,0.969921,0.776568,0.244089,5.39899,19968,19968,13162,10844,2233,33,33
1789629260657135454,merge,1.76157,1.65927,0.919349,0.782003,0.235768,5.44747,19968,19968,12749,10749,2234,33,33
1789629260757144818,merge,1.71884,1.67062,0.972474,0.785187,0.25601,5.49532,20064,19968,13127,10904,2235,33,33
1789629260858158135,merge,1.70656,1.61116,0.964225,0.806828,0.240071,5.41389,19968,20064,12976,11082,2236,33,33
1789629260958227929,merge,1.71549,1.66358,0.939389,0.789664,0.237131,5.43327,20064,19968,12806,10830,2237,33,33
1789629261058195838,merge,1.72188,1.62366,0.933914,0.785594,0.284555,5.44761,19968,20064,12907,10906,2238,33,33
1789629261158170786,merge,1.78471,1.68337,0.936105,0.79867,0.241319,5.56742,19968,19968,13117,10971,2239,33,33
1789629261258085811,merge,1.69094,1.67923,0.914206,0.803814,0.236816,5.41118,20064,20064,12671,10970,2240,33,33
1789629261358215405,merge,1.70591,1.5906,0.952558,0.789258,0.246129,5.36924,19968,19968,13142,10781,2241,33,33
1789629261458128896,merge,1.76253,1.65048,0.95136,0.792215,0.195541,5.44748,19968,19968,12976,10845,2242,33,33
1789629261557164815,merge,1.70696,1.68584,0.931261,0.797184,0.239141,5.44406,20064,20064,12793,10939,2243,33,33
1789629261658227680,merge,1.69578,1.60257,0.963556,0.781672,0.251486,5.38027,19968,19968,13093,10821,2244,33,33
1789629261757224279,merge,1.69951,1.65855,0.965229,0.794127,0.240714,5.44675,20064,19968,13095,10809,2245,33,33
1789629261858274288,merge,1.69406,1.60853,0.932383,0.788083,0.240892,5.35288,19968,20064,12814,11011,2246,33,33
1789629261958180673,merge,1.81036,1.68329,0.941529,0.786997,0.24377,5.56123,19968,19968,13019,10886,2247,33,33
1789629262058107818,merge,1.71446,1.65102,0.958482,0.775645,0.238799,5.42597,20064,19968,13160,10855,2248,33,33
1789629262158222763,merge,1.70058,1.59919,0.932123,0.800655,0.242608,5.36332,19968,20064,12781,11018,2249,33,33
1789629262258174622,merge,1.71963,1.6808,0.977679,0.798028,0.252511,5.51423,20064,19968,13244,10969,2250,33,33
1789629262358267370,merge,1.69266,1.60268,0.94693,0.785017,0.207231,5.32811,19968,20064,12887,10793,2251,33,33
1789629262458204815,merge,1.75866,1.64511,0.959391,0.790789,0.192932,5.43442,19968,19968,12921,10835,2252,33,33
1789629262558124574,merge,1.69455,1.6875,0.951139,0.804372,0.239226,5.46507,20064,19968,13046,10957,2253,33,33
1789629262658166044,merge,1.70075,1.59314,0.948906,0.789928,0.245708,5.36362,19968,20064,12938,10940,2254,33,33
1789629262758178003,merge,1.74162,1.58292,0.915107,0.785284,0.231164,5.34297,19968,20064,12735,10912,2255,33,33
1789629262858101363,merge,1.71129,1.66022,0.980915,0.787635,0.243481,5.47155,20064,19872,13249,10919,2256,33,33
1789629262958225422,merge,1.6765,1.62858,0.924636,0.800203,0.222886,5.3391,19968,20064,12707,11015,2257,33,33
1789629263057253060,merge,1.70563,1.66409,0.949823,0.803572,0.234269,5.44386,20064,19968,13029,10912,2258,33,33
1789629263158275168,merge,1.71249,1.61823,0.93725,0.791749,0.248984,5.40499,19968,19968,12991,10865,2259,33,33
1789629263258189387,merge,1.70457,1.70008,0.961814,0.800406,0.244315,5.50231,20064,20064,12851,10917,2260,33,33
1789629263358308276,merge,1.7028,1.6071,0.947056,0.793615,0.246687,5.38629,19968,19968,13022,10847,2261,33,33
1789629263458214190,merge,1.77545,1.66115,0.97692,0.788948,0.238704,5.52566,19968,19968,13079,10851,2262,33,33
1789629263558204273,merge,1.72262,1.68052,0.91997,0.796035,0.23425,5.44107,20064,19968,12886,10985,2263,33,33
1789629263658311351,merge,1.70031,1.60325,0.943752,0.791278,0.241392,5.36834,19968,20064,13051,10998,2264,33,33
1789629263758207375,merge,1.77926,1.5834,0.958762,0.801867,0.243721,5.45685,19968,20064,13164,10927,2265,33,33
1789629263858137259,merge,1.69805,1.66331,0.935618,0.784564,0.234078,5.40009,20064,19968,12776,10884,2266,33,33
1789629263958275489,merge,1.71597,1.6319,0.965218,0.796671,0.241129,5.43825,19968,19968,13139,11090,2267,33,33
1789629264058212672,merge,1.76015,1.68654,0.939886,0.795913,0.241043,5.5134,19968,19968,13037,11089,2268,33,33
1789629264157303251,merge,1.71986,1.66642,0.939237,0.789642,0.234584,5.4337,20064,19968,12877,10909,2269,33,33
1789629264258211137,merge,1.71052,1.6107,0.955394,0.798484,0.246492,5.40971,19968,20064,13021,11015,2270,33,33
1789629264358197903,merge,1.77619,1.60549,0.960275,0.821305,0.245604,5.49838,19968,20064,13158,11036,2271,33,33
1789629264457320737,merge,1.74571,1.67145,0.933886,1.07491,0.241523,5.76171,20064,19872,12692,10972,2272,33,33
1789629264558240941,merge,1.70707,1.60259,0.959718,0.802689,0.242096,5.40045,19968,20064,13186,11023,2273,33,33
1789629264658179839,merge,1.77258,1.68853,0.94717,0.800389,0.239197,5.53676,19968,19968,12929,11043,2274,33,33
1789629264758156966,merge,1.71238,1.68822,0.950323,0.787837,0.24425,5.47405,20064,20064,12872,11012,2275,33,33
1789629264858247748,merge,1.70193,1.59911,0.955882,0.789679,0.241294,5.37059,19968,19968,13045,10861,2276,33,33
1789629264958211144,merge,1.78489,1.68262,0.95502,0.819033,0.237079,5.5693,19968,19968,13100,11008,2277,33,33
1789629265058136166,merge,1.71436,1.70368,0.925623,0.804943,0.234018,5.47251,20064,20064,12740,11166,2278,33,33
1789629265158282715,merge,1.71323,1.61993,0.95391,0.776556,0.247553,5.4017,19968,19968,13152,10904,2279,33,33
1789629265258226127,merge,1.77627,1.5836,0.977117,0.786501,0.240687,5.45555,19968,20064,13104,10817,2280,33,33
1789629265358153092,merge,1.70927,1.66017,0.936321,0.789804,0.235379,5.42143,20064,19872,12799,10900,2281,33,33
1789629265458252561,merge,1.73128,1.61344,0.949014,0.794705,0.240699,5.42231,19968,20064,13288,11015,2282,33,33
1789629265558250149,merge,1.78509,1.58275,0.94416,0.788269,0.244523,5.43513,19968,20064,13039,10911,2283,33,33
1789629265657289373,merge,1.6929,1.66128,0.940592,0.795013,0.234358,5.41132,20064,19968,12882,10876,2284,33,33
1789629265758248795,merge,1.73867,1.60612,0.966868,0.797335,0.257492,5.45395,19968,20064,13440,11078,2285,33,33
1789629265857349601,merge,1.76504,1.6737,0.922201,0.790928,0.241242,5.48119,19968,19872,12832,10892,2286,33,33
1789629265957362686,merge,1.73907,1.67815,0.965129,0.799616,0.240611,5.50965,20064,20064,13258,10974,2287,33,33
1789629266058214781,merge,1.69611,1.61474,0.950654,0.780533,0.237335,5.36561,19872,19968,13030,10924,2288,33,33
1789629266157235344,merge,1.79254,1.6735,0.96411,0.788583,0.237992,5.54987,20064,19872,13235,10957,2289,33,33
1789629266257381456,merge,1.69895,1.64865,0.920151,0.768617,0.237126,5.3588,20064,20064,12835,10803,2290,33,33
1789629266358226186,merge,1.75919,1.5881,1.01702,0.790055,0.24936,5.49019,19968,20064,13257,10912,2291,33,33
1789629266458239932,merge,1.76054,1.6727,0.954602,0.790949,0.237432,5.50208,19872,19872,12921,10890,2292,33,33
1789629266557164389,merge,1.77749,1.66902,0.941791,0.779386,0.238517,5.4928,19968,19968,12921,10873,2293,33,33
1789629266758326947,merge,1.79316,1.66371,0.946092,0.797469,0.23234,5.51563,19872,19872,13111,10897,2294,33,33
1789629266857302778,merge,1.76206,1.67638,0.927392,0.803613,0.237137,5.49151,20064,19968,12737,10912,2295,33,33
1789629266958175629,merge,1.82269,1.59363,0.968785,0.796158,0.241582,5.52339,19968,20064,13091,10900,2296,33,33
1789629267058227292,merge,1.79573,1.65545,0.946702,0.779705,0.245941,5.50869,19968,19968,13035,10849,2297,33,33
1789629267158228606,merge,1.76571,1.61953,0.938941,0.798311,0.240613,5.44902,19968,20064,12949,10862,2298,33,33
1789629267257241428,merge,1.79598,1.65931,0.944744,0.78798,0.234839,5.51221,20064,19968,13024,10754,2299,33,33
1789629267358317322,merge,1.7763,1.59041,0.954897,0.792573,0.237253,5.44026,19968,20064,13113,10963,2300,33,33
1789629267458284402,merge,1.7893,1.6753,0.947909,0.795783,0.234611,5.53283,19968,19968,13000,10964,2301,33,33
1789629267558290517,merge,1.77465,1.60993,0.942168,0.794216,0.23892,5.44586,19968,20064,12880,10907,2302,33,33
1789629267658194707,merge,1.80744,1.64604,0.969029,0.792666,0.236516,5.53678,20064,19968,13259,10799,2303,33,33
1789629267758343821,merge,1.75597,1.59909,0.953183,0.788708,0.246607,5.43745,19872,19968,12908,10935,2304,33,33
1789629267858200149,merge,1.81061,1.67505,0.946329,0.805607,0.233081,5.55639,20064,19968,12957,10959,2305,33,33
1789629267958244285,merge,1.77439,1.58354,0.96663,0.786694,0.24061,5.44138,19968,20064,13001,10768,2306,33,33
1789629268058189055,merge,1.81035,1.65838,0.964106,0.7848,0.240911,5.55083,20064,19968,13082,10791,2307,33,33
1789629268158224392,merge,1.75732,1.68301,0.942218,0.783578,0.236829,5.49111,19968,19968,12779,10856,2308,33,33
1789629268258230470,merge,1.78371,1.65604,0.961426,0.789146,0.242491,5.51746,20064,19968,13227,10858,2309,33,33
1789629268358286229,merge,1.74244,1.66108,0.944986,0.785413,0.219808,5.44784,19968,19968,12732,10833,2310,33,33
1789629268557369890,merge,1.69637,1.66554,0.946187,0.783427,0.243607,5.41773,20064,19872,13014,10872,2311,33,33
1789629268658322416,merge,1.70649,1.58877,0.934266,0.800102,0.236304,5.35277,19968,20064,12866,10943,2312,33,33
1789629268758287317,merge,1.76531,1.65496,0.93188,0.802151,0.239456,5.48418,19968,19968,12840,10865,2313,33,33
1789629268858202508,merge,1.7638,1.67478,0.954031,0.799323,0.246152,5.52636,19968,19968,13102,10933,2314,33,33
1789629268957186975,merge,1.71158,1.67761,0.94379,0.780652,0.240897,5.43817,20064,20064,12945,10760,2315,33,33
1789629269058206276,merge,1.70612,1.60066,0.95113,0.772335,0.247095,5.36584,19968,19968,12967,10733,2316,33,33
1789629269158229635,merge,1.73236,1.6668,0.962965,0.796524,0.239351,5.487,20064,19968,13239,10972,2317,33,33
1789629269258298130,merge,1.69816,1.61969,0.940713,0.799585,0.240439,5.38437,19968,19968,12791,10919,2318,33,33
1789629269358259569,merge,1.72117,1.65625,0.962337,0.784342,0.24052,5.45203,20064,20064,13181,10840,2319,33,33
1789629269458267257,merge,1.74304,1.59472,0.951195,0.793794,0.238152,5.41556,19968,20064,13074,10943,2320,33,33
1789629269558259259,merge,1.77699,1.67722,0.94546,0.797941,0.247935,5.52995,19968,19968,12839,10946,2321,33,33
1789629269657327273,merge,1.70575,1.66335,0.970502,0.787932,0.241221,5.45895,20064,19968,13093,10807,2322,33,33
1789629269758304837,merge,1.7042,1.59296,0.96131,0.77858,0.251095,5.37172,19968,20064,13172,10792,2323,33,33
1789629269857341487,merge,1.75342,1.66976,0.935086,0.796912,0.246123,5.4821,19968,19968,12682,10879,2324,33,33
1789629269957263919,merge,1.7126,1.67538,0.961991,0.800274,0.246206,5.48073,20064,19968,13173,10906,2325,33,33
1789629270058222008,merge,1.70057,1.59389,0.95065,0.79515,0.250145,5.37922,19968,20064,12948,10934,2326,33,33
1789629270157328540,merge,1.70184,1.66653,0.932983,0.794517,0.23965,5.42202,20064,19968,12839,10883,2327,33,33
1789629270258272365,merge,1.70029,1.62549,0.937294,0.800648,0.245302,5.39462,19968,19968,12966,10898,2328,33,33
1789629270358234575,merge,1.78045,1.59496,0.957158,0.793577,0.253251,5.46411,19968,20064,13117,10907,2329,33,33
1789629270457302831,merge,1.69946,1.65133,0.921078,0.787972,0.234478,5.38521,20064,19968,12673,10841,2330,33,33
1789629270558235047,merge,1.71173,1.61621,0.968275,0.799585,0.255854,5.43382,19968,19968,13122,10954,2331,33,33
1789629270658232096,merge,1.7019,1.6809,0.947201,0.795077,0.245302,5.45483,20064,20064,12994,10837,2332,33,33
1789629270758353023,merge,1.70105,1.59448,0.950431,0.782785,0.23734,5.35171,19968,19968,12769,10764,2333,33,33
1789629270858284628,merge,1.77589,1.6632,0.974601,0.786586,0.247336,5.53003,19968,19968,13143,10899,2334,33,33
1789629270957267166,merge,1.70333,1.68622,0.944383,0.801719,0.257406,5.47761,20064,20064,13033,11064,2335,33,33
1789629271058291539,merge,1.703,1.58404,0.932526,0.778084,0.243458,5.32442,19968,20064,12865,10844,2336,33,33
1789629271157437278,merge,1.76546,1.66152,0.968849,0.795707,0.245261,5.52717,19968,19872,13100,10774,2337,33,33
1789629271257226942,merge,1.72551,1.68481,0.958107,0.796593,0.248071,5.50311,20064,20064,13117,11060,2338,33,33
1789629271358305265,merge,1.70308,1.60598,0.94676,0.795854,0.251853,5.39071,19968,19968,12879,10889,2339,33,33
1789629271458239692,merge,1.72838,1.64864,0.968327,0.788975,0.243312,5.46442,20064,19968,13262,10829,2340,33,33
1789629271558341989,merge,1.68697,1.5935,0.96652,0.799596,0.248645,5.38157,19968,20064,12786,10841,2341,33,33
1789629271658297563,merge,1.77247,1.61417,0.946713,0.803159,0.244136,5.46908,19968,20064,13030,10953,2342,33,33
1789629271757417751,merge,1.70877,1.64977,0.954378,0.785835,0.243214,5.43041,20064,19968,13086,10800,2343,33,33
1789629271858294313,merge,1.70172,1.59105,0.948417,0.791606,0.244179,5.36137,19968,19968,12858,10818,2344,33,33
1789629271957367843,merge,1.74467,1.61104,0.937446,0.808584,0.244284,5.43446,19968,20064,12848,10998,2345,33,33
1789629272057360008,merge,1.71269,1.66928,0.978764,0.788413,0.237988,5.47558,20064,19968,13192,10888,2346,33,33
1789629272158294218,merge,1.68037,1.60463,0.908856,0.797515,0.245021,5.32291,19968,19968,12610,10851,2347,33,33
1789629272257274874,merge,1.71894,1.67286,0.961451,0.790655,0.243441,5.47167,20064,20064,13175,11020,2348,33,33
1789629272358337909,merge,1.68866,1.62454,0.943411,0.804423,0.251508,5.40031,19968,19968,12959,10998,2349,33,33
1789629272458292572,merge,1.7734,1.66397,0.936577,0.784215,0.259176,5.50122,19968,19968,12736,10836,2350,33,33
1789629272557275066,merge,1.70832,1.68669,0.962259,0.78589,0.24775,5.49001,20064,20064,13066,10821,2351,33,33
1789629272658287923,merge,1.69397,1.61944,0.935756,0.79557,0.242927,5.37488,19968,19968,13097,10966,2352,33,33
1789629272758314513,merge,1.71922,1.66891,0.93965,0.781965,0.236387,5.4332,20064,19968,12822,10869,2353,33,33
1789629272858324423,merge,1.69726,1.58629,0.952148,0.790032,0.244477,5.35677,19968,20064,13072,10935,2354,33,33
1789629272958311957,merge,1.76629,1.66121,0.973699,0.794988,0.239804,5.5218,19968,19968,13171,10885,2355,33,33
1789629273057339412,merge,1.69972,1.69771,0.928949,0.79582,0.240506,5.45048,20064,20064,12776,11091,2356,33,33
1789629273158320212,merge,1.69885,1.59967,0.959924,0.793266,0.246483,5.38344,19968,19968,13181,10909,2357,33,33
1789629273258264849,merge,1.75807,1.66317,0.965251,0.799632,0.240358,5.51015,19968,19968,13073,10913,2358,33,33
1789629273357389738,merge,1.73595,1.69842,0.972586,0.796941,0.237255,5.54009,20064,19968,12870,10946,2359,33,33
1789629273458292450,merge,1.68149,1.60122,0.947607,0.784068,0.239042,5.34359,19968,20064,12962,10808,2360,33,33
1789629273557293903,merge,1.76569,1.67143,0.957992,0.799704,0.243366,5.52402,19968,19968,13159,10894,2361,33,33
1789629273657288128,merge,1.69576,1.67217,0.916493,0.800207,0.230157,5.40258,20064,19968,12657,11007,2362,33,33
1789629273757345816,merge,1.70126,1.60354,0.939825,0.797405,0.248304,5.37449,19968,20064,13135,11005,2363,33,33
1789629273857400213,merge,1.75344,1.66444,0.929865,0.80642,0.240495,5.47693,19968,19968,12934,10936,2364,33,33
1789629273957350198,merge,1.69828,1.67169,0.930861,0.793418,0.243957,5.42284,20064,20064,12827,10934,2365,33,33
1789629274057441565,merge,1.68948,1.63801,0.928076,0.815421,0.241164,5.39976,19968,19968,12912,11033,2366,33,33
1789629274157366162,merge,1.77174,1.69376,0.951611,0.814578,0.244225,5.56291,19968,19968,13071,11049,2367,33,33
1789629274257298978,merge,1.68846,1.67147,0.924433,0.781265,0.236887,5.39137,20064,19968,12737,10914,2368,33,33
1789629274357298916,merge,1.69672,1.60908,0.953478,0.802425,0.245109,5.39485,19968,20064,13088,11034,2369,33,33
1789629274457460419,merge,1.71687,1.68751,0.946741,0.800402,0.241924,5.49777,20064,19968,13022,11014,2370,33,33
1789629274557417524,merge,1.70879,1.63026,0.933019,0.80685,0.238355,5.40113,19968,19968,12869,11020,2371,33,33
1789629274657297926,merge,1.78444,1.59241,0.975416,0.785924,0.244012,5.46026,19968,20064,13177,10973,2372,33,33
1789629274757382961,merge,1.71823,1.69216,0.935038,0.801135,0.243273,5.47784,20064,19968,12973,11075,2373,33,33
1789629274857401115,merge,1.71523,1.62555,0.943577,0.80179,0.200536,5.36735,19968,19968,12994,11058,2374,33,33
1789629274957327247,merge,1.7629,1.58699,0.962472,0.784759,0.207746,5.38866,19968,20064,13107,10898,2375,33,33
1789629275057393500,merge,1.70922,1.65159,0.934829,0.791741,0.204015,5.37708,20064,19968,13034,10956,2376,33,33
1789629275157387126,merge,1.69627,1.61955,0.922826,0.781642,0.204554,5.31119,19968,19968,12908,11057,2377,33,33
1789629275257348036,merge,1.78399,1.60987,0.965991,0.791027,0.213428,5.44815,19968,20064,13205,10960,2378,33,33
1789629275357429519,merge,1.69361,1.64637,0.923376,0.792145,0.201997,5.34124,20064,19968,12772,10837,2379,33,33
1789629275458288852,merge,1.69861,1.59697,0.94728,0.809391,0.194026,5.3299,19968,20064,12959,10985,2380,33,33
1789629275557447120,merge,1.78035,1.66188,0.962595,0.799547,0.19924,5.48772,19968,19968,13179,10966,2381,33,33
1789629275657423880,merge,1.69611,1.63256,0.93816,0.787602,0.205892,5.34303,20064,19968,12863,10824,2382,33,33
1789629275757469529,merge,1.71398,1.59309,0.994444,0.779082,0.197518,5.36275,19968,19968,13160,10820,2383,33,33
1789629275857335589,merge,1.70994,1.66165,0.964829,0.796241,0.205428,5.42443,20064,20064,13005,10994,2384,33,33
1789629275957526939,merge,1.70059,1.60614,0.931679,0.79764,0.201826,5.32659,19968,19968,12944,10937,2385,33,33
1789629276057465069,merge,1.78273,1.64445,0.966605,0.796664,0.208539,5.48432,19968,19968,13178,10901,2386,33,33
1789629276157408460,merge,1.70805,1.66396,0.950283,0.806389,0.207302,5.42173,20064,20064,13012,11022,2387,33,33
1789629276257575943,merge,1.71469,1.60573,0.942432,0.800059,0.206329,5.35553,19872,19872,13024,10934,2388,33,33
1789629276357414982,merge,1.71223,1.64246,0.957266,0.78267,0.208331,5.39101,20064,19968,13076,10803,2389,33,33
1789629276557384984,merge,1.73344,1.65704,0.942689,0.790223,0.195247,5.40845,19968,19872,13045,10877,2390,33,33
1789629276757380991,merge,1.70226,1.58737,0.956351,0.789202,0.051595,5.17488,19872,20064,13068,10931,2391,43,43
1789629276857347778,merge,1.69315,1.59297,0.944569,0.790184,0.049234,5.15237,19872,19968,13067,10929,2392,43,43
1789629276957451913,merge,1.70962,1.59597,0.925892,0.798822,0.157014,5.2727,20064,19968,12843,10945,2393,43,43
1789629277057398704,merge,1.73081,1.58252,0.957625,0.783645,0.055921,5.19606,20064,20064,13227,10886,2394,43,43
1789629277157473616,merge,1.69291,1.58137,0.931222,0.794952,0.049957,5.14193,19872,19968,12922,10898,2395,43,43
1789629277257435334,merge,1.7294,1.60828,0.947907,0.798062,0.050825,5.22257,20160,20064,12975,10883,2396,43,43
1789629277357441410,merge,1.73249,1.58426,0.942089,0.786586,0.0486,5.1807,19872,19968,12930,10760,2397,43,43
1789629277457404504,merge,1.70879,1.58437,0.969598,0.786506,0.050764,5.18839,20064,19968,13203,10850,2398,43,43
1789629277557390346,merge,1.6788,1.60022,0.922265,0.786382,0.050637,5.12119,19968,19968,12599,10941,2399,43,43
1789629277657317068,merge,1.71093,1.61166,0.940246,0.789866,0.051068,5.19509,19872,20160,13039,11043,2400,43,43
1789629277757473635,merge,1.69986,1.56675,0.966259,0.78875,0.043842,5.15021,20064,19872,13018,10690,2401,43,43
1789629277957563453,merge,1.6844,1.60883,0.943952,0.828393,0.048389,5.1978,19872,20064,12816,11057,2402,44,44
1789629278057334166,merge,1.72484,1.58083,0.974795,0.78865,0.051371,5.20653,19968,19968,13143,10826,2403,44,44
1789629278157366653,merge,1.69706,1.58919,0.93379,0.791673,0.048411,5.14412,20064,20064,12665,10789,2404,44,44
1789629278257453736,merge,1.69659,1.59587,0.949911,0.789074,0.049547,5.16232,19968,19968,13081,10857,2405,44,44
1789629278357431274,merge,1.69807,1.61915,0.951869,0.807982,0.049432,5.20509,19968,19968,12991,10966,2406,44,44
1789629278457435710,merge,1.70784,1.57828,0.94529,0.796196,0.048487,5.16229,20064,19968,12814,10769,2407,44,44
1789629278557337255,merge,1.69928,1.60311,0.956197,0.798807,0.052255,5.19289,19968,20064,13052,11013,2408,44,44
1789629278657352954,merge,1.70808,1.59582,1.0155,0.795163,0.048877,5.24564,19968,19968,13116,10920,2409,44,44
1789629278757381996,merge,1.70202,1.60584,0.944483,0.803554,0.048518,5.18947,20064,20064,12846,10948,2410,44,44
1789629278857520171,merge,1.70657,1.56371,0.968338,0.776924,0.042657,5.14095,20064,19872,13181,10761,2411,44,44
1789629278958361382,merge,1.71565,1.60433,0.969911,0.808006,0.049804,5.23352,19968,20064,13171,11004,2412,44,44
1789629279057369423,merge,2.28741,1.59352,0.91156,0.789756,0.048012,5.74037,19968,19968,12649,10793,2413,44,44
1789629279157319511,merge,1.7018,1.57903,0.956801,0.781075,0.049307,5.15444,20064,20064,13199,10734,2414,44,44
1789629279257415270,merge,1.6871,1.58536,0.952056,0.797069,0.049647,5.15724,19968,19968,13012,10891,2415,44,44
1789629279357325256,merge,1.70615,1.6028,0.932657,0.788743,0.049214,5.16636,19968,19968,12772,10947,2416,44,44
1789629279457374355,merge,1.70837,1.62687,0.963268,0.785467,0.049471,5.2249,20064,20064,13092,10852,2417,44,44
1789629279557395793,merge,1.71186,1.57185,0.959967,0.779592,0.0499,5.16109,19968,19968,13104,10775,2418,44,44
1789629279657355225,merge,1.70081,1.59672,0.914401,0.796729,0.048943,5.14381,20064,20064,12695,11036,2419,44,44
1789629279757473259,merge,1.70415,1.59704,0.963621,0.792965,0.05012,5.20011,19968,19968,13120,10932,2420,44,44
1789629279857445865,merge,1.67908,1.57235,0.954326,0.796768,0.050034,5.13183,19968,19968,12828,10815,2421,44,44
1789629279957355807,merge,1.69917,1.59063,0.924903,0.778965,0.04919,5.12586,20064,20064,12874,10777,2422,44,44
1789629280057443899,merge,1.68154,1.60063,0.95265,0.783968,0.047492,5.15143,19968,19968,12969,10894,2423,44,44
1789629280157445681,merge,1.73846,1.59408,0.970935,0.791272,0.047754,5.24331,19968,19968,12977,10822,2424,44,44
1789629280257380764,merge,1.69953,1.61139,0.952113,0.799198,0.049488,5.20382,20064,20064,12840,10963,2425,44,44
1789629280357472012,merge,1.6978,1.59707,0.952387,0.79834,0.052886,5.18734,19968,19968,13066,10940,2426,44,44
1789629280457445189,merge,1.70964,1.58938,0.961233,0.784931,0.049601,5.17809,20064,19968,12969,10851,2427,44,44
1789629280557388799,merge,1.69093,1.58092,0.953636,0.798829,0.04891,5.15632,19968,20064,12947,10910,2428,44,44
1789629280657444793,merge,1.72283,1.58445,0.974467,0.799008,0.05051,5.21754,20064,19968,13208,10870,2429,44,44
1789629280757465637,merge,1.69514,1.60279,0.929617,0.783513,0.051767,5.14916,19968,20064,12766,10891,2430,44,44
1789629280857485671,merge,1.70142,1.59517,0.964852,0.780726,0.049826,5.18494,19968,19968,13092,10701,2431,44,44
1789629280957405128,merge,1.7019,1.58259,0.956704,0.786755,0.055694,5.17154,19968,19968,13059,10811,2432,44,44
1789629281057438262,merge,1.70866,1.62667,0.952147,0.798961,0.049825,5.22151,20064,20064,12894,11056,2433,44,44
1789629281157520036,merge,1.69151,1.5979,0.947361,0.793091,0.051867,5.16534,19968,19968,13008,10984,2434,44,44
1789629281257487825,merge,1.70961,1.57472,0.946156,0.770403,0.051427,5.13803,20064,19968,13255,10779,2435,44,44
1789629281357430015,merge,1.69911,1.60933,0.936412,0.809653,0.047145,5.20127,19968,19968,12602,10882,2436,44,44
1789629281457355792,merge,1.7033,1.60885,0.967115,0.805494,0.050096,5.21919,19968,20064,13075,11072,2437,44,44
1789629281557504764,merge,1.69994,1.58822,0.945997,0.79442,0.051823,5.16696,20064,19968,12991,10874,2438,44,44
1789629281657374377,merge,1.72456,1.58373,0.925132,0.798131,0.057464,5.18665,19968,19968,12733,10851,2439,44,44
1789629281757366004,merge,1.69795,1.6041,0.97289,0.760831,0.050929,5.1752,20064,20064,13038,10899,2440,44,44
1789629281857468631,merge,1.71554,1.60181,0.964915,0.798753,0.051639,5.22021,19968,19968,13118,10927,2441,44,44
1789629281957442672,merge,1.70157,1.58882,0.922447,0.785996,0.053287,5.14034,20064,20064,12711,10977,2442,44,44
1789629282057553292,merge,1.70535,1.58286,0.966591,0.800824,0.049577,5.19158,19968,19968,13055,10887,2443,44,44
1789629282157527839,merge,1.70291,1.59935,0.951083,0.80346,0.050534,5.19145,19968,20064,13024,10976,2444,44,44
1789629282257487330,merge,1.69974,1.58691,0.933274,0.788478,0.050373,5.14582,19968,19968,12759,10831,2445,44,44
1789629282357488933,merge,2.57525,2.3423,1.3532,0.800917,0.05378,7.29557,20064,19968,13243,10833,2446,44,44
1789629282457410326,merge,1.73089,1.59257,0.938641,0.775972,0.043474,5.15909,19968,19968,13008,10957,2447,44,44
1789629282557365453,merge,1.71785,1.60936,0.920378,0.7745,0.055286,5.16209,20064,20064,12953,11011,2448,44,44
1789629282657493573,merge,1.69556,1.58094,0.945109,0.779749,0.049417,5.13695,19968,19968,13028,10804,2449,44,44
1789629282757383511,merge,1.72679,1.59756,0.954295,0.782631,0.050904,5.20589,19968,20064,13020,10861,2450,44,44
1789629282857525033,merge,1.69592,1.59946,0.939833,0.820153,0.050525,5.20186,20064,19968,12858,10971,2451,44,44
1789629282957500608,merge,1.71118,1.58937,0.976041,0.800789,0.050539,5.21454,19968,19968,13177,10876,2452,44,44
1789629283057430870,merge,1.69755,1.58339,0.945074,0.78335,0.051237,5.14724,20064,20064,12822,10899,2453,44,44
1789629283157511579,merge,1.70792,1.59239,0.958475,0.811332,0.050065,5.20376,19968,19968,13021,10948,2454,44,44
1789629283257500552,merge,1.68919,1.60931,0.962795,0.829912,0.050806,5.23034,19968,20064,12963,11059,2455,44,44
1789629283357556087,merge,1.69561,1.57158,0.941652,0.782741,0.050696,5.12682,19968,19872,12968,10816,2456,44,44
1789629283457399214,merge,1.69137,1.61039,0.937197,0.803988,0.05016,5.17927,20064,20064,12849,11001,2457,44,44
1789629283557508822,merge,1.70544,1.61986,0.984174,0.789173,0.051748,5.23965,19968,20064,13128,10928,2458,44,44
1789629283657568486,merge,1.69296,1.59173,0.944267,0.790385,0.049587,5.15359,20064,19968,12757,10869,2459,44,44
1789629283757411693,merge,1.70644,1.58465,0.963948,0.804926,0.049693,5.19512,19968,19968,13015,10899,2460,44,44
1789629283857473159,merge,1.71037,1.60094,0.94347,0.784149,0.05677,5.18357,20064,19968,13189,10995,2461,44,44
1789629283957560630,merge,1.6889,1.60167,0.941476,0.781418,0.051,5.15784,19968,20064,12794,10901,2462,44,44
1789629284057514693,merge,1.6981,1.59387,0.95289,0.810562,0.062483,5.20358,19968,19968,13009,10957,2463,44,44
1789629284157413775,merge,1.70718,1.5969,0.964341,0.793321,0.050755,5.19848,20064,20064,13156,10985,2464,44,44
1789629284257581357,merge,1.70147,1.61173,0.928845,0.803129,0.04838,5.17883,19968,19968,12871,11068,2465,44,44
1789629284357497329,merge,1.70025,1.61046,0.939393,0.799864,0.050732,5.18634,19968,19968,13055,11049,2466,44,44
1789629284457417770,merge,1.71855,1.62863,0.966708,0.793374,0.051039,5.24959,20064,19968,13225,10957,2467,44,44
1789629284557469376,merge,1.68314,1.61432,0.917224,0.80988,0.049529,5.1623,19968,20064,12723,11032,2468,44,44
1789629284657448746,merge,1.70724,1.6096,0.994392,0.812874,0.050705,5.26329,19968,19968,13154,11033,2469,44,44
1789629284757435120,merge,1.71121,1.70043,0.952868,0.778734,0.051041,5.29419,20064,19968,13017,10905,2470,44,44
1789629284857420883,merge,1.69992,1.62,0.986738,0.809163,0.053686,5.26735,19968,20064,12852,11027,2471,44,44
1789629284957503520,merge,1.7019,1.60968,1.05682,0.789733,0.053387,5.30112,19968,19968,12994,10994,2472,44,44
1789629285057503530,merge,1.7139,1.59287,0.948795,0.797636,0.050196,5.19407,19968,19968,13148,10869,2473,44,44
1789629285157420528,merge,1.6841,1.72977,0.949865,0.79743,0.048809,5.31004,20064,19968,12676,10894,2474,44,44
1789629285257404628,merge,1.708,1.6154,0.96907,0.810181,0.050107,5.24081,19968,20064,13160,11090,2475,44,44
1789629285357478960,merge,1.72132,1.60967,0.950613,0.794858,0.051244,5.21717,20064,19968,13071,11073,2476,44,44
1789629285457446138,merge,1.686,1.58643,0.929161,0.805371,0.049626,5.14445,19968,20064,12763,10813,2477,44,44
1789629285557603518,merge,1.71412,1.58908,0.959875,0.783038,0.052185,5.1825,19968,19968,13198,10864,2478,44,44
1789629285657323200,merge,1.71896,1.60141,0.954516,0.8287,0.051957,5.24619,20064,19968,13057,10954,2479,44,44
1789629285757579599,merge,1.7064,1.5827,0.95494,0.782816,0.05132,5.16276,19968,19968,12922,10852,2480,44,44
1789629285857423292,merge,1.74858,1.58101,0.996874,0.781364,0.050337,5.24394,20064,20064,13346,10858,2481,44,44
1789629285957620071,merge,1.69938,1.60236,0.943603,0.813974,0.050228,5.20316,19872,20064,12863,11000,2482,44,44
1789629286057533882,merge,1.73766,1.59455,0.958685,0.792311,0.090383,5.266,20064,19968,13246,10924,2483,44,44
1789629286157603091,merge,1.7211,1.57934,0.952443,0.791825,0.050652,5.18033,20064,19968,13090,10870,2484,44,44
1789629286257712840,merge,1.72484,1.59337,0.956103,0.807665,0.050497,5.21984,19776,19968,13265,10964,2485,44,44
1789629286457709211,merge,1.7189,1.57876,0.94501,0.781124,0.050339,5.15627,19776,19968,13151,10790,2486,45,45
1789629286557542398,merge,1.70258,1.5908,0.961196,0.776004,0.049241,5.16359,19872,19968,12999,10794,2487,45,45
1789629286656932717,merge,1.71447,1.60288,0.938975,0.802646,0.051268,5.19734,20064,20064,12975,10929,2488,45,45
1789629286757522957,merge,1.70085,1.58917,0.976286,0.789446,0.051191,5.19307,19968,19968,12974,10828,2489,45,45
1789629286857536934,merge,1.71268,1.57796,0.965742,0.811072,0.051591,5.20599,19968,19968,13138,10834,2490,45,45
1789629286957570029,merge,1.7105,1.60235,0.961377,0.812049,0.051066,5.22785,19968,20064,12926,11002,2491,45,45
1789629287057605859,merge,1.72059,1.60267,0.951259,0.793032,0.049324,5.20065,20064,19968,13013,10975,2492,45,45
1789629287157576055,merge,1.68594,1.57571,0.951258,0.772319,0.050664,5.12104,19872,19968,12904,10792,2493,45,45
1789629287357537361,merge,1.68084,1.59964,0.930064,0.786468,0.040288,5.12535,19872,19968,12685,10875,2494,46,46
1789629287457443878,merge,1.71555,1.59384,0.961808,0.784017,0.04858,5.19286,19968,20064,13146,10741,2495,46,46
1789629287557582910,merge,1.69624,1.58046,0.946325,0.787469,0.048728,5.1455,20064,19968,12915,10838,2496,46,46
1789629287657604700,merge,1.70609,1.58803,0.955654,0.788559,0.049134,5.17117,19968,19968,12861,10941,2497,46,46
1789629287757492894,merge,1.70985,1.60636,0.940515,0.804876,0.050404,5.19461,19968,19968,12987,10979,2498,46,46
1789629287857449349,merge,1.71029,1.57511,0.981833,0.789669,0.049697,5.19683,19968,20064,13096,10805,2499,46,46
1789629287957570002,merge,1.71333,1.58678,0.94402,0.796451,0.05113,5.18138,20064,19968,12835,10901,2500,46,46
1789629288057499172,merge,1.7147,1.59797,0.965379,0.791679,0.049686,5.20434,19968,19968,13110,10948,2501,46,46
1789629288157472518,merge,1.7219,1.61366,0.970491,0.803137,0.051148,5.24806,20064,20064,13068,10999,2502,46,46
1789629288257562818,merge,1.7265,1.58462,0.95046,0.780964,0.049562,5.17587,19872,20064,12736,10757,2503,46,46
1789629288357607130,merge,1.71635,1.5855,0.946527,0.777372,0.048533,5.16191,19968,19968,13171,10818,2504,46,46
1789629288557581702,merge,1.72365,1.5882,0.948754,0.787733,0.04946,5.18307,20064,19968,12998,10827,2505,47,47
1789629288657555045,merge,1.69462,1.57882,0.953665,0.80438,0.052486,5.1668,19872,19968,12965,10852,2506,47,47
1789629288757511265,merge,1.71395,1.61167,0.964603,0.790254,0.05334,5.22752,20064,20064,13060,11013,2507,47,47
1789629288857518625,merge,1.70422,1.60281,0.910756,0.789065,0.048943,5.14338,19968,19968,12809,10967,2508,47,47
1789629288957562219,merge,1.73463,1.5765,0.946602,0.792315,0.052309,5.19132,20064,19968,13191,10802,2509,47,47
1789629289057491574,merge,1.69972,1.6023,0.925319,0.789378,0.049588,5.1553,19968,20064,12791,10949,2510,47,47
1789629289157599919,merge,1.71621,1.61508,0.91379,0.775282,0.05055,5.16288,20064,19968,13025,10909,2511,47,47
1789629289257534759,merge,2.31848,1.80984,0.93213,0.771578,0.04866,5.98964,19968,20064,12933,10741,2512,47,47
1789629289357616150,merge,1.69994,1.58258,0.943559,0.79318,0.050396,5.15673,19968,19968,12882,10812,2513,47,47
1789629289457606092,merge,1.70178,1.59657,0.921565,0.786493,0.050846,5.14531,20064,19968,12883,10965,2514,47,47
1789629289557497946,merge,1.70613,1.60461,0.960201,0.786861,0.051716,5.1906,19968,20064,13103,11013,2515,47,47
1789629289657613262,merge,1.68262,1.58703,0.998677,0.79758,0.052535,5.20295,19968,19968,12707,10800,2516,47,47
1789629289757633628,merge,1.71399,1.59464,0.970089,0.799916,0.053525,5.22318,20064,19968,13058,10889,2517,47,47
1789629289857485085,merge,1.71351,1.62191,0.969576,0.796591,0.050339,5.24133,19968,20064,13071,11058,2518,47,47
1789629289957618614,merge,1.7559,1.67446,0.932227,0.824256,0.052361,5.33244,19968,19968,12794,10842,2519,47,47
1789629290057593717,merge,1.70406,1.60028,0.956601,0.822259,0.058498,5.22569,19968,20064,12988,10792,2520,47,47
1789629290157676610,merge,1.70945,1.59881,0.994453,0.78807,0.053096,5.22821,20064,19968,13200,10870,2521,47,47
1789629290257668109,merge,1.70991,1.59817,0.942825,0.846171,0.054115,5.23619,20064,19968,12812,10904,2522,47,47
1789629290357590193,merge,1.69255,1.58734,1.00947,0.804,0.054466,5.23368,19968,20064,13081,10906,2523,47,47
1789629290457633564,merge,1.71267,1.59252,1.02694,0.793534,0.053808,5.26504,20064,19968,13264,10885,2524,47,47
1789629290557554275,merge,1.68949,1.59907,0.918339,0.844393,0.054023,5.18771,19872,19968,12584,10937,2525,47,47
1789629290657516373,merge,1.71636,1.59441,0.964949,0.841777,0.055536,5.26123,20064,20064,13247,10879,2526,47,47
1789629290757677938,merge,1.70229,1.57912,0.957007,0.798121,0.052346,5.17493,19968,19968,13055,10845,2527,47,47
1789629290857557622,merge,1.71139,1.59439,0.938687,0.795337,0.051315,5.17505,20064,19968,12867,10945,2528,47,47
1789629290957530217,merge,1.68672,1.60165,0.96453,0.785896,0.059745,5.18544,19872,20064,12894,10826,2529,47,47
1789629291057657708,merge,1.71162,1.57806,0.973668,0.766482,0.056367,5.17395,20064,19968,13242,10802,2530,47,47
1789629291157594858,merge,1.69863,1.59537,0.992637,0.787445,0.055778,5.21983,20064,19968,12689,11007,2531,47,47
1789629291257552556,merge,1.71897,1.59902,1.00979,0.861493,0.054778,5.32666,19968,19968,13142,10955,2532,47,47
1789629291357524710,merge,1.7007,1.58432,0.960792,0.810028,0.053096,5.19488,20064,20064,12881,10875,2533,47,47
1789629291457566507,merge,1.70379,1.58548,0.940641,0.785556,0.053094,5.15163,19968,19968,12897,10840,2534,47,47
1789629291557564989,merge,1.69358,1.60237,0.930269,0.79506,0.0497,5.16616,19968,19968,12954,11004,2535,47,47
1789629291657502229,merge,1.71522,1.60682,0.955979,0.888274,0.05495,5.30958,20064,20064,13013,10931,2536,47,47
1789629291757560439,merge,1.68833,1.5827,0.92322,0.77208,0.048419,5.099,19968,19968,12783,10821,2537,47,47
1789629291857518645,merge,1.70304,1.61384,0.944989,0.791921,0.049799,5.18969,19968,20064,13090,10905,2538,47,47
1789629291957636107,merge,1.70573,1.59804,0.977095,0.800517,0.050242,5.21954,20064,19968,12937,10848,2539,47,47
1789629292057595789,merge,1.70046,1.57904,0.944732,0.810954,0.049132,5.16826,19968,19968,12932,10861,2540,47,47
1789629292157522368,merge,1.71859,1.58748,0.993687,0.79884,0.053164,5.23672,20064,20064,13215,10942,2541,47,47
1789629292257695732,merge,1.70501,1.5991,0.938408,0.803581,0.050265,5.1793,19968,19968,12829,10982,2542,47,47
1789629292357030984,merge,1.70038,1.58965,0.959913,0.788609,0.051386,5.17671,19968,20064,13055,10884,2543,47,47
1789629292457703088,merge,1.99719,1.78367,0.924309,0.769688,0.052443,5.62329,20064,19968,13153,10846,2544,47,47
1789629292557579226,merge,1.69805,1.59464,0.927789,0.799888,0.04945,5.15002,19968,19968,12796,10989,2545,47,47
1789629292657579175,merge,1.69797,1.59766,0.916079,0.790081,0.050228,5.13917,19968,19968,12938,10949,2546,47,47
1789629292757539109,merge,1.7204,1.58726,0.940188,0.785093,0.051732,5.17368,20064,20064,13278,10833,2547,47,47
1789629292857575145,merge,1.85262,1.58245,0.915651,0.782245,0.050042,5.2774,19968,19968,12666,10840,2548,47,47
1789629292956933093,merge,1.70475,1.61084,0.993222,0.773389,0.053083,5.22412,20064,20064,13188,11018,2549,47,47
1789629293057718724,merge,2.36505,2.23987,1.1079,0.799486,0.05344,6.69331,19968,19968,12965,10882,2550,47,47
1789629293157584371,merge,1.69592,1.58017,0.919831,0.773192,0.048903,5.10208,19968,19968,12781,10829,2551,47,47
1789629293257580950,merge,1.69486,1.7171,0.956516,0.829009,0.05131,5.33838,20064,20064,13013,10995,2552,47,47
1789629293357700546,merge,1.72725,1.59342,0.950016,0.915539,0.051977,5.3339,19968,19968,13089,10896,2553,47,47
1789629293457553491,merge,1.80533,1.58215,0.920616,0.788558,0.049258,5.23763,20064,19968,12703,10897,2554,47,47
1789629293557552731,merge,1.93898,1.7537,0.957489,0.809282,0.051099,5.60996,19968,20064,13098,11096,2555,47,47
1789629293657645664,merge,1.8868,1.76134,1.09925,0.897983,0.054393,5.80342,19968,19968,13040,10942,2556,47,47
1789629293757620587,merge,2.29124,2.1235,1.2728,0.761067,0.05006,6.61304,20064,19968,12802,10855,2557,47,47
1789629293857048498,merge,1.70373,1.58911,0.96386,0.788683,0.050146,5.18133,19968,20064,13163,10890,2558,47,47
1789629293957642802,merge,1.91775,1.8065,1.09821,0.961402,0.057898,5.93784,20064,19968,13141,11002,2559,47,47
1789629294057647489,merge,1.88889,1.59726,0.910169,0.773901,0.047809,5.31544,19968,19968,12808,10931,2560,47,47
1789629294157555360,merge,1.72016,1.59353,0.941686,0.790659,0.050711,5.19443,19968,20064,13077,10953,2561,47,47
1789629294257632487,merge,2.0508,1.60369,0.95383,0.78492,0.050722,5.54465,20064,19968,13156,11068,2562,47,47
1789629294357546192,merge,2.40464,2.02326,0.910048,0.777275,0.049053,6.28207,19872,20064,12649,11118,2563,47,47
1789629294457688241,merge,1.94232,1.61966,0.950694,0.787793,0.05724,5.44609,20064,19968,13309,11089,2564,47,47
1789629294557635096,merge,1.91435,1.82391,1.14211,0.919029,0.05314,5.9542,20064,19968,13023,10976,2565,47,47
1789629294657660332,merge,1.89578,1.86938,1.09439,0.944066,0.058231,5.96213,19872,20064,12787,11067,2566,47,47
1789629294757661275,merge,1.70234,1.61121,0.956037,0.792274,0.051323,5.19936,20064,19968,13148,11070,2567,47,47
1789629294857734643,merge,1.80935,1.72572,0.913186,0.768051,0.049886,5.35606,19968,19968,13079,10931,2568,47,47
1789629294957555905,merge,1.89842,1.81564,1.07168,0.957619,0.057657,5.90079,19968,20064,12659,11068,2569,47,47
1789629295057685179,merge,1.93638,1.82491,1.2219,0.933244,0.054774,6.07444,20064,19968,13310,11061,2570,47,47
1789629295157666503,merge,2.25902,1.71118,0.918185,0.802994,0.049513,5.84982,19968,19968,12881,11031,2571,47,47
1789629295257578716,merge,1.70576,1.58371,0.940896,0.790817,0.049449,5.15531,20064,19968,12917,10901,2572,47,47
1789629295357565491,merge,1.71735,1.61784,1.05675,0.796744,0.050878,5.32886,19968,20064,13281,11054,2573,47,47
1789629295457738084,merge,1.69804,1.61597,0.950039,0.812286,0.050276,5.21546,20064,19968,12911,11139,2574,47,47
1789629295557618035,merge,1.91427,1.69974,1.15355,0.89942,0.050479,5.8177,19968,19968,13051,10853,2575,47,47
1789629295657574486,merge,1.76476,1.59945,0.928901,0.777818,0.050121,5.21103,19968,20064,13271,10830,2576,47,47
1789629295757675284,merge,1.77108,1.73951,1.5317,0.95947,0.051063,6.15928,20064,19968,12875,10975,2577,47,47
1789629295857611282,merge,1.77582,1.59254,0.961605,0.847968,0.053472,5.31765,19968,19968,13353,10921,2578,47,47
1789629295957570526,merge,1.74604,1.63911,0.933494,0.778277,0.050258,5.23532,20064,19968,12914,10822,2579,47,47
1789629296057596507,merge,1.78631,1.6071,0.968165,0.81011,0.051379,5.31949,19968,20064,13304,11034,2580,47,47
1789629296157574329,merge,1.70027,1.61393,0.949953,0.832525,0.051661,5.23697,19872,20064,12872,11066,2581,47,47
1789629296257702826,merge,1.96171,1.58637,1.00385,0.779627,0.044638,5.49252,20064,19872,13380,10804,2582,47,47
1789629296357602929,merge,1.70527,1.59612,0.943112,0.806092,0.051542,5.18907,19968,20064,12889,11028,2583,47,47
1789629296457581682,merge,1.7015,1.59442,0.945982,0.820106,0.050637,5.20016,19968,19872,12967,10926,2584,47,47
1789629296556982000,merge,1.70969,1.62608,0.957512,0.790078,0.049119,5.2274,19968,20064,13056,10942,2585,47,47
1789629296657762826,merge,1.69718,1.57846,0.955302,0.785482,0.049514,5.15207,19872,19968,13009,10822,2586,47,47
1789629296757614840,merge,1.69998,1.5939,0.909592,0.796849,0.049932,5.13445,20064,19968,12671,10909,2587,47,47
1789629296856981692,merge,1.73314,1.62791,0.952558,0.795608,0.049932,5.24773,19968,19968,13208,10985,2588,47,47
1789629296957580384,merge,1.71391,1.58728,0.945225,0.791621,0.050765,5.18001,19968,20064,12906,10919,2589,47,47
1789629297057713080,merge,1.69728,1.58719,0.948281,0.799487,0.052849,5.1724,19968,20064,12888,10916,2590,47,47
1789629297157595093,merge,1.70271,1.6215,0.930127,0.794189,0.051278,5.19282,19968,19872,12897,10930,2591,47,47
1789629297257574984,merge,1.71381,1.59244,0.968832,0.78789,0.04933,5.19499,19968,20064,13137,10930,2592,47,47
1789629297357689613,merge,1.69945,1.57815,0.953597,0.786823,0.04955,5.15303,20064,19968,12832,10847,2593,47,47
1789629297457589722,merge,1.71623,1.60892,0.959835,0.808892,0.048187,5.22717,19968,20064,13009,10994,2594,47,47
1789629297557732270,merge,1.7075,1.59687,0.9745,0.787535,0.048439,5.19465,19968,19968,13101,10873,2595,47,47
1789629297657659245,merge,1.70477,1.57319,0.942202,0.800142,0.050564,5.15251,20064,19968,12912,10756,2596,47,47
1789629297757600145,merge,1.71543,1.61342,0.926175,0.793554,0.051192,5.19408,19968,20064,13041,10947,2597,47,47
1789629297857731519,merge,1.71677,1.60082,0.940254,0.801798,0.048987,5.19707,19872,19968,12995,10972,2598,47,47
1789629297957714887,merge,1.70901,1.57598,0.959208,0.791351,0.057883,5.18011,20160,19968,13037,10817,2599,47,47
1789629298057032541,merge,1.70832,1.58345,0.967831,0.789707,0.049427,5.18952,19968,20064,12956,10887,2600,47,47
1789629298157786501,merge,1.73287,1.60742,0.987198,0.800708,0.049209,5.26599,20064,19968,13276,10995,2601,47,47
1789629298257648990,merge,1.70174,1.60119,0.938871,0.776976,0.0486,5.15376,19872,20064,12773,10968,2602,47,47
1789629298357714732,merge,1.72125,1.60297,0.959155,0.773597,0.048897,5.18882,20064,19968,13072,10803,2603,47,47
1789629298457699049,merge,1.70618,1.59213,0.961884,0.796658,0.048939,5.19111,20064,19968,13060,10857,2604,47,47
1789629298557625435,merge,1.6935,1.63835,0.924918,0.809027,0.050342,5.20279,19872,20064,12762,10925,2605,47,47
1789629298657794659,merge,1.70006,1.57823,0.932603,0.781909,0.048732,5.13209,19968,19968,12855,10805,2606,47,47
1789629298757712320,merge,1.73169,1.59631,0.982931,0.790506,0.049762,5.23133,20160,19968,13325,10906,2607,47,47
1789629298857732527,merge,1.68145,1.59837,0.927554,0.81356,0.048107,5.15026,19968,19968,12565,10955,2608,47,47
1789629298957072484,merge,1.70538,1.58553,0.974051,0.783755,0.050457,5.18496,19968,19968,13111,10799,2609,47,47
1789629299056897495,merge,1.69545,1.59179,0.961106,0.80129,0.055599,5.19323,20064,20064,13032,10942,2610,47,47
1789629299157673796,merge,1.74633,1.62384,0.916731,0.789615,0.050596,5.2244,19968,19968,12735,10942,2611,47,47
1789629299257639251,merge,1.72697,1.63939,0.935496,0.794485,0.049616,5.23596,19968,20064,12970,11033,2612,47,47
1789629299357725302,merge,1.7547,1.61728,0.957365,0.788225,0.051904,5.26434,20064,19968,13185,10737,2613,47,47
1789629299457631916,merge,1.74305,1.61755,0.920727,0.769959,0.050385,5.19643,20064,19968,12789,10777,2614,47,47
1789629299557620640,merge,1.73617,1.64612,0.930823,0.789894,0.050853,5.25236,19968,20064,13043,11017,2615,47,47
1789629299657691386,merge,1.74758,1.61438,0.951193,0.774952,0.051223,5.22963,19968,19968,13097,10807,2616,47,47
1789629299757633033,merge,1.7038,1.58775,0.943981,0.800591,0.049516,5.17808,19968,20064,12701,10924,2617,47,47
1789629299857807192,merge,1.7108,1.59418,0.960157,0.795805,0.051147,5.19793,20064,19968,13277,10928,2618,47,47
1789629299957686736,merge,1.69116,1.59967,0.959263,0.804815,0.050186,5.19235,19968,19968,13022,10944,2619,47,47
1789629300057708313,merge,1.70881,1.58573,0.936398,0.789086,0.04971,5.15686,20064,20064,12861,10935,2620,47,47
1789629300157727303,merge,1.68928,1.58547,0.95492,0.788581,0.050812,5.1553,19968,19968,13028,10845,2621,47,47
1789629300257679254,merge,1.70806,1.60909,0.970454,0.798722,0.049372,5.22898,19968,19968,13085,10832,2622,47,47
1789629300356933101,merge,1.6918,1.58524,0.947944,0.791223,0.047968,5.15297,19968,20064,12688,10805,2623,47,47
1789629300457746858,merge,1.7056,1.60926,0.962324,0.805043,0.049095,5.22045,20064,19968,13208,10865,2624,47,47
1789629300557665936,merge,1.68939,1.59906,0.925026,0.796806,0.050132,5.14956,19968,19968,12830,10973,2625,47,47
1789629300656920451,merge,1.71608,1.60537,0.943381,0.795071,0.054223,5.20125,20064,20064,12938,10880,2626,47,47
1789629300757760808,merge,1.69194,1.57513,0.945906,0.790563,0.049697,5.14124,19968,19968,12920,10819,2627,47,47
1789629300857675600,merge,1.72574,1.58779,0.949709,0.793954,0.050669,5.19939,20064,19968,12940,10900,2628,47,47
1789629300957659946,merge,1.68592,1.61591,0.934592,0.817896,0.051666,5.18935,19968,20064,12825,11053,2629,47,47
1789629301057772588,merge,1.70899,1.57927,0.965586,0.773579,0.053336,5.16998,19968,19968,13082,10730,2630,47,47
1789629301156920970,merge,2.3845,1.59383,0.92262,0.791087,0.048447,5.85702,20064,19968,12772,10821,2631,47,47
1789629301257067154,merge,1.69726,1.64333,0.940107,0.796555,0.051655,5.21659,19872,20064,12949,10982,2632,47,47
1789629301357792706,merge,1.72265,1.59912,0.97232,0.782552,0.052502,5.21307,20160,19968,13297,10853,2633,47,47
1789629301457697146,merge,1.70466,1.57965,0.941848,0.824033,0.051383,5.18919,19968,19968,12691,10850,2634,47,47
1789629301557054637,merge,1.70316,1.60006,0.944737,0.801196,0.051252,5.19162,19968,20064,13099,10993,2635,47,47
1789629301657767901,merge,1.70995,1.60113,0.954443,0.802365,0.053183,5.20944,19968,19968,13087,10964,2636,47,47
1789629301757711922,merge,1.71026,1.58428,0.936296,0.789806,0.052533,5.15878,20064,19968,12864,10837,2637,47,47
1789629301857657561,merge,1.69337,1.59526,1.0282,0.789066,0.05054,5.23919,19872,20064,12937,11000,2638,47,47
1789629301957741035,merge,1.73592,1.60159,0.965594,0.800713,0.051655,5.24625,20160,19968,13333,10886,2639,47,47
1789629302057664139,merge,1.6941,1.58581,0.931201,0.772753,0.048998,5.11958,19968,19968,12664,10745,2640,47,47
1789629302156996207,merge,1.7097,1.59713,0.966602,0.779043,0.050233,5.19169,19968,20064,13132,10813,2641,47,47
1789629302257721020,merge,1.71391,1.6105,0.942209,0.792926,0.051631,5.201,20064,19968,13077,11013,2642,47,47
1789629302357676265,merge,1.70356,1.60354,0.934954,0.799399,0.050148,5.18291,19968,19968,12762,10941,2643,47,47
1789629302457660521,merge,1.69681,1.59925,0.952534,0.803837,0.050665,5.18858,19968,20160,12937,10982,2644,47,47
1789629302557815405,merge,1.70473,1.58199,0.978235,0.795265,0.044876,5.19242,20064,19872,13147,10810,2645,47,47
1789629302656989645,merge,1.69065,1.6071,0.914572,0.812177,0.048177,5.15664,19968,20064,12558,11063,2646,47,47
1789629302757689389,merge,1.7115,1.59466,1.01726,0.800491,0.049514,5.26198,20064,19968,13206,10902,2647,47,47
1789629302857690678,merge,1.68622,1.59422,0.950073,0.786304,0.048099,5.14723,19968,19968,12914,10852,2648,47,47
1789629302957679437,merge,1.7019,1.61787,0.917607,0.797617,0.052181,5.1745,19968,20064,12729,10955,2649,47,47
1789629303057032545,merge,1.7185,1.59292,0.962389,0.799675,0.051938,5.2129,20064,19968,13155,10863,2650,47,47
1789629303157720057,merge,1.6991,1.58407,0.946693,0.787051,0.0492,5.14989,19872,20064,12984,10933,2651,47,47
1789629303257790848,merge,1.70473,1.58518,0.941216,0.805463,0.048898,5.16999,20064,19968,12883,10919,2652,47,47
1789629303357712335,merge,1.7143,1.59651,0.956993,0.794561,0.050406,5.20007,20064,19968,13166,10949,2653,47,47
1789629303457680665,merge,1.70678,1.58656,0.951628,0.796057,0.04918,5.17556,19968,20064,13058,10926,2654,47,47
1789629303557771810,merge,1.69149,1.58611,0.93679,0.779178,0.049842,5.12922,19968,19968,12773,10903,2655,47,47
1789629303657007665,merge,1.71019,1.60631,0.969066,0.787147,0.051398,5.21218,20064,19968,13245,11004,2656,47,47
1789629303757707089,merge,1.72051,1.61117,0.955586,0.799782,0.051955,5.22606,19968,20064,12886,10895,2657,47,47
1789629303857814639,merge,1.70836,1.58154,0.948337,0.77794,0.044065,5.14741,20064,19872,12997,10822,2658,47,47
1789629303957073477,merge,1.70449,1.60478,0.945661,0.791678,0.049909,5.18809,19968,20064,12986,10949,2659,47,47
1789629304056933792,merge,1.69734,1.60478,0.942656,0.795718,0.053752,5.18193,19968,20064,12994,11000,2660,47,47
1789629304157822861,merge,1.69741,1.58606,0.940245,1.01537,0.05019,5.37319,19968,19968,12751,10975,2661,47,47
1789629304257723006,merge,1.71827,1.58478,0.982354,0.792858,0.051963,5.21536,20064,19968,13264,10911,2662,47,47
1789629304356931671,merge,1.72568,1.61006,0.933192,0.7978,0.049732,5.20507,19968,19968,12727,11038,2663,47,47
1789629304456944938,merge,1.73819,1.61275,0.970031,0.815097,0.050023,5.26983,20064,19968,13000,11073,2664,47,47
1789629304556970820,merge,1.69321,1.5963,0.955657,0.805601,0.050416,5.18603,19968,20064,12993,10959,2665,47,47
1789629304656923412,merge,1.70522,1.60111,0.947702,0.786887,0.050451,5.17632,19968,19968,12891,11076,2666,47,47
1789629304756921203,merge,1.75439,1.6378,0.93546,0.801187,0.052725,5.27837,19968,20064,12909,11052,2667,47,47
1789629304857753373,merge,1.75804,1.63512,0.956182,0.79117,0.051131,5.29325,19968,19968,13120,11072,2668,47,47
1789629304956977323,merge,1.70482,1.58974,0.939241,0.776167,0.049794,5.14781,20064,20064,12990,10902,2669,47,47
1789629305057838244,merge,1.76962,1.6398,0.940338,0.786543,0.051768,5.28485,20064,19968,13028,11038,2670,47,47
1789629305157786976,merge,1.76604,1.64633,0.945054,0.786597,0.052128,5.28799,20064,19968,13273,11040,2671,47,47
1789629305257756535,merge,1.79531,1.60013,0.91594,0.787466,0.049869,5.24723,19872,19968,12786,10892,2672,47,47
1789629305356927255,merge,1.7108,1.59695,0.966739,0.799792,0.051245,5.21666,19968,20064,13039,10927,2673,47,47
1789629305457725725,merge,1.74348,1.61645,0.965035,0.799469,0.05146,5.26042,20160,19968,13278,11033,2674,47,47
1789629305557709074,merge,1.68968,1.61841,0.947921,0.82542,0.053236,5.22186,19776,20064,12832,11157,2675,47,47
1789629305657887887,merge,1.76489,1.56766,0.973934,0.795903,0.044898,5.23941,20160,19872,13467,10830,2676,47,47
1789629305756945776,merge,1.69837,1.59966,0.926347,0.78924,0.050992,5.15367,20064,20064,12858,10974,2677,47,47
1789629305857713510,merge,1.71128,1.60777,0.964008,0.80747,0.05089,5.22844,19776,19968,13129,10966,2678,47,47
1789629305956953928,merge,1.7551,1.61565,0.941811,0.771731,0.05073,5.22798,20160,20064,13091,10875,2679,47,47
1789629306057770469,merge,1.76766,1.62002,0.963432,0.79018,0.057205,5.29113,19968,19968,13128,10862,2680,47,47
1789629306157738172,merge,1.70179,1.61093,0.942408,0.812087,0.051338,5.20434,19968,20064,12875,11059,2681,47,47
1789629306257893334,merge,1.74879,1.59387,0.967814,0.805276,0.050577,5.25118,20064,19968,13169,10873,2682,47,47
1789629306357760672,merge,1.70793,1.57921,0.950149,0.797534,0.051649,5.16858,19872,19968,12970,10845,2683,47,47
1789629306557900486,merge,1.70406,1.5886,0.929897,0.797234,0.039496,5.14783,19776,19776,12775,10843,2684,48,48
1789629306656990929,merge,1.72619,1.57795,0.955016,0.794936,0.051331,5.18924,19968,19968,13178,10892,2685,48,48
1789629306756938000,merge,1.69462,1.5975,0.951757,0.786541,0.049574,5.16632,19968,20064,12915,10975,2686,48,48
1789629306856901261,merge,1.71518,1.60693,0.932919,0.787527,0.049508,5.17694,19968,19968,12853,10920,2687,48,48
1789629306956931273,merge,1.73229,1.59963,0.959284,0.787765,0.049505,5.21535,19968,20064,13116,10868,2688,48,48
1789629307057782598,merge,1.74483,1.58142,0.958707,0.789936,0.050646,5.21276,19968,19968,13043,10872,2689,48,48
1789629307156932379,merge,1.71327,1.60639,0.953451,0.814203,0.05252,5.21883,20064,20064,12902,11066,2690,48,48
1789629307257036859,merge,1.70452,1.59661,0.943972,0.790504,0.051083,5.17153,19968,19968,13102,10945,2691,48,48
1789629307357774684,merge,1.71001,1.58441,0.949326,0.789614,0.05073,5.16889,19968,20064,13112,10880,2692,48,48
1789629307457852349,merge,1.68673,1.58784,0.934277,0.80455,0.049465,5.15028,19968,19968,12716,10902,2693,48,48
1789629307557808914,merge,1.71757,1.59829,0.988272,0.783204,0.046731,5.22187,20064,19872,13262,10897,2694,48,48
1789629307656924339,merge,1.70767,1.59384,0.947543,0.803399,0.050199,5.18768,19968,20064,12995,10913,2695,48,48
1789629307756947754,merge,1.70341,1.58752,0.930319,0.773529,0.047672,5.12951,20064,20064,12875,10766,2696,48,48
1789629307857746030,merge,1.68688,1.59955,0.949229,0.781261,0.051461,5.15903,19968,19968,12958,10887,2697,48,48
1789629307957797526,merge,1.7064,1.59983,0.96574,0.787101,0.050925,5.20143,19968,19968,13158,10928,2698,48,48
1789629308056904216,merge,1.68698,1.5737,0.930355,0.790053,0.047385,5.11434,20064,19968,12640,10817,2699,48,48
1789629308156990337,merge,1.69933,1.5937,0.960312,0.798374,0.050803,5.18391,19968,20064,13116,10976,2700,48,48
1789629308256932970,merge,1.68854,1.59944,0.959967,0.787298,0.050265,5.16819,19968,19968,12952,10934,2701,48,48
1789629308356927094,merge,1.70649,1.59823,0.948405,0.786565,0.052888,5.17958,20064,20064,12782,10906,2702,48,48
1789629308457859821,merge,1.72233,1.61411,0.944297,0.798596,0.054541,5.22605,19872,19968,12868,10873,2703,48,48
1789629308556928515,merge,1.74923,1.63256,0.964249,0.766901,0.054736,5.25867,20064,19968,13176,10968,2704,48,48
1789629308656921019,merge,1.74127,1.6313,0.927048,0.811187,0.052839,5.25737,20064,19968,12734,10804,2705,48,48
1789629308756955211,merge,1.75028,1.60436,0.951143,0.772934,0.05035,5.21621,19968,20064,13061,10718,2706,48,48
1789629308856935259,merge,1.75437,1.62235,0.944581,0.789109,0.050778,5.25102,20064,19968,13125,10914,2707,48,48
1789629308956966114,merge,1.74293,1.64561,0.913883,0.802976,0.050042,5.25358,19872,20064,12687,11067,2708,48,48
1789629309057845041,merge,1.76727,1.60093,0.957462,0.778942,0.051461,5.24356,20160,19968,13342,10798,2709,48,48
1789629309157028964,merge,1.73015,1.74355,1.19342,0.819758,0.053021,5.68435,19968,19968,12913,10894,2710,48,48
1789629309257055579,merge,1.72051,1.60986,0.965047,0.809786,0.048807,5.24347,20064,20064,12972,11067,2711,48,48
1789629309357842438,merge,1.70086,1.58771,0.951323,0.781116,0.052054,5.16167,19968,19968,13025,10791,2712,48,48
1789629309457767775,merge,1.70839,1.5792,0.951267,0.772833,0.049757,5.14771,19968,19968,13015,10811,2713,48,48
1789629309556979117,merge,1.68664,1.60586,0.932365,0.797,0.048841,5.15619,19968,20064,12752,10871,2714,48,48
1789629309657811436,merge,1.71953,1.60936,0.992489,0.798076,0.052412,5.2767,20064,19968,13257,10876,2715,48,48
1789629309757040917,merge,1.69507,1.57658,0.926929,0.77041,0.048539,5.10554,19968,19968,12771,10839,2716,48,48
1789629309856957289,merge,1.71978,1.59356,0.9574,0.796334,0.049966,5.20431,20064,20064,13031,10962,2717,48,48
1789629309957777721,merge,1.69072,1.60025,0.949755,0.791336,0.050676,5.16694,19968,19968,12938,10944,2718,48,48
1789629310057014737,merge,1.71113,1.59466,0.930846,0.783026,0.049236,5.15515,19968,20064,12883,10939,2719,48,48
1789629310157825451,merge,1.69596,1.57933,0.935967,0.791248,0.048112,5.13655,20064,19968,12887,10828,2720,48,48
1789629310257798204,merge,1.69755,1.59728,0.944694,0.78938,0.055056,5.16941,19968,19968,13100,10983,2721,48,48
1789629310357008763,merge,1.69995,1.6093,0.94262,0.796923,0.04957,5.18421,19968,20064,12737,10878,2722,48,48
1789629310457791074,merge,1.7165,1.57402,0.959537,0.771763,0.049001,5.15861,20064,19968,13071,10745,2723,48,48
1789629310557766619,merge,1.70357,1.58276,0.949506,0.79758,0.049235,5.16821,19968,19968,13057,10854,2724,48,48
1789629310656955691,merge,1.69294,1.60346,0.921409,0.802665,0.048836,5.155,19968,20064,12727,11034,2725,48,48
1789629310757824291,merge,1.72367,1.58025,0.955537,0.784101,0.048848,5.17788,20064,19968,13172,10829,2726,48,48
1789629310856999822,merge,1.68266,1.58613,0.954908,0.798627,0.049104,5.15678,19872,20064,12957,10885,2727,48,48
1789629310957852418,merge,1.73435,1.60113,0.948997,0.794998,0.048723,5.21769,20160,19968,12960,11004,2728,48,48
1789629311057809441,merge,1.70922,1.58861,0.947872,0.799573,0.049476,5.18221,19968,19968,13052,10860,2729,48,48
1789629311156989580,merge,1.71421,1.60276,0.95178,0.794905,0.048891,5.20153,19968,20064,13143,10870,2730,48,48
1789629311257862520,merge,1.71043,1.58042,0.94632,0.786598,0.045647,5.15782,20064,19872,12723,10833,2731,48,48
1789629311357058161,merge,1.71253,1.60597,0.94247,0.802594,0.050641,5.20271,20064,20064,13246,10885,2732,48,48
1789629311457134836,merge,1.68245,1.59198,0.949291,0.773623,0.051074,5.13185,19872,20064,12872,10914,2733,48,48
1789629311557875321,merge,1.70087,1.58742,0.941746,0.79524,0.051376,5.15811,19968,19968,12753,10884,2734,48,48
1789629311657891376,merge,1.70948,1.59997,0.951275,0.789468,0.054302,5.18772,20160,19968,13145,10981,2735,48,48
1789629311757077386,merge,1.69764,1.59164,0.975185,0.815196,0.050706,5.21589,19872,20064,12970,10868,2736,48,48
1789629311857876718,merge,1.70412,1.58773,0.926684,0.787444,0.054552,5.14735,20064,19968,12695,10829,2737,48,48
1789629311957835194,merge,1.7374,1.6358,0.944938,0.802002,0.055486,5.272,20064,19968,13208,10988,2738,48,48
1789629312057116490,merge,1.72256,1.62638,0.935249,0.773237,0.05448,5.2013,19968,19968,12781,10972,2739,48,48
1789629312157069032,merge,1.75216,1.61339,0.937439,0.78917,0.048833,5.22557,19968,19968,12926,10831,2740,48,48
1789629312256997527,merge,1.75653,1.62638,0.954212,0.781858,0.05359,5.26105,20064,20064,13152,10789,2741,48,48
1789629312357059831,merge,1.73117,1.64188,0.932055,0.788281,0.052526,5.23713,19872,20064,12897,11021,2742,48,48
1789629312457884508,merge,1.75467,1.62016,0.946617,0.789896,0.051093,5.25306,20160,19968,13010,10856,2743,48,48
1789629312557810254,merge,1.73493,1.61377,0.938751,0.777379,0.053289,5.20834,19872,20064,12976,10864,2744,48,48
1789629312657859652,merge,1.7503,1.62854,0.942288,0.794833,0.046173,5.24967,20064,19872,12983,10949,2745,48,48
1789629312756993808,merge,1.73467,1.64361,0.926756,0.807252,0.049843,5.24967,19968,20064,12944,11023,2746,48,48
1789629312856983033,merge,1.76499,1.61659,0.941699,0.793508,0.059038,5.26589,20064,19968,13252,10926,2747,48,48
1789629312957039968,merge,1.71673,1.63068,0.932139,0.789588,0.050878,5.2115,19968,20064,12753,10978,2748,48,48
1789629313057821969,merge,1.74852,1.62828,0.930617,0.780413,0.048633,5.21988,19968,19968,12987,10949,2749,48,48
1789629313157001655,merge,1.72225,1.61054,0.943865,0.775593,0.04959,5.19043,20064,19968,13120,10864,2750,48,48
1789629313257014509,merge,1.74226,1.62534,0.923658,0.794376,0.052871,5.22877,20064,20064,12832,10907,2751,48,48
1789629313357868031,merge,1.69084,1.60363,0.936713,0.79722,0.04854,5.15904,19968,19968,12946,10963,2752,48,48
1789629313457048531,merge,1.70488,1.60512,0.979445,0.792746,0.049657,5.21754,19968,19968,13148,10913,2753,48,48
1789629313557007532,merge,1.69377,1.59321,0.929323,0.798583,0.048372,5.14802,19968,20064,12636,10933,2754,48,48
1789629313657017724,merge,1.71372,1.60303,0.952584,0.797738,0.048697,5.20167,20064,19968,13073,10918,2755,48,48
1789629313757044482,merge,1.69455,1.59748,0.973656,0.796808,0.048225,5.19598,19968,19968,12957,10945,2756,48,48
1789629313856991896,merge,1.74267,1.62963,0.937183,0.78675,0.049568,5.23998,19968,20064,12809,10968,2757,48,48
1789629313957811043,merge,1.75131,1.6107,0.940022,0.788774,0.050155,5.23304,20064,19968,13090,10859,2758,48,48
1789629314057082982,merge,1.75052,1.64067,0.941961,0.775305,0.050375,5.24777,20064,19968,13140,10999,2759,48,48
1789629314157157865,merge,1.72893,1.63987,0.913554,0.770447,0.048372,5.19575,19968,20064,12705,10947,2760,48,48
1789629314257092947,merge,1.73889,1.62851,0.966866,0.780713,0.049756,5.25411,19968,19968,13086,10925,2761,48,48
1789629314357062645,merge,1.71375,1.60771,0.956919,0.806047,0.050218,5.22467,19968,20064,13120,11016,2762,48,48
1789629314457877508,merge,1.7143,1.64539,0.924435,0.787088,0.052284,5.21273,20064,19968,12789,11067,2763,48,48
1789629314557090039,merge,1.731,1.62906,0.940385,0.782724,0.053448,5.22144,19968,19968,13181,11072,2764,48,48
1789629314657082720,merge,1.71208,1.62715,0.949516,0.777581,0.054831,5.21489,19968,20064,13046,10950,2765,48,48
1789629314757852519,merge,1.72696,1.6444,0.920804,0.785375,0.052001,5.21845,20064,19968,12880,11122,2766,48,48
1789629314857868521,merge,1.72052,1.62567,0.932941,0.782323,0.053027,5.2081,19968,19968,13070,11050,2767,48,48
1789629314957045311,merge,1.7371,1.61663,0.935095,0.768409,0.054909,5.19806,19968,19968,13127,10949,2768,48,48
1789629315057018133,merge,1.70825,1.6283,0.928737,0.788486,0.050664,5.1901,20064,20064,12724,11083,2769,48,48
1789629315157839617,merge,1.72434,1.62028,0.962297,0.779574,0.053932,5.22853,19968,19968,13213,11036,2770,48,48
1789629315257056883,merge,1.71842,1.61813,0.921971,0.785066,0.053429,5.18388,20064,20064,12919,11015,2771,48,48
1789629315357938279,merge,1.693,1.58377,0.932287,0.787775,0.048881,5.12962,19872,19968,12794,10881,2772,48,48
1789629315457047726,merge,1.73267,1.5857,0.962987,0.768463,0.059822,5.20024,20064,19968,13213,10931,2773,48,48
1789629315557061596,merge,1.73208,1.62471,0.936671,0.788259,0.054521,5.22276,19968,20064,12942,11017,2774,48,48
1789629315657903523,merge,1.73182,1.6005,0.937853,0.77716,0.047197,5.17979,20064,19872,13046,10857,2775,48,48
1789629315858007789,merge,1.71906,1.61079,0.922398,0.768778,0.05019,5.16005,20064,19872,12959,10923,2776,48,48
1789629315957067550,merge,1.77871,1.62974,0.969712,0.778009,0.051267,5.30116,20064,19968,13249,10905,2777,48,48
1789629316057168668,merge,1.73553,1.6182,0.925778,0.773751,0.049697,5.19406,19872,20064,12988,10814,2778,48,48
1789629316157091579,merge,1.77777,1.62495,0.956692,0.783671,0.051401,5.28732,19968,20064,13191,10943,2779,48,48
1789629316257950348,merge,1.74722,1.63714,0.923048,1.00587,0.059814,5.46421,20064,19968,12919,11036,2780,48,48
1789629316357962457,merge,1.76886,1.60777,0.947661,0.783586,0.051813,5.25191,19872,19968,13208,10884,2781,48,48
1789629316457881975,merge,1.74857,1.6179,0.946977,0.792653,0.051888,5.2529,20064,20064,13050,10887,2782,48,48
1789629316557930424,merge,1.75928,1.6351,0.935636,0.797281,0.055476,5.27248,20064,19968,12953,11003,2783,48,48
1789629316657920719,merge,1.74572,1.63074,0.946476,0.772424,0.050161,5.23473,19776,19968,12967,10934,2784,48,48
1789629316758002663,merge,1.75811,1.6007,0.937264,0.761524,0.051559,5.19611,20064,19872,13179,10758,2785,48,48
1789629316857104038,merge,1.73892,1.63666,0.921599,0.790235,0.049555,5.23088,19968,20064,12759,11041,2786,48,48
1789629316957906811,merge,1.75461,1.62658,0.931525,0.784862,0.052163,5.24421,19872,19968,13044,10901,2787,48,48
1789629317057073953,merge,1.74629,1.60543,0.955955,0.775745,0.050209,5.22793,19968,20064,13010,10776,2788,48,48
1789629317157994581,merge,1.75459,1.62244,0.953836,0.778405,0.051638,5.25113,20064,19968,13023,10889,2789,48,48
1789629317257924825,merge,1.73917,1.62982,0.938589,0.784788,0.051459,5.23411,19968,19968,12824,10986,2790,48,48
1789629317357090162,merge,1.77134,1.6037,0.993024,1.04732,0.068543,5.58618,20064,19968,13217,10835,2791,48,48
1789629317457160424,merge,1.72297,1.62242,0.926517,0.785438,0.048602,5.1915,19968,20064,12706,10915,2792,48,48
1789629317557129699,merge,1.73775,1.644,0.915858,0.807576,0.050628,5.24753,19872,20064,12871,11053,2793,48,48
1789629317757136345,merge,1.73987,1.61143,0.92906,0.790047,0.05118,5.21409,19968,19968,12893,10847,2794,50,50
1789629317857094985,merge,1.73534,1.62359,0.938784,0.787622,0.049414,5.23079,19968,20064,12921,10913,2795,50,50
1789629317957053547,merge,1.75144,1.64012,0.942493,0.779003,0.051988,5.25309,20064,20064,13171,10873,2796,50,50
1789629318057914287,merge,1.73041,1.61521,0.933196,0.789368,0.049563,5.20419,19968,19968,12864,10817,2797,50,50
1789629318157070996,merge,1.75021,1.60935,0.922342,0.785998,0.053422,5.21306,19968,19968,12924,10829,2798,50,50
1789629318257102667,merge,1.76206,1.63193,0.951431,0.786154,0.052508,5.27323,19968,20064,13156,11036,2799,50,50
1789629318357153912,merge,1.73348,1.62905,0.930623,0.792859,0.049746,5.22591,20064,19968,12866,10887,2800,50,50
1789629318457900445,merge,1.75255,1.62155,0.931007,0.794421,0.051843,5.24256,19968,20064,13010,10925,2801,50,50
1789629318557962427,merge,1.74125,1.62336,0.937075,0.791218,0.049869,5.22181,19968,19968,13082,10989,2802,50,50
1789629318657105274,merge,1.7564,1.62944,0.932188,0.786953,0.054158,5.24764,20064,19968,12913,10957,2803,50,50
1789629318757100439,merge,1.73885,1.60885,0.948452,0.76277,0.052011,5.20013,19968,19968,12925,10734,2804,50,50
1789629318857067568,merge,1.76197,1.62118,0.94727,0.78468,0.051709,5.26353,20064,19968,13253,10808,2805,50,50
1789629318957114221,merge,1.71748,1.6142,0.915988,0.780506,0.047961,5.17048,19968,20064,12661,10954,2806,50,50
1789629319057069234,merge,1.71564,1.6029,0.94626,0.805582,0.049638,5.20615,19968,20064,13034,10954,2807,50,50
1789629319158016800,merge,1.70754,1.58277,0.952705,0.783692,0.048555,5.1603,20064,19968,13042,10819,2808,50,50
1789629319257958147,merge,1.71525,1.59131,0.924029,0.789366,0.049031,5.15529,20064,19968,12809,10918,2809,50,50
1789629319357195536,merge,1.68249,1.612,0.950957,0.815946,0.049447,5.19424,19872,20064,12855,11067,2810,50,50
1789629319557932311,merge,1.71504,1.5922,0.920524,0.783932,0.049299,5.15074,19968,19968,12588,10861,2811,51,51
1789629319657166121,merge,1.69995,1.605,0.960137,0.810006,0.04938,5.21286,19968,19968,13082,10857,2812,51,51
1789629319757129168,merge,1.69791,1.59838,0.933657,0.779536,0.05013,5.14479,20064,20064,13106,10758,2813,51,51
1789629319857930117,merge,1.70088,1.5854,0.925647,0.788464,0.048679,5.13645,19968,19968,12711,10861,2814,51,51
1789629319957177551,merge,1.6936,1.59461,0.963014,0.798938,0.051379,5.18708,19968,19968,13082,10972,2815,51,51
1789629320057125067,merge,1.71313,1.59703,0.94914,0.795656,0.047788,5.18866,20064,20064,13091,10954,2816,51,51
1789629320157931948,merge,1.70614,1.57099,0.942507,0.783885,0.048302,5.1382,19968,19968,12799,10817,2817,51,51
1789629320257162818,merge,1.69727,1.60023,0.953941,0.784642,0.050057,5.17118,19968,20064,13080,10985,2818,51,51
1789629320357960049,merge,1.71264,1.60691,0.957646,0.789439,0.051119,5.20204,20064,19968,13157,10960,2819,51,51
1789629320457160077,merge,1.69878,1.57911,0.934996,0.77762,0.050049,5.12422,19968,19968,12762,10794,2820,51,51
1789629320557140450,merge,1.6967,1.58914,0.971426,0.781892,0.051516,5.17558,19968,20064,13145,10787,2821,51,51
1789629320657201392,merge,1.71461,1.60053,0.955094,0.794621,0.049952,5.19772,20064,19968,12979,10929,2822,51,51
1789629320757191317,merge,1.7069,1.58842,0.949053,0.793043,0.050468,5.18278,19968,19968,12933,10852,2823,51,51
1789629320857113964,merge,1.69715,1.58559,0.956032,0.801981,0.049559,5.17216,19968,20064,12999,10927,2824,51,51
1789629320957198720,merge,1.70419,1.60515,0.947032,0.795244,0.049087,5.18514,19968,20064,13041,10980,2825,51,51
1789629321058101589,merge,1.68786,1.59782,0.928778,0.803977,0.047688,5.15302,20064,19968,12790,10956,2826,51,51
1789629321158032402,merge,1.71065,1.57761,0.938772,0.778155,0.051616,5.14168,19968,19968,13127,10865,2827,51,51
1789629321257973752,merge,1.71105,1.59179,0.924057,0.788887,0.050793,5.1555,20064,19968,12782,10904,2828,51,51
1789629321357926559,merge,1.71125,1.60227,0.959079,0.798703,0.050171,5.208,20064,19968,13105,10925,2829,51,51
1789629321457213582,merge,1.68532,1.6027,0.929413,0.79689,0.051339,5.15055,19968,20064,12956,10773,2830,51,51
1789629321557975586,merge,1.71477,1.57855,0.941173,0.785409,0.049477,5.15447,20064,19968,12808,10800,2831,51,51
1789629321657310450,merge,1.68134,1.60374,0.94047,0.800016,0.051727,5.16122,19872,20064,12895,11090,2832,51,51
1789629321758095603,merge,1.71486,1.59988,0.973545,0.802033,0.051702,5.22955,19968,19968,13115,10914,2833,51,51
1789629321857129713,merge,1.71632,1.57934,0.936982,0.794311,0.050918,5.16574,20064,20064,12845,10846,2834,51,51
1789629321958069734,merge,1.68644,1.59149,0.966567,0.811239,0.052536,5.1963,19968,19968,13028,10966,2835,51,51
1789629322058062744,merge,1.71536,1.59556,0.984123,0.794773,0.053878,5.22944,20064,19968,13195,10957,2836,51,51
1789629322157999806,merge,1.70711,1.58197,0.913907,0.774639,0.05268,5.11552,19968,20064,12675,10854,2837,51,51
1789629322258055447,merge,1.73224,1.58234,0.966713,0.794941,0.04214,5.21285,20064,19872,13236,10789,2838,51,51
1789629322357131869,merge,1.70183,1.60973,0.954291,0.792072,0.053853,5.20043,19968,20064,13035,10902,2839,51,51
1789629322457171849,merge,1.72261,1.60111,0.958712,0.788807,0.048983,5.20437,20064,19968,12854,10858,2840,51,51
1789629322557194743,merge,1.69262,1.58287,0.950479,0.814489,0.049916,5.17467,19872,20064,12932,10949,2841,51,51
1789629322757237060,merge,1.69255,1.6138,0.937743,0.847919,0.049242,5.23314,19968,19968,12635,10961,2842,52,52
1789629322857162026,merge,1.70774,1.58021,0.965907,0.817273,0.050851,5.21048,19968,19968,13144,10848,2843,52,52
1789629322957138062,merge,1.70244,1.59862,0.941136,0.793174,0.050135,5.17187,20064,20064,12929,10966,2844,52,52
1789629323057146885,merge,1.69919,1.6055,0.952357,0.802354,0.051283,5.19622,19968,19968,12836,10997,2845,52,52
1789629323157175088,merge,1.71116,1.59983,0.969098,0.783362,0.051261,5.20633,19968,20064,12904,10896,2846,52,52
1789629323257175060,merge,1.72219,1.59411,0.955349,0.78337,0.048517,5.20802,20064,20064,13087,10826,2847,52,52
1789629323358075398,merge,1.69345,1.59527,0.907949,0.803582,0.048709,5.13501,19872,19968,12617,10967,2848,52,52
1789629323458065769,merge,1.70928,1.59462,0.960183,0.800938,0.050684,5.19961,20064,19968,13178,10903,2849,52,52
1789629323557985993,merge,1.71206,1.59836,0.965548,0.797218,0.051714,5.21491,20064,20064,13012,10929,2850,52,52
1789629323658039867,merge,1.70597,1.57511,0.932392,0.774685,0.052231,5.12429,19968,19872,12845,10801,2851,52,52
1789629323757155855,merge,1.70338,1.6014,0.974198,0.797357,0.050212,5.21414,19968,20064,13151,10996,2852,52,52
1789629323857181888,merge,1.71391,1.60103,0.947345,0.795048,0.050242,5.1965,20064,19968,13030,10881,2853,52,52
1789629323957199577,merge,1.71125,1.59637,0.957268,0.808068,0.051907,5.20964,19968,20064,12955,11024,2854,52,52
1789629324058008132,merge,1.70785,1.60976,0.973668,0.812831,0.051576,5.23999,19968,19968,13083,11037,2855,52,52
1789629324157966036,merge,1.72096,1.60068,0.948456,0.793412,0.043608,5.19825,20064,19872,13007,11008,2856,52,52
1789629324257157644,merge,1.68583,1.61006,0.938991,0.812341,0.052299,5.19279,19968,20160,12805,10936,2857,52,52
1789629324357276948,merge,1.70959,1.58854,0.967072,0.791245,0.051485,5.19189,19968,19968,13220,10938,2858,52,52
1789629324457177688,merge,1.70625,1.6092,0.934126,0.79305,0.051304,5.18,20160,19968,12840,11046,2859,52,52
1789629324557295120,merge,1.69633,1.60965,0.952289,0.806279,0.050468,5.20203,19872,20064,13020,11032,2860,52,52
1789629324658004297,merge,1.70545,1.58843,0.954969,0.804796,0.049675,5.1866,19968,19968,13023,10878,2861,52,52
1789629324757994261,merge,1.6968,1.62976,0.937006,0.796004,0.050763,5.19975,20160,19968,12900,11068,2862,52,52
1789629324857266596,merge,1.68836,1.62173,0.957682,0.803614,0.048215,5.21235,19872,20064,12833,11050,2863,52,52
1789629324958059734,merge,1.71999,1.77676,1.36608,1.1249,0.108554,6.22585,20064,19968,13188,10943,2864,52,52
1789629325057222870,merge,2.02228,1.62537,0.912509,0.785815,0.049806,5.50312,19968,19968,12678,11016,2865,52,52
1789629325157202131,merge,1.7333,1.63818,0.947281,0.803763,0.052141,5.26703,20064,19968,13075,11045,2866,52,52
1789629325257278581,merge,1.75469,1.63794,0.959631,0.783272,0.053675,5.28134,19968,20064,13137,10955,2867,52,52
1789629325358028265,merge,1.72366,1.61957,0.922907,0.764318,0.049931,5.16984,19968,19968,12738,10856,2868,52,52
1789629325457193303,merge,1.74717,1.63575,0.970244,0.793025,0.052276,5.28723,19968,20064,13158,10964,2869,52,52
1789629325558085516,merge,1.74911,1.62893,0.96156,0.785664,0.052564,5.2682,20064,19968,13138,10916,2870,52,52
1789629325657187438,merge,1.71407,1.58104,0.931164,0.801079,0.049236,5.17596,19968,19968,12890,10828,2871,52,52
1789629325757213715,merge,1.75718,1.57944,0.980796,0.790644,0.050441,5.25279,20064,19968,13418,10844,2872,52,52
1789629325857186660,merge,1.6806,1.59762,0.949216,0.81341,0.049642,5.17947,20064,19968,12851,10972,2873,52,52
1789629325957376990,merge,1.77864,1.63978,0.964596,0.799509,0.051462,5.32845,19968,19968,13289,10964,2874,52,52
1789629326057207066,merge,1.69341,1.5888,0.971485,0.79459,0.050151,5.18572,19872,20064,13020,10919,2875,52,52
1789629326257219787,merge,1.69261,1.61667,0.918644,0.798831,0.04925,5.16836,19872,20064,12846,10976,2876,53,53
1789629326357188987,merge,1.75452,1.59149,0.959196,0.784193,0.049356,5.22947,20064,19968,13274,10890,2877,53,53
1789629326458049696,merge,1.68763,1.57939,0.943577,0.801264,0.050053,5.14892,19680,19968,12806,10871,2878,53,53
1789629326557026072,merge,1.71906,1.60118,0.971249,0.808849,0.050638,5.24092,20160,20064,13060,11024,2879,53,53
1789629326657185356,merge,1.71231,1.59077,0.9308,0.795651,0.049432,5.17655,19872,19872,12716,10861,2880,53,53
1789629326756996812,merge,1.72347,1.58349,0.971675,0.781325,0.051009,5.19945,19968,20064,13196,10902,2881,53,53
1789629326857051314,merge,1.70261,1.59583,0.957237,0.798928,0.05322,5.1924,19968,19968,12883,10988,2882,53,53
1789629326958024239,merge,1.7084,1.60551,0.942399,0.800997,0.04869,5.19457,20064,20064,12918,11039,2883,53,53
1789629327058111662,merge,1.70186,1.57693,1.05789,0.769693,0.05022,5.23744,19968,19968,12967,10699,2884,53,53
1789629327157238009,merge,1.72378,1.57456,0.962658,0.804729,0.049568,5.20489,20160,19968,13116,10774,2885,53,53
1789629327257379327,merge,1.69863,1.6094,0.931485,0.79444,0.050487,5.18043,19872,19968,12693,10884,2886,53,53
1789629327357288190,merge,1.71401,1.59624,0.95877,0.793741,0.051027,5.20336,19872,20064,13034,10936,2887,53,53
1789629327458033847,merge,1.71677,1.56887,0.966833,0.778561,0.05035,5.16317,20160,19968,13179,10820,2888,53,53
1789629327557310957,merge,1.70131,1.59703,0.946723,0.787128,0.049275,5.16753,19872,20064,12687,10980,2889,53,53
1789629327658034659,merge,1.71139,1.60267,0.957541,0.791402,0.050265,5.19879,19968,19968,13109,10976,2890,53,53
1789629327758083270,merge,1.72146,1.57441,0.955842,0.779096,0.050961,5.16741,20064,19968,13194,10827,2891,53,53
1789629327857253223,merge,1.70012,1.58825,0.94064,0.789513,0.048121,5.1605,20064,19968,12866,10925,2892,53,53
1789629327957233609,merge,1.70363,1.60788,0.953819,0.802463,0.049327,5.20748,19872,20064,12977,10984,2893,53,53
1789629328057211485,merge,1.71697,1.58599,0.965075,0.779212,0.048331,5.18339,20160,19968,13253,10730,2894,53,53
1789629328157357057,merge,1.68575,1.59106,0.94426,0.794127,0.049318,5.15069,19872,20064,12637,10847,2895,53,53
1789629328257270775,merge,1.72476,1.58354,0.974676,0.781527,0.044566,5.20124,20064,19872,13262,10843,2896,53,53
1789629328357235765,merge,1.70619,1.60119,0.948215,0.797353,0.050073,5.1893,19968,20064,12996,10957,2897,53,53
1789629328457255561,merge,1.69048,1.57163,0.923637,0.774579,0.047777,5.10015,19968,20064,12738,10803,2898,53,53
1789629328558031223,merge,1.69981,1.59423,0.950262,0.798773,0.049915,5.1824,19968,19968,12944,10898,2899,53,53
1789629328657045920,merge,1.70516,1.60053,0.968737,0.794322,0.050103,5.20311,20064,19968,13187,10968,2900,53,53
1789629328757025417,merge,1.67157,1.58364,0.906632,0.790095,0.048742,5.08719,19968,20064,12542,10892,2901,53,53
1789629328858068857,merge,1.71029,1.58923,0.977911,0.789999,0.050094,5.21195,20064,19968,13252,10759,2902,53,53
1789629328957227561,merge,1.68779,1.61041,0.94117,0.785242,0.049432,5.16118,19968,20064,12912,10861,2903,53,53
1789629329058158256,merge,1.70456,1.579,0.935489,0.781846,0.044799,5.1398,20064,19872,12842,10724,2904,53,53
1789629329157257465,merge,1.68805,1.58978,0.975036,0.797579,0.049152,5.18479,19968,20064,13045,10931,2905,53,53
1789629329258072701,merge,1.70571,1.58868,0.976526,0.790661,0.05335,5.20325,20064,19968,13036,10941,2906,53,53
1789629329357308409,merge,1.69032,1.60476,0.950187,0.77508,0.048656,5.15351,19872,20064,12825,10928,2907,53,53
1789629329458061562,merge,1.7298,1.59765,0.935152,0.749885,0.05035,5.15611,20064,19968,13184,10763,2908,53,53
1789629329557117409,merge,1.76263,1.61917,0.95789,0.787702,0.054738,5.28081,20064,19968,13050,10917,2909,53,53
1789629329657274158,merge,1.7295,1.63921,0.931925,0.789645,0.049017,5.23328,19968,20064,12866,10972,2910,53,53
1789629329757227850,merge,1.75386,1.61371,0.956795,0.768598,0.05447,5.24133,20064,19968,13264,10684,2911,53,53
1789629329857286026,merge,1.73367,1.62428,0.919517,0.769823,0.049541,5.18546,19968,20064,12759,10777,2912,53,53
1789629329958164174,merge,1.7574,1.62798,0.934125,0.782037,0.049246,5.24646,20064,19968,13093,10965,2913,53,53
1789629330057339761,merge,1.73858,1.6105,0.966299,0.803103,0.048543,5.26525,19968,19968,12977,10849,2914,53,53
1789629330157254304,merge,1.71077,1.5817,0.934675,0.792994,0.048139,5.15693,19968,20064,12850,10881,2915,53,53
1789629330258153768,merge,1.72529,1.62617,0.938176,0.78772,0.051052,5.21801,19968,19968,12832,10972,2916,53,53
1789629330358072705,merge,1.75387,1.62107,0.958623,0.788615,0.054248,5.27263,20064,19968,13196,10921,2917,53,53
1789629330457270224,merge,1.73583,1.61992,0.896517,0.774473,0.048365,5.16704,19968,20064,12585,10889,2918,53,53
1789629330558091047,merge,1.73735,1.59609,0.928681,0.779271,0.051207,5.18871,20064,19968,13159,10835,2919,53,53
1789629330657304741,merge,1.72407,1.62336,0.937255,0.795922,0.050719,5.22577,20064,19968,13053,10854,2920,53,53
1789629330757419643,merge,1.74231,1.62617,0.926489,0.763055,0.049344,5.19923,19872,20064,12644,10743,2921,53,53
1789629330857260506,merge,1.74602,1.61345,0.963674,0.794774,0.051422,5.25661,19968,19968,13038,10833,2922,53,53
1789629330957252515,merge,1.74408,1.62442,0.971764,0.798858,0.05421,5.29249,20064,19968,13203,10972,2923,53,53
1789629331057262782,merge,1.72502,1.63679,0.904465,0.786628,0.0579,5.20921,19968,20064,12671,10924,2924,53,53
1789629331158098336,merge,1.74166,1.59591,0.953156,0.796877,0.05386,5.23716,20064,19968,13156,10760,2925,53,53
1789629331257237594,merge,1.70158,1.57997,0.959448,0.777676,0.05007,5.15675,19968,19968,13164,10817,2926,53,53
1789629331357137910,merge,1.69251,1.61188,0.923146,0.810286,0.047018,5.16974,19968,20064,12666,11050,2927,53,53
1789629331458117455,merge,1.72281,1.58221,0.977929,0.782431,0.049701,5.19768,20064,19968,13239,10748,2928,53,53
1789629331557260010,merge,1.68467,1.5852,0.93394,0.780693,0.049414,5.1177,19968,20064,12978,10759,2929,53,53
1789629331658098617,merge,1.72022,1.59677,0.929823,0.787339,0.050971,5.17989,20064,19968,12872,10903,2930,53,53
1789629331758085304,merge,1.68928,1.59434,0.944361,0.801601,0.049722,5.16939,19968,19968,12955,10898,2931,53,53
1789629331858075488,merge,1.73378,1.57846,0.952122,0.798074,0.050387,5.20265,19968,19968,13086,10854,2932,53,53
1789629331957146370,merge,1.684,1.58661,0.942358,0.78355,0.050324,5.13302,19968,20064,12666,10926,2933,53,53
1789629332057144880,merge,1.72065,1.60522,0.97368,0.802107,0.057885,5.24703,20064,20064,13212,10987,2934,53,53
1789629332158215097,merge,1.69583,1.58382,0.929537,0.797833,0.048527,5.14211,19968,19968,12829,10796,2935,53,53
1789629332258113893,merge,1.70244,1.57864,0.940106,0.792715,0.04947,5.15009,19968,19968,12838,10818,2936,53,53
1789629332357175066,merge,1.70266,1.59662,0.960056,0.809835,0.05148,5.22077,20160,19968,13134,10973,2937,53,53
1789629332457325401,merge,1.69214,1.60287,0.946125,0.794194,0.050006,5.17305,19968,20064,12843,10868,2938,53,53
1789629332558104305,merge,1.70025,1.58332,0.966387,0.787424,0.048947,5.17541,19968,19968,12846,10794,2939,53,53
1789629332657213511,merge,1.70115,1.57847,0.957431,0.775095,0.050355,5.14994,19968,19968,13105,10796,2940,53,53
1789629332757095222,merge,1.71043,1.60521,0.938563,0.798234,0.052717,5.19096,20064,20064,12812,11007,2941,53,53
1789629332858121640,merge,1.70129,1.58429,0.966363,0.802185,0.053162,5.19575,19968,19968,12997,10844,2942,53,53
1789629332957172812,merge,1.72016,1.58473,0.961416,0.789311,0.05373,5.19845,20064,20064,13233,10881,2943,53,53
1789629333058125323,merge,1.69325,1.59469,0.932058,0.802314,0.051346,5.16085,19968,19968,12755,10982,2944,53,53
1789629333157293079,merge,1.71273,1.59747,0.953695,0.796159,0.051777,5.20217,19968,19968,13044,10966,2945,53,53
1789629333257134974,merge,1.70127,1.59702,0.961378,0.799982,0.053325,5.20032,20064,20064,13144,10948,2946,53,53
1789629333358163742,merge,1.70225,1.58569,0.949012,0.78765,0.052951,5.16752,19968,19968,12784,10852,2947,53,53
1789629333457343666,merge,1.69721,1.60721,0.943264,0.785864,0.055187,5.17263,19968,19968,12954,10925,2948,53,53
1789629333557147601,merge,2.17688,1.58567,0.963342,0.77282,0.054732,5.66267,20064,19968,13249,10851,2949,53,53
1789629333657238685,merge,1.68613,1.58896,0.923419,0.8063,0.048023,5.13934,19968,20064,12650,10905,2950,53,53
1789629333758145481,merge,1.70676,1.6116,0.967586,0.801454,0.051029,5.22471,20064,19968,13215,11013,2951,53,53
1789629333857341919,merge,1.69119,1.58667,0.94737,0.795132,0.05309,5.15967,19968,19968,12956,10841,2952,53,53
1789629333957318636,merge,2.10419,1.59029,0.914589,0.774505,0.051453,5.54229,19968,20064,12768,10928,2953,53,53
1789629334057262461,merge,1.69965,1.59849,0.952437,0.796615,0.050198,5.18552,20064,19968,13005,10976,2954,53,53
1789629334157366936,merge,1.69727,1.61086,0.995686,0.802299,0.05269,5.24538,19968,20064,13125,11072,2955,53,53
1789629334258189453,merge,1.67612,1.61803,0.900587,0.806568,0.048547,5.13992,19968,19968,12550,10977,2956,53,53
1789629334357327222,merge,1.71305,1.60455,0.948941,0.79622,0.0515,5.19658,20064,19968,13201,11034,2957,53,53
1789629334457356665,merge,1.69528,1.61903,0.931193,0.783426,0.051285,5.15037,19968,20064,12961,11042,2958,53,53
1789629334558145433,merge,1.71165,1.61735,0.947521,0.801292,0.047791,5.20673,19968,19968,12727,10956,2959,53,53
1789629334657241395,merge,1.70844,1.58745,0.963082,0.791828,0.049648,5.18332,20064,20064,13245,10916,2960,53,53
1789629334758177452,merge,1.69679,1.61266,0.980926,0.8104,0.049733,5.236,19968,19872,13009,11058,2961,53,53
1789629334857189285,merge,1.6994,1.60612,0.928415,0.79039,0.047978,5.15657,19968,20064,12802,11027,2962,53,53
1789629334957267335,merge,1.72135,1.58402,0.96684,0.79936,0.051893,5.21369,19968,19968,13134,10819,2963,53,53
1789629335057162217,merge,1.71244,1.60076,0.97682,0.803608,0.051556,5.23356,20064,20064,13168,11054,2964,53,53
1789629335158181001,merge,1.68319,1.60837,0.918638,0.816811,0.049414,5.16142,19968,19968,12699,11105,2965,53,53
1789629335258166414,merge,1.73905,1.60946,0.974566,0.774697,0.051063,5.24082,20064,19968,13308,10904,2966,53,53
1789629335357293492,merge,1.70472,1.57753,0.937313,0.778261,0.049846,5.12935,20064,19968,12973,10813,2967,53,53
1789629335457394051,merge,1.69029,1.59818,0.916601,0.780542,0.052544,5.12256,19872,20064,12796,10933,2968,53,53
1789629335558157482,merge,1.77941,1.61051,0.934786,0.792308,0.051377,5.26449,20064,19968,13389,11012,2969,53,53
1789629335657185330,merge,1.69109,1.57711,0.929199,0.773088,0.051316,5.10781,20064,19968,12870,10865,2970,53,53
1789629335757454030,merge,1.71781,1.59131,0.939161,0.772745,0.051638,5.15625,19872,20064,13121,10876,2971,53,53
1789629335857332030,merge,1.72386,1.60004,0.953519,0.787695,0.051098,5.20603,20064,19968,13113,10932,2972,53,53
1789629335957331665,merge,1.72537,1.60901,0.936652,0.784329,0.050822,5.19372,20064,20064,13050,11031,2973,53,53
1789629336058218245,merge,1.76204,1.57162,0.952875,0.77941,0.049141,5.20837,20064,19872,13133,10757,2974,53,53
1789629336157322094,merge,1.71486,1.60402,0.947954,0.764532,0.050215,5.17119,19872,20064,12999,11075,2975,53,53
1789629336257217886,merge,1.71368,1.59085,0.915762,0.781417,0.043321,5.13059,20064,19872,12987,10907,2976,53,53
1789629336357431669,merge,1.70318,1.59206,0.920515,0.750741,0.049628,5.10391,19968,20064,13023,10753,2977,53,53
1789629336457363496,merge,1.71422,1.57526,0.90679,0.777961,0.050394,5.11179,19776,19968,12949,10790,2978,53,53
1789629336557157968,merge,1.72206,1.62034,0.969212,0.786894,0.049874,5.23158,20160,19968,13199,10922,2979,53,53
1789629336657204413,merge,1.69226,1.59684,0.930996,0.79312,0.05109,5.15188,19872,19968,12766,10947,2980,53,53
1789629336757286914,merge,1.73209,1.60305,0.949454,0.791694,0.049873,5.2089,19968,20064,13153,10944,2981,53,53
1789629336857265722,merge,1.72192,1.59735,0.934257,0.773371,0.050085,5.16132,19872,19968,13086,10854,2982,53,53
1789629336957254073,merge,1.84674,1.60544,0.918056,0.791411,0.049441,5.30929,20160,19968,12879,10997,2983,53,53
1789629337057316096,merge,1.72597,1.59174,0.94753,0.781407,0.049015,5.18152,19872,20064,13106,10909,2984,53,53
1789629337157304520,merge,1.70591,1.58194,0.925186,0.779316,0.050688,5.12728,19968,20064,13090,10888,2985,53,53
1789629337257394581,merge,1.74118,1.59222,0.921312,0.770623,0.049098,5.1647,20064,19968,12944,10861,2986,53,53
1789629337357407009,merge,1.71798,1.59869,0.925243,0.769158,0.051396,5.14891,19968,19968,12929,10841,2987,53,53
1789629337457269273,merge,1.72911,1.57352,0.93415,0.769926,0.049595,5.13995,20064,19968,13247,10784,2988,53,53
1789629337557421798,merge,1.68245,1.59432,0.89865,0.780466,0.049701,5.09366,19872,20064,12712,11025,2989,53,53
1789629337657365178,merge,1.72049,1.60027,0.950954,0.763782,0.051459,5.17395,20064,19968,13029,10947,2990,53,53
1789629337757240260,merge,1.69965,1.5758,0.942934,0.778401,0.049276,5.12823,19968,20064,12948,10768,2991,53,53
1789629337858191255,merge,1.71758,1.56758,0.957287,0.795944,0.048787,5.17833,19968,19872,12928,10755,2992,53,53
1789629338058189475,merge,1.76048,1.59048,0.958481,0.788996,0.043712,5.2296,20064,19872,13242,10856,2993,53,53
1789629338157409284,merge,1.6748,1.61285,0.92379,0.768806,0.048285,5.11495,19872,20064,12662,10723,2994,53,53
1789629338257311939,merge,2.35753,2.16231,1.39715,1.15096,0.061569,7.24583,20064,19968,13032,10783,2995,53,53
1789629338357239370,merge,1.744,1.61061,0.931786,0.788753,0.050374,5.21709,19968,20064,13026,11019,2996,53,53
1789629338458198409,merge,1.735,1.60935,0.942392,0.794404,0.047195,5.21394,20064,19968,12893,10849,2997,53,53
1789629338557342616,merge,1.72273,1.60884,0.935047,0.796563,0.0462,5.19197,19968,19968,13010,10854,2998,53,53
1789629338657282588,merge,1.72897,1.63027,0.959522,0.793325,0.050431,5.25379,19968,20064,13102,10978,2999,53,53
1789629338758207672,merge,1.7389,1.63077,0.934829,0.788306,0.041423,5.21983,20064,19872,12884,10850,3000,53,53
1789629338857272752,merge,1.74075,1.58349,0.942598,0.762779,0.052683,5.17304,19968,20064,13034,10909,3001,53,53
1789629338957307746,merge,1.75202,1.58187,0.968809,0.79125,0.050033,5.23026,20064,19968,13227,10878,3002,53,53
1789629339057346604,merge,1.7104,1.7622,0.901376,0.787102,0.049343,5.30637,19872,20064,12668,10930,3003,53,53
1789629339157317166,merge,1.74479,1.6185,0.96345,0.778346,0.048584,5.25035,20064,19968,13115,10757,3004,53,53
1789629339257252155,merge,1.72097,1.6212,0.959211,0.792371,0.053906,5.24051,19968,20064,13037,10921,3005,53,53
1789629339358192194,merge,1.73711,1.59608,0.945334,0.79772,0.048767,5.21003,20064,19968,12879,10957,3006,53,53
1789629339457289982,merge,1.70489,1.63259,1.00104,0.784701,0.050514,5.26906,19968,19968,12980,10902,3007,53,53
1789629339557199886,merge,1.72103,1.62225,0.973899,0.77144,0.052041,5.23283,20064,20064,13235,10878,3008,53,53
1789629339657312062,merge,1.69431,1.62114,0.893284,0.797144,0.047289,5.13931,19968,19968,12553,10879,3009,53,53
1789629339757260263,merge,1.75069,1.62542,0.914768,0.809396,0.047124,5.24378,19968,19968,13116,10948,3010,53,53
1789629339857209231,merge,1.68808,1.58964,0.952041,0.787023,0.049468,5.15806,20064,20064,13017,10818,3011,53,53
1789629339957397996,merge,1.72399,1.59109,1.09019,0.793734,0.045201,5.33892,19968,19968,12714,10787,3012,53,53
1789629340057305463,merge,1.69827,1.59743,0.957943,0.791578,0.051319,5.1799,20064,19968,13082,10867,3013,53,53
1789629340157286769,merge,1.70438,1.59768,0.96426,0.78657,0.050129,5.18802,19968,20064,13088,10940,3014,53,53
1789629340257334012,merge,1.70802,1.57013,0.946014,0.781735,0.049054,5.1449,20064,19968,12764,10796,3015,53,53
1789629340357384511,merge,1.70647,1.59033,0.973505,0.785231,0.047455,5.19007,19968,19968,13083,10892,3016,53,53
1789629340457363138,merge,1.7006,1.60629,0.945896,0.792525,0.052493,5.18875,20064,20064,13015,11035,3017,53,53
1789629340557365890,merge,1.69375,1.59296,0.910026,0.769774,0.050325,5.10072,19872,19968,12727,10814,3018,53,53
1789629340657218775,merge,1.71771,1.58982,0.979839,0.788218,0.049912,5.21982,20064,20064,13192,10957,3019,53,53
1789629340757429659,merge,1.70508,1.60378,0.950441,0.773255,0.048721,5.1678,19968,19968,12978,10847,3020,53,53
1789629340857352226,merge,1.7174,1.5854,0.935665,0.779037,0.049828,5.15459,20064,19968,12993,10717,3021,53,53
1789629340957352872,merge,1.69424,1.59095,0.976788,0.785287,0.047416,5.18372,19968,19968,13042,10773,3022,53,53
1789629341057326180,merge,1.72001,1.59959,1.1179,0.79105,0.050096,5.3649,20064,20064,12968,11043,3023,53,53
1789629341157407002,merge,1.69264,1.58892,0.918708,0.794567,0.049592,5.1291,19968,19968,12934,10857,3024,53,53
1789629341257360869,merge,1.72721,1.57093,0.95215,0.772016,0.049386,5.15339,20064,19968,13242,10776,3025,53,53
1789629341357404312,merge,1.7181,1.58316,0.955213,0.766182,0.046273,5.15391,19968,19968,12683,10812,3026,53,53
1789629341457385490,merge,1.70601,1.61681,0.946598,0.799972,0.054191,5.20629,19968,20064,13060,11067,3027,53,53
1789629341557316641,merge,1.69337,1.58513,0.929897,0.781606,0.049914,5.12502,19968,20064,12990,10868,3028,53,53
1789629341657434318,merge,1.71393,1.579,0.939515,0.995117,0.056007,5.37218,20064,19968,12844,10751,3029,53,53
1789629341757424160,merge,1.69741,1.60514,0.947002,0.807733,0.05168,5.19785,19968,19968,12939,10856,3030,53,53
1789629341857279722,merge,1.71598,1.58595,0.920862,0.820824,0.061424,5.19184,20064,19968,13217,10745,3031,53,53
1789629341957363787,merge,1.69607,1.59064,0.915956,0.829511,0.053869,5.17008,19968,20064,12588,10974,3032,53,53
1789629342057294745,merge,1.69565,1.60616,0.948953,0.787502,0.051004,5.17564,19968,19968,13121,10972,3033,53,53
1789629342157272420,merge,2.41796,2.26947,1.54225,1.13875,0.053157,7.52809,20064,20064,13073,10863,3034,53,53
1789629342257302289,merge,1.7027,1.58552,0.947662,0.788584,0.044164,5.15096,19968,19968,12697,10860,3035,53,53
1789629342357281576,merge,1.7102,1.59706,1.02054,0.787873,0.054962,5.25817,20064,19968,13212,10962,3036,53,53
1789629342457404184,merge,1.69459,1.59859,0.915469,0.796604,0.050749,5.14048,19968,20064,13095,10965,3037,53,53
1789629342557360652,merge,1.70164,1.57786,0.938091,0.8188,0.046483,5.16892,19968,19968,12734,10818,3038,53,53
1789629342657311109,merge,1.70452,1.59419,0.957254,0.785159,0.058926,5.18517,20064,20064,13172,10853,3039,53,53
1789629342757506303,merge,1.72373,1.6003,0.965261,0.794049,0.048371,5.22187,19968,19872,13161,10900,3040,53,53
1789629342857260562,merge,1.69463,1.58397,0.889918,0.787603,0.049715,5.08911,19968,20064,12696,10852,3041,53,53
1789629342957294015,merge,1.71506,1.59159,0.965468,0.79411,0.049531,5.20167,20064,20064,13218,10939,3042,53,53
1789629343057392530,merge,1.70042,1.59461,0.946044,0.795199,0.052033,5.17219,20064,19968,12954,10948,3043,53,53
1789629343157421385,merge,1.72115,1.5821,0.929875,0.766973,0.046736,5.14246,19968,19968,12915,10857,3044,53,53
1789629343257461493,merge,1.69507,1.58933,0.946224,0.788381,0.046402,5.14849,19968,19968,12999,10916,3045,53,53
1789629343357352241,merge,1.71178,1.61189,0.967313,0.804786,0.050543,5.22998,20064,20064,13093,11100,3046,53,53
1789629343457420517,merge,1.68886,1.59601,0.943132,0.794621,0.046049,5.15118,19968,19968,12723,10930,3047,53,53
1789629343557384419,merge,1.74962,1.59275,0.924539,0.764828,0.050985,5.18479,19968,20064,13110,10862,3048,53,53
1789629343657518937,merge,1.69315,1.59272,0.934788,0.786898,0.045629,5.14344,19968,19968,12850,10945,3049,53,53
1789629343757311709,merge,1.70858,1.60699,0.953433,0.808432,0.052317,5.21967,20064,19968,12909,11029,3050,53,53
1789629343857369266,merge,1.69496,1.58773,0.931535,0.789501,0.049654,5.13404,19968,20064,12992,10928,3051,53,53
1789629343957448018,merge,1.70756,1.58287,0.952821,0.797354,0.045964,5.16951,19968,19968,13002,10878,3052,53,53
1789629344057364136,merge,1.7021,1.60583,0.905455,0.779087,0.048723,5.13037,20064,20064,12900,10987,3053,53,53
1789629344157538066,merge,1.73721,1.61018,0.939045,0.799028,0.048113,5.22668,19968,19968,13096,11030,3054,53,53
1789629344257392348,merge,1.71508,1.59876,0.958827,0.797111,0.051718,5.20303,20064,19968,12986,10950,3055,53,53
1789629344357390837,merge,1.70117,1.60255,0.950209,0.800575,0.045653,5.18224,19968,19968,12966,11064,3056,53,53
1789629344457359241,merge,1.71902,1.60757,0.953831,0.786684,0.049479,5.20234,19968,20064,13185,11047,3057,53,53
1789629344557490955,merge,1.70374,1.60705,0.930249,0.796069,0.04793,5.1671,20064,19968,12867,11024,3058,53,53
1789629344657349749,merge,1.71585,1.58568,0.936106,0.800465,0.046325,5.16868,19968,19968,13065,10923,3059,53,53
1789629344757372968,merge,1.71056,1.61022,0.966124,0.795492,0.05034,5.21819,20064,19968,13189,11024,3060,53,53
1789629344857444764,merge,1.70231,1.60651,0.966262,0.806805,0.050254,5.21966,19968,20064,12898,10997,3061,53,53
1789629344957333879,merge,1.69827,1.59036,0.95208,0.797668,0.044906,5.16675,19968,19968,12888,10927,3062,53,53
1789629345057369443,merge,1.72231,1.58984,0.965994,0.78908,0.050318,5.20597,20064,19968,13278,10948,3063,53,53
1789629345157411947,merge,1.68534,1.60353,0.917201,0.784791,0.050007,5.12406,19968,20064,12698,11040,3064,53,53
1789629345257433593,merge,1.70932,1.60432,0.959966,0.808142,0.049559,5.22471,19968,19968,13088,11066,3065,53,53
1789629345357356906,merge,1.7165,1.59755,0.929129,0.77847,0.050044,5.16774,20064,20064,13121,10965,3066,53,53
1789629345457509691,merge,1.70245,1.5966,0.939254,0.792681,0.046345,5.16842,19968,19968,12818,10842,3067,53,53
1789629345557443610,merge,1.71948,1.60532,0.975512,0.785054,0.050167,5.22185,19968,19968,13179,10945,3068,53,53
1789629345657297016,merge,1.70278,1.59372,0.952451,0.780342,0.049585,5.1688,20064,19968,12978,10860,3069,53,53
1789629345757376138,merge,1.70415,1.579,0.94647,0.781545,0.048585,5.14781,20064,19968,12971,10810,3070,53,53
1789629345857452118,merge,1.73039,1.59389,0.962567,0.782208,0.046863,5.2033,19968,19968,13220,10971,3071,53,53
1789629346057484909,merge,1.73472,1.57254,0.962502,0.780106,0.137675,5.2798,20064,19968,13170,10859,3072,53,53
1789629346157433119,merge,1.73163,1.58237,0.984226,0.798284,0.05692,5.24718,20064,19968,13155,10930,3073,53,53
1789629346257441956,merge,1.7204,1.60259,0.969434,0.844898,0.052835,5.27625,19968,19968,13209,11003,3074,53,53
1789629346357435561,merge,1.68459,2.10835,0.913447,0.773959,0.045711,5.62004,19968,19872,12834,10788,3075,53,53
1789629346456985456,merge,1.73337,1.58669,0.973287,0.791097,0.046528,5.22487,19872,20064,13080,10899,3076,53,53
1789629346557392003,merge,1.70945,1.59671,0.909326,0.792183,0.046176,5.14841,19872,19968,13057,10895,3077,53,53
1789629346657314892,merge,1.72063,1.58665,0.961092,0.781536,0.049691,5.19776,20064,19968,13065,10785,3078,53,53
1789629346757329027,merge,1.70616,1.57709,0.9382,0.791028,0.045737,5.15403,19968,19968,12840,10841,3079,53,53
1789629346857330104,merge,1.72434,1.60166,0.954639,0.819066,0.055706,5.25447,19968,20064,13199,11056,3080,53,53
1789629346957384236,merge,1.94441,1.62268,0.921673,0.775172,0.051505,5.41954,20064,20064,12995,10959,3081,53,53
1789629347057441246,merge,1.72149,1.60533,0.943457,0.777202,0.046941,5.18997,19968,19968,12918,10802,3082,53,53
1789629347157449041,merge,1.70748,1.60562,0.940502,0.767488,0.04901,5.15416,19872,19968,12916,10899,3083,53,53
1789629347257301413,merge,1.71439,1.61897,0.967565,0.823112,0.05621,5.26937,20160,20064,13216,11035,3084,53,53
1789629347357461053,merge,1.69403,1.58604,0.921039,0.77622,0.046654,5.11584,19872,19968,12592,10790,3085,53,53
1789629347457354980,merge,1.71527,1.57908,0.968274,0.779186,0.048962,5.17493,20064,19968,13265,10767,3086,53,53
1789629347557448967,merge,1.70173,1.5928,0.962002,0.801224,0.045422,5.18833,19968,19968,12890,10908,3087,53,53
1789629347657326870,merge,1.75418,1.63964,0.938466,0.782376,0.051501,5.25888,20064,20064,12862,10983,3088,53,53
1789629347757438994,merge,1.73221,1.60335,0.959286,0.787812,0.044933,5.22732,19968,19968,12927,10791,3089,53,53
1789629347857472447,merge,1.74993,1.59024,0.952102,0.793655,0.048856,5.23216,19968,19968,13112,10934,3090,53,53
1789629347957447382,merge,1.76835,1.60249,0.942632,0.833132,0.049316,5.29613,20064,20064,12812,10990,3091,53,53
1789629348057515427,merge,1.70274,1.58795,0.943415,0.800343,0.047883,5.16862,19872,20064,12974,10905,3092,53,53
1789629348157372795,merge,1.71894,1.6131,0.971299,0.795797,0.049621,5.23547,20160,19968,13197,10837,3093,53,53
1789629348257501197,merge,1.72516,1.63551,0.907928,0.773969,0.045734,5.17613,19872,19968,12697,10945,3094,53,53
1789629348357366815,merge,1.7687,1.63277,0.951727,0.768494,0.053915,5.26784,20064,19968,13282,10814,3095,53,53
1789629348457433386,merge,1.74995,1.61519,0.943019,0.764103,0.055502,5.21919,19968,20064,13019,10777,3096,53,53
1789629348557413886,merge,1.7475,1.6154,0.915761,0.772315,0.048217,5.18794,19968,19872,12790,10858,3097,53,53
1789629348657323266,merge,1.76573,1.64072,0.953701,0.787309,0.055505,5.29539,20064,20064,13115,11026,3098,53,53
1789629348757501810,merge,1.73634,1.61786,0.951637,0.819249,0.056863,5.26828,19968,20064,13092,10843,3099,53,53
1789629348857341227,merge,1.72412,1.61918,0.908689,0.768022,0.051918,5.16569,19968,19968,12663,10850,3100,53,53
1789629348957329861,merge,1.75061,1.69109,0.979073,0.819261,0.052569,5.3988,20064,19968,13234,10939,3101,53,53
1789629349057455682,merge,1.69103,1.59449,0.937014,0.776981,0.048608,5.13062,19968,20064,12839,10931,3102,53,53
1789629349157364136,merge,1.71153,1.58063,0.947167,0.764511,0.048147,5.13653,20064,19968,12888,10788,3103,53,53
1789629349257450329,merge,1.7054,1.5909,0.944743,0.793896,0.044765,5.16557,19968,19968,12912,10797,3104,53,53
1789629349357401100,merge,1.71028,1.60109,0.944898,0.776202,0.049073,5.16599,20064,20064,13016,10848,3105,53,53
1789629349457529377,merge,1.69016,1.57423,0.93303,0.772817,0.045449,5.10276,19968,19968,12807,10836,3106,53,53
1789629349557447942,merge,1.70298,1.57961,0.964563,0.784606,0.046086,5.16559,19968,19968,13078,10844,3107,53,53
1789629349657376279,merge,1.69188,1.61875,0.968827,0.798133,0.052576,5.22686,20064,20064,12886,11017,3108,53,53
1789629349757506881,merge,1.70472,1.58569,0.941941,0.789038,0.050735,5.15795,19968,19968,12955,10842,3109,53,53
1789629349857451654,merge,1.71789,1.58038,0.982068,0.796623,0.048769,5.20818,20064,19968,13191,10845,3110,53,53
1789629349957535742,merge,1.70773,1.60416,0.938469,0.783123,0.048062,5.16972,19968,20064,12813,11049,3111,53,53
1789629350057493865,merge,1.71629,1.59671,0.959206,0.800213,0.045634,5.20123,19968,19968,13065,10810,3112,53,53
1789629350157370387,merge,1.69932,1.58611,0.948929,0.776829,0.046477,5.14446,19968,19968,13027,10718,3113,53,53
1789629350257362725,merge,1.71837,1.58956,0.930317,0.783779,0.050042,5.16015,20064,20064,12919,10869,3114,53,53
1789629350357411110,merge,1.71263,1.6183,0.975845,0.800103,0.046277,5.2554,19968,19968,12997,10945,3115,53,53
1789629350457404783,merge,1.72175,1.59608,0.980604,0.793355,0.051031,5.22646,20064,20064,13262,10874,3116,53,53
1789629350557527568,merge,1.73913,1.61426,0.909585,0.760554,0.053205,5.16966,19968,19968,12622,10810,3117,53,53
1789629350657435904,merge,2.10134,1.61471,0.953688,0.800153,0.061155,5.64014,20064,20064,13239,11072,3118,53,53
1789629350757531884,merge,1.72991,1.62656,0.999952,0.805155,0.051427,5.30261,19968,19872,12972,10824,3119,53,53
1789629350857546701,merge,1.71728,1.58586,0.94611,0.798806,0.063251,5.20229,19968,20064,12749,10921,3120,53,53
1789629350957396293,merge,1.70414,1.5963,0.965144,0.78547,0.050453,5.18583,20064,20064,13031,10758,3121,53,53
1789629351057555378,merge,1.7106,1.60506,0.972906,0.791346,0.048141,5.21986,19968,19968,13122,10885,3122,53,53
1789629351157454547,merge,1.6927,1.59554,0.937482,0.783414,0.051656,5.15088,19968,19968,12551,10830,3123,53,53
1789629351257413385,merge,1.70546,1.58684,0.971751,0.789469,0.054737,5.19797,20064,19968,13209,10892,3124,53,53
1789629351357523278,merge,1.69485,1.60587,0.937623,0.795075,0.050772,5.17338,19968,19968,12914,10989,3125,53,53
1789629351457447923,merge,1.70356,1.59536,0.940659,0.77407,0.049359,5.14945,19968,20064,12752,10867,3126,53,53
1789629351557403969,merge,1.70502,1.57428,0.956254,0.77007,0.0524,5.14689,20064,19968,13078,10782,3127,53,53
1789629351657484625,merge,1.703,1.59575,0.942716,0.79035,0.049353,5.16776,19968,20064,13003,10962,3128,53,53
1789629351757423365,merge,1.69921,1.60077,0.957726,0.804854,0.052518,5.20635,20064,19968,12878,10970,3129,53,53
1789629351857489989,merge,1.68642,1.59294,0.946406,0.767202,0.049339,5.12997,19968,20064,13071,10753,3130,53,53
1789629351957567523,merge,1.7016,1.5737,0.967958,0.795489,0.050953,5.17956,19968,19968,13017,10752,3131,53,53
1789629352057428377,merge,1.70962,1.59774,0.945209,0.799228,0.050177,5.19036,20064,19968,12941,10976,3132,53,53
1789629352157490985,merge,1.7065,1.59553,0.952889,0.804409,0.04608,5.18775,19968,19968,13123,10950,3133,53,53
1789629352257388376,merge,1.73187,1.58537,0.954074,0.788653,0.048118,5.2069,20064,20064,12942,10916,3134,53,53
1789629352357543474,merge,1.72031,1.60321,0.926104,0.764654,0.054185,5.15889,19968,20064,13031,10883,3135,53,53
1789629352457497656,merge,1.7223,1.62119,0.930264,0.767869,0.049841,5.17829,19968,19968,13049,10956,3136,53,53
1789629352557427868,merge,1.7258,1.61684,0.93196,0.762002,0.049597,5.17636,20064,19968,12976,10886,3137,53,53
1789629352657561091,merge,1.68478,1.5844,0.931814,0.793956,0.047455,5.12951,19968,19968,12861,10894,3138,53,53
1789629352757413142,merge,1.70093,1.60749,0.959715,0.785244,0.051882,5.19918,19968,20064,13178,10972,3139,53,53
1789629352857471398,merge,1.69031,1.59141,0.929074,0.80539,0.047034,5.14907,20064,19872,12735,10924,3140,53,53
1789629352957538582,merge,1.70007,1.59896,0.963029,0.783502,0.057373,5.19277,19968,20064,13088,10869,3141,53,53
1789629353057422378,merge,2.2378,2.12366,0.946954,0.798041,0.05302,6.28894,20064,20064,13028,10945,3142,53,53
1789629353157503219,merge,1.71713,1.61312,0.927542,0.791072,0.048508,5.18595,19968,19968,12760,10986,3143,53,53
1789629353257504098,merge,1.68629,1.59711,0.933271,0.786465,0.04855,5.13377,19968,19968,12887,10877,3144,53,53
1789629353357472541,merge,1.71546,1.59307,0.971033,0.788003,0.051285,5.20685,20064,20064,13207,10852,3145,53,53
1789629353457520753,merge,1.68876,1.5995,0.918217,0.780902,0.055342,5.13142,19968,19968,12665,11005,3146,53,53
1789629353557427376,merge,1.70376,1.61129,0.945995,0.789039,0.047909,5.18642,19968,19968,13038,10927,3147,53,53
1789629353657441824,merge,2.07989,1.59013,0.964377,0.814417,0.050039,5.59801,20064,20064,13168,10910,3148,53,53
1789629353757551589,merge,2.52736,1.73902,0.931712,0.793224,0.05317,6.18298,20064,19968,12783,10825,3149,53,53
1789629353857581934,merge,1.7102,1.60237,0.959833,0.803626,0.055123,5.21982,19968,19968,13176,10940,3150,53,53
1789629353957565286,merge,2.52611,2.3814,1.36789,1.12967,0.098762,7.66854,19968,19968,13078,10946,3151,53,53
1789629354057556385,merge,1.7233,1.59279,0.932302,0.8061,0.048666,5.20936,19968,20064,12748,10978,3152,53,53
1789629354157447606,merge,1.70187,1.59392,0.98131,0.8013,0.050643,5.21753,20064,20064,13176,10981,3153,53,53
1789629354257555587,merge,2.42858,1.61904,0.949541,0.800528,0.04612,5.95217,19968,19968,13131,11062,3154,53,53
1789629354357449493,merge,1.69106,1.61419,0.918493,0.818753,0.047167,5.17884,19968,19968,12662,11061,3155,53,53
1789629354457477014,merge,1.72609,1.59933,0.962015,0.812924,0.051622,5.24188,20064,19968,13309,10939,3156,53,53
1789629354557504158,merge,1.72449,1.61453,0.933422,0.799396,0.049868,5.21446,19968,20064,12965,11054,3157,53,53
1789629354657481726,merge,1.71743,1.61617,0.934726,0.793296,0.049115,5.20162,19968,19968,12782,11063,3158,53,53
1789629354757468076,merge,1.72414,1.70825,0.968452,0.805863,0.048229,5.36155,20064,19968,13122,11036,3159,53,53
1789629354857560269,merge,1.70028,1.59248,0.962547,0.797545,0.049349,5.19095,19968,19968,13090,10983,3160,53,53
1789629354957524921,merge,1.80758,1.62705,0.904054,0.786564,0.053243,5.29085,19968,20064,12621,11065,3161,53,53
1789629355057453604,merge,1.75315,1.63322,0.967282,0.781857,0.054993,5.28908,20064,19968,13298,11075,3162,53,53
1789629355157639245,merge,1.70823,1.61329,0.927831,0.84721,0.050575,5.24057,19968,20064,12916,10977,3163,53,53
1789629355257528350,merge,1.70636,1.60908,0.919428,0.763362,0.048456,5.13583,19968,19968,12771,10933,3164,53,53
1789629355357456104,merge,1.74163,1.61821,0.9627,0.769045,0.056033,5.23853,20064,19968,13348,11007,3165,53,53
1789629355457601363,merge,1.71311,1.62461,0.931709,0.783668,0.051444,5.19464,19968,20064,12896,11069,3166,53,53
1789629355557528948,merge,1.7447,1.60137,0.945732,0.788948,0.051822,5.21957,20064,19968,13018,10877,3167,53,53
1789629355657620004,merge,1.7603,1.60463,0.937266,0.77679,0.047119,5.2158,19968,19872,13263,10936,3168,53,53
1789629355756946015,merge,1.71769,1.61293,0.916885,0.764281,0.054021,5.16235,20064,19968,12874,10870,3169,53,53
1789629355857609638,merge,1.75092,1.60101,0.945475,0.752057,0.047402,5.18834,19872,20064,13221,10765,3170,53,53
1789629355956975822,merge,1.73328,1.60876,0.921064,0.780875,0.052445,5.1843,20064,19968,12997,10970,3171,53,53
1789629356157540159,merge,1.69673,1.56587,0.944856,0.779308,0.060562,5.13501,19968,19872,12845,10718,3172,53,53
1789629356256975184,merge,1.74938,1.5786,0.988623,0.789344,0.098209,5.29723,19968,20064,13349,10837,3173,53,53
1789629356357583818,merge,1.7003,1.65828,0.944498,0.800361,0.175032,5.36565,19968,19968,12893,10992,3174,53,53
1789629356457442365,merge,1.71016,1.59192,0.940046,0.799184,0.132555,5.25559,20064,19968,12918,10891,3175,53,53
1789629356557609684,merge,1.71601,1.63004,0.9339,0.798255,0.18127,5.35122,19872,19968,12930,10895,3176,53,53
1789629356657462830,merge,1.71034,1.60472,0.980219,0.779144,0.055896,5.21667,19968,19968,13149,10930,3177,53,53
1789629356756907502,merge,1.7136,1.61345,0.89596,0.757198,0.114004,5.17907,20064,20064,12681,10717,3178,53,53
1789629356857538353,merge,1.7442,1.64055,0.920067,0.762474,0.150665,5.3007,19968,19968,13154,10792,3179,53,53
1789629356957555110,merge,1.70659,1.61382,0.907293,0.771276,0.049326,5.13326,19968,19968,12891,10936,3180,53,53
1789629357057570222,merge,1.72955,1.60524,0.907784,0.770274,0.116682,5.2155,20064,19968,12870,10844,3181,53,53
1789629357157631686,merge,1.71799,1.5969,0.936199,0.766418,0.148478,5.25312,19872,20064,12902,10854,3182,53,53
1789629357257525100,merge,1.71717,1.58526,0.958615,0.791874,0.107043,5.25058,20064,19872,13189,10895,3183,53,53
1789629357357670795,merge,1.70048,1.59911,0.944903,0.796061,0.170514,5.29906,19968,20064,12776,10971,3184,53,53
1789629357457529628,merge,1.71496,1.58796,0.947603,0.790264,0.056004,5.18341,19968,20064,13009,10890,3185,53,53
1789629357557631172,merge,1.7173,1.59094,0.958008,0.807636,0.057287,5.22337,19968,20064,13133,10839,3186,53,53
1789629357657498223,merge,1.70229,1.59386,0.934793,0.798479,0.10294,5.21771,20064,19872,12869,10869,3187,53,53
1789629357757616509,merge,1.71779,1.60277,0.944282,0.771525,0.17284,5.2985,19968,20064,13040,10788,3188,53,53
1789629357857565184,merge,1.71845,1.57547,0.956451,0.779623,0.049848,5.17149,19968,19968,13028,10822,3189,53,53
1789629357957563256,merge,1.70521,1.59166,0.945616,0.803595,0.106014,5.24073,20064,19968,12954,10987,3190,53,53
1789629358057583448,merge,1.71235,1.60293,0.9354,0.797825,0.180602,5.31965,19968,20064,12952,10978,3191,53,53
1789629358157632994,merge,2.14452,1.61258,0.959766,0.773256,0.240023,5.83999,20064,19872,13231,10682,3192,53,53
1789629358257655991,merge,1.69589,1.60758,0.931243,0.799595,0.17779,5.29954,19968,20160,12690,11062,3193,53,53
1789629358357661679,merge,1.70591,1.60339,0.947811,0.806798,0.049632,5.19621,19968,19968,13075,10972,3194,53,53
1789629358457511417,merge,1.69529,1.5733,0.942998,0.774387,0.048486,5.11857,19968,19968,12961,10760,3195,53,53
1789629358557495620,merge,1.71654,1.59,0.950847,0.793661,0.109737,5.24565,20064,20064,12904,10771,3196,53,53
1789629358657627452,merge,1.69531,1.64921,0.935907,0.796023,0.183118,5.33998,19968,19968,12862,10845,3197,53,53
1789629358757532985,merge,1.71386,1.58784,0.945396,0.772666,0.056374,5.16327,19968,19968,13141,10821,3198,53,53
1789629358857506938,merge,2.51572,2.3695,1.30402,1.1219,0.219244,7.69082,20064,20064,12652,10932,3199,53,53
1789629358957656030,merge,2.53808,2.45058,1.34152,1.11981,0.275758,7.87954,19968,19968,13076,10900,3200,53,53
1789629359057510574,merge,1.82785,1.58586,0.955296,0.809836,0.130518,5.41466,20064,19872,13138,10825,3201,53,53
1789629359157655370,merge,1.70577,1.59454,0.945473,0.801771,0.17917,5.31322,19968,20160,12750,10987,3202,53,53
1789629359257591577,merge,1.71248,1.57162,0.973454,0.772888,0.101598,5.22117,20064,19872,13198,10742,3203,53,53
1789629359357593144,merge,1.71609,1.62133,1.09473,0.796672,0.179672,5.51079,19968,20064,13074,10970,3204,53,53
1789629359457643849,merge,1.70306,1.59451,0.933453,0.783625,0.17333,5.27338,19968,20064,12771,10701,3205,53,53
1789629359557518136,merge,1.69353,1.5786,0.969584,0.774978,0.048493,5.14719,19968,19968,13075,10797,3206,53,53
1789629359657513823,merge,1.70538,1.58566,0.973159,0.801081,0.108169,5.2633,20064,19968,13198,10962,3207,53,53
1789629359757557188,merge,1.69437,1.60955,0.935886,0.814091,0.175235,5.31594,19968,20064,12667,11036,3208,53,53
1789629359857552579,merge,1.71683,1.57429,0.994331,0.792717,0.106685,5.27329,20064,19968,13246,10738,3209,53,53
1789629359957658301,merge,1.70352,1.63699,0.95166,0.783279,0.176452,5.3391,19968,19968,12996,10854,3210,53,53
1789629360057554459,merge,1.70608,1.61171,0.937895,0.802679,0.131231,5.27928,20064,20064,12854,11032,3211,53,53
1789629360157686579,merge,1.69317,1.64102,0.951279,0.791925,0.178069,5.34259,19968,19968,12938,10852,3212,53,53
1789629360257589189,merge,1.71596,1.576,0.967703,0.782884,0.054756,5.18001,19968,19968,13062,10760,3213,53,53
1789629360357529739,merge,1.69221,1.60464,0.929016,0.793373,0.12336,5.23301,20064,20064,12704,10903,3214,53,53
1789629360457716408,merge,1.71214,1.6436,0.963539,0.788137,0.178638,5.37147,19968,19968,13140,10885,3215,53,53
1789629360557557496,merge,1.69934,1.5721,0.943846,0.794288,0.048875,5.14513,19968,19968,12863,10814,3216,53,53
1789629360657537358,merge,1.71774,1.59388,0.936239,0.775391,0.12497,5.23547,20064,20064,12924,10945,3217,53,53
1789629360757608351,merge,1.69721,1.64472,0.930306,0.784753,0.175203,5.31747,19968,19968,13005,10890,3218,53,53
1789629360857543102,merge,1.70835,1.58301,0.949678,0.778951,0.131638,5.2344,20064,19968,12894,10814,3219,53,53
1789629360957718112,merge,1.68924,1.58554,0.946847,0.793218,0.175416,5.27398,19968,20064,12948,10918,3220,53,53
1789629361057589361,merge,1.71122,1.61552,0.968446,0.802326,0.058417,5.24516,19968,20064,13116,10981,3221,53,53
1789629361157557018,merge,1.71327,1.59413,0.941555,0.782152,0.102129,5.22119,20064,19968,12889,10800,3222,53,53
1789629361257648756,merge,1.69768,1.63407,0.970281,0.78516,0.175447,5.34759,19968,19968,13037,10738,3223,53,53
1789629361357572928,merge,1.71485,1.60093,0.984084,0.791871,0.14121,5.31909,20064,19968,13243,10848,3224,53,53
1789629361457673954,merge,1.69266,1.65284,0.925002,0.807189,0.191422,5.3552,19968,19968,12734,10981,3225,53,53
1789629361557642360,merge,1.70552,1.59097,0.966578,0.786024,0.091584,5.22747,19968,20064,13112,10870,3226,53,53
1789629361657563990,merge,1.70009,1.62604,0.957171,0.772976,0.252627,5.39619,20064,19968,13169,10741,3227,53,53
1789629361757729322,merge,1.70534,1.61166,0.942857,0.797238,0.187858,5.33175,19968,20064,12797,11070,3228,53,53
1789629361857648560,merge,1.70038,1.59957,0.959124,0.790792,0.049964,5.1846,19968,19968,13075,10888,3229,53,53
1789629361957598876,merge,1.71356,1.72897,1.38221,1.14603,0.182939,6.28948,20064,20064,13261,10833,3230,53,53
1789629362057675674,merge,2.5145,2.43653,1.29486,1.11171,0.270163,7.78183,19968,19968,12612,10797,3231,53,53
1789629362157589998,merge,2.54014,2.37405,0.983382,0.79629,0.121895,6.97564,20064,19968,13256,10896,3232,53,53
1789629362257674397,merge,1.69431,1.63114,0.944095,0.76904,0.189678,5.31011,19968,19968,12985,10793,3233,53,53
1789629362357631724,merge,2.54154,2.36564,1.26113,0.808387,0.086044,7.22787,19968,20064,12769,10877,3234,53,53
1789629362457570572,merge,1.71071,1.60799,0.961506,0.78945,0.110063,5.26313,20064,20064,13042,11005,3235,53,53
1789629362557645430,merge,1.70445,1.64302,0.946817,0.789587,0.181492,5.34891,19968,19968,13068,10852,3236,53,53
1789629362657587324,merge,1.68955,1.56567,0.922834,0.792154,0.12337,5.18236,20064,19872,12628,10799,3237,53,53
1789629362757725948,merge,1.71093,1.60854,0.955136,0.796413,0.182675,5.34633,19968,20064,13115,11062,3238,53,53
1789629362857670351,merge,1.6908,1.6157,0.960099,0.798691,0.17846,5.33138,19968,20064,12925,11057,3239,53,53
1789629362957575182,merge,1.71471,1.62955,0.940242,0.768462,0.240095,5.38032,20064,19968,12851,10787,3240,53,53
1789629363057737571,merge,1.70058,1.64078,0.959616,0.796291,0.171855,5.35782,19968,19968,13110,10827,3241,53,53
1789629363157633482,merge,1.70331,1.59847,0.956186,0.800486,0.049714,5.19413,19968,19968,13028,10890,3242,53,53
1789629363257592332,merge,1.72945,1.58922,0.938117,0.792209,0.134076,5.27186,20064,20064,12910,10881,3243,53,53
1789629363357661194,merge,1.6985,1.63161,0.973758,0.79975,0.182246,5.37203,19968,19968,13071,10854,3244,53,53
1789629363457622892,merge,1.71903,1.6024,0.991957,0.798781,0.129092,5.32464,20064,19968,13078,11003,3245,53,53
1789629363557695448,merge,1.73547,1.6368,0.927533,0.784492,0.169993,5.34381,19968,20064,12860,10966,3246,53,53
1789629363657646087,merge,1.75457,1.63467,0.963106,0.785256,0.061927,5.29499,19968,20064,13146,10976,3247,53,53
1789629363757583830,merge,1.73148,1.62143,0.944544,0.781586,0.099681,5.26941,20064,19872,12960,10882,3248,53,53
1789629363857706274,merge,1.72735,1.66272,0.94195,0.791483,0.177502,5.39152,19968,20064,12988,11151,3249,53,53
1789629363957633964,merge,1.73569,1.6476,0.949947,0.775254,0.177567,5.38134,19968,20064,13012,10898,3250,53,53
1789629364057609695,merge,1.74765,1.61253,0.956119,0.77435,0.108769,5.2909,20064,19968,13020,10861,3251,53,53
1789629364157719161,merge,1.73074,1.69076,0.927732,0.785578,0.174372,5.39611,19968,19968,12807,10996,3252,53,53
1789629364257648236,merge,1.75078,1.65079,0.942766,0.799609,0.059794,5.29689,19968,19968,13160,11013,3253,53,53
1789629364357037644,merge,1.71767,1.63729,0.921121,0.786364,0.133961,5.28408,20064,20064,12764,10966,3254,53,53
1789629364457670718,merge,1.72394,1.64371,0.965745,0.819829,0.144659,5.39683,19968,19968,13059,10988,3255,53,53
1789629364557658248,merge,1.70453,1.60888,0.957901,0.799406,0.13293,5.28718,20064,19968,13092,11055,3256,53,53
1789629364657659439,merge,1.7279,1.68285,0.931452,0.781266,0.169658,5.38373,19968,20064,12834,11048,3257,53,53
1789629364757713748,merge,1.74065,1.62372,0.942212,0.784602,0.050691,5.23609,19968,19968,12973,10899,3258,53,53
1789629364857657084,merge,1.75139,1.62089,0.954405,0.78338,0.115018,5.31874,20064,19872,13127,10956,3259,53,53
1789629364957726052,merge,1.73376,1.70484,0.932219,0.783052,0.188507,5.43326,19968,19968,12852,11065,3260,53,53
1789629365057652429,merge,1.73622,1.6539,0.93047,0.782344,0.085653,5.27946,19968,20064,13028,10889,3261,53,53
1789629365157662265,merge,1.76409,1.61948,0.942842,0.781105,0.10524,5.30524,20064,20064,13244,10872,3262,53,53
1789629365257784259,merge,1.72447,1.6393,0.922222,0.784292,0.182419,5.34845,19968,20064,12804,11026,3263,53,53
1789629365357651308,merge,1.74435,1.63543,0.972504,0.786676,0.049489,5.26494,19968,19968,13102,10961,3264,53,53
1789629365457669551,merge,1.77148,1.60693,0.956457,0.7736,0.056342,5.25414,19968,20064,13211,10853,3265,53,53
1789629365557622452,merge,1.70862,1.57871,0.946274,0.773579,0.103241,5.20168,20064,19872,12838,10795,3266,53,53
1789629365657640666,merge,1.74928,1.62227,0.973972,0.810584,0.181001,5.42781,19968,20064,13449,11095,3267,53,53
1789629365757677706,merge,1.68629,1.64199,0.929615,0.796378,0.235234,5.37871,20064,19968,12843,10860,3268,53,53
1789629365857696215,merge,1.72721,1.59471,0.966415,0.796158,0.174338,5.34559,19872,20064,13165,10815,3269,53,53
1789629365957635407,merge,1.7232,1.64243,0.967214,0.800877,0.239102,5.46223,20064,19872,13082,10879,3270,53,53
1789629366056936627,merge,1.74411,1.64834,0.947395,0.799359,0.176492,5.40343,19968,19968,13080,10845,3271,53,53
1789629366156941938,merge,1.69056,1.57811,0.931735,0.780802,0.049384,5.11517,19968,19968,12852,10801,3272,53,53
1789629366256921813,merge,1.72951,1.57833,0.960008,0.793809,0.130378,5.27346,20064,19968,13209,10871,3273,53,53
1789629366356912668,merge,1.6958,1.61529,0.958475,0.787671,0.175966,5.31692,19872,20064,12915,11016,3274,53,53
1789629366456936900,merge,1.71284,1.64542,0.941455,0.791337,0.232203,5.41165,20160,19968,12946,10809,3275,53,53
1789629366557709578,merge,1.70167,1.63518,0.93806,0.78111,0.171426,5.31286,19872,19968,12828,10808,3276,53,53
1789629366656963471,merge,1.70459,1.60392,0.97499,0.805017,0.09592,5.2722,19968,20064,13172,11027,3277,53,53
1789629366757776805,merge,1.68799,1.61205,0.95859,0.802087,0.176515,5.32688,19968,20064,12822,10969,3278,53,53
1789629366857645164,merge,1.69801,1.56345,0.938227,0.783294,0.049313,5.11602,19968,19872,12919,10742,3279,53,53
1789629366957706517,merge,1.71259,1.60348,0.991886,0.788012,0.058606,5.24326,19968,20064,13128,10825,3280,53,53
1789629367057649555,merge,1.69319,1.5974,0.952212,0.776181,0.049916,5.15738,19968,19968,12993,10896,3281,53,53
1789629367156940566,merge,1.70834,1.57042,0.948299,0.782932,0.050689,5.1519,19968,19968,12828,10769,3282,53,53
1789629367257652727,merge,1.71334,1.57347,0.968429,0.792122,0.107311,5.24683,20064,19968,13188,10835,3283,53,53
1789629367357836293,merge,1.71749,1.64839,0.962733,0.813569,0.176634,5.40769,19968,19968,13125,10970,3284,53,53
1789629367456905377,merge,1.70705,1.59163,0.940514,0.789269,0.077333,5.1923,19968,20064,12773,10865,3285,53,53
1789629367556914147,merge,1.7233,1.5821,0.971005,0.784949,0.109325,5.25795,20064,20064,13237,10892,3286,53,53
1789629367657704436,merge,1.67837,1.60704,0.928553,0.812807,0.17751,5.29586,19872,20064,12806,11059,3287,53,53
1789629367757057086,merge,1.72776,1.59116,0.955198,0.784305,0.103589,5.25662,20160,19872,12953,10856,3288,53,53
1789629367857724198,merge,2.52462,2.41658,1.32065,1.09498,0.279726,7.80496,19872,19968,12862,10677,3289,53,53
1789629367957666060,merge,2.55072,2.38158,1.00376,0.816151,0.135653,7.04741,20064,20064,13186,10762,3290,53,53
1789629368056959689,merge,1.70532,1.6436,0.912523,0.793207,0.235577,5.3797,20064,19872,12668,10877,3291,53,53
1789629368157842227,merge,1.71367,1.58921,0.953872,0.797603,0.181971,5.32511,19968,20064,13111,10875,3292,53,53
1789629368257726150,merge,1.6869,1.59061,0.95011,0.798354,0.178951,5.29677,19968,20064,12895,10934,3293,53,53
1789629368357678420,merge,1.70762,1.60524,0.920422,0.786995,0.048999,5.15423,19968,20064,12750,11013,3294,53,53
1789629368457679381,merge,1.71712,1.59274,0.965303,0.794473,0.111057,5.26321,20064,19968,13107,10888,3295,53,53
1789629368557708971,merge,1.71817,1.62371,0.939588,0.784881,0.180123,5.33357,19968,19968,13036,10793,3296,53,53
1789629368657700842,merge,1.72317,1.58579,0.936333,0.79974,0.129541,5.26046,20064,19968,12857,10896,3297,53,53
1789629368757814220,merge,1.70606,1.65117,0.946781,0.797299,0.178402,5.37123,19968,19968,13050,10819,3298,53,53
1789629368857684833,merge,1.71469,1.58466,0.964747,0.776772,0.08011,5.21352,19968,20064,13021,10665,3299,53,53
1789629368956946569,merge,1.72552,1.61404,0.923625,0.782833,0.050968,5.19235,19968,19968,12768,10845,3300,53,53
1789629369056954434,merge,1.73186,1.60025,0.997192,0.78878,0.113802,5.32047,20064,20064,13270,11006,3301,53,53
1789629369157696509,merge,1.70943,1.64277,0.955101,0.8102,0.175205,5.38051,19968,19968,12923,10888,3302,53,53
1789629369257674069,merge,1.72673,1.57173,0.961171,0.804013,0.131492,5.287,20064,19968,12972,10777,3303,53,53
1789629369357731596,merge,1.71142,1.59804,0.940749,0.784415,0.178006,5.29915,19968,20064,13031,11011,3304,53,53
1789629369457708789,merge,1.71698,1.65124,0.956333,0.791737,0.247516,5.45092,20064,19968,12983,10922,3305,53,53
1789629369557753734,merge,1.68737,1.62269,0.936838,0.782029,0.170561,5.28129,19968,19968,12836,10724,3306,53,53
1789629369657741792,merge,1.74329,1.62686,0.948396,0.773434,0.090554,5.27821,19968,20064,13138,10767,3307,53,53
1789629369757676256,merge,1.73159,1.63694,0.921514,0.781638,0.04884,5.21285,19968,19968,12748,10905,3308,53,53
1789629369856949710,merge,1.74493,1.6182,0.948029,0.764519,0.105361,5.27445,20064,19872,13048,10754,3309,53,53
1789629369957728067,merge,1.70327,1.64423,0.965744,0.799675,0.243455,5.44281,20064,20064,13042,10944,3310,53,53
1789629370057841868,merge,1.70864,1.61096,0.931578,0.799104,0.174726,5.31662,19968,20064,12780,11048,3311,53,53
1789629370157748917,merge,1.70229,1.60407,0.942142,0.786146,0.050245,5.1767,19968,20064,12910,11007,3312,53,53
1789629370257702366,merge,1.72282,1.57073,0.960174,0.782726,0.109978,5.22814,20064,19968,13189,10773,3313,53,53
1789629370357792395,merge,1.68993,1.64231,0.926722,0.786571,0.176437,5.3125,19872,19968,12651,10799,3314,53,53
1789629370456926242,merge,1.71561,1.60463,0.954047,0.792503,0.131808,5.28853,20064,19968,13073,10916,3315,53,53
1789629370556902420,merge,1.69816,1.59793,0.960521,0.785122,0.174448,5.30623,19968,20064,13164,10751,3316,53,53
1789629370656945124,merge,1.7122,1.58064,0.912409,0.785401,0.1021,5.17984,20064,20064,12774,10883,3317,53,53
1789629370757695569,merge,1.72054,1.63212,0.964501,0.794734,0.244741,5.44625,20064,19872,13219,10826,3318,53,53
1789629370857800796,merge,1.69346,1.65916,0.960149,0.789002,0.174463,5.36195,19968,19968,13056,10941,3319,53,53
1789629370957843194,merge,1.72123,1.58791,0.946635,0.789456,0.126315,5.25541,20064,20064,12846,10844,3320,53,53
1789629371057882928,merge,1.69242,1.62878,0.935188,0.779587,0.175499,5.29898,19968,19968,13065,10859,3321,53,53
1789629371157878408,merge,1.69826,1.61025,0.957507,0.80543,0.088105,5.24725,19968,20160,13126,11132,3322,53,53
1789629371257756372,merge,1.70117,1.63259,0.923798,0.779129,0.177654,5.29859,19968,19872,12656,10757,3323,53,53
1789629371357740208,merge,1.7145,1.58066,0.984485,0.78924,0.142861,5.29957,20064,19968,13257,10796,3324,53,53
1789629371457756211,merge,1.6923,1.64513,0.944569,0.797356,0.17643,5.34113,19968,19968,12900,10878,3325,53,53
1789629371557734510,merge,1.71248,1.60888,0.948766,0.798534,0.086637,5.24803,19968,20064,12839,10913,3326,53,53
1789629371656916240,merge,1.69754,1.57977,0.948205,0.784357,0.097485,5.19674,20064,19968,13031,10853,3327,53,53
1789629371757756877,merge,1.70796,1.597,0.960227,0.791012,0.180855,5.32232,19968,20064,12999,10898,3328,53,53
1789629371857735550,merge,1.68793,1.60415,0.92571,0.799383,0.048021,5.14966,19968,20064,12694,10965,3329,53,53
1789629371957033744,merge,1.71283,1.57513,0.963425,0.774734,0.107112,5.21983,20064,19872,13219,10734,3330,53,53
1789629372057737471,merge,1.68885,1.61024,0.937982,0.811382,0.174131,5.31392,19968,20160,12799,11024,3331,53,53
1789629372157021028,merge,1.70598,1.59024,0.952809,0.798011,0.108938,5.24342,20064,19872,12954,10904,3332,53,53
1789629372257837840,merge,1.69522,1.66404,0.952294,0.801412,0.188549,5.38859,19968,19968,13040,10909,3333,53,53
1789629372356971316,merge,1.69562,1.58771,0.946814,0.776851,0.081989,5.1808,19968,20064,12905,10787,3334,53,53
1789629372456920274,merge,1.72003,1.59597,0.957464,0.803098,0.111916,5.2779,20064,19968,13070,10808,3335,53,53
1789629372557732204,merge,1.71226,1.61967,0.981617,0.791231,0.175378,5.37041,19968,20064,13097,11041,3336,53,53
1789629372656940840,merge,1.73144,1.63507,0.94488,0.810313,0.238781,5.45291,20064,19968,12928,10844,3337,53,53
1789629372757790622,merge,1.69482,1.59755,0.939346,0.8065,0.17788,5.30379,19968,20064,12994,10905,3338,53,53
1789629372857738727,merge,1.72181,1.59362,0.955649,0.81249,0.052784,5.22236,19968,19872,13174,10904,3339,53,53
1789629372956933367,merge,1.71372,1.59937,0.934883,0.79957,0.104437,5.24233,20064,20064,12759,10953,3340,53,53
1789629373057750470,merge,1.70255,1.60136,0.963369,0.805246,0.175902,5.34078,19968,20064,13136,11000,3341,53,53
1789629373157745954,merge,1.70284,1.66122,0.954898,0.77959,0.193645,5.37759,19968,19968,12975,10926,3342,53,53
1789629373257043504,merge,1.70502,1.60213,0.933443,0.800456,0.140869,5.26778,20064,19968,12882,10901,3343,53,53
1789629373357025865,merge,1.68238,1.59635,0.965971,0.794644,0.180684,5.30555,19968,20064,12924,10880,3344,53,53
1789629373457058319,merge,1.71687,1.5862,0.993912,0.78722,0.116424,5.28684,20064,19968,13240,10866,3345,53,53
1789629373557836198,merge,1.68446,1.65512,0.914026,0.815338,0.179139,5.33535,19968,19968,12565,10996,3346,53,53
1789629373656949250,merge,1.70317,1.58898,0.955903,0.78387,0.091108,5.21175,19968,20064,13131,10904,3347,53,53
1789629373757088371,merge,1.69284,1.64275,0.958081,0.780075,0.185984,5.34512,19968,19968,12941,10936,3348,53,53
1789629373856946537,merge,1.70895,1.61801,0.91907,0.796295,0.141156,5.2841,20064,20064,12805,11068,3349,53,53
1789629373957017248,merge,1.70427,1.66934,0.961822,0.799775,0.208884,5.43424,19968,19968,13037,11061,3350,53,53
1789629374056938098,merge,1.73209,1.61038,0.959886,0.800476,0.140864,5.32981,20064,19968,13190,11036,3351,53,53
1789629374157045044,merge,1.70306,1.59209,0.938978,0.789662,0.18346,5.29151,19968,20064,12725,10904,3352,53,53
1789629374257753116,merge,1.70411,1.61018,0.972231,0.799185,0.049811,5.22023,19968,19968,13158,11039,3353,53,53
1789629374357015753,merge,1.72845,1.60705,0.967896,0.804161,0.115109,5.31126,20064,19968,13211,11012,3354,53,53
1789629374457768394,merge,1.68962,1.64846,0.933683,0.787282,0.188347,5.33262,19968,19968,12732,10903,3355,53,53
1789629374557763395,merge,1.70943,1.6197,0.957911,0.814248,0.10149,5.2941,19968,20064,13234,11047,3356,53,53
1789629374657058827,merge,1.70673,1.67874,0.950437,0.798837,0.248818,5.47286,20064,19968,13114,11032,3357,53,53
1789629374757822174,merge,1.70131,1.6591,0.945895,0.800093,0.181408,5.37418,19968,19968,12858,11004,3358,53,53
1789629374856955756,merge,1.71297,1.5938,0.973881,0.803102,0.0944,5.27108,19968,20064,13146,10906,3359,53,53
1789629374957039256,merge,1.7072,1.65723,0.953741,0.806595,0.251057,5.46294,20064,19968,13167,11005,3360,53,53
1789629375057813697,merge,1.68592,1.6744,0.932964,0.822364,0.182724,5.38729,19968,19968,12686,11084,3361,53,53
1789629375156990818,merge,1.72424,1.61547,0.948157,0.791832,0.083705,5.25543,19968,20064,13228,10926,3362,53,53
1789629375257114046,merge,1.70368,1.64583,0.949559,0.786232,0.276049,5.4502,20064,19968,12974,10843,3363,53,53
1789629375357782304,merge,1.71546,1.6004,0.931621,0.803555,0.177346,5.32111,19968,20064,12860,11017,3364,53,53
1789629375457035500,merge,1.71087,1.60356,0.96628,0.785201,0.050618,5.20067,19968,19968,13180,10919,3365,53,53
1789629375557030150,merge,1.71481,1.584,0.935988,0.772946,0.131474,5.22406,20064,20064,12968,10840,3366,53,53
1789629375657817757,merge,1.69959,1.64691,0.963682,0.810696,0.14631,5.3585,19968,19872,13005,10905,3367,53,53
1789629375756992645,merge,1.72737,1.608,0.959432,0.8045,0.093422,5.2773,19872,20064,13210,11011,3368,53,53
1789629375856978348,merge,1.7004,1.6418,0.948137,0.798763,0.256266,5.44036,20160,19872,12966,10787,3369,53,53
1789629375957017885,merge,2.59065,1.71366,0.960887,0.797824,0.189228,6.41028,19872,20160,13070,11059,3370,53,53
1789629376057036466,merge,1.76565,1.71644,0.958044,0.789511,0.204258,5.54173,20064,19872,13135,10929,3371,53,53
1789629376157010102,merge,1.75165,1.64345,0.968542,0.785349,0.19554,5.43942,20064,19968,13235,10848,3372,53,53
1789629376257801152,merge,1.69338,1.62387,0.930786,0.785283,0.146487,5.26859,19872,19968,12858,10825,3373,53,53
1789629376356982244,merge,1.75684,1.59734,0.957177,0.802551,0.117276,5.32219,20064,20064,13339,10960,3374,53,53
1789629376457920340,merge,1.71205,1.65297,0.940461,0.800199,0.263672,5.46024,20064,19968,12947,10968,3375,53,53
1789629376557054315,merge,1.71584,1.63085,0.944144,0.797247,0.183616,5.3617,19872,19968,12899,10847,3376,53,53
1789629376656995910,merge,1.71996,1.59707,0.965696,0.78922,0.09751,5.25924,19872,20064,13083,10943,3377,53,53
1789629376757046759,merge,1.72116,1.65976,0.966223,0.821762,0.242887,5.50219,20064,19968,13188,10964,3378,53,53
1789629376857059655,merge,1.70591,1.65015,0.944755,0.78217,0.243339,5.41509,20064,19968,12792,10811,3379,53,53
1789629376957970839,merge,1.71351,1.5863,0.951079,0.797594,0.177828,5.31458,19872,20064,13130,10890,3380,53,53
1789629377057094718,merge,1.69608,1.64715,0.953366,0.801441,0.175925,5.36208,19968,19968,13015,10832,3381,53,53
1789629377157052108,merge,1.71103,1.60552,0.962834,0.77731,0.129373,5.26987,20064,19968,12938,10817,3382,53,53
1789629377257813915,merge,1.69974,1.58476,0.942774,0.782293,0.171801,5.2666,19968,20064,12912,10788,3383,53,53
1789629377357846308,merge,1.70437,1.5843,0.949093,0.789073,0.05109,5.16317,19872,19968,13055,10863,3384,53,53
1789629377457033048,merge,1.69845,1.60457,0.923167,0.804152,0.116019,5.23502,20160,19968,12811,10956,3385,53,53
1789629377557827326,merge,1.703,1.59182,0.952733,0.785526,0.202328,5.32359,19968,20160,13101,10871,3386,53,53
1789629377657840750,merge,1.7014,1.6359,0.94684,0.772923,0.172841,5.31443,19968,19872,12976,10798,3387,53,53
1789629377757845947,merge,1.71518,1.60663,0.940888,0.798775,0.091216,5.24216,19968,20064,12934,11066,3388,53,53
1789629377857032327,merge,1.70125,1.63789,0.933468,0.782317,0.145594,5.28616,19968,19968,12900,10893,3389,53,53
1789629377957017728,merge,1.71844,1.57607,0.963058,0.782057,0.137635,5.26098,20064,19968,13227,10719,3390,53,53
1789629378057816126,merge,1.71626,1.63573,0.966171,0.778205,0.243623,5.42606,20064,19968,12970,10786,3391,53,53
1789629378157924911,merge,1.69996,1.61552,0.933289,0.779662,0.174663,5.29202,19872,20064,12910,10918,3392,53,53
1789629378257053713,merge,1.72685,1.5959,0.970901,0.775678,0.109788,5.2626,20064,19968,13281,10759,3393,53,53
1789629378357053120,merge,1.70289,1.6324,0.9291,0.781649,0.202413,5.33128,19968,19968,12833,10876,3394,53,53
1789629378457821325,merge,1.7122,1.60849,0.974588,0.802203,0.134886,5.32076,20064,20064,13114,10954,3395,53,53
1789629378557840063,merge,1.70955,1.65046,0.965292,0.802286,0.239457,5.45306,20064,19968,13125,10892,3396,53,53
1789629378657963248,merge,1.68815,1.60492,0.937904,0.811184,0.174979,5.31879,19872,20064,12790,10940,3397,53,53
1789629378757094165,merge,1.71916,1.58057,0.945272,0.785308,0.107282,5.22588,20064,19872,12989,10874,3398,53,53
1789629378857826659,merge,1.70848,1.64916,0.951199,0.790501,0.179354,5.36051,19968,20064,13166,10965,3399,53,53
1789629378957046276,merge,1.69755,1.62906,0.921172,0.821654,0.199815,5.35876,20064,19968,12638,10680,3400,53,53
1789629379057858122,merge,1.71012,1.65107,0.986251,0.806624,0.149055,5.39242,19968,19968,13140,10805,3401,53,53
1789629379257107720,merge,1.70964,1.59132,0.931626,0.785102,0.162444,5.26662,20064,19968,12870,10856,3402,53,53
1789629379357844589,merge,1.75427,1.66247,0.963619,0.816384,0.189694,5.46977,19968,19968,12968,10790,3403,53,53
1789629379457097504,merge,1.71912,1.66793,0.976597,0.794337,0.183272,5.42633,20064,19968,13220,10910,3404,53,53
1789629379557926093,merge,1.76389,1.61199,0.927172,0.805664,0.178655,5.37253,19968,20064,12649,11038,3405,53,53
1789629379657123611,merge,1.78859,1.67003,0.953716,0.778985,0.173431,5.4523,19968,19968,13142,10785,3406,53,53
1789629379757061761,merge,1.70755,1.65945,0.97321,0.778396,0.174079,5.37867,20064,19968,13187,10722,3407,53,53
1789629379857842536,merge,1.77571,1.6092,0.954661,0.7917,0.172463,5.3888,19968,20064,12757,10807,3408,53,53
1789629379957082960,merge,1.71935,1.66563,0.97963,0.788682,0.174696,5.41274,20064,19872,13252,10802,3409,53,53
1789629380057859329,merge,1.76417,1.59667,0.938293,0.792014,0.174128,5.35397,19968,20064,13053,10931,3410,53,53
1789629380157042012,merge,1.72444,1.66437,0.949378,0.79576,0.173568,5.39753,20064,19968,12985,10900,3411,53,53
1789629380257958063,merge,1.74103,1.60629,0.935331,0.804733,0.171731,5.34883,19872,20064,12953,11029,3412,53,53
1789629380357095015,merge,1.7226,1.66257,0.953291,0.770915,0.171175,5.36866,20064,19968,13151,10804,3413,53,53
1789629380457047169,merge,1.7539,1.59836,0.928794,0.783969,0.172007,5.32304,19968,20064,12713,10946,3414,53,53
1789629380557052385,merge,1.71175,1.67875,0.9768,0.839189,0.176047,5.46577,20064,19968,13227,10949,3415,53,53
1789629380657887273,merge,1.78198,1.61931,0.94287,0.790913,0.171969,5.39537,19968,20064,12827,10854,3416,53,53
1789629380757125145,merge,1.76615,1.66639,0.965227,0.792108,0.174339,5.45171,19968,19968,12912,10790,3417,53,53
1789629380857062080,merge,1.69664,1.66049,0.945481,0.785414,0.169629,5.34401,20064,19872,13074,10807,3418,53,53
1789629380957066509,merge,1.70221,1.69307,0.957183,0.799638,0.174819,5.4137,20064,20064,12927,11088,3419,53,53
1789629381057959300,merge,1.76439,2.40873,1.32619,1.10808,0.277422,7.01187,19968,19968,12863,10812,3420,53,53
1789629381157051222,merge,2.623,2.35576,1.34124,1.11125,0.277314,7.86501,19968,20064,13096,10858,3421,53,53
1789629381257074463,merge,1.80438,1.61199,0.927221,0.805707,0.190468,5.46243,19968,20064,12682,11038,3422,53,53
1789629381357082665,merge,1.7128,1.68289,0.953128,0.792037,0.177211,5.40841,20064,19968,13100,10902,3423,53,53
1789629381457903137,merge,1.76184,1.66116,0.952845,0.779374,0.176161,5.41992,19968,19968,13033,10805,3424,53,53
1789629381557056160,merge,1.75549,1.6677,0.923416,0.796483,0.17171,5.40179,19968,19968,12792,10885,3425,53,53
1789629381657059795,merge,1.7058,1.68692,0.954168,0.787196,0.178499,5.39733,20064,20064,13107,10892,3426,53,53
1789629381757130408,merge,1.75672,1.66381,0.951279,0.765316,0.177686,5.40012,19968,19968,13035,10830,3427,53,53
1789629381857067071,merge,2.34251,1.7332,0.937375,0.802798,0.174035,6.1208,20064,20064,12846,10957,3428,53,53
1789629381957915610,merge,1.7787,1.66883,0.950596,0.786501,0.178127,5.45031,19968,19872,13056,10877,3429,53,53
1789629382057105543,merge,1.7197,1.67696,0.960071,0.790876,0.180942,5.41691,20064,20064,13238,10942,3430,53,53
1789629382157935403,merge,2.6148,2.3624,1.28951,1.12116,0.293857,7.84111,19872,20064,12579,10958,3431,53,53
1789629382257068634,merge,2.55881,2.38703,1.01919,0.815499,0.180892,7.10369,20160,19968,13336,10968,3432,53,53
1789629382357961477,merge,1.76244,1.67942,0.913448,0.788564,0.193043,5.42762,19968,19968,12978,10987,3433,53,53
1789629382457962444,merge,1.72383,1.67026,0.961112,0.781576,0.175874,5.4003,20064,19968,12907,10820,3434,53,53
1789629382558053358,merge,1.76398,1.60424,0.949867,0.822549,0.17937,5.4173,19872,20064,12901,10760,3435,53,53
1789629382657074114,merge,1.72132,1.67446,0.962622,0.784625,0.182209,5.40977,20064,19968,13184,10930,3436,53,53
1789629382757087946,merge,1.69529,1.68613,0.966786,0.798207,0.180767,5.42057,20064,20064,12716,10995,3437,53,53
1789629382858000446,merge,1.77719,1.6635,0.962755,0.795626,0.180769,5.46491,19968,19968,13156,10867,3438,53,53
1789629382957955548,merge,1.69458,1.65444,0.940687,0.79111,0.173428,5.34329,20064,19968,12853,10834,3439,53,53
1789629383058072851,merge,1.76496,1.62019,0.937706,0.790604,0.187553,5.39045,19872,20064,12833,11024,3440,53,53
1789629383157101481,merge,1.70434,1.69502,0.98207,0.824593,0.18461,5.48512,20064,20064,13097,11036,3441,53,53
1789629383257927416,merge,2.54546,1.77014,0.948081,0.827125,0.200686,6.42894,20064,19872,13026,10825,3442,53,53
1789629383358098219,merge,1.7667,1.70067,0.948483,0.794576,0.170667,5.46699,19968,19968,12849,10946,3443,53,53
1789629383457987138,merge,1.77204,1.61737,0.958276,0.788665,0.197054,5.41533,19968,20160,13123,10952,3444,53,53
1789629383557945745,merge,1.70884,1.65745,0.935014,0.802289,0.175999,5.36683,20064,19872,13032,10844,3445,53,53
1789629383657990159,merge,1.77289,1.60421,0.939492,0.803042,0.143821,5.36457,19968,20064,12927,10957,3446,53,53
1789629383757980217,merge,1.78446,1.69358,0.966221,0.805206,0.178246,5.51238,19968,19968,13199,11030,3447,53,53
1789629383857127275,merge,1.707,1.66973,0.948443,0.795906,0.174918,5.38534,20064,19968,12910,10896,3448,53,53
1789629383957941042,merge,1.77765,1.68049,0.95139,0.80723,0.143484,5.45177,19968,19968,13066,10976,3449,53,53
1789629384057980519,merge,1.74786,1.60243,0.961968,0.792388,0.146126,5.33653,19968,20064,13073,11015,3450,53,53
1789629384157126939,merge,1.78216,1.622,0.967325,0.822179,0.192881,5.47014,19968,20064,13002,11155,3451,53,53
1789629384257124263,merge,1.70551,1.68992,0.949874,0.799897,0.180013,5.4116,20064,20064,12895,10987,3452,53,53
1789629384357969909,merge,1.79102,1.66883,0.943519,0.782143,0.175522,5.44388,19968,19872,13191,10909,3453,53,53
1789629384457126857,merge,1.6996,1.68722,0.94677,0.807082,0.170502,5.3974,20064,19968,12733,11015,3454,53,53
1789629384557945772,merge,1.78312,1.61484,0.945735,0.802042,0.173817,5.40451,19968,20064,13096,11071,3455,53,53
1789629384657975023,merge,1.76924,1.60461,0.944704,0.792373,0.182789,5.38922,19968,20064,12969,10995,3456,53,53
1789629384757147633,merge,1.69627,1.68521,0.936515,0.803712,0.177245,5.39316,20064,19872,12904,11082,3457,53,53
1789629384857985448,merge,1.77298,1.60997,0.946952,0.798698,0.17904,5.39527,19968,20160,12948,11070,3458,53,53
1789629384957966629,merge,1.71878,1.68764,0.96953,0.814824,0.176105,5.45683,20064,19872,13170,11059,3459,53,53
1789629385058105766,merge,1.75213,1.6725,0.925804,0.803531,0.174999,5.41572,19968,19968,12739,10941,3460,53,53
1789629385157987652,merge,1.7806,1.61134,0.954973,0.80215,0.180569,5.41467,19968,20064,13062,11084,3461,53,53
1789629385257980913,merge,2.34707,1.70746,0.970447,0.810334,0.153698,6.11365,20064,19968,13257,10998,3462,53,53
1789629385358090865,merge,1.75375,1.6055,0.934445,0.78949,0.143028,5.32579,19872,20064,12759,10924,3463,53,53
1789629385457184546,merge,1.71212,1.67575,0.962272,0.803752,0.180733,5.42206,20064,20064,13184,10916,3464,53,53
1789629385557975711,merge,1.80665,1.67702,0.966399,0.82236,0.210126,5.57223,19968,19968,13189,10963,3465,53,53
1789629385657242820,merge,1.78487,1.68352,0.919182,0.796285,0.198841,5.48004,19968,19968,12830,10996,3466,53,53
1789629385757149405,merge,1.8206,1.65641,0.995111,0.785833,0.200391,5.54224,19968,19968,13513,10860,3467,53,53
1789629385857122346,merge,1.7596,1.60834,0.937097,0.793459,0.178363,5.36238,19968,20064,12841,10955,3468,53,53
1789629385957192452,merge,1.72508,1.67071,0.969329,0.779322,0.173913,5.40864,20064,19872,13220,10926,3469,53,53
1789629386057164577,merge,1.7093,1.67515,0.936622,0.788514,0.176203,5.36806,20064,20064,13062,10999,3470,53,53
1789629386157196868,merge,1.78322,1.58912,0.961075,0.780636,0.179048,5.37442,19968,20064,13209,10898,3471,53,53
1789629386257214461,merge,1.78324,1.6508,0.952051,0.79356,0.144557,5.42313,20064,19872,12880,10891,3472,53,53
1789629386357232861,merge,1.79894,1.66532,0.961597,0.784296,0.173634,5.46589,19872,19872,13184,10881,3473,53,53
1789629386457188618,merge,1.76954,1.59316,0.928444,0.773963,0.172135,5.32244,19872,20160,12912,10837,3474,53,53
1789629386557142810,merge,1.71758,1.66636,0.953849,0.784297,0.175485,5.38284,20256,19968,13017,10941,3475,53,53
1789629386658057291,merge,1.7632,1.68156,0.942807,0.78738,0.173983,5.43591,19872,19968,12869,10986,3476,53,53
1789629386757298032,merge,1.75934,1.66406,0.970691,0.781499,0.16712,5.42926,19872,19968,13141,10891,3477,53,53
1789629386857239901,merge,1.7478,1.65694,0.931827,0.78084,0.172011,5.37394,19968,19968,12855,10812,3478,53,53
1789629386957024645,merge,1.70927,1.68953,0.953948,0.818902,0.177409,5.43269,20064,20064,12992,11029,3479,53,53
1789629387057991686,merge,1.79879,1.67646,0.964229,0.796895,0.173375,5.49221,19968,19968,13182,10922,3480,53,53
1789629387158014121,merge,1.78125,1.6723,0.954534,0.801067,0.17736,5.475,19968,19968,13075,10885,3481,53,53
1789629387257993217,merge,1.76824,1.60638,0.923415,0.795973,0.174664,5.35442,19968,20064,12850,10943,3482,53,53
1789629387357151221,merge,1.70625,1.69152,0.96393,0.769985,0.175995,5.39192,20064,19968,13241,10902,3483,53,53
1789629387458060686,merge,1.77085,1.60096,0.961639,0.796231,0.171929,5.39117,19872,20064,13009,10914,3484,53,53
1789629387557251710,merge,1.71977,1.65101,0.932086,0.782625,0.17191,5.34497,20064,19872,12824,10780,3485,53,53
1789629387657981025,merge,1.72569,1.69111,0.947305,0.78884,0.175122,5.41817,20064,20064,13261,11050,3486,53,53
1789629387758029198,merge,1.76714,1.60209,0.929071,0.767576,0.173682,5.32525,19872,20064,12987,10837,3487,53,53
1789629387857176511,merge,1.70775,1.6633,0.945097,0.786681,0.17215,5.36219,20160,19968,12975,10848,3488,53,53
1789629387958051035,merge,1.75969,1.67719,0.959709,0.793136,0.175156,5.4519,19872,19968,12984,10974,3489,53,53
1789629388057206059,merge,1.70903,1.68105,0.962615,0.791352,0.178378,5.41238,20064,19968,13200,10956,3490,53,53
1789629388157041774,merge,1.71341,1.7436,0.947558,0.789606,0.140171,5.42967,20064,20064,12790,10750,3491,53,53
1789629388258178015,merge,1.78831,1.66579,0.963476,0.7875,0.176295,5.46399,19968,19968,13146,10818,3492,53,53
1789629388357221503,merge,1.73836,1.66933,0.955635,0.781175,0.144008,5.38384,19968,19968,12880,10925,3493,53,53
1789629388458009067,merge,1.77648,1.59833,0.938467,0.795612,0.174142,5.3668,19968,20064,12862,10948,3494,53,53
1789629388557176666,merge,1.692,1.66134,0.958758,0.788588,0.173923,5.35995,20064,19968,13048,10881,3495,53,53
1789629388658034048,merge,1.77933,1.60683,0.971973,0.809154,0.172338,5.42579,19968,20064,13051,11000,3496,53,53
1789629388757168865,merge,1.71259,1.65614,0.948104,0.78046,0.148462,5.33176,20064,19968,12858,10884,3497,53,53
1789629388858092835,merge,1.76742,1.65698,0.962893,0.784582,0.175877,5.43449,19968,19968,13157,10849,3498,53,53
1789629388958056621,merge,1.70446,1.67298,0.938927,0.790464,0.172952,5.36524,20064,19968,12930,10948,3499,53,53
1789629389058093588,merge,1.75781,1.61866,0.947981,0.789204,0.176706,5.38379,19872,20064,12877,10890,3500,53,53
1789629389157249557,merge,1.72389,1.66458,0.980128,0.786434,0.174871,5.41937,20064,20064,13233,10786,3501,53,53
1789629389257294308,merge,1.77382,1.66293,0.946604,0.793812,0.145518,5.41717,19968,19872,12917,10823,3502,53,53
1789629389357223822,merge,1.71195,1.68728,0.950475,0.797281,0.191926,5.43102,20064,19968,13008,10944,3503,53,53
1789629389458029169,merge,1.76158,1.61197,0.953698,0.80386,0.171207,5.38835,19968,20064,13044,10948,3504,53,53
1789629389558016880,merge,1.7894,1.59079,0.944437,0.7971,0.174538,5.38682,19968,20064,12974,10937,3505,53,53
1789629389657219224,merge,1.70701,1.67632,0.950829,0.791348,0.17318,5.38952,20064,19968,12943,11007,3506,53,53
1789629389758054380,merge,1.72393,1.6792,1.01308,0.794722,0.176399,5.4791,20064,19968,13216,10950,3507,53,53
1789629389858116829,merge,1.77222,1.58054,0.926019,0.783209,0.17108,5.32106,19968,20064,12696,10808,3508,53,53
1789629389958117545,merge,1.77195,1.66004,0.964655,0.786178,0.168309,5.44339,19968,19968,13109,10801,3509,53,53
1789629390057111392,merge,1.75351,1.63359,0.960338,0.792303,0.17459,5.40194,19968,20064,12970,10971,3510,53,53
1789629390157360105,merge,1.71034,1.6622,0.941956,0.793095,0.168467,5.36051,20064,19968,12839,10829,3511,53,53
1789629390258072363,merge,1.75911,1.65258,0.954147,0.793602,0.178069,5.42235,19968,19968,12917,10847,3512,53,53
1789629390357121555,merge,1.77046,1.60126,0.95278,0.803676,0.175094,5.39333,19968,20064,13118,11023,3513,53,53
1789629390457280525,merge,1.69212,1.66966,0.911789,0.788183,0.169188,5.31979,20064,19872,12644,10840,3514,53,53
1789629390558023430,merge,1.80552,1.59709,0.958711,0.805231,0.179085,5.43323,19968,20160,13132,11029,3515,53,53
1789629390657227814,merge,1.69815,1.65796,0.943645,0.776654,0.177692,5.33919,20064,19872,13067,10822,3516,53,53
1789629390758093573,merge,1.77858,1.6139,0.945799,0.785188,0.173112,5.38556,19968,20064,12719,10939,3517,53,53
1789629390858030644,merge,1.75474,1.58971,0.943471,0.778349,0.174084,5.3289,19968,20064,13000,10788,3518,53,53
1789629390957273958,merge,1.71054,1.65782,0.956619,0.779728,0.171237,5.36733,20064,19872,13212,10800,3519,53,53
1789629391058053150,merge,1.75048,1.61621,0.922345,0.810767,0.174223,5.36222,19968,20064,12672,11101,3520,53,53
1789629391157227795,merge,1.77478,1.68655,0.949087,0.776688,0.174185,5.44945,19968,19968,13118,10853,3521,53,53
1789629391257241611,merge,1.7179,1.65765,0.957306,0.78216,0.18297,5.38172,20064,19968,13135,10825,3522,53,53
1789629391357177547,merge,1.7547,1.59763,0.932749,0.805687,0.169947,5.34505,19968,20160,12776,11048,3523,53,53
1789629391457347326,merge,1.78048,1.67911,0.960769,0.796077,0.175602,5.47903,19968,19968,13181,10987,3524,53,53
1789629391557253531,merge,1.70709,1.63071,0.943177,0.787477,0.137212,5.29255,20064,19872,13044,10758,3525,53,53
1789629391658061675,merge,1.71898,1.67995,0.943064,0.784698,0.171363,5.38041,20064,20064,12972,10910,3526,53,53
1789629391758080904,merge,1.77833,1.679,0.940955,0.789678,0.171523,5.4437,19968,19968,13025,10878,3527,53,53
1789629391858126174,merge,1.76938,1.66786,0.948395,0.772261,0.174031,5.41378,19968,19968,12959,10766,3528,53,53
1789629391957133875,merge,1.77242,1.59649,0.931595,0.771578,0.173428,5.34595,19968,20064,12817,10963,3529,53,53
1789629392057243044,merge,1.71313,1.67274,0.966037,0.811393,0.17553,5.42676,20064,19872,13273,10880,3530,53,53
1789629392157199761,merge,1.74316,1.61837,0.926707,0.809369,0.172549,5.35844,19968,20256,12707,11162,3531,53,53
1789629392257402510,merge,1.71072,1.64857,0.948598,0.767292,0.172436,5.33033,20064,19872,13095,10784,3532,53,53
1789629392358078775,merge,2.04371,1.64712,0.941979,0.792172,0.181982,5.73946,19968,20160,12912,11047,3533,53,53
1789629392457390859,merge,1.77898,1.67291,0.951194,0.794404,0.169039,5.45119,19968,19872,12894,10878,3534,53,53
1789629392557235793,merge,1.7019,1.66193,0.946423,0.776678,0.172486,5.34455,20064,19872,12929,10804,3535,53,53
1789629392658076754,merge,1.78038,1.60215,0.9438,0.787036,0.171759,5.37029,19968,20160,13128,10819,3536,53,53
1789629392757363159,merge,1.69682,1.68418,0.910341,0.790928,0.172643,5.3428,20064,19968,12723,10984,3537,53,53
1789629392857311626,merge,1.78811,1.6921,0.953568,0.794089,0.176905,5.49478,19968,19968,13071,10970,3538,53,53
1789629392958067677,merge,1.70586,1.67446,0.955133,0.80073,0.172305,5.39219,20064,20064,13138,10986,3539,53,53
1789629393058124345,merge,1.80431,1.70461,0.924721,0.804677,0.183368,5.51576,19968,19968,12718,10829,3540,53,53
1789629393157345471,merge,1.75985,1.60973,1.03964,0.801199,0.172748,5.47054,19968,20064,13161,11035,3541,53,53
1789629393257367061,merge,1.70822,1.70706,0.958973,0.78972,0.173831,5.42101,20064,19968,13157,10906,3542,53,53
1789629393358150956,merge,1.76432,1.658,0.944535,0.788585,0.172794,5.41162,19968,19872,12775,10851,3543,53,53
1789629393457215408,merge,1.76541,1.62401,0.961951,0.80071,0.178859,5.42642,19968,20160,13048,11102,3544,53,53
1789629393557330763,merge,1.72611,1.67153,0.952806,0.786244,0.17121,5.39523,20064,19872,13270,10888,3545,53,53
1789629393657331236,merge,1.74914,1.60045,0.933153,0.799237,0.169429,5.33954,19968,20064,12700,10855,3546,53,53
1789629393757170677,merge,1.77247,1.60416,0.973591,0.79688,0.174761,5.40872,19968,20064,13169,10998,3547,53,53
1789629393857292062,merge,1.77018,1.61697,0.956934,0.808955,0.176739,5.41778,19968,20064,13091,11004,3548,53,53
1789629393957369714,merge,1.7157,1.65879,0.937611,0.786571,0.169985,5.35522,20064,19968,12903,10898,3549,53,53
1789629394057320720,merge,1.75288,1.67501,0.950266,0.791791,0.170383,5.42739,19968,19968,13021,10905,3550,53,53
1789629394157327987,merge,1.70683,1.6872,0.96575,0.807548,0.174376,5.4274,20064,19968,13220,11047,3551,53,53
1789629394257275958,merge,1.74288,1.62177,0.92213,0.801187,0.169262,5.34968,19968,20064,12589,11075,3552,53,53
1789629394357304623,merge,1.77883,1.68925,0.974841,0.796247,0.177155,5.50197,19968,19968,13220,10983,3553,53,53
1789629394457260854,merge,1.6984,1.67674,0.944252,0.795268,0.176278,5.37494,20064,19968,13000,10994,3554,53,53
1789629394558116503,merge,1.76121,1.62509,0.934009,0.811335,0.171198,5.39905,19968,20064,12839,11082,3555,53,53
1789629394657326303,merge,1.75864,1.68867,0.956521,0.803645,0.179215,5.47498,19968,19968,13073,11066,3556,53,53
1789629394757435001,merge,1.75705,1.66419,0.947637,0.788085,0.168397,5.40928,19968,19968,13012,10930,3557,53,53
1789629394857319797,merge,1.70919,1.69373,0.949385,0.816286,0.173823,5.42678,20064,19968,12828,11058,3558,53,53
1789629394957113452,merge,1.77522,1.61986,0.952331,0.791866,0.175906,5.40325,19968,20064,13169,11073,3559,53,53
1789629395057379614,merge,1.70726,1.6836,0.973003,0.794542,0.192845,5.43809,20064,19872,13151,10930,3560,53,53
1789629395157254112,merge,1.75686,1.6018,0.947792,0.796491,0.179622,5.36951,19968,20160,12846,11010,3561,53,53
1789629395257407960,merge,1.78539,1.69429,0.991827,0.807169,0.180398,5.55152,19968,19968,13282,11171,3562,53,53
1789629395357308943,merge,1.69806,1.6846,0.94252,0.79546,0.172695,5.3824,20064,19872,13008,11001,3563,53,53
1789629395458128156,merge,1.75741,1.59776,0.931661,0.783204,0.175203,5.33285,19968,20064,12898,10866,3564,53,53
1789629395557195923,merge,1.80489,1.59096,0.978308,0.812218,0.144341,5.4327,19968,20064,13419,10821,3565,53,53
1789629395657298709,merge,1.6869,1.68182,0.939644,0.802071,0.177397,5.37471,20064,19968,12856,11009,3566,53,53
1789629395757321975,merge,1.79642,1.59394,0.96545,0.784639,0.180555,5.4062,19968,20064,13261,10962,3567,53,53
1789629395857322915,merge,1.7639,1.6531,0.922108,0.76886,0.181983,5.37607,19968,19968,12999,10822,3568,53,53
1789629395957330413,merge,1.72196,1.67371,0.957468,0.790815,0.174479,5.40151,20064,19872,13167,10936,3569,53,53
1789629396057226866,merge,1.78324,1.61583,0.947498,0.81179,0.180405,5.42821,19968,20160,12957,11113,3570,53,53
1789629396157423291,merge,1.79001,1.65021,0.96616,0.798741,0.180159,5.46916,19872,19968,13170,10885,3571,53,53
1789629396257308162,merge,1.70927,1.65585,0.929014,0.793404,0.144721,5.3168,20064,19968,12965,10895,3572,53,53
1789629396357148369,merge,1.72042,1.67785,0.941448,0.790491,0.175048,5.39679,20064,19872,13009,10961,3573,53,53
1789629396457421149,merge,1.77784,1.65165,0.944732,0.784907,0.183361,5.43172,19872,19872,12902,10780,3574,53,53
1789629396557232049,merge,1.71921,1.67119,0.970208,0.792066,0.175859,5.41908,20064,20064,13142,10844,3575,53,53
1789629396657175090,merge,1.7714,1.60668,0.919374,0.79505,0.174457,5.35278,19968,20064,12677,10970,3576,53,53
1789629396757234243,merge,1.79192,1.66882,0.972322,0.805272,0.183223,5.50992,19968,19968,13204,10877,3577,53,53
1789629396858135711,merge,1.76097,1.65509,0.959009,0.79343,0.175677,5.42905,19872,19968,12947,10823,3578,53,53
1789629396957145479,merge,1.70691,1.67627,0.930077,0.802159,0.174597,5.3767,20064,20064,12874,10980,3579,53,53
1789629397057121371,merge,1.7869,1.68342,0.96147,0.814079,0.179128,5.51306,19968,19968,13125,11010,3580,53,53
1789629397157265253,merge,1.78679,1.58638,0.943383,0.793501,0.172771,5.37193,19968,20064,13112,10923,3581,53,53
1789629397257243237,merge,1.70344,1.66413,0.941013,0.788083,0.177861,5.36446,20064,19968,12881,10895,3582,53,53
1789629397358180296,merge,1.77465,1.68132,0.978685,0.793105,0.174065,5.49078,19968,19968,13077,10944,3583,53,53
1789629397458190665,merge,1.74613,1.59672,0.953169,0.777304,0.185452,5.34802,19872,20064,13035,10778,3584,53,53
1789629397557314412,merge,1.71096,1.65462,0.943646,0.778436,0.174465,5.35106,20064,19968,12906,10810,3585,53,53
1789629397657273913,merge,1.71229,1.66903,0.96575,0.802125,0.171653,5.4089,20064,19968,13074,10991,3586,53,53
1789629397757331916,merge,1.7637,1.60213,0.931994,0.802634,0.17347,5.35647,19872,20064,12945,11061,3587,53,53
1789629397857380274,merge,1.72016,1.65325,0.933306,0.785397,0.17121,5.35586,20160,19968,12981,10756,3588,53,53
1789629397958203764,merge,1.76539,1.58944,0.941064,0.799407,0.176518,5.36224,19968,20064,12962,10968,3589,53,53
1789629398058208550,merge,1.76205,1.68226,0.949412,0.791972,0.176033,5.45154,19968,19968,13140,10980,3590,53,53
1789629398157264763,merge,1.70691,1.67005,0.939705,0.780737,0.186411,5.37853,20064,19968,12691,10806,3591,53,53
1789629398257404859,merge,1.77516,1.65891,0.959248,0.781012,0.175773,5.44243,19968,19968,13066,10829,3592,53,53
1789629398357278286,merge,1.76303,1.60543,0.93586,0.787591,0.177911,5.35717,19968,20064,12956,10919,3593,53,53
1789629398457285096,merge,1.75532,1.68434,0.941663,0.791605,0.17762,5.43974,19968,19968,12828,10901,3594,53,53
1789629398557329055,merge,1.69996,1.66321,0.9217,0.795692,0.17594,5.348,20064,19968,12911,10818,3595,53,53
1789629398657285828,merge,1.77465,1.66366,0.964238,0.791587,0.176242,5.45939,19968,19968,13093,10889,3596,53,53
1789629398757188421,merge,1.70106,1.68404,0.921688,0.80321,0.175188,5.36946,20064,20064,12716,10997,3597,53,53
1789629398857261595,merge,1.76717,1.58833,0.942227,0.783595,0.17439,5.34642,19872,20064,12989,10907,3598,53,53
1789629398957397418,merge,1.71935,1.65582,0.971316,0.786899,0.174324,5.39775,20160,19968,13242,10843,3599,53,53
1789629399058181017,merge,1.76667,1.67938,0.945121,0.803299,0.173465,5.45247,19968,19968,12678,10987,3600,53,53
1789629399157336674,merge,1.7696,1.60251,0.962012,0.787654,0.174703,5.38116,19968,20064,13100,10846,3601,53,53
1789629399257382713,merge,1.75372,1.63889,0.936954,0.772813,0.258003,5.44447,19968,19968,13051,10709,3602,53,53
1789629399357382784,merge,1.7097,1.66382,0.929992,0.780167,0.172139,5.34362,20064,19968,12892,10870,3603,53,53
1789629399457271093,merge,1.7683,1.68997,0.962313,0.797793,0.191607,5.49421,19968,19968,13050,10919,3604,53,53
1789629399557264149,merge,1.70777,1.66344,0.966992,0.778519,0.175018,5.3788,20064,19968,13196,10797,3605,53,53
1789629399658211569,merge,1.76744,1.59252,0.915029,0.804455,0.16884,5.33367,19968,20064,12620,10951,3606,53,53
1789629399757327091,merge,1.72105,1.68819,0.990029,0.806791,0.17482,5.47322,20064,19968,13239,10978,3607,53,53
1789629399857280825,merge,1.77329,1.59241,0.922579,0.770001,0.171239,5.31879,19968,20064,12924,10910,3608,53,53
1789629399957387522,merge,1.77477,1.65856,0.939844,0.791974,0.177831,5.4265,19968,19968,12786,10846,3609,53,53
1789629400057251362,merge,1.76233,1.61645,0.945377,0.791736,0.173313,5.38401,19968,20064,12950,10904,3610,53,53
1789629400157384840,merge,1.70232,1.67248,0.945254,0.787485,0.179469,5.37303,20064,19968,13106,10853,3611,53,53
1789629400257271955,merge,1.76028,1.65329,0.921621,0.805032,0.16863,5.39671,19968,19968,12632,10817,3612,53,53
1789629400357231037,merge,1.71198,1.6715,0.96362,0.783654,0.174896,5.39041,20064,20064,13206,10982,3613,53,53
1789629400458193297,merge,1.75329,1.67677,0.921751,0.766771,0.179666,5.38981,19968,19968,12823,10931,3614,53,53
1789629400557276513,merge,1.80715,1.63124,0.944065,0.785274,0.194641,5.45298,19968,20064,12865,10904,3615,53,53
1789629400657369453,merge,1.72036,1.68101,0.924319,0.776459,0.17587,5.36801,20064,19968,13122,10820,3616,53,53
1789629400757307751,merge,2.25772,1.67339,0.934729,0.80677,0.17493,5.95576,19968,19968,12913,10968,3617,53,53
1789629400857226628,merge,1.78532,1.69358,0.94644,0.801777,0.184046,5.50758,19968,19968,12912,10935,3618,53,53
1789629400957210152,merge,1.75298,1.71071,0.952278,0.770248,0.177042,5.44839,20064,20064,13160,10747,3619,53,53
1789629401057277997,merge,1.81711,1.70635,0.967989,0.775537,0.17409,5.52826,19968,19968,12931,10876,3620,53,53
1789629401157239554,merge,1.7842,1.71143,0.91633,0.768555,0.179736,5.45392,19968,19968,12893,10956,3621,53,53
1789629401257289546,merge,1.73384,1.70514,0.973042,0.790887,0.180847,5.48245,20064,19968,13243,10855,3622,53,53
1789629401357244388,merge,1.80509,1.59559,0.918362,0.781674,0.174989,5.37271,19968,20064,12774,10932,3623,53,53
1789629401457241376,merge,1.71425,1.67486,0.965409,0.796858,0.174323,5.40664,20064,19968,13136,10861,3624,53,53
1789629401557321824,merge,1.76997,1.61168,0.965228,0.805486,0.176079,5.41227,19968,20064,13017,10993,3625,53,53
1789629401657280380,merge,1.76559,1.65561,0.936221,0.788216,0.178129,5.41147,19968,19968,12807,10845,3626,53,53
1789629401757265493,merge,1.73577,1.7127,0.932271,0.780128,0.176664,5.42237,20064,19968,13028,10920,3627,53,53
1789629401857318939,merge,1.81666,1.61533,0.962131,0.808828,0.172279,5.47113,19968,20064,13126,10875,3628,53,53
1789629401957307285,merge,1.69193,1.65612,0.925191,0.784721,0.175564,5.32163,20064,19968,12659,10727,3629,53,53
1789629402057377238,merge,1.7732,1.6617,0.948576,0.786273,0.183082,5.43722,19968,19968,13136,10851,3630,53,53
1789629402157318485,merge,1.74945,1.61766,0.957713,0.787912,0.181941,5.38335,19968,20064,12930,11065,3631,53,53
1789629402257310391,merge,1.70208,1.6814,0.943445,0.779902,0.172863,5.3655,20064,20064,12806,10870,3632,53,53
1789629402357362550,merge,1.8392,1.6998,0.92247,0.771967,0.182419,5.51288,19968,19968,12951,10859,3633,53,53
1789629402457350743,merge,1.77173,1.67481,0.951362,0.790471,0.180095,5.45539,19968,19968,13124,10971,3634,53,53
1789629402557194636,merge,1.71425,1.68029,0.952751,0.80348,0.176411,5.41639,20064,19968,12817,10976,3635,53,53
1789629402657261554,merge,1.76257,1.65969,0.970961,0.795689,0.182524,5.45583,19968,19968,13062,10885,3636,53,53
1789629402757221375,merge,1.70983,1.67321,0.960144,0.794777,0.173987,5.39588,20064,20064,13118,10881,3637,53,53
1789629402857335011,merge,1.76676,1.6136,0.948237,0.78587,0.175791,5.37681,19968,20064,12806,10953,3638,53,53
1789629402957305142,merge,1.77939,1.66339,0.958111,0.794012,0.176315,5.45977,19968,19872,13149,10827,3639,53,53
1789629403057157061,merge,1.70852,1.66368,0.955197,0.796743,0.176982,5.39549,20064,20064,13033,10936,3640,53,53
1789629403157319561,merge,1.80894,1.60727,0.940931,0.794934,0.179846,5.42322,19968,20064,12899,11036,3641,53,53
1789629403257349695,merge,1.7039,1.68899,0.953168,0.785228,0.180683,5.40275,20064,19968,13149,10937,3642,53,53
1789629403357482307,merge,1.76833,1.67315,0.9368,0.772482,0.175947,5.41406,19968,19968,13030,10887,3643,53,53
1789629403457260774,merge,1.75998,1.60195,0.954838,0.800241,0.176762,5.38353,19968,20064,12736,11006,3644,53,53
1789629403557365832,merge,1.74598,1.72421,0.948373,0.79736,0.192971,5.50355,20064,19968,13243,10996,3645,53,53
1789629403657451202,merge,1.79857,1.71177,0.937477,0.785746,0.181228,5.50406,19968,19968,12783,10837,3646,53,53
1789629403757344141,merge,1.80331,1.64738,0.94568,0.785067,0.181061,5.45708,19968,20064,12873,10841,3647,53,53
1789629403857324372,merge,1.79611,1.64224,0.9233,0.795797,0.178202,5.42761,19968,20064,12955,11061,3648,53,53
1789629403957430978,merge,1.76138,1.73139,0.961024,0.800211,0.174383,5.53331,20064,19968,13046,10945,3649,53,53
1789629404057369312,merge,1.76105,1.70093,0.954808,0.780784,0.175442,5.45682,19968,19968,12769,10968,3650,53,53
1789629404157309925,merge,1.71972,1.66466,0.964274,0.799162,0.176659,5.4108,20064,19968,13217,10946,3651,53,53
1789629404257376137,merge,1.76204,1.69528,0.953012,0.79756,0.175617,5.46857,19968,19968,12850,11027,3652,53,53
1789629404357317013,merge,1.76593,1.62092,0.930649,0.804932,0.174495,5.37963,19968,20064,12929,11087,3653,53,53
1789629404457323250,merge,1.71605,1.66521,0.977848,0.78874,0.175333,5.40883,20064,19968,13240,10921,3654,53,53
1789629404557275223,merge,1.74946,1.68605,0.939829,0.802127,0.172232,5.43219,19968,19968,12861,11055,3655,53,53
1789629404657208315,merge,1.76856,1.60828,0.939918,0.798657,0.171405,5.3699,19968,20064,13038,11061,3656,53,53
1789629404757337213,merge,1.70746,1.67517,0.977771,0.815968,0.184745,5.44582,20064,19968,13202,10956,3657,53,53
1789629404857294599,merge,1.75819,1.59931,0.969346,0.803927,0.18,5.3975,19968,20064,12899,11026,3658,53,53
1789629404957378248,merge,1.75903,1.68874,0.94232,0.78375,0.174542,5.43593,19968,19968,12970,11059,3659,53,53
1789629405057326678,merge,1.71474,1.68602,0.973923,0.808508,0.179407,5.45,20064,19968,13267,11029,3660,53,53
1789629405157342738,merge,1.74769,1.66589,0.931176,0.80386,0.173255,5.40714,19968,19968,12721,10912,3661,53,53
1789629405257204210,merge,1.71434,1.68014,0.94875,0.79178,0.191204,5.41185,20064,19968,13145,10976,3662,53,53
1789629405357418475,merge,1.78037,1.61223,0.946179,0.79968,0.174244,5.39904,19968,20064,13062,11087,3663,53,53
1789629405457311627,merge,1.75796,1.67817,0.916316,0.792743,0.176169,5.409,19968,19968,12793,10978,3664,53,53
1789629405557287607,merge,1.78865,1.70096,0.947965,0.79352,0.174825,5.48814,19968,19968,13227,10878,3665,53,53
1789629405657247404,merge,1.70274,1.67749,0.974524,0.886678,0.17636,5.50696,20064,20064,12966,10920,3666,53,53
1789629405757493606,merge,1.77007,1.68399,0.968027,0.81226,0.185375,5.50835,19968,19968,13001,10950,3667,53,53
1789629405857203314,merge,1.73467,1.66171,0.97471,0.791125,0.182545,5.43481,20064,20064,13145,10846,3668,53,53
1789629405957443641,merge,1.75763,1.59736,0.945478,0.807477,0.178118,5.37657,19872,20064,12899,10978,3669,53,53
1789629406057494297,merge,1.72626,1.69617,0.934678,0.782735,0.17352,5.40349,20064,20064,12974,11032,3670,53,53
1789629406157532966,merge,1.7123,1.66232,0.969088,0.782687,0.173827,5.39228,20064,19872,13140,10809,3671,53,53
1789629406257388473,merge,1.86364,1.64315,0.965096,0.793949,0.143181,5.50233,19872,19968,13185,10885,3672,53,53
1789629406357384464,merge,1.6947,1.65954,0.952411,0.803425,0.142601,5.33471,20064,19968,12882,10978,3673,53,53
1789629406457216241,merge,1.78711,1.6818,0.956627,0.809671,0.173983,5.49442,19968,19968,13098,11006,3674,53,53
1789629406557559023,merge,1.78406,1.65292,0.962929,0.793455,0.175937,5.46068,19872,19968,13103,10806,3675,53,53
1789629406657389604,merge,1.70042,1.67218,0.958023,0.777982,0.166426,5.3636,20064,20064,13009,10814,3676,53,53
1789629406757431561,merge,1.7796,1.67561,0.953988,0.789611,0.174124,5.46284,19968,19872,12918,10912,3677,53,53
1789629406857454717,merge,1.76882,1.66025,0.942104,0.780322,0.17384,5.41262,19872,19968,13093,10801,3678,53,53
1789629406957292724,merge,1.78394,1.59057,0.95061,0.807405,0.169443,5.38859,19968,20064,13037,10966,3679,53,53
1789629407057394290,merge,1.7202,1.68078,0.945302,0.794084,0.174277,5.4044,20064,19968,12906,10984,3680,53,53
1789629407157352547,merge,1.75341,1.68254,0.950884,0.769221,0.174142,5.42583,19968,19968,13005,10809,3681,53,53
1789629407257279282,merge,1.7797,1.58039,0.955126,0.774905,0.173788,5.34654,19968,20064,13120,10875,3682,53,53
1789629407357250467,merge,1.75834,1.59858,0.913497,0.803109,0.175587,5.33333,19968,20064,12620,11027,3683,53,53
1789629407457378663,merge,1.72603,1.68212,0.947497,0.791151,0.175335,5.40787,20064,19968,13226,10941,3684,53,53
1789629407557336268,merge,1.77146,1.66613,0.937909,0.772532,0.173078,5.40541,19968,19968,12923,10748,3685,53,53
1789629407657317755,merge,1.70242,1.68833,0.928084,0.781188,0.171217,5.36438,20064,20064,12855,10871,3686,53,53
1789629407757429278,merge,1.75323,1.68284,0.918091,0.776664,0.17292,5.38962,19968,19968,12899,10961,3687,53,53
1789629407857328398,merge,1.77935,1.6661,0.925106,0.772855,0.176686,5.4055,19968,19968,13126,10842,3688,53,53
1789629407957356136,merge,1.75324,1.66033,0.909292,0.758721,0.17076,5.33975,19968,19968,12565,10851,3689,53,53
1789629408057340362,merge,1.72017,1.68098,0.939972,0.772019,0.175874,5.37535,20064,20064,13182,10962,3690,53,53
1789629408157396893,merge,1.78077,1.60685,0.931962,0.78825,0.177072,5.37158,19968,20064,13086,11064,3691,53,53
1789629408257402469,merge,1.78455,1.65467,0.901323,0.769173,0.167815,5.36598,19968,19872,12710,10721,3692,53,53
1789629408357259168,merge,1.71573,1.67251,0.972775,0.788776,0.175319,5.4165,20064,20064,13204,10984,3693,53,53
1789629408457340772,merge,1.77292,1.6862,0.919946,0.779632,0.172544,5.41836,19968,19968,13031,10896,3694,53,53
1789629408557335201,merge,1.70697,1.66997,0.91356,0.76085,0.17033,5.31435,20064,19968,12912,10751,3695,53,53
1789629408657286519,merge,1.76465,1.59848,0.930609,0.776289,0.174597,5.33948,19968,20064,13050,10849,3696,53,53
1789629408757424397,merge,1.76344,1.70048,0.940818,0.774809,0.177985,5.44611,19968,19968,13076,10942,3697,53,53
1789629408857340405,merge,1.77694,1.61049,0.920055,0.795799,0.170424,5.36365,19968,20064,12698,10986,3698,53,53
1789629408957434496,merge,1.7079,1.68868,0.958055,0.785395,0.174207,5.39925,20064,19968,13242,10801,3699,53,53
1789629409057331802,merge,1.69279,1.84129,0.934841,0.768827,0.168445,5.4958,20064,19968,12894,10854,3700,53,53
1789629409157372087,merge,1.76029,1.67899,0.950501,0.795633,0.172963,5.44188,19968,19968,12919,10944,3701,53,53
1789629409257330219,merge,1.75685,1.59622,0.906578,0.769927,0.173123,5.29208,19968,20064,12940,10881,3702,53,53
1789629409357371130,merge,1.71001,1.65344,0.936727,0.770673,0.173632,5.33399,20064,19968,13043,10754,3703,53,53
1789629409457367282,merge,1.75399,1.67604,0.910042,0.793806,0.167501,5.38765,19968,19968,12757,10854,3704,53,53
1789629409557293074,merge,1.76793,1.60616,0.931307,0.789187,0.175828,5.35568,19968,20064,13124,10897,3705,53,53
1789629409657472372,merge,1.71242,1.67278,0.911364,0.786425,0.172423,5.34836,20064,19968,12846,10844,3706,53,53
1789629409757364215,merge,1.84798,1.59632,0.922725,0.781789,0.177252,5.42626,19968,20064,12937,11009,3707,53,53
1789629409857443246,merge,1.69922,1.67758,0.905115,0.777086,0.169768,5.31852,20064,19968,13051,10919,3708,53,53
1789629409957403511,merge,1.89014,1.58238,0.882034,0.790444,0.17153,5.4148,19968,20064,12799,10883,3709,53,53
1789629410057430835,merge,1.78554,1.98433,0.961636,0.768365,0.172904,5.77648,19968,19968,12995,10898,3710,53,53
1789629410157450584,merge,1.71392,2.05772,0.951899,0.79409,0.176973,5.79458,20064,19968,13146,10924,3711,53,53
1789629410257374871,merge,1.7583,1.89355,0.940122,0.766596,0.170782,5.63357,19968,20064,12803,10730,3712,53,53
1789629410357457399,merge,1.76174,1.78732,1.25494,0.773253,0.176831,5.85723,19968,19968,12976,10806,3713,53,53
1789629410457481885,merge,1.72658,1.83513,1.23134,0.788898,0.177234,5.86081,20064,19968,13285,10963,3714,53,53
1789629410557338471,merge,1.76779,1.83945,1.15761,0.794942,0.172468,5.83336,19968,19968,12658,10975,3715,53,53
1789629410657391117,merge,1.71912,1.79072,1.25247,0.769493,0.177259,5.81315,20064,20064,13250,10880,3716,53,53
1789629410757453506,merge,1.76753,1.68939,1.28776,0.78092,0.181482,5.81231,19968,20064,13044,10979,3717,53,53
1789629410857463793,merge,1.78433,1.68502,0.919221,0.793786,0.173574,5.44574,19968,19968,12773,10956,3718,53,53
1789629410957437740,merge,1.91009,1.67342,0.932458,0.787899,0.173868,5.58321,20064,19968,13089,10833,3719,53,53
1789629411057398411,merge,1.77055,1.65886,0.916288,0.781681,0.171919,5.38484,19968,19968,13140,10761,3720,53,53
1789629411157344423,merge,1.75366,1.6082,0.895439,0.803083,0.170447,5.3169,19968,20064,12551,10930,3721,53,53
1789629411257453567,merge,1.71838,1.67454,0.953751,0.766066,0.173244,5.37923,20064,19968,13194,10910,3722,53,53
1789629411357457395,merge,1.76138,1.66778,1.15913,0.942864,0.177897,5.79841,19968,19968,12907,10847,3723,53,53
1789629411457439891,merge,1.77032,1.69593,1.21771,0.920565,0.186988,5.88946,20064,19968,12831,10874,3724,53,53
1789629411557414619,merge,1.7687,1.61917,1.15327,0.877046,0.17971,5.68831,19968,20064,13000,10983,3725,53,53
1789629411657423499,merge,1.77455,1.59577,1.1461,1.01025,0.180524,5.79151,19968,20064,12994,10958,3726,53,53
1789629411757467819,merge,1.90601,1.66374,0.926969,0.803012,0.172429,5.56586,20064,19968,12836,10859,3727,53,53
1789629411857392879,merge,1.859,1.6807,1.15674,0.855596,0.177267,5.82294,19968,19968,13094,10967,3728,53,53
1789629411957441385,merge,1.71277,1.87505,1.16655,0.968418,0.187672,6.01415,20064,19968,13000,10859,3729,53,53
1789629412057453893,merge,1.76725,1.58401,0.955774,0.78194,0.17381,5.35617,19968,20064,12895,10755,3730,53,53
1789629412157499274,merge,1.71525,1.66364,0.933294,0.803198,0.175151,5.37664,20064,19968,13235,10844,3731,53,53
1789629412257483619,merge,1.7532,1.68929,0.960901,1.04706,0.22806,5.76531,19872,19968,12809,10999,3732,53,53
1789629412357316485,merge,2.15899,2.11111,1.17893,0.99986,0.212575,6.78111,20064,20064,12976,10937,3733,53,53
1789629412457512548,merge,1.77523,1.65362,0.936801,0.779776,0.174422,5.40758,19968,19968,13079,10797,3734,53,53
1789629412557334608,merge,1.71727,1.68831,0.940205,0.798864,0.173531,5.40726,20064,20064,12932,11030,3735,53,53
1789629412657424714,merge,1.76407,1.67377,0.931746,0.790575,0.178108,5.42318,19968,19968,12927,10903,3736,53,53
1789629412757363856,merge,1.77367,1.8813,0.923693,0.794187,0.174136,5.64447,19968,19968,13135,10879,3737,53,53
1789629412857393924,merge,1.69722,1.79038,0.927093,0.789144,0.174199,5.47159,20064,20064,12778,10978,3738,53,53
1789629412957469579,merge,2.45196,2.38284,1.30983,0.812478,0.180973,7.26976,19968,19968,13092,10936,3739,53,53
1789629413057475294,merge,2.36836,2.33138,1.47213,1.20918,0.233612,7.7438,20064,19968,13035,10818,3740,53,53
1789629413157429890,merge,1.75353,1.58868,0.929501,0.794994,0.171735,5.32499,19968,20064,12759,10923,3741,53,53
1789629413257379946,merge,1.74887,1.69408,0.94431,0.80927,0.173665,5.45771,19968,19968,12857,11005,3742,53,53
1789629413357338630,merge,1.72796,1.6738,0.930657,0.794293,0.17656,5.40164,20064,19968,13226,10842,3743,53,53
1789629413457462182,merge,1.74333,1.5905,0.970933,1.02731,0.182749,5.60462,19968,20064,12608,10927,3744,53,53
1789629413557464526,merge,2.64756,2.14194,0.951444,0.799984,0.179937,6.86181,19968,19968,13078,11051,3745,53,53
1789629413657347623,merge,2.54755,2.11486,0.967023,0.749102,0.17678,6.70456,20064,19968,13146,10970,3746,53,53
1789629413757425652,merge,1.75827,1.60494,0.915004,0.794064,0.166349,5.32822,19968,20064,12722,10977,3747,53,53
1789629413857494450,merge,1.85173,1.90064,1.20027,0.955241,0.181006,6.20049,20064,19968,13212,10848,3748,53,53
1789629413957505017,merge,2.63846,2.41651,1.34347,1.13451,0.295645,7.99624,19968,20064,13054,11013,3749,53,53
1789629414057508416,merge,2.63417,2.50392,1.15689,0.819219,0.180191,7.46349,19968,19968,12809,10929,3750,53,53
1789629414157520910,merge,1.70156,1.66493,0.944265,0.784554,0.176411,5.36227,20064,19968,13154,10918,3751,53,53
1789629414257459356,merge,1.76695,1.61366,0.947105,0.792111,0.173985,5.38239,19968,20064,13112,11063,3752,53,53
1789629414357528736,merge,1.7543,1.68753,0.924195,0.801555,0.173914,5.43173,19968,19968,12721,11035,3753,53,53
1789629414457446687,merge,1.71967,1.68372,0.962547,0.787668,0.173872,5.4151,20064,19968,13298,11044,3754,53,53
1789629414557444143,merge,1.79035,1.79717,0.947043,0.790946,0.177997,5.60378,19968,20064,12924,11020,3755,53,53
1789629414657465424,merge,1.75369,1.68541,0.905424,0.792979,0.176001,5.40283,19968,19968,12830,11025,3756,53,53
1789629414757527545,merge,1.70966,1.69041,0.94284,0.791703,0.17594,5.39916,20064,19968,13133,11079,3757,53,53
1789629414857469871,merge,1.76396,1.59187,0.946671,0.790347,0.174814,5.3581,19968,20064,13081,10883,3758,53,53
1789629414957459573,merge,2.05682,1.69324,0.887913,0.79673,0.169691,5.70909,19968,19968,12636,11044,3759,53,53
1789629415057524171,merge,1.7269,1.69754,0.931509,0.77436,0.175259,5.39836,20064,20064,13291,11014,3760,53,53
1789629415157541569,merge,1.7639,1.67702,0.913419,0.778369,0.185345,5.41536,19968,19968,12904,10942,3761,53,53
1789629415257530504,merge,1.7609,1.66001,0.905251,0.769841,0.1719,5.3623,19968,19872,12787,10879,3762,53,53
1789629415357369151,merge,1.73206,1.74127,1.13873,0.767719,0.188329,5.66866,20064,20064,13316,10997,3763,53,53
1789629415457493347,merge,1.7833,1.68703,0.932839,0.781617,0.1766,5.45416,19968,19968,12872,11000,3764,53,53
1789629415557405776,merge,1.75344,1.59823,0.932972,0.782508,0.183164,5.34054,19968,20064,12956,11017,3765,53,53
1789629415657477650,merge,1.7387,1.66662,0.94596,0.774558,0.179672,5.39361,20064,19968,13321,10900,3766,53,53
1789629415757523213,merge,1.76176,1.60544,0.955063,0.771714,0.172675,5.35678,19968,20064,12934,10903,3767,53,53
1789629415857558902,merge,1.72793,1.65952,0.938836,0.771536,0.16596,5.35122,20064,19968,13273,10870,3768,53,53
1789629415957579788,merge,1.76362,1.60066,0.963025,0.789959,0.180495,5.38831,19872,20064,12955,10892,3769,53,53
1789629416057495295,merge,1.77729,1.68766,0.961411,0.817708,0.175975,5.50835,20064,20064,13325,11048,3770,53,53
1789629416157699273,merge,1.75038,1.67893,0.930199,0.795736,0.169913,5.40187,19968,19968,12846,10969,3771,53,53
1789629416257529411,merge,1.80019,1.65481,0.975807,0.7936,0.175884,5.47808,19872,19872,13200,10788,3772,53,53
1789629416356923444,merge,1.76608,1.69305,1.07966,0.788014,0.175994,5.58949,19968,19968,13063,10850,3773,53,53
1789629416457450046,merge,1.71032,1.69697,0.934339,0.798355,0.178161,5.40443,20064,20064,12878,11075,3774,53,53
1789629416557455655,merge,1.77315,1.68276,0.939345,0.790681,0.176118,5.45329,19872,19968,12908,10927,3775,53,53
1789629416657535887,merge,1.72202,1.65582,0.949805,0.772106,0.180634,5.3641,20064,19872,13194,10753,3776,53,53
1789629416757430076,merge,1.76306,1.60748,0.922028,0.787677,0.175907,5.34354,19968,20064,12718,10951,3777,53,53
1789629416857503355,merge,1.76696,1.68607,0.944851,0.780149,0.178699,5.44279,19968,19968,13058,10882,3778,53,53
1789629416957542247,merge,1.77869,1.66268,0.952817,0.776016,0.177756,5.43148,19968,19968,12970,10803,3779,53,53
1789629417057479008,merge,1.72361,1.67145,0.938193,0.794647,0.181769,5.40046,20064,20064,12937,10956,3780,53,53
1789629417157510311,merge,1.76198,1.66864,0.949881,0.813307,0.180889,5.46185,19968,19872,12792,10899,3781,53,53
1789629417257399173,merge,1.80382,1.59135,0.964811,0.796999,0.178309,5.42694,19968,20064,13127,10874,3782,53,53
1789629417357400754,merge,1.79036,1.58724,0.924362,0.785224,0.175933,5.35392,19968,20064,12740,10927,3783,53,53
1789629417457414866,merge,1.75782,1.60927,0.956228,0.833785,0.150755,5.39453,19872,20064,12829,11052,3784,53,53
1789629417557579198,merge,1.72514,1.66569,0.97956,0.790445,0.176905,5.4204,20160,19968,13259,10851,3785,53,53
1789629417657586724,merge,1.76148,1.6513,0.958444,0.79264,0.170846,5.4169,19968,19968,12922,10713,3786,53,53
1789629417757501711,merge,1.72584,1.68401,0.933973,0.777301,0.174718,5.38771,20064,19968,12990,10833,3787,53,53
1789629417857400490,merge,1.78876,1.71542,0.922889,0.772237,0.184285,5.47873,19872,19968,13007,10880,3788,53,53
1789629417957502084,merge,1.75831,1.70752,0.955104,0.781801,0.19518,5.4897,20160,20064,13111,10892,3789,53,53
1789629418057499499,merge,1.8147,1.69857,0.916851,0.772018,0.173415,5.46903,19872,19968,12856,10886,3790,53,53
1789629418157552553,merge,1.75907,1.71941,0.936139,0.783725,0.180906,5.46797,20064,20064,13229,10950,3791,53,53
1789629418257550241,merge,1.73753,1.71646,0.917303,0.782751,0.176382,5.42681,20064,19968,12825,10855,3792,53,53
1789629418357549518,merge,1.80052,1.62767,0.912439,0.770395,0.179301,5.37641,19872,20064,12971,10931,3793,53,53
1789629418457593602,merge,1.73298,1.70092,0.926442,0.772121,0.178152,5.40373,20064,19872,13095,10878,3794,53,53
1789629418557453299,merge,1.80684,1.64618,0.914838,0.783877,0.179234,5.42442,19968,20064,12884,10970,3795,53,53
1789629418657511190,merge,1.73135,1.6942,0.927417,0.75595,0.175413,5.3713,20064,19968,12883,10729,3796,53,53
1789629418757477800,merge,1.80663,1.70274,0.978273,0.784412,0.173952,5.54719,19968,19968,13129,10793,3797,53,53
1789629418857488751,merge,1.74227,1.62034,0.932452,0.792865,0.170023,5.34592,19968,20064,12690,11040,3798,53,53
1789629418957525128,merge,1.72369,1.66549,0.942865,0.799515,0.18737,5.40552,20064,19968,13105,10850,3799,53,53
1789629419057535569,merge,1.75025,1.58812,0.929488,0.799057,0.169531,5.32137,19968,20064,12934,10893,3800,53,53
1789629419157616802,merge,1.70043,1.67597,0.94942,0.803505,0.172512,5.38564,20064,19968,12827,10944,3801,53,53
1789629419257470930,merge,1.75063,1.68676,0.941481,0.792662,0.171078,5.43002,19968,19968,12960,10929,3802,53,53
1789629419357465983,merge,1.76667,1.59032,0.962241,0.792464,0.174322,5.36976,19968,20064,13095,10884,3803,53,53
1789629419457614318,merge,1.70226,1.6561,0.953895,0.788775,0.171257,5.35514,20064,19968,12803,10776,3804,53,53
1789629419557514790,merge,1.74953,1.70199,0.967473,0.794292,0.167524,5.46678,19968,19968,13080,10831,3805,53,53
1789629419657516908,merge,1.7116,1.65049,0.964648,0.79942,0.173858,5.37584,20064,19968,13218,10778,3806,53,53
1789629419757453310,merge,1.76212,1.58979,0.940505,0.775941,0.169902,5.32403,19968,20064,12671,10943,3807,53,53
1789629419857497215,merge,1.76659,1.67601,0.935577,0.788477,0.173175,5.42582,19968,19968,13171,10980,3808,53,53
1789629419957442617,merge,1.69728,1.68015,0.959698,0.786218,0.170102,5.37998,20064,20064,13162,10951,3809,53,53
1789629420057535221,merge,1.7759,1.65002,0.924365,0.792471,0.177394,5.41043,19968,19968,12749,10830,3810,53,53
1789629420157452374,merge,1.76129,1.67997,0.946189,0.790489,0.174893,5.44267,19968,19968,13041,10931,3811,53,53
1789629420257473141,merge,1.71289,1.6836,0.955682,0.798161,0.173244,5.41009,20064,20064,13200,10988,3812,53,53
1789629420357621000,merge,1.76265,1.66283,0.922902,0.772107,0.17239,5.38275,19968,19968,12665,10690,3813,53,53
1789629420457453847,merge,1.71533,1.66035,0.966616,0.789599,0.173865,5.40146,20064,19968,13225,10800,3814,53,53
1789629420557467403,merge,1.75888,1.62315,0.946278,0.803763,0.172544,5.38959,19968,20064,12895,11047,3815,53,53
1789629420657554636,merge,1.76298,1.66346,0.939593,0.798808,0.176266,5.42475,19968,19968,12771,10857,3816,53,53
1789629420757502104,merge,1.74446,1.59354,0.979485,0.785672,0.17485,5.36157,19968,20064,12939,10877,3817,53,53
1789629420857635471,merge,1.75503,1.71693,0.943059,0.779333,0.203879,5.49117,20064,19968,13048,10952,3818,53,53
1789629420957563902,merge,1.77247,1.65257,0.898109,0.788125,0.179273,5.38385,19872,20064,12644,11000,3819,53,53
1789629421157466111,merge,2.35987,1.5869,0.92135,0.790821,0.049688,5.81879,19968,20064,12847,10875,3820,58,58
1789629421257610617,merge,1.70564,1.60159,0.946171,0.806083,0.051321,5.19826,20064,19968,13001,10890,3821,58,58
1789629421357451002,merge,1.7298,1.64033,0.936814,0.782223,0.049693,5.22662,19968,20064,13084,10786,3822,58,58
1789629421457639918,merge,1.7402,1.62194,0.925126,0.781473,0.05099,5.20599,19968,19968,12817,10891,3823,58,58
1789629421557586363,merge,1.74942,1.68061,0.983165,0.821328,0.048917,5.38807,19968,19968,13041,10983,3824,58,58
1789629421657603917,merge,1.75249,1.63439,0.940443,0.776074,0.052521,5.25337,20064,20064,13133,10879,3825,58,58
1789629421757488761,merge,1.74081,1.60359,0.924492,0.775085,0.053489,5.18713,19968,19968,12847,10826,3826,58,58
1789629421857583882,merge,1.87005,1.63012,0.915694,0.785414,0.049802,5.35853,19968,19968,12956,10942,3827,58,58
1789629421956912713,merge,2.35987,1.65835,0.96039,0.798464,0.05095,5.93608,20064,20064,13234,11057,3828,58,58
1789629422057612835,merge,2.4225,1.57635,0.920091,0.776016,0.049109,5.85073,19968,19968,12664,10761,3829,58,58
1789629422157570774,merge,1.73653,1.58973,0.951586,0.77708,0.0516,5.19923,20064,20064,13183,10741,3830,58,58
1789629422257649400,merge,1.68287,1.59754,0.955783,0.788188,0.058442,5.16789,19968,19968,12947,10899,3831,58,58
1789629422357628240,merge,2.54286,2.36992,1.32454,1.11303,0.106843,7.61704,20064,19968,12867,10843,3832,58,58
1789629422457539107,merge,2.50493,2.36288,1.27541,0.811001,0.053797,7.1642,19968,20064,12936,10949,3833,58,58
1789629422557610004,merge,1.70693,1.59367,0.968675,0.784792,0.049551,5.19269,19968,19968,13111,10979,3834,58,58
1789629422657543412,merge,1.69939,1.61105,0.917811,0.790587,0.053701,5.15999,19968,20064,12589,10985,3835,58,58
1789629422757612606,merge,1.71698,1.5817,0.95002,0.796016,0.051044,5.1779,20064,19968,13195,10897,3836,58,58
1789629422857604130,merge,1.70121,1.59658,0.959697,0.802419,0.059693,5.21045,19968,19968,12982,10877,3837,58,58
1789629422957536374,merge,1.71332,1.60538,0.930507,0.793245,0.049973,5.17895,20064,19968,12785,11017,3838,58,58
1789629423057555127,merge,1.70109,1.60548,0.957586,0.787257,0.052515,5.18989,19968,20064,13120,10828,3839,58,58
1789629423157650467,merge,1.71395,1.58887,0.947893,0.806585,0.053195,5.19944,19968,19968,13065,10807,3840,58,58
1789629423257525174,merge,1.73021,1.60673,0.940204,0.808698,0.051712,5.22487,20064,19968,12819,10971,3841,58,58
1789629423357527441,merge,1.70183,1.60276,0.951984,0.800591,0.051027,5.18944,19968,20064,13058,10948,3842,58,58
1789629423457522986,merge,1.71958,1.58516,0.972046,0.77787,0.050815,5.19022,20064,19968,13197,10915,3843,58,58
1789629423557597988,merge,1.69199,1.59108,0.933158,0.788387,0.049482,5.13722,19968,20064,12769,10959,3844,58,58
1789629423657659215,merge,1.72585,1.59763,0.968022,0.795772,0.050383,5.22266,19968,19968,13174,10955,3845,58,58
1789629423757554186,merge,1.70279,1.58487,0.965408,0.783693,0.04986,5.17507,19968,19968,13002,10899,3846,58,58
1789629423857533048,merge,1.70902,1.58027,0.93208,0.784878,0.049262,5.14135,20064,19968,12874,10876,3847,58,58
1789629423957506418,merge,1.70297,1.6205,0.962484,0.805953,0.050028,5.23104,19968,20064,12989,11077,3848,58,58
1789629424057679223,merge,1.72309,1.60388,0.942541,0.812893,0.051185,5.21986,20064,19968,13093,10940,3849,58,58
1789629424157541304,merge,1.67071,1.59118,0.921577,0.799723,0.048021,5.1131,19872,20064,12593,10923,3850,58,58
1789629424257634285,merge,1.74291,1.59616,0.967908,0.812358,0.051301,5.25618,20064,19872,13268,10999,3851,58,58
1789629424356911470,merge,1.69239,1.61234,0.935579,0.805105,0.049882,5.18274,20064,20064,12850,11057,3852,58,58
1789629424457508758,merge,1.70169,1.61145,0.956414,0.803991,0.051352,5.21089,19872,20064,12842,11068,3853,58,58
1789629424557665869,merge,1.71411,1.59089,0.965656,0.807536,0.050102,5.21329,20160,19968,13246,11004,3854,58,58
1789629424657679835,merge,1.70288,1.6103,0.935483,0.781622,0.052063,5.16904,19872,20064,12873,11063,3855,58,58
1789629424757685251,merge,1.70184,1.60241,0.947438,0.794717,0.048856,5.17808,20064,19872,12843,10994,3856,58,58
1789629424857550874,merge,1.70341,1.59614,0.950099,0.79783,0.049543,5.18201,19968,20064,13107,10936,3857,58,58
1789629424957678882,merge,1.71213,1.60168,0.945494,0.811516,0.048982,5.20675,20064,19968,12986,10997,3858,58,58
1789629425057678315,merge,1.69622,1.60731,0.943956,0.793019,0.049858,5.17536,19968,19968,12933,10996,3859,58,58
1789629425157555859,merge,1.71811,1.59863,0.964181,0.794366,0.051665,5.21845,19968,20064,13258,10826,3860,58,58
1789629425257608803,merge,1.70573,1.64234,0.956898,0.792184,0.046723,5.24242,20064,19968,12903,10872,3861,58,58
1789629425357640400,merge,1.70148,1.59635,0.971117,0.794273,0.057521,5.20263,19968,19968,13010,10983,3862,58,58
1789629425457541379,merge,1.73121,1.61901,0.957168,0.809361,0.050381,5.26353,19968,20064,13331,11014,3863,58,58
1789629425557533830,merge,1.69441,1.57863,0.924369,0.779253,0.052237,5.12066,20064,19968,12819,10839,3864,58,58
1789629425657550479,merge,1.7558,1.59297,0.974755,0.800681,0.051437,5.26471,19968,19968,13365,10950,3865,58,58
1789629425756944879,merge,1.70406,1.60292,0.932687,0.779489,0.048518,5.15808,20064,19968,12906,10976,3866,58,58
1789629425856927179,merge,1.72016,1.59114,0.961299,0.805099,0.049929,5.21483,19872,20064,13178,10888,3867,58,58
1789629425957716770,merge,1.71588,1.57869,0.939371,0.785543,0.049452,5.15646,20160,19968,13042,10777,3868,58,58
1789629426057628350,merge,1.70804,1.59891,0.974333,0.786261,0.050173,5.20488,19968,19968,13071,10882,3869,58,58
1789629426156996349,merge,1.7097,1.60738,0.94825,0.782245,0.046315,5.19139,20064,19968,12894,10798,3870,58,58
1789629426257706508,merge,1.71874,1.59395,0.976343,0.796759,0.053643,5.2295,19872,20064,13147,10910,3871,58,58
1789629426356961843,merge,1.70762,1.59009,0.934578,0.787268,0.049803,5.15289,19872,19968,12914,10916,3872,58,58
1789629426456965892,merge,1.71188,1.60345,0.959374,0.793878,0.0519,5.20488,20160,20064,13050,10959,3873,58,58
1789629426557731498,merge,1.69039,1.57612,0.939599,0.778176,0.050662,5.12809,19776,19968,12639,10822,3874,58,58
1789629426657719964,merge,1.71278,1.58418,0.947509,0.771275,0.051195,5.15477,19968,19968,13213,10893,3875,58,58
1789629426757550106,merge,1.71041,1.59898,0.926956,0.798989,0.048889,5.16693,20064,19968,13027,10935,3876,58,58
1789629426857630840,merge,1.70109,1.57526,0.928374,0.765892,0.049773,5.10671,19968,19968,12825,10789,3877,58,58
1789629426957632591,merge,1.72913,1.59159,0.973947,0.789058,0.050191,5.22836,19968,20064,13130,10770,3878,58,58
1789629427057672706,merge,1.74674,1.63398,0.938879,0.774847,0.053872,5.2385,19968,19968,13074,10856,3879,58,58
1789629427157595440,merge,1.73808,1.61866,0.951777,0.752873,0.049977,5.19772,19968,19968,12839,10818,3880,58,58
1789629427257594963,merge,1.7434,1.615,0.941391,0.772656,0.050274,5.2123,19968,19968,13033,10794,3881,58,58
1789629427357566817,merge,1.74691,1.64215,0.951518,0.794426,0.052044,5.27838,20064,20064,13205,11043,3882,58,58
1789629427457570468,merge,1.73895,1.61841,0.930803,0.773112,0.050322,5.20649,19872,19968,12756,10855,3883,58,58
1789629427556952911,merge,1.73524,1.59993,0.930445,0.768219,0.051882,5.17728,20064,20064,13119,10893,3884,58,58
1789629427657604554,merge,1.74036,1.61993,0.959775,0.800152,0.051282,5.26495,19968,19968,13001,10849,3885,58,58
1789629427757622739,merge,1.9065,1.60963,0.921308,0.789204,0.050028,5.37146,20064,20064,12876,10991,3886,58,58
1789629427857640078,merge,1.68431,1.59193,0.955074,0.779736,0.050316,5.15006,19872,19968,12854,10748,3887,58,58
1789629427957600376,merge,1.72025,1.58258,0.969946,0.780503,0.050705,5.19186,20160,19968,13328,10697,3888,58,58
1789629428057643471,merge,1.67297,1.59082,0.927414,0.791324,0.046856,5.11375,19872,20064,12548,10977,3889,58,58
1789629428157719747,merge,1.71443,1.60119,0.964438,0.789393,0.049913,5.20642,20064,19968,13108,10938,3890,58,58
1789629428257682536,merge,1.6945,1.97964,1.33443,0.783512,0.051066,5.93805,20064,19968,13028,10839,3891,58,58
1789629428357010248,merge,1.68115,1.58531,0.911524,0.782138,0.048934,5.09174,19872,20064,12687,10851,3892,58,58
1789629428457639094,merge,1.70612,1.59645,0.945615,0.788721,0.05001,5.17421,20064,19968,12984,10915,3893,58,58
1789629428557636972,merge,1.7095,1.59851,0.979633,0.753027,0.049446,5.17462,20064,19968,13167,10904,3894,58,58
1789629428657708332,merge,1.69103,1.58299,0.933442,0.778608,0.047278,5.11927,19872,20064,12627,10832,3895,58,58
1789629428757680744,merge,1.72113,1.58868,0.972701,0.792729,0.050088,5.20794,20160,19968,13211,10840,3896,58,58
1789629428857690272,merge,1.69911,1.59614,0.97758,0.784418,0.052373,5.19663,19968,19968,13096,10826,3897,58,58
1789629428957724455,merge,1.69442,1.57841,0.930439,0.780206,0.049485,5.12087,19968,19968,12689,10775,3898,58,58
1789629429056971334,merge,1.71796,1.5886,1.00674,0.804432,0.051498,5.25363,20064,20064,13281,10903,3899,58,58
1789629429157669370,merge,1.69364,1.59835,0.947224,0.794789,0.052249,5.1702,19968,19968,13070,10935,3900,58,58
1789629429257685983,merge,1.70766,1.59776,0.972288,0.77322,0.050626,5.19463,19968,20064,12765,10880,3901,58,58
1789629429357673856,merge,1.70537,1.57406,0.978647,0.778234,0.048354,5.16926,20064,19968,13140,10806,3902,58,58
1789629429457639972,merge,1.69774,1.59017,0.95918,0.794719,0.051507,5.17753,19968,19968,13111,10950,3903,58,58
1789629429557636654,merge,1.69069,1.62569,0.92901,0.798141,0.047302,5.1876,20064,20064,12714,10869,3904,58,58
1789629429657694269,merge,1.70421,1.56923,1.07807,0.771129,0.048922,5.25678,19968,19968,13149,10645,3905,58,58
1789629429757657116,merge,1.69628,1.5818,0.918221,0.79499,0.049342,5.12788,19968,19968,12862,10805,3906,58,58
1789629429857622214,merge,1.7074,1.61451,0.913058,0.794883,0.049927,5.18112,19968,20064,12793,11047,3907,58,58
1789629429957699168,merge,1.70243,1.57931,0.936498,0.779887,0.048841,5.13744,20064,19968,13037,10789,3908,58,58
1789629430057589458,merge,1.71017,1.57952,0.94063,0.769091,0.049684,5.14287,20064,19968,12997,10758,3909,58,58
1789629430157596963,merge,1.68912,1.60537,0.931547,0.820319,0.049235,5.17853,19968,20064,12806,11036,3910,58,58
1789629430257668184,merge,1.71415,1.59456,0.959904,0.797322,0.055273,5.21455,19968,19968,13110,10851,3911,58,58
1789629430357637837,merge,1.70581,1.58774,0.93553,0.795462,0.050275,5.16574,19968,20064,12799,10913,3912,58,58
1789629430457766143,merge,1.7112,1.59953,0.961467,0.789713,0.048954,5.19601,19968,19968,12873,10882,3913,58,58
1789629430557669245,merge,1.7305,1.59855,1.05371,0.774245,0.050788,5.29964,20160,19968,13309,10842,3914,58,58
1789629430657606668,merge,1.70807,1.5803,0.905029,0.772979,0.049845,5.10707,19968,19968,12736,10739,3915,58,58
1789629430757637665,merge,1.70467,1.59156,0.941091,0.804454,0.050176,5.18461,19872,20064,12943,10970,3916,58,58
1789629430857688659,merge,1.722,1.61044,0.955255,0.778495,0.049787,5.20677,20064,19968,13187,10935,3917,58,58
1789629430956923359,merge,1.7202,1.59435,0.93853,0.791722,0.048845,5.18163,20064,20064,12893,10853,3918,58,58
1789629431057790599,merge,1.70415,1.58734,0.966403,0.800291,0.049759,5.19885,19872,19968,12953,10859,3919,58,58
1789629431257631291,merge,1.68801,1.60077,0.900477,0.796428,0.04916,5.12453,19872,20064,12596,10973,3920,59,59
1789629431357783702,merge,1.72233,1.5798,0.976378,0.795629,0.050151,5.21358,20160,19968,13272,10724,3921,59,59
1789629431457767224,merge,1.70186,1.57867,0.946004,0.777923,0.04984,5.14068,19968,19968,12997,10756,3922,59,59
1789629431557635913,merge,1.71344,1.60302,0.921961,0.780309,0.049618,5.15813,19872,20064,12694,10952,3923,59,59
1789629431657796458,merge,1.72207,1.58389,0.950368,0.780792,0.049126,5.17359,20160,19968,13127,10813,3924,59,59
1789629431757731304,merge,1.73389,1.58336,0.968869,0.787066,0.049384,5.21157,19968,19968,13092,10834,3925,59,59
1789629431857696823,merge,1.68005,1.60376,0.904624,0.806082,0.049769,5.13007,19872,20064,12454,10982,3926,59,59
1789629431957745305,merge,1.744,1.59218,0.98567,0.795288,0.051442,5.25637,20160,19968,13292,10849,3927,59,59
1789629432057069131,merge,1.71672,1.57741,0.912529,0.79787,0.05144,5.14498,20064,19968,12917,10838,3928,59,59
1789629432157642296,merge,1.68493,1.59816,0.91908,0.806747,0.047745,5.15155,19776,20064,12668,10985,3929,59,59
1789629432257731785,merge,1.72909,1.60172,0.971135,0.79089,0.050298,5.22882,20160,19968,13251,10925,3930,59,59
1789629432357666697,merge,2.11599,1.59587,0.94922,0.777103,0.050153,5.60912,19968,19968,13010,10802,3931,59,59
1789629432457656132,merge,1.70534,1.58692,0.957209,0.79738,0.052014,5.18502,20064,20064,12902,10800,3932,59,59
1789629432557646078,merge,1.71468,1.59972,0.955957,0.793125,0.047723,5.19994,19968,19968,13086,10973,3933,59,59
1789629432657014262,merge,1.70179,1.61783,0.967168,0.802966,0.051477,5.23843,19968,20064,13033,11016,3934,59,59
1789629432757651587,merge,1.69856,1.5772,0.937333,0.794545,0.047918,5.14222,20064,19968,12875,10821,3935,59,59
1789629432857699038,merge,1.72123,1.59708,0.945241,0.805647,0.050993,5.21027,19968,20064,13161,10917,3936,59,59
1789629432957813796,merge,1.69519,1.61578,0.934136,0.808728,0.050276,5.19436,19968,19968,12911,11006,3937,59,59
1789629433057713520,merge,1.71444,1.59025,0.947897,0.763312,0.050703,5.15058,20064,19968,12965,10900,3938,59,59
1789629433157755703,merge,1.71232,1.5889,0.962043,0.816544,0.051817,5.21592,20064,19968,13052,10856,3939,59,59
1789629433257734963,merge,1.69281,1.61971,0.947488,0.806839,0.051437,5.20645,19872,20064,12868,10930,3940,59,59
1789629433357716273,merge,1.70536,1.65014,0.961994,0.81333,0.048927,5.27622,20064,19968,12855,10817,3941,59,59
1789629433457772997,merge,1.71814,1.58188,0.971074,0.802486,0.049381,5.21966,19968,19968,13121,10853,3942,59,59
1789629433557003273,merge,1.70221,1.59512,0.953027,0.796876,0.048704,5.17645,20064,20064,12760,11027,3943,59,59
1789629433657816117,merge,1.6997,1.60024,0.961822,0.799204,0.050149,5.19768,19968,19968,13041,10947,3944,59,59
1789629433757749995,merge,1.70308,1.59163,0.962446,0.792157,0.051793,5.18881,19968,20064,12947,10893,3945,59,59
1789629433857789622,merge,1.6998,1.58648,0.945325,0.784578,0.049663,5.1497,19968,19968,12891,10880,3946,59,59
1789629433957661359,merge,1.70719,1.61272,0.961286,0.811556,0.049758,5.22782,20160,19968,13038,11044,3947,59,59
1789629434057690215,merge,1.706,1.6089,0.951145,0.813448,0.051405,5.22178,19968,19968,13053,11033,3948,59,59
1789629434157709833,merge,1.68998,1.60126,0.937438,0.806752,0.055031,5.17658,19872,20064,12800,10899,3949,59,59
1789629434257757589,merge,1.71509,1.60787,0.964531,0.802157,0.050934,5.22797,20160,19968,13128,11043,3950,59,59
1789629434357692765,merge,1.70223,1.6063,0.97168,0.796319,0.051423,5.21137,19968,19968,13095,11027,3951,59,59
1789629434457692360,merge,1.69048,1.60427,0.93886,0.80246,0.046886,5.16941,19968,19968,12761,10960,3952,59,59
1789629434557086232,merge,1.71173,1.59683,0.970619,0.803056,0.049772,5.21817,20064,20064,13233,10965,3953,59,59
1789629434657673626,merge,1.69672,1.61186,0.966796,0.806152,0.050655,5.22315,19968,19968,13052,11002,3954,59,59
1789629434757051330,merge,1.70168,1.60799,0.944463,0.801696,0.048868,5.19709,19872,20064,12854,10998,3955,59,59
1789629434857776480,merge,1.71529,1.5853,0.924459,0.802872,0.052803,5.17002,20064,19968,13048,10867,3956,59,59
1789629434956987191,merge,1.72189,1.59198,0.9689,0.775596,0.053602,5.19741,20064,19968,13237,11010,3957,59,59
1789629435057733030,merge,1.68136,1.62024,0.919055,0.813403,0.0476,5.1672,19872,20064,12669,11094,3958,59,59
1789629435157831700,merge,1.71456,1.59979,0.975153,0.792357,0.050596,5.22166,20160,19968,13215,10904,3959,59,59
1789629435257693012,merge,1.71291,1.5798,0.943749,0.780247,0.048557,5.15787,19968,19968,12979,10786,3960,59,59
1789629435357099695,merge,1.68129,1.59918,0.946911,0.80509,0.049023,5.16763,19872,20064,12818,10984,3961,59,59
1789629435557715012,merge,1.70702,1.57933,0.957998,0.77111,0.051356,5.15352,19872,20064,12968,10845,3962,60,60
1789629435657854814,merge,1.70358,1.58832,0.941209,0.790129,0.050563,5.16241,20064,19968,12950,10849,3963,60,60
1789629435757787942,merge,1.73112,1.61393,0.985023,0.806012,0.050776,5.28699,20160,19968,13242,10970,3964,60,60
1789629435857836078,merge,1.70726,1.59086,0.955684,0.800719,0.051081,5.19733,19872,19968,12981,10862,3965,60,60
1789629435957097810,merge,1.73278,1.60889,0.961862,0.805169,0.049972,5.24545,19968,20064,13012,10969,3966,60,60
1789629436057861543,merge,1.71166,1.59691,0.969416,0.782107,0.048867,5.19454,19968,19968,13121,10864,3967,60,60
1789629436157827297,merge,1.74193,1.58961,0.943489,0.795524,0.051537,5.20705,20160,19872,13261,10839,3968,60,60
1789629436257690768,merge,1.7103,1.5798,0.954426,0.776834,0.05137,5.15991,19968,20064,12939,10779,3969,60,60
1789629436357817968,merge,1.71361,1.5911,0.951955,0.792215,0.051144,5.18805,19776,20064,13067,10965,3970,60,60
1789629436457876594,merge,1.70649,1.6373,0.969347,0.79966,0.051156,5.2537,19968,19872,13144,10909,3971,60,60
1789629436557065707,merge,1.72323,1.58976,0.967841,0.788247,0.049058,5.20585,20160,20064,12927,10932,3972,60,60
1789629436657747740,merge,1.7143,1.58901,0.964219,0.782669,0.05122,5.19321,19872,19968,13072,10768,3973,60,60
1789629436757789626,merge,1.70272,1.65073,1.02404,0.793474,0.054868,5.31336,19872,20064,13088,11050,3974,60,60
1789629436857820771,merge,1.70847,1.58526,0.980966,0.789341,0.054337,5.20341,20064,19872,12919,10800,3975,60,60
1789629436957080892,merge,1.71116,1.58517,0.944904,0.798735,0.048756,5.17816,19872,20064,12911,10932,3976,60,60
1789629437057738299,merge,1.71342,1.59303,0.958021,0.787103,0.049872,5.1881,20064,19968,13124,10903,3977,60,60
1789629437157105425,merge,1.71243,1.6045,0.948269,0.790034,0.049987,5.19412,20064,20064,13026,10850,3978,60,60
1789629437257855438,merge,1.69455,1.5717,0.907058,0.772732,0.049568,5.0645,19872,19968,12680,10751,3979,60,60
1789629437357809513,merge,1.73264,1.57484,0.968823,0.786104,0.058543,5.2085,20160,19968,13300,10826,3980,60,60
1789629437457726600,merge,1.67986,1.60766,0.932778,0.792307,0.051504,5.1524,19872,20064,12729,11041,3981,60,60
1789629437557760017,merge,1.71303,1.59099,0.91775,0.774866,0.052501,5.13382,19968,20064,12817,10839,3982,60,60
1789629437657866815,merge,1.71741,1.56663,0.98907,0.778758,0.051576,5.18428,20064,19872,13035,10702,3983,60,60
1789629437757114303,merge,1.70336,1.60404,0.943925,0.798845,0.051075,5.18476,19968,20064,13010,11064,3984,60,60
1789629437857751995,merge,1.71156,1.59847,0.928409,0.796439,0.054318,5.17327,20064,19968,12879,10972,3985,60,60
1789629437957828469,merge,1.69613,1.58591,0.96493,0.774506,0.05263,5.16461,19872,20064,13012,10766,3986,60,60
1789629438057869245,merge,1.71184,1.58924,0.967582,0.778721,0.04917,5.18342,20064,19968,13089,10815,3987,60,60
1789629438157836300,merge,1.71793,1.60108,0.943894,0.793392,0.053406,5.2043,20064,19968,12924,10902,3988,60,60
1789629438257778167,merge,1.71135,1.57536,0.977855,0.761457,0.051643,5.16776,19968,19968,13150,10801,3989,60,60
1789629438357786653,merge,1.69384,1.59212,0.947795,0.780541,0.050107,5.15136,19872,20064,12906,10931,3990,60,60
1789629438457919848,merge,1.7268,1.5911,0.957261,0.801448,0.05082,5.21078,20160,19968,13009,10876,3991,60,60
1789629438557165902,merge,1.70937,1.60989,0.95701,0.812487,0.050064,5.23043,19872,20064,13001,11028,3992,60,60
1789629438657878715,merge,1.73008,1.57869,0.942662,0.786537,0.050437,5.17858,20160,19968,13075,10817,3993,60,60
1789629438757811790,merge,1.69809,1.59247,0.934521,0.781752,0.050015,5.14062,19968,19968,12884,10907,3994,60,60
1789629438857767413,merge,1.72698,1.60915,0.96494,0.799339,0.049048,5.23792,19968,19968,13147,10879,3995,60,60
1789629438957132763,merge,1.70389,1.59822,0.945007,0.779538,0.051255,5.16316,19968,20064,12792,10706,3996,60,60
1789629439057839867,merge,1.71929,1.58464,0.968777,0.798956,0.05173,5.2104,20064,19968,13045,10777,3997,60,60
1789629439157093007,merge,1.68757,1.60637,0.920417,0.78939,0.049578,5.13727,19968,20064,12908,11009,3998,60,60
1789629439257897491,merge,1.70014,1.59819,0.924619,0.792173,0.05022,5.15077,19968,19968,12909,10839,3999,60,60
1789629439357886788,merge,1.70629,1.57739,0.93368,0.795509,0.047015,5.14698,20064,19968,12877,10809,4000,60,60
1789629439457744069,merge,1.71765,1.59272,0.983098,0.765097,0.049553,5.19004,19968,20064,13137,11003,4001,60,60
1789629439557873794,merge,1.70414,1.6046,0.941469,0.769264,0.049128,5.15439,20064,19968,12712,10936,4002,60,60
1789629439657881906,merge,1.70436,1.57936,0.949245,0.778757,0.049382,5.14075,19968,20064,13043,10762,4003,60,60
1789629439757826877,merge,1.69565,1.578,0.946436,0.782911,0.049142,5.13291,19968,19968,13039,10730,4004,60,60
1789629439857853982,merge,1.70152,1.59902,0.940569,0.792768,0.051312,5.17415,19968,19968,12797,10844,4005,60,60
1789629439957827302,merge,1.70034,1.59268,0.961254,0.785773,0.050087,5.17603,20064,20064,13094,10922,4006,60,60
1789629440057908587,merge,1.69652,1.58057,0.973287,0.789786,0.049538,5.1721,19968,19968,13087,10834,4007,60,60
1789629440157923134,merge,1.72768,1.60667,0.980214,0.821035,0.049749,5.28152,20160,19968,12995,10915,4008,60,60
1789629440257798282,merge,1.68542,1.59982,0.955551,0.79483,0.050868,5.16961,19872,20064,12946,10971,4009,60,60
1789629440357857247,merge,1.70441,1.57915,0.96239,0.817087,0.050972,5.20012,19968,19968,13159,10759,4010,60,60
1789629440457774129,merge,1.71201,1.57679,0.934777,0.757212,0.050211,5.11929,20160,19968,12838,10827,4011,60,60
1789629440557807970,merge,1.69199,1.60688,0.956124,0.78981,0.050963,5.18125,19872,20064,13058,10898,4012,60,60
1789629440657890567,merge,1.70332,1.58868,0.949665,0.782671,0.051126,5.16658,19968,19968,12996,10737,4013,60,60
1789629440757823455,merge,1.70666,1.57576,0.921819,0.789726,0.05091,5.13579,20160,19968,12920,10801,4014,60,60
1789629440857852551,merge,1.66989,1.93685,0.945834,0.811052,0.048584,5.51229,19872,20064,12859,11082,4015,60,60
1789629440957935189,merge,1.70621,1.58963,0.960565,0.771388,0.052935,5.16324,19968,19968,13149,10861,4016,60,60
1789629441057887314,merge,1.73679,1.56957,0.925037,0.776433,0.049317,5.15034,20160,19968,12756,10760,4017,60,60
1789629441157842000,merge,1.68895,1.59198,0.953167,0.796476,0.051087,5.16738,19872,20064,13017,10967,4018,60,60
1789629441257853821,merge,1.69553,1.60058,0.9543,0.786188,0.064807,5.19206,20064,19968,12831,10971,4019,60,60
1789629441357775027,merge,1.69946,1.58948,0.982136,0.796904,0.047052,5.20867,19968,19968,12857,10789,4020,60,60
1789629441456998326,merge,1.72481,1.59731,0.962126,0.797193,0.048718,5.22372,20160,19968,13111,10812,4021,60,60
1789629441557807342,merge,1.71735,1.60793,0.938805,0.790358,0.049903,5.20883,19968,20064,12804,10866,4022,60,60
1789629441657852936,merge,1.78983,1.59032,0.943797,0.788961,0.049987,5.25882,19968,19968,12874,10748,4023,60,60
1789629441757819178,merge,1.7237,1.61838,0.95416,0.79282,0.050989,5.22915,19872,20064,12986,10959,4024,60,60
1789629441857972220,merge,1.73516,1.61834,0.919528,0.785168,0.053452,5.20314,20064,19968,12912,10901,4025,60,60
1789629441957976952,merge,1.73993,1.63637,0.924022,0.783791,0.050481,5.22189,19968,20064,12937,10952,4026,60,60
1789629442057942951,merge,1.7641,1.5976,0.976473,0.792119,0.049828,5.28012,20160,19968,13317,10813,4027,60,60
1789629442157842667,merge,1.70294,1.58115,0.943213,0.79341,0.049888,5.15791,19968,19968,12708,10825,4028,60,60
1789629442257252484,merge,1.71027,1.6665,0.946149,0.814047,0.050401,5.27064,19968,20064,13121,11085,4029,60,60
1789629442357972173,merge,1.69032,1.60268,0.960098,0.796233,0.049452,5.1855,19968,19968,13055,10806,4030,60,60
1789629442457887846,merge,1.71736,1.5811,0.940258,0.768855,0.050093,5.14157,20064,19968,12851,10795,4031,60,60
1789629442557801641,merge,1.70268,1.60625,0.943059,0.786929,0.048146,5.18266,19968,20064,13032,10868,4032,60,60
1789629442657907013,merge,1.70596,1.60192,0.941905,0.794377,0.0618,5.18968,19968,19968,13157,10965,4033,60,60
1789629442757099278,merge,1.69073,1.60181,0.954668,0.818496,0.048111,5.21041,20064,20064,12688,10910,4034,60,60
1789629442857917689,merge,1.71992,1.58193,0.961051,0.779615,0.053231,5.18159,19968,19968,13144,10777,4035,60,60
1789629442957925785,merge,1.71246,1.59839,0.944786,0.784215,0.049252,5.17717,20064,19968,13036,10939,4036,60,60
1789629443057847015,merge,1.69897,1.60187,0.927333,0.79823,0.050652,5.16596,19968,20064,12736,10992,4037,60,60
1789629443157946773,merge,1.69336,1.58815,0.928259,0.791964,0.049327,5.13823,19968,19968,12935,10897,4038,60,60
1789629443257970615,merge,1.71415,1.57986,0.979415,0.792381,0.050993,5.20674,19968,19968,13115,10824,4039,60,60
1789629443357847506,merge,1.69882,1.61209,0.936598,0.795457,0.051632,5.18093,20064,20064,12673,10904,4040,60,60
1789629443457979160,merge,1.70549,1.58503,0.94432,0.820301,0.050008,5.1897,19968,19968,13106,10791,4041,60,60
1789629443557977989,merge,1.71164,1.58155,0.96039,0.793281,0.049008,5.17851,19968,19968,13058,10861,4042,60,60
1789629443657071402,merge,1.71372,1.59405,0.940471,0.811107,0.04906,5.19368,20064,19968,12754,10993,4043,60,60
1789629443757049658,merge,1.70375,1.59541,0.959383,0.83375,0.051821,5.22934,19968,20064,13097,10925,4044,60,60
1789629443857914214,merge,1.7074,1.5856,0.975644,0.80389,0.049481,5.20799,20064,19968,13137,10896,4045,60,60
1789629443957841138,merge,1.70948,1.59621,0.950041,0.806523,0.050325,5.19693,19968,20064,12813,10936,4046,60,60
1789629444057945757,merge,1.70006,1.6068,0.971907,0.800965,0.050613,5.21979,20064,19872,13171,11016,4047,60,60
1789629444157196993,merge,1.71947,1.6232,0.954554,0.803555,0.051867,5.23525,19968,20064,13061,11085,4048,60,60
1789629444257087259,merge,1.70912,1.59022,0.927365,0.7861,0.048937,5.1505,20064,19968,12825,10895,4049,60,60
1789629444357243076,merge,1.71607,1.61232,0.955941,0.800554,0.050312,5.21816,19872,20064,13092,11030,4050,60,60
1789629444457833996,merge,1.70623,1.60106,0.943901,0.795321,0.05036,5.18637,20064,19968,13002,10993,4051,60,60
1789629444557834105,merge,1.70172,1.61235,0.958709,0.79398,0.048763,5.21355,19968,19968,12918,10928,4052,60,60
1789629444657043147,merge,1.7011,1.61498,0.954803,0.800996,0.051181,5.21063,19968,20064,13060,11034,4053,60,60
1789629444757866323,merge,1.70937,1.60254,0.969197,0.793056,0.049987,5.20955,20160,19968,13110,11000,4054,60,60
1789629444857930808,merge,1.69085,1.62255,0.961188,0.792476,0.049646,5.2043,19872,19968,12732,11042,4055,60,60
1789629444957057330,merge,1.71127,1.59363,0.96691,0.784919,0.048732,5.19447,19968,20064,13193,10953,4056,60,60
1789629445057933345,merge,1.70897,1.59803,0.941902,0.798344,0.049831,5.18622,20064,19968,12898,11009,4057,60,60
1789629445157897352,merge,1.71232,1.60873,0.932297,0.789627,0.049161,5.17778,19968,19968,12889,11069,4058,60,60
1789629445257067527,merge,1.73779,1.59437,0.979717,0.808064,0.051186,5.26171,20064,20064,13265,10854,4059,60,60
1789629445358019208,merge,1.68655,1.5856,0.922943,0.779605,0.049045,5.11039,19968,19968,12786,10842,4060,60,60
1789629445457130200,merge,1.7293,1.59595,0.959005,0.788158,0.050264,5.20545,20064,19968,13142,10939,4061,60,60
1789629445557252228,merge,1.73307,1.59879,0.964576,0.780674,0.050803,5.21998,19968,20064,13159,10943,4062,60,60
1789629445657885448,merge,1.68932,1.58324,0.940331,0.788653,0.051651,5.14259,19968,19968,12896,10841,4063,60,60
1789629445757248416,merge,1.74666,1.58692,0.973421,0.792401,0.049994,5.23458,20064,19968,13411,10919,4064,60,60
1789629445857079668,merge,1.688,1.60576,0.945099,0.834791,0.05087,5.21132,19968,20064,12907,11017,4065,60,60
1789629445958049709,merge,1.738,1.56818,0.965607,0.788213,0.050719,5.19676,20064,19872,13270,10795,4066,60,60
1789629446057183869,merge,1.70105,1.61093,0.969931,0.806422,0.049813,5.23248,19968,20064,13009,10975,4067,60,60
1789629446157120402,merge,1.73753,1.59156,0.983573,0.797682,0.051057,5.2461,20064,19872,13307,10861,4068,60,60
1789629446257208757,merge,1.68251,1.60348,0.956621,0.777226,0.048816,5.1573,19968,20064,12828,10869,4069,60,60
1789629446357921949,merge,1.72827,1.57692,0.969968,0.773037,0.05062,5.1875,19872,19968,13069,10758,4070,60,60
1789629446457154173,merge,1.69911,1.61042,0.98862,0.790778,0.052863,5.22933,19872,20064,13058,10940,4071,60,60
1789629446557964229,merge,1.71722,1.59857,0.965996,0.801219,0.051378,5.21953,20064,19968,13100,10934,4072,60,60
1789629446657931533,merge,1.7008,1.57313,0.926421,0.779549,0.049988,5.11727,19968,19968,12687,10826,4073,60,60
1789629446757901991,merge,1.70196,1.59186,0.983114,0.800895,0.050886,5.21462,19872,20064,13097,10939,4074,60,60
1789629446858018244,merge,1.68762,1.58754,0.946574,0.79255,0.050469,5.15074,19968,19872,12944,10873,4075,60,60
1789629446957056958,merge,1.71827,1.58972,0.964431,0.796076,0.052381,5.21316,20160,20064,12933,10896,4076,60,60
1789629447057128685,merge,1.68379,1.58466,0.926939,0.797235,0.051522,5.13472,19776,20064,12793,10900,4077,60,60
1789629447157906733,merge,1.72281,1.59323,0.961589,0.782654,0.050048,5.19841,20160,19968,13260,10850,4078,60,60
1789629447257869058,merge,1.69307,1.5868,0.904225,0.78795,0.048328,5.10267,19968,19968,12646,10761,4079,60,60
1789629447357172853,merge,1.69152,1.58436,0.949699,0.790319,0.049102,5.15072,19872,20064,13048,10790,4080,60,60
1789629447458054610,merge,1.71652,1.59492,0.954815,0.801241,0.0537,5.21127,20064,19968,13121,10907,4081,60,60
1789629447557936131,merge,1.72962,1.61973,0.909633,0.771369,0.050406,5.1765,19968,19968,12830,10944,4082,60,60
1789629447657983470,merge,1.75378,1.59731,0.961449,0.795554,0.051534,5.2592,20064,20064,13151,10792,4083,60,60
1789629447757897804,merge,1.71407,1.57858,0.949242,0.776847,0.049746,5.15506,19968,19968,13059,10800,4084,60,60
1789629447857184394,merge,1.69653,1.59798,0.963977,0.810683,0.053745,5.21457,19968,19968,12843,10958,4085,60,60
1789629447957123997,merge,1.70468,1.59631,0.967826,0.809464,0.050736,5.21812,20064,20064,13063,10913,4086,60,60
1789629448058035366,merge,1.69904,1.57581,0.963347,0.778976,0.05029,5.15724,19968,19968,13105,10827,4087,60,60
1789629448157125310,merge,1.6898,1.59485,0.948759,0.789904,0.04974,5.16009,19968,19968,12670,10878,4088,60,60
1789629448257130805,merge,1.70995,1.60313,1.00906,0.811529,0.055205,5.27282,20064,20064,13171,10861,4089,60,60
1789629448358069468,merge,1.69066,1.61668,0.988638,0.779355,0.049749,5.21198,19968,19968,12998,10776,4090,60,60
1789629448457943247,merge,1.73233,1.57918,0.931821,0.786242,0.048455,5.16628,20160,19968,12942,10831,4091,60,60
1789629448557938090,merge,1.67682,1.59697,0.948617,0.79496,0.049408,5.15338,19872,20064,12852,10946,4092,60,60
1789629448657947935,merge,1.69394,1.59762,0.968608,0.780257,0.05041,5.17836,19968,19968,13088,10872,4093,60,60
1789629448757127473,merge,1.67847,1.57117,1.00061,0.797493,0.054103,5.18869,20064,19968,12559,10805,4094,60,60
1789629448857163091,merge,1.75426,1.61792,1.00019,0.796182,0.051829,5.30883,20064,19968,13228,10924,4095,60,60
1789629448957942753,merge,1.71464,1.64362,0.968601,0.79513,0.051641,5.26209,19872,20064,12834,10995,4096,60,60
1789629449058035056,merge,1.75135,1.6088,0.942127,0.792319,0.048574,5.23832,20064,19968,12817,10680,4097,60,60
1789629449157914956,merge,2.52389,1.74394,0.964003,0.778778,0.049886,6.20062,19968,20064,13046,10811,4098,60,60
1789629449257981858,merge,1.70952,1.60296,0.954465,0.795311,0.049348,5.19557,20064,19968,13135,10947,4099,60,60
1789629449357208500,merge,1.69903,1.58481,0.943279,0.791513,0.050167,5.15517,20064,19968,12840,10809,4100,60,60
1789629449457915488,merge,1.68978,1.58311,0.948181,0.783585,0.049685,5.13476,19872,20064,12974,10907,4101,60,60
1789629449557947012,merge,1.71448,1.6083,0.963893,0.794209,0.049727,5.21474,20064,19968,13153,10961,4102,60,60
1789629449657217759,merge,1.69487,1.60408,0.947382,0.81177,0.049607,5.19163,19968,20064,12761,10999,4103,60,60
1789629449758026585,merge,1.70877,1.58055,0.951696,0.769545,0.050766,5.14744,19968,19968,13147,10805,4104,60,60
1789629449858027621,merge,1.69554,1.57941,0.950985,0.773407,0.049514,5.13435,19968,19968,13001,10810,4105,60,60
1789629449957937265,merge,1.73979,1.64362,0.953733,0.793759,0.049547,5.2734,20064,20064,12852,10795,4106,60,60
1789629450058010223,merge,1.74857,1.60015,0.953557,0.774813,0.05101,5.22851,20064,19968,13093,10845,4107,60,60
1789629450157990932,merge,1.71523,1.58006,0.90986,0.812092,0.048155,5.15231,19968,19968,12998,10852,4108,60,60
1789629450257176188,merge,1.68758,1.61259,0.950927,0.79916,0.050473,5.18712,19968,20064,12766,11052,4109,60,60
1789629450358001070,merge,1.72517,1.59605,0.956241,0.801314,0.053142,5.21493,20064,19968,13232,10901,4110,60,60
1789629450457959237,merge,1.69483,1.56776,0.968201,0.805177,0.048191,5.16582,19968,19968,12759,10804,4111,60,60
1789629450557132936,merge,1.70073,1.58925,0.942837,0.806849,0.059661,5.18504,19968,20064,12948,10953,4112,60,60
1789629450658020220,merge,1.71379,1.60105,0.955428,0.781119,0.050511,5.19393,20064,19968,13039,10956,4113,60,60
1789629450758044089,merge,2.5452,1.9911,0.944714,0.770456,0.048791,6.4413,19968,20064,12825,10722,4114,60,60
1789629450858053521,merge,1.69877,1.57764,0.952365,0.781199,0.048202,5.16315,19968,19872,12854,10755,4115,60,60
1789629450957085779,merge,1.71087,1.6044,0.96155,0.779603,0.050033,5.19284,20064,20064,13211,10953,4116,60,60
1789629451057956941,merge,1.71593,1.58771,0.943986,0.79824,0.049021,5.18291,20064,19968,12782,10839,4117,60,60
1789629451157225856,merge,1.70694,1.58076,0.9448,0.801769,0.051456,5.16996,19968,20064,13102,10869,4118,60,60
1789629451257981602,merge,1.71396,1.57811,0.958854,0.779698,0.051146,5.17393,19968,19968,13129,10814,4119,60,60
1789629451357996511,merge,1.71289,1.59915,0.925995,0.784848,0.049928,5.16733,19968,19968,12707,10950,4120,60,60
1789629451457150415,merge,1.7296,1.59909,0.953796,0.793209,0.049734,5.21624,20064,20064,13206,10900,4121,60,60
1789629451558077732,merge,1.71196,1.58036,0.971863,0.788676,0.050256,5.19052,19968,19968,13069,10845,4122,60,60
1789629451657955101,merge,1.74101,1.59681,0.954518,0.790885,0.050967,5.22724,20160,19968,12936,10877,4123,60,60
1789629451757955259,merge,1.70647,1.60225,0.955222,0.789137,0.050385,5.19234,19872,20064,12962,10754,4124,60,60
1789629451857995477,merge,1.70272,1.58806,0.952589,0.789163,0.049967,5.17125,19968,19968,13133,10835,4125,60,60
1789629451958001601,merge,1.71199,1.59028,0.942585,0.780898,0.05,5.16754,20160,19968,12839,10914,4126,60,60
1789629452057952759,merge,1.70781,1.61456,0.954239,0.809391,0.050145,5.22556,19872,20064,13062,11083,4127,60,60
1789629452157190460,merge,1.6987,1.58162,0.948888,0.794201,0.050649,5.15835,19968,20064,12946,10820,4128,60,60
1789629452258060334,merge,1.72327,1.58813,0.94226,0.786708,0.047977,5.17388,20064,19968,12854,10870,4129,60,60
1789629452357258279,merge,1.71394,1.60732,0.947875,0.790662,0.052356,5.20063,20064,19968,13044,10958,4130,60,60
1789629452457963120,merge,1.70815,1.59583,0.958928,0.796027,0.050414,5.19406,19872,19968,12997,10891,4131,60,60
1789629452557966850,merge,1.69819,1.59193,0.922707,0.788075,0.050743,5.13974,20064,20064,12732,10835,4132,60,60
1789629452658103390,merge,1.72906,1.59794,0.956599,0.808578,0.055725,5.23715,20064,19968,13221,10957,4133,60,60
1789629452758025098,merge,1.70312,1.60228,0.936681,0.793361,0.049197,5.16892,19968,19968,12819,10900,4134,60,60
1789629452857240395,merge,1.72731,1.59084,0.940037,0.785308,0.05296,5.20141,19968,20064,12887,10915,4135,60,60
1789629452957253530,merge,1.72009,1.58367,0.968092,0.783833,0.050296,5.19223,20064,19968,13186,10864,4136,60,60
1789629453057963659,merge,1.70177,1.6051,0.920411,0.794076,0.051071,5.1603,19968,20064,12869,10980,4137,60,60
1789629453158124998,merge,1.71126,1.58984,0.954303,0.792707,0.050062,5.18626,19968,19968,12924,10876,4138,60,60
1789629453257986753,merge,1.70578,1.58196,0.969285,0.787588,0.049883,5.18255,20064,19968,13126,10856,4139,60,60
1789629453357988866,merge,1.70648,1.60279,0.948053,0.807111,0.049108,5.20508,19968,19968,12944,11017,4140,60,60
1789629453457188194,merge,1.70474,1.60067,0.931846,0.801695,0.048004,5.1746,19968,20064,12924,10893,4141,60,60
1789629453558122379,merge,1.7279,1.58659,0.977184,0.79021,0.049575,5.21939,20064,19968,13254,10857,4142,60,60
1789629453657271707,merge,1.69763,1.58813,0.92223,0.789687,0.048244,5.13246,19968,19968,12803,10885,4143,60,60
1789629453757184013,merge,1.73333,1.6117,0.958424,0.79282,0.057592,5.2439,20064,19968,13067,10981,4144,60,60
1789629453857306177,merge,1.69425,1.59585,0.944073,0.819096,0.049515,5.18847,19968,20064,13001,10931,4145,60,60
1789629453957262056,merge,1.72752,1.59271,0.948895,0.784273,0.049539,5.19345,19968,19968,12914,10928,4146,60,60
1789629454057154272,merge,1.70044,1.62433,0.941408,0.792191,0.05183,5.1967,20064,20064,12949,11052,4147,60,60
1789629454157287343,merge,1.71476,1.6076,0.963088,0.796076,0.05114,5.21492,19968,19968,13176,11018,4148,60,60
1789629454257256377,merge,1.68251,1.60432,0.942936,0.803128,0.048113,5.16696,19968,19968,12643,10985,4149,60,60
1789629454357165322,merge,1.72878,1.59653,0.9644,0.787759,0.049416,5.21269,20064,20064,13156,10963,4150,60,60
1789629454458009283,merge,1.70935,1.6146,0.961749,0.798887,0.050392,5.22365,19968,19968,12980,11045,4151,60,60
1789629454557228249,merge,1.69616,1.62351,0.925832,0.781141,0.048583,5.16073,19968,20064,12867,11014,4152,60,60
1789629454658157172,merge,1.70908,1.59364,0.969859,0.795967,0.049028,5.20285,20064,19968,13080,10904,4153,60,60
1789629454758063383,merge,2.532,2.40581,0.975006,0.810851,0.049378,6.93726,19968,19968,13054,11022,4154,60,60
1789629454858004708,merge,1.69358,1.61366,0.929586,0.787196,0.048566,5.16152,19968,19968,12820,11026,4155,60,60
1789629454957178309,merge,1.71952,1.60909,1.01369,0.815688,0.050653,5.29138,20064,20064,13106,11010,4156,60,60
1789629455058021979,merge,1.709,1.58995,0.96564,0.795704,0.050024,5.1978,19968,19968,13168,10913,4157,60,60
1789629455157267668,merge,1.69338,1.60783,0.936406,0.79985,0.047442,5.1668,19968,19968,12820,10945,4158,60,60
1789629455257161328,merge,1.71812,1.62156,0.972034,0.803369,0.051439,5.24942,20064,20064,13217,11127,4159,60,60
1789629455358133371,merge,1.71529,1.59426,0.959264,0.788679,0.050327,5.195,19968,19968,13136,10887,4160,60,60
1789629455458022197,merge,1.684,1.58569,0.942859,0.768914,0.04996,5.11658,19968,19968,12823,10821,4161,60,60
1789629455557172371,merge,1.74579,1.6132,1.01857,0.804005,0.052712,5.32555,20064,19968,13443,10926,4162,60,60
1789629455657258286,merge,1.69691,1.60608,0.949801,0.802331,0.047904,5.18651,19968,20064,12887,10946,4163,60,60
1789629455757248217,merge,1.74492,1.57876,0.969114,0.800095,0.050451,5.22873,20064,19968,13232,10821,4164,60,60
1789629455857248526,merge,1.70748,1.58878,0.950787,0.777495,0.049449,5.15604,19968,19968,13112,10896,4165,60,60
1789629455957209803,merge,1.74737,1.61176,0.954475,0.803204,0.051421,5.25588,20064,20064,13189,11037,4166,60,60
1789629456057247493,merge,1.69843,1.57795,0.952731,0.78692,0.049205,5.14926,20064,19872,12947,10774,4167,60,60
1789629456157373759,merge,1.71185,1.5912,0.971098,0.796396,0.052524,5.20495,19872,20064,13143,10896,4168,60,60
1789629456257308435,merge,1.71682,1.60191,0.932284,0.79189,0.048895,5.17685,19968,19968,13016,11013,4169,60,60
1789629456356951082,merge,1.71955,1.60343,0.934509,0.802154,0.050737,5.18798,20064,19968,12945,11013,4170,60,60
1789629456458041569,merge,1.69756,1.57867,0.947961,0.796527,0.049804,5.14667,19776,19968,12838,10847,4171,60,60
1789629456557177395,merge,1.72826,1.59311,0.963887,0.772449,0.048928,5.19182,20064,20064,13253,10843,4172,60,60
1789629456657178725,merge,1.68371,1.59114,0.936671,0.777342,0.048793,5.12226,20064,19872,12786,10904,4173,60,60
1789629456757187531,merge,1.70542,1.58322,0.96512,0.790434,0.05248,5.17483,19872,20064,13080,10860,4174,60,60
1789629456857269208,merge,1.73089,1.5976,0.973571,0.794921,0.048331,5.23921,19968,19968,13117,10922,4175,60,60
1789629456957366308,merge,1.72818,1.60106,0.956243,0.791912,0.051556,5.22092,20064,20064,13003,10977,4176,60,60
1789629457057333649,merge,1.72256,1.58018,0.958503,0.783206,0.050253,5.18162,19872,19968,12935,10806,4177,60,60
1789629457157240743,merge,1.72991,1.58496,0.967093,0.802071,0.051695,5.22337,20064,20064,13216,10927,4178,60,60
1789629457257389372,merge,1.70362,1.60107,0.983456,0.822587,0.058291,5.25567,19968,19968,13040,10963,4179,60,60
1789629457357238273,merge,1.71873,1.59814,0.936544,0.791629,0.094636,5.22447,19968,19968,12846,10872,4180,60,60
1789629457457371282,merge,1.73026,1.60731,0.97359,0.790781,0.05132,5.25432,20064,20064,13294,10782,4181,60,60
1789629457557343273,merge,1.70543,1.59287,0.949373,0.792363,0.058104,5.17882,19968,19968,12971,10909,4182,60,60
1789629457657356814,merge,1.71384,1.60261,0.961608,0.81398,0.051135,5.22606,20064,19968,13007,10991,4183,60,60
1789629457757386464,merge,1.68914,1.58747,0.946664,0.803198,0.054258,5.16409,19872,20064,12950,10930,4184,60,60
1789629457857266673,merge,1.72569,1.61139,0.944884,0.78075,0.051339,5.202,20064,19968,13123,10853,4185,60,60
1789629457957353170,merge,1.69182,1.59909,0.942272,0.796552,0.049256,5.16343,19968,19968,12778,10877,4186,60,60
1789629458057292302,merge,1.71567,1.59617,0.973292,0.787718,0.049558,5.20783,20064,20064,13233,10943,4187,60,60
1789629458157335427,merge,1.69771,1.58488,0.951842,0.786924,0.047581,5.15372,19968,19968,12847,10849,4188,60,60
1789629458257386378,merge,1.70567,1.59828,0.937747,0.794419,0.049946,5.17013,19968,19968,12934,10965,4189,60,60
1789629458357302514,merge,1.68335,1.60979,0.948845,0.780837,0.051313,5.16466,19968,20064,12958,10855,4190,60,60
1789629458457247154,merge,1.71575,1.57754,0.948201,0.782467,0.049147,5.15491,20064,19968,13070,10713,4191,60,60
1789629458557346268,merge,1.68579,1.58083,0.925193,0.786741,0.049847,5.11244,19968,19968,12772,10854,4192,60,60
1789629458657270707,merge,1.72145,1.61748,0.962939,0.800386,0.051407,5.24097,20064,20064,13220,11048,4193,60,60
1789629458757406123,merge,1.69207,1.5783,0.939799,0.773189,0.048285,5.11935,19968,19968,12869,10759,4194,60,60
1789629458857317237,merge,1.69181,1.57844,0.96211,0.799532,0.049395,5.16725,19968,19968,12909,10818,4195,60,60
1789629458957296894,merge,1.72013,1.60768,0.961306,0.804016,0.051765,5.23373,20064,20064,13218,11060,4196,60,60
1789629459057346945,merge,1.70827,1.6021,0.9306,0.785581,0.04716,5.16761,19968,19968,12806,10918,4197,60,60
1789629459157319444,merge,1.70787,1.58049,0.964307,0.775568,0.054782,5.16777,20064,20064,13108,10776,4198,60,60
1789629459258112492,merge,1.69212,1.59685,0.960547,0.788914,0.047811,5.17624,19968,19968,13022,10769,4199,60,60
1789629459357407880,merge,2.2737,1.60249,0.927706,0.781033,0.048864,5.73445,19968,19968,12880,10884,4200,60,60
1789629459457249475,merge,1.69829,1.60726,0.936877,0.78685,0.050879,5.16866,20064,20064,12997,10865,4201,60,60
1789629459558122632,merge,1.7121,1.6017,0.966516,0.793063,0.049634,5.21115,19968,19968,13166,10858,4202,60,60
1789629459657294541,merge,1.70528,1.59733,0.915688,0.78743,0.049541,5.14606,20064,19968,12730,10897,4203,60,60
1789629459757436833,merge,1.7208,1.59468,0.950489,0.790694,0.048802,5.19527,19968,19968,13152,10831,4204,60,60
1789629459857350814,merge,1.69415,1.61797,0.93772,0.803125,0.051198,5.1968,19968,20064,12943,10944,4205,60,60
1789629459957334040,merge,1.73993,1.60395,0.94141,0.796799,0.05026,5.22377,20064,19968,12849,10992,4206,60,60
1789629460057422994,merge,1.68947,1.60795,0.960562,0.800809,0.0493,5.1921,19968,20064,12951,10882,4207,60,60
1789629460157314669,merge,1.7057,1.60387,0.965274,0.772538,0.05033,5.18726,20064,19968,13222,10681,4208,60,60
1789629460257407184,merge,1.69027,1.59638,0.929606,0.796882,0.047834,5.14773,19968,19968,12572,10852,4209,60,60
1789629460357360748,merge,1.70649,1.61942,0.967985,0.787909,0.050316,5.2232,19968,20064,13118,11041,4210,60,60
1789629460457286857,merge,1.68654,1.59243,0.969102,0.773766,0.048663,5.16068,19968,19968,12957,10812,4211,60,60
1789629460557252658,merge,1.72256,1.57983,0.944038,0.78256,0.049396,5.16731,20064,19968,12824,10800,4212,60,60
1789629460657342933,merge,1.87864,1.63196,0.937651,0.783866,0.049686,5.39546,20064,19968,13130,11009,4213,60,60
1789629460757454996,merge,1.72181,1.63004,0.933188,0.982028,0.057783,5.42169,19872,20160,13023,11057,4214,60,60
1789629460858147872,merge,1.70081,1.60599,0.961217,0.770207,0.050196,5.17928,20064,19872,12781,10710,4215,60,60
1789629460957340000,merge,1.70884,1.60276,0.957873,0.776965,0.05132,5.1817,20064,19968,13182,10829,4216,60,60
1789629461057460828,merge,1.7073,1.6076,0.968446,0.774726,0.052045,5.19471,19968,20064,13020,10849,4217,60,60
1789629461157315471,merge,1.69817,1.57468,0.914933,0.807193,0.049197,5.13174,19968,19968,12856,10782,4218,60,60
1789629461257355998,merge,2.02222,1.62929,0.944313,0.765052,0.051265,5.51492,20064,20064,13265,10965,4219,60,60
1789629461358150876,merge,2.02428,1.62179,0.947047,0.775409,0.050259,5.51921,19968,19968,12894,10965,4220,60,60
1789629461457386196,merge,1.71479,1.58361,0.94936,0.754246,0.048298,5.13654,20064,19968,13056,10792,4221,60,60
1789629461557399532,merge,1.95611,1.58503,0.917067,0.830429,0.053202,5.44065,19872,20064,12938,10954,4222,60,60
1789629461657264014,merge,1.88533,2.11355,0.93114,0.802377,0.049607,5.89099,20064,20064,13006,11107,4223,60,60
1789629461758165027,merge,1.87941,1.59337,0.946546,0.782094,0.049733,5.34777,20064,19968,12950,10859,4224,60,60
1789629461858153408,merge,1.70758,1.58184,0.955588,0.754521,0.050632,5.14511,19968,19968,13105,10724,4225,60,60
1789629461957456063,merge,1.86964,1.59235,0.93049,0.778722,0.048961,5.31798,19968,20064,12700,10868,4226,60,60
1789629462058166094,merge,1.86113,1.59708,0.957958,0.772463,0.052393,5.33851,20064,19872,13125,10914,4227,60,60
1789629462157428840,merge,1.68338,1.59393,0.941669,0.776831,0.049223,5.12752,19968,20064,12929,10931,4228,60,60
1789629462257339143,merge,1.70057,1.71534,1.38357,0.785306,0.052939,5.72668,19968,20064,12800,10866,4229,60,60
1789629462358118522,merge,1.86632,1.58912,0.942344,0.788057,0.050527,5.3364,20064,19968,13017,10931,4230,60,60
1789629462457400528,merge,1.80878,1.59874,0.985127,0.834211,0.052427,5.37211,19968,19968,13154,10957,4231,60,60
1789629462557362421,merge,1.68647,1.59248,0.92739,0.785483,0.051117,5.12755,20064,20064,12747,10972,4232,60,60
1789629462658151921,merge,1.7021,1.57977,0.975411,0.795089,0.051175,5.18868,19968,19968,13109,10877,4233,60,60
1789629462758127800,merge,1.6951,1.59931,0.94184,0.792216,0.051091,5.16798,19968,19968,13132,10904,4234,60,60
1789629462857311300,merge,1.69563,1.59689,0.923248,0.793299,0.050438,5.14273,20064,20064,12810,10804,4235,60,60
1789629462957354159,merge,1.71896,1.5832,0.964352,0.814844,0.051227,5.22029,19968,19968,13169,10896,4236,60,60
1789629463057306205,merge,1.70819,1.60217,0.956603,0.820311,0.054023,5.23178,20064,19968,13140,10974,4237,60,60
1789629463157463096,merge,1.70558,1.60798,0.935645,0.799774,0.049421,5.18528,19968,20064,12795,11008,4238,60,60
1789629463257454413,merge,1.69599,1.58335,0.929921,0.782201,0.048318,5.12199,19968,19968,13041,10833,4239,60,60
1789629463357313269,merge,1.7248,1.58723,0.952925,0.785488,0.051183,5.18839,20064,19968,13261,10867,4240,60,60
1789629463457339400,merge,1.69039,1.61438,0.91058,0.768588,0.050952,5.12438,19968,20064,12664,11068,4241,60,60
1789629463558151384,merge,1.71794,1.60294,0.927598,0.793167,0.053881,5.17402,20064,19968,13276,10921,4242,60,60
1789629463657481528,merge,1.68685,1.58971,0.952143,0.774632,0.046961,5.13401,19968,19968,12902,10870,4243,60,60
1789629463757350966,merge,1.70626,1.60485,0.938625,0.790612,0.049577,5.17371,19968,19968,12812,10967,4244,60,60
1789629463857357711,merge,1.69824,1.60936,0.957418,0.801305,0.05036,5.20466,19968,19968,12981,11015,4245,60,60
1789629463957342382,merge,1.71419,1.5875,0.961253,0.798071,0.053839,5.20404,20064,20064,13152,10919,4246,60,60
1789629464057352999,merge,1.72131,1.58944,0.932993,0.794937,0.049915,5.18689,19968,19968,12663,10885,4247,60,60
1789629464157331249,merge,1.72187,1.69712,1.51476,0.802227,0.05639,5.87857,20064,20064,13262,11038,4248,60,60
1789629464257471331,merge,1.70068,1.60762,0.942652,0.810088,0.049725,5.20287,19968,19968,12862,11025,4249,60,60
1789629464357414657,merge,1.70663,1.59287,0.936884,0.797681,0.049147,5.16719,19968,19968,12822,10905,4250,60,60
1789629464457321556,merge,1.71133,1.60761,0.98015,0.807335,0.051003,5.2448,20064,19968,13197,11046,4251,60,60
1789629464557470454,merge,1.70872,1.62532,0.957335,0.806353,0.052565,5.23564,19968,20064,12941,11101,4252,60,60
1789629464657402353,merge,1.85713,1.59774,0.94649,0.785485,0.051099,5.33217,19968,19968,12933,10975,4253,60,60
1789629464757341918,merge,1.76959,1.6174,0.936041,0.790562,0.049871,5.26289,20064,20064,13238,10930,4254,60,60
1789629464857511348,merge,1.71658,1.61094,0.928035,0.807108,0.051113,5.2022,20064,19872,13000,11056,4255,60,60
1789629464957509885,merge,1.69308,1.61439,0.954098,0.792915,0.050548,5.19184,19872,20160,12893,11009,4256,60,60
1789629465058169844,merge,1.73692,1.59289,0.954701,0.780211,0.051531,5.19952,20064,19968,13330,10876,4257,60,60
1789629465157538563,merge,1.70216,1.58989,0.933569,0.788171,0.049937,5.14935,19968,19968,12836,10950,4258,60,60
1789629465257433164,merge,1.71002,1.60416,0.924992,0.791693,0.050539,5.16968,19968,19968,12991,10965,4259,60,60
1789629465357360254,merge,1.73536,1.60867,0.964021,0.786227,0.051641,5.2291,20064,20064,13339,11077,4260,60,60
1789629465457489116,merge,1.6739,1.586,0.926217,0.795361,0.051472,5.12086,19968,19968,12842,10921,4261,60,60
1789629465557464653,merge,1.74446,1.60313,0.990687,0.79761,0.052103,5.27945,20064,19968,13341,11010,4262,60,60
1789629465657528413,merge,1.69999,1.62153,0.94321,0.797964,0.049773,5.19848,19968,19968,12901,11011,4263,60,60
1789629465757524030,merge,1.90315,1.59164,0.927408,0.784669,0.049922,5.34787,19968,20064,12993,10827,4264,60,60
1789629465857466592,merge,1.72585,1.5874,0.937388,0.776045,0.05168,5.16595,19968,19968,13104,10872,4265,60,60
1789629465957032339,merge,2.02849,1.59807,0.965609,0.801385,0.050853,5.54016,20064,19968,13073,10953,4266,60,60
1789629466057368853,merge,1.70904,1.58879,0.988578,1.28049,0.065496,5.71841,19968,19968,12940,10862,4267,60,60
1789629466156939180,merge,1.72093,1.58524,0.946988,0.790055,0.050031,5.17738,19968,20064,13088,10869,4268,60,60
1789629466256937196,merge,1.71097,1.58347,0.943413,0.790982,0.051292,5.16576,19968,19872,13061,10854,4269,60,60
1789629466357472143,merge,1.69773,1.60854,0.949368,0.77505,0.049847,5.16614,20064,19968,13002,10870,4270,60,60
1789629466456919337,merge,1.70773,1.58611,0.947828,0.79343,0.0493,5.16715,19968,20064,12900,10944,4271,60,60
1789629466557538837,merge,2.07955,1.59794,0.951304,0.785254,0.051227,5.55834,19872,19968,13115,10946,4272,60,60
1789629466657504748,merge,2.3732,1.60076,1.1955,1.21304,0.057799,6.54541,20064,19968,13081,10981,4273,60,60
1789629466757539041,merge,1.71814,1.59879,0.936477,0.790107,0.048705,5.18254,19968,20064,12843,10775,4274,60,60
1789629466857457027,merge,1.71301,1.58612,0.991066,0.79186,0.049461,5.21849,19872,19968,13116,10815,4275,60,60
1789629466957394248,merge,2.07301,1.60638,0.94679,0.792205,0.050844,5.5642,20064,20064,13119,11010,4276,60,60
1789629467057506841,merge,1.69973,1.59726,0.915117,0.800323,0.048265,5.15643,19968,20064,12788,10857,4277,60,60
1789629467157375887,merge,1.95042,1.56672,0.939918,0.76508,0.0497,5.36193,19968,19872,13053,10746,4278,60,60
1789629467257573122,merge,1.70997,1.60086,0.965675,0.796177,0.050659,5.20637,20064,20064,13208,11020,4279,60,60
1789629467357557336,merge,2.35982,2.26398,1.51137,1.18467,0.059298,7.50255,19968,19968,12636,10956,4280,60,60
1789629467457580210,merge,2.40086,2.0591,0.936561,0.792707,0.05047,6.36046,19968,20064,13164,10876,4281,60,60
1789629467557445259,merge,1.69343,1.58538,0.938182,0.783742,0.048418,5.13425,19968,19968,12945,10818,4282,60,60
1789629467657495869,merge,1.69519,1.60399,0.93516,0.794307,0.048477,5.16183,20064,19968,12851,10873,4283,60,60
1789629467757497642,merge,1.74486,1.58333,0.930924,0.782405,0.051688,5.20074,19968,20064,12936,10793,4284,60,60
1789629467857430427,merge,2.20315,1.58868,0.975884,0.783098,0.049582,5.70238,19968,19968,13127,10847,4285,60,60
1789629467957420187,merge,1.88495,1.59988,0.920549,0.795808,0.04844,5.34837,19968,20064,12628,11041,4286,60,60
1789629468057448673,merge,1.72183,1.58541,0.940047,0.778806,0.048875,5.16055,20064,19968,13172,10863,4287,60,60
1789629468157499629,merge,2.40198,2.21685,1.52876,1.24775,0.060382,7.57973,19968,19968,13050,10760,4288,60,60
1789629468257452887,merge,1.70532,1.58629,0.914219,0.787124,0.050019,5.13043,20064,20064,12776,10953,4289,60,60
1789629468357588091,merge,1.69626,1.58409,0.950824,0.78903,0.04919,5.15547,19968,19872,13106,10845,4290,60,60
1789629468457510930,merge,1.69317,1.65784,0.948002,0.776767,0.049798,5.21407,19968,20064,13079,10789,4291,60,60
1789629468557482393,merge,2.06887,1.94231,0.932181,0.746827,0.048344,5.84585,20064,19968,12886,10713,4292,60,60
1789629468657480834,merge,1.71381,1.59703,0.975065,0.766012,0.050639,5.19379,19968,19968,13086,10857,4293,60,60
1789629468757610553,merge,1.71365,1.60184,0.981412,0.801228,0.05141,5.23766,20064,20064,13244,10929,4294,60,60
1789629468857643234,merge,1.68511,1.5831,0.935834,0.8031,0.052637,5.14894,19872,19968,12623,10836,4295,60,60
1789629468957441242,merge,1.70554,1.60305,0.958549,0.795144,0.051701,5.19998,20064,20064,13228,11020,4296,60,60
1789629469057425617,merge,1.70382,1.59169,0.953888,0.79365,0.049814,5.17956,20064,19968,13031,10861,4297,60,60
1789629469157543602,merge,1.70059,1.57625,0.953067,0.783531,0.049456,5.14872,19968,19968,12821,10792,4298,60,60
1789629469257497683,merge,1.79191,1.67594,0.940787,0.788435,0.049243,5.33747,20064,20064,13075,11020,4299,60,60
1789629469357604894,merge,1.70762,1.60058,0.96114,0.778129,0.050103,5.18123,19968,19968,13019,10823,4300,60,60
1789629469457539265,merge,1.69045,1.57367,0.911101,0.774708,0.048908,5.08085,19968,19968,12667,10697,4301,60,60
1789629469557439627,merge,1.70866,1.58983,0.987373,0.796794,0.048875,5.22201,19968,20064,13145,10895,4302,60,60
1789629469657415796,merge,1.69756,1.5969,0.912093,0.786501,0.050617,5.13492,20064,19968,12978,10903,4303,60,60
1789629469757550370,merge,1.69891,1.58976,0.939463,0.763689,0.050289,5.12479,19968,19968,12875,10845,4304,60,60
1789629469857464464,merge,1.69019,1.56859,0.938572,0.778167,0.050191,5.11067,20064,19968,13064,10763,4305,60,60
1789629469957624356,merge,1.69787,1.59733,0.93802,0.784529,0.050337,5.15544,19968,20064,12920,11039,4306,60,60
1789629470057546721,merge,1.71035,1.58827,0.936286,0.782449,0.050504,5.15558,19968,19968,12910,10917,4307,60,60
1789629470157421555,merge,1.70576,1.58606,0.928908,0.766764,0.051404,5.12639,20064,20064,13161,10854,4308,60,60
1789629470257531825,merge,1.70028,1.57852,0.929713,0.782705,0.050576,5.13483,19968,19968,12914,10776,4309,60,60
1789629470357441001,merge,1.7002,2.09687,0.907854,0.775726,0.047502,5.62591,19968,19968,12900,10887,4310,60,60
1789629470457461220,merge,1.70716,1.59196,0.967302,0.782059,0.05144,5.19442,20064,20064,13230,10862,4311,60,60
1789629470557510169,merge,1.69538,1.57381,0.939211,0.797038,0.049529,5.14255,19968,19968,12779,10838,4312,60,60
1789629470657524663,merge,1.71623,1.5913,0.919985,0.772631,0.049606,5.13523,20064,19968,13111,10996,4313,60,60
1789629470757510401,merge,1.71447,1.59478,0.966623,0.789584,0.050223,5.20677,19968,19968,13020,10878,4314,60,60
1789629470857529681,merge,1.71331,1.60511,0.918024,0.776121,0.050418,5.15253,20064,20064,12871,10929,4315,60,60
1789629470957585079,merge,1.69114,1.57875,0.94858,0.787643,0.050082,5.14114,19968,19968,13002,10883,4316,60,60
1789629471057547862,merge,1.70085,1.59805,0.949435,0.798276,0.057493,5.19263,19968,19968,13122,10969,4317,60,60
1789629471157469184,merge,1.69477,1.60225,0.968306,0.788577,0.049962,5.19728,20064,20160,12650,10772,4318,60,60
1789629471257585106,merge,1.70565,1.57853,0.953654,0.774546,0.05134,5.14978,19968,19872,13133,10766,4319,60,60
1789629471357511185,merge,1.68799,1.60941,0.933378,0.797287,0.049892,5.16277,19968,20064,12936,11043,4320,60,60
1789629471457495555,merge,1.71767,1.60197,0.947039,0.781135,0.04973,5.18538,20064,19968,12836,10948,4321,60,60
1789629471557601962,merge,2.08532,1.58159,0.939659,0.782033,0.04949,5.53412,19968,20064,12960,10815,4322,60,60
1789629471657491811,merge,1.71323,1.57127,0.961533,0.854886,0.058623,5.24966,19968,19872,13082,10760,4323,60,60
1789629471757463692,merge,1.71058,1.61974,0.932549,0.812756,0.050125,5.21298,20064,20160,12783,11131,4324,60,60
1789629471857569094,merge,1.72294,1.58133,0.965132,0.791147,0.049065,5.20141,19968,19968,13113,10797,4325,60,60
1789629471957590298,merge,1.74583,1.57726,0.935664,0.794618,0.055842,5.20321,20064,19968,13064,10816,4326,60,60
1789629472057578997,merge,1.72851,1.60357,0.947834,0.796016,0.051052,5.21533,19968,20064,12828,10889,4327,60,60
1789629472157517704,merge,1.74327,1.58643,0.952747,0.802999,0.05421,5.23326,20064,19872,13261,10844,4328,60,60
1789629472257612562,merge,1.81341,1.68653,1.47016,0.749456,0.055315,5.87821,19968,20064,12935,10834,4329,60,60
1789629472357659924,merge,2.15519,1.97525,0.940677,0.76154,0.050191,5.99454,19968,20064,12891,10984,4330,60,60
1789629472457525221,merge,1.69929,1.6011,1.01625,0.815519,0.053795,5.27526,19968,19968,13070,10965,4331,60,60
1789629472557474575,merge,1.72011,1.57797,0.950741,0.801988,0.04988,5.18872,20064,19968,13088,10819,4332,60,60
1789629472657583740,merge,1.70691,1.58675,0.949233,0.792216,0.049637,5.17444,19968,19968,12782,10860,4333,60,60
1789629472757496946,merge,1.96023,1.61619,0.961016,0.780155,0.053373,5.48745,20064,20064,13233,11090,4334,60,60
1789629472857651006,merge,2.35265,2.2349,0.943329,0.773969,0.04959,6.49367,19968,19968,12747,10864,4335,60,60
1789629472957562563,merge,1.70601,1.59405,0.923024,0.786131,0.05574,5.15563,19968,20064,12947,10829,4336,60,60
1789629473057528885,merge,2.22179,2.14861,1.37788,1.13991,0.067034,7.08188,20064,19968,13032,10948,4337,60,60
1789629473157604807,merge,2.26168,2.1334,1.36265,1.11457,0.126101,7.11293,19968,19968,12899,10903,4338,60,60
1789629473257519151,merge,2.50933,1.63094,0.934402,0.790289,0.049513,6.02743,20064,20064,12873,10891,4339,60,60
1789629473357647161,merge,1.69861,1.58526,0.939295,0.769484,0.05075,5.13754,19968,19968,13077,10894,4340,60,60
1789629473457556283,merge,1.68597,1.60169,0.920571,0.778981,0.051024,5.12831,19968,19968,12763,10953,4341,60,60
1789629473557532213,merge,1.70761,1.588,0.95302,0.768688,0.051948,5.16069,20064,19968,13052,10879,4342,60,60
1789629473657645150,merge,1.70247,1.59817,1.01154,0.795232,0.050538,5.24699,19968,20064,13094,10957,4343,60,60
1789629473757549735,merge,1.69421,1.60292,0.922553,0.795356,0.051133,5.16019,19968,19968,12842,11060,4344,60,60
1789629473857510607,merge,1.71222,1.60715,0.936953,0.794146,0.052967,5.19515,20064,19968,13092,11025,4345,60,60
1789629473957583971,merge,1.70009,1.59911,0.957226,0.806442,0.049853,5.20471,19968,20064,13102,10915,4346,60,60
1789629474057533466,merge,2.56074,2.36894,1.1744,0.83994,0.054839,7.16687,20064,19968,12880,11011,4347,60,60
1789629474157696771,merge,1.73814,1.64394,0.970853,0.796009,0.051796,5.29711,19968,19968,13101,11026,4348,60,60
1789629474257596142,merge,1.764,1.63961,0.970964,0.811609,0.076022,5.35479,19968,20064,13149,11038,4349,60,60
1789629474357529892,merge,1.72947,1.61837,0.951711,0.807285,0.063065,5.2697,20064,19968,12792,10938,4350,60,60
1789629474457688680,merge,1.7403,1.64559,0.979523,0.807606,0.051995,5.31122,19968,19968,13177,11014,4351,60,60
1789629474557548683,merge,1.89353,2.21109,1.32489,1.00894,0.055457,6.60122,19968,20064,12980,11023,4352,60,60
1789629474657561387,merge,2.29649,2.18387,1.3818,1.11387,0.066697,7.16785,20064,19968,12891,10967,4353,60,60
1789629474757662943,merge,1.77578,1.64163,0.954474,0.800749,0.051928,5.31745,19968,19968,13060,11009,4354,60,60
1789629474857618954,merge,1.7403,1.78114,0.985087,0.835098,0.052677,5.49831,19968,19968,13148,11114,4355,60,60
1789629474957553672,merge,1.7505,1.83775,0.96758,0.809861,0.055543,5.53068,20064,20064,12698,10962,4356,60,60
1789629475057646533,merge,1.81567,1.63728,0.996455,0.806126,0.052401,5.40413,19968,19968,13213,10816,4357,60,60
1789629475157629021,merge,2.32541,2.20441,1.00541,0.815086,0.050967,6.53234,19968,20064,13012,11001,4358,60,60
1789629475257558682,merge,1.97993,1.92106,1.0864,0.918041,0.057185,6.06631,20064,19968,12819,10973,4359,60,60
1789629475357655479,merge,1.98717,1.84817,1.23891,0.928502,0.061053,6.16334,19968,20064,13238,10877,4360,60,60
1789629475457632895,merge,1.77712,1.61812,0.950925,0.800088,0.053409,5.29704,19968,19872,13029,10795,4361,60,60
1789629475557548149,merge,1.74207,1.65342,0.962416,0.799758,0.049947,5.30128,20064,20064,12942,11005,4362,60,60
1789629475657711327,merge,1.78718,1.66257,0.997479,0.788453,0.050871,5.37905,19968,19968,13366,10952,4363,60,60
1789629475757547306,merge,1.72883,1.8534,0.963656,0.782126,0.050828,5.47638,19968,19968,12944,10844,4364,60,60
1789629475856922478,merge,1.77724,1.83687,0.980604,0.78303,0.050403,5.53187,20064,19968,13260,10843,4365,60,60
1789629475957550000,merge,1.71133,1.6219,0.934002,0.803319,0.048373,5.21325,19968,19968,13076,10944,4366,60,60
1789629476056921906,merge,1.72755,1.59314,0.960023,0.795719,0.048955,5.2094,19968,19968,13296,10800,4367,60,60
1789629476156979550,merge,1.68752,1.59103,0.939201,0.773653,0.047501,5.12296,19968,19968,12844,10830,4368,60,60
1789629476356951344,merge,1.70822,1.59775,0.965316,0.778687,0.129528,5.2678,19872,19968,13088,10909,4369,60,60
1789629476556909116,merge,1.70609,1.6124,0.948071,0.824,0.051393,5.2292,19872,20160,12953,11114,4370,62,62
1789629476657547278,merge,1.71917,1.5918,0.957966,0.799552,0.050085,5.20655,20064,19872,13225,10893,4371,62,62
1789629476757596915,merge,1.68047,1.57236,0.930688,0.767518,0.04918,5.08624,20064,19968,12693,10782,4372,62,62
