Linux 7.0.0-28-generic (w) 	09/17/26 	_x86_64_	(24 CPU)

15:11:25     CPU    %usr   %nice    %sys %iowait    %irq   %soft  %steal  %guest  %gnice   %idle
15:11:26     all    1.80    0.00    0.50    0.04    0.00    0.04    0.00    0.00    0.00   97.62
15:11:26       0    2.00    0.00    1.00    1.00    0.00    0.00    0.00    0.00    0.00   96.00
15:11:26       1    0.00    0.00    0.00    0.00    0.00    0.00    0.00    0.00    0.00  100.00
15:11:26       2    4.00    0.00    0.00    0.00    0.00    0.00    0.00    0.00    0.00   96.00
15:11:26       3    0.99    0.00    0.00    0.00    0.00    0.00    0.00    0.00    0.00   99.01
15:11:26       4    1.01    0.00    0.00    0.00    0.00    0.00    0.00    0.00    0.00   98.99
15:11:26       5    0.00    0.00    0.00    0.00    0.00    0.00    0.00    0.00    0.00  100.00
15:11:26       6    5.00    0.00    1.00    0.00    0.00    0.00    0.00    0.00    0.00   94.00
15:11:26       7    0.00    0.00    0.00    0.00    0.00    0.00    0.00    0.00    0.00  100.00
15:11:26       8    9.00    0.00    1.00    0.00    0.00    0.00    0.00    0.00    0.00   90.00
15:11:26       9    0.00    0.00    0.00    0.00    0.00    0.00    0.00    0.00    0.00  100.00
15:11:26      10    6.06    0.00    1.01    0.00    0.00    0.00    0.00    0.00    0.00   92.93
15:11:26      11    0.00    0.00    0.00    0.00    0.00    0.00    0.00    0.00    0.00  100.00
15:11:26      12    2.02    0.00    0.00    0.00    0.00    0.00    0.00    0.00    0.00   97.98
15:11:26      13    0.00    0.00    0.00    0.00    0.00    0.00    0.00    0.00    0.00  100.00
15:11:26      14    2.97    0.00    0.99    0.00    0.00    0.00    0.00    0.00    0.00   96.04
15:11:26      15    1.01    0.00    2.02    0.00    0.00    1.01    0.00    0.00    0.00   95.96
15:11:26      16    1.00    0.00    1.00    0.00    0.00    0.00    0.00    0.00    0.00   98.00
15:11:26      17    1.00    0.00    1.00    0.00    0.00    0.00    0.00    0.00    0.00   98.00
15:11:26      18    2.00    0.00    1.00    0.00    0.00    0.00    0.00    0.00    0.00   97.00
15:11:26      19    0.00    0.00    1.00    0.00    0.00    0.00    0.00    0.00    0.00   99.00
15:11:26      20    0.00    0.00    0.00    0.00    0.00    0.00    0.00    0.00    0.00  100.00
15:11:26      21    2.00    0.00    0.00    0.00    0.00    0.00    0.00    0.00    0.00   98.00
15:11:26      22    1.01    0.00    1.01    0.00    0.00    0.00    0.00    0.00    0.00   97.98
15:11:26      23    2.00    0.00    0.00    0.00    0.00    0.00    0.00    0.00    0.00   98.00

15:11:26     CPU    %usr   %nice    %sys %iowait    %irq   %soft  %steal  %guest  %gnice   %idle
15:11:27     all    1.50    0.00    0.46    0.00    0.00    0.04    0.00    0.00    0.00   97.99
15:11:27       0    1.00    0.00    0.00    0.00    0.00    0.00    0.00    0.00    0.00   99.00
15:11:27       1    0.00    0.00    0.00    0.00    0.00    0.00    0.00    0.00    0.00  100.00
15:11:27       2    2.02    0.00    0.00    0.00    0.00    0.00    0.00    0.00    0.00   97.98
15:11:27       3    0.00    0.00    0.00    0.00    0.00    0.00    0.00    0.00    0.00  100.00
15:11:27       4    1.00    0.00    1.00    0.00    0.00    0.00    0.00    0.00    0.00   98.00
15:11:27       5    0.00    0.00    0.00    0.00    0.00    0.00    0.00    0.00    0.00  100.00
15:11:27       6    4.00    0.00    1.00    0.00    0.00    0.00    0.00    0.00    0.00   95.00
15:11:27       7    0.00    0.00    0.00    0.00    0.00    0.00    0.00    0.00    0.00  100.00
15:11:27       8    7.14    0.00    1.02    0.00    0.00    0.00    0.00    0.00    0.00   91.84
15:11:27       9    0.00    0.00    0.00    0.00    0.00    0.00    0.00    0.00    0.00  100.00
15:11:27      10    3.00    0.00    1.00    0.00    0.00    0.00    0.00    0.00    0.00   96.00
15:11:27      11    0.00    0.00    0.00    0.00    0.00    0.00    0.00    0.00    0.00  100.00
15:11:27      12    4.00    0.00    1.00    0.00    0.00    0.00    0.00    0.00    0.00   95.00
15:11:27      13    0.00    0.00    0.00    0.00    0.00    0.00    0.00    0.00    0.00  100.00
15:11:27      14    2.02    0.00    0.00    0.00    0.00    0.00    0.00    0.00    0.00   97.98
15:11:27      15    0.00    0.00    0.00    0.00    0.00    1.02    0.00    0.00    0.00   98.98
15:11:27      16    3.00    0.00    2.00    0.00    0.00    0.00    0.00    0.00    0.00   95.00
15:11:27      17    2.02    0.00    0.00    0.00    0.00    0.00    0.00    0.00    0.00   97.98
15:11:27      18    1.00    0.00    1.00    0.00    0.00    0.00    0.00    0.00    0.00   98.00
15:11:27      19    1.00    0.00    0.00    0.00    0.00    0.00    0.00    0.00    0.00   99.00
15:11:27      20    1.96    0.00    0.98    0.00    0.00    0.00    0.00    0.00    0.00   97.06
15:11:27      21    1.00    0.00    0.00    0.00    0.00    0.00    0.00    0.00    0.00   99.00
15:11:27      22    1.01    0.00    1.01    0.00    0.00    0.00    0.00    0.00    0.00   97.98
15:11:27      23    1.00    0.00    1.00    0.00    0.00    0.00    0.00    0.00    0.00   98.00

15:11:27     CPU    %usr   %nice    %sys %iowait    %irq   %soft  %steal  %guest  %gnice   %idle
15:11:28     all    1.71    0.00    0.54    0.00    0.00    0.04    0.00    0.00    0.00   97.70
15:11:28       0    0.00    0.00    0.00    0.00    0.00    0.00    0.00    0.00    0.00  100.00
15:11:28       1    0.00    0.00    0.00    0.00    0.00    0.00    0.00    0.00    0.00  100.00
15:11:28       2    6.93    0.00    2.97    0.00    0.00    0.00    0.00    0.00    0.00   90.10
15:11:28       3    0.00    0.00    0.00    0.00    0.00    0.00    0.00    0.00    0.00  100.00
15:11:28       4    1.00    0.00    1.00    0.00    0.00    0.00    0.00    0.00    0.00   98.00
15:11:28       5    0.00    0.00    0.00    0.00    0.00    0.00    0.00    0.00    0.00  100.00
15:11:28       6    1.01    0.00    1.01    0.00    0.00    0.00    0.00    0.00    0.00   97.98
15:11:28       7    0.00    0.00    0.00    0.00    0.00    0.00    0.00    0.00    0.00  100.00
15:11:28       8   13.00    0.00    2.00    0.00    0.00    0.00    0.00    0.00    0.00   85.00
15:11:28       9    0.00    0.00    0.00    0.00    0.00    0.00    0.00    0.00    0.00  100.00
15:11:28      10    6.00    0.00    1.00    0.00    0.00    0.00    0.00    0.00    0.00   93.00
15:11:28      11    0.00    0.00    0.00    0.00    0.00    0.00    0.00    0.00    0.00  100.00
15:11:28      12    4.04    0.00    1.01    0.00    0.00    0.00    0.00    0.00    0.00   94.95
15:11:28      13    0.00    0.00    0.00    0.00    0.00    0.00    0.00    0.00    0.00  100.00
15:11:28      14    2.00    0.00    0.00    0.00    0.00    0.00    0.00    0.00    0.00   98.00
15:11:28      15    1.00    0.00    1.00    0.00    0.00    1.00    0.00    0.00    0.00   97.00
15:11:28      16    1.01    0.00    0.00    0.00    0.00    0.00    0.00    0.00    0.00   98.99
15:11:28      17    1.98    0.00    0.99    0.00    0.00    0.00    0.00    0.00    0.00   97.03
15:11:28      18    1.00    0.00    0.00    0.00    0.00    0.00    0.00    0.00    0.00   99.00
15:11:28      19    1.00    0.00    1.00    0.00    0.00    0.00    0.00    0.00    0.00   98.00
15:11:28      20    0.00    0.00    0.00    0.00    0.00    0.00    0.00    0.00    0.00  100.00
15:11:28      21    0.00    0.00    1.00    0.00    0.00    0.00    0.00    0.00    0.00   99.00
15:11:28      22    0.00    0.00    0.00    0.00    0.00    0.00    0.00    0.00    0.00  100.00
15:11:28      23    0.99    0.00    0.00    0.00    0.00    0.00    0.00    0.00    0.00   99.01

15:11:28     CPU    %usr   %nice    %sys %iowait    %irq   %soft  %steal  %guest  %gnice   %idle
15:11:29     all    1.42    0.00    0.42    0.00    0.00    0.04    0.00    0.00    0.00   98.12
15:11:29       0    0.99    0.00    0.99    0.00    0.00    0.00    0.00    0.00    0.00   98.02
15:11:29       1    0.00    0.00    0.00    0.00    0.00    0.00    0.00    0.00    0.00  100.00
15:11:29       2    0.99    0.00    0.00    0.00    0.00    0.99    0.00    0.00    0.00   98.02
15:11:29       3    0.00    0.00    0.00    0.00    0.00    0.00    0.00    0.00    0.00  100.00
15:11:29       4    2.02    0.00    0.00    0.00    0.00    0.00    0.00    0.00    0.00   97.98
15:11:29       5    0.00    0.00    0.00    0.00    0.00    0.00    0.00    0.00    0.00  100.00
15:11:29       6    1.00    0.00    1.00    0.00    0.00    0.00    0.00    0.00    0.00   98.00
15:11:29       7    0.00    0.00    0.00    0.00    0.00    0.00    0.00    0.00    0.00  100.00
15:11:29       8   10.00    0.00    1.00    0.00    0.00    0.00    0.00    0.00    0.00   89.00
15:11:29       9    0.00    0.00    0.00    0.00    0.00    0.00    0.00    0.00    0.00  100.00
15:11:29      10    9.09    0.00    3.03    0.00    0.00    0.00    0.00    0.00    0.00   87.88
15:11:29      11    0.00    0.00    0.00    0.00    0.00    0.00    0.00    0.00    0.00  100.00
15:11:29      12    3.96    0.00    0.99    0.00    0.00    0.00    0.00    0.00    0.00   95.05
15:11:29      13    0.00    0.00    0.00    0.00    0.00    0.00    0.00    0.00    0.00  100.00
15:11:29      14    2.02    0.00    1.01    0.00    0.00    0.00    0.00    0.00    0.00   96.97
15:11:29      15    0.00    0.00    0.00    0.00    0.00    0.00    0.00    0.00    0.00  100.00
15:11:29      16    1.98    0.00    0.00    0.00    0.00    0.00    0.00    0.00    0.00   98.02
15:11:29      17    0.00    0.00    0.00    0.00    0.00    0.00    0.00    0.00    0.00  100.00
15:11:29      18    1.01    0.00    0.00    0.00    0.00    0.00    0.00    0.00    0.00   98.99
15:11:29      19    0.99    0.00    0.99    0.00    0.00    0.00    0.00    0.00    0.00   98.02
15:11:29      20    0.00    0.00    0.00    0.00    0.00    0.00    0.00    0.00    0.00  100.00
15:11:29      21    0.00    0.00    0.00    0.00    0.00    0.00    0.00    0.00    0.00  100.00
15:11:29      22    0.00    0.00    1.02    0.00    0.00    0.00    0.00    0.00    0.00   98.98
15:11:29      23    0.00    0.00    0.00    0.00    0.00    0.00    0.00    0.00    0.00  100.00

15:11:29     CPU    %usr   %nice    %sys %iowait    %irq   %soft  %steal  %guest  %gnice   %idle
15:11:30     all    1.67    0.00    0.42    0.00    0.00    0.00    0.00    0.00    0.00   97.91
15:11:30       0    0.00    0.00    0.00    0.00    0.00    0.00    0.00    0.00    0.00  100.00
15:11:30       1    0.00    0.00    0.00    0.00    0.00    0.00    0.00    0.00    0.00  100.00
15:11:30       2    1.00    0.00    0.00    0.00    0.00    0.00    0.00    0.00    0.00   99.00
15:11:30       3    0.00    0.00    0.00    0.00    0.00    0.00    0.00    0.00    0.00  100.00
15:11:30       4    1.98    0.00    0.99    0.00    0.00    0.00    0.00    0.00    0.00   97.03
15:11:30       5    0.00    0.00    0.00    0.00    0.00    0.00    0.00    0.00    0.00  100.00
15:11:30       6    3.03    0.00    1.01    0.00    0.00    0.00    0.00    0.00    0.00   95.96
15:11:30       7    0.00    0.00    0.00    0.00    0.00    0.00    0.00    0.00    0.00  100.00
15:11:30       8    6.93    0.00    1.98    0.00    0.00    0.00    0.00    0.00    0.00   91.09
15:11:30       9    0.00    0.00    0.00    0.00    0.00    0.00    0.00    0.00    0.00  100.00
15:11:30      10    8.91    0.00    1.98    0.00    0.00    0.00    0.00    0.00    0.00   89.11
15:11:30      11    0.00    0.00    0.00    0.00    0.00    0.00    0.00    0.00    0.00  100.00
15:11:30      12    2.02    0.00    0.00    0.00    0.00    0.00    0.00    0.00    0.00   97.98
15:11:30      13    0.00    0.00    0.00    0.00    0.00    0.00    0.00    0.00    0.00  100.00
15:11:30      14    2.00    0.00    0.00    0.00    0.00    0.00    0.00    0.00    0.00   98.00
15:11:30      15    0.00    0.00    0.00    0.00    0.00    0.00    0.00    0.00    0.00  100.00
15:11:30      16    3.03    0.00    1.01    0.00    0.00    0.00    0.00    0.00    0.00   95.96
15:11:30      17    1.98    0.00    0.99    0.00    0.00    0.00    0.00    0.00    0.00   97.03
15:11:30      18    1.01    0.00    0.00    0.00    0.00    0.00    0.00    0.00    0.00   98.99
15:11:30      19    1.01    0.00    0.00    0.00    0.00    0.00    0.00    0.00    0.00   98.99
15:11:30      20    2.00    0.00    0.00    0.00    0.00    0.00    0.00    0.00    0.00   98.00
15:11:30      21    1.00    0.00    1.00    0.00    0.00    0.00    0.00    0.00    0.00   98.00
15:11:30      22    2.02    0.00    1.01    0.00    0.00    0.00    0.00    0.00    0.00   96.97
15:11:30      23    2.00    0.00    0.00    0.00    0.00    0.00    0.00    0.00    0.00   98.00

15:11:30     CPU    %usr   %nice    %sys %iowait    %irq   %soft  %steal  %guest  %gnice   %idle
15:11:31     all    1.55    0.00    0.46    0.13    0.00    0.04    0.00    0.00    0.00   97.83
15:11:31       0    3.00    0.00    1.00    0.00    0.00    0.00    0.00    0.00    0.00   96.00
15:11:31       1    0.00    0.00    0.00    0.00    0.00    0.00    0.00    0.00    0.00  100.00
15:11:31       2    1.01    0.00    0.00    0.00    0.00    0.00    0.00    0.00    0.00   98.99
15:11:31       3    0.00    0.00    0.00    0.00    0.00    0.00    0.00    0.00    0.00  100.00
15:11:31       4    2.02    0.00    0.00    0.00    0.00    0.00    0.00    0.00    0.00   97.98
15:11:31       5    0.00    0.00    0.00    0.00    0.00    0.00    0.00    0.00    0.00  100.00
15:11:31       6    1.00    0.00    0.00    0.00    0.00    0.00    0.00    0.00    0.00   99.00
15:11:31       7    0.00    0.00    0.00    0.00    0.00    0.00    0.00    0.00    0.00  100.00
15:11:31       8    4.04    0.00    2.02    0.00    0.00    0.00    0.00    0.00    0.00   93.94
15:11:31       9    0.00    0.00    0.00    0.00    0.00    0.00    0.00    0.00    0.00  100.00
15:11:31      10    9.09    0.00    1.01    0.00    0.00    0.00    0.00    0.00    0.00   89.90
15:11:31      11    0.00    0.00    0.00    0.00    0.00    0.00    0.00    0.00    0.00  100.00
15:11:31      12    5.05    0.00    1.01    0.00    0.00    0.00    0.00    0.00    0.00   93.94
15:11:31      13    0.00    0.00    0.00    1.00    0.00    0.00    0.00    0.00    0.00   99.00
15:11:31      14    3.03    0.00    1.01    0.00    0.00    0.00    0.00    0.00    0.00   95.96
15:11:31      15    0.00    0.00    1.01    0.00    0.00    1.01    0.00    0.00    0.00   97.98
15:11:31      16    1.01    0.00    1.01    0.00    0.00    0.00    0.00    0.00    0.00   97.98
15:11:31      17    3.00    0.00    0.00    0.00    0.00    0.00    0.00    0.00    0.00   97.00
15:11:31      18    1.00    0.00    0.00    1.00    0.00    0.00    0.00    0.00    0.00   98.00
15:11:31      19    1.00    0.00    0.00    0.00    0.00    0.00    0.00    0.00    0.00   99.00
15:11:31      20    0.99    0.00    0.99    0.99    0.00    0.00    0.00    0.00    0.00   97.03
15:11:31      21    1.00    0.00    0.00    0.00    0.00    0.00    0.00    0.00    0.00   99.00
15:11:31      22    1.00    0.00    1.00    0.00    0.00    0.00    0.00    0.00    0.00   98.00
15:11:31      23    0.00    0.00    1.00    0.00    0.00    0.00    0.00    0.00    0.00   99.00

15:11:31     CPU    %usr   %nice    %sys %iowait    %irq   %soft  %steal  %guest  %gnice   %idle
15:11:32     all    1.34    0.00    0.25    0.04    0.00    0.08    0.00    0.00    0.00   98.28
15:11:32       0    1.01    0.00    0.00    0.00    0.00    0.00    0.00    0.00    0.00   98.99
15:11:32       1    0.00    0.00    0.00    0.00    0.00    0.00    0.00    0.00    0.00  100.00
15:11:32       2    1.00    0.00    1.00    1.00    0.00    0.00    0.00    0.00    0.00   97.00
15:11:32       3    0.00    0.00    0.00    0.00    0.00    0.00    0.00    0.00    0.00  100.00
15:11:32       4    0.00    0.00    0.00    0.00    0.00    0.00    0.00    0.00    0.00  100.00
15:11:32       5    0.00    0.00    0.00    0.00    0.00    0.00    0.00    0.00    0.00  100.00
15:11:32       6    2.00    0.00    1.00    0.00    0.00    0.00    0.00    0.00    0.00   97.00
15:11:32       7    0.00    0.00    0.00    0.00    0.00    0.00    0.00    0.00    0.00  100.00
15:11:32       8   10.20    0.00    1.02    0.00    0.00    0.00    0.00    0.00    0.00   88.78
15:11:32       9    0.00    0.00    0.00    0.00    0.00    0.00    0.00    0.00    0.00  100.00
15:11:32      10    4.04    0.00    1.01    0.00    0.00    0.00    0.00    0.00    0.00   94.95
15:11:32      11    0.00    0.00    0.00    0.00    0.00    0.00    0.00    0.00    0.00  100.00
15:11:32      12    2.00    0.00    1.00    0.00    0.00    0.00    0.00    0.00    0.00   97.00
15:11:32      13    0.00    0.00    0.00    0.00    0.00    0.00    0.00    0.00    0.00  100.00
15:11:32      14    1.98    0.00    0.99    0.00    0.00    0.00    0.00    0.00    0.00   97.03
15:11:32      15    1.00    0.00    0.00    0.00    0.00    2.00    0.00    0.00    0.00   97.00
15:11:32      16    1.00    0.00    0.00    0.00    0.00    0.00    0.00    0.00    0.00   99.00
15:11:32      17    1.00    0.00    0.00    0.00    0.00    0.00    0.00    0.00    0.00   99.00
15:11:32      18    0.00    0.00    0.00    0.00    0.00    0.00    0.00    0.00    0.00  100.00
15:11:32      19    0.00    0.00    0.00    0.00    0.00    0.00    0.00    0.00    0.00  100.00
15:11:32      20    1.01    0.00    0.00    0.00    0.00    0.00    0.00    0.00    0.00   98.99
15:11:32      21    2.02    0.00    0.00    0.00    0.00    0.00    0.00    0.00    0.00   97.98
15:11:32      22    1.03    0.00    0.00    0.00    0.00    0.00    0.00    0.00    0.00   98.97
15:11:32      23    3.00    0.00    0.00    0.00    0.00    0.00    0.00    0.00    0.00   97.00

15:11:32     CPU    %usr   %nice    %sys %iowait    %irq   %soft  %steal  %guest  %gnice   %idle
15:11:33     all    1.50    0.00    0.46    0.00    0.00    0.04    0.00    0.00    0.00   98.00
15:11:33       0    0.00    0.00    0.00    0.00    0.00    0.00    0.00    0.00    0.00  100.00
15:11:33       1    0.00    0.00    0.00    0.00    0.00    0.00    0.00    0.00    0.00  100.00
15:11:33       2    2.00    0.00    0.00    0.00    0.00    0.00    0.00    0.00    0.00   98.00
15:11:33       3    0.00    0.00    0.00    0.00    0.00    0.00    0.00    0.00    0.00  100.00
15:11:33       4    3.00    0.00    0.00    0.00    0.00    0.00    0.00    0.00    0.00   97.00
15:11:33       5    0.00    0.00    0.00    0.00    0.00    0.00    0.00    0.00    0.00  100.00
15:11:33       6    1.00    0.00    1.00    0.00    0.00    0.00    0.00    0.00    0.00   98.00
15:11:33       7    0.00    0.00    0.00    0.00    0.00    0.00    0.00    0.00    0.00  100.00
15:11:33       8    8.00    0.00    2.00    0.00    0.00    0.00    0.00    0.00    0.00   90.00
15:11:33       9    1.98    0.00    0.99    0.00    0.00    0.00    0.00    0.00    0.00   97.03
15:11:33      10    6.00    0.00    1.00    0.00    0.00    0.00    0.00    0.00    0.00   93.00
15:11:33      11    0.00    0.00    0.00    0.00    0.00    0.00    0.00    0.00    0.00  100.00
15:11:33      12    1.98    0.00    1.98    0.00    0.00    0.00    0.00    0.00    0.00   96.04
15:11:33      13    0.00    0.00    0.00    0.00    0.00    0.00    0.00    0.00    0.00  100.00
15:11:33      14    2.00    0.00    0.00    0.00    0.00    0.00    0.00    0.00    0.00   98.00
15:11:33      15    0.00    0.00    1.01    0.00    0.00    1.01    0.00    0.00    0.00   97.98
15:11:33      16    2.00    0.00    0.00    0.00    0.00    0.00    0.00    0.00    0.00   98.00
15:11:33      17    1.00    0.00    0.00    0.00    0.00    0.00    0.00    0.00    0.00   99.00
15:11:33      18    3.00    0.00    0.00    0.00    0.00    0.00    0.00    0.00    0.00   97.00
15:11:33      19    0.98    0.00    0.98    0.00    0.00    0.00    0.00    0.00    0.00   98.04
15:11:33      20    1.00    0.00    0.00    0.00    0.00    0.00    0.00    0.00    0.00   99.00
15:11:33      21    1.00    0.00    1.00    0.00    0.00    0.00    0.00    0.00    0.00   98.00
15:11:33      22    1.01    0.00    1.01    0.00    0.00    0.00    0.00    0.00    0.00   97.98
15:11:33      23    0.00    0.00    0.00    0.00    0.00    0.00    0.00    0.00    0.00  100.00

15:11:33     CPU    %usr   %nice    %sys %iowait    %irq   %soft  %steal  %guest  %gnice   %idle
15:11:34     all    1.59    0.00    0.46    0.00    0.00    0.13    0.00    0.00    0.00   97.83
15:11:34       0    1.00    0.00    1.00    0.00    0.00    0.00    0.00    0.00    0.00   98.00
15:11:34       1    0.00    0.00    0.00    0.00    0.00    0.00    0.00    0.00    0.00  100.00
15:11:34       2    2.00    0.00    1.00    0.00    0.00    0.00    0.00    0.00    0.00   97.00
15:11:34       3    0.00    0.00    0.00    0.00    0.00    0.00    0.00    0.00    0.00  100.00
15:11:34       4    2.00    0.00    2.00    0.00    0.00    0.00    0.00    0.00    0.00   96.00
15:11:34       5    0.00    0.00    0.00    0.00    0.00    0.00    0.00    0.00    0.00  100.00
15:11:34       6    1.01    0.00    0.00    0.00    0.00    0.00    0.00    0.00    0.00   98.99
15:11:34       7    0.00    0.00    0.00    0.00    0.00    0.00    0.00    0.00    0.00  100.00
15:11:34       8    6.00    0.00    2.00    0.00    0.00    0.00    0.00    0.00    0.00   92.00
15:11:34       9    6.00    0.00    0.00    0.00    0.00    0.00    0.00    0.00    0.00   94.00
15:11:34      10    5.05    0.00    1.01    0.00    0.00    0.00    0.00    0.00    0.00   93.94
15:11:34      11    0.00    0.00    0.00    0.00    0.00    0.00    0.00    0.00    0.00  100.00
15:11:34      12    2.02    0.00    0.00    0.00    0.00    0.00    0.00    0.00    0.00   97.98
15:11:34      13    0.00    0.00    0.00    0.00    0.00    0.00    0.00    0.00    0.00  100.00
15:11:34      14    3.03    0.00    0.00    0.00    0.00    0.00    0.00    0.00    0.00   96.97
15:11:34      15    0.99    0.00    0.00    0.00    0.00    2.97    0.00    0.00    0.00   96.04
15:11:34      16    1.00    0.00    1.00    0.00    0.00    0.00    0.00    0.00    0.00   98.00
15:11:34      17    1.01    0.00    1.01    0.00    0.00    0.00    0.00    0.00    0.00   97.98
15:11:34      18    0.99    0.00    0.99    0.00    0.00    0.00    0.00    0.00    0.00   98.02
15:11:34      19    0.00    0.00    0.00    0.00    0.00    0.00    0.00    0.00    0.00  100.00
15:11:34      20    1.00    0.00    1.00    0.00    0.00    0.00    0.00    0.00    0.00   98.00
15:11:34      21    2.00    0.00    0.00    0.00    0.00    0.00    0.00    0.00    0.00   98.00
15:11:34      22    1.01    0.00    0.00    0.00    0.00    0.00    0.00    0.00    0.00   98.99
15:11:34      23    2.00    0.00    0.00    0.00    0.00    0.00    0.00    0.00    0.00   98.00

15:11:34     CPU    %usr   %nice    %sys %iowait    %irq   %soft  %steal  %guest  %gnice   %idle
15:11:35     all    1.59    0.00    0.38    0.04    0.00    0.08    0.00    0.00    0.00   97.91
15:11:35       0    2.02    0.00    0.00    0.00    0.00    0.00    0.00    0.00    0.00   97.98
15:11:35       1    0.00    0.00    0.00    0.00    0.00    0.00    0.00    0.00    0.00  100.00
15:11:35       2    1.01    0.00    0.00    0.00    0.00    0.00    0.00    0.00    0.00   98.99
15:11:35       3    0.00    0.00    0.00    0.00    0.00    0.00    0.00    0.00    0.00  100.00
15:11:35       4    1.00    0.00    0.00    0.00    0.00    0.00    0.00    0.00    0.00   99.00
15:11:35       5    0.00    0.00    0.00    0.00    0.00    0.00    0.00    0.00    0.00  100.00
15:11:35       6    2.00    0.00    1.00    0.00    0.00    0.00    0.00    0.00    0.00   97.00
15:11:35       7    0.00    0.00    0.00    0.00    0.00    0.00    0.00    0.00    0.00  100.00
15:11:35       8    7.07    0.00    1.01    0.00    0.00    0.00    0.00    0.00    0.00   91.92
15:11:35       9    0.00    0.00    0.00    0.00    0.00    0.00    0.00    0.00    0.00  100.00
15:11:35      10    7.00    0.00    2.00    0.00    0.00    0.00    0.00    0.00    0.00   91.00
15:11:35      11    0.00    0.00    0.00    0.00    0.00    0.00    0.00    0.00    0.00  100.00
15:11:35      12    2.00    0.00    0.00    0.00    0.00    0.00    0.00    0.00    0.00   98.00
15:11:35      13    0.00    0.00    0.00    0.00    0.00    0.00    0.00    0.00    0.00  100.00
15:11:35      14    3.00    0.00    1.00    0.00    0.00    0.00    0.00    0.00    0.00   96.00
15:11:35      15    0.00    0.00    1.00    0.00    0.00    2.00    0.00    0.00    0.00   97.00
15:11:35      16    1.01    0.00    0.00    0.00    0.00    0.00    0.00    0.00    0.00   98.99
15:11:35      17    1.00    0.00    1.00    0.00    0.00    0.00    0.00    0.00    0.00   98.00
15:11:35      18    0.00    0.00    0.00    0.00    0.00    0.00    0.00    0.00    0.00  100.00
15:11:35      19    0.99    0.00    0.99    0.00    0.00    0.00    0.00    0.00    0.00   98.02
15:11:35      20    2.00    0.00    0.00    0.00    0.00    0.00    0.00    0.00    0.00   98.00
15:11:35      21    2.00    0.00    0.00    0.00    0.00    0.00    0.00    0.00    0.00   98.00
15:11:35      22    4.04    0.00    1.01    1.01    0.00    0.00    0.00    0.00    0.00   93.94
15:11:35      23    2.00    0.00    0.00    0.00    0.00    0.00    0.00    0.00    0.00   98.00

15:11:35     CPU    %usr   %nice    %sys %iowait    %irq   %soft  %steal  %guest  %gnice   %idle
15:11:36     all    1.50    0.00    0.38    0.00    0.00    0.04    0.00    0.00    0.00   98.08
15:11:36       0    3.00    0.00    1.00    0.00    0.00    0.00    0.00    0.00    0.00   96.00
15:11:36       1    0.00    0.00    0.00    0.00    0.00    0.00    0.00    0.00    0.00  100.00
15:11:36       2    2.00    0.00    0.00    0.00    0.00    0.00    0.00    0.00    0.00   98.00
15:11:36       3    0.00    0.00    0.00    0.00    0.00    0.00    0.00    0.00    0.00  100.00
15:11:36       4    2.02    0.00    1.01    0.00    0.00    0.00    0.00    0.00    0.00   96.97
15:11:36       5    0.00    0.00    0.00    0.00    0.00    0.00    0.00    0.00    0.00  100.00
15:11:36       6    3.00    0.00    0.00    0.00    0.00    0.00    0.00    0.00    0.00   97.00
15:11:36       7    0.00    0.00    0.00    0.00    0.00    0.00    0.00    0.00    0.00  100.00
15:11:36       8    6.06    0.00    1.01    0.00    0.00    0.00    0.00    0.00    0.00   92.93
15:11:36       9    0.00    0.00    0.00    0.00    0.00    0.00    0.00    0.00    0.00  100.00
15:11:36      10    5.00    0.00    0.00    0.00    0.00    0.00    0.00    0.00    0.00   95.00
15:11:36      11    0.00    0.00    0.00    0.00    0.00    0.00    0.00    0.00    0.00  100.00
15:11:36      12    3.96    0.00    0.99    0.00    0.00    0.00    0.00    0.00    0.00   95.05
15:11:36      13    0.00    0.00    0.00    0.00    0.00    0.00    0.00    0.00    0.00  100.00
15:11:36      14    1.98    0.00    1.98    0.00    0.00    0.00    0.00    0.00    0.00   96.04
15:11:36      15    1.01    0.00    0.00    0.00    0.00    1.01    0.00    0.00    0.00   97.98
15:11:36      16    1.00    0.00    0.00    0.00    0.00    0.00    0.00    0.00    0.00   99.00
15:11:36      17    1.00    0.00    0.00    0.00    0.00    0.00    0.00    0.00    0.00   99.00
15:11:36      18    0.00    0.00    0.00    0.00    0.00    0.00    0.00    0.00    0.00  100.00
15:11:36      19    0.00    0.00    0.00    0.00    0.00    0.00    0.00    0.00    0.00  100.00
15:11:36      20    2.97    0.00    1.98    0.00    0.00    0.00    0.00    0.00    0.00   95.05
15:11:36      21    1.00    0.00    0.00    0.00    0.00    0.00    0.00    0.00    0.00   99.00
15:11:36      22    1.02    0.00    0.00    0.00    0.00    0.00    0.00    0.00    0.00   98.98
15:11:36      23    0.99    0.00    0.99    0.00    0.00    0.00    0.00    0.00    0.00   98.02

15:11:36     CPU    %usr   %nice    %sys %iowait    %irq   %soft  %steal  %guest  %gnice   %idle
15:11:37     all    2.01    0.00    0.33    0.00    0.00    0.17    0.00    0.00    0.00   97.49
15:11:37       0    2.00    0.00    0.00    0.00    0.00    0.00    0.00    0.00    0.00   98.00
15:11:37       1    0.00    0.00    0.00    0.00    0.00    0.00    0.00    0.00    0.00  100.00
15:11:37       2    2.02    0.00    0.00    0.00    0.00    0.00    0.00    0.00    0.00   97.98
15:11:37       3    0.00    0.00    0.00    0.00    0.00    0.99    0.00    0.00    0.00   99.01
15:11:37       4    2.97    0.00    0.99    0.00    0.00    0.00    0.00    0.00    0.00   96.04
15:11:37       5    0.00    0.00    0.00    0.00    0.00    0.00    0.00    0.00    0.00  100.00
15:11:37       6    2.00    0.00    1.00    0.00    0.00    1.00    0.00    0.00    0.00   96.00
15:11:37       7    0.00    0.00    0.00    0.00    0.00    0.00    0.00    0.00    0.00  100.00
15:11:37       8    9.09    0.00    1.01    0.00    0.00    0.00    0.00    0.00    0.00   89.90
15:11:37       9    0.00    0.00    0.00    0.00    0.00    0.00    0.00    0.00    0.00  100.00
15:11:37      10    9.00    0.00    2.00    0.00    0.00    0.00    0.00    0.00    0.00   89.00
15:11:37      11    0.00    0.00    0.00    0.00    0.00    0.00    0.00    0.00    0.00  100.00
15:11:37      12    5.05    0.00    0.00    0.00    0.00    0.00    0.00    0.00    0.00   94.95
15:11:37      13    0.00    0.00    0.00    0.00    0.00    0.00    0.00    0.00    0.00  100.00
15:11:37      14    2.04    0.00    0.00    0.00    0.00    0.00    0.00    0.00    0.00   97.96
15:11:37      15    0.00    0.00    1.00    0.00    0.00    2.00    0.00    0.00    0.00   97.00
15:11:37      16    3.00    0.00    1.00    0.00    0.00    0.00    0.00    0.00    0.00   96.00
15:11:37      17    1.01    0.00    0.00    0.00    0.00    0.00    0.00    0.00    0.00   98.99
15:11:37      18    2.00    0.00    0.00    0.00    0.00    0.00    0.00    0.00    0.00   98.00
15:11:37      19    2.00    0.00    0.00    0.00    0.00    0.00    0.00    0.00    0.00   98.00
15:11:37      20    2.00    0.00    0.00    0.00    0.00    0.00    0.00    0.00    0.00   98.00
15:11:37      21    2.00    0.00    0.00    0.00    0.00    0.00    0.00    0.00    0.00   98.00
15:11:37      22    1.01    0.00    1.01    0.00    0.00    0.00    0.00    0.00    0.00   97.98
15:11:37      23    1.01    0.00    0.00    0.00    0.00    0.00    0.00    0.00    0.00   98.99

15:11:37     CPU    %usr   %nice    %sys %iowait    %irq   %soft  %steal  %guest  %gnice   %idle
15:11:38     all    2.26    0.00    0.67    0.63    0.00    0.08    0.00    0.00    0.00   96.36
15:11:38       0    3.00    0.00    0.00    0.00    0.00    0.00    0.00    0.00    0.00   97.00
15:11:38       1    0.00    0.00    0.00    0.00    0.00    0.00    0.00    0.00    0.00  100.00
15:11:38       2    2.00    0.00    1.00    0.00    0.00    0.00    0.00    0.00    0.00   97.00
15:11:38       3    0.00    0.00    0.00    0.00    0.00    0.00    0.00    0.00    0.00  100.00
15:11:38       4    3.00    0.00    0.00    1.00    0.00    0.00    0.00    0.00    0.00   96.00
15:11:38       5    0.00    0.00    0.00    0.00    0.00    0.00    0.00    0.00    0.00  100.00
15:11:38       6    3.00    0.00    2.00    0.00    0.00    0.00    0.00    0.00    0.00   95.00
15:11:38       7    0.00    0.00    0.00    0.00    0.00    0.00    0.00    0.00    0.00  100.00
15:11:38       8    8.08    0.00    1.01    0.00    0.00    0.00    0.00    0.00    0.00   90.91
15:11:38       9    0.00    0.00    0.00    0.00    0.00    0.00    0.00    0.00    0.00  100.00
15:11:38      10   12.12    0.00    1.01    0.00    0.00    0.00    0.00    0.00    0.00   86.87
15:11:38      11    0.00    0.00    0.00    0.00    0.00    0.00    0.00    0.00    0.00  100.00
15:11:38      12    3.03    0.00    1.01    0.00    0.00    0.00    0.00    0.00    0.00   95.96
15:11:38      13    0.00    0.00    0.00   10.89    0.00    0.00    0.00    0.00    0.00   89.11
15:11:38      14    2.97    0.00    0.99    0.99    0.00    0.00    0.00    0.00    0.00   95.05
15:11:38      15    1.00    0.00    1.00    0.00    0.00    2.00    0.00    0.00    0.00   96.00
15:11:38      16    4.04    0.00    2.02    0.00    0.00    0.00    0.00    0.00    0.00   93.94
15:11:38      17    4.04    0.00    1.01    0.00    0.00    0.00    0.00    0.00    0.00   94.95
15:11:38      18    1.98    0.00    1.98    0.99    0.00    0.00    0.00    0.00    0.00   95.05
15:11:38      19    1.01    0.00    0.00    0.00    0.00    0.00    0.00    0.00    0.00   98.99
15:11:38      20    3.00    0.00    0.00    1.00    0.00    0.00    0.00    0.00    0.00   96.00
15:11:38      21    1.00    0.00    2.00    0.00    0.00    0.00    0.00    0.00    0.00   97.00
15:11:38      22    0.00    0.00    0.00    0.00    0.00    0.00    0.00    0.00    0.00  100.00
15:11:38      23    1.00    0.00    1.00    0.00    0.00    0.00    0.00    0.00    0.00   98.00

15:11:38     CPU    %usr   %nice    %sys %iowait    %irq   %soft  %steal  %guest  %gnice   %idle
15:11:39     all    1.55    0.00    0.29    0.00    0.00    0.08    0.00    0.00    0.00   98.08
15:11:39       0    1.00    0.00    1.00    0.00    0.00    0.00    0.00    0.00    0.00   98.00
15:11:39       1    0.00    0.00    0.00    0.00    0.00    0.00    0.00    0.00    0.00  100.00
15:11:39       2    2.97    0.00    0.00    0.00    0.00    0.00    0.00    0.00    0.00   97.03
15:11:39       3    0.00    0.00    0.00    0.00    0.00    0.00    0.00    0.00    0.00  100.00
15:11:39       4    2.00    0.00    1.00    0.00    0.00    0.00    0.00    0.00    0.00   97.00
15:11:39       5    0.00    0.00    0.00    0.00    0.00    0.00    0.00    0.00    0.00  100.00
15:11:39       6    1.01    0.00    1.01    0.00    0.00    0.00    0.00    0.00    0.00   97.98
15:11:39       7    0.00    0.00    0.00    0.00    0.00    0.00    0.00    0.00    0.00  100.00
15:11:39       8    8.00    0.00    1.00    0.00    0.00    0.00    0.00    0.00    0.00   91.00
15:11:39       9    0.00    0.00    0.00    0.00    0.00    0.00    0.00    0.00    0.00  100.00
15:11:39      10    5.00    0.00    1.00    0.00    0.00    0.00    0.00    0.00    0.00   94.00
15:11:39      11    0.00    0.00    0.00    0.00    0.00    0.00    0.00    0.00    0.00  100.00
15:11:39      12    3.00    0.00    0.00    0.00    0.00    0.00    0.00    0.00    0.00   97.00
15:11:39      13    0.00    0.00    0.00    0.00    0.00    0.00    0.00    0.00    0.00  100.00
15:11:39      14    1.01    0.00    0.00    0.00    0.00    0.00    0.00    0.00    0.00   98.99
15:11:39      15    1.00    0.00    0.00    0.00    0.00    2.00    0.00    0.00    0.00   97.00
15:11:39      16    2.02    0.00    0.00    0.00    0.00    0.00    0.00    0.00    0.00   97.98
15:11:39      17    1.98    0.00    0.99    0.00    0.00    0.00    0.00    0.00    0.00   97.03
15:11:39      18    0.00    0.00    0.00    0.00    0.00    0.00    0.00    0.00    0.00  100.00
15:11:39      19    1.00    0.00    0.00    0.00    0.00    0.00    0.00    0.00    0.00   99.00
15:11:39      20    1.01    0.00    0.00    0.00    0.00    0.00    0.00    0.00    0.00   98.99
15:11:39      21    2.02    0.00    0.00    0.00    0.00    0.00    0.00    0.00    0.00   97.98
15:11:39      22    2.02    0.00    0.00    0.00    0.00    0.00    0.00    0.00    0.00   97.98
15:11:39      23    2.00    0.00    1.00    0.00    0.00    0.00    0.00    0.00    0.00   97.00

15:11:39     CPU    %usr   %nice    %sys %iowait    %irq   %soft  %steal  %guest  %gnice   %idle
15:11:40     all    1.84    0.00    0.50    0.13    0.00    0.08    0.00    0.00    0.00   97.45
15:11:40       0    1.00    0.00    1.00    0.00    0.00    0.00    0.00    0.00    0.00   98.00
15:11:40       1    0.00    0.00    0.00    0.00    0.00    0.00    0.00    0.00    0.00  100.00
15:11:40       2    3.03    0.00    1.01    0.00    0.00    0.00    0.00    0.00    0.00   95.96
15:11:40       3    0.00    0.00    0.00    0.00    0.00    0.00    0.00    0.00    0.00  100.00
15:11:40       4    2.02    0.00    0.00    0.00    0.00    0.00    0.00    0.00    0.00   97.98
15:11:40       5    0.00    0.00    0.00    0.00    0.00    0.00    0.00    0.00    0.00  100.00
15:11:40       6    2.97    0.00    0.99    0.00    0.00    0.00    0.00    0.00    0.00   96.04
15:11:40       7    0.00    0.00    0.00    0.00    0.00    0.00    0.00    0.00    0.00  100.00
15:11:40       8    7.14    0.00    1.02    0.00    0.00    0.00    0.00    0.00    0.00   91.84
15:11:40       9    0.00    0.00    0.00    0.00    0.00    0.00    0.00    0.00    0.00  100.00
15:11:40      10    3.03    0.00    1.01    0.00    0.00    0.00    0.00    0.00    0.00   95.96
15:11:40      11    4.00    0.00    0.00    0.00    0.00    0.00    0.00    0.00    0.00   96.00
15:11:40      12    2.97    0.00    0.99    0.00    0.00    0.00    0.00    0.00    0.00   96.04
15:11:40      13    0.00    0.00    0.00    1.00    0.00    0.00    0.00    0.00    0.00   99.00
15:11:40      14    1.00    0.00    1.00    2.00    0.00    0.00    0.00    0.00    0.00   96.00
15:11:40      15    0.99    0.00    0.99    0.00    0.00    1.98    0.00    0.00    0.00   96.04
15:11:40      16    3.03    0.00    0.00    0.00    0.00    0.00    0.00    0.00    0.00   96.97
15:11:40      17    2.02    0.00    0.00    0.00    0.00    0.00    0.00    0.00    0.00   97.98
15:11:40      18    1.00    0.00    0.00    0.00    0.00    0.00    0.00    0.00    0.00   99.00
15:11:40      19    1.00    0.00    1.00    0.00    0.00    0.00    0.00    0.00    0.00   98.00
15:11:40      20    1.98    0.00    0.99    0.00    0.00    0.00    0.00    0.00    0.00   97.03
15:11:40      21    2.94    0.00    0.98    0.00    0.00    0.00    0.00    0.00    0.00   96.08
15:11:40      22    1.02    0.00    0.00    0.00    0.00    0.00    0.00    0.00    0.00   98.98
15:11:40      23    3.00    0.00    1.00    0.00    0.00    0.00    0.00    0.00    0.00   96.00

15:11:40     CPU    %usr   %nice    %sys %iowait    %irq   %soft  %steal  %guest  %gnice   %idle
15:11:41     all    2.05    0.00    0.42    0.00    0.00    0.08    0.00    0.00    0.00   97.45
15:11:41       0    2.02    0.00    1.01    0.00    0.00    0.00    0.00    0.00    0.00   96.97
15:11:41       1    0.00    0.00    0.00    0.00    0.00    0.00    0.00    0.00    0.00  100.00
15:11:41       2    1.00    0.00    0.00    0.00    0.00    0.00    0.00    0.00    0.00   99.00
15:11:41       3    0.00    0.00    0.00    0.00    0.00    0.00    0.00    0.00    0.00  100.00
15:11:41       4    6.00    0.00    1.00    0.00    0.00    0.00    0.00    0.00    0.00   93.00
15:11:41       5    0.00    0.00    0.00    0.00    0.00    0.00    0.00    0.00    0.00  100.00
15:11:41       6    2.02    0.00    1.01    0.00    0.00    0.00    0.00    0.00    0.00   96.97
15:11:41       7    0.00    0.00    0.00    0.00    0.00    0.00    0.00    0.00    0.00  100.00
15:11:41       8    5.05    0.00    1.01    0.00    0.00    0.00    0.00    0.00    0.00   93.94
15:11:41       9    0.00    0.00    0.00    0.00    0.00    0.00    0.00    0.00    0.00  100.00
15:11:41      10    4.04    0.00    1.01    0.00    0.00    0.00    0.00    0.00    0.00   94.95
15:11:41      11    4.00    0.00    0.00    0.00    0.00    0.00    0.00    0.00    0.00   96.00
15:11:41      12    1.02    0.00    0.00    0.00    0.00    0.00    0.00    0.00    0.00   98.98
15:11:41      13    0.00    0.00    0.00    0.00    0.00    0.00    0.00    0.00    0.00  100.00
15:11:41      14    2.00    0.00    1.00    0.00    0.00    0.00    0.00    0.00    0.00   97.00
15:11:41      15    0.00    0.00    1.00    0.00    0.00    2.00    0.00    0.00    0.00   97.00
15:11:41      16    2.97    0.00    0.99    0.00    0.00    0.00    0.00    0.00    0.00   96.04
15:11:41      17    3.00    0.00    1.00    0.00    0.00    0.00    0.00    0.00    0.00   96.00
15:11:41      18    2.97    0.00    0.99    0.00    0.00    0.00    0.00    0.00    0.00   96.04
15:11:41      19    3.03    0.00    0.00    0.00    0.00    0.00    0.00    0.00    0.00   96.97
15:11:41      20    4.00    0.00    0.00    0.00    0.00    0.00    0.00    0.00    0.00   96.00
15:11:41      21    3.00    0.00    0.00    0.00    0.00    0.00    0.00    0.00    0.00   97.00
15:11:41      22    1.02    0.00    0.00    0.00    0.00    0.00    0.00    0.00    0.00   98.98
15:11:41      23    1.98    0.00    0.00    0.00    0.00    0.00    0.00    0.00    0.00   98.02

15:11:41     CPU    %usr   %nice    %sys %iowait    %irq   %soft  %steal  %guest  %gnice   %idle
15:11:42     all    2.51    0.00    0.54    0.04    0.00    0.17    0.00    0.00    0.00   96.74
15:11:42       0    4.04    0.00    1.01    0.00    0.00    0.00    0.00    0.00    0.00   94.95
15:11:42       1    0.00    0.00    0.00    0.00    0.00    0.00    0.00    0.00    0.00  100.00
15:11:42       2    1.01    0.00    1.01    0.00    0.00    0.00    0.00    0.00    0.00   97.98
15:11:42       3    0.00    0.00    0.00    0.00    0.00    0.00    0.00    0.00    0.00  100.00
15:11:42       4    5.00    0.00    1.00    0.00    0.00    0.00    0.00    0.00    0.00   94.00
15:11:42       5    0.00    0.00    0.00    0.00    0.00    0.00    0.00    0.00    0.00  100.00
15:11:42       6    2.02    0.00    2.02    0.00    0.00    0.00    0.00    0.00    0.00   95.96
15:11:42       7    0.00    0.00    0.00    0.00    0.00    0.00    0.00    0.00    0.00  100.00
15:11:42       8    6.93    0.00    1.98    0.00    0.00    0.00    0.00    0.00    0.00   91.09
15:11:42       9    4.85    0.00    0.97    0.00    0.00    0.97    0.00    0.00    0.00   93.20
15:11:42      10   10.10    0.00    1.01    0.00    0.00    1.01    0.00    0.00    0.00   87.88
15:11:42      11    4.00    0.00    0.00    0.00    0.00    0.00    0.00    0.00    0.00   96.00
15:11:42      12    5.00    0.00    0.00    0.00    0.00    0.00    0.00    0.00    0.00   95.00
15:11:42      13    0.00    0.00    0.00    0.99    0.00    0.00    0.00    0.00    0.00   99.01
15:11:42      14    3.03    0.00    1.01    0.00    0.00    0.00    0.00    0.00    0.00   95.96
15:11:42      15    1.00    0.00    0.00    0.00    0.00    2.00    0.00    0.00    0.00   97.00
15:11:42      16    3.03    0.00    0.00    0.00    0.00    0.00    0.00    0.00    0.00   96.97
15:11:42      17    2.97    0.00    0.99    0.00    0.00    0.00    0.00    0.00    0.00   96.04
15:11:42      18    2.02    0.00    0.00    0.00    0.00    0.00    0.00    0.00    0.00   97.98
15:11:42      19    1.01    0.00    0.00    0.00    0.00    0.00    0.00    0.00    0.00   98.99
15:11:42      20    1.01    0.00    1.01    0.00    0.00    0.00    0.00    0.00    0.00   97.98
15:11:42      21    1.00    0.00    0.00    0.00    0.00    0.00    0.00    0.00    0.00   99.00
15:11:42      22    1.01    0.00    1.01    0.00    0.00    0.00    0.00    0.00    0.00   97.98
15:11:42      23    1.00    0.00    0.00    0.00    0.00    0.00    0.00    0.00    0.00   99.00

15:11:42     CPU    %usr   %nice    %sys %iowait    %irq   %soft  %steal  %guest  %gnice   %idle
15:11:43     all    3.22    0.00    0.54    0.08    0.00    0.08    0.00    0.00    0.00   96.07
15:11:43       0    4.00    0.00    1.00    0.00    0.00    0.00    0.00    0.00    0.00   95.00
15:11:43       1    0.00    0.00    0.00    0.00    0.00    0.00    0.00    0.00    0.00  100.00
15:11:43       2    1.98    0.00    0.00    0.99    0.00    0.00    0.00    0.00    0.00   97.03
15:11:43       3    0.00    0.00    0.00    0.00    0.00    0.00    0.00    0.00    0.00  100.00
15:11:43       4    5.00    0.00    0.00    0.00    0.00    0.00    0.00    0.00    0.00   95.00
15:11:43       5    0.00    0.00    1.00    0.00    0.00    0.00    0.00    0.00    0.00   99.00
15:11:43       6    5.00    0.00    1.00    0.00    0.00    0.00    0.00    0.00    0.00   94.00
15:11:43       7    2.02    0.00    0.00    0.00    0.00    0.00    0.00    0.00    0.00   97.98
15:11:43       8    7.07    0.00    0.00    0.00    0.00    0.00    0.00    0.00    0.00   92.93
15:11:43       9    0.00    0.00    0.00    0.00    0.00    0.00    0.00    0.00    0.00  100.00
15:11:43      10   11.00    0.00    2.00    0.00    0.00    0.00    0.00    0.00    0.00   87.00
15:11:43      11    5.00    0.00    0.00    0.00    0.00    0.00    0.00    0.00    0.00   95.00
15:11:43      12    6.06    0.00    1.01    0.00    0.00    0.00    0.00    0.00    0.00   92.93
15:11:43      13    0.00    0.00    0.00    1.01    0.00    0.00    0.00    0.00    0.00   98.99
15:11:43      14    3.06    0.00    0.00    0.00    0.00    0.00    0.00    0.00    0.00   96.94
15:11:43      15    0.00    0.00    1.00    0.00    0.00    2.00    0.00    0.00    0.00   97.00
15:11:43      16    5.00    0.00    1.00    0.00    0.00    0.00    0.00    0.00    0.00   94.00
15:11:43      17    3.06    0.00    0.00    0.00    0.00    0.00    0.00    0.00    0.00   96.94
15:11:43      18    3.00    0.00    0.00    0.00    0.00    0.00    0.00    0.00    0.00   97.00
15:11:43      19    2.97    0.00    0.99    0.00    0.00    0.00    0.00    0.00    0.00   96.04
15:11:43      20    4.95    0.00    0.99    0.00    0.00    0.00    0.00    0.00    0.00   94.06
15:11:43      21    3.00    0.00    1.00    0.00    0.00    0.00    0.00    0.00    0.00   96.00
15:11:43      22    3.00    0.00    1.00    0.00    0.00    0.00    0.00    0.00    0.00   96.00
15:11:43      23    2.00    0.00    1.00    0.00    0.00    0.00    0.00    0.00    0.00   97.00

15:11:43     CPU    %usr   %nice    %sys %iowait    %irq   %soft  %steal  %guest  %gnice   %idle
15:11:44     all    1.46    0.00    0.59    0.04    0.00    0.00    0.00    0.00    0.00   97.91
15:11:44       0    2.00    0.00    0.00    0.00    0.00    0.00    0.00    0.00    0.00   98.00
15:11:44       1    0.00    0.00    0.00    0.00    0.00    0.00    0.00    0.00    0.00  100.00
15:11:44       2    1.01    0.00    1.01    0.00    0.00    0.00    0.00    0.00    0.00   97.98
15:11:44       3    0.00    0.00    0.00    0.00    0.00    0.00    0.00    0.00    0.00  100.00
15:11:44       4    1.01    0.00    1.01    0.00    0.00    0.00    0.00    0.00    0.00   97.98
15:11:44       5    1.01    0.00    0.00    0.00    0.00    0.00    0.00    0.00    0.00   98.99
15:11:44       6    3.00    0.00    1.00    0.00    0.00    0.00    0.00    0.00    0.00   96.00
15:11:44       7    0.00    0.00    0.00    0.00    0.00    0.00    0.00    0.00    0.00  100.00
15:11:44       8    6.00    0.00    2.00    0.00    0.00    0.00    0.00    0.00    0.00   92.00
15:11:44       9    0.00    0.00    0.00    1.00    0.00    0.00    0.00    0.00    0.00   99.00
15:11:44      10    5.05    0.00    3.03    0.00    0.00    0.00    0.00    0.00    0.00   91.92
15:11:44      11    4.00    0.00    0.00    0.00    0.00    0.00    0.00    0.00    0.00   96.00
15:11:44      12    2.00    0.00    1.00    0.00    0.00    0.00    0.00    0.00    0.00   97.00
15:11:44      13    0.00    0.00    0.00    0.00    0.00    0.00    0.00    0.00    0.00  100.00
15:11:44      14    2.97    0.00    0.99    0.00    0.00    0.00    0.00    0.00    0.00   96.04
15:11:44      15    0.00    0.00    0.00    0.00    0.00    0.00    0.00    0.00    0.00  100.00
15:11:44      16    1.00    0.00    1.00    0.00    0.00    0.00    0.00    0.00    0.00   98.00
15:11:44      17    1.00    0.00    1.00    0.00    0.00    0.00    0.00    0.00    0.00   98.00
15:11:44      18    1.00    0.00    1.00    0.00    0.00    0.00    0.00    0.00    0.00   98.00
15:11:44      19    1.00    0.00    0.00    0.00    0.00    0.00    0.00    0.00    0.00   99.00
15:11:44      20    0.00    0.00    1.00    0.00    0.00    0.00    0.00    0.00    0.00   99.00
15:11:44      21    1.01    0.00    0.00    0.00    0.00    0.00    0.00    0.00    0.00   98.99
15:11:44      22    1.02    0.00    0.00    0.00    0.00    0.00    0.00    0.00    0.00   98.98
15:11:44      23    1.00    0.00    0.00    0.00    0.00    0.00    0.00    0.00    0.00   99.00

15:11:44     CPU    %usr   %nice    %sys %iowait    %irq   %soft  %steal  %guest  %gnice   %idle
15:11:45     all    1.34    0.00    0.38    0.00    0.00    0.08    0.00    0.00    0.00   98.20
15:11:45       0    2.00    0.00    2.00    0.00    0.00    0.00    0.00    0.00    0.00   96.00
15:11:45       1    0.00    0.00    0.00    0.00    0.00    0.00    0.00    0.00    0.00  100.00
15:11:45       2    1.00    0.00    1.00    0.00    0.00    0.00    0.00    0.00    0.00   98.00
15:11:45       3    0.00    0.00    0.00    0.00    0.00    0.00    0.00    0.00    0.00  100.00
15:11:45       4    2.00    0.00    0.00    0.00    0.00    0.00    0.00    0.00    0.00   98.00
15:11:45       5    1.00    0.00    0.00    0.00    0.00    0.00    0.00    0.00    0.00   99.00
15:11:45       6    1.01    0.00    0.00    0.00    0.00    0.00    0.00    0.00    0.00   98.99
15:11:45       7    0.00    0.00    0.00    0.00    0.00    0.00    0.00    0.00    0.00  100.00
15:11:45       8    3.03    0.00    1.01    0.00    0.00    0.00    0.00    0.00    0.00   95.96
15:11:45       9    0.00    0.00    0.00    0.00    0.00    0.00    0.00    0.00    0.00  100.00
15:11:45      10    1.00    0.00    1.00    0.00    0.00    0.00    0.00    0.00    0.00   98.00
15:11:45      11    4.00    0.00    0.00    0.00    0.00    0.00    0.00    0.00    0.00   96.00
15:11:45      12    2.02    0.00    0.00    0.00    0.00    0.00    0.00    0.00    0.00   97.98
15:11:45      13    0.00    0.00    0.00    0.00    0.00    0.00    0.00    0.00    0.00  100.00
15:11:45      14    4.08    0.00    0.00    0.00    0.00    0.00    0.00    0.00    0.00   95.92
15:11:45      15    0.00    0.00    0.00    0.00    0.00    2.02    0.00    0.00    0.00   97.98
15:11:45      16    3.03    0.00    0.00    0.00    0.00    0.00    0.00    0.00    0.00   96.97
15:11:45      17    1.98    0.00    0.99    0.00    0.00    0.00    0.00    0.00    0.00   97.03
15:11:45      18    0.00    0.00    0.00    0.00    0.00    0.00    0.00    0.00    0.00  100.00
15:11:45      19    0.00    0.00    0.00    0.00    0.00    0.00    0.00    0.00    0.00  100.00
15:11:45      20    2.00    0.00    1.00    0.00    0.00    0.00    0.00    0.00    0.00   97.00
15:11:45      21    1.98    0.00    0.99    0.00    0.00    0.00    0.00    0.00    0.00   97.03
15:11:45      22    1.01    0.00    1.01    0.00    0.00    0.00    0.00    0.00    0.00   97.98
15:11:45      23    1.01    0.00    0.00    0.00    0.00    0.00    0.00    0.00    0.00   98.99

15:11:45     CPU    %usr   %nice    %sys %iowait    %irq   %soft  %steal  %guest  %gnice   %idle
15:11:46     all    1.63    0.00    0.46    0.08    0.00    0.08    0.00    0.00    0.00   97.75
15:11:46       0    1.01    0.00    0.00    0.00    0.00    0.00    0.00    0.00    0.00   98.99
15:11:46       1    0.00    0.00    0.00    0.00    0.00    0.00    0.00    0.00    0.00  100.00
15:11:46       2    3.03    0.00    0.00    0.00    0.00    0.00    0.00    0.00    0.00   96.97
15:11:46       3    0.00    0.00    0.00    0.00    0.00    0.00    0.00    0.00    0.00  100.00
15:11:46       4    1.00    0.00    1.00    0.00    0.00    0.00    0.00    0.00    0.00   98.00
15:11:46       5    0.00    0.00    0.00    0.00    0.00    0.00    0.00    0.00    0.00  100.00
15:11:46       6    2.00    0.00    0.00    0.00    0.00    0.00    0.00    0.00    0.00   98.00
15:11:46       7    0.00    0.00    0.00    0.00    0.00    0.00    0.00    0.00    0.00  100.00
15:11:46       8    2.02    0.00    2.02    0.00    0.00    0.00    0.00    0.00    0.00   95.96
15:11:46       9    0.00    0.00    0.00    0.00    0.00    0.00    0.00    0.00    0.00  100.00
15:11:46      10    4.95    0.00    0.99    0.00    0.00    0.00    0.00    0.00    0.00   94.06
15:11:46      11    3.03    0.00    0.00    0.00    0.00    0.00    0.00    0.00    0.00   96.97
15:11:46      12    2.00    0.00    1.00    0.00    0.00    0.00    0.00    0.00    0.00   97.00
15:11:46      13    0.00    0.00    0.00    1.00    0.00    0.00    0.00    0.00    0.00   99.00
15:11:46      14    5.00    0.00    0.00    0.00    0.00    0.00    0.00    0.00    0.00   95.00
15:11:46      15    0.99    0.00    0.99    0.00    0.00    1.98    0.00    0.00    0.00   96.04
15:11:46      16    0.00    0.00    1.00    1.00    0.00    0.00    0.00    0.00    0.00   98.00
15:11:46      17    1.01    0.00    0.00    0.00    0.00    0.00    0.00    0.00    0.00   98.99
15:11:46      18    1.00    0.00    0.00    0.00    0.00    0.00    0.00    0.00    0.00   99.00
15:11:46      19    0.99    0.00    0.99    0.00    0.00    0.00    0.00    0.00    0.00   98.02
15:11:46      20    4.00    0.00    2.00    0.00    0.00    0.00    0.00    0.00    0.00   94.00
15:11:46      21    2.02    0.00    0.00    0.00    0.00    0.00    0.00    0.00    0.00   97.98
15:11:46      22    2.04    0.00    0.00    0.00    0.00    0.00    0.00    0.00    0.00   97.96
15:11:46      23    3.00    0.00    1.00    0.00    0.00    0.00    0.00    0.00    0.00   96.00

15:11:46     CPU    %usr   %nice    %sys %iowait    %irq   %soft  %steal  %guest  %gnice   %idle
15:11:47     all    1.63    0.00    0.33    0.00    0.00    0.08    0.00    0.00    0.00   97.95
15:11:47       0    0.00    0.00    0.00    0.00    0.00    0.00    0.00    0.00    0.00  100.00
15:11:47       1    1.00    0.00    0.00    0.00    0.00    0.00    0.00    0.00    0.00   99.00
15:11:47       2    3.00    0.00    0.00    0.00    0.00    0.00    0.00    0.00    0.00   97.00
15:11:47       3    0.00    0.00    0.00    0.00    0.00    0.00    0.00    0.00    0.00  100.00
15:11:47       4    1.01    0.00    0.00    0.00    0.00    0.00    0.00    0.00    0.00   98.99
15:11:47       5    0.00    0.00    0.00    0.00    0.00    0.00    0.00    0.00    0.00  100.00
15:11:47       6    2.00    0.00    1.00    0.00    0.00    0.00    0.00    0.00    0.00   97.00
15:11:47       7    0.00    0.00    0.00    0.00    0.00    0.00    0.00    0.00    0.00  100.00
15:11:47       8    2.00    0.00    2.00    0.00    0.00    0.00    0.00    0.00    0.00   96.00
15:11:47       9    0.00    0.00    0.00    0.00    0.00    0.00    0.00    0.00    0.00  100.00
15:11:47      10    6.06    0.00    1.01    0.00    0.00    0.00    0.00    0.00    0.00   92.93
15:11:47      11    4.00    0.00    0.00    0.00    0.00    0.00    0.00    0.00    0.00   96.00
15:11:47      12    2.00    0.00    1.00    0.00    0.00    0.00    0.00    0.00    0.00   97.00
15:11:47      13    0.00    0.00    0.00    0.00    0.00    0.00    0.00    0.00    0.00  100.00
15:11:47      14    6.93    0.00    0.99    0.00    0.00    0.00    0.00    0.00    0.00   92.08
15:11:47      15    0.00    0.00    0.00    0.00    0.00    2.04    0.00    0.00    0.00   97.96
15:11:47      16    2.02    0.00    0.00    0.00    0.00    0.00    0.00    0.00    0.00   97.98
15:11:47      17    1.00    0.00    1.00    0.00    0.00    0.00    0.00    0.00    0.00   98.00
15:11:47      18    1.00    0.00    0.00    0.00    0.00    0.00    0.00    0.00    0.00   99.00
15:11:47      19    0.00    0.00    0.00    0.00    0.00    0.00    0.00    0.00    0.00  100.00
15:11:47      20    1.98    0.00    0.99    0.00    0.00    0.00    0.00    0.00    0.00   97.03
15:11:47      21    3.00    0.00    0.00    0.00    0.00    0.00    0.00    0.00    0.00   97.00
15:11:47      22    1.01    0.00    0.00    0.00    0.00    0.00    0.00    0.00    0.00   98.99
15:11:47      23    1.00    0.00    0.00    0.00    0.00    0.00    0.00    0.00    0.00   99.00

15:11:47     CPU    %usr   %nice    %sys %iowait    %irq   %soft  %steal  %guest  %gnice   %idle
15:11:48     all    2.17    0.00    0.38    0.00    0.00    0.13    0.00    0.00    0.00   97.33
15:11:48       0    0.00    0.00    0.00    0.00    0.00    0.00    0.00    0.00    0.00  100.00
15:11:48       1    0.00    0.00    0.00    0.00    0.00    0.00    0.00    0.00    0.00  100.00
15:11:48       2    2.02    0.00    0.00    0.00    0.00    0.00    0.00    0.00    0.00   97.98
15:11:48       3    0.99    0.00    0.00    0.00    0.00    0.00    0.00    0.00    0.00   99.01
15:11:48       4    2.02    0.00    0.00    0.00    0.00    0.00    0.00    0.00    0.00   97.98
15:11:48       5    0.00    0.00    0.00    0.00    0.00    0.00    0.00    0.00    0.00  100.00
15:11:48       6    1.01    0.00    0.00    0.00    0.00    0.00    0.00    0.00    0.00   98.99
15:11:48       7    0.00    0.00    0.00    0.00    0.00    0.00    0.00    0.00    0.00  100.00
15:11:48       8    4.04    0.00    1.01    0.00    0.00    1.01    0.00    0.00    0.00   93.94
15:11:48       9    1.00    0.00    0.00    0.00    0.00    0.00    0.00    0.00    0.00   99.00
15:11:48      10   10.10    0.00    0.00    0.00    0.00    0.00    0.00    0.00    0.00   89.90
15:11:48      11    4.00    0.00    0.00    0.00    0.00    0.00    0.00    0.00    0.00   96.00
15:11:48      12    4.04    0.00    1.01    0.00    0.00    0.00    0.00    0.00    0.00   94.95
15:11:48      13    0.00    0.00    0.00    0.00    0.00    0.00    0.00    0.00    0.00  100.00
15:11:48      14    5.00    0.00    1.00    0.00    0.00    0.00    0.00    0.00    0.00   94.00
15:11:48      15    0.99    0.00    0.99    0.00    0.00    1.98    0.00    0.00    0.00   96.04
15:11:48      16    2.97    0.00    1.98    0.00    0.00    0.00    0.00    0.00    0.00   95.05
15:11:48      17    2.97    0.00    0.99    0.00    0.00    0.00    0.00    0.00    0.00   96.04
15:11:48      18    4.04    0.00    0.00    0.00    0.00    0.00    0.00    0.00    0.00   95.96
15:11:48      19    2.00    0.00    0.00    0.00    0.00    0.00    0.00    0.00    0.00   98.00
15:11:48      20    1.00    0.00    0.00    0.00    0.00    0.00    0.00    0.00    0.00   99.00
15:11:48      21    1.98    0.00    0.99    0.00    0.00    0.00    0.00    0.00    0.00   97.03
15:11:48      22    1.01    0.00    1.01    0.00    0.00    0.00    0.00    0.00    0.00   97.98
15:11:48      23    1.01    0.00    0.00    0.00    0.00    0.00    0.00    0.00    0.00   98.99

15:11:48     CPU    %usr   %nice    %sys %iowait    %irq   %soft  %steal  %guest  %gnice   %idle
15:11:49     all    1.42    0.00    0.50    0.00    0.00    0.13    0.00    0.00    0.00   97.96
15:11:49       0    2.00    0.00    1.00    0.00    0.00    0.00    0.00    0.00    0.00   97.00
15:11:49       1    0.00    0.00    0.00    0.00    0.00    0.00    0.00    0.00    0.00  100.00
15:11:49       2    1.01    0.00    1.01    0.00    0.00    0.00    0.00    0.00    0.00   97.98
15:11:49       3    0.00    0.00    0.00    0.00    0.00    0.00    0.00    0.00    0.00  100.00
15:11:49       4    2.00    0.00    1.00    0.00    0.00    0.00    0.00    0.00    0.00   97.00
15:11:49       5    0.00    0.00    0.00    0.00    0.00    0.00    0.00    0.00    0.00  100.00
15:11:49       6    2.00    0.00    1.00    0.00    0.00    0.00    0.00    0.00    0.00   97.00
15:11:49       7    0.00    0.00    0.00    0.00    0.00    0.00    0.00    0.00    0.00  100.00
15:11:49       8    2.00    0.00    1.00    0.00    0.00    0.00    0.00    0.00    0.00   97.00
15:11:49       9    1.98    0.00    0.99    0.00    0.00    0.00    0.00    0.00    0.00   97.03
15:11:49      10    7.00    0.00    3.00    0.00    0.00    0.00    0.00    0.00    0.00   90.00
15:11:49      11    3.96    0.00    0.99    0.00    0.00    0.00    0.00    0.00    0.00   95.05
15:11:49      12    2.00    0.00    0.00    0.00    0.00    0.00    0.00    0.00    0.00   98.00
15:11:49      13    0.00    0.00    0.00    0.00    0.00    0.00    0.00    0.00    0.00  100.00
15:11:49      14    2.02    0.00    0.00    0.00    0.00    0.00    0.00    0.00    0.00   97.98
15:11:49      15    0.00    0.00    0.00    0.00    0.00    3.00    0.00    0.00    0.00   97.00
15:11:49      16    2.00    0.00    0.00    0.00    0.00    0.00    0.00    0.00    0.00   98.00
15:11:49      17    1.01    0.00    0.00    0.00    0.00    0.00    0.00    0.00    0.00   98.99
15:11:49      18    0.99    0.00    0.99    0.00    0.00    0.00    0.00    0.00    0.00   98.02
15:11:49      19    1.00    0.00    0.00    0.00    0.00    0.00    0.00    0.00    0.00   99.00
15:11:49      20    1.00    0.00    0.00    0.00    0.00    0.00    0.00    0.00    0.00   99.00
15:11:49      21    1.00    0.00    0.00    0.00    0.00    0.00    0.00    0.00    0.00   99.00
15:11:49      22    0.00    0.00    0.00    0.00    0.00    0.00    0.00    0.00    0.00  100.00
15:11:49      23    1.00    0.00    1.00    0.00    0.00    0.00    0.00    0.00    0.00   98.00

15:11:49     CPU    %usr   %nice    %sys %iowait    %irq   %soft  %steal  %guest  %gnice   %idle
15:11:50     all    1.17    0.00    0.38    0.00    0.00    0.08    0.00    0.00    0.00   98.37
15:11:50       0    1.00    0.00    1.00    0.00    0.00    0.00    0.00    0.00    0.00   98.00
15:11:50       1    0.00    0.00    0.00    0.00    0.00    0.00    0.00    0.00    0.00  100.00
15:11:50       2    1.00    0.00    1.00    0.00    0.00    0.00    0.00    0.00    0.00   98.00
15:11:50       3    0.00    0.00    0.00    0.00    0.00    0.00    0.00    0.00    0.00  100.00
15:11:50       4    1.01    0.00    0.00    0.00    0.00    0.00    0.00    0.00    0.00   98.99
15:11:50       5    0.00    0.00    0.00    0.00    0.00    0.00    0.00    0.00    0.00  100.00
15:11:50       6    2.02    0.00    0.00    0.00    0.00    0.00    0.00    0.00    0.00   97.98
15:11:50       7    0.00    0.00    0.00    0.00    0.00    0.00    0.00    0.00    0.00  100.00
15:11:50       8    2.02    0.00    1.01    0.00    0.00    0.00    0.00    0.00    0.00   96.97
15:11:50       9    1.00    0.00    1.00    0.00    0.00    0.00    0.00    0.00    0.00   98.00
15:11:50      10    9.00    0.00    1.00    0.00    0.00    0.00    0.00    0.00    0.00   90.00
15:11:50      11    4.00    0.00    0.00    0.00    0.00    0.00    0.00    0.00    0.00   96.00
15:11:50      12    2.02    0.00    1.01    0.00    0.00    0.00    0.00    0.00    0.00   96.97
15:11:50      13    0.00    0.00    0.00    0.00    0.00    0.00    0.00    0.00    0.00  100.00
15:11:50      14    1.00    0.00    0.00    0.00    0.00    0.00    0.00    0.00    0.00   99.00
15:11:50      15    0.99    0.00    0.99    0.00    0.00    1.98    0.00    0.00    0.00   96.04
15:11:50      16    0.00    0.00    0.00    0.00    0.00    0.00    0.00    0.00    0.00  100.00
15:11:50      17    0.00    0.00    1.00    0.00    0.00    0.00    0.00    0.00    0.00   99.00
15:11:50      18    0.00    0.00    0.00    0.00    0.00    0.00    0.00    0.00    0.00  100.00
15:11:50      19    0.00    0.00    0.00    0.00    0.00    0.00    0.00    0.00    0.00  100.00
15:11:50      20    0.00    0.00    0.00    0.00    0.00    0.00    0.00    0.00    0.00  100.00
15:11:50      21    1.00    0.00    0.00    0.00    0.00    0.00    0.00    0.00    0.00   99.00
15:11:50      22    2.02    0.00    1.01    0.00    0.00    0.00    0.00    0.00    0.00   96.97
15:11:50      23    0.00    0.00    0.00    0.00    0.00    0.00    0.00    0.00    0.00  100.00

15:11:50     CPU    %usr   %nice    %sys %iowait    %irq   %soft  %steal  %guest  %gnice   %idle
15:11:51     all    1.54    0.00    0.54    0.00    0.00    0.04    0.00    0.00    0.00   97.88
15:11:51       0    2.02    0.00    1.01    0.00    0.00    0.00    0.00    0.00    0.00   96.97
15:11:51       1    0.00    0.00    0.00    0.00    0.00    0.00    0.00    0.00    0.00  100.00
15:11:51       2    1.00    0.00    0.00    0.00    0.00    0.00    0.00    0.00    0.00   99.00
15:11:51       3    0.00    0.00    0.99    0.00    0.00    0.00    0.00    0.00    0.00   99.01
15:11:51       4    2.00    0.00    0.00    0.00    0.00    0.00    0.00    0.00    0.00   98.00
15:11:51       5    0.00    0.00    0.00    0.00    0.00    0.00    0.00    0.00    0.00  100.00
15:11:51       6    1.00    0.00    1.00    0.00    0.00    0.00    0.00    0.00    0.00   98.00
15:11:51       7    0.00    0.00    0.00    0.00    0.00    0.00    0.00    0.00    0.00  100.00
15:11:51       8    2.00    0.00    2.00    0.00    0.00    0.00    0.00    0.00    0.00   96.00
15:11:51       9    3.00    0.00    0.00    0.00    0.00    0.00    0.00    0.00    0.00   97.00
15:11:51      10    5.05    0.00    0.00    0.00    0.00    0.00    0.00    0.00    0.00   94.95
15:11:51      11    4.00    0.00    0.00    0.00    0.00    0.00    0.00    0.00    0.00   96.00
15:11:51      12    1.98    0.00    0.99    0.00    0.00    0.00    0.00    0.00    0.00   97.03
15:11:51      13    4.00    0.00    0.00    0.00    0.00    0.00    0.00    0.00    0.00   96.00
15:11:51      14    2.00    0.00    1.00    0.00    0.00    0.00    0.00    0.00    0.00   97.00
15:11:51      15    1.00    0.00    0.00    0.00    0.00    1.00    0.00    0.00    0.00   98.00
15:11:51      16    0.99    0.00    0.99    0.00    0.00    0.00    0.00    0.00    0.00   98.02
15:11:51      17    0.99    0.00    0.00    0.00    0.00    0.00    0.00    0.00    0.00   99.01
15:11:51      18    0.00    0.00    1.00    0.00    0.00    0.00    0.00    0.00    0.00   99.00
15:11:51      19    0.99    0.00    0.99    0.00    0.00    0.00    0.00    0.00    0.00   98.02
15:11:51      20    1.01    0.00    0.00    0.00    0.00    0.00    0.00    0.00    0.00   98.99
15:11:51      21    1.00    0.00    0.00    0.00    0.00    0.00    0.00    0.00    0.00   99.00
15:11:51      22    2.97    0.00    2.97    0.00    0.00    0.00    0.00    0.00    0.00   94.06
15:11:51      23    0.00    0.00    0.00    0.00    0.00    0.00    0.00    0.00    0.00  100.00

15:11:51     CPU    %usr   %nice    %sys %iowait    %irq   %soft  %steal  %guest  %gnice   %idle
15:11:52     all    2.55    0.00    0.63    0.00    0.00    0.08    0.00    0.00    0.00   96.74
15:11:52       0    1.01    0.00    0.00    0.00    0.00    0.00    0.00    0.00    0.00   98.99
15:11:52       1    0.00    0.00    0.00    0.00    0.00    0.00    0.00    0.00    0.00  100.00
15:11:52       2    2.00    0.00    1.00    0.00    0.00    0.00    0.00    0.00    0.00   97.00
15:11:52       3    0.00    0.00    0.00    0.00    0.00    0.00    0.00    0.00    0.00  100.00
15:11:52       4    0.99    0.00    0.99    0.00    0.00    0.00    0.00    0.00    0.00   98.02
15:11:52       5    0.00    0.00    0.00    0.00    0.00    0.00    0.00    0.00    0.00  100.00
15:11:52       6    2.02    0.00    0.00    0.00    0.00    0.00    0.00    0.00    0.00   97.98
15:11:52       7    0.00    0.00    0.00    0.00    0.00    0.00    0.00    0.00    0.00  100.00
15:11:52       8   12.12    0.00    1.01    0.00    0.00    0.00    0.00    0.00    0.00   86.87
15:11:52       9    0.00    0.00    0.00    0.00    0.00    0.00    0.00    0.00    0.00  100.00
15:11:52      10   12.00    0.00    3.00    0.00    0.00    0.00    0.00    0.00    0.00   85.00
15:11:52      11    4.04    0.00    0.00    0.00    0.00    0.00    0.00    0.00    0.00   95.96
15:11:52      12    4.04    0.00    1.01    0.00    0.00    0.00    0.00    0.00    0.00   94.95
15:11:52      13    1.00    0.00    0.00    0.00    0.00    0.00    0.00    0.00    0.00   99.00
15:11:52      14    3.00    0.00    2.00    0.00    0.00    0.00    0.00    0.00    0.00   95.00
15:11:52      15    0.00    0.00    1.01    0.00    0.00    2.02    0.00    0.00    0.00   96.97
15:11:52      16    1.98    0.00    1.98    0.00    0.00    0.00    0.00    0.00    0.00   96.04
15:11:52      17    2.02    0.00    0.00    0.00    0.00    0.00    0.00    0.00    0.00   97.98
15:11:52      18    1.98    0.00    0.99    0.00    0.00    0.00    0.00    0.00    0.00   97.03
15:11:52      19    1.01    0.00    0.00    0.00    0.00    0.00    0.00    0.00    0.00   98.99
15:11:52      20    3.92    0.00    0.98    0.00    0.00    0.00    0.00    0.00    0.00   95.10
15:11:52      21    2.97    0.00    0.00    0.00    0.00    0.00    0.00    0.00    0.00   97.03
15:11:52      22    2.04    0.00    0.00    0.00    0.00    0.00    0.00    0.00    0.00   97.96
15:11:52      23    2.97    0.00    0.99    0.00    0.00    0.00    0.00    0.00    0.00   96.04

15:11:52     CPU    %usr   %nice    %sys %iowait    %irq   %soft  %steal  %guest  %gnice   %idle
15:11:53     all    6.94    0.00    1.51    0.08    0.00    0.00    0.00    0.00    0.00   91.47
15:11:53       0    3.03    0.00    2.02    0.00    0.00    0.00    0.00    0.00    0.00   94.95
15:11:53       1    0.00    0.00    0.00    0.00    0.00    0.00    0.00    0.00    0.00  100.00
15:11:53       2    3.96    0.00    1.98    0.00    0.00    0.00    0.00    0.00    0.00   94.06
15:11:53       3    1.00    0.00    0.00    0.00    0.00    0.00    0.00    0.00    0.00   99.00
15:11:53       4    4.04    0.00    1.01    0.00    0.00    0.00    0.00    0.00    0.00   94.95
15:11:53       5    7.92    0.00    4.95    0.00    0.00    0.00    0.00    0.00    0.00   87.13
15:11:53       6    7.92    0.00    0.99    0.00    0.00    0.00    0.00    0.00    0.00   91.09
15:11:53       7    0.99    0.00    0.00    0.00    0.00    0.00    0.00    0.00    0.00   99.01
15:11:53       8   43.00    0.00    4.00    1.00    0.00    0.00    0.00    0.00    0.00   52.00
15:11:53       9   18.00    0.00    1.00    0.00    0.00    0.00    0.00    0.00    0.00   81.00
15:11:53      10   18.37    0.00    3.06    0.00    0.00    0.00    0.00    0.00    0.00   78.57
15:11:53      11    3.96    0.00    0.99    0.00    0.00    0.00    0.00    0.00    0.00   95.05
15:11:53      12    8.00    0.00    2.00    0.00    0.00    0.00    0.00    0.00    0.00   90.00
15:11:53      13    0.00    0.00    0.00    1.00    0.00    0.00    0.00    0.00    0.00   99.00
15:11:53      14   13.27    0.00    1.02    0.00    0.00    0.00    0.00    0.00    0.00   85.71
15:11:53      15    1.01    0.00    0.00    0.00    0.00    0.00    0.00    0.00    0.00   98.99
15:11:53      16    4.04    0.00    1.01    0.00    0.00    0.00    0.00    0.00    0.00   94.95
15:11:53      17    3.00    0.00    3.00    0.00    0.00    0.00    0.00    0.00    0.00   94.00
15:11:53      18    5.00    0.00    3.00    0.00    0.00    0.00    0.00    0.00    0.00   92.00
15:11:53      19    2.02    0.00    1.01    0.00    0.00    0.00    0.00    0.00    0.00   96.97
15:11:53      20    5.05    0.00    1.01    0.00    0.00    0.00    0.00    0.00    0.00   93.94
15:11:53      21    4.00    0.00    2.00    0.00    0.00    0.00    0.00    0.00    0.00   94.00
15:11:53      22    5.05    0.00    1.01    0.00    0.00    0.00    0.00    0.00    0.00   93.94
15:11:53      23    4.04    0.00    1.01    0.00    0.00    0.00    0.00    0.00    0.00   94.95

15:11:53     CPU    %usr   %nice    %sys %iowait    %irq   %soft  %steal  %guest  %gnice   %idle
15:11:54     all    6.19    0.00    0.71    0.00    0.00    0.00    0.00    0.00    0.00   93.10
15:11:54       0    3.00    0.00    0.00    0.00    0.00    0.00    0.00    0.00    0.00   97.00
15:11:54       1    0.00    0.00    0.00    0.00    0.00    0.00    0.00    0.00    0.00  100.00
15:11:54       2    4.04    0.00    0.00    0.00    0.00    0.00    0.00    0.00    0.00   95.96
15:11:54       3    0.00    0.00    0.00    0.00    0.00    0.00    0.00    0.00    0.00  100.00
15:11:54       4    5.05    0.00    0.00    0.00    0.00    0.00    0.00    0.00    0.00   94.95
15:11:54       5    0.00    0.00    0.00    0.00    0.00    0.00    0.00    0.00    0.00  100.00
15:11:54       6    8.08    0.00    0.00    0.00    0.00    0.00    0.00    0.00    0.00   91.92
15:11:54       7    0.00    0.00    0.00    0.00    0.00    0.00    0.00    0.00    0.00  100.00
15:11:54       8   33.67    0.00    2.04    0.00    0.00    0.00    0.00    0.00    0.00   64.29
15:11:54       9    7.92    0.00    0.00    0.00    0.00    0.00    0.00    0.00    0.00   92.08
15:11:54      10   29.00    0.00    4.00    0.00    0.00    0.00    0.00    0.00    0.00   67.00
15:11:54      11    4.04    0.00    0.00    0.00    0.00    0.00    0.00    0.00    0.00   95.96
15:11:54      12   12.24    0.00    1.02    0.00    0.00    0.00    0.00    0.00    0.00   86.73
15:11:54      13    0.00    0.00    0.00    0.00    0.00    0.00    0.00    0.00    0.00  100.00
15:11:54      14   10.00    0.00    0.00    0.00    0.00    0.00    0.00    0.00    0.00   90.00
15:11:54      15    0.00    0.00    0.00    0.00    0.00    0.00    0.00    0.00    0.00  100.00
15:11:54      16    4.95    0.00    1.98    0.00    0.00    0.00    0.00    0.00    0.00   93.07
15:11:54      17    3.00    0.00    1.00    0.00    0.00    0.00    0.00    0.00    0.00   96.00
15:11:54      18    3.00    0.00    2.00    0.00    0.00    0.00    0.00    0.00    0.00   95.00
15:11:54      19    3.00    0.00    1.00    0.00    0.00    0.00    0.00    0.00    0.00   96.00
15:11:54      20    5.88    0.00    1.96    0.00    0.00    0.00    0.00    0.00    0.00   92.16
15:11:54      21    4.00    0.00    1.00    0.00    0.00    0.00    0.00    0.00    0.00   95.00
15:11:54      22    5.05    0.00    1.01    0.00    0.00    0.00    0.00    0.00    0.00   93.94
15:11:54      23    3.03    0.00    0.00    0.00    0.00    0.00    0.00    0.00    0.00   96.97

15:11:54     CPU    %usr   %nice    %sys %iowait    %irq   %soft  %steal  %guest  %gnice   %idle
15:11:55     all    5.35    0.00    0.71    0.08    0.00    0.04    0.00    0.00    0.00   93.82
15:11:55       0    1.00    0.00    1.00    0.00    0.00    0.00    0.00    0.00    0.00   98.00
15:11:55       1    0.00    0.00    0.00    0.00    0.00    0.00    0.00    0.00    0.00  100.00
15:11:55       2    3.00    0.00    2.00    0.00    0.00    0.00    0.00    0.00    0.00   95.00
15:11:55       3    0.00    0.00    0.00    0.00    0.00    0.00    0.00    0.00    0.00  100.00
15:11:55       4    4.00    0.00    0.00    0.00    0.00    0.00    0.00    0.00    0.00   96.00
15:11:55       5    0.00    0.00    0.00    0.00    0.00    0.00    0.00    0.00    0.00  100.00
15:11:55       6    4.00    0.00    1.00    1.00    0.00    0.00    0.00    0.00    0.00   94.00
15:11:55       7    0.00    0.00    0.00    0.00    0.00    0.00    0.00    0.00    0.00  100.00
15:11:55       8   32.67    0.00    2.97    0.00    0.00    0.00    0.00    0.00    0.00   64.36
15:11:55       9    2.00    0.00    0.00    0.00    0.00    0.00    0.00    0.00    0.00   98.00
15:11:55      10   22.00    0.00    3.00    0.00    0.00    0.00    0.00    0.00    0.00   75.00
15:11:55      11    5.05    0.00    0.00    0.00    0.00    0.00    0.00    0.00    0.00   94.95
15:11:55      12   10.00    0.00    1.00    0.00    0.00    0.00    0.00    0.00    0.00   89.00
15:11:55      13    0.00    0.00    0.00    1.00    0.00    0.00    0.00    0.00    0.00   99.00
15:11:55      14   15.15    0.00    1.01    0.00    0.00    0.00    0.00    0.00    0.00   83.84
15:11:55      15    0.00    0.00    0.00    0.00    0.00    1.01    0.00    0.00    0.00   98.99
15:11:55      16    6.06    0.00    0.00    0.00    0.00    0.00    0.00    0.00    0.00   93.94
15:11:55      17    4.00    0.00    1.00    0.00    0.00    0.00    0.00    0.00    0.00   95.00
15:11:55      18    3.00    0.00    0.00    0.00    0.00    0.00    0.00    0.00    0.00   97.00
15:11:55      19    1.98    0.00    0.99    0.00    0.00    0.00    0.00    0.00    0.00   97.03
15:11:55      20    3.06    0.00    0.00    0.00    0.00    0.00    0.00    0.00    0.00   96.94
15:11:55      21    4.00    0.00    2.00    0.00    0.00    0.00    0.00    0.00    0.00   94.00
15:11:55      22    3.00    0.00    1.00    0.00    0.00    0.00    0.00    0.00    0.00   96.00
15:11:55      23    4.04    0.00    0.00    0.00    0.00    0.00    0.00    0.00    0.00   95.96

15:11:55     CPU    %usr   %nice    %sys %iowait    %irq   %soft  %steal  %guest  %gnice   %idle
15:11:56     all    1.26    0.00    0.38    0.00    0.00    0.08    0.00    0.00    0.00   98.28
15:11:56       0    1.01    0.00    0.00    0.00    0.00    0.00    0.00    0.00    0.00   98.99
15:11:56       1    0.00    0.00    0.00    0.00    0.00    0.00    0.00    0.00    0.00  100.00
15:11:56       2    1.00    0.00    0.00    0.00    0.00    0.00    0.00    0.00    0.00   99.00
15:11:56       3    0.00    0.00    0.00    0.00    0.00    0.00    0.00    0.00    0.00  100.00
15:11:56       4    1.01    0.00    0.00    0.00    0.00    1.01    0.00    0.00    0.00   97.98
15:11:56       5    0.00    0.00    0.00    0.00    0.00    0.00    0.00    0.00    0.00  100.00
15:11:56       6    1.01    0.00    0.00    0.00    0.00    0.00    0.00    0.00    0.00   98.99
15:11:56       7    0.00    0.00    0.00    0.00    0.00    0.00    0.00    0.00    0.00  100.00
15:11:56       8    6.12    0.00    2.04    0.00    0.00    0.00    0.00    0.00    0.00   91.84
15:11:56       9    0.00    0.00    0.00    0.00    0.00    0.00    0.00    0.00    0.00  100.00
15:11:56      10    3.03    0.00    0.00    0.00    0.00    0.00    0.00    0.00    0.00   96.97
15:11:56      11    1.98    0.00    0.00    0.00    0.00    0.00    0.00    0.00    0.00   98.02
15:11:56      12    3.03    0.00    0.00    0.00    0.00    0.00    0.00    0.00    0.00   96.97
15:11:56      13    0.00    0.00    0.00    0.00    0.00    0.00    0.00    0.00    0.00  100.00
15:11:56      14    0.00    0.00    1.00    0.00    0.00    0.00    0.00    0.00    0.00   99.00
15:11:56      15    1.01    0.00    1.01    0.00    0.00    1.01    0.00    0.00    0.00   96.97
15:11:56      16    1.01    0.00    1.01    0.00    0.00    0.00    0.00    0.00    0.00   97.98
15:11:56      17    1.02    0.00    0.00    0.00    0.00    0.00    0.00    0.00    0.00   98.98
15:11:56      18    1.00    0.00    1.00    0.00    0.00    0.00    0.00    0.00    0.00   98.00
15:11:56      19    2.00    0.00    0.00    0.00    0.00    0.00    0.00    0.00    0.00   98.00
15:11:56      20    1.00    0.00    1.00    0.00    0.00    0.00    0.00    0.00    0.00   98.00
15:11:56      21    1.00    0.00    0.00    0.00    0.00    0.00    0.00    0.00    0.00   99.00
15:11:56      22    2.02    0.00    0.00    0.00    0.00    0.00    0.00    0.00    0.00   97.98
15:11:56      23    2.00    0.00    2.00    0.00    0.00    0.00    0.00    0.00    0.00   96.00

15:11:56     CPU    %usr   %nice    %sys %iowait    %irq   %soft  %steal  %guest  %gnice   %idle
15:11:57     all    1.46    0.00    0.46    0.00    0.00    0.00    0.00    0.00    0.00   98.08
15:11:57       0    1.00    0.00    1.00    0.00    0.00    0.00    0.00    0.00    0.00   98.00
15:11:57       1    0.00    0.00    0.00    0.00    0.00    0.00    0.00    0.00    0.00  100.00
15:11:57       2    2.02    0.00    1.01    0.00    0.00    0.00    0.00    0.00    0.00   96.97
15:11:57       3    0.00    0.00    0.00    0.00    0.00    0.00    0.00    0.00    0.00  100.00
15:11:57       4    2.00    0.00    1.00    0.00    0.00    0.00    0.00    0.00    0.00   97.00
15:11:57       5    0.00    0.00    0.00    0.00    0.00    0.00    0.00    0.00    0.00  100.00
15:11:57       6    1.01    0.00    0.00    0.00    0.00    0.00    0.00    0.00    0.00   98.99
15:11:57       7    0.00    0.00    0.00    0.00    0.00    0.00    0.00    0.00    0.00  100.00
15:11:57       8    1.00    0.00    1.00    0.00    0.00    0.00    0.00    0.00    0.00   98.00
15:11:57       9    0.00    0.00    0.00    0.00    0.00    0.00    0.00    0.00    0.00  100.00
15:11:57      10    6.06    0.00    1.01    0.00    0.00    0.00    0.00    0.00    0.00   92.93
15:11:57      11    0.00    0.00    0.00    0.00    0.00    0.00    0.00    0.00    0.00  100.00
15:11:57      12    6.00    0.00    1.00    0.00    0.00    0.00    0.00    0.00    0.00   93.00
15:11:57      13    0.00    0.00    0.99    0.00    0.00    0.00    0.00    0.00    0.00   99.01
15:11:57      14    3.96    0.00    0.00    0.00    0.00    0.00    0.00    0.00    0.00   96.04
15:11:57      15    0.00    0.00    0.00    0.00    0.00    0.00    0.00    0.00    0.00  100.00
15:11:57      16    2.00    0.00    0.00    0.00    0.00    0.00    0.00    0.00    0.00   98.00
15:11:57      17    2.94    0.00    0.98    0.00    0.00    0.00    0.00    0.00    0.00   96.08
15:11:57      18    1.00    0.00    0.00    0.00    0.00    0.00    0.00    0.00    0.00   99.00
15:11:57      19    1.00    0.00    0.00    0.00    0.00    0.00    0.00    0.00    0.00   99.00
15:11:57      20    1.00    0.00    0.00    0.00    0.00    0.00    0.00    0.00    0.00   99.00
15:11:57      21    1.00    0.00    0.00    0.00    0.00    0.00    0.00    0.00    0.00   99.00
15:11:57      22    1.02    0.00    1.02    0.00    0.00    0.00    0.00    0.00    0.00   97.96
15:11:57      23    1.98    0.00    1.98    0.00    0.00    0.00    0.00    0.00    0.00   96.04

15:11:57     CPU    %usr   %nice    %sys %iowait    %irq   %soft  %steal  %guest  %gnice   %idle
15:11:58     all    1.51    0.00    0.50    0.00    0.00    0.04    0.00    0.00    0.00   97.95
15:11:58       0    1.01    0.00    2.02    0.00    0.00    0.00    0.00    0.00    0.00   96.97
15:11:58       1    0.00    0.00    0.00    0.00    0.00    0.00    0.00    0.00    0.00  100.00
15:11:58       2    1.01    0.00    0.00    0.00    0.00    0.00    0.00    0.00    0.00   98.99
15:11:58       3    0.00    0.00    0.00    0.00    0.00    0.00    0.00    0.00    0.00  100.00
15:11:58       4    2.00    0.00    0.00    0.00    0.00    0.00    0.00    0.00    0.00   98.00
15:11:58       5    0.00    0.00    0.00    0.00    0.00    0.00    0.00    0.00    0.00  100.00
15:11:58       6    1.01    0.00    1.01    0.00    0.00    0.00    0.00    0.00    0.00   97.98
15:11:58       7    0.00    0.00    0.00    0.00    0.00    0.00    0.00    0.00    0.00  100.00
15:11:58       8    3.00    0.00    2.00    0.00    0.00    0.00    0.00    0.00    0.00   95.00
15:11:58       9    0.00    0.00    0.00    0.00    0.00    0.00    0.00    0.00    0.00  100.00
15:11:58      10    4.00    0.00    2.00    0.00    0.00    0.00    0.00    0.00    0.00   94.00
15:11:58      11    0.00    0.00    0.00    0.00    0.00    0.00    0.00    0.00    0.00  100.00
15:11:58      12    3.96    0.00    0.00    0.00    0.00    0.00    0.00    0.00    0.00   96.04
15:11:58      13    0.00    0.00    0.00    0.00    0.00    0.00    0.00    0.00    0.00  100.00
15:11:58      14    4.00    0.00    0.00    0.00    0.00    0.00    0.00    0.00    0.00   96.00
15:11:58      15    2.00    0.00    1.00    0.00    0.00    1.00    0.00    0.00    0.00   96.00
15:11:58      16    2.00    0.00    1.00    0.00    0.00    0.00    0.00    0.00    0.00   97.00
15:11:58      17    2.04    0.00    1.02    0.00    0.00    0.00    0.00    0.00    0.00   96.94
15:11:58      18    1.02    0.00    0.00    0.00    0.00    0.00    0.00    0.00    0.00   98.98
15:11:58      19    1.98    0.00    0.99    0.00    0.00    0.00    0.00    0.00    0.00   97.03
15:11:58      20    1.00    0.00    1.00    0.00    0.00    0.00    0.00    0.00    0.00   98.00
15:11:58      21    2.02    0.00    0.00    0.00    0.00    0.00    0.00    0.00    0.00   97.98
15:11:58      22    2.02    0.00    0.00    0.00    0.00    0.00    0.00    0.00    0.00   97.98
15:11:58      23    2.02    0.00    0.00    0.00    0.00    0.00    0.00    0.00    0.00   97.98

15:11:58     CPU    %usr   %nice    %sys %iowait    %irq   %soft  %steal  %guest  %gnice   %idle
15:11:59     all    2.01    0.00    0.38    0.00    0.00    0.04    0.00    0.00    0.00   97.58
15:11:59       0    1.00    0.00    0.00    0.00    0.00    0.00    0.00    0.00    0.00   99.00
15:11:59       1    0.00    0.00    0.00    0.00    0.00    0.00    0.00    0.00    0.00  100.00
15:11:59       2    3.00    0.00    2.00    0.00    0.00    0.00    0.00    0.00    0.00   95.00
15:11:59       3    0.99    0.00    0.00    0.00    0.00    0.00    0.00    0.00    0.00   99.01
15:11:59       4    2.00    0.00    0.00    0.00    0.00    0.00    0.00    0.00    0.00   98.00
15:11:59       5    0.00    0.00    0.00    0.00    0.00    0.00    0.00    0.00    0.00  100.00
15:11:59       6    1.01    0.00    0.00    0.00    0.00    0.00    0.00    0.00    0.00   98.99
15:11:59       7    0.00    0.00    0.00    0.00    0.00    0.00    0.00    0.00    0.00  100.00
15:11:59       8   10.00    0.00    1.00    0.00    0.00    0.00    0.00    0.00    0.00   89.00
15:11:59       9    0.00    0.00    0.00    0.00    0.00    0.00    0.00    0.00    0.00  100.00
15:11:59      10    7.07    0.00    0.00    0.00    0.00    0.00    0.00    0.00    0.00   92.93
15:11:59      11    0.00    0.00    0.00    0.00    0.00    0.00    0.00    0.00    0.00  100.00
15:11:59      12    3.00    0.00    1.00    0.00    0.00    0.00    0.00    0.00    0.00   96.00
15:11:59      13    0.00    0.00    0.00    0.00    0.00    0.00    0.00    0.00    0.00  100.00
15:11:59      14    3.03    0.00    0.00    0.00    0.00    0.00    0.00    0.00    0.00   96.97
15:11:59      15    1.02    0.00    0.00    0.00    0.00    1.02    0.00    0.00    0.00   97.96
15:11:59      16    1.02    0.00    0.00    0.00    0.00    0.00    0.00    0.00    0.00   98.98
15:11:59      17    1.00    0.00    1.00    0.00    0.00    0.00    0.00    0.00    0.00   98.00
15:11:59      18    1.00    0.00    1.00    0.00    0.00    0.00    0.00    0.00    0.00   98.00
15:11:59      19    1.00    0.00    0.00    0.00    0.00    0.00    0.00    0.00    0.00   99.00
15:11:59      20    3.00    0.00    1.00    0.00    0.00    0.00    0.00    0.00    0.00   96.00
15:11:59      21    4.90    0.00    0.98    0.00    0.00    0.00    0.00    0.00    0.00   94.12
15:11:59      22    2.02    0.00    1.01    0.00    0.00    0.00    0.00    0.00    0.00   96.97
15:11:59      23    2.00    0.00    0.00    0.00    0.00    0.00    0.00    0.00    0.00   98.00

15:11:59     CPU    %usr   %nice    %sys %iowait    %irq   %soft  %steal  %guest  %gnice   %idle
15:12:00     all    1.21    0.00    0.33    0.00    0.00    0.08    0.00    0.00    0.00   98.37
15:12:00       0    1.01    0.00    0.00    0.00    0.00    0.00    0.00    0.00    0.00   98.99
15:12:00       1    0.00    0.00    0.00    0.00    0.00    0.00    0.00    0.00    0.00  100.00
15:12:00       2    1.00    0.00    0.00    0.00    0.00    0.00    0.00    0.00    0.00   99.00
15:12:00       3    0.00    0.00    0.00    0.00    0.00    0.00    0.00    0.00    0.00  100.00
15:12:00       4    1.01    0.00    0.00    0.00    0.00    0.00    0.00    0.00    0.00   98.99
15:12:00       5    0.00    0.00    0.00    0.00    0.00    0.00    0.00    0.00    0.00  100.00
15:12:00       6    1.01    0.00    1.01    0.00    0.00    0.00    0.00    0.00    0.00   97.98
15:12:00       7    0.00    0.00    0.00    0.00    0.00    0.00    0.00    0.00    0.00  100.00
15:12:00       8    5.10    0.00    0.00    0.00    0.00    0.00    0.00    0.00    0.00   94.90
15:12:00       9    0.00    0.00    0.00    0.00    0.00    0.00    0.00    0.00    0.00  100.00
15:12:00      10    5.00    0.00    0.00    0.00    0.00    0.00    0.00    0.00    0.00   95.00
15:12:00      11    0.00    0.00    0.00    0.00    0.00    0.00    0.00    0.00    0.00  100.00
15:12:00      12    2.02    0.00    1.01    0.00    0.00    0.00    0.00    0.00    0.00   96.97
15:12:00      13    0.00    0.00    0.00    0.00    0.00    0.00    0.00    0.00    0.00  100.00
15:12:00      14    3.00    0.00    1.00    0.00    0.00    0.00    0.00    0.00    0.00   96.00
15:12:00      15    0.99    0.00    0.99    0.00    0.00    1.98    0.00    0.00    0.00   96.04
15:12:00      16    1.00    0.00    1.00    0.00    0.00    0.00    0.00    0.00    0.00   98.00
15:12:00      17    1.00    0.00    1.00    0.00    0.00    0.00    0.00    0.00    0.00   98.00
15:12:00      18    1.00    0.00    0.00    0.00    0.00    0.00    0.00    0.00    0.00   99.00
15:12:00      19    1.01    0.00    0.00    0.00    0.00    0.00    0.00    0.00    0.00   98.99
15:12:00      20    2.00    0.00    1.00    0.00    0.00    0.00    0.00    0.00    0.00   97.00
15:12:00      21    1.00    0.00    0.00    0.00    0.00    0.00    0.00    0.00    0.00   99.00
15:12:00      22    1.02    0.00    0.00    0.00    0.00    0.00    0.00    0.00    0.00   98.98
15:12:00      23    1.00    0.00    1.00    0.00    0.00    0.00    0.00    0.00    0.00   98.00

15:12:00     CPU    %usr   %nice    %sys %iowait    %irq   %soft  %steal  %guest  %gnice   %idle
15:12:01     all    1.46    0.00    0.29    0.08    0.00    0.08    0.00    0.00    0.00   98.08
15:12:01       0    1.00    0.00    1.00    0.00    0.00    0.00    0.00    0.00    0.00   98.00
15:12:01       1    0.00    0.00    0.00    0.00    0.00    0.00    0.00    0.00    0.00  100.00
15:12:01       2    1.00    0.00    0.00    0.00    0.00    0.00    0.00    0.00    0.00   99.00
15:12:01       3    0.00    0.00    0.00    0.00    0.00    0.00    0.00    0.00    0.00  100.00
15:12:01       4    3.00    0.00    0.00    0.00    0.00    0.00    0.00    0.00    0.00   97.00
15:12:01       5    1.00    0.00    0.00    0.00    0.00    0.00    0.00    0.00    0.00   99.00
15:12:01       6    1.00    0.00    1.00    0.00    0.00    0.00    0.00    0.00    0.00   98.00
15:12:01       7    0.00    0.00    0.00    0.00    0.00    0.00    0.00    0.00    0.00  100.00
15:12:01       8    3.03    0.00    0.00    0.00    0.00    0.00    0.00    0.00    0.00   96.97
15:12:01       9    0.00    0.00    0.00    0.00    0.00    0.00    0.00    0.00    0.00  100.00
15:12:01      10    3.00    0.00    2.00    0.00    0.00    0.00    0.00    0.00    0.00   95.00
15:12:01      11    0.00    0.00    0.00    0.00    0.00    0.00    0.00    0.00    0.00  100.00
15:12:01      12    2.02    0.00    0.00    0.00    0.00    0.00    0.00    0.00    0.00   97.98
15:12:01      13    0.00    0.00    0.00    0.00    0.00    0.00    0.00    0.00    0.00  100.00
15:12:01      14    6.93    0.00    0.99    0.00    0.00    0.00    0.00    0.00    0.00   92.08
15:12:01      15    0.99    0.00    0.99    0.00    0.00    1.98    0.00    0.00    0.00   96.04
15:12:01      16    2.00    0.00    0.00    0.00    0.00    0.00    0.00    0.00    0.00   98.00
15:12:01      17    1.01    0.00    1.01    0.00    0.00    0.00    0.00    0.00    0.00   97.98
15:12:01      18    1.98    0.00    0.00    0.99    0.00    0.00    0.00    0.00    0.00   97.03
15:12:01      19    1.01    0.00    0.00    0.00    0.00    0.00    0.00    0.00    0.00   98.99
15:12:01      20    2.00    0.00    0.00    0.00    0.00    0.00    0.00    0.00    0.00   98.00
15:12:01      21    1.01    0.00    0.00    0.00    0.00    0.00    0.00    0.00    0.00   98.99
15:12:01      22    1.00    0.00    0.00    1.00    0.00    0.00    0.00    0.00    0.00   98.00
15:12:01      23    1.98    0.00    0.00    0.00    0.00    0.00    0.00    0.00    0.00   98.02

15:12:01     CPU    %usr   %nice    %sys %iowait    %irq   %soft  %steal  %guest  %gnice   %idle
15:12:02     all    1.38    0.00    0.38    0.00    0.00    0.08    0.00    0.00    0.00   98.16
15:12:02       0    1.01    0.00    0.00    0.00    0.00    0.00    0.00    0.00    0.00   98.99
15:12:02       1    0.00    0.00    0.00    0.00    0.00    0.00    0.00    0.00    0.00  100.00
15:12:02       2    2.02    0.00    1.01    0.00    0.00    0.00    0.00    0.00    0.00   96.97
15:12:02       3    0.00    0.00    0.00    0.00    0.00    0.00    0.00    0.00    0.00  100.00
15:12:02       4    2.00    0.00    1.00    0.00    0.00    0.00    0.00    0.00    0.00   97.00
15:12:02       5    0.00    0.00    0.00    0.00    0.00    0.00    0.00    0.00    0.00  100.00
15:12:02       6    1.98    0.00    0.00    0.00    0.00    0.00    0.00    0.00    0.00   98.02
15:12:02       7    0.00    0.00    0.00    0.00    0.00    0.00    0.00    0.00    0.00  100.00
15:12:02       8    4.04    0.00    2.02    0.00    0.00    0.00    0.00    0.00    0.00   93.94
15:12:02       9    0.00    0.00    0.00    0.00    0.00    0.00    0.00    0.00    0.00  100.00
15:12:02      10    7.07    0.00    0.00    0.00    0.00    0.00    0.00    0.00    0.00   92.93
15:12:02      11    0.00    0.00    0.00    0.00    0.00    0.00    0.00    0.00    0.00  100.00
15:12:02      12    2.97    0.00    0.99    0.00    0.00    0.00    0.00    0.00    0.00   96.04
15:12:02      13    0.00    0.00    0.00    0.00    0.00    0.00    0.00    0.00    0.00  100.00
15:12:02      14    1.02    0.00    0.00    0.00    0.00    0.00    0.00    0.00    0.00   98.98
15:12:02      15    0.00    0.00    0.00    0.00    0.00    2.02    0.00    0.00    0.00   97.98
15:12:02      16    2.02    0.00    1.01    0.00    0.00    0.00    0.00    0.00    0.00   96.97
15:12:02      17    2.00    0.00    0.00    0.00    0.00    0.00    0.00    0.00    0.00   98.00
15:12:02      18    1.00    0.00    0.00    0.00    0.00    0.00    0.00    0.00    0.00   99.00
15:12:02      19    1.98    0.00    0.99    0.00    0.00    0.00    0.00    0.00    0.00   97.03
15:12:02      20    1.00    0.00    1.00    0.00    0.00    0.00    0.00    0.00    0.00   98.00
15:12:02      21    1.00    0.00    1.00    0.00    0.00    0.00    0.00    0.00    0.00   98.00
15:12:02      22    1.02    0.00    0.00    0.00    0.00    0.00    0.00    0.00    0.00   98.98
15:12:02      23    1.00    0.00    0.00    0.00    0.00    0.00    0.00    0.00    0.00   99.00

15:12:02     CPU    %usr   %nice    %sys %iowait    %irq   %soft  %steal  %guest  %gnice   %idle
15:12:03     all    1.34    0.00    0.38    0.00    0.00    0.00    0.00    0.00    0.00   98.29
15:12:03       0    1.00    0.00    0.00    0.00    0.00    0.00    0.00    0.00    0.00   99.00
15:12:03       1    0.00    0.00    0.00    0.00    0.00    0.00    0.00    0.00    0.00  100.00
15:12:03       2    0.99    0.00    0.99    0.00    0.00    0.00    0.00    0.00    0.00   98.02
15:12:03       3    0.00    0.00    0.00    0.00    0.00    0.00    0.00    0.00    0.00  100.00
15:12:03       4    3.00    0.00    1.00    0.00    0.00    0.00    0.00    0.00    0.00   96.00
15:12:03       5    0.00    0.00    0.00    0.00    0.00    0.00    0.00    0.00    0.00  100.00
15:12:03       6    1.01    0.00    1.01    0.00    0.00    0.00    0.00    0.00    0.00   97.98
15:12:03       7    0.00    0.00    0.00    0.00    0.00    0.00    0.00    0.00    0.00  100.00
15:12:03       8    6.06    0.00    1.01    0.00    0.00    0.00    0.00    0.00    0.00   92.93
15:12:03       9    0.00    0.00    0.00    0.00    0.00    0.00    0.00    0.00    0.00  100.00
15:12:03      10    6.00    0.00    1.00    0.00    0.00    0.00    0.00    0.00    0.00   93.00
15:12:03      11    0.00    0.00    0.00    0.00    0.00    0.00    0.00    0.00    0.00  100.00
15:12:03      12    1.98    0.00    0.99    0.00    0.00    0.00    0.00    0.00    0.00   97.03
15:12:03      13    0.00    0.00    0.00    0.00    0.00    0.00    0.00    0.00    0.00  100.00
15:12:03      14    5.00    0.00    1.00    0.00    0.00    0.00    0.00    0.00    0.00   94.00
15:12:03      15    0.00    0.00    1.03    0.00    0.00    0.00    0.00    0.00    0.00   98.97
15:12:03      16    1.01    0.00    1.01    0.00    0.00    0.00    0.00    0.00    0.00   97.98
15:12:03      17    1.00    0.00    0.00    0.00    0.00    0.00    0.00    0.00    0.00   99.00
15:12:03      18    1.00    0.00    0.00    0.00    0.00    0.00    0.00    0.00    0.00   99.00
15:12:03      19    0.00    0.00    0.00    0.00    0.00    0.00    0.00    0.00    0.00  100.00
15:12:03      20    1.01    0.00    0.00    0.00    0.00    0.00    0.00    0.00    0.00   98.99
15:12:03      21    0.99    0.00    0.00    0.00    0.00    0.00    0.00    0.00    0.00   99.01
15:12:03      22    2.02    0.00    0.00    0.00    0.00    0.00    0.00    0.00    0.00   97.98
15:12:03      23    0.00    0.00    0.00    0.00    0.00    0.00    0.00    0.00    0.00  100.00

15:12:03     CPU    %usr   %nice    %sys %iowait    %irq   %soft  %steal  %guest  %gnice   %idle
15:12:04     all    1.34    0.00    0.46    0.04    0.00    0.04    0.00    0.00    0.00   98.12
15:12:04       0    0.00    0.00    0.00    0.00    0.00    0.00    0.00    0.00    0.00  100.00
15:12:04       1    0.00    0.00    0.00    0.00    0.00    0.00    0.00    0.00    0.00  100.00
15:12:04       2    3.00    0.00    1.00    0.00    0.00    0.00    0.00    0.00    0.00   96.00
15:12:04       3    0.00    0.00    0.00    0.00    0.00    0.00    0.00    0.00    0.00  100.00
15:12:04       4    2.02    0.00    1.01    0.00    0.00    0.00    0.00    0.00    0.00   96.97
15:12:04       5    0.00    0.00    0.00    0.00    0.00    0.00    0.00    0.00    0.00  100.00
15:12:04       6    3.00    0.00    1.00    0.00    0.00    0.00    0.00    0.00    0.00   96.00
15:12:04       7    0.00    0.00    0.00    0.00    0.00    0.00    0.00    0.00    0.00  100.00
15:12:04       8    3.00    0.00    3.00    0.00    0.00    0.00    0.00    0.00    0.00   94.00
15:12:04       9    0.00    0.00    0.00    0.00    0.00    0.00    0.00    0.00    0.00  100.00
15:12:04      10    9.00    0.00    0.00    0.00    0.00    0.00    0.00    0.00    0.00   91.00
15:12:04      11    0.00    0.00    0.00    0.00    0.00    0.00    0.00    0.00    0.00  100.00
15:12:04      12    3.03    0.00    0.00    0.00    0.00    0.00    0.00    0.00    0.00   96.97
15:12:04      13    0.00    0.00    0.00    1.00    0.00    0.00    0.00    0.00    0.00   99.00
15:12:04      14    1.98    0.00    0.99    0.00    0.00    0.00    0.00    0.00    0.00   97.03
15:12:04      15    0.00    0.00    0.00    0.00    0.00    1.02    0.00    0.00    0.00   98.98
15:12:04      16    1.98    0.00    0.99    0.00    0.00    0.00    0.00    0.00    0.00   97.03
15:12:04      17    1.01    0.00    0.00    0.00    0.00    0.00    0.00    0.00    0.00   98.99
15:12:04      18    1.00    0.00    1.00    0.00    0.00    0.00    0.00    0.00    0.00   98.00
15:12:04      19    0.00    0.00    0.00    0.00    0.00    0.00    0.00    0.00    0.00  100.00
15:12:04      20    1.00    0.00    0.00    0.00    0.00    0.00    0.00    0.00    0.00   99.00
15:12:04      21    0.00    0.00    0.00    0.00    0.00    0.00    0.00    0.00    0.00  100.00
15:12:04      22    1.00    0.00    1.00    0.00    0.00    0.00    0.00    0.00    0.00   98.00
15:12:04      23    0.99    0.00    0.99    0.00    0.00    0.00    0.00    0.00    0.00   98.02

15:12:04     CPU    %usr   %nice    %sys %iowait    %irq   %soft  %steal  %guest  %gnice   %idle
15:12:05     all    1.34    0.00    0.29    0.04    0.00    0.04    0.00    0.00    0.00   98.29
15:12:05       0    1.00    0.00    0.00    0.00    0.00    0.00    0.00    0.00    0.00   99.00
15:12:05       1    0.00    0.00    0.00    0.00    0.00    0.00    0.00    0.00    0.00  100.00
15:12:05       2    2.02    0.00    0.00    0.00    0.00    0.00    0.00    0.00    0.00   97.98
15:12:05       3    0.00    0.00    0.00    0.00    0.00    0.00    0.00    0.00    0.00  100.00
15:12:05       4    0.99    0.00    0.99    0.00    0.00    0.00    0.00    0.00    0.00   98.02
15:12:05       5    0.00    0.00    0.00    0.00    0.00    0.00    0.00    0.00    0.00  100.00
15:12:05       6    2.00    0.00    1.00    0.00    0.00    0.00    0.00    0.00    0.00   97.00
15:12:05       7    0.00    0.00    0.00    0.00    0.00    0.00    0.00    0.00    0.00  100.00
15:12:05       8    4.00    0.00    2.00    0.00    0.00    0.00    0.00    0.00    0.00   94.00
15:12:05       9    0.00    0.00    0.00    0.00    0.00    0.00    0.00    0.00    0.00  100.00
15:12:05      10    7.07    0.00    0.00    1.01    0.00    0.00    0.00    0.00    0.00   91.92
15:12:05      11    0.00    0.00    0.00    0.00    0.00    0.00    0.00    0.00    0.00  100.00
15:12:05      12    3.00    0.00    1.00    0.00    0.00    0.00    0.00    0.00    0.00   96.00
15:12:05      13    0.00    0.00    0.00    0.00    0.00    0.00    0.00    0.00    0.00  100.00
15:12:05      14    1.02    0.00    0.00    0.00    0.00    0.00    0.00    0.00    0.00   98.98
15:12:05      15    1.01    0.00    0.00    0.00    0.00    1.01    0.00    0.00    0.00   97.98
15:12:05      16    2.02    0.00    1.01    0.00    0.00    0.00    0.00    0.00    0.00   96.97
15:12:05      17    1.00    0.00    0.00    0.00    0.00    0.00    0.00    0.00    0.00   99.00
15:12:05      18    2.02    0.00    0.00    0.00    0.00    0.00    0.00    0.00    0.00   97.98
15:12:05      19    1.00    0.00    0.00    0.00    0.00    0.00    0.00    0.00    0.00   99.00
15:12:05      20    0.00    0.00    0.00    0.00    0.00    0.00    0.00    0.00    0.00  100.00
15:12:05      21    1.96    0.00    0.98    0.00    0.00    0.00    0.00    0.00    0.00   97.06
15:12:05      22    1.02    0.00    0.00    0.00    0.00    0.00    0.00    0.00    0.00   98.98
15:12:05      23    1.00    0.00    0.00    0.00    0.00    0.00    0.00    0.00    0.00   99.00

15:12:05     CPU    %usr   %nice    %sys %iowait    %irq   %soft  %steal  %guest  %gnice   %idle
15:12:06     all    1.46    0.00    0.33    0.00    0.00    0.08    0.00    0.00    0.00   98.12
15:12:06       0    2.00    0.00    0.00    0.00    0.00    0.00    0.00    0.00    0.00   98.00
15:12:06       1    0.00    0.00    0.00    0.00    0.00    0.00    0.00    0.00    0.00  100.00
15:12:06       2    1.00    0.00    1.00    0.00    0.00    0.00    0.00    0.00    0.00   98.00
15:12:06       3    0.00    0.00    0.00    0.00    0.00    0.00    0.00    0.00    0.00  100.00
15:12:06       4    3.00    0.00    1.00    0.00    0.00    0.00    0.00    0.00    0.00   96.00
15:12:06       5    0.00    0.00    0.00    0.00    0.00    0.00    0.00    0.00    0.00  100.00
15:12:06       6    1.01    0.00    0.00    0.00    0.00    0.00    0.00    0.00    0.00   98.99
15:12:06       7    0.00    0.00    0.00    0.00    0.00    0.00    0.00    0.00    0.00  100.00
15:12:06       8    3.00    0.00    1.00    0.00    0.00    0.00    0.00    0.00    0.00   96.00
15:12:06       9    0.00    0.00    0.00    0.00    0.00    0.00    0.00    0.00    0.00  100.00
15:12:06      10    8.08    0.00    1.01    0.00    0.00    0.00    0.00    0.00    0.00   90.91
15:12:06      11    0.00    0.00    0.00    0.00    0.00    0.00    0.00    0.00    0.00  100.00
15:12:06      12    3.00    0.00    0.00    0.00    0.00    0.00    0.00    0.00    0.00   97.00
15:12:06      13    0.00    0.00    0.00    0.00    0.00    0.00    0.00    0.00    0.00  100.00
15:12:06      14    2.00    0.00    1.00    0.00    0.00    0.00    0.00    0.00    0.00   97.00
15:12:06      15    0.00    0.00    0.00    0.00    0.00    2.02    0.00    0.00    0.00   97.98
15:12:06      16    4.00    0.00    1.00    0.00    0.00    0.00    0.00    0.00    0.00   95.00
15:12:06      17    1.01    0.00    1.01    0.00    0.00    0.00    0.00    0.00    0.00   97.98
15:12:06      18    2.00    0.00    1.00    0.00    0.00    0.00    0.00    0.00    0.00   97.00
15:12:06      19    2.02    0.00    0.00    0.00    0.00    0.00    0.00    0.00    0.00   97.98
15:12:06      20    1.00    0.00    0.00    0.00    0.00    0.00    0.00    0.00    0.00   99.00
15:12:06      21    1.00    0.00    0.00    0.00    0.00    0.00    0.00    0.00    0.00   99.00
15:12:06      22    1.01    0.00    0.00    0.00    0.00    0.00    0.00    0.00    0.00   98.99
15:12:06      23    0.00    0.00    0.00    0.00    0.00    0.00    0.00    0.00    0.00  100.00

15:12:06     CPU    %usr   %nice    %sys %iowait    %irq   %soft  %steal  %guest  %gnice   %idle
15:12:07     all    1.34    0.00    0.38    0.00    0.00    0.08    0.00    0.00    0.00   98.21
15:12:07       0    3.00    0.00    1.00    0.00    0.00    0.00    0.00    0.00    0.00   96.00
15:12:07       1    0.00    0.00    0.00    0.00    0.00    0.00    0.00    0.00    0.00  100.00
15:12:07       2    1.01    0.00    0.00    0.00    0.00    0.00    0.00    0.00    0.00   98.99
15:12:07       3    0.00    0.00    0.00    0.00    0.00    0.00    0.00    0.00    0.00  100.00
15:12:07       4    0.00    0.00    0.00    0.00    0.00    0.00    0.00    0.00    0.00  100.00
15:12:07       5    0.00    0.00    0.00    0.00    0.00    0.00    0.00    0.00    0.00  100.00
15:12:07       6    1.00    0.00    0.00    0.00    0.00    0.00    0.00    0.00    0.00   99.00
15:12:07       7    0.00    0.00    0.00    0.00    0.00    0.99    0.00    0.00    0.00   99.01
15:12:07       8    5.00    0.00    0.00    0.00    0.00    0.00    0.00    0.00    0.00   95.00
15:12:07       9    0.00    0.00    0.00    0.00    0.00    0.00    0.00    0.00    0.00  100.00
15:12:07      10    5.00    0.00    1.00    0.00    0.00    0.00    0.00    0.00    0.00   94.00
15:12:07      11    0.00    0.00    0.00    0.00    0.00    0.00    0.00    0.00    0.00  100.00
15:12:07      12    3.03    0.00    2.02    0.00    0.00    0.00    0.00    0.00    0.00   94.95
15:12:07      13    0.00    0.00    0.00    0.00    0.00    0.00    0.00    0.00    0.00  100.00
15:12:07      14    1.01    0.00    0.00    0.00    0.00    0.00    0.00    0.00    0.00   98.99
15:12:07      15    1.00    0.00    1.00    0.00    0.00    1.00    0.00    0.00    0.00   97.00
15:12:07      16    3.03    0.00    0.00    0.00    0.00    0.00    0.00    0.00    0.00   96.97
15:12:07      17    3.03    0.00    0.00    0.00    0.00    0.00    0.00    0.00    0.00   96.97
15:12:07      18    0.99    0.00    0.99    0.00    0.00    0.00    0.00    0.00    0.00   98.02
15:12:07      19    1.98    0.00    0.99    0.00    0.00    0.00    0.00    0.00    0.00   97.03
15:12:07      20    1.00    0.00    0.00    0.00    0.00    0.00    0.00    0.00    0.00   99.00
15:12:07      21    1.00    0.00    0.00    0.00    0.00    0.00    0.00    0.00    0.00   99.00
15:12:07      22    0.00    0.00    1.01    0.00    0.00    0.00    0.00    0.00    0.00   98.99
15:12:07      23    0.99    0.00    0.99    0.00    0.00    0.00    0.00    0.00    0.00   98.02

15:12:07     CPU    %usr   %nice    %sys %iowait    %irq   %soft  %steal  %guest  %gnice   %idle
15:12:08     all    1.25    0.00    0.42    0.00    0.00    0.04    0.00    0.00    0.00   98.29
15:12:08       0    1.00    0.00    0.00    0.00    0.00    0.00    0.00    0.00    0.00   99.00
15:12:08       1    0.00    0.00    0.00    0.00    0.00    0.00    0.00    0.00    0.00  100.00
15:12:08       2    1.00    0.00    1.00    0.00    0.00    0.00    0.00    0.00    0.00   98.00
15:12:08       3    0.00    0.00    0.00    0.00    0.00    0.00    0.00    0.00    0.00  100.00
15:12:08       4    0.99    0.00    0.99    0.00    0.00    0.00    0.00    0.00    0.00   98.02
15:12:08       5    0.00    0.00    0.00    0.00    0.00    0.00    0.00    0.00    0.00  100.00
15:12:08       6    2.00    0.00    0.00    0.00    0.00    0.00    0.00    0.00    0.00   98.00
15:12:08       7    0.00    0.00    0.00    0.00    0.00    0.00    0.00    0.00    0.00  100.00
15:12:08       8    3.03    0.00    1.01    0.00    0.00    0.00    0.00    0.00    0.00   95.96
15:12:08       9    0.00    0.00    0.00    0.00    0.00    0.00    0.00    0.00    0.00  100.00
15:12:08      10    8.00    0.00    2.00    0.00    0.00    0.00    0.00    0.00    0.00   90.00
15:12:08      11    0.00    0.00    0.00    0.00    0.00    0.00    0.00    0.00    0.00  100.00
15:12:08      12    2.97    0.00    0.99    0.00    0.00    0.00    0.00    0.00    0.00   96.04
15:12:08      13    0.00    0.00    0.00    0.00    0.00    0.00    0.00    0.00    0.00  100.00
15:12:08      14    1.98    0.00    0.99    0.00    0.00    0.00    0.00    0.00    0.00   97.03
15:12:08      15    0.00    0.00    1.02    0.00    0.00    1.02    0.00    0.00    0.00   97.96
15:12:08      16    3.00    0.00    0.00    0.00    0.00    0.00    0.00    0.00    0.00   97.00
15:12:08      17    2.02    0.00    1.01    0.00    0.00    0.00    0.00    0.00    0.00   96.97
15:12:08      18    1.01    0.00    0.00    0.00    0.00    0.00    0.00    0.00    0.00   98.99
15:12:08      19    0.00    0.00    0.00    0.00    0.00    0.00    0.00    0.00    0.00  100.00
15:12:08      20    1.00    0.00    1.00    0.00    0.00    0.00    0.00    0.00    0.00   98.00
15:12:08      21    0.00    0.00    0.00    0.00    0.00    0.00    0.00    0.00    0.00  100.00
15:12:08      22    1.02    0.00    0.00    0.00    0.00    0.00    0.00    0.00    0.00   98.98
15:12:08      23    1.00    0.00    0.00    0.00    0.00    0.00    0.00    0.00    0.00   99.00

15:12:08     CPU    %usr   %nice    %sys %iowait    %irq   %soft  %steal  %guest  %gnice   %idle
15:12:09     all    1.71    0.00    0.38    0.04    0.00    0.08    0.00    0.00    0.00   97.79
15:12:09       0    1.00    0.00    1.00    0.00    0.00    0.00    0.00    0.00    0.00   98.00
15:12:09       1    0.00    0.00    0.00    0.00    0.00    0.00    0.00    0.00    0.00  100.00
15:12:09       2    2.97    0.00    0.00    0.00    0.00    0.00    0.00    0.00    0.00   97.03
15:12:09       3    0.00    0.00    0.00    0.00    0.00    0.00    0.00    0.00    0.00  100.00
15:12:09       4    2.02    0.00    1.01    0.00    0.00    0.00    0.00    0.00    0.00   96.97
15:12:09       5    0.00    0.00    0.00    0.00    0.00    0.00    0.00    0.00    0.00  100.00
15:12:09       6    2.00    0.00    0.00    0.00    0.00    0.00    0.00    0.00    0.00   98.00
15:12:09       7    0.00    0.00    0.00    0.00    0.00    0.00    0.00    0.00    0.00  100.00
15:12:09       8    7.07    0.00    0.00    0.00    0.00    0.00    0.00    0.00    0.00   92.93
15:12:09       9    0.00    0.00    0.00    1.00    0.00    0.00    0.00    0.00    0.00   99.00
15:12:09      10   13.13    0.00    1.01    0.00    0.00    0.00    0.00    0.00    0.00   85.86
15:12:09      11    0.00    0.00    0.00    0.00    0.00    0.00    0.00    0.00    0.00  100.00
15:12:09      12    3.03    0.00    1.01    0.00    0.00    0.00    0.00    0.00    0.00   95.96
15:12:09      13    0.00    0.00    0.00    0.00    0.00    0.00    0.00    0.00    0.00  100.00
15:12:09      14    1.01    0.00    0.00    0.00    0.00    0.00    0.00    0.00    0.00   98.99
15:12:09      15    1.00    0.00    0.00    0.00    0.00    2.00    0.00    0.00    0.00   97.00
15:12:09      16    0.00    0.00    0.00    0.00    0.00    0.00    0.00    0.00    0.00  100.00
15:12:09      17    1.00    0.00    1.00    0.00    0.00    0.00    0.00    0.00    0.00   98.00
15:12:09      18    1.00    0.00    1.00    0.00    0.00    0.00    0.00    0.00    0.00   98.00
15:12:09      19    0.99    0.00    0.99    0.00    0.00    0.00    0.00    0.00    0.00   98.02
15:12:09      20    1.00    0.00    0.00    0.00    0.00    0.00    0.00    0.00    0.00   99.00
15:12:09      21    1.01    0.00    0.00    0.00    0.00    0.00    0.00    0.00    0.00   98.99
15:12:09      22    1.00    0.00    1.00    0.00    0.00    0.00    0.00    0.00    0.00   98.00
15:12:09      23    2.00    0.00    1.00    0.00    0.00    0.00    0.00    0.00    0.00   97.00

15:12:09     CPU    %usr   %nice    %sys %iowait    %irq   %soft  %steal  %guest  %gnice   %idle
15:12:10     all    1.51    0.00    0.46    0.04    0.00    0.04    0.00    0.00    0.00   97.95
15:12:10       0    2.02    0.00    0.00    0.00    0.00    0.00    0.00    0.00    0.00   97.98
15:12:10       1    0.00    0.00    0.00    0.00    0.00    0.00    0.00    0.00    0.00  100.00
15:12:10       2    1.01    0.00    0.00    0.00    0.00    0.00    0.00    0.00    0.00   98.99
15:12:10       3    0.00    0.00    0.00    0.00    0.00    0.00    0.00    0.00    0.00  100.00
15:12:10       4    2.02    0.00    0.00    0.00    0.00    0.00    0.00    0.00    0.00   97.98
15:12:10       5    0.00    0.00    0.00    0.00    0.00    0.00    0.00    0.00    0.00  100.00
15:12:10       6    1.00    0.00    1.00    0.00    0.00    0.00    0.00    0.00    0.00   98.00
15:12:10       7    0.00    0.00    0.00    0.00    0.00    0.00    0.00    0.00    0.00  100.00
15:12:10       8    6.06    0.00    2.02    0.00    0.00    0.00    0.00    0.00    0.00   91.92
15:12:10       9    0.00    0.00    0.00    0.00    0.00    0.00    0.00    0.00    0.00  100.00
15:12:10      10    6.00    0.00    0.00    0.00    0.00    0.00    0.00    0.00    0.00   94.00
15:12:10      11    0.00    0.00    0.00    0.00    0.00    0.00    0.00    0.00    0.00  100.00
15:12:10      12    2.00    0.00    1.00    0.00    0.00    0.00    0.00    0.00    0.00   97.00
15:12:10      13    0.00    0.00    0.00    1.00    0.00    0.00    0.00    0.00    0.00   99.00
15:12:10      14    2.00    0.00    1.00    0.00    0.00    0.00    0.00    0.00    0.00   97.00
15:12:10      15    0.00    0.00    0.00    0.00    0.00    1.02    0.00    0.00    0.00   98.98
15:12:10      16    1.01    0.00    1.01    0.00    0.00    0.00    0.00    0.00    0.00   97.98
15:12:10      17    1.00    0.00    0.00    0.00    0.00    0.00    0.00    0.00    0.00   99.00
15:12:10      18    1.01    0.00    0.00    0.00    0.00    0.00    0.00    0.00    0.00   98.99
15:12:10      19    2.02    0.00    2.02    0.00    0.00    0.00    0.00    0.00    0.00   95.96
15:12:10      20    1.01    0.00    1.01    0.00    0.00    0.00    0.00    0.00    0.00   97.98
15:12:10      21    2.97    0.00    1.98    0.00    0.00    0.00    0.00    0.00    0.00   95.05
15:12:10      22    2.02    0.00    0.00    0.00    0.00    0.00    0.00    0.00    0.00   97.98
15:12:10      23    2.97    0.00    0.00    0.00    0.00    0.00    0.00    0.00    0.00   97.03

15:12:10     CPU    %usr   %nice    %sys %iowait    %irq   %soft  %steal  %guest  %gnice   %idle
15:12:11     all    1.34    0.00    0.42    0.00    0.00    0.08    0.00    0.00    0.00   98.16
15:12:11       0    3.03    0.00    0.00    0.00    0.00    0.00    0.00    0.00    0.00   96.97
15:12:11       1    0.00    0.00    0.00    0.00    0.00    0.00    0.00    0.00    0.00  100.00
15:12:11       2    1.01    0.00    0.00    0.00    0.00    0.00    0.00    0.00    0.00   98.99
15:12:11       3    0.00    0.00    0.00    0.00    0.00    0.00    0.00    0.00    0.00  100.00
15:12:11       4    1.00    0.00    0.00    0.00    0.00    0.00    0.00    0.00    0.00   99.00
15:12:11       5    0.00    0.00    0.00    0.00    0.00    0.00    0.00    0.00    0.00  100.00
15:12:11       6    3.00    0.00    1.00    0.00    0.00    0.00    0.00    0.00    0.00   96.00
15:12:11       7    0.00    0.00    0.00    0.00    0.00    0.00    0.00    0.00    0.00  100.00
15:12:11       8    2.04    0.00    1.02    0.00    0.00    0.00    0.00    0.00    0.00   96.94
15:12:11       9    0.00    0.00    0.00    0.00    0.00    0.00    0.00    0.00    0.00  100.00
15:12:11      10    5.05    0.00    1.01    0.00    0.00    0.00    0.00    0.00    0.00   93.94
15:12:11      11    3.96    0.00    0.00    0.00    0.00    0.00    0.00    0.00    0.00   96.04
15:12:11      12    1.01    0.00    1.01    0.00    0.00    0.00    0.00    0.00    0.00   97.98
15:12:11      13    0.00    0.00    0.00    0.00    0.00    0.00    0.00    0.00    0.00  100.00
15:12:11      14    1.00    0.00    1.00    0.00    0.00    0.00    0.00    0.00    0.00   98.00
15:12:11      15    0.99    0.00    0.99    0.00    0.00    1.98    0.00    0.00    0.00   96.04
15:12:11      16    1.01    0.00    1.01    0.00    0.00    0.00    0.00    0.00    0.00   97.98
15:12:11      17    1.00    0.00    1.00    0.00    0.00    0.00    0.00    0.00    0.00   98.00
15:12:11      18    0.00    0.00    0.00    0.00    0.00    0.00    0.00    0.00    0.00  100.00
15:12:11      19    0.99    0.00    0.00    0.00    0.00    0.00    0.00    0.00    0.00   99.01
15:12:11      20    2.97    0.00    0.00    0.00    0.00    0.00    0.00    0.00    0.00   97.03
15:12:11      21    1.98    0.00    0.99    0.00    0.00    0.00    0.00    0.00    0.00   97.03
15:12:11      22    0.00    0.00    0.00    0.00    0.00    0.00    0.00    0.00    0.00  100.00
15:12:11      23    2.00    0.00    1.00    0.00    0.00    0.00    0.00    0.00    0.00   97.00

15:12:11     CPU    %usr   %nice    %sys %iowait    %irq   %soft  %steal  %guest  %gnice   %idle
15:12:12     all    1.42    0.00    0.46    0.04    0.00    0.04    0.00    0.00    0.00   98.04
15:12:12       0    0.00    0.00    1.00    0.00    0.00    0.00    0.00    0.00    0.00   99.00
15:12:12       1    0.00    0.00    0.00    0.00    0.00    0.00    0.00    0.00    0.00  100.00
15:12:12       2    2.00    0.00    1.00    0.00    0.00    0.00    0.00    0.00    0.00   97.00
15:12:12       3    0.99    0.00    0.00    0.99    0.00    0.00    0.00    0.00    0.00   98.02
15:12:12       4    1.00    0.00    1.00    0.00    0.00    0.00    0.00    0.00    0.00   98.00
15:12:12       5    0.99    0.00    0.00    0.00    0.00    0.00    0.00    0.00    0.00   99.01
15:12:12       6    2.00    0.00    0.00    0.00    0.00    0.00    0.00    0.00    0.00   98.00
15:12:12       7    0.00    0.00    0.00    0.00    0.00    0.00    0.00    0.00    0.00  100.00
15:12:12       8    3.00    0.00    2.00    0.00    0.00    0.00    0.00    0.00    0.00   95.00
15:12:12       9    0.00    0.00    0.00    0.00    0.00    0.00    0.00    0.00    0.00  100.00
15:12:12      10    6.00    0.00    1.00    0.00    0.00    0.00    0.00    0.00    0.00   93.00
15:12:12      11    5.05    0.00    0.00    0.00    0.00    0.00    0.00    0.00    0.00   94.95
15:12:12      12    2.00    0.00    1.00    0.00    0.00    0.00    0.00    0.00    0.00   97.00
15:12:12      13    0.00    0.00    0.00    0.00    0.00    0.00    0.00    0.00    0.00  100.00
15:12:12      14    3.00    0.00    0.00    0.00    0.00    0.00    0.00    0.00    0.00   97.00
15:12:12      15    0.00    0.00    0.00    0.00    0.00    1.02    0.00    0.00    0.00   98.98
15:12:12      16    2.00    0.00    1.00    0.00    0.00    0.00    0.00    0.00    0.00   97.00
15:12:12      17    2.00    0.00    1.00    0.00    0.00    0.00    0.00    0.00    0.00   97.00
15:12:12      18    1.96    0.00    0.98    0.00    0.00    0.00    0.00    0.00    0.00   97.06
15:12:12      19    1.01    0.00    0.00    0.00    0.00    0.00    0.00    0.00    0.00   98.99
15:12:12      20    0.00    0.00    0.00    0.00    0.00    0.00    0.00    0.00    0.00  100.00
15:12:12      21    0.00    0.00    0.00    0.00    0.00    0.00    0.00    0.00    0.00  100.00
15:12:12      22    1.00    0.00    1.00    0.00    0.00    0.00    0.00    0.00    0.00   98.00
15:12:12      23    0.00    0.00    0.00    0.00    0.00    0.00    0.00    0.00    0.00  100.00

15:12:12     CPU    %usr   %nice    %sys %iowait    %irq   %soft  %steal  %guest  %gnice   %idle
15:12:13     all    1.46    0.00    0.38    0.00    0.00    0.04    0.00    0.00    0.00   98.12
15:12:13       0    1.01    0.00    0.00    0.00    0.00    0.00    0.00    0.00    0.00   98.99
15:12:13       1    0.00    0.00    0.00    0.00    0.00    0.00    0.00    0.00    0.00  100.00
15:12:13       2    1.00    0.00    1.00    0.00    0.00    0.00    0.00    0.00    0.00   98.00
15:12:13       3    0.00    0.00    0.00    0.00    0.00    0.00    0.00    0.00    0.00  100.00
15:12:13       4    1.00    0.00    0.00    0.00    0.00    0.00    0.00    0.00    0.00   99.00
15:12:13       5    0.00    0.00    0.00    0.00    0.00    0.00    0.00    0.00    0.00  100.00
15:12:13       6    2.02    0.00    0.00    0.00    0.00    0.00    0.00    0.00    0.00   97.98
15:12:13       7    0.00    0.00    0.00    0.00    0.00    0.00    0.00    0.00    0.00  100.00
15:12:13       8    2.02    0.00    1.01    0.00    0.00    0.00    0.00    0.00    0.00   96.97
15:12:13       9    0.00    0.00    0.00    0.00    0.00    0.00    0.00    0.00    0.00  100.00
15:12:13      10    3.00    0.00    1.00    0.00    0.00    0.00    0.00    0.00    0.00   96.00
15:12:13      11    5.94    0.00    0.00    0.00    0.00    0.00    0.00    0.00    0.00   94.06
15:12:13      12    2.00    0.00    1.00    0.00    0.00    0.00    0.00    0.00    0.00   97.00
15:12:13      13    0.00    0.00    0.00    0.00    0.00    0.00    0.00    0.00    0.00  100.00
15:12:13      14    3.00    0.00    1.00    0.00    0.00    0.00    0.00    0.00    0.00   96.00
15:12:13      15    0.00    0.00    1.00    0.00    0.00    1.00    0.00    0.00    0.00   98.00
15:12:13      16    2.00    0.00    1.00    0.00    0.00    0.00    0.00    0.00    0.00   97.00
15:12:13      17    0.00    0.00    0.00    0.00    0.00    0.00    0.00    0.00    0.00  100.00
15:12:13      18    0.00    0.00    0.00    0.00    0.00    0.00    0.00    0.00    0.00  100.00
15:12:13      19    1.00    0.00    0.00    0.00    0.00    0.00    0.00    0.00    0.00   99.00
15:12:13      20    3.96    0.00    0.99    0.00    0.00    0.00    0.00    0.00    0.00   95.05
15:12:13      21    3.00    0.00    0.00    0.00    0.00    0.00    0.00    0.00    0.00   97.00
15:12:13      22    1.02    0.00    1.02    0.00    0.00    0.00    0.00    0.00    0.00   97.96
15:12:13      23    3.03    0.00    0.00    0.00    0.00    0.00    0.00    0.00    0.00   96.97

15:12:13     CPU    %usr   %nice    %sys %iowait    %irq   %soft  %steal  %guest  %gnice   %idle
15:12:14     all    1.55    0.00    0.38    0.00    0.00    0.08    0.00    0.00    0.00   97.99
15:12:14       0    1.00    0.00    1.00    0.00    0.00    0.00    0.00    0.00    0.00   98.00
15:12:14       1    0.00    0.00    0.00    0.00    0.00    0.00    0.00    0.00    0.00  100.00
15:12:14       2    1.01    0.00    0.00    0.00    0.00    0.00    0.00    0.00    0.00   98.99
15:12:14       3    0.00    0.00    0.00    0.00    0.00    0.00    0.00    0.00    0.00  100.00
15:12:14       4    0.00    0.00    0.00    0.00    0.00    0.00    0.00    0.00    0.00  100.00
15:12:14       5    0.00    0.00    0.00    0.00    0.00    0.00    0.00    0.00    0.00  100.00
15:12:14       6    3.00    0.00    0.00    0.00    0.00    0.00    0.00    0.00    0.00   97.00
15:12:14       7    0.00    0.00    0.00    0.00    0.00    0.00    0.00    0.00    0.00  100.00
15:12:14       8    4.04    0.00    2.02    0.00    0.00    0.00    0.00    0.00    0.00   93.94
15:12:14       9    0.00    0.00    0.00    0.00    0.00    0.00    0.00    0.00    0.00  100.00
15:12:14      10    3.03    0.00    1.01    0.00    0.00    0.00    0.00    0.00    0.00   95.96
15:12:14      11    6.00    0.00    0.00    0.00    0.00    0.00    0.00    0.00    0.00   94.00
15:12:14      12    2.02    0.00    0.00    0.00    0.00    0.00    0.00    0.00    0.00   97.98
15:12:14      13    0.00    0.00    0.00    0.00    0.00    0.00    0.00    0.00    0.00  100.00
15:12:14      14    1.01    0.00    0.00    0.00    0.00    0.00    0.00    0.00    0.00   98.99
15:12:14      15    1.00    0.00    0.00    0.00    0.00    2.00    0.00    0.00    0.00   97.00
15:12:14      16    2.00    0.00    1.00    0.00    0.00    0.00    0.00    0.00    0.00   97.00
15:12:14      17    1.98    0.00    0.99    0.00    0.00    0.00    0.00    0.00    0.00   97.03
15:12:14      18    2.00    0.00    0.00    0.00    0.00    0.00    0.00    0.00    0.00   98.00
15:12:14      19    2.00    0.00    0.00    0.00    0.00    0.00    0.00    0.00    0.00   98.00
15:12:14      20    1.98    0.00    0.99    0.00    0.00    0.00    0.00    0.00    0.00   97.03
15:12:14      21    1.00    0.00    0.00    0.00    0.00    0.00    0.00    0.00    0.00   99.00
15:12:14      22    2.02    0.00    1.01    0.00    0.00    0.00    0.00    0.00    0.00   96.97
15:12:14      23    1.98    0.00    0.99    0.00    0.00    0.00    0.00    0.00    0.00   97.03

15:12:14     CPU    %usr   %nice    %sys %iowait    %irq   %soft  %steal  %guest  %gnice   %idle
15:12:15     all    1.46    0.00    0.42    0.00    0.00    0.04    0.00    0.00    0.00   98.08
15:12:15       0    1.00    0.00    0.00    0.00    0.00    0.00    0.00    0.00    0.00   99.00
15:12:15       1    0.00    0.00    0.00    0.00    0.00    0.00    0.00    0.00    0.00  100.00
15:12:15       2    1.00    0.00    1.00    0.00    0.00    0.00    0.00    0.00    0.00   98.00
15:12:15       3    0.00    0.00    0.00    0.00    0.00    0.00    0.00    0.00    0.00  100.00
15:12:15       4    2.00    0.00    0.00    0.00    0.00    0.00    0.00    0.00    0.00   98.00
15:12:15       5    0.00    0.00    0.00    0.00    0.00    0.00    0.00    0.00    0.00  100.00
15:12:15       6    2.00    0.00    1.00    0.00    0.00    0.00    0.00    0.00    0.00   97.00
15:12:15       7    0.00    0.00    0.00    0.00    0.00    0.00    0.00    0.00    0.00  100.00
15:12:15       8    5.94    0.00    0.99    0.00    0.00    0.00    0.00    0.00    0.00   93.07
15:12:15       9    0.00    0.00    0.00    0.00    0.00    0.00    0.00    0.00    0.00  100.00
15:12:15      10    3.03    0.00    0.00    0.00    0.00    0.00    0.00    0.00    0.00   96.97
15:12:15      11    5.94    0.00    0.00    0.00    0.00    0.00    0.00    0.00    0.00   94.06
15:12:15      12    2.00    0.00    0.00    0.00    0.00    0.00    0.00    0.00    0.00   98.00
15:12:15      13    0.00    0.00    0.00    0.00    0.00    0.00    0.00    0.00    0.00  100.00
15:12:15      14    1.00    0.00    1.00    0.00    0.00    0.00    0.00    0.00    0.00   98.00
15:12:15      15    0.00    0.00    0.00    0.00    0.00    1.02    0.00    0.00    0.00   98.98
15:12:15      16    3.96    0.00    0.99    0.00    0.00    0.00    0.00    0.00    0.00   95.05
15:12:15      17    3.00    0.00    1.00    0.00    0.00    0.00    0.00    0.00    0.00   96.00
15:12:15      18    1.00    0.00    1.00    0.00    0.00    0.00    0.00    0.00    0.00   98.00
15:12:15      19    1.00    0.00    1.00    0.00    0.00    0.00    0.00    0.00    0.00   98.00
15:12:15      20    1.00    0.00    0.00    0.00    0.00    0.00    0.00    0.00    0.00   99.00
15:12:15      21    0.00    0.00    1.00    0.00    0.00    0.00    0.00    0.00    0.00   99.00
15:12:15      22    1.01    0.00    0.00    0.00    0.00    0.00    0.00    0.00    0.00   98.99
15:12:15      23    0.00    0.00    0.99    0.00    0.00    0.00    0.00    0.00    0.00   99.01

15:12:15     CPU    %usr   %nice    %sys %iowait    %irq   %soft  %steal  %guest  %gnice   %idle
15:12:16     all    1.42    0.00    0.38    0.13    0.00    0.04    0.00    0.00    0.00   98.04
15:12:16       0    1.00    0.00    0.00    0.00    0.00    0.00    0.00    0.00    0.00   99.00
15:12:16       1    0.00    0.00    0.00    0.00    0.00    0.00    0.00    0.00    0.00  100.00
15:12:16       2    1.00    0.00    0.00    0.00    0.00    0.00    0.00    0.00    0.00   99.00
15:12:16       3    0.00    0.00    0.00    0.00    0.00    0.00    0.00    0.00    0.00  100.00
15:12:16       4    2.00    0.00    1.00    0.00    0.00    0.00    0.00    0.00    0.00   97.00
15:12:16       5    0.00    0.00    0.00    0.00    0.00    0.00    0.00    0.00    0.00  100.00
15:12:16       6    1.00    0.00    0.00    0.00    0.00    0.00    0.00    0.00    0.00   99.00
15:12:16       7    0.00    0.00    0.00    0.00    0.00    0.00    0.00    0.00    0.00  100.00
15:12:16       8    5.10    0.00    1.02    0.00    0.00    0.00    0.00    0.00    0.00   93.88
15:12:16       9    0.00    0.00    0.00    0.00    0.00    0.00    0.00    0.00    0.00  100.00
15:12:16      10    4.00    0.00    1.00    0.00    0.00    0.00    0.00    0.00    0.00   95.00
15:12:16      11    5.94    0.00    0.00    0.99    0.00    0.00    0.00    0.00    0.00   93.07
15:12:16      12    2.00    0.00    2.00    0.00    0.00    0.00    0.00    0.00    0.00   96.00
15:12:16      13    0.00    0.00    0.00    1.00    0.00    0.00    0.00    0.00    0.00   99.00
15:12:16      14    2.00    0.00    0.00    0.00    0.00    0.00    0.00    0.00    0.00   98.00
15:12:16      15    1.01    0.00    1.01    0.00    0.00    1.01    0.00    0.00    0.00   96.97
15:12:16      16    1.98    0.00    0.99    0.99    0.00    0.00    0.00    0.00    0.00   96.04
15:12:16      17    1.98    0.00    0.99    0.00    0.00    0.00    0.00    0.00    0.00   97.03
15:12:16      18    1.01    0.00    0.00    0.00    0.00    0.00    0.00    0.00    0.00   98.99
15:12:16      19    1.01    0.00    0.00    0.00    0.00    0.00    0.00    0.00    0.00   98.99
15:12:16      20    1.00    0.00    0.00    0.00    0.00    0.00    0.00    0.00    0.00   99.00
15:12:16      21    0.99    0.00    0.00    0.00    0.00    0.00    0.00    0.00    0.00   99.01
15:12:16      22    0.00    0.00    0.00    0.00    0.00    0.00    0.00    0.00    0.00  100.00
15:12:16      23    1.00    0.00    1.00    0.00    0.00    0.00    0.00    0.00    0.00   98.00

15:12:16     CPU    %usr   %nice    %sys %iowait    %irq   %soft  %steal  %guest  %gnice   %idle
15:12:17     all    1.21    0.00    0.29    0.00    0.00    0.08    0.00    0.00    0.00   98.41
15:12:17       0    1.01    0.00    1.01    0.00    0.00    0.00    0.00    0.00    0.00   97.98
15:12:17       1    0.00    0.00    0.00    0.00    0.00    0.00    0.00    0.00    0.00  100.00
15:12:17       2    1.00    0.00    1.00    0.00    0.00    0.00    0.00    0.00    0.00   98.00
15:12:17       3    0.00    0.00    0.00    0.00    0.00    0.00    0.00    0.00    0.00  100.00
15:12:17       4    1.00    0.00    1.00    0.00    0.00    0.00    0.00    0.00    0.00   98.00
15:12:17       5    0.00    0.00    0.00    0.00    0.00    0.00    0.00    0.00    0.00  100.00
15:12:17       6    0.00    0.00    0.00    0.00    0.00    0.00    0.00    0.00    0.00  100.00
15:12:17       7    0.00    0.00    0.00    0.00    0.00    0.00    0.00    0.00    0.00  100.00
15:12:17       8    5.05    0.00    1.01    0.00    0.00    0.00    0.00    0.00    0.00   93.94
15:12:17       9    0.00    0.00    0.00    0.00    0.00    0.00    0.00    0.00    0.00  100.00
15:12:17      10    3.00    0.00    1.00    0.00    0.00    0.00    0.00    0.00    0.00   96.00
15:12:17      11    5.05    0.00    0.00    0.00    0.00    0.00    0.00    0.00    0.00   94.95
15:12:17      12    1.01    0.00    0.00    0.00    0.00    0.00    0.00    0.00    0.00   98.99
15:12:17      13    0.00    0.00    0.00    0.00    0.00    0.00    0.00    0.00    0.00  100.00
15:12:17      14    2.00    0.00    0.00    0.00    0.00    0.00    0.00    0.00    0.00   98.00
15:12:17      15    0.00    0.00    0.00    0.00    0.00    2.02    0.00    0.00    0.00   97.98
15:12:17      16    2.02    0.00    0.00    0.00    0.00    0.00    0.00    0.00    0.00   97.98
15:12:17      17    1.01    0.00    1.01    0.00    0.00    0.00    0.00    0.00    0.00   97.98
15:12:17      18    1.00    0.00    0.00    0.00    0.00    0.00    0.00    0.00    0.00   99.00
15:12:17      19    1.98    0.00    0.00    0.00    0.00    0.00    0.00    0.00    0.00   98.02
15:12:17      20    1.00    0.00    1.00    0.00    0.00    0.00    0.00    0.00    0.00   98.00
15:12:17      21    1.01    0.00    0.00    0.00    0.00    0.00    0.00    0.00    0.00   98.99
15:12:17      22    1.01    0.00    0.00    0.00    0.00    0.00    0.00    0.00    0.00   98.99
15:12:17      23    1.02    0.00    0.00    0.00    0.00    0.00    0.00    0.00    0.00   98.98

15:12:17     CPU    %usr   %nice    %sys %iowait    %irq   %soft  %steal  %guest  %gnice   %idle
15:12:18     all    1.21    0.00    0.54    0.00    0.00    0.04    0.00    0.00    0.00   98.21
15:12:18       0    1.01    0.00    1.01    0.00    0.00    0.00    0.00    0.00    0.00   97.98
15:12:18       1    0.00    0.00    0.00    0.00    0.00    0.00    0.00    0.00    0.00  100.00
15:12:18       2    1.00    0.00    1.00    0.00    0.00    0.00    0.00    0.00    0.00   98.00
15:12:18       3    0.00    0.00    0.00    0.00    0.00    0.00    0.00    0.00    0.00  100.00
15:12:18       4    3.00    0.00    0.00    0.00    0.00    0.00    0.00    0.00    0.00   97.00
15:12:18       5    0.00    0.00    0.00    0.00    0.00    0.00    0.00    0.00    0.00  100.00
15:12:18       6    1.98    0.00    1.98    0.00    0.00    0.00    0.00    0.00    0.00   96.04
15:12:18       7    0.00    0.00    0.00    0.00    0.00    0.00    0.00    0.00    0.00  100.00
15:12:18       8    4.04    0.00    2.02    0.00    0.00    0.00    0.00    0.00    0.00   93.94
15:12:18       9    0.00    0.00    0.00    0.00    0.00    0.00    0.00    0.00    0.00  100.00
15:12:18      10    4.08    0.00    1.02    0.00    0.00    0.00    0.00    0.00    0.00   94.90
15:12:18      11    2.00    0.00    0.00    0.00    0.00    0.00    0.00    0.00    0.00   98.00
15:12:18      12    2.97    0.00    0.99    0.00    0.00    0.00    0.00    0.00    0.00   96.04
15:12:18      13    0.00    0.00    0.00    0.00    0.00    0.00    0.00    0.00    0.00  100.00
15:12:18      14    3.00    0.00    1.00    0.00    0.00    0.00    0.00    0.00    0.00   96.00
15:12:18      15    1.00    0.00    1.00    0.00    0.00    1.00    0.00    0.00    0.00   97.00
15:12:18      16    1.00    0.00    1.00    0.00    0.00    0.00    0.00    0.00    0.00   98.00
15:12:18      17    2.00    0.00    0.00    0.00    0.00    0.00    0.00    0.00    0.00   98.00
15:12:18      18    1.00    0.00    0.00    0.00    0.00    0.00    0.00    0.00    0.00   99.00
15:12:18      19    0.00    0.00    0.00    0.00    0.00    0.00    0.00    0.00    0.00  100.00
15:12:18      20    1.00    0.00    1.00    0.00    0.00    0.00    0.00    0.00    0.00   98.00
15:12:18      21    0.00    0.00    0.00    0.00    0.00    0.00    0.00    0.00    0.00  100.00
15:12:18      22    0.00    0.00    0.00    0.00    0.00    0.00    0.00    0.00    0.00  100.00
15:12:18      23    0.00    0.00    0.99    0.00    0.00    0.00    0.00    0.00    0.00   99.01

15:12:18     CPU    %usr   %nice    %sys %iowait    %irq   %soft  %steal  %guest  %gnice   %idle
15:12:19     all    1.34    0.00    0.38    0.00    0.00    0.04    0.00    0.00    0.00   98.24
15:12:19       0    1.00    0.00    0.00    0.00    0.00    0.00    0.00    0.00    0.00   99.00
15:12:19       1    0.00    0.00    0.00    0.00    0.00    0.00    0.00    0.00    0.00  100.00
15:12:19       2    1.01    0.00    0.00    0.00    0.00    0.00    0.00    0.00    0.00   98.99
15:12:19       3    0.00    0.00    0.00    0.00    0.00    0.00    0.00    0.00    0.00  100.00
15:12:19       4    5.00    0.00    1.00    0.00    0.00    0.00    0.00    0.00    0.00   94.00
15:12:19       5    0.00    0.00    0.00    0.00    0.00    0.00    0.00    0.00    0.00  100.00
15:12:19       6    2.02    0.00    0.00    0.00    0.00    0.00    0.00    0.00    0.00   97.98
15:12:19       7    0.00    0.00    0.00    0.00    0.00    0.00    0.00    0.00    0.00  100.00
15:12:19       8    6.06    0.00    1.01    0.00    0.00    0.00    0.00    0.00    0.00   92.93
15:12:19       9    0.00    0.00    0.00    0.00    0.00    0.00    0.00    0.00    0.00  100.00
15:12:19      10    2.97    0.00    0.99    0.00    0.00    0.00    0.00    0.00    0.00   96.04
15:12:19      11    0.00    0.00    0.00    0.00    0.00    0.00    0.00    0.00    0.00  100.00
15:12:19      12    2.00    0.00    2.00    0.00    0.00    0.00    0.00    0.00    0.00   96.00
15:12:19      13    0.00    0.00    0.00    0.00    0.00    0.00    0.00    0.00    0.00  100.00
15:12:19      14    2.00    0.00    0.00    0.00    0.00    0.00    0.00    0.00    0.00   98.00
15:12:19      15    0.00    0.00    0.00    0.00    0.00    1.02    0.00    0.00    0.00   98.98
15:12:19      16    2.00    0.00    1.00    0.00    0.00    0.00    0.00    0.00    0.00   97.00
15:12:19      17    1.01    0.00    0.00    0.00    0.00    0.00    0.00    0.00    0.00   98.99
15:12:19      18    1.01    0.00    0.00    0.00    0.00    0.00    0.00    0.00    0.00   98.99
15:12:19      19    1.00    0.00    1.00    0.00    0.00    0.00    0.00    0.00    0.00   98.00
15:12:19      20    1.01    0.00    0.00    0.00    0.00    0.00    0.00    0.00    0.00   98.99
15:12:19      21    1.00    0.00    1.00    0.00    0.00    0.00    0.00    0.00    0.00   98.00
15:12:19      22    1.00    0.00    1.00    0.00    0.00    0.00    0.00    0.00    0.00   98.00
15:12:19      23    1.98    0.00    0.00    0.00    0.00    0.00    0.00    0.00    0.00   98.02

15:12:19     CPU    %usr   %nice    %sys %iowait    %irq   %soft  %steal  %guest  %gnice   %idle
15:12:20     all    1.38    0.00    0.50    0.00    0.00    0.08    0.00    0.00    0.00   98.04
15:12:20       0    1.01    0.00    1.01    0.00    0.00    0.00    0.00    0.00    0.00   97.98
15:12:20       1    0.00    0.00    0.00    0.00    0.00    0.00    0.00    0.00    0.00  100.00
15:12:20       2    0.00    0.00    1.00    0.00    0.00    0.00    0.00    0.00    0.00   99.00
15:12:20       3    0.00    0.00    0.00    0.00    0.00    0.00    0.00    0.00    0.00  100.00
15:12:20       4    1.00    0.00    0.00    0.00    0.00    0.00    0.00    0.00    0.00   99.00
15:12:20       5    1.00    0.00    0.00    0.00    0.00    0.00    0.00    0.00    0.00   99.00
15:12:20       6    2.00    0.00    1.00    0.00    0.00    0.00    0.00    0.00    0.00   97.00
15:12:20       7    0.00    0.00    0.00    0.00    0.00    0.00    0.00    0.00    0.00  100.00
15:12:20       8    7.00    0.00    2.00    0.00    0.00    0.00    0.00    0.00    0.00   91.00
15:12:20       9    0.00    0.00    0.00    0.00    0.00    0.00    0.00    0.00    0.00  100.00
15:12:20      10    4.08    0.00    0.00    0.00    0.00    0.00    0.00    0.00    0.00   95.92
15:12:20      11    0.00    0.00    0.00    0.00    0.00    0.00    0.00    0.00    0.00  100.00
15:12:20      12    2.02    0.00    1.01    0.00    0.00    0.00    0.00    0.00    0.00   96.97
15:12:20      13    0.00    0.00    0.00    0.00    0.00    0.00    0.00    0.00    0.00  100.00
15:12:20      14    1.01    0.00    0.00    0.00    0.00    0.00    0.00    0.00    0.00   98.99
15:12:20      15    0.00    0.00    1.00    0.00    0.00    2.00    0.00    0.00    0.00   97.00
15:12:20      16    3.00    0.00    1.00    0.00    0.00    0.00    0.00    0.00    0.00   96.00
15:12:20      17    3.00    0.00    1.00    0.00    0.00    0.00    0.00    0.00    0.00   96.00
15:12:20      18    2.00    0.00    1.00    0.00    0.00    0.00    0.00    0.00    0.00   97.00
15:12:20      19    2.97    0.00    0.00    0.00    0.00    0.00    0.00    0.00    0.00   97.03
15:12:20      20    0.99    0.00    0.99    0.00    0.00    0.00    0.00    0.00    0.00   98.02
15:12:20      21    2.00    0.00    0.00    0.00    0.00    0.00    0.00    0.00    0.00   98.00
15:12:20      22    0.00    0.00    1.02    0.00    0.00    0.00    0.00    0.00    0.00   98.98
15:12:20      23    0.00    0.00    0.00    0.00    0.00    0.00    0.00    0.00    0.00  100.00

15:12:20     CPU    %usr   %nice    %sys %iowait    %irq   %soft  %steal  %guest  %gnice   %idle
15:12:21     all    1.54    0.00    0.42    0.00    0.00    0.08    0.00    0.00    0.00   97.96
15:12:21       0    2.00    0.00    1.00    0.00    0.00    0.00    0.00    0.00    0.00   97.00
15:12:21       1    0.00    0.00    0.00    0.00    0.00    0.00    0.00    0.00    0.00  100.00
15:12:21       2    1.00    0.00    0.00    0.00    0.00    0.00    0.00    0.00    0.00   99.00
15:12:21       3    0.00    0.00    0.00    0.00    0.00    0.00    0.00    0.00    0.00  100.00
15:12:21       4    1.01    0.00    1.01    0.00    0.00    0.00    0.00    0.00    0.00   97.98
15:12:21       5    0.00    0.00    0.00    0.00    0.00    0.00    0.00    0.00    0.00  100.00
15:12:21       6    1.00    0.00    1.00    0.00    0.00    0.00    0.00    0.00    0.00   98.00
15:12:21       7    0.00    0.00    0.00    0.00    0.00    0.00    0.00    0.00    0.00  100.00
15:12:21       8    5.00    0.00    1.00    0.00    0.00    0.00    0.00    0.00    0.00   94.00
15:12:21       9    0.00    0.00    0.00    0.00    0.00    0.00    0.00    0.00    0.00  100.00
15:12:21      10    8.91    0.00    0.99    0.00    0.00    0.00    0.00    0.00    0.00   90.10
15:12:21      11    0.00    0.00    0.00    0.00    0.00    0.00    0.00    0.00    0.00  100.00
15:12:21      12    2.00    0.00    0.00    0.00    0.00    0.00    0.00    0.00    0.00   98.00
15:12:21      13    0.00    0.00    0.00    0.00    0.00    0.00    0.00    0.00    0.00  100.00
15:12:21      14    1.01    0.00    0.00    0.00    0.00    0.00    0.00    0.00    0.00   98.99
15:12:21      15    0.99    0.00    0.99    0.00    0.00    1.98    0.00    0.00    0.00   96.04
15:12:21      16    2.02    0.00    1.01    0.00    0.00    0.00    0.00    0.00    0.00   96.97
15:12:21      17    1.00    0.00    1.00    0.00    0.00    0.00    0.00    0.00    0.00   98.00
15:12:21      18    2.00    0.00    1.00    0.00    0.00    0.00    0.00    0.00    0.00   97.00
15:12:21      19    1.00    0.00    1.00    0.00    0.00    0.00    0.00    0.00    0.00   98.00
15:12:21      20    2.02    0.00    0.00    0.00    0.00    0.00    0.00    0.00    0.00   97.98
15:12:21      21    2.97    0.00    0.00    0.00    0.00    0.00    0.00    0.00    0.00   97.03
15:12:21      22    1.02    0.00    0.00    0.00    0.00    0.00    0.00    0.00    0.00   98.98
15:12:21      23    2.00    0.00    0.00    0.00    0.00    0.00    0.00    0.00    0.00   98.00

15:12:21     CPU    %usr   %nice    %sys %iowait    %irq   %soft  %steal  %guest  %gnice   %idle
15:12:22     all    1.54    0.00    0.42    0.13    0.00    0.13    0.00    0.00    0.00   97.79
15:12:22       0    1.00    0.00    1.00    0.00    0.00    0.00    0.00    0.00    0.00   98.00
15:12:22       1    0.00    0.00    0.00    0.00    0.00    0.99    0.00    0.00    0.00   99.01
15:12:22       2    0.00    0.00    1.00    0.00    0.00    0.00    0.00    0.00    0.00   99.00
15:12:22       3    0.00    0.00    0.00    0.00    0.00    0.00    0.00    0.00    0.00  100.00
15:12:22       4    0.99    0.00    0.99    0.00    0.00    0.00    0.00    0.00    0.00   98.02
15:12:22       5    0.00    0.00    0.00    0.00    0.00    0.00    0.00    0.00    0.00  100.00
15:12:22       6    1.01    0.00    0.00    0.00    0.00    0.00    0.00    0.00    0.00   98.99
15:12:22       7    0.00    0.00    0.00    0.00    0.00    0.00    0.00    0.00    0.00  100.00
15:12:22       8    5.05    0.00    0.00    1.01    0.00    0.00    0.00    0.00    0.00   93.94
15:12:22       9    1.00    0.00    0.00    0.00    0.00    0.00    0.00    0.00    0.00   99.00
15:12:22      10    8.00    0.00    2.00    0.00    0.00    0.00    0.00    0.00    0.00   90.00
15:12:22      11    1.01    0.00    0.00    0.00    0.00    0.00    0.00    0.00    0.00   98.99
15:12:22      12    1.01    0.00    0.00    0.00    0.00    0.00    0.00    0.00    0.00   98.99
15:12:22      13    0.00    0.00    0.00    0.00    0.00    1.00    0.00    0.00    0.00   99.00
15:12:22      14    2.97    0.00    0.99    0.00    0.00    0.00    0.00    0.00    0.00   96.04
15:12:22      15    1.01    0.00    0.00    0.00    0.00    1.01    0.00    0.00    0.00   97.98
15:12:22      16    3.96    0.00    0.00    0.99    0.00    0.00    0.00    0.00    0.00   95.05
15:12:22      17    2.00    0.00    0.00    0.00    0.00    0.00    0.00    0.00    0.00   98.00
15:12:22      18    1.00    0.00    0.00    1.00    0.00    0.00    0.00    0.00    0.00   98.00
15:12:22      19    1.00    0.00    0.00    0.00    0.00    0.00    0.00    0.00    0.00   99.00
15:12:22      20    1.01    0.00    0.00    0.00    0.00    0.00    0.00    0.00    0.00   98.99
15:12:22      21    1.01    0.00    1.01    0.00    0.00    0.00    0.00    0.00    0.00   97.98
15:12:22      22    2.00    0.00    2.00    0.00    0.00    0.00    0.00    0.00    0.00   96.00
15:12:22      23    2.00    0.00    1.00    0.00    0.00    0.00    0.00    0.00    0.00   97.00

15:12:22     CPU    %usr   %nice    %sys %iowait    %irq   %soft  %steal  %guest  %gnice   %idle
15:12:23     all    1.54    0.00    0.38    0.04    0.00    0.04    0.00    0.00    0.00   98.00
15:12:23       0    1.01    0.00    1.01    0.00    0.00    0.00    0.00    0.00    0.00   97.98
15:12:23       1    0.00    0.00    0.00    0.00    0.00    0.00    0.00    0.00    0.00  100.00
15:12:23       2    1.01    0.00    0.00    0.00    0.00    0.00    0.00    0.00    0.00   98.99
15:12:23       3    0.00    0.00    0.00    0.00    0.00    0.00    0.00    0.00    0.00  100.00
15:12:23       4    4.04    0.00    0.00    0.00    0.00    0.00    0.00    0.00    0.00   95.96
15:12:23       5    0.00    0.00    0.00    0.00    0.00    0.00    0.00    0.00    0.00  100.00
15:12:23       6    2.00    0.00    0.00    0.00    0.00    0.00    0.00    0.00    0.00   98.00
15:12:23       7    0.00    0.00    0.00    0.00    0.00    0.00    0.00    0.00    0.00  100.00
15:12:23       8    6.00    0.00    1.00    0.00    0.00    0.00    0.00    0.00    0.00   93.00
15:12:23       9    0.00    0.00    0.00    0.00    0.00    0.00    0.00    0.00    0.00  100.00
15:12:23      10    2.04    0.00    1.02    0.00    0.00    0.00    0.00    0.00    0.00   96.94
15:12:23      11    0.98    0.00    0.98    0.00    0.00    0.00    0.00    0.00    0.00   98.04
15:12:23      12    3.03    0.00    0.00    0.00    0.00    0.00    0.00    0.00    0.00   96.97
15:12:23      13    0.00    0.00    0.00    0.00    0.00    0.00    0.00    0.00    0.00  100.00
15:12:23      14    1.00    0.00    0.00    0.00    0.00    0.00    0.00    0.00    0.00   99.00
15:12:23      15    0.00    0.00    1.01    0.00    0.00    1.01    0.00    0.00    0.00   97.98
15:12:23      16    3.03    0.00    0.00    0.00    0.00    0.00    0.00    0.00    0.00   96.97
15:12:23      17    1.00    0.00    1.00    0.00    0.00    0.00    0.00    0.00    0.00   98.00
15:12:23      18    1.00    0.00    0.00    0.00    0.00    0.00    0.00    0.00    0.00   99.00
15:12:23      19    0.99    0.00    0.99    0.00    0.00    0.00    0.00    0.00    0.00   98.02
15:12:23      20    2.00    0.00    1.00    0.00    0.00    0.00    0.00    0.00    0.00   97.00
15:12:23      21    3.00    0.00    0.00    0.00    0.00    0.00    0.00    0.00    0.00   97.00
15:12:23      22    2.02    0.00    0.00    0.00    0.00    0.00    0.00    0.00    0.00   97.98
15:12:23      23    2.97    0.00    0.99    0.99    0.00    0.00    0.00    0.00    0.00   95.05

15:12:23     CPU    %usr   %nice    %sys %iowait    %irq   %soft  %steal  %guest  %gnice   %idle
15:12:24     all    1.38    0.00    0.50    0.00    0.00    0.04    0.00    0.00    0.00   98.08
15:12:24       0    0.00    0.00    0.00    0.00    0.00    0.00    0.00    0.00    0.00  100.00
15:12:24       1    0.00    0.00    0.00    0.00    0.00    0.00    0.00    0.00    0.00  100.00
15:12:24       2    2.00    0.00    0.00    0.00    0.00    0.00    0.00    0.00    0.00   98.00
15:12:24       3    0.00    0.00    0.00    0.00    0.00    0.00    0.00    0.00    0.00  100.00
15:12:24       4    1.98    0.00    0.99    0.00    0.00    0.00    0.00    0.00    0.00   97.03
15:12:24       5    0.00    0.00    0.99    0.00    0.00    0.99    0.00    0.00    0.00   98.02
15:12:24       6    2.00    0.00    2.00    0.00    0.00    0.00    0.00    0.00    0.00   96.00
15:12:24       7    0.00    0.00    0.00    0.00    0.00    0.00    0.00    0.00    0.00  100.00
15:12:24       8    5.94    0.00    1.98    0.00    0.00    0.00    0.00    0.00    0.00   92.08
15:12:24       9    3.00    0.00    0.00    0.00    0.00    0.00    0.00    0.00    0.00   97.00
15:12:24      10    2.00    0.00    1.00    0.00    0.00    0.00    0.00    0.00    0.00   97.00
15:12:24      11    0.00    0.00    0.00    0.00    0.00    0.00    0.00    0.00    0.00  100.00
15:12:24      12    4.04    0.00    1.01    0.00    0.00    0.00    0.00    0.00    0.00   94.95
15:12:24      13    0.00    0.00    0.00    0.00    0.00    0.00    0.00    0.00    0.00  100.00
15:12:24      14    1.01    0.00    0.00    0.00    0.00    0.00    0.00    0.00    0.00   98.99
15:12:24      15    0.00    0.00    0.00    0.00    0.00    0.00    0.00    0.00    0.00  100.00
15:12:24      16    1.98    0.00    0.99    0.00    0.00    0.00    0.00    0.00    0.00   97.03
15:12:24      17    1.02    0.00    0.00    0.00    0.00    0.00    0.00    0.00    0.00   98.98
15:12:24      18    1.01    0.00    0.00    0.00    0.00    0.00    0.00    0.00    0.00   98.99
15:12:24      19    1.01    0.00    0.00    0.00    0.00    0.00    0.00    0.00    0.00   98.99
15:12:24      20    0.00    0.00    1.00    0.00    0.00    0.00    0.00    0.00    0.00   99.00
15:12:24      21    1.98    0.00    0.99    0.00    0.00    0.00    0.00    0.00    0.00   97.03
15:12:24      22    2.04    0.00    0.00    0.00    0.00    0.00    0.00    0.00    0.00   97.96
15:12:24      23    2.00    0.00    1.00    0.00    0.00    0.00    0.00    0.00    0.00   97.00

15:12:24     CPU    %usr   %nice    %sys %iowait    %irq   %soft  %steal  %guest  %gnice   %idle
15:12:25     all    1.59    0.00    0.54    0.08    0.00    0.04    0.00    0.00    0.00   97.74
15:12:25       0    2.02    0.00    0.00    0.00    0.00    0.00    0.00    0.00    0.00   97.98
15:12:25       1    0.00    0.00    0.00    0.00    0.00    0.00    0.00    0.00    0.00  100.00
15:12:25       2    2.00    0.00    0.00    0.00    0.00    0.00    0.00    0.00    0.00   98.00
15:12:25       3    0.00    0.00    0.00    0.00    0.00    0.00    0.00    0.00    0.00  100.00
15:12:25       4    1.01    0.00    2.02    0.00    0.00    0.00    0.00    0.00    0.00   96.97
15:12:25       5    0.00    0.00    0.00    0.00    0.00    0.00    0.00    0.00    0.00  100.00
15:12:25       6    4.04    0.00    1.01    0.00    0.00    0.00    0.00    0.00    0.00   94.95
15:12:25       7    0.00    0.00    0.00    0.00    0.00    0.00    0.00    0.00    0.00  100.00
15:12:25       8    3.03    0.00    1.01    0.00    0.00    0.00    0.00    0.00    0.00   95.96
15:12:25       9    5.94    0.00    0.00    0.00    0.00    0.00    0.00    0.00    0.00   94.06
15:12:25      10    4.00    0.00    1.00    0.00    0.00    0.00    0.00    0.00    0.00   95.00
15:12:25      11    0.00    0.00    0.00    1.00    0.00    0.00    0.00    0.00    0.00   99.00
15:12:25      12    2.97    0.00    0.99    0.99    0.00    0.00    0.00    0.00    0.00   95.05
15:12:25      13    0.00    0.00    0.00    0.00    0.00    0.00    0.00    0.00    0.00  100.00
15:12:25      14    2.94    0.00    1.96    0.00    0.00    0.00    0.00    0.00    0.00   95.10
15:12:25      15    1.01    0.00    0.00    0.00    0.00    1.01    0.00    0.00    0.00   97.98
15:12:25      16    1.01    0.00    1.01    0.00    0.00    0.00    0.00    0.00    0.00   97.98
15:12:25      17    1.01    0.00    1.01    0.00    0.00    0.00    0.00    0.00    0.00   97.98
15:12:25      18    0.99    0.00    0.99    0.00    0.00    0.00    0.00    0.00    0.00   98.02
15:12:25      19    0.00    0.00    0.00    0.00    0.00    0.00    0.00    0.00    0.00  100.00
15:12:25      20    2.94    0.00    1.96    0.00    0.00    0.00    0.00    0.00    0.00   95.10
15:12:25      21    1.01    0.00    0.00    0.00    0.00    0.00    0.00    0.00    0.00   98.99
15:12:25      22    1.02    0.00    0.00    0.00    0.00    0.00    0.00    0.00    0.00   98.98
15:12:25      23    1.01    0.00    0.00    0.00    0.00    0.00    0.00    0.00    0.00   98.99

15:12:25     CPU    %usr   %nice    %sys %iowait    %irq   %soft  %steal  %guest  %gnice   %idle
15:12:26     all    1.26    0.00    0.38    0.00    0.00    0.04    0.00    0.00    0.00   98.32
15:12:26       0    0.00    0.00    0.00    0.00    0.00    0.00    0.00    0.00    0.00  100.00
15:12:26       1    0.00    0.00    0.00    0.00    0.00    0.00    0.00    0.00    0.00  100.00
15:12:26       2    1.01    0.00    1.01    0.00    0.00    0.00    0.00    0.00    0.00   97.98
15:12:26       3    0.00    0.00    0.00    0.00    0.00    0.00    0.00    0.00    0.00  100.00
15:12:26       4    1.02    0.00    0.00    0.00    0.00    0.00    0.00    0.00    0.00   98.98
15:12:26       5    0.00    0.00    0.00    0.00    0.00    0.00    0.00    0.00    0.00  100.00
15:12:26       6    3.03    0.00    1.01    0.00    0.00    0.00    0.00    0.00    0.00   95.96
15:12:26       7    0.00    0.00    0.00    0.00    0.00    0.00    0.00    0.00    0.00  100.00
15:12:26       8    5.05    0.00    0.00    0.00    0.00    0.00    0.00    0.00    0.00   94.95
15:12:26       9    5.05    0.00    0.00    0.00    0.00    0.00    0.00    0.00    0.00   94.95
15:12:26      10    3.03    0.00    2.02    0.00    0.00    0.00    0.00    0.00    0.00   94.95
15:12:26      11    0.00    0.00    0.00    0.00    0.00    0.00    0.00    0.00    0.00  100.00
15:12:26      12    4.00    0.00    0.00    0.00    0.00    0.00    0.00    0.00    0.00   96.00
15:12:26      13    0.00    0.00    0.00    0.00    0.00    0.00    0.00    0.00    0.00  100.00
15:12:26      14    2.02    0.00    0.00    0.00    0.00    0.00    0.00    0.00    0.00   97.98
15:12:26      15    0.00    0.00    1.02    0.00    0.00    1.02    0.00    0.00    0.00   97.96
15:12:26      16    1.01    0.00    1.01    0.00    0.00    0.00    0.00    0.00    0.00   97.98
15:12:26      17    1.00    0.00    0.00    0.00    0.00    0.00    0.00    0.00    0.00   99.00
15:12:26      18    0.00    0.00    0.00    0.00    0.00    0.00    0.00    0.00    0.00  100.00
15:12:26      19    0.00    0.00    0.00    0.00    0.00    0.00    0.00    0.00    0.00  100.00
15:12:26      20    1.01    0.00    0.00    0.00    0.00    0.00    0.00    0.00    0.00   98.99
15:12:26      21    1.00    0.00    0.00    0.00    0.00    0.00    0.00    0.00    0.00   99.00
15:12:26      22    1.00    0.00    2.00    0.00    0.00    0.00    0.00    0.00    0.00   97.00
15:12:26      23    0.99    0.00    0.99    0.00    0.00    0.00    0.00    0.00    0.00   98.02

15:12:26     CPU    %usr   %nice    %sys %iowait    %irq   %soft  %steal  %guest  %gnice   %idle
15:12:27     all    1.25    0.00    0.33    0.00    0.00    0.04    0.00    0.00    0.00   98.37
15:12:27       0    1.00    0.00    0.00    0.00    0.00    0.00    0.00    0.00    0.00   99.00
15:12:27       1    0.00    0.00    0.00    0.00    0.00    0.00    0.00    0.00    0.00  100.00
15:12:27       2    2.00    0.00    0.00    0.00    0.00    0.00    0.00    0.00    0.00   98.00
15:12:27       3    0.00    0.00    0.00    0.00    0.00    0.00    0.00    0.00    0.00  100.00
15:12:27       4    2.00    0.00    0.00    0.00    0.00    0.00    0.00    0.00    0.00   98.00
15:12:27       5    1.00    0.00    0.00    0.00    0.00    0.00    0.00    0.00    0.00   99.00
15:12:27       6    1.00    0.00    2.00    0.00    0.00    0.00    0.00    0.00    0.00   97.00
15:12:27       7    0.00    0.00    0.99    0.00    0.00    0.00    0.00    0.00    0.00   99.01
15:12:27       8    3.96    0.00    0.99    0.00    0.00    0.00    0.00    0.00    0.00   95.05
15:12:27       9    5.00    0.00    0.00    0.00    0.00    0.00    0.00    0.00    0.00   95.00
15:12:27      10    3.06    0.00    1.02    0.00    0.00    0.00    0.00    0.00    0.00   95.92
15:12:27      11    0.00    0.00    0.00    0.00    0.00    0.00    0.00    0.00    0.00  100.00
15:12:27      12    2.02    0.00    1.01    0.00    0.00    0.00    0.00    0.00    0.00   96.97
15:12:27      13    0.00    0.00    0.00    0.00    0.00    0.00    0.00    0.00    0.00  100.00
15:12:27      14    2.00    0.00    0.00    0.00    0.00    0.00    0.00    0.00    0.00   98.00
15:12:27      15    0.00    0.00    0.00    0.00    0.00    1.02    0.00    0.00    0.00   98.98
15:12:27      16    1.00    0.00    1.00    0.00    0.00    0.00    0.00    0.00    0.00   98.00
15:12:27      17    0.00    0.00    1.00    0.00    0.00    0.00    0.00    0.00    0.00   99.00
15:12:27      18    1.01    0.00    0.00    0.00    0.00    0.00    0.00    0.00    0.00   98.99
15:12:27      19    2.00    0.00    0.00    0.00    0.00    0.00    0.00    0.00    0.00   98.00
15:12:27      20    1.00    0.00    0.00    0.00    0.00    0.00    0.00    0.00    0.00   99.00
15:12:27      21    1.00    0.00    0.00    0.00    0.00    0.00    0.00    0.00    0.00   99.00
15:12:27      22    0.00    0.00    0.00    0.00    0.00    0.00    0.00    0.00    0.00  100.00
15:12:27      23    1.01    0.00    0.00    0.00    0.00    0.00    0.00    0.00    0.00   98.99

15:12:27     CPU    %usr   %nice    %sys %iowait    %irq   %soft  %steal  %guest  %gnice   %idle
15:12:28     all    1.42    0.00    0.54    0.04    0.00    0.13    0.00    0.00    0.00   97.87
15:12:28       0    0.00    0.00    0.00    0.00    0.00    1.01    0.00    0.00    0.00   98.99
15:12:28       1    0.00    0.00    0.00    0.00    0.00    0.00    0.00    0.00    0.00  100.00
15:12:28       2    1.98    0.00    0.99    0.00    0.00    0.00    0.00    0.00    0.00   97.03
15:12:28       3    0.00    0.00    0.00    0.00    0.00    0.00    0.00    0.00    0.00  100.00
15:12:28       4    1.00    0.00    2.00    0.00    0.00    0.00    0.00    0.00    0.00   97.00
15:12:28       5    0.00    0.00    0.00    0.00    0.00    0.00    0.00    0.00    0.00  100.00
15:12:28       6    2.02    0.00    1.01    0.00    0.00    0.00    0.00    0.00    0.00   96.97
15:12:28       7    0.00    0.00    0.00    1.00    0.00    0.00    0.00    0.00    0.00   99.00
15:12:28       8    4.04    0.00    1.01    0.00    0.00    0.00    0.00    0.00    0.00   94.95
15:12:28       9    2.97    0.00    0.00    0.00    0.00    0.00    0.00    0.00    0.00   97.03
15:12:28      10    4.95    0.00    0.99    0.00    0.00    0.00    0.00    0.00    0.00   94.06
15:12:28      11    0.00    0.00    0.00    0.00    0.00    0.00    0.00    0.00    0.00  100.00
15:12:28      12    1.00    0.00    2.00    0.00    0.00    0.00    0.00    0.00    0.00   97.00
15:12:28      13    0.00    0.00    0.00    0.00    0.00    0.00    0.00    0.00    0.00  100.00
15:12:28      14    1.01    0.00    0.00    0.00    0.00    0.00    0.00    0.00    0.00   98.99
15:12:28      15    0.99    0.00    0.99    0.00    0.00    1.98    0.00    0.00    0.00   96.04
15:12:28      16    1.01    0.00    0.00    0.00    0.00    0.00    0.00    0.00    0.00   98.99
15:12:28      17    1.00    0.00    0.00    0.00    0.00    0.00    0.00    0.00    0.00   99.00
15:12:28      18    0.98    0.00    0.98    0.00    0.00    0.00    0.00    0.00    0.00   98.04
15:12:28      19    0.99    0.00    0.99    0.00    0.00    0.00    0.00    0.00    0.00   98.02
15:12:28      20    3.03    0.00    0.00    0.00    0.00    0.00    0.00    0.00    0.00   96.97
15:12:28      21    2.00    0.00    1.00    0.00    0.00    0.00    0.00    0.00    0.00   97.00
15:12:28      22    3.03    0.00    0.00    0.00    0.00    0.00    0.00    0.00    0.00   96.97
15:12:28      23    1.98    0.00    0.99    0.00    0.00    0.00    0.00    0.00    0.00   97.03

15:12:28     CPU    %usr   %nice    %sys %iowait    %irq   %soft  %steal  %guest  %gnice   %idle
15:12:29     all    1.25    0.00    0.29    0.00    0.00    0.04    0.00    0.00    0.00   98.41
15:12:29       0    2.00    0.00    0.00    0.00    0.00    0.00    0.00    0.00    0.00   98.00
15:12:29       1    0.00    0.00    0.00    0.00    0.00    0.00    0.00    0.00    0.00  100.00
15:12:29       2    0.00    0.00    0.00    0.00    0.00    0.00    0.00    0.00    0.00  100.00
15:12:29       3    0.00    0.00    0.00    0.00    0.00    0.00    0.00    0.00    0.00  100.00
15:12:29       4    1.00    0.00    0.00    0.00    0.00    0.00    0.00    0.00    0.00   99.00
15:12:29       5    1.01    0.00    0.00    0.00    0.00    0.00    0.00    0.00    0.00   98.99
15:12:29       6    4.00    0.00    1.00    0.00    0.00    0.00    0.00    0.00    0.00   95.00
15:12:29       7    0.00    0.00    0.00    0.00    0.00    0.00    0.00    0.00    0.00  100.00
15:12:29       8    5.00    0.00    1.00    0.00    0.00    0.00    0.00    0.00    0.00   94.00
15:12:29       9    0.00    0.00    0.00    0.00    0.00    0.00    0.00    0.00    0.00  100.00
15:12:29      10    6.00    0.00    1.00    0.00    0.00    0.00    0.00    0.00    0.00   93.00
15:12:29      11    0.00    0.00    0.00    0.00    0.00    0.00    0.00    0.00    0.00  100.00
15:12:29      12    5.00    0.00    0.00    0.00    0.00    0.00    0.00    0.00    0.00   95.00
15:12:29      13    0.00    0.00    0.00    0.00    0.00    0.00    0.00    0.00    0.00  100.00
15:12:29      14    0.99    0.00    0.99    0.00    0.00    0.00    0.00    0.00    0.00   98.02
15:12:29      15    0.00    0.00    0.00    0.00    0.00    1.02    0.00    0.00    0.00   98.98
15:12:29      16    0.00    0.00    0.00    0.00    0.00    0.00    0.00    0.00    0.00  100.00
15:12:29      17    0.00    0.00    0.00    0.00    0.00    0.00    0.00    0.00    0.00  100.00
15:12:29      18    0.00    0.00    0.00    0.00    0.00    0.00    0.00    0.00    0.00  100.00
15:12:29      19    0.00    0.00    0.00    0.00    0.00    0.00    0.00    0.00    0.00  100.00
15:12:29      20    1.00    0.00    1.00    0.00    0.00    0.00    0.00    0.00    0.00   98.00
15:12:29      21    1.00    0.00    1.00    0.00    0.00    0.00    0.00    0.00    0.00   98.00
15:12:29      22    2.00    0.00    1.00    0.00    0.00    0.00    0.00    0.00    0.00   97.00
15:12:29      23    1.00    0.00    0.00    0.00    0.00    0.00    0.00    0.00    0.00   99.00

15:12:29     CPU    %usr   %nice    %sys %iowait    %irq   %soft  %steal  %guest  %gnice   %idle
15:12:30     all    2.55    0.00    0.38    0.04    0.00    0.04    0.00    0.00    0.00   96.99
15:12:30       0    1.00    0.00    0.00    0.00    0.00    0.00    0.00    0.00    0.00   99.00
15:12:30       1    0.00    0.00    0.00    0.00    0.00    0.00    0.00    0.00    0.00  100.00
15:12:30       2    2.00    0.00    0.00    0.00    0.00    0.00    0.00    0.00    0.00   98.00
15:12:30       3    0.00    0.00    0.00    0.00    0.00    0.00    0.00    0.00    0.00  100.00
15:12:30       4    2.00    0.00    0.00    0.00    0.00    0.00    0.00    0.00    0.00   98.00
15:12:30       5    0.00    0.00    0.00    0.00    0.00    0.00    0.00    0.00    0.00  100.00
15:12:30       6   11.88    0.00    1.98    0.00    0.00    0.00    0.00    0.00    0.00   86.14
15:12:30       7    0.00    0.00    0.00    0.00    0.00    0.00    0.00    0.00    0.00  100.00
15:12:30       8   13.13    0.00    0.00    0.00    0.00    0.00    0.00    0.00    0.00   86.87
15:12:30       9    0.00    0.00    0.00    0.00    0.00    0.00    0.00    0.00    0.00  100.00
15:12:30      10   10.10    0.00    3.03    0.00    0.00    0.00    0.00    0.00    0.00   86.87
15:12:30      11    0.00    0.00    0.00    1.00    0.00    0.00    0.00    0.00    0.00   99.00
15:12:30      12    5.00    0.00    1.00    0.00    0.00    0.00    0.00    0.00    0.00   94.00
15:12:30      13    0.00    0.00    0.00    0.00    0.00    0.00    0.00    0.00    0.00  100.00
15:12:30      14    2.00    0.00    0.00    0.00    0.00    0.00    0.00    0.00    0.00   98.00
15:12:30      15    0.00    0.00    0.00    0.00    0.00    1.02    0.00    0.00    0.00   98.98
15:12:30      16    2.00    0.00    1.00    0.00    0.00    0.00    0.00    0.00    0.00   97.00
15:12:30      17    0.99    0.00    0.99    0.00    0.00    0.00    0.00    0.00    0.00   98.02
15:12:30      18    1.01    0.00    0.00    0.00    0.00    0.00    0.00    0.00    0.00   98.99
15:12:30      19    0.99    0.00    0.00    0.00    0.00    0.00    0.00    0.00    0.00   99.01
15:12:30      20    2.00    0.00    0.00    0.00    0.00    0.00    0.00    0.00    0.00   98.00
15:12:30      21    2.00    0.00    0.00    0.00    0.00    0.00    0.00    0.00    0.00   98.00
15:12:30      22    2.04    0.00    0.00    0.00    0.00    0.00    0.00    0.00    0.00   97.96
15:12:30      23    3.00    0.00    1.00    0.00    0.00    0.00    0.00    0.00    0.00   96.00

15:12:30     CPU    %usr   %nice    %sys %iowait    %irq   %soft  %steal  %guest  %gnice   %idle
15:12:31     all    3.35    0.00    0.50    0.00    0.00    0.08    0.00    0.00    0.00   96.07
15:12:31       0    3.03    0.00    1.01    0.00    0.00    0.00    0.00    0.00    0.00   95.96
15:12:31       1    0.00    0.00    0.00    0.00    0.00    0.00    0.00    0.00    0.00  100.00
15:12:31       2    6.06    0.00    0.00    0.00    0.00    0.00    0.00    0.00    0.00   93.94
15:12:31       3    1.00    0.00    0.00    0.00    0.00    0.00    0.00    0.00    0.00   99.00
15:12:31       4    4.00    0.00    2.00    0.00    0.00    0.00    0.00    0.00    0.00   94.00
15:12:31       5    0.00    0.00    0.00    0.00    0.00    0.00    0.00    0.00    0.00  100.00
15:12:31       6    7.07    0.00    0.00    0.00    0.00    0.00    0.00    0.00    0.00   92.93
15:12:31       7    3.00    0.00    0.00    0.00    0.00    0.00    0.00    0.00    0.00   97.00
15:12:31       8   15.00    0.00    1.00    0.00    0.00    0.00    0.00    0.00    0.00   84.00
15:12:31       9    0.00    0.00    0.00    0.00    0.00    0.00    0.00    0.00    0.00  100.00
15:12:31      10   13.13    0.00    0.00    0.00    0.00    0.00    0.00    0.00    0.00   86.87
15:12:31      11    0.00    0.00    0.00    0.00    0.00    0.00    0.00    0.00    0.00  100.00
15:12:31      12    9.00    0.00    2.00    0.00    0.00    0.00    0.00    0.00    0.00   89.00
15:12:31      13    0.00    0.00    1.00    0.00    0.00    0.00    0.00    0.00    0.00   99.00
15:12:31      14    3.03    0.00    1.01    0.00    0.00    0.00    0.00    0.00    0.00   95.96
15:12:31      15    0.00    0.00    0.00    0.00    0.00    1.02    0.00    0.00    0.00   98.98
15:12:31      16    2.02    0.00    0.00    0.00    0.00    0.00    0.00    0.00    0.00   97.98
15:12:31      17    3.00    0.00    1.00    0.00    0.00    0.00    0.00    0.00    0.00   96.00
15:12:31      18    2.02    0.00    0.00    0.00    0.00    0.00    0.00    0.00    0.00   97.98
15:12:31      19    2.00    0.00    1.00    0.00    0.00    0.00    0.00    0.00    0.00   97.00
15:12:31      20    1.00    0.00    1.00    0.00    0.00    0.00    0.00    0.00    0.00   98.00
15:12:31      21    0.99    0.00    0.00    0.00    0.00    0.99    0.00    0.00    0.00   98.02
15:12:31      22    1.01    0.00    0.00    0.00    0.00    0.00    0.00    0.00    0.00   98.99
15:12:31      23    4.00    0.00    1.00    0.00    0.00    0.00    0.00    0.00    0.00   95.00

15:12:31     CPU    %usr   %nice    %sys %iowait    %irq   %soft  %steal  %guest  %gnice   %idle
15:12:32     all    1.25    0.00    0.42    0.00    0.00    0.04    0.00    0.00    0.00   98.29
15:12:32       0    2.00    0.00    0.00    0.00    0.00    0.00    0.00    0.00    0.00   98.00
15:12:32       1    0.00    0.00    0.00    0.00    0.00    0.00    0.00    0.00    0.00  100.00
15:12:32       2    1.00    0.00    1.00    0.00    0.00    0.00    0.00    0.00    0.00   98.00
15:12:32       3    0.00    0.00    0.00    0.00    0.00    0.00    0.00    0.00    0.00  100.00
15:12:32       4    0.00    0.00    1.01    0.00    0.00    0.00    0.00    0.00    0.00   98.99
15:12:32       5    1.00    0.00    0.00    0.00    0.00    0.00    0.00    0.00    0.00   99.00
15:12:32       6    2.00    0.00    3.00    0.00    0.00    0.00    0.00    0.00    0.00   95.00
15:12:32       7    0.00    0.00    0.00    0.00    0.00    0.00    0.00    0.00    0.00  100.00
15:12:32       8    2.02    0.00    0.00    0.00    0.00    0.00    0.00    0.00    0.00   97.98
15:12:32       9    0.00    0.00    0.00    0.00    0.00    0.00    0.00    0.00    0.00  100.00
15:12:32      10    6.06    0.00    1.01    0.00    0.00    0.00    0.00    0.00    0.00   92.93
15:12:32      11    1.01    0.00    0.00    0.00    0.00    0.00    0.00    0.00    0.00   98.99
15:12:32      12    3.96    0.00    0.99    0.00    0.00    0.00    0.00    0.00    0.00   95.05
15:12:32      13    0.00    0.00    0.00    0.00    0.00    0.00    0.00    0.00    0.00  100.00
15:12:32      14    7.00    0.00    0.00    0.00    0.00    0.00    0.00    0.00    0.00   93.00
15:12:32      15    0.00    0.00    1.01    0.00    0.00    1.01    0.00    0.00    0.00   97.98
15:12:32      16    0.00    0.00    0.00    0.00    0.00    0.00    0.00    0.00    0.00  100.00
15:12:32      17    1.01    0.00    0.00    0.00    0.00    0.00    0.00    0.00    0.00   98.99
15:12:32      18    0.99    0.00    0.99    0.00    0.00    0.00    0.00    0.00    0.00   98.02
15:12:32      19    0.00    0.00    0.00    0.00    0.00    0.00    0.00    0.00    0.00  100.00
15:12:32      20    1.01    0.00    0.00    0.00    0.00    0.00    0.00    0.00    0.00   98.99
15:12:32      21    0.00    0.00    1.00    0.00    0.00    0.00    0.00    0.00    0.00   99.00
15:12:32      22    1.01    0.00    0.00    0.00    0.00    0.00    0.00    0.00    0.00   98.99
15:12:32      23    0.00    0.00    0.00    0.00    0.00    0.00    0.00    0.00    0.00  100.00

15:12:32     CPU    %usr   %nice    %sys %iowait    %irq   %soft  %steal  %guest  %gnice   %idle
15:12:33     all    1.54    0.00    0.42    0.04    0.00    0.04    0.00    0.00    0.00   97.96
15:12:33       0    0.99    0.00    0.00    0.00    0.00    0.00    0.00    0.00    0.00   99.01
15:12:33       1    0.00    0.00    0.00    0.00    0.00    0.00    0.00    0.00    0.00  100.00
15:12:33       2    1.98    0.00    0.99    0.00    0.00    0.00    0.00    0.00    0.00   97.03
15:12:33       3    0.00    0.00    0.00    0.00    0.00    0.00    0.00    0.00    0.00  100.00
15:12:33       4    1.00    0.00    0.00    0.00    0.00    0.00    0.00    0.00    0.00   99.00
15:12:33       5    0.00    0.00    0.00    0.00    0.00    0.00    0.00    0.00    0.00  100.00
15:12:33       6    2.02    0.00    0.00    0.00    0.00    0.00    0.00    0.00    0.00   97.98
15:12:33       7    0.00    0.00    0.00    1.00    0.00    0.00    0.00    0.00    0.00   99.00
15:12:33       8    2.97    0.00    0.99    0.00    0.00    0.00    0.00    0.00    0.00   96.04
15:12:33       9    0.00    0.00    0.00    0.00    0.00    0.00    0.00    0.00    0.00  100.00
15:12:33      10    5.94    0.00    1.98    0.00    0.00    0.00    0.00    0.00    0.00   92.08
15:12:33      11    0.00    0.00    1.00    0.00    0.00    0.00    0.00    0.00    0.00   99.00
15:12:33      12    2.04    0.00    0.00    0.00    0.00    0.00    0.00    0.00    0.00   97.96
15:12:33      13    0.00    0.00    0.00    0.00    0.00    0.00    0.00    0.00    0.00  100.00
15:12:33      14    6.00    0.00    1.00    0.00    0.00    0.00    0.00    0.00    0.00   93.00
15:12:33      15    1.02    0.00    0.00    0.00    0.00    1.02    0.00    0.00    0.00   97.96
15:12:33      16    3.96    0.00    0.99    0.00    0.00    0.00    0.00    0.00    0.00   95.05
15:12:33      17    2.00    0.00    1.00    0.00    0.00    0.00    0.00    0.00    0.00   97.00
15:12:33      18    1.00    0.00    0.00    0.00    0.00    0.00    0.00    0.00    0.00   99.00
15:12:33      19    2.00    0.00    0.00    0.00    0.00    0.00    0.00    0.00    0.00   98.00
15:12:33      20    1.98    0.00    0.99    0.00    0.00    0.00    0.00    0.00    0.00   97.03
15:12:33      21    1.01    0.00    0.00    0.00    0.00    0.00    0.00    0.00    0.00   98.99
15:12:33      22    0.00    0.00    0.00    0.00    0.00    0.00    0.00    0.00    0.00  100.00
15:12:33      23    0.99    0.00    0.99    0.00    0.00    0.00    0.00    0.00    0.00   98.02

15:12:33     CPU    %usr   %nice    %sys %iowait    %irq   %soft  %steal  %guest  %gnice   %idle
15:12:34     all    1.21    0.00    0.29    0.00    0.00    0.04    0.00    0.00    0.00   98.45
15:12:34       0    3.03    0.00    0.00    0.00    0.00    0.00    0.00    0.00    0.00   96.97
15:12:34       1    0.00    0.00    0.00    0.00    0.00    0.00    0.00    0.00    0.00  100.00
15:12:34       2    2.02    0.00    0.00    0.00    0.00    0.00    0.00    0.00    0.00   97.98
15:12:34       3    0.00    0.00    0.00    0.00    0.00    0.00    0.00    0.00    0.00  100.00
15:12:34       4    1.98    0.00    0.99    0.00    0.00    0.00    0.00    0.00    0.00   97.03
15:12:34       5    0.00    0.00    0.00    0.00    0.00    0.00    0.00    0.00    0.00  100.00
15:12:34       6    3.00    0.00    2.00    0.00    0.00    0.00    0.00    0.00    0.00   95.00
15:12:34       7    0.00    0.00    0.00    0.00    0.00    0.00    0.00    0.00    0.00  100.00
15:12:34       8    3.06    0.00    0.00    0.00    0.00    0.00    0.00    0.00    0.00   96.94
15:12:34       9    0.00    0.00    0.00    0.00    0.00    0.00    0.00    0.00    0.00  100.00
15:12:34      10    4.04    0.00    2.02    0.00    0.00    0.00    0.00    0.00    0.00   93.94
15:12:34      11    0.00    0.00    0.00    0.00    0.00    0.00    0.00    0.00    0.00  100.00
15:12:34      12    5.94    0.00    0.00    0.00    0.00    0.00    0.00    0.00    0.00   94.06
15:12:34      13    0.00    0.00    0.00    0.00    0.00    0.00    0.00    0.00    0.00  100.00
15:12:34      14    2.00    0.00    0.00    0.00    0.00    0.00    0.00    0.00    0.00   98.00
15:12:34      15    0.00    0.00    0.00    0.00    0.00    1.02    0.00    0.00    0.00   98.98
15:12:34      16    1.02    0.00    0.00    0.00    0.00    0.00    0.00    0.00    0.00   98.98
15:12:34      17    0.00    0.00    1.01    0.00    0.00    0.00    0.00    0.00    0.00   98.99
15:12:34      18    0.00    0.00    0.00    0.00    0.00    0.00    0.00    0.00    0.00  100.00
15:12:34      19    0.00    0.00    0.00    0.00    0.00    0.00    0.00    0.00    0.00  100.00
15:12:34      20    1.00    0.00    0.00    0.00    0.00    0.00    0.00    0.00    0.00   99.00
15:12:34      21    0.99    0.00    0.99    0.00    0.00    0.00    0.00    0.00    0.00   98.02
15:12:34      22    1.01    0.00    0.00    0.00    0.00    0.00    0.00    0.00    0.00   98.99
15:12:34      23    0.00    0.00    0.00    0.00    0.00    0.00    0.00    0.00    0.00  100.00

15:12:34     CPU    %usr   %nice    %sys %iowait    %irq   %soft  %steal  %guest  %gnice   %idle
15:12:35     all    1.42    0.00    0.42    0.00    0.00    0.04    0.00    0.00    0.00   98.12
15:12:35       0    2.00    0.00    0.00    0.00    0.00    0.00    0.00    0.00    0.00   98.00
15:12:35       1    0.00    0.00    0.00    0.00    0.00    0.00    0.00    0.00    0.00  100.00
15:12:35       2    1.01    0.00    0.00    0.00    0.00    0.00    0.00    0.00    0.00   98.99
15:12:35       3    0.00    0.00    0.00    0.00    0.00    0.00    0.00    0.00    0.00  100.00
15:12:35       4    0.00    0.00    0.00    0.00    0.00    0.00    0.00    0.00    0.00  100.00
15:12:35       5    0.00    0.00    0.00    0.00    0.00    0.00    0.00    0.00    0.00  100.00
15:12:35       6    4.00    0.00    1.00    0.00    0.00    0.00    0.00    0.00    0.00   95.00
15:12:35       7    0.00    0.00    0.00    0.00    0.00    0.00    0.00    0.00    0.00  100.00
15:12:35       8    8.91    0.00    0.99    0.00    0.00    0.00    0.00    0.00    0.00   90.10
15:12:35       9    0.00    0.00    0.00    0.00    0.00    0.00    0.00    0.00    0.00  100.00
15:12:35      10    6.06    0.00    0.00    0.00    0.00    0.00    0.00    0.00    0.00   93.94
15:12:35      11    0.00    0.00    0.00    0.00    0.00    0.00    0.00    0.00    0.00  100.00
15:12:35      12    3.00    0.00    1.00    0.00    0.00    0.00    0.00    0.00    0.00   96.00
15:12:35      13    0.00    0.00    0.00    0.00    0.00    0.00    0.00    0.00    0.00  100.00
15:12:35      14    1.98    0.00    1.98    0.00    0.00    0.00    0.00    0.00    0.00   96.04
15:12:35      15    0.00    0.00    1.01    0.00    0.00    1.01    0.00    0.00    0.00   97.98
15:12:35      16    0.00    0.00    1.01    0.00    0.00    0.00    0.00    0.00    0.00   98.99
15:12:35      17    1.98    0.00    1.98    0.00    0.00    0.00    0.00    0.00    0.00   96.04
15:12:35      18    0.00    0.00    0.00    0.00    0.00    0.00    0.00    0.00    0.00  100.00
15:12:35      19    0.00    0.00    0.00    0.00    0.00    0.00    0.00    0.00    0.00  100.00
15:12:35      20    1.98    0.00    0.00    0.00    0.00    0.00    0.00    0.00    0.00   98.02
15:12:35      21    1.00    0.00    0.00    0.00    0.00    0.00    0.00    0.00    0.00   99.00
15:12:35      22    1.00    0.00    1.00    0.00    0.00    0.00    0.00    0.00    0.00   98.00
15:12:35      23    1.01    0.00    0.00    0.00    0.00    0.00    0.00    0.00    0.00   98.99

15:12:35     CPU    %usr   %nice    %sys %iowait    %irq   %soft  %steal  %guest  %gnice   %idle
15:12:36     all    1.05    0.00    0.33    0.13    0.00    0.04    0.00    0.00    0.00   98.45
15:12:36       0    0.00    0.00    0.00    0.00    0.00    0.00    0.00    0.00    0.00  100.00
15:12:36       1    0.00    0.00    0.00    0.00    0.00    0.00    0.00    0.00    0.00  100.00
15:12:36       2    1.00    0.00    1.00    0.00    0.00    0.00    0.00    0.00    0.00   98.00
15:12:36       3    0.00    0.00    0.00    0.00    0.00    0.00    0.00    0.00    0.00  100.00
15:12:36       4    0.99    0.00    0.99    0.00    0.00    0.00    0.00    0.00    0.00   98.02
15:12:36       5    0.00    0.00    0.00    0.00    0.00    0.00    0.00    0.00    0.00  100.00
15:12:36       6    2.97    0.00    1.98    0.00    0.00    0.00    0.00    0.00    0.00   95.05
15:12:36       7    0.00    0.00    0.00    0.00    0.00    0.00    0.00    0.00    0.00  100.00
15:12:36       8    4.12    0.00    1.03    0.00    0.00    0.00    0.00    0.00    0.00   94.85
15:12:36       9    0.00    0.00    0.00    1.00    0.00    0.00    0.00    0.00    0.00   99.00
15:12:36      10    7.00    0.00    1.00    0.00    0.00    0.00    0.00    0.00    0.00   92.00
15:12:36      11    0.00    0.00    0.00    1.00    0.00    0.00    0.00    0.00    0.00   99.00
15:12:36      12    2.00    0.00    0.00    0.00    0.00    0.00    0.00    0.00    0.00   98.00
15:12:36      13    0.00    0.00    0.00    1.00    0.00    0.00    0.00    0.00    0.00   99.00
15:12:36      14    2.02    0.00    0.00    0.00    0.00    0.00    0.00    0.00    0.00   97.98
15:12:36      15    0.00    0.00    0.00    0.00    0.00    1.02    0.00    0.00    0.00   98.98
15:12:36      16    1.01    0.00    0.00    0.00    0.00    0.00    0.00    0.00    0.00   98.99
15:12:36      17    1.01    0.00    0.00    0.00    0.00    0.00    0.00    0.00    0.00   98.99
15:12:36      18    1.00    0.00    1.00    0.00    0.00    0.00    0.00    0.00    0.00   98.00
15:12:36      19    0.99    0.00    0.00    0.00    0.00    0.00    0.00    0.00    0.00   99.01
15:12:36      20    1.00    0.00    1.00    0.00    0.00    0.00    0.00    0.00    0.00   98.00
15:12:36      21    0.00    0.00    0.00    0.00    0.00    0.00    0.00    0.00    0.00  100.00
15:12:36      22    0.00    0.00    0.00    0.00    0.00    0.00    0.00    0.00    0.00  100.00
15:12:36      23    0.00    0.00    0.00    0.00    0.00    0.00    0.00    0.00    0.00  100.00

15:12:36     CPU    %usr   %nice    %sys %iowait    %irq   %soft  %steal  %guest  %gnice   %idle
15:12:37     all    1.30    0.00    0.34    0.00    0.00    0.04    0.00    0.00    0.00   98.32
15:12:37       0    0.00    0.00    0.00    0.00    0.00    0.00    0.00    0.00    0.00  100.00
15:12:37       1    0.00    0.00    0.00    0.00    0.00    0.00    0.00    0.00    0.00  100.00
15:12:37       2    1.00    0.00    1.00    0.00    0.00    0.00    0.00    0.00    0.00   98.00
15:12:37       3    0.00    0.00    0.00    0.00    0.00    0.00    0.00    0.00    0.00  100.00
15:12:37       4    1.02    0.00    0.00    0.00    0.00    0.00    0.00    0.00    0.00   98.98
15:12:37       5    0.00    0.00    0.00    0.00    0.00    0.00    0.00    0.00    0.00  100.00
15:12:37       6    3.03    0.00    1.01    0.00    0.00    0.00    0.00    0.00    0.00   95.96
15:12:37       7    0.00    0.00    0.00    0.00    0.00    0.00    0.00    0.00    0.00  100.00
15:12:37       8    8.91    0.00    0.99    0.00    0.00    0.00    0.00    0.00    0.00   90.10
15:12:37       9    0.00    0.00    0.00    0.00    0.00    0.00    0.00    0.00    0.00  100.00
15:12:37      10    6.06    0.00    2.02    0.00    0.00    0.00    0.00    0.00    0.00   91.92
15:12:37      11    0.00    0.00    0.00    0.00    0.00    0.00    0.00    0.00    0.00  100.00
15:12:37      12    1.02    0.00    0.00    0.00    0.00    0.00    0.00    0.00    0.00   98.98
15:12:37      13    0.00    0.00    0.00    0.00    0.00    0.00    0.00    0.00    0.00  100.00
15:12:37      14    1.01    0.00    0.00    0.00    0.00    0.00    0.00    0.00    0.00   98.99
15:12:37      15    1.01    0.00    0.00    0.00    0.00    1.01    0.00    0.00    0.00   97.98
15:12:37      16    1.01    0.00    1.01    0.00    0.00    0.00    0.00    0.00    0.00   97.98
15:12:37      17    1.01    0.00    0.00    0.00    0.00    0.00    0.00    0.00    0.00   98.99
15:12:37      18    1.00    0.00    0.00    0.00    0.00    0.00    0.00    0.00    0.00   99.00
15:12:37      19    0.99    0.00    0.99    0.00    0.00    0.00    0.00    0.00    0.00   98.02
15:12:37      20    1.01    0.00    0.00    0.00    0.00    0.00    0.00    0.00    0.00   98.99
15:12:37      21    1.00    0.00    0.00    0.00    0.00    0.00    0.00    0.00    0.00   99.00
15:12:37      22    1.01    0.00    0.00    0.00    0.00    0.00    0.00    0.00    0.00   98.99
15:12:37      23    1.00    0.00    1.00    0.00    0.00    0.00    0.00    0.00    0.00   98.00

15:12:37     CPU    %usr   %nice    %sys %iowait    %irq   %soft  %steal  %guest  %gnice   %idle
15:12:38     all    1.42    0.00    0.42    0.00    0.00    0.04    0.00    0.00    0.00   98.12
15:12:38       0    1.00    0.00    0.00    0.00    0.00    0.00    0.00    0.00    0.00   99.00
15:12:38       1    0.00    0.00    0.00    0.00    0.00    0.00    0.00    0.00    0.00  100.00
15:12:38       2    1.01    0.00    0.00    0.00    0.00    0.00    0.00    0.00    0.00   98.99
15:12:38       3    0.00    0.00    0.00    0.00    0.00    0.00    0.00    0.00    0.00  100.00
15:12:38       4    0.99    0.00    0.99    0.00    0.00    0.00    0.00    0.00    0.00   98.02
15:12:38       5    0.00    0.00    0.00    0.00    0.00    0.00    0.00    0.00    0.00  100.00
15:12:38       6    2.02    0.00    0.00    0.00    0.00    0.00    0.00    0.00    0.00   97.98
15:12:38       7    0.00    0.00    0.00    0.00    0.00    0.00    0.00    0.00    0.00  100.00
15:12:38       8    5.00    0.00    1.00    0.00    0.00    0.00    0.00    0.00    0.00   94.00
15:12:38       9    0.00    0.00    0.00    0.00    0.00    0.00    0.00    0.00    0.00  100.00
15:12:38      10    5.00    0.00    0.00    0.00    0.00    0.00    0.00    0.00    0.00   95.00
15:12:38      11    0.00    0.00    0.00    0.00    0.00    0.00    0.00    0.00    0.00  100.00
15:12:38      12    4.00    0.00    0.00    0.00    0.00    0.00    0.00    0.00    0.00   96.00
15:12:38      13    0.00    0.00    0.00    0.00    0.00    0.00    0.00    0.00    0.00  100.00
15:12:38      14    1.98    0.00    0.99    0.00    0.00    0.00    0.00    0.00    0.00   97.03
15:12:38      15    0.00    0.00    1.01    0.00    0.00    1.01    0.00    0.00    0.00   97.98
15:12:38      16    2.97    0.00    2.97    0.00    0.00    0.00    0.00    0.00    0.00   94.06
15:12:38      17    2.02    0.00    1.01    0.00    0.00    0.00    0.00    0.00    0.00   96.97
15:12:38      18    2.00    0.00    0.00    0.00    0.00    0.00    0.00    0.00    0.00   98.00
15:12:38      19    1.01    0.00    0.00    0.00    0.00    0.00    0.00    0.00    0.00   98.99
15:12:38      20    1.98    0.00    0.99    0.00    0.00    0.00    0.00    0.00    0.00   97.03
15:12:38      21    2.00    0.00    1.00    0.00    0.00    0.00    0.00    0.00    0.00   97.00
15:12:38      22    0.00    0.00    0.00    0.00    0.00    0.00    0.00    0.00    0.00  100.00
15:12:38      23    1.00    0.00    0.00    0.00    0.00    0.00    0.00    0.00    0.00   99.00

15:12:38     CPU    %usr   %nice    %sys %iowait    %irq   %soft  %steal  %guest  %gnice   %idle
15:12:39     all    1.47    0.00    0.42    0.00    0.00    0.04    0.00    0.00    0.00   98.07
15:12:39       0    1.01    0.00    0.00    0.00    0.00    0.00    0.00    0.00    0.00   98.99
15:12:39       1    0.00    0.00    0.00    0.00    0.00    0.00    0.00    0.00    0.00  100.00
15:12:39       2    1.98    0.00    0.99    0.00    0.00    0.00    0.00    0.00    0.00   97.03
15:12:39       3    0.00    0.00    0.00    0.00    0.00    0.00    0.00    0.00    0.00  100.00
15:12:39       4    1.01    0.00    1.01    0.00    0.00    0.00    0.00    0.00    0.00   97.98
15:12:39       5    0.00    0.00    0.00    0.00    0.00    0.00    0.00    0.00    0.00  100.00
15:12:39       6    2.00    0.00    3.00    0.00    0.00    0.00    0.00    0.00    0.00   95.00
15:12:39       7    0.00    0.00    0.00    0.00    0.00    0.00    0.00    0.00    0.00  100.00
15:12:39       8    4.08    0.00    0.00    0.00    0.00    0.00    0.00    0.00    0.00   95.92
15:12:39       9    0.00    0.00    0.00    0.00    0.00    0.00    0.00    0.00    0.00  100.00
15:12:39      10    7.07    0.00    0.00    0.00    0.00    0.00    0.00    0.00    0.00   92.93
15:12:39      11    0.00    0.00    0.00    0.00    0.00    0.00    0.00    0.00    0.00  100.00
15:12:39      12    4.95    0.00    0.99    0.00    0.00    0.00    0.00    0.00    0.00   94.06
15:12:39      13    0.00    0.00    0.00    0.00    0.00    0.00    0.00    0.00    0.00  100.00
15:12:39      14    3.00    0.00    0.00    0.00    0.00    0.00    0.00    0.00    0.00   97.00
15:12:39      15    0.00    0.00    0.00    0.00    0.00    1.03    0.00    0.00    0.00   98.97
15:12:39      16    2.02    0.00    0.00    0.00    0.00    0.00    0.00    0.00    0.00   97.98
15:12:39      17    2.00    0.00    1.00    0.00    0.00    0.00    0.00    0.00    0.00   97.00
15:12:39      18    1.01    0.00    0.00    0.00    0.00    0.00    0.00    0.00    0.00   98.99
15:12:39      19    0.00    0.00    0.00    0.00    0.00    0.00    0.00    0.00    0.00  100.00
15:12:39      20    0.00    0.00    0.00    0.00    0.00    0.00    0.00    0.00    0.00  100.00
15:12:39      21    2.00    0.00    2.00    0.00    0.00    0.00    0.00    0.00    0.00   96.00
15:12:39      22    2.00    0.00    1.00    0.00    0.00    0.00    0.00    0.00    0.00   97.00
15:12:39      23    1.01    0.00    0.00    0.00    0.00    0.00    0.00    0.00    0.00   98.99

15:12:39     CPU    %usr   %nice    %sys %iowait    %irq   %soft  %steal  %guest  %gnice   %idle
15:12:40     all    1.63    0.00    0.38    0.04    0.00    0.04    0.00    0.00    0.00   97.91
15:12:40       0    0.00    0.00    0.00    0.00    0.00    0.00    0.00    0.00    0.00  100.00
15:12:40       1    0.00    0.00    0.00    0.00    0.00    0.00    0.00    0.00    0.00  100.00
15:12:40       2    2.02    0.00    1.01    0.00    0.00    0.00    0.00    0.00    0.00   96.97
15:12:40       3    0.00    0.00    0.00    0.00    0.00    0.00    0.00    0.00    0.00  100.00
15:12:40       4    1.98    0.00    0.99    0.00    0.00    0.00    0.00    0.00    0.00   97.03
15:12:40       5    0.00    0.00    0.00    0.00    0.00    0.00    0.00    0.00    0.00  100.00
15:12:40       6    1.00    0.00    1.00    0.00    0.00    0.00    0.00    0.00    0.00   98.00
15:12:40       7    0.00    0.00    0.00    0.00    0.00    0.00    0.00    0.00    0.00  100.00
15:12:40       8   13.00    0.00    1.00    0.00    0.00    0.00    0.00    0.00    0.00   86.00
15:12:40       9    0.00    0.00    0.00    0.00    0.00    0.00    0.00    0.00    0.00  100.00
15:12:40      10    6.00    0.00    2.00    0.00    0.00    0.00    0.00    0.00    0.00   92.00
15:12:40      11    0.00    0.00    0.00    0.00    0.00    0.00    0.00    0.00    0.00  100.00
15:12:40      12    4.00    0.00    0.00    0.00    0.00    0.00    0.00    0.00    0.00   96.00
15:12:40      13    0.00    0.00    0.00    0.00    0.00    0.00    0.00    0.00    0.00  100.00
15:12:40      14    3.00    0.00    1.00    0.00    0.00    0.00    0.00    0.00    0.00   96.00
15:12:40      15    1.01    0.00    0.00    0.00    0.00    1.01    0.00    0.00    0.00   97.98
15:12:40      16    2.02    0.00    0.00    0.00    0.00    0.00    0.00    0.00    0.00   97.98
15:12:40      17    1.00    0.00    0.00    0.00    0.00    0.00    0.00    0.00    0.00   99.00
15:12:40      18    1.00    0.00    0.00    0.00    0.00    0.00    0.00    0.00    0.00   99.00
15:12:40      19    0.99    0.00    0.99    0.99    0.00    0.00    0.00    0.00    0.00   97.03
15:12:40      20    0.00    0.00    0.00    0.00    0.00    0.00    0.00    0.00    0.00  100.00
15:12:40      21    1.00    0.00    0.00    0.00    0.00    0.00    0.00    0.00    0.00   99.00
15:12:40      22    0.00    0.00    0.00    0.00    0.00    0.00    0.00    0.00    0.00  100.00
15:12:40      23    0.99    0.00    0.99    0.00    0.00    0.00    0.00    0.00    0.00   98.02

15:12:40     CPU    %usr   %nice    %sys %iowait    %irq   %soft  %steal  %guest  %gnice   %idle
15:12:41     all    1.46    0.00    0.54    0.08    0.00    0.12    0.00    0.00    0.00   97.79
15:12:41       0    0.99    0.00    0.99    0.00    0.00    0.00    0.00    0.00    0.00   98.02
15:12:41       1    0.00    0.00    0.00    0.00    0.00    0.00    0.00    0.00    0.00  100.00
15:12:41       2    1.98    0.00    0.99    0.00    0.00    0.00    0.00    0.00    0.00   97.03
15:12:41       3    0.00    0.00    0.00    0.00    0.00    0.99    0.00    0.00    0.00   99.01
15:12:41       4    3.03    0.00    0.00    0.00    0.00    0.00    0.00    0.00    0.00   96.97
15:12:41       5    0.00    0.00    0.00    0.00    0.00    0.00    0.00    0.00    0.00  100.00
15:12:41       6    2.02    0.00    1.01    0.00    0.00    0.00    0.00    0.00    0.00   96.97
15:12:41       7    0.00    0.00    0.00    0.00    0.00    0.00    0.00    0.00    0.00  100.00
15:12:41       8    4.90    0.00    0.98    0.98    0.00    0.00    0.00    0.00    0.00   93.14
15:12:41       9    0.00    0.00    0.00    0.00    0.00    0.00    0.00    0.00    0.00  100.00
15:12:41      10    7.00    0.00    2.00    0.00    0.00    0.00    0.00    0.00    0.00   91.00
15:12:41      11    0.00    0.00    0.00    1.00    0.00    0.00    0.00    0.00    0.00   99.00
15:12:41      12    3.00    0.00    1.00    0.00    0.00    1.00    0.00    0.00    0.00   95.00
15:12:41      13    0.00    0.00    0.00    0.00    0.00    0.00    0.00    0.00    0.00  100.00
15:12:41      14    3.00    0.00    1.00    0.00    0.00    0.00    0.00    0.00    0.00   96.00
15:12:41      15    0.00    0.00    1.01    0.00    0.00    1.01    0.00    0.00    0.00   97.98
15:12:41      16    1.98    0.00    0.99    0.00    0.00    0.00    0.00    0.00    0.00   97.03
15:12:41      17    1.01    0.00    0.00    0.00    0.00    0.00    0.00    0.00    0.00   98.99
15:12:41      18    0.00    0.00    1.01    0.00    0.00    0.00    0.00    0.00    0.00   98.99
15:12:41      19    1.00    0.00    0.00    0.00    0.00    0.00    0.00    0.00    0.00   99.00
15:12:41      20    0.99    0.00    0.00    0.00    0.00    0.00    0.00    0.00    0.00   99.01
15:12:41      21    0.99    0.00    0.00    0.00    0.00    0.00    0.00    0.00    0.00   99.01
15:12:41      22    2.04    0.00    1.02    0.00    0.00    0.00    0.00    0.00    0.00   96.94
15:12:41      23    0.99    0.00    0.99    0.00    0.00    0.00    0.00    0.00    0.00   98.02

15:12:41     CPU    %usr   %nice    %sys %iowait    %irq   %soft  %steal  %guest  %gnice   %idle
15:12:42     all    2.35    0.00    0.67    0.04    0.00    0.04    0.00    0.00    0.00   96.90
15:12:42       0    1.01    0.00    0.00    0.00    0.00    0.00    0.00    0.00    0.00   98.99
15:12:42       1    0.00    0.00    1.00    0.00    0.00    0.00    0.00    0.00    0.00   99.00
15:12:42       2    8.00    0.00    1.00    0.00    0.00    0.00    0.00    0.00    0.00   91.00
15:12:42       3    0.00    0.00    0.00    0.00    0.00    0.00    0.00    0.00    0.00  100.00
15:12:42       4    2.02    0.00    0.00    0.00    0.00    0.00    0.00    0.00    0.00   97.98
15:12:42       5    0.00    0.00    0.00    0.00    0.00    0.00    0.00    0.00    0.00  100.00
15:12:42       6    7.00    0.00    3.00    0.00    0.00    0.00    0.00    0.00    0.00   90.00
15:12:42       7    0.00    0.00    0.00    0.00    0.00    0.00    0.00    0.00    0.00  100.00
15:12:42       8   12.12    0.00    3.03    0.00    0.00    0.00    0.00    0.00    0.00   84.85
15:12:42       9    0.00    0.00    0.00    0.00    0.00    0.00    0.00    0.00    0.00  100.00
15:12:42      10    9.00    0.00    1.00    0.00    0.00    0.00    0.00    0.00    0.00   90.00
15:12:42      11    0.00    0.00    0.00    0.00    0.00    0.00    0.00    0.00    0.00  100.00
15:12:42      12    3.00    0.00    1.00    0.00    0.00    0.00    0.00    0.00    0.00   96.00
15:12:42      13    0.00    0.00    0.00    0.00    0.00    0.00    0.00    0.00    0.00  100.00
15:12:42      14    6.06    0.00    0.00    1.01    0.00    0.00    0.00    0.00    0.00   92.93
15:12:42      15    0.00    0.00    0.00    0.00    0.00    1.02    0.00    0.00    0.00   98.98
15:12:42      16    2.02    0.00    2.02    0.00    0.00    0.00    0.00    0.00    0.00   95.96
15:12:42      17    1.01    0.00    1.01    0.00    0.00    0.00    0.00    0.00    0.00   97.98
15:12:42      18    1.00    0.00    0.00    0.00    0.00    0.00    0.00    0.00    0.00   99.00
15:12:42      19    0.00    0.00    0.00    0.00    0.00    0.00    0.00    0.00    0.00  100.00
15:12:42      20    1.00    0.00    1.00    0.00    0.00    0.00    0.00    0.00    0.00   98.00
15:12:42      21    1.01    0.00    0.00    0.00    0.00    0.00    0.00    0.00    0.00   98.99
15:12:42      22    2.00    0.00    1.00    0.00    0.00    0.00    0.00    0.00    0.00   97.00
15:12:42      23    0.00    0.00    1.01    0.00    0.00    0.00    0.00    0.00    0.00   98.99

15:12:42     CPU    %usr   %nice    %sys %iowait    %irq   %soft  %steal  %guest  %gnice   %idle
15:12:43     all    1.47    0.00    0.25    0.13    0.00    0.00    0.00    0.00    0.00   98.16
15:12:43       0    1.01    0.00    0.00    0.00    0.00    0.00    0.00    0.00    0.00   98.99
15:12:43       1    1.00    0.00    0.00    0.00    0.00    0.00    0.00    0.00    0.00   99.00
15:12:43       2    3.00    0.00    1.00    1.00    0.00    0.00    0.00    0.00    0.00   95.00
15:12:43       3    0.00    0.00    0.00    0.00    0.00    0.00    0.00    0.00    0.00  100.00
15:12:43       4    1.00    0.00    1.00    0.00    0.00    0.00    0.00    0.00    0.00   98.00
15:12:43       5    0.00    0.00    0.00    0.00    0.00    0.00    0.00    0.00    0.00  100.00
15:12:43       6    3.03    0.00    1.01    0.00    0.00    0.00    0.00    0.00    0.00   95.96
15:12:43       7    0.00    0.00    0.00    0.00    0.00    0.00    0.00    0.00    0.00  100.00
15:12:43       8    5.10    0.00    1.02    0.00    0.00    0.00    0.00    0.00    0.00   93.88
15:12:43       9    0.00    0.00    0.00    0.00    0.00    0.00    0.00    0.00    0.00  100.00
15:12:43      10    7.07    0.00    0.00    0.00    0.00    0.00    0.00    0.00    0.00   92.93
15:12:43      11    0.00    0.00    0.00    2.02    0.00    0.00    0.00    0.00    0.00   97.98
15:12:43      12    2.00    0.00    0.00    0.00    0.00    0.00    0.00    0.00    0.00   98.00
15:12:43      13    0.00    0.00    0.00    0.00    0.00    0.00    0.00    0.00    0.00  100.00
15:12:43      14    2.02    0.00    0.00    0.00    0.00    0.00    0.00    0.00    0.00   97.98
15:12:43      15    0.00    0.00    1.02    0.00    0.00    0.00    0.00    0.00    0.00   98.98
15:12:43      16    0.00    0.00    0.00    0.00    0.00    0.00    0.00    0.00    0.00  100.00
15:12:43      17    1.00    0.00    0.00    0.00    0.00    0.00    0.00    0.00    0.00   99.00
15:12:43      18    0.00    0.00    0.00    0.00    0.00    0.00    0.00    0.00    0.00  100.00
15:12:43      19    0.99    0.00    0.00    0.00    0.00    0.00    0.00    0.00    0.00   99.01
15:12:43      20    1.01    0.00    0.00    0.00    0.00    0.00    0.00    0.00    0.00   98.99
15:12:43      21    1.98    0.00    0.99    0.00    0.00    0.00    0.00    0.00    0.00   97.03
15:12:43      22    3.03    0.00    0.00    0.00    0.00    0.00    0.00    0.00    0.00   96.97
15:12:43      23    2.00    0.00    0.00    0.00    0.00    0.00    0.00    0.00    0.00   98.00

15:12:43     CPU    %usr   %nice    %sys %iowait    %irq   %soft  %steal  %guest  %gnice   %idle
15:12:44     all    1.59    0.00    0.25    0.00    0.00    0.04    0.00    0.00    0.00   98.12
15:12:44       0    0.00    0.00    1.00    0.00    0.00    0.00    0.00    0.00    0.00   99.00
15:12:44       1    0.00    0.00    0.00    0.00    0.00    0.00    0.00    0.00    0.00  100.00
15:12:44       2    2.06    0.00    0.00    0.00    0.00    0.00    0.00    0.00    0.00   97.94
15:12:44       3    0.00    0.00    0.00    0.00    0.00    0.00    0.00    0.00    0.00  100.00
15:12:44       4    2.00    0.00    0.00    0.00    0.00    0.00    0.00    0.00    0.00   98.00
15:12:44       5    0.00    0.00    0.00    0.00    0.00    0.00    0.00    0.00    0.00  100.00
15:12:44       6    1.00    0.00    1.00    0.00    0.00    0.00    0.00    0.00    0.00   98.00
15:12:44       7    0.00    0.00    0.00    0.00    0.00    0.00    0.00    0.00    0.00  100.00
15:12:44       8   10.00    0.00    1.00    0.00    0.00    0.00    0.00    0.00    0.00   89.00
15:12:44       9    0.00    0.00    0.00    0.00    0.00    0.00    0.00    0.00    0.00  100.00
15:12:44      10    5.05    0.00    1.01    0.00    0.00    0.00    0.00    0.00    0.00   93.94
15:12:44      11    0.00    0.00    0.00    0.00    0.00    0.00    0.00    0.00    0.00  100.00
15:12:44      12    1.98    0.00    0.99    0.00    0.00    0.00    0.00    0.00    0.00   97.03
15:12:44      13    0.00    0.00    0.00    0.00    0.00    0.00    0.00    0.00    0.00  100.00
15:12:44      14    2.00    0.00    0.00    0.00    0.00    0.00    0.00    0.00    0.00   98.00
15:12:44      15    1.02    0.00    0.00    0.00    0.00    1.02    0.00    0.00    0.00   97.96
15:12:44      16    1.01    0.00    1.01    0.00    0.00    0.00    0.00    0.00    0.00   97.98
15:12:44      17    0.00    0.00    0.00    0.00    0.00    0.00    0.00    0.00    0.00  100.00
15:12:44      18    2.00    0.00    0.00    0.00    0.00    0.00    0.00    0.00    0.00   98.00
15:12:44      19    1.01    0.00    0.00    0.00    0.00    0.00    0.00    0.00    0.00   98.99
15:12:44      20    2.00    0.00    0.00    0.00    0.00    0.00    0.00    0.00    0.00   98.00
15:12:44      21    2.00    0.00    0.00    0.00    0.00    0.00    0.00    0.00    0.00   98.00
15:12:44      22    3.03    0.00    0.00    0.00    0.00    0.00    0.00    0.00    0.00   96.97
15:12:44      23    2.00    0.00    0.00    0.00    0.00    0.00    0.00    0.00    0.00   98.00

15:12:44     CPU    %usr   %nice    %sys %iowait    %irq   %soft  %steal  %guest  %gnice   %idle
15:12:45     all    1.25    0.00    0.58    0.00    0.00    0.08    0.00    0.00    0.00   98.08
15:12:45       0    1.01    0.00    0.00    0.00    0.00    0.00    0.00    0.00    0.00   98.99
15:12:45       1    0.00    0.00    0.00    0.00    0.00    0.00    0.00    0.00    0.00  100.00
15:12:45       2    0.99    0.00    1.98    0.00    0.00    0.00    0.00    0.00    0.00   97.03
15:12:45       3    0.00    0.00    0.00    0.00    0.00    0.00    0.00    0.00    0.00  100.00
15:12:45       4    2.00    0.00    1.00    0.00    0.00    0.00    0.00    0.00    0.00   97.00
15:12:45       5    0.00    0.00    0.00    0.00    0.00    0.00    0.00    0.00    0.00  100.00
15:12:45       6    2.02    0.00    2.02    0.00    0.00    0.00    0.00    0.00    0.00   95.96
15:12:45       7    0.00    0.00    0.00    0.00    0.00    0.00    0.00    0.00    0.00  100.00
15:12:45       8    6.06    0.00    1.01    0.00    0.00    0.00    0.00    0.00    0.00   92.93
15:12:45       9    0.00    0.00    0.00    0.00    0.00    0.00    0.00    0.00    0.00  100.00
15:12:45      10    6.06    0.00    1.01    0.00    0.00    0.00    0.00    0.00    0.00   92.93
15:12:45      11    0.00    0.00    0.00    0.00    0.00    0.00    0.00    0.00    0.00  100.00
15:12:45      12    5.05    0.00    0.00    0.00    0.00    0.00    0.00    0.00    0.00   94.95
15:12:45      13    0.00    0.00    0.00    0.00    0.00    0.00    0.00    0.00    0.00  100.00
15:12:45      14    2.00    0.00    1.00    0.00    0.00    0.00    0.00    0.00    0.00   97.00
15:12:45      15    0.00    0.00    0.00    0.00    0.00    2.02    0.00    0.00    0.00   97.98
15:12:45      16    0.00    0.00    1.01    0.00    0.00    0.00    0.00    0.00    0.00   98.99
15:12:45      17    0.99    0.00    0.99    0.00    0.00    0.00    0.00    0.00    0.00   98.02
15:12:45      18    0.00    0.00    1.00    0.00    0.00    0.00    0.00    0.00    0.00   99.00
15:12:45      19    1.00    0.00    0.00    0.00    0.00    0.00    0.00    0.00    0.00   99.00
15:12:45      20    0.00    0.00    0.99    0.00    0.00    0.00    0.00    0.00    0.00   99.01
15:12:45      21    1.00    0.00    0.00    0.00    0.00    0.00    0.00    0.00    0.00   99.00
15:12:45      22    1.02    0.00    1.02    0.00    0.00    0.00    0.00    0.00    0.00   97.96
15:12:45      23    0.99    0.00    0.99    0.00    0.00    0.00    0.00    0.00    0.00   98.02

15:12:45     CPU    %usr   %nice    %sys %iowait    %irq   %soft  %steal  %guest  %gnice   %idle
15:12:46     all    1.50    0.00    0.38    0.00    0.00    0.04    0.00    0.00    0.00   98.08
15:12:46       0    0.00    0.00    1.00    0.00    0.00    0.00    0.00    0.00    0.00   99.00
15:12:46       1    0.00    0.00    0.00    0.00    0.00    0.00    0.00    0.00    0.00  100.00
15:12:46       2    2.02    0.00    0.00    0.00    0.00    0.00    0.00    0.00    0.00   97.98
15:12:46       3    0.00    0.00    0.00    0.00    0.00    0.00    0.00    0.00    0.00  100.00
15:12:46       4    2.00    0.00    2.00    0.00    0.00    0.00    0.00    0.00    0.00   96.00
15:12:46       5    0.00    0.00    0.00    0.00    0.00    0.00    0.00    0.00    0.00  100.00
15:12:46       6    4.00    0.00    1.00    0.00    0.00    0.00    0.00    0.00    0.00   95.00
15:12:46       7    0.00    0.00    0.00    0.00    0.00    0.00    0.00    0.00    0.00  100.00
15:12:46       8    6.00    0.00    1.00    0.00    0.00    0.00    0.00    0.00    0.00   93.00
15:12:46       9    0.00    0.00    0.00    0.00    0.00    0.00    0.00    0.00    0.00  100.00
15:12:46      10    7.00    0.00    1.00    0.00    0.00    0.00    0.00    0.00    0.00   92.00
15:12:46      11    0.00    0.00    0.00    0.00    0.00    0.00    0.00    0.00    0.00  100.00
15:12:46      12    1.00    0.00    0.00    0.00    0.00    0.00    0.00    0.00    0.00   99.00
15:12:46      13    0.00    0.00    0.00    0.00    0.00    0.00    0.00    0.00    0.00  100.00
15:12:46      14    1.01    0.00    0.00    0.00    0.00    0.00    0.00    0.00    0.00   98.99
15:12:46      15    1.00    0.00    1.00    0.00    0.00    1.00    0.00    0.00    0.00   97.00
15:12:46      16    1.01    0.00    0.00    0.00    0.00    0.00    0.00    0.00    0.00   98.99
15:12:46      17    1.01    0.00    0.00    0.00    0.00    0.00    0.00    0.00    0.00   98.99
15:12:46      18    2.00    0.00    0.00    0.00    0.00    0.00    0.00    0.00    0.00   98.00
15:12:46      19    0.99    0.00    0.00    0.00    0.00    0.00    0.00    0.00    0.00   99.01
15:12:46      20    1.00    0.00    0.00    0.00    0.00    0.00    0.00    0.00    0.00   99.00
15:12:46      21    1.00    0.00    1.00    0.00    0.00    0.00    0.00    0.00    0.00   98.00
15:12:46      22    3.00    0.00    1.00    0.00    0.00    0.00    0.00    0.00    0.00   96.00
15:12:46      23    2.02    0.00    0.00    0.00    0.00    0.00    0.00    0.00    0.00   97.98

15:12:46     CPU    %usr   %nice    %sys %iowait    %irq   %soft  %steal  %guest  %gnice   %idle
15:12:47     all    1.59    0.00    0.42    0.00    0.00    0.04    0.00    0.00    0.00   97.95
15:12:47       0    0.00    0.00    0.00    0.00    0.00    0.00    0.00    0.00    0.00  100.00
15:12:47       1    0.00    0.00    0.00    0.00    0.00    0.00    0.00    0.00    0.00  100.00
15:12:47       2    1.00    0.00    1.00    0.00    0.00    0.00    0.00    0.00    0.00   98.00
15:12:47       3    0.00    0.00    0.99    0.00    0.00    0.00    0.00    0.00    0.00   99.01
15:12:47       4    4.04    0.00    0.00    0.00    0.00    0.00    0.00    0.00    0.00   95.96
15:12:47       5    0.00    0.00    0.00    0.00    0.00    0.00    0.00    0.00    0.00  100.00
15:12:47       6    2.00    0.00    0.00    0.00    0.00    0.00    0.00    0.00    0.00   98.00
15:12:47       7    0.00    0.00    0.00    0.00    0.00    0.00    0.00    0.00    0.00  100.00
15:12:47       8    6.06    0.00    1.01    0.00    0.00    0.00    0.00    0.00    0.00   92.93
15:12:47       9    0.00    0.00    0.00    0.00    0.00    0.00    0.00    0.00    0.00  100.00
15:12:47      10    6.00    0.00    1.00    0.00    0.00    0.00    0.00    0.00    0.00   93.00
15:12:47      11    0.99    0.00    0.00    0.00    0.00    0.00    0.00    0.00    0.00   99.01
15:12:47      12    3.96    0.00    0.99    0.00    0.00    0.00    0.00    0.00    0.00   95.05
15:12:47      13    0.00    0.00    0.00    0.00    0.00    0.00    0.00    0.00    0.00  100.00
15:12:47      14    2.97    0.00    0.99    0.00    0.00    0.00    0.00    0.00    0.00   96.04
15:12:47      15    0.00    0.00    1.02    0.00    0.00    1.02    0.00    0.00    0.00   97.96
15:12:47      16    1.98    0.00    2.97    0.00    0.00    0.00    0.00    0.00    0.00   95.05
15:12:47      17    1.00    0.00    0.00    0.00    0.00    0.00    0.00    0.00    0.00   99.00
15:12:47      18    1.00    0.00    0.00    0.00    0.00    0.00    0.00    0.00    0.00   99.00
15:12:47      19    0.00    0.00    0.00    0.00    0.00    0.00    0.00    0.00    0.00  100.00
15:12:47      20    0.00    0.00    0.00    0.00    0.00    0.00    0.00    0.00    0.00  100.00
15:12:47      21    2.00    0.00    0.00    0.00    0.00    0.00    0.00    0.00    0.00   98.00
15:12:47      22    4.08    0.00    0.00    0.00    0.00    0.00    0.00    0.00    0.00   95.92
15:12:47      23    1.00    0.00    0.00    0.00    0.00    0.00    0.00    0.00    0.00   99.00

15:12:47     CPU    %usr   %nice    %sys %iowait    %irq   %soft  %steal  %guest  %gnice   %idle
15:12:48     all    1.63    0.00    0.33    0.04    0.00    0.13    0.00    0.00    0.00   97.87
15:12:48       0    2.00    0.00    0.00    0.00    0.00    0.00    0.00    0.00    0.00   98.00
15:12:48       1    0.00    0.00    0.00    0.00    0.00    0.00    0.00    0.00    0.00  100.00
15:12:48       2    1.98    0.00    0.00    0.00    0.00    0.99    0.00    0.00    0.00   97.03
15:12:48       3    0.99    0.00    0.00    0.00    0.00    0.00    0.00    0.00    0.00   99.01
15:12:48       4    0.00    0.00    0.00    0.00    0.00    0.00    0.00    0.00    0.00  100.00
15:12:48       5    0.00    0.00    0.00    0.00    0.00    0.00    0.00    0.00    0.00  100.00
15:12:48       6    2.02    0.00    3.03    0.00    0.00    0.00    0.00    0.00    0.00   94.95
15:12:48       7    0.00    0.00    0.00    0.00    0.00    0.00    0.00    0.00    0.00  100.00
15:12:48       8    5.05    0.00    0.00    0.00    0.00    0.00    0.00    0.00    0.00   94.95
15:12:48       9    0.00    0.00    0.00    0.00    0.00    0.00    0.00    0.00    0.00  100.00
15:12:48      10    9.09    0.00    1.01    0.00    0.00    0.00    0.00    0.00    0.00   89.90
15:12:48      11    0.00    0.00    0.00    0.00    0.00    0.00    0.00    0.00    0.00  100.00
15:12:48      12    6.06    0.00    0.00    1.01    0.00    0.00    0.00    0.00    0.00   92.93
15:12:48      13    0.00    0.00    0.00    0.00    0.00    0.00    0.00    0.00    0.00  100.00
15:12:48      14    2.02    0.00    0.00    0.00    0.00    0.00    0.00    0.00    0.00   97.98
15:12:48      15    0.00    0.00    0.00    0.00    0.00    2.04    0.00    0.00    0.00   97.96
15:12:48      16    2.02    0.00    0.00    0.00    0.00    0.00    0.00    0.00    0.00   97.98
15:12:48      17    2.00    0.00    1.00    0.00    0.00    0.00    0.00    0.00    0.00   97.00
15:12:48      18    1.01    0.00    1.01    0.00    0.00    0.00    0.00    0.00    0.00   97.98
15:12:48      19    0.99    0.00    0.99    0.00    0.00    0.00    0.00    0.00    0.00   98.02
15:12:48      20    1.98    0.00    0.00    0.00    0.00    0.00    0.00    0.00    0.00   98.02
15:12:48      21    0.00    0.00    0.00    0.00    0.00    0.00    0.00    0.00    0.00  100.00
15:12:48      22    1.02    0.00    0.00    0.00    0.00    0.00    0.00    0.00    0.00   98.98
15:12:48      23    0.99    0.00    0.99    0.00    0.00    0.00    0.00    0.00    0.00   98.02

15:12:48     CPU    %usr   %nice    %sys %iowait    %irq   %soft  %steal  %guest  %gnice   %idle
15:12:49     all    1.30    0.00    0.54    0.00    0.00    0.04    0.00    0.00    0.00   98.12
15:12:49       0    0.00    0.00    0.00    0.00    0.00    0.00    0.00    0.00    0.00  100.00
15:12:49       1    0.00    0.00    0.00    0.00    0.00    0.00    0.00    0.00    0.00  100.00
15:12:49       2    1.00    0.00    1.00    0.00    0.00    0.00    0.00    0.00    0.00   98.00
15:12:49       3    0.00    0.00    0.00    0.00    0.00    0.00    0.00    0.00    0.00  100.00
15:12:49       4    0.00    0.00    0.00    0.00    0.00    0.00    0.00    0.00    0.00  100.00
15:12:49       5    0.00    0.00    0.00    0.00    0.00    0.00    0.00    0.00    0.00  100.00
15:12:49       6    2.02    0.00    3.03    0.00    0.00    0.00    0.00    0.00    0.00   94.95
15:12:49       7    0.00    0.00    0.00    0.00    0.00    0.00    0.00    0.00    0.00  100.00
15:12:49       8    6.00    0.00    1.00    0.00    0.00    0.00    0.00    0.00    0.00   93.00
15:12:49       9    0.00    0.00    0.00    0.00    0.00    0.00    0.00    0.00    0.00  100.00
15:12:49      10    5.00    0.00    2.00    0.00    0.00    0.00    0.00    0.00    0.00   93.00
15:12:49      11    0.00    0.00    0.00    0.00    0.00    0.00    0.00    0.00    0.00  100.00
15:12:49      12    3.00    0.00    0.00    0.00    0.00    0.00    0.00    0.00    0.00   97.00
15:12:49      13    0.00    0.00    0.00    0.00    0.00    0.00    0.00    0.00    0.00  100.00
15:12:49      14    5.05    0.00    0.00    0.00    0.00    0.00    0.00    0.00    0.00   94.95
15:12:49      15    1.00    0.00    1.00    0.00    0.00    1.00    0.00    0.00    0.00   97.00
15:12:49      16    1.00    0.00    1.00    0.00    0.00    0.00    0.00    0.00    0.00   98.00
15:12:49      17    1.02    0.00    0.00    0.00    0.00    0.00    0.00    0.00    0.00   98.98
15:12:49      18    1.00    0.00    0.00    0.00    0.00    0.00    0.00    0.00    0.00   99.00
15:12:49      19    0.00    0.00    0.00    0.00    0.00    0.00    0.00    0.00    0.00  100.00
15:12:49      20    1.00    0.00    1.00    0.00    0.00    0.00    0.00    0.00    0.00   98.00
15:12:49      21    0.99    0.00    0.99    0.00    0.00    0.00    0.00    0.00    0.00   98.02
15:12:49      22    3.00    0.00    1.00    0.00    0.00    0.00    0.00    0.00    0.00   96.00
15:12:49      23    0.00    0.00    1.00    0.00    0.00    0.00    0.00    0.00    0.00   99.00

15:12:49     CPU    %usr   %nice    %sys %iowait    %irq   %soft  %steal  %guest  %gnice   %idle
15:12:50     all    1.54    0.00    0.33    0.00    0.00    0.04    0.00    0.00    0.00   98.08
15:12:50       0    1.98    0.00    0.99    0.00    0.00    0.00    0.00    0.00    0.00   97.03
15:12:50       1    0.00    0.00    0.00    0.00    0.00    0.00    0.00    0.00    0.00  100.00
15:12:50       2    2.00    0.00    0.00    0.00    0.00    0.00    0.00    0.00    0.00   98.00
15:12:50       3    0.00    0.00    0.00    0.00    0.00    0.00    0.00    0.00    0.00  100.00
15:12:50       4    0.99    0.00    0.99    0.00    0.00    0.00    0.00    0.00    0.00   98.02
15:12:50       5    0.00    0.00    0.00    0.00    0.00    0.00    0.00    0.00    0.00  100.00
15:12:50       6    4.00    0.00    1.00    0.00    0.00    0.00    0.00    0.00    0.00   95.00
15:12:50       7    0.00    0.00    0.00    0.00    0.00    0.00    0.00    0.00    0.00  100.00
15:12:50       8    4.00    0.00    1.00    0.00    0.00    0.00    0.00    0.00    0.00   95.00
15:12:50       9    0.00    0.00    0.00    0.00    0.00    0.00    0.00    0.00    0.00  100.00
15:12:50      10    4.04    0.00    1.01    0.00    0.00    0.00    0.00    0.00    0.00   94.95
15:12:50      11    0.00    0.00    0.00    0.00    0.00    0.00    0.00    0.00    0.00  100.00
15:12:50      12    3.00    0.00    1.00    0.00    0.00    0.00    0.00    0.00    0.00   96.00
15:12:50      13    0.00    0.00    0.00    0.00    0.00    0.00    0.00    0.00    0.00  100.00
15:12:50      14    5.94    0.00    0.00    0.00    0.00    0.00    0.00    0.00    0.00   94.06
15:12:50      15    0.00    0.00    1.02    0.00    0.00    1.02    0.00    0.00    0.00   97.96
15:12:50      16    0.00    0.00    0.00    0.00    0.00    0.00    0.00    0.00    0.00  100.00
15:12:50      17    1.98    0.00    0.99    0.00    0.00    0.00    0.00    0.00    0.00   97.03
15:12:50      18    0.00    0.00    0.00    0.00    0.00    0.00    0.00    0.00    0.00  100.00
15:12:50      19    0.99    0.00    0.00    0.00    0.00    0.00    0.00    0.00    0.00   99.01
15:12:50      20    1.01    0.00    0.00    0.00    0.00    0.00    0.00    0.00    0.00   98.99
15:12:50      21    2.02    0.00    0.00    0.00    0.00    0.00    0.00    0.00    0.00   97.98
15:12:50      22    2.04    0.00    0.00    0.00    0.00    0.00    0.00    0.00    0.00   97.96
15:12:50      23    3.00    0.00    0.00    0.00    0.00    0.00    0.00    0.00    0.00   97.00

15:12:50     CPU    %usr   %nice    %sys %iowait    %irq   %soft  %steal  %guest  %gnice   %idle
15:12:51     all    1.63    0.00    0.38    0.00    0.00    0.08    0.00    0.00    0.00   97.91
15:12:51       0    1.02    0.00    0.00    0.00    0.00    0.00    0.00    0.00    0.00   98.98
15:12:51       1    0.00    0.00    0.00    0.00    0.00    0.00    0.00    0.00    0.00  100.00
15:12:51       2    5.05    0.00    1.01    0.00    0.00    0.00    0.00    0.00    0.00   93.94
15:12:51       3    0.00    0.00    0.00    0.00    0.00    0.00    0.00    0.00    0.00  100.00
15:12:51       4    1.00    0.00    1.00    0.00    0.00    0.00    0.00    0.00    0.00   98.00
15:12:51       5    1.00    0.00    0.00    0.00    0.00    0.00    0.00    0.00    0.00   99.00
15:12:51       6    1.00    0.00    1.00    0.00    0.00    0.00    0.00    0.00    0.00   98.00
15:12:51       7    0.00    0.00    0.00    0.00    0.00    0.00    0.00    0.00    0.00  100.00
15:12:51       8    8.00    0.00    1.00    0.00    0.00    0.00    0.00    0.00    0.00   91.00
15:12:51       9    0.00    0.00    0.00    0.00    0.00    0.00    0.00    0.00    0.00  100.00
15:12:51      10    4.00    0.00    2.00    0.00    0.00    0.00    0.00    0.00    0.00   94.00
15:12:51      11    0.00    0.00    0.00    0.00    0.00    0.00    0.00    0.00    0.00  100.00
15:12:51      12    2.02    0.00    0.00    0.00    0.00    0.00    0.00    0.00    0.00   97.98
15:12:51      13    0.00    0.00    0.00    0.00    0.00    0.00    0.00    0.00    0.00  100.00
15:12:51      14    3.00    0.00    0.00    0.00    0.00    0.00    0.00    0.00    0.00   97.00
15:12:51      15    0.00    0.00    1.00    0.00    0.00    2.00    0.00    0.00    0.00   97.00
15:12:51      16    1.98    0.00    0.99    0.00    0.00    0.00    0.00    0.00    0.00   97.03
15:12:51      17    1.00    0.00    0.00    0.00    0.00    0.00    0.00    0.00    0.00   99.00
15:12:51      18    2.00    0.00    0.00    0.00    0.00    0.00    0.00    0.00    0.00   98.00
15:12:51      19    1.01    0.00    0.00    0.00    0.00    0.00    0.00    0.00    0.00   98.99
15:12:51      20    2.00    0.00    0.00    0.00    0.00    0.00    0.00    0.00    0.00   98.00
15:12:51      21    2.00    0.00    0.00    0.00    0.00    0.00    0.00    0.00    0.00   98.00
15:12:51      22    3.00    0.00    1.00    0.00    0.00    0.00    0.00    0.00    0.00   96.00
15:12:51      23    0.00    0.00    0.00    0.00    0.00    0.00    0.00    0.00    0.00  100.00

15:12:51     CPU    %usr   %nice    %sys %iowait    %irq   %soft  %steal  %guest  %gnice   %idle
15:12:52     all    2.85    0.00    0.67    0.04    0.00    0.04    0.00    0.00    0.00   96.40
15:12:52       0    3.03    0.00    0.00    0.00    0.00    0.00    0.00    0.00    0.00   96.97
15:12:52       1    0.00    0.00    0.00    0.00    0.00    0.00    0.00    0.00    0.00  100.00
15:12:52       2    5.00    0.00    1.00    0.00    0.00    0.00    0.00    0.00    0.00   94.00
15:12:52       3    0.00    0.00    0.00    0.00    0.00    0.00    0.00    0.00    0.00  100.00
15:12:52       4    3.06    0.00    0.00    0.00    0.00    0.00    0.00    0.00    0.00   96.94
15:12:52       5    0.00    0.00    0.00    0.00    0.00    0.00    0.00    0.00    0.00  100.00
15:12:52       6    4.04    0.00    1.01    0.00    0.00    0.00    0.00    0.00    0.00   94.95
15:12:52       7    0.00    0.00    0.00    1.00    0.00    0.00    0.00    0.00    0.00   99.00
15:12:52       8   11.11    0.00    0.00    0.00    0.00    0.00    0.00    0.00    0.00   88.89
15:12:52       9    0.00    0.00    0.00    0.00    0.00    0.00    0.00    0.00    0.00  100.00
15:12:52      10   20.41    0.00    4.08    0.00    0.00    0.00    0.00    0.00    0.00   75.51
15:12:52      11    0.00    0.00    0.00    0.00    0.00    0.00    0.00    0.00    0.00  100.00
15:12:52      12    3.00    0.00    1.00    0.00    0.00    0.00    0.00    0.00    0.00   96.00
15:12:52      13    0.00    0.00    0.00    0.00    0.00    0.00    0.00    0.00    0.00  100.00
15:12:52      14    4.95    0.00    0.99    0.00    0.00    0.00    0.00    0.00    0.00   94.06
15:12:52      15    2.04    0.00    0.00    0.00    0.00    1.02    0.00    0.00    0.00   96.94
15:12:52      16    2.02    0.00    0.00    0.00    0.00    0.00    0.00    0.00    0.00   97.98
15:12:52      17    3.03    0.00    1.01    0.00    0.00    0.00    0.00    0.00    0.00   95.96
15:12:52      18    0.00    0.00    1.01    0.00    0.00    0.00    0.00    0.00    0.00   98.99
15:12:52      19    1.00    0.00    1.00    0.00    0.00    0.00    0.00    0.00    0.00   98.00
15:12:52      20    0.99    0.00    0.99    0.00    0.00    0.00    0.00    0.00    0.00   98.02
15:12:52      21    0.99    0.00    0.99    0.00    0.00    0.00    0.00    0.00    0.00   98.02
15:12:52      22    3.06    0.00    3.06    0.00    0.00    0.00    0.00    0.00    0.00   93.88
15:12:52      23    1.01    0.00    0.00    0.00    0.00    0.00    0.00    0.00    0.00   98.99

15:12:52     CPU    %usr   %nice    %sys %iowait    %irq   %soft  %steal  %guest  %gnice   %idle
15:12:53     all    7.19    0.00    1.34    0.08    0.00    0.04    0.00    0.00    0.00   91.34
15:12:53       0   10.89    0.00    1.98    0.00    0.00    0.00    0.00    0.00    0.00   87.13
15:12:53       1    0.00    0.00    0.00    0.00    0.00    0.00    0.00    0.00    0.00  100.00
15:12:53       2    4.04    0.00    0.00    0.00    0.00    0.00    0.00    0.00    0.00   95.96
15:12:53       3    2.00    0.00    0.00    0.00    0.00    0.00    0.00    0.00    0.00   98.00
15:12:53       4    8.08    0.00    1.01    0.00    0.00    0.00    0.00    0.00    0.00   90.91
15:12:53       5    0.00    0.00    1.01    0.00    0.00    0.00    0.00    0.00    0.00   98.99
15:12:53       6    6.00    0.00    1.00    1.00    0.00    0.00    0.00    0.00    0.00   92.00
15:12:53       7    0.00    0.00    0.00    0.00    0.00    0.00    0.00    0.00    0.00  100.00
15:12:53       8   41.58    0.00    4.95    0.00    0.00    0.00    0.00    0.00    0.00   53.47
15:12:53       9    0.00    0.00    0.00    0.00    0.00    0.00    0.00    0.00    0.00  100.00
15:12:53      10   32.65    0.00    7.14    0.00    0.00    0.00    0.00    0.00    0.00   60.20
15:12:53      11    0.00    0.00    0.00    1.00    0.00    0.00    0.00    0.00    0.00   99.00
15:12:53      12   18.18    0.00    2.02    0.00    0.00    0.00    0.00    0.00    0.00   79.80
15:12:53      13    1.00    0.00    0.00    0.00    0.00    0.00    0.00    0.00    0.00   99.00
15:12:53      14   11.00    0.00    3.00    0.00    0.00    0.00    0.00    0.00    0.00   86.00
15:12:53      15    0.00    0.00    2.02    0.00    0.00    1.01    0.00    0.00    0.00   96.97
15:12:53      16    8.91    0.00    2.97    0.00    0.00    0.00    0.00    0.00    0.00   88.12
15:12:53      17    7.00    0.00    2.00    0.00    0.00    0.00    0.00    0.00    0.00   91.00
15:12:53      18    4.95    0.00    0.99    0.00    0.00    0.00    0.00    0.00    0.00   94.06
15:12:53      19    3.03    0.00    0.00    0.00    0.00    0.00    0.00    0.00    0.00   96.97
15:12:53      20    4.04    0.00    0.00    0.00    0.00    0.00    0.00    0.00    0.00   95.96
15:12:53      21    3.03    0.00    1.01    0.00    0.00    0.00    0.00    0.00    0.00   95.96
15:12:53      22    3.06    0.00    0.00    0.00    0.00    0.00    0.00    0.00    0.00   96.94
15:12:53      23    3.00    0.00    1.00    0.00    0.00    0.00    0.00    0.00    0.00   96.00

15:12:53     CPU    %usr   %nice    %sys %iowait    %irq   %soft  %steal  %guest  %gnice   %idle
15:12:54     all    6.72    0.00    0.96    0.00    0.00    0.13    0.00    0.00    0.00   92.20
15:12:54       0    9.09    0.00    0.00    0.00    0.00    0.00    0.00    0.00    0.00   90.91
15:12:54       1    4.04    0.00    0.00    0.00    0.00    0.00    0.00    0.00    0.00   95.96
15:12:54       2    2.00    0.00    2.00    0.00    0.00    0.00    0.00    0.00    0.00   96.00
15:12:54       3    5.00    0.00    0.00    0.00    0.00    0.00    0.00    0.00    0.00   95.00
15:12:54       4    8.82    0.00    0.98    0.00    0.00    0.98    0.00    0.00    0.00   89.22
15:12:54       5    0.99    0.00    0.00    0.00    0.00    0.00    0.00    0.00    0.00   99.01
15:12:54       6    6.06    0.00    1.01    0.00    0.00    0.00    0.00    0.00    0.00   92.93
15:12:54       7    0.00    0.00    0.00    0.00    0.00    0.00    0.00    0.00    0.00  100.00
15:12:54       8   26.53    0.00    3.06    0.00    0.00    0.00    0.00    0.00    0.00   70.41
15:12:54       9    0.99    0.00    0.00    0.00    0.00    0.00    0.00    0.00    0.00   99.01
15:12:54      10   18.18    0.00    1.01    0.00    0.00    0.00    0.00    0.00    0.00   80.81
15:12:54      11    2.00    0.00    0.00    0.00    0.00    0.00    0.00    0.00    0.00   98.00
15:12:54      12   24.00    0.00    4.00    0.00    0.00    0.00    0.00    0.00    0.00   72.00
15:12:54      13    0.00    0.00    0.00    0.00    0.00    0.00    0.00    0.00    0.00  100.00
15:12:54      14   13.00    0.00    2.00    0.00    0.00    0.00    0.00    0.00    0.00   85.00
15:12:54      15    1.01    0.00    0.00    0.00    0.00    2.02    0.00    0.00    0.00   96.97
15:12:54      16    8.00    0.00    1.00    0.00    0.00    0.00    0.00    0.00    0.00   91.00
15:12:54      17    4.00    0.00    1.00    0.00    0.00    0.00    0.00    0.00    0.00   95.00
15:12:54      18    3.03    0.00    2.02    0.00    0.00    0.00    0.00    0.00    0.00   94.95
15:12:54      19    3.96    0.00    0.99    0.00    0.00    0.00    0.00    0.00    0.00   95.05
15:12:54      20    3.96    0.00    0.99    0.00    0.00    0.00    0.00    0.00    0.00   95.05
15:12:54      21    4.95    0.00    0.99    0.00    0.00    0.00    0.00    0.00    0.00   94.06
15:12:54      22    4.04    0.00    1.01    0.00    0.00    0.00    0.00    0.00    0.00   94.95
15:12:54      23    8.00    0.00    1.00    0.00    0.00    0.00    0.00    0.00    0.00   91.00

15:12:54     CPU    %usr   %nice    %sys %iowait    %irq   %soft  %steal  %guest  %gnice   %idle
15:12:55     all    5.60    0.00    0.92    0.17    0.00    0.13    0.00    0.00    0.00   93.19
15:12:55       0    9.09    0.00    2.02    0.00    0.00    0.00    0.00    0.00    0.00   88.89
15:12:55       1    0.00    0.00    0.00    0.00    0.00    0.00    0.00    0.00    0.00  100.00
15:12:55       2    1.01    0.00    0.00    0.00    0.00    0.00    0.00    0.00    0.00   98.99
15:12:55       3    1.00    0.00    0.00    0.00    0.00    0.00    0.00    0.00    0.00   99.00
15:12:55       4    5.00    0.00    3.00    0.00    0.00    0.00    0.00    0.00    0.00   92.00
15:12:55       5    0.00    0.00    0.00    0.00    0.00    0.00    0.00    0.00    0.00  100.00
15:12:55       6   10.00    0.00    2.00    0.00    0.00    0.00    0.00    0.00    0.00   88.00
15:12:55       7    0.00    0.00    0.00    0.00    0.00    0.00    0.00    0.00    0.00  100.00
15:12:55       8   25.00    0.00    2.00    0.00    0.00    0.00    0.00    0.00    0.00   73.00
15:12:55       9    0.00    0.00    0.00    0.00    0.00    0.00    0.00    0.00    0.00  100.00
15:12:55      10   25.25    0.00    3.03    0.00    0.00    1.01    0.00    0.00    0.00   70.71
15:12:55      11    0.00    0.00    0.00    1.01    0.00    0.00    0.00    0.00    0.00   98.99
15:12:55      12   14.14    0.00    2.02    0.00    0.00    0.00    0.00    0.00    0.00   83.84
15:12:55      13    0.00    0.00    0.00    0.00    0.00    0.00    0.00    0.00    0.00  100.00
15:12:55      14   12.00    0.00    1.00    1.00    0.00    0.00    0.00    0.00    0.00   86.00
15:12:55      15    1.00    0.00    1.00    0.00    0.00    2.00    0.00    0.00    0.00   96.00
15:12:55      16    5.94    0.00    1.98    1.98    0.00    0.00    0.00    0.00    0.00   90.10
15:12:55      17    6.93    0.00    0.99    0.00    0.00    0.00    0.00    0.00    0.00   92.08
15:12:55      18    3.00    0.00    1.00    0.00    0.00    0.00    0.00    0.00    0.00   96.00
15:12:55      19    5.00    0.00    1.00    0.00    0.00    0.00    0.00    0.00    0.00   94.00
15:12:55      20    3.00    0.00    1.00    0.00    0.00    0.00    0.00    0.00    0.00   96.00
15:12:55      21    2.00    0.00    0.00    0.00    0.00    0.00    0.00    0.00    0.00   98.00
15:12:55      22    2.04    0.00    0.00    0.00    0.00    0.00    0.00    0.00    0.00   97.96
15:12:55      23    3.00    0.00    0.00    0.00    0.00    0.00    0.00    0.00    0.00   97.00

15:12:55     CPU    %usr   %nice    %sys %iowait    %irq   %soft  %steal  %guest  %gnice   %idle
15:12:56     all    1.67    0.00    0.33    0.00    0.00    0.08    0.00    0.00    0.00   97.91
15:12:56       0    5.00    0.00    0.00    0.00    0.00    0.00    0.00    0.00    0.00   95.00
15:12:56       1    0.00    0.00    0.00    0.00    0.00    0.00    0.00    0.00    0.00  100.00
15:12:56       2    1.00    0.00    1.00    0.00    0.00    0.00    0.00    0.00    0.00   98.00
15:12:56       3    1.00    0.00    0.00    0.00    0.00    0.00    0.00    0.00    0.00   99.00
15:12:56       4    1.01    0.00    0.00    0.00    0.00    0.00    0.00    0.00    0.00   98.99
15:12:56       5    0.00    0.00    0.00    0.00    0.00    0.00    0.00    0.00    0.00  100.00
15:12:56       6    1.00    0.00    0.00    0.00    0.00    0.00    0.00    0.00    0.00   99.00
15:12:56       7    0.00    0.00    0.00    0.00    0.00    0.00    0.00    0.00    0.00  100.00
15:12:56       8   10.00    0.00    2.00    0.00    0.00    0.00    0.00    0.00    0.00   88.00
15:12:56       9    0.00    0.00    0.00    0.00    0.00    0.00    0.00    0.00    0.00  100.00
15:12:56      10    2.02    0.00    0.00    0.00    0.00    0.00    0.00    0.00    0.00   97.98
15:12:56      11    0.00    0.00    0.00    0.00    0.00    0.00    0.00    0.00    0.00  100.00
15:12:56      12    3.00    0.00    1.00    0.00    0.00    0.00    0.00    0.00    0.00   96.00
15:12:56      13    0.00    0.00    0.00    0.00    0.00    0.00    0.00    0.00    0.00  100.00
15:12:56      14    3.03    0.00    2.02    0.00    0.00    0.00    0.00    0.00    0.00   94.95
15:12:56      15    0.00    0.00    0.00    0.00    0.00    2.02    0.00    0.00    0.00   97.98
15:12:56      16    2.00    0.00    0.00    0.00    0.00    0.00    0.00    0.00    0.00   98.00
15:12:56      17    1.01    0.00    0.00    0.00    0.00    0.00    0.00    0.00    0.00   98.99
15:12:56      18    2.02    0.00    0.00    0.00    0.00    0.00    0.00    0.00    0.00   97.98
15:12:56      19    1.00    0.00    0.00    0.00    0.00    0.00    0.00    0.00    0.00   99.00
15:12:56      20    2.00    0.00    0.00    0.00    0.00    0.00    0.00    0.00    0.00   98.00
15:12:56      21    1.01    0.00    0.00    0.00    0.00    0.00    0.00    0.00    0.00   98.99
15:12:56      22    2.04    0.00    1.02    0.00    0.00    0.00    0.00    0.00    0.00   96.94
15:12:56      23    2.00    0.00    1.00    0.00    0.00    0.00    0.00    0.00    0.00   97.00

15:12:56     CPU    %usr   %nice    %sys %iowait    %irq   %soft  %steal  %guest  %gnice   %idle
15:12:57     all    1.67    0.00    0.33    0.00    0.00    0.08    0.00    0.00    0.00   97.91
15:12:57       0    6.06    0.00    1.01    0.00    0.00    0.00    0.00    0.00    0.00   92.93
15:12:57       1    0.00    0.00    0.00    0.00    0.00    0.00    0.00    0.00    0.00  100.00
15:12:57       2    1.00    0.00    0.00    0.00    0.00    0.00    0.00    0.00    0.00   99.00
15:12:57       3    1.00    0.00    0.00    0.00    0.00    0.00    0.00    0.00    0.00   99.00
15:12:57       4    1.00    0.00    1.00    0.00    0.00    0.00    0.00    0.00    0.00   98.00
15:12:57       5    0.00    0.00    0.00    0.00    0.00    0.00    0.00    0.00    0.00  100.00
15:12:57       6    2.02    0.00    1.01    0.00    0.00    0.00    0.00    0.00    0.00   96.97
15:12:57       7    0.00    0.00    0.00    0.00    0.00    0.00    0.00    0.00    0.00  100.00
15:12:57       8    4.08    0.00    0.00    0.00    0.00    0.00    0.00    0.00    0.00   95.92
15:12:57       9    0.00    0.00    0.00    0.00    0.00    0.00    0.00    0.00    0.00  100.00
15:12:57      10    9.90    0.00    0.99    0.00    0.00    0.00    0.00    0.00    0.00   89.11
15:12:57      11    0.00    0.00    0.00    0.00    0.00    0.00    0.00    0.00    0.00  100.00
15:12:57      12    1.01    0.00    0.00    0.00    0.00    0.00    0.00    0.00    0.00   98.99
15:12:57      13    0.99    0.00    0.00    0.00    0.00    0.00    0.00    0.00    0.00   99.01
15:12:57      14    2.00    0.00    0.00    0.00    0.00    0.00    0.00    0.00    0.00   98.00
15:12:57      15    0.99    0.00    0.99    0.00    0.00    1.98    0.00    0.00    0.00   96.04
15:12:57      16    2.00    0.00    1.00    0.00    0.00    0.00    0.00    0.00    0.00   97.00
15:12:57      17    1.01    0.00    0.00    0.00    0.00    0.00    0.00    0.00    0.00   98.99
15:12:57      18    2.00    0.00    0.00    0.00    0.00    0.00    0.00    0.00    0.00   98.00
15:12:57      19    1.00    0.00    1.00    0.00    0.00    0.00    0.00    0.00    0.00   98.00
15:12:57      20    0.00    0.00    0.00    0.00    0.00    0.00    0.00    0.00    0.00  100.00
15:12:57      21    0.00    0.00    0.00    0.00    0.00    0.00    0.00    0.00    0.00  100.00
15:12:57      22    2.02    0.00    1.01    0.00    0.00    0.00    0.00    0.00    0.00   96.97
15:12:57      23    1.98    0.00    0.00    0.00    0.00    0.00    0.00    0.00    0.00   98.02

15:12:57     CPU    %usr   %nice    %sys %iowait    %irq   %soft  %steal  %guest  %gnice   %idle
15:12:58     all    1.63    0.00    0.38    0.00    0.00    0.04    0.00    0.00    0.00   97.96
15:12:58       0    4.00    0.00    1.00    0.00    0.00    0.00    0.00    0.00    0.00   95.00
15:12:58       1    0.00    0.00    0.00    0.00    0.00    0.00    0.00    0.00    0.00  100.00
15:12:58       2    1.00    0.00    1.00    0.00    0.00    0.00    0.00    0.00    0.00   98.00
15:12:58       3    0.00    0.00    0.00    0.00    0.00    0.00    0.00    0.00    0.00  100.00
15:12:58       4    1.01    0.00    0.00    0.00    0.00    0.00    0.00    0.00    0.00   98.99
15:12:58       5    0.00    0.00    0.00    0.00    0.00    0.00    0.00    0.00    0.00  100.00
15:12:58       6    1.96    0.00    1.96    0.00    0.00    0.00    0.00    0.00    0.00   96.08
15:12:58       7    0.00    0.00    0.00    0.00    0.00    0.00    0.00    0.00    0.00  100.00
15:12:58       8    3.00    0.00    1.00    0.00    0.00    0.00    0.00    0.00    0.00   96.00
15:12:58       9    0.00    0.00    0.00    0.00    0.00    0.00    0.00    0.00    0.00  100.00
15:12:58      10    8.00    0.00    0.00    0.00    0.00    0.00    0.00    0.00    0.00   92.00
15:12:58      11    0.00    0.00    0.00    0.00    0.00    0.00    0.00    0.00    0.00  100.00
15:12:58      12    2.00    0.00    0.00    0.00    0.00    0.00    0.00    0.00    0.00   98.00
15:12:58      13    0.00    0.00    0.00    0.00    0.00    0.00    0.00    0.00    0.00  100.00
15:12:58      14    2.02    0.00    0.00    0.00    0.00    0.00    0.00    0.00    0.00   97.98
15:12:58      15    0.00    0.00    1.01    0.00    0.00    1.01    0.00    0.00    0.00   97.98
15:12:58      16    2.02    0.00    0.00    0.00    0.00    0.00    0.00    0.00    0.00   97.98
15:12:58      17    3.96    0.00    0.99    0.00    0.00    0.00    0.00    0.00    0.00   95.05
15:12:58      18    2.00    0.00    0.00    0.00    0.00    0.00    0.00    0.00    0.00   98.00
15:12:58      19    3.00    0.00    0.00    0.00    0.00    0.00    0.00    0.00    0.00   97.00
15:12:58      20    1.98    0.00    0.00    0.00    0.00    0.00    0.00    0.00    0.00   98.02
15:12:58      21    1.00    0.00    0.00    0.00    0.00    0.00    0.00    0.00    0.00   99.00
15:12:58      22    2.00    0.00    2.00    0.00    0.00    0.00    0.00    0.00    0.00   96.00
15:12:58      23    0.00    0.00    0.00    0.00    0.00    0.00    0.00    0.00    0.00  100.00

15:12:58     CPU    %usr   %nice    %sys %iowait    %irq   %soft  %steal  %guest  %gnice   %idle
15:12:59     all    1.84    0.00    0.46    0.00    0.00    0.08    0.00    0.00    0.00   97.62
15:12:59       0    2.00    0.00    0.00    0.00    0.00    0.00    0.00    0.00    0.00   98.00
15:12:59       1    0.00    0.00    0.00    0.00    0.00    0.00    0.00    0.00    0.00  100.00
15:12:59       2    2.00    0.00    0.00    0.00    0.00    0.00    0.00    0.00    0.00   98.00
15:12:59       3    1.00    0.00    0.00    0.00    0.00    0.00    0.00    0.00    0.00   99.00
15:12:59       4    1.98    0.00    0.99    0.00    0.00    0.00    0.00    0.00    0.00   97.03
15:12:59       5    0.00    0.00    0.00    0.00    0.00    0.00    0.00    0.00    0.00  100.00
15:12:59       6    1.02    0.00    1.02    0.00    0.00    0.00    0.00    0.00    0.00   97.96
15:12:59       7    0.00    0.00    0.00    0.00    0.00    0.00    0.00    0.00    0.00  100.00
15:12:59       8    8.91    0.00    0.99    0.00    0.00    0.00    0.00    0.00    0.00   90.10
15:12:59       9    0.00    0.00    0.00    0.00    0.00    0.00    0.00    0.00    0.00  100.00
15:12:59      10    4.00    0.00    1.00    0.00    0.00    0.00    0.00    0.00    0.00   95.00
15:12:59      11    0.00    0.00    0.00    0.00    0.00    0.00    0.00    0.00    0.00  100.00
15:12:59      12    2.02    0.00    0.00    0.00    0.00    0.00    0.00    0.00    0.00   97.98
15:12:59      13    0.00    0.00    0.00    0.00    0.00    0.00    0.00    0.00    0.00  100.00
15:12:59      14    1.98    0.00    0.99    0.00    0.00    0.00    0.00    0.00    0.00   97.03
15:12:59      15    0.99    0.00    0.99    0.00    0.00    1.98    0.00    0.00    0.00   96.04
15:12:59      16    3.00    0.00    3.00    0.00    0.00    0.00    0.00    0.00    0.00   94.00
15:12:59      17    2.02    0.00    0.00    0.00    0.00    0.00    0.00    0.00    0.00   97.98
15:12:59      18    1.01    0.00    1.01    0.00    0.00    0.00    0.00    0.00    0.00   97.98
15:12:59      19    1.98    0.00    0.00    0.00    0.00    0.00    0.00    0.00    0.00   98.02
15:12:59      20    2.00    0.00    1.00    0.00    0.00    0.00    0.00    0.00    0.00   97.00
15:12:59      21    2.02    0.00    0.00    0.00    0.00    0.00    0.00    0.00    0.00   97.98
15:12:59      22    3.06    0.00    0.00    0.00    0.00    0.00    0.00    0.00    0.00   96.94
15:12:59      23    3.00    0.00    0.00    0.00    0.00    0.00    0.00    0.00    0.00   97.00

15:12:59     CPU    %usr   %nice    %sys %iowait    %irq   %soft  %steal  %guest  %gnice   %idle
15:13:00     all    1.79    0.00    0.46    0.00    0.00    0.04    0.00    0.00    0.00   97.71
15:13:00       0    1.01    0.00    0.00    0.00    0.00    0.00    0.00    0.00    0.00   98.99
15:13:00       1    0.00    0.00    0.00    0.00    0.00    0.00    0.00    0.00    0.00  100.00
15:13:00       2    1.98    0.00    0.00    0.00    0.00    0.00    0.00    0.00    0.00   98.02
15:13:00       3    1.00    0.00    0.00    0.00    0.00    0.00    0.00    0.00    0.00   99.00
15:13:00       4    3.03    0.00    1.01    0.00    0.00    0.00    0.00    0.00    0.00   95.96
15:13:00       5    0.00    0.00    0.00    0.00    0.00    0.00    0.00    0.00    0.00  100.00
15:13:00       6    2.97    0.00    1.98    0.00    0.00    0.00    0.00    0.00    0.00   95.05
15:13:00       7    2.00    0.00    0.00    0.00    0.00    0.00    0.00    0.00    0.00   98.00
15:13:00       8    5.05    0.00    0.00    0.00    0.00    0.00    0.00    0.00    0.00   94.95
15:13:00       9    0.00    0.00    0.00    0.00    0.00    0.00    0.00    0.00    0.00  100.00
15:13:00      10    5.00    0.00    1.00    0.00    0.00    0.00    0.00    0.00    0.00   94.00
15:13:00      11    0.00    0.00    0.00    0.00    0.00    0.00    0.00    0.00    0.00  100.00
15:13:00      12    2.97    0.00    0.99    0.00    0.00    0.00    0.00    0.00    0.00   96.04
15:13:00      13    0.00    0.00    0.00    0.00    0.00    0.00    0.00    0.00    0.00  100.00
15:13:00      14    2.00    0.00    1.00    0.00    0.00    0.00    0.00    0.00    0.00   97.00
15:13:00      15    1.01    0.00    0.00    0.00    0.00    1.01    0.00    0.00    0.00   97.98
15:13:00      16    3.00    0.00    1.00    0.00    0.00    0.00    0.00    0.00    0.00   96.00
15:13:00      17    2.97    0.00    0.99    0.00    0.00    0.00    0.00    0.00    0.00   96.04
15:13:00      18    1.98    0.00    0.99    0.00    0.00    0.00    0.00    0.00    0.00   97.03
15:13:00      19    1.01    0.00    0.00    0.00    0.00    0.00    0.00    0.00    0.00   98.99
15:13:00      20    2.00    0.00    0.00    0.00    0.00    0.00    0.00    0.00    0.00   98.00
15:13:00      21    1.98    0.00    0.00    0.00    0.00    0.00    0.00    0.00    0.00   98.02
15:13:00      22    1.01    0.00    1.01    0.00    0.00    0.00    0.00    0.00    0.00   97.98
15:13:00      23    0.99    0.00    0.99    0.00    0.00    0.00    0.00    0.00    0.00   98.02

15:13:00     CPU    %usr   %nice    %sys %iowait    %irq   %soft  %steal  %guest  %gnice   %idle
15:13:01     all    1.47    0.00    0.34    0.08    0.00    0.08    0.00    0.00    0.00   98.03
15:13:01       0    1.00    0.00    0.00    0.00    0.00    0.00    0.00    0.00    0.00   99.00
15:13:01       1    0.00    0.00    0.00    0.00    0.00    0.00    0.00    0.00    0.00  100.00
15:13:01       2    3.03    0.00    1.01    0.00    0.00    0.00    0.00    0.00    0.00   95.96
15:13:01       3    0.00    0.00    0.00    0.00    0.00    0.00    0.00    0.00    0.00  100.00
15:13:01       4    1.00    0.00    1.00    0.00    0.00    0.00    0.00    0.00    0.00   98.00
15:13:01       5    0.00    0.00    0.00    0.00    0.00    0.00    0.00    0.00    0.00  100.00
15:13:01       6    1.00    0.00    1.00    0.00    0.00    0.00    0.00    0.00    0.00   98.00
15:13:01       7    0.00    0.00    0.00    0.00    0.00    0.00    0.00    0.00    0.00  100.00
15:13:01       8    6.12    0.00    2.04    0.00    0.00    0.00    0.00    0.00    0.00   91.84
15:13:01       9    0.00    0.00    0.00    0.00    0.00    0.00    0.00    0.00    0.00  100.00
15:13:01      10    5.00    0.00    1.00    1.00    0.00    0.00    0.00    0.00    0.00   93.00
15:13:01      11    0.00    0.00    0.00    1.00    0.00    0.00    0.00    0.00    0.00   99.00
15:13:01      12    1.00    0.00    0.00    0.00    0.00    0.00    0.00    0.00    0.00   99.00
15:13:01      13    0.00    0.00    0.00    0.00    0.00    0.00    0.00    0.00    0.00  100.00
15:13:01      14    3.03    0.00    0.00    0.00    0.00    0.00    0.00    0.00    0.00   96.97
15:13:01      15    0.00    0.00    0.00    0.00    0.00    2.04    0.00    0.00    0.00   97.96
15:13:01      16    2.02    0.00    0.00    0.00    0.00    0.00    0.00    0.00    0.00   97.98
15:13:01      17    2.02    0.00    0.00    0.00    0.00    0.00    0.00    0.00    0.00   97.98
15:13:01      18    1.00    0.00    0.00    0.00    0.00    0.00    0.00    0.00    0.00   99.00
15:13:01      19    0.00    0.00    0.00    0.00    0.00    0.00    0.00    0.00    0.00  100.00
15:13:01      20    2.00    0.00    0.00    0.00    0.00    0.00    0.00    0.00    0.00   98.00
15:13:01      21    1.00    0.00    1.00    0.00    0.00    0.00    0.00    0.00    0.00   98.00
15:13:01      22    2.04    0.00    1.02    0.00    0.00    0.00    0.00    0.00    0.00   96.94
15:13:01      23    4.04    0.00    0.00    0.00    0.00    0.00    0.00    0.00    0.00   95.96

15:13:01     CPU    %usr   %nice    %sys %iowait    %irq   %soft  %steal  %guest  %gnice   %idle
15:13:02     all    2.13    0.00    0.46    0.00    0.00    0.04    0.00    0.00    0.00   97.37
15:13:02       0    0.00    0.00    0.00    0.00    0.00    0.00    0.00    0.00    0.00  100.00
15:13:02       1    0.00    0.00    0.00    0.00    0.00    0.00    0.00    0.00    0.00  100.00
15:13:02       2    1.00    0.00    1.00    0.00    0.00    0.00    0.00    0.00    0.00   98.00
15:13:02       3    0.00    0.00    0.00    0.00    0.00    0.00    0.00    0.00    0.00  100.00
15:13:02       4    2.00    0.00    0.00    0.00    0.00    0.00    0.00    0.00    0.00   98.00
15:13:02       5    1.00    0.00    0.00    0.00    0.00    0.00    0.00    0.00    0.00   99.00
15:13:02       6    1.01    0.00    0.00    0.00    0.00    0.00    0.00    0.00    0.00   98.99
15:13:02       7    0.99    0.00    0.00    0.00    0.00    0.00    0.00    0.00    0.00   99.01
15:13:02       8    5.10    0.00    2.04    0.00    0.00    0.00    0.00    0.00    0.00   92.86
15:13:02       9    0.00    0.00    0.00    0.00    0.00    0.00    0.00    0.00    0.00  100.00
15:13:02      10   13.13    0.00    1.01    0.00    0.00    0.00    0.00    0.00    0.00   85.86
15:13:02      11    1.01    0.00    0.00    0.00    0.00    0.00    0.00    0.00    0.00   98.99
15:13:02      12    6.00    0.00    1.00    0.00    0.00    0.00    0.00    0.00    0.00   93.00
15:13:02      13    0.00    0.00    0.00    0.00    0.00    0.00    0.00    0.00    0.00  100.00
15:13:02      14    3.96    0.00    0.99    0.00    0.00    0.00    0.00    0.00    0.00   95.05
15:13:02      15    1.00    0.00    1.00    0.00    0.00    1.00    0.00    0.00    0.00   97.00
15:13:02      16    1.00    0.00    1.00    0.00    0.00    0.00    0.00    0.00    0.00   98.00
15:13:02      17    2.00    0.00    1.00    0.00    0.00    0.00    0.00    0.00    0.00   97.00
15:13:02      18    1.01    0.00    0.00    0.00    0.00    0.00    0.00    0.00    0.00   98.99
15:13:02      19    1.96    0.00    0.98    0.00    0.00    0.00    0.00    0.00    0.00   97.06
15:13:02      20    2.02    0.00    0.00    0.00    0.00    0.00    0.00    0.00    0.00   97.98
15:13:02      21    2.00    0.00    1.00    0.00    0.00    0.00    0.00    0.00    0.00   97.00
15:13:02      22    2.02    0.00    0.00    0.00    0.00    0.00    0.00    0.00    0.00   97.98
15:13:02      23    3.03    0.00    0.00    0.00    0.00    0.00    0.00    0.00    0.00   96.97

15:13:02     CPU    %usr   %nice    %sys %iowait    %irq   %soft  %steal  %guest  %gnice   %idle
15:13:03     all    1.55    0.00    0.29    0.00    0.00    0.08    0.00    0.00    0.00   98.08
15:13:03       0    1.00    0.00    0.00    0.00    0.00    0.00    0.00    0.00    0.00   99.00
15:13:03       1    0.00    0.00    0.00    0.00    0.00    0.00    0.00    0.00    0.00  100.00
15:13:03       2    5.05    0.00    0.00    0.00    0.00    0.00    0.00    0.00    0.00   94.95
15:13:03       3    0.00    0.00    0.00    0.00    0.00    0.00    0.00    0.00    0.00  100.00
15:13:03       4    2.00    0.00    0.00    0.00    0.00    0.00    0.00    0.00    0.00   98.00
15:13:03       5    0.00    0.00    0.00    0.00    0.00    0.00    0.00    0.00    0.00  100.00
15:13:03       6    1.01    0.00    0.00    0.00    0.00    0.00    0.00    0.00    0.00   98.99
15:13:03       7    0.00    0.00    0.00    0.00    0.00    0.00    0.00    0.00    0.00  100.00
15:13:03       8    6.93    0.00    1.98    0.00    0.00    0.99    0.00    0.00    0.00   90.10
15:13:03       9    0.00    0.00    0.00    0.00    0.00    0.00    0.00    0.00    0.00  100.00
15:13:03      10    7.00    0.00    1.00    0.00    0.00    0.00    0.00    0.00    0.00   92.00
15:13:03      11    0.00    0.00    0.00    0.00    0.00    0.00    0.00    0.00    0.00  100.00
15:13:03      12    2.02    0.00    0.00    0.00    0.00    0.00    0.00    0.00    0.00   97.98
15:13:03      13    0.00    0.00    0.00    0.00    0.00    0.00    0.00    0.00    0.00  100.00
15:13:03      14    1.03    0.00    0.00    0.00    0.00    0.00    0.00    0.00    0.00   98.97
15:13:03      15    0.00    0.00    0.00    0.00    0.00    1.02    0.00    0.00    0.00   98.98
15:13:03      16    1.02    0.00    0.00    0.00    0.00    0.00    0.00    0.00    0.00   98.98
15:13:03      17    1.00    0.00    2.00    0.00    0.00    0.00    0.00    0.00    0.00   97.00
15:13:03      18    1.00    0.00    0.00    0.00    0.00    0.00    0.00    0.00    0.00   99.00
15:13:03      19    0.00    0.00    0.00    0.00    0.00    0.00    0.00    0.00    0.00  100.00
15:13:03      20    2.02    0.00    0.00    0.00    0.00    0.00    0.00    0.00    0.00   97.98
15:13:03      21    2.97    0.00    0.00    0.00    0.00    0.00    0.00    0.00    0.00   97.03
15:13:03      22    2.02    0.00    1.01    0.00    0.00    0.00    0.00    0.00    0.00   96.97
15:13:03      23    0.99    0.00    0.99    0.00    0.00    0.00    0.00    0.00    0.00   98.02

15:13:03     CPU    %usr   %nice    %sys %iowait    %irq   %soft  %steal  %guest  %gnice   %idle
15:13:04     all    1.71    0.00    0.42    0.00    0.00    0.08    0.00    0.00    0.00   97.78
15:13:04       0    2.00    0.00    1.00    0.00    0.00    0.00    0.00    0.00    0.00   97.00
15:13:04       1    0.00    0.00    0.00    0.00    0.00    0.00    0.00    0.00    0.00  100.00
15:13:04       2    3.00    0.00    2.00    0.00    0.00    0.00    0.00    0.00    0.00   95.00
15:13:04       3    0.00    0.00    0.00    0.00    0.00    0.00    0.00    0.00    0.00  100.00
15:13:04       4    2.02    0.00    1.01    0.00    0.00    0.00    0.00    0.00    0.00   96.97
15:13:04       5    0.00    0.00    0.00    0.00    0.00    0.00    0.00    0.00    0.00  100.00
15:13:04       6    2.00    0.00    0.00    0.00    0.00    0.00    0.00    0.00    0.00   98.00
15:13:04       7    0.00    0.00    0.00    0.00    0.00    0.00    0.00    0.00    0.00  100.00
15:13:04       8    8.00    0.00    1.00    0.00    0.00    0.00    0.00    0.00    0.00   91.00
15:13:04       9    0.00    0.00    0.00    0.00    0.00    0.00    0.00    0.00    0.00  100.00
15:13:04      10    8.00    0.00    0.00    0.00    0.00    0.00    0.00    0.00    0.00   92.00
15:13:04      11    0.00    0.00    0.00    0.00    0.00    0.00    0.00    0.00    0.00  100.00
15:13:04      12    1.02    0.00    1.02    0.00    0.00    0.00    0.00    0.00    0.00   97.96
15:13:04      13    0.00    0.00    0.00    0.00    0.00    0.00    0.00    0.00    0.00  100.00
15:13:04      14    1.96    0.00    0.98    0.00    0.00    0.00    0.00    0.00    0.00   97.06
15:13:04      15    0.00    0.00    1.00    0.00    0.00    2.00    0.00    0.00    0.00   97.00
15:13:04      16    2.02    0.00    0.00    0.00    0.00    0.00    0.00    0.00    0.00   97.98
15:13:04      17    2.02    0.00    0.00    0.00    0.00    0.00    0.00    0.00    0.00   97.98
15:13:04      18    2.02    0.00    1.01    0.00    0.00    0.00    0.00    0.00    0.00   96.97
15:13:04      19    2.00    0.00    0.00    0.00    0.00    0.00    0.00    0.00    0.00   98.00
15:13:04      20    0.99    0.00    0.99    0.00    0.00    0.00    0.00    0.00    0.00   98.02
15:13:04      21    0.00    0.00    0.00    0.00    0.00    0.00    0.00    0.00    0.00  100.00
15:13:04      22    2.06    0.00    0.00    0.00    0.00    0.00    0.00    0.00    0.00   97.94
15:13:04      23    2.00    0.00    0.00    0.00    0.00    0.00    0.00    0.00    0.00   98.00

15:13:04     CPU    %usr   %nice    %sys %iowait    %irq   %soft  %steal  %guest  %gnice   %idle
15:13:05     all    1.54    0.00    0.42    0.00    0.00    0.04    0.00    0.00    0.00   98.00
15:13:05       0    1.00    0.00    0.00    0.00    0.00    0.00    0.00    0.00    0.00   99.00
15:13:05       1    0.00    0.00    0.00    0.00    0.00    0.00    0.00    0.00    0.00  100.00
15:13:05       2    2.02    0.00    0.00    0.00    0.00    0.00    0.00    0.00    0.00   97.98
15:13:05       3    0.00    0.00    0.00    0.00    0.00    0.00    0.00    0.00    0.00  100.00
15:13:05       4    1.00    0.00    0.00    0.00    0.00    0.00    0.00    0.00    0.00   99.00
15:13:05       5    0.00    0.00    0.00    0.00    0.00    0.00    0.00    0.00    0.00  100.00
15:13:05       6    0.00    0.00    1.00    0.00    0.00    0.00    0.00    0.00    0.00   99.00
15:13:05       7    0.00    0.00    0.00    0.00    0.00    0.00    0.00    0.00    0.00  100.00
15:13:05       8    5.00    0.00    1.00    0.00    0.00    0.00    0.00    0.00    0.00   94.00
15:13:05       9    0.00    0.00    0.00    0.00    0.00    0.00    0.00    0.00    0.00  100.00
15:13:05      10    7.00    0.00    2.00    0.00    0.00    0.00    0.00    0.00    0.00   91.00
15:13:05      11    3.00    0.00    0.00    0.00    0.00    0.00    0.00    0.00    0.00   97.00
15:13:05      12    2.97    0.00    0.99    0.00    0.00    0.00    0.00    0.00    0.00   96.04
15:13:05      13    0.00    0.00    0.00    0.00    0.00    0.00    0.00    0.00    0.00  100.00
15:13:05      14    2.04    0.00    0.00    0.00    0.00    0.00    0.00    0.00    0.00   97.96
15:13:05      15    1.02    0.00    0.00    0.00    0.00    1.02    0.00    0.00    0.00   97.96
15:13:05      16    2.02    0.00    1.01    0.00    0.00    0.00    0.00    0.00    0.00   96.97
15:13:05      17    2.97    0.00    0.99    0.00    0.00    0.00    0.00    0.00    0.00   96.04
15:13:05      18    2.00    0.00    0.00    0.00    0.00    0.00    0.00    0.00    0.00   98.00
15:13:05      19    2.00    0.00    0.00    0.00    0.00    0.00    0.00    0.00    0.00   98.00
15:13:05      20    0.00    0.00    1.01    0.00    0.00    0.00    0.00    0.00    0.00   98.99
15:13:05      21    0.99    0.00    1.98    0.00    0.00    0.00    0.00    0.00    0.00   97.03
15:13:05      22    1.01    0.00    0.00    0.00    0.00    0.00    0.00    0.00    0.00   98.99
15:13:05      23    1.00    0.00    0.00    0.00    0.00    0.00    0.00    0.00    0.00   99.00

15:13:05     CPU    %usr   %nice    %sys %iowait    %irq   %soft  %steal  %guest  %gnice   %idle
15:13:06     all    2.67    0.00    0.54    0.13    0.00    0.08    0.00    0.00    0.00   96.58
15:13:06       0    2.04    0.00    0.00    0.00    0.00    0.00    0.00    0.00    0.00   97.96
15:13:06       1    0.00    0.00    0.00    0.00    0.00    0.00    0.00    0.00    0.00  100.00
15:13:06       2    5.00    0.00    0.00    0.00    0.00    0.00    0.00    0.00    0.00   95.00
15:13:06       3    0.00    0.00    0.00    0.00    0.00    0.00    0.00    0.00    0.00  100.00
15:13:06       4    4.00    0.00    1.00    0.00    0.00    0.00    0.00    0.00    0.00   95.00
15:13:06       5    0.00    0.00    0.00    0.00    0.00    0.00    0.00    0.00    0.00  100.00
15:13:06       6    2.02    0.00    0.00    0.00    0.00    0.00    0.00    0.00    0.00   97.98
15:13:06       7    2.00    0.00    0.00    0.00    0.00    0.00    0.00    0.00    0.00   98.00
15:13:06       8    7.07    0.00    2.02    0.00    0.00    0.00    0.00    0.00    0.00   90.91
15:13:06       9    0.00    0.00    0.00    0.00    0.00    0.00    0.00    0.00    0.00  100.00
15:13:06      10    3.96    0.00    0.99    0.00    0.00    0.00    0.00    0.00    0.00   95.05
15:13:06      11    8.00    0.00    0.00    1.00    0.00    0.00    0.00    0.00    0.00   91.00
15:13:06      12    5.05    0.00    1.01    0.00    0.00    0.00    0.00    0.00    0.00   93.94
15:13:06      13    0.00    0.00    0.00    0.00    0.00    0.00    0.00    0.00    0.00  100.00
15:13:06      14    4.95    0.00    0.99    0.99    0.00    0.00    0.00    0.00    0.00   93.07
15:13:06      15    1.98    0.00    0.99    0.99    0.00    1.98    0.00    0.00    0.00   94.06
15:13:06      16    2.00    0.00    1.00    0.00    0.00    0.00    0.00    0.00    0.00   97.00
15:13:06      17    1.01    0.00    0.00    0.00    0.00    0.00    0.00    0.00    0.00   98.99
15:13:06      18    1.98    0.00    0.00    0.00    0.00    0.00    0.00    0.00    0.00   98.02
15:13:06      19    2.00    0.00    1.00    0.00    0.00    0.00    0.00    0.00    0.00   97.00
15:13:06      20    3.96    0.00    0.00    0.00    0.00    0.00    0.00    0.00    0.00   96.04
15:13:06      21    2.00    0.00    2.00    0.00    0.00    0.00    0.00    0.00    0.00   96.00
15:13:06      22    1.02    0.00    1.02    0.00    0.00    0.00    0.00    0.00    0.00   97.96
15:13:06      23    3.96    0.00    0.99    0.00    0.00    0.00    0.00    0.00    0.00   95.05

15:13:06     CPU    %usr   %nice    %sys %iowait    %irq   %soft  %steal  %guest  %gnice   %idle
15:13:07     all    2.25    0.00    0.38    0.04    0.00    0.08    0.00    0.00    0.00   97.24
15:13:07       0    7.92    0.00    1.98    0.00    0.00    0.00    0.00    0.00    0.00   90.10
15:13:07       1    0.00    0.00    0.00    0.00    0.00    0.00    0.00    0.00    0.00  100.00
15:13:07       2    2.02    0.00    1.01    1.01    0.00    0.00    0.00    0.00    0.00   95.96
15:13:07       3    1.00    0.00    0.00    0.00    0.00    0.00    0.00    0.00    0.00   99.00
15:13:07       4    2.00    0.00    0.00    0.00    0.00    0.00    0.00    0.00    0.00   98.00
15:13:07       5    0.00    0.00    0.00    0.00    0.00    0.00    0.00    0.00    0.00  100.00
15:13:07       6    2.00    0.00    0.00    0.00    0.00    0.00    0.00    0.00    0.00   98.00
15:13:07       7    2.00    0.00    0.00    0.00    0.00    0.00    0.00    0.00    0.00   98.00
15:13:07       8    4.00    0.00    2.00    0.00    0.00    0.00    0.00    0.00    0.00   94.00
15:13:07       9    0.00    0.00    0.00    0.00    0.00    0.00    0.00    0.00    0.00  100.00
15:13:07      10    5.10    0.00    0.00    0.00    0.00    0.00    0.00    0.00    0.00   94.90
15:13:07      11    7.92    0.00    0.00    0.00    0.00    0.00    0.00    0.00    0.00   92.08
15:13:07      12    3.96    0.00    0.99    0.00    0.00    0.00    0.00    0.00    0.00   95.05
15:13:07      13    0.00    0.00    0.00    0.00    0.00    0.00    0.00    0.00    0.00  100.00
15:13:07      14    6.93    0.00    0.00    0.00    0.00    0.00    0.00    0.00    0.00   93.07
15:13:07      15    0.00    0.00    1.01    0.00    0.00    2.02    0.00    0.00    0.00   96.97
15:13:07      16    2.02    0.00    0.00    0.00    0.00    0.00    0.00    0.00    0.00   97.98
15:13:07      17    2.00    0.00    0.00    0.00    0.00    0.00    0.00    0.00    0.00   98.00
15:13:07      18    2.00    0.00    1.00    0.00    0.00    0.00    0.00    0.00    0.00   97.00
15:13:07      19    1.00    0.00    0.00    0.00    0.00    0.00    0.00    0.00    0.00   99.00
15:13:07      20    1.01    0.00    0.00    0.00    0.00    0.00    0.00    0.00    0.00   98.99
15:13:07      21    0.00    0.00    0.00    0.00    0.00    0.00    0.00    0.00    0.00  100.00
15:13:07      22    1.00    0.00    0.00    0.00    0.00    0.00    0.00    0.00    0.00   99.00
15:13:07      23    0.00    0.00    1.01    0.00    0.00    0.00    0.00    0.00    0.00   98.99

15:13:07     CPU    %usr   %nice    %sys %iowait    %irq   %soft  %steal  %guest  %gnice   %idle
15:13:08     all    1.55    0.00    0.50    0.00    0.00    0.13    0.00    0.00    0.00   97.83
15:13:08       0    2.02    0.00    1.01    0.00    0.00    0.00    0.00    0.00    0.00   96.97
15:13:08       1    0.00    0.00    0.00    0.00    0.00    0.00    0.00    0.00    0.00  100.00
15:13:08       2    4.95    0.00    0.99    0.00    0.00    0.00    0.00    0.00    0.00   94.06
15:13:08       3    0.00    0.00    0.00    0.00    0.00    0.00    0.00    0.00    0.00  100.00
15:13:08       4    1.00    0.00    0.00    0.00    0.00    0.00    0.00    0.00    0.00   99.00
15:13:08       5    0.00    0.00    0.00    0.00    0.00    0.00    0.00    0.00    0.00  100.00
15:13:08       6    1.01    0.00    2.02    0.00    0.00    0.00    0.00    0.00    0.00   96.97
15:13:08       7    0.00    0.00    0.00    0.00    0.00    0.00    0.00    0.00    0.00  100.00
15:13:08       8    6.00    0.00    1.00    0.00    0.00    0.00    0.00    0.00    0.00   93.00
15:13:08       9    0.00    0.00    0.00    0.00    0.00    1.00    0.00    0.00    0.00   99.00
15:13:08      10    2.00    0.00    2.00    0.00    0.00    0.00    0.00    0.00    0.00   96.00
15:13:08      11    5.05    0.00    0.00    0.00    0.00    0.00    0.00    0.00    0.00   94.95
15:13:08      12    1.01    0.00    0.00    0.00    0.00    0.00    0.00    0.00    0.00   98.99
15:13:08      13    0.00    0.00    0.00    0.00    0.00    0.00    0.00    0.00    0.00  100.00
15:13:08      14    2.02    0.00    1.01    0.00    0.00    0.00    0.00    0.00    0.00   96.97
15:13:08      15    0.99    0.00    0.99    0.00    0.00    1.98    0.00    0.00    0.00   96.04
15:13:08      16    2.02    0.00    1.01    0.00    0.00    0.00    0.00    0.00    0.00   96.97
15:13:08      17    2.00    0.00    1.00    0.00    0.00    0.00    0.00    0.00    0.00   97.00
15:13:08      18    1.98    0.00    0.00    0.00    0.00    0.00    0.00    0.00    0.00   98.02
15:13:08      19    0.00    0.00    0.00    0.00    0.00    0.00    0.00    0.00    0.00  100.00
15:13:08      20    2.00    0.00    0.00    0.00    0.00    0.00    0.00    0.00    0.00   98.00
15:13:08      21    0.99    0.00    0.00    0.00    0.00    0.00    0.00    0.00    0.00   99.01
15:13:08      22    0.00    0.00    0.00    0.00    0.00    0.00    0.00    0.00    0.00  100.00
15:13:08      23    2.00    0.00    1.00    0.00    0.00    0.00    0.00    0.00    0.00   97.00

15:13:08     CPU    %usr   %nice    %sys %iowait    %irq   %soft  %steal  %guest  %gnice   %idle
15:13:09     all    1.79    0.00    0.46    0.00    0.00    0.08    0.00    0.00    0.00   97.66
15:13:09       0    0.00    0.00    0.00    0.00    0.00    0.00    0.00    0.00    0.00  100.00
15:13:09       1    0.00    0.00    0.00    0.00    0.00    0.00    0.00    0.00    0.00  100.00
15:13:09       2    5.05    0.00    1.01    0.00    0.00    0.00    0.00    0.00    0.00   93.94
15:13:09       3    0.00    0.00    0.00    0.00    0.00    0.00    0.00    0.00    0.00  100.00
15:13:09       4    2.00    0.00    1.00    0.00    0.00    0.00    0.00    0.00    0.00   97.00
15:13:09       5    0.00    0.00    0.00    0.00    0.00    0.00    0.00    0.00    0.00  100.00
15:13:09       6    1.98    0.00    0.99    0.00    0.00    0.00    0.00    0.00    0.00   97.03
15:13:09       7    0.00    0.00    0.00    0.00    0.00    0.00    0.00    0.00    0.00  100.00
15:13:09       8    6.06    0.00    1.01    0.00    0.00    0.00    0.00    0.00    0.00   92.93
15:13:09       9    0.00    0.00    0.00    0.00    0.00    0.00    0.00    0.00    0.00  100.00
15:13:09      10    3.03    0.00    1.01    0.00    0.00    0.00    0.00    0.00    0.00   95.96
15:13:09      11    3.00    0.00    0.00    0.00    0.00    0.00    0.00    0.00    0.00   97.00
15:13:09      12    4.00    0.00    1.00    0.00    0.00    0.00    0.00    0.00    0.00   95.00
15:13:09      13    0.00    0.00    0.00    0.00    0.00    0.00    0.00    0.00    0.00  100.00
15:13:09      14    2.00    0.00    0.00    0.00    0.00    0.00    0.00    0.00    0.00   98.00
15:13:09      15    1.00    0.00    0.00    0.00    0.00    2.00    0.00    0.00    0.00   97.00
15:13:09      16    4.00    0.00    1.00    0.00    0.00    0.00    0.00    0.00    0.00   95.00
15:13:09      17    2.00    0.00    0.00    0.00    0.00    0.00    0.00    0.00    0.00   98.00
15:13:09      18    1.00    0.00    1.00    0.00    0.00    0.00    0.00    0.00    0.00   98.00
15:13:09      19    1.00    0.00    1.00    0.00    0.00    0.00    0.00    0.00    0.00   98.00
15:13:09      20    1.98    0.00    0.99    0.00    0.00    0.00    0.00    0.00    0.00   97.03
15:13:09      21    1.01    0.00    0.00    0.00    0.00    0.00    0.00    0.00    0.00   98.99
15:13:09      22    2.04    0.00    0.00    0.00    0.00    0.00    0.00    0.00    0.00   97.96
15:13:09      23    1.98    0.00    0.99    0.00    0.00    0.00    0.00    0.00    0.00   97.03

15:13:09     CPU    %usr   %nice    %sys %iowait    %irq   %soft  %steal  %guest  %gnice   %idle
15:13:10     all    1.71    0.00    0.50    0.00    0.00    0.13    0.00    0.00    0.00   97.66
15:13:10       0    1.00    0.00    0.00    0.00    0.00    0.00    0.00    0.00    0.00   99.00
15:13:10       1    0.00    0.00    0.00    0.00    0.00    0.00    0.00    0.00    0.00  100.00
15:13:10       2    2.00    0.00    1.00    0.00    0.00    0.00    0.00    0.00    0.00   97.00
15:13:10       3    0.00    0.00    0.00    0.00    0.00    0.00    0.00    0.00    0.00  100.00
15:13:10       4    2.00    0.00    1.00    0.00    0.00    0.00    0.00    0.00    0.00   97.00
15:13:10       5    0.00    0.00    0.00    0.00    0.00    0.00    0.00    0.00    0.00  100.00
15:13:10       6    2.00    0.00    1.00    0.00    0.00    0.00    0.00    0.00    0.00   97.00
15:13:10       7    0.00    0.00    0.00    0.00    0.00    0.00    0.00    0.00    0.00  100.00
15:13:10       8   10.00    0.00    1.00    0.00    0.00    0.00    0.00    0.00    0.00   89.00
15:13:10       9    0.00    0.00    0.00    0.00    0.00    0.00    0.00    0.00    0.00  100.00
15:13:10      10    5.00    0.00    1.00    0.00    0.00    0.00    0.00    0.00    0.00   94.00
15:13:10      11    0.00    0.00    0.00    0.00    0.00    0.00    0.00    0.00    0.00  100.00
15:13:10      12    2.00    0.00    2.00    0.00    0.00    0.00    0.00    0.00    0.00   96.00
15:13:10      13    0.00    0.00    0.00    0.00    0.00    0.00    0.00    0.00    0.00  100.00
15:13:10      14    1.00    0.00    0.00    0.00    0.00    0.00    0.00    0.00    0.00   99.00
15:13:10      15    0.00    0.00    0.99    0.00    0.00    2.97    0.00    0.00    0.00   96.04
15:13:10      16    1.00    0.00    1.00    0.00    0.00    0.00    0.00    0.00    0.00   98.00
15:13:10      17    2.02    0.00    0.00    0.00    0.00    0.00    0.00    0.00    0.00   97.98
15:13:10      18    1.98    0.00    0.00    0.00    0.00    0.00    0.00    0.00    0.00   98.02
15:13:10      19    0.00    0.00    0.00    0.00    0.00    0.00    0.00    0.00    0.00  100.00
15:13:10      20    3.00    0.00    2.00    0.00    0.00    0.00    0.00    0.00    0.00   95.00
15:13:10      21    2.02    0.00    0.00    0.00    0.00    0.00    0.00    0.00    0.00   97.98
15:13:10      22    2.02    0.00    1.01    0.00    0.00    0.00    0.00    0.00    0.00   96.97
15:13:10      23    4.04    0.00    0.00    0.00    0.00    0.00    0.00    0.00    0.00   95.96

15:13:10     CPU    %usr   %nice    %sys %iowait    %irq   %soft  %steal  %guest  %gnice   %idle
15:13:11     all    1.63    0.00    0.25    0.00    0.00    0.08    0.00    0.00    0.00   98.04
15:13:11       0    0.00    0.00    0.00    0.00    0.00    0.00    0.00    0.00    0.00  100.00
15:13:11       1    0.00    0.00    0.00    0.00    0.00    0.00    0.00    0.00    0.00  100.00
15:13:11       2    7.07    0.00    0.00    0.00    0.00    0.00    0.00    0.00    0.00   92.93
15:13:11       3    0.00    0.00    0.00    0.00    0.00    0.00    0.00    0.00    0.00  100.00
15:13:11       4    2.00    0.00    0.00    0.00    0.00    0.00    0.00    0.00    0.00   98.00
15:13:11       5    0.00    0.00    0.00    0.00    0.00    0.00    0.00    0.00    0.00  100.00
15:13:11       6    2.02    0.00    0.00    0.00    0.00    0.00    0.00    0.00    0.00   97.98
15:13:11       7    0.00    0.00    0.00    0.00    0.00    0.00    0.00    0.00    0.00  100.00
15:13:11       8    8.08    0.00    0.00    0.00    0.00    0.00    0.00    0.00    0.00   91.92
15:13:11       9    0.00    0.00    0.00    0.00    0.00    0.00    0.00    0.00    0.00  100.00
15:13:11      10    8.00    0.00    2.00    0.00    0.00    0.00    0.00    0.00    0.00   90.00
15:13:11      11    0.00    0.00    0.00    0.00    0.00    0.00    0.00    0.00    0.00  100.00
15:13:11      12    2.00    0.00    1.00    0.00    0.00    0.00    0.00    0.00    0.00   97.00
15:13:11      13    0.00    0.00    0.00    0.00    0.00    0.00    0.00    0.00    0.00  100.00
15:13:11      14    1.02    0.00    0.00    0.00    0.00    0.00    0.00    0.00    0.00   98.98
15:13:11      15    0.00    0.00    1.01    0.00    0.00    2.02    0.00    0.00    0.00   96.97
15:13:11      16    2.00    0.00    0.00    0.00    0.00    0.00    0.00    0.00    0.00   98.00
15:13:11      17    1.00    0.00    1.00    0.00    0.00    0.00    0.00    0.00    0.00   98.00
15:13:11      18    1.01    0.00    1.01    0.00    0.00    0.00    0.00    0.00    0.00   97.98
15:13:11      19    2.00    0.00    0.00    0.00    0.00    0.00    0.00    0.00    0.00   98.00
15:13:11      20    2.00    0.00    0.00    0.00    0.00    0.00    0.00    0.00    0.00   98.00
15:13:11      21    0.00    0.00    0.00    0.00    0.00    0.00    0.00    0.00    0.00  100.00
15:13:11      22    1.01    0.00    0.00    0.00    0.00    0.00    0.00    0.00    0.00   98.99
15:13:11      23    0.00    0.00    0.00    0.00    0.00    0.00    0.00    0.00    0.00  100.00

15:13:11     CPU    %usr   %nice    %sys %iowait    %irq   %soft  %steal  %guest  %gnice   %idle
15:13:12     all    1.96    0.00    0.42    0.00    0.00    0.13    0.00    0.00    0.00   97.49
15:13:12       0    1.01    0.00    0.00    0.00    0.00    0.00    0.00    0.00    0.00   98.99
15:13:12       1    0.00    0.00    0.00    0.00    0.00    0.00    0.00    0.00    0.00  100.00
15:13:12       2    5.00    0.00    0.00    0.00    0.00    0.00    0.00    0.00    0.00   95.00
15:13:12       3    0.00    0.00    0.00    0.00    0.00    0.00    0.00    0.00    0.00  100.00
15:13:12       4    1.98    0.00    0.99    0.00    0.00    0.00    0.00    0.00    0.00   97.03
15:13:12       5    0.00    0.00    0.00    0.00    0.00    0.00    0.00    0.00    0.00  100.00
15:13:12       6    2.00    0.00    1.00    0.00    0.00    0.00    0.00    0.00    0.00   97.00
15:13:12       7    0.00    0.00    0.00    0.00    0.00    0.00    0.00    0.00    0.00  100.00
15:13:12       8    5.00    0.00    2.00    0.00    0.00    0.00    0.00    0.00    0.00   93.00
15:13:12       9    3.00    0.00    0.00    0.00    0.00    0.00    0.00    0.00    0.00   97.00
15:13:12      10   11.22    0.00    1.02    0.00    0.00    0.00    0.00    0.00    0.00   87.76
15:13:12      11    1.00    0.00    0.00    0.00    0.00    0.00    0.00    0.00    0.00   99.00
15:13:12      12    2.02    0.00    0.00    0.00    0.00    0.00    0.00    0.00    0.00   97.98
15:13:12      13    0.00    0.00    0.00    0.00    0.00    0.00    0.00    0.00    0.00  100.00
15:13:12      14    1.00    0.00    1.00    0.00    0.00    0.00    0.00    0.00    0.00   98.00
15:13:12      15    0.98    0.00    0.98    0.00    0.00    2.94    0.00    0.00    0.00   95.10
15:13:12      16    1.02    0.00    0.00    0.00    0.00    0.00    0.00    0.00    0.00   98.98
15:13:12      17    2.02    0.00    0.00    0.00    0.00    0.00    0.00    0.00    0.00   97.98
15:13:12      18    1.00    0.00    1.00    0.00    0.00    0.00    0.00    0.00    0.00   98.00
15:13:12      19    0.99    0.00    0.99    0.00    0.00    0.00    0.00    0.00    0.00   98.02
15:13:12      20    2.00    0.00    0.00    0.00    0.00    0.00    0.00    0.00    0.00   98.00
15:13:12      21    3.00    0.00    0.00    0.00    0.00    0.00    0.00    0.00    0.00   97.00
15:13:12      22    1.01    0.00    0.00    0.00    0.00    0.00    0.00    0.00    0.00   98.99
15:13:12      23    2.00    0.00    1.00    0.00    0.00    0.00    0.00    0.00    0.00   97.00

15:13:12     CPU    %usr   %nice    %sys %iowait    %irq   %soft  %steal  %guest  %gnice   %idle
15:13:13     all    2.00    0.00    0.71    0.17    0.00    0.13    0.00    0.00    0.00   96.99
15:13:13       0    0.00    0.00    1.01    0.00    0.00    0.00    0.00    0.00    0.00   98.99
15:13:13       1    0.00    0.00    0.00    0.00    0.00    0.00    0.00    0.00    0.00  100.00
15:13:13       2    1.02    0.00    0.00    1.02    0.00    0.00    0.00    0.00    0.00   97.96
15:13:13       3    0.00    0.00    0.00    0.00    0.00    0.00    0.00    0.00    0.00  100.00
15:13:13       4    1.02    0.00    0.00    0.00    0.00    0.00    0.00    0.00    0.00   98.98
15:13:13       5    0.00    0.00    0.00    0.00    0.00    0.00    0.00    0.00    0.00  100.00
15:13:13       6    6.86    0.00    1.96    0.00    0.00    0.00    0.00    0.00    0.00   91.18
15:13:13       7    0.00    0.00    0.00    0.00    0.00    0.00    0.00    0.00    0.00  100.00
15:13:13       8    4.04    0.00    1.01    0.00    0.00    0.00    0.00    0.00    0.00   94.95
15:13:13       9    5.00    0.00    1.00    0.00    0.00    0.00    0.00    0.00    0.00   94.00
15:13:13      10    8.91    0.00    1.98    0.00    0.00    0.00    0.00    0.00    0.00   89.11
15:13:13      11    0.00    0.00    0.99    1.98    0.00    0.00    0.00    0.00    0.00   97.03
15:13:13      12    2.02    0.00    1.01    0.00    0.00    0.00    0.00    0.00    0.00   96.97
15:13:13      13    0.00    0.00    0.00    0.00    0.00    0.00    0.00    0.00    0.00  100.00
15:13:13      14    2.02    0.00    0.00    0.00    0.00    0.00    0.00    0.00    0.00   97.98
15:13:13      15    1.01    0.00    0.00    0.00    0.00    2.02    0.00    0.00    0.00   96.97
15:13:13      16    2.00    0.00    1.00    0.00    0.00    0.00    0.00    0.00    0.00   97.00
15:13:13      17    1.96    0.00    0.98    0.98    0.00    0.00    0.00    0.00    0.00   96.08
15:13:13      18    2.00    0.00    0.00    0.00    0.00    0.00    0.00    0.00    0.00   98.00
15:13:13      19    1.00    0.00    0.00    0.00    0.00    0.00    0.00    0.00    0.00   99.00
15:13:13      20    1.98    0.00    0.99    0.00    0.00    0.00    0.00    0.00    0.00   97.03
15:13:13      21    2.97    0.00    2.97    0.00    0.00    0.99    0.00    0.00    0.00   93.07
15:13:13      22    2.02    0.00    2.02    0.00    0.00    0.00    0.00    0.00    0.00   95.96
15:13:13      23    2.02    0.00    0.00    0.00    0.00    0.00    0.00    0.00    0.00   97.98

15:13:13     CPU    %usr   %nice    %sys %iowait    %irq   %soft  %steal  %guest  %gnice   %idle
15:13:14     all    3.63    0.00    1.00    0.00    0.00    0.08    0.00    0.00    0.00   95.28
15:13:14       0    1.00    0.00    0.00    0.00    0.00    0.00    0.00    0.00    0.00   99.00
15:13:14       1    3.00    0.00    0.00    0.00    0.00    0.00    0.00    0.00    0.00   97.00
15:13:14       2    3.96    0.00    0.99    0.00    0.00    0.00    0.00    0.00    0.00   95.05
15:13:14       3    1.00    0.00    0.00    0.00    0.00    0.00    0.00    0.00    0.00   99.00
15:13:14       4    3.96    0.00    1.98    0.00    0.00    0.00    0.00    0.00    0.00   94.06
15:13:14       5    0.00    0.00    0.00    0.00    0.00    0.00    0.00    0.00    0.00  100.00
15:13:14       6    6.12    0.00    5.10    0.00    0.00    0.00    0.00    0.00    0.00   88.78
15:13:14       7    2.00    0.00    0.00    0.00    0.00    0.00    0.00    0.00    0.00   98.00
15:13:14       8   13.13    0.00    4.04    0.00    0.00    0.00    0.00    0.00    0.00   82.83
15:13:14       9   18.18    0.00    4.04    0.00    0.00    0.00    0.00    0.00    0.00   77.78
15:13:14      10   11.00    0.00    2.00    0.00    0.00    0.00    0.00    0.00    0.00   87.00
15:13:14      11    0.00    0.00    0.00    0.00    0.00    0.00    0.00    0.00    0.00  100.00
15:13:14      12    6.06    0.00    1.01    0.00    0.00    0.00    0.00    0.00    0.00   92.93
15:13:14      13    0.00    0.00    0.00    0.00    0.00    0.00    0.00    0.00    0.00  100.00
15:13:14      14    2.00    0.00    2.00    0.00    0.00    0.00    0.00    0.00    0.00   96.00
15:13:14      15    0.99    0.00    0.99    0.00    0.00    1.98    0.00    0.00    0.00   96.04
15:13:14      16    3.96    0.00    0.99    0.00    0.00    0.00    0.00    0.00    0.00   95.05
15:13:14      17    3.03    0.00    1.01    0.00    0.00    0.00    0.00    0.00    0.00   95.96
15:13:14      18    1.01    0.00    0.00    0.00    0.00    0.00    0.00    0.00    0.00   98.99
15:13:14      19    0.00    0.00    0.00    0.00    0.00    0.00    0.00    0.00    0.00  100.00
15:13:14      20    2.00    0.00    0.00    0.00    0.00    0.00    0.00    0.00    0.00   98.00
15:13:14      21    1.00    0.00    0.00    0.00    0.00    0.00    0.00    0.00    0.00   99.00
15:13:14      22    3.03    0.00    0.00    0.00    0.00    0.00    0.00    0.00    0.00   96.97
15:13:14      23    1.00    0.00    0.00    0.00    0.00    0.00    0.00    0.00    0.00   99.00

15:13:14     CPU    %usr   %nice    %sys %iowait    %irq   %soft  %steal  %guest  %gnice   %idle
15:13:15     all    1.71    0.00    0.38    0.00    0.00    0.13    0.00    0.00    0.00   97.79
15:13:15       0    1.01    0.00    0.00    0.00    0.00    0.00    0.00    0.00    0.00   98.99
15:13:15       1    0.00    0.00    0.00    0.00    0.00    0.00    0.00    0.00    0.00  100.00
15:13:15       2    2.97    0.00    0.00    0.00    0.00    0.00    0.00    0.00    0.00   97.03
15:13:15       3    0.00    0.00    0.00    0.00    0.00    0.00    0.00    0.00    0.00  100.00
15:13:15       4    2.02    0.00    1.01    0.00    0.00    0.00    0.00    0.00    0.00   96.97
15:13:15       5    0.00    0.00    0.00    0.00    0.00    0.00    0.00    0.00    0.00  100.00
15:13:15       6    3.00    0.00    1.00    0.00    0.00    0.00    0.00    0.00    0.00   96.00
15:13:15       7    0.00    0.00    0.00    0.00    0.00    0.00    0.00    0.00    0.00  100.00
15:13:15       8    7.00    0.00    1.00    0.00    0.00    0.00    0.00    0.00    0.00   92.00
15:13:15       9    1.98    0.00    0.00    0.00    0.00    0.00    0.00    0.00    0.00   98.02
15:13:15      10   10.00    0.00    1.00    0.00    0.00    0.00    0.00    0.00    0.00   89.00
15:13:15      11    0.00    0.00    0.00    0.00    0.00    1.00    0.00    0.00    0.00   99.00
15:13:15      12    3.00    0.00    1.00    0.00    0.00    0.00    0.00    0.00    0.00   96.00
15:13:15      13    0.00    0.00    0.00    0.00    0.00    0.00    0.00    0.00    0.00  100.00
15:13:15      14    1.01    0.00    1.01    0.00    0.00    0.00    0.00    0.00    0.00   97.98
15:13:15      15    0.00    0.00    1.00    0.00    0.00    2.00    0.00    0.00    0.00   97.00
15:13:15      16    2.00    0.00    1.00    0.00    0.00    0.00    0.00    0.00    0.00   97.00
15:13:15      17    1.00    0.00    0.00    0.00    0.00    0.00    0.00    0.00    0.00   99.00
15:13:15      18    0.99    0.00    0.00    0.00    0.00    0.00    0.00    0.00    0.00   99.01
15:13:15      19    1.00    0.00    0.00    0.00    0.00    0.00    0.00    0.00    0.00   99.00
15:13:15      20    1.01    0.00    0.00    0.00    0.00    0.00    0.00    0.00    0.00   98.99
15:13:15      21    1.00    0.00    0.00    0.00    0.00    0.00    0.00    0.00    0.00   99.00
15:13:15      22    0.00    0.00    0.00    0.00    0.00    0.00    0.00    0.00    0.00  100.00
15:13:15      23    2.00    0.00    1.00    0.00    0.00    0.00    0.00    0.00    0.00   97.00

15:13:15     CPU    %usr   %nice    %sys %iowait    %irq   %soft  %steal  %guest  %gnice   %idle
15:13:16     all    1.63    0.00    0.46    0.00    0.00    0.08    0.00    0.00    0.00   97.83
15:13:16       0    1.01    0.00    0.00    0.00    0.00    0.00    0.00    0.00    0.00   98.99
15:13:16       1    0.00    0.00    0.00    0.00    0.00    0.00    0.00    0.00    0.00  100.00
15:13:16       2    1.01    0.00    1.01    0.00    0.00    0.00    0.00    0.00    0.00   97.98
15:13:16       3    0.00    0.00    0.00    0.00    0.00    0.00    0.00    0.00    0.00  100.00
15:13:16       4    2.00    0.00    0.00    0.00    0.00    0.00    0.00    0.00    0.00   98.00
15:13:16       5    0.00    0.00    0.00    0.00    0.00    0.00    0.00    0.00    0.00  100.00
15:13:16       6    3.00    0.00    1.00    0.00    0.00    0.00    0.00    0.00    0.00   96.00
15:13:16       7    0.00    0.00    0.00    0.00    0.00    0.00    0.00    0.00    0.00  100.00
15:13:16       8    7.00    0.00    1.00    0.00    0.00    0.00    0.00    0.00    0.00   92.00
15:13:16       9    6.00    0.00    0.00    0.00    0.00    0.00    0.00    0.00    0.00   94.00
15:13:16      10    3.96    0.00    1.98    0.00    0.00    0.00    0.00    0.00    0.00   94.06
15:13:16      11    0.00    0.00    0.00    0.00    0.00    0.00    0.00    0.00    0.00  100.00
15:13:16      12    1.00    0.00    0.00    0.00    0.00    0.00    0.00    0.00    0.00   99.00
15:13:16      13    0.00    0.00    0.00    0.00    0.00    0.00    0.00    0.00    0.00  100.00
15:13:16      14    2.00    0.00    1.00    0.00    0.00    0.00    0.00    0.00    0.00   97.00
15:13:16      15    0.99    0.00    0.99    0.00    0.00    1.98    0.00    0.00    0.00   96.04
15:13:16      16    1.98    0.00    0.99    0.00    0.00    0.00    0.00    0.00    0.00   97.03
15:13:16      17    1.01    0.00    0.00    0.00    0.00    0.00    0.00    0.00    0.00   98.99
15:13:16      18    1.01    0.00    1.01    0.00    0.00    0.00    0.00    0.00    0.00   97.98
15:13:16      19    1.00    0.00    1.00    0.00    0.00    0.00    0.00    0.00    0.00   98.00
15:13:16      20    1.98    0.00    0.99    0.00    0.00    0.00    0.00    0.00    0.00   97.03
15:13:16      21    1.00    0.00    0.00    0.00    0.00    0.00    0.00    0.00    0.00   99.00
15:13:16      22    2.02    0.00    0.00    0.00    0.00    0.00    0.00    0.00    0.00   97.98
15:13:16      23    1.01    0.00    0.00    0.00    0.00    0.00    0.00    0.00    0.00   98.99

15:13:16     CPU    %usr   %nice    %sys %iowait    %irq   %soft  %steal  %guest  %gnice   %idle
15:13:17     all    1.63    0.00    0.42    0.00    0.00    0.13    0.00    0.00    0.00   97.83
15:13:17       0    2.00    0.00    1.00    0.00    0.00    0.00    0.00    0.00    0.00   97.00
15:13:17       1    0.00    0.00    0.00    0.00    0.00    0.00    0.00    0.00    0.00  100.00
15:13:17       2    1.00    0.00    0.00    0.00    0.00    0.00    0.00    0.00    0.00   99.00
15:13:17       3    0.00    0.00    0.00    0.00    0.00    0.00    0.00    0.00    0.00  100.00
15:13:17       4    1.00    0.00    0.00    0.00    0.00    0.00    0.00    0.00    0.00   99.00
15:13:17       5    0.00    0.00    0.00    0.00    0.00    0.00    0.00    0.00    0.00  100.00
15:13:17       6    3.03    0.00    0.00    0.00    0.00    0.00    0.00    0.00    0.00   96.97
15:13:17       7    0.00    0.00    0.00    0.00    0.00    0.00    0.00    0.00    0.00  100.00
15:13:17       8    3.03    0.00    0.00    0.00    0.00    0.00    0.00    0.00    0.00   96.97
15:13:17       9    5.00    0.00    0.00    0.00    0.00    0.00    0.00    0.00    0.00   95.00
15:13:17      10    2.02    0.00    2.02    0.00    0.00    0.00    0.00    0.00    0.00   95.96
15:13:17      11    0.00    0.00    0.00    0.00    0.00    0.00    0.00    0.00    0.00  100.00
15:13:17      12    4.04    0.00    0.00    0.00    0.00    0.00    0.00    0.00    0.00   95.96
15:13:17      13    0.00    0.00    0.00    0.00    0.00    0.00    0.00    0.00    0.00  100.00
15:13:17      14    2.00    0.00    1.00    0.00    0.00    0.00    0.00    0.00    0.00   97.00
15:13:17      15    0.00    0.00    1.00    0.00    0.00    3.00    0.00    0.00    0.00   96.00
15:13:17      16    2.00    0.00    0.00    0.00    0.00    0.00    0.00    0.00    0.00   98.00
15:13:17      17    2.94    0.00    0.98    0.00    0.00    0.00    0.00    0.00    0.00   96.08
15:13:17      18    2.00    0.00    1.00    0.00    0.00    0.00    0.00    0.00    0.00   97.00
15:13:17      19    0.99    0.00    0.00    0.00    0.00    0.00    0.00    0.00    0.00   99.01
15:13:17      20    2.02    0.00    2.02    0.00    0.00    0.00    0.00    0.00    0.00   95.96
15:13:17      21    2.00    0.00    0.00    0.00    0.00    0.00    0.00    0.00    0.00   98.00
15:13:17      22    1.02    0.00    0.00    0.00    0.00    0.00    0.00    0.00    0.00   98.98
15:13:17      23    2.94    0.00    0.98    0.00    0.00    0.00    0.00    0.00    0.00   96.08

15:13:17     CPU    %usr   %nice    %sys %iowait    %irq   %soft  %steal  %guest  %gnice   %idle
15:13:18     all    1.55    0.00    0.38    0.04    0.00    0.04    0.00    0.00    0.00   97.99
15:13:18       0    3.00    0.00    0.00    0.00    0.00    0.00    0.00    0.00    0.00   97.00
15:13:18       1    0.00    0.00    0.00    0.00    0.00    0.00    0.00    0.00    0.00  100.00
15:13:18       2    2.00    0.00    0.00    0.00    0.00    0.00    0.00    0.00    0.00   98.00
15:13:18       3    0.00    0.00    0.99    0.00    0.00    0.00    0.00    0.00    0.00   99.01
15:13:18       4    2.00    0.00    0.00    0.00    0.00    0.00    0.00    0.00    0.00   98.00
15:13:18       5    0.00    0.00    1.00    0.00    0.00    0.00    0.00    0.00    0.00   99.00
15:13:18       6    1.01    0.00    0.00    0.00    0.00    0.00    0.00    0.00    0.00   98.99
15:13:18       7    0.00    0.00    0.00    0.00    0.00    0.00    0.00    0.00    0.00  100.00
15:13:18       8    6.00    0.00    1.00    0.00    0.00    0.00    0.00    0.00    0.00   93.00
15:13:18       9    6.00    0.00    0.00    0.00    0.00    0.00    0.00    0.00    0.00   94.00
15:13:18      10    3.03    0.00    1.01    0.00    0.00    0.00    0.00    0.00    0.00   95.96
15:13:18      11    0.00    0.00    0.00    1.00    0.00    0.00    0.00    0.00    0.00   99.00
15:13:18      12    1.98    0.00    0.99    0.00    0.00    0.00    0.00    0.00    0.00   97.03
15:13:18      13    0.00    0.00    0.00    0.00    0.00    0.00    0.00    0.00    0.00  100.00
15:13:18      14    2.00    0.00    1.00    0.00    0.00    0.00    0.00    0.00    0.00   97.00
15:13:18      15    1.00    0.00    1.00    0.00    0.00    1.00    0.00    0.00    0.00   97.00
15:13:18      16    1.01    0.00    1.01    0.00    0.00    0.00    0.00    0.00    0.00   97.98
15:13:18      17    1.02    0.00    0.00    0.00    0.00    0.00    0.00    0.00    0.00   98.98
15:13:18      18    1.00    0.00    0.00    0.00    0.00    0.00    0.00    0.00    0.00   99.00
15:13:18      19    1.01    0.00    0.00    0.00    0.00    0.00    0.00    0.00    0.00   98.99
15:13:18      20    2.00    0.00    0.00    0.00    0.00    0.00    0.00    0.00    0.00   98.00
15:13:18      21    1.01    0.00    0.00    0.00    0.00    0.00    0.00    0.00    0.00   98.99
15:13:18      22    1.01    0.00    1.01    0.00    0.00    0.00    0.00    0.00    0.00   97.98
15:13:18      23    1.01    0.00    0.00    0.00    0.00    0.00    0.00    0.00    0.00   98.99

15:13:18     CPU    %usr   %nice    %sys %iowait    %irq   %soft  %steal  %guest  %gnice   %idle
15:13:19     all    1.46    0.00    0.46    0.00    0.00    0.08    0.00    0.00    0.00   98.00
15:13:19       0    1.01    0.00    1.01    0.00    0.00    0.00    0.00    0.00    0.00   97.98
15:13:19       1    0.00    0.00    0.00    0.00    0.00    0.00    0.00    0.00    0.00  100.00
15:13:19       2    1.02    0.00    0.00    0.00    0.00    0.00    0.00    0.00    0.00   98.98
15:13:19       3    0.00    0.00    0.00    0.00    0.00    0.00    0.00    0.00    0.00  100.00
15:13:19       4    0.00    0.00    1.00    0.00    0.00    0.00    0.00    0.00    0.00   99.00
15:13:19       5    0.00    0.00    0.00    0.00    0.00    0.00    0.00    0.00    0.00  100.00
15:13:19       6    2.97    0.00    0.99    0.00    0.00    0.00    0.00    0.00    0.00   96.04
15:13:19       7    0.00    0.00    0.00    0.00    0.00    0.00    0.00    0.00    0.00  100.00
15:13:19       8    5.05    0.00    1.01    0.00    0.00    0.00    0.00    0.00    0.00   93.94
15:13:19       9    5.94    0.00    0.00    0.00    0.00    0.00    0.00    0.00    0.00   94.06
15:13:19      10    4.04    0.00    1.01    0.00    0.00    0.00    0.00    0.00    0.00   94.95
15:13:19      11    0.00    0.00    0.00    0.00    0.00    0.00    0.00    0.00    0.00  100.00
15:13:19      12    2.02    0.00    0.00    0.00    0.00    0.00    0.00    0.00    0.00   97.98
15:13:19      13    0.00    0.00    0.00    0.00    0.00    0.00    0.00    0.00    0.00  100.00
15:13:19      14    1.01    0.00    0.00    0.00    0.00    0.00    0.00    0.00    0.00   98.99
15:13:19      15    1.00    0.00    0.00    0.00    0.00    2.00    0.00    0.00    0.00   97.00
15:13:19      16    1.98    0.00    0.99    0.00    0.00    0.00    0.00    0.00    0.00   97.03
15:13:19      17    2.00    0.00    1.00    0.00    0.00    0.00    0.00    0.00    0.00   97.00
15:13:19      18    1.00    0.00    1.00    0.00    0.00    0.00    0.00    0.00    0.00   98.00
15:13:19      19    0.99    0.00    0.99    0.00    0.00    0.00    0.00    0.00    0.00   98.02
15:13:19      20    1.00    0.00    0.00    0.00    0.00    0.00    0.00    0.00    0.00   99.00
15:13:19      21    0.98    0.00    0.98    0.00    0.00    0.00    0.00    0.00    0.00   98.04
15:13:19      22    3.03    0.00    1.01    0.00    0.00    0.00    0.00    0.00    0.00   95.96
15:13:19      23    0.00    0.00    0.00    0.00    0.00    0.00    0.00    0.00    0.00  100.00

15:13:19     CPU    %usr   %nice    %sys %iowait    %irq   %soft  %steal  %guest  %gnice   %idle
15:13:20     all    1.54    0.00    0.42    0.00    0.00    0.13    0.00    0.00    0.00   97.91
15:13:20       0    1.98    0.00    0.99    0.00    0.00    0.00    0.00    0.00    0.00   97.03
15:13:20       1    0.00    0.00    0.00    0.00    0.00    0.00    0.00    0.00    0.00  100.00
15:13:20       2    1.98    0.00    0.99    0.00    0.00    0.00    0.00    0.00    0.00   97.03
15:13:20       3    0.00    0.00    0.00    0.00    0.00    0.00    0.00    0.00    0.00  100.00
15:13:20       4    2.00    0.00    0.00    0.00    0.00    0.00    0.00    0.00    0.00   98.00
15:13:20       5    0.00    0.00    0.00    0.00    0.00    0.00    0.00    0.00    0.00  100.00
15:13:20       6    3.00    0.00    1.00    0.00    0.00    0.00    0.00    0.00    0.00   96.00
15:13:20       7    0.00    0.00    0.00    0.00    0.00    0.00    0.00    0.00    0.00  100.00
15:13:20       8    5.00    0.00    1.00    0.00    0.00    0.00    0.00    0.00    0.00   94.00
15:13:20       9    6.00    0.00    0.00    0.00    0.00    0.00    0.00    0.00    0.00   94.00
15:13:20      10    4.00    0.00    1.00    0.00    0.00    0.00    0.00    0.00    0.00   95.00
15:13:20      11    0.99    0.00    0.00    0.00    0.00    0.00    0.00    0.00    0.00   99.01
15:13:20      12    3.00    0.00    0.00    0.00    0.00    0.00    0.00    0.00    0.00   97.00
15:13:20      13    0.00    0.00    0.00    0.00    0.00    0.00    0.00    0.00    0.00  100.00
15:13:20      14    1.98    0.00    1.98    0.00    0.00    0.00    0.00    0.00    0.00   96.04
15:13:20      15    0.00    0.00    0.99    0.00    0.00    2.97    0.00    0.00    0.00   96.04
15:13:20      16    1.02    0.00    0.00    0.00    0.00    0.00    0.00    0.00    0.00   98.98
15:13:20      17    2.00    0.00    1.00    0.00    0.00    0.00    0.00    0.00    0.00   97.00
15:13:20      18    2.02    0.00    0.00    0.00    0.00    0.00    0.00    0.00    0.00   97.98
15:13:20      19    1.01    0.00    0.00    0.00    0.00    0.00    0.00    0.00    0.00   98.99
15:13:20      20    0.00    0.00    1.00    0.00    0.00    0.00    0.00    0.00    0.00   99.00
15:13:20      21    0.00    0.00    0.00    0.00    0.00    0.00    0.00    0.00    0.00  100.00
15:13:20      22    0.00    0.00    0.00    0.00    0.00    0.00    0.00    0.00    0.00  100.00
15:13:20      23    1.00    0.00    0.00    0.00    0.00    0.00    0.00    0.00    0.00   99.00

15:13:20     CPU    %usr   %nice    %sys %iowait    %irq   %soft  %steal  %guest  %gnice   %idle
15:13:21     all    1.75    0.00    0.42    0.00    0.00    0.04    0.00    0.00    0.00   97.79
15:13:21       0    0.00    0.00    0.00    0.00    0.00    0.00    0.00    0.00    0.00  100.00
15:13:21       1    0.00    0.00    0.00    0.00    0.00    0.00    0.00    0.00    0.00  100.00
15:13:21       2    3.00    0.00    1.00    0.00    0.00    0.00    0.00    0.00    0.00   96.00
15:13:21       3    0.00    0.00    0.00    0.00    0.00    0.00    0.00    0.00    0.00  100.00
15:13:21       4    2.02    0.00    0.00    0.00    0.00    0.00    0.00    0.00    0.00   97.98
15:13:21       5    0.00    0.00    0.00    0.00    0.00    0.00    0.00    0.00    0.00  100.00
15:13:21       6    1.01    0.00    0.00    0.00    0.00    0.00    0.00    0.00    0.00   98.99
15:13:21       7    0.00    0.00    0.00    0.00    0.00    0.00    0.00    0.00    0.00  100.00
15:13:21       8    7.00    0.00    1.00    0.00    0.00    0.00    0.00    0.00    0.00   92.00
15:13:21       9    6.00    0.00    0.00    0.00    0.00    0.00    0.00    0.00    0.00   94.00
15:13:21      10    4.04    0.00    1.01    0.00    0.00    0.00    0.00    0.00    0.00   94.95
15:13:21      11    0.00    0.00    0.00    0.00    0.00    0.00    0.00    0.00    0.00  100.00
15:13:21      12    4.00    0.00    1.00    0.00    0.00    0.00    0.00    0.00    0.00   95.00
15:13:21      13    0.00    0.00    0.00    0.00    0.00    0.00    0.00    0.00    0.00  100.00
15:13:21      14    1.01    0.00    2.02    0.00    0.00    0.00    0.00    0.00    0.00   96.97
15:13:21      15    0.00    0.00    1.01    0.00    0.00    1.01    0.00    0.00    0.00   97.98
15:13:21      16    2.02    0.00    1.01    0.00    0.00    0.00    0.00    0.00    0.00   96.97
15:13:21      17    2.02    0.00    0.00    0.00    0.00    0.00    0.00    0.00    0.00   97.98
15:13:21      18    1.98    0.00    0.00    0.00    0.00    0.00    0.00    0.00    0.00   98.02
15:13:21      19    1.00    0.00    0.00    0.00    0.00    0.00    0.00    0.00    0.00   99.00
15:13:21      20    1.00    0.00    1.00    0.00    0.00    0.00    0.00    0.00    0.00   98.00
15:13:21      21    2.94    0.00    0.00    0.00    0.00    0.00    0.00    0.00    0.00   97.06
15:13:21      22    2.02    0.00    0.00    0.00    0.00    0.00    0.00    0.00    0.00   97.98
15:13:21      23    0.99    0.00    0.99    0.00    0.00    0.00    0.00    0.00    0.00   98.02

15:13:21     CPU    %usr   %nice    %sys %iowait    %irq   %soft  %steal  %guest  %gnice   %idle
15:13:22     all    2.25    0.00    0.50    0.00    0.00    0.04    0.00    0.00    0.00   97.21
15:13:22       0    0.00    0.00    0.00    0.00    0.00    0.00    0.00    0.00    0.00  100.00
15:13:22       1    0.00    0.00    0.00    0.00    0.00    0.00    0.00    0.00    0.00  100.00
15:13:22       2    2.97    0.00    0.99    0.00    0.00    0.00    0.00    0.00    0.00   96.04
15:13:22       3    0.00    0.00    0.00    0.00    0.00    0.00    0.00    0.00    0.00  100.00
15:13:22       4    6.93    0.00    0.99    0.00    0.00    0.00    0.00    0.00    0.00   92.08
15:13:22       5    0.00    0.00    0.00    0.00    0.00    0.00    0.00    0.00    0.00  100.00
15:13:22       6    2.97    0.00    0.99    0.00    0.00    0.00    0.00    0.00    0.00   96.04
15:13:22       7    0.99    0.00    0.00    0.00    0.00    0.00    0.00    0.00    0.00   99.01
15:13:22       8   16.16    0.00    2.02    0.00    0.00    0.00    0.00    0.00    0.00   81.82
15:13:22       9    1.98    0.00    0.00    0.00    0.00    0.00    0.00    0.00    0.00   98.02
15:13:22      10    6.93    0.00    1.98    0.00    0.00    0.00    0.00    0.00    0.00   91.09
15:13:22      11    0.00    0.00    0.00    0.00    0.00    0.00    0.00    0.00    0.00  100.00
15:13:22      12    2.02    0.00    0.00    0.00    0.00    0.00    0.00    0.00    0.00   97.98
15:13:22      13    0.00    0.00    0.00    0.00    0.00    0.00    0.00    0.00    0.00  100.00
15:13:22      14    4.00    0.00    0.00    0.00    0.00    0.00    0.00    0.00    0.00   96.00
15:13:22      15    1.02    0.00    0.00    0.00    0.00    1.02    0.00    0.00    0.00   97.96
15:13:22      16    1.98    0.00    0.99    0.00    0.00    0.00    0.00    0.00    0.00   97.03
15:13:22      17    1.96    0.00    0.98    0.00    0.00    0.00    0.00    0.00    0.00   97.06
15:13:22      18    1.00    0.00    1.00    0.00    0.00    0.00    0.00    0.00    0.00   98.00
15:13:22      19    1.00    0.00    1.00    0.00    0.00    0.00    0.00    0.00    0.00   98.00
15:13:22      20    1.01    0.00    0.00    0.00    0.00    0.00    0.00    0.00    0.00   98.99
15:13:22      21    0.00    0.00    0.00    0.00    0.00    0.00    0.00    0.00    0.00  100.00
15:13:22      22    0.00    0.00    1.01    0.00    0.00    0.00    0.00    0.00    0.00   98.99
15:13:22      23    1.00    0.00    0.00    0.00    0.00    0.00    0.00    0.00    0.00   99.00

15:13:22     CPU    %usr   %nice    %sys %iowait    %irq   %soft  %steal  %guest  %gnice   %idle
15:13:23     all    2.05    0.00    0.63    0.08    0.00    0.04    0.00    0.00    0.00   97.19
15:13:23       0    1.01    0.00    1.01    0.00    0.00    0.00    0.00    0.00    0.00   97.98
15:13:23       1    0.00    0.00    0.00    0.00    0.00    0.00    0.00    0.00    0.00  100.00
15:13:23       2    4.04    0.00    2.02    0.00    0.00    0.00    0.00    0.00    0.00   93.94
15:13:23       3    0.00    0.00    0.00    0.00    0.00    0.00    0.00    0.00    0.00  100.00
15:13:23       4    4.00    0.00    1.00    0.00    0.00    0.00    0.00    0.00    0.00   95.00
15:13:23       5    0.00    0.00    0.00    1.00    0.00    0.00    0.00    0.00    0.00   99.00
15:13:23       6    3.03    0.00    0.00    0.00    0.00    0.00    0.00    0.00    0.00   96.97
15:13:23       7    0.00    0.00    0.00    0.00    0.00    0.00    0.00    0.00    0.00  100.00
15:13:23       8    4.95    0.00    1.98    0.00    0.00    0.00    0.00    0.00    0.00   93.07
15:13:23       9    0.00    0.00    0.00    0.00    0.00    0.00    0.00    0.00    0.00  100.00
15:13:23      10    7.07    0.00    1.01    0.00    0.00    0.00    0.00    0.00    0.00   91.92
15:13:23      11    0.00    0.00    0.00    0.00    0.00    0.00    0.00    0.00    0.00  100.00
15:13:23      12    1.00    0.00    2.00    1.00    0.00    0.00    0.00    0.00    0.00   96.00
15:13:23      13    0.00    0.00    0.00    0.00    0.00    0.00    0.00    0.00    0.00  100.00
15:13:23      14    1.00    0.00    1.00    0.00    0.00    0.00    0.00    0.00    0.00   98.00
15:13:23      15    1.01    0.00    0.00    0.00    0.00    1.01    0.00    0.00    0.00   97.98
15:13:23      16    2.02    0.00    2.02    0.00    0.00    0.00    0.00    0.00    0.00   95.96
15:13:23      17    2.04    0.00    0.00    0.00    0.00    0.00    0.00    0.00    0.00   97.96
15:13:23      18    2.00    0.00    0.00    0.00    0.00    0.00    0.00    0.00    0.00   98.00
15:13:23      19    1.00    0.00    1.00    0.00    0.00    0.00    0.00    0.00    0.00   98.00
15:13:23      20    4.00    0.00    0.00    0.00    0.00    0.00    0.00    0.00    0.00   96.00
15:13:23      21    4.08    0.00    0.00    0.00    0.00    0.00    0.00    0.00    0.00   95.92
15:13:23      22    4.08    0.00    1.02    0.00    0.00    0.00    0.00    0.00    0.00   94.90
15:13:23      23    3.03    0.00    1.01    0.00    0.00    0.00    0.00    0.00    0.00   95.96

15:13:23     CPU    %usr   %nice    %sys %iowait    %irq   %soft  %steal  %guest  %gnice   %idle
15:13:24     all    1.58    0.00    0.46    0.00    0.00    0.08    0.00    0.00    0.00   97.88
15:13:24       0    3.96    0.00    0.99    0.00    0.00    0.00    0.00    0.00    0.00   95.05
15:13:24       1    0.00    0.00    0.00    0.00    0.00    0.00    0.00    0.00    0.00  100.00
15:13:24       2    1.00    0.00    0.00    0.00    0.00    0.00    0.00    0.00    0.00   99.00
15:13:24       3    0.00    0.00    0.00    0.00    0.00    0.00    0.00    0.00    0.00  100.00
15:13:24       4    5.00    0.00    0.00    0.00    0.00    0.00    0.00    0.00    0.00   95.00
15:13:24       5    0.00    0.00    0.00    0.00    0.00    0.00    0.00    0.00    0.00  100.00
15:13:24       6    3.00    0.00    1.00    0.00    0.00    0.00    0.00    0.00    0.00   96.00
15:13:24       7    0.00    0.00    0.00    0.00    0.00    0.00    0.00    0.00    0.00  100.00
15:13:24       8    5.05    0.00    0.00    0.00    0.00    0.00    0.00    0.00    0.00   94.95
15:13:24       9    0.00    0.00    0.00    0.00    0.00    0.00    0.00    0.00    0.00  100.00
15:13:24      10    7.07    0.00    2.02    0.00    0.00    0.00    0.00    0.00    0.00   90.91
15:13:24      11    0.00    0.00    0.00    0.00    0.00    0.00    0.00    0.00    0.00  100.00
15:13:24      12    4.95    0.00    0.99    0.00    0.00    0.00    0.00    0.00    0.00   94.06
15:13:24      13    0.00    0.00    0.00    0.00    0.00    0.00    0.00    0.00    0.00  100.00
15:13:24      14    2.02    0.00    1.01    0.00    0.00    0.00    0.00    0.00    0.00   96.97
15:13:24      15    0.00    0.00    1.00    0.00    0.00    2.00    0.00    0.00    0.00   97.00
15:13:24      16    2.00    0.00    0.00    0.00    0.00    0.00    0.00    0.00    0.00   98.00
15:13:24      17    0.99    0.00    0.99    0.00    0.00    0.00    0.00    0.00    0.00   98.02
15:13:24      18    0.00    0.00    0.00    0.00    0.00    0.00    0.00    0.00    0.00  100.00
15:13:24      19    0.00    0.00    0.00    0.00    0.00    0.00    0.00    0.00    0.00  100.00
15:13:24      20    0.00    0.00    0.99    0.00    0.00    0.00    0.00    0.00    0.00   99.01
15:13:24      21    0.98    0.00    0.98    0.00    0.00    0.00    0.00    0.00    0.00   98.04
15:13:24      22    2.00    0.00    1.00    0.00    0.00    0.00    0.00    0.00    0.00   97.00
15:13:24      23    0.00    0.00    0.00    0.00    0.00    0.00    0.00    0.00    0.00  100.00

15:13:24     CPU    %usr   %nice    %sys %iowait    %irq   %soft  %steal  %guest  %gnice   %idle
15:13:25     all    1.50    0.00    0.33    0.17    0.00    0.08    0.00    0.00    0.00   97.91
15:13:25       0    1.01    0.00    0.00    0.00    0.00    0.00    0.00    0.00    0.00   98.99
15:13:25       1    0.00    0.00    0.00    0.00    0.00    0.00    0.00    0.00    0.00  100.00
15:13:25       2    2.02    0.00    0.00    0.00    0.00    0.00    0.00    0.00    0.00   97.98
15:13:25       3    0.00    0.00    0.00    1.00    0.00    0.00    0.00    0.00    0.00   99.00
15:13:25       4    1.02    0.00    0.00    0.00    0.00    0.00    0.00    0.00    0.00   98.98
15:13:25       5    0.00    0.00    0.00    0.00    0.00    0.00    0.00    0.00    0.00  100.00
15:13:25       6    5.00    0.00    0.00    0.00    0.00    0.00    0.00    0.00    0.00   95.00
15:13:25       7    0.00    0.00    0.00    0.00    0.00    0.00    0.00    0.00    0.00  100.00
15:13:25       8    5.00    0.00    2.00    1.00    0.00    0.00    0.00    0.00    0.00   92.00
15:13:25       9    0.00    0.00    0.00    0.00    0.00    0.00    0.00    0.00    0.00  100.00
15:13:25      10    5.00    0.00    3.00    0.00    0.00    0.00    0.00    0.00    0.00   92.00
15:13:25      11    0.00    0.00    0.00    1.00    0.00    0.00    0.00    0.00    0.00   99.00
15:13:25      12    3.00    0.00    0.00    1.00    0.00    0.00    0.00    0.00    0.00   96.00
15:13:25      13    0.00    0.00    0.00    0.00    0.00    0.00    0.00    0.00    0.00  100.00
15:13:25      14    4.95    0.00    0.99    0.00    0.00    0.00    0.00    0.00    0.00   94.06
15:13:25      15    0.00    0.00    0.00    0.00    0.00    2.02    0.00    0.00    0.00   97.98
15:13:25      16    1.01    0.00    0.00    0.00    0.00    0.00    0.00    0.00    0.00   98.99
15:13:25      17    1.00    0.00    1.00    0.00    0.00    0.00    0.00    0.00    0.00   98.00
15:13:25      18    0.99    0.00    0.99    0.00    0.00    0.00    0.00    0.00    0.00   98.02
15:13:25      19    1.00    0.00    0.00    0.00    0.00    0.00    0.00    0.00    0.00   99.00
15:13:25      20    2.00    0.00    0.00    0.00    0.00    0.00    0.00    0.00    0.00   98.00
15:13:25      21    0.00    0.00    0.00    0.00    0.00    0.00    0.00    0.00    0.00  100.00
15:13:25      22    1.02    0.00    0.00    0.00    0.00    0.00    0.00    0.00    0.00   98.98
15:13:25      23    1.98    0.00    0.00    0.00    0.00    0.00    0.00    0.00    0.00   98.02

15:13:25     CPU    %usr   %nice    %sys %iowait    %irq   %soft  %steal  %guest  %gnice   %idle
15:13:26     all    1.67    0.00    0.38    0.00    0.00    0.04    0.00    0.00    0.00   97.91
15:13:26       0    1.01    0.00    0.00    0.00    0.00    0.00    0.00    0.00    0.00   98.99
15:13:26       1    0.00    0.00    0.00    0.00    0.00    0.00    0.00    0.00    0.00  100.00
15:13:26       2    0.00    0.00    0.99    0.00    0.00    0.00    0.00    0.00    0.00   99.01
15:13:26       3    0.99    0.00    0.00    0.00    0.00    0.00    0.00    0.00    0.00   99.01
15:13:26       4    1.00    0.00    1.00    0.00    0.00    0.00    0.00    0.00    0.00   98.00
15:13:26       5    0.00    0.00    0.00    0.00    0.00    0.00    0.00    0.00    0.00  100.00
15:13:26       6    3.00    0.00    1.00    0.00    0.00    0.00    0.00    0.00    0.00   96.00
15:13:26       7    0.00    0.00    0.00    0.00    0.00    0.00    0.00    0.00    0.00  100.00
15:13:26       8    5.00    0.00    2.00    0.00    0.00    0.00    0.00    0.00    0.00   93.00
15:13:26       9    0.00    0.00    0.00    0.00    0.00    0.00    0.00    0.00    0.00  100.00
15:13:26      10    5.00    0.00    1.00    0.00    0.00    0.00    0.00    0.00    0.00   94.00
15:13:26      11    0.00    0.00    0.00    0.00    0.00    0.00    0.00    0.00    0.00  100.00
15:13:26      12    7.07    0.00    0.00    0.00    0.00    0.00    0.00    0.00    0.00   92.93
15:13:26      13    0.00    0.00    0.00    0.00    0.00    0.00    0.00    0.00    0.00  100.00
15:13:26      14    1.00    0.00    0.00    0.00    0.00    0.00    0.00    0.00    0.00   99.00
15:13:26      15    1.01    0.00    1.01    0.00    0.00    1.01    0.00    0.00    0.00   96.97
15:13:26      16    3.00    0.00    0.00    0.00    0.00    0.00    0.00    0.00    0.00   97.00
15:13:26      17    1.02    0.00    0.00    0.00    0.00    0.00    0.00    0.00    0.00   98.98
15:13:26      18    1.01    0.00    0.00    0.00    0.00    0.00    0.00    0.00    0.00   98.99
15:13:26      19    1.00    0.00    1.00    0.00    0.00    0.00    0.00    0.00    0.00   98.00
15:13:26      20    3.03    0.00    0.00    0.00    0.00    0.00    0.00    0.00    0.00   96.97
15:13:26      21    1.01    0.00    0.00    0.00    0.00    0.00    0.00    0.00    0.00   98.99
15:13:26      22    3.03    0.00    0.00    0.00    0.00    0.00    0.00    0.00    0.00   96.97
15:13:26      23    2.00    0.00    1.00    0.00    0.00    0.00    0.00    0.00    0.00   97.00

15:13:26     CPU    %usr   %nice    %sys %iowait    %irq   %soft  %steal  %guest  %gnice   %idle
15:13:27     all    2.01    0.00    0.33    0.00    0.00    0.17    0.00    0.00    0.00   97.49
15:13:27       0    0.00    0.00    0.00    0.00    0.00    0.00    0.00    0.00    0.00  100.00
15:13:27       1    0.00    0.00    0.00    0.00    0.00    0.00    0.00    0.00    0.00  100.00
15:13:27       2    2.00    0.00    0.00    0.00    0.00    0.00    0.00    0.00    0.00   98.00
15:13:27       3    0.00    0.00    0.00    0.00    0.00    0.00    0.00    0.00    0.00  100.00
15:13:27       4    5.00    0.00    1.00    0.00    0.00    0.00    0.00    0.00    0.00   94.00
15:13:27       5    0.99    0.00    0.00    0.00    0.00    0.00    0.00    0.00    0.00   99.01
15:13:27       6    3.00    0.00    0.00    0.00    0.00    0.00    0.00    0.00    0.00   97.00
15:13:27       7    0.00    0.00    0.00    0.00    0.00    0.00    0.00    0.00    0.00  100.00
15:13:27       8    5.05    0.00    2.02    0.00    0.00    0.00    0.00    0.00    0.00   92.93
15:13:27       9    0.00    0.00    0.00    0.00    0.00    0.00    0.00    0.00    0.00  100.00
15:13:27      10    3.06    0.00    1.02    0.00    0.00    0.00    0.00    0.00    0.00   95.92
15:13:27      11    0.00    0.00    0.00    0.00    0.00    0.00    0.00    0.00    0.00  100.00
15:13:27      12    6.00    0.00    0.00    0.00    0.00    1.00    0.00    0.00    0.00   93.00
15:13:27      13    0.00    0.00    0.00    0.00    0.00    0.00    0.00    0.00    0.00  100.00
15:13:27      14    4.00    0.00    1.00    0.00    0.00    0.00    0.00    0.00    0.00   95.00
15:13:27      15    0.99    0.00    0.00    0.00    0.00    2.97    0.00    0.00    0.00   96.04
15:13:27      16    2.02    0.00    1.01    0.00    0.00    0.00    0.00    0.00    0.00   96.97
15:13:27      17    2.02    0.00    0.00    0.00    0.00    0.00    0.00    0.00    0.00   97.98
15:13:27      18    1.00    0.00    0.00    0.00    0.00    0.00    0.00    0.00    0.00   99.00
15:13:27      19    1.01    0.00    0.00    0.00    0.00    0.00    0.00    0.00    0.00   98.99
15:13:27      20    3.96    0.00    1.98    0.00    0.00    0.00    0.00    0.00    0.00   94.06
15:13:27      21    2.04    0.00    0.00    0.00    0.00    0.00    0.00    0.00    0.00   97.96
15:13:27      22    5.10    0.00    0.00    0.00    0.00    0.00    0.00    0.00    0.00   94.90
15:13:27      23    1.01    0.00    0.00    0.00    0.00    0.00    0.00    0.00    0.00   98.99

15:13:27     CPU    %usr   %nice    %sys %iowait    %irq   %soft  %steal  %guest  %gnice   %idle
15:13:28     all    1.50    0.00    0.62    0.00    0.00    0.12    0.00    0.00    0.00   97.75
15:13:28       0    1.00    0.00    0.00    0.00    0.00    0.00    0.00    0.00    0.00   99.00
15:13:28       1    0.00    0.00    0.00    0.00    0.00    0.00    0.00    0.00    0.00  100.00
15:13:28       2    0.00    0.00    0.00    0.00    0.00    0.00    0.00    0.00    0.00  100.00
15:13:28       3    0.00    0.00    0.00    0.00    0.00    0.00    0.00    0.00    0.00  100.00
15:13:28       4    2.02    0.00    1.01    0.00    0.00    0.00    0.00    0.00    0.00   96.97
15:13:28       5    0.00    0.00    0.00    0.00    0.00    0.00    0.00    0.00    0.00  100.00
15:13:28       6    5.88    0.00    0.98    0.00    0.00    0.98    0.00    0.00    0.00   92.16
15:13:28       7    0.00    0.00    0.00    0.00    0.00    0.00    0.00    0.00    0.00  100.00
15:13:28       8    4.04    0.00    1.01    0.00    0.00    0.00    0.00    0.00    0.00   94.95
15:13:28       9    0.00    0.00    0.00    0.00    0.00    0.00    0.00    0.00    0.00  100.00
15:13:28      10    5.00    0.00    2.00    0.00    0.00    0.00    0.00    0.00    0.00   93.00
15:13:28      11    0.00    0.00    0.00    0.00    0.00    0.00    0.00    0.00    0.00  100.00
15:13:28      12    4.00    0.00    2.00    0.00    0.00    0.00    0.00    0.00    0.00   94.00
15:13:28      13    0.00    0.00    0.00    0.00    0.00    0.00    0.00    0.00    0.00  100.00
15:13:28      14    0.00    0.00    0.00    0.00    0.00    0.00    0.00    0.00    0.00  100.00
15:13:28      15    0.00    0.00    1.00    0.00    0.00    2.00    0.00    0.00    0.00   97.00
15:13:28      16    2.00    0.00    1.00    0.00    0.00    0.00    0.00    0.00    0.00   97.00
15:13:28      17    2.97    0.00    0.99    0.00    0.00    0.00    0.00    0.00    0.00   96.04
15:13:28      18    0.00    0.00    0.00    0.00    0.00    0.00    0.00    0.00    0.00  100.00
15:13:28      19    0.99    0.00    0.99    0.00    0.00    0.00    0.00    0.00    0.00   98.02
15:13:28      20    2.00    0.00    1.00    0.00    0.00    0.00    0.00    0.00    0.00   97.00
15:13:28      21    0.99    0.00    0.99    0.00    0.00    0.00    0.00    0.00    0.00   98.02
15:13:28      22    3.03    0.00    1.01    0.00    0.00    0.00    0.00    0.00    0.00   95.96
15:13:28      23    1.98    0.00    0.99    0.00    0.00    0.00    0.00    0.00    0.00   97.03

15:13:28     CPU    %usr   %nice    %sys %iowait    %irq   %soft  %steal  %guest  %gnice   %idle
15:13:29     all    1.46    0.00    0.33    0.00    0.00    0.04    0.00    0.00    0.00   98.16
15:13:29       0    1.01    0.00    1.01    0.00    0.00    0.00    0.00    0.00    0.00   97.98
15:13:29       1    0.00    0.00    0.00    0.00    0.00    0.00    0.00    0.00    0.00  100.00
15:13:29       2    0.99    0.00    0.99    0.00    0.00    0.00    0.00    0.00    0.00   98.02
15:13:29       3    0.00    0.00    0.00    0.00    0.00    0.00    0.00    0.00    0.00  100.00
15:13:29       4    2.00    0.00    0.00    0.00    0.00    0.00    0.00    0.00    0.00   98.00
15:13:29       5    0.00    0.00    0.00    0.00    0.00    0.00    0.00    0.00    0.00  100.00
15:13:29       6    2.02    0.00    1.01    0.00    0.00    0.00    0.00    0.00    0.00   96.97
15:13:29       7    0.00    0.00    0.00    0.00    0.00    0.00    0.00    0.00    0.00  100.00
15:13:29       8    7.00    0.00    0.00    0.00    0.00    0.00    0.00    0.00    0.00   93.00
15:13:29       9    0.00    0.00    0.00    0.00    0.00    0.00    0.00    0.00    0.00  100.00
15:13:29      10    4.08    0.00    1.02    0.00    0.00    0.00    0.00    0.00    0.00   94.90
15:13:29      11    0.00    0.00    0.00    0.00    0.00    0.00    0.00    0.00    0.00  100.00
15:13:29      12    7.00    0.00    0.00    0.00    0.00    0.00    0.00    0.00    0.00   93.00
15:13:29      13    0.00    0.00    0.00    0.00    0.00    0.00    0.00    0.00    0.00  100.00
15:13:29      14    2.94    0.00    0.98    0.00    0.00    0.00    0.00    0.00    0.00   96.08
15:13:29      15    1.01    0.00    1.01    0.00    0.00    1.01    0.00    0.00    0.00   96.97
15:13:29      16    1.01    0.00    1.01    0.00    0.00    0.00    0.00    0.00    0.00   97.98
15:13:29      17    0.00    0.00    0.00    0.00    0.00    0.00    0.00    0.00    0.00  100.00
15:13:29      18    0.99    0.00    0.99    0.00    0.00    0.00    0.00    0.00    0.00   98.02
15:13:29      19    0.00    0.00    0.00    0.00    0.00    0.00    0.00    0.00    0.00  100.00
15:13:29      20    1.00    0.00    0.00    0.00    0.00    0.00    0.00    0.00    0.00   99.00
15:13:29      21    1.00    0.00    0.00    0.00    0.00    0.00    0.00    0.00    0.00   99.00
15:13:29      22    2.02    0.00    0.00    0.00    0.00    0.00    0.00    0.00    0.00   97.98
15:13:29      23    1.00    0.00    0.00    0.00    0.00    0.00    0.00    0.00    0.00   99.00

15:13:29     CPU    %usr   %nice    %sys %iowait    %irq   %soft  %steal  %guest  %gnice   %idle
15:13:30     all    1.38    0.00    0.34    0.00    0.00    0.04    0.00    0.00    0.00   98.24
15:13:30       0    1.01    0.00    0.00    0.00    0.00    0.00    0.00    0.00    0.00   98.99
15:13:30       1    0.00    0.00    0.00    0.00    0.00    0.00    0.00    0.00    0.00  100.00
15:13:30       2    1.01    0.00    1.01    0.00    0.00    0.00    0.00    0.00    0.00   97.98
15:13:30       3    0.00    0.00    0.00    0.00    0.00    0.00    0.00    0.00    0.00  100.00
15:13:30       4    1.01    0.00    0.00    0.00    0.00    0.00    0.00    0.00    0.00   98.99
15:13:30       5    0.00    0.00    0.00    0.00    0.00    0.00    0.00    0.00    0.00  100.00
15:13:30       6    2.02    0.00    1.01    0.00    0.00    0.00    0.00    0.00    0.00   96.97
15:13:30       7    0.00    0.00    0.00    0.00    0.00    0.00    0.00    0.00    0.00  100.00
15:13:30       8    4.00    0.00    1.00    0.00    0.00    0.00    0.00    0.00    0.00   95.00
15:13:30       9    0.00    0.00    0.00    0.00    0.00    0.00    0.00    0.00    0.00  100.00
15:13:30      10    4.00    0.00    1.00    0.00    0.00    0.00    0.00    0.00    0.00   95.00
15:13:30      11    4.00    0.00    0.00    0.00    0.00    0.00    0.00    0.00    0.00   96.00
15:13:30      12    5.10    0.00    0.00    0.00    0.00    0.00    0.00    0.00    0.00   94.90
15:13:30      13    0.00    0.00    0.00    0.00    0.00    0.00    0.00    0.00    0.00  100.00
15:13:30      14    0.00    0.00    0.00    0.00    0.00    0.00    0.00    0.00    0.00  100.00
15:13:30      15    0.00    0.00    0.00    0.00    0.00    1.02    0.00    0.00    0.00   98.98
15:13:30      16    2.00    0.00    1.00    0.00    0.00    0.00    0.00    0.00    0.00   97.00
15:13:30      17    1.01    0.00    0.00    0.00    0.00    0.00    0.00    0.00    0.00   98.99
15:13:30      18    1.00    0.00    0.00    0.00    0.00    0.00    0.00    0.00    0.00   99.00
15:13:30      19    1.00    0.00    0.00    0.00    0.00    0.00    0.00    0.00    0.00   99.00
15:13:30      20    1.01    0.00    0.00    0.00    0.00    0.00    0.00    0.00    0.00   98.99
15:13:30      21    1.00    0.00    1.00    0.00    0.00    0.00    0.00    0.00    0.00   98.00
15:13:30      22    3.03    0.00    1.01    0.00    0.00    0.00    0.00    0.00    0.00   95.96
15:13:30      23    1.00    0.00    1.00    0.00    0.00    0.00    0.00    0.00    0.00   98.00

15:13:30     CPU    %usr   %nice    %sys %iowait    %irq   %soft  %steal  %guest  %gnice   %idle
15:13:31     all    1.50    0.00    0.54    0.08    0.00    0.08    0.00    0.00    0.00   97.79
15:13:31       0    1.00    0.00    1.00    0.00    0.00    0.00    0.00    0.00    0.00   98.00
15:13:31       1    0.00    0.00    0.00    0.00    0.00    0.00    0.00    0.00    0.00  100.00
15:13:31       2    0.00    0.00    0.00    0.00    0.00    0.00    0.00    0.00    0.00  100.00
15:13:31       3    0.00    0.00    0.00    0.00    0.00    0.00    0.00    0.00    0.00  100.00
15:13:31       4    1.98    0.00    0.99    0.00    0.00    0.00    0.00    0.00    0.00   97.03
15:13:31       5    0.00    0.00    1.00    0.00    0.00    0.00    0.00    0.00    0.00   99.00
15:13:31       6    2.00    0.00    1.00    0.00    0.00    0.00    0.00    0.00    0.00   97.00
15:13:31       7    0.00    0.00    0.99    0.00    0.00    0.00    0.00    0.00    0.00   99.01
15:13:31       8    5.05    0.00    1.01    0.00    0.00    0.00    0.00    0.00    0.00   93.94
15:13:31       9    0.00    0.00    0.00    0.00    0.00    0.00    0.00    0.00    0.00  100.00
15:13:31      10    4.04    0.00    1.01    0.00    0.00    0.00    0.00    0.00    0.00   94.95
15:13:31      11    5.05    0.00    1.01    1.01    0.00    0.00    0.00    0.00    0.00   92.93
15:13:31      12    5.94    0.00    0.99    0.00    0.00    0.00    0.00    0.00    0.00   93.07
15:13:31      13    0.00    0.00    0.00    0.00    0.00    0.00    0.00    0.00    0.00  100.00
15:13:31      14    2.00    0.00    1.00    0.00    0.00    0.00    0.00    0.00    0.00   97.00
15:13:31      15    0.99    0.00    0.99    0.00    0.00    1.98    0.00    0.00    0.00   96.04
15:13:31      16    0.00    0.00    0.00    0.00    0.00    0.00    0.00    0.00    0.00  100.00
15:13:31      17    0.00    0.00    1.00    0.00    0.00    0.00    0.00    0.00    0.00   99.00
15:13:31      18    0.00    0.00    0.00    0.00    0.00    0.00    0.00    0.00    0.00  100.00
15:13:31      19    0.00    0.00    0.00    1.00    0.00    0.00    0.00    0.00    0.00   99.00
15:13:31      20    1.01    0.00    0.00    0.00    0.00    0.00    0.00    0.00    0.00   98.99
15:13:31      21    1.00    0.00    1.00    0.00    0.00    0.00    0.00    0.00    0.00   98.00
15:13:31      22    3.03    0.00    0.00    0.00    0.00    0.00    0.00    0.00    0.00   96.97
15:13:31      23    2.97    0.00    0.00    0.00    0.00    0.00    0.00    0.00    0.00   97.03

15:13:31     CPU    %usr   %nice    %sys %iowait    %irq   %soft  %steal  %guest  %gnice   %idle
15:13:32     all    2.05    0.00    0.25    0.00    0.00    0.08    0.00    0.00    0.00   97.62
15:13:32       0    3.00    0.00    0.00    0.00    0.00    0.00    0.00    0.00    0.00   97.00
15:13:32       1    0.00    0.00    0.00    0.00    0.00    0.00    0.00    0.00    0.00  100.00
15:13:32       2    1.00    0.00    0.00    0.00    0.00    0.00    0.00    0.00    0.00   99.00
15:13:32       3    0.00    0.00    0.00    0.00    0.00    0.00    0.00    0.00    0.00  100.00
15:13:32       4    1.01    0.00    0.00    0.00    0.00    0.00    0.00    0.00    0.00   98.99
15:13:32       5    0.00    0.00    0.00    0.00    0.00    0.00    0.00    0.00    0.00  100.00
15:13:32       6    2.02    0.00    0.00    0.00    0.00    0.00    0.00    0.00    0.00   97.98
15:13:32       7    0.00    0.00    0.00    0.00    0.00    0.99    0.00    0.00    0.00   99.01
15:13:32       8    5.05    0.00    0.00    0.00    0.00    0.00    0.00    0.00    0.00   94.95
15:13:32       9    0.00    0.00    0.00    0.00    0.00    0.00    0.00    0.00    0.00  100.00
15:13:32      10    2.00    0.00    2.00    0.00    0.00    0.00    0.00    0.00    0.00   96.00
15:13:32      11   14.00    0.00    0.00    0.00    0.00    0.00    0.00    0.00    0.00   86.00
15:13:32      12    7.07    0.00    0.00    0.00    0.00    0.00    0.00    0.00    0.00   92.93
15:13:32      13    0.00    0.00    0.00    0.00    0.00    0.00    0.00    0.00    0.00  100.00
15:13:32      14    2.02    0.00    0.00    0.00    0.00    0.00    0.00    0.00    0.00   97.98
15:13:32      15    0.00    0.00    0.00    0.00    0.00    1.02    0.00    0.00    0.00   98.98
15:13:32      16    2.00    0.00    0.00    0.00    0.00    0.00    0.00    0.00    0.00   98.00
15:13:32      17    2.00    0.00    2.00    0.00    0.00    0.00    0.00    0.00    0.00   96.00
15:13:32      18    1.96    0.00    0.98    0.00    0.00    0.00    0.00    0.00    0.00   97.06
15:13:32      19    0.00    0.00    0.00    0.00    0.00    0.00    0.00    0.00    0.00  100.00
15:13:32      20    2.00    0.00    0.00    0.00    0.00    0.00    0.00    0.00    0.00   98.00
15:13:32      21    0.00    0.00    0.00    0.00    0.00    0.00    0.00    0.00    0.00  100.00
15:13:32      22    2.04    0.00    0.00    0.00    0.00    0.00    0.00    0.00    0.00   97.96
15:13:32      23    2.00    0.00    1.00    0.00    0.00    0.00    0.00    0.00    0.00   97.00

15:13:32     CPU    %usr   %nice    %sys %iowait    %irq   %soft  %steal  %guest  %gnice   %idle
15:13:33     all    1.50    0.00    0.50    0.00    0.00    0.08    0.00    0.00    0.00   97.91
15:13:33       0    2.00    0.00    1.00    0.00    0.00    0.00    0.00    0.00    0.00   97.00
15:13:33       1    0.00    0.00    0.00    0.00    0.00    0.00    0.00    0.00    0.00  100.00
15:13:33       2    0.99    0.00    0.99    0.00    0.00    0.00    0.00    0.00    0.00   98.02
15:13:33       3    0.00    0.00    0.00    0.00    0.00    0.00    0.00    0.00    0.00  100.00
15:13:33       4    1.00    0.00    0.00    0.00    0.00    0.00    0.00    0.00    0.00   99.00
15:13:33       5    0.00    0.00    0.00    0.00    0.00    0.00    0.00    0.00    0.00  100.00
15:13:33       6    4.00    0.00    0.00    0.00    0.00    0.00    0.00    0.00    0.00   96.00
15:13:33       7    0.00    0.00    0.00    0.00    0.00    0.00    0.00    0.00    0.00  100.00
15:13:33       8    3.92    0.00    0.98    0.00    0.00    0.00    0.00    0.00    0.00   95.10
15:13:33       9    0.00    0.00    0.00    0.00    0.00    0.00    0.00    0.00    0.00  100.00
15:13:33      10    5.05    0.00    1.01    0.00    0.00    0.00    0.00    0.00    0.00   93.94
15:13:33      11    1.00    0.00    1.00    0.00    0.00    0.00    0.00    0.00    0.00   98.00
15:13:33      12    3.00    0.00    1.00    0.00    0.00    0.00    0.00    0.00    0.00   96.00
15:13:33      13    0.00    0.00    0.00    0.00    0.00    0.00    0.00    0.00    0.00  100.00
15:13:33      14    1.00    0.00    1.00    0.00    0.00    0.00    0.00    0.00    0.00   98.00
15:13:33      15    0.00    0.00    1.00    0.00    0.00    2.00    0.00    0.00    0.00   97.00
15:13:33      16    5.05    0.00    2.02    0.00    0.00    0.00    0.00    0.00    0.00   92.93
15:13:33      17    1.00    0.00    1.00    0.00    0.00    0.00    0.00    0.00    0.00   98.00
15:13:33      18    0.00    0.00    0.00    0.00    0.00    0.00    0.00    0.00    0.00  100.00
15:13:33      19    1.00    0.00    0.00    0.00    0.00    0.00    0.00    0.00    0.00   99.00
15:13:33      20    1.00    0.00    0.00    0.00    0.00    0.00    0.00    0.00    0.00   99.00
15:13:33      21    1.01    0.00    1.01    0.00    0.00    0.00    0.00    0.00    0.00   97.98
15:13:33      22    3.00    0.00    0.00    0.00    0.00    0.00    0.00    0.00    0.00   97.00
15:13:33      23    2.02    0.00    0.00    0.00    0.00    0.00    0.00    0.00    0.00   97.98

15:13:33     CPU    %usr   %nice    %sys %iowait    %irq   %soft  %steal  %guest  %gnice   %idle
15:13:34     all    1.59    0.00    0.50    0.00    0.00    0.13    0.00    0.00    0.00   97.79
15:13:34       0    0.00    0.00    1.01    0.00    0.00    0.00    0.00    0.00    0.00   98.99
15:13:34       1    0.00    0.00    0.00    0.00    0.00    0.00    0.00    0.00    0.00  100.00
15:13:34       2    0.00    0.00    0.00    0.00    0.00    0.00    0.00    0.00    0.00  100.00
15:13:34       3    0.00    0.00    0.00    0.00    0.00    0.99    0.00    0.00    0.00   99.01
15:13:34       4    2.00    0.00    1.00    0.00    0.00    0.00    0.00    0.00    0.00   97.00
15:13:34       5    0.00    0.00    0.00    0.00    0.00    0.00    0.00    0.00    0.00  100.00
15:13:34       6    1.98    0.00    0.99    0.00    0.00    0.00    0.00    0.00    0.00   97.03
15:13:34       7    0.00    0.00    0.00    0.00    0.00    0.00    0.00    0.00    0.00  100.00
15:13:34       8    2.02    0.00    1.01    0.00    0.00    0.00    0.00    0.00    0.00   96.97
15:13:34       9    0.00    0.00    0.00    0.00    0.00    0.00    0.00    0.00    0.00  100.00
15:13:34      10    9.09    0.00    1.01    0.00    0.00    0.00    0.00    0.00    0.00   89.90
15:13:34      11    0.00    0.00    0.00    0.00    0.00    0.00    0.00    0.00    0.00  100.00
15:13:34      12    3.00    0.00    2.00    0.00    0.00    0.00    0.00    0.00    0.00   95.00
15:13:34      13    0.00    0.00    0.00    0.00    0.00    0.00    0.00    0.00    0.00  100.00
15:13:34      14    1.01    0.00    1.01    0.00    0.00    0.00    0.00    0.00    0.00   97.98
15:13:34      15    0.00    0.00    0.00    0.00    0.00    2.02    0.00    0.00    0.00   97.98
15:13:34      16    1.98    0.00    0.99    0.00    0.00    0.00    0.00    0.00    0.00   97.03
15:13:34      17    2.00    0.00    1.00    0.00    0.00    0.00    0.00    0.00    0.00   97.00
15:13:34      18    1.00    0.00    0.00    0.00    0.00    0.00    0.00    0.00    0.00   99.00
15:13:34      19    1.00    0.00    0.00    0.00    0.00    0.00    0.00    0.00    0.00   99.00
15:13:34      20    4.00    0.00    2.00    0.00    0.00    0.00    0.00    0.00    0.00   94.00
15:13:34      21    1.98    0.00    0.00    0.00    0.00    0.00    0.00    0.00    0.00   98.02
15:13:34      22    4.04    0.00    0.00    0.00    0.00    0.00    0.00    0.00    0.00   95.96
15:13:34      23    3.00    0.00    0.00    0.00    0.00    0.00    0.00    0.00    0.00   97.00

15:13:34     CPU    %usr   %nice    %sys %iowait    %irq   %soft  %steal  %guest  %gnice   %idle
15:13:35     all    1.67    0.00    0.42    0.00    0.00    0.08    0.00    0.00    0.00   97.83
15:13:35       0    4.04    0.00    0.00    0.00    0.00    0.00    0.00    0.00    0.00   95.96
15:13:35       1    0.00    0.00    0.00    0.00    0.00    0.00    0.00    0.00    0.00  100.00
15:13:35       2    2.00    0.00    1.00    0.00    0.00    0.00    0.00    0.00    0.00   97.00
15:13:35       3    0.00    0.00    0.00    0.00    0.00    0.00    0.00    0.00    0.00  100.00
15:13:35       4    3.00    0.00    0.00    0.00    0.00    0.00    0.00    0.00    0.00   97.00
15:13:35       5    0.00    0.00    0.00    0.00    0.00    0.00    0.00    0.00    0.00  100.00
15:13:35       6    1.01    0.00    0.00    0.00    0.00    0.00    0.00    0.00    0.00   98.99
15:13:35       7    0.00    0.00    0.00    0.00    0.00    0.00    0.00    0.00    0.00  100.00
15:13:35       8    4.04    0.00    0.00    0.00    0.00    0.00    0.00    0.00    0.00   95.96
15:13:35       9    0.00    0.00    0.00    0.00    0.00    0.00    0.00    0.00    0.00  100.00
15:13:35      10    7.00    0.00    1.00    0.00    0.00    0.00    0.00    0.00    0.00   92.00
15:13:35      11    0.00    0.00    0.00    0.00    0.00    0.00    0.00    0.00    0.00  100.00
15:13:35      12    2.00    0.00    0.00    0.00    0.00    0.00    0.00    0.00    0.00   98.00
15:13:35      13    0.00    0.00    0.00    0.00    0.00    0.99    0.00    0.00    0.00   99.01
15:13:35      14    1.01    0.00    1.01    0.00    0.00    0.00    0.00    0.00    0.00   97.98
15:13:35      15    1.00    0.00    1.00    0.00    0.00    1.00    0.00    0.00    0.00   97.00
15:13:35      16    1.01    0.00    1.01    0.00    0.00    0.00    0.00    0.00    0.00   97.98
15:13:35      17    2.00    0.00    0.00    0.00    0.00    0.00    0.00    0.00    0.00   98.00
15:13:35      18    1.01    0.00    0.00    0.00    0.00    0.00    0.00    0.00    0.00   98.99
15:13:35      19    0.99    0.00    0.99    0.00    0.00    0.00    0.00    0.00    0.00   98.02
15:13:35      20    3.00    0.00    0.00    0.00    0.00    0.00    0.00    0.00    0.00   97.00
15:13:35      21    2.00    0.00    1.00    0.00    0.00    0.00    0.00    0.00    0.00   97.00
15:13:35      22    3.03    0.00    2.02    0.00    0.00    0.00    0.00    0.00    0.00   94.95
15:13:35      23    2.00    0.00    1.00    0.00    0.00    0.00    0.00    0.00    0.00   97.00

15:13:35     CPU    %usr   %nice    %sys %iowait    %irq   %soft  %steal  %guest  %gnice   %idle
15:13:36     all    1.55    0.00    0.33    0.13    0.00    0.08    0.00    0.00    0.00   97.91
15:13:36       0    3.00    0.00    1.00    0.00    0.00    0.00    0.00    0.00    0.00   96.00
15:13:36       1    0.00    0.00    0.00    0.00    0.00    0.00    0.00    0.00    0.00  100.00
15:13:36       2    3.00    0.00    0.00    0.00    0.00    0.00    0.00    0.00    0.00   97.00
15:13:36       3    0.00    0.00    0.00    0.00    0.00    0.00    0.00    0.00    0.00  100.00
15:13:36       4    1.00    0.00    1.00    0.00    0.00    0.00    0.00    0.00    0.00   98.00
15:13:36       5    0.00    0.00    0.00    0.00    0.00    0.00    0.00    0.00    0.00  100.00
15:13:36       6    2.02    0.00    0.00    0.00    0.00    0.00    0.00    0.00    0.00   97.98
15:13:36       7    0.00    0.00    0.00    0.00    0.00    0.00    0.00    0.00    0.00  100.00
15:13:36       8    5.05    0.00    2.02    0.00    0.00    0.00    0.00    0.00    0.00   92.93
15:13:36       9    0.00    0.00    0.00    0.00    0.00    0.00    0.00    0.00    0.00  100.00
15:13:36      10    6.93    0.00    0.99    0.00    0.00    0.00    0.00    0.00    0.00   92.08
15:13:36      11    0.00    0.00    0.00    1.00    0.00    0.00    0.00    0.00    0.00   99.00
15:13:36      12    2.00    0.00    1.00    0.00    0.00    0.00    0.00    0.00    0.00   97.00
15:13:36      13    0.00    0.00    0.00    0.00    0.00    0.00    0.00    0.00    0.00  100.00
15:13:36      14    1.00    0.00    0.00    0.00    0.00    0.00    0.00    0.00    0.00   99.00
15:13:36      15    0.00    0.00    0.00    0.00    0.00    2.02    0.00    0.00    0.00   97.98
15:13:36      16    1.01    0.00    0.00    2.02    0.00    0.00    0.00    0.00    0.00   96.97
15:13:36      17    2.00    0.00    0.00    0.00    0.00    0.00    0.00    0.00    0.00   98.00
15:13:36      18    1.00    0.00    2.00    0.00    0.00    0.00    0.00    0.00    0.00   97.00
15:13:36      19    1.01    0.00    0.00    0.00    0.00    0.00    0.00    0.00    0.00   98.99
15:13:36      20    3.00    0.00    0.00    0.00    0.00    0.00    0.00    0.00    0.00   97.00
15:13:36      21    1.01    0.00    0.00    0.00    0.00    0.00    0.00    0.00    0.00   98.99
15:13:36      22    2.04    0.00    0.00    0.00    0.00    0.00    0.00    0.00    0.00   97.96
15:13:36      23    2.00    0.00    0.00    0.00    0.00    0.00    0.00    0.00    0.00   98.00

15:13:36     CPU    %usr   %nice    %sys %iowait    %irq   %soft  %steal  %guest  %gnice   %idle
15:13:37     all    2.30    0.00    0.46    0.00    0.00    0.00    0.00    0.00    0.00   97.24
15:13:37       0    3.03    0.00    1.01    0.00    0.00    0.00    0.00    0.00    0.00   95.96
15:13:37       1    0.00    0.00    0.00    0.00    0.00    0.00    0.00    0.00    0.00  100.00
15:13:37       2    3.00    0.00    1.00    0.00    0.00    0.00    0.00    0.00    0.00   96.00
15:13:37       3    0.00    0.00    0.00    0.00    0.00    0.00    0.00    0.00    0.00  100.00
15:13:37       4    2.00    0.00    0.00    0.00    0.00    0.00    0.00    0.00    0.00   98.00
15:13:37       5    0.00    0.00    0.00    0.00    0.00    0.00    0.00    0.00    0.00  100.00
15:13:37       6    3.03    0.00    1.01    0.00    0.00    0.00    0.00    0.00    0.00   95.96
15:13:37       7    0.00    0.00    0.00    0.00    0.00    0.00    0.00    0.00    0.00  100.00
15:13:37       8   10.00    0.00    2.00    0.00    0.00    0.00    0.00    0.00    0.00   88.00
15:13:37       9    0.00    0.00    0.00    0.00    0.00    0.00    0.00    0.00    0.00  100.00
15:13:37      10    7.14    0.00    1.02    0.00    0.00    0.00    0.00    0.00    0.00   91.84
15:13:37      11    0.00    0.00    0.00    0.00    0.00    0.00    0.00    0.00    0.00  100.00
15:13:37      12    6.00    0.00    0.00    0.00    0.00    0.00    0.00    0.00    0.00   94.00
15:13:37      13    0.00    0.00    0.00    0.00    0.00    0.00    0.00    0.00    0.00  100.00
15:13:37      14    3.00    0.00    1.00    0.00    0.00    0.00    0.00    0.00    0.00   96.00
15:13:37      15    1.03    0.00    0.00    0.00    0.00    0.00    0.00    0.00    0.00   98.97
15:13:37      16    1.01    0.00    1.01    0.00    0.00    0.00    0.00    0.00    0.00   97.98
15:13:37      17    2.00    0.00    1.00    0.00    0.00    0.00    0.00    0.00    0.00   97.00
15:13:37      18    1.01    0.00    0.00    0.00    0.00    0.00    0.00    0.00    0.00   98.99
15:13:37      19    0.00    0.00    0.00    0.00    0.00    0.00    0.00    0.00    0.00  100.00
15:13:37      20    2.02    0.00    0.00    0.00    0.00    0.00    0.00    0.00    0.00   97.98
15:13:37      21    1.98    0.00    0.00    0.00    0.00    0.00    0.00    0.00    0.00   98.02
15:13:37      22    6.00    0.00    1.00    0.00    0.00    0.00    0.00    0.00    0.00   93.00
15:13:37      23    2.97    0.00    0.99    0.00    0.00    0.00    0.00    0.00    0.00   96.04

15:13:37     CPU    %usr   %nice    %sys %iowait    %irq   %soft  %steal  %guest  %gnice   %idle
15:13:38     all    3.55    0.00    0.59    0.00    0.00    0.04    0.00    0.00    0.00   95.82
15:13:38       0    4.00    0.00    2.00    0.00    0.00    0.00    0.00    0.00    0.00   94.00
15:13:38       1    3.00    0.00    0.00    0.00    0.00    0.00    0.00    0.00    0.00   97.00
15:13:38       2    6.00    0.00    1.00    0.00    0.00    0.00    0.00    0.00    0.00   93.00
15:13:38       3    0.00    0.00    0.00    0.00    0.00    0.00    0.00    0.00    0.00  100.00
15:13:38       4    1.01    0.00    1.01    0.00    0.00    0.00    0.00    0.00    0.00   97.98
15:13:38       5    0.00    0.00    0.00    0.00    0.00    0.00    0.00    0.00    0.00  100.00
15:13:38       6    2.00    0.00    1.00    0.00    0.00    0.00    0.00    0.00    0.00   97.00
15:13:38       7    0.00    0.00    0.00    0.00    0.00    0.00    0.00    0.00    0.00  100.00
15:13:38       8   14.14    0.00    0.00    0.00    0.00    0.00    0.00    0.00    0.00   85.86
15:13:38       9    0.00    0.00    0.00    0.00    0.00    0.00    0.00    0.00    0.00  100.00
15:13:38      10   11.88    0.00    0.99    0.00    0.00    0.00    0.00    0.00    0.00   87.13
15:13:38      11    0.00    0.00    0.00    0.00    0.00    0.00    0.00    0.00    0.00  100.00
15:13:38      12    8.00    0.00    0.00    0.00    0.00    0.00    0.00    0.00    0.00   92.00
15:13:38      13    0.00    0.00    1.00    0.00    0.00    0.00    0.00    0.00    0.00   99.00
15:13:38      14    8.00    0.00    0.00    0.00    0.00    0.00    0.00    0.00    0.00   92.00
15:13:38      15    0.00    0.00    1.01    0.00    0.00    1.01    0.00    0.00    0.00   97.98
15:13:38      16    2.02    0.00    0.00    0.00    0.00    0.00    0.00    0.00    0.00   97.98
15:13:38      17    4.00    0.00    1.00    0.00    0.00    0.00    0.00    0.00    0.00   95.00
15:13:38      18    5.00    0.00    1.00    0.00    0.00    0.00    0.00    0.00    0.00   94.00
15:13:38      19    1.01    0.00    1.01    0.00    0.00    0.00    0.00    0.00    0.00   97.98
15:13:38      20    4.95    0.00    0.99    0.00    0.00    0.00    0.00    0.00    0.00   94.06
15:13:38      21    2.02    0.00    0.00    0.00    0.00    0.00    0.00    0.00    0.00   97.98
15:13:38      22    6.12    0.00    2.04    0.00    0.00    0.00    0.00    0.00    0.00   91.84
15:13:38      23    2.02    0.00    0.00    0.00    0.00    0.00    0.00    0.00    0.00   97.98

15:13:38     CPU    %usr   %nice    %sys %iowait    %irq   %soft  %steal  %guest  %gnice   %idle
15:13:39     all    1.59    0.00    0.42    0.00    0.00    0.04    0.00    0.00    0.00   97.95
15:13:39       0    4.00    0.00    0.00    0.00    0.00    0.00    0.00    0.00    0.00   96.00
15:13:39       1    0.00    0.00    0.00    0.00    0.00    0.00    0.00    0.00    0.00  100.00
15:13:39       2    2.00    0.00    0.00    0.00    0.00    0.00    0.00    0.00    0.00   98.00
15:13:39       3    0.99    0.00    0.00    0.00    0.00    0.00    0.00    0.00    0.00   99.01
15:13:39       4    2.00    0.00    0.00    0.00    0.00    0.00    0.00    0.00    0.00   98.00
15:13:39       5    0.00    0.00    0.00    0.00    0.00    0.00    0.00    0.00    0.00  100.00
15:13:39       6    1.01    0.00    0.00    0.00    0.00    0.00    0.00    0.00    0.00   98.99
15:13:39       7    0.00    0.00    0.00    0.00    0.00    0.00    0.00    0.00    0.00  100.00
15:13:39       8    3.03    0.00    2.02    0.00    0.00    0.00    0.00    0.00    0.00   94.95
15:13:39       9    0.00    0.00    0.00    0.00    0.00    0.00    0.00    0.00    0.00  100.00
15:13:39      10    6.06    0.00    0.00    0.00    0.00    0.00    0.00    0.00    0.00   93.94
15:13:39      11    0.00    0.00    0.00    0.00    0.00    0.00    0.00    0.00    0.00  100.00
15:13:39      12    5.05    0.00    1.01    0.00    0.00    0.00    0.00    0.00    0.00   93.94
15:13:39      13    0.00    0.00    0.00    0.00    0.00    0.00    0.00    0.00    0.00  100.00
15:13:39      14    0.00    0.00    1.02    0.00    0.00    0.00    0.00    0.00    0.00   98.98
15:13:39      15    0.00    0.00    0.00    0.00    0.00    1.02    0.00    0.00    0.00   98.98
15:13:39      16    1.01    0.00    0.00    0.00    0.00    0.00    0.00    0.00    0.00   98.99
15:13:39      17    1.01    0.00    0.00    0.00    0.00    0.00    0.00    0.00    0.00   98.99
15:13:39      18    0.00    0.00    1.00    0.00    0.00    0.00    0.00    0.00    0.00   99.00
15:13:39      19    1.00    0.00    1.00    0.00    0.00    0.00    0.00    0.00    0.00   98.00
15:13:39      20    2.97    0.00    0.99    0.00    0.00    0.00    0.00    0.00    0.00   96.04
15:13:39      21    2.97    0.00    0.99    0.00    0.00    0.00    0.00    0.00    0.00   96.04
15:13:39      22    3.03    0.00    1.01    0.00    0.00    0.00    0.00    0.00    0.00   95.96
15:13:39      23    1.98    0.00    0.99    0.00    0.00    0.00    0.00    0.00    0.00   97.03

15:13:39     CPU    %usr   %nice    %sys %iowait    %irq   %soft  %steal  %guest  %gnice   %idle
15:13:40     all    1.47    0.00    0.29    0.00    0.00    0.04    0.00    0.00    0.00   98.20
15:13:40       0    2.02    0.00    0.00    0.00    0.00    0.00    0.00    0.00    0.00   97.98
15:13:40       1    0.00    0.00    0.00    0.00    0.00    0.00    0.00    0.00    0.00  100.00
15:13:40       2    2.00    0.00    1.00    0.00    0.00    0.00    0.00    0.00    0.00   97.00
15:13:40       3    0.00    0.00    0.00    0.00    0.00    0.00    0.00    0.00    0.00  100.00
15:13:40       4    1.00    0.00    1.00    0.00    0.00    0.00    0.00    0.00    0.00   98.00
15:13:40       5    0.00    0.00    0.00    0.00    0.00    0.00    0.00    0.00    0.00  100.00
15:13:40       6    1.01    0.00    0.00    0.00    0.00    0.00    0.00    0.00    0.00   98.99
15:13:40       7    0.00    0.00    0.00    0.00    0.00    0.00    0.00    0.00    0.00  100.00
15:13:40       8    6.00    0.00    2.00    0.00    0.00    0.00    0.00    0.00    0.00   92.00
15:13:40       9    0.00    0.00    0.00    0.00    0.00    0.00    0.00    0.00    0.00  100.00
15:13:40      10    5.00    0.00    0.00    0.00    0.00    0.00    0.00    0.00    0.00   95.00
15:13:40      11    0.00    0.00    0.00    0.00    0.00    0.00    0.00    0.00    0.00  100.00
15:13:40      12    3.00    0.00    1.00    0.00    0.00    0.00    0.00    0.00    0.00   96.00
15:13:40      13    0.00    0.00    0.00    0.00    0.00    0.00    0.00    0.00    0.00  100.00
15:13:40      14    3.00    0.00    1.00    0.00    0.00    0.00    0.00    0.00    0.00   96.00
15:13:40      15    0.00    0.00    0.00    0.00    0.00    1.03    0.00    0.00    0.00   98.97
15:13:40      16    1.00    0.00    1.00    0.00    0.00    0.00    0.00    0.00    0.00   98.00
15:13:40      17    1.01    0.00    0.00    0.00    0.00    0.00    0.00    0.00    0.00   98.99
15:13:40      18    1.01    0.00    0.00    0.00    0.00    0.00    0.00    0.00    0.00   98.99
15:13:40      19    1.00    0.00    0.00    0.00    0.00    0.00    0.00    0.00    0.00   99.00
15:13:40      20    2.02    0.00    0.00    0.00    0.00    0.00    0.00    0.00    0.00   97.98
15:13:40      21    1.01    0.00    0.00    0.00    0.00    0.00    0.00    0.00    0.00   98.99
15:13:40      22    2.02    0.00    0.00    0.00    0.00    0.00    0.00    0.00    0.00   97.98
15:13:40      23    3.03    0.00    0.00    0.00    0.00    0.00    0.00    0.00    0.00   96.97

15:13:40     CPU    %usr   %nice    %sys %iowait    %irq   %soft  %steal  %guest  %gnice   %idle
15:13:41     all    1.34    0.00    0.33    0.00    0.00    0.08    0.00    0.00    0.00   98.24
15:13:41       0    1.00    0.00    0.00    0.00    0.00    0.00    0.00    0.00    0.00   99.00
15:13:41       1    0.00    0.00    0.00    0.00    0.00    0.99    0.00    0.00    0.00   99.01
15:13:41       2    3.03    0.00    2.02    0.00    0.00    0.00    0.00    0.00    0.00   94.95
15:13:41       3    0.00    0.00    0.00    0.00    0.00    0.00    0.00    0.00    0.00  100.00
15:13:41       4    2.02    0.00    1.01    0.00    0.00    0.00    0.00    0.00    0.00   96.97
15:13:41       5    0.00    0.00    0.00    0.00    0.00    0.00    0.00    0.00    0.00  100.00
15:13:41       6    1.00    0.00    1.00    0.00    0.00    0.00    0.00    0.00    0.00   98.00
15:13:41       7    0.00    0.00    0.00    0.00    0.00    0.00    0.00    0.00    0.00  100.00
15:13:41       8    5.05    0.00    0.00    0.00    0.00    0.00    0.00    0.00    0.00   94.95
15:13:41       9    0.00    0.00    0.00    0.00    0.00    0.00    0.00    0.00    0.00  100.00
15:13:41      10    4.95    0.00    0.99    0.00    0.00    0.00    0.00    0.00    0.00   94.06
15:13:41      11    0.00    0.00    0.00    0.00    0.00    0.00    0.00    0.00    0.00  100.00
15:13:41      12    3.00    0.00    0.00    0.00    0.00    0.00    0.00    0.00    0.00   97.00
15:13:41      13    0.00    0.00    0.00    0.00    0.00    0.00    0.00    0.00    0.00  100.00
15:13:41      14    1.01    0.00    1.01    0.00    0.00    0.00    0.00    0.00    0.00   97.98
15:13:41      15    1.00    0.00    1.00    0.00    0.00    1.00    0.00    0.00    0.00   97.00
15:13:41      16    1.02    0.00    1.02    0.00    0.00    0.00    0.00    0.00    0.00   97.96
15:13:41      17    0.00    0.00    0.00    0.00    0.00    0.00    0.00    0.00    0.00  100.00
15:13:41      18    0.00    0.00    0.00    0.00    0.00    0.00    0.00    0.00    0.00  100.00
15:13:41      19    1.01    0.00    0.00    0.00    0.00    0.00    0.00    0.00    0.00   98.99
15:13:41      20    2.00    0.00    0.00    0.00    0.00    0.00    0.00    0.00    0.00   98.00
15:13:41      21    1.00    0.00    0.00    0.00    0.00    0.00    0.00    0.00    0.00   99.00
15:13:41      22    2.04    0.00    0.00    0.00    0.00    0.00    0.00    0.00    0.00   97.96
15:13:41      23    3.03    0.00    0.00    0.00    0.00    0.00    0.00    0.00    0.00   96.97

15:13:41     CPU    %usr   %nice    %sys %iowait    %irq   %soft  %steal  %guest  %gnice   %idle
15:13:42     all    2.05    0.00    0.33    0.00    0.00    0.04    0.00    0.00    0.00   97.58
15:13:42       0    0.00    0.00    0.00    0.00    0.00    0.00    0.00    0.00    0.00  100.00
15:13:42       1    0.00    0.00    0.00    0.00    0.00    0.00    0.00    0.00    0.00  100.00
15:13:42       2    7.00    0.00    0.00    0.00    0.00    0.00    0.00    0.00    0.00   93.00
15:13:42       3    0.00    0.00    0.00    0.00    0.00    0.00    0.00    0.00    0.00  100.00
15:13:42       4    3.03    0.00    0.00    0.00    0.00    0.00    0.00    0.00    0.00   96.97
15:13:42       5    0.00    0.00    0.00    0.00    0.00    0.00    0.00    0.00    0.00  100.00
15:13:42       6    3.00    0.00    1.00    0.00    0.00    0.00    0.00    0.00    0.00   96.00
15:13:42       7    0.00    0.00    0.00    0.00    0.00    0.00    0.00    0.00    0.00  100.00
15:13:42       8   13.13    0.00    1.01    0.00    0.00    0.00    0.00    0.00    0.00   85.86
15:13:42       9    0.00    0.00    0.00    0.00    0.00    0.00    0.00    0.00    0.00  100.00
15:13:42      10    4.08    0.00    1.02    0.00    0.00    0.00    0.00    0.00    0.00   94.90
15:13:42      11    0.00    0.00    0.00    0.00    0.00    0.00    0.00    0.00    0.00  100.00
15:13:42      12    2.02    0.00    1.01    0.00    0.00    0.00    0.00    0.00    0.00   96.97
15:13:42      13    0.00    0.00    0.00    0.00    0.00    0.00    0.00    0.00    0.00  100.00
15:13:42      14    0.00    0.00    0.00    0.00    0.00    0.00    0.00    0.00    0.00  100.00
15:13:42      15    0.00    0.00    0.00    0.00    0.00    1.02    0.00    0.00    0.00   98.98
15:13:42      16    2.00    0.00    0.00    0.00    0.00    0.00    0.00    0.00    0.00   98.00
15:13:42      17    1.98    0.00    0.99    0.00    0.00    0.00    0.00    0.00    0.00   97.03
15:13:42      18    1.98    0.00    0.00    0.00    0.00    0.00    0.00    0.00    0.00   98.02
15:13:42      19    1.00    0.00    0.00    0.00    0.00    0.00    0.00    0.00    0.00   99.00
15:13:42      20    3.00    0.00    1.00    0.00    0.00    0.00    0.00    0.00    0.00   96.00
15:13:42      21    1.98    0.00    0.99    0.00    0.00    0.00    0.00    0.00    0.00   97.03
15:13:42      22    2.00    0.00    1.00    0.00    0.00    0.00    0.00    0.00    0.00   97.00
15:13:42      23    3.00    0.00    0.00    0.00    0.00    0.00    0.00    0.00    0.00   97.00

15:13:42     CPU    %usr   %nice    %sys %iowait    %irq   %soft  %steal  %guest  %gnice   %idle
15:13:43     all    1.76    0.00    0.46    0.13    0.00    0.04    0.00    0.00    0.00   97.62
15:13:43       0    1.00    0.00    1.00    0.00    0.00    0.00    0.00    0.00    0.00   98.00
15:13:43       1    0.00    0.00    0.00    0.00    0.00    0.00    0.00    0.00    0.00  100.00
15:13:43       2    4.00    0.00    0.00    1.00    0.00    0.00    0.00    0.00    0.00   95.00
15:13:43       3    0.00    0.00    0.00    0.00    0.00    0.00    0.00    0.00    0.00  100.00
15:13:43       4    4.00    0.00    2.00    0.00    0.00    0.00    0.00    0.00    0.00   94.00
15:13:43       5    0.00    0.00    0.00    0.00    0.00    0.00    0.00    0.00    0.00  100.00
15:13:43       6    2.00    0.00    1.00    0.00    0.00    0.00    0.00    0.00    0.00   97.00
15:13:43       7    0.00    0.00    0.00    0.00    0.00    0.00    0.00    0.00    0.00  100.00
15:13:43       8    5.05    0.00    1.01    0.00    0.00    0.00    0.00    0.00    0.00   93.94
15:13:43       9    1.00    0.00    0.00    0.00    0.00    0.00    0.00    0.00    0.00   99.00
15:13:43      10    7.00    0.00    1.00    0.00    0.00    0.00    0.00    0.00    0.00   92.00
15:13:43      11    0.99    0.00    0.00    1.98    0.00    0.00    0.00    0.00    0.00   97.03
15:13:43      12    3.00    0.00    1.00    0.00    0.00    0.00    0.00    0.00    0.00   96.00
15:13:43      13    0.00    0.00    0.00    0.00    0.00    0.00    0.00    0.00    0.00  100.00
15:13:43      14    1.98    0.00    0.00    0.00    0.00    0.00    0.00    0.00    0.00   98.02
15:13:43      15    0.00    0.00    0.00    0.00    0.00    1.02    0.00    0.00    0.00   98.98
15:13:43      16    1.01    0.00    1.01    0.00    0.00    0.00    0.00    0.00    0.00   97.98
15:13:43      17    1.01    0.00    1.01    0.00    0.00    0.00    0.00    0.00    0.00   97.98
15:13:43      18    1.01    0.00    0.00    0.00    0.00    0.00    0.00    0.00    0.00   98.99
15:13:43      19    1.01    0.00    0.00    0.00    0.00    0.00    0.00    0.00    0.00   98.99
15:13:43      20    2.00    0.00    0.00    0.00    0.00    0.00    0.00    0.00    0.00   98.00
15:13:43      21    2.00    0.00    2.00    0.00    0.00    0.00    0.00    0.00    0.00   96.00
15:13:43      22    2.02    0.00    0.00    0.00    0.00    0.00    0.00    0.00    0.00   97.98
15:13:43      23    2.00    0.00    0.00    0.00    0.00    0.00    0.00    0.00    0.00   98.00

15:13:43     CPU    %usr   %nice    %sys %iowait    %irq   %soft  %steal  %guest  %gnice   %idle
15:13:44     all    1.46    0.00    0.38    0.04    0.00    0.04    0.00    0.00    0.00   98.08
15:13:44       0    2.02    0.00    0.00    0.00    0.00    0.00    0.00    0.00    0.00   97.98
15:13:44       1    0.00    0.00    0.00    0.00    0.00    0.00    0.00    0.00    0.00  100.00
15:13:44       2    1.01    0.00    0.00    0.00    0.00    0.00    0.00    0.00    0.00   98.99
15:13:44       3    0.00    0.00    0.00    0.00    0.00    0.00    0.00    0.00    0.00  100.00
15:13:44       4    2.02    0.00    0.00    0.00    0.00    0.00    0.00    0.00    0.00   97.98
15:13:44       5    0.00    0.00    0.00    0.99    0.00    0.00    0.00    0.00    0.00   99.01
15:13:44       6    4.04    0.00    1.01    0.00    0.00    0.00    0.00    0.00    0.00   94.95
15:13:44       7    0.00    0.00    0.00    0.00    0.00    0.00    0.00    0.00    0.00  100.00
15:13:44       8    4.00    0.00    1.00    0.00    0.00    0.00    0.00    0.00    0.00   95.00
15:13:44       9    0.00    0.00    0.00    0.00    0.00    0.00    0.00    0.00    0.00  100.00
15:13:44      10    4.00    0.00    2.00    0.00    0.00    0.00    0.00    0.00    0.00   94.00
15:13:44      11    0.00    0.00    0.00    0.00    0.00    0.00    0.00    0.00    0.00  100.00
15:13:44      12    5.05    0.00    1.01    0.00    0.00    0.00    0.00    0.00    0.00   93.94
15:13:44      13    0.00    0.00    0.00    0.00    0.00    0.00    0.00    0.00    0.00  100.00
15:13:44      14    2.00    0.00    0.00    0.00    0.00    0.00    0.00    0.00    0.00   98.00
15:13:44      15    1.00    0.00    1.00    0.00    0.00    1.00    0.00    0.00    0.00   97.00
15:13:44      16    2.00    0.00    1.00    0.00    0.00    0.00    0.00    0.00    0.00   97.00
15:13:44      17    2.00    0.00    1.00    0.00    0.00    0.00    0.00    0.00    0.00   97.00
15:13:44      18    0.00    0.00    0.00    0.00    0.00    0.00    0.00    0.00    0.00  100.00
15:13:44      19    0.00    0.00    0.00    0.00    0.00    0.00    0.00    0.00    0.00  100.00
15:13:44      20    1.98    0.00    0.99    0.00    0.00    0.00    0.00    0.00    0.00   97.03
15:13:44      21    1.01    0.00    0.00    0.00    0.00    0.00    0.00    0.00    0.00   98.99
15:13:44      22    0.00    0.00    0.00    0.00    0.00    0.00    0.00    0.00    0.00  100.00
15:13:44      23    3.00    0.00    0.00    0.00    0.00    0.00    0.00    0.00    0.00   97.00

15:13:44     CPU    %usr   %nice    %sys %iowait    %irq   %soft  %steal  %guest  %gnice   %idle
15:13:45     all    1.42    0.00    0.33    0.00    0.00    0.00    0.00    0.00    0.00   98.24
15:13:45       0    2.00    0.00    0.00    0.00    0.00    0.00    0.00    0.00    0.00   98.00
15:13:45       1    0.00    0.00    0.00    0.00    0.00    0.00    0.00    0.00    0.00  100.00
15:13:45       2    2.02    0.00    0.00    0.00    0.00    0.00    0.00    0.00    0.00   97.98
15:13:45       3    0.00    0.00    0.00    0.00    0.00    0.00    0.00    0.00    0.00  100.00
15:13:45       4    3.00    0.00    1.00    0.00    0.00    0.00    0.00    0.00    0.00   96.00
15:13:45       5    0.00    0.00    0.00    0.00    0.00    0.00    0.00    0.00    0.00  100.00
15:13:45       6    2.00    0.00    1.00    0.00    0.00    0.00    0.00    0.00    0.00   97.00
15:13:45       7    0.00    0.00    0.00    0.00    0.00    0.00    0.00    0.00    0.00  100.00
15:13:45       8   10.00    0.00    1.00    0.00    0.00    0.00    0.00    0.00    0.00   89.00
15:13:45       9    0.00    0.00    0.00    0.00    0.00    0.00    0.00    0.00    0.00  100.00
15:13:45      10    6.00    0.00    2.00    0.00    0.00    0.00    0.00    0.00    0.00   92.00
15:13:45      11    0.00    0.00    0.00    0.00    0.00    0.00    0.00    0.00    0.00  100.00
15:13:45      12    3.00    0.00    0.00    0.00    0.00    0.00    0.00    0.00    0.00   97.00
15:13:45      13    0.00    0.00    0.00    0.00    0.00    0.00    0.00    0.00    0.00  100.00
15:13:45      14    0.00    0.00    0.00    0.00    0.00    0.00    0.00    0.00    0.00  100.00
15:13:45      15    0.00    0.00    0.00    0.00    0.00    0.00    0.00    0.00    0.00  100.00
15:13:45      16    1.01    0.00    0.00    0.00    0.00    0.00    0.00    0.00    0.00   98.99
15:13:45      17    1.00    0.00    1.00    0.00    0.00    0.00    0.00    0.00    0.00   98.00
15:13:45      18    1.00    0.00    0.00    0.00    0.00    0.00    0.00    0.00    0.00   99.00
15:13:45      19    0.00    0.00    0.00    0.00    0.00    0.00    0.00    0.00    0.00  100.00
15:13:45      20    1.00    0.00    0.00    0.00    0.00    0.00    0.00    0.00    0.00   99.00
15:13:45      21    1.00    0.00    1.00    0.00    0.00    0.00    0.00    0.00    0.00   98.00
15:13:45      22    1.01    0.00    1.01    0.00    0.00    0.00    0.00    0.00    0.00   97.98
15:13:45      23    0.00    0.00    0.00    0.00    0.00    0.00    0.00    0.00    0.00  100.00

15:13:45     CPU    %usr   %nice    %sys %iowait    %irq   %soft  %steal  %guest  %gnice   %idle
15:13:46     all    1.34    0.00    0.42    0.00    0.00    0.00    0.00    0.00    0.00   98.25
15:13:46       0    0.99    0.00    0.00    0.00    0.00    0.00    0.00    0.00    0.00   99.01
15:13:46       1    0.00    0.00    0.00    0.00    0.00    0.00    0.00    0.00    0.00  100.00
15:13:46       2    2.02    0.00    0.00    0.00    0.00    0.00    0.00    0.00    0.00   97.98
15:13:46       3    0.00    0.00    0.00    0.00    0.00    0.00    0.00    0.00    0.00  100.00
15:13:46       4    1.00    0.00    1.00    0.00    0.00    0.00    0.00    0.00    0.00   98.00
15:13:46       5    0.00    0.00    0.00    0.00    0.00    0.00    0.00    0.00    0.00  100.00
15:13:46       6    2.02    0.00    1.01    0.00    0.00    0.00    0.00    0.00    0.00   96.97
15:13:46       7    0.00    0.00    0.00    0.00    0.00    0.00    0.00    0.00    0.00  100.00
15:13:46       8    7.07    0.00    2.02    0.00    0.00    0.00    0.00    0.00    0.00   90.91
15:13:46       9    0.00    0.00    0.00    0.00    0.00    0.00    0.00    0.00    0.00  100.00
15:13:46      10    5.00    0.00    1.00    0.00    0.00    0.00    0.00    0.00    0.00   94.00
15:13:46      11    0.00    0.00    0.00    0.00    0.00    0.00    0.00    0.00    0.00  100.00
15:13:46      12    5.00    0.00    1.00    0.00    0.00    0.00    0.00    0.00    0.00   94.00
15:13:46      13    0.00    0.00    0.00    0.00    0.00    0.00    0.00    0.00    0.00  100.00
15:13:46      14    2.00    0.00    0.00    0.00    0.00    0.00    0.00    0.00    0.00   98.00
15:13:46      15    0.00    0.00    0.00    0.00    0.00    0.00    0.00    0.00    0.00  100.00
15:13:46      16    0.00    0.00    0.00    0.00    0.00    0.00    0.00    0.00    0.00  100.00
15:13:46      17    1.01    0.00    0.00    0.00    0.00    0.00    0.00    0.00    0.00   98.99
15:13:46      18    0.99    0.00    0.99    0.00    0.00    0.00    0.00    0.00    0.00   98.02
15:13:46      19    0.99    0.00    0.99    0.00    0.00    0.00    0.00    0.00    0.00   98.02
15:13:46      20    2.00    0.00    1.00    0.00    0.00    0.00    0.00    0.00    0.00   97.00
15:13:46      21    0.00    0.00    0.00    0.00    0.00    0.00    0.00    0.00    0.00  100.00
15:13:46      22    1.01    0.00    0.00    0.00    0.00    0.00    0.00    0.00    0.00   98.99
15:13:46      23    0.99    0.00    0.99    0.00    0.00    0.00    0.00    0.00    0.00   98.02

15:13:46     CPU    %usr   %nice    %sys %iowait    %irq   %soft  %steal  %guest  %gnice   %idle
15:13:47     all    1.47    0.00    0.21    0.00    0.00    0.04    0.00    0.00    0.00   98.28
15:13:47       0    0.00    0.00    0.00    0.00    0.00    0.00    0.00    0.00    0.00  100.00
15:13:47       1    0.00    0.00    0.00    0.00    0.00    0.00    0.00    0.00    0.00  100.00
15:13:47       2    1.00    0.00    0.00    0.00    0.00    0.00    0.00    0.00    0.00   99.00
15:13:47       3    0.00    0.00    0.00    0.00    0.00    0.00    0.00    0.00    0.00  100.00
15:13:47       4    3.03    0.00    0.00    0.00    0.00    0.00    0.00    0.00    0.00   96.97
15:13:47       5    0.00    0.00    0.00    0.00    0.00    0.00    0.00    0.00    0.00  100.00
15:13:47       6    2.04    0.00    0.00    0.00    0.00    0.00    0.00    0.00    0.00   97.96
15:13:47       7    0.00    0.00    0.00    0.00    0.00    0.00    0.00    0.00    0.00  100.00
15:13:47       8    7.00    0.00    0.00    0.00    0.00    0.00    0.00    0.00    0.00   93.00
15:13:47       9    0.00    0.00    0.00    0.00    0.00    0.00    0.00    0.00    0.00  100.00
15:13:47      10    5.05    0.00    1.01    0.00    0.00    0.00    0.00    0.00    0.00   93.94
15:13:47      11    0.00    0.00    0.00    0.00    0.00    0.00    0.00    0.00    0.00  100.00
15:13:47      12    6.00    0.00    0.00    0.00    0.00    0.00    0.00    0.00    0.00   94.00
15:13:47      13    0.00    0.00    0.00    0.00    0.00    0.00    0.00    0.00    0.00  100.00
15:13:47      14    2.02    0.00    1.01    0.00    0.00    0.00    0.00    0.00    0.00   96.97
15:13:47      15    0.00    0.00    0.00    0.00    0.00    1.03    0.00    0.00    0.00   98.97
15:13:47      16    1.00    0.00    1.00    0.00    0.00    0.00    0.00    0.00    0.00   98.00
15:13:47      17    1.02    0.00    1.02    0.00    0.00    0.00    0.00    0.00    0.00   97.96
15:13:47      18    1.01    0.00    0.00    0.00    0.00    0.00    0.00    0.00    0.00   98.99
15:13:47      19    0.00    0.00    0.00    0.00    0.00    0.00    0.00    0.00    0.00  100.00
15:13:47      20    1.98    0.00    0.99    0.00    0.00    0.00    0.00    0.00    0.00   97.03
15:13:47      21    2.00    0.00    0.00    0.00    0.00    0.00    0.00    0.00    0.00   98.00
15:13:47      22    0.00    0.00    0.00    0.00    0.00    0.00    0.00    0.00    0.00  100.00
15:13:47      23    2.00    0.00    0.00    0.00    0.00    0.00    0.00    0.00    0.00   98.00

15:13:47     CPU    %usr   %nice    %sys %iowait    %irq   %soft  %steal  %guest  %gnice   %idle
15:13:48     all    1.46    0.00    0.54    0.00    0.00    0.04    0.00    0.00    0.00   97.95
15:13:48       0    1.01    0.00    0.00    0.00    0.00    0.00    0.00    0.00    0.00   98.99
15:13:48       1    0.00    0.00    0.00    0.00    0.00    0.00    0.00    0.00    0.00  100.00
15:13:48       2    1.98    0.00    0.99    0.00    0.00    0.00    0.00    0.00    0.00   97.03
15:13:48       3    0.00    0.00    0.99    0.00    0.00    0.00    0.00    0.00    0.00   99.01
15:13:48       4    1.00    0.00    2.00    0.00    0.00    0.00    0.00    0.00    0.00   97.00
15:13:48       5    0.00    0.00    0.00    0.00    0.00    0.00    0.00    0.00    0.00  100.00
15:13:48       6    4.90    0.00    0.98    0.00    0.00    0.00    0.00    0.00    0.00   94.12
15:13:48       7    0.00    0.00    0.00    0.00    0.00    0.00    0.00    0.00    0.00  100.00
15:13:48       8    4.04    0.00    2.02    0.00    0.00    0.00    0.00    0.00    0.00   93.94
15:13:48       9    0.00    0.00    0.00    0.00    0.00    0.00    0.00    0.00    0.00  100.00
15:13:48      10    5.05    0.00    1.01    0.00    0.00    0.00    0.00    0.00    0.00   93.94
15:13:48      11    0.00    0.00    0.00    0.00    0.00    0.00    0.00    0.00    0.00  100.00
15:13:48      12    7.00    0.00    1.00    0.00    0.00    0.00    0.00    0.00    0.00   92.00
15:13:48      13    0.00    0.00    0.00    0.00    0.00    0.00    0.00    0.00    0.00  100.00
15:13:48      14    2.00    0.00    0.00    0.00    0.00    0.00    0.00    0.00    0.00   98.00
15:13:48      15    1.00    0.00    0.00    0.00    0.00    1.00    0.00    0.00    0.00   98.00
15:13:48      16    2.00    0.00    1.00    0.00    0.00    0.00    0.00    0.00    0.00   97.00
15:13:48      17    1.00    0.00    1.00    0.00    0.00    0.00    0.00    0.00    0.00   98.00
15:13:48      18    1.01    0.00    0.00    0.00    0.00    0.00    0.00    0.00    0.00   98.99
15:13:48      19    0.00    0.00    0.00    0.00    0.00    0.00    0.00    0.00    0.00  100.00
15:13:48      20    1.00    0.00    0.00    0.00    0.00    0.00    0.00    0.00    0.00   99.00
15:13:48      21    0.00    0.00    0.00    0.00    0.00    0.00    0.00    0.00    0.00  100.00
15:13:48      22    1.02    0.00    0.00    0.00    0.00    0.00    0.00    0.00    0.00   98.98
15:13:48      23    0.99    0.00    1.98    0.00    0.00    0.00    0.00    0.00    0.00   97.03

15:13:48     CPU    %usr   %nice    %sys %iowait    %irq   %soft  %steal  %guest  %gnice   %idle
15:13:49     all    1.51    0.00    0.33    0.00    0.00    0.00    0.00    0.00    0.00   98.16
15:13:49       0    1.00    0.00    1.00    0.00    0.00    0.00    0.00    0.00    0.00   98.00
15:13:49       1    0.00    0.00    0.00    0.00    0.00    0.00    0.00    0.00    0.00  100.00
15:13:49       2    3.03    0.00    0.00    0.00    0.00    0.00    0.00    0.00    0.00   96.97
15:13:49       3    0.00    0.00    0.00    0.00    0.00    0.00    0.00    0.00    0.00  100.00
15:13:49       4    2.97    0.00    1.98    0.00    0.00    0.00    0.00    0.00    0.00   95.05
15:13:49       5    0.00    0.00    0.00    0.00    0.00    0.00    0.00    0.00    0.00  100.00
15:13:49       6    2.02    0.00    0.00    0.00    0.00    0.00    0.00    0.00    0.00   97.98
15:13:49       7    0.00    0.00    0.00    0.00    0.00    0.00    0.00    0.00    0.00  100.00
15:13:49       8    7.00    0.00    2.00    0.00    0.00    0.00    0.00    0.00    0.00   91.00
15:13:49       9    0.00    0.00    0.00    0.00    0.00    0.00    0.00    0.00    0.00  100.00
15:13:49      10    8.08    0.00    0.00    0.00    0.00    0.00    0.00    0.00    0.00   91.92
15:13:49      11    0.00    0.00    0.00    0.00    0.00    0.00    0.00    0.00    0.00  100.00
15:13:49      12    1.00    0.00    0.00    0.00    0.00    0.00    0.00    0.00    0.00   99.00
15:13:49      13    0.00    0.00    0.00    0.00    0.00    0.00    0.00    0.00    0.00  100.00
15:13:49      14    1.00    0.00    0.00    0.00    0.00    0.00    0.00    0.00    0.00   99.00
15:13:49      15    0.00    0.00    0.00    0.00    0.00    0.00    0.00    0.00    0.00  100.00
15:13:49      16    1.02    0.00    0.00    0.00    0.00    0.00    0.00    0.00    0.00   98.98
15:13:49      17    1.02    0.00    0.00    0.00    0.00    0.00    0.00    0.00    0.00   98.98
15:13:49      18    0.99    0.00    0.99    0.00    0.00    0.00    0.00    0.00    0.00   98.02
15:13:49      19    2.00    0.00    0.00    0.00    0.00    0.00    0.00    0.00    0.00   98.00
15:13:49      20    1.00    0.00    0.00    0.00    0.00    0.00    0.00    0.00    0.00   99.00
15:13:49      21    1.00    0.00    1.00    0.00    0.00    0.00    0.00    0.00    0.00   98.00
15:13:49      22    1.01    0.00    1.01    0.00    0.00    0.00    0.00    0.00    0.00   97.98
15:13:49      23    2.00    0.00    0.00    0.00    0.00    0.00    0.00    0.00    0.00   98.00

15:13:49     CPU    %usr   %nice    %sys %iowait    %irq   %soft  %steal  %guest  %gnice   %idle
15:13:50     all    1.30    0.00    0.46    0.00    0.00    0.04    0.00    0.00    0.00   98.20
15:13:50       0    0.00    0.00    1.01    0.00    0.00    0.00    0.00    0.00    0.00   98.99
15:13:50       1    0.00    0.00    0.00    0.00    0.00    0.00    0.00    0.00    0.00  100.00
15:13:50       2    2.00    0.00    1.00    0.00    0.00    0.00    0.00    0.00    0.00   97.00
15:13:50       3    0.00    0.00    0.00    0.00    0.00    0.00    0.00    0.00    0.00  100.00
15:13:50       4    3.03    0.00    1.01    0.00    0.00    0.00    0.00    0.00    0.00   95.96
15:13:50       5    0.00    0.00    0.00    0.00    0.00    0.00    0.00    0.00    0.00  100.00
15:13:50       6    1.00    0.00    1.00    0.00    0.00    0.00    0.00    0.00    0.00   98.00
15:13:50       7    0.00    0.00    0.00    0.00    0.00    0.00    0.00    0.00    0.00  100.00
15:13:50       8    7.07    0.00    0.00    0.00    0.00    0.00    0.00    0.00    0.00   92.93
15:13:50       9    0.00    0.00    0.00    0.00    0.00    0.00    0.00    0.00    0.00  100.00
15:13:50      10    6.06    0.00    1.01    0.00    0.00    0.00    0.00    0.00    0.00   92.93
15:13:50      11    0.00    0.00    0.00    0.00    0.00    0.00    0.00    0.00    0.00  100.00
15:13:50      12    2.02    0.00    1.01    0.00    0.00    0.00    0.00    0.00    0.00   96.97
15:13:50      13    0.00    0.00    0.00    0.00    0.00    0.00    0.00    0.00    0.00  100.00
15:13:50      14    1.00    0.00    0.00    0.00    0.00    0.00    0.00    0.00    0.00   99.00
15:13:50      15    0.00    0.00    0.00    0.00    0.00    1.02    0.00    0.00    0.00   98.98
15:13:50      16    0.00    0.00    1.01    0.00    0.00    0.00    0.00    0.00    0.00   98.99
15:13:50      17    0.00    0.00    1.00    0.00    0.00    0.00    0.00    0.00    0.00   99.00
15:13:50      18    0.00    0.00    0.00    0.00    0.00    0.00    0.00    0.00    0.00  100.00
15:13:50      19    0.00    0.00    0.00    0.00    0.00    0.00    0.00    0.00    0.00  100.00
15:13:50      20    2.97    0.00    0.00    0.00    0.00    0.00    0.00    0.00    0.00   97.03
15:13:50      21    1.98    0.00    0.99    0.00    0.00    0.00    0.00    0.00    0.00   97.03
15:13:50      22    2.02    0.00    1.01    0.00    0.00    0.00    0.00    0.00    0.00   96.97
15:13:50      23    2.00    0.00    1.00    0.00    0.00    0.00    0.00    0.00    0.00   97.00

15:13:50     CPU    %usr   %nice    %sys %iowait    %irq   %soft  %steal  %guest  %gnice   %idle
15:13:51     all    1.67    0.00    0.25    0.00    0.00    0.00    0.00    0.00    0.00   98.08
15:13:51       0    1.00    0.00    0.00    0.00    0.00    0.00    0.00    0.00    0.00   99.00
15:13:51       1    0.00    0.00    0.00    0.00    0.00    0.00    0.00    0.00    0.00  100.00
15:13:51       2    4.00    0.00    0.00    0.00    0.00    0.00    0.00    0.00    0.00   96.00
15:13:51       3    0.00    0.00    0.00    0.00    0.00    0.00    0.00    0.00    0.00  100.00
15:13:51       4    5.00    0.00    1.00    0.00    0.00    0.00    0.00    0.00    0.00   94.00
15:13:51       5    0.00    0.00    0.00    0.00    0.00    0.00    0.00    0.00    0.00  100.00
15:13:51       6    1.01    0.00    0.00    0.00    0.00    0.00    0.00    0.00    0.00   98.99
15:13:51       7    0.00    0.00    0.00    0.00    0.00    0.00    0.00    0.00    0.00  100.00
15:13:51       8    7.14    0.00    2.04    0.00    0.00    0.00    0.00    0.00    0.00   90.82
15:13:51       9    0.00    0.00    0.00    0.00    0.00    0.00    0.00    0.00    0.00  100.00
15:13:51      10   11.00    0.00    1.00    0.00    0.00    0.00    0.00    0.00    0.00   88.00
15:13:51      11    0.00    0.00    0.00    0.00    0.00    0.00    0.00    0.00    0.00  100.00
15:13:51      12    1.00    0.00    1.00    0.00    0.00    0.00    0.00    0.00    0.00   98.00
15:13:51      13    0.00    0.00    0.00    0.00    0.00    0.00    0.00    0.00    0.00  100.00
15:13:51      14    0.00    0.00    0.00    0.00    0.00    0.00    0.00    0.00    0.00  100.00
15:13:51      15    0.00    0.00    1.02    0.00    0.00    0.00    0.00    0.00    0.00   98.98
15:13:51      16    1.01    0.00    0.00    0.00    0.00    0.00    0.00    0.00    0.00   98.99
15:13:51      17    1.01    0.00    0.00    0.00    0.00    0.00    0.00    0.00    0.00   98.99
15:13:51      18    1.00    0.00    0.00    0.00    0.00    0.00    0.00    0.00    0.00   99.00
15:13:51      19    0.00    0.00    0.00    0.00    0.00    0.00    0.00    0.00    0.00  100.00
15:13:51      20    2.00    0.00    0.00    0.00    0.00    0.00    0.00    0.00    0.00   98.00
15:13:51      21    1.00    0.00    0.00    0.00    0.00    0.00    0.00    0.00    0.00   99.00
15:13:51      22    2.02    0.00    0.00    0.00    0.00    0.00    0.00    0.00    0.00   97.98
15:13:51      23    1.98    0.00    0.00    0.00    0.00    0.00    0.00    0.00    0.00   98.02

15:13:51     CPU    %usr   %nice    %sys %iowait    %irq   %soft  %steal  %guest  %gnice   %idle
15:13:52     all    3.01    0.00    0.67    0.00    0.00    0.04    0.00    0.00    0.00   96.28
15:13:52       0    0.00    0.00    0.00    0.00    0.00    0.00    0.00    0.00    0.00  100.00
15:13:52       1    0.00    0.00    0.00    0.00    0.00    0.00    0.00    0.00    0.00  100.00
15:13:52       2    3.00    0.00    1.00    0.00    0.00    0.00    0.00    0.00    0.00   96.00
15:13:52       3    0.00    0.00    0.00    0.00    0.00    0.00    0.00    0.00    0.00  100.00
15:13:52       4    3.03    0.00    1.01    0.00    0.00    0.00    0.00    0.00    0.00   95.96
15:13:52       5    0.00    0.00    0.00    0.00    0.00    0.00    0.00    0.00    0.00  100.00
15:13:52       6    3.96    0.00    1.98    0.00    0.00    0.00    0.00    0.00    0.00   94.06
15:13:52       7    0.00    0.00    0.00    0.00    0.00    0.00    0.00    0.00    0.00  100.00
15:13:52       8   20.00    0.00    2.00    0.00    0.00    0.00    0.00    0.00    0.00   78.00
15:13:52       9    0.00    0.00    0.00    0.00    0.00    0.00    0.00    0.00    0.00  100.00
15:13:52      10   14.00    0.00    2.00    0.00    0.00    0.00    0.00    0.00    0.00   84.00
15:13:52      11    0.00    0.00    0.00    0.00    0.00    0.00    0.00    0.00    0.00  100.00
15:13:52      12    6.00    0.00    1.00    0.00    0.00    0.00    0.00    0.00    0.00   93.00
15:13:52      13    0.00    0.00    0.00    0.00    0.00    0.00    0.00    0.00    0.00  100.00
15:13:52      14    4.00    0.00    1.00    0.00    0.00    0.00    0.00    0.00    0.00   95.00
15:13:52      15    1.01    0.00    0.00    0.00    0.00    1.01    0.00    0.00    0.00   97.98
15:13:52      16    4.04    0.00    1.01    0.00    0.00    0.00    0.00    0.00    0.00   94.95
15:13:52      17    3.00    0.00    1.00    0.00    0.00    0.00    0.00    0.00    0.00   96.00
15:13:52      18    2.00    0.00    2.00    0.00    0.00    0.00    0.00    0.00    0.00   96.00
15:13:52      19    1.00    0.00    1.00    0.00    0.00    0.00    0.00    0.00    0.00   98.00
15:13:52      20    0.99    0.00    0.99    0.00    0.00    0.00    0.00    0.00    0.00   98.02
15:13:52      21    2.00    0.00    0.00    0.00    0.00    0.00    0.00    0.00    0.00   98.00
15:13:52      22    2.04    0.00    0.00    0.00    0.00    0.00    0.00    0.00    0.00   97.96
15:13:52      23    2.02    0.00    0.00    0.00    0.00    0.00    0.00    0.00    0.00   97.98

15:13:52     CPU    %usr   %nice    %sys %iowait    %irq   %soft  %steal  %guest  %gnice   %idle
15:13:53     all    7.01    0.00    1.17    0.13    0.00    0.04    0.00    0.00    0.00   91.65
15:13:53       0    4.04    0.00    1.01    0.00    0.00    0.00    0.00    0.00    0.00   94.95
15:13:53       1    0.00    0.00    0.00    0.00    0.00    0.00    0.00    0.00    0.00  100.00
15:13:53       2    6.06    0.00    1.01    0.00    0.00    0.00    0.00    0.00    0.00   92.93
15:13:53       3    4.04    0.00    2.02    0.00    0.00    0.00    0.00    0.00    0.00   93.94
15:13:53       4   10.00    0.00    1.00    0.00    0.00    0.00    0.00    0.00    0.00   89.00
15:13:53       5    2.00    0.00    0.00    0.00    0.00    0.00    0.00    0.00    0.00   98.00
15:13:53       6    9.18    0.00    0.00    0.00    0.00    0.00    0.00    0.00    0.00   90.82
15:13:53       7    1.00    0.00    0.00    0.00    0.00    0.00    0.00    0.00    0.00   99.00
15:13:53       8   25.51    0.00    4.08    0.00    0.00    0.00    0.00    0.00    0.00   70.41
15:13:53       9    0.99    0.00    0.00    0.00    0.00    0.00    0.00    0.00    0.00   99.01
15:13:53      10   36.36    0.00    4.04    0.00    0.00    0.00    0.00    0.00    0.00   59.60
15:13:53      11    0.00    0.00    0.00    1.00    0.00    0.00    0.00    0.00    0.00   99.00
15:13:53      12   18.00    0.00    1.00    0.00    0.00    0.00    0.00    0.00    0.00   81.00
15:13:53      13    0.00    0.00    0.00    0.00    0.00    0.00    0.00    0.00    0.00  100.00
15:13:53      14   11.00    0.00    1.00    1.00    0.00    0.00    0.00    0.00    0.00   87.00
15:13:53      15    5.10    0.00    3.06    0.00    0.00    1.02    0.00    0.00    0.00   90.82
15:13:53      16    7.14    0.00    1.02    0.00    0.00    0.00    0.00    0.00    0.00   91.84
15:13:53      17    4.04    0.00    1.01    0.00    0.00    0.00    0.00    0.00    0.00   94.95
15:13:53      18    3.96    0.00    0.99    0.99    0.00    0.00    0.00    0.00    0.00   94.06
15:13:53      19    3.03    0.00    1.01    0.00    0.00    0.00    0.00    0.00    0.00   95.96
15:13:53      20    4.08    0.00    1.02    0.00    0.00    0.00    0.00    0.00    0.00   94.90
15:13:53      21    4.00    0.00    1.00    0.00    0.00    0.00    0.00    0.00    0.00   95.00
15:13:53      22    3.03    0.00    2.02    0.00    0.00    0.00    0.00    0.00    0.00   94.95
15:13:53      23    5.94    0.00    1.98    0.00    0.00    0.00    0.00    0.00    0.00   92.08

15:13:53     CPU    %usr   %nice    %sys %iowait    %irq   %soft  %steal  %guest  %gnice   %idle
15:13:54     all    6.23    0.00    0.71    0.00    0.00    0.08    0.00    0.00    0.00   92.97
15:13:54       0    3.00    0.00    1.00    0.00    0.00    0.00    0.00    0.00    0.00   96.00
15:13:54       1    0.99    0.00    0.00    0.00    0.00    0.00    0.00    0.00    0.00   99.01
15:13:54       2    3.00    0.00    0.00    0.00    0.00    0.00    0.00    0.00    0.00   97.00
15:13:54       3    0.00    0.00    0.00    0.00    0.00    0.00    0.00    0.00    0.00  100.00
15:13:54       4    4.04    0.00    0.00    0.00    0.00    0.00    0.00    0.00    0.00   95.96
15:13:54       5    1.02    0.00    0.00    0.00    0.00    0.00    0.00    0.00    0.00   98.98
15:13:54       6    7.00    0.00    1.00    0.00    0.00    0.00    0.00    0.00    0.00   92.00
15:13:54       7    2.00    0.00    0.00    0.00    0.00    0.00    0.00    0.00    0.00   98.00
15:13:54       8   31.00    0.00    3.00    0.00    0.00    0.00    0.00    0.00    0.00   66.00
15:13:54       9    6.06    0.00    0.00    0.00    0.00    0.00    0.00    0.00    0.00   93.94
15:13:54      10   33.33    0.00    2.02    0.00    0.00    0.00    0.00    0.00    0.00   64.65
15:13:54      11    0.00    0.00    0.00    0.00    0.00    0.00    0.00    0.00    0.00  100.00
15:13:54      12   20.00    0.00    2.00    0.00    0.00    0.00    0.00    0.00    0.00   78.00
15:13:54      13    0.99    0.00    0.00    0.00    0.00    0.00    0.00    0.00    0.00   99.01
15:13:54      14   14.14    0.00    2.02    0.00    0.00    0.00    0.00    0.00    0.00   83.84
15:13:54      15    0.00    0.00    0.00    0.00    0.00    2.02    0.00    0.00    0.00   97.98
15:13:54      16    6.00    0.00    1.00    0.00    0.00    0.00    0.00    0.00    0.00   93.00
15:13:54      17    3.06    0.00    1.02    0.00    0.00    0.00    0.00    0.00    0.00   95.92
15:13:54      18    2.02    0.00    1.01    0.00    0.00    0.00    0.00    0.00    0.00   96.97
15:13:54      19    1.00    0.00    1.00    0.00    0.00    0.00    0.00    0.00    0.00   98.00
15:13:54      20    1.98    0.00    0.99    0.00    0.00    0.00    0.00    0.00    0.00   97.03
15:13:54      21    0.99    0.00    0.99    0.00    0.00    0.00    0.00    0.00    0.00   98.02
15:13:54      22    5.05    0.00    0.00    0.00    0.00    0.00    0.00    0.00    0.00   94.95
15:13:54      23    3.03    0.00    0.00    0.00    0.00    0.00    0.00    0.00    0.00   96.97

15:13:54     CPU    %usr   %nice    %sys %iowait    %irq   %soft  %steal  %guest  %gnice   %idle
15:13:55     all    5.72    0.00    0.79    0.04    0.00    0.13    0.00    0.00    0.00   93.32
15:13:55       0    3.03    0.00    2.02    0.00    0.00    1.01    0.00    0.00    0.00   93.94
15:13:55       1    0.00    0.00    0.00    0.00    0.00    0.00    0.00    0.00    0.00  100.00
15:13:55       2    5.00    0.00    1.00    0.00    0.00    0.00    0.00    0.00    0.00   94.00
15:13:55       3    0.00    0.00    0.00    0.00    0.00    0.00    0.00    0.00    0.00  100.00
15:13:55       4    2.00    0.00    1.00    0.00    0.00    0.00    0.00    0.00    0.00   97.00
15:13:55       5    1.96    0.00    0.98    0.00    0.00    0.00    0.00    0.00    0.00   97.06
15:13:55       6    1.98    0.00    0.99    0.00    0.00    0.00    0.00    0.00    0.00   97.03
15:13:55       7    1.00    0.00    0.00    0.00    0.00    0.00    0.00    0.00    0.00   99.00
15:13:55       8   19.19    0.00    1.01    0.00    0.00    0.00    0.00    0.00    0.00   79.80
15:13:55       9    6.93    0.00    0.00    0.00    0.00    0.00    0.00    0.00    0.00   93.07
15:13:55      10   24.24    0.00    3.03    0.00    0.00    0.00    0.00    0.00    0.00   72.73
15:13:55      11    0.98    0.00    0.00    0.98    0.00    0.00    0.00    0.00    0.00   98.04
15:13:55      12    7.00    0.00    2.00    0.00    0.00    0.00    0.00    0.00    0.00   91.00
15:13:55      13    0.00    0.00    0.00    0.00    0.00    0.00    0.00    0.00    0.00  100.00
15:13:55      14   26.00    0.00    2.00    0.00    0.00    0.00    0.00    0.00    0.00   72.00
15:13:55      15    0.00    0.00    1.01    0.00    0.00    2.02    0.00    0.00    0.00   96.97
15:13:55      16    6.06    0.00    0.00    0.00    0.00    0.00    0.00    0.00    0.00   93.94
15:13:55      17    2.02    0.00    1.01    0.00    0.00    0.00    0.00    0.00    0.00   96.97
15:13:55      18    3.03    0.00    0.00    0.00    0.00    0.00    0.00    0.00    0.00   96.97
15:13:55      19    1.01    0.00    1.01    0.00    0.00    0.00    0.00    0.00    0.00   97.98
15:13:55      20    8.00    0.00    0.00    0.00    0.00    0.00    0.00    0.00    0.00   92.00
15:13:55      21    5.05    0.00    0.00    0.00    0.00    0.00    0.00    0.00    0.00   94.95
15:13:55      22    6.06    0.00    1.01    0.00    0.00    0.00    0.00    0.00    0.00   92.93
15:13:55      23    7.07    0.00    1.01    0.00    0.00    0.00    0.00    0.00    0.00   91.92

15:13:55     CPU    %usr   %nice    %sys %iowait    %irq   %soft  %steal  %guest  %gnice   %idle
15:13:56     all    1.42    0.00    0.46    0.04    0.00    0.04    0.00    0.00    0.00   98.04
15:13:56       0    1.00    0.00    1.00    1.00    0.00    0.00    0.00    0.00    0.00   97.00
15:13:56       1    0.00    0.00    0.00    0.00    0.00    0.00    0.00    0.00    0.00  100.00
15:13:56       2    2.00    0.00    1.00    0.00    0.00    0.00    0.00    0.00    0.00   97.00
15:13:56       3    0.00    0.00    0.00    0.00    0.00    0.00    0.00    0.00    0.00  100.00
15:13:56       4    1.00    0.00    0.00    0.00    0.00    0.00    0.00    0.00    0.00   99.00
15:13:56       5    0.00    0.00    0.00    0.00    0.00    0.00    0.00    0.00    0.00  100.00
15:13:56       6    1.02    0.00    0.00    0.00    0.00    0.00    0.00    0.00    0.00   98.98
15:13:56       7    0.00    0.00    0.00    0.00    0.00    0.00    0.00    0.00    0.00  100.00
15:13:56       8    6.06    0.00    1.01    0.00    0.00    0.00    0.00    0.00    0.00   92.93
15:13:56       9    0.00    0.00    0.00    0.00    0.00    0.00    0.00    0.00    0.00  100.00
15:13:56      10    5.05    0.00    1.01    0.00    0.00    0.00    0.00    0.00    0.00   93.94
15:13:56      11    0.00    0.00    0.00    0.00    0.00    0.00    0.00    0.00    0.00  100.00
15:13:56      12    4.04    0.00    0.00    0.00    0.00    0.00    0.00    0.00    0.00   95.96
15:13:56      13    0.00    0.00    0.00    0.00    0.00    0.00    0.00    0.00    0.00  100.00
15:13:56      14    3.96    0.00    1.98    0.00    0.00    0.00    0.00    0.00    0.00   94.06
15:13:56      15    3.03    0.00    0.00    0.00    0.00    1.01    0.00    0.00    0.00   95.96
15:13:56      16    1.01    0.00    1.01    0.00    0.00    0.00    0.00    0.00    0.00   97.98
15:13:56      17    1.01    0.00    0.00    0.00    0.00    0.00    0.00    0.00    0.00   98.99
15:13:56      18    1.00    0.00    1.00    0.00    0.00    0.00    0.00    0.00    0.00   98.00
15:13:56      19    0.99    0.00    0.00    0.00    0.00    0.00    0.00    0.00    0.00   99.01
15:13:56      20    0.99    0.00    0.99    0.00    0.00    0.00    0.00    0.00    0.00   98.02
15:13:56      21    0.00    0.00    1.00    0.00    0.00    0.00    0.00    0.00    0.00   99.00
15:13:56      22    1.00    0.00    1.00    0.00    0.00    0.00    0.00    0.00    0.00   98.00
15:13:56      23    0.99    0.00    0.00    0.00    0.00    0.00    0.00    0.00    0.00   99.01

15:13:56     CPU    %usr   %nice    %sys %iowait    %irq   %soft  %steal  %guest  %gnice   %idle
15:13:57     all    5.35    0.00    1.05    0.13    0.00    0.04    0.00    0.00    0.00   93.43
15:13:57       0    2.02    0.00    1.01    0.00    0.00    0.00    0.00    0.00    0.00   96.97
15:13:57       1    0.00    0.00    0.00    0.00    0.00    0.00    0.00    0.00    0.00  100.00
15:13:57       2    2.00    0.00    0.00    0.00    0.00    0.00    0.00    0.00    0.00   98.00
15:13:57       3    1.01    0.00    0.00    0.00    0.00    0.00    0.00    0.00    0.00   98.99
15:13:57       4    8.08    0.00    3.03    0.00    0.00    0.00    0.00    0.00    0.00   88.89
15:13:57       5    0.00    0.00    0.00    0.00    0.00    0.00    0.00    0.00    0.00  100.00
15:13:57       6    1.98    0.00    1.98    0.00    0.00    0.00    0.00    0.00    0.00   96.04
15:13:57       7    1.00    0.00    0.00    0.00    0.00    0.00    0.00    0.00    0.00   99.00
15:13:57       8   70.00    0.00    8.00    0.00    0.00    0.00    0.00    0.00    0.00   22.00
15:13:57       9    1.00    0.00    1.00    1.00    0.00    0.00    0.00    0.00    0.00   97.00
15:13:57      10   13.00    0.00    4.00    0.00    0.00    0.00    0.00    0.00    0.00   83.00
15:13:57      11    0.00    0.00    0.00    1.00    0.00    0.00    0.00    0.00    0.00   99.00
15:13:57      12    4.00    0.00    1.00    0.00    0.00    0.00    0.00    0.00    0.00   95.00
15:13:57      13    0.00    0.00    0.00    0.00    0.00    0.00    0.00    0.00    0.00  100.00
15:13:57      14    5.00    0.00    0.00    0.00    0.00    0.00    0.00    0.00    0.00   95.00
15:13:57      15    0.00    0.00    0.00    0.00    0.00    1.03    0.00    0.00    0.00   98.97
15:13:57      16    1.00    0.00    1.00    1.00    0.00    0.00    0.00    0.00    0.00   97.00
15:13:57      17    1.96    0.00    0.98    0.00    0.00    0.00    0.00    0.00    0.00   97.06
15:13:57      18    1.01    0.00    1.01    0.00    0.00    0.00    0.00    0.00    0.00   97.98
15:13:57      19    1.01    0.00    0.00    0.00    0.00    0.00    0.00    0.00    0.00   98.99
15:13:57      20    5.05    0.00    0.00    0.00    0.00    0.00    0.00    0.00    0.00   94.95
15:13:57      21    2.00    0.00    0.00    0.00    0.00    0.00    0.00    0.00    0.00   98.00
15:13:57      22    3.03    0.00    1.01    0.00    0.00    0.00    0.00    0.00    0.00   95.96
15:13:57      23    4.04    0.00    1.01    0.00    0.00    0.00    0.00    0.00    0.00   94.95

15:13:57     CPU    %usr   %nice    %sys %iowait    %irq   %soft  %steal  %guest  %gnice   %idle
15:13:58     all    6.01    0.00    0.46    0.21    0.00    0.08    0.00    0.00    0.00   93.24
15:13:58       0    3.03    0.00    1.01    0.00    0.00    0.00    0.00    0.00    0.00   95.96
15:13:58       1    0.00    0.00    0.00    0.00    0.00    0.00    0.00    0.00    0.00  100.00
15:13:58       2    4.00    0.00    1.00    0.00    0.00    0.00    0.00    0.00    0.00   95.00
15:13:58       3    0.00    0.00    0.00    0.00    0.00    0.00    0.00    0.00    0.00  100.00
15:13:58       4    6.93    0.00    0.00    1.98    0.00    0.00    0.00    0.00    0.00   91.09
15:13:58       5    0.00    0.00    0.00    0.00    0.00    0.00    0.00    0.00    0.00  100.00
15:13:58       6    2.00    0.00    2.00    0.00    0.00    0.00    0.00    0.00    0.00   96.00
15:13:58       7    0.00    0.00    0.00    0.00    0.00    0.00    0.00    0.00    0.00  100.00
15:13:58       8    1.96    0.00    0.98    0.00    0.00    0.00    0.00    0.00    0.00   97.06
15:13:58       9  100.00    0.00    0.00    0.00    0.00    0.00    0.00    0.00    0.00    0.00
15:13:58      10    4.00    0.00    2.00    0.00    0.00    0.00    0.00    0.00    0.00   94.00
15:13:58      11    0.00    0.00    0.00    1.01    0.00    0.00    0.00    0.00    0.00   98.99
15:13:58      12    3.00    0.00    1.00    0.00    0.00    0.00    0.00    0.00    0.00   96.00
15:13:58      13    0.00    0.00    0.00    1.00    0.00    0.00    0.00    0.00    0.00   99.00
15:13:58      14    2.02    0.00    0.00    0.00    0.00    0.00    0.00    0.00    0.00   97.98
15:13:58      15    1.00    0.00    0.00    0.00    0.00    2.00    0.00    0.00    0.00   97.00
15:13:58      16    2.02    0.00    1.01    0.00    0.00    0.00    0.00    0.00    0.00   96.97
15:13:58      17    1.01    0.00    0.00    0.00    0.00    0.00    0.00    0.00    0.00   98.99
15:13:58      18    1.00    0.00    0.00    1.00    0.00    0.00    0.00    0.00    0.00   98.00
15:13:58      19    1.01    0.00    0.00    0.00    0.00    0.00    0.00    0.00    0.00   98.99
15:13:58      20    2.00    0.00    1.00    0.00    0.00    0.00    0.00    0.00    0.00   97.00
15:13:58      21    1.98    0.00    0.00    0.00    0.00    0.00    0.00    0.00    0.00   98.02
15:13:58      22    4.08    0.00    0.00    0.00    0.00    0.00    0.00    0.00    0.00   95.92
15:13:58      23    2.97    0.00    0.99    0.00    0.00    0.00    0.00    0.00    0.00   96.04

15:13:58     CPU    %usr   %nice    %sys %iowait    %irq   %soft  %steal  %guest  %gnice   %idle
15:13:59     all    3.73    0.00    0.34    0.04    0.00    0.04    0.00    0.00    0.00   95.85
15:13:59       0    5.10    0.00    1.02    0.00    0.00    0.00    0.00    0.00    0.00   93.88
15:13:59       1    0.00    0.00    0.00    0.00    0.00    0.00    0.00    0.00    0.00  100.00
15:13:59       2    3.06    0.00    0.00    0.00    0.00    0.00    0.00    0.00    0.00   96.94
15:13:59       3    0.00    0.00    0.00    0.00    0.00    0.00    0.00    0.00    0.00  100.00
15:13:59       4    6.00    0.00    0.00    0.00    0.00    0.00    0.00    0.00    0.00   94.00
15:13:59       5    0.00    0.00    0.00    0.00    0.00    0.00    0.00    0.00    0.00  100.00
15:13:59       6    1.01    0.00    0.00    0.00    0.00    0.00    0.00    0.00    0.00   98.99
15:13:59       7    0.99    0.00    0.00    0.00    0.00    0.00    0.00    0.00    0.00   99.01
15:13:59       8   46.94    0.00    1.02    0.00    0.00    0.00    0.00    0.00    0.00   52.04
15:13:59       9    8.00    0.00    0.00    0.00    0.00    0.00    0.00    0.00    0.00   92.00
15:13:59      10    5.00    0.00    1.00    0.00    0.00    0.00    0.00    0.00    0.00   94.00
15:13:59      11    0.00    0.00    0.00    0.00    0.00    0.00    0.00    0.00    0.00  100.00
15:13:59      12    2.02    0.00    1.01    0.00    0.00    0.00    0.00    0.00    0.00   96.97
15:13:59      13    0.00    0.00    0.00    0.00    0.00    0.00    0.00    0.00    0.00  100.00
15:13:59      14    2.00    0.00    1.00    0.00    0.00    0.00    0.00    0.00    0.00   97.00
15:13:59      15    0.00    0.00    1.01    0.00    0.00    1.01    0.00    0.00    0.00   97.98
15:13:59      16    1.02    0.00    0.00    0.00    0.00    0.00    0.00    0.00    0.00   98.98
15:13:59      17    1.01    0.00    0.00    1.01    0.00    0.00    0.00    0.00    0.00   97.98
15:13:59      18    0.00    0.00    0.00    0.00    0.00    0.00    0.00    0.00    0.00  100.00
15:13:59      19    0.00    0.00    0.00    0.00    0.00    0.00    0.00    0.00    0.00  100.00
15:13:59      20    2.00    0.00    0.00    0.00    0.00    0.00    0.00    0.00    0.00   98.00
15:13:59      21    1.00    0.00    1.00    0.00    0.00    0.00    0.00    0.00    0.00   98.00
15:13:59      22    2.02    0.00    0.00    0.00    0.00    0.00    0.00    0.00    0.00   97.98
15:13:59      23    2.97    0.00    0.99    0.00    0.00    0.00    0.00    0.00    0.00   96.04

15:13:59     CPU    %usr   %nice    %sys %iowait    %irq   %soft  %steal  %guest  %gnice   %idle
15:14:00     all    1.42    0.00    0.50    0.00    0.00    0.04    0.00    0.00    0.00   98.04
15:14:00       0    3.00    0.00    1.00    0.00    0.00    0.00    0.00    0.00    0.00   96.00
15:14:00       1    0.00    0.00    0.00    0.00    0.00    0.00    0.00    0.00    0.00  100.00
15:14:00       2    3.92    0.00    0.98    0.00    0.00    0.00    0.00    0.00    0.00   95.10
15:14:00       3    0.00    0.00    0.00    0.00    0.00    0.00    0.00    0.00    0.00  100.00
15:14:00       4    4.00    0.00    1.00    0.00    0.00    0.00    0.00    0.00    0.00   95.00
15:14:00       5    0.00    0.00    0.00    0.00    0.00    0.00    0.00    0.00    0.00  100.00
15:14:00       6    1.01    0.00    0.00    0.00    0.00    0.00    0.00    0.00    0.00   98.99
15:14:00       7    0.00    0.00    0.00    0.00    0.00    0.00    0.00    0.00    0.00  100.00
15:14:00       8    7.00    0.00    1.00    0.00    0.00    0.00    0.00    0.00    0.00   92.00
15:14:00       9    0.00    0.00    0.00    0.00    0.00    0.00    0.00    0.00    0.00  100.00
15:14:00      10    5.10    0.00    0.00    0.00    0.00    0.00    0.00    0.00    0.00   94.90
15:14:00      11    0.00    0.00    0.00    0.00    0.00    0.00    0.00    0.00    0.00  100.00
15:14:00      12    1.01    0.00    0.00    0.00    0.00    0.00    0.00    0.00    0.00   98.99
15:14:00      13    0.00    0.00    0.00    0.00    0.00    0.00    0.00    0.00    0.00  100.00
15:14:00      14    0.00    0.00    1.00    0.00    0.00    0.00    0.00    0.00    0.00   99.00
15:14:00      15    0.00    0.00    1.01    0.00    0.00    1.01    0.00    0.00    0.00   97.98
15:14:00      16    2.00    0.00    0.00    0.00    0.00    0.00    0.00    0.00    0.00   98.00
15:14:00      17    1.01    0.00    1.01    0.00    0.00    0.00    0.00    0.00    0.00   97.98
15:14:00      18    0.99    0.00    0.99    0.00    0.00    0.00    0.00    0.00    0.00   98.02
15:14:00      19    0.99    0.00    0.99    0.00    0.00    0.00    0.00    0.00    0.00   98.02
15:14:00      20    1.00    0.00    2.00    0.00    0.00    0.00    0.00    0.00    0.00   97.00
15:14:00      21    1.01    0.00    0.00    0.00    0.00    0.00    0.00    0.00    0.00   98.99
15:14:00      22    1.01    0.00    1.01    0.00    0.00    0.00    0.00    0.00    0.00   97.98
15:14:00      23    1.01    0.00    0.00    0.00    0.00    0.00    0.00    0.00    0.00   98.99

15:14:00     CPU    %usr   %nice    %sys %iowait    %irq   %soft  %steal  %guest  %gnice   %idle
15:14:01     all    1.38    0.00    0.29    0.00    0.00    0.04    0.00    0.00    0.00   98.29
15:14:01       0    5.00    0.00    0.00    0.00    0.00    0.00    0.00    0.00    0.00   95.00
15:14:01       1    0.00    0.00    0.00    0.00    0.00    0.00    0.00    0.00    0.00  100.00
15:14:01       2    1.01    0.00    0.00    0.00    0.00    0.00    0.00    0.00    0.00   98.99
15:14:01       3    0.00    0.00    0.00    0.00    0.00    0.00    0.00    0.00    0.00  100.00
15:14:01       4    2.00    0.00    0.00    0.00    0.00    0.00    0.00    0.00    0.00   98.00
15:14:01       5    0.00    0.00    0.00    0.00    0.00    0.00    0.00    0.00    0.00  100.00
15:14:01       6    1.98    0.00    1.98    0.00    0.00    0.00    0.00    0.00    0.00   96.04
15:14:01       7    0.00    0.00    0.99    0.00    0.00    0.00    0.00    0.00    0.00   99.01
15:14:01       8    7.07    0.00    0.00    0.00    0.00    0.00    0.00    0.00    0.00   92.93
15:14:01       9    0.00    0.00    0.00    0.00    0.00    0.00    0.00    0.00    0.00  100.00
15:14:01      10    6.12    0.00    1.02    0.00    0.00    0.00    0.00    0.00    0.00   92.86
15:14:01      11    0.00    0.00    0.00    0.00    0.00    0.00    0.00    0.00    0.00  100.00
15:14:01      12    0.99    0.00    0.99    0.00    0.00    0.00    0.00    0.00    0.00   98.02
15:14:01      13    0.00    0.00    0.00    0.00    0.00    0.00    0.00    0.00    0.00  100.00
15:14:01      14    1.01    0.00    0.00    0.00    0.00    0.00    0.00    0.00    0.00   98.99
15:14:01      15    1.01    0.00    0.00    0.00    0.00    1.01    0.00    0.00    0.00   97.98
15:14:01      16    1.01    0.00    0.00    0.00    0.00    0.00    0.00    0.00    0.00   98.99
15:14:01      17    1.01    0.00    0.00    0.00    0.00    0.00    0.00    0.00    0.00   98.99
15:14:01      18    0.00    0.00    1.00    0.00    0.00    0.00    0.00    0.00    0.00   99.00
15:14:01      19    0.00    0.00    0.00    0.00    0.00    0.00    0.00    0.00    0.00  100.00
15:14:01      20    1.00    0.00    0.00    0.00    0.00    0.00    0.00    0.00    0.00   99.00
15:14:01      21    0.00    0.00    0.99    0.00    0.00    0.00    0.00    0.00    0.00   99.01
15:14:01      22    2.02    0.00    0.00    0.00    0.00    0.00    0.00    0.00    0.00   97.98
15:14:01      23    2.00    0.00    0.00    0.00    0.00    0.00    0.00    0.00    0.00   98.00

15:14:01     CPU    %usr   %nice    %sys %iowait    %irq   %soft  %steal  %guest  %gnice   %idle
15:14:02     all    1.67    0.00    0.46    0.00    0.00    0.13    0.00    0.00    0.00   97.74
15:14:02       0    1.02    0.00    0.00    0.00    0.00    0.00    0.00    0.00    0.00   98.98
15:14:02       1    0.00    0.00    0.00    0.00    0.00    0.00    0.00    0.00    0.00  100.00
15:14:02       2    1.01    0.00    0.00    0.00    0.00    0.00    0.00    0.00    0.00   98.99
15:14:02       3    0.00    0.00    1.00    0.00    0.00    0.00    0.00    0.00    0.00   99.00
15:14:02       4    1.01    0.00    0.00    0.00    0.00    0.00    0.00    0.00    0.00   98.99
15:14:02       5    0.00    0.00    0.00    0.00    0.00    0.99    0.00    0.00    0.00   99.01
15:14:02       6    5.05    0.00    0.00    0.00    0.00    0.00    0.00    0.00    0.00   94.95
15:14:02       7    0.00    0.00    0.00    0.00    0.00    0.00    0.00    0.00    0.00  100.00
15:14:02       8   10.10    0.00    1.01    0.00    0.00    0.00    0.00    0.00    0.00   88.89
15:14:02       9    0.00    0.00    0.00    0.00    0.00    0.00    0.00    0.00    0.00  100.00
15:14:02      10    9.90    0.00    2.97    0.00    0.00    0.00    0.00    0.00    0.00   87.13
15:14:02      11    0.00    0.00    0.00    0.00    0.00    0.00    0.00    0.00    0.00  100.00
15:14:02      12    2.02    0.00    1.01    0.00    0.00    0.00    0.00    0.00    0.00   96.97
15:14:02      13    0.00    0.00    0.00    0.00    0.00    0.00    0.00    0.00    0.00  100.00
15:14:02      14    0.00    0.00    0.00    0.00    0.00    0.00    0.00    0.00    0.00  100.00
15:14:02      15    0.00    0.00    0.00    0.00    0.00    2.02    0.00    0.00    0.00   97.98
15:14:02      16    1.00    0.00    1.00    0.00    0.00    0.00    0.00    0.00    0.00   98.00
15:14:02      17    1.01    0.00    1.01    0.00    0.00    0.00    0.00    0.00    0.00   97.98
15:14:02      18    1.00    0.00    0.00    0.00    0.00    0.00    0.00    0.00    0.00   99.00
15:14:02      19    0.00    0.00    0.99    0.00    0.00    0.00    0.00    0.00    0.00   99.01
15:14:02      20    1.01    0.00    1.01    0.00    0.00    0.00    0.00    0.00    0.00   97.98
15:14:02      21    1.01    0.00    1.01    0.00    0.00    0.00    0.00    0.00    0.00   97.98
15:14:02      22    3.00    0.00    0.00    0.00    0.00    0.00    0.00    0.00    0.00   97.00
15:14:02      23    2.02    0.00    0.00    0.00    0.00    0.00    0.00    0.00    0.00   97.98

15:14:02     CPU    %usr   %nice    %sys %iowait    %irq   %soft  %steal  %guest  %gnice   %idle
15:14:03     all    1.59    0.00    0.46    0.00    0.00    0.04    0.00    0.00    0.00   97.91
15:14:03       0    0.99    0.00    0.99    0.00    0.00    0.00    0.00    0.00    0.00   98.02
15:14:03       1    0.00    0.00    0.00    0.00    0.00    0.00    0.00    0.00    0.00  100.00
15:14:03       2    2.97    0.00    0.00    0.00    0.00    0.00    0.00    0.00    0.00   97.03
15:14:03       3    0.00    0.00    0.00    0.00    0.00    0.00    0.00    0.00    0.00  100.00
15:14:03       4    1.00    0.00    1.00    0.00    0.00    0.00    0.00    0.00    0.00   98.00
15:14:03       5    0.00    0.00    0.00    0.00    0.00    0.00    0.00    0.00    0.00  100.00
15:14:03       6    1.00    0.00    1.00    0.00    0.00    0.00    0.00    0.00    0.00   98.00
15:14:03       7    0.00    0.00    0.00    0.00    0.00    0.00    0.00    0.00    0.00  100.00
15:14:03       8    8.00    0.00    1.00    0.00    0.00    0.00    0.00    0.00    0.00   91.00
15:14:03       9    1.00    0.00    0.00    0.00    0.00    0.00    0.00    0.00    0.00   99.00
15:14:03      10    7.14    0.00    1.02    0.00    0.00    0.00    0.00    0.00    0.00   91.84
15:14:03      11    0.00    0.00    0.00    0.00    0.00    0.00    0.00    0.00    0.00  100.00
15:14:03      12    3.00    0.00    0.00    0.00    0.00    0.00    0.00    0.00    0.00   97.00
15:14:03      13    0.00    0.00    0.00    0.00    0.00    0.00    0.00    0.00    0.00  100.00
15:14:03      14    1.00    0.00    1.00    0.00    0.00    0.00    0.00    0.00    0.00   98.00
15:14:03      15    1.01    0.00    0.00    0.00    0.00    1.01    0.00    0.00    0.00   97.98
15:14:03      16    2.00    0.00    1.00    0.00    0.00    0.00    0.00    0.00    0.00   97.00
15:14:03      17    1.00    0.00    0.00    0.00    0.00    0.00    0.00    0.00    0.00   99.00
15:14:03      18    2.02    0.00    1.01    0.00    0.00    0.00    0.00    0.00    0.00   96.97
15:14:03      19    2.00    0.00    0.00    0.00    0.00    0.00    0.00    0.00    0.00   98.00
15:14:03      20    1.00    0.00    0.00    0.00    0.00    0.00    0.00    0.00    0.00   99.00
15:14:03      21    0.99    0.00    0.99    0.00    0.00    0.00    0.00    0.00    0.00   98.02
15:14:03      22    1.02    0.00    1.02    0.00    0.00    0.00    0.00    0.00    0.00   97.96
15:14:03      23    0.99    0.00    0.99    0.00    0.00    0.00    0.00    0.00    0.00   98.02

15:14:03     CPU    %usr   %nice    %sys %iowait    %irq   %soft  %steal  %guest  %gnice   %idle
15:14:04     all    1.67    0.00    0.58    0.08    0.00    0.04    0.00    0.00    0.00   97.62
15:14:04       0    2.00    0.00    1.00    0.00    0.00    0.00    0.00    0.00    0.00   97.00
15:14:04       1    0.00    0.00    0.00    0.00    0.00    0.00    0.00    0.00    0.00  100.00
15:14:04       2    0.99    0.00    0.99    0.00    0.00    0.00    0.00    0.00    0.00   98.02
15:14:04       3    0.99    0.00    0.99    0.00    0.00    0.00    0.00    0.00    0.00   98.02
15:14:04       4    7.00    0.00    1.00    0.00    0.00    0.00    0.00    0.00    0.00   92.00
15:14:04       5    0.00    0.00    0.00    0.00    0.00    0.00    0.00    0.00    0.00  100.00
15:14:04       6    1.02    0.00    0.00    0.00    0.00    0.00    0.00    0.00    0.00   98.98
15:14:04       7    0.00    0.00    0.00    0.00    0.00    0.00    0.00    0.00    0.00  100.00
15:14:04       8    5.00    0.00    2.00    0.00    0.00    0.00    0.00    0.00    0.00   93.00
15:14:04       9    0.00    0.00    0.00    0.00    0.00    0.00    0.00    0.00    0.00  100.00
15:14:04      10    7.92    0.00    0.99    0.99    0.00    0.00    0.00    0.00    0.00   90.10
15:14:04      11    0.00    0.00    0.00    0.00    0.00    0.00    0.00    0.00    0.00  100.00
15:14:04      12    4.04    0.00    1.01    0.00    0.00    0.00    0.00    0.00    0.00   94.95
15:14:04      13    0.00    0.00    0.00    1.00    0.00    0.00    0.00    0.00    0.00   99.00
15:14:04      14    1.00    0.00    1.00    0.00    0.00    0.00    0.00    0.00    0.00   98.00
15:14:04      15    0.00    0.00    1.02    0.00    0.00    1.02    0.00    0.00    0.00   97.96
15:14:04      16    1.01    0.00    0.00    0.00    0.00    0.00    0.00    0.00    0.00   98.99
15:14:04      17    1.00    0.00    1.00    0.00    0.00    0.00    0.00    0.00    0.00   98.00
15:14:04      18    1.00    0.00    0.00    0.00    0.00    0.00    0.00    0.00    0.00   99.00
15:14:04      19    1.00    0.00    0.00    0.00    0.00    0.00    0.00    0.00    0.00   99.00
15:14:04      20    1.00    0.00    0.00    0.00    0.00    0.00    0.00    0.00    0.00   99.00
15:14:04      21    1.00    0.00    1.00    0.00    0.00    0.00    0.00    0.00    0.00   98.00
15:14:04      22    2.02    0.00    1.01    0.00    0.00    0.00    0.00    0.00    0.00   96.97
15:14:04      23    2.00    0.00    1.00    0.00    0.00    0.00    0.00    0.00    0.00   97.00

15:14:04     CPU    %usr   %nice    %sys %iowait    %irq   %soft  %steal  %guest  %gnice   %idle
15:14:05     all    1.50    0.00    0.33    0.00    0.00    0.08    0.00    0.00    0.00   98.08
15:14:05       0    2.00    0.00    2.00    0.00    0.00    0.00    0.00    0.00    0.00   96.00
15:14:05       1    0.00    0.00    0.00    0.00    0.00    0.00    0.00    0.00    0.00  100.00
15:14:05       2    0.00    0.00    0.00    0.00    0.00    0.00    0.00    0.00    0.00  100.00
15:14:05       3    0.00    0.00    0.00    0.00    0.00    0.00    0.00    0.00    0.00  100.00
15:14:05       4    2.00    0.00    0.00    0.00    0.00    1.00    0.00    0.00    0.00   97.00
15:14:05       5    0.00    0.00    0.00    0.00    0.00    0.00    0.00    0.00    0.00  100.00
15:14:05       6    1.00    0.00    1.00    0.00    0.00    0.00    0.00    0.00    0.00   98.00
15:14:05       7    0.00    0.00    0.00    0.00    0.00    0.00    0.00    0.00    0.00  100.00
15:14:05       8    5.10    0.00    0.00    0.00    0.00    0.00    0.00    0.00    0.00   94.90
15:14:05       9    0.00    0.00    0.00    0.00    0.00    0.00    0.00    0.00    0.00  100.00
15:14:05      10    9.00    0.00    1.00    0.00    0.00    0.00    0.00    0.00    0.00   90.00
15:14:05      11    0.00    0.00    0.00    0.00    0.00    0.00    0.00    0.00    0.00  100.00
15:14:05      12    5.00    0.00    0.00    0.00    0.00    0.00    0.00    0.00    0.00   95.00
15:14:05      13    0.00    0.00    0.00    0.00    0.00    0.00    0.00    0.00    0.00  100.00
15:14:05      14    2.00    0.00    1.00    0.00    0.00    0.00    0.00    0.00    0.00   97.00
15:14:05      15    0.00    0.00    0.00    0.00    0.00    1.01    0.00    0.00    0.00   98.99
15:14:05      16    1.01    0.00    0.00    0.00    0.00    0.00    0.00    0.00    0.00   98.99
15:14:05      17    1.00    0.00    1.00    0.00    0.00    0.00    0.00    0.00    0.00   98.00
15:14:05      18    1.00    0.00    0.00    0.00    0.00    0.00    0.00    0.00    0.00   99.00
15:14:05      19    0.00    0.00    1.01    0.00    0.00    0.00    0.00    0.00    0.00   98.99
15:14:05      20    2.00    0.00    0.00    0.00    0.00    0.00    0.00    0.00    0.00   98.00
15:14:05      21    1.00    0.00    1.00    0.00    0.00    0.00    0.00    0.00    0.00   98.00
15:14:05      22    2.00    0.00    0.00    0.00    0.00    0.00    0.00    0.00    0.00   98.00
15:14:05      23    2.00    0.00    0.00    0.00    0.00    0.00    0.00    0.00    0.00   98.00

15:14:05     CPU    %usr   %nice    %sys %iowait    %irq   %soft  %steal  %guest  %gnice   %idle
15:14:06     all    1.26    0.00    0.46    0.00    0.00    0.00    0.00    0.00    0.00   98.28
15:14:06       0    2.04    0.00    1.02    0.00    0.00    0.00    0.00    0.00    0.00   96.94
15:14:06       1    0.00    0.00    0.00    0.00    0.00    0.00    0.00    0.00    0.00  100.00
15:14:06       2    3.03    0.00    0.00    0.00    0.00    0.00    0.00    0.00    0.00   96.97
15:14:06       3    0.00    0.00    0.00    0.00    0.00    0.00    0.00    0.00    0.00  100.00
15:14:06       4    2.97    0.00    0.99    0.00    0.00    0.00    0.00    0.00    0.00   96.04
15:14:06       5    0.00    0.00    0.00    0.00    0.00    0.00    0.00    0.00    0.00  100.00
15:14:06       6    2.00    0.00    0.00    0.00    0.00    0.00    0.00    0.00    0.00   98.00
15:14:06       7    0.00    0.00    0.00    0.00    0.00    0.00    0.00    0.00    0.00  100.00
15:14:06       8    5.00    0.00    2.00    0.00    0.00    0.00    0.00    0.00    0.00   93.00
15:14:06       9    0.00    0.00    0.00    0.00    0.00    0.00    0.00    0.00    0.00  100.00
15:14:06      10    9.09    0.00    1.01    0.00    0.00    0.00    0.00    0.00    0.00   89.90
15:14:06      11    0.00    0.00    0.00    0.00    0.00    0.00    0.00    0.00    0.00  100.00
15:14:06      12    1.01    0.00    0.00    0.00    0.00    0.00    0.00    0.00    0.00   98.99
15:14:06      13    0.00    0.00    0.00    0.00    0.00    0.00    0.00    0.00    0.00  100.00
15:14:06      14    1.00    0.00    1.00    0.00    0.00    0.00    0.00    0.00    0.00   98.00
15:14:06      15    0.00    0.00    0.00    0.00    0.00    0.00    0.00    0.00    0.00  100.00
15:14:06      16    1.00    0.00    1.00    0.00    0.00    0.00    0.00    0.00    0.00   98.00
15:14:06      17    1.01    0.00    1.01    0.00    0.00    0.00    0.00    0.00    0.00   97.98
15:14:06      18    0.00    0.00    1.00    0.00    0.00    0.00    0.00    0.00    0.00   99.00
15:14:06      19    1.00    0.00    0.00    0.00    0.00    0.00    0.00    0.00    0.00   99.00
15:14:06      20    0.00    0.00    2.00    0.00    0.00    0.00    0.00    0.00    0.00   98.00
15:14:06      21    1.00    0.00    0.00    0.00    0.00    0.00    0.00    0.00    0.00   99.00
15:14:06      22    0.00    0.00    0.00    0.00    0.00    0.00    0.00    0.00    0.00  100.00
15:14:06      23    0.00    0.00    0.00    0.00    0.00    0.00    0.00    0.00    0.00  100.00

15:14:06     CPU    %usr   %nice    %sys %iowait    %irq   %soft  %steal  %guest  %gnice   %idle
15:14:07     all    2.97    0.00    0.50    0.04    0.00    0.08    0.00    0.00    0.00   96.41
15:14:07       0    3.00    0.00    0.00    0.00    0.00    0.00    0.00    0.00    0.00   97.00
15:14:07       1    0.00    0.00    0.00    0.00    0.00    0.00    0.00    0.00    0.00  100.00
15:14:07       2    6.00    0.00    1.00    0.00    0.00    0.00    0.00    0.00    0.00   93.00
15:14:07       3    0.00    0.00    0.00    0.00    0.00    0.00    0.00    0.00    0.00  100.00
15:14:07       4    3.03    0.00    1.01    0.00    0.00    0.00    0.00    0.00    0.00   95.96
15:14:07       5    2.97    0.00    0.00    0.00    0.00    0.00    0.00    0.00    0.00   97.03
15:14:07       6    2.02    0.00    2.02    0.00    0.00    0.00    0.00    0.00    0.00   95.96
15:14:07       7    0.00    0.00    0.00    0.00    0.00    0.00    0.00    0.00    0.00  100.00
15:14:07       8    7.00    0.00    1.00    0.00    0.00    0.00    0.00    0.00    0.00   92.00
15:14:07       9    2.00    0.00    0.00    0.00    0.00    0.00    0.00    0.00    0.00   98.00
15:14:07      10   13.86    0.00    1.98    0.00    0.00    0.00    0.00    0.00    0.00   84.16
15:14:07      11    1.01    0.00    0.00    0.00    0.00    0.00    0.00    0.00    0.00   98.99
15:14:07      12    6.93    0.00    0.99    0.00    0.00    0.00    0.00    0.00    0.00   92.08
15:14:07      13    2.02    0.00    0.00    1.01    0.00    0.00    0.00    0.00    0.00   96.97
15:14:07      14    6.00    0.00    1.00    0.00    0.00    0.00    0.00    0.00    0.00   93.00
15:14:07      15    0.00    0.00    0.00    0.00    0.00    1.01    0.00    0.00    0.00   98.99
15:14:07      16    3.00    0.00    1.00    0.00    0.00    0.00    0.00    0.00    0.00   96.00
15:14:07      17    3.00    0.00    0.00    0.00    0.00    0.00    0.00    0.00    0.00   97.00
15:14:07      18    3.06    0.00    0.00    0.00    0.00    0.00    0.00    0.00    0.00   96.94
15:14:07      19    1.00    0.00    0.00    0.00    0.00    0.00    0.00    0.00    0.00   99.00
15:14:07      20    1.01    0.00    0.00    0.00    0.00    0.00    0.00    0.00    0.00   98.99
15:14:07      21    0.00    0.00    0.99    0.00    0.00    0.99    0.00    0.00    0.00   98.02
15:14:07      22    3.00    0.00    1.00    0.00    0.00    0.00    0.00    0.00    0.00   96.00
15:14:07      23    1.00    0.00    0.00    0.00    0.00    0.00    0.00    0.00    0.00   99.00

15:14:07     CPU    %usr   %nice    %sys %iowait    %irq   %soft  %steal  %guest  %gnice   %idle
15:14:08     all    1.26    0.00    0.34    0.00    0.00    0.00    0.00    0.00    0.00   98.41
15:14:08       0    1.01    0.00    0.00    0.00    0.00    0.00    0.00    0.00    0.00   98.99
15:14:08       1    0.00    0.00    0.00    0.00    0.00    0.00    0.00    0.00    0.00  100.00
15:14:08       2    2.00    0.00    1.00    0.00    0.00    0.00    0.00    0.00    0.00   97.00
15:14:08       3    0.00    0.00    0.00    0.00    0.00    0.00    0.00    0.00    0.00  100.00
15:14:08       4    1.00    0.00    1.00    0.00    0.00    0.00    0.00    0.00    0.00   98.00
15:14:08       5    0.00    0.00    0.00    0.00    0.00    0.00    0.00    0.00    0.00  100.00
15:14:08       6    2.04    0.00    0.00    0.00    0.00    0.00    0.00    0.00    0.00   97.96
15:14:08       7    0.00    0.00    0.00    0.00    0.00    0.00    0.00    0.00    0.00  100.00
15:14:08       8    5.10    0.00    0.00    0.00    0.00    0.00    0.00    0.00    0.00   94.90
15:14:08       9    0.00    0.00    0.00    0.00    0.00    0.00    0.00    0.00    0.00  100.00
15:14:08      10    9.18    0.00    0.00    0.00    0.00    0.00    0.00    0.00    0.00   90.82
15:14:08      11    0.00    0.00    0.00    0.00    0.00    0.00    0.00    0.00    0.00  100.00
15:14:08      12    2.02    0.00    0.00    0.00    0.00    0.00    0.00    0.00    0.00   97.98
15:14:08      13    0.00    0.00    0.00    0.00    0.00    0.00    0.00    0.00    0.00  100.00
15:14:08      14    2.00    0.00    1.00    0.00    0.00    0.00    0.00    0.00    0.00   97.00
15:14:08      15    0.00    0.00    0.00    0.00    0.00    0.00    0.00    0.00    0.00  100.00
15:14:08      16    1.00    0.00    1.00    0.00    0.00    0.00    0.00    0.00    0.00   98.00
15:14:08      17    1.00    0.00    2.00    0.00    0.00    0.00    0.00    0.00    0.00   97.00
15:14:08      18    0.99    0.00    0.99    0.00    0.00    0.00    0.00    0.00    0.00   98.02
15:14:08      19    1.00    0.00    1.00    0.00    0.00    0.00    0.00    0.00    0.00   98.00
15:14:08      20    1.01    0.00    0.00    0.00    0.00    0.00    0.00    0.00    0.00   98.99
15:14:08      21    1.00    0.00    0.00    0.00    0.00    0.00    0.00    0.00    0.00   99.00
15:14:08      22    0.00    0.00    0.00    0.00    0.00    0.00    0.00    0.00    0.00  100.00
15:14:08      23    0.00    0.00    0.00    0.00    0.00    0.00    0.00    0.00    0.00  100.00

15:14:08     CPU    %usr   %nice    %sys %iowait    %irq   %soft  %steal  %guest  %gnice   %idle
15:14:09     all    1.63    0.00    0.46    0.00    0.00    0.00    0.00    0.00    0.00   97.91
15:14:09       0    1.98    0.00    0.99    0.00    0.00    0.00    0.00    0.00    0.00   97.03
15:14:09       1    0.00    0.00    0.00    0.00    0.00    0.00    0.00    0.00    0.00  100.00
15:14:09       2    1.01    0.00    0.00    0.00    0.00    0.00    0.00    0.00    0.00   98.99
15:14:09       3    0.00    0.00    0.00    0.00    0.00    0.00    0.00    0.00    0.00  100.00
15:14:09       4    2.02    0.00    0.00    0.00    0.00    0.00    0.00    0.00    0.00   97.98
15:14:09       5    0.00    0.00    0.00    0.00    0.00    0.00    0.00    0.00    0.00  100.00
15:14:09       6    2.02    0.00    0.00    0.00    0.00    0.00    0.00    0.00    0.00   97.98
15:14:09       7    1.00    0.00    0.00    0.00    0.00    0.00    0.00    0.00    0.00   99.00
15:14:09       8    6.06    0.00    2.02    0.00    0.00    0.00    0.00    0.00    0.00   91.92
15:14:09       9    0.00    0.00    1.00    0.00    0.00    0.00    0.00    0.00    0.00   99.00
15:14:09      10    7.00    0.00    1.00    0.00    0.00    0.00    0.00    0.00    0.00   92.00
15:14:09      11    0.00    0.00    0.00    0.00    0.00    0.00    0.00    0.00    0.00  100.00
15:14:09      12    2.97    0.00    0.99    0.00    0.00    0.00    0.00    0.00    0.00   96.04
15:14:09      13    0.00    0.00    0.00    0.00    0.00    0.00    0.00    0.00    0.00  100.00
15:14:09      14    1.00    0.00    1.00    0.00    0.00    0.00    0.00    0.00    0.00   98.00
15:14:09      15    0.00    0.00    0.00    0.00    0.00    0.00    0.00    0.00    0.00  100.00
15:14:09      16    3.00    0.00    0.00    0.00    0.00    0.00    0.00    0.00    0.00   97.00
15:14:09      17    1.01    0.00    0.00    0.00    0.00    0.00    0.00    0.00    0.00   98.99
15:14:09      18    2.02    0.00    0.00    0.00    0.00    0.00    0.00    0.00    0.00   97.98
15:14:09      19    0.00    0.00    0.00    0.00    0.00    0.00    0.00    0.00    0.00  100.00
15:14:09      20    2.02    0.00    0.00    0.00    0.00    0.00    0.00    0.00    0.00   97.98
15:14:09      21    2.00    0.00    0.00    0.00    0.00    0.00    0.00    0.00    0.00   98.00
15:14:09      22    2.04    0.00    1.02    0.00    0.00    0.00    0.00    0.00    0.00   96.94
15:14:09      23    1.98    0.00    2.97    0.00    0.00    0.00    0.00    0.00    0.00   95.05

15:14:09     CPU    %usr   %nice    %sys %iowait    %irq   %soft  %steal  %guest  %gnice   %idle
15:14:10     all    1.71    0.00    0.50    0.08    0.00    0.00    0.00    0.00    0.00   97.70
15:14:10       0    1.01    0.00    0.00    0.00    0.00    0.00    0.00    0.00    0.00   98.99
15:14:10       1    0.00    0.00    0.00    0.00    0.00    0.00    0.00    0.00    0.00  100.00
15:14:10       2    2.00    0.00    1.00    0.00    0.00    0.00    0.00    0.00    0.00   97.00
15:14:10       3    0.00    0.00    0.00    0.00    0.00    0.00    0.00    0.00    0.00  100.00
15:14:10       4    1.01    0.00    1.01    0.00    0.00    0.00    0.00    0.00    0.00   97.98
15:14:10       5    0.00    0.00    0.00    0.00    0.00    0.00    0.00    0.00    0.00  100.00
15:14:10       6    2.00    0.00    1.00    0.00    0.00    0.00    0.00    0.00    0.00   97.00
15:14:10       7    0.00    0.00    0.00    0.00    0.00    0.00    0.00    0.00    0.00  100.00
15:14:10       8    9.00    0.00    2.00    0.00    0.00    0.00    0.00    0.00    0.00   89.00
15:14:10       9    0.99    0.00    0.00    0.00    0.00    0.00    0.00    0.00    0.00   99.01
15:14:10      10    7.00    0.00    1.00    0.00    0.00    0.00    0.00    0.00    0.00   92.00
15:14:10      11    0.99    0.00    0.00    0.99    0.00    0.00    0.00    0.00    0.00   98.02
15:14:10      12    2.02    0.00    1.01    0.00    0.00    0.00    0.00    0.00    0.00   96.97
15:14:10      13    0.00    0.00    0.00    0.00    0.00    0.00    0.00    0.00    0.00  100.00
15:14:10      14    2.00    0.00    1.00    0.00    0.00    0.00    0.00    0.00    0.00   97.00
15:14:10      15    1.01    0.00    0.00    0.00    0.00    0.00    0.00    0.00    0.00   98.99
15:14:10      16    1.01    0.00    1.01    0.00    0.00    0.00    0.00    0.00    0.00   97.98
15:14:10      17    1.00    0.00    1.00    1.00    0.00    0.00    0.00    0.00    0.00   97.00
15:14:10      18    1.00    0.00    1.00    0.00    0.00    0.00    0.00    0.00    0.00   98.00
15:14:10      19    2.00    0.00    0.00    0.00    0.00    0.00    0.00    0.00    0.00   98.00
15:14:10      20    2.02    0.00    0.00    0.00    0.00    0.00    0.00    0.00    0.00   97.98
15:14:10      21    2.02    0.00    1.01    0.00    0.00    0.00    0.00    0.00    0.00   96.97
15:14:10      22    1.01    0.00    0.00    0.00    0.00    0.00    0.00    0.00    0.00   98.99
15:14:10      23    2.00    0.00    0.00    0.00    0.00    0.00    0.00    0.00    0.00   98.00

15:14:10     CPU    %usr   %nice    %sys %iowait    %irq   %soft  %steal  %guest  %gnice   %idle
15:14:11     all    1.71    0.00    0.46    0.00    0.00    0.08    0.00    0.00    0.00   97.75
15:14:11       0    1.98    0.00    0.00    0.00    0.00    0.00    0.00    0.00    0.00   98.02
15:14:11       1    0.00    0.00    0.00    0.00    0.00    0.00    0.00    0.00    0.00  100.00
15:14:11       2    1.00    0.00    1.00    0.00    0.00    0.00    0.00    0.00    0.00   98.00
15:14:11       3    0.00    0.00    0.00    0.00    0.00    0.00    0.00    0.00    0.00  100.00
15:14:11       4    3.00    0.00    1.00    0.00    0.00    0.00    0.00    0.00    0.00   96.00
15:14:11       5    0.00    0.00    0.00    0.00    0.00    0.00    0.00    0.00    0.00  100.00
15:14:11       6    5.00    0.00    0.00    0.00    0.00    0.00    0.00    0.00    0.00   95.00
15:14:11       7    0.00    0.00    0.00    0.00    0.00    0.00    0.00    0.00    0.00  100.00
15:14:11       8    7.14    0.00    1.02    0.00    0.00    0.00    0.00    0.00    0.00   91.84
15:14:11       9    0.00    0.00    0.00    0.00    0.00    0.00    0.00    0.00    0.00  100.00
15:14:11      10   10.00    0.00    1.00    0.00    0.00    0.00    0.00    0.00    0.00   89.00
15:14:11      11    0.00    0.00    0.00    0.00    0.00    0.00    0.00    0.00    0.00  100.00
15:14:11      12    5.94    0.00    0.99    0.00    0.00    0.00    0.00    0.00    0.00   93.07
15:14:11      13    0.00    0.00    0.00    0.00    0.00    0.00    0.00    0.00    0.00  100.00
15:14:11      14    3.03    0.00    1.01    0.00    0.00    0.00    0.00    0.00    0.00   95.96
15:14:11      15    0.00    0.00    1.00    0.00    0.00    2.00    0.00    0.00    0.00   97.00
15:14:11      16    1.00    0.00    1.00    0.00    0.00    0.00    0.00    0.00    0.00   98.00
15:14:11      17    0.00    0.00    0.00    0.00    0.00    0.00    0.00    0.00    0.00  100.00
15:14:11      18    1.00    0.00    0.00    0.00    0.00    0.00    0.00    0.00    0.00   99.00
15:14:11      19    0.00    0.00    0.00    0.00    0.00    0.00    0.00    0.00    0.00  100.00
15:14:11      20    0.00    0.00    1.00    0.00    0.00    0.00    0.00    0.00    0.00   99.00
15:14:11      21    0.99    0.00    0.99    0.00    0.00    0.00    0.00    0.00    0.00   98.02
15:14:11      22    1.01    0.00    1.01    0.00    0.00    0.00    0.00    0.00    0.00   97.98
15:14:11      23    0.00    0.00    0.00    0.00    0.00    0.00    0.00    0.00    0.00  100.00

15:14:11     CPU    %usr   %nice    %sys %iowait    %irq   %soft  %steal  %guest  %gnice   %idle
15:14:12     all    2.30    0.00    0.42    0.00    0.00    0.13    0.00    0.00    0.00   97.16
15:14:12       0    1.02    0.00    0.00    0.00    0.00    0.00    0.00    0.00    0.00   98.98
15:14:12       1    0.00    0.00    0.00    0.00    0.00    0.00    0.00    0.00    0.00  100.00
15:14:12       2    4.04    0.00    1.01    0.00    0.00    0.00    0.00    0.00    0.00   94.95
15:14:12       3    0.00    0.00    0.00    0.00    0.00    0.00    0.00    0.00    0.00  100.00
15:14:12       4    2.97    0.00    0.99    0.00    0.00    0.00    0.00    0.00    0.00   96.04
15:14:12       5    0.00    0.00    0.00    0.00    0.00    0.00    0.00    0.00    0.00  100.00
15:14:12       6    7.00    0.00    1.00    0.00    0.00    0.00    0.00    0.00    0.00   92.00
15:14:12       7    0.00    0.00    0.00    0.00    0.00    0.00    0.00    0.00    0.00  100.00
15:14:12       8   12.00    0.00    1.00    0.00    0.00    1.00    0.00    0.00    0.00   86.00
15:14:12       9    0.00    0.00    0.00    0.00    0.00    0.00    0.00    0.00    0.00  100.00
15:14:12      10    7.07    0.00    2.02    0.00    0.00    0.00    0.00    0.00    0.00   90.91
15:14:12      11    0.00    0.00    0.00    0.00    0.00    0.00    0.00    0.00    0.00  100.00
15:14:12      12    5.00    0.00    1.00    0.00    0.00    0.00    0.00    0.00    0.00   94.00
15:14:12      13    0.00    0.00    0.00    0.00    0.00    0.00    0.00    0.00    0.00  100.00
15:14:12      14    2.00    0.00    1.00    0.00    0.00    0.00    0.00    0.00    0.00   97.00
15:14:12      15    0.00    0.00    0.00    0.00    0.00    2.02    0.00    0.00    0.00   97.98
15:14:12      16    2.02    0.00    0.00    0.00    0.00    0.00    0.00    0.00    0.00   97.98
15:14:12      17    2.00    0.00    1.00    0.00    0.00    0.00    0.00    0.00    0.00   97.00
15:14:12      18    0.00    0.00    0.00    0.00    0.00    0.00    0.00    0.00    0.00  100.00
15:14:12      19    1.00    0.00    0.00    0.00    0.00    0.00    0.00    0.00    0.00   99.00
15:14:12      20    2.00    0.00    0.00    0.00    0.00    0.00    0.00    0.00    0.00   98.00
15:14:12      21    2.00    0.00    0.00    0.00    0.00    0.00    0.00    0.00    0.00   98.00
15:14:12      22    2.02    0.00    0.00    0.00    0.00    0.00    0.00    0.00    0.00   97.98
15:14:12      23    3.00    0.00    1.00    0.00    0.00    0.00    0.00    0.00    0.00   96.00

15:14:12     CPU    %usr   %nice    %sys %iowait    %irq   %soft  %steal  %guest  %gnice   %idle
15:14:13     all    1.55    0.00    0.46    0.13    0.00    0.08    0.00    0.00    0.00   97.79
15:14:13       0    1.00    0.00    1.00    0.00    0.00    0.00    0.00    0.00    0.00   98.00
15:14:13       1    0.00    0.00    0.00    0.00    0.00    0.00    0.00    0.00    0.00  100.00
15:14:13       2    2.02    0.00    0.00    1.01    0.00    0.00    0.00    0.00    0.00   96.97
15:14:13       3    0.00    0.00    0.00    0.00    0.00    0.00    0.00    0.00    0.00  100.00
15:14:13       4    1.02    0.00    0.00    0.00    0.00    0.00    0.00    0.00    0.00   98.98
15:14:13       5    0.00    0.00    0.00    0.00    0.00    0.00    0.00    0.00    0.00  100.00
15:14:13       6    3.00    0.00    0.00    0.00    0.00    0.00    0.00    0.00    0.00   97.00
15:14:13       7    0.00    0.00    0.00    0.00    0.00    0.00    0.00    0.00    0.00  100.00
15:14:13       8    7.92    0.00    0.99    0.00    0.00    0.00    0.00    0.00    0.00   91.09
15:14:13       9    0.00    0.00    0.00    0.00    0.00    0.00    0.00    0.00    0.00  100.00
15:14:13      10    3.03    0.00    1.01    0.00    0.00    0.00    0.00    0.00    0.00   95.96
15:14:13      11    0.00    0.00    0.00    0.00    0.00    0.00    0.00    0.00    0.00  100.00
15:14:13      12    6.12    0.00    0.00    0.00    0.00    0.00    0.00    0.00    0.00   93.88
15:14:13      13    0.00    0.00    0.00    1.01    0.00    0.00    0.00    0.00    0.00   98.99
15:14:13      14    1.00    0.00    1.00    1.00    0.00    0.00    0.00    0.00    0.00   97.00
15:14:13      15    1.00    0.00    1.00    0.00    0.00    2.00    0.00    0.00    0.00   96.00
15:14:13      16    1.98    0.00    0.99    0.00    0.00    0.00    0.00    0.00    0.00   97.03
15:14:13      17    1.00    0.00    1.00    0.00    0.00    0.00    0.00    0.00    0.00   98.00
15:14:13      18    1.01    0.00    0.00    0.00    0.00    0.00    0.00    0.00    0.00   98.99
15:14:13      19    0.00    0.00    1.00    0.00    0.00    0.00    0.00    0.00    0.00   99.00
15:14:13      20    0.99    0.00    0.99    0.00    0.00    0.00    0.00    0.00    0.00   98.02
15:14:13      21    2.00    0.00    0.00    0.00    0.00    0.00    0.00    0.00    0.00   98.00
15:14:13      22    2.02    0.00    2.02    0.00    0.00    0.00    0.00    0.00    0.00   95.96
15:14:13      23    2.00    0.00    0.00    0.00    0.00    0.00    0.00    0.00    0.00   98.00

15:14:13     CPU    %usr   %nice    %sys %iowait    %irq   %soft  %steal  %guest  %gnice   %idle
15:14:14     all    1.63    0.00    0.38    0.00    0.00    0.17    0.00    0.00    0.00   97.83
15:14:14       0    1.00    0.00    0.00    0.00    0.00    0.00    0.00    0.00    0.00   99.00
15:14:14       1    0.00    0.00    0.00    0.00    0.00    0.00    0.00    0.00    0.00  100.00
15:14:14       2    1.01    0.00    0.00    0.00    0.00    0.00    0.00    0.00    0.00   98.99
15:14:14       3    0.00    0.00    0.00    0.00    0.00    0.99    0.00    0.00    0.00   99.01
15:14:14       4    2.00    0.00    1.00    0.00    0.00    0.00    0.00    0.00    0.00   97.00
15:14:14       5    0.00    0.00    0.00    0.00    0.00    0.00    0.00    0.00    0.00  100.00
15:14:14       6    2.02    0.00    0.00    0.00    0.00    0.00    0.00    0.00    0.00   97.98
15:14:14       7    0.00    0.00    0.00    0.00    0.00    0.00    0.00    0.00    0.00  100.00
15:14:14       8    8.00    0.00    2.00    0.00    0.00    0.00    0.00    0.00    0.00   90.00
15:14:14       9    0.00    0.00    0.00    0.00    0.00    0.99    0.00    0.00    0.00   99.01
15:14:14      10    6.06    0.00    2.02    0.00    0.00    0.00    0.00    0.00    0.00   91.92
15:14:14      11    0.00    0.00    0.00    0.00    0.00    0.00    0.00    0.00    0.00  100.00
15:14:14      12    3.96    0.00    0.99    0.00    0.00    0.00    0.00    0.00    0.00   95.05
15:14:14      13    0.00    0.00    0.00    0.00    0.00    0.00    0.00    0.00    0.00  100.00
15:14:14      14    0.00    0.00    0.00    0.00    0.00    0.00    0.00    0.00    0.00  100.00
15:14:14      15    0.00    0.00    0.00    0.00    0.00    2.02    0.00    0.00    0.00   97.98
15:14:14      16    1.00    0.00    1.00    0.00    0.00    0.00    0.00    0.00    0.00   98.00
15:14:14      17    1.01    0.00    0.00    0.00    0.00    0.00    0.00    0.00    0.00   98.99
15:14:14      18    1.00    0.00    0.00    0.00    0.00    0.00    0.00    0.00    0.00   99.00
15:14:14      19    0.99    0.00    0.99    0.00    0.00    0.00    0.00    0.00    0.00   98.02
15:14:14      20    3.00    0.00    0.00    0.00    0.00    0.00    0.00    0.00    0.00   97.00
15:14:14      21    2.00    0.00    1.00    0.00    0.00    0.00    0.00    0.00    0.00   97.00
15:14:14      22    4.04    0.00    0.00    0.00    0.00    0.00    0.00    0.00    0.00   95.96
15:14:14      23    2.02    0.00    0.00    0.00    0.00    0.00    0.00    0.00    0.00   97.98

15:14:14     CPU    %usr   %nice    %sys %iowait    %irq   %soft  %steal  %guest  %gnice   %idle
15:14:15     all    1.75    0.00    0.38    0.00    0.00    0.04    0.00    0.00    0.00   97.83
15:14:15       0    3.00    0.00    1.00    0.00    0.00    0.00    0.00    0.00    0.00   96.00
15:14:15       1    0.00    0.00    0.00    0.00    0.00    0.00    0.00    0.00    0.00  100.00
15:14:15       2    2.97    0.00    0.99    0.00    0.00    0.00    0.00    0.00    0.00   96.04
15:14:15       3    4.95    0.00    0.00    0.00    0.00    0.00    0.00    0.00    0.00   95.05
15:14:15       4    1.01    0.00    0.00    0.00    0.00    0.00    0.00    0.00    0.00   98.99
15:14:15       5    0.00    0.00    0.00    0.00    0.00    0.00    0.00    0.00    0.00  100.00
15:14:15       6    2.00    0.00    0.00    0.00    0.00    0.00    0.00    0.00    0.00   98.00
15:14:15       7    0.00    0.00    0.00    0.00    0.00    0.00    0.00    0.00    0.00  100.00
15:14:15       8    3.00    0.00    2.00    0.00    0.00    0.00    0.00    0.00    0.00   95.00
15:14:15       9    0.00    0.00    0.00    0.00    0.00    0.00    0.00    0.00    0.00  100.00
15:14:15      10    6.00    0.00    1.00    0.00    0.00    0.00    0.00    0.00    0.00   93.00
15:14:15      11    0.00    0.00    0.00    0.00    0.00    0.00    0.00    0.00    0.00  100.00
15:14:15      12    1.00    0.00    0.00    0.00    0.00    0.00    0.00    0.00    0.00   99.00
15:14:15      13    0.00    0.00    0.00    0.00    0.00    0.00    0.00    0.00    0.00  100.00
15:14:15      14    1.00    0.00    1.00    0.00    0.00    0.00    0.00    0.00    0.00   98.00
15:14:15      15    1.00    0.00    1.00    0.00    0.00    1.00    0.00    0.00    0.00   97.00
15:14:15      16    2.00    0.00    0.00    0.00    0.00    0.00    0.00    0.00    0.00   98.00
15:14:15      17    2.00    0.00    0.00    0.00    0.00    0.00    0.00    0.00    0.00   98.00
15:14:15      18    1.98    0.00    0.99    0.00    0.00    0.00    0.00    0.00    0.00   97.03
15:14:15      19    1.00    0.00    0.00    0.00    0.00    0.00    0.00    0.00    0.00   99.00
15:14:15      20    3.00    0.00    1.00    0.00    0.00    0.00    0.00    0.00    0.00   96.00
15:14:15      21    2.02    0.00    0.00    0.00    0.00    0.00    0.00    0.00    0.00   97.98
15:14:15      22    1.02    0.00    0.00    0.00    0.00    0.00    0.00    0.00    0.00   98.98
15:14:15      23    3.00    0.00    0.00    0.00    0.00    0.00    0.00    0.00    0.00   97.00

15:14:15     CPU    %usr   %nice    %sys %iowait    %irq   %soft  %steal  %guest  %gnice   %idle
15:14:16     all    1.63    0.00    0.42    0.00    0.00    0.08    0.00    0.00    0.00   97.87
15:14:16       0    1.02    0.00    0.00    0.00    0.00    0.00    0.00    0.00    0.00   98.98
15:14:16       1    0.00    0.00    0.00    0.00    0.00    0.00    0.00    0.00    0.00  100.00
15:14:16       2    1.01    0.00    0.00    0.00    0.00    0.00    0.00    0.00    0.00   98.99
15:14:16       3    4.04    0.00    0.00    0.00    0.00    0.00    0.00    0.00    0.00   95.96
15:14:16       4    2.00    0.00    0.00    0.00    0.00    0.00    0.00    0.00    0.00   98.00
15:14:16       5    0.00    0.00    0.00    0.00    0.00    0.00    0.00    0.00    0.00  100.00
15:14:16       6    2.00    0.00    1.00    0.00    0.00    0.00    0.00    0.00    0.00   97.00
15:14:16       7    0.00    0.00    0.00    0.00    0.00    0.00    0.00    0.00    0.00  100.00
15:14:16       8    3.00    0.00    1.00    0.00    0.00    0.00    0.00    0.00    0.00   96.00
15:14:16       9    0.00    0.00    0.00    0.00    0.00    0.00    0.00    0.00    0.00  100.00
15:14:16      10    6.06    0.00    1.01    0.00    0.00    0.00    0.00    0.00    0.00   92.93
15:14:16      11    0.00    0.00    0.00    0.00    0.00    0.00    0.00    0.00    0.00  100.00
15:14:16      12    2.02    0.00    1.01    0.00    0.00    0.00    0.00    0.00    0.00   96.97
15:14:16      13    0.00    0.00    0.00    0.00    0.00    0.00    0.00    0.00    0.00  100.00
15:14:16      14    2.00    0.00    0.00    0.00    0.00    0.00    0.00    0.00    0.00   98.00
15:14:16      15    0.00    0.00    1.00    0.00    0.00    2.00    0.00    0.00    0.00   97.00
15:14:16      16    3.00    0.00    0.00    0.00    0.00    0.00    0.00    0.00    0.00   97.00
15:14:16      17    3.96    0.00    0.99    0.00    0.00    0.00    0.00    0.00    0.00   95.05
15:14:16      18    1.01    0.00    0.00    0.00    0.00    0.00    0.00    0.00    0.00   98.99
15:14:16      19    2.02    0.00    0.00    0.00    0.00    0.00    0.00    0.00    0.00   97.98
15:14:16      20    1.01    0.00    1.01    0.00    0.00    0.00    0.00    0.00    0.00   97.98
15:14:16      21    1.98    0.00    0.99    0.00    0.00    0.00    0.00    0.00    0.00   97.03
15:14:16      22    1.98    0.00    0.99    0.00    0.00    0.00    0.00    0.00    0.00   97.03
15:14:16      23    0.99    0.00    0.99    0.00    0.00    0.00    0.00    0.00    0.00   98.02

15:14:16     CPU    %usr   %nice    %sys %iowait    %irq   %soft  %steal  %guest  %gnice   %idle
15:14:17     all    1.50    0.00    0.46    0.00    0.00    0.08    0.00    0.00    0.00   97.95
15:14:17       0    1.00    0.00    0.00    0.00    0.00    0.00    0.00    0.00    0.00   99.00
15:14:17       1    0.00    0.00    0.00    0.00    0.00    0.00    0.00    0.00    0.00  100.00
15:14:17       2    1.00    0.00    0.00    0.00    0.00    0.00    0.00    0.00    0.00   99.00
15:14:17       3    0.00    0.00    0.00    0.00    0.00    0.00    0.00    0.00    0.00  100.00
15:14:17       4    3.00    0.00    1.00    0.00    0.00    0.00    0.00    0.00    0.00   96.00
15:14:17       5    0.00    0.00    0.00    0.00    0.00    0.00    0.00    0.00    0.00  100.00
15:14:17       6    2.02    0.00    1.01    0.00    0.00    0.00    0.00    0.00    0.00   96.97
15:14:17       7    0.00    0.00    0.00    0.00    0.00    0.00    0.00    0.00    0.00  100.00
15:14:17       8    7.07    0.00    0.00    0.00    0.00    0.00    0.00    0.00    0.00   92.93
15:14:17       9    0.00    0.00    0.00    0.00    0.00    0.00    0.00    0.00    0.00  100.00
15:14:17      10    6.00    0.00    3.00    0.00    0.00    0.00    0.00    0.00    0.00   91.00
15:14:17      11    0.00    0.00    0.00    0.00    0.00    0.00    0.00    0.00    0.00  100.00
15:14:17      12    3.00    0.00    1.00    0.00    0.00    0.00    0.00    0.00    0.00   96.00
15:14:17      13    0.00    0.00    0.00    0.00    0.00    0.00    0.00    0.00    0.00  100.00
15:14:17      14    1.01    0.00    1.01    0.00    0.00    0.00    0.00    0.00    0.00   97.98
15:14:17      15    1.00    0.00    0.00    0.00    0.00    2.00    0.00    0.00    0.00   97.00
15:14:17      16    1.00    0.00    1.00    0.00    0.00    0.00    0.00    0.00    0.00   98.00
15:14:17      17    1.00    0.00    1.00    0.00    0.00    0.00    0.00    0.00    0.00   98.00
15:14:17      18    0.00    0.00    0.00    0.00    0.00    0.00    0.00    0.00    0.00  100.00
15:14:17      19    0.00    0.00    0.00    0.00    0.00    0.00    0.00    0.00    0.00  100.00
15:14:17      20    2.94    0.00    0.98    0.00    0.00    0.00    0.00    0.00    0.00   96.08
15:14:17      21    2.00    0.00    1.00    0.00    0.00    0.00    0.00    0.00    0.00   97.00
15:14:17      22    1.02    0.00    0.00    0.00    0.00    0.00    0.00    0.00    0.00   98.98
15:14:17      23    3.03    0.00    0.00    0.00    0.00    0.00    0.00    0.00    0.00   96.97

15:14:17     CPU    %usr   %nice    %sys %iowait    %irq   %soft  %steal  %guest  %gnice   %idle
15:14:18     all    1.59    0.00    0.42    0.04    0.00    0.08    0.00    0.00    0.00   97.87
15:14:18       0    1.00    0.00    0.00    0.00    0.00    0.00    0.00    0.00    0.00   99.00
15:14:18       1    0.00    0.00    0.00    0.00    0.00    0.00    0.00    0.00    0.00  100.00
15:14:18       2    1.01    0.00    0.00    0.00    0.00    0.00    0.00    0.00    0.00   98.99
15:14:18       3    0.00    0.00    0.00    0.00    0.00    0.00    0.00    0.00    0.00  100.00
15:14:18       4    2.02    0.00    1.01    0.00    0.00    0.00    0.00    0.00    0.00   96.97
15:14:18       5    0.00    0.00    0.00    0.00    0.00    0.00    0.00    0.00    0.00  100.00
15:14:18       6    1.01    0.00    0.00    0.00    0.00    0.00    0.00    0.00    0.00   98.99
15:14:18       7    0.00    0.00    0.00    0.00    0.00    0.00    0.00    0.00    0.00  100.00
15:14:18       8    7.00    0.00    1.00    0.00    0.00    0.00    0.00    0.00    0.00   92.00
15:14:18       9    0.00    0.00    0.00    0.00    0.00    0.00    0.00    0.00    0.00  100.00
15:14:18      10    6.00    0.00    3.00    0.00    0.00    0.00    0.00    0.00    0.00   91.00
15:14:18      11    0.00    0.00    0.00    0.00    0.00    0.00    0.00    0.00    0.00  100.00
15:14:18      12    4.00    0.00    0.00    0.00    0.00    0.00    0.00    0.00    0.00   96.00
15:14:18      13    0.00    0.00    0.00    1.00    0.00    0.00    0.00    0.00    0.00   99.00
15:14:18      14    3.96    0.00    0.99    0.00    0.00    0.00    0.00    0.00    0.00   95.05
15:14:18      15    0.00    0.00    1.01    0.00    0.00    2.02    0.00    0.00    0.00   96.97
15:14:18      16    1.00    0.00    0.00    0.00    0.00    0.00    0.00    0.00    0.00   99.00
15:14:18      17    0.00    0.00    1.00    0.00    0.00    0.00    0.00    0.00    0.00   99.00
15:14:18      18    1.01    0.00    0.00    0.00    0.00    0.00    0.00    0.00    0.00   98.99
15:14:18      19    0.99    0.00    0.99    0.00    0.00    0.00    0.00    0.00    0.00   98.02
15:14:18      20    2.00    0.00    0.00    0.00    0.00    0.00    0.00    0.00    0.00   98.00
15:14:18      21    2.00    0.00    0.00    0.00    0.00    0.00    0.00    0.00    0.00   98.00
15:14:18      22    2.02    0.00    0.00    0.00    0.00    0.00    0.00    0.00    0.00   97.98
15:14:18      23    3.00    0.00    1.00    0.00    0.00    0.00    0.00    0.00    0.00   96.00

15:14:18     CPU    %usr   %nice    %sys %iowait    %irq   %soft  %steal  %guest  %gnice   %idle
15:14:19     all    1.54    0.00    0.50    0.04    0.00    0.13    0.00    0.00    0.00   97.79
15:14:19       0    2.00    0.00    1.00    1.00    0.00    0.00    0.00    0.00    0.00   96.00
15:14:19       1    0.00    0.00    0.00    0.00    0.00    0.00    0.00    0.00    0.00  100.00
15:14:19       2    0.00    0.00    0.00    0.00    0.00    0.00    0.00    0.00    0.00  100.00
15:14:19       3    0.00    0.00    0.00    0.00    0.00    0.00    0.00    0.00    0.00  100.00
15:14:19       4    1.00    0.00    0.00    0.00    0.00    0.00    0.00    0.00    0.00   99.00
15:14:19       5    0.00    0.00    0.00    0.00    0.00    0.00    0.00    0.00    0.00  100.00
15:14:19       6    2.97    0.00    0.00    0.00    0.00    0.00    0.00    0.00    0.00   97.03
15:14:19       7    0.00    0.00    0.00    0.00    0.00    0.00    0.00    0.00    0.00  100.00
15:14:19       8    6.00    0.00    0.00    0.00    0.00    0.00    0.00    0.00    0.00   94.00
15:14:19       9    0.00    0.00    0.00    0.00    0.00    0.00    0.00    0.00    0.00  100.00
15:14:19      10    5.05    0.00    3.03    0.00    0.00    0.00    0.00    0.00    0.00   91.92
15:14:19      11    0.00    0.00    0.00    0.00    0.00    0.00    0.00    0.00    0.00  100.00
15:14:19      12    6.00    0.00    2.00    0.00    0.00    0.00    0.00    0.00    0.00   92.00
15:14:19      13    0.00    0.00    0.00    0.00    0.00    0.00    0.00    0.00    0.00  100.00
15:14:19      14    2.02    0.00    1.01    0.00    0.00    0.00    0.00    0.00    0.00   96.97
15:14:19      15    0.00    0.00    0.99    0.00    0.00    2.97    0.00    0.00    0.00   96.04
15:14:19      16    0.00    0.00    0.00    0.00    0.00    0.00    0.00    0.00    0.00  100.00
15:14:19      17    2.02    0.00    0.00    0.00    0.00    0.00    0.00    0.00    0.00   97.98
15:14:19      18    1.00    0.00    1.00    0.00    0.00    0.00    0.00    0.00    0.00   98.00
15:14:19      19    1.01    0.00    0.00    0.00    0.00    0.00    0.00    0.00    0.00   98.99
15:14:19      20    2.02    0.00    0.00    0.00    0.00    0.00    0.00    0.00    0.00   97.98
15:14:19      21    0.99    0.00    0.99    0.00    0.00    0.00    0.00    0.00    0.00   98.02
15:14:19      22    2.02    0.00    1.01    0.00    0.00    0.00    0.00    0.00    0.00   96.97
15:14:19      23    2.94    0.00    0.98    0.00    0.00    0.00    0.00    0.00    0.00   96.08

15:14:19     CPU    %usr   %nice    %sys %iowait    %irq   %soft  %steal  %guest  %gnice   %idle
15:14:20     all    1.59    0.00    0.33    0.00    0.00    0.08    0.00    0.00    0.00   97.99
15:14:20       0    3.03    0.00    1.01    0.00    0.00    0.00    0.00    0.00    0.00   95.96
15:14:20       1    0.00    0.00    0.00    0.00    0.00    0.00    0.00    0.00    0.00  100.00
15:14:20       2    1.00    0.00    0.00    0.00    0.00    0.00    0.00    0.00    0.00   99.00
15:14:20       3    0.00    0.00    0.00    0.00    0.00    0.00    0.00    0.00    0.00  100.00
15:14:20       4    4.04    0.00    0.00    0.00    0.00    0.00    0.00    0.00    0.00   95.96
15:14:20       5    0.00    0.00    0.00    0.00    0.00    0.00    0.00    0.00    0.00  100.00
15:14:20       6    1.01    0.00    0.00    0.00    0.00    0.00    0.00    0.00    0.00   98.99
15:14:20       7    0.00    0.00    0.00    0.00    0.00    0.00    0.00    0.00    0.00  100.00
15:14:20       8   10.10    0.00    0.00    0.00    0.00    0.00    0.00    0.00    0.00   89.90
15:14:20       9    0.00    0.00    0.00    0.00    0.00    0.00    0.00    0.00    0.00  100.00
15:14:20      10    7.00    0.00    1.00    0.00    0.00    0.00    0.00    0.00    0.00   92.00
15:14:20      11    0.99    0.00    0.00    0.00    0.00    0.00    0.00    0.00    0.00   99.01
15:14:20      12    2.00    0.00    1.00    0.00    0.00    0.00    0.00    0.00    0.00   97.00
15:14:20      13    0.00    0.00    0.00    0.00    0.00    0.00    0.00    0.00    0.00  100.00
15:14:20      14    1.96    0.00    0.98    0.00    0.00    0.00    0.00    0.00    0.00   97.06
15:14:20      15    1.00    0.00    1.00    0.00    0.00    2.00    0.00    0.00    0.00   96.00
15:14:20      16    1.00    0.00    1.00    0.00    0.00    0.00    0.00    0.00    0.00   98.00
15:14:20      17    1.00    0.00    1.00    0.00    0.00    0.00    0.00    0.00    0.00   98.00
15:14:20      18    0.00    0.00    0.00    0.00    0.00    0.00    0.00    0.00    0.00  100.00
15:14:20      19    0.00    0.00    0.00    0.00    0.00    0.00    0.00    0.00    0.00  100.00
15:14:20      20    0.00    0.00    0.00    0.00    0.00    0.00    0.00    0.00    0.00  100.00
15:14:20      21    1.01    0.00    1.01    0.00    0.00    0.00    0.00    0.00    0.00   97.98
15:14:20      22    2.02    0.00    0.00    0.00    0.00    0.00    0.00    0.00    0.00   97.98
15:14:20      23    1.00    0.00    0.00    0.00    0.00    0.00    0.00    0.00    0.00   99.00

15:14:20     CPU    %usr   %nice    %sys %iowait    %irq   %soft  %steal  %guest  %gnice   %idle
15:14:21     all    1.79    0.00    0.46    0.08    0.00    0.08    0.00    0.00    0.00   97.58
15:14:21       0    2.00    0.00    1.00    0.00    0.00    0.00    0.00    0.00    0.00   97.00
15:14:21       1    0.00    0.00    0.00    0.00    0.00    0.00    0.00    0.00    0.00  100.00
15:14:21       2    1.01    0.00    1.01    1.01    0.00    0.00    0.00    0.00    0.00   96.97
15:14:21       3    0.99    0.00    0.00    0.00    0.00    0.00    0.00    0.00    0.00   99.01
15:14:21       4    2.97    0.00    0.99    0.00    0.00    0.00    0.00    0.00    0.00   96.04
15:14:21       5    0.00    0.00    0.00    0.00    0.00    0.00    0.00    0.00    0.00  100.00
15:14:21       6    2.00    0.00    1.00    0.00    0.00    0.00    0.00    0.00    0.00   97.00
15:14:21       7    0.00    0.00    0.00    0.00    0.00    0.00    0.00    0.00    0.00  100.00
15:14:21       8    6.06    0.00    0.00    0.00    0.00    0.00    0.00    0.00    0.00   93.94
15:14:21       9    0.00    0.00    0.00    0.00    0.00    0.00    0.00    0.00    0.00  100.00
15:14:21      10    7.07    0.00    2.02    0.00    0.00    0.00    0.00    0.00    0.00   90.91
15:14:21      11    0.00    0.00    0.00    0.00    0.00    0.00    0.00    0.00    0.00  100.00
15:14:21      12    2.00    0.00    0.00    0.00    0.00    0.00    0.00    0.00    0.00   98.00
15:14:21      13    0.00    0.00    0.00    0.99    0.00    0.00    0.00    0.00    0.00   99.01
15:14:21      14    5.00    0.00    1.00    0.00    0.00    0.00    0.00    0.00    0.00   94.00
15:14:21      15    0.99    0.00    0.99    0.00    0.00    1.98    0.00    0.00    0.00   96.04
15:14:21      16    2.00    0.00    1.00    0.00    0.00    0.00    0.00    0.00    0.00   97.00
15:14:21      17    1.00    0.00    0.00    0.00    0.00    0.00    0.00    0.00    0.00   99.00
15:14:21      18    0.99    0.00    0.99    0.00    0.00    0.00    0.00    0.00    0.00   98.02
15:14:21      19    0.99    0.00    0.99    0.00    0.00    0.00    0.00    0.00    0.00   98.02
15:14:21      20    1.00    0.00    0.00    0.00    0.00    0.00    0.00    0.00    0.00   99.00
15:14:21      21    1.00    0.00    0.00    0.00    0.00    0.00    0.00    0.00    0.00   99.00
15:14:21      22    3.03    0.00    0.00    0.00    0.00    0.00    0.00    0.00    0.00   96.97
15:14:21      23    3.03    0.00    0.00    0.00    0.00    0.00    0.00    0.00    0.00   96.97

15:14:21     CPU    %usr   %nice    %sys %iowait    %irq   %soft  %steal  %guest  %gnice   %idle
15:14:22     all    2.26    0.00    0.42    0.00    0.00    0.08    0.00    0.00    0.00   97.24
15:14:22       0    3.00    0.00    0.00    0.00    0.00    0.00    0.00    0.00    0.00   97.00
15:14:22       1    0.00    0.00    0.00    0.00    0.00    0.00    0.00    0.00    0.00  100.00
15:14:22       2    2.00    0.00    1.00    0.00    0.00    0.00    0.00    0.00    0.00   97.00
15:14:22       3    0.00    0.00    0.00    0.00    0.00    0.00    0.00    0.00    0.00  100.00
15:14:22       4    3.00    0.00    0.00    0.00    0.00    0.00    0.00    0.00    0.00   97.00
15:14:22       5    0.00    0.00    0.00    0.00    0.00    0.00    0.00    0.00    0.00  100.00
15:14:22       6    4.00    0.00    0.00    0.00    0.00    0.00    0.00    0.00    0.00   96.00
15:14:22       7    0.00    0.00    0.00    0.00    0.00    0.00    0.00    0.00    0.00  100.00
15:14:22       8   10.10    0.00    1.01    0.00    0.00    0.00    0.00    0.00    0.00   88.89
15:14:22       9    0.00    0.00    0.00    0.00    0.00    0.00    0.00    0.00    0.00  100.00
15:14:22      10    8.00    0.00    2.00    0.00    0.00    0.00    0.00    0.00    0.00   90.00
15:14:22      11    0.00    0.00    0.00    0.00    0.00    0.00    0.00    0.00    0.00  100.00
15:14:22      12    1.00    0.00    1.00    0.00    0.00    0.00    0.00    0.00    0.00   98.00
15:14:22      13    0.00    0.00    0.00    0.00    0.00    0.00    0.00    0.00    0.00  100.00
15:14:22      14    3.00    0.00    1.00    0.00    0.00    0.00    0.00    0.00    0.00   96.00
15:14:22      15    0.00    0.00    0.00    0.00    0.00    2.04    0.00    0.00    0.00   97.96
15:14:22      16    1.01    0.00    0.00    0.00    0.00    0.00    0.00    0.00    0.00   98.99
15:14:22      17    1.01    0.00    1.01    0.00    0.00    0.00    0.00    0.00    0.00   97.98
15:14:22      18    1.01    0.00    0.00    0.00    0.00    0.00    0.00    0.00    0.00   98.99
15:14:22      19    1.00    0.00    0.00    0.00    0.00    0.00    0.00    0.00    0.00   99.00
15:14:22      20    4.00    0.00    1.00    0.00    0.00    0.00    0.00    0.00    0.00   95.00
15:14:22      21    3.00    0.00    0.00    0.00    0.00    0.00    0.00    0.00    0.00   97.00
15:14:22      22    4.08    0.00    1.02    0.00    0.00    0.00    0.00    0.00    0.00   94.90
15:14:22      23    5.00    0.00    1.00    0.00    0.00    0.00    0.00    0.00    0.00   94.00

15:14:22     CPU    %usr   %nice    %sys %iowait    %irq   %soft  %steal  %guest  %gnice   %idle
15:14:23     all    1.71    0.00    0.54    0.00    0.00    0.13    0.00    0.00    0.00   97.62
15:14:23       0    2.02    0.00    1.01    0.00    0.00    0.00    0.00    0.00    0.00   96.97
15:14:23       1    0.00    0.00    1.00    0.00    0.00    0.00    0.00    0.00    0.00   99.00
15:14:23       2    1.00    0.00    0.00    0.00    0.00    0.00    0.00    0.00    0.00   99.00
15:14:23       3    0.00    0.00    0.99    0.00    0.00    0.00    0.00    0.00    0.00   99.01
15:14:23       4    2.02    0.00    1.01    0.00    0.00    0.00    0.00    0.00    0.00   96.97
15:14:23       5    0.00    0.00    0.00    0.00    0.00    0.00    0.00    0.00    0.00  100.00
15:14:23       6    2.02    0.00    1.01    0.00    0.00    0.00    0.00    0.00    0.00   96.97
15:14:23       7    0.00    0.00    0.00    0.00    0.00    0.00    0.00    0.00    0.00  100.00
15:14:23       8    8.00    0.00    0.00    0.00    0.00    0.00    0.00    0.00    0.00   92.00
15:14:23       9    1.01    0.00    0.00    0.00    0.00    0.00    0.00    0.00    0.00   98.99
15:14:23      10    7.07    0.00    1.01    0.00    0.00    0.00    0.00    0.00    0.00   91.92
15:14:23      11    0.00    0.00    0.00    0.00    0.00    0.00    0.00    0.00    0.00  100.00
15:14:23      12    2.02    0.00    0.00    0.00    0.00    0.00    0.00    0.00    0.00   97.98
15:14:23      13    0.00    0.00    0.00    0.00    0.00    0.00    0.00    0.00    0.00  100.00
15:14:23      14    1.01    0.00    0.00    0.00    0.00    0.00    0.00    0.00    0.00   98.99
15:14:23      15    0.98    0.00    0.98    0.00    0.00    2.94    0.00    0.00    0.00   95.10
15:14:23      16    1.01    0.00    1.01    0.00    0.00    0.00    0.00    0.00    0.00   97.98
15:14:23      17    2.97    0.00    0.99    0.00    0.00    0.00    0.00    0.00    0.00   96.04
15:14:23      18    1.98    0.00    1.98    0.00    0.00    0.00    0.00    0.00    0.00   96.04
15:14:23      19    0.00    0.00    0.00    0.00    0.00    0.00    0.00    0.00    0.00  100.00
15:14:23      20    3.00    0.00    1.00    0.00    0.00    0.00    0.00    0.00    0.00   96.00
15:14:23      21    1.01    0.00    1.01    0.00    0.00    0.00    0.00    0.00    0.00   97.98
15:14:23      22    2.02    0.00    0.00    0.00    0.00    0.00    0.00    0.00    0.00   97.98
15:14:23      23    2.02    0.00    0.00    0.00    0.00    0.00    0.00    0.00    0.00   97.98

15:14:23     CPU    %usr   %nice    %sys %iowait    %irq   %soft  %steal  %guest  %gnice   %idle
15:14:24     all    1.79    0.00    0.50    0.00    0.00    0.08    0.00    0.00    0.00   97.63
15:14:24       0    2.00    0.00    0.00    0.00    0.00    0.00    0.00    0.00    0.00   98.00
15:14:24       1    0.00    0.00    0.00    0.00    0.00    0.00    0.00    0.00    0.00  100.00
15:14:24       2    2.00    0.00    1.00    0.00    0.00    0.00    0.00    0.00    0.00   97.00
15:14:24       3    0.00    0.00    0.00    0.00    0.00    0.00    0.00    0.00    0.00  100.00
15:14:24       4    2.00    0.00    0.00    0.00    0.00    0.00    0.00    0.00    0.00   98.00
15:14:24       5    0.00    0.00    0.00    0.00    0.00    0.00    0.00    0.00    0.00  100.00
15:14:24       6    2.97    0.00    0.99    0.00    0.00    0.00    0.00    0.00    0.00   96.04
15:14:24       7    0.00    0.00    0.00    0.00    0.00    0.00    0.00    0.00    0.00  100.00
15:14:24       8    6.00    0.00    1.00    0.00    0.00    0.00    0.00    0.00    0.00   93.00
15:14:24       9    0.99    0.00    0.00    0.00    0.00    0.00    0.00    0.00    0.00   99.01
15:14:24      10    6.06    0.00    1.01    0.00    0.00    0.00    0.00    0.00    0.00   92.93
15:14:24      11    1.00    0.00    1.00    0.00    0.00    0.00    0.00    0.00    0.00   98.00
15:14:24      12    4.00    0.00    1.00    0.00    0.00    0.00    0.00    0.00    0.00   95.00
15:14:24      13    0.00    0.00    0.00    0.00    0.00    0.00    0.00    0.00    0.00  100.00
15:14:24      14    1.01    0.00    1.01    0.00    0.00    0.00    0.00    0.00    0.00   97.98
15:14:24      15    0.00    0.00    1.00    0.00    0.00    2.00    0.00    0.00    0.00   97.00
15:14:24      16    3.00    0.00    1.00    0.00    0.00    0.00    0.00    0.00    0.00   96.00
15:14:24      17    2.00    0.00    1.00    0.00    0.00    0.00    0.00    0.00    0.00   97.00
15:14:24      18    2.00    0.00    1.00    0.00    0.00    0.00    0.00    0.00    0.00   97.00
15:14:24      19    1.98    0.00    0.00    0.00    0.00    0.00    0.00    0.00    0.00   98.02
15:14:24      20    1.00    0.00    0.00    0.00    0.00    0.00    0.00    0.00    0.00   99.00
15:14:24      21    0.99    0.00    0.99    0.00    0.00    0.00    0.00    0.00    0.00   98.02
15:14:24      22    2.04    0.00    0.00    0.00    0.00    0.00    0.00    0.00    0.00   97.96
15:14:24      23    1.98    0.00    0.00    0.00    0.00    0.00    0.00    0.00    0.00   98.02

15:14:24     CPU    %usr   %nice    %sys %iowait    %irq   %soft  %steal  %guest  %gnice   %idle
15:14:25     all    1.67    0.00    0.50    0.08    0.00    0.13    0.00    0.00    0.00   97.62
15:14:25       0    2.00    0.00    0.00    0.00    0.00    0.00    0.00    0.00    0.00   98.00
15:14:25       1    0.00    0.00    0.00    0.00    0.00    0.00    0.00    0.00    0.00  100.00
15:14:25       2    2.00    0.00    0.00    0.00    0.00    0.00    0.00    0.00    0.00   98.00
15:14:25       3    0.00    0.00    0.00    0.00    0.00    0.00    0.00    0.00    0.00  100.00
15:14:25       4    1.01    0.00    1.01    0.00    0.00    0.00    0.00    0.00    0.00   97.98
15:14:25       5    0.00    0.00    0.00    0.00    0.00    0.00    0.00    0.00    0.00  100.00
15:14:25       6    1.01    0.00    0.00    0.00    0.00    0.00    0.00    0.00    0.00   98.99
15:14:25       7    0.00    0.00    0.00    0.00    0.00    0.00    0.00    0.00    0.00  100.00
15:14:25       8    7.00    0.00    0.00    0.00    0.00    0.00    0.00    0.00    0.00   93.00
15:14:25       9    0.00    0.00    0.00    0.00    0.00    0.00    0.00    0.00    0.00  100.00
15:14:25      10    4.95    0.00    1.98    0.00    0.00    0.00    0.00    0.00    0.00   93.07
15:14:25      11    1.00    0.00    0.00    0.00    0.00    0.00    0.00    0.00    0.00   99.00
15:14:25      12    3.03    0.00    1.01    0.00    0.00    0.00    0.00    0.00    0.00   95.96
15:14:25      13    0.00    0.00    0.00    1.00    0.00    0.00    0.00    0.00    0.00   99.00
15:14:25      14    2.00    0.00    0.00    0.00    0.00    0.00    0.00    0.00    0.00   98.00
15:14:25      15    0.00    0.00    0.99    0.00    0.00    2.97    0.00    0.00    0.00   96.04
15:14:25      16    2.00    0.00    2.00    0.00    0.00    0.00    0.00    0.00    0.00   96.00
15:14:25      17    1.00    0.00    1.00    0.00    0.00    0.00    0.00    0.00    0.00   98.00
15:14:25      18    2.00    0.00    0.00    1.00    0.00    0.00    0.00    0.00    0.00   97.00
15:14:25      19    0.99    0.00    0.99    0.00    0.00    0.00    0.00    0.00    0.00   98.02
15:14:25      20    2.00    0.00    1.00    0.00    0.00    0.00    0.00    0.00    0.00   97.00
15:14:25      21    2.02    0.00    0.00    0.00    0.00    0.00    0.00    0.00    0.00   97.98
15:14:25      22    3.03    0.00    1.01    0.00    0.00    0.00    0.00    0.00    0.00   95.96
15:14:25      23    2.97    0.00    0.99    0.00    0.00    0.00    0.00    0.00    0.00   96.04

15:14:25     CPU    %usr   %nice    %sys %iowait    %irq   %soft  %steal  %guest  %gnice   %idle
15:14:26     all    1.55    0.00    0.46    0.00    0.00    0.04    0.00    0.00    0.00   97.95
15:14:26       0    2.02    0.00    1.01    0.00    0.00    0.00    0.00    0.00    0.00   96.97
15:14:26       1    0.00    0.00    0.00    0.00    0.00    0.00    0.00    0.00    0.00  100.00
15:14:26       2    0.00    0.00    0.00    0.00    0.00    0.00    0.00    0.00    0.00  100.00
15:14:26       3    0.00    0.00    0.00    0.00    0.00    0.00    0.00    0.00    0.00  100.00
15:14:26       4    1.98    0.00    0.00    0.00    0.00    0.00    0.00    0.00    0.00   98.02
15:14:26       5    0.00    0.00    0.00    0.00    0.00    0.00    0.00    0.00    0.00  100.00
15:14:26       6    2.00    0.00    1.00    0.00    0.00    0.00    0.00    0.00    0.00   97.00
15:14:26       7    0.00    0.00    0.00    0.00    0.00    0.00    0.00    0.00    0.00  100.00
15:14:26       8    7.07    0.00    1.01    0.00    0.00    0.00    0.00    0.00    0.00   91.92
15:14:26       9    0.00    0.00    0.00    0.00    0.00    0.00    0.00    0.00    0.00  100.00
15:14:26      10    7.00    0.00    2.00    0.00    0.00    0.00    0.00    0.00    0.00   91.00
15:14:26      11    0.99    0.00    0.99    0.00    0.00    0.00    0.00    0.00    0.00   98.02
15:14:26      12    2.00    0.00    1.00    0.00    0.00    0.00    0.00    0.00    0.00   97.00
15:14:26      13    0.00    0.00    0.00    0.00    0.00    0.00    0.00    0.00    0.00  100.00
15:14:26      14    1.01    0.00    1.01    0.00    0.00    0.00    0.00    0.00    0.00   97.98
15:14:26      15    1.00    0.00    1.00    0.00    0.00    1.00    0.00    0.00    0.00   97.00
15:14:26      16    2.00    0.00    1.00    0.00    0.00    0.00    0.00    0.00    0.00   97.00
15:14:26      17    1.02    0.00    1.02    0.00    0.00    0.00    0.00    0.00    0.00   97.96
15:14:26      18    1.00    0.00    0.00    0.00    0.00    0.00    0.00    0.00    0.00   99.00
15:14:26      19    1.00    0.00    0.00    0.00    0.00    0.00    0.00    0.00    0.00   99.00
15:14:26      20    1.00    0.00    0.00    0.00    0.00    0.00    0.00    0.00    0.00   99.00
15:14:26      21    1.00    0.00    0.00    0.00    0.00    0.00    0.00    0.00    0.00   99.00
15:14:26      22    3.03    0.00    0.00    0.00    0.00    0.00    0.00    0.00    0.00   96.97
15:14:26      23    2.02    0.00    0.00    0.00    0.00    0.00    0.00    0.00    0.00   97.98

15:14:26     CPU    %usr   %nice    %sys %iowait    %irq   %soft  %steal  %guest  %gnice   %idle
15:14:27     all    1.67    0.00    0.46    0.04    0.00    0.13    0.00    0.00    0.00   97.71
15:14:27       0    1.00    0.00    1.00    0.00    0.00    0.00    0.00    0.00    0.00   98.00
15:14:27       1    0.00    0.00    0.00    0.00    0.00    0.00    0.00    0.00    0.00  100.00
15:14:27       2    3.00    0.00    1.00    0.00    0.00    0.00    0.00    0.00    0.00   96.00
15:14:27       3    0.00    0.00    0.00    0.00    0.00    0.00    0.00    0.00    0.00  100.00
15:14:27       4    3.03    0.00    0.00    0.00    0.00    0.00    0.00    0.00    0.00   96.97
15:14:27       5    0.00    0.00    0.00    0.00    0.00    0.00    0.00    0.00    0.00  100.00
15:14:27       6    4.00    0.00    1.00    0.00    0.00    0.00    0.00    0.00    0.00   95.00
15:14:27       7    0.00    0.00    0.00    0.00    0.00    0.00    0.00    0.00    0.00  100.00
15:14:27       8    8.08    0.00    1.01    0.00    0.00    0.00    0.00    0.00    0.00   90.91
15:14:27       9    0.00    0.00    0.00    0.00    0.00    0.00    0.00    0.00    0.00  100.00
15:14:27      10    4.04    0.00    1.01    0.00    0.00    0.00    0.00    0.00    0.00   94.95
15:14:27      11    0.00    0.00    0.00    0.00    0.00    0.00    0.00    0.00    0.00  100.00
15:14:27      12    2.97    0.00    0.99    0.00    0.00    0.00    0.00    0.00    0.00   96.04
15:14:27      13    0.00    0.00    0.00    0.00    0.00    0.00    0.00    0.00    0.00  100.00
15:14:27      14    3.00    0.00    0.00    0.00    0.00    0.00    0.00    0.00    0.00   97.00
15:14:27      15    0.99    0.00    0.00    0.00    0.00    2.97    0.00    0.00    0.00   96.04
15:14:27      16    1.98    0.00    1.98    0.00    0.00    0.00    0.00    0.00    0.00   96.04
15:14:27      17    1.98    0.00    0.99    0.00    0.00    0.00    0.00    0.00    0.00   97.03
15:14:27      18    1.00    0.00    0.00    0.00    0.00    0.00    0.00    0.00    0.00   99.00
15:14:27      19    0.00    0.00    0.00    0.00    0.00    0.00    0.00    0.00    0.00  100.00
15:14:27      20    1.00    0.00    1.00    1.00    0.00    0.00    0.00    0.00    0.00   97.00
15:14:27      21    1.00    0.00    1.00    0.00    0.00    0.00    0.00    0.00    0.00   98.00
15:14:27      22    1.02    0.00    0.00    0.00    0.00    0.00    0.00    0.00    0.00   98.98
15:14:27      23    2.02    0.00    0.00    0.00    0.00    0.00    0.00    0.00    0.00   97.98

15:14:27     CPU    %usr   %nice    %sys %iowait    %irq   %soft  %steal  %guest  %gnice   %idle
15:14:28     all    1.54    0.00    0.38    0.00    0.00    0.08    0.00    0.00    0.00   98.00
15:14:28       0    1.00    0.00    0.00    0.00    0.00    0.00    0.00    0.00    0.00   99.00
15:14:28       1    0.00    0.00    0.00    0.00    0.00    0.00    0.00    0.00    0.00  100.00
15:14:28       2    2.02    0.00    1.01    0.00    0.00    0.00    0.00    0.00    0.00   96.97
15:14:28       3    0.00    0.00    0.00    0.00    0.00    0.00    0.00    0.00    0.00  100.00
15:14:28       4    1.01    0.00    0.00    0.00    0.00    0.00    0.00    0.00    0.00   98.99
15:14:28       5    0.00    0.00    0.00    0.00    0.00    0.00    0.00    0.00    0.00  100.00
15:14:28       6    2.00    0.00    0.00    0.00    0.00    0.00    0.00    0.00    0.00   98.00
15:14:28       7    0.00    0.00    0.00    0.00    0.00    0.00    0.00    0.00    0.00  100.00
15:14:28       8    6.00    0.00    2.00    0.00    0.00    0.00    0.00    0.00    0.00   92.00
15:14:28       9    0.00    0.00    0.00    0.00    0.00    0.00    0.00    0.00    0.00  100.00
15:14:28      10    5.00    0.00    1.00    0.00    0.00    0.00    0.00    0.00    0.00   94.00
15:14:28      11    0.00    0.00    0.00    0.00    0.00    0.00    0.00    0.00    0.00  100.00
15:14:28      12    4.04    0.00    1.01    0.00    0.00    0.00    0.00    0.00    0.00   94.95
15:14:28      13    0.00    0.00    0.00    0.00    0.00    0.00    0.00    0.00    0.00  100.00
15:14:28      14    2.02    0.00    1.01    0.00    0.00    0.00    0.00    0.00    0.00   96.97
15:14:28      15    1.00    0.00    1.00    0.00    0.00    2.00    0.00    0.00    0.00   96.00
15:14:28      16    1.01    0.00    0.00    0.00    0.00    0.00    0.00    0.00    0.00   98.99
15:14:28      17    1.00    0.00    0.00    0.00    0.00    0.00    0.00    0.00    0.00   99.00
15:14:28      18    1.00    0.00    1.00    0.00    0.00    0.00    0.00    0.00    0.00   98.00
15:14:28      19    0.99    0.00    0.00    0.00    0.00    0.00    0.00    0.00    0.00   99.01
15:14:28      20    3.00    0.00    0.00    0.00    0.00    0.00    0.00    0.00    0.00   97.00
15:14:28      21    1.00    0.00    0.00    0.00    0.00    0.00    0.00    0.00    0.00   99.00
15:14:28      22    2.00    0.00    1.00    0.00    0.00    0.00    0.00    0.00    0.00   97.00
15:14:28      23    3.00    0.00    0.00    0.00    0.00    0.00    0.00    0.00    0.00   97.00

15:14:28     CPU    %usr   %nice    %sys %iowait    %irq   %soft  %steal  %guest  %gnice   %idle
15:14:29     all    1.42    0.00    0.33    0.00    0.00    0.13    0.00    0.00    0.00   98.12
15:14:29       0    1.01    0.00    0.00    0.00    0.00    0.00    0.00    0.00    0.00   98.99
15:14:29       1    0.00    0.00    0.00    0.00    0.00    0.00    0.00    0.00    0.00  100.00
15:14:29       2    1.98    0.00    0.00    0.00    0.00    0.00    0.00    0.00    0.00   98.02
15:14:29       3    0.00    0.00    0.00    0.00    0.00    0.00    0.00    0.00    0.00  100.00
15:14:29       4    2.00    0.00    1.00    0.00    0.00    0.00    0.00    0.00    0.00   97.00
15:14:29       5    0.00    0.00    0.00    0.00    0.00    0.00    0.00    0.00    0.00  100.00
15:14:29       6    1.01    0.00    0.00    0.00    0.00    0.00    0.00    0.00    0.00   98.99
15:14:29       7    0.00    0.00    0.00    0.00    0.00    0.00    0.00    0.00    0.00  100.00
15:14:29       8    7.07    0.00    1.01    0.00    0.00    0.00    0.00    0.00    0.00   91.92
15:14:29       9    0.00    0.00    0.00    0.00    0.00    0.00    0.00    0.00    0.00  100.00
15:14:29      10    4.04    0.00    0.00    0.00    0.00    0.00    0.00    0.00    0.00   95.96
15:14:29      11    0.00    0.00    0.00    0.00    0.00    0.00    0.00    0.00    0.00  100.00
15:14:29      12    5.00    0.00    0.00    0.00    0.00    0.00    0.00    0.00    0.00   95.00
15:14:29      13    0.00    0.00    0.00    0.00    0.00    0.00    0.00    0.00    0.00  100.00
15:14:29      14    3.00    0.00    1.00    0.00    0.00    0.00    0.00    0.00    0.00   96.00
15:14:29      15    0.00    0.00    0.99    0.00    0.00    2.97    0.00    0.00    0.00   96.04
15:14:29      16    1.00    0.00    1.00    0.00    0.00    0.00    0.00    0.00    0.00   98.00
15:14:29      17    1.00    0.00    1.00    0.00    0.00    0.00    0.00    0.00    0.00   98.00
15:14:29      18    2.00    0.00    0.00    0.00    0.00    0.00    0.00    0.00    0.00   98.00
15:14:29      19    0.00    0.00    0.00    0.00    0.00    0.00    0.00    0.00    0.00  100.00
15:14:29      20    2.00    0.00    0.00    0.00    0.00    0.00    0.00    0.00    0.00   98.00
15:14:29      21    0.99    0.00    0.99    0.00    0.00    0.00    0.00    0.00    0.00   98.02
15:14:29      22    1.02    0.00    0.00    0.00    0.00    0.00    0.00    0.00    0.00   98.98
15:14:29      23    1.00    0.00    1.00    0.00    0.00    0.00    0.00    0.00    0.00   98.00

15:14:29     CPU    %usr   %nice    %sys %iowait    %irq   %soft  %steal  %guest  %gnice   %idle
15:14:30     all    1.50    0.00    0.42    0.00    0.00    0.08    0.00    0.00    0.00   98.00
15:14:30       0    1.00    0.00    1.00    0.00    0.00    0.00    0.00    0.00    0.00   98.00
15:14:30       1    0.00    0.00    0.00    0.00    0.00    0.00    0.00    0.00    0.00  100.00
15:14:30       2    1.00    0.00    1.00    0.00    0.00    0.00    0.00    0.00    0.00   98.00
15:14:30       3    0.00    0.00    0.00    0.00    0.00    0.00    0.00    0.00    0.00  100.00
15:14:30       4    1.00    0.00    1.00    0.00    0.00    0.00    0.00    0.00    0.00   98.00
15:14:30       5    0.00    0.00    0.00    0.00    0.00    0.00    0.00    0.00    0.00  100.00
15:14:30       6    1.01    0.00    0.00    0.00    0.00    0.00    0.00    0.00    0.00   98.99
15:14:30       7    0.00    0.00    0.00    0.00    0.00    0.00    0.00    0.00    0.00  100.00
15:14:30       8    7.00    0.00    1.00    0.00    0.00    0.00    0.00    0.00    0.00   92.00
15:14:30       9    0.00    0.00    0.00    0.00    0.00    0.00    0.00    0.00    0.00  100.00
15:14:30      10    7.07    0.00    2.02    0.00    0.00    0.00    0.00    0.00    0.00   90.91
15:14:30      11    0.00    0.00    0.00    0.00    0.00    0.00    0.00    0.00    0.00  100.00
15:14:30      12    2.00    0.00    1.00    0.00    0.00    0.00    0.00    0.00    0.00   97.00
15:14:30      13    0.00    0.00    0.00    0.00    0.00    0.00    0.00    0.00    0.00  100.00
15:14:30      14    2.00    0.00    2.00    0.00    0.00    0.00    0.00    0.00    0.00   96.00
15:14:30      15    0.00    0.00    0.00    0.00    0.00    2.00    0.00    0.00    0.00   98.00
15:14:30      16    1.01    0.00    0.00    0.00    0.00    0.00    0.00    0.00    0.00   98.99
15:14:30      17    1.01    0.00    0.00    0.00    0.00    0.00    0.00    0.00    0.00   98.99
15:14:30      18    1.00    0.00    0.00    0.00    0.00    0.00    0.00    0.00    0.00   99.00
15:14:30      19    1.98    0.00    0.00    0.00    0.00    0.00    0.00    0.00    0.00   98.02
15:14:30      20    2.00    0.00    1.00    0.00    0.00    0.00    0.00    0.00    0.00   97.00
15:14:30      21    3.00    0.00    0.00    0.00    0.00    0.00    0.00    0.00    0.00   97.00
15:14:30      22    2.02    0.00    0.00    0.00    0.00    0.00    0.00    0.00    0.00   97.98
15:14:30      23    2.00    0.00    0.00    0.00    0.00    0.00    0.00    0.00    0.00   98.00

15:14:30     CPU    %usr   %nice    %sys %iowait    %irq   %soft  %steal  %guest  %gnice   %idle
15:14:31     all    1.59    0.00    0.42    0.08    0.00    0.08    0.00    0.00    0.00   97.83
15:14:31       0    2.02    0.00    0.00    0.00    0.00    0.00    0.00    0.00    0.00   97.98
15:14:31       1    0.00    0.00    0.00    0.00    0.00    0.00    0.00    0.00    0.00  100.00
15:14:31       2    2.00    0.00    0.00    0.00    0.00    0.00    0.00    0.00    0.00   98.00
15:14:31       3    0.00    0.00    0.00    0.00    0.00    0.00    0.00    0.00    0.00  100.00
15:14:31       4    2.00    0.00    1.00    0.00    0.00    0.00    0.00    0.00    0.00   97.00
15:14:31       5    0.00    0.00    0.00    0.00    0.00    0.00    0.00    0.00    0.00  100.00
15:14:31       6    2.00    0.00    2.00    0.00    0.00    0.00    0.00    0.00    0.00   96.00
15:14:31       7    0.00    0.00    0.00    0.00    0.00    0.00    0.00    0.00    0.00  100.00
15:14:31       8    8.00    0.00    1.00    0.00    0.00    0.00    0.00    0.00    0.00   91.00
15:14:31       9    0.00    0.00    0.00    0.00    0.00    0.00    0.00    0.00    0.00  100.00
15:14:31      10    5.00    0.00    2.00    0.00    0.00    0.00    0.00    0.00    0.00   93.00
15:14:31      11    0.00    0.00    0.00    0.00    0.00    0.00    0.00    0.00    0.00  100.00
15:14:31      12    5.00    0.00    0.00    1.00    0.00    0.00    0.00    0.00    0.00   94.00
15:14:31      13    0.00    0.00    0.00    1.00    0.00    0.00    0.00    0.00    0.00   99.00
15:14:31      14    2.02    0.00    0.00    0.00    0.00    0.00    0.00    0.00    0.00   97.98
15:14:31      15    0.00    0.00    1.01    0.00    0.00    2.02    0.00    0.00    0.00   96.97
15:14:31      16    1.98    0.00    0.99    0.00    0.00    0.00    0.00    0.00    0.00   97.03
15:14:31      17    1.00    0.00    0.00    0.00    0.00    0.00    0.00    0.00    0.00   99.00
15:14:31      18    0.99    0.00    0.99    0.00    0.00    0.00    0.00    0.00    0.00   98.02
15:14:31      19    0.00    0.00    1.00    0.00    0.00    0.00    0.00    0.00    0.00   99.00
15:14:31      20    1.00    0.00    0.00    0.00    0.00    0.00    0.00    0.00    0.00   99.00
15:14:31      21    1.00    0.00    0.00    0.00    0.00    0.00    0.00    0.00    0.00   99.00
15:14:31      22    2.04    0.00    0.00    0.00    0.00    0.00    0.00    0.00    0.00   97.96
15:14:31      23    2.00    0.00    0.00    0.00    0.00    0.00    0.00    0.00    0.00   98.00

15:14:31     CPU    %usr   %nice    %sys %iowait    %irq   %soft  %steal  %guest  %gnice   %idle
15:14:32     all    2.04    0.00    0.58    0.00    0.00    0.17    0.00    0.00    0.00   97.21
15:14:32       0    5.94    0.00    0.99    0.00    0.00    0.00    0.00    0.00    0.00   93.07
15:14:32       1    0.00    0.00    0.00    0.00    0.00    0.00    0.00    0.00    0.00  100.00
15:14:32       2    1.00    0.00    1.00    0.00    0.00    0.00    0.00    0.00    0.00   98.00
15:14:32       3    1.00    0.00    0.00    0.00    0.00    0.00    0.00    0.00    0.00   99.00
15:14:32       4    3.00    0.00    1.00    0.00    0.00    0.00    0.00    0.00    0.00   96.00
15:14:32       5    0.00    0.00    0.00    0.00    0.00    0.00    0.00    0.00    0.00  100.00
15:14:32       6    3.03    0.00    1.01    0.00    0.00    0.00    0.00    0.00    0.00   95.96
15:14:32       7    0.00    0.00    0.00    0.00    0.00    0.00    0.00    0.00    0.00  100.00
15:14:32       8   13.13    0.00    0.00    0.00    0.00    0.00    0.00    0.00    0.00   86.87
15:14:32       9    0.00    0.00    0.00    0.00    0.00    0.00    0.00    0.00    0.00  100.00
15:14:32      10    5.00    0.00    2.00    0.00    0.00    0.00    0.00    0.00    0.00   93.00
15:14:32      11    0.00    0.00    0.00    0.00    0.00    0.00    0.00    0.00    0.00  100.00
15:14:32      12    1.98    0.00    0.99    0.00    0.00    0.00    0.00    0.00    0.00   97.03
15:14:32      13    0.00    0.00    0.00    0.00    0.00    0.99    0.00    0.00    0.00   99.01
15:14:32      14    2.97    0.00    0.99    0.00    0.00    0.00    0.00    0.00    0.00   96.04
15:14:32      15    0.99    0.00    0.00    0.00    0.00    2.97    0.00    0.00    0.00   96.04
15:14:32      16    1.00    0.00    1.00    0.00    0.00    0.00    0.00    0.00    0.00   98.00
15:14:32      17    0.99    0.00    0.99    0.00    0.00    0.00    0.00    0.00    0.00   98.02
15:14:32      18    1.00    0.00    1.00    0.00    0.00    0.00    0.00    0.00    0.00   98.00
15:14:32      19    0.00    0.00    0.00    0.00    0.00    0.00    0.00    0.00    0.00  100.00
15:14:32      20    2.97    0.00    0.99    0.00    0.00    0.00    0.00    0.00    0.00   96.04
15:14:32      21    1.00    0.00    1.00    0.00    0.00    0.00    0.00    0.00    0.00   98.00
15:14:32      22    2.02    0.00    1.01    0.00    0.00    0.00    0.00    0.00    0.00   96.97
15:14:32      23    2.00    0.00    0.00    0.00    0.00    0.00    0.00    0.00    0.00   98.00

15:14:32     CPU    %usr   %nice    %sys %iowait    %irq   %soft  %steal  %guest  %gnice   %idle
15:14:33     all    1.76    0.00    0.50    0.00    0.00    0.08    0.00    0.00    0.00   97.66
15:14:33       0    0.00    0.00    0.00    0.00    0.00    0.00    0.00    0.00    0.00  100.00
15:14:33       1    0.00    0.00    0.00    0.00    0.00    0.00    0.00    0.00    0.00  100.00
15:14:33       2    4.00    0.00    0.00    0.00    0.00    0.00    0.00    0.00    0.00   96.00
15:14:33       3    0.00    0.00    0.00    0.00    0.00    0.00    0.00    0.00    0.00  100.00
15:14:33       4    2.02    0.00    0.00    0.00    0.00    0.00    0.00    0.00    0.00   97.98
15:14:33       5    0.00    0.00    0.00    0.00    0.00    0.00    0.00    0.00    0.00  100.00
15:14:33       6    0.00    0.00    1.00    0.00    0.00    0.00    0.00    0.00    0.00   99.00
15:14:33       7    0.00    0.00    0.00    0.00    0.00    0.00    0.00    0.00    0.00  100.00
15:14:33       8    6.00    0.00    2.00    0.00    0.00    0.00    0.00    0.00    0.00   92.00
15:14:33       9    1.00    0.00    1.00    0.00    0.00    0.00    0.00    0.00    0.00   98.00
15:14:33      10    7.14    0.00    0.00    0.00    0.00    0.00    0.00    0.00    0.00   92.86
15:14:33      11    0.00    0.00    0.00    0.00    0.00    0.00    0.00    0.00    0.00  100.00
15:14:33      12    6.06    0.00    0.00    0.00    0.00    0.00    0.00    0.00    0.00   93.94
15:14:33      13    0.00    0.00    0.00    0.00    0.00    0.00    0.00    0.00    0.00  100.00
15:14:33      14    3.00    0.00    3.00    0.00    0.00    0.00    0.00    0.00    0.00   94.00
15:14:33      15    0.99    0.00    0.99    0.00    0.00    1.98    0.00    0.00    0.00   96.04
15:14:33      16    2.02    0.00    1.01    0.00    0.00    0.00    0.00    0.00    0.00   96.97
15:14:33      17    1.01    0.00    0.00    0.00    0.00    0.00    0.00    0.00    0.00   98.99
15:14:33      18    0.00    0.00    0.00    0.00    0.00    0.00    0.00    0.00    0.00  100.00
15:14:33      19    1.00    0.00    0.00    0.00    0.00    0.00    0.00    0.00    0.00   99.00
15:14:33      20    2.00    0.00    0.00    0.00    0.00    0.00    0.00    0.00    0.00   98.00
15:14:33      21    1.00    0.00    0.00    0.00    0.00    0.00    0.00    0.00    0.00   99.00
15:14:33      22    2.97    0.00    1.98    0.00    0.00    0.00    0.00    0.00    0.00   95.05
15:14:33      23    1.98    0.00    0.99    0.00    0.00    0.00    0.00    0.00    0.00   97.03

15:14:33     CPU    %usr   %nice    %sys %iowait    %irq   %soft  %steal  %guest  %gnice   %idle
15:14:34     all    1.50    0.00    0.46    0.00    0.00    0.17    0.00    0.00    0.00   97.87
15:14:34       0    2.00    0.00    0.00    0.00    0.00    0.00    0.00    0.00    0.00   98.00
15:14:34       1    0.00    0.00    0.00    0.00    0.00    0.00    0.00    0.00    0.00  100.00
15:14:34       2    1.00    0.00    1.00    0.00    0.00    0.00    0.00    0.00    0.00   98.00
15:14:34       3    0.00    0.00    0.00    0.00    0.00    0.00    0.00    0.00    0.00  100.00
15:14:34       4    2.00    0.00    2.00    0.00    0.00    0.00    0.00    0.00    0.00   96.00
15:14:34       5    0.00    0.00    0.00    0.00    0.00    0.00    0.00    0.00    0.00  100.00
15:14:34       6    5.00    0.00    1.00    0.00    0.00    0.00    0.00    0.00    0.00   94.00
15:14:34       7    0.00    0.00    0.00    0.00    0.00    0.00    0.00    0.00    0.00  100.00
15:14:34       8    4.04    0.00    1.01    0.00    0.00    0.00    0.00    0.00    0.00   94.95
15:14:34       9    0.00    0.00    0.00    0.00    0.00    0.00    0.00    0.00    0.00  100.00
15:14:34      10    8.00    0.00    1.00    0.00    0.00    0.00    0.00    0.00    0.00   91.00
15:14:34      11    0.00    0.00    0.00    0.00    0.00    0.00    0.00    0.00    0.00  100.00
15:14:34      12    3.00    0.00    1.00    0.00    0.00    0.00    0.00    0.00    0.00   96.00
15:14:34      13    0.00    0.00    0.00    0.00    0.00    0.00    0.00    0.00    0.00  100.00
15:14:34      14    2.02    0.00    0.00    0.00    0.00    0.00    0.00    0.00    0.00   97.98
15:14:34      15    0.00    0.00    0.98    0.00    0.00    3.92    0.00    0.00    0.00   95.10
15:14:34      16    2.00    0.00    1.00    0.00    0.00    0.00    0.00    0.00    0.00   97.00
15:14:34      17    2.00    0.00    0.00    0.00    0.00    0.00    0.00    0.00    0.00   98.00
15:14:34      18    0.99    0.00    0.99    0.00    0.00    0.00    0.00    0.00    0.00   98.02
15:14:34      19    0.00    0.00    0.00    0.00    0.00    0.00    0.00    0.00    0.00  100.00
15:14:34      20    0.00    0.00    1.00    0.00    0.00    0.00    0.00    0.00    0.00   99.00
15:14:34      21    1.00    0.00    0.00    0.00    0.00    0.00    0.00    0.00    0.00   99.00
15:14:34      22    1.02    0.00    0.00    0.00    0.00    0.00    0.00    0.00    0.00   98.98
15:14:34      23    2.00    0.00    0.00    0.00    0.00    0.00    0.00    0.00    0.00   98.00

15:14:34     CPU    %usr   %nice    %sys %iowait    %irq   %soft  %steal  %guest  %gnice   %idle
15:14:35     all    1.79    0.00    0.38    0.00    0.00    0.08    0.00    0.00    0.00   97.75
15:14:35       0    1.00    0.00    1.00    0.00    0.00    0.00    0.00    0.00    0.00   98.00
15:14:35       1    0.00    0.00    0.00    0.00    0.00    0.00    0.00    0.00    0.00  100.00
15:14:35       2    1.01    0.00    0.00    0.00    0.00    0.00    0.00    0.00    0.00   98.99
15:14:35       3    0.00    0.00    0.00    0.00    0.00    0.00    0.00    0.00    0.00  100.00
15:14:35       4    3.03    0.00    0.00    0.00    0.00    0.00    0.00    0.00    0.00   96.97
15:14:35       5    0.00    0.00    0.00    0.00    0.00    0.00    0.00    0.00    0.00  100.00
15:14:35       6    2.02    0.00    1.01    0.00    0.00    0.00    0.00    0.00    0.00   96.97
15:14:35       7    0.00    0.00    0.00    0.00    0.00    0.00    0.00    0.00    0.00  100.00
15:14:35       8    4.04    0.00    1.01    0.00    0.00    0.00    0.00    0.00    0.00   94.95
15:14:35       9    0.00    0.00    0.00    0.00    0.00    0.00    0.00    0.00    0.00  100.00
15:14:35      10   10.00    0.00    1.00    0.00    0.00    0.00    0.00    0.00    0.00   89.00
15:14:35      11    0.00    0.00    0.00    0.00    0.00    0.00    0.00    0.00    0.00  100.00
15:14:35      12    2.00    0.00    0.00    0.00    0.00    0.00    0.00    0.00    0.00   98.00
15:14:35      13    0.00    0.00    0.00    0.00    0.00    0.00    0.00    0.00    0.00  100.00
15:14:35      14    1.01    0.00    0.00    0.00    0.00    0.00    0.00    0.00    0.00   98.99
15:14:35      15    0.99    0.00    0.99    0.00    0.00    1.98    0.00    0.00    0.00   96.04
15:14:35      16    1.98    0.00    0.99    0.00    0.00    0.00    0.00    0.00    0.00   97.03
15:14:35      17    3.00    0.00    1.00    0.00    0.00    0.00    0.00    0.00    0.00   96.00
15:14:35      18    1.98    0.00    0.99    0.00    0.00    0.00    0.00    0.00    0.00   97.03
15:14:35      19    1.00    0.00    0.00    0.00    0.00    0.00    0.00    0.00    0.00   99.00
15:14:35      20    3.00    0.00    0.00    0.00    0.00    0.00    0.00    0.00    0.00   97.00
15:14:35      21    1.98    0.00    0.99    0.00    0.00    0.00    0.00    0.00    0.00   97.03
15:14:35      22    4.04    0.00    0.00    0.00    0.00    0.00    0.00    0.00    0.00   95.96
15:14:35      23    1.01    0.00    0.00    0.00    0.00    0.00    0.00    0.00    0.00   98.99

15:14:35     CPU    %usr   %nice    %sys %iowait    %irq   %soft  %steal  %guest  %gnice   %idle
15:14:36     all    1.42    0.00    0.46    0.04    0.00    0.12    0.00    0.00    0.00   97.96
15:14:36       0    2.97    0.00    0.99    0.00    0.00    0.00    0.00    0.00    0.00   96.04
15:14:36       1    0.00    0.00    0.00    0.00    0.00    0.00    0.00    0.00    0.00  100.00
15:14:36       2    1.00    0.00    0.00    0.00    0.00    0.00    0.00    0.00    0.00   99.00
15:14:36       3    0.00    0.00    0.00    0.00    0.00    0.00    0.00    0.00    0.00  100.00
15:14:36       4    3.03    0.00    1.01    0.00    0.00    0.00    0.00    0.00    0.00   95.96
15:14:36       5    0.00    0.00    0.00    0.00    0.00    0.00    0.00    0.00    0.00  100.00
15:14:36       6    2.97    0.00    0.99    0.00    0.00    0.00    0.00    0.00    0.00   96.04
15:14:36       7    0.00    0.00    0.00    0.00    0.00    0.00    0.00    0.00    0.00  100.00
15:14:36       8    5.05    0.00    1.01    0.00    0.00    0.00    0.00    0.00    0.00   93.94
15:14:36       9    0.00    0.00    0.00    0.00    0.00    0.00    0.00    0.00    0.00  100.00
15:14:36      10    9.00    0.00    1.00    0.00    0.00    0.00    0.00    0.00    0.00   90.00
15:14:36      11    0.00    0.00    0.00    0.00    0.00    0.00    0.00    0.00    0.00  100.00
15:14:36      12    1.98    0.00    0.99    0.00    0.00    0.00    0.00    0.00    0.00   97.03
15:14:36      13    0.00    0.00    0.00    0.00    0.00    0.00    0.00    0.00    0.00  100.00
15:14:36      14    1.98    0.00    0.99    0.00    0.00    0.00    0.00    0.00    0.00   97.03
15:14:36      15    0.98    0.00    0.98    0.00    0.00    2.94    0.00    0.00    0.00   95.10
15:14:36      16    0.99    0.00    0.99    0.99    0.00    0.00    0.00    0.00    0.00   97.03
15:14:36      17    0.00    0.00    1.00    0.00    0.00    0.00    0.00    0.00    0.00   99.00
15:14:36      18    0.00    0.00    0.00    0.00    0.00    0.00    0.00    0.00    0.00  100.00
15:14:36      19    0.00    0.00    0.00    0.00    0.00    0.00    0.00    0.00    0.00  100.00
15:14:36      20    0.99    0.00    0.99    0.00    0.00    0.00    0.00    0.00    0.00   98.02
15:14:36      21    0.00    0.00    0.00    0.00    0.00    0.00    0.00    0.00    0.00  100.00
15:14:36      22    1.02    0.00    0.00    0.00    0.00    0.00    0.00    0.00    0.00   98.98
15:14:36      23    1.98    0.00    0.00    0.00    0.00    0.00    0.00    0.00    0.00   98.02

15:14:36     CPU    %usr   %nice    %sys %iowait    %irq   %soft  %steal  %guest  %gnice   %idle
15:14:37     all    1.76    0.00    0.42    0.00    0.00    0.08    0.00    0.00    0.00   97.74
15:14:37       0    0.00    0.00    0.00    0.00    0.00    0.00    0.00    0.00    0.00  100.00
15:14:37       1    0.00    0.00    0.00    0.00    0.00    0.00    0.00    0.00    0.00  100.00
15:14:37       2    2.00    0.00    1.00    0.00    0.00    0.00    0.00    0.00    0.00   97.00
15:14:37       3    0.00    0.00    0.00    0.00    0.00    0.00    0.00    0.00    0.00  100.00
15:14:37       4    1.00    0.00    1.00    0.00    0.00    0.00    0.00    0.00    0.00   98.00
15:14:37       5    0.00    0.00    0.00    0.00    0.00    0.00    0.00    0.00    0.00  100.00
15:14:37       6    2.02    0.00    0.00    0.00    0.00    0.00    0.00    0.00    0.00   97.98
15:14:37       7    0.00    0.00    0.00    0.00    0.00    0.00    0.00    0.00    0.00  100.00
15:14:37       8    6.06    0.00    1.01    0.00    0.00    0.00    0.00    0.00    0.00   92.93
15:14:37       9    0.00    0.00    0.00    0.00    0.00    0.00    0.00    0.00    0.00  100.00
15:14:37      10    7.14    0.00    1.02    0.00    0.00    0.00    0.00    0.00    0.00   91.84
15:14:37      11    0.00    0.00    0.00    0.00    0.00    0.00    0.00    0.00    0.00  100.00
15:14:37      12    3.00    0.00    1.00    0.00    0.00    0.00    0.00    0.00    0.00   96.00
15:14:37      13    0.00    0.00    0.00    0.00    0.00    0.00    0.00    0.00    0.00  100.00
15:14:37      14    1.00    0.00    0.00    0.00    0.00    0.00    0.00    0.00    0.00   99.00
15:14:37      15    0.00    0.00    1.00    0.00    0.00    2.00    0.00    0.00    0.00   97.00
15:14:37      16    2.02    0.00    0.00    0.00    0.00    0.00    0.00    0.00    0.00   97.98
15:14:37      17    2.00    0.00    0.00    0.00    0.00    0.00    0.00    0.00    0.00   98.00
15:14:37      18    2.00    0.00    0.00    0.00    0.00    0.00    0.00    0.00    0.00   98.00
15:14:37      19    1.98    0.00    1.98    0.00    0.00    0.00    0.00    0.00    0.00   96.04
15:14:37      20    2.00    0.00    0.00    0.00    0.00    0.00    0.00    0.00    0.00   98.00
15:14:37      21    2.00    0.00    0.00    0.00    0.00    0.00    0.00    0.00    0.00   98.00
15:14:37      22    4.04    0.00    0.00    0.00    0.00    0.00    0.00    0.00    0.00   95.96
15:14:37      23    4.00    0.00    2.00    0.00    0.00    0.00    0.00    0.00    0.00   94.00

15:14:37     CPU    %usr   %nice    %sys %iowait    %irq   %soft  %steal  %guest  %gnice   %idle
15:14:38     all    1.59    0.00    0.42    0.00    0.00    0.08    0.00    0.00    0.00   97.91
15:14:38       0    1.01    0.00    0.00    0.00    0.00    0.00    0.00    0.00    0.00   98.99
15:14:38       1    0.00    0.00    0.00    0.00    0.00    0.00    0.00    0.00    0.00  100.00
15:14:38       2    3.00    0.00    1.00    0.00    0.00    0.00    0.00    0.00    0.00   96.00
15:14:38       3    0.00    0.00    0.00    0.00    0.00    0.00    0.00    0.00    0.00  100.00
15:14:38       4    1.98    0.00    0.99    0.00    0.00    0.00    0.00    0.00    0.00   97.03
15:14:38       5    0.00    0.00    0.00    0.00    0.00    0.00    0.00    0.00    0.00  100.00
15:14:38       6    2.02    0.00    1.01    0.00    0.00    0.00    0.00    0.00    0.00   96.97
15:14:38       7    0.00    0.00    0.00    0.00    0.00    0.00    0.00    0.00    0.00  100.00
15:14:38       8    8.00    0.00    2.00    0.00    0.00    0.00    0.00    0.00    0.00   90.00
15:14:38       9    0.00    0.00    0.00    0.00    0.00    0.00    0.00    0.00    0.00  100.00
15:14:38      10    7.00    0.00    1.00    0.00    0.00    0.00    0.00    0.00    0.00   92.00
15:14:38      11    0.00    0.00    0.00    0.00    0.00    0.00    0.00    0.00    0.00  100.00
15:14:38      12    2.02    0.00    0.00    0.00    0.00    0.00    0.00    0.00    0.00   97.98
15:14:38      13    0.00    0.00    0.00    0.00    0.00    0.00    0.00    0.00    0.00  100.00
15:14:38      14    1.01    0.00    0.00    0.00    0.00    0.00    0.00    0.00    0.00   98.99
15:14:38      15    1.00    0.00    0.00    0.00    0.00    2.00    0.00    0.00    0.00   97.00
15:14:38      16    1.01    0.00    1.01    0.00    0.00    0.00    0.00    0.00    0.00   97.98
15:14:38      17    2.00    0.00    1.00    0.00    0.00    0.00    0.00    0.00    0.00   97.00
15:14:38      18    2.02    0.00    0.00    0.00    0.00    0.00    0.00    0.00    0.00   97.98
15:14:38      19    1.00    0.00    0.00    0.00    0.00    0.00    0.00    0.00    0.00   99.00
15:14:38      20    1.01    0.00    0.00    0.00    0.00    0.00    0.00    0.00    0.00   98.99
15:14:38      21    1.00    0.00    1.00    0.00    0.00    0.00    0.00    0.00    0.00   98.00
15:14:38      22    2.02    0.00    0.00    0.00    0.00    0.00    0.00    0.00    0.00   97.98
15:14:38      23    1.00    0.00    1.00    0.00    0.00    0.00    0.00    0.00    0.00   98.00

15:14:38     CPU    %usr   %nice    %sys %iowait    %irq   %soft  %steal  %guest  %gnice   %idle
15:14:39     all    1.67    0.00    0.42    0.00    0.00    0.13    0.00    0.00    0.00   97.79
15:14:39       0    2.00    0.00    1.00    0.00    0.00    0.00    0.00    0.00    0.00   97.00
15:14:39       1    0.00    0.00    0.00    0.00    0.00    0.00    0.00    0.00    0.00  100.00
15:14:39       2    0.99    0.00    0.00    0.00    0.00    0.99    0.00    0.00    0.00   98.02
15:14:39       3    0.00    0.00    0.00    0.00    0.00    0.00    0.00    0.00    0.00  100.00
15:14:39       4    1.01    0.00    0.00    0.00    0.00    0.00    0.00    0.00    0.00   98.99
15:14:39       5    0.00    0.00    0.00    0.00    0.00    0.00    0.00    0.00    0.00  100.00
15:14:39       6    1.98    0.00    0.99    0.00    0.00    0.00    0.00    0.00    0.00   97.03
15:14:39       7    0.00    0.00    0.00    0.00    0.00    0.00    0.00    0.00    0.00  100.00
15:14:39       8   10.00    0.00    2.00    0.00    0.00    0.00    0.00    0.00    0.00   88.00
15:14:39       9    0.00    0.00    0.00    0.00    0.00    0.00    0.00    0.00    0.00  100.00
15:14:39      10    2.04    0.00    1.02    0.00    0.00    0.00    0.00    0.00    0.00   96.94
15:14:39      11    0.00    0.00    0.00    0.00    0.00    0.00    0.00    0.00    0.00  100.00
15:14:39      12    5.00    0.00    0.00    0.00    0.00    0.00    0.00    0.00    0.00   95.00
15:14:39      13    0.00    0.00    0.00    0.00    0.00    0.00    0.00    0.00    0.00  100.00
15:14:39      14    5.00    0.00    0.00    0.00    0.00    0.00    0.00    0.00    0.00   95.00
15:14:39      15    0.99    0.00    0.99    0.00    0.00    1.98    0.00    0.00    0.00   96.04
15:14:39      16    2.02    0.00    1.01    0.00    0.00    0.00    0.00    0.00    0.00   96.97
15:14:39      17    2.02    0.00    0.00    0.00    0.00    0.00    0.00    0.00    0.00   97.98
15:14:39      18    0.99    0.00    0.99    0.00    0.00    0.00    0.00    0.00    0.00   98.02
15:14:39      19    0.00    0.00    0.00    0.00    0.00    0.00    0.00    0.00    0.00  100.00
15:14:39      20    1.00    0.00    1.00    0.00    0.00    0.00    0.00    0.00    0.00   98.00
15:14:39      21    1.00    0.00    0.00    0.00    0.00    0.00    0.00    0.00    0.00   99.00
15:14:39      22    2.02    0.00    0.00    0.00    0.00    0.00    0.00    0.00    0.00   97.98
15:14:39      23    1.98    0.00    0.99    0.00    0.00    0.00    0.00    0.00    0.00   97.03

15:14:39     CPU    %usr   %nice    %sys %iowait    %irq   %soft  %steal  %guest  %gnice   %idle
15:14:40     all    1.59    0.00    0.46    0.00    0.00    0.13    0.00    0.00    0.00   97.83
15:14:40       0    0.00    0.00    0.00    0.00    0.00    0.00    0.00    0.00    0.00  100.00
15:14:40       1    0.00    0.00    0.00    0.00    0.00    0.00    0.00    0.00    0.00  100.00
15:14:40       2    2.00    0.00    1.00    0.00    0.00    0.00    0.00    0.00    0.00   97.00
15:14:40       3    0.00    0.00    0.00    0.00    0.00    0.00    0.00    0.00    0.00  100.00
15:14:40       4    2.00    0.00    1.00    0.00    0.00    0.00    0.00    0.00    0.00   97.00
15:14:40       5    0.00    0.00    0.00    0.00    0.00    0.00    0.00    0.00    0.00  100.00
15:14:40       6    1.01    0.00    1.01    0.00    0.00    0.00    0.00    0.00    0.00   97.98
15:14:40       7    0.00    0.00    0.00    0.00    0.00    0.00    0.00    0.00    0.00  100.00
15:14:40       8    7.00    0.00    0.00    0.00    0.00    0.00    0.00    0.00    0.00   93.00
15:14:40       9    0.00    0.00    0.00    0.00    0.00    0.00    0.00    0.00    0.00  100.00
15:14:40      10    3.00    0.00    1.00    0.00    0.00    0.00    0.00    0.00    0.00   96.00
15:14:40      11    0.00    0.00    0.00    0.00    0.00    0.00    0.00    0.00    0.00  100.00
15:14:40      12    7.07    0.00    1.01    0.00    0.00    0.00    0.00    0.00    0.00   91.92
15:14:40      13    0.00    0.00    0.00    0.00    0.00    0.00    0.00    0.00    0.00  100.00
15:14:40      14    2.02    0.00    1.01    0.00    0.00    0.00    0.00    0.00    0.00   96.97
15:14:40      15    0.00    0.00    0.00    0.00    0.00    3.00    0.00    0.00    0.00   97.00
15:14:40      16    1.98    0.00    0.99    0.00    0.00    0.00    0.00    0.00    0.00   97.03
15:14:40      17    1.98    0.00    0.99    0.00    0.00    0.00    0.00    0.00    0.00   97.03
15:14:40      18    1.00    0.00    0.00    0.00    0.00    0.00    0.00    0.00    0.00   99.00
15:14:40      19    1.00    0.00    0.00    0.00    0.00    0.00    0.00    0.00    0.00   99.00
15:14:40      20    2.00    0.00    0.00    0.00    0.00    0.00    0.00    0.00    0.00   98.00
15:14:40      21    2.00    0.00    0.00    0.00    0.00    0.00    0.00    0.00    0.00   98.00
15:14:40      22    1.01    0.00    1.01    0.00    0.00    0.00    0.00    0.00    0.00   97.98
15:14:40      23    3.00    0.00    2.00    0.00    0.00    0.00    0.00    0.00    0.00   95.00

15:14:40     CPU    %usr   %nice    %sys %iowait    %irq   %soft  %steal  %guest  %gnice   %idle
15:14:41     all    1.59    0.00    0.38    0.04    0.00    0.04    0.00    0.00    0.00   97.95
15:14:41       0    1.98    0.00    0.99    0.00    0.00    0.00    0.00    0.00    0.00   97.03
15:14:41       1    0.00    0.00    0.00    0.00    0.00    0.00    0.00    0.00    0.00  100.00
15:14:41       2    2.02    0.00    1.01    0.00    0.00    0.00    0.00    0.00    0.00   96.97
15:14:41       3    0.00    0.00    0.00    0.00    0.00    0.00    0.00    0.00    0.00  100.00
15:14:41       4    1.01    0.00    0.00    0.00    0.00    0.00    0.00    0.00    0.00   98.99
15:14:41       5    0.00    0.00    0.00    0.00    0.00    0.00    0.00    0.00    0.00  100.00
15:14:41       6    2.02    0.00    0.00    0.00    0.00    0.00    0.00    0.00    0.00   97.98
15:14:41       7    0.00    0.00    0.00    0.00    0.00    0.00    0.00    0.00    0.00  100.00
15:14:41       8    6.06    0.00    1.01    0.00    0.00    0.00    0.00    0.00    0.00   92.93
15:14:41       9    0.00    0.00    0.00    0.00    0.00    0.00    0.00    0.00    0.00  100.00
15:14:41      10    7.00    0.00    1.00    0.00    0.00    0.00    0.00    0.00    0.00   92.00
15:14:41      11    0.00    0.00    0.00    0.00    0.00    0.00    0.00    0.00    0.00  100.00
15:14:41      12    4.00    0.00    1.00    0.00    0.00    0.00    0.00    0.00    0.00   95.00
15:14:41      13    0.00    0.00    0.00    1.00    0.00    0.00    0.00    0.00    0.00   99.00
15:14:41      14    1.98    0.00    0.99    0.00    0.00    0.00    0.00    0.00    0.00   97.03
15:14:41      15    1.00    0.00    1.00    0.00    0.00    1.00    0.00    0.00    0.00   97.00
15:14:41      16    1.00    0.00    1.00    0.00    0.00    0.00    0.00    0.00    0.00   98.00
15:14:41      17    1.00    0.00    0.00    0.00    0.00    0.00    0.00    0.00    0.00   99.00
15:14:41      18    0.00    0.00    0.00    0.00    0.00    0.00    0.00    0.00    0.00  100.00
15:14:41      19    1.00    0.00    0.00    0.00    0.00    0.00    0.00    0.00    0.00   99.00
15:14:41      20    2.00    0.00    0.00    0.00    0.00    0.00    0.00    0.00    0.00   98.00
15:14:41      21    1.00    0.00    1.00    0.00    0.00    0.00    0.00    0.00    0.00   98.00
15:14:41      22    2.04    0.00    0.00    0.00    0.00    0.00    0.00    0.00    0.00   97.96
15:14:41      23    3.00    0.00    0.00    0.00    0.00    0.00    0.00    0.00    0.00   97.00

15:14:41     CPU    %usr   %nice    %sys %iowait    %irq   %soft  %steal  %guest  %gnice   %idle
15:14:42     all    1.75    0.00    0.38    0.00    0.00    0.08    0.00    0.00    0.00   97.79
15:14:42       0    3.00    0.00    0.00    0.00    0.00    0.00    0.00    0.00    0.00   97.00
15:14:42       1    0.00    0.00    0.00    0.00    0.00    0.00    0.00    0.00    0.00  100.00
15:14:42       2    3.03    0.00    1.01    0.00    0.00    0.00    0.00    0.00    0.00   95.96
15:14:42       3    0.00    0.00    0.00    0.00    0.00    0.00    0.00    0.00    0.00  100.00
15:14:42       4    1.01    0.00    0.00    0.00    0.00    0.00    0.00    0.00    0.00   98.99
15:14:42       5    0.00    0.00    0.00    0.00    0.00    0.00    0.00    0.00    0.00  100.00
15:14:42       6    1.98    0.00    0.99    0.00    0.00    0.00    0.00    0.00    0.00   97.03
15:14:42       7    0.00    0.00    0.00    0.00    0.00    0.00    0.00    0.00    0.00  100.00
15:14:42       8    5.05    0.00    1.01    0.00    0.00    0.00    0.00    0.00    0.00   93.94
15:14:42       9    0.00    0.00    0.00    0.00    0.00    0.00    0.00    0.00    0.00  100.00
15:14:42      10   15.15    0.00    1.01    0.00    0.00    0.00    0.00    0.00    0.00   83.84
15:14:42      11    0.00    0.00    0.00    0.00    0.00    0.00    0.00    0.00    0.00  100.00
15:14:42      12    1.98    0.00    0.99    0.00    0.00    0.00    0.00    0.00    0.00   97.03
15:14:42      13    0.00    0.00    0.00    0.00    0.00    0.00    0.00    0.00    0.00  100.00
15:14:42      14    0.00    0.00    0.00    0.00    0.00    0.00    0.00    0.00    0.00  100.00
15:14:42      15    0.00    0.00    1.01    0.00    0.00    2.02    0.00    0.00    0.00   96.97
15:14:42      16    2.00    0.00    1.00    0.00    0.00    0.00    0.00    0.00    0.00   97.00
15:14:42      17    0.99    0.00    1.98    0.00    0.00    0.00    0.00    0.00    0.00   97.03
15:14:42      18    1.00    0.00    0.00    0.00    0.00    0.00    0.00    0.00    0.00   99.00
15:14:42      19    1.00    0.00    0.00    0.00    0.00    0.00    0.00    0.00    0.00   99.00
15:14:42      20    2.00    0.00    0.00    0.00    0.00    0.00    0.00    0.00    0.00   98.00
15:14:42      21    0.00    0.00    0.00    0.00    0.00    0.00    0.00    0.00    0.00  100.00
15:14:42      22    2.04    0.00    0.00    0.00    0.00    0.00    0.00    0.00    0.00   97.96
15:14:42      23    2.00    0.00    0.00    0.00    0.00    0.00    0.00    0.00    0.00   98.00

15:14:42     CPU    %usr   %nice    %sys %iowait    %irq   %soft  %steal  %guest  %gnice   %idle
15:14:43     all    1.79    0.00    0.46    0.04    0.00    0.08    0.00    0.00    0.00   97.62
15:14:43       0    3.03    0.00    0.00    0.00    0.00    0.00    0.00    0.00    0.00   96.97
15:14:43       1    0.00    0.00    0.00    0.00    0.00    0.00    0.00    0.00    0.00  100.00
15:14:43       2    1.00    0.00    1.00    0.00    0.00    0.00    0.00    0.00    0.00   98.00
15:14:43       3    0.00    0.00    0.00    0.00    0.00    0.00    0.00    0.00    0.00  100.00
15:14:43       4    1.98    0.00    0.00    0.00    0.00    0.00    0.00    0.00    0.00   98.02
15:14:43       5    0.00    0.00    0.00    0.00    0.00    0.00    0.00    0.00    0.00  100.00
15:14:43       6    3.03    0.00    1.01    0.00    0.00    0.00    0.00    0.00    0.00   95.96
15:14:43       7    0.00    0.00    0.00    0.00    0.00    0.00    0.00    0.00    0.00  100.00
15:14:43       8    4.95    0.00    1.98    0.00    0.00    0.00    0.00    0.00    0.00   93.07
15:14:43       9    0.00    0.00    0.00    0.00    0.00    0.00    0.00    0.00    0.00  100.00
15:14:43      10   12.00    0.00    1.00    0.00    0.00    0.00    0.00    0.00    0.00   87.00
15:14:43      11    0.00    0.00    0.00    0.00    0.00    0.00    0.00    0.00    0.00  100.00
15:14:43      12    2.02    0.00    1.01    0.00    0.00    0.00    0.00    0.00    0.00   96.97
15:14:43      13    0.00    0.00    0.00    1.00    0.00    0.00    0.00    0.00    0.00   99.00
15:14:43      14    0.99    0.00    0.99    0.00    0.00    0.00    0.00    0.00    0.00   98.02
15:14:43      15    0.99    0.00    0.99    0.00    0.00    1.98    0.00    0.00    0.00   96.04
15:14:43      16    2.02    0.00    0.00    0.00    0.00    0.00    0.00    0.00    0.00   97.98
15:14:43      17    1.01    0.00    0.00    0.00    0.00    0.00    0.00    0.00    0.00   98.99
15:14:43      18    1.00    0.00    1.00    0.00    0.00    0.00    0.00    0.00    0.00   98.00
15:14:43      19    0.00    0.00    0.00    0.00    0.00    0.00    0.00    0.00    0.00  100.00
15:14:43      20    2.00    0.00    1.00    0.00    0.00    0.00    0.00    0.00    0.00   97.00
15:14:43      21    3.00    0.00    0.00    0.00    0.00    0.00    0.00    0.00    0.00   97.00
15:14:43      22    1.01    0.00    1.01    0.00    0.00    0.00    0.00    0.00    0.00   97.98
15:14:43      23    3.00    0.00    0.00    0.00    0.00    0.00    0.00    0.00    0.00   97.00

15:14:43     CPU    %usr   %nice    %sys %iowait    %irq   %soft  %steal  %guest  %gnice   %idle
15:14:44     all    3.89    0.00    0.46    0.00    0.00    0.13    0.00    0.00    0.00   95.53
15:14:44       0    5.05    0.00    0.00    0.00    0.00    0.00    0.00    0.00    0.00   94.95
15:14:44       1    3.03    0.00    0.00    0.00    0.00    0.00    0.00    0.00    0.00   96.97
15:14:44       2    4.04    0.00    1.01    0.00    0.00    0.00    0.00    0.00    0.00   94.95
15:14:44       3    0.00    0.00    0.00    0.00    0.00    0.00    0.00    0.00    0.00  100.00
15:14:44       4    1.01    0.00    0.00    0.00    0.00    0.00    0.00    0.00    0.00   98.99
15:14:44       5    0.00    0.00    0.00    0.00    0.00    0.00    0.00    0.00    0.00  100.00
15:14:44       6    2.97    0.00    1.98    0.00    0.00    0.00    0.00    0.00    0.00   95.05
15:14:44       7    4.00    0.00    0.00    0.00    0.00    0.00    0.00    0.00    0.00   96.00
15:14:44       8   13.27    0.00    0.00    0.00    0.00    0.00    0.00    0.00    0.00   86.73
15:14:44       9    2.00    0.00    0.00    0.00    0.00    0.00    0.00    0.00    0.00   98.00
15:14:44      10   21.00    0.00    1.00    0.00    0.00    0.00    0.00    0.00    0.00   78.00
15:14:44      11    0.00    0.00    0.00    0.00    0.00    0.00    0.00    0.00    0.00  100.00
15:14:44      12    6.00    0.00    1.00    0.00    0.00    0.00    0.00    0.00    0.00   93.00
15:14:44      13    0.00    0.00    0.00    0.00    0.00    0.00    0.00    0.00    0.00  100.00
15:14:44      14    2.97    0.00    0.99    0.00    0.00    0.99    0.00    0.00    0.00   95.05
15:14:44      15    1.00    0.00    1.00    0.00    0.00    2.00    0.00    0.00    0.00   96.00
15:14:44      16    1.01    0.00    1.01    0.00    0.00    0.00    0.00    0.00    0.00   97.98
15:14:44      17    2.02    0.00    0.00    0.00    0.00    0.00    0.00    0.00    0.00   97.98
15:14:44      18    1.00    0.00    0.00    0.00    0.00    0.00    0.00    0.00    0.00   99.00
15:14:44      19    1.00    0.00    1.00    0.00    0.00    0.00    0.00    0.00    0.00   98.00
15:14:44      20    6.00    0.00    0.00    0.00    0.00    0.00    0.00    0.00    0.00   94.00
15:14:44      21    5.00    0.00    1.00    0.00    0.00    0.00    0.00    0.00    0.00   94.00
15:14:44      22    4.08    0.00    0.00    0.00    0.00    0.00    0.00    0.00    0.00   95.92
15:14:44      23    6.93    0.00    0.99    0.00    0.00    0.00    0.00    0.00    0.00   92.08

15:14:44     CPU    %usr   %nice    %sys %iowait    %irq   %soft  %steal  %guest  %gnice   %idle
15:14:45     all    2.09    0.00    0.46    0.00    0.00    0.08    0.00    0.00    0.00   97.36
15:14:45       0    0.00    0.00    0.00    0.00    0.00    0.00    0.00    0.00    0.00  100.00
15:14:45       1    0.00    0.00    0.00    0.00    0.00    0.99    0.00    0.00    0.00   99.01
15:14:45       2    2.97    0.00    0.99    0.00    0.00    0.00    0.00    0.00    0.00   96.04
15:14:45       3    0.00    0.00    0.00    0.00    0.00    0.00    0.00    0.00    0.00  100.00
15:14:45       4    1.01    0.00    1.01    0.00    0.00    0.00    0.00    0.00    0.00   97.98
15:14:45       5    0.00    0.00    0.00    0.00    0.00    0.00    0.00    0.00    0.00  100.00
15:14:45       6    1.02    0.00    1.02    0.00    0.00    0.00    0.00    0.00    0.00   97.96
15:14:45       7    0.00    0.00    0.00    0.00    0.00    0.00    0.00    0.00    0.00  100.00
15:14:45       8   11.00    0.00    1.00    0.00    0.00    0.00    0.00    0.00    0.00   88.00
15:14:45       9    1.00    0.00    0.00    0.00    0.00    0.00    0.00    0.00    0.00   99.00
15:14:45      10   13.00    0.00    4.00    0.00    0.00    0.00    0.00    0.00    0.00   83.00
15:14:45      11    0.00    0.00    0.00    0.00    0.00    0.00    0.00    0.00    0.00  100.00
15:14:45      12    3.06    0.00    0.00    0.00    0.00    0.00    0.00    0.00    0.00   96.94
15:14:45      13    0.00    0.00    0.00    0.00    0.00    0.00    0.00    0.00    0.00  100.00
15:14:45      14    1.02    0.00    1.02    0.00    0.00    0.00    0.00    0.00    0.00   97.96
15:14:45      15    0.00    0.00    0.00    0.00    0.00    1.02    0.00    0.00    0.00   98.98
15:14:45      16    2.00    0.00    1.00    0.00    0.00    0.00    0.00    0.00    0.00   97.00
15:14:45      17    1.98    0.00    0.99    0.00    0.00    0.00    0.00    0.00    0.00   97.03
15:14:45      18    0.00    0.00    0.00    0.00    0.00    0.00    0.00    0.00    0.00  100.00
15:14:45      19    1.01    0.00    0.00    0.00    0.00    0.00    0.00    0.00    0.00   98.99
15:14:45      20    3.00    0.00    0.00    0.00    0.00    0.00    0.00    0.00    0.00   97.00
15:14:45      21    1.00    0.00    0.00    0.00    0.00    0.00    0.00    0.00    0.00   99.00
15:14:45      22    3.00    0.00    0.00    0.00    0.00    0.00    0.00    0.00    0.00   97.00
15:14:45      23    4.04    0.00    0.00    0.00    0.00    0.00    0.00    0.00    0.00   95.96

15:14:45     CPU    %usr   %nice    %sys %iowait    %irq   %soft  %steal  %guest  %gnice   %idle
15:14:46     all    1.63    0.00    0.46    0.00    0.00    0.04    0.00    0.00    0.00   97.87
15:14:46       0    0.00    0.00    1.00    0.00    0.00    0.00    0.00    0.00    0.00   99.00
15:14:46       1    0.00    0.00    0.00    0.00    0.00    0.00    0.00    0.00    0.00  100.00
15:14:46       2    1.01    0.00    0.00    0.00    0.00    0.00    0.00    0.00    0.00   98.99
15:14:46       3    0.00    0.00    0.00    0.00    0.00    0.00    0.00    0.00    0.00  100.00
15:14:46       4    2.00    0.00    1.00    0.00    0.00    0.00    0.00    0.00    0.00   97.00
15:14:46       5    0.00    0.00    0.00    0.00    0.00    0.00    0.00    0.00    0.00  100.00
15:14:46       6    3.03    0.00    0.00    0.00    0.00    0.00    0.00    0.00    0.00   96.97
15:14:46       7    0.99    0.00    0.00    0.00    0.00    0.00    0.00    0.00    0.00   99.01
15:14:46       8    7.00    0.00    1.00    0.00    0.00    0.00    0.00    0.00    0.00   92.00
15:14:46       9    0.00    0.00    0.00    0.00    0.00    0.00    0.00    0.00    0.00  100.00
15:14:46      10    9.09    0.00    1.01    0.00    0.00    0.00    0.00    0.00    0.00   89.90
15:14:46      11    0.00    0.00    0.00    0.00    0.00    0.00    0.00    0.00    0.00  100.00
15:14:46      12    2.97    0.00    0.99    0.00    0.00    0.00    0.00    0.00    0.00   96.04
15:14:46      13    0.00    0.00    0.00    0.00    0.00    0.00    0.00    0.00    0.00  100.00
15:14:46      14    1.98    0.00    0.99    0.00    0.00    0.00    0.00    0.00    0.00   97.03
15:14:46      15    1.02    0.00    0.00    0.00    0.00    1.02    0.00    0.00    0.00   97.96
15:14:46      16    1.01    0.00    1.01    0.00    0.00    0.00    0.00    0.00    0.00   97.98
15:14:46      17    1.01    0.00    0.00    0.00    0.00    0.00    0.00    0.00    0.00   98.99
15:14:46      18    0.99    0.00    0.99    0.00    0.00    0.00    0.00    0.00    0.00   98.02
15:14:46      19    0.00    0.00    0.00    0.00    0.00    0.00    0.00    0.00    0.00  100.00
15:14:46      20    1.98    0.00    0.99    0.00    0.00    0.00    0.00    0.00    0.00   97.03
15:14:46      21    1.00    0.00    1.00    0.00    0.00    0.00    0.00    0.00    0.00   98.00
15:14:46      22    2.02    0.00    1.01    0.00    0.00    0.00    0.00    0.00    0.00   96.97
15:14:46      23    2.02    0.00    0.00    0.00    0.00    0.00    0.00    0.00    0.00   97.98

15:14:46     CPU    %usr   %nice    %sys %iowait    %irq   %soft  %steal  %guest  %gnice   %idle
15:14:47     all    1.50    0.00    0.46    0.00    0.00    0.04    0.00    0.00    0.00   98.00
15:14:47       0    1.02    0.00    0.00    0.00    0.00    0.00    0.00    0.00    0.00   98.98
15:14:47       1    0.00    0.00    0.00    0.00    0.00    0.00    0.00    0.00    0.00  100.00
15:14:47       2    1.00    0.00    1.00    0.00    0.00    0.00    0.00    0.00    0.00   98.00
15:14:47       3    0.00    0.00    0.00    0.00    0.00    0.00    0.00    0.00    0.00  100.00
15:14:47       4    1.01    0.00    0.00    0.00    0.00    0.00    0.00    0.00    0.00   98.99
15:14:47       5    0.00    0.00    0.00    0.00    0.00    0.00    0.00    0.00    0.00  100.00
15:14:47       6    1.00    0.00    1.00    0.00    0.00    0.00    0.00    0.00    0.00   98.00
15:14:47       7    0.00    0.00    0.00    0.00    0.00    0.00    0.00    0.00    0.00  100.00
15:14:47       8    5.10    0.00    0.00    0.00    0.00    0.00    0.00    0.00    0.00   94.90
15:14:47       9    0.00    0.00    0.00    0.00    0.00    0.00    0.00    0.00    0.00  100.00
15:14:47      10    9.00    0.00    1.00    0.00    0.00    0.00    0.00    0.00    0.00   90.00
15:14:47      11    0.00    0.00    0.00    0.00    0.00    0.00    0.00    0.00    0.00  100.00
15:14:47      12    5.10    0.00    1.02    0.00    0.00    0.00    0.00    0.00    0.00   93.88
15:14:47      13    0.00    0.00    0.00    0.00    0.00    0.00    0.00    0.00    0.00  100.00
15:14:47      14    2.00    0.00    1.00    0.00    0.00    0.00    0.00    0.00    0.00   97.00
15:14:47      15    0.00    0.00    1.01    0.00    0.00    1.01    0.00    0.00    0.00   97.98
15:14:47      16    1.98    0.00    0.99    0.00    0.00    0.00    0.00    0.00    0.00   97.03
15:14:47      17    1.00    0.00    1.00    0.00    0.00    0.00    0.00    0.00    0.00   98.00
15:14:47      18    1.00    0.00    0.00    0.00    0.00    0.00    0.00    0.00    0.00   99.00
15:14:47      19    1.00    0.00    0.00    0.00    0.00    0.00    0.00    0.00    0.00   99.00
15:14:47      20    1.00    0.00    0.00    0.00    0.00    0.00    0.00    0.00    0.00   99.00
15:14:47      21    0.99    0.00    0.00    0.00    0.00    0.00    0.00    0.00    0.00   99.01
15:14:47      22    2.02    0.00    2.02    0.00    0.00    0.00    0.00    0.00    0.00   95.96
15:14:47      23    1.96    0.00    0.98    0.00    0.00    0.00    0.00    0.00    0.00   97.06

15:14:47     CPU    %usr   %nice    %sys %iowait    %irq   %soft  %steal  %guest  %gnice   %idle
15:14:48     all    1.51    0.00    0.33    0.04    0.00    0.04    0.00    0.00    0.00   98.08
15:14:48       0    1.00    0.00    0.00    0.00    0.00    0.00    0.00    0.00    0.00   99.00
15:14:48       1    0.00    0.00    0.00    0.00    0.00    0.00    0.00    0.00    0.00  100.00
15:14:48       2    2.02    0.00    1.01    0.00    0.00    0.00    0.00    0.00    0.00   96.97
15:14:48       3    0.00    0.00    0.00    0.00    0.00    0.00    0.00    0.00    0.00  100.00
15:14:48       4    1.00    0.00    0.00    0.00    0.00    0.00    0.00    0.00    0.00   99.00
15:14:48       5    0.00    0.00    0.00    0.00    0.00    0.00    0.00    0.00    0.00  100.00
15:14:48       6    2.00    0.00    0.00    0.00    0.00    0.00    0.00    0.00    0.00   98.00
15:14:48       7    0.00    0.00    0.00    0.00    0.00    0.00    0.00    0.00    0.00  100.00
15:14:48       8    7.00    0.00    2.00    0.00    0.00    0.00    0.00    0.00    0.00   91.00
15:14:48       9    0.00    0.00    0.00    0.00    0.00    0.00    0.00    0.00    0.00  100.00
15:14:48      10    7.92    0.00    0.99    0.00    0.00    0.00    0.00    0.00    0.00   91.09
15:14:48      11    0.00    0.00    0.00    0.00    0.00    0.00    0.00    0.00    0.00  100.00
15:14:48      12    4.95    0.00    0.99    0.00    0.00    0.00    0.00    0.00    0.00   94.06
15:14:48      13    0.00    0.00    0.00    1.00    0.00    0.00    0.00    0.00    0.00   99.00
15:14:48      14    2.02    0.00    1.01    0.00    0.00    0.00    0.00    0.00    0.00   96.97
15:14:48      15    0.00    0.00    0.00    0.00    0.00    1.02    0.00    0.00    0.00   98.98
15:14:48      16    0.00    0.00    0.00    0.00    0.00    0.00    0.00    0.00    0.00  100.00
15:14:48      17    1.01    0.00    0.00    0.00    0.00    0.00    0.00    0.00    0.00   98.99
15:14:48      18    0.00    0.00    1.00    0.00    0.00    0.00    0.00    0.00    0.00   99.00
15:14:48      19    0.00    0.00    1.00    0.00    0.00    0.00    0.00    0.00    0.00   99.00
15:14:48      20    2.00    0.00    0.00    0.00    0.00    0.00    0.00    0.00    0.00   98.00
15:14:48      21    1.01    0.00    0.00    0.00    0.00    0.00    0.00    0.00    0.00   98.99
15:14:48      22    2.02    0.00    0.00    0.00    0.00    0.00    0.00    0.00    0.00   97.98
15:14:48      23    2.00    0.00    0.00    0.00    0.00    0.00    0.00    0.00    0.00   98.00

15:14:48     CPU    %usr   %nice    %sys %iowait    %irq   %soft  %steal  %guest  %gnice   %idle
15:14:49     all    1.50    0.00    0.42    0.00    0.00    0.04    0.00    0.00    0.00   98.04
15:14:49       0    0.00    0.00    0.00    0.00    0.00    0.00    0.00    0.00    0.00  100.00
15:14:49       1    0.00    0.00    0.00    0.00    0.00    0.00    0.00    0.00    0.00  100.00
15:14:49       2    2.02    0.00    1.01    0.00    0.00    0.00    0.00    0.00    0.00   96.97
15:14:49       3    0.00    0.00    0.00    0.00    0.00    0.00    0.00    0.00    0.00  100.00
15:14:49       4    3.00    0.00    0.00    0.00    0.00    0.00    0.00    0.00    0.00   97.00
15:14:49       5    0.00    0.00    0.00    0.00    0.00    0.00    0.00    0.00    0.00  100.00
15:14:49       6    0.99    0.00    0.99    0.00    0.00    0.00    0.00    0.00    0.00   98.02
15:14:49       7    0.00    0.00    0.00    0.00    0.00    0.00    0.00    0.00    0.00  100.00
15:14:49       8    4.00    0.00    1.00    0.00    0.00    0.00    0.00    0.00    0.00   95.00
15:14:49       9    6.00    0.00    0.00    0.00    0.00    0.00    0.00    0.00    0.00   94.00
15:14:49      10    6.06    0.00    1.01    0.00    0.00    0.00    0.00    0.00    0.00   92.93
15:14:49      11    0.00    0.00    0.00    0.00    0.00    0.00    0.00    0.00    0.00  100.00
15:14:49      12    4.00    0.00    1.00    0.00    0.00    0.00    0.00    0.00    0.00   95.00
15:14:49      13    0.00    0.00    0.00    0.00    0.00    0.00    0.00    0.00    0.00  100.00
15:14:49      14    2.00    0.00    1.00    0.00    0.00    0.00    0.00    0.00    0.00   97.00
15:14:49      15    0.00    0.00    0.00    0.00    0.00    1.02    0.00    0.00    0.00   98.98
15:14:49      16    1.00    0.00    1.00    0.00    0.00    0.00    0.00    0.00    0.00   98.00
15:14:49      17    1.01    0.00    1.01    0.00    0.00    0.00    0.00    0.00    0.00   97.98
15:14:49      18    2.00    0.00    0.00    0.00    0.00    0.00    0.00    0.00    0.00   98.00
15:14:49      19    1.00    0.00    0.00    0.00    0.00    0.00    0.00    0.00    0.00   99.00
15:14:49      20    0.00    0.00    0.99    0.00    0.00    0.00    0.00    0.00    0.00   99.01
15:14:49      21    0.00    0.00    1.01    0.00    0.00    0.00    0.00    0.00    0.00   98.99
15:14:49      22    2.02    0.00    0.00    0.00    0.00    0.00    0.00    0.00    0.00   97.98
15:14:49      23    1.01    0.00    0.00    0.00    0.00    0.00    0.00    0.00    0.00   98.99

15:14:49     CPU    %usr   %nice    %sys %iowait    %irq   %soft  %steal  %guest  %gnice   %idle
15:14:50     all    1.54    0.00    0.33    0.04    0.00    0.04    0.00    0.00    0.00   98.04
15:14:50       0    0.00    0.00    0.00    0.00    0.00    0.00    0.00    0.00    0.00  100.00
15:14:50       1    0.00    0.00    0.00    0.00    0.00    0.00    0.00    0.00    0.00  100.00
15:14:50       2    1.98    0.00    0.00    0.00    0.00    0.00    0.00    0.00    0.00   98.02
15:14:50       3    0.00    0.00    0.00    0.00    0.00    0.00    0.00    0.00    0.00  100.00
15:14:50       4    1.00    0.00    1.00    0.00    0.00    0.00    0.00    0.00    0.00   98.00
15:14:50       5    0.00    0.00    0.00    0.00    0.00    0.00    0.00    0.00    0.00  100.00
15:14:50       6    2.00    0.00    0.00    0.00    0.00    0.00    0.00    0.00    0.00   98.00
15:14:50       7    0.00    0.00    0.00    0.00    0.00    0.00    0.00    0.00    0.00  100.00
15:14:50       8    7.00    0.00    2.00    0.00    0.00    0.00    0.00    0.00    0.00   91.00
15:14:50       9    5.94    0.00    0.00    0.00    0.00    0.00    0.00    0.00    0.00   94.06
15:14:50      10    6.00    0.00    1.00    0.00    0.00    0.00    0.00    0.00    0.00   93.00
15:14:50      11    0.00    0.00    0.00    0.00    0.00    0.00    0.00    0.00    0.00  100.00
15:14:50      12    2.00    0.00    1.00    0.00    0.00    0.00    0.00    0.00    0.00   97.00
15:14:50      13    0.00    0.00    0.00    0.00    0.00    0.00    0.00    0.00    0.00  100.00
15:14:50      14    2.00    0.00    1.00    0.00    0.00    0.00    0.00    0.00    0.00   97.00
15:14:50      15    1.01    0.00    0.00    1.01    0.00    1.01    0.00    0.00    0.00   96.97
15:14:50      16    1.01    0.00    0.00    0.00    0.00    0.00    0.00    0.00    0.00   98.99
15:14:50      17    1.02    0.00    0.00    0.00    0.00    0.00    0.00    0.00    0.00   98.98
15:14:50      18    0.00    0.00    0.00    0.00    0.00    0.00    0.00    0.00    0.00  100.00
15:14:50      19    1.00    0.00    0.00    0.00    0.00    0.00    0.00    0.00    0.00   99.00
15:14:50      20    0.00    0.00    0.00    0.00    0.00    0.00    0.00    0.00    0.00  100.00
15:14:50      21    1.00    0.00    0.00    0.00    0.00    0.00    0.00    0.00    0.00   99.00
15:14:50      22    2.04    0.00    2.04    0.00    0.00    0.00    0.00    0.00    0.00   95.92
15:14:50      23    1.98    0.00    0.00    0.00    0.00    0.00    0.00    0.00    0.00   98.02

15:14:50     CPU    %usr   %nice    %sys %iowait    %irq   %soft  %steal  %guest  %gnice   %idle
15:14:51     all    1.38    0.00    0.38    0.04    0.00    0.04    0.00    0.00    0.00   98.16
15:14:51       0    1.00    0.00    1.00    0.00    0.00    0.00    0.00    0.00    0.00   98.00
15:14:51       1    0.00    0.00    0.00    0.00    0.00    0.00    0.00    0.00    0.00  100.00
15:14:51       2    2.00    0.00    0.00    0.00    0.00    0.00    0.00    0.00    0.00   98.00
15:14:51       3    0.00    0.00    0.00    0.00    0.00    0.00    0.00    0.00    0.00  100.00
15:14:51       4    2.00    0.00    0.00    0.00    0.00    0.00    0.00    0.00    0.00   98.00
15:14:51       5    0.00    0.00    0.00    1.00    0.00    0.00    0.00    0.00    0.00   99.00
15:14:51       6    0.00    0.00    0.00    0.00    0.00    0.00    0.00    0.00    0.00  100.00
15:14:51       7    0.00    0.00    0.00    0.00    0.00    0.00    0.00    0.00    0.00  100.00
15:14:51       8    5.15    0.00    1.03    0.00    0.00    0.00    0.00    0.00    0.00   93.81
15:14:51       9    6.00    0.00    0.00    0.00    0.00    0.00    0.00    0.00    0.00   94.00
15:14:51      10    4.08    0.00    1.02    0.00    0.00    0.00    0.00    0.00    0.00   94.90
15:14:51      11    0.00    0.00    0.00    0.00    0.00    0.00    0.00    0.00    0.00  100.00
15:14:51      12    3.00    0.00    1.00    0.00    0.00    0.00    0.00    0.00    0.00   96.00
15:14:51      13    0.00    0.00    0.00    0.00    0.00    0.00    0.00    0.00    0.00  100.00
15:14:51      14    2.00    0.00    1.00    0.00    0.00    0.00    0.00    0.00    0.00   97.00
15:14:51      15    0.00    0.00    0.00    0.00    0.00    1.02    0.00    0.00    0.00   98.98
15:14:51      16    1.01    0.00    1.01    0.00    0.00    0.00    0.00    0.00    0.00   97.98
15:14:51      17    2.00    0.00    0.00    0.00    0.00    0.00    0.00    0.00    0.00   98.00
15:14:51      18    0.00    0.00    0.00    0.00    0.00    0.00    0.00    0.00    0.00  100.00
15:14:51      19    1.00    0.00    1.00    0.00    0.00    0.00    0.00    0.00    0.00   98.00
15:14:51      20    1.00    0.00    0.00    0.00    0.00    0.00    0.00    0.00    0.00   99.00
15:14:51      21    0.00    0.00    0.00    0.00    0.00    0.00    0.00    0.00    0.00  100.00
15:14:51      22    2.02    0.00    1.01    0.00    0.00    0.00    0.00    0.00    0.00   96.97
15:14:51      23    1.00    0.00    1.00    0.00    0.00    0.00    0.00    0.00    0.00   98.00

15:14:51     CPU    %usr   %nice    %sys %iowait    %irq   %soft  %steal  %guest  %gnice   %idle
15:14:52     all    2.84    0.00    0.58    0.13    0.00    0.00    0.00    0.00    0.00   96.45
15:14:52       0    6.00    0.00    1.00    0.00    0.00    0.00    0.00    0.00    0.00   93.00
15:14:52       1    0.99    0.00    0.00    0.00    0.00    0.00    0.00    0.00    0.00   99.01
15:14:52       2    1.01    0.00    0.00    0.00    0.00    0.00    0.00    0.00    0.00   98.99
15:14:52       3    0.00    0.00    0.00    0.00    0.00    0.00    0.00    0.00    0.00  100.00
15:14:52       4    4.00    0.00    1.00    0.00    0.00    0.00    0.00    0.00    0.00   95.00
15:14:52       5    0.00    0.00    0.00    0.00    0.00    0.00    0.00    0.00    0.00  100.00
15:14:52       6    1.00    0.00    0.00    0.00    0.00    0.00    0.00    0.00    0.00   99.00
15:14:52       7    0.00    0.00    0.00    0.00    0.00    0.00    0.00    0.00    0.00  100.00
15:14:52       8   10.00    0.00    2.00    0.00    0.00    0.00    0.00    0.00    0.00   88.00
15:14:52       9    5.94    0.00    0.00    0.00    0.00    0.00    0.00    0.00    0.00   94.06
15:14:52      10   20.20    0.00    2.02    0.00    0.00    0.00    0.00    0.00    0.00   77.78
15:14:52      11    0.00    0.00    0.00    0.00    0.00    0.00    0.00    0.00    0.00  100.00
15:14:52      12    3.00    0.00    2.00    0.00    0.00    0.00    0.00    0.00    0.00   95.00
15:14:52      13    0.00    0.00    0.00    0.99    0.00    0.00    0.00    0.00    0.00   99.01
15:14:52      14    4.95    0.00    0.00    0.99    0.00    0.00    0.00    0.00    0.00   94.06
15:14:52      15    0.00    0.00    0.00    0.00    0.00    0.00    0.00    0.00    0.00  100.00
15:14:52      16    2.02    0.00    0.00    0.00    0.00    0.00    0.00    0.00    0.00   97.98
15:14:52      17    2.02    0.00    2.02    1.01    0.00    0.00    0.00    0.00    0.00   94.95
15:14:52      18    2.00    0.00    0.00    0.00    0.00    0.00    0.00    0.00    0.00   98.00
15:14:52      19    1.01    0.00    0.00    0.00    0.00    0.00    0.00    0.00    0.00   98.99
15:14:52      20    1.01    0.00    1.01    0.00    0.00    0.00    0.00    0.00    0.00   97.98
15:14:52      21    0.00    0.00    2.00    0.00    0.00    0.00    0.00    0.00    0.00   98.00
15:14:52      22    1.01    0.00    0.00    0.00    0.00    0.00    0.00    0.00    0.00   98.99
15:14:52      23    1.98    0.00    0.99    0.00    0.00    0.00    0.00    0.00    0.00   97.03

15:14:52     CPU    %usr   %nice    %sys %iowait    %irq   %soft  %steal  %guest  %gnice   %idle
15:14:53     all    7.00    0.00    1.30    0.04    0.00    0.04    0.00    0.00    0.00   91.62
15:14:53       0    5.05    0.00    1.01    0.00    0.00    0.00    0.00    0.00    0.00   93.94
15:14:53       1    1.01    0.00    0.00    0.00    0.00    0.00    0.00    0.00    0.00   98.99
15:14:53       2    6.00    0.00    3.00    0.00    0.00    0.00    0.00    0.00    0.00   91.00
15:14:53       3    0.99    0.00    0.00    0.00    0.00    0.00    0.00    0.00    0.00   99.01
15:14:53       4   15.15    0.00    1.01    0.00    0.00    0.00    0.00    0.00    0.00   83.84
15:14:53       5    0.00    0.00    0.00    0.00    0.00    0.00    0.00    0.00    0.00  100.00
15:14:53       6    4.00    0.00    1.00    0.00    0.00    0.00    0.00    0.00    0.00   95.00
15:14:53       7    1.01    0.00    0.00    0.00    0.00    0.00    0.00    0.00    0.00   98.99
15:14:53       8   30.69    0.00    4.95    0.99    0.00    0.00    0.00    0.00    0.00   63.37
15:14:53       9    6.06    0.00    0.00    0.00    0.00    0.00    0.00    0.00    0.00   93.94
15:14:53      10   36.36    0.00    7.07    0.00    0.00    0.00    0.00    0.00    0.00   56.57
15:14:53      11    1.00    0.00    0.00    0.00    0.00    0.00    0.00    0.00    0.00   99.00
15:14:53      12   16.16    0.00    2.02    0.00    0.00    0.00    0.00    0.00    0.00   81.82
15:14:53      13    2.00    0.00    0.00    0.00    0.00    0.00    0.00    0.00    0.00   98.00
15:14:53      14    5.05    0.00    1.01    0.00    0.00    0.00    0.00    0.00    0.00   93.94
15:14:53      15    0.00    0.00    1.02    0.00    0.00    1.02    0.00    0.00    0.00   97.96
15:14:53      16    5.10    0.00    1.02    0.00    0.00    0.00    0.00    0.00    0.00   93.88
15:14:53      17    6.00    0.00    1.00    0.00    0.00    0.00    0.00    0.00    0.00   93.00
15:14:53      18    4.04    0.00    2.02    0.00    0.00    0.00    0.00    0.00    0.00   93.94
15:14:53      19    3.00    0.00    1.00    0.00    0.00    0.00    0.00    0.00    0.00   96.00
15:14:53      20    5.94    0.00    0.00    0.00    0.00    0.00    0.00    0.00    0.00   94.06
15:14:53      21    3.00    0.00    1.00    0.00    0.00    0.00    0.00    0.00    0.00   96.00
15:14:53      22    5.05    0.00    1.01    0.00    0.00    0.00    0.00    0.00    0.00   93.94
15:14:53      23    5.05    0.00    2.02    0.00    0.00    0.00    0.00    0.00    0.00   92.93

15:14:53     CPU    %usr   %nice    %sys %iowait    %irq   %soft  %steal  %guest  %gnice   %idle
15:14:54     all    6.35    0.00    0.88    0.00    0.00    0.00    0.00    0.00    0.00   92.77
15:14:54       0    6.06    0.00    1.01    0.00    0.00    0.00    0.00    0.00    0.00   92.93
15:14:54       1    0.00    0.00    0.00    0.00    0.00    0.00    0.00    0.00    0.00  100.00
15:14:54       2    3.00    0.00    1.00    0.00    0.00    0.00    0.00    0.00    0.00   96.00
15:14:54       3    0.00    0.00    0.00    0.00    0.00    0.00    0.00    0.00    0.00  100.00
15:14:54       4    3.00    0.00    1.00    0.00    0.00    0.00    0.00    0.00    0.00   96.00
15:14:54       5    0.99    0.00    0.00    0.00    0.00    0.00    0.00    0.00    0.00   99.01
15:14:54       6    3.03    0.00    1.01    0.00    0.00    0.00    0.00    0.00    0.00   95.96
15:14:54       7    0.99    0.00    0.00    0.00    0.00    0.00    0.00    0.00    0.00   99.01
15:14:54       8   36.00    0.00    4.00    0.00    0.00    0.00    0.00    0.00    0.00   60.00
15:14:54       9    6.00    0.00    0.00    0.00    0.00    0.00    0.00    0.00    0.00   94.00
15:14:54      10   28.28    0.00    4.04    0.00    0.00    0.00    0.00    0.00    0.00   67.68
15:14:54      11    0.99    0.00    0.99    0.00    0.00    0.00    0.00    0.00    0.00   98.02
15:14:54      12   28.00    0.00    2.00    0.00    0.00    0.00    0.00    0.00    0.00   70.00
15:14:54      13    0.00    0.00    0.00    0.00    0.00    0.00    0.00    0.00    0.00  100.00
15:14:54      14    9.90    0.00    0.99    0.00    0.00    0.00    0.00    0.00    0.00   89.11
15:14:54      15    0.00    0.00    0.00    0.00    0.00    0.00    0.00    0.00    0.00  100.00
15:14:54      16    4.04    0.00    1.01    0.00    0.00    0.00    0.00    0.00    0.00   94.95
15:14:54      17    3.00    0.00    1.00    0.00    0.00    0.00    0.00    0.00    0.00   96.00
15:14:54      18    3.00    0.00    0.00    0.00    0.00    0.00    0.00    0.00    0.00   97.00
15:14:54      19    2.04    0.00    1.02    0.00    0.00    0.00    0.00    0.00    0.00   96.94
15:14:54      20    4.00    0.00    1.00    0.00    0.00    0.00    0.00    0.00    0.00   95.00
15:14:54      21    2.02    0.00    0.00    0.00    0.00    0.00    0.00    0.00    0.00   97.98
15:14:54      22    4.04    0.00    0.00    0.00    0.00    0.00    0.00    0.00    0.00   95.96
15:14:54      23    4.00    0.00    1.00    0.00    0.00    0.00    0.00    0.00    0.00   95.00

15:14:54     CPU    %usr   %nice    %sys %iowait    %irq   %soft  %steal  %guest  %gnice   %idle
15:14:55     all    4.86    0.00    0.71    0.13    0.00    0.04    0.00    0.00    0.00   94.27
15:14:55       0    4.00    0.00    1.00    0.00    0.00    0.00    0.00    0.00    0.00   95.00
15:14:55       1    0.00    0.00    0.00    0.00    0.00    0.00    0.00    0.00    0.00  100.00
15:14:55       2    4.00    0.00    0.00    0.00    0.00    0.00    0.00    0.00    0.00   96.00
15:14:55       3    0.00    0.00    0.00    0.00    0.00    0.00    0.00    0.00    0.00  100.00
15:14:55       4    3.00    0.00    1.00    0.00    0.00    0.00    0.00    0.00    0.00   96.00
15:14:55       5    0.00    0.00    0.00    0.00    0.00    0.00    0.00    0.00    0.00  100.00
15:14:55       6    3.00    0.00    1.00    0.00    0.00    0.00    0.00    0.00    0.00   96.00
15:14:55       7    0.00    0.00    0.00    0.00    0.00    0.00    0.00    0.00    0.00  100.00
15:14:55       8   24.00    0.00    3.00    0.00    0.00    0.00    0.00    0.00    0.00   73.00
15:14:55       9    6.00    0.00    0.00    0.00    0.00    0.00    0.00    0.00    0.00   94.00
15:14:55      10   24.49    0.00    2.04    0.00    0.00    0.00    0.00    0.00    0.00   73.47
15:14:55      11    0.00    0.00    0.00    1.01    0.00    0.00    0.00    0.00    0.00   98.99
15:14:55      12   25.00    0.00    1.00    0.00    0.00    0.00    0.00    0.00    0.00   74.00
15:14:55      13    0.00    0.00    0.00    0.00    0.00    0.00    0.00    0.00    0.00  100.00
15:14:55      14    3.00    0.00    1.00    0.00    0.00    0.00    0.00    0.00    0.00   96.00
15:14:55      15    0.00    0.00    0.00    0.00    0.00    1.03    0.00    0.00    0.00   98.97
15:14:55      16    4.04    0.00    1.01    0.00    0.00    0.00    0.00    0.00    0.00   94.95
15:14:55      17    2.02    0.00    1.01    0.00    0.00    0.00    0.00    0.00    0.00   96.97
15:14:55      18    0.00    0.00    1.02    2.04    0.00    0.00    0.00    0.00    0.00   96.94
15:14:55      19    0.99    0.00    0.99    0.00    0.00    0.00    0.00    0.00    0.00   98.02
15:14:55      20    4.00    0.00    0.00    0.00    0.00    0.00    0.00    0.00    0.00   96.00
15:14:55      21    1.00    0.00    1.00    0.00    0.00    0.00    0.00    0.00    0.00   98.00
15:14:55      22    5.05    0.00    1.01    0.00    0.00    0.00    0.00    0.00    0.00   93.94
15:14:55      23    3.00    0.00    1.00    0.00    0.00    0.00    0.00    0.00    0.00   96.00

15:14:55     CPU    %usr   %nice    %sys %iowait    %irq   %soft  %steal  %guest  %gnice   %idle
15:14:56     all    2.41    0.00    0.54    0.00    0.00    0.04    0.00    0.00    0.00   97.01
15:14:56       0    2.00    0.00    1.00    0.00    0.00    0.00    0.00    0.00    0.00   97.00
15:14:56       1    0.00    0.00    0.00    0.00    0.00    0.00    0.00    0.00    0.00  100.00
15:14:56       2    4.04    0.00    0.00    0.00    0.00    0.00    0.00    0.00    0.00   95.96
15:14:56       3    0.00    0.00    0.00    0.00    0.00    0.00    0.00    0.00    0.00  100.00
15:14:56       4    3.00    0.00    0.00    0.00    0.00    0.00    0.00    0.00    0.00   97.00
15:14:56       5    0.00    0.00    0.00    0.00    0.00    0.00    0.00    0.00    0.00  100.00
15:14:56       6    2.97    0.00    1.98    0.00    0.00    0.00    0.00    0.00    0.00   95.05
15:14:56       7    0.00    0.00    0.00    0.00    0.00    0.00    0.00    0.00    0.00  100.00
15:14:56       8   10.78    0.00    1.96    0.00    0.00    0.00    0.00    0.00    0.00   87.25
15:14:56       9    2.00    0.00    0.00    0.00    0.00    0.00    0.00    0.00    0.00   98.00
15:14:56      10    6.86    0.00    0.98    0.00    0.00    0.00    0.00    0.00    0.00   92.16
15:14:56      11    0.00    0.00    0.00    0.00    0.00    0.00    0.00    0.00    0.00  100.00
15:14:56      12    3.96    0.00    0.99    0.00    0.00    0.00    0.00    0.00    0.00   95.05
15:14:56      13    0.00    0.00    0.00    0.00    0.00    0.00    0.00    0.00    0.00  100.00
15:14:56      14    4.81    0.00    1.92    0.00    0.00    0.00    0.00    0.00    0.00   93.27
15:14:56      15    1.01    0.00    1.01    0.00    0.00    1.01    0.00    0.00    0.00   96.97
15:14:56      16    2.97    0.00    0.99    0.00    0.00    0.00    0.00    0.00    0.00   96.04
15:14:56      17    2.00    0.00    2.00    0.00    0.00    0.00    0.00    0.00    0.00   96.00
15:14:56      18    2.00    0.00    0.00    0.00    0.00    0.00    0.00    0.00    0.00   98.00
15:14:56      19    1.02    0.00    0.00    0.00    0.00    0.00    0.00    0.00    0.00   98.98
15:14:56      20    2.00    0.00    0.00    0.00    0.00    0.00    0.00    0.00    0.00   98.00
15:14:56      21    2.00    0.00    0.00    0.00    0.00    0.00    0.00    0.00    0.00   98.00
15:14:56      22    2.04    0.00    0.00    0.00    0.00    0.00    0.00    0.00    0.00   97.96
15:14:56      23    2.00    0.00    0.00    0.00    0.00    0.00    0.00    0.00    0.00   98.00

15:14:56     CPU    %usr   %nice    %sys %iowait    %irq   %soft  %steal  %guest  %gnice   %idle
15:14:57     all    1.91    0.00    0.58    0.00    0.00    0.04    0.00    0.00    0.00   97.46
15:14:57       0    2.97    0.00    0.99    0.00    0.00    0.00    0.00    0.00    0.00   96.04
15:14:57       1    0.00    0.00    0.00    0.00    0.00    0.00    0.00    0.00    0.00  100.00
15:14:57       2    3.00    0.00    0.00    0.00    0.00    0.00    0.00    0.00    0.00   97.00
15:14:57       3    0.00    0.00    0.00    0.00    0.00    0.00    0.00    0.00    0.00  100.00
15:14:57       4    1.98    0.00    0.99    0.00    0.00    0.00    0.00    0.00    0.00   97.03
15:14:57       5    0.00    0.00    0.00    0.00    0.00    0.00    0.00    0.00    0.00  100.00
15:14:57       6    3.00    0.00    1.00    0.00    0.00    0.00    0.00    0.00    0.00   96.00
15:14:57       7    0.00    0.00    0.00    0.00    0.00    0.00    0.00    0.00    0.00  100.00
15:14:57       8    8.91    0.00    0.99    0.00    0.00    0.00    0.00    0.00    0.00   90.10
15:14:57       9    0.00    0.00    0.00    0.00    0.00    0.00    0.00    0.00    0.00  100.00
15:14:57      10    5.94    0.00    0.99    0.00    0.00    0.00    0.00    0.00    0.00   93.07
15:14:57      11    0.00    0.00    0.00    0.00    0.00    0.00    0.00    0.00    0.00  100.00
15:14:57      12    3.92    0.00    0.98    0.00    0.00    0.00    0.00    0.00    0.00   95.10
15:14:57      13    0.00    0.00    0.00    0.00    0.00    0.00    0.00    0.00    0.00  100.00
15:14:57      14    1.00    0.00    1.00    0.00    0.00    0.00    0.00    0.00    0.00   98.00
15:14:57      15    0.00    0.00    1.01    0.00    0.00    1.01    0.00    0.00    0.00   97.98
15:14:57      16    2.02    0.00    0.00    0.00    0.00    0.00    0.00    0.00    0.00   97.98
15:14:57      17    1.98    0.00    0.99    0.00    0.00    0.00    0.00    0.00    0.00   97.03
15:14:57      18    0.99    0.00    0.99    0.00    0.00    0.00    0.00    0.00    0.00   98.02
15:14:57      19    0.99    0.00    0.99    0.00    0.00    0.00    0.00    0.00    0.00   98.02
15:14:57      20    1.98    0.00    0.99    0.00    0.00    0.00    0.00    0.00    0.00   97.03
15:14:57      21    2.02    0.00    0.00    0.00    0.00    0.00    0.00    0.00    0.00   97.98
15:14:57      22    3.03    0.00    1.01    0.00    0.00    0.00    0.00    0.00    0.00   95.96
15:14:57      23    2.00    0.00    1.00    0.00    0.00    0.00    0.00    0.00    0.00   97.00

15:14:57     CPU    %usr   %nice    %sys %iowait    %irq   %soft  %steal  %guest  %gnice   %idle
15:14:58     all    1.67    0.00    0.42    0.00    0.00    0.04    0.00    0.00    0.00   97.87
15:14:58       0    2.00    0.00    1.00    0.00    0.00    0.00    0.00    0.00    0.00   97.00
15:14:58       1    0.98    0.00    0.98    0.00    0.00    0.00    0.00    0.00    0.00   98.04
15:14:58       2    2.97    0.00    1.98    0.00    0.00    0.00    0.00    0.00    0.00   95.05
15:14:58       3    0.00    0.00    0.00    0.00    0.00    0.00    0.00    0.00    0.00  100.00
15:14:58       4    2.02    0.00    0.00    0.00    0.00    0.00    0.00    0.00    0.00   97.98
15:14:58       5    0.00    0.00    0.00    0.00    0.00    0.00    0.00    0.00    0.00  100.00
15:14:58       6    2.00    0.00    1.00    0.00    0.00    0.00    0.00    0.00    0.00   97.00
15:14:58       7    0.00    0.00    0.00    0.00    0.00    0.00    0.00    0.00    0.00  100.00
15:14:58       8    9.00    0.00    1.00    0.00    0.00    0.00    0.00    0.00    0.00   90.00
15:14:58       9    0.00    0.00    0.99    0.00    0.00    0.00    0.00    0.00    0.00   99.01
15:14:58      10    3.03    0.00    1.01    0.00    0.00    0.00    0.00    0.00    0.00   95.96
15:14:58      11    0.00    0.00    0.00    0.00    0.00    0.00    0.00    0.00    0.00  100.00
15:14:58      12    3.03    0.00    0.00    0.00    0.00    0.00    0.00    0.00    0.00   96.97
15:14:58      13    0.00    0.00    0.00    0.00    0.00    0.00    0.00    0.00    0.00  100.00
15:14:58      14    4.90    0.00    0.98    0.00    0.00    0.00    0.00    0.00    0.00   94.12
15:14:58      15    1.01    0.00    0.00    0.00    0.00    1.01    0.00    0.00    0.00   97.98
15:14:58      16    1.98    0.00    0.99    0.00    0.00    0.00    0.00    0.00    0.00   97.03
15:14:58      17    1.02    0.00    0.00    0.00    0.00    0.00    0.00    0.00    0.00   98.98
15:14:58      18    1.01    0.00    0.00    0.00    0.00    0.00    0.00    0.00    0.00   98.99
15:14:58      19    0.00    0.00    0.00    0.00    0.00    0.00    0.00    0.00    0.00  100.00
15:14:58      20    1.01    0.00    0.00    0.00    0.00    0.00    0.00    0.00    0.00   98.99
15:14:58      21    0.00    0.00    0.00    0.00    0.00    0.00    0.00    0.00    0.00  100.00
15:14:58      22    2.04    0.00    0.00    0.00    0.00    0.00    0.00    0.00    0.00   97.96
15:14:58      23    2.00    0.00    0.00    0.00    0.00    0.00    0.00    0.00    0.00   98.00

15:14:58     CPU    %usr   %nice    %sys %iowait    %irq   %soft  %steal  %guest  %gnice   %idle
15:14:59     all    2.50    0.00    0.46    0.04    0.00    0.08    0.00    0.00    0.00   96.91
15:14:59       0    4.00    0.00    0.00    0.00    0.00    0.00    0.00    0.00    0.00   96.00
15:14:59       1    0.00    0.00    0.00    0.00    0.00    0.00    0.00    0.00    0.00  100.00
15:14:59       2    3.00    0.00    1.00    0.00    0.00    0.00    0.00    0.00    0.00   96.00
15:14:59       3    0.00    0.00    0.00    0.00    0.00    0.00    0.00    0.00    0.00  100.00
15:14:59       4    3.92    0.00    0.98    0.00    0.00    0.00    0.00    0.00    0.00   95.10
15:14:59       5    0.00    0.00    0.00    0.00    0.00    0.00    0.00    0.00    0.00  100.00
15:14:59       6    3.00    0.00    1.00    1.00    0.00    0.00    0.00    0.00    0.00   95.00
15:14:59       7    0.00    0.00    0.00    0.00    0.00    0.99    0.00    0.00    0.00   99.01
15:14:59       8   12.87    0.00    2.97    0.00    0.00    0.00    0.00    0.00    0.00   84.16
15:14:59       9    1.00    0.00    0.00    0.00    0.00    0.00    0.00    0.00    0.00   99.00
15:14:59      10    6.06    0.00    0.00    0.00    0.00    0.00    0.00    0.00    0.00   93.94
15:14:59      11    0.00    0.00    0.00    0.00    0.00    0.00    0.00    0.00    0.00  100.00
15:14:59      12    3.92    0.00    0.98    0.00    0.00    0.00    0.00    0.00    0.00   95.10
15:14:59      13    0.00    0.00    0.00    0.00    0.00    0.00    0.00    0.00    0.00  100.00
15:14:59      14    5.05    0.00    0.00    0.00    0.00    0.00    0.00    0.00    0.00   94.95
15:14:59      15    0.00    0.00    0.00    0.00    0.00    1.02    0.00    0.00    0.00   98.98
15:14:59      16    2.02    0.00    2.02    0.00    0.00    0.00    0.00    0.00    0.00   95.96
15:14:59      17    3.00    0.00    0.00    0.00    0.00    0.00    0.00    0.00    0.00   97.00
15:14:59      18    4.00    0.00    0.00    0.00    0.00    0.00    0.00    0.00    0.00   96.00
15:14:59      19    1.00    0.00    0.00    0.00    0.00    0.00    0.00    0.00    0.00   99.00
15:14:59      20    2.00    0.00    2.00    0.00    0.00    0.00    0.00    0.00    0.00   96.00
15:14:59      21    1.00    0.00    0.00    0.00    0.00    0.00    0.00    0.00    0.00   99.00
15:14:59      22    2.04    0.00    0.00    0.00    0.00    0.00    0.00    0.00    0.00   97.96
15:14:59      23    2.00    0.00    0.00    0.00    0.00    0.00    0.00    0.00    0.00   98.00

15:14:59     CPU    %usr   %nice    %sys %iowait    %irq   %soft  %steal  %guest  %gnice   %idle
15:15:00     all    2.71    0.00    0.50    0.04    0.00    0.00    0.00    0.00    0.00   96.74
15:15:00       0    4.00    0.00    2.00    0.00    0.00    0.00    0.00    0.00    0.00   94.00
15:15:00       1    0.00    0.00    0.00    0.00    0.00    0.00    0.00    0.00    0.00  100.00
15:15:00       2    2.02    0.00    0.00    0.00    0.00    0.00    0.00    0.00    0.00   97.98
15:15:00       3    0.00    0.00    0.00    0.00    0.00    0.00    0.00    0.00    0.00  100.00
15:15:00       4    4.00    0.00    0.00    0.00    0.00    0.00    0.00    0.00    0.00   96.00
15:15:00       5    0.00    0.00    0.00    0.00    0.00    0.00    0.00    0.00    0.00  100.00
15:15:00       6    1.98    0.00    0.99    0.99    0.00    0.00    0.00    0.00    0.00   96.04
15:15:00       7    0.00    0.00    0.00    0.00    0.00    0.00    0.00    0.00    0.00  100.00
15:15:00       8   11.11    0.00    1.01    0.00    0.00    0.00    0.00    0.00    0.00   87.88
15:15:00       9    0.00    0.00    0.00    0.00    0.00    0.00    0.00    0.00    0.00  100.00
15:15:00      10    7.92    0.00    0.99    0.00    0.00    0.00    0.00    0.00    0.00   91.09
15:15:00      11    0.00    0.00    0.00    0.00    0.00    0.00    0.00    0.00    0.00  100.00
15:15:00      12    8.91    0.00    0.00    0.00    0.00    0.00    0.00    0.00    0.00   91.09
15:15:00      13    0.00    0.00    0.00    0.00    0.00    0.00    0.00    0.00    0.00  100.00
15:15:00      14    4.00    0.00    1.00    0.00    0.00    0.00    0.00    0.00    0.00   95.00
15:15:00      15    1.02    0.00    1.02    0.00    0.00    0.00    0.00    0.00    0.00   97.96
15:15:00      16    3.00    0.00    0.00    0.00    0.00    0.00    0.00    0.00    0.00   97.00
15:15:00      17    3.03    0.00    1.01    0.00    0.00    0.00    0.00    0.00    0.00   95.96
15:15:00      18    2.02    0.00    2.02    0.00    0.00    0.00    0.00    0.00    0.00   95.96
15:15:00      19    2.00    0.00    0.00    0.00    0.00    0.00    0.00    0.00    0.00   98.00
15:15:00      20    2.00    0.00    0.00    0.00    0.00    0.00    0.00    0.00    0.00   98.00
15:15:00      21    1.98    0.00    0.99    0.00    0.00    0.00    0.00    0.00    0.00   97.03
15:15:00      22    3.03    0.00    0.00    0.00    0.00    0.00    0.00    0.00    0.00   96.97
15:15:00      23    3.00    0.00    1.00    0.00    0.00    0.00    0.00    0.00    0.00   96.00

15:15:00     CPU    %usr   %nice    %sys %iowait    %irq   %soft  %steal  %guest  %gnice   %idle
15:15:01     all    2.76    0.00    0.50    0.04    0.00    0.08    0.00    0.00    0.00   96.61
15:15:01       0    2.00    0.00    0.00    0.00    0.00    0.00    0.00    0.00    0.00   98.00
15:15:01       1    3.00    0.00    0.00    0.00    0.00    0.00    0.00    0.00    0.00   97.00
15:15:01       2    5.00    0.00    1.00    0.00    0.00    0.00    0.00    0.00    0.00   94.00
15:15:01       3    0.00    0.00    0.00    0.00    0.00    0.00    0.00    0.00    0.00  100.00
15:15:01       4    5.05    0.00    1.01    0.00    0.00    0.00    0.00    0.00    0.00   93.94
15:15:01       5    0.00    0.00    0.00    0.00    0.00    0.00    0.00    0.00    0.00  100.00
15:15:01       6    2.02    0.00    0.00    0.00    0.00    0.00    0.00    0.00    0.00   97.98
15:15:01       7    3.00    0.00    0.00    0.00    0.00    0.00    0.00    0.00    0.00   97.00
15:15:01       8   10.00    0.00    1.00    0.00    0.00    0.00    0.00    0.00    0.00   89.00
15:15:01       9    1.00    0.00    0.00    0.00    0.00    0.00    0.00    0.00    0.00   99.00
15:15:01      10   10.10    0.00    2.02    0.00    0.00    0.00    0.00    0.00    0.00   87.88
15:15:01      11    0.00    0.00    0.00    0.00    0.00    0.00    0.00    0.00    0.00  100.00
15:15:01      12    5.00    0.00    1.00    0.00    0.00    0.00    0.00    0.00    0.00   94.00
15:15:01      13    0.00    0.00    0.00    0.00    0.00    0.00    0.00    0.00    0.00  100.00
15:15:01      14    2.00    0.00    2.00    0.00    0.00    0.00    0.00    0.00    0.00   96.00
15:15:01      15    0.00    0.00    0.00    0.00    0.00    2.04    0.00    0.00    0.00   97.96
15:15:01      16    3.00    0.00    1.00    0.00    0.00    0.00    0.00    0.00    0.00   96.00
15:15:01      17    1.01    0.00    0.00    0.00    0.00    0.00    0.00    0.00    0.00   98.99
15:15:01      18    1.00    0.00    0.00    0.00    0.00    0.00    0.00    0.00    0.00   99.00
15:15:01      19    0.00    0.00    0.00    0.00    0.00    0.00    0.00    0.00    0.00  100.00
15:15:01      20    2.00    0.00    1.00    0.00    0.00    0.00    0.00    0.00    0.00   97.00
15:15:01      21    2.00    0.00    0.00    0.00    0.00    0.00    0.00    0.00    0.00   98.00
15:15:01      22    3.00    0.00    1.00    1.00    0.00    0.00    0.00    0.00    0.00   95.00
15:15:01      23    6.00    0.00    1.00    0.00    0.00    0.00    0.00    0.00    0.00   93.00

15:15:01     CPU    %usr   %nice    %sys %iowait    %irq   %soft  %steal  %guest  %gnice   %idle
15:15:02     all    1.88    0.00    0.25    0.00    0.00    0.00    0.00    0.00    0.00   97.86
15:15:02       0    1.01    0.00    0.00    0.00    0.00    0.00    0.00    0.00    0.00   98.99
15:15:02       1    0.00    0.00    0.00    0.00    0.00    0.00    0.00    0.00    0.00  100.00
15:15:02       2    2.00    0.00    0.00    0.00    0.00    0.00    0.00    0.00    0.00   98.00
15:15:02       3    0.00    0.00    0.00    0.00    0.00    0.00    0.00    0.00    0.00  100.00
15:15:02       4    1.01    0.00    1.01    0.00    0.00    0.00    0.00    0.00    0.00   97.98
15:15:02       5    0.00    0.00    0.00    0.00    0.00    0.00    0.00    0.00    0.00  100.00
15:15:02       6    2.97    0.00    0.99    0.00    0.00    0.00    0.00    0.00    0.00   96.04
15:15:02       7    0.00    0.00    0.00    0.00    0.00    0.00    0.00    0.00    0.00  100.00
15:15:02       8   13.00    0.00    1.00    0.00    0.00    0.00    0.00    0.00    0.00   86.00
15:15:02       9    0.00    0.00    0.00    0.00    0.00    0.00    0.00    0.00    0.00  100.00
15:15:02      10   10.10    0.00    0.00    0.00    0.00    0.00    0.00    0.00    0.00   89.90
15:15:02      11    0.00    0.00    0.00    0.00    0.00    0.00    0.00    0.00    0.00  100.00
15:15:02      12    2.04    0.00    1.02    0.00    0.00    0.00    0.00    0.00    0.00   96.94
15:15:02      13    0.00    0.00    0.00    0.00    0.00    0.00    0.00    0.00    0.00  100.00
15:15:02      14    2.00    0.00    1.00    0.00    0.00    0.00    0.00    0.00    0.00   97.00
15:15:02      15    1.02    0.00    0.00    0.00    0.00    0.00    0.00    0.00    0.00   98.98
15:15:02      16    1.02    0.00    0.00    0.00    0.00    0.00    0.00    0.00    0.00   98.98
15:15:02      17    1.00    0.00    0.00    0.00    0.00    0.00    0.00    0.00    0.00   99.00
15:15:02      18    0.00    0.00    0.00    0.00    0.00    0.00    0.00    0.00    0.00  100.00
15:15:02      19    0.00    0.00    0.00    0.00    0.00    0.00    0.00    0.00    0.00  100.00
15:15:02      20    2.00    0.00    0.00    0.00    0.00    0.00    0.00    0.00    0.00   98.00
15:15:02      21    1.01    0.00    0.00    0.00    0.00    0.00    0.00    0.00    0.00   98.99
15:15:02      22    2.02    0.00    0.00    0.00    0.00    0.00    0.00    0.00    0.00   97.98
15:15:02      23    2.97    0.00    0.99    0.00    0.00    0.00    0.00    0.00    0.00   96.04

15:15:02     CPU    %usr   %nice    %sys %iowait    %irq   %soft  %steal  %guest  %gnice   %idle
15:15:03     all    1.59    0.00    0.50    0.00    0.00    0.04    0.00    0.00    0.00   97.87
15:15:03       0    2.00    0.00    1.00    0.00    0.00    0.00    0.00    0.00    0.00   97.00
15:15:03       1    0.00    0.00    0.00    0.00    0.00    0.00    0.00    0.00    0.00  100.00
15:15:03       2    1.00    0.00    0.00    0.00    0.00    0.00    0.00    0.00    0.00   99.00
15:15:03       3    0.00    0.00    0.00    0.00    0.00    0.00    0.00    0.00    0.00  100.00
15:15:03       4    2.02    0.00    1.01    0.00    0.00    0.00    0.00    0.00    0.00   96.97
15:15:03       5    0.00    0.00    0.00    0.00    0.00    0.00    0.00    0.00    0.00  100.00
15:15:03       6    1.01    0.00    0.00    0.00    0.00    0.00    0.00    0.00    0.00   98.99
15:15:03       7    0.00    0.00    0.00    0.00    0.00    0.00    0.00    0.00    0.00  100.00
15:15:03       8    4.04    0.00    1.01    0.00    0.00    0.00    0.00    0.00    0.00   94.95
15:15:03       9    0.00    0.00    0.00    0.00    0.00    0.00    0.00    0.00    0.00  100.00
15:15:03      10   12.87    0.00    1.98    0.00    0.00    0.00    0.00    0.00    0.00   85.15
15:15:03      11    0.00    0.00    0.00    0.00    0.00    0.00    0.00    0.00    0.00  100.00
15:15:03      12    1.98    0.00    0.99    0.00    0.00    0.00    0.00    0.00    0.00   97.03
15:15:03      13    0.00    0.00    0.00    0.00    0.00    0.00    0.00    0.00    0.00  100.00
15:15:03      14    3.03    0.00    1.01    0.00    0.00    0.00    0.00    0.00    0.00   95.96
15:15:03      15    0.00    0.00    1.01    0.00    0.00    1.01    0.00    0.00    0.00   97.98
15:15:03      16    1.01    0.00    1.01    0.00    0.00    0.00    0.00    0.00    0.00   97.98
15:15:03      17    0.99    0.00    0.99    0.00    0.00    0.00    0.00    0.00    0.00   98.02
15:15:03      18    0.00    0.00    0.00    0.00    0.00    0.00    0.00    0.00    0.00  100.00
15:15:03      19    1.00    0.00    1.00    0.00    0.00    0.00    0.00    0.00    0.00   98.00
15:15:03      20    1.00    0.00    0.00    0.00    0.00    0.00    0.00    0.00    0.00   99.00
15:15:03      21    1.00    0.00    0.00    0.00    0.00    0.00    0.00    0.00    0.00   99.00
15:15:03      22    2.02    0.00    1.01    0.00    0.00    0.00    0.00    0.00    0.00   96.97
15:15:03      23    3.00    0.00    0.00    0.00    0.00    0.00    0.00    0.00    0.00   97.00

15:15:03     CPU    %usr   %nice    %sys %iowait    %irq   %soft  %steal  %guest  %gnice   %idle
15:15:04     all    1.46    0.00    0.29    0.04    0.00    0.08    0.00    0.00    0.00   98.12
15:15:04       0    1.01    0.00    0.00    0.00    0.00    0.00    0.00    0.00    0.00   98.99
15:15:04       1    0.00    0.00    0.00    0.00    0.00    0.00    0.00    0.00    0.00  100.00
15:15:04       2    2.02    0.00    0.00    0.00    0.00    0.00    0.00    0.00    0.00   97.98
15:15:04       3    0.00    0.00    0.00    0.00    0.00    0.00    0.00    0.00    0.00  100.00
15:15:04       4    0.99    0.00    0.00    0.00    0.00    0.99    0.00    0.00    0.00   98.02
15:15:04       5    0.00    0.00    0.00    0.00    0.00    0.00    0.00    0.00    0.00  100.00
15:15:04       6    1.00    0.00    1.00    0.00    0.00    0.00    0.00    0.00    0.00   98.00
15:15:04       7    0.00    0.00    0.00    0.00    0.00    0.00    0.00    0.00    0.00  100.00
15:15:04       8    8.16    0.00    1.02    0.00    0.00    0.00    0.00    0.00    0.00   90.82
15:15:04       9    0.00    0.00    0.00    0.00    0.00    0.00    0.00    0.00    0.00  100.00
15:15:04      10    3.00    0.00    0.00    0.00    0.00    0.00    0.00    0.00    0.00   97.00
15:15:04      11    0.00    0.00    0.00    0.00    0.00    0.00    0.00    0.00    0.00  100.00
15:15:04      12    3.00    0.00    1.00    0.00    0.00    0.00    0.00    0.00    0.00   96.00
15:15:04      13    0.00    0.00    0.00    0.00    0.00    0.00    0.00    0.00    0.00  100.00
15:15:04      14    2.97    0.00    0.99    0.00    0.00    0.00    0.00    0.00    0.00   96.04
15:15:04      15    1.01    0.00    0.00    0.00    0.00    1.01    0.00    0.00    0.00   97.98
15:15:04      16    1.01    0.00    0.00    0.00    0.00    0.00    0.00    0.00    0.00   98.99
15:15:04      17    1.01    0.00    1.01    0.00    0.00    0.00    0.00    0.00    0.00   97.98
15:15:04      18    1.00    0.00    0.00    1.00    0.00    0.00    0.00    0.00    0.00   98.00
15:15:04      19    0.00    0.00    1.02    0.00    0.00    0.00    0.00    0.00    0.00   98.98
15:15:04      20    3.00    0.00    0.00    0.00    0.00    0.00    0.00    0.00    0.00   97.00
15:15:04      21    1.00    0.00    1.00    0.00    0.00    0.00    0.00    0.00    0.00   98.00
15:15:04      22    2.04    0.00    0.00    0.00    0.00    0.00    0.00    0.00    0.00   97.96
15:15:04      23    3.00    0.00    0.00    0.00    0.00    0.00    0.00    0.00    0.00   97.00

15:15:04     CPU    %usr   %nice    %sys %iowait    %irq   %soft  %steal  %guest  %gnice   %idle
15:15:05     all    1.67    0.00    0.33    0.00    0.00    0.13    0.00    0.00    0.00   97.87
15:15:05       0    2.02    0.00    0.00    0.00    0.00    0.00    0.00    0.00    0.00   97.98
15:15:05       1    0.00    0.00    0.00    0.00    0.00    0.00    0.00    0.00    0.00  100.00
15:15:05       2    2.02    0.00    0.00    0.00    0.00    0.00    0.00    0.00    0.00   97.98
15:15:05       3    0.98    0.00    0.00    0.00    0.00    0.98    0.00    0.00    0.00   98.04
15:15:05       4    1.00    0.00    1.00    0.00    0.00    0.00    0.00    0.00    0.00   98.00
15:15:05       5    0.00    0.00    0.00    0.00    0.00    0.00    0.00    0.00    0.00  100.00
15:15:05       6    0.00    0.00    0.00    0.00    0.00    0.00    0.00    0.00    0.00  100.00
15:15:05       7    0.00    0.00    0.00    0.00    0.00    0.00    0.00    0.00    0.00  100.00
15:15:05       8    7.92    0.00    0.99    0.00    0.00    0.00    0.00    0.00    0.00   91.09
15:15:05       9    0.00    0.00    0.00    0.00    0.00    0.00    0.00    0.00    0.00  100.00
15:15:05      10    7.00    0.00    2.00    0.00    0.00    0.00    0.00    0.00    0.00   91.00
15:15:05      11    0.00    0.00    0.00    0.00    0.00    0.00    0.00    0.00    0.00  100.00
15:15:05      12    2.00    0.00    0.00    0.00    0.00    0.00    0.00    0.00    0.00   98.00
15:15:05      13    0.00    0.00    0.00    0.00    0.00    0.00    0.00    0.00    0.00  100.00
15:15:05      14    3.03    0.00    1.01    0.00    0.00    0.00    0.00    0.00    0.00   95.96
15:15:05      15    0.00    0.00    0.00    0.00    0.00    2.02    0.00    0.00    0.00   97.98
15:15:05      16    1.01    0.00    1.01    0.00    0.00    0.00    0.00    0.00    0.00   97.98
15:15:05      17    1.00    0.00    0.00    0.00    0.00    0.00    0.00    0.00    0.00   99.00
15:15:05      18    1.00    0.00    1.00    0.00    0.00    0.00    0.00    0.00    0.00   98.00
15:15:05      19    1.00    0.00    0.00    0.00    0.00    0.00    0.00    0.00    0.00   99.00
15:15:05      20    3.96    0.00    0.00    0.00    0.00    0.00    0.00    0.00    0.00   96.04
15:15:05      21    2.00    0.00    0.00    0.00    0.00    0.00    0.00    0.00    0.00   98.00
15:15:05      22    2.02    0.00    0.00    0.00    0.00    0.00    0.00    0.00    0.00   97.98
15:15:05      23    2.00    0.00    1.00    0.00    0.00    0.00    0.00    0.00    0.00   97.00

15:15:05     CPU    %usr   %nice    %sys %iowait    %irq   %soft  %steal  %guest  %gnice   %idle
15:15:06     all    1.38    0.00    0.33    0.00    0.00    0.04    0.00    0.00    0.00   98.24
15:15:06       0    2.00    0.00    1.00    0.00    0.00    0.00    0.00    0.00    0.00   97.00
15:15:06       1    0.00    0.00    0.00    0.00    0.00    0.00    0.00    0.00    0.00  100.00
15:15:06       2    1.98    0.00    1.98    0.00    0.00    0.00    0.00    0.00    0.00   96.04
15:15:06       3    0.00    0.00    0.00    0.00    0.00    0.00    0.00    0.00    0.00  100.00
15:15:06       4    1.00    0.00    0.00    0.00    0.00    0.00    0.00    0.00    0.00   99.00
15:15:06       5    0.00    0.00    0.00    0.00    0.00    0.00    0.00    0.00    0.00  100.00
15:15:06       6    2.00    0.00    0.00    0.00    0.00    0.00    0.00    0.00    0.00   98.00
15:15:06       7    0.00    0.00    0.00    0.00    0.00    0.00    0.00    0.00    0.00  100.00
15:15:06       8    7.00    0.00    1.00    0.00    0.00    0.00    0.00    0.00    0.00   92.00
15:15:06       9    0.00    0.00    0.00    0.00    0.00    0.00    0.00    0.00    0.00  100.00
15:15:06      10    4.08    0.00    1.02    0.00    0.00    0.00    0.00    0.00    0.00   94.90
15:15:06      11    0.00    0.00    0.00    0.00    0.00    0.00    0.00    0.00    0.00  100.00
15:15:06      12    2.97    0.00    1.98    0.00    0.00    0.00    0.00    0.00    0.00   95.05
15:15:06      13    0.00    0.00    0.00    0.00    0.00    0.00    0.00    0.00    0.00  100.00
15:15:06      14    3.00    0.00    0.00    0.00    0.00    0.00    0.00    0.00    0.00   97.00
15:15:06      15    0.00    0.00    0.00    0.00    0.00    1.02    0.00    0.00    0.00   98.98
15:15:06      16    1.00    0.00    0.00    0.00    0.00    0.00    0.00    0.00    0.00   99.00
15:15:06      17    1.01    0.00    0.00    0.00    0.00    0.00    0.00    0.00    0.00   98.99
15:15:06      18    1.01    0.00    0.00    0.00    0.00    0.00    0.00    0.00    0.00   98.99
15:15:06      19    0.00    0.00    0.00    0.00    0.00    0.00    0.00    0.00    0.00  100.00
15:15:06      20    1.00    0.00    1.00    0.00    0.00    0.00    0.00    0.00    0.00   98.00
15:15:06      21    1.01    0.00    0.00    0.00    0.00    0.00    0.00    0.00    0.00   98.99
15:15:06      22    2.04    0.00    0.00    0.00    0.00    0.00    0.00    0.00    0.00   97.96
15:15:06      23    2.02    0.00    0.00    0.00    0.00    0.00    0.00    0.00    0.00   97.98

15:15:06     CPU    %usr   %nice    %sys %iowait    %irq   %soft  %steal  %guest  %gnice   %idle
15:15:07     all    1.59    0.00    0.54    0.00    0.00    0.04    0.00    0.00    0.00   97.83
15:15:07       0    3.00    0.00    1.00    0.00    0.00    0.00    0.00    0.00    0.00   96.00
15:15:07       1    0.00    0.00    0.00    0.00    0.00    0.00    0.00    0.00    0.00  100.00
15:15:07       2    2.02    0.00    0.00    0.00    0.00    0.00    0.00    0.00    0.00   97.98
15:15:07       3    0.00    0.00    0.00    0.00    0.00    0.00    0.00    0.00    0.00  100.00
15:15:07       4    1.98    0.00    0.99    0.00    0.00    0.00    0.00    0.00    0.00   97.03
15:15:07       5    0.00    0.00    0.00    0.00    0.00    0.00    0.00    0.00    0.00  100.00
15:15:07       6    2.00    0.00    0.00    0.00    0.00    0.00    0.00    0.00    0.00   98.00
15:15:07       7    0.00    0.00    0.00    0.00    0.00    0.00    0.00    0.00    0.00  100.00
15:15:07       8    4.04    0.00    2.02    0.00    0.00    0.00    0.00    0.00    0.00   93.94
15:15:07       9    0.00    0.00    0.00    0.00    0.00    0.00    0.00    0.00    0.00  100.00
15:15:07      10    8.91    0.00    1.98    0.00    0.00    0.99    0.00    0.00    0.00   88.12
15:15:07      11    0.00    0.00    0.00    0.00    0.00    0.00    0.00    0.00    0.00  100.00
15:15:07      12    3.03    0.00    1.01    0.00    0.00    0.00    0.00    0.00    0.00   95.96
15:15:07      13    0.00    0.00    0.00    0.00    0.00    0.00    0.00    0.00    0.00  100.00
15:15:07      14    1.01    0.00    0.00    0.00    0.00    0.00    0.00    0.00    0.00   98.99
15:15:07      15    0.00    0.00    0.00    0.00    0.00    0.00    0.00    0.00    0.00  100.00
15:15:07      16    1.01    0.00    1.01    0.00    0.00    0.00    0.00    0.00    0.00   97.98
15:15:07      17    1.01    0.00    1.01    0.00    0.00    0.00    0.00    0.00    0.00   97.98
15:15:07      18    0.99    0.00    0.99    0.00    0.00    0.00    0.00    0.00    0.00   98.02
15:15:07      19    0.00    0.00    0.00    0.00    0.00    0.00    0.00    0.00    0.00  100.00
15:15:07      20    2.97    0.00    0.00    0.00    0.00    0.00    0.00    0.00    0.00   97.03
15:15:07      21    1.00    0.00    1.00    0.00    0.00    0.00    0.00    0.00    0.00   98.00
15:15:07      22    3.03    0.00    1.01    0.00    0.00    0.00    0.00    0.00    0.00   95.96
15:15:07      23    1.96    0.00    0.98    0.00    0.00    0.00    0.00    0.00    0.00   97.06

15:15:07     CPU    %usr   %nice    %sys %iowait    %irq   %soft  %steal  %guest  %gnice   %idle
15:15:08     all    1.54    0.00    0.54    0.13    0.00    0.04    0.00    0.00    0.00   97.75
15:15:08       0    2.02    0.00    0.00    0.00    0.00    0.00    0.00    0.00    0.00   97.98
15:15:08       1    0.00    0.00    0.00    0.00    0.00    0.00    0.00    0.00    0.00  100.00
15:15:08       2    1.01    0.00    1.01    0.00    0.00    0.00    0.00    0.00    0.00   97.98
15:15:08       3    0.00    0.00    0.00    0.00    0.00    0.00    0.00    0.00    0.00  100.00
15:15:08       4    1.00    0.00    0.00    0.00    0.00    0.00    0.00    0.00    0.00   99.00
15:15:08       5    0.00    0.00    0.00    0.00    0.00    0.00    0.00    0.00    0.00  100.00
15:15:08       6    2.02    0.00    1.01    0.00    0.00    0.00    0.00    0.00    0.00   96.97
15:15:08       7    0.00    0.00    0.00    0.00    0.00    0.00    0.00    0.00    0.00  100.00
15:15:08       8    5.05    0.00    2.02    0.00    0.00    0.00    0.00    0.00    0.00   92.93
15:15:08       9    0.00    0.00    0.00    0.00    0.00    0.00    0.00    0.00    0.00  100.00
15:15:08      10    7.07    0.00    1.01    0.00    0.00    0.00    0.00    0.00    0.00   91.92
15:15:08      11    0.00    0.00    0.00    1.00    0.00    0.00    0.00    0.00    0.00   99.00
15:15:08      12    2.00    0.00    1.00    0.00    0.00    0.00    0.00    0.00    0.00   97.00
15:15:08      13    0.00    0.00    0.00    0.00    0.00    0.00    0.00    0.00    0.00  100.00
15:15:08      14    3.92    0.00    0.98    0.00    0.00    0.00    0.00    0.00    0.00   95.10
15:15:08      15    1.00    0.00    1.00    0.00    0.00    1.00    0.00    0.00    0.00   97.00
15:15:08      16    1.00    0.00    0.00    0.00    0.00    0.00    0.00    0.00    0.00   99.00
15:15:08      17    0.99    0.00    0.99    0.00    0.00    0.00    0.00    0.00    0.00   98.02
15:15:08      18    1.02    0.00    0.00    2.04    0.00    0.00    0.00    0.00    0.00   96.94
15:15:08      19    0.99    0.00    0.99    0.00    0.00    0.00    0.00    0.00    0.00   98.02
15:15:08      20    2.00    0.00    1.00    0.00    0.00    0.00    0.00    0.00    0.00   97.00
15:15:08      21    1.98    0.00    1.98    0.00    0.00    0.00    0.00    0.00    0.00   96.04
15:15:08      22    2.04    0.00    0.00    0.00    0.00    0.00    0.00    0.00    0.00   97.96
15:15:08      23    2.02    0.00    0.00    0.00    0.00    0.00    0.00    0.00    0.00   97.98

15:15:08     CPU    %usr   %nice    %sys %iowait    %irq   %soft  %steal  %guest  %gnice   %idle
15:15:09     all    1.42    0.00    0.34    0.00    0.00    0.08    0.00    0.00    0.00   98.16
15:15:09       0    1.01    0.00    0.00    0.00    0.00    0.00    0.00    0.00    0.00   98.99
15:15:09       1    0.00    0.00    0.00    0.00    0.00    0.00    0.00    0.00    0.00  100.00
15:15:09       2    2.00    0.00    1.00    0.00    0.00    0.00    0.00    0.00    0.00   97.00
15:15:09       3    0.00    0.00    0.00    0.00    0.00    0.00    0.00    0.00    0.00  100.00
15:15:09       4    1.02    0.00    0.00    0.00    0.00    0.00    0.00    0.00    0.00   98.98
15:15:09       5    0.00    0.00    0.00    0.00    0.00    0.00    0.00    0.00    0.00  100.00
15:15:09       6    2.02    0.00    1.01    0.00    0.00    0.00    0.00    0.00    0.00   96.97
15:15:09       7    0.00    0.00    0.00    0.00    0.00    0.00    0.00    0.00    0.00  100.00
15:15:09       8    6.06    0.00    1.01    0.00    0.00    0.00    0.00    0.00    0.00   92.93
15:15:09       9    0.00    0.00    0.00    0.00    0.00    0.00    0.00    0.00    0.00  100.00
15:15:09      10    6.06    0.00    2.02    0.00    0.00    0.00    0.00    0.00    0.00   91.92
15:15:09      11    0.00    0.00    0.00    0.00    0.00    0.00    0.00    0.00    0.00  100.00
15:15:09      12    3.00    0.00    0.00    0.00    0.00    0.00    0.00    0.00    0.00   97.00
15:15:09      13    0.00    0.00    0.00    0.00    0.00    0.00    0.00    0.00    0.00  100.00
15:15:09      14    3.03    0.00    0.00    0.00    0.00    0.00    0.00    0.00    0.00   96.97
15:15:09      15    0.00    0.00    0.00    0.00    0.00    2.04    0.00    0.00    0.00   97.96
15:15:09      16    1.01    0.00    1.01    0.00    0.00    0.00    0.00    0.00    0.00   97.98
15:15:09      17    1.01    0.00    0.00    0.00    0.00    0.00    0.00    0.00    0.00   98.99
15:15:09      18    0.00    0.00    0.00    0.00    0.00    0.00    0.00    0.00    0.00  100.00
15:15:09      19    0.00    0.00    0.00    0.00    0.00    0.00    0.00    0.00    0.00  100.00
15:15:09      20    2.00    0.00    0.00    0.00    0.00    0.00    0.00    0.00    0.00   98.00
15:15:09      21    1.01    0.00    0.00    0.00    0.00    0.00    0.00    0.00    0.00   98.99
15:15:09      22    3.03    0.00    1.01    0.00    0.00    0.00    0.00    0.00    0.00   95.96
15:15:09      23    1.98    0.00    0.99    0.00    0.00    0.00    0.00    0.00    0.00   97.03

15:15:09     CPU    %usr   %nice    %sys %iowait    %irq   %soft  %steal  %guest  %gnice   %idle
15:15:10     all    1.55    0.00    0.54    0.04    0.00    0.04    0.00    0.00    0.00   97.83
15:15:10       0    2.00    0.00    1.00    0.00    0.00    0.00    0.00    0.00    0.00   97.00
15:15:10       1    0.00    0.00    0.00    0.00    0.00    0.00    0.00    0.00    0.00  100.00
15:15:10       2    2.02    0.00    1.01    0.00    0.00    0.00    0.00    0.00    0.00   96.97
15:15:10       3    0.00    0.00    0.00    0.00    0.00    0.00    0.00    0.00    0.00  100.00
15:15:10       4    2.00    0.00    0.00    0.00    0.00    0.00    0.00    0.00    0.00   98.00
15:15:10       5    0.00    0.00    0.00    0.00    0.00    0.00    0.00    0.00    0.00  100.00
15:15:10       6    7.92    0.00    0.00    0.00    0.00    0.00    0.00    0.00    0.00   92.08
15:15:10       7    0.00    0.00    0.00    0.00    0.00    0.00    0.00    0.00    0.00  100.00
15:15:10       8    4.04    0.00    0.00    0.00    0.00    0.00    0.00    0.00    0.00   95.96
15:15:10       9    0.00    0.00    0.00    0.00    0.00    0.00    0.00    0.00    0.00  100.00
15:15:10      10    5.05    0.00    2.02    0.00    0.00    0.00    0.00    0.00    0.00   92.93
15:15:10      11    0.00    0.00    0.00    0.00    0.00    0.00    0.00    0.00    0.00  100.00
15:15:10      12    3.03    0.00    1.01    0.00    0.00    0.00    0.00    0.00    0.00   95.96
15:15:10      13    0.00    0.00    0.00    1.00    0.00    0.00    0.00    0.00    0.00   99.00
15:15:10      14    4.00    0.00    1.00    0.00    0.00    0.00    0.00    0.00    0.00   95.00
15:15:10      15    0.00    0.00    1.01    0.00    0.00    1.01    0.00    0.00    0.00   97.98
15:15:10      16    1.01    0.00    1.01    0.00    0.00    0.00    0.00    0.00    0.00   97.98
15:15:10      17    1.01    0.00    0.00    0.00    0.00    0.00    0.00    0.00    0.00   98.99
15:15:10      18    0.00    0.00    1.01    0.00    0.00    0.00    0.00    0.00    0.00   98.99
15:15:10      19    0.00    0.00    1.00    0.00    0.00    0.00    0.00    0.00    0.00   99.00
15:15:10      20    1.98    0.00    1.98    0.00    0.00    0.00    0.00    0.00    0.00   96.04
15:15:10      21    1.00    0.00    0.00    0.00    0.00    0.00    0.00    0.00    0.00   99.00
15:15:10      22    2.02    0.00    1.01    0.00    0.00    0.00    0.00    0.00    0.00   96.97
15:15:10      23    0.00    0.00    0.00    0.00    0.00    0.00    0.00    0.00    0.00  100.00

15:15:10     CPU    %usr   %nice    %sys %iowait    %irq   %soft  %steal  %guest  %gnice   %idle
15:15:11     all    1.71    0.00    0.37    0.00    0.00    0.08    0.00    0.00    0.00   97.83
15:15:11       0    1.00    0.00    0.00    0.00    0.00    0.00    0.00    0.00    0.00   99.00
15:15:11       1    0.00    0.00    0.00    0.00    0.00    0.00    0.00    0.00    0.00  100.00
15:15:11       2    0.99    0.00    0.99    0.00    0.00    0.00    0.00    0.00    0.00   98.02
15:15:11       3    0.00    0.00    0.00    0.00    0.00    0.00    0.00    0.00    0.00  100.00
15:15:11       4    5.00    0.00    2.00    0.00    0.00    0.00    0.00    0.00    0.00   93.00
15:15:11       5    0.00    0.00    0.00    0.00    0.00    0.00    0.00    0.00    0.00  100.00
15:15:11       6    5.05    0.00    0.00    0.00    0.00    0.00    0.00    0.00    0.00   94.95
15:15:11       7    0.00    0.00    0.00    0.00    0.00    0.00    0.00    0.00    0.00  100.00
15:15:11       8    7.00    0.00    1.00    0.00    0.00    0.00    0.00    0.00    0.00   92.00
15:15:11       9    0.00    0.00    0.99    0.00    0.00    0.00    0.00    0.00    0.00   99.01
15:15:11      10    4.08    0.00    0.00    0.00    0.00    0.00    0.00    0.00    0.00   95.92
15:15:11      11    0.00    0.00    0.00    0.00    0.00    0.00    0.00    0.00    0.00  100.00
15:15:11      12    2.97    0.00    0.99    0.00    0.00    0.00    0.00    0.00    0.00   96.04
15:15:11      13    0.00    0.00    0.00    0.00    0.00    0.00    0.00    0.00    0.00  100.00
15:15:11      14    3.00    0.00    1.00    0.00    0.00    0.00    0.00    0.00    0.00   96.00
15:15:11      15    1.00    0.00    0.00    0.00    0.00    2.00    0.00    0.00    0.00   97.00
15:15:11      16    1.00    0.00    0.00    0.00    0.00    0.00    0.00    0.00    0.00   99.00
15:15:11      17    1.98    0.00    0.99    0.00    0.00    0.00    0.00    0.00    0.00   97.03
15:15:11      18    1.00    0.00    0.00    0.00    0.00    0.00    0.00    0.00    0.00   99.00
15:15:11      19    0.99    0.00    0.00    0.00    0.00    0.00    0.00    0.00    0.00   99.01
15:15:11      20    1.00    0.00    0.00    0.00    0.00    0.00    0.00    0.00    0.00   99.00
15:15:11      21    1.98    0.00    0.99    0.00    0.00    0.00    0.00    0.00    0.00   97.03
15:15:11      22    1.02    0.00    0.00    0.00    0.00    0.00    0.00    0.00    0.00   98.98
15:15:11      23    2.00    0.00    0.00    0.00    0.00    0.00    0.00    0.00    0.00   98.00

15:15:11     CPU    %usr   %nice    %sys %iowait    %irq   %soft  %steal  %guest  %gnice   %idle
15:15:12     all    1.97    0.00    0.29    0.00    0.00    0.13    0.00    0.00    0.00   97.61
15:15:12       0    0.00    0.00    0.00    0.00    0.00    0.00    0.00    0.00    0.00  100.00
15:15:12       1    0.00    0.00    0.00    0.00    0.00    0.00    0.00    0.00    0.00  100.00
15:15:12       2    2.04    0.00    0.00    0.00    0.00    0.00    0.00    0.00    0.00   97.96
15:15:12       3    0.00    0.00    0.00    0.00    0.00    0.00    0.00    0.00    0.00  100.00
15:15:12       4    1.01    0.00    0.00    0.00    0.00    0.00    0.00    0.00    0.00   98.99
15:15:12       5    0.00    0.00    0.00    0.00    0.00    0.00    0.00    0.00    0.00  100.00
15:15:12       6    4.00    0.00    1.00    0.00    0.00    0.00    0.00    0.00    0.00   95.00
15:15:12       7    0.99    0.00    0.00    0.00    0.00    0.00    0.00    0.00    0.00   99.01
15:15:12       8    7.00    0.00    1.00    0.00    0.00    0.00    0.00    0.00    0.00   92.00
15:15:12       9    1.01    0.00    0.00    0.00    0.00    0.00    0.00    0.00    0.00   98.99
15:15:12      10    6.06    0.00    1.01    0.00    0.00    0.00    0.00    0.00    0.00   92.93
15:15:12      11    0.00    0.00    0.00    0.00    0.00    0.00    0.00    0.00    0.00  100.00
15:15:12      12    2.00    0.00    0.00    0.00    0.00    1.00    0.00    0.00    0.00   97.00
15:15:12      13    0.00    0.00    0.00    0.00    0.00    0.00    0.00    0.00    0.00  100.00
15:15:12      14    8.08    0.00    1.01    0.00    0.00    0.00    0.00    0.00    0.00   90.91
15:15:12      15    0.00    0.00    1.01    0.00    0.00    2.02    0.00    0.00    0.00   96.97
15:15:12      16    1.01    0.00    1.01    0.00    0.00    0.00    0.00    0.00    0.00   97.98
15:15:12      17    0.00    0.00    1.01    0.00    0.00    0.00    0.00    0.00    0.00   98.99
15:15:12      18    1.00    0.00    0.00    0.00    0.00    0.00    0.00    0.00    0.00   99.00
15:15:12      19    0.00    0.00    0.00    0.00    0.00    0.00    0.00    0.00    0.00  100.00
15:15:12      20    5.00    0.00    0.00    0.00    0.00    0.00    0.00    0.00    0.00   95.00
15:15:12      21    3.06    0.00    0.00    0.00    0.00    0.00    0.00    0.00    0.00   96.94
15:15:12      22    2.00    0.00    0.00    0.00    0.00    0.00    0.00    0.00    0.00   98.00
15:15:12      23    3.00    0.00    0.00    0.00    0.00    0.00    0.00    0.00    0.00   97.00

15:15:12     CPU    %usr   %nice    %sys %iowait    %irq   %soft  %steal  %guest  %gnice   %idle
15:15:13     all    1.83    0.00    0.54    0.08    0.00    0.12    0.00    0.00    0.00   97.42
15:15:13       0    1.00    0.00    0.00    0.00    0.00    0.00    0.00    0.00    0.00   99.00
15:15:13       1    0.00    0.00    0.00    0.00    0.00    0.00    0.00    0.00    0.00  100.00
15:15:13       2    2.00    0.00    1.00    0.00    0.00    0.00    0.00    0.00    0.00   97.00
15:15:13       3    0.00    0.00    0.00    0.00    0.00    0.00    0.00    0.00    0.00  100.00
15:15:13       4    1.00    0.00    0.00    1.00    0.00    0.00    0.00    0.00    0.00   98.00
15:15:13       5    0.00    0.00    0.00    0.00    0.00    0.00    0.00    0.00    0.00  100.00
15:15:13       6    2.00    0.00    1.00    0.00    0.00    0.00    0.00    0.00    0.00   97.00
15:15:13       7    0.00    0.00    0.00    0.00    0.00    0.00    0.00    0.00    0.00  100.00
15:15:13       8    2.02    0.00    2.02    0.00    0.00    0.00    0.00    0.00    0.00   95.96
15:15:13       9    0.00    0.00    0.00    0.00    0.00    0.00    0.00    0.00    0.00  100.00
15:15:13      10    5.94    0.00    0.99    0.00    0.00    0.00    0.00    0.00    0.00   93.07
15:15:13      11    1.96    0.00    0.00    0.98    0.00    0.00    0.00    0.00    0.00   97.06
15:15:13      12    5.94    0.00    0.00    0.00    0.00    0.00    0.00    0.00    0.00   94.06
15:15:13      13    0.00    0.00    0.00    0.00    0.00    0.00    0.00    0.00    0.00  100.00
15:15:13      14    3.96    0.00    0.99    0.00    0.00    0.00    0.00    0.00    0.00   95.05
15:15:13      15    0.00    0.00    1.00    0.00    0.00    2.00    0.00    0.00    0.00   97.00
15:15:13      16    2.00    0.00    2.00    0.00    0.00    0.00    0.00    0.00    0.00   96.00
15:15:13      17    2.00    0.00    0.00    0.00    0.00    0.00    0.00    0.00    0.00   98.00
15:15:13      18    1.00    0.00    1.00    0.00    0.00    0.00    0.00    0.00    0.00   98.00
15:15:13      19    1.00    0.00    0.00    0.00    0.00    0.00    0.00    0.00    0.00   99.00
15:15:13      20    3.00    0.00    1.00    0.00    0.00    0.00    0.00    0.00    0.00   96.00
15:15:13      21    1.98    0.00    0.99    0.00    0.00    0.99    0.00    0.00    0.00   96.04
15:15:13      22    3.06    0.00    0.00    0.00    0.00    0.00    0.00    0.00    0.00   96.94
15:15:13      23    3.96    0.00    0.99    0.00    0.00    0.00    0.00    0.00    0.00   95.05

15:15:13     CPU    %usr   %nice    %sys %iowait    %irq   %soft  %steal  %guest  %gnice   %idle
15:15:14     all    1.58    0.00    0.46    0.00    0.00    0.13    0.00    0.00    0.00   97.83
15:15:14       0    0.00    0.00    0.00    0.00    0.00    0.00    0.00    0.00    0.00  100.00
15:15:14       1    0.00    0.00    0.00    0.00    0.00    0.00    0.00    0.00    0.00  100.00
15:15:14       2    0.99    0.00    0.99    0.00    0.00    0.00    0.00    0.00    0.00   98.02
15:15:14       3    0.00    0.00    0.00    0.00    0.00    0.00    0.00    0.00    0.00  100.00
15:15:14       4    2.00    0.00    1.00    0.00    0.00    0.00    0.00    0.00    0.00   97.00
15:15:14       5    0.00    0.00    0.00    0.00    0.00    0.99    0.00    0.00    0.00   99.01
15:15:14       6    3.00    0.00    1.00    0.00    0.00    0.00    0.00    0.00    0.00   96.00
15:15:14       7    0.00    0.00    0.00    0.00    0.00    0.00    0.00    0.00    0.00  100.00
15:15:14       8    7.00    0.00    1.00    0.00    0.00    0.00    0.00    0.00    0.00   92.00
15:15:14       9    0.00    0.00    0.00    0.00    0.00    0.00    0.00    0.00    0.00  100.00
15:15:14      10    5.05    0.00    1.01    0.00    0.00    0.00    0.00    0.00    0.00   93.94
15:15:14      11    0.00    0.00    0.00    0.00    0.00    0.00    0.00    0.00    0.00  100.00
15:15:14      12    0.00    0.00    1.00    0.00    0.00    0.00    0.00    0.00    0.00   99.00
15:15:14      13    0.00    0.00    0.00    0.00    0.00    0.00    0.00    0.00    0.00  100.00
15:15:14      14    4.95    0.00    0.00    0.00    0.00    0.00    0.00    0.00    0.00   95.05
15:15:14      15    1.00    0.00    0.00    0.00    0.00    2.00    0.00    0.00    0.00   97.00
15:15:14      16    0.00    0.00    1.01    0.00    0.00    0.00    0.00    0.00    0.00   98.99
15:15:14      17    1.00    0.00    1.00    0.00    0.00    0.00    0.00    0.00    0.00   98.00
15:15:14      18    0.00    0.00    0.00    0.00    0.00    0.00    0.00    0.00    0.00  100.00
15:15:14      19    0.00    0.00    0.00    0.00    0.00    0.00    0.00    0.00    0.00  100.00
15:15:14      20    3.96    0.00    0.00    0.00    0.00    0.00    0.00    0.00    0.00   96.04
15:15:14      21    1.00    0.00    0.00    0.00    0.00    0.00    0.00    0.00    0.00   99.00
15:15:14      22    3.96    0.00    1.98    0.00    0.00    0.00    0.00    0.00    0.00   94.06
15:15:14      23    4.00    0.00    1.00    0.00    0.00    0.00    0.00    0.00    0.00   95.00

15:15:14     CPU    %usr   %nice    %sys %iowait    %irq   %soft  %steal  %guest  %gnice   %idle
15:15:15     all    1.84    0.00    0.25    0.00    0.00    0.08    0.00    0.00    0.00   97.82
15:15:15       0    1.00    0.00    0.00    0.00    0.00    0.00    0.00    0.00    0.00   99.00
15:15:15       1    0.00    0.00    0.00    0.00    0.00    0.00    0.00    0.00    0.00  100.00
15:15:15       2    3.06    0.00    1.02    0.00    0.00    0.00    0.00    0.00    0.00   95.92
15:15:15       3    0.00    0.00    0.00    0.00    0.00    0.00    0.00    0.00    0.00  100.00
15:15:15       4    0.00    0.00    0.00    0.00    0.00    0.00    0.00    0.00    0.00  100.00
15:15:15       5    0.00    0.00    0.00    0.00    0.00    0.00    0.00    0.00    0.00  100.00
15:15:15       6    1.00    0.00    0.00    0.00    0.00    0.00    0.00    0.00    0.00   99.00
15:15:15       7    0.00    0.00    0.00    0.00    0.00    0.00    0.00    0.00    0.00  100.00
15:15:15       8    5.05    0.00    1.01    0.00    0.00    0.00    0.00    0.00    0.00   93.94
15:15:15       9    0.00    0.00    0.00    0.00    0.00    0.00    0.00    0.00    0.00  100.00
15:15:15      10    7.07    0.00    0.00    0.00    0.00    0.00    0.00    0.00    0.00   92.93
15:15:15      11    1.00    0.00    1.00    0.00    0.00    0.00    0.00    0.00    0.00   98.00
15:15:15      12    2.02    0.00    1.01    0.00    0.00    0.00    0.00    0.00    0.00   96.97
15:15:15      13    0.00    0.00    0.00    0.00    0.00    0.00    0.00    0.00    0.00  100.00
15:15:15      14    3.03    0.00    0.00    0.00    0.00    0.00    0.00    0.00    0.00   96.97
15:15:15      15    0.00    0.00    1.00    0.00    0.00    2.00    0.00    0.00    0.00   97.00
15:15:15      16    1.01    0.00    1.01    0.00    0.00    0.00    0.00    0.00    0.00   97.98
15:15:15      17    1.00    0.00    0.00    0.00    0.00    0.00    0.00    0.00    0.00   99.00
15:15:15      18    1.00    0.00    0.00    0.00    0.00    0.00    0.00    0.00    0.00   99.00
15:15:15      19    1.00    0.00    0.00    0.00    0.00    0.00    0.00    0.00    0.00   99.00
15:15:15      20    4.04    0.00    0.00    0.00    0.00    0.00    0.00    0.00    0.00   95.96
15:15:15      21    3.00    0.00    0.00    0.00    0.00    0.00    0.00    0.00    0.00   97.00
15:15:15      22    3.06    0.00    0.00    0.00    0.00    0.00    0.00    0.00    0.00   96.94
15:15:15      23    7.00    0.00    0.00    0.00    0.00    0.00    0.00    0.00    0.00   93.00

15:15:15     CPU    %usr   %nice    %sys %iowait    %irq   %soft  %steal  %guest  %gnice   %idle
15:15:16     all    1.54    0.00    0.54    0.00    0.00    0.04    0.00    0.00    0.00   97.87
15:15:16       0    1.00    0.00    1.00    0.00    0.00    0.00    0.00    0.00    0.00   98.00
15:15:16       1    0.00    0.00    0.00    0.00    0.00    0.00    0.00    0.00    0.00  100.00
15:15:16       2    1.00    0.00    0.00    0.00    0.00    0.00    0.00    0.00    0.00   99.00
15:15:16       3    0.00    0.00    0.00    0.00    0.00    0.00    0.00    0.00    0.00  100.00
15:15:16       4    1.98    0.00    0.99    0.00    0.00    0.00    0.00    0.00    0.00   97.03
15:15:16       5    0.00    0.00    0.00    0.00    0.00    0.00    0.00    0.00    0.00  100.00
15:15:16       6    2.00    0.00    1.00    0.00    0.00    0.00    0.00    0.00    0.00   97.00
15:15:16       7    0.00    0.00    0.00    0.00    0.00    0.00    0.00    0.00    0.00  100.00
15:15:16       8    5.15    0.00    2.06    0.00    0.00    0.00    0.00    0.00    0.00   92.78
15:15:16       9    0.00    0.00    0.00    0.00    0.00    0.00    0.00    0.00    0.00  100.00
15:15:16      10    2.00    0.00    1.00    0.00    0.00    0.00    0.00    0.00    0.00   97.00
15:15:16      11    1.00    0.00    0.00    0.00    0.00    0.00    0.00    0.00    0.00   99.00
15:15:16      12    1.00    0.00    1.00    0.00    0.00    0.00    0.00    0.00    0.00   98.00
15:15:16      13    0.00    0.00    0.00    0.00    0.00    0.00    0.00    0.00    0.00  100.00
15:15:16      14    6.00    0.00    1.00    0.00    0.00    0.00    0.00    0.00    0.00   93.00
15:15:16      15    1.01    0.00    0.00    0.00    0.00    1.01    0.00    0.00    0.00   97.98
15:15:16      16    2.00    0.00    1.00    0.00    0.00    0.00    0.00    0.00    0.00   97.00
15:15:16      17    3.03    0.00    0.00    0.00    0.00    0.00    0.00    0.00    0.00   96.97
15:15:16      18    0.99    0.00    1.98    0.00    0.00    0.00    0.00    0.00    0.00   97.03
15:15:16      19    1.00    0.00    0.00    0.00    0.00    0.00    0.00    0.00    0.00   99.00
15:15:16      20    2.00    0.00    0.00    0.00    0.00    0.00    0.00    0.00    0.00   98.00
15:15:16      21    1.98    0.00    0.99    0.00    0.00    0.00    0.00    0.00    0.00   97.03
15:15:16      22    1.02    0.00    0.00    0.00    0.00    0.00    0.00    0.00    0.00   98.98
15:15:16      23    2.97    0.00    0.99    0.00    0.00    0.00    0.00    0.00    0.00   96.04

15:15:16     CPU    %usr   %nice    %sys %iowait    %irq   %soft  %steal  %guest  %gnice   %idle
15:15:17     all    1.59    0.00    0.29    0.00    0.00    0.08    0.00    0.00    0.00   98.03
15:15:17       0    2.02    0.00    1.01    0.00    0.00    0.00    0.00    0.00    0.00   96.97
15:15:17       1    0.00    0.00    0.00    0.00    0.00    0.00    0.00    0.00    0.00  100.00
15:15:17       2    0.99    0.00    0.99    0.00    0.00    0.00    0.00    0.00    0.00   98.02
15:15:17       3    0.00    0.00    0.00    0.00    0.00    0.00    0.00    0.00    0.00  100.00
15:15:17       4    1.00    0.00    0.00    0.00    0.00    0.00    0.00    0.00    0.00   99.00
15:15:17       5    0.00    0.00    0.00    0.00    0.00    0.00    0.00    0.00    0.00  100.00
15:15:17       6    2.00    0.00    1.00    0.00    0.00    0.00    0.00    0.00    0.00   97.00
15:15:17       7    0.00    0.00    0.00    0.00    0.00    0.00    0.00    0.00    0.00  100.00
15:15:17       8    2.97    0.00    1.98    0.00    0.00    0.00    0.00    0.00    0.00   95.05
15:15:17       9    0.00    0.00    0.00    0.00    0.00    0.00    0.00    0.00    0.00  100.00
15:15:17      10    4.12    0.00    1.03    0.00    0.00    0.00    0.00    0.00    0.00   94.85
15:15:17      11    1.01    0.00    0.00    0.00    0.00    0.00    0.00    0.00    0.00   98.99
15:15:17      12    1.02    0.00    0.00    0.00    0.00    0.00    0.00    0.00    0.00   98.98
15:15:17      13    0.00    0.00    0.00    0.00    0.00    0.00    0.00    0.00    0.00  100.00
15:15:17      14    7.00    0.00    0.00    0.00    0.00    0.00    0.00    0.00    0.00   93.00
15:15:17      15    1.01    0.00    0.00    0.00    0.00    2.02    0.00    0.00    0.00   96.97
15:15:17      16    1.01    0.00    0.00    0.00    0.00    0.00    0.00    0.00    0.00   98.99
15:15:17      17    2.00    0.00    1.00    0.00    0.00    0.00    0.00    0.00    0.00   97.00
15:15:17      18    1.00    0.00    0.00    0.00    0.00    0.00    0.00    0.00    0.00   99.00
15:15:17      19    1.00    0.00    0.00    0.00    0.00    0.00    0.00    0.00    0.00   99.00
15:15:17      20    3.00    0.00    0.00    0.00    0.00    0.00    0.00    0.00    0.00   97.00
15:15:17      21    1.01    0.00    0.00    0.00    0.00    0.00    0.00    0.00    0.00   98.99
15:15:17      22    3.03    0.00    0.00    0.00    0.00    0.00    0.00    0.00    0.00   96.97
15:15:17      23    3.00    0.00    0.00    0.00    0.00    0.00    0.00    0.00    0.00   97.00

15:15:17     CPU    %usr   %nice    %sys %iowait    %irq   %soft  %steal  %guest  %gnice   %idle
15:15:18     all    1.59    0.00    0.42    0.04    0.00    0.04    0.00    0.00    0.00   97.91
15:15:18       0    4.00    0.00    0.00    0.00    0.00    0.00    0.00    0.00    0.00   96.00
15:15:18       1    0.00    0.00    0.00    0.00    0.00    0.00    0.00    0.00    0.00  100.00
15:15:18       2    3.03    0.00    0.00    0.00    0.00    0.00    0.00    0.00    0.00   96.97
15:15:18       3    0.00    0.00    0.00    0.00    0.00    0.00    0.00    0.00    0.00  100.00
15:15:18       4    2.02    0.00    0.00    0.00    0.00    0.00    0.00    0.00    0.00   97.98
15:15:18       5    0.00    0.00    0.00    0.00    0.00    0.00    0.00    0.00    0.00  100.00
15:15:18       6    2.02    0.00    0.00    0.00    0.00    0.00    0.00    0.00    0.00   97.98
15:15:18       7    0.00    0.00    0.00    0.00    0.00    0.00    0.00    0.00    0.00  100.00
15:15:18       8    3.00    0.00    1.00    0.00    0.00    0.00    0.00    0.00    0.00   96.00
15:15:18       9    0.00    0.00    0.00    0.00    0.00    0.00    0.00    0.00    0.00  100.00
15:15:18      10    5.94    0.00    1.98    0.00    0.00    0.00    0.00    0.00    0.00   92.08
15:15:18      11    1.01    0.00    0.00    0.00    0.00    0.00    0.00    0.00    0.00   98.99
15:15:18      12    1.00    0.00    1.00    0.00    0.00    0.00    0.00    0.00    0.00   98.00
15:15:18      13    0.00    0.00    0.00    0.00    0.00    0.00    0.00    0.00    0.00  100.00
15:15:18      14    7.00    0.00    0.00    0.00    0.00    0.00    0.00    0.00    0.00   93.00
15:15:18      15    0.00    0.00    1.01    0.00    0.00    1.01    0.00    0.00    0.00   97.98
15:15:18      16    1.98    0.00    0.99    0.00    0.00    0.00    0.00    0.00    0.00   97.03
15:15:18      17    1.00    0.00    0.00    0.00    0.00    0.00    0.00    0.00    0.00   99.00
15:15:18      18    2.00    0.00    2.00    0.00    0.00    0.00    0.00    0.00    0.00   96.00
15:15:18      19    0.99    0.00    0.99    0.99    0.00    0.00    0.00    0.00    0.00   97.03
15:15:18      20    1.00    0.00    0.00    0.00    0.00    0.00    0.00    0.00    0.00   99.00
15:15:18      21    0.00    0.00    0.00    0.00    0.00    0.00    0.00    0.00    0.00  100.00
15:15:18      22    1.01    0.00    0.00    0.00    0.00    0.00    0.00    0.00    0.00   98.99
15:15:18      23    0.99    0.00    0.99    0.00    0.00    0.00    0.00    0.00    0.00   98.02

15:15:18     CPU    %usr   %nice    %sys %iowait    %irq   %soft  %steal  %guest  %gnice   %idle
15:15:19     all    1.76    0.00    0.33    0.00    0.00    0.04    0.00    0.00    0.00   97.87
15:15:19       0    3.03    0.00    1.01    0.00    0.00    0.00    0.00    0.00    0.00   95.96
15:15:19       1    0.00    0.00    0.00    0.00    0.00    0.00    0.00    0.00    0.00  100.00
15:15:19       2    0.00    0.00    0.00    0.00    0.00    0.00    0.00    0.00    0.00  100.00
15:15:19       3    0.00    0.00    0.00    0.00    0.00    0.00    0.00    0.00    0.00  100.00
15:15:19       4    1.98    0.00    0.00    0.00    0.00    0.00    0.00    0.00    0.00   98.02
15:15:19       5    0.00    0.00    0.00    0.00    0.00    0.00    0.00    0.00    0.00  100.00
15:15:19       6    3.00    0.00    0.00    0.00    0.00    0.00    0.00    0.00    0.00   97.00
15:15:19       7    0.00    0.00    0.00    0.00    0.00    0.00    0.00    0.00    0.00  100.00
15:15:19       8   10.20    0.00    0.00    0.00    0.00    0.00    0.00    0.00    0.00   89.80
15:15:19       9    0.00    0.00    0.00    0.00    0.00    0.00    0.00    0.00    0.00  100.00
15:15:19      10    3.00    0.00    1.00    0.00    0.00    0.00    0.00    0.00    0.00   96.00
15:15:19      11    1.00    0.00    1.00    0.00    0.00    0.00    0.00    0.00    0.00   98.00
15:15:19      12    5.05    0.00    0.00    0.00    0.00    0.00    0.00    0.00    0.00   94.95
15:15:19      13    0.00    0.00    0.00    0.00    0.00    0.00    0.00    0.00    0.00  100.00
15:15:19      14    3.00    0.00    0.00    0.00    0.00    0.00    0.00    0.00    0.00   97.00
15:15:19      15    1.01    0.00    0.00    0.00    0.00    1.01    0.00    0.00    0.00   97.98
15:15:19      16    0.00    0.00    2.02    0.00    0.00    0.00    0.00    0.00    0.00   97.98
15:15:19      17    1.01    0.00    0.00    0.00    0.00    0.00    0.00    0.00    0.00   98.99
15:15:19      18    0.00    0.00    0.00    0.00    0.00    0.00    0.00    0.00    0.00  100.00
15:15:19      19    0.00    0.00    0.00    0.00    0.00    0.00    0.00    0.00    0.00  100.00
15:15:19      20    2.97    0.00    0.99    0.00    0.00    0.00    0.00    0.00    0.00   96.04
15:15:19      21    1.98    0.00    0.99    0.00    0.00    0.00    0.00    0.00    0.00   97.03
15:15:19      22    2.02    0.00    1.01    0.00    0.00    0.00    0.00    0.00    0.00   96.97
15:15:19      23    3.03    0.00    0.00    0.00    0.00    0.00    0.00    0.00    0.00   96.97

15:15:19     CPU    %usr   %nice    %sys %iowait    %irq   %soft  %steal  %guest  %gnice   %idle
15:15:20     all    1.71    0.00    0.38    0.00    0.00    0.04    0.00    0.00    0.00   97.87
15:15:20       0    2.02    0.00    0.00    0.00    0.00    0.00    0.00    0.00    0.00   97.98
15:15:20       1    0.00    0.00    0.00    0.00    0.00    0.00    0.00    0.00    0.00  100.00
15:15:20       2    0.99    0.00    0.99    0.00    0.00    0.00    0.00    0.00    0.00   98.02
15:15:20       3    0.00    0.00    0.00    0.00    0.00    0.00    0.00    0.00    0.00  100.00
15:15:20       4    3.03    0.00    1.01    0.00    0.00    0.00    0.00    0.00    0.00   95.96
15:15:20       5    0.00    0.00    0.00    0.00    0.00    0.00    0.00    0.00    0.00  100.00
15:15:20       6    0.99    0.00    0.99    0.00    0.00    0.00    0.00    0.00    0.00   98.02
15:15:20       7    0.00    0.00    0.00    0.00    0.00    0.00    0.00    0.00    0.00  100.00
15:15:20       8    9.90    0.00    0.99    0.00    0.00    0.00    0.00    0.00    0.00   89.11
15:15:20       9    0.00    0.00    0.00    0.00    0.00    0.00    0.00    0.00    0.00  100.00
15:15:20      10    4.04    0.00    2.02    0.00    0.00    0.00    0.00    0.00    0.00   93.94
15:15:20      11    0.00    0.00    0.00    0.00    0.00    0.00    0.00    0.00    0.00  100.00
15:15:20      12    1.00    0.00    1.00    0.00    0.00    0.00    0.00    0.00    0.00   98.00
15:15:20      13    0.00    0.00    0.00    0.00    0.00    0.00    0.00    0.00    0.00  100.00
15:15:20      14    0.00    0.00    0.00    0.00    0.00    0.00    0.00    0.00    0.00  100.00
15:15:20      15    0.00    0.00    0.00    0.00    0.00    1.02    0.00    0.00    0.00   98.98
15:15:20      16    2.00    0.00    0.00    0.00    0.00    0.00    0.00    0.00    0.00   98.00
15:15:20      17    1.00    0.00    1.00    0.00    0.00    0.00    0.00    0.00    0.00   98.00
15:15:20      18    1.00    0.00    0.00    0.00    0.00    0.00    0.00    0.00    0.00   99.00
15:15:20      19    0.99    0.00    0.00    0.00    0.00    0.00    0.00    0.00    0.00   99.01
15:15:20      20    4.00    0.00    0.00    0.00    0.00    0.00    0.00    0.00    0.00   96.00
15:15:20      21    1.00    0.00    0.00    0.00    0.00    0.00    0.00    0.00    0.00   99.00
15:15:20      22    6.00    0.00    0.00    0.00    0.00    0.00    0.00    0.00    0.00   94.00
15:15:20      23    3.00    0.00    1.00    0.00    0.00    0.00    0.00    0.00    0.00   96.00

15:15:20     CPU    %usr   %nice    %sys %iowait    %irq   %soft  %steal  %guest  %gnice   %idle
15:15:21     all    1.50    0.00    0.54    0.00    0.00    0.08    0.00    0.00    0.00   97.87
15:15:21       0    2.94    0.00    0.98    0.00    0.00    0.00    0.00    0.00    0.00   96.08
15:15:21       1    0.00    0.00    0.00    0.00    0.00    0.00    0.00    0.00    0.00  100.00
15:15:21       2    1.00    0.00    1.00    0.00    0.00    0.00    0.00    0.00    0.00   98.00
15:15:21       3    0.00    0.00    0.00    0.00    0.00    0.00    0.00    0.00    0.00  100.00
15:15:21       4    3.00    0.00    0.00    0.00    0.00    0.00    0.00    0.00    0.00   97.00
15:15:21       5    0.00    0.00    0.00    0.00    0.00    0.00    0.00    0.00    0.00  100.00
15:15:21       6    2.02    0.00    0.00    0.00    0.00    0.00    0.00    0.00    0.00   97.98
15:15:21       7    0.00    0.00    0.00    0.00    0.00    0.00    0.00    0.00    0.00  100.00
15:15:21       8    9.00    0.00    1.00    0.00    0.00    0.00    0.00    0.00    0.00   90.00
15:15:21       9    0.00    0.00    0.00    0.00    0.00    0.00    0.00    0.00    0.00  100.00
15:15:21      10    5.05    0.00    1.01    0.00    0.00    0.00    0.00    0.00    0.00   93.94
15:15:21      11    0.00    0.00    0.00    0.00    0.00    0.00    0.00    0.00    0.00  100.00
15:15:21      12    1.01    0.00    1.01    0.00    0.00    0.00    0.00    0.00    0.00   97.98
15:15:21      13    0.00    0.00    0.00    0.00    0.00    0.00    0.00    0.00    0.00  100.00
15:15:21      14    2.00    0.00    2.00    0.00    0.00    0.00    0.00    0.00    0.00   96.00
15:15:21      15    0.00    0.00    1.00    0.00    0.00    2.00    0.00    0.00    0.00   97.00
15:15:21      16    1.01    0.00    0.00    0.00    0.00    0.00    0.00    0.00    0.00   98.99
15:15:21      17    1.00    0.00    1.00    0.00    0.00    0.00    0.00    0.00    0.00   98.00
15:15:21      18    0.00    0.00    1.01    0.00    0.00    0.00    0.00    0.00    0.00   98.99
15:15:21      19    0.00    0.00    2.02    0.00    0.00    0.00    0.00    0.00    0.00   97.98
15:15:21      20    2.02    0.00    0.00    0.00    0.00    0.00    0.00    0.00    0.00   97.98
15:15:21      21    3.00    0.00    1.00    0.00    0.00    0.00    0.00    0.00    0.00   96.00
15:15:21      22    1.02    0.00    0.00    0.00    0.00    0.00    0.00    0.00    0.00   98.98
15:15:21      23    2.00    0.00    0.00    0.00    0.00    0.00    0.00    0.00    0.00   98.00

15:15:21     CPU    %usr   %nice    %sys %iowait    %irq   %soft  %steal  %guest  %gnice   %idle
15:15:22     all    1.96    0.00    0.50    0.00    0.00    0.08    0.00    0.00    0.00   97.45
15:15:22       0    2.02    0.00    0.00    0.00    0.00    0.00    0.00    0.00    0.00   97.98
15:15:22       1    0.00    0.00    0.00    0.00    0.00    0.00    0.00    0.00    0.00  100.00
15:15:22       2    6.00    0.00    2.00    0.00    0.00    0.00    0.00    0.00    0.00   92.00
15:15:22       3    0.00    0.00    0.00    0.00    0.00    0.00    0.00    0.00    0.00  100.00
15:15:22       4    1.00    0.00    1.00    0.00    0.00    0.00    0.00    0.00    0.00   98.00
15:15:22       5    0.00    0.00    0.00    0.00    0.00    0.00    0.00    0.00    0.00  100.00
15:15:22       6    2.94    0.00    1.96    0.00    0.00    0.00    0.00    0.00    0.00   95.10
15:15:22       7    0.00    0.00    0.00    0.00    0.00    0.00    0.00    0.00    0.00  100.00
15:15:22       8   12.00    0.00    1.00    0.00    0.00    1.00    0.00    0.00    0.00   86.00
15:15:22       9    0.00    0.00    0.00    0.00    0.00    0.00    0.00    0.00    0.00  100.00
15:15:22      10   11.00    0.00    0.00    0.00    0.00    0.00    0.00    0.00    0.00   89.00
15:15:22      11    0.00    0.00    0.00    0.00    0.00    0.00    0.00    0.00    0.00  100.00
15:15:22      12    2.00    0.00    0.00    0.00    0.00    0.00    0.00    0.00    0.00   98.00
15:15:22      13    0.00    0.00    0.00    0.00    0.00    0.00    0.00    0.00    0.00  100.00
15:15:22      14    0.00    0.00    0.00    0.00    0.00    0.00    0.00    0.00    0.00  100.00
15:15:22      15    0.00    0.00    0.00    0.00    0.00    1.02    0.00    0.00    0.00   98.98
15:15:22      16    0.00    0.00    1.01    0.00    0.00    0.00    0.00    0.00    0.00   98.99
15:15:22      17    1.01    0.00    0.00    0.00    0.00    0.00    0.00    0.00    0.00   98.99
15:15:22      18    1.00    0.00    0.00    0.00    0.00    0.00    0.00    0.00    0.00   99.00
15:15:22      19    0.00    0.00    0.00    0.00    0.00    0.00    0.00    0.00    0.00  100.00
15:15:22      20    1.00    0.00    1.00    0.00    0.00    0.00    0.00    0.00    0.00   98.00
15:15:22      21    1.00    0.00    0.00    0.00    0.00    0.00    0.00    0.00    0.00   99.00
15:15:22      22    4.00    0.00    2.00    0.00    0.00    0.00    0.00    0.00    0.00   94.00
15:15:22      23    2.00    0.00    2.00    0.00    0.00    0.00    0.00    0.00    0.00   96.00

15:15:22     CPU    %usr   %nice    %sys %iowait    %irq   %soft  %steal  %guest  %gnice   %idle
15:15:23     all    1.87    0.00    0.42    0.08    0.00    0.12    0.00    0.00    0.00   97.50
15:15:23       0    1.01    0.00    0.00    0.00    0.00    0.00    0.00    0.00    0.00   98.99
15:15:23       1    0.00    0.00    0.00    0.00    0.00    0.00    0.00    0.00    0.00  100.00
15:15:23       2    4.00    0.00    2.00    0.00    0.00    0.00    0.00    0.00    0.00   94.00
15:15:23       3    0.00    0.00    0.00    0.00    0.00    0.00    0.00    0.00    0.00  100.00
15:15:23       4    2.02    0.00    0.00    0.00    0.00    0.00    0.00    0.00    0.00   97.98
15:15:23       5    0.00    0.00    0.00    0.00    0.00    0.00    0.00    0.00    0.00  100.00
15:15:23       6    1.02    0.00    0.00    0.00    0.00    0.00    0.00    0.00    0.00   98.98
15:15:23       7    0.00    0.00    0.00    0.00    0.00    0.00    0.00    0.00    0.00  100.00
15:15:23       8    6.00    0.00    1.00    0.00    0.00    0.00    0.00    0.00    0.00   93.00
15:15:23       9    0.00    0.00    0.00    0.00    0.00    0.00    0.00    0.00    0.00  100.00
15:15:23      10   10.78    0.00    1.96    0.00    0.00    0.00    0.00    0.00    0.00   87.25
15:15:23      11    0.00    0.00    0.00    0.99    0.00    0.00    0.00    0.00    0.00   99.01
15:15:23      12    3.96    0.00    0.99    0.00    0.00    0.00    0.00    0.00    0.00   95.05
15:15:23      13    0.00    0.00    0.00    0.00    0.00    0.00    0.00    0.00    0.00  100.00
15:15:23      14    1.98    0.00    0.99    0.00    0.00    0.00    0.00    0.00    0.00   97.03
15:15:23      15    0.98    0.00    0.98    0.00    0.00    2.94    0.00    0.00    0.00   95.10
15:15:23      16    1.00    0.00    0.00    0.00    0.00    0.00    0.00    0.00    0.00   99.00
15:15:23      17    1.00    0.00    0.00    0.00    0.00    0.00    0.00    0.00    0.00   99.00
15:15:23      18    0.00    0.00    1.00    0.00    0.00    0.00    0.00    0.00    0.00   99.00
15:15:23      19    1.00    0.00    1.00    0.00    0.00    0.00    0.00    0.00    0.00   98.00
15:15:23      20    2.97    0.00    0.00    0.00    0.00    0.00    0.00    0.00    0.00   97.03
15:15:23      21    1.01    0.00    0.00    0.00    0.00    0.00    0.00    0.00    0.00   98.99
15:15:23      22    3.06    0.00    0.00    0.00    0.00    0.00    0.00    0.00    0.00   96.94
15:15:23      23    3.00    0.00    0.00    1.00    0.00    0.00    0.00    0.00    0.00   96.00

15:15:23     CPU    %usr   %nice    %sys %iowait    %irq   %soft  %steal  %guest  %gnice   %idle
15:15:24     all    1.42    0.00    0.46    0.00    0.00    0.08    0.00    0.00    0.00   98.04
15:15:24       0    2.00    0.00    1.00    0.00    0.00    0.00    0.00    0.00    0.00   97.00
15:15:24       1    0.00    0.00    0.00    0.00    0.00    0.00    0.00    0.00    0.00  100.00
15:15:24       2    4.00    0.00    1.00    0.00    0.00    0.00    0.00    0.00    0.00   95.00
15:15:24       3    0.00    0.00    0.00    0.00    0.00    0.00    0.00    0.00    0.00  100.00
15:15:24       4    2.02    0.00    1.01    0.00    0.00    0.00    0.00    0.00    0.00   96.97
15:15:24       5    0.00    0.00    0.00    0.00    0.00    0.00    0.00    0.00    0.00  100.00
15:15:24       6    2.97    0.00    0.99    0.00    0.00    0.00    0.00    0.00    0.00   96.04
15:15:24       7    0.00    0.00    0.00    0.00    0.00    0.00    0.00    0.00    0.00  100.00
15:15:24       8    3.00    0.00    2.00    0.00    0.00    0.00    0.00    0.00    0.00   95.00
15:15:24       9    0.00    0.00    0.00    0.00    0.00    0.00    0.00    0.00    0.00  100.00
15:15:24      10    7.14    0.00    0.00    0.00    0.00    0.00    0.00    0.00    0.00   92.86
15:15:24      11    0.00    0.00    0.00    0.00    0.00    0.00    0.00    0.00    0.00  100.00
15:15:24      12    6.00    0.00    0.00    0.00    0.00    0.00    0.00    0.00    0.00   94.00
15:15:24      13    0.00    0.00    0.00    0.00    0.00    0.00    0.00    0.00    0.00  100.00
15:15:24      14    0.00    0.00    0.00    0.00    0.00    0.00    0.00    0.00    0.00  100.00
15:15:24      15    0.00    0.00    0.00    0.00    0.00    2.02    0.00    0.00    0.00   97.98
15:15:24      16    0.00    0.00    1.01    0.00    0.00    0.00    0.00    0.00    0.00   98.99
15:15:24      17    0.00    0.00    1.00    0.00    0.00    0.00    0.00    0.00    0.00   99.00
15:15:24      18    1.01    0.00    0.00    0.00    0.00    0.00    0.00    0.00    0.00   98.99
15:15:24      19    1.00    0.00    0.00    0.00    0.00    0.00    0.00    0.00    0.00   99.00
15:15:24      20    1.00    0.00    0.00    0.00    0.00    0.00    0.00    0.00    0.00   99.00
15:15:24      21    0.99    0.00    1.98    0.00    0.00    0.00    0.00    0.00    0.00   97.03
15:15:24      22    2.00    0.00    0.00    0.00    0.00    0.00    0.00    0.00    0.00   98.00
15:15:24      23    1.00    0.00    1.00    0.00    0.00    0.00    0.00    0.00    0.00   98.00

15:15:24     CPU    %usr   %nice    %sys %iowait    %irq   %soft  %steal  %guest  %gnice   %idle
15:15:25     all    1.50    0.00    0.38    0.04    0.00    0.04    0.00    0.00    0.00   98.04
15:15:25       0    2.00    0.00    1.00    0.00    0.00    0.00    0.00    0.00    0.00   97.00
15:15:25       1    0.00    0.00    0.00    0.00    0.00    0.00    0.00    0.00    0.00  100.00
15:15:25       2    1.01    0.00    1.01    0.00    0.00    0.00    0.00    0.00    0.00   97.98
15:15:25       3    0.00    0.00    0.00    0.00    0.00    0.00    0.00    0.00    0.00  100.00
15:15:25       4    2.00    0.00    0.00    0.00    0.00    0.00    0.00    0.00    0.00   98.00
15:15:25       5    0.00    0.00    0.00    0.99    0.00    0.00    0.00    0.00    0.00   99.01
15:15:25       6    2.04    0.00    0.00    0.00    0.00    0.00    0.00    0.00    0.00   97.96
15:15:25       7    0.00    0.00    0.00    0.00    0.00    0.00    0.00    0.00    0.00  100.00
15:15:25       8    4.04    0.00    0.00    0.00    0.00    0.00    0.00    0.00    0.00   95.96
15:15:25       9    0.00    0.00    0.00    0.00    0.00    0.00    0.00    0.00    0.00  100.00
15:15:25      10    5.10    0.00    2.04    0.00    0.00    0.00    0.00    0.00    0.00   92.86
15:15:25      11    0.99    0.00    0.00    0.00    0.00    0.00    0.00    0.00    0.00   99.01
15:15:25      12    4.00    0.00    0.00    0.00    0.00    0.00    0.00    0.00    0.00   96.00
15:15:25      13    0.00    0.00    0.00    0.00    0.00    0.00    0.00    0.00    0.00  100.00
15:15:25      14    5.00    0.00    0.00    0.00    0.00    0.00    0.00    0.00    0.00   95.00
15:15:25      15    1.00    0.00    1.00    0.00    0.00    1.00    0.00    0.00    0.00   97.00
15:15:25      16    2.02    0.00    0.00    0.00    0.00    0.00    0.00    0.00    0.00   97.98
15:15:25      17    2.00    0.00    1.00    0.00    0.00    0.00    0.00    0.00    0.00   97.00
15:15:25      18    0.00    0.00    0.00    0.00    0.00    0.00    0.00    0.00    0.00  100.00
15:15:25      19    1.00    0.00    0.00    0.00    0.00    0.00    0.00    0.00    0.00   99.00
15:15:25      20    0.99    0.00    0.99    0.00    0.00    0.00    0.00    0.00    0.00   98.02
15:15:25      21    0.00    0.00    0.00    0.00    0.00    0.00    0.00    0.00    0.00  100.00
15:15:25      22    2.02    0.00    1.01    0.00    0.00    0.00    0.00    0.00    0.00   96.97
15:15:25      23    1.00    0.00    1.00    0.00    0.00    0.00    0.00    0.00    0.00   98.00

15:15:25     CPU    %usr   %nice    %sys %iowait    %irq   %soft  %steal  %guest  %gnice   %idle
15:15:26     all    1.63    0.00    0.38    0.00    0.00    0.13    0.00    0.00    0.00   97.87
15:15:26       0    1.00    0.00    1.00    0.00    0.00    0.00    0.00    0.00    0.00   98.00
15:15:26       1    0.00    0.00    0.00    0.00    0.00    0.00    0.00    0.00    0.00  100.00
15:15:26       2    1.98    0.00    0.99    0.00    0.00    0.00    0.00    0.00    0.00   97.03
15:15:26       3    0.99    0.00    0.00    0.00    0.00    0.00    0.00    0.00    0.00   99.01
15:15:26       4    3.03    0.00    0.00    0.00    0.00    0.00    0.00    0.00    0.00   96.97
15:15:26       5    0.00    0.00    0.00    0.00    0.00    0.00    0.00    0.00    0.00  100.00
15:15:26       6    2.00    0.00    1.00    0.00    0.00    0.00    0.00    0.00    0.00   97.00
15:15:26       7    0.00    0.00    0.00    0.00    0.00    0.00    0.00    0.00    0.00  100.00
15:15:26       8    7.07    0.00    0.00    0.00    0.00    0.00    0.00    0.00    0.00   92.93
15:15:26       9    0.99    0.00    0.00    0.00    0.00    0.00    0.00    0.00    0.00   99.01
15:15:26      10    3.96    0.00    1.98    0.00    0.00    0.00    0.00    0.00    0.00   94.06
15:15:26      11    0.00    0.00    0.00    0.00    0.00    0.00    0.00    0.00    0.00  100.00
15:15:26      12    3.00    0.00    1.00    0.00    0.00    0.00    0.00    0.00    0.00   96.00
15:15:26      13    0.00    0.00    0.00    0.00    0.00    0.00    0.00    0.00    0.00  100.00
15:15:26      14    1.00    0.00    1.00    0.00    0.00    0.00    0.00    0.00    0.00   98.00
15:15:26      15    0.00    0.00    0.00    0.00    0.00    3.00    0.00    0.00    0.00   97.00
15:15:26      16    2.00    0.00    0.00    0.00    0.00    0.00    0.00    0.00    0.00   98.00
15:15:26      17    1.01    0.00    0.00    0.00    0.00    0.00    0.00    0.00    0.00   98.99
15:15:26      18    0.99    0.00    0.99    0.00    0.00    0.00    0.00    0.00    0.00   98.02
15:15:26      19    0.00    0.00    1.00    0.00    0.00    0.00    0.00    0.00    0.00   99.00
15:15:26      20    2.02    0.00    0.00    0.00    0.00    0.00    0.00    0.00    0.00   97.98
15:15:26      21    1.00    0.00    0.00    0.00    0.00    0.00    0.00    0.00    0.00   99.00
15:15:26      22    3.06    0.00    0.00    0.00    0.00    0.00    0.00    0.00    0.00   96.94
15:15:26      23    4.00    0.00    0.00    0.00    0.00    0.00    0.00    0.00    0.00   96.00

15:15:26     CPU    %usr   %nice    %sys %iowait    %irq   %soft  %steal  %guest  %gnice   %idle
15:15:27     all    1.63    0.00    0.38    0.00    0.00    0.13    0.00    0.00    0.00   97.87
15:15:27       0    3.00    0.00    0.00    0.00    0.00    0.00    0.00    0.00    0.00   97.00
15:15:27       1    0.00    0.00    0.00    0.00    0.00    0.00    0.00    0.00    0.00  100.00
15:15:27       2    0.00    0.00    0.00    0.00    0.00    0.00    0.00    0.00    0.00  100.00
15:15:27       3    0.00    0.00    0.00    0.00    0.00    0.00    0.00    0.00    0.00  100.00
15:15:27       4    4.04    0.00    1.01    0.00    0.00    0.00    0.00    0.00    0.00   94.95
15:15:27       5    0.00    0.00    0.00    0.00    0.00    0.00    0.00    0.00    0.00  100.00
15:15:27       6    3.03    0.00    0.00    0.00    0.00    0.00    0.00    0.00    0.00   96.97
15:15:27       7    0.00    0.00    0.00    0.00    0.00    0.00    0.00    0.00    0.00  100.00
15:15:27       8    8.08    0.00    2.02    0.00    0.00    0.00    0.00    0.00    0.00   89.90
15:15:27       9    0.00    0.00    0.00    0.00    0.00    0.00    0.00    0.00    0.00  100.00
15:15:27      10    4.04    0.00    2.02    0.00    0.00    0.00    0.00    0.00    0.00   93.94
15:15:27      11    0.00    0.00    0.00    0.00    0.00    0.00    0.00    0.00    0.00  100.00
15:15:27      12    1.00    0.00    0.00    0.00    0.00    0.00    0.00    0.00    0.00   99.00
15:15:27      13    0.00    0.00    0.00    0.00    0.00    0.00    0.00    0.00    0.00  100.00
15:15:27      14    1.00    0.00    0.00    0.00    0.00    0.00    0.00    0.00    0.00   99.00
15:15:27      15    0.00    0.00    0.99    0.00    0.00    2.97    0.00    0.00    0.00   96.04
15:15:27      16    2.97    0.00    0.99    0.00    0.00    0.00    0.00    0.00    0.00   96.04
15:15:27      17    1.00    0.00    1.00    0.00    0.00    0.00    0.00    0.00    0.00   98.00
15:15:27      18    0.00    0.00    0.00    0.00    0.00    0.00    0.00    0.00    0.00  100.00
15:15:27      19    1.00    0.00    0.00    0.00    0.00    0.00    0.00    0.00    0.00   99.00
15:15:27      20    2.00    0.00    1.00    0.00    0.00    0.00    0.00    0.00    0.00   97.00
15:15:27      21    2.97    0.00    0.00    0.00    0.00    0.00    0.00    0.00    0.00   97.03
15:15:27      22    3.00    0.00    0.00    0.00    0.00    0.00    0.00    0.00    0.00   97.00
15:15:27      23    2.02    0.00    0.00    0.00    0.00    0.00    0.00    0.00    0.00   97.98

15:15:27     CPU    %usr   %nice    %sys %iowait    %irq   %soft  %steal  %guest  %gnice   %idle
15:15:28     all    1.50    0.00    0.38    0.08    0.00    0.13    0.00    0.00    0.00   97.91
15:15:28       0    2.02    0.00    1.01    0.00    0.00    0.00    0.00    0.00    0.00   96.97
15:15:28       1    0.00    0.00    0.00    0.00    0.00    0.00    0.00    0.00    0.00  100.00
15:15:28       2    2.00    0.00    0.00    0.00    0.00    0.00    0.00    0.00    0.00   98.00
15:15:28       3    0.00    0.00    0.00    0.00    0.00    0.00    0.00    0.00    0.00  100.00
15:15:28       4    2.02    0.00    2.02    0.00    0.00    0.00    0.00    0.00    0.00   95.96
15:15:28       5    0.00    0.00    0.00    0.00    0.00    0.00    0.00    0.00    0.00  100.00
15:15:28       6    2.00    0.00    0.00    0.00    0.00    0.00    0.00    0.00    0.00   98.00
15:15:28       7    0.00    0.00    0.00    0.00    0.00    0.00    0.00    0.00    0.00  100.00
15:15:28       8    9.00    0.00    1.00    1.00    0.00    0.00    0.00    0.00    0.00   89.00
15:15:28       9    0.00    0.00    0.00    0.00    0.00    0.00    0.00    0.00    0.00  100.00
15:15:28      10    6.00    0.00    1.00    0.00    0.00    0.00    0.00    0.00    0.00   93.00
15:15:28      11    0.00    0.00    0.00    1.00    0.00    0.00    0.00    0.00    0.00   99.00
15:15:28      12    2.02    0.00    1.01    0.00    0.00    0.00    0.00    0.00    0.00   96.97
15:15:28      13    0.00    0.00    0.00    0.00    0.00    0.00    0.00    0.00    0.00  100.00
15:15:28      14    0.00    0.00    0.00    0.00    0.00    0.00    0.00    0.00    0.00  100.00
15:15:28      15    0.99    0.00    0.00    0.00    0.00    2.97    0.00    0.00    0.00   96.04
15:15:28      16    1.01    0.00    0.00    0.00    0.00    0.00    0.00    0.00    0.00   98.99
15:15:28      17    1.01    0.00    0.00    0.00    0.00    0.00    0.00    0.00    0.00   98.99
15:15:28      18    1.00    0.00    1.00    0.00    0.00    0.00    0.00    0.00    0.00   98.00
15:15:28      19    0.00    0.00    0.00    0.00    0.00    0.00    0.00    0.00    0.00  100.00
15:15:28      20    1.98    0.00    0.99    0.00    0.00    0.00    0.00    0.00    0.00   97.03
15:15:28      21    1.00    0.00    1.00    0.00    0.00    0.00    0.00    0.00    0.00   98.00
15:15:28      22    1.02    0.00    0.00    0.00    0.00    0.00    0.00    0.00    0.00   98.98
15:15:28      23    3.00    0.00    0.00    0.00    0.00    0.00    0.00    0.00    0.00   97.00

15:15:28     CPU    %usr   %nice    %sys %iowait    %irq   %soft  %steal  %guest  %gnice   %idle
15:15:29     all    1.38    0.00    0.50    0.00    0.00    0.04    0.00    0.00    0.00   98.08
15:15:29       0    1.01    0.00    0.00    0.00    0.00    0.00    0.00    0.00    0.00   98.99
15:15:29       1    0.00    0.00    0.00    0.00    0.00    0.00    0.00    0.00    0.00  100.00
15:15:29       2    2.00    0.00    2.00    0.00    0.00    0.00    0.00    0.00    0.00   96.00
15:15:29       3    0.00    0.00    0.00    0.00    0.00    0.00    0.00    0.00    0.00  100.00
15:15:29       4    1.00    0.00    1.00    0.00    0.00    0.00    0.00    0.00    0.00   98.00
15:15:29       5    0.00    0.00    0.00    0.00    0.00    0.00    0.00    0.00    0.00  100.00
15:15:29       6    2.02    0.00    1.01    0.00    0.00    0.00    0.00    0.00    0.00   96.97
15:15:29       7    0.00    0.00    0.99    0.00    0.00    0.00    0.00    0.00    0.00   99.01
15:15:29       8    7.07    0.00    1.01    0.00    0.00    0.00    0.00    0.00    0.00   91.92
15:15:29       9    0.00    0.00    0.00    0.00    0.00    0.00    0.00    0.00    0.00  100.00
15:15:29      10    5.05    0.00    1.01    0.00    0.00    0.00    0.00    0.00    0.00   93.94
15:15:29      11    0.00    0.00    0.00    0.00    0.00    0.00    0.00    0.00    0.00  100.00
15:15:29      12    4.00    0.00    0.00    0.00    0.00    0.00    0.00    0.00    0.00   96.00
15:15:29      13    0.00    0.00    0.00    0.00    0.00    0.00    0.00    0.00    0.00  100.00
15:15:29      14    5.00    0.00    0.00    0.00    0.00    0.00    0.00    0.00    0.00   95.00
15:15:29      15    0.00    0.00    1.01    0.00    0.00    1.01    0.00    0.00    0.00   97.98
15:15:29      16    2.00    0.00    1.00    0.00    0.00    0.00    0.00    0.00    0.00   97.00
15:15:29      17    0.99    0.00    0.99    0.00    0.00    0.00    0.00    0.00    0.00   98.02
15:15:29      18    0.00    0.00    0.00    0.00    0.00    0.00    0.00    0.00    0.00  100.00
15:15:29      19    1.00    0.00    1.00    0.00    0.00    0.00    0.00    0.00    0.00   98.00
15:15:29      20    0.00    0.00    0.00    0.00    0.00    0.00    0.00    0.00    0.00  100.00
15:15:29      21    0.00    0.00    0.00    0.00    0.00    0.00    0.00    0.00    0.00  100.00
15:15:29      22    1.01    0.00    1.01    0.00    0.00    0.00    0.00    0.00    0.00   97.98
15:15:29      23    1.00    0.00    0.00    0.00    0.00    0.00    0.00    0.00    0.00   99.00

15:15:29     CPU    %usr   %nice    %sys %iowait    %irq   %soft  %steal  %guest  %gnice   %idle
15:15:30     all    1.50    0.00    0.50    0.00    0.00    0.08    0.00    0.00    0.00   97.91
15:15:30       0    0.99    0.00    0.99    0.00    0.00    0.00    0.00    0.00    0.00   98.02
15:15:30       1    0.00    0.00    0.00    0.00    0.00    0.00    0.00    0.00    0.00  100.00
15:15:30       2    0.00    0.00    0.00    0.00    0.00    0.00    0.00    0.00    0.00  100.00
15:15:30       3    0.00    0.00    0.00    0.00    0.00    0.00    0.00    0.00    0.00  100.00
15:15:30       4    2.02    0.00    0.00    0.00    0.00    0.00    0.00    0.00    0.00   97.98
15:15:30       5    0.00    0.00    0.00    0.00    0.00    0.00    0.00    0.00    0.00  100.00
15:15:30       6    2.00    0.00    1.00    0.00    0.00    0.00    0.00    0.00    0.00   97.00
15:15:30       7    0.00    0.00    0.00    0.00    0.00    0.00    0.00    0.00    0.00  100.00
15:15:30       8    7.00    0.00    1.00    0.00    0.00    0.00    0.00    0.00    0.00   92.00
15:15:30       9    0.00    0.00    0.00    0.00    0.00    0.00    0.00    0.00    0.00  100.00
15:15:30      10    4.00    0.00    1.00    0.00    0.00    0.00    0.00    0.00    0.00   95.00
15:15:30      11    0.00    0.00    0.00    0.00    0.00    0.00    0.00    0.00    0.00  100.00
15:15:30      12    3.96    0.00    1.98    0.00    0.00    0.00    0.00    0.00    0.00   94.06
15:15:30      13    0.00    0.00    0.00    0.00    0.00    0.00    0.00    0.00    0.00  100.00
15:15:30      14    5.94    0.00    0.99    0.00    0.00    0.00    0.00    0.00    0.00   93.07
15:15:30      15    0.00    0.00    1.00    0.00    0.00    2.00    0.00    0.00    0.00   97.00
15:15:30      16    1.00    0.00    1.00    0.00    0.00    0.00    0.00    0.00    0.00   98.00
15:15:30      17    1.02    0.00    0.00    0.00    0.00    0.00    0.00    0.00    0.00   98.98
15:15:30      18    2.00    0.00    0.00    0.00    0.00    0.00    0.00    0.00    0.00   98.00
15:15:30      19    1.00    0.00    1.00    0.00    0.00    0.00    0.00    0.00    0.00   98.00
15:15:30      20    1.01    0.00    1.01    0.00    0.00    0.00    0.00    0.00    0.00   97.98
15:15:30      21    0.00    0.00    0.00    0.00    0.00    0.00    0.00    0.00    0.00  100.00
15:15:30      22    3.03    0.00    0.00    0.00    0.00    0.00    0.00    0.00    0.00   96.97
15:15:30      23    1.00    0.00    1.00    0.00    0.00    0.00    0.00    0.00    0.00   98.00

15:15:30     CPU    %usr   %nice    %sys %iowait    %irq   %soft  %steal  %guest  %gnice   %idle
15:15:31     all    1.71    0.00    0.42    0.04    0.00    0.08    0.00    0.00    0.00   97.75
15:15:31       0    3.03    0.00    0.00    0.00    0.00    0.00    0.00    0.00    0.00   96.97
15:15:31       1    0.00    0.00    0.00    0.00    0.00    0.00    0.00    0.00    0.00  100.00
15:15:31       2    3.03    0.00    1.01    0.00    0.00    0.00    0.00    0.00    0.00   95.96
15:15:31       3    0.00    0.00    0.00    0.00    0.00    0.00    0.00    0.00    0.00  100.00
15:15:31       4    3.96    0.00    0.99    0.99    0.00    0.00    0.00    0.00    0.00   94.06
15:15:31       5    0.00    0.00    0.00    0.00    0.00    0.00    0.00    0.00    0.00  100.00
15:15:31       6    1.98    0.00    0.99    0.00    0.00    0.00    0.00    0.00    0.00   97.03
15:15:31       7    0.00    0.00    0.00    0.00    0.00    0.00    0.00    0.00    0.00  100.00
15:15:31       8    8.00    0.00    1.00    0.00    0.00    0.00    0.00    0.00    0.00   91.00
15:15:31       9    0.00    0.00    0.00    0.00    0.00    0.00    0.00    0.00    0.00  100.00
15:15:31      10    4.08    0.00    1.02    0.00    0.00    0.00    0.00    0.00    0.00   94.90
15:15:31      11    0.00    0.00    0.00    0.00    0.00    0.00    0.00    0.00    0.00  100.00
15:15:31      12    1.01    0.00    0.00    0.00    0.00    0.00    0.00    0.00    0.00   98.99
15:15:31      13    0.00    0.00    0.00    0.00    0.00    0.00    0.00    0.00    0.00  100.00
15:15:31      14    3.00    0.00    0.00    0.00    0.00    0.00    0.00    0.00    0.00   97.00
15:15:31      15    0.99    0.00    0.99    0.00    0.00    1.98    0.00    0.00    0.00   96.04
15:15:31      16    2.00    0.00    1.00    0.00    0.00    0.00    0.00    0.00    0.00   97.00
15:15:31      17    2.00    0.00    0.00    0.00    0.00    0.00    0.00    0.00    0.00   98.00
15:15:31      18    0.00    0.00    0.99    0.00    0.00    0.00    0.00    0.00    0.00   99.01
15:15:31      19    0.00    0.00    0.00    0.00    0.00    0.00    0.00    0.00    0.00  100.00
15:15:31      20    2.00    0.00    0.00    0.00    0.00    0.00    0.00    0.00    0.00   98.00
15:15:31      21    2.00    0.00    1.00    0.00    0.00    0.00    0.00    0.00    0.00   97.00
15:15:31      22    2.00    0.00    1.00    0.00    0.00    0.00    0.00    0.00    0.00   97.00
15:15:31      23    2.00    0.00    0.00    0.00    0.00    0.00    0.00    0.00    0.00   98.00

15:15:31     CPU    %usr   %nice    %sys %iowait    %irq   %soft  %steal  %guest  %gnice   %idle
15:15:32     all    1.84    0.00    0.46    0.00    0.00    0.13    0.00    0.00    0.00   97.58
15:15:32       0    7.00    0.00    1.00    0.00    0.00    0.00    0.00    0.00    0.00   92.00
15:15:32       1    0.99    0.00    0.00    0.00    0.00    0.00    0.00    0.00    0.00   99.01
15:15:32       2    1.00    0.00    1.00    0.00    0.00    0.00    0.00    0.00    0.00   98.00
15:15:32       3    0.00    0.00    0.00    0.00    0.00    0.00    0.00    0.00    0.00  100.00
15:15:32       4    1.00    0.00    1.00    0.00    0.00    0.00    0.00    0.00    0.00   98.00
15:15:32       5    0.00    0.00    0.00    0.00    0.00    0.00    0.00    0.00    0.00  100.00
15:15:32       6    1.01    0.00    0.00    0.00    0.00    0.00    0.00    0.00    0.00   98.99
15:15:32       7    0.00    0.00    0.00    0.00    0.00    0.00    0.00    0.00    0.00  100.00
15:15:32       8    7.07    0.00    1.01    0.00    0.00    0.00    0.00    0.00    0.00   91.92
15:15:32       9    0.00    0.00    0.00    0.00    0.00    0.00    0.00    0.00    0.00  100.00
15:15:32      10   12.00    0.00    1.00    0.00    0.00    0.00    0.00    0.00    0.00   87.00
15:15:32      11    0.00    0.00    0.00    0.00    0.00    0.00    0.00    0.00    0.00  100.00
15:15:32      12    2.02    0.00    0.00    0.00    0.00    0.00    0.00    0.00    0.00   97.98
15:15:32      13    0.00    0.00    0.00    0.00    0.00    0.00    0.00    0.00    0.00  100.00
15:15:32      14    3.03    0.00    2.02    0.00    0.00    0.00    0.00    0.00    0.00   94.95
15:15:32      15    0.00    0.00    1.00    0.00    0.00    3.00    0.00    0.00    0.00   96.00
15:15:32      16    2.02    0.00    0.00    0.00    0.00    0.00    0.00    0.00    0.00   97.98
15:15:32      17    1.00    0.00    1.00    0.00    0.00    0.00    0.00    0.00    0.00   98.00
15:15:32      18    1.01    0.00    0.00    0.00    0.00    0.00    0.00    0.00    0.00   98.99
15:15:32      19    0.00    0.00    0.00    0.00    0.00    0.00    0.00    0.00    0.00  100.00
15:15:32      20    1.98    0.00    0.00    0.00    0.00    0.00    0.00    0.00    0.00   98.02
15:15:32      21    0.00    0.00    0.00    0.00    0.00    0.00    0.00    0.00    0.00  100.00
15:15:32      22    1.01    0.00    1.01    0.00    0.00    0.00    0.00    0.00    0.00   97.98
15:15:32      23    1.98    0.00    0.99    0.00    0.00    0.00    0.00    0.00    0.00   97.03

15:15:32     CPU    %usr   %nice    %sys %iowait    %irq   %soft  %steal  %guest  %gnice   %idle
15:15:33     all    1.50    0.00    0.25    0.04    0.00    0.13    0.00    0.00    0.00   98.08
15:15:33       0    1.00    0.00    0.00    0.00    0.00    0.00    0.00    0.00    0.00   99.00
15:15:33       1    0.00    0.00    0.00    0.00    0.00    0.00    0.00    0.00    0.00  100.00
15:15:33       2    1.98    0.00    0.99    0.00    0.00    0.00    0.00    0.00    0.00   97.03
15:15:33       3    0.00    0.00    0.00    0.00    0.00    0.00    0.00    0.00    0.00  100.00
15:15:33       4    1.01    0.00    0.00    0.00    0.00    0.00    0.00    0.00    0.00   98.99
15:15:33       5    0.00    0.00    0.00    0.00    0.00    0.00    0.00    0.00    0.00  100.00
15:15:33       6    1.00    0.00    1.00    0.00    0.00    0.00    0.00    0.00    0.00   98.00
15:15:33       7    0.00    0.00    0.00    0.00    0.00    0.00    0.00    0.00    0.00  100.00
15:15:33       8    7.92    0.00    1.98    0.00    0.00    0.00    0.00    0.00    0.00   90.10
15:15:33       9    0.00    0.00    0.00    0.00    0.00    0.00    0.00    0.00    0.00  100.00
15:15:33      10   11.00    0.00    0.00    1.00    0.00    0.00    0.00    0.00    0.00   88.00
15:15:33      11    0.00    0.00    0.00    0.00    0.00    0.00    0.00    0.00    0.00  100.00
15:15:33      12    2.97    0.00    1.98    0.00    0.00    0.00    0.00    0.00    0.00   95.05
15:15:33      13    0.00    0.00    0.00    0.00    0.00    0.99    0.00    0.00    0.00   99.01
15:15:33      14    3.03    0.00    0.00    0.00    0.00    0.00    0.00    0.00    0.00   96.97
15:15:33      15    1.00    0.00    0.00    0.00    0.00    2.00    0.00    0.00    0.00   97.00
15:15:33      16    2.00    0.00    0.00    0.00    0.00    0.00    0.00    0.00    0.00   98.00
15:15:33      17    1.01    0.00    0.00    0.00    0.00    0.00    0.00    0.00    0.00   98.99
15:15:33      18    0.99    0.00    0.00    0.00    0.00    0.00    0.00    0.00    0.00   99.01
15:15:33      19    0.00    0.00    0.00    0.00    0.00    0.00    0.00    0.00    0.00  100.00
15:15:33      20    0.00    0.00    0.00    0.00    0.00    0.00    0.00    0.00    0.00  100.00
15:15:33      21    0.00    0.00    0.00    0.00    0.00    0.00    0.00    0.00    0.00  100.00
15:15:33      22    1.01    0.00    0.00    0.00    0.00    0.00    0.00    0.00    0.00   98.99
15:15:33      23    0.00    0.00    0.00    0.00    0.00    0.00    0.00    0.00    0.00  100.00

15:15:33     CPU    %usr   %nice    %sys %iowait    %irq   %soft  %steal  %guest  %gnice   %idle
15:15:34     all    1.46    0.00    0.50    0.00    0.00    0.08    0.00    0.00    0.00   97.96
15:15:34       0    3.00    0.00    0.00    0.00    0.00    0.00    0.00    0.00    0.00   97.00
15:15:34       1    0.00    0.00    0.00    0.00    0.00    0.00    0.00    0.00    0.00  100.00
15:15:34       2    1.01    0.00    0.00    0.00    0.00    0.00    0.00    0.00    0.00   98.99
15:15:34       3    0.00    0.00    0.00    0.00    0.00    0.00    0.00    0.00    0.00  100.00
15:15:34       4    1.98    0.00    0.99    0.00    0.00    0.00    0.00    0.00    0.00   97.03
15:15:34       5    0.00    0.00    0.00    0.00    0.00    0.00    0.00    0.00    0.00  100.00
15:15:34       6    1.00    0.00    0.00    0.00    0.00    0.00    0.00    0.00    0.00   99.00
15:15:34       7    0.00    0.00    0.00    0.00    0.00    0.00    0.00    0.00    0.00  100.00
15:15:34       8    5.10    0.00    2.04    0.00    0.00    0.00    0.00    0.00    0.00   92.86
15:15:34       9    0.00    0.00    0.00    0.00    0.00    0.00    0.00    0.00    0.00  100.00
15:15:34      10    7.92    0.00    0.99    0.00    0.00    0.00    0.00    0.00    0.00   91.09
15:15:34      11    0.00    0.00    0.00    0.00    0.00    0.00    0.00    0.00    0.00  100.00
15:15:34      12    4.04    0.00    1.01    0.00    0.00    0.00    0.00    0.00    0.00   94.95
15:15:34      13    0.00    0.00    0.00    0.00    0.00    0.00    0.00    0.00    0.00  100.00
15:15:34      14    2.00    0.00    1.00    0.00    0.00    0.00    0.00    0.00    0.00   97.00
15:15:34      15    0.00    0.00    1.00    0.00    0.00    2.00    0.00    0.00    0.00   97.00
15:15:34      16    1.98    0.00    0.99    0.00    0.00    0.00    0.00    0.00    0.00   97.03
15:15:34      17    1.00    0.00    0.00    0.00    0.00    0.00    0.00    0.00    0.00   99.00
15:15:34      18    0.00    0.00    1.00    0.00    0.00    0.00    0.00    0.00    0.00   99.00
15:15:34      19    2.00    0.00    0.00    0.00    0.00    0.00    0.00    0.00    0.00   98.00
15:15:34      20    1.00    0.00    0.00    0.00    0.00    0.00    0.00    0.00    0.00   99.00
15:15:34      21    1.00    0.00    0.00    0.00    0.00    0.00    0.00    0.00    0.00   99.00
15:15:34      22    1.00    0.00    1.00    0.00    0.00    0.00    0.00    0.00    0.00   98.00
15:15:34      23    0.99    0.00    1.98    0.00    0.00    0.00    0.00    0.00    0.00   97.03

15:15:34     CPU    %usr   %nice    %sys %iowait    %irq   %soft  %steal  %guest  %gnice   %idle
15:15:35     all    1.67    0.00    0.33    0.04    0.00    0.08    0.00    0.00    0.00   97.87
15:15:35       0    3.03    0.00    0.00    0.00    0.00    0.00    0.00    0.00    0.00   96.97
15:15:35       1    0.00    0.00    0.00    0.00    0.00    0.00    0.00    0.00    0.00  100.00
15:15:35       2    3.00    0.00    1.00    0.00    0.00    0.00    0.00    0.00    0.00   96.00
15:15:35       3    0.00    0.00    0.00    0.00    0.00    0.00    0.00    0.00    0.00  100.00
15:15:35       4    3.00    0.00    1.00    0.00    0.00    0.00    0.00    0.00    0.00   96.00
15:15:35       5    0.00    0.00    0.00    1.00    0.00    0.00    0.00    0.00    0.00   99.00
15:15:35       6    1.01    0.00    1.01    0.00    0.00    0.00    0.00    0.00    0.00   97.98
15:15:35       7    0.00    0.00    0.00    0.00    0.00    0.00    0.00    0.00    0.00  100.00
15:15:35       8    4.04    0.00    1.01    0.00    0.00    0.00    0.00    0.00    0.00   94.95
15:15:35       9    4.04    0.00    0.00    0.00    0.00    0.00    0.00    0.00    0.00   95.96
15:15:35      10    6.06    0.00    1.01    0.00    0.00    0.00    0.00    0.00    0.00   92.93
15:15:35      11    0.00    0.00    0.00    0.00    0.00    0.00    0.00    0.00    0.00  100.00
15:15:35      12    3.00    0.00    0.00    0.00    0.00    0.00    0.00    0.00    0.00   97.00
15:15:35      13    0.00    0.00    0.00    0.00    0.00    0.00    0.00    0.00    0.00  100.00
15:15:35      14    3.00    0.00    0.00    0.00    0.00    0.00    0.00    0.00    0.00   97.00
15:15:35      15    1.00    0.00    0.00    0.00    0.00    2.00    0.00    0.00    0.00   97.00
15:15:35      16    1.02    0.00    0.00    0.00    0.00    0.00    0.00    0.00    0.00   98.98
15:15:35      17    1.01    0.00    0.00    0.00    0.00    0.00    0.00    0.00    0.00   98.99
15:15:35      18    1.00    0.00    0.00    0.00    0.00    0.00    0.00    0.00    0.00   99.00
15:15:35      19    0.00    0.00    1.00    0.00    0.00    0.00    0.00    0.00    0.00   99.00
15:15:35      20    1.00    0.00    1.00    0.00    0.00    0.00    0.00    0.00    0.00   98.00
15:15:35      21    0.99    0.00    0.99    0.00    0.00    0.00    0.00    0.00    0.00   98.02
15:15:35      22    1.02    0.00    0.00    0.00    0.00    0.00    0.00    0.00    0.00   98.98
15:15:35      23    2.97    0.00    0.00    0.00    0.00    0.00    0.00    0.00    0.00   97.03

15:15:35     CPU    %usr   %nice    %sys %iowait    %irq   %soft  %steal  %guest  %gnice   %idle
15:15:36     all    1.58    0.00    0.38    0.00    0.00    0.08    0.00    0.00    0.00   97.96
15:15:36       0    3.03    0.00    0.00    0.00    0.00    0.00    0.00    0.00    0.00   96.97
15:15:36       1    0.00    0.00    0.00    0.00    0.00    0.00    0.00    0.00    0.00  100.00
15:15:36       2    3.00    0.00    0.00    0.00    0.00    0.00    0.00    0.00    0.00   97.00
15:15:36       3    0.00    0.00    0.00    0.00    0.00    0.00    0.00    0.00    0.00  100.00
15:15:36       4    2.00    0.00    1.00    0.00    0.00    0.00    0.00    0.00    0.00   97.00
15:15:36       5    0.00    0.00    0.00    0.00    0.00    0.00    0.00    0.00    0.00  100.00
15:15:36       6    0.99    0.00    0.99    0.00    0.00    0.00    0.00    0.00    0.00   98.02
15:15:36       7    0.00    0.00    0.00    0.00    0.00    0.00    0.00    0.00    0.00  100.00
15:15:36       8    4.95    0.00    0.99    0.00    0.00    0.00    0.00    0.00    0.00   94.06
15:15:36       9    5.94    0.00    0.00    0.00    0.00    0.00    0.00    0.00    0.00   94.06
15:15:36      10    4.00    0.00    1.00    0.00    0.00    0.00    0.00    0.00    0.00   95.00
15:15:36      11    0.99    0.00    0.00    0.00    0.00    0.00    0.00    0.00    0.00   99.01
15:15:36      12    4.00    0.00    1.00    0.00    0.00    0.00    0.00    0.00    0.00   95.00
15:15:36      13    0.00    0.00    0.00    0.00    0.00    0.00    0.00    0.00    0.00  100.00
15:15:36      14    1.00    0.00    0.00    0.00    0.00    0.00    0.00    0.00    0.00   99.00
15:15:36      15    0.00    0.00    1.00    0.00    0.00    2.00    0.00    0.00    0.00   97.00
15:15:36      16    2.00    0.00    1.00    0.00    0.00    0.00    0.00    0.00    0.00   97.00
15:15:36      17    0.99    0.00    0.99    0.00    0.00    0.00    0.00    0.00    0.00   98.02
15:15:36      18    0.00    0.00    0.00    0.00    0.00    0.00    0.00    0.00    0.00  100.00
15:15:36      19    0.99    0.00    0.00    0.00    0.00    0.00    0.00    0.00    0.00   99.01
15:15:36      20    1.00    0.00    0.00    0.00    0.00    0.00    0.00    0.00    0.00   99.00
15:15:36      21    1.00    0.00    1.00    0.00    0.00    0.00    0.00    0.00    0.00   98.00
15:15:36      22    1.01    0.00    0.00    0.00    0.00    0.00    0.00    0.00    0.00   98.99
15:15:36      23    1.01    0.00    0.00    0.00    0.00    0.00    0.00    0.00    0.00   98.99

15:15:36     CPU    %usr   %nice    %sys %iowait    %irq   %soft  %steal  %guest  %gnice   %idle
15:15:37     all    1.63    0.00    0.33    0.00    0.00    0.13    0.00    0.00    0.00   97.91
15:15:37       0    2.02    0.00    0.00    0.00    0.00    0.00    0.00    0.00    0.00   97.98
15:15:37       1    0.00    0.00    0.00    0.00    0.00    0.00    0.00    0.00    0.00  100.00
15:15:37       2    3.00    0.00    0.00    0.00    0.00    0.00    0.00    0.00    0.00   97.00
15:15:37       3    0.00    0.00    0.00    0.00    0.00    0.00    0.00    0.00    0.00  100.00
15:15:37       4    4.00    0.00    1.00    0.00    0.00    0.00    0.00    0.00    0.00   95.00
15:15:37       5    0.00    0.00    0.00    0.00    0.00    0.00    0.00    0.00    0.00  100.00
15:15:37       6    2.00    0.00    0.00    0.00    0.00    0.00    0.00    0.00    0.00   98.00
15:15:37       7    0.00    0.00    0.00    0.00    0.00    0.00    0.00    0.00    0.00  100.00
15:15:37       8    3.00    0.00    1.00    0.00    0.00    0.00    0.00    0.00    0.00   96.00
15:15:37       9    6.00    0.00    0.00    0.00    0.00    0.00    0.00    0.00    0.00   94.00
15:15:37      10    5.00    0.00    2.00    0.00    0.00    0.00    0.00    0.00    0.00   93.00
15:15:37      11    0.00    0.00    0.00    0.00    0.00    0.00    0.00    0.00    0.00  100.00
15:15:37      12    2.00    0.00    1.00    0.00    0.00    0.00    0.00    0.00    0.00   97.00
15:15:37      13    0.00    0.00    0.00    0.00    0.00    0.00    0.00    0.00    0.00  100.00
15:15:37      14    2.00    0.00    1.00    0.00    0.00    0.00    0.00    0.00    0.00   97.00
15:15:37      15    1.00    0.00    0.00    0.00    0.00    3.00    0.00    0.00    0.00   96.00
15:15:37      16    2.00    0.00    0.00    0.00    0.00    0.00    0.00    0.00    0.00   98.00
15:15:37      17    1.01    0.00    0.00    0.00    0.00    0.00    0.00    0.00    0.00   98.99
15:15:37      18    0.99    0.00    0.00    0.00    0.00    0.00    0.00    0.00    0.00   99.01
15:15:37      19    0.00    0.00    0.00    0.00    0.00    0.00    0.00    0.00    0.00  100.00
15:15:37      20    2.00    0.00    0.00    0.00    0.00    0.00    0.00    0.00    0.00   98.00
15:15:37      21    1.00    0.00    0.00    0.00    0.00    0.00    0.00    0.00    0.00   99.00
15:15:37      22    1.02    0.00    2.04    0.00    0.00    0.00    0.00    0.00    0.00   96.94
15:15:37      23    1.01    0.00    0.00    0.00    0.00    0.00    0.00    0.00    0.00   98.99

15:15:37     CPU    %usr   %nice    %sys %iowait    %irq   %soft  %steal  %guest  %gnice   %idle
15:15:38     all    1.54    0.00    0.46    0.08    0.00    0.08    0.00    0.00    0.00   97.83
15:15:38       0    1.00    0.00    1.00    0.00    0.00    0.00    0.00    0.00    0.00   98.00
15:15:38       1    0.00    0.00    0.00    0.00    0.00    0.00    0.00    0.00    0.00  100.00
15:15:38       2    3.03    0.00    0.00    0.00    0.00    0.00    0.00    0.00    0.00   96.97
15:15:38       3    0.00    0.00    0.00    0.00    0.00    0.00    0.00    0.00    0.00  100.00
15:15:38       4    3.00    0.00    1.00    0.00    0.00    0.00    0.00    0.00    0.00   96.00
15:15:38       5    0.00    0.00    0.00    0.00    0.00    0.00    0.00    0.00    0.00  100.00
15:15:38       6    1.01    0.00    0.00    0.00    0.00    0.00    0.00    0.00    0.00   98.99
15:15:38       7    0.00    0.00    0.00    0.00    0.00    0.00    0.00    0.00    0.00  100.00
15:15:38       8    7.00    0.00    2.00    0.00    0.00    0.00    0.00    0.00    0.00   91.00
15:15:38       9    5.00    0.00    0.00    1.00    0.00    0.00    0.00    0.00    0.00   94.00
15:15:38      10    4.04    0.00    0.00    0.00    0.00    0.00    0.00    0.00    0.00   95.96
15:15:38      11    0.00    0.00    0.00    1.00    0.00    0.00    0.00    0.00    0.00   99.00
15:15:38      12    1.01    0.00    0.00    0.00    0.00    0.00    0.00    0.00    0.00   98.99
15:15:38      13    0.00    0.00    0.00    0.00    0.00    0.00    0.00    0.00    0.00  100.00
15:15:38      14    2.00    0.00    0.00    0.00    0.00    0.00    0.00    0.00    0.00   98.00
15:15:38      15    0.99    0.00    0.99    0.00    0.00    1.98    0.00    0.00    0.00   96.04
15:15:38      16    0.99    0.00    0.99    0.00    0.00    0.00    0.00    0.00    0.00   98.02
15:15:38      17    0.99    0.00    0.99    0.00    0.00    0.00    0.00    0.00    0.00   98.02
15:15:38      18    1.00    0.00    1.00    0.00    0.00    0.00    0.00    0.00    0.00   98.00
15:15:38      19    0.00    0.00    0.00    0.00    0.00    0.00    0.00    0.00    0.00  100.00
15:15:38      20    2.00    0.00    1.00    0.00    0.00    0.00    0.00    0.00    0.00   97.00
15:15:38      21    0.00    0.00    1.00    0.00    0.00    0.00    0.00    0.00    0.00   99.00
15:15:38      22    3.03    0.00    0.00    0.00    0.00    0.00    0.00    0.00    0.00   96.97
15:15:38      23    0.99    0.00    0.99    0.00    0.00    0.00    0.00    0.00    0.00   98.02

15:15:38     CPU    %usr   %nice    %sys %iowait    %irq   %soft  %steal  %guest  %gnice   %idle
15:15:39     all    1.46    0.00    0.50    0.00    0.00    0.08    0.00    0.00    0.00   97.96
15:15:39       0    2.00    0.00    0.00    0.00    0.00    0.00    0.00    0.00    0.00   98.00
15:15:39       1    0.00    0.00    0.00    0.00    0.00    0.00    0.00    0.00    0.00  100.00
15:15:39       2    2.00    0.00    1.00    0.00    0.00    0.00    0.00    0.00    0.00   97.00
15:15:39       3    0.00    0.00    0.00    0.00    0.00    0.00    0.00    0.00    0.00  100.00
15:15:39       4    0.00    0.00    1.02    0.00    0.00    0.00    0.00    0.00    0.00   98.98
15:15:39       5    0.00    0.00    0.00    0.00    0.00    0.00    0.00    0.00    0.00  100.00
15:15:39       6    4.00    0.00    1.00    0.00    0.00    0.00    0.00    0.00    0.00   95.00
15:15:39       7    0.00    0.00    0.00    0.00    0.00    0.00    0.00    0.00    0.00  100.00
15:15:39       8    6.00    0.00    1.00    0.00    0.00    0.00    0.00    0.00    0.00   93.00
15:15:39       9    5.94    0.00    0.00    0.00    0.00    0.00    0.00    0.00    0.00   94.06
15:15:39      10    4.08    0.00    2.04    0.00    0.00    0.00    0.00    0.00    0.00   93.88
15:15:39      11    0.00    0.00    0.00    0.00    0.00    0.00    0.00    0.00    0.00  100.00
15:15:39      12    1.98    0.00    1.98    0.00    0.00    0.00    0.00    0.00    0.00   96.04
15:15:39      13    0.00    0.00    0.00    0.00    0.00    0.00    0.00    0.00    0.00  100.00
15:15:39      14    1.00    0.00    0.00    0.00    0.00    0.00    0.00    0.00    0.00   99.00
15:15:39      15    0.00    0.00    1.00    0.00    0.00    2.00    0.00    0.00    0.00   97.00
15:15:39      16    1.01    0.00    0.00    0.00    0.00    0.00    0.00    0.00    0.00   98.99
15:15:39      17    0.00    0.00    0.00    0.00    0.00    0.00    0.00    0.00    0.00  100.00
15:15:39      18    0.99    0.00    0.99    0.00    0.00    0.00    0.00    0.00    0.00   98.02
15:15:39      19    0.98    0.00    0.98    0.00    0.00    0.00    0.00    0.00    0.00   98.04
15:15:39      20    2.00    0.00    0.00    0.00    0.00    0.00    0.00    0.00    0.00   98.00
15:15:39      21    1.00    0.00    0.00    0.00    0.00    0.00    0.00    0.00    0.00   99.00
15:15:39      22    0.00    0.00    1.01    0.00    0.00    0.00    0.00    0.00    0.00   98.99
15:15:39      23    2.00    0.00    0.00    0.00    0.00    0.00    0.00    0.00    0.00   98.00

15:15:39     CPU    %usr   %nice    %sys %iowait    %irq   %soft  %steal  %guest  %gnice   %idle
15:15:40     all    1.59    0.00    0.25    0.00    0.00    0.13    0.00    0.00    0.00   98.04
15:15:40       0    1.01    0.00    0.00    0.00    0.00    0.00    0.00    0.00    0.00   98.99
15:15:40       1    0.00    0.00    0.00    0.00    0.00    0.00    0.00    0.00    0.00  100.00
15:15:40       2    2.00    0.00    1.00    0.00    0.00    0.00    0.00    0.00    0.00   97.00
15:15:40       3    0.00    0.00    0.00    0.00    0.00    0.00    0.00    0.00    0.00  100.00
15:15:40       4    1.00    0.00    1.00    0.00    0.00    0.00    0.00    0.00    0.00   98.00
15:15:40       5    0.00    0.00    0.00    0.00    0.00    0.00    0.00    0.00    0.00  100.00
15:15:40       6    0.00    0.00    0.00    0.00    0.00    0.00    0.00    0.00    0.00  100.00
15:15:40       7    0.00    0.00    0.00    0.00    0.00    0.00    0.00    0.00    0.00  100.00
15:15:40       8    4.00    0.00    1.00    0.00    0.00    0.00    0.00    0.00    0.00   95.00
15:15:40       9    5.05    0.00    0.00    0.00    0.00    0.00    0.00    0.00    0.00   94.95
15:15:40      10    5.00    0.00    0.00    0.00    0.00    0.00    0.00    0.00    0.00   95.00
15:15:40      11    0.00    0.00    0.00    0.00    0.00    0.00    0.00    0.00    0.00  100.00
15:15:40      12    5.00    0.00    0.00    0.00    0.00    0.00    0.00    0.00    0.00   95.00
15:15:40      13    0.00    0.00    0.00    0.00    0.00    0.00    0.00    0.00    0.00  100.00
15:15:40      14    1.00    0.00    0.00    0.00    0.00    0.00    0.00    0.00    0.00   99.00
15:15:40      15    0.99    0.00    0.00    0.00    0.00    2.97    0.00    0.00    0.00   96.04
15:15:40      16    1.98    0.00    0.99    0.00    0.00    0.00    0.00    0.00    0.00   97.03
15:15:40      17    2.97    0.00    0.99    0.00    0.00    0.00    0.00    0.00    0.00   96.04
15:15:40      18    1.01    0.00    0.00    0.00    0.00    0.00    0.00    0.00    0.00   98.99
15:15:40      19    0.00    0.00    0.00    0.00    0.00    0.00    0.00    0.00    0.00  100.00
15:15:40      20    3.00    0.00    0.00    0.00    0.00    0.00    0.00    0.00    0.00   97.00
15:15:40      21    2.00    0.00    1.00    0.00    0.00    0.00    0.00    0.00    0.00   97.00
15:15:40      22    1.01    0.00    0.00    0.00    0.00    0.00    0.00    0.00    0.00   98.99
15:15:40      23    1.01    0.00    0.00    0.00    0.00    0.00    0.00    0.00    0.00   98.99

15:15:40     CPU    %usr   %nice    %sys %iowait    %irq   %soft  %steal  %guest  %gnice   %idle
15:15:41     all    1.55    0.00    0.42    0.04    0.00    0.17    0.00    0.00    0.00   97.83
15:15:41       0    1.98    0.00    1.98    0.00    0.00    0.00    0.00    0.00    0.00   96.04
15:15:41       1    0.00    0.00    0.00    0.00    0.00    0.00    0.00    0.00    0.00  100.00
15:15:41       2    3.03    0.00    1.01    0.00    0.00    0.00    0.00    0.00    0.00   95.96
15:15:41       3    0.00    0.00    0.00    0.00    0.00    0.00    0.00    0.00    0.00  100.00
15:15:41       4    2.97    0.00    0.99    0.00    0.00    0.00    0.00    0.00    0.00   96.04
15:15:41       5    0.00    0.00    0.00    1.00    0.00    0.00    0.00    0.00    0.00   99.00
15:15:41       6    2.00    0.00    0.00    0.00    0.00    0.00    0.00    0.00    0.00   98.00
15:15:41       7    0.00    0.00    0.00    0.00    0.00    0.00    0.00    0.00    0.00  100.00
15:15:41       8    5.10    0.00    1.02    0.00    0.00    0.00    0.00    0.00    0.00   93.88
15:15:41       9    5.88    0.00    0.00    0.00    0.00    0.98    0.00    0.00    0.00   93.14
15:15:41      10    4.17    0.00    1.04    0.00    0.00    0.00    0.00    0.00    0.00   94.79
15:15:41      11    0.00    0.00    0.00    0.00    0.00    0.00    0.00    0.00    0.00  100.00
15:15:41      12    1.01    0.00    1.01    0.00    0.00    0.00    0.00    0.00    0.00   97.98
15:15:41      13    0.00    0.00    0.00    0.00    0.00    0.00    0.00    0.00    0.00  100.00
15:15:41      14    1.02    0.00    0.00    0.00    0.00    0.00    0.00    0.00    0.00   98.98
15:15:41      15    0.00    0.00    0.99    0.00    0.00    2.97    0.00    0.00    0.00   96.04
15:15:41      16    1.00    0.00    1.00    0.00    0.00    0.00    0.00    0.00    0.00   98.00
15:15:41      17    1.00    0.00    0.00    0.00    0.00    0.00    0.00    0.00    0.00   99.00
15:15:41      18    1.01    0.00    0.00    0.00    0.00    0.00    0.00    0.00    0.00   98.99
15:15:41      19    1.00    0.00    0.00    0.00    0.00    0.00    0.00    0.00    0.00   99.00
15:15:41      20    1.01    0.00    0.00    0.00    0.00    0.00    0.00    0.00    0.00   98.99
15:15:41      21    1.00    0.00    0.00    0.00    0.00    0.00    0.00    0.00    0.00   99.00
15:15:41      22    2.02    0.00    1.01    0.00    0.00    0.00    0.00    0.00    0.00   96.97
15:15:41      23    1.98    0.00    0.00    0.00    0.00    0.00    0.00    0.00    0.00   98.02

15:15:41     CPU    %usr   %nice    %sys %iowait    %irq   %soft  %steal  %guest  %gnice   %idle
15:15:42     all    2.04    0.00    0.58    0.54    0.00    0.17    0.00    0.00    0.00   96.67
15:15:42       0    1.00    0.00    1.00    0.00    0.00    1.00    0.00    0.00    0.00   97.00
15:15:42       1    0.00    0.00    0.00    0.00    0.00    0.00    0.00    0.00    0.00  100.00
15:15:42       2    3.96    0.00    0.00    0.00    0.00    0.00    0.00    0.00    0.00   96.04
15:15:42       3    0.00    0.00    0.00    0.00    0.00    0.00    0.00    0.00    0.00  100.00
15:15:42       4    2.00    0.00    0.00    0.00    0.00    0.00    0.00    0.00    0.00   98.00
15:15:42       5    0.00    0.00    0.00    0.00    0.00    0.00    0.00    0.00    0.00  100.00
15:15:42       6    0.00    0.00    0.00    0.00    0.00    0.00    0.00    0.00    0.00  100.00
15:15:42       7    0.00    0.00    0.00    0.00    0.00    0.00    0.00    0.00    0.00  100.00
15:15:42       8    4.00    0.00    1.00    2.00    0.00    0.00    0.00    0.00    0.00   93.00
15:15:42       9    6.00    0.00    0.00    0.00    0.00    0.00    0.00    0.00    0.00   94.00
15:15:42      10   11.00    0.00    1.00    0.00    0.00    0.00    0.00    0.00    0.00   88.00
15:15:42      11    0.00    0.00    0.00   11.11    0.00    0.00    0.00    0.00    0.00   88.89
15:15:42      12    3.03    0.00    1.01    0.00    0.00    0.00    0.00    0.00    0.00   95.96
15:15:42      13    0.00    0.00    0.00    0.00    0.00    0.00    0.00    0.00    0.00  100.00
15:15:42      14    1.98    0.00    1.98    0.00    0.00    0.00    0.00    0.00    0.00   96.04
15:15:42      15    0.98    0.00    0.98    0.00    0.00    2.94    0.00    0.00    0.00   95.10
15:15:42      16    2.00    0.00    1.00    0.00    0.00    0.00    0.00    0.00    0.00   97.00
15:15:42      17    1.98    0.00    0.99    0.00    0.00    0.00    0.00    0.00    0.00   97.03
15:15:42      18    1.98    0.00    0.99    0.00    0.00    0.00    0.00    0.00    0.00   97.03
15:15:42      19    1.01    0.00    0.00    0.00    0.00    0.00    0.00    0.00    0.00   98.99
15:15:42      20    0.99    0.00    0.99    0.00    0.00    0.00    0.00    0.00    0.00   98.02
15:15:42      21    1.00    0.00    0.00    0.00    0.00    0.00    0.00    0.00    0.00   99.00
15:15:42      22    3.00    0.00    2.00    0.00    0.00    0.00    0.00    0.00    0.00   95.00
15:15:42      23    3.00    0.00    1.00    0.00    0.00    0.00    0.00    0.00    0.00   96.00

15:15:42     CPU    %usr   %nice    %sys %iowait    %irq   %soft  %steal  %guest  %gnice   %idle
15:15:43     all    1.75    0.00    0.38    0.04    0.00    0.13    0.00    0.00    0.00   97.70
15:15:43       0    0.00    0.00    0.00    0.00    0.00    0.00    0.00    0.00    0.00  100.00
15:15:43       1    0.00    0.00    0.00    0.00    0.00    0.00    0.00    0.00    0.00  100.00
15:15:43       2    3.03    0.00    1.01    0.00    0.00    0.00    0.00    0.00    0.00   95.96
15:15:43       3    0.00    0.00    0.00    0.00    0.00    0.00    0.00    0.00    0.00  100.00
15:15:43       4    3.00    0.00    1.00    0.00    0.00    0.00    0.00    0.00    0.00   96.00
15:15:43       5    0.00    0.00    0.00    0.00    0.00    0.00    0.00    0.00    0.00  100.00
15:15:43       6    2.97    0.00    0.99    0.00    0.00    0.00    0.00    0.00    0.00   96.04
15:15:43       7    0.00    0.00    0.00    0.00    0.00    0.00    0.00    0.00    0.00  100.00
15:15:43       8    3.03    0.00    2.02    0.00    0.00    0.00    0.00    0.00    0.00   94.95
15:15:43       9    5.00    0.00    0.00    0.00    0.00    0.00    0.00    0.00    0.00   95.00
15:15:43      10    5.00    0.00    0.00    0.00    0.00    0.00    0.00    0.00    0.00   95.00
15:15:43      11    0.00    0.00    0.00    1.00    0.00    0.00    0.00    0.00    0.00   99.00
15:15:43      12    5.05    0.00    0.00    0.00    0.00    0.00    0.00    0.00    0.00   94.95
15:15:43      13    0.00    0.00    0.00    0.00    0.00    0.00    0.00    0.00    0.00  100.00
15:15:43      14    1.01    0.00    0.00    0.00    0.00    0.00    0.00    0.00    0.00   98.99
15:15:43      15    0.99    0.00    0.99    0.00    0.00    2.97    0.00    0.00    0.00   95.05
15:15:43      16    2.97    0.00    0.99    0.00    0.00    0.00    0.00    0.00    0.00   96.04
15:15:43      17    2.00    0.00    0.00    0.00    0.00    0.00    0.00    0.00    0.00   98.00
15:15:43      18    1.00    0.00    0.00    0.00    0.00    0.00    0.00    0.00    0.00   99.00
15:15:43      19    0.00    0.00    0.00    0.00    0.00    0.00    0.00    0.00    0.00  100.00
15:15:43      20    1.00    0.00    1.00    0.00    0.00    0.00    0.00    0.00    0.00   98.00
15:15:43      21    2.00    0.00    1.00    0.00    0.00    0.00    0.00    0.00    0.00   97.00
15:15:43      22    3.06    0.00    0.00    0.00    0.00    0.00    0.00    0.00    0.00   96.94
15:15:43      23    1.00    0.00    0.00    0.00    0.00    0.00    0.00    0.00    0.00   99.00

15:15:43     CPU    %usr   %nice    %sys %iowait    %irq   %soft  %steal  %guest  %gnice   %idle
15:15:44     all    1.59    0.00    0.58    0.00    0.00    0.04    0.00    0.00    0.00   97.79
15:15:44       0    1.00    0.00    1.00    0.00    0.00    0.00    0.00    0.00    0.00   98.00
15:15:44       1    0.00    0.00    0.00    0.00    0.00    0.00    0.00    0.00    0.00  100.00
15:15:44       2    2.00    0.00    1.00    0.00    0.00    0.00    0.00    0.00    0.00   97.00
15:15:44       3    0.00    0.00    0.00    0.00    0.00    0.00    0.00    0.00    0.00  100.00
15:15:44       4    1.00    0.00    1.00    0.00    0.00    0.00    0.00    0.00    0.00   98.00
15:15:44       5    0.00    0.00    0.00    0.00    0.00    0.00    0.00    0.00    0.00  100.00
15:15:44       6    2.02    0.00    1.01    0.00    0.00    0.00    0.00    0.00    0.00   96.97
15:15:44       7    0.00    0.00    0.00    0.00    0.00    0.00    0.00    0.00    0.00  100.00
15:15:44       8    4.04    0.00    1.01    0.00    0.00    0.00    0.00    0.00    0.00   94.95
15:15:44       9    6.00    0.00    0.00    0.00    0.00    0.00    0.00    0.00    0.00   94.00
15:15:44      10    6.06    0.00    0.00    0.00    0.00    0.00    0.00    0.00    0.00   93.94
15:15:44      11    0.00    0.00    0.00    0.00    0.00    0.00    0.00    0.00    0.00  100.00
15:15:44      12    3.00    0.00    1.00    0.00    0.00    0.00    0.00    0.00    0.00   96.00
15:15:44      13    0.00    0.00    0.00    0.00    0.00    0.00    0.00    0.00    0.00  100.00
15:15:44      14    0.00    0.00    1.00    0.00    0.00    0.00    0.00    0.00    0.00   99.00
15:15:44      15    0.99    0.00    0.99    0.00    0.00    0.99    0.00    0.00    0.00   97.03
15:15:44      16    1.00    0.00    1.00    0.00    0.00    0.00    0.00    0.00    0.00   98.00
15:15:44      17    1.00    0.00    1.00    0.00    0.00    0.00    0.00    0.00    0.00   98.00
15:15:44      18    1.00    0.00    1.00    0.00    0.00    0.00    0.00    0.00    0.00   98.00
15:15:44      19    0.00    0.00    1.00    0.00    0.00    0.00    0.00    0.00    0.00   99.00
15:15:44      20    2.00    0.00    0.00    0.00    0.00    0.00    0.00    0.00    0.00   98.00
15:15:44      21    0.00    0.00    1.01    0.00    0.00    0.00    0.00    0.00    0.00   98.99
15:15:44      22    3.03    0.00    0.00    0.00    0.00    0.00    0.00    0.00    0.00   96.97
15:15:44      23    4.00    0.00    1.00    0.00    0.00    0.00    0.00    0.00    0.00   95.00

15:15:44     CPU    %usr   %nice    %sys %iowait    %irq   %soft  %steal  %guest  %gnice   %idle
15:15:45     all    1.75    0.00    0.42    0.00    0.00    0.12    0.00    0.00    0.00   97.71
15:15:45       0    2.97    0.00    0.99    0.00    0.00    0.00    0.00    0.00    0.00   96.04
15:15:45       1    0.00    0.00    0.00    0.00    0.00    0.00    0.00    0.00    0.00  100.00
15:15:45       2    3.96    0.00    0.99    0.00    0.00    0.00    0.00    0.00    0.00   95.05
15:15:45       3    0.00    0.00    0.00    0.00    0.00    0.00    0.00    0.00    0.00  100.00
15:15:45       4    1.00    0.00    0.00    0.00    0.00    0.00    0.00    0.00    0.00   99.00
15:15:45       5    0.00    0.00    0.00    0.00    0.00    0.00    0.00    0.00    0.00  100.00
15:15:45       6    1.98    0.00    0.99    0.00    0.00    0.00    0.00    0.00    0.00   97.03
15:15:45       7    0.00    0.00    0.00    0.00    0.00    0.00    0.00    0.00    0.00  100.00
15:15:45       8    4.00    0.00    1.00    0.00    0.00    0.00    0.00    0.00    0.00   95.00
15:15:45       9    5.00    0.00    0.00    0.00    0.00    0.00    0.00    0.00    0.00   95.00
15:15:45      10    5.00    0.00    2.00    0.00    0.00    0.00    0.00    0.00    0.00   93.00
15:15:45      11    0.00    0.00    0.00    0.00    0.00    0.00    0.00    0.00    0.00  100.00
15:15:45      12    1.01    0.00    0.00    0.00    0.00    0.00    0.00    0.00    0.00   98.99
15:15:45      13    0.00    0.00    0.00    0.00    0.00    0.00    0.00    0.00    0.00  100.00
15:15:45      14    1.00    0.00    0.00    0.00    0.00    0.00    0.00    0.00    0.00   99.00
15:15:45      15    0.99    0.00    0.99    0.00    0.00    2.97    0.00    0.00    0.00   95.05
15:15:45      16    1.01    0.00    0.00    0.00    0.00    0.00    0.00    0.00    0.00   98.99
15:15:45      17    0.00    0.00    1.00    0.00    0.00    0.00    0.00    0.00    0.00   99.00
15:15:45      18    1.00    0.00    0.00    0.00    0.00    0.00    0.00    0.00    0.00   99.00
15:15:45      19    0.99    0.00    0.00    0.00    0.00    0.00    0.00    0.00    0.00   99.01
15:15:45      20    3.00    0.00    0.00    0.00    0.00    0.00    0.00    0.00    0.00   97.00
15:15:45      21    2.97    0.00    0.99    0.00    0.00    0.00    0.00    0.00    0.00   96.04
15:15:45      22    3.00    0.00    1.00    0.00    0.00    0.00    0.00    0.00    0.00   96.00
15:15:45      23    3.03    0.00    0.00    0.00    0.00    0.00    0.00    0.00    0.00   96.97

15:15:45     CPU    %usr   %nice    %sys %iowait    %irq   %soft  %steal  %guest  %gnice   %idle
15:15:46     all    1.34    0.00    0.42    0.00    0.00    0.04    0.00    0.00    0.00   98.20
15:15:46       0    1.01    0.00    1.01    0.00    0.00    0.00    0.00    0.00    0.00   97.98
15:15:46       1    1.01    0.00    0.00    0.00    0.00    0.00    0.00    0.00    0.00   98.99
15:15:46       2    3.03    0.00    1.01    0.00    0.00    0.00    0.00    0.00    0.00   95.96
15:15:46       3    0.00    0.00    0.00    0.00    0.00    0.00    0.00    0.00    0.00  100.00
15:15:46       4    2.02    0.00    0.00    0.00    0.00    0.00    0.00    0.00    0.00   97.98
15:15:46       5    0.00    0.00    0.00    0.00    0.00    0.00    0.00    0.00    0.00  100.00
15:15:46       6    2.02    0.00    0.00    0.00    0.00    0.00    0.00    0.00    0.00   97.98
15:15:46       7    0.00    0.00    0.00    0.00    0.00    0.00    0.00    0.00    0.00  100.00
15:15:46       8    6.00    0.00    1.00    0.00    0.00    0.00    0.00    0.00    0.00   93.00
15:15:46       9    5.00    0.00    0.00    0.00    0.00    0.00    0.00    0.00    0.00   95.00
15:15:46      10    1.01    0.00    0.00    0.00    0.00    0.00    0.00    0.00    0.00   98.99
15:15:46      11    0.00    0.00    0.00    0.00    0.00    0.00    0.00    0.00    0.00  100.00
15:15:46      12    3.00    0.00    1.00    0.00    0.00    0.00    0.00    0.00    0.00   96.00
15:15:46      13    0.00    0.00    0.00    0.00    0.00    0.00    0.00    0.00    0.00  100.00
15:15:46      14    1.00    0.00    1.00    0.00    0.00    0.00    0.00    0.00    0.00   98.00
15:15:46      15    0.00    0.00    1.00    0.00    0.00    1.00    0.00    0.00    0.00   98.00
15:15:46      16    2.00    0.00    2.00    0.00    0.00    0.00    0.00    0.00    0.00   96.00
15:15:46      17    0.99    0.00    0.00    0.00    0.00    0.00    0.00    0.00    0.00   99.01
15:15:46      18    0.00    0.00    0.00    0.00    0.00    0.00    0.00    0.00    0.00  100.00
15:15:46      19    0.00    0.00    0.00    0.00    0.00    0.00    0.00    0.00    0.00  100.00
15:15:46      20    1.00    0.00    0.00    0.00    0.00    0.00    0.00    0.00    0.00   99.00
15:15:46      21    0.00    0.00    1.01    0.00    0.00    0.00    0.00    0.00    0.00   98.99
15:15:46      22    1.02    0.00    1.02    0.00    0.00    0.00    0.00    0.00    0.00   97.96
15:15:46      23    1.98    0.00    0.00    0.00    0.00    0.00    0.00    0.00    0.00   98.02

15:15:46     CPU    %usr   %nice    %sys %iowait    %irq   %soft  %steal  %guest  %gnice   %idle
15:15:47     all    2.38    0.00    0.25    0.00    0.00    0.13    0.00    0.00    0.00   97.24
15:15:47       0    1.00    0.00    1.00    0.00    0.00    0.00    0.00    0.00    0.00   98.00
15:15:47       1    1.98    0.00    0.00    0.00    0.00    0.00    0.00    0.00    0.00   98.02
15:15:47       2    5.00    0.00    0.00    0.00    0.00    0.00    0.00    0.00    0.00   95.00
15:15:47       3    0.00    0.00    0.00    0.00    0.00    0.00    0.00    0.00    0.00  100.00
15:15:47       4    2.97    0.00    0.99    0.00    0.00    0.00    0.00    0.00    0.00   96.04
15:15:47       5    0.00    0.00    0.00    0.00    0.00    0.00    0.00    0.00    0.00  100.00
15:15:47       6    3.00    0.00    1.00    0.00    0.00    0.00    0.00    0.00    0.00   96.00
15:15:47       7    1.00    0.00    0.00    0.00    0.00    0.00    0.00    0.00    0.00   99.00
15:15:47       8    9.18    0.00    1.02    0.00    0.00    0.00    0.00    0.00    0.00   89.80
15:15:47       9    2.97    0.00    0.00    0.00    0.00    0.00    0.00    0.00    0.00   97.03
15:15:47      10    6.06    0.00    0.00    0.00    0.00    0.00    0.00    0.00    0.00   93.94
15:15:47      11    0.00    0.00    0.00    0.00    0.00    0.99    0.00    0.00    0.00   99.01
15:15:47      12    2.02    0.00    0.00    0.00    0.00    0.00    0.00    0.00    0.00   97.98
15:15:47      13    0.00    0.00    0.00    0.00    0.00    0.00    0.00    0.00    0.00  100.00
15:15:47      14    5.00    0.00    0.00    0.00    0.00    0.00    0.00    0.00    0.00   95.00
15:15:47      15    1.01    0.00    0.00    0.00    0.00    2.02    0.00    0.00    0.00   96.97
15:15:47      16    2.00    0.00    1.00    0.00    0.00    0.00    0.00    0.00    0.00   97.00
15:15:47      17    3.00    0.00    0.00    0.00    0.00    0.00    0.00    0.00    0.00   97.00
15:15:47      18    1.01    0.00    1.01    0.00    0.00    0.00    0.00    0.00    0.00   97.98
15:15:47      19    1.00    0.00    0.00    0.00    0.00    0.00    0.00    0.00    0.00   99.00
15:15:47      20    2.02    0.00    0.00    0.00    0.00    0.00    0.00    0.00    0.00   97.98
15:15:47      21    2.97    0.00    0.00    0.00    0.00    0.00    0.00    0.00    0.00   97.03
15:15:47      22    1.02    0.00    0.00    0.00    0.00    0.00    0.00    0.00    0.00   98.98
15:15:47      23    3.03    0.00    0.00    0.00    0.00    0.00    0.00    0.00    0.00   96.97

15:15:47     CPU    %usr   %nice    %sys %iowait    %irq   %soft  %steal  %guest  %gnice   %idle
15:15:48     all    2.01    0.00    0.67    0.04    0.00    0.08    0.00    0.00    0.00   97.20
15:15:48       0    1.01    0.00    0.00    0.00    0.00    0.00    0.00    0.00    0.00   98.99
15:15:48       1    0.00    0.00    0.00    0.00    0.00    0.00    0.00    0.00    0.00  100.00
15:15:48       2    3.00    0.00    1.00    0.00    0.00    0.00    0.00    0.00    0.00   96.00
15:15:48       3    1.00    0.00    0.00    0.00    0.00    0.00    0.00    0.00    0.00   99.00
15:15:48       4    1.01    0.00    1.01    0.00    0.00    0.00    0.00    0.00    0.00   97.98
15:15:48       5    0.00    0.00    0.00    0.00    0.00    0.00    0.00    0.00    0.00  100.00
15:15:48       6    2.02    0.00    0.00    0.00    0.00    0.00    0.00    0.00    0.00   97.98
15:15:48       7    0.00    0.00    0.00    0.00    0.00    0.00    0.00    0.00    0.00  100.00
15:15:48       8    4.00    0.00    4.00    0.00    0.00    0.00    0.00    0.00    0.00   92.00
15:15:48       9    0.00    0.00    0.00    0.00    0.00    0.00    0.00    0.00    0.00  100.00
15:15:48      10    6.06    0.00    1.01    0.00    0.00    0.00    0.00    0.00    0.00   92.93
15:15:48      11    0.00    0.00    0.00    1.00    0.00    0.00    0.00    0.00    0.00   99.00
15:15:48      12    6.93    0.00    1.98    0.00    0.00    0.00    0.00    0.00    0.00   91.09
15:15:48      13    0.00    0.00    0.00    0.00    0.00    0.00    0.00    0.00    0.00  100.00
15:15:48      14    5.00    0.00    1.00    0.00    0.00    0.00    0.00    0.00    0.00   94.00
15:15:48      15    0.00    0.00    1.00    0.00    0.00    2.00    0.00    0.00    0.00   97.00
15:15:48      16    0.99    0.00    0.99    0.00    0.00    0.00    0.00    0.00    0.00   98.02
15:15:48      17    1.00    0.00    1.00    0.00    0.00    0.00    0.00    0.00    0.00   98.00
15:15:48      18    1.00    0.00    0.00    0.00    0.00    0.00    0.00    0.00    0.00   99.00
15:15:48      19    1.01    0.00    0.00    0.00    0.00    0.00    0.00    0.00    0.00   98.99
15:15:48      20    2.97    0.00    0.99    0.00    0.00    0.00    0.00    0.00    0.00   96.04
15:15:48      21    3.03    0.00    1.01    0.00    0.00    0.00    0.00    0.00    0.00   95.96
15:15:48      22    4.04    0.00    0.00    0.00    0.00    0.00    0.00    0.00    0.00   95.96
15:15:48      23    4.00    0.00    1.00    0.00    0.00    0.00    0.00    0.00    0.00   95.00

15:15:48     CPU    %usr   %nice    %sys %iowait    %irq   %soft  %steal  %guest  %gnice   %idle
15:15:49     all    1.80    0.00    0.88    0.00    0.00    0.00    0.00    0.00    0.00   97.32
15:15:49       0    1.00    0.00    1.00    0.00    0.00    0.00    0.00    0.00    0.00   98.00
15:15:49       1    0.00    0.00    0.00    0.00    0.00    0.00    0.00    0.00    0.00  100.00
15:15:49       2    1.01    0.00    1.01    0.00    0.00    0.00    0.00    0.00    0.00   97.98
15:15:49       3    0.00    0.00    0.00    0.00    0.00    0.00    0.00    0.00    0.00  100.00
15:15:49       4    1.00    0.00    1.00    0.00    0.00    0.00    0.00    0.00    0.00   98.00
15:15:49       5    0.00    0.00    0.00    0.00    0.00    0.00    0.00    0.00    0.00  100.00
15:15:49       6    2.00    0.00    3.00    0.00    0.00    0.00    0.00    0.00    0.00   95.00
15:15:49       7    0.00    0.00    0.00    0.00    0.00    0.00    0.00    0.00    0.00  100.00
15:15:49       8    5.00    0.00    5.00    0.00    0.00    0.00    0.00    0.00    0.00   90.00
15:15:49       9    0.00    0.00    2.02    0.00    0.00    0.00    0.00    0.00    0.00   97.98
15:15:49      10    9.00    0.00    4.00    0.00    0.00    0.00    0.00    0.00    0.00   87.00
15:15:49      11    0.00    0.00    0.00    0.00    0.00    0.00    0.00    0.00    0.00  100.00
15:15:49      12    4.08    0.00    0.00    0.00    0.00    0.00    0.00    0.00    0.00   95.92
15:15:49      13    0.00    0.00    0.00    0.00    0.00    0.00    0.00    0.00    0.00  100.00
15:15:49      14    2.00    0.00    1.00    0.00    0.00    0.00    0.00    0.00    0.00   97.00
15:15:49      15    0.00    0.00    0.00    0.00    0.00    0.00    0.00    0.00    0.00  100.00
15:15:49      16    3.03    0.00    1.01    0.00    0.00    0.00    0.00    0.00    0.00   95.96
15:15:49      17    2.00    0.00    0.00    0.00    0.00    0.00    0.00    0.00    0.00   98.00
15:15:49      18    2.00    0.00    0.00    0.00    0.00    0.00    0.00    0.00    0.00   98.00
15:15:49      19    0.99    0.00    0.99    0.00    0.00    0.00    0.00    0.00    0.00   98.02
15:15:49      20    2.02    0.00    0.00    0.00    0.00    0.00    0.00    0.00    0.00   97.98
15:15:49      21    2.00    0.00    0.00    0.00    0.00    0.00    0.00    0.00    0.00   98.00
15:15:49      22    3.03    0.00    0.00    0.00    0.00    0.00    0.00    0.00    0.00   96.97
15:15:49      23    3.00    0.00    1.00    0.00    0.00    0.00    0.00    0.00    0.00   96.00

15:15:49     CPU    %usr   %nice    %sys %iowait    %irq   %soft  %steal  %guest  %gnice   %idle
15:15:50     all    2.26    0.00    0.38    0.00    0.00    0.04    0.00    0.00    0.00   97.32
15:15:50       0    4.00    0.00    0.00    0.00    0.00    0.00    0.00    0.00    0.00   96.00
15:15:50       1    0.00    0.00    0.00    0.00    0.00    0.00    0.00    0.00    0.00  100.00
15:15:50       2    2.00    0.00    1.00    0.00    0.00    0.00    0.00    0.00    0.00   97.00
15:15:50       3    0.00    0.00    0.00    0.00    0.00    0.00    0.00    0.00    0.00  100.00
15:15:50       4    6.06    0.00    0.00    0.00    0.00    0.00    0.00    0.00    0.00   93.94
15:15:50       5    0.00    0.00    0.00    0.00    0.00    0.00    0.00    0.00    0.00  100.00
15:15:50       6    3.03    0.00    0.00    0.00    0.00    0.00    0.00    0.00    0.00   96.97
15:15:50       7    0.00    0.00    0.00    0.00    0.00    0.00    0.00    0.00    0.00  100.00
15:15:50       8    5.15    0.00    1.03    0.00    0.00    0.00    0.00    0.00    0.00   93.81
15:15:50       9    0.00    0.00    0.00    0.00    0.00    0.00    0.00    0.00    0.00  100.00
15:15:50      10    9.09    0.00    0.00    0.00    0.00    0.00    0.00    0.00    0.00   90.91
15:15:50      11    0.00    0.00    0.00    0.00    0.00    0.00    0.00    0.00    0.00  100.00
15:15:50      12    4.95    0.00    0.99    0.00    0.00    0.00    0.00    0.00    0.00   94.06
15:15:50      13    0.00    0.00    0.00    0.00    0.00    0.00    0.00    0.00    0.00  100.00
15:15:50      14    2.02    0.00    1.01    0.00    0.00    0.00    0.00    0.00    0.00   96.97
15:15:50      15    1.01    0.00    0.00    0.00    0.00    1.01    0.00    0.00    0.00   97.98
15:15:50      16    1.00    0.00    1.00    0.00    0.00    0.00    0.00    0.00    0.00   98.00
15:15:50      17    1.01    0.00    0.00    0.00    0.00    0.00    0.00    0.00    0.00   98.99
15:15:50      18    1.00    0.00    1.00    0.00    0.00    0.00    0.00    0.00    0.00   98.00
15:15:50      19    0.00    0.00    0.00    0.00    0.00    0.00    0.00    0.00    0.00  100.00
15:15:50      20    3.96    0.00    0.00    0.00    0.00    0.00    0.00    0.00    0.00   96.04
15:15:50      21    2.00    0.00    1.00    0.00    0.00    0.00    0.00    0.00    0.00   97.00
15:15:50      22    4.00    0.00    2.00    0.00    0.00    0.00    0.00    0.00    0.00   94.00
15:15:50      23    4.00    0.00    0.00    0.00    0.00    0.00    0.00    0.00    0.00   96.00

15:15:50     CPU    %usr   %nice    %sys %iowait    %irq   %soft  %steal  %guest  %gnice   %idle
15:15:51     all    2.25    0.00    0.58    0.00    0.00    0.04    0.00    0.00    0.00   97.12
15:15:51       0    3.00    0.00    0.00    0.00    0.00    0.00    0.00    0.00    0.00   97.00
15:15:51       1    0.00    0.00    0.00    0.00    0.00    0.00    0.00    0.00    0.00  100.00
15:15:51       2    0.00    0.00    1.00    0.00    0.00    0.00    0.00    0.00    0.00   99.00
15:15:51       3    0.00    0.00    0.00    0.00    0.00    0.00    0.00    0.00    0.00  100.00
15:15:51       4    1.00    0.00    1.00    0.00    0.00    0.00    0.00    0.00    0.00   98.00
15:15:51       5    0.00    0.00    0.00    0.00    0.00    0.00    0.00    0.00    0.00  100.00
15:15:51       6    5.00    0.00    1.00    0.00    0.00    0.00    0.00    0.00    0.00   94.00
15:15:51       7    0.00    0.00    0.00    0.00    0.00    0.00    0.00    0.00    0.00  100.00
15:15:51       8   12.87    0.00    0.99    0.00    0.00    0.00    0.00    0.00    0.00   86.14
15:15:51       9    0.00    0.00    0.00    0.00    0.00    0.00    0.00    0.00    0.00  100.00
15:15:51      10    6.00    0.00    3.00    0.00    0.00    0.00    0.00    0.00    0.00   91.00
15:15:51      11    0.00    0.00    0.00    0.00    0.00    0.00    0.00    0.00    0.00  100.00
15:15:51      12    7.92    0.00    0.99    0.00    0.00    0.00    0.00    0.00    0.00   91.09
15:15:51      13    0.00    0.00    0.00    0.00    0.00    0.00    0.00    0.00    0.00  100.00
15:15:51      14    4.00    0.00    1.00    0.00    0.00    0.00    0.00    0.00    0.00   95.00
15:15:51      15    0.00    0.00    0.00    0.00    0.00    1.02    0.00    0.00    0.00   98.98
15:15:51      16    0.99    0.00    0.99    0.00    0.00    0.00    0.00    0.00    0.00   98.02
15:15:51      17    2.97    0.00    0.00    0.00    0.00    0.00    0.00    0.00    0.00   97.03
15:15:51      18    1.98    0.00    0.99    0.00    0.00    0.00    0.00    0.00    0.00   97.03
15:15:51      19    0.00    0.00    0.00    0.00    0.00    0.00    0.00    0.00    0.00  100.00
15:15:51      20    2.00    0.00    1.00    0.00    0.00    0.00    0.00    0.00    0.00   97.00
15:15:51      21    1.00    0.00    0.00    0.00    0.00    0.00    0.00    0.00    0.00   99.00
15:15:51      22    3.03    0.00    1.01    0.00    0.00    0.00    0.00    0.00    0.00   95.96
15:15:51      23    2.00    0.00    1.00    0.00    0.00    0.00    0.00    0.00    0.00   97.00

15:15:51     CPU    %usr   %nice    %sys %iowait    %irq   %soft  %steal  %guest  %gnice   %idle
15:15:52     all    3.18    0.00    0.59    0.00    0.00    0.08    0.00    0.00    0.00   96.15
15:15:52       0    4.04    0.00    1.01    0.00    0.00    0.00    0.00    0.00    0.00   94.95
15:15:52       1    0.00    0.00    0.00    0.00    0.00    0.00    0.00    0.00    0.00  100.00
15:15:52       2    3.00    0.00    0.00    0.00    0.00    0.00    0.00    0.00    0.00   97.00
15:15:52       3    0.00    0.00    0.00    0.00    0.00    0.00    0.00    0.00    0.00  100.00
15:15:52       4    3.03    0.00    0.00    0.00    0.00    0.00    0.00    0.00    0.00   96.97
15:15:52       5    0.99    0.00    0.00    0.00    0.00    0.00    0.00    0.00    0.00   99.01
15:15:52       6    7.84    0.00    0.98    0.00    0.00    0.98    0.00    0.00    0.00   90.20
15:15:52       7    1.01    0.00    0.00    0.00    0.00    0.00    0.00    0.00    0.00   98.99
15:15:52       8   12.12    0.00    3.03    0.00    0.00    0.00    0.00    0.00    0.00   84.85
15:15:52       9    0.00    0.00    0.00    0.00    0.00    0.00    0.00    0.00    0.00  100.00
15:15:52      10   20.00    0.00    1.00    0.00    0.00    0.00    0.00    0.00    0.00   79.00
15:15:52      11    0.00    0.00    0.00    0.00    0.00    0.00    0.00    0.00    0.00  100.00
15:15:52      12    6.06    0.00    0.00    0.00    0.00    0.00    0.00    0.00    0.00   93.94
15:15:52      13    0.00    0.00    0.00    0.00    0.00    0.00    0.00    0.00    0.00  100.00
15:15:52      14    1.98    0.00    1.98    0.00    0.00    0.00    0.00    0.00    0.00   96.04
15:15:52      15    1.02    0.00    0.00    0.00    0.00    1.02    0.00    0.00    0.00   97.96
15:15:52      16    2.00    0.00    1.00    0.00    0.00    0.00    0.00    0.00    0.00   97.00
15:15:52      17    1.01    0.00    1.01    0.00    0.00    0.00    0.00    0.00    0.00   97.98
15:15:52      18    1.01    0.00    0.00    0.00    0.00    0.00    0.00    0.00    0.00   98.99
15:15:52      19    1.01    0.00    0.00    0.00    0.00    0.00    0.00    0.00    0.00   98.99
15:15:52      20    3.96    0.00    0.99    0.00    0.00    0.00    0.00    0.00    0.00   95.05
15:15:52      21    1.01    0.00    1.01    0.00    0.00    0.00    0.00    0.00    0.00   97.98
15:15:52      22    2.02    0.00    1.01    0.00    0.00    0.00    0.00    0.00    0.00   96.97
15:15:52      23    3.00    0.00    1.00    0.00    0.00    0.00    0.00    0.00    0.00   96.00

15:15:52     CPU    %usr   %nice    %sys %iowait    %irq   %soft  %steal  %guest  %gnice   %idle
15:15:53     all    7.06    0.00    1.42    0.04    0.00    0.04    0.00    0.00    0.00   91.43
15:15:53       0    4.04    0.00    1.01    0.00    0.00    0.00    0.00    0.00    0.00   94.95
15:15:53       1    0.00    0.00    0.99    0.99    0.00    0.00    0.00    0.00    0.00   98.02
15:15:53       2    8.00    0.00    3.00    0.00    0.00    0.00    0.00    0.00    0.00   89.00
15:15:53       3    0.00    0.00    0.00    0.00    0.00    0.00    0.00    0.00    0.00  100.00
15:15:53       4    9.90    0.00    1.98    0.00    0.00    0.00    0.00    0.00    0.00   88.12
15:15:53       5    4.00    0.00    1.00    0.00    0.00    0.00    0.00    0.00    0.00   95.00
15:15:53       6    2.06    0.00    0.00    0.00    0.00    0.00    0.00    0.00    0.00   97.94
15:15:53       7    0.99    0.00    0.99    0.00    0.00    0.00    0.00    0.00    0.00   98.02
15:15:53       8   15.31    0.00    3.06    0.00    0.00    0.00    0.00    0.00    0.00   81.63
15:15:53       9    1.96    0.00    0.98    0.00    0.00    0.00    0.00    0.00    0.00   97.06
15:15:53      10   14.14    0.00    1.01    0.00    0.00    0.00    0.00    0.00    0.00   84.85
15:15:53      11   70.00    0.00    6.00    0.00    0.00    0.00    0.00    0.00    0.00   24.00
15:15:53      12    8.91    0.00    1.98    0.00    0.00    0.00    0.00    0.00    0.00   89.11
15:15:53      13    1.98    0.00    0.99    0.00    0.00    0.00    0.00    0.00    0.00   97.03
15:15:53      14    2.04    0.00    1.02    0.00    0.00    0.00    0.00    0.00    0.00   96.94
15:15:53      15    1.00    0.00    1.00    0.00    0.00    1.00    0.00    0.00    0.00   97.00
15:15:53      16    3.03    0.00    2.02    0.00    0.00    0.00    0.00    0.00    0.00   94.95
15:15:53      17    3.00    0.00    2.00    0.00    0.00    0.00    0.00    0.00    0.00   95.00
15:15:53      18    3.00    0.00    1.00    0.00    0.00    0.00    0.00    0.00    0.00   96.00
15:15:53      19    2.00    0.00    1.00    0.00    0.00    0.00    0.00    0.00    0.00   97.00
15:15:53      20    2.04    0.00    1.02    0.00    0.00    0.00    0.00    0.00    0.00   96.94
15:15:53      21    3.00    0.00    0.00    0.00    0.00    0.00    0.00    0.00    0.00   97.00
15:15:53      22    5.10    0.00    0.00    0.00    0.00    0.00    0.00    0.00    0.00   94.90
15:15:53      23    4.00    0.00    2.00    0.00    0.00    0.00    0.00    0.00    0.00   94.00

15:15:53     CPU    %usr   %nice    %sys %iowait    %irq   %soft  %steal  %guest  %gnice   %idle
15:15:54     all    6.25    0.00    0.67    0.00    0.00    0.08    0.00    0.00    0.00   92.99
15:15:54       0    4.00    0.00    1.00    0.00    0.00    0.00    0.00    0.00    0.00   95.00
15:15:54       1    1.00    0.00    0.00    0.00    0.00    0.00    0.00    0.00    0.00   99.00
15:15:54       2    3.03    0.00    0.00    0.00    0.00    1.01    0.00    0.00    0.00   95.96
15:15:54       3    0.00    0.00    0.00    0.00    0.00    0.00    0.00    0.00    0.00  100.00
15:15:54       4   11.11    0.00    0.00    0.00    0.00    0.00    0.00    0.00    0.00   88.89
15:15:54       5    1.01    0.00    0.00    0.00    0.00    0.00    0.00    0.00    0.00   98.99
15:15:54       6    4.00    0.00    1.00    0.00    0.00    0.00    0.00    0.00    0.00   95.00
15:15:54       7    0.00    0.00    0.00    0.00    0.00    0.00    0.00    0.00    0.00  100.00
15:15:54       8    8.16    0.00    2.04    0.00    0.00    0.00    0.00    0.00    0.00   89.80
15:15:54       9    0.00    0.00    0.00    0.00    0.00    0.00    0.00    0.00    0.00  100.00
15:15:54      10   11.00    0.00    1.00    0.00    0.00    0.00    0.00    0.00    0.00   88.00
15:15:54      11   72.73    0.00    5.05    0.00    0.00    0.00    0.00    0.00    0.00   22.22
15:15:54      12    6.00    0.00    2.00    0.00    0.00    0.00    0.00    0.00    0.00   92.00
15:15:54      13    1.00    0.00    0.00    0.00    0.00    0.00    0.00    0.00    0.00   99.00
15:15:54      14    4.00    0.00    1.00    0.00    0.00    0.00    0.00    0.00    0.00   95.00
15:15:54      15    0.00    0.00    0.00    0.00    0.00    1.02    0.00    0.00    0.00   98.98
15:15:54      16    4.04    0.00    0.00    0.00    0.00    0.00    0.00    0.00    0.00   95.96
15:15:54      17    3.06    0.00    0.00    0.00    0.00    0.00    0.00    0.00    0.00   96.94
15:15:54      18    0.00    0.00    0.00    0.00    0.00    0.00    0.00    0.00    0.00  100.00
15:15:54      19    1.00    0.00    0.00    0.00    0.00    0.00    0.00    0.00    0.00   99.00
15:15:54      20    4.95    0.00    0.99    0.00    0.00    0.00    0.00    0.00    0.00   94.06
15:15:54      21    2.02    0.00    0.00    0.00    0.00    0.00    0.00    0.00    0.00   97.98
15:15:54      22    4.04    0.00    1.01    0.00    0.00    0.00    0.00    0.00    0.00   94.95
15:15:54      23    3.96    0.00    0.99    0.00    0.00    0.00    0.00    0.00    0.00   95.05

15:15:54     CPU    %usr   %nice    %sys %iowait    %irq   %soft  %steal  %guest  %gnice   %idle
15:15:55     all    4.75    0.00    0.72    0.04    0.00    0.00    0.00    0.00    0.00   94.49
15:15:55       0    1.01    0.00    0.00    0.00    0.00    0.00    0.00    0.00    0.00   98.99
15:15:55       1    0.00    0.00    0.00    0.00    0.00    0.00    0.00    0.00    0.00  100.00
15:15:55       2    2.00    0.00    1.00    0.00    0.00    0.00    0.00    0.00    0.00   97.00
15:15:55       3    0.00    0.00    0.00    0.00    0.00    0.00    0.00    0.00    0.00  100.00
15:15:55       4    5.10    0.00    0.00    0.00    0.00    0.00    0.00    0.00    0.00   94.90
15:15:55       5    1.01    0.00    0.00    0.00    0.00    0.00    0.00    0.00    0.00   98.99
15:15:55       6    7.07    0.00    1.01    0.00    0.00    0.00    0.00    0.00    0.00   91.92
15:15:55       7    0.00    0.00    0.00    0.00    0.00    0.00    0.00    0.00    0.00  100.00
15:15:55       8    8.91    0.00    1.98    0.99    0.00    0.00    0.00    0.00    0.00   88.12
15:15:55       9    0.00    0.00    0.00    0.00    0.00    0.00    0.00    0.00    0.00  100.00
15:15:55      10    6.12    0.00    0.00    0.00    0.00    0.00    0.00    0.00    0.00   93.88
15:15:55      11   42.57    0.00    2.97    0.00    0.00    0.00    0.00    0.00    0.00   54.46
15:15:55      12    4.04    0.00    0.00    0.00    0.00    0.00    0.00    0.00    0.00   95.96
15:15:55      13    0.00    0.00    0.00    0.00    0.00    0.00    0.00    0.00    0.00  100.00
15:15:55      14   12.37    0.00    2.06    0.00    0.00    0.00    0.00    0.00    0.00   85.57
15:15:55      15    0.00    0.00    0.00    0.00    0.00    0.00    0.00    0.00    0.00  100.00
15:15:55      16    3.06    0.00    1.02    0.00    0.00    0.00    0.00    0.00    0.00   95.92
15:15:55      17    3.03    0.00    1.01    0.00    0.00    0.00    0.00    0.00    0.00   95.96
15:15:55      18    2.00    0.00    1.00    0.00    0.00    0.00    0.00    0.00    0.00   97.00
15:15:55      19    1.01    0.00    1.01    0.00    0.00    0.00    0.00    0.00    0.00   97.98
15:15:55      20    3.03    0.00    1.01    0.00    0.00    0.00    0.00    0.00    0.00   95.96
15:15:55      21    2.00    0.00    1.00    0.00    0.00    0.00    0.00    0.00    0.00   97.00
15:15:55      22    4.08    0.00    0.00    0.00    0.00    0.00    0.00    0.00    0.00   95.92
15:15:55      23    5.05    0.00    2.02    0.00    0.00    0.00    0.00    0.00    0.00   92.93

15:15:55     CPU    %usr   %nice    %sys %iowait    %irq   %soft  %steal  %guest  %gnice   %idle
15:15:56     all    1.50    0.00    0.38    0.04    0.00    0.00    0.00    0.00    0.00   98.08
15:15:56       0    1.00    0.00    0.00    0.00    0.00    0.00    0.00    0.00    0.00   99.00
15:15:56       1    0.00    0.00    0.00    0.00    0.00    0.00    0.00    0.00    0.00  100.00
15:15:56       2    2.00    0.00    0.00    0.00    0.00    0.00    0.00    0.00    0.00   98.00
15:15:56       3    0.00    0.00    0.00    0.00    0.00    0.00    0.00    0.00    0.00  100.00
15:15:56       4    4.00    0.00    1.00    0.00    0.00    0.00    0.00    0.00    0.00   95.00
15:15:56       5    0.00    0.00    0.00    0.00    0.00    0.00    0.00    0.00    0.00  100.00
15:15:56       6    1.98    0.00    0.99    0.00    0.00    0.00    0.00    0.00    0.00   97.03
15:15:56       7    0.00    0.00    0.00    0.00    0.00    0.00    0.00    0.00    0.00  100.00
15:15:56       8    5.10    0.00    1.02    0.00    0.00    0.00    0.00    0.00    0.00   93.88
15:15:56       9    1.00    0.00    0.00    0.00    0.00    0.00    0.00    0.00    0.00   99.00
15:15:56      10    2.02    0.00    1.01    0.00    0.00    0.00    0.00    0.00    0.00   96.97
15:15:56      11    0.00    0.00    0.00    0.00    0.00    0.00    0.00    0.00    0.00  100.00
15:15:56      12    4.04    0.00    0.00    0.00    0.00    0.00    0.00    0.00    0.00   95.96
15:15:56      13    0.00    0.00    0.00    0.00    0.00    0.00    0.00    0.00    0.00  100.00
15:15:56      14    5.00    0.00    2.00    0.00    0.00    0.00    0.00    0.00    0.00   93.00
15:15:56      15    0.00    0.00    0.00    0.00    0.00    0.00    0.00    0.00    0.00  100.00
15:15:56      16    1.00    0.00    1.00    0.00    0.00    0.00    0.00    0.00    0.00   98.00
15:15:56      17    2.00    0.00    0.00    0.00    0.00    0.00    0.00    0.00    0.00   98.00
15:15:56      18    1.01    0.00    0.00    0.00    0.00    0.00    0.00    0.00    0.00   98.99
15:15:56      19    0.00    0.00    0.00    0.00    0.00    0.00    0.00    0.00    0.00  100.00
15:15:56      20    2.00    0.00    1.00    0.00    0.00    0.00    0.00    0.00    0.00   97.00
15:15:56      21    0.99    0.00    0.99    0.00    0.00    0.00    0.00    0.00    0.00   98.02
15:15:56      22    2.00    0.00    0.00    1.00    0.00    0.00    0.00    0.00    0.00   97.00
15:15:56      23    1.01    0.00    0.00    0.00    0.00    0.00    0.00    0.00    0.00   98.99

15:15:56     CPU    %usr   %nice    %sys %iowait    %irq   %soft  %steal  %guest  %gnice   %idle
15:15:57     all    1.46    0.00    0.46    0.00    0.00    0.00    0.00    0.00    0.00   98.08
15:15:57       0    0.00    0.00    0.00    0.00    0.00    0.00    0.00    0.00    0.00  100.00
15:15:57       1    0.00    0.00    0.00    0.00    0.00    0.00    0.00    0.00    0.00  100.00
15:15:57       2    3.00    0.00    0.00    0.00    0.00    0.00    0.00    0.00    0.00   97.00
15:15:57       3    0.00    0.00    0.00    0.00    0.00    0.00    0.00    0.00    0.00  100.00
15:15:57       4    2.97    0.00    0.99    0.00    0.00    0.00    0.00    0.00    0.00   96.04
15:15:57       5    0.00    0.00    0.00    0.00    0.00    0.00    0.00    0.00    0.00  100.00
15:15:57       6    0.00    0.00    0.00    0.00    0.00    0.00    0.00    0.00    0.00  100.00
15:15:57       7    0.00    0.00    0.00    0.00    0.00    0.00    0.00    0.00    0.00  100.00
15:15:57       8    6.00    0.00    1.00    0.00    0.00    0.00    0.00    0.00    0.00   93.00
15:15:57       9    1.01    0.00    0.00    0.00    0.00    0.00    0.00    0.00    0.00   98.99
15:15:57      10    7.92    0.00    0.99    0.00    0.00    0.00    0.00    0.00    0.00   91.09
15:15:57      11    0.00    0.00    0.00    0.00    0.00    0.00    0.00    0.00    0.00  100.00
15:15:57      12    2.00    0.00    1.00    0.00    0.00    0.00    0.00    0.00    0.00   97.00
15:15:57      13    0.00    0.00    0.00    0.00    0.00    0.00    0.00    0.00    0.00  100.00
15:15:57      14    3.96    0.00    2.97    0.00    0.00    0.00    0.00    0.00    0.00   93.07
15:15:57      15    0.00    0.00    0.00    0.00    0.00    0.00    0.00    0.00    0.00  100.00
15:15:57      16    1.00    0.00    0.00    0.00    0.00    0.00    0.00    0.00    0.00   99.00
15:15:57      17    0.00    0.00    1.01    0.00    0.00    0.00    0.00    0.00    0.00   98.99
15:15:57      18    0.00    0.00    0.00    0.00    0.00    0.00    0.00    0.00    0.00  100.00
15:15:57      19    0.00    0.00    0.00    0.00    0.00    0.00    0.00    0.00    0.00  100.00
15:15:57      20    1.98    0.00    1.98    0.00    0.00    0.00    0.00    0.00    0.00   96.04
15:15:57      21    1.01    0.00    0.00    0.00    0.00    0.00    0.00    0.00    0.00   98.99
15:15:57      22    2.02    0.00    1.01    0.00    0.00    0.00    0.00    0.00    0.00   96.97
15:15:57      23    1.98    0.00    0.00    0.00    0.00    0.00    0.00    0.00    0.00   98.02

15:15:57     CPU    %usr   %nice    %sys %iowait    %irq   %soft  %steal  %guest  %gnice   %idle
15:15:58     all    1.42    0.00    0.46    0.00    0.00    0.00    0.00    0.00    0.00   98.12
15:15:58       0    1.01    0.00    0.00    0.00    0.00    0.00    0.00    0.00    0.00   98.99
15:15:58       1    0.00    0.00    0.00    0.00    0.00    0.00    0.00    0.00    0.00  100.00
15:15:58       2    1.01    0.00    0.00    0.00    0.00    0.00    0.00    0.00    0.00   98.99
15:15:58       3    0.00    0.00    0.00    0.00    0.00    0.00    0.00    0.00    0.00  100.00
15:15:58       4    2.02    0.00    0.00    0.00    0.00    0.00    0.00    0.00    0.00   97.98
15:15:58       5    0.00    0.00    0.00    0.00    0.00    0.00    0.00    0.00    0.00  100.00
15:15:58       6    1.00    0.00    1.00    0.00    0.00    0.00    0.00    0.00    0.00   98.00
15:15:58       7    0.00    0.00    0.00    0.00    0.00    0.00    0.00    0.00    0.00  100.00
15:15:58       8    6.00    0.00    2.00    0.00    0.00    0.00    0.00    0.00    0.00   92.00
15:15:58       9    0.00    0.00    0.00    0.00    0.00    0.00    0.00    0.00    0.00  100.00
15:15:58      10    8.08    0.00    1.01    0.00    0.00    0.00    0.00    0.00    0.00   90.91
15:15:58      11    0.00    0.00    0.00    0.00    0.00    0.00    0.00    0.00    0.00  100.00
15:15:58      12    0.99    0.00    1.98    0.00    0.00    0.00    0.00    0.00    0.00   97.03
15:15:58      13    0.00    0.00    0.00    0.00    0.00    0.00    0.00    0.00    0.00  100.00
15:15:58      14    4.04    0.00    1.01    0.00    0.00    0.00    0.00    0.00    0.00   94.95
15:15:58      15    0.00    0.00    0.00    0.00    0.00    0.00    0.00    0.00    0.00  100.00
15:15:58      16    3.00    0.00    2.00    0.00    0.00    0.00    0.00    0.00    0.00   95.00
15:15:58      17    2.02    0.00    0.00    0.00    0.00    0.00    0.00    0.00    0.00   97.98
15:15:58      18    1.01    0.00    0.00    0.00    0.00    0.00    0.00    0.00    0.00   98.99
15:15:58      19    1.98    0.00    0.00    0.00    0.00    0.00    0.00    0.00    0.00   98.02
15:15:58      20    0.00    0.00    0.00    0.00    0.00    0.00    0.00    0.00    0.00  100.00
15:15:58      21    0.99    0.00    0.99    0.00    0.00    0.00    0.00    0.00    0.00   98.02
15:15:58      22    1.01    0.00    0.00    0.00    0.00    0.00    0.00    0.00    0.00   98.99
15:15:58      23    0.00    0.00    1.01    0.00    0.00    0.00    0.00    0.00    0.00   98.99

15:15:58     CPU    %usr   %nice    %sys %iowait    %irq   %soft  %steal  %guest  %gnice   %idle
15:15:59     all    1.55    0.00    0.25    0.00    0.00    0.04    0.00    0.00    0.00   98.16
15:15:59       0    0.00    0.00    0.00    0.00    0.00    0.00    0.00    0.00    0.00  100.00
15:15:59       1    0.00    0.00    0.00    0.00    0.00    0.00    0.00    0.00    0.00  100.00
15:15:59       2    4.00    0.00    0.00    0.00    0.00    0.00    0.00    0.00    0.00   96.00
15:15:59       3    0.99    0.00    0.00    0.00    0.00    0.00    0.00    0.00    0.00   99.01
15:15:59       4    2.02    0.00    0.00    0.00    0.00    0.00    0.00    0.00    0.00   97.98
15:15:59       5    0.00    0.00    0.00    0.00    0.00    0.00    0.00    0.00    0.00  100.00
15:15:59       6    4.00    0.00    0.00    0.00    0.00    0.00    0.00    0.00    0.00   96.00
15:15:59       7    0.00    0.00    0.00    0.00    0.00    0.00    0.00    0.00    0.00  100.00
15:15:59       8    7.07    0.00    1.01    0.00    0.00    0.00    0.00    0.00    0.00   91.92
15:15:59       9    0.00    0.00    0.00    0.00    0.00    0.00    0.00    0.00    0.00  100.00
15:15:59      10    7.07    0.00    1.01    0.00    0.00    0.00    0.00    0.00    0.00   91.92
15:15:59      11    0.00    0.00    0.00    0.00    0.00    0.00    0.00    0.00    0.00  100.00
15:15:59      12    3.06    0.00    1.02    0.00    0.00    0.00    0.00    0.00    0.00   95.92
15:15:59      13    0.00    0.00    0.00    0.00    0.00    0.00    0.00    0.00    0.00  100.00
15:15:59      14    1.00    0.00    2.00    0.00    0.00    0.00    0.00    0.00    0.00   97.00
15:15:59      15    0.00    0.00    0.00    0.00    0.00    1.02    0.00    0.00    0.00   98.98
15:15:59      16    1.02    0.00    0.00    0.00    0.00    0.00    0.00    0.00    0.00   98.98
15:15:59      17    1.00    0.00    0.00    0.00    0.00    0.00    0.00    0.00    0.00   99.00
15:15:59      18    1.00    0.00    0.00    0.00    0.00    0.00    0.00    0.00    0.00   99.00
15:15:59      19    1.00    0.00    0.00    0.00    0.00    0.00    0.00    0.00    0.00   99.00
15:15:59      20    1.00    0.00    0.00    0.00    0.00    0.00    0.00    0.00    0.00   99.00
15:15:59      21    1.01    0.00    1.01    0.00    0.00    0.00    0.00    0.00    0.00   97.98
15:15:59      22    1.02    0.00    0.00    0.00    0.00    0.00    0.00    0.00    0.00   98.98
15:15:59      23    1.00    0.00    0.00    0.00    0.00    0.00    0.00    0.00    0.00   99.00

15:15:59     CPU    %usr   %nice    %sys %iowait    %irq   %soft  %steal  %guest  %gnice   %idle
15:16:00     all    1.42    0.00    0.33    0.00    0.00    0.04    0.00    0.00    0.00   98.20
15:16:00       0    1.01    0.00    0.00    0.00    0.00    0.00    0.00    0.00    0.00   98.99
15:16:00       1    0.00    0.00    0.00    0.00    0.00    0.00    0.00    0.00    0.00  100.00
15:16:00       2    1.00    0.00    0.00    0.00    0.00    0.00    0.00    0.00    0.00   99.00
15:16:00       3    0.00    0.00    0.00    0.00    0.00    0.00    0.00    0.00    0.00  100.00
15:16:00       4    3.00    0.00    0.00    0.00    0.00    0.00    0.00    0.00    0.00   97.00
15:16:00       5    0.00    0.00    0.00    0.00    0.00    0.00    0.00    0.00    0.00  100.00
15:16:00       6    1.01    0.00    0.00    0.00    0.00    0.00    0.00    0.00    0.00   98.99
15:16:00       7    0.00    0.00    0.00    0.00    0.00    0.00    0.00    0.00    0.00  100.00
15:16:00       8    9.00    0.00    1.00    0.00    0.00    0.00    0.00    0.00    0.00   90.00
15:16:00       9    0.00    0.00    0.00    0.00    0.00    0.00    0.00    0.00    0.00  100.00
15:16:00      10    5.05    0.00    1.01    0.00    0.00    0.00    0.00    0.00    0.00   93.94
15:16:00      11    0.00    0.00    0.00    0.00    0.00    0.00    0.00    0.00    0.00  100.00
15:16:00      12    2.00    0.00    1.00    0.00    0.00    0.00    0.00    0.00    0.00   97.00
15:16:00      13    0.00    0.00    0.00    0.00    0.00    0.00    0.00    0.00    0.00  100.00
15:16:00      14    4.04    0.00    2.02    0.00    0.00    0.00    0.00    0.00    0.00   93.94
15:16:00      15    0.00    0.00    0.00    0.00    0.00    1.02    0.00    0.00    0.00   98.98
15:16:00      16    1.01    0.00    0.00    0.00    0.00    0.00    0.00    0.00    0.00   98.99
15:16:00      17    0.00    0.00    1.02    0.00    0.00    0.00    0.00    0.00    0.00   98.98
15:16:00      18    0.99    0.00    0.99    0.00    0.00    0.00    0.00    0.00    0.00   98.02
15:16:00      19    0.00    0.00    0.00    0.00    0.00    0.00    0.00    0.00    0.00  100.00
15:16:00      20    1.98    0.00    0.00    0.00    0.00    0.00    0.00    0.00    0.00   98.02
15:16:00      21    0.00    0.00    0.00    0.00    0.00    0.00    0.00    0.00    0.00  100.00
15:16:00      22    2.04    0.00    0.00    0.00    0.00    0.00    0.00    0.00    0.00   97.96
15:16:00      23    2.00    0.00    1.00    0.00    0.00    0.00    0.00    0.00    0.00   97.00

15:16:00     CPU    %usr   %nice    %sys %iowait    %irq   %soft  %steal  %guest  %gnice   %idle
15:16:01     all    1.30    0.00    0.25    0.13    0.00    0.00    0.00    0.00    0.00   98.33
15:16:01       0    0.00    0.00    1.00    0.00    0.00    0.00    0.00    0.00    0.00   99.00
15:16:01       1    0.00    0.00    0.00    0.00    0.00    0.00    0.00    0.00    0.00  100.00
15:16:01       2    1.00    0.00    0.00    1.00    0.00    0.00    0.00    0.00    0.00   98.00
15:16:01       3    0.00    0.00    0.00    0.00    0.00    0.00    0.00    0.00    0.00  100.00
15:16:01       4    2.00    0.00    0.00    0.00    0.00    0.00    0.00    0.00    0.00   98.00
15:16:01       5    0.00    0.00    0.00    0.00    0.00    0.00    0.00    0.00    0.00  100.00
15:16:01       6    2.02    0.00    1.01    0.00    0.00    0.00    0.00    0.00    0.00   96.97
15:16:01       7    0.00    0.00    0.00    0.00    0.00    0.00    0.00    0.00    0.00  100.00
15:16:01       8    9.09    0.00    1.01    0.00    0.00    0.00    0.00    0.00    0.00   89.90
15:16:01       9    0.00    0.00    0.00    0.00    0.00    0.00    0.00    0.00    0.00  100.00
15:16:01      10    7.00    0.00    1.00    0.00    0.00    0.00    0.00    0.00    0.00   92.00
15:16:01      11    0.00    0.00    0.00    0.99    0.00    0.00    0.00    0.00    0.00   99.01
15:16:01      12    3.00    0.00    1.00    0.00    0.00    0.00    0.00    0.00    0.00   96.00
15:16:01      13    0.00    0.00    0.00    0.00    0.00    0.00    0.00    0.00    0.00  100.00
15:16:01      14    2.00    0.00    0.00    0.00    0.00    0.00    0.00    0.00    0.00   98.00
15:16:01      15    0.00    0.00    0.00    1.03    0.00    0.00    0.00    0.00    0.00   98.97
15:16:01      16    0.00    0.00    1.01    0.00    0.00    0.00    0.00    0.00    0.00   98.99
15:16:01      17    1.00    0.00    0.00    0.00    0.00    0.00    0.00    0.00    0.00   99.00
15:16:01      18    0.00    0.00    0.00    0.00    0.00    0.00    0.00    0.00    0.00  100.00
15:16:01      19    0.00    0.00    0.00    0.00    0.00    0.00    0.00    0.00    0.00  100.00
15:16:01      20    1.00    0.00    0.00    0.00    0.00    0.00    0.00    0.00    0.00   99.00
15:16:01      21    0.00    0.00    0.00    0.00    0.00    0.00    0.00    0.00    0.00  100.00
15:16:01      22    2.02    0.00    0.00    0.00    0.00    0.00    0.00    0.00    0.00   97.98
15:16:01      23    1.00    0.00    0.00    0.00    0.00    0.00    0.00    0.00    0.00   99.00

15:16:01     CPU    %usr   %nice    %sys %iowait    %irq   %soft  %steal  %guest  %gnice   %idle
15:16:02     all    1.96    0.00    0.54    0.00    0.00    0.00    0.00    0.00    0.00   97.49
15:16:02       0    3.00    0.00    1.00    0.00    0.00    0.00    0.00    0.00    0.00   96.00
15:16:02       1    0.00    0.00    0.00    0.00    0.00    0.00    0.00    0.00    0.00  100.00
15:16:02       2    1.01    0.00    0.00    0.00    0.00    0.00    0.00    0.00    0.00   98.99
15:16:02       3    0.00    0.00    0.00    0.00    0.00    0.00    0.00    0.00    0.00  100.00
15:16:02       4    1.98    0.00    0.99    0.00    0.00    0.00    0.00    0.00    0.00   97.03
15:16:02       5    0.00    0.00    0.00    0.00    0.00    0.00    0.00    0.00    0.00  100.00
15:16:02       6    1.01    0.00    3.03    0.00    0.00    0.00    0.00    0.00    0.00   95.96
15:16:02       7    0.00    0.00    0.00    0.00    0.00    0.00    0.00    0.00    0.00  100.00
15:16:02       8   15.00    0.00    1.00    0.00    0.00    0.00    0.00    0.00    0.00   84.00
15:16:02       9    0.00    0.00    0.00    0.00    0.00    0.00    0.00    0.00    0.00  100.00
15:16:02      10    6.06    0.00    0.00    0.00    0.00    0.00    0.00    0.00    0.00   93.94
15:16:02      11    0.00    0.00    0.00    0.00    0.00    0.00    0.00    0.00    0.00  100.00
15:16:02      12    3.03    0.00    0.00    0.00    0.00    0.00    0.00    0.00    0.00   96.97
15:16:02      13    0.00    0.00    0.00    0.00    0.00    0.00    0.00    0.00    0.00  100.00
15:16:02      14    2.00    0.00    1.00    0.00    0.00    0.00    0.00    0.00    0.00   97.00
15:16:02      15    1.01    0.00    1.01    0.00    0.00    0.00    0.00    0.00    0.00   97.98
15:16:02      16    2.02    0.00    0.00    0.00    0.00    0.00    0.00    0.00    0.00   97.98
15:16:02      17    1.00    0.00    1.00    0.00    0.00    0.00    0.00    0.00    0.00   98.00
15:16:02      18    0.00    0.00    0.00    0.00    0.00    0.00    0.00    0.00    0.00  100.00
15:16:02      19    1.00    0.00    0.00    0.00    0.00    0.00    0.00    0.00    0.00   99.00
15:16:02      20    2.97    0.00    0.99    0.00    0.00    0.00    0.00    0.00    0.00   96.04
15:16:02      21    1.98    0.00    0.99    0.00    0.00    0.00    0.00    0.00    0.00   97.03
15:16:02      22    2.02    0.00    1.01    0.00    0.00    0.00    0.00    0.00    0.00   96.97
15:16:02      23    1.98    0.00    0.99    0.00    0.00    0.00    0.00    0.00    0.00   97.03

15:16:02     CPU    %usr   %nice    %sys %iowait    %irq   %soft  %steal  %guest  %gnice   %idle
15:16:03     all    1.55    0.00    0.33    0.00    0.00    0.08    0.00    0.00    0.00   98.04
15:16:03       0    1.02    0.00    0.00    0.00    0.00    0.00    0.00    0.00    0.00   98.98
15:16:03       1    0.00    0.00    0.00    0.00    0.00    0.00    0.00    0.00    0.00  100.00
15:16:03       2    0.99    0.00    0.99    0.00    0.00    0.00    0.00    0.00    0.00   98.02
15:16:03       3    0.00    0.00    0.00    0.00    0.00    0.00    0.00    0.00    0.00  100.00
15:16:03       4    4.04    0.00    0.00    0.00    0.00    0.00    0.00    0.00    0.00   95.96
15:16:03       5    0.00    0.00    0.00    0.00    0.00    0.00    0.00    0.00    0.00  100.00
15:16:03       6    3.00    0.00    0.00    0.00    0.00    0.00    0.00    0.00    0.00   97.00
15:16:03       7    0.00    0.00    0.00    0.00    0.00    0.00    0.00    0.00    0.00  100.00
15:16:03       8   11.00    0.00    3.00    0.00    0.00    0.00    0.00    0.00    0.00   86.00
15:16:03       9    0.00    0.00    0.00    0.00    0.00    0.00    0.00    0.00    0.00  100.00
15:16:03      10    6.00    0.00    1.00    0.00    0.00    0.00    0.00    0.00    0.00   93.00
15:16:03      11    0.00    0.00    0.00    0.00    0.00    0.00    0.00    0.00    0.00  100.00
15:16:03      12    1.98    0.00    0.99    0.00    0.00    0.00    0.00    0.00    0.00   97.03
15:16:03      13    0.00    0.00    0.00    0.00    0.00    0.00    0.00    0.00    0.00  100.00
15:16:03      14    3.00    0.00    1.00    0.00    0.00    0.00    0.00    0.00    0.00   96.00
15:16:03      15    0.00    0.00    0.00    0.00    0.00    2.02    0.00    0.00    0.00   97.98
15:16:03      16    1.01    0.00    0.00    0.00    0.00    0.00    0.00    0.00    0.00   98.99
15:16:03      17    0.00    0.00    0.00    0.00    0.00    0.00    0.00    0.00    0.00  100.00
15:16:03      18    0.00    0.00    0.00    0.00    0.00    0.00    0.00    0.00    0.00  100.00
15:16:03      19    0.00    0.00    0.00    0.00    0.00    0.00    0.00    0.00    0.00  100.00
15:16:03      20    1.01    0.00    0.00    0.00    0.00    0.00    0.00    0.00    0.00   98.99
15:16:03      21    1.00    0.00    0.00    0.00    0.00    0.00    0.00    0.00    0.00   99.00
15:16:03      22    1.02    0.00    0.00    0.00    0.00    0.00    0.00    0.00    0.00   98.98
15:16:03      23    2.00    0.00    1.00    0.00    0.00    0.00    0.00    0.00    0.00   97.00

15:16:03     CPU    %usr   %nice    %sys %iowait    %irq   %soft  %steal  %guest  %gnice   %idle
15:16:04     all    1.42    0.00    0.42    0.04    0.00    0.04    0.00    0.00    0.00   98.08
15:16:04       0    0.00    0.00    0.00    0.00    0.00    0.00    0.00    0.00    0.00  100.00
15:16:04       1    0.00    0.00    0.00    0.00    0.00    0.00    0.00    0.00    0.00  100.00
15:16:04       2    0.00    0.00    0.00    0.00    0.00    0.00    0.00    0.00    0.00  100.00
15:16:04       3    0.00    0.00    0.00    0.00    0.00    0.00    0.00    0.00    0.00  100.00
15:16:04       4    5.05    0.00    0.00    1.01    0.00    0.00    0.00    0.00    0.00   93.94
15:16:04       5    0.00    0.00    0.00    0.00    0.00    0.00    0.00    0.00    0.00  100.00
15:16:04       6    2.00    0.00    1.00    0.00    0.00    0.00    0.00    0.00    0.00   97.00
15:16:04       7    0.00    0.00    0.00    0.00    0.00    0.00    0.00    0.00    0.00  100.00
15:16:04       8    5.10    0.00    0.00    0.00    0.00    0.00    0.00    0.00    0.00   94.90
15:16:04       9    0.00    0.00    0.00    0.00    0.00    0.00    0.00    0.00    0.00  100.00
15:16:04      10    6.00    0.00    2.00    0.00    0.00    0.00    0.00    0.00    0.00   92.00
15:16:04      11    0.00    0.00    0.00    0.00    0.00    0.00    0.00    0.00    0.00  100.00
15:16:04      12    1.01    0.00    1.01    0.00    0.00    0.00    0.00    0.00    0.00   97.98
15:16:04      13    0.00    0.00    0.00    0.00    0.00    0.00    0.00    0.00    0.00  100.00
15:16:04      14    7.00    0.00    2.00    0.00    0.00    0.00    0.00    0.00    0.00   91.00
15:16:04      15    0.00    0.00    0.00    0.00    0.00    1.02    0.00    0.00    0.00   98.98
15:16:04      16    1.01    0.00    1.01    0.00    0.00    0.00    0.00    0.00    0.00   97.98
15:16:04      17    1.01    0.00    0.00    0.00    0.00    0.00    0.00    0.00    0.00   98.99
15:16:04      18    1.00    0.00    0.00    0.00    0.00    0.00    0.00    0.00    0.00   99.00
15:16:04      19    0.00    0.00    0.00    0.00    0.00    0.00    0.00    0.00    0.00  100.00
15:16:04      20    1.98    0.00    0.99    0.00    0.00    0.00    0.00    0.00    0.00   97.03
15:16:04      21    1.00    0.00    0.00    0.00    0.00    0.00    0.00    0.00    0.00   99.00
15:16:04      22    1.01    0.00    1.01    0.00    0.00    0.00    0.00    0.00    0.00   97.98
15:16:04      23    0.99    0.00    0.99    0.00    0.00    0.00    0.00    0.00    0.00   98.02

15:16:04     CPU    %usr   %nice    %sys %iowait    %irq   %soft  %steal  %guest  %gnice   %idle
15:16:05     all    1.71    0.00    0.50    0.08    0.00    0.04    0.00    0.00    0.00   97.66
15:16:05       0    3.00    0.00    1.00    0.00    0.00    0.00    0.00    0.00    0.00   96.00
15:16:05       1    0.00    0.00    0.00    0.00    0.00    0.00    0.00    0.00    0.00  100.00
15:16:05       2    1.02    0.00    0.00    0.00    0.00    0.00    0.00    0.00    0.00   98.98
15:16:05       3    0.00    0.00    0.00    0.00    0.00    0.00    0.00    0.00    0.00  100.00
15:16:05       4    2.97    0.00    0.99    0.00    0.00    0.00    0.00    0.00    0.00   96.04
15:16:05       5    0.00    0.00    0.00    0.00    0.00    0.00    0.00    0.00    0.00  100.00
15:16:05       6    2.02    0.00    1.01    0.00    0.00    0.00    0.00    0.00    0.00   96.97
15:16:05       7    0.00    0.00    0.00    0.00    0.00    0.00    0.00    0.00    0.00  100.00
15:16:05       8    5.94    0.00    0.99    0.00    0.00    0.00    0.00    0.00    0.00   93.07
15:16:05       9    0.00    0.00    0.00    0.00    0.00    0.00    0.00    0.00    0.00  100.00
15:16:05      10    5.00    0.00    2.00    0.00    0.00    0.00    0.00    0.00    0.00   93.00
15:16:05      11    0.00    0.00    0.00    0.00    0.00    0.00    0.00    0.00    0.00  100.00
15:16:05      12    2.97    0.00    0.99    0.00    0.00    0.00    0.00    0.00    0.00   96.04
15:16:05      13    0.00    0.00    0.00    0.00    0.00    0.00    0.00    0.00    0.00  100.00
15:16:05      14    6.06    0.00    0.00    0.00    0.00    0.00    0.00    0.00    0.00   93.94
15:16:05      15    0.00    0.00    0.00    0.00    0.00    1.02    0.00    0.00    0.00   98.98
15:16:05      16    2.00    0.00    0.00    1.00    0.00    0.00    0.00    0.00    0.00   97.00
15:16:05      17    2.00    0.00    1.00    0.00    0.00    0.00    0.00    0.00    0.00   97.00
15:16:05      18    0.99    0.00    0.99    0.00    0.00    0.00    0.00    0.00    0.00   98.02
15:16:05      19    1.00    0.00    0.00    0.00    0.00    0.00    0.00    0.00    0.00   99.00
15:16:05      20    1.00    0.00    1.00    1.00    0.00    0.00    0.00    0.00    0.00   97.00
15:16:05      21    1.00    0.00    1.00    0.00    0.00    0.00    0.00    0.00    0.00   98.00
15:16:05      22    2.02    0.00    0.00    0.00    0.00    0.00    0.00    0.00    0.00   97.98
15:16:05      23    2.00    0.00    1.00    0.00    0.00    0.00    0.00    0.00    0.00   97.00

15:16:05     CPU    %usr   %nice    %sys %iowait    %irq   %soft  %steal  %guest  %gnice   %idle
15:16:06     all    1.42    0.00    0.33    0.00    0.00    0.04    0.00    0.00    0.00   98.20
15:16:06       0    1.01    0.00    0.00    0.00    0.00    0.00    0.00    0.00    0.00   98.99
15:16:06       1    0.00    0.00    0.00    0.00    0.00    0.00    0.00    0.00    0.00  100.00
15:16:06       2    6.00    0.00    0.00    0.00    0.00    0.00    0.00    0.00    0.00   94.00
15:16:06       3    0.00    0.00    0.00    0.00    0.00    0.00    0.00    0.00    0.00  100.00
15:16:06       4    1.01    0.00    0.00    0.00    0.00    0.00    0.00    0.00    0.00   98.99
15:16:06       5    0.00    0.00    0.00    0.00    0.00    0.00    0.00    0.00    0.00  100.00
15:16:06       6    1.00    0.00    1.00    0.00    0.00    0.00    0.00    0.00    0.00   98.00
15:16:06       7    0.00    0.00    0.00    0.00    0.00    0.00    0.00    0.00    0.00  100.00
15:16:06       8    9.18    0.00    1.02    0.00    0.00    0.00    0.00    0.00    0.00   89.80
15:16:06       9    0.00    0.00    0.00    0.00    0.00    0.00    0.00    0.00    0.00  100.00
15:16:06      10    3.03    0.00    1.01    0.00    0.00    0.00    0.00    0.00    0.00   95.96
15:16:06      11    0.00    0.00    0.00    0.00    0.00    0.00    0.00    0.00    0.00  100.00
15:16:06      12    1.01    0.00    0.00    0.00    0.00    0.00    0.00    0.00    0.00   98.99
15:16:06      13    0.00    0.00    0.00    0.00    0.00    0.00    0.00    0.00    0.00  100.00
15:16:06      14    2.00    0.00    1.00    0.00    0.00    0.00    0.00    0.00    0.00   97.00
15:16:06      15    0.00    0.00    0.00    0.00    0.00    1.02    0.00    0.00    0.00   98.98
15:16:06      16    0.00    0.00    1.00    0.00    0.00    0.00    0.00    0.00    0.00   99.00
15:16:06      17    1.00    0.00    0.00    0.00    0.00    0.00    0.00    0.00    0.00   99.00
15:16:06      18    0.00    0.00    0.00    0.00    0.00    0.00    0.00    0.00    0.00  100.00
15:16:06      19    0.00    0.00    0.99    0.00    0.00    0.00    0.00    0.00    0.00   99.01
15:16:06      20    2.00    0.00    0.00    0.00    0.00    0.00    0.00    0.00    0.00   98.00
15:16:06      21    1.01    0.00    0.00    0.00    0.00    0.00    0.00    0.00    0.00   98.99
15:16:06      22    3.03    0.00    0.00    0.00    0.00    0.00    0.00    0.00    0.00   96.97
15:16:06      23    3.00    0.00    2.00    0.00    0.00    0.00    0.00    0.00    0.00   95.00

15:16:06     CPU    %usr   %nice    %sys %iowait    %irq   %soft  %steal  %guest  %gnice   %idle
15:16:07     all    1.67    0.00    0.50    0.00    0.00    0.04    0.00    0.00    0.00   97.79
15:16:07       0    0.00    0.00    1.01    0.00    0.00    0.00    0.00    0.00    0.00   98.99
15:16:07       1    0.00    0.00    0.00    0.00    0.00    0.00    0.00    0.00    0.00  100.00
15:16:07       2    2.02    0.00    0.00    0.00    0.00    0.00    0.00    0.00    0.00   97.98
15:16:07       3    0.00    0.00    0.00    0.00    0.00    0.00    0.00    0.00    0.00  100.00
15:16:07       4    2.00    0.00    0.00    0.00    0.00    0.00    0.00    0.00    0.00   98.00
15:16:07       5    0.00    0.00    0.00    0.00    0.00    0.00    0.00    0.00    0.00  100.00
15:16:07       6    1.01    0.00    1.01    0.00    0.00    0.00    0.00    0.00    0.00   97.98
15:16:07       7    0.00    0.00    0.00    0.00    0.00    0.00    0.00    0.00    0.00  100.00
15:16:07       8   11.00    0.00    1.00    0.00    0.00    0.00    0.00    0.00    0.00   88.00
15:16:07       9    0.00    0.00    0.00    0.00    0.00    0.00    0.00    0.00    0.00  100.00
15:16:07      10    7.07    0.00    2.02    0.00    0.00    0.00    0.00    0.00    0.00   90.91
15:16:07      11    0.00    0.00    0.00    0.00    0.00    0.00    0.00    0.00    0.00  100.00
15:16:07      12    2.00    0.00    2.00    0.00    0.00    0.00    0.00    0.00    0.00   96.00
15:16:07      13    0.00    0.00    0.00    0.00    0.00    0.00    0.00    0.00    0.00  100.00
15:16:07      14    2.00    0.00    0.00    0.00    0.00    0.00    0.00    0.00    0.00   98.00
15:16:07      15    1.00    0.00    1.00    0.00    0.00    1.00    0.00    0.00    0.00   97.00
15:16:07      16    2.00    0.00    0.00    0.00    0.00    0.00    0.00    0.00    0.00   98.00
15:16:07      17    0.99    0.00    0.99    0.00    0.00    0.00    0.00    0.00    0.00   98.02
15:16:07      18    1.00    0.00    0.00    0.00    0.00    0.00    0.00    0.00    0.00   99.00
15:16:07      19    0.00    0.00    0.00    0.00    0.00    0.00    0.00    0.00    0.00  100.00
15:16:07      20    2.97    0.00    0.99    0.00    0.00    0.00    0.00    0.00    0.00   96.04
15:16:07      21    1.00    0.00    1.00    0.00    0.00    0.00    0.00    0.00    0.00   98.00
15:16:07      22    1.02    0.00    0.00    0.00    0.00    0.00    0.00    0.00    0.00   98.98
15:16:07      23    2.97    0.00    0.99    0.00    0.00    0.00    0.00    0.00    0.00   96.04

15:16:07     CPU    %usr   %nice    %sys %iowait    %irq   %soft  %steal  %guest  %gnice   %idle
15:16:08     all    1.42    0.00    0.25    0.00    0.00    0.04    0.00    0.00    0.00   98.29
15:16:08       0    0.00    0.00    0.00    0.00    0.00    0.00    0.00    0.00    0.00  100.00
15:16:08       1    0.00    0.00    0.00    0.00    0.00    0.00    0.00    0.00    0.00  100.00
15:16:08       2    3.00    0.00    2.00    0.00    0.00    0.00    0.00    0.00    0.00   95.00
15:16:08       3    0.00    0.00    0.00    0.00    0.00    0.00    0.00    0.00    0.00  100.00
15:16:08       4    2.00    0.00    0.00    0.00    0.00    0.00    0.00    0.00    0.00   98.00
15:16:08       5    0.00    0.00    0.00    0.00    0.00    0.00    0.00    0.00    0.00  100.00
15:16:08       6    1.98    0.00    0.99    0.00    0.00    0.00    0.00    0.00    0.00   97.03
15:16:08       7    0.00    0.00    0.00    0.00    0.00    0.00    0.00    0.00    0.00  100.00
15:16:08       8    6.06    0.00    0.00    0.00    0.00    0.00    0.00    0.00    0.00   93.94
15:16:08       9    0.00    0.00    0.00    0.00    0.00    0.00    0.00    0.00    0.00  100.00
15:16:08      10    5.05    0.00    1.01    0.00    0.00    0.00    0.00    0.00    0.00   93.94
15:16:08      11    0.00    0.00    0.00    0.00    0.00    0.00    0.00    0.00    0.00  100.00
15:16:08      12    2.00    0.00    0.00    0.00    0.00    0.00    0.00    0.00    0.00   98.00
15:16:08      13    0.00    0.00    0.00    0.00    0.00    0.00    0.00    0.00    0.00  100.00
15:16:08      14    2.00    0.00    1.00    0.00    0.00    0.00    0.00    0.00    0.00   97.00
15:16:08      15    0.00    0.00    0.00    0.00    0.00    1.02    0.00    0.00    0.00   98.98
15:16:08      16    1.01    0.00    0.00    0.00    0.00    0.00    0.00    0.00    0.00   98.99
15:16:08      17    2.02    0.00    0.00    0.00    0.00    0.00    0.00    0.00    0.00   97.98
15:16:08      18    1.00    0.00    0.00    0.00    0.00    0.00    0.00    0.00    0.00   99.00
15:16:08      19    1.00    0.00    0.00    0.00    0.00    0.00    0.00    0.00    0.00   99.00
15:16:08      20    2.00    0.00    0.00    0.00    0.00    0.00    0.00    0.00    0.00   98.00
15:16:08      21    1.00    0.00    0.00    0.00    0.00    0.00    0.00    0.00    0.00   99.00
15:16:08      22    2.00    0.00    1.00    0.00    0.00    0.00    0.00    0.00    0.00   97.00
15:16:08      23    2.00    0.00    0.00    0.00    0.00    0.00    0.00    0.00    0.00   98.00

15:16:08     CPU    %usr   %nice    %sys %iowait    %irq   %soft  %steal  %guest  %gnice   %idle
15:16:09     all    1.46    0.00    0.46    0.04    0.00    0.00    0.00    0.00    0.00   98.03
15:16:09       0    1.00    0.00    0.00    0.00    0.00    0.00    0.00    0.00    0.00   99.00
15:16:09       1    0.00    0.00    0.00    0.00    0.00    0.00    0.00    0.00    0.00  100.00
15:16:09       2    5.00    0.00    1.00    0.00    0.00    0.00    0.00    0.00    0.00   94.00
15:16:09       3    0.00    0.00    0.00    0.00    0.00    0.00    0.00    0.00    0.00  100.00
15:16:09       4    3.00    0.00    0.00    0.00    0.00    0.00    0.00    0.00    0.00   97.00
15:16:09       5    0.00    0.00    0.00    1.00    0.00    0.00    0.00    0.00    0.00   99.00
15:16:09       6    3.06    0.00    0.00    0.00    0.00    0.00    0.00    0.00    0.00   96.94
15:16:09       7    0.00    0.00    0.00    0.00    0.00    0.00    0.00    0.00    0.00  100.00
15:16:09       8    6.00    0.00    1.00    0.00    0.00    0.00    0.00    0.00    0.00   93.00
15:16:09       9    0.00    0.00    0.00    0.00    0.00    0.00    0.00    0.00    0.00  100.00
15:16:09      10    5.00    0.00    2.00    0.00    0.00    0.00    0.00    0.00    0.00   93.00
15:16:09      11    0.00    0.00    0.00    0.00    0.00    0.00    0.00    0.00    0.00  100.00
15:16:09      12    1.01    0.00    1.01    0.00    0.00    0.00    0.00    0.00    0.00   97.98
15:16:09      13    0.00    0.00    0.00    0.00    0.00    0.00    0.00    0.00    0.00  100.00
15:16:09      14    4.00    0.00    2.00    0.00    0.00    0.00    0.00    0.00    0.00   94.00
15:16:09      15    0.00    0.00    0.00    0.00    0.00    0.00    0.00    0.00    0.00  100.00
15:16:09      16    2.00    0.00    2.00    0.00    0.00    0.00    0.00    0.00    0.00   96.00
15:16:09      17    0.00    0.00    1.01    0.00    0.00    0.00    0.00    0.00    0.00   98.99
15:16:09      18    1.00    0.00    0.00    0.00    0.00    0.00    0.00    0.00    0.00   99.00
15:16:09      19    1.00    0.00    0.00    0.00    0.00    0.00    0.00    0.00    0.00   99.00
15:16:09      20    1.00    0.00    0.00    0.00    0.00    0.00    0.00    0.00    0.00   99.00
15:16:09      21    0.00    0.00    1.00    0.00    0.00    0.00    0.00    0.00    0.00   99.00
15:16:09      22    1.01    0.00    0.00    0.00    0.00    0.00    0.00    0.00    0.00   98.99
15:16:09      23    1.00    0.00    0.00    0.00    0.00    0.00    0.00    0.00    0.00   99.00

15:16:09     CPU    %usr   %nice    %sys %iowait    %irq   %soft  %steal  %guest  %gnice   %idle
15:16:10     all    1.67    0.00    0.46    0.13    0.00    0.13    0.00    0.00    0.00   97.62
15:16:10       0    1.00    0.00    0.00    0.00    0.00    0.00    0.00    0.00    0.00   99.00
15:16:10       1    0.00    0.00    0.00    0.00    0.00    0.00    0.00    0.00    0.00  100.00
15:16:10       2    1.00    0.00    1.00    0.00    0.00    0.00    0.00    0.00    0.00   98.00
15:16:10       3    0.00    0.00    0.00    0.00    0.00    0.00    0.00    0.00    0.00  100.00
15:16:10       4    2.00    0.00    1.00    0.00    0.00    0.00    0.00    0.00    0.00   97.00
15:16:10       5    0.00    0.00    0.00    0.00    0.00    0.00    0.00    0.00    0.00  100.00
15:16:10       6    2.94    0.00    0.98    0.00    0.00    0.00    0.00    0.00    0.00   96.08
15:16:10       7    0.00    0.00    0.00    0.00    0.00    0.00    0.00    0.00    0.00  100.00
15:16:10       8   10.10    0.00    1.01    0.00    0.00    0.00    0.00    0.00    0.00   88.89
15:16:10       9    0.00    0.00    0.00    0.00    0.00    0.00    0.00    0.00    0.00  100.00
15:16:10      10    7.07    0.00    2.02    1.01    0.00    0.00    0.00    0.00    0.00   89.90
15:16:10      11    0.00    0.00    0.00    1.00    0.00    0.00    0.00    0.00    0.00   99.00
15:16:10      12    2.00    0.00    1.00    0.00    0.00    0.00    0.00    0.00    0.00   97.00
15:16:10      13    0.00    0.00    0.00    0.00    0.00    0.00    0.00    0.00    0.00  100.00
15:16:10      14    1.01    0.00    0.00    0.00    0.00    0.00    0.00    0.00    0.00   98.99
15:16:10      15    0.00    0.00    0.00    0.00    0.00    2.02    0.00    0.00    0.00   97.98
15:16:10      16    1.01    0.00    0.00    1.01    0.00    0.00    0.00    0.00    0.00   97.98
15:16:10      17    2.02    0.00    0.00    0.00    0.00    0.00    0.00    0.00    0.00   97.98
15:16:10      18    1.01    0.00    1.01    0.00    0.00    0.00    0.00    0.00    0.00   97.98
15:16:10      19    0.00    0.00    0.00    0.00    0.00    0.00    0.00    0.00    0.00  100.00
15:16:10      20    2.02    0.00    0.00    0.00    0.00    0.00    0.00    0.00    0.00   97.98
15:16:10      21    1.96    0.00    0.98    0.00    0.00    0.98    0.00    0.00    0.00   96.08
15:16:10      22    2.00    0.00    1.00    0.00    0.00    0.00    0.00    0.00    0.00   97.00
15:16:10      23    3.00    0.00    1.00    0.00    0.00    0.00    0.00    0.00    0.00   96.00

15:16:10     CPU    %usr   %nice    %sys %iowait    %irq   %soft  %steal  %guest  %gnice   %idle
15:16:11     all    1.55    0.00    0.38    0.00    0.00    0.08    0.00    0.00    0.00   97.99
15:16:11       0    2.00    0.00    0.00    0.00    0.00    0.00    0.00    0.00    0.00   98.00
15:16:11       1    0.00    0.00    0.00    0.00    0.00    0.00    0.00    0.00    0.00  100.00
15:16:11       2    1.01    0.00    0.00    0.00    0.00    0.00    0.00    0.00    0.00   98.99
15:16:11       3    0.00    0.00    0.00    0.00    0.00    0.00    0.00    0.00    0.00  100.00
15:16:11       4    1.01    0.00    1.01    0.00    0.00    0.00    0.00    0.00    0.00   97.98
15:16:11       5    0.00    0.00    0.00    0.00    0.00    1.00    0.00    0.00    0.00   99.00
15:16:11       6    1.01    0.00    1.01    0.00    0.00    0.00    0.00    0.00    0.00   97.98
15:16:11       7    0.00    0.00    0.00    0.00    0.00    0.00    0.00    0.00    0.00  100.00
15:16:11       8    4.04    0.00    1.01    0.00    0.00    0.00    0.00    0.00    0.00   94.95
15:16:11       9    0.00    0.00    0.00    0.00    0.00    0.00    0.00    0.00    0.00  100.00
15:16:11      10   11.00    0.00    2.00    0.00    0.00    0.00    0.00    0.00    0.00   87.00
15:16:11      11    0.00    0.00    0.00    0.00    0.00    0.00    0.00    0.00    0.00  100.00
15:16:11      12    4.04    0.00    0.00    0.00    0.00    0.00    0.00    0.00    0.00   95.96
15:16:11      13    0.00    0.00    0.00    0.00    0.00    0.00    0.00    0.00    0.00  100.00
15:16:11      14    4.00    0.00    1.00    0.00    0.00    0.00    0.00    0.00    0.00   95.00
15:16:11      15    1.01    0.00    0.00    0.00    0.00    1.01    0.00    0.00    0.00   97.98
15:16:11      16    2.02    0.00    0.00    0.00    0.00    0.00    0.00    0.00    0.00   97.98
15:16:11      17    1.00    0.00    1.00    0.00    0.00    0.00    0.00    0.00    0.00   98.00
15:16:11      18    0.00    0.00    0.00    0.00    0.00    0.00    0.00    0.00    0.00  100.00
15:16:11      19    1.00    0.00    0.00    0.00    0.00    0.00    0.00    0.00    0.00   99.00
15:16:11      20    1.00    0.00    0.00    0.00    0.00    0.00    0.00    0.00    0.00   99.00
15:16:11      21    1.00    0.00    1.00    0.00    0.00    0.00    0.00    0.00    0.00   98.00
15:16:11      22    1.01    0.00    0.00    0.00    0.00    0.00    0.00    0.00    0.00   98.99
15:16:11      23    1.01    0.00    1.01    0.00    0.00    0.00    0.00    0.00    0.00   97.98

15:16:11     CPU    %usr   %nice    %sys %iowait    %irq   %soft  %steal  %guest  %gnice   %idle
15:16:12     all    1.79    0.00    0.54    0.00    0.00    0.08    0.00    0.00    0.00   97.58
15:16:12       0    1.01    0.00    0.00    0.00    0.00    0.00    0.00    0.00    0.00   98.99
15:16:12       1    0.00    0.00    0.00    0.00    0.00    0.00    0.00    0.00    0.00  100.00
15:16:12       2    1.00    0.00    0.00    0.00    0.00    0.00    0.00    0.00    0.00   99.00
15:16:12       3    0.00    0.00    0.00    0.00    0.00    0.00    0.00    0.00    0.00  100.00
15:16:12       4    5.05    0.00    1.01    0.00    0.00    0.00    0.00    0.00    0.00   93.94
15:16:12       5    0.00    0.00    0.00    0.00    0.00    0.00    0.00    0.00    0.00  100.00
15:16:12       6    1.00    0.00    0.00    0.00    0.00    0.00    0.00    0.00    0.00   99.00
15:16:12       7    0.00    0.00    0.00    0.00    0.00    0.00    0.00    0.00    0.00  100.00
15:16:12       8    8.00    0.00    2.00    0.00    0.00    0.00    0.00    0.00    0.00   90.00
15:16:12       9    0.00    0.00    0.00    0.00    0.00    0.00    0.00    0.00    0.00  100.00
15:16:12      10   11.00    0.00    1.00    0.00    0.00    0.00    0.00    0.00    0.00   88.00
15:16:12      11    0.00    0.00    0.00    0.00    0.00    0.00    0.00    0.00    0.00  100.00
15:16:12      12    2.00    0.00    2.00    0.00    0.00    0.00    0.00    0.00    0.00   96.00
15:16:12      13    0.00    0.00    0.00    0.00    0.00    0.00    0.00    0.00    0.00  100.00
15:16:12      14    3.96    0.00    0.99    0.00    0.00    0.00    0.00    0.00    0.00   95.05
15:16:12      15    0.00    0.00    0.00    0.00    0.00    2.02    0.00    0.00    0.00   97.98
15:16:12      16    1.00    0.00    1.00    0.00    0.00    0.00    0.00    0.00    0.00   98.00
15:16:12      17    1.00    0.00    1.00    0.00    0.00    0.00    0.00    0.00    0.00   98.00
15:16:12      18    2.00    0.00    1.00    0.00    0.00    0.00    0.00    0.00    0.00   97.00
15:16:12      19    1.00    0.00    1.00    0.00    0.00    0.00    0.00    0.00    0.00   98.00
15:16:12      20    1.00    0.00    1.00    0.00    0.00    0.00    0.00    0.00    0.00   98.00
15:16:12      21    1.00    0.00    0.00    0.00    0.00    0.00    0.00    0.00    0.00   99.00
15:16:12      22    2.04    0.00    0.00    0.00    0.00    0.00    0.00    0.00    0.00   97.96
15:16:12      23    0.99    0.00    0.99    0.00    0.00    0.00    0.00    0.00    0.00   98.02

15:16:12     CPU    %usr   %nice    %sys %iowait    %irq   %soft  %steal  %guest  %gnice   %idle
15:16:13     all    1.59    0.00    0.38    0.17    0.00    0.04    0.00    0.00    0.00   97.83
15:16:13       0    1.01    0.00    0.00    0.00    0.00    0.00    0.00    0.00    0.00   98.99
15:16:13       1    0.00    0.00    0.00    0.00    0.00    0.00    0.00    0.00    0.00  100.00
15:16:13       2    1.01    0.00    0.00    0.00    0.00    0.00    0.00    0.00    0.00   98.99
15:16:13       3    0.00    0.00    0.00    0.00    0.00    0.00    0.00    0.00    0.00  100.00
15:16:13       4    3.03    0.00    2.02    1.01    0.00    0.00    0.00    0.00    0.00   93.94
15:16:13       5    0.00    0.00    0.00    1.00    0.00    0.00    0.00    0.00    0.00   99.00
15:16:13       6    1.00    0.00    0.00    0.00    0.00    0.00    0.00    0.00    0.00   99.00
15:16:13       7    0.00    0.00    0.00    0.00    0.00    0.00    0.00    0.00    0.00  100.00
15:16:13       8    8.00    0.00    1.00    0.00    0.00    0.00    0.00    0.00    0.00   91.00
15:16:13       9    0.00    0.00    0.00    0.00    0.00    0.00    0.00    0.00    0.00  100.00
15:16:13      10   10.10    0.00    3.03    0.00    0.00    0.00    0.00    0.00    0.00   86.87
15:16:13      11    0.00    0.00    0.00    1.98    0.00    0.00    0.00    0.00    0.00   98.02
15:16:13      12    2.00    0.00    0.00    0.00    0.00    0.00    0.00    0.00    0.00   98.00
15:16:13      13    0.00    0.00    0.00    0.00    0.00    0.00    0.00    0.00    0.00  100.00
15:16:13      14    2.02    0.00    0.00    0.00    0.00    0.00    0.00    0.00    0.00   97.98
15:16:13      15    0.00    0.00    1.01    0.00    0.00    1.01    0.00    0.00    0.00   97.98
15:16:13      16    2.00    0.00    0.00    0.00    0.00    0.00    0.00    0.00    0.00   98.00
15:16:13      17    1.01    0.00    0.00    0.00    0.00    0.00    0.00    0.00    0.00   98.99
15:16:13      18    0.00    0.00    1.00    0.00    0.00    0.00    0.00    0.00    0.00   99.00
15:16:13      19    0.00    0.00    0.00    0.00    0.00    0.00    0.00    0.00    0.00  100.00
15:16:13      20    1.00    0.00    0.00    0.00    0.00    0.00    0.00    0.00    0.00   99.00
15:16:13      21    2.00    0.00    1.00    0.00    0.00    0.00    0.00    0.00    0.00   97.00
15:16:13      22    1.02    0.00    0.00    0.00    0.00    0.00    0.00    0.00    0.00   98.98
15:16:13      23    3.00    0.00    0.00    0.00    0.00    0.00    0.00    0.00    0.00   97.00

15:16:13     CPU    %usr   %nice    %sys %iowait    %irq   %soft  %steal  %guest  %gnice   %idle
15:16:14     all    1.38    0.00    0.46    0.00    0.00    0.08    0.00    0.00    0.00   98.08
15:16:14       0    0.00    0.00    0.00    0.00    0.00    0.00    0.00    0.00    0.00  100.00
15:16:14       1    0.00    0.00    0.00    0.00    0.00    0.00    0.00    0.00    0.00  100.00
15:16:14       2    2.97    0.00    1.98    0.00    0.00    0.00    0.00    0.00    0.00   95.05
15:16:14       3    0.00    0.00    0.00    0.00    0.00    0.00    0.00    0.00    0.00  100.00
15:16:14       4    2.00    0.00    1.00    0.00    0.00    0.00    0.00    0.00    0.00   97.00
15:16:14       5    0.00    0.00    0.00    0.00    0.00    0.00    0.00    0.00    0.00  100.00
15:16:14       6    2.02    0.00    0.00    0.00    0.00    0.00    0.00    0.00    0.00   97.98
15:16:14       7    0.00    0.00    0.00    0.00    0.00    0.00    0.00    0.00    0.00  100.00
15:16:14       8    5.00    0.00    1.00    0.00    0.00    0.00    0.00    0.00    0.00   94.00
15:16:14       9    0.00    0.00    0.00    0.00    0.00    0.00    0.00    0.00    0.00  100.00
15:16:14      10    6.12    0.00    1.02    0.00    0.00    0.00    0.00    0.00    0.00   92.86
15:16:14      11    0.00    0.00    0.00    0.00    0.00    0.00    0.00    0.00    0.00  100.00
15:16:14      12    6.00    0.00    1.00    0.00    0.00    0.00    0.00    0.00    0.00   93.00
15:16:14      13    0.00    0.00    0.00    0.00    0.00    0.00    0.00    0.00    0.00  100.00
15:16:14      14    2.00    0.00    1.00    0.00    0.00    0.00    0.00    0.00    0.00   97.00
15:16:14      15    0.00    0.00    0.00    0.00    0.00    2.04    0.00    0.00    0.00   97.96
15:16:14      16    0.00    0.00    1.00    0.00    0.00    0.00    0.00    0.00    0.00   99.00
15:16:14      17    1.00    0.00    0.00    0.00    0.00    0.00    0.00    0.00    0.00   99.00
15:16:14      18    1.00    0.00    0.00    0.00    0.00    0.00    0.00    0.00    0.00   99.00
15:16:14      19    1.00    0.00    0.00    0.00    0.00    0.00    0.00    0.00    0.00   99.00
15:16:14      20    0.00    0.00    0.00    0.00    0.00    0.00    0.00    0.00    0.00  100.00
15:16:14      21    2.00    0.00    2.00    0.00    0.00    0.00    0.00    0.00    0.00   96.00
15:16:14      22    1.98    0.00    0.99    0.00    0.00    0.00    0.00    0.00    0.00   97.03
15:16:14      23    0.00    0.00    0.00    0.00    0.00    0.00    0.00    0.00    0.00  100.00

15:16:14     CPU    %usr   %nice    %sys %iowait    %irq   %soft  %steal  %guest  %gnice   %idle
15:16:15     all    2.59    0.00    0.38    0.00    0.00    0.04    0.00    0.00    0.00   96.99
15:16:15       0    0.00    0.00    0.00    0.00    0.00    0.00    0.00    0.00    0.00  100.00
15:16:15       1    3.00    0.00    0.00    0.00    0.00    0.00    0.00    0.00    0.00   97.00
15:16:15       2    4.04    0.00    0.00    0.00    0.00    0.00    0.00    0.00    0.00   95.96
15:16:15       3    0.00    0.00    0.00    0.00    0.00    0.00    0.00    0.00    0.00  100.00
15:16:15       4    3.00    0.00    1.00    0.00    0.00    0.00    0.00    0.00    0.00   96.00
15:16:15       5    0.00    0.00    0.00    0.00    0.00    0.00    0.00    0.00    0.00  100.00
15:16:15       6    1.96    0.00    0.98    0.00    0.00    0.00    0.00    0.00    0.00   97.06
15:16:15       7    3.03    0.00    0.00    0.00    0.00    0.00    0.00    0.00    0.00   96.97
15:16:15       8    6.06    0.00    1.01    0.00    0.00    0.00    0.00    0.00    0.00   92.93
15:16:15       9    0.00    0.00    0.00    0.00    0.00    0.00    0.00    0.00    0.00  100.00
15:16:15      10    8.08    0.00    1.01    0.00    0.00    0.00    0.00    0.00    0.00   90.91
15:16:15      11    0.00    0.00    0.00    0.00    0.00    0.00    0.00    0.00    0.00  100.00
15:16:15      12    8.91    0.00    0.99    0.00    0.00    0.00    0.00    0.00    0.00   90.10
15:16:15      13    0.00    0.00    0.00    0.00    0.00    0.00    0.00    0.00    0.00  100.00
15:16:15      14    4.04    0.00    1.01    0.00    0.00    0.00    0.00    0.00    0.00   94.95
15:16:15      15    0.00    0.00    1.01    0.00    0.00    1.01    0.00    0.00    0.00   97.98
15:16:15      16    1.01    0.00    0.00    0.00    0.00    0.00    0.00    0.00    0.00   98.99
15:16:15      17    2.02    0.00    0.00    0.00    0.00    0.00    0.00    0.00    0.00   97.98
15:16:15      18    1.00    0.00    0.00    0.00    0.00    0.00    0.00    0.00    0.00   99.00
15:16:15      19    1.00    0.00    0.00    0.00    0.00    0.00    0.00    0.00    0.00   99.00
15:16:15      20    3.96    0.00    0.99    0.00    0.00    0.00    0.00    0.00    0.00   95.05
15:16:15      21    2.00    0.00    1.00    0.00    0.00    0.00    0.00    0.00    0.00   97.00
15:16:15      22    5.10    0.00    0.00    0.00    0.00    0.00    0.00    0.00    0.00   94.90
15:16:15      23    3.96    0.00    0.00    0.00    0.00    0.00    0.00    0.00    0.00   96.04

15:16:15     CPU    %usr   %nice    %sys %iowait    %irq   %soft  %steal  %guest  %gnice   %idle
15:16:16     all    1.67    0.00    0.42    0.00    0.00    0.04    0.00    0.00    0.00   97.87
15:16:16       0    0.00    0.00    1.00    0.00    0.00    0.00    0.00    0.00    0.00   99.00
15:16:16       1    0.00    0.00    0.00    0.00    0.00    0.00    0.00    0.00    0.00  100.00
15:16:16       2    3.00    0.00    1.00    0.00    0.00    0.00    0.00    0.00    0.00   96.00
15:16:16       3    0.00    0.00    0.00    0.00    0.00    0.00    0.00    0.00    0.00  100.00
15:16:16       4    4.00    0.00    0.00    0.00    0.00    0.00    0.00    0.00    0.00   96.00
15:16:16       5    0.00    0.00    0.00    0.00    0.00    0.00    0.00    0.00    0.00  100.00
15:16:16       6    2.02    0.00    0.00    0.00    0.00    0.00    0.00    0.00    0.00   97.98
15:16:16       7    0.00    0.00    0.00    0.00    0.00    0.00    0.00    0.00    0.00  100.00
15:16:16       8    8.08    0.00    1.01    0.00    0.00    0.00    0.00    0.00    0.00   90.91
15:16:16       9    0.00    0.00    0.00    0.00    0.00    0.00    0.00    0.00    0.00  100.00
15:16:16      10    7.92    0.00    0.99    0.00    0.00    0.00    0.00    0.00    0.00   91.09
15:16:16      11    0.00    0.00    0.00    0.00    0.00    0.00    0.00    0.00    0.00  100.00
15:16:16      12    2.00    0.00    1.00    0.00    0.00    0.00    0.00    0.00    0.00   97.00
15:16:16      13    0.00    0.00    0.00    0.00    0.00    0.00    0.00    0.00    0.00  100.00
15:16:16      14    3.00    0.00    0.00    0.00    0.00    0.00    0.00    0.00    0.00   97.00
15:16:16      15    1.00    0.00    1.00    0.00    0.00    1.00    0.00    0.00    0.00   97.00
15:16:16      16    2.00    0.00    1.00    0.00    0.00    0.00    0.00    0.00    0.00   97.00
15:16:16      17    1.00    0.00    1.00    0.00    0.00    0.00    0.00    0.00    0.00   98.00
15:16:16      18    1.01    0.00    0.00    0.00    0.00    0.00    0.00    0.00    0.00   98.99
15:16:16      19    0.00    0.00    0.00    0.00    0.00    0.00    0.00    0.00    0.00  100.00
15:16:16      20    1.00    0.00    0.00    0.00    0.00    0.00    0.00    0.00    0.00   99.00
15:16:16      21    1.00    0.00    1.00    0.00    0.00    0.00    0.00    0.00    0.00   98.00
15:16:16      22    2.00    0.00    0.00    0.00    0.00    0.00    0.00    0.00    0.00   98.00
15:16:16      23    0.99    0.00    0.99    0.00    0.00    0.00    0.00    0.00    0.00   98.02

15:16:16     CPU    %usr   %nice    %sys %iowait    %irq   %soft  %steal  %guest  %gnice   %idle
15:16:17     all    1.46    0.00    0.33    0.00    0.00    0.13    0.00    0.00    0.00   98.08
15:16:17       0    2.00    0.00    0.00    0.00    0.00    0.00    0.00    0.00    0.00   98.00
15:16:17       1    0.00    0.00    0.00    0.00    0.00    0.00    0.00    0.00    0.00  100.00
15:16:17       2    1.01    0.00    0.00    0.00    0.00    0.00    0.00    0.00    0.00   98.99
15:16:17       3    0.00    0.00    0.00    0.00    0.00    0.99    0.00    0.00    0.00   99.01
15:16:17       4    2.00    0.00    0.00    0.00    0.00    0.00    0.00    0.00    0.00   98.00
15:16:17       5    0.00    0.00    0.00    0.00    0.00    0.00    0.00    0.00    0.00  100.00
15:16:17       6    1.02    0.00    0.00    0.00    0.00    0.00    0.00    0.00    0.00   98.98
15:16:17       7    0.00    0.00    0.00    0.00    0.00    0.00    0.00    0.00    0.00  100.00
15:16:17       8    7.00    0.00    2.00    0.00    0.00    0.00    0.00    0.00    0.00   91.00
15:16:17       9    0.00    0.00    0.00    0.00    0.00    0.00    0.00    0.00    0.00  100.00
15:16:17      10   11.00    0.00    2.00    0.00    0.00    0.00    0.00    0.00    0.00   87.00
15:16:17      11    0.00    0.00    0.00    0.00    0.00    0.00    0.00    0.00    0.00  100.00
15:16:17      12    2.00    0.00    1.00    0.00    0.00    0.00    0.00    0.00    0.00   97.00
15:16:17      13    0.00    0.00    0.00    0.00    0.00    0.00    0.00    0.00    0.00  100.00
15:16:17      14    1.98    0.00    0.99    0.00    0.00    0.00    0.00    0.00    0.00   97.03
15:16:17      15    0.00    0.00    0.00    0.00    0.00    2.02    0.00    0.00    0.00   97.98
15:16:17      16    1.01    0.00    1.01    0.00    0.00    0.00    0.00    0.00    0.00   97.98
15:16:17      17    1.01    0.00    0.00    0.00    0.00    0.00    0.00    0.00    0.00   98.99
15:16:17      18    1.00    0.00    1.00    0.00    0.00    0.00    0.00    0.00    0.00   98.00
15:16:17      19    1.00    0.00    0.00    0.00    0.00    0.00    0.00    0.00    0.00   99.00
15:16:17      20    1.00    0.00    0.00    0.00    0.00    0.00    0.00    0.00    0.00   99.00
15:16:17      21    0.00    0.00    0.00    0.00    0.00    0.00    0.00    0.00    0.00  100.00
15:16:17      22    1.02    0.00    0.00    0.00    0.00    0.00    0.00    0.00    0.00   98.98
15:16:17      23    1.01    0.00    0.00    0.00    0.00    0.00    0.00    0.00    0.00   98.99

15:16:17     CPU    %usr   %nice    %sys %iowait    %irq   %soft  %steal  %guest  %gnice   %idle
15:16:18     all    1.50    0.00    0.50    0.25    0.00    0.04    0.00    0.00    0.00   97.71
15:16:18       0    1.00    0.00    1.00    0.00    0.00    0.00    0.00    0.00    0.00   98.00
15:16:18       1    0.00    0.00    0.00    0.00    0.00    0.00    0.00    0.00    0.00  100.00
15:16:18       2    1.98    0.00    1.98    0.00    0.00    0.00    0.00    0.00    0.00   96.04
15:16:18       3    0.00    0.00    0.00    0.00    0.00    0.00    0.00    0.00    0.00  100.00
15:16:18       4    3.00    0.00    1.00    0.00    0.00    0.00    0.00    0.00    0.00   96.00
15:16:18       5    0.00    0.00    0.00    0.00    0.00    0.00    0.00    0.00    0.00  100.00
15:16:18       6    1.96    0.00    0.98    0.98    0.00    0.00    0.00    0.00    0.00   96.08
15:16:18       7    0.00    0.00    0.00    0.00    0.00    0.00    0.00    0.00    0.00  100.00
15:16:18       8    3.03    0.00    1.01    1.01    0.00    0.00    0.00    0.00    0.00   94.95
15:16:18       9    0.00    0.00    0.00    0.00    0.00    0.00    0.00    0.00    0.00  100.00
15:16:18      10   10.00    0.00    2.00    0.00    0.00    0.00    0.00    0.00    0.00   88.00
15:16:18      11    0.00    0.00    0.00    2.00    0.00    0.00    0.00    0.00    0.00   98.00
15:16:18      12    4.04    0.00    0.00    0.00    0.00    0.00    0.00    0.00    0.00   95.96
15:16:18      13    0.99    0.00    0.00    0.99    0.00    0.00    0.00    0.00    0.00   98.02
15:16:18      14    0.00    0.00    1.02    0.00    0.00    0.00    0.00    0.00    0.00   98.98
15:16:18      15    0.00    0.00    1.01    0.00    0.00    1.01    0.00    0.00    0.00   97.98
15:16:18      16    1.98    0.00    0.99    0.99    0.00    0.00    0.00    0.00    0.00   96.04
15:16:18      17    2.00    0.00    0.00    0.00    0.00    0.00    0.00    0.00    0.00   98.00
15:16:18      18    1.00    0.00    0.00    0.00    0.00    0.00    0.00    0.00    0.00   99.00
15:16:18      19    0.00    0.00    0.00    0.00    0.00    0.00    0.00    0.00    0.00  100.00
15:16:18      20    2.00    0.00    0.00    0.00    0.00    0.00    0.00    0.00    0.00   98.00
15:16:18      21    0.00    0.00    0.00    0.00    0.00    0.00    0.00    0.00    0.00  100.00
15:16:18      22    1.02    0.00    0.00    0.00    0.00    0.00    0.00    0.00    0.00   98.98
15:16:18      23    1.98    0.00    0.99    0.00    0.00    0.00    0.00    0.00    0.00   97.03

15:16:18     CPU    %usr   %nice    %sys %iowait    %irq   %soft  %steal  %guest  %gnice   %idle
15:16:19     all    1.59    0.00    0.38    0.00    0.00    0.00    0.00    0.00    0.00   98.04
15:16:19       0    2.00    0.00    0.00    0.00    0.00    0.00    0.00    0.00    0.00   98.00
15:16:19       1    0.00    0.00    0.00    0.00    0.00    0.00    0.00    0.00    0.00  100.00
15:16:19       2    3.00    0.00    1.00    0.00    0.00    0.00    0.00    0.00    0.00   96.00
15:16:19       3    0.00    0.00    0.00    0.00    0.00    0.00    0.00    0.00    0.00  100.00
15:16:19       4    0.00    0.00    0.00    0.00    0.00    0.00    0.00    0.00    0.00  100.00
15:16:19       5    0.00    0.00    0.00    0.00    0.00    0.00    0.00    0.00    0.00  100.00
15:16:19       6    0.00    0.00    0.00    0.00    0.00    0.00    0.00    0.00    0.00  100.00
15:16:19       7    0.00    0.00    0.00    0.00    0.00    0.00    0.00    0.00    0.00  100.00
15:16:19       8    7.00    0.00    2.00    0.00    0.00    0.00    0.00    0.00    0.00   91.00
15:16:19       9    0.00    0.00    0.00    0.00    0.00    0.00    0.00    0.00    0.00  100.00
15:16:19      10    8.08    0.00    1.01    0.00    0.00    0.00    0.00    0.00    0.00   90.91
15:16:19      11    0.00    0.00    0.99    0.00    0.00    0.00    0.00    0.00    0.00   99.01
15:16:19      12    3.03    0.00    1.01    0.00    0.00    0.00    0.00    0.00    0.00   95.96
15:16:19      13    0.00    0.00    0.00    0.00    0.00    0.00    0.00    0.00    0.00  100.00
15:16:19      14    4.00    0.00    1.00    0.00    0.00    0.00    0.00    0.00    0.00   95.00
15:16:19      15    1.01    0.00    0.00    0.00    0.00    0.00    0.00    0.00    0.00   98.99
15:16:19      16    1.01    0.00    1.01    0.00    0.00    0.00    0.00    0.00    0.00   97.98
15:16:19      17    1.98    0.00    0.99    0.00    0.00    0.00    0.00    0.00    0.00   97.03
15:16:19      18    1.00    0.00    0.00    0.00    0.00    0.00    0.00    0.00    0.00   99.00
15:16:19      19    1.00    0.00    0.00    0.00    0.00    0.00    0.00    0.00    0.00   99.00
15:16:19      20    1.00    0.00    0.00    0.00    0.00    0.00    0.00    0.00    0.00   99.00
15:16:19      21    1.00    0.00    0.00    0.00    0.00    0.00    0.00    0.00    0.00   99.00
15:16:19      22    3.03    0.00    0.00    0.00    0.00    0.00    0.00    0.00    0.00   96.97
15:16:19      23    0.00    0.00    0.00    0.00    0.00    0.00    0.00    0.00    0.00  100.00

15:16:19     CPU    %usr   %nice    %sys %iowait    %irq   %soft  %steal  %guest  %gnice   %idle
15:16:20     all    1.46    0.00    0.46    0.00    0.00    0.08    0.00    0.00    0.00   97.99
15:16:20       0    1.02    0.00    0.00    0.00    0.00    0.00    0.00    0.00    0.00   98.98
15:16:20       1    0.00    0.00    0.00    0.00    0.00    0.00    0.00    0.00    0.00  100.00
15:16:20       2    2.02    0.00    0.00    0.00    0.00    0.00    0.00    0.00    0.00   97.98
15:16:20       3    0.00    0.00    0.00    0.00    0.00    0.00    0.00    0.00    0.00  100.00
15:16:20       4    2.00    0.00    0.00    0.00    0.00    0.00    0.00    0.00    0.00   98.00
15:16:20       5    0.00    0.00    0.00    0.00    0.00    0.00    0.00    0.00    0.00  100.00
15:16:20       6    1.00    0.00    1.00    0.00    0.00    0.00    0.00    0.00    0.00   98.00
15:16:20       7    0.00    0.00    0.00    0.00    0.00    0.00    0.00    0.00    0.00  100.00
15:16:20       8   10.10    0.00    1.01    0.00    0.00    0.00    0.00    0.00    0.00   88.89
15:16:20       9    0.00    0.00    0.00    0.00    0.00    0.00    0.00    0.00    0.00  100.00
15:16:20      10    5.05    0.00    1.01    0.00    0.00    0.00    0.00    0.00    0.00   93.94
15:16:20      11    0.00    0.00    0.00    0.00    0.00    0.00    0.00    0.00    0.00  100.00
15:16:20      12    2.94    0.00    0.98    0.00    0.00    0.00    0.00    0.00    0.00   96.08
15:16:20      13    0.00    0.00    0.00    0.00    0.00    0.00    0.00    0.00    0.00  100.00
15:16:20      14    1.01    0.00    3.03    0.00    0.00    0.00    0.00    0.00    0.00   95.96
15:16:20      15    0.00    0.00    0.00    0.00    0.00    2.04    0.00    0.00    0.00   97.96
15:16:20      16    1.01    0.00    1.01    0.00    0.00    0.00    0.00    0.00    0.00   97.98
15:16:20      17    1.01    0.00    0.00    0.00    0.00    0.00    0.00    0.00    0.00   98.99
15:16:20      18    0.00    0.00    0.00    0.00    0.00    0.00    0.00    0.00    0.00  100.00
15:16:20      19    0.00    0.00    0.00    0.00    0.00    0.00    0.00    0.00    0.00  100.00
15:16:20      20    2.00    0.00    1.00    0.00    0.00    0.00    0.00    0.00    0.00   97.00
15:16:20      21    0.00    0.00    1.00    0.00    0.00    0.00    0.00    0.00    0.00   99.00
15:16:20      22    3.03    0.00    1.01    0.00    0.00    0.00    0.00    0.00    0.00   95.96
15:16:20      23    3.00    0.00    0.00    0.00    0.00    0.00    0.00    0.00    0.00   97.00

15:16:20     CPU    %usr   %nice    %sys %iowait    %irq   %soft  %steal  %guest  %gnice   %idle
15:16:21     all    1.55    0.00    0.42    0.00    0.00    0.08    0.00    0.00    0.00   97.95
15:16:21       0    2.00    0.00    0.00    0.00    0.00    0.00    0.00    0.00    0.00   98.00
15:16:21       1    0.00    0.00    0.00    0.00    0.00    0.99    0.00    0.00    0.00   99.01
15:16:21       2    2.02    0.00    0.00    0.00    0.00    0.00    0.00    0.00    0.00   97.98
15:16:21       3    0.99    0.00    0.00    0.00    0.00    0.00    0.00    0.00    0.00   99.01
15:16:21       4    3.00    0.00    0.00    0.00    0.00    0.00    0.00    0.00    0.00   97.00
15:16:21       5    0.00    0.00    0.00    0.00    0.00    0.00    0.00    0.00    0.00  100.00
15:16:21       6    1.01    0.00    2.02    0.00    0.00    0.00    0.00    0.00    0.00   96.97
15:16:21       7    0.00    0.00    0.00    0.00    0.00    0.00    0.00    0.00    0.00  100.00
15:16:21       8    8.82    0.00    0.98    0.00    0.00    0.00    0.00    0.00    0.00   90.20
15:16:21       9    0.00    0.00    0.00    0.00    0.00    0.00    0.00    0.00    0.00  100.00
15:16:21      10    6.06    0.00    0.00    0.00    0.00    0.00    0.00    0.00    0.00   93.94
15:16:21      11    0.00    0.00    0.00    0.00    0.00    0.00    0.00    0.00    0.00  100.00
15:16:21      12    1.02    0.00    0.00    0.00    0.00    0.00    0.00    0.00    0.00   98.98
15:16:21      13    0.00    0.00    0.00    0.00    0.00    0.00    0.00    0.00    0.00  100.00
15:16:21      14    3.00    0.00    2.00    0.00    0.00    0.00    0.00    0.00    0.00   95.00
15:16:21      15    0.00    0.00    1.01    0.00    0.00    1.01    0.00    0.00    0.00   97.98
15:16:21      16    1.01    0.00    0.00    0.00    0.00    0.00    0.00    0.00    0.00   98.99
15:16:21      17    1.00    0.00    0.00    0.00    0.00    0.00    0.00    0.00    0.00   99.00
15:16:21      18    1.00    0.00    1.00    0.00    0.00    0.00    0.00    0.00    0.00   98.00
15:16:21      19    0.00    0.00    1.01    0.00    0.00    0.00    0.00    0.00    0.00   98.99
15:16:21      20    3.00    0.00    1.00    0.00    0.00    0.00    0.00    0.00    0.00   96.00
15:16:21      21    1.00    0.00    1.00    0.00    0.00    0.00    0.00    0.00    0.00   98.00
15:16:21      22    1.02    0.00    0.00    0.00    0.00    0.00    0.00    0.00    0.00   98.98
15:16:21      23    1.00    0.00    0.00    0.00    0.00    0.00    0.00    0.00    0.00   99.00

15:16:21     CPU    %usr   %nice    %sys %iowait    %irq   %soft  %steal  %guest  %gnice   %idle
15:16:22     all    2.08    0.00    0.46    0.00    0.00    0.13    0.00    0.00    0.00   97.33
15:16:22       0    1.00    0.00    0.00    0.00    0.00    0.00    0.00    0.00    0.00   99.00
15:16:22       1    0.00    0.00    0.00    0.00    0.00    0.00    0.00    0.00    0.00  100.00
15:16:22       2    4.95    0.00    0.00    0.00    0.00    0.00    0.00    0.00    0.00   95.05
15:16:22       3    0.00    0.00    0.00    0.00    0.00    0.00    0.00    0.00    0.00  100.00
15:16:22       4    0.99    0.00    0.99    0.00    0.00    0.99    0.00    0.00    0.00   97.03
15:16:22       5    0.00    0.00    0.00    0.00    0.00    0.00    0.00    0.00    0.00  100.00
15:16:22       6    2.00    0.00    1.00    0.00    0.00    0.00    0.00    0.00    0.00   97.00
15:16:22       7    0.00    0.00    0.00    0.00    0.00    0.00    0.00    0.00    0.00  100.00
15:16:22       8   12.24    0.00    1.02    0.00    0.00    0.00    0.00    0.00    0.00   86.73
15:16:22       9    0.00    0.00    0.00    0.00    0.00    0.00    0.00    0.00    0.00  100.00
15:16:22      10    4.00    0.00    1.00    0.00    0.00    0.00    0.00    0.00    0.00   95.00
15:16:22      11    1.01    0.00    0.00    0.00    0.00    0.00    0.00    0.00    0.00   98.99
15:16:22      12    5.00    0.00    1.00    0.00    0.00    0.00    0.00    0.00    0.00   94.00
15:16:22      13    0.00    0.00    0.00    0.00    0.00    0.00    0.00    0.00    0.00  100.00
15:16:22      14    1.01    0.00    1.01    0.00    0.00    0.00    0.00    0.00    0.00   97.98
15:16:22      15    1.00    0.00    0.00    0.00    0.00    2.00    0.00    0.00    0.00   97.00
15:16:22      16    3.00    0.00    1.00    0.00    0.00    0.00    0.00    0.00    0.00   96.00
15:16:22      17    1.00    0.00    1.00    0.00    0.00    0.00    0.00    0.00    0.00   98.00
15:16:22      18    1.01    0.00    0.00    0.00    0.00    0.00    0.00    0.00    0.00   98.99
15:16:22      19    1.00    0.00    0.00    0.00    0.00    0.00    0.00    0.00    0.00   99.00
15:16:22      20    3.96    0.00    0.00    0.00    0.00    0.00    0.00    0.00    0.00   96.04
15:16:22      21    1.98    0.00    0.99    0.00    0.00    0.00    0.00    0.00    0.00   97.03
15:16:22      22    3.03    0.00    1.01    0.00    0.00    0.00    0.00    0.00    0.00   95.96
15:16:22      23    1.98    0.00    0.99    0.00    0.00    0.00    0.00    0.00    0.00   97.03

15:16:22     CPU    %usr   %nice    %sys %iowait    %irq   %soft  %steal  %guest  %gnice   %idle
15:16:23     all    1.63    0.00    0.34    0.08    0.00    0.04    0.00    0.00    0.00   97.91
15:16:23       0    0.00    0.00    0.00    0.00    0.00    0.00    0.00    0.00    0.00  100.00
15:16:23       1    0.00    0.00    0.00    0.00    0.00    0.00    0.00    0.00    0.00  100.00
15:16:23       2    3.06    0.00    1.02    0.00    0.00    0.00    0.00    0.00    0.00   95.92
15:16:23       3    0.00    0.00    0.00    0.00    0.00    0.00    0.00    0.00    0.00  100.00
15:16:23       4    2.02    0.00    0.00    0.00    0.00    0.00    0.00    0.00    0.00   97.98
15:16:23       5    0.00    0.00    0.00    0.00    0.00    0.00    0.00    0.00    0.00  100.00
15:16:23       6    1.01    0.00    0.00    0.00    0.00    0.00    0.00    0.00    0.00   98.99
15:16:23       7    0.00    0.00    0.00    0.00    0.00    0.00    0.00    0.00    0.00  100.00
15:16:23       8    7.07    0.00    1.01    0.00    0.00    0.00    0.00    0.00    0.00   91.92
15:16:23       9    0.00    0.00    0.00    0.00    0.00    0.00    0.00    0.00    0.00  100.00
15:16:23      10    7.07    0.00    0.00    0.00    0.00    0.00    0.00    0.00    0.00   92.93
15:16:23      11    0.99    0.00    0.00    0.00    0.00    0.00    0.00    0.00    0.00   99.01
15:16:23      12    6.00    0.00    1.00    0.00    0.00    0.00    0.00    0.00    0.00   93.00
15:16:23      13    0.00    0.00    0.00    0.00    0.00    0.00    0.00    0.00    0.00  100.00
15:16:23      14    2.00    0.00    2.00    0.00    0.00    0.00    0.00    0.00    0.00   96.00
15:16:23      15    0.00    0.00    0.00    0.00    0.00    1.02    0.00    0.00    0.00   98.98
15:16:23      16    2.02    0.00    0.00    0.00    0.00    0.00    0.00    0.00    0.00   97.98
15:16:23      17    1.01    0.00    1.01    0.00    0.00    0.00    0.00    0.00    0.00   97.98
15:16:23      18    0.99    0.00    0.99    0.00    0.00    0.00    0.00    0.00    0.00   98.02
15:16:23      19    0.99    0.00    0.00    1.98    0.00    0.00    0.00    0.00    0.00   97.03
15:16:23      20    1.01    0.00    1.01    0.00    0.00    0.00    0.00    0.00    0.00   97.98
15:16:23      21    1.01    0.00    0.00    0.00    0.00    0.00    0.00    0.00    0.00   98.99
15:16:23      22    1.01    0.00    0.00    0.00    0.00    0.00    0.00    0.00    0.00   98.99
15:16:23      23    2.00    0.00    0.00    0.00    0.00    0.00    0.00    0.00    0.00   98.00

15:16:23     CPU    %usr   %nice    %sys %iowait    %irq   %soft  %steal  %guest  %gnice   %idle
15:16:24     all    1.79    0.00    0.50    0.00    0.00    0.12    0.00    0.00    0.00   97.58
15:16:24       0    1.00    0.00    0.00    0.00    0.00    0.00    0.00    0.00    0.00   99.00
15:16:24       1    0.00    0.00    0.00    0.00    0.00    0.00    0.00    0.00    0.00  100.00
15:16:24       2    2.97    0.00    0.99    0.00    0.00    0.00    0.00    0.00    0.00   96.04
15:16:24       3    0.00    0.00    0.00    0.00    0.00    0.00    0.00    0.00    0.00  100.00
15:16:24       4    1.98    0.00    0.99    0.00    0.00    0.00    0.00    0.00    0.00   97.03
15:16:24       5    0.00    0.00    0.00    0.00    0.00    0.00    0.00    0.00    0.00  100.00
15:16:24       6    3.00    0.00    0.00    0.00    0.00    0.00    0.00    0.00    0.00   97.00
15:16:24       7    0.98    0.00    0.00    0.00    0.00    0.98    0.00    0.00    0.00   98.04
15:16:24       8    7.00    0.00    3.00    0.00    0.00    0.00    0.00    0.00    0.00   90.00
15:16:24       9    0.00    0.00    0.00    0.00    0.00    0.00    0.00    0.00    0.00  100.00
15:16:24      10    7.92    0.00    1.98    0.00    0.00    0.99    0.00    0.00    0.00   89.11
15:16:24      11    0.00    0.00    0.00    0.00    0.00    0.00    0.00    0.00    0.00  100.00
15:16:24      12    4.95    0.00    0.00    0.00    0.00    0.00    0.00    0.00    0.00   95.05
15:16:24      13    0.00    0.00    0.00    0.00    0.00    0.00    0.00    0.00    0.00  100.00
15:16:24      14    1.98    0.00    0.99    0.00    0.00    0.00    0.00    0.00    0.00   97.03
15:16:24      15    0.00    0.00    1.02    0.00    0.00    1.02    0.00    0.00    0.00   97.96
15:16:24      16    1.00    0.00    0.00    0.00    0.00    0.00    0.00    0.00    0.00   99.00
15:16:24      17    0.00    0.00    0.00    0.00    0.00    0.00    0.00    0.00    0.00  100.00
15:16:24      18    1.01    0.00    0.00    0.00    0.00    0.00    0.00    0.00    0.00   98.99
15:16:24      19    1.00    0.00    0.00    0.00    0.00    0.00    0.00    0.00    0.00   99.00
15:16:24      20    2.00    0.00    1.00    0.00    0.00    0.00    0.00    0.00    0.00   97.00
15:16:24      21    1.01    0.00    0.00    0.00    0.00    0.00    0.00    0.00    0.00   98.99
15:16:24      22    2.02    0.00    0.00    0.00    0.00    0.00    0.00    0.00    0.00   97.98
15:16:24      23    3.00    0.00    2.00    0.00    0.00    0.00    0.00    0.00    0.00   95.00

15:16:24     CPU    %usr   %nice    %sys %iowait    %irq   %soft  %steal  %guest  %gnice   %idle
15:16:25     all    1.71    0.00    0.71    0.04    0.00    0.13    0.00    0.00    0.00   97.41
15:16:25       0    2.00    0.00    1.00    0.00    0.00    0.00    0.00    0.00    0.00   97.00
15:16:25       1    0.00    0.00    0.00    0.00    0.00    0.00    0.00    0.00    0.00  100.00
15:16:25       2    2.02    0.00    0.00    0.00    0.00    0.00    0.00    0.00    0.00   97.98
15:16:25       3    0.00    0.00    0.00    0.00    0.00    0.00    0.00    0.00    0.00  100.00
15:16:25       4    1.01    0.00    0.00    0.00    0.00    0.00    0.00    0.00    0.00   98.99
15:16:25       5    0.00    0.00    0.00    0.00    0.00    0.00    0.00    0.00    0.00  100.00
15:16:25       6    2.02    0.00    2.02    0.00    0.00    0.00    0.00    0.00    0.00   95.96
15:16:25       7    0.00    0.00    0.00    0.00    0.00    0.00    0.00    0.00    0.00  100.00
15:16:25       8    7.07    0.00    0.00    1.01    0.00    0.00    0.00    0.00    0.00   91.92
15:16:25       9    0.00    0.00    0.00    0.00    0.00    0.00    0.00    0.00    0.00  100.00
15:16:25      10    4.04    0.00    2.02    0.00    0.00    0.00    0.00    0.00    0.00   93.94
15:16:25      11    0.00    0.00    0.00    0.00    0.00    0.00    0.00    0.00    0.00  100.00
15:16:25      12    7.00    0.00    1.00    0.00    0.00    0.00    0.00    0.00    0.00   92.00
15:16:25      13    0.00    0.00    0.00    0.00    0.00    0.00    0.00    0.00    0.00  100.00
15:16:25      14    3.03    0.00    2.02    0.00    0.00    0.00    0.00    0.00    0.00   94.95
15:16:25      15    0.00    0.00    0.00    0.00    0.00    3.00    0.00    0.00    0.00   97.00
15:16:25      16    2.02    0.00    1.01    0.00    0.00    0.00    0.00    0.00    0.00   96.97
15:16:25      17    1.00    0.00    1.00    0.00    0.00    0.00    0.00    0.00    0.00   98.00
15:16:25      18    1.00    0.00    1.00    0.00    0.00    0.00    0.00    0.00    0.00   98.00
15:16:25      19    1.00    0.00    1.00    0.00    0.00    0.00    0.00    0.00    0.00   98.00
15:16:25      20    2.97    0.00    0.99    0.00    0.00    0.00    0.00    0.00    0.00   96.04
15:16:25      21    0.99    0.00    0.99    0.00    0.00    0.00    0.00    0.00    0.00   98.02
15:16:25      22    3.00    0.00    2.00    0.00    0.00    0.00    0.00    0.00    0.00   95.00
15:16:25      23    1.01    0.00    1.01    0.00    0.00    0.00    0.00    0.00    0.00   97.98

Average:     CPU    %usr   %nice    %sys %iowait    %irq   %soft  %steal  %guest  %gnice   %idle
Average:     all    1.95    0.00    0.46    0.03    0.00    0.07    0.00    0.00    0.00   97.49
Average:       0    1.74    0.00    0.46    0.01    0.00    0.01    0.00    0.00    0.00   97.78
Average:       1    0.10    0.00    0.01    0.00    0.00    0.01    0.00    0.00    0.00   99.87
Average:       2    2.19    0.00    0.58    0.03    0.00    0.01    0.00    0.00    0.00   97.19
Average:       3    0.15    0.00    0.03    0.01    0.00    0.02    0.00    0.00    0.00   99.79
Average:       4    2.34    0.00    0.58    0.02    0.00    0.02    0.00    0.00    0.00   97.04
Average:       5    0.12    0.00    0.04    0.03    0.00    0.01    0.00    0.00    0.00   99.80
Average:       6    2.38    0.00    0.75    0.02    0.00    0.01    0.00    0.00    0.00   96.84
Average:       7    0.14    0.00    0.02    0.01    0.00    0.01    0.00    0.00    0.00   99.82
Average:       8    7.97    0.00    1.29    0.04    0.00    0.01    0.00    0.00    0.00   90.69
Average:       9    1.30    0.00    0.06    0.02    0.00    0.01    0.00    0.00    0.00   98.61
Average:      10    7.47    0.00    1.30    0.02    0.00    0.01    0.00    0.00    0.00   91.20
Average:      11    1.24    0.00    0.09    0.16    0.00    0.01    0.00    0.00    0.00   98.50
Average:      12    3.79    0.00    0.74    0.02    0.00    0.01    0.00    0.00    0.00   95.45
Average:      13    0.05    0.00    0.01    0.12    0.00    0.01    0.00    0.00    0.00   99.80
Average:      14    2.88    0.00    0.71    0.03    0.00    0.00    0.00    0.00    0.00   96.38
Average:      15    0.45    0.00    0.49    0.01    0.00    1.45    0.00    0.00    0.00   97.60
Average:      16    1.82    0.00    0.71    0.04    0.00    0.00    0.00    0.00    0.00   97.44
Average:      17    1.54    0.00    0.57    0.01    0.00    0.00    0.00    0.00    0.00   97.88
Average:      18    1.13    0.00    0.41    0.04    0.00    0.00    0.00    0.00    0.00   98.42
Average:      19    0.86    0.00    0.30    0.02    0.00    0.00    0.00    0.00    0.00   98.82
Average:      20    1.87    0.00    0.45    0.01    0.00    0.00    0.00    0.00    0.00   97.67
Average:      21    1.40    0.00    0.45    0.00    0.00    0.02    0.00    0.00    0.00   98.13
Average:      22    1.99    0.00    0.49    0.01    0.00    0.00    0.00    0.00    0.00   97.51
Average:      23    1.98    0.00    0.49    0.01    0.00    0.00    0.00    0.00    0.00   97.52
