:020000040800F2
:100000000000022061930008E5910008ED910008CE
:10001000059200081D9200083592000800000000BB
:100020000000000000000000000000004D920008E9
:100030005B920008000000006992000877920008B7
:10004000B5930008B5930008B5930008B593000870
:10005000B5930008B5930008B5930008B593000860
:10006000B5930008B5930008B5930008B593000850
:10007000B5930008B5930008B5930008B593000840
:10008000B5930008B5930008B59300088592000861
:1000900099920008B5930008B5930008B59300083D
:1000A000B5930008B5930008B5930008B593000810
:1000B000B5930008B5930008B5930008B593000800
:1000C000B5930008B5930008B5930008B5930008F0
:1000D000B5930008AD920008B5930008B5930008E9
:1000E000B5930008B593000800000000B593000820
:1000F000B5930008B5930008B5930008B5930008C0
:10010000B5930008B5930008B5930008B5930008AF
:10011000B5930008B5930008B5930008B59300089F
:10012000B5930008B5930008B5930008B59300088F
:10013000B5930008B5930008B5930008B59300087F
:1001400000000000000000000000000000000000AF
:10015000B5930008B5930008B5930008B59300085F
:10016000B5930008B5930008B5930008B59300084F
:10017000B5930008B5930008B5930008000000008F
:10018000B5930008B5930008B5930008B59300082F
:10019000B5930008B5930008B5930008B59300081F
:1001A000B5930008B5930008B5930008B59300080F
:1001B000B5930008B5930008B5930008B5930008FF
:1001C000B5930008B5930008B5930008B5930008EF
:1001D000B5930008B5930008B5930008B5930008DF
:1001E000B5930008B5930008B5930008B5930008CF
:1001F000B5930008B5930008B5930008B5930008BF
:10020000B5930008B5930008B5930008B5930008AE
:10021000B5930008B5930008B5930008B59300089E
:10022000B5930008B5930008B593000800000000DE
:10023000B5930008B593000800000000B5930008CE
:10024000B5930008B5930008B5930008B59300086E
:10025000B5930008B5930008B5930008B59300085E
:10026000B5930008B5930008B5930008B59300084E
:10027000B5930008B5930008B5930008000000008E
:10028000B5930008B5930008B5930008000000007E
:0802900000000000B593000816
:1002A00010B5054C237833B9044B13B10448AFF3B0
:1002B00000800123237010BD6800002000000000B2
:1002C0002C25010808B5034B1BB103490348AFF3C4
:1002D000008008BD000000006C0000202C250108F3
:1002E00053B94AB9002908BF00281CBF4FF0FF319D
:1002F0004FF0FF3000F088B9ADF1080C6DE904CE85
:1003000000F006F8DDF804E0DDE9022304B07047F0
:100310002DE9F047089D0F4604468C46002B48D136
:100320008A42164661D9B2FA82F34BB1C3F1200278
:1003300001FA03FC20FA02F29E4042EA0C0C9C40B7
:100340004FEA164EB7B2BCFBFEF1220C0EFB11CCED
:1003500042EA0C4201FB07F0904209D9B21801F1C0
:10036000FF3C80F0EE80904240F2EB800239324454
:10037000121AA4B2B2FBFEF00EFB102244EA0244B1
:1003800000FB07F7A74209D9341900F1FF3280F0CA
:10039000DA80A74240F2D7803444023840EA014074
:1003A000E41B00211DB1DC400023C5E90043BDE88A
:1003B000F0878B4206D90DB1C5E90001002108463E
:1003C000BDE8F087B3FA83F1002948D1BB4202D3DC
:1003D000824200F20781841A67EB030201209446EF
:1003E000002DE4D0C5E9004CE1E7002A00F092803E
:1003F000B2FA82F3002B40F0A8808A1A4FEA164E18
:100400001FFA86FC0121200CB2FBFEF70EFB17221F
:1004100040EA02420CFB07F0904207D9B21807F1FC
:10042000FF3802D2904200F2E2804746121AA4B28C
:10043000B2FBFEF00EFB102244EA02440CFB00FC6F
:10044000A44507D9341900F1FF3202D2A44500F2C5
:10045000CB801046A4EB0C0440EA0740A2E7C1F1B0
:1004600020068B4022FA06FC4CEA030C07FA01F442
:1004700020FA06F3F7404FEA1C49234300FA01F83B
:100480001FFA8CFEB7FBF9F01C0C09FB107744EA4D
:10049000074400FB0EF7A74202FA01F20AD91CEB4F
:1004A000040400F1FF3A80F09B80A74240F298805C
:1004B00002386444E41B9FB2B4FBF9F309FB134414
:1004C00047EA044403FB0EFEA64509D91CEB0404CD
:1004D00003F1FF3780F08280A6457FD9023B644458
:1004E00043EA0040A4EB0E04A0FB02E7BC427346C3
:1004F000B94663D360D05DB1B8EB030264EB090485
:1005000004FA06F622FA01F31E43CC40C5E9006462
:1005100000214CE76208480842EAC1710B0C43EA2B
:1005200000438AB242EA0342B3FBF6F1E407B44661
:100530003746B6461F23B0FBF6F0D21B41EA004116
:1005400061E7614614E7104628E7C3F1200120FA6D
:1005500001F29E4027FA01F19F403A434FEA164EBE
:100560001FFA86FCB1FBFEF70EFB1710110C41EAD7
:10057000004107FB0CF8884504FA03F43AD97118D6
:1005800007F1FF3001D288451FD8A1EB0801B1FB6C
:10059000FEF808FB0CF70EFB181192B242EA01427A
:1005A000BA422FD2B21808F1FF31C6D2BA42C4D231
:1005B000A8F102013244C0E7F0459CD2BEEB020331
:1005C00067EB0C070138B94695E7A6EB08084144EC
:1005D000B81EB1FBFEF808FB0CF7DCE73B467FE7F3
:1005E000504667E70846FBE63444023832E7023FEC
:1005F00032441BE7A1EB08013846B1FBFEF808FBCB
:100600000CF7C8E7414698E7704700BF00000000BC
:1006100001F0FF01102A2BDB10F0070F08D010F8B3
:10062000013B013A8B422DD010F0070F42B3F6D1B7
:10063000F0B441EA012141EA014122F007047FF0D0
:1006400000070023F0E80256083C85EA010586EA27
:10065000010685FA47F5A3FA87F586FA47F6A5FA63
:1006600087F68EB9EED1F0BC01F0FF0102F007026F
:1006700032B110F8013B013A83EA010313B1F8D11A
:100680000020704701387047002D06BF35460338FB
:10069000073815F0010F07D1013015F4807F02BF34
:1006A000013015F4C03F0130F0BC0138704700BF85
:1006B00080B400AF434BD3F88830424A43F4700310
:1006C000C2F88830404B1B6803F00F03062B07D895
:1006D0003D4B1B6823F00F033B4A43F007031360B5
:1006E0003A4B1B68394A43F001031360374B002231
:1006F0001A61364B1A683549354B13400B60324B43
:100700001B6803F00803002B07D02F4B1B6823F056
:100710000F032D4A43F0070313602C4B00229A610C
:100720002A4B0022DA61294B00221A62274B294A00
:100730009A62264B284ADA62244B284A1A63234BD2
:1007400000225A63214B254A9A63204B0022DA6328
:100750001E4B224A1A641D4B00225A641B4B1B6815
:100760001A4A23F480231360184B00221A661C4B8C
:100770001A681C4B1340B3F1005F02D21A4B0122DE
:100780001A60124BD3F8D43003F48053002B13D1EA
:100790000E4BD3F8D4300D4A43F48053C2F8D43012
:1007A000124B43F2D2021A60084BD3F8D430074AF6
:1007B00023F48053C2F8D43000BFBD465DF8047BFB
:1007C000704700BF00ED00E00020005200440258D6
:1007D0007FEDF6EA000202020000FF018002010143
:1007E0000010005C0000FFFF088100510040005233
:1007F000044BDA6842F00202DA605A689204FCD5CF
:10080000704700BF0048025880B485B000AF7860E0
:100810007B6803F00703FB600B4BDB68BB60BA68C7
:100820004FF6FF031340BB60FB681A02BB681A4314
:10083000064B1343BB60044ABB68D36000BF143748
:10084000BD465DF8047B704700ED00E00000FA054E
:1008500080B400AF044BDB681B0A03F007031846A3
:10086000BD465DF8047B704700ED00E080B483B0C6
:1008700000AF0346FB80B7F90630002B0BDBFB888B
:1008800003F01F020749B7F906305B09012000FA9F
:1008900002F241F8232000BF0C37BD465DF8047B0F
:1008A000704700BF00E100E080B483B000AF0346B2
:1008B0003960FB80B7F90630002B0ADB3B68DAB2FF
:1008C0000C49B7F906301201D2B20B4483F8002369
:1008D0000AE03B68DAB20849FB8803F00F03043BE7
:1008E0001201D2B20B441A7600BF0C37BD465DF838
:1008F000047B704700E100E000ED00E080B489B0C7
:1009000000AFF860B9607A60FB6803F00703FB6131
:10091000FB69C3F10703042B28BF0423BB61FB69F8
:100920000433062B02D9FB69033B00E000237B6103
:100930004FF0FF32BB6902FA03F3DA43BB681A4097
:100940007B699A404FF0FF317B6901FA03F3D94389
:100950007B680B40134318462437BD465DF8047B83
:100960007047000080B582B000AF78607B68013BC3
:10097000B3F1807F01D301230FE00A4A7B68013B7A
:1009800053600F214FF0FF30FFF78EFF054B002221
:100990009A60044B07221A60002318460837BD46A8
:1009A00080BD00BF10E000E080B582B000AF78608D
:1009B0007868FFF729FF00BF0837BD4680BD80B5C6
:1009C00086B000AF0346B9607A60FB81FFF740FF55
:1009D00078617A68B9687869FFF790FF0246B7F9DD
:1009E0000E3011461846FFF75FFF00BF1837BD46AF
:1009F00080BD80B582B000AF0346FB80B7F90630FA
:100A00001846FFF733FF00BF0837BD4680BD80B5ED
:100A100082B000AF78607868FFF7A4FF03461846FD
:100A20000837BD4680BD000080B400AFBFF35F8FC4
:100A300000BF074B5B6A064A23F480335362054BC1
:100A400000225A6000BFBD465DF8047B704700BFBE
:100A500000ED00E090ED00E080B483B000AF78607E
:100A60000B4A7B6843F0010353600A4B5B6A094AF7
:100A700043F480335362BFF34F8F00BFBFF36F8FD8
:100A800000BF00BF0C37BD465DF8047B704700BF58
:100A900090ED00E000ED00E080B483B000AF78603E
:100AA0007B685A781B4B9A601A4B1B69194A23F0D2
:100AB00001031361174A7B685B68D3607B681B7B0B
:100AC0001A077B68DB7A1B061A437B689B7ADB0478
:100AD0001A437B685B7B9B041A437B689B7B5B04AC
:100AE0001A437B68DB7B1B041A437B685B7A1B021F
:100AF0001A437B681B7A5B0013437A6812781146AD
:100B0000044A0B43136100BF0C37BD465DF8047BFC
:100B1000704700BF90ED00E080B58CB000AF78600A
:100B20007B68002B02D1012300F048BC7B681B6866
:100B300003F00103002B00F08880994B1B6903F040
:100B40003803FB62964B9B6ABB62FB6A102B07D093
:100B5000FB6A182B11D1BB6A03F00303022B0CD1E3
:100B60008F4B1B6803F40033002B6DD07B685B68F0
:100B7000002B69D1012300F021BC7B685B68B3F5D1
:100B8000803F06D1864B1B68854A43F4803313604F
:100B90002EE07B685B68002B0CD1814B1B68804A80
:100BA00023F4803313607E4B1B687D4A23F480233B
:100BB00013601DE07B685B68B3F5A02F0CD1784B08
:100BC0001B68774A43F480231360754B1B68744A93
:100BD00043F4803313600BE0714B1B68704A23F4BD
:100BE000803313606E4B1B686D4A23F480231360BF
:100BF0007B685B68002B13D003F058FE786208E036
:100C000003F054FE02467B6AD31A642B01D90323F6
:100C1000D4E3634B1B6803F40033002BF0D014E0E3
:100C200003F044FE786208E003F040FE02467B6A6F
:100C3000D31A642B01D90323C0E3594B1B6803F477
:100C40000033002BF0D100E000BF7B681B6803F08D
:100C50000203002B00F0CA80514B1B6903F03803DC
:100C60003B624F4B9B6AFB613B6A002B07D03B6AA0
:100C7000182B56D1FB6903F00303002B51D1484BCD
:100C80001B6803F00403002B05D07B68DB68002B96
:100C900001D1012392E3424B1B6823F019027B68C8
:100CA000DB683F4913430B6003F000FE786208E005
:100CB00003F0FCFD02467B6AD31A022B01D9032301
:100CC0007CE3374B1B6803F00403002BF0D003F0E8
:100CD000F9FD034641F20302934217D87B681B6972
:100CE000402B08D12E4B5B6823F47C332C4A43F411
:100CF000003353607AE02A4B5B6823F47C327B68D4
:100D00001B691B03264913434B606FE0244B5B6850
:100D100023F0FE427B681B691B06214913434B608D
:100D200064E07B68DB68002B47D01D4B1B6823F019
:100D300019027B68DB681A4913430B6003F0B6FDA8
:100D4000786208E003F0B2FD02467B6AD31A022BF8
:100D500001D9032332E3124B1B6803F00403002B79
:100D6000F0D003F0AFFD034641F20302934219D8DD
:100D70007B681B69402B08D1094B5B6823F47C33EB
:100D8000074A43F40033536030E0054B5B6823F4BB
:100D90007C327B681B691B03014913434B6025E0D0
:100DA000004402589A4B5B6823F0FE427B681B6943
:100DB0001B06974913434B6018E0954B1B68944AF8
:100DC00023F00103136003F071FD786208E003F083
:100DD0006DFD02467B6AD31A022B01D90323EDE293
:100DE0008B4B1B6803F00403002BF0D17B681B685E
:100DF00003F01003002B00F0A980854B1B6903F062
:100E00003803BB61824B9B6A7B61BB69082B07D0AF
:100E1000BB69182B3AD17B6903F00303012B35D151
:100E20007B4B1B6803F48073002B05D07B68DB6968
:100E3000802B01D00123C1E203F044FD034641F2BF
:100E40000302934217D87B681B6A202B08D1704B92
:100E50005B6823F0F8436E4A43F08043536075E0CB
:100E60006B4B5B6823F0F8427B681B6A9B06684902
:100E700013434B606AE0664BDB6823F07C527B686F
:100E80001B6A1B0662491343CB605FE07B68DB692A
:100E9000002B42D05E4B1B685D4A43F08003136019
:100EA00003F004FD786208E003F000FD02467B6A6F
:100EB000D31A022B01D9032380E2554B1B6803F49C
:100EC0008073002BF0D003F0FDFC034641F20302D7
:100ED000934217D87B681B6A202B08D14C4B5B6868
:100EE00023F0F8434A4A43F0804353602EE0484BD6
:100EF0005B6823F0F8427B681B6A9B0644491343F6
:100F00004B6023E0424BDB6823F07C527B681B6A1A
:100F10001B063F491343CB6018E03D4B1B683C4A1E
:100F200023F08003136003F0C1FC786208E003F053
:100F3000BDFC02467B6AD31A022B01D903233DE292
:100F4000334B1B6803F48073002BF0D17B681B6864
:100F500003F00803002B36D07B685B69002B19D0A7
:100F60002B4B5B6F2A4A43F00103536703F09EFC4F
:100F7000786208E003F09AFC02467B6AD31A022BDF
:100F800001D903231AE2224B5B6F03F00203002B0B
:100F9000F0D018E01E4B5B6F1D4A23F0010353672E
:100FA00003F084FC786208E003F080FC02467B6A70
:100FB000D31A022B01D9032300E2154B5B6F03F018
:100FC0000203002BF0D17B681B6803F02003002B89
:100FD00039D07B689B69002B1CD00D4B1B680C4AD9
:100FE00043F48053136003F061FC786208E003F07F
:100FF0005DFC02467B6AD31A022B01D90323DDE193
:10100000034B1B6803F40053002BF0D01BE000BF20
:10101000004402589B4B1B689A4A23F48053136088
:1010200003F044FC786208E003F040FC02467B6A6F
:10103000D31A022B01D90323C0E1924B1B6803F49E
:101040000053002BF0D17B681B6803F00403002BD6
:1010500000F081808C4B1B688B4A43F480731360D3
:1010600003F024FC786208E003F020FC02467B6A6F
:10107000D31A642B01D90323A0E1834B1B6803F42B
:101080008073002BF0D07B689B68012B06D17D4BD1
:101090001B6F7C4A43F0010313672DE07B689B685C
:1010A000002B0CD1774B1B6F764A23F0010313679B
:1010B000744B1B6F734A23F0040313671CE07B68B7
:1010C0009B68052B0CD16F4B1B6F6E4A43F00403DA
:1010D00013676C4B1B6F6B4A43F0010313670BE004
:1010E000684B1B6F674A23F001031367654B1B6F47
:1010F000644A23F0040313677B689B68002B15D0B8
:1011000003F0D4FB78620AE003F0D0FB02467B6A6E
:10111000D31A41F28832934201D903234EE1594B4D
:101120001B6F03F00203002BEED014E003F0BEFBB4
:1011300078620AE003F0BAFB02467B6AD31A41F2F6
:101140008832934201D9032338E14E4B1B6F03F0E1
:101150000203002BEED17B685B6A002B00F02D812F
:10116000484B1B6903F03803182B00F0BD807B68E7
:101170005B6A022B40F09E80424B1B68414A23F081
:101180008073136003F092FB786208E003F08EFB3B
:1011900002467B6AD31A022B01D903230EE1394B95
:1011A0001B6803F00073002BF0D1364B9A6A374B63
:1011B00013407A68916A7A68D26A12010A43314907
:1011C00013438B627B681B6B013BC3F308027B6894
:1011D0005B6B013B5B029BB21A437B689B6B013BE1
:1011E0001B0403F4FE031A437B68DB6B013B1B0605
:1011F00003F0FE43234913430B63224BDB6A214A6E
:1012000023F00103D3621F4B5A6B214B13407A68C2
:10121000926CD2001B4913434B631A4BDB6A23F0D9
:101220000C027B681B6C17491343CB62154BDB6ABE
:1012300023F002027B685B6C12491343CB62114BB3
:10124000DB6A104A43F48033D3620E4BDB6A0D4AEB
:1012500043F40033D3620B4BDB6A0A4A43F4802326
:10126000D362084BDB6A074A43F00103D362054BA4
:101270001B68044A43F08073136003F017FB786225
:1012800011E000BF00440258004802580CFCFFFF68
:101290000700FFFF03F00AFB02467B6AD31A022B0A
:1012A00001D903238AE0474B1B6803F00073002B2E
:1012B000F0D082E0434B1B68424A23F080731360F6
:1012C00003F0F4FA786208E003F0F0FA02467B6A71
:1012D000D31A022B01D9032370E03A4B1B6803F0A9
:1012E0000073002BF0D168E0364B9B6A3B61354BB5
:1012F0001B6BFB607B685B6A012B31D03B6903F0A1
:1013000003027B689B6A9A422AD13B691B0903F05E
:101310003F027B68DB6A9A4222D1FB68C3F3080272
:101320007B681B6B013B9A421AD1FB685B0A03F096
:101330007F027B685B6B013B9A4211D1FB681B0CFF
:1013400003F07F027B689B6B013B9A4208D1FB68EC
:101350001B0E03F07F027B68DB6B013B9A4201D0DE
:1013600001232BE0174B5B6BDB08C3F30C033B61E2
:101370007B689B6C3A699A421FD0124BDB6A114A18
:1013800023F00103D36203F091FA786200BF03F007
:101390008DFA02467B6A9342F9D00A4B5A6B0A4B8C
:1013A00013407A68926CD200064913434B63054B95
:1013B000DB6A044A43F00103D36200231846303746
:1013C000BD4680BD004402580700FFFF80B586B0CF
:1013D00000AF786039607B68002B01D101239CE16C
:1013E0008A4B1B6803F00F033A689A4210D9874B67
:1013F0001B6823F00F0285493B6813430B60834B46
:101400001B6803F00F033A689A4201D0012384E17C
:101410007B681B6803F00403002B10D07B681A69FB
:101420007B4B9B6903F070039A4208D9784B9B6908
:1014300023F070027B681B69754913438B617B68DD
:101440001B6803F00803002B10D07B685A69704BAF
:10145000DB6903F070039A4208D96D4BDB6923F016
:1014600070027B685B696A491343CB617B681B68C8
:1014700003F01003002B10D07B689A69644BDB6982
:1014800003F4E0639A4208D9614BDB6923F4E0621C
:101490007B689B695E491343CB617B681B6803F0E3
:1014A0002003002B10D07B68DA69594B1B6A03F0CC
:1014B00070039A4208D9564B1B6A23F070027B686E
:1014C000DB69534913430B627B681B6803F002031B
:1014D000002B10D07B68DA684D4B9B6903F00F033B
:1014E0009A4208D94A4B9B6923F00F027B68DB685C
:1014F000474913438B617B681B6803F00103002B92
:1015000055D0434B9B6923F470627B689B684049CC
:1015100013438B617B685B68022B07D13C4B1B68D4
:1015200003F40033002B21D10123F6E07B685B68D4
:10153000032B07D1364B1B6803F00073002B15D12A
:101540000123EAE07B685B68012B07D1304B1B6805
:1015500003F48073002B09D10123DEE02C4B1B68C0
:1015600003F00403002B01D10123D6E0284B1B69B3
:1015700023F007027B685B68254913430B6103F086
:1015800095F978610AE003F091F902467B69D31A74
:1015900041F28832934201D90323BEE01C4B1B6900
:1015A00003F038027B685B68DB009A42EBD17B6812
:1015B0001B6803F00203002B10D07B68DA68144B21
:1015C0009B6903F00F039A4208D2114B9B6923F0E9
:1015D0000F027B68DB680E4913438B610B4B1B6862
:1015E00003F00F033A689A4214D2084B1B6823F0A9
:1015F0000F0206493B6813430B60044B1B6803F062
:101600000F033A689A4205D0012386E00020005279
:10161000004402587B681B6803F00403002B10D0C1
:101620007B681A693F4B9B6903F070039A4208D2AA
:101630003C4B9B6923F070027B681B69394913435B
:101640008B617B681B6803F00803002B10D07B685C
:101650005A69344BDB6903F070039A4208D2314B6C
:10166000DB6923F070027B685B692E491343CB6111
:101670007B681B6803F01003002B10D07B689A690D
:10168000284BDB6903F4E0639A4208D2254BDB69FF
:1016900023F4E0627B689B6922491343CB617B683A
:1016A0001B6803F02003002B10D07B68DA691D4B08
:1016B0001B6A03F070039A4208D21A4B1B6A23F08C
:1016C00070027B68DB69174913430B6200F034F842
:1016D0000246144B9B691B0A03F00F031249CB5CB3
:1016E00003F01F0322FA03F33B610E4B9B6903F0E7
:1016F0000F030D4AD35C03F01F033A6922FA03F388
:101700000A4A13600A4A3B6913600A4B1B68184671
:1017100003F082F80346FB73FB7B18461837BD467F
:1017200080BD00BF0044025890250108040000203D
:10173000000000200800002080B489B000AFB34B47
:101740001B6903F03803182B00F2558101A252F8EF
:1017500023F000BFB9170008F7190008F7190008AF
:10176000F7190008F7190008F7190008F719000819
:10177000F7190008DF170008F7190008F719000823
:10178000F7190008F7190008F7190008F7190008F9
:10179000F7190008E5170008F7190008F7190008FD
:1017A000F7190008F7190008F7190008F7190008D9
:1017B000F7190008EB170008944B1B6803F020038F
:1017C000002B09D0914B1B68DB0803F00303904A00
:1017D00022FA03F3BB6111E18D4BBB610EE18D4B2E
:1017E000BB610BE18C4BBB6108E1884B9B6A03F04A
:1017F00003037B61854B9B6A1B0903F03F033B613D
:10180000824BDB6A03F00103FB60804B5B6BDB0800
:10181000C3F30C03FA6802FB03F307EE903AF8EE09
:10182000677AC7ED027A3B69002B00F0E1807B69A3
:10183000022B00F083807B69022B00F2A1807B6980
:10184000002B03D07B69012B56D099E06F4B1B68AE
:1018500003F02003002B2DD06C4B1B68DB0803F03A
:1018600003036B4A22FA03F37B607B6807EE903A2E
:10187000F8EE676A3B6907EE903AF8EE677A86EE13
:10188000A77A624B1B6BC3F3080307EE903AF8EE9E
:10189000676A97ED026ADFED615AC6EE257A76EE49
:1018A000A77AF7EE006A77EEA67A67EE277AC7ED99
:1018B000077A87E03B6907EE903AF8EE677ADFED4A
:1018C000586A86EEA77A514B1B6BC3F3080307EEE9
:1018D000903AF8EE676A97ED026ADFED505AC6EE6D
:1018E000257A76EEA77AF7EE006A77EEA67A67EEAB
:1018F000277AC7ED077A65E03B6907EE903AF8EE84
:10190000677ADFED486A86EEA77A404B1B6BC3F31C
:10191000080307EE903AF8EE676A97ED026ADFED8A
:101920003F5AC6EE257A76EEA77AF7EE006A77EE92
:10193000A67A67EE277AC7ED077A43E03B6907EEA0
:10194000903AF8EE677ADFED386A86EEA77A2F4B89
:101950001B6BC3F3080307EE903AF8EE676A97ED46
:10196000026ADFED2E5AC6EE257A76EEA77AF7EEFA
:10197000006A77EEA67A67EE277AC7ED077A21E04C
:101980003B6907EE903AF8EE677ADFED266A86EE5D
:10199000A77A1E4B1B6BC3F3080307EE903AF8EED1
:1019A000676A97ED026ADFED1D5AC6EE257A76EE7C
:1019B000A77AF7EE006A77EEA67A67EE277AC7ED88
:1019C000077A00BF114B1B6B5B0A03F07F030133E7
:1019D0003B603B6807EE903AB8EE677AD7ED076A4E
:1019E000C6EE877AFCEEE77A17EE903ABB6105E027
:1019F0000023BB6102E0074BBB6100BFBB69184617
:101A00002437BD465DF8047B704700BF0044025890
:101A10000090D00300093D0040787D0100000046A1
:101A20000024744C0024744A20BCBE4B80B582B0A4
:101A300000AFFFF781FE0246104B9B691B0A03F0C3
:101A40000F030F49CB5C03F01F0322FA03F37B6003
:101A50000A4B9B6903F00F03094AD35C03F01F0391
:101A60007A6822FA03F3074A1360074A7B68136017
:101A7000044B1B6818460837BD4680BD0044025819
:101A800090250108040000200000002080B500AF70
:101A9000FFF7CCFF0246064BDB691B0903F0070387
:101AA0000449CB5C03F01F0322FA03F3184680BD00
:101AB000004402589025010880B500AFFFF7B6FF3B
:101AC0000246064BDB691B0A03F007030449CB5CA3
:101AD00003F01F0322FA03F3184680BD00440258A6
:101AE000902501082DE9B04FCAB000AFC7F8140126
:101AF000002387F82731002387F82631D7F81431DF
:101B0000D3E9002302F00064002554EA050349D01C
:101B1000D7F814319B6EB3F5401F2FD0B3F5401F9B
:101B200028D8B3F5001F1AD0B3F5001F22D8002B18
:101B300003D0B3F5801F07D01CE0B84BDB6AB74A6F
:101B400043F40033D3621AE0D7F81431083302218A
:101B5000184601F08FFC034687F827310FE0D7F8CD
:101B6000143128330221184601F036FD034687F868
:101B7000273104E0012387F8273100E000BF97F800
:101B80002731002B0AD1A54B1B6D23F44011D7F848
:101B900014319B6EA14A0B43136503E097F827317C
:101BA00087F82631D7F81431D3E9002302F480787E
:101BB0004FF0000958EA090347D0D7F814319B6D5C
:101BC000042B2AD801A252F823F000BFE11B000821
:101BD000EF1B0008051C0008231C0008231C00083C
:101BE0008E4BDB6A8D4A43F40033D3621AE0D7F898
:101BF000143108330021184601F03CFC034687F8F5
:101C000027310FE0D7F8143128330021184601F0AE
:101C1000E3FC034687F8273104E0012387F82731E6
:101C200000E000BF97F82731002B0AD17B4B1B6DDA
:101C300023F00701D7F814319B6D784A0B431365E5
:101C400003E097F8273187F82631D7F81431D3E924
:101C5000002302F4007A4FF0000B5AEA0B034CD039
:101C6000D7F81431DB6DB3F5807F30D0B3F5807FCA
:101C700029D8C02B2DD0C02B25D8802B18D0802B55
:101C800021D8002B02D0402B07D01CE0634BDB6A2D
:101C9000624A43F40033D3621CE0D7F814310833AE
:101CA0000021184601F0E6FB034687F8273111E0D2
:101CB000D7F8143128330021184601F08DFC034673
:101CC00087F8273106E0012387F8273102E000BFBB
:101CD00000E000BF97F82731002B0AD14F4B1B6D56
:101CE00023F4E071D7F81431DB6D4C4A0B431365D4
:101CF00003E097F8273187F82631D7F81431D3E974
:101D0000002302F48063C7F808310023C7F80C31C0
:101D1000D7E942120B46134353D0D7F81431D3F806
:101D2000A830B3F5000F35D0B3F5000F2ED8B3F5BA
:101D3000C00F31D0B3F5C00F28D8B3F5800F1AD03B
:101D4000B3F5800F22D8002B03D0B3F5001F07D0C6
:101D50001CE0324BDB6A314A43F40033D3621CE0AF
:101D6000D7F8143108330021184601F083FB0346ED
:101D700087F8273111E0D7F81431283300211846AD
:101D800001F02AFC034687F8273106E0012387F893
:101D9000273102E000BF00E000BF97F82731002B99
:101DA0000BD11E4B9B6D23F46001D7F81431D3F88F
:101DB000A8301A4A0B43936503E097F8273187F858
:101DC0002631D7F81431D3E9002302F40063C7F8B1
:101DD00000310023C7F80431D7E940120B46134302
:101DE00056D0D7F81431D3F8AC30B3F1806F38D077
:101DF000B3F1806F31D8B3F1407F34D0B3F1407F7D
:101E00002BD8B3F1007F1DD0B3F1007F25D8002B74
:101E100006D0B3F1807F0AD01FE000BF0044025813
:101E2000A24BDB6AA14A43F40033D3621CE0D7F82B
:101E3000143108330021184601F01CFB034687F8D3
:101E4000273111E0D7F8143128330021184601F06A
:101E5000C3FB034687F8273106E0012387F82731C3
:101E600002E000BF00E000BF97F82731002B0BD144
:101E70008E4B9B6D23F0E061D7F81431D3F8AC3072
:101E80008A4A0B43936503E097F8273187F8263198
:101E9000D7F81431D3E9002302F00073C7F8F83003
:101EA0000023C7F8FC30D7E93E120B4613433AD063
:101EB000D7F81431DB6C302B1FD0302B19D8202BE6
:101EC0000CD0202B15D8002B19D0102B11D1774B0B
:101ED000DB6A764A43F40033D36211E0D7F8143159
:101EE00008330221184601F0C5FA034687F8273166
:101EF00006E0012387F8273102E000BF00E000BFC1
:101F000097F82731002B0AD1684BDB6C23F03001A6
:101F1000D7F81431DB6C654A0B43D36403E097F8C0
:101F2000273187F82631D7F81431D3E9002302F49A
:101F30008053C7F8F0300023C7F8F430D7E93C12DB
:101F40000B46134351D0D7F814311B6EB3F5804FB5
:101F500035D0B3F5804F2ED8B3F5405F31D0B3F50F
:101F6000405F28D8B3F5005F1AD0B3F5005F22D8E0
:101F7000002B03D0B3F5805F07D01CE04B4BDB6A2E
:101F80004A4A43F40033D3621CE0D7F814310833D3
:101F90000021184601F06EFA034687F8273111E058
:101FA000D7F8143128330021184601F015FB0346F9
:101FB00087F8273106E0012387F8273102E000BFC8
:101FC00000E000BF97F82731002B0AD1374B1B6D7B
:101FD00023F4E041D7F814311B6E344A0B431365E8
:101FE00003E097F8273187F82631D7F81431D3E981
:101FF000002302F40053C7F8E8300023C7F8EC30A0
:10200000D7E93A120B46134356D0D7F814315B6E1A
:10201000B3F5A02F33D0B3F5A02F2CD8B3F5802F74
:102020002FD0B3F5802F26D8B3F5403F2BD0B3F592
:10203000403F20D8B3F5003F12D0B3F5003F1AD887
:10204000002B22D0B3F5803F15D1D7F814310833D7
:102050000121184601F00EFA034687F8273115E0F2
:10206000D7F8143128330121184601F0B5FA034698
:1020700087F827310AE0012387F8273106E000BFFF
:1020800004E000BF02E000BF00E000BF97F8273186
:10209000002B0DD1054B1B6D23F4E021D7F8143133
:1020A0005B6E024A0B43136506E000BF0044025812
:1020B00097F8273187F82631D7F81431D3E9002370
:1020C00002F48043C7F8E0300023C7F8E430D7E9D2
:1020D00038120B46134355D0D7F81431D3F8B0302B
:1020E000B3F1A04F33D0B3F1A04F2CD8B3F1804F50
:1020F0002FD0B3F1804F26D8B3F1405F2BD0B3F18E
:10210000405F20D8B3F1005F12D0B3F1005F1AD85E
:10211000002B22D0B3F1805F15D1D7F814310833EA
:102120000121184601F0A6F9034687F8273115E08A
:10213000D7F8143128330121184601F04DFA03462F
:1021400087F827310AE0012387F8273106E000BF2E
:1021500004E000BF02E000BF00E000BF97F82731B5
:10216000002B0BD1A34B9B6D23F0E041D7F814312A
:10217000D3F8B0309F4A0B43936503E097F82731BB
:1021800087F82631D7F81431D3E9002302F400434D
:10219000C7F8D8300023C7F8DC30D7E936120B4631
:1021A000134337D0D7F814311B6FB3F1005F0ED053
:1021B000B3F1005F16D8002B18D0B3F1805F11D1B6
:1021C0008C4BDB6A8B4A43F40033D3620FE0D7F8C1
:1021D000143108330121184601F04CF9034687F801
:1021E000273104E0012387F8273100E000BF97F88A
:1021F0002731002B0AD17F4B1B6D23F04051D7F8BC
:1022000014311B6F7B4A0B43136503E097F82731AA
:1022100087F82631D7F81431D3E9002302F0807310
:10222000C7F8D0300023C7F8D430D7E934120B46B2
:10223000134339D0D7F814319B6C032B1CD801A25F
:1022400052F823F08122000855220008632200087A
:1022500081220008674BDB6A664A43F40033D3628D
:102260000FE0D7F8143108330221184601F002F9C3
:10227000034687F8273104E0012387F8273100E07F
:1022800000BF97F82731002B0AD15A4BDB6C23F0A3
:102290000301D7F814319B6C564A0B43D36403E017
:1022A00097F8273187F82631D7F81431D3E900237E
:1022B00002F48003C7F8C8300023C7F8CC30D7E950
:1022C00032120B46134300F09F804B4B1B684A4A67
:1022D00043F48073136002F0E9FAC7F820010BE0C1
:1022E00002F0E4FA0246D7F82031D31A642B03D95E
:1022F000032387F8273105E03F4B1B6803F4807305
:10230000002BEDD097F82731002B79D1394B1A6F7C
:10231000D7F81431D3F8B430534003F44073002B92
:1023200015D0344B1B6F23F44073C7F81C31314B6D
:102330001B6F304A43F4803313672E4B1B6F2D4ABB
:1023400023F4803313672B4AD7F81C311367D7F86F
:102350001431D3F8B430B3F5807F18D102F0A6FA67
:10236000C7F820010DE002F0A1FA0246D7F82031AB
:10237000D21A41F288339A4203D9032387F82731CE
:1023800005E01C4B1B6F03F00203002BEBD097F80A
:102390002731002B29D1D7F81431D3F8B43003F406
:1023A0004073B3F5407F0ED1124B1B6923F47C516F
:1023B000D7F81431D3F8B4301A09104B13400D4A32
:1023C0000B43136105E00B4B1B690A4A23F47C5352
:1023D0001361084B196FD7F81431D3F8B430C3F335
:1023E0000B03044A0B4313670EE097F8273187F875
:1023F000263109E00044025800480258CFFFFF0090
:1024000097F8273187F82631D7F81431D3E900231C
:1024100002F00103C7F8C0300023C7F8C430D7E981
:1024200030120B46134300F08980D7F81431DB6F6C
:10243000282B6BD801A252F823F000BF1525000805
:102440000D2500080D2500080D2500080D250008A4
:102450000D2500080D2500080D250008E1240008C1
:102460000D2500080D2500080D2500080D25000884
:102470000D2500080D2500080D250008F72400088B
:102480000D2500080D2500080D2500080D25000864
:102490000D2500080D2500080D250008152500084C
:1024A0000D2500080D2500080D2500080D25000844
:1024B0000D2500080D2500080D250008152500082C
:1024C0000D2500080D2500080D2500080D25000824
:1024D0000D2500080D2500080D250008152500080C
:1024E000D7F8143108330121184600F0C3FF034622
:1024F00087F827310FE0D7F8143128330121184627
:1025000001F06AF8034687F8273104E0012387F8D1
:10251000273100E000BF97F82731002B0AD1BF4BCD
:102520005B6D23F03801D7F81431DB6FBB4A0B43E6
:10253000536503E097F8273187F82631D7F814312F
:10254000D3E9002302F00203C7F8B8300023C7F82C
:10255000BC30D7E92E120B46134341D0D7F81431C3
:102560009B6F052B24D801A252F823F0B92500084F
:10257000852500089B250008B9250008B925000815
:10258000B9250008D7F8143108330121184600F0A6
:1025900071FF034687F827310FE0D7F8143128334D
:1025A0000121184601F018F8034687F8273104E0A6
:1025B000012387F8273100E000BF97F82731002B6F
:1025C0000AD1964B5B6D23F00701D7F814319B6F4E
:1025D000924A0B43536503E097F8273187F8263179
:1025E000D7F81431D3E9002302F00403C7F8B03060
:1025F0000023C7F8B430D7E92C120B46134344D05C
:10260000D7F81431D3F89430052B25D801A252F80D
:1026100023F000BF612600082D260008432600088D
:10262000612600086126000861260008D7F81431E9
:1026300008330121184600F01DFF034687F82731B3
:102640000FE0D7F8143128330121184600F0C4FFF9
:10265000034687F8273104E0012387F8273100E09B
:1026600000BF97F82731002B0BD16C4B9B6D23F0EB
:102670000701D7F81431D3F89430684A0B439365B7
:1026800003E097F8273187F82631D7F81431D3E9DA
:10269000002302F02003C7F8A8300023C7F8AC30AD
:1026A000D7E92A120B46134355D0D7F81431D3F883
:1026B0009030B3F1A04F33D0B3F1A04F2CD8B3F189
:1026C000804F2FD0B3F1804F26D8B3F1405F2BD08D
:1026D000B3F1405F20D8B3F1005F12D0B3F1005FD7
:1026E0001AD8002B22D0B3F1805F15D1D7F814315E
:1026F00008330021184600F0BDFE034687F8273155
:1027000015E0D7F8143128330221184600F064FF91
:10271000034687F827310AE0012387F8273106E0CE
:1027200000BF04E000BF02E000BF00E000BF97F878
:102730002731002B0BD1394B5B6D23F0E041D7F8EB
:102740001431D3F89030354A0B43536503E097F8C2
:10275000273187F82631D7F81431D3E9002302F066
:102760004003C7F8A0300023C7F8A430D7E92812E7
:102770000B46134358D0D7F81431D3F89C30B3F537
:10278000A05F33D0B3F5A05F2CD8B3F5805F2FD016
:10279000B3F5805F26D8B3F5406F2BD0B3F5406F0B
:1027A00020D8B3F5006F12D0B3F5006F1AD8002B04
:1027B00022D0B3F5806F15D1D7F81431083300213A
:1027C000184600F057FE034687F8273115E0D7F882
:1027D000143128330221184600F0FEFE034687F824
:1027E00027310AE0012387F8273106E000BF04E023
:1027F00000BF02E000BF00E000BF97F82731002BC8
:102800000ED1064B9B6D23F4E051D7F81431D3F869
:102810009C30024A0B43936506E000BF0044025817
:1028200097F8273187F82631D7F81431D3E90023F8
:1028300002F08003C7F898300023C7F89C30D7E92E
:1028400026120B46134355D0D7F81431D3F8A030D5
:10285000B3F5204F33D0B3F5204F2CD8B3F5004F4C
:102860002FD0B3F5004F26D8B3F5C04F2BD0B3F51A
:10287000C04F20D8B3F5804F12D0B3F5804F1AD88F
:10288000002B22D0B3F5005F15D1D7F814310833EF
:102890000021184600F0EEFD034687F8273115E0C9
:1028A000D7F8143128330221184600F095FE03466C
:1028B00087F827310AE0012387F8273106E000BFB7
:1028C00004E000BF02E000BF00E000BF97F827313E
:1028D000002B0BD1A14B9B6D23F46041D7F8143131
:1028E000D3F8A0309D4A0B43936503E097F8273156
:1028F00087F82631D7F81431D3E9002302F0080312
:10290000C7F890300023C7F89430D7E924120B465B
:1029100013431ED0D7F81431D3F88430B3F5805F59
:102920000CD1D7F8143128330221184600F054FE98
:102930000346002B02D0012387F82631874B5B6DBD
:1029400023F44051D7F81431D3F88430834A0B4331
:102950005365D7F81431D3E9002302F01003C7F808
:1029600088300023C7F88C30D7E922120B46134376
:102970001ED0D7F81431D3F89830B3F5807F0CD13E
:10298000D7F8143128330221184600F025FE0346FB
:10299000002B02D0012387F82631704B9B6D23F466
:1029A0004071D7F81431D3F898306C4A0B439365D3
:1029B000D7F81431D3E9002302F40023C7F880309C
:1029C0000023C7F88430D7E920120B4613433ED0CA
:1029D000D7F81431D3F8A430B3F5003F22D0B3F5C3
:1029E000003F1BD8002B03D0B3F5803F0BD015E080
:1029F000D7F8143108330021184600F03BFD034698
:102A000087F827310FE0D7F8143128330221184610
:102A100000F0E2FD034687F8273104E0012387F840
:102A2000273100E000BF97F82731002B0BD14B4B2B
:102A30009B6D23F44031D7F81431D3F8A430474AC2
:102A40000B43936503E097F8273187F82631D7F8D1
:102A50001431D3E9002302F48023BB670023FB6712
:102A6000D7E91E120B4613433BD0D7F81431D3F8E5
:102A70008830B3F5401F1FD0B3F5401F18D8B3F509
:102A8000801F03D0B3F5001F07D011E0334BDB6A82
:102A9000324A43F40033D3620FE0D7F814312833BD
:102AA0000121184600F098FD034687F8273104E01D
:102AB000012387F8273100E000BF97F82731002B6A
:102AC0000BD1264B5B6D23F44011D7F81431D3F8AA
:102AD0008830224A0B43536503E097F8273187F883
:102AE0002631D7F81431D3E9002302F480333B6751
:102AF00000237B67D7E91C120B46134334D0D7F869
:102B000014311B6D002B03D0B3F5803F07D011E0CB
:102B1000124BDB6A114A43F40033D3620EE0D7F85C
:102B2000143108330221184600F0A4FC034687F84C
:102B3000273103E0012387F8273100BF97F82731B9
:102B4000002B0DD1054BDB6C23F48031D7F8143109
:102B50001B6D024A0B43D36406E000BF00440258D9
:102B600097F8273187F82631D7F81431D3E90023B5
:102B700002F00053BB660023FB66D7E91A120B462E
:102B800013430CD0D7F8143128330221184600F033
:102B900023FD0346002B02D0012387F82631D7F806
:102BA0001431D3E9002302F400333B6600237B6633
:102BB000D7E918120B46134338D0D7F81431D3F89D
:102BC0008030B3F5407F18D0B3F5407F11D8B3F50E
:102BD000007F14D0B3F5007F0BD8002B11D0B3F5D4
:102BE000807F06D1C34BDB6AC24A43F40033D36211
:102BF00008E0012387F8273104E000BF02E000BFAE
:102C000000E000BF97F82731002B0BD1B94B5B6D6B
:102C100023F44071D7F81431D3F88030B54A0B4310
:102C2000536503E097F8273187F82631D7F8143138
:102C3000D3E9002302F48013BB650023FB65D7E9C9
:102C400016120B46134309D0AA4B1B6D23F000410B
:102C5000D7F814315B6FA74A0B431365D7F81431CB
:102C6000D3E9002302F080533B6500237B65D7E95D
:102C700014120B4613430AD09E4B1B6923F4804168
:102C8000D7F81431D3F8B8309A4A0B431361D7F808
:102C90001431D3E9002302F40013BB640023FB6466
:102CA000D7E912120B46134309D0924B1B6D23F048
:102CB0008071D7F81431DB6E8E4A0B431365D7F859
:102CC0001431D3E9002302F080433B6400237B648A
:102CD000D7E910120B4613430ED0864B1B69854A69
:102CE00023F400431361834B1969D7F81431D3F8E7
:102CF000BC30804A0B431361D7F81431D3E9002369
:102D000002F00043BB630023FB63D7E90E120B46BE
:102D1000134309D0774BDB6C23F04051D7F81431C3
:102D20005B6D744A0B43D364D7F81431D3E90023A5
:102D300002F400033B6300237B63D7E90C120B46CC
:102D400013430AD06B4B5B6D23F44001D7F8143169
:102D5000D3F88C30674A0B435365D7F81431D3E965
:102D600000230021B96203F00103FB62D7E90A12D4
:102D70000B46134311D0D7F81431083300211846FD
:102D800000F078FB034687F8273197F82731002BAE
:102D900003D097F8273187F82631D7F81431D3E9D3
:102DA00000230021396203F002037B62D7E9081295
:102DB0000B46134311D0D7F81431083301211846BC
:102DC00000F058FB034687F8273197F82731002B8E
:102DD00003D097F8273187F82631D7F81431D3E993
:102DE00000230021B96103F00403FB61D7E9061257
:102DF0000B46134311D0D7F814310833022118467B
:102E000000F038FB034687F8273197F82731002B6D
:102E100003D097F8273187F82631D7F81431D3E952
:102E200000230021396103F008037B61D7E9041214
:102E30000B46134311D0D7F814312833002118461C
:102E400000F0CAFB034687F8273197F82731002B9B
:102E500003D097F8273187F82631D7F81431D3E912
:102E600000230021B96003F01003FB60D7E90212D0
:102E70000B46134311D0D7F81431283301211846DB
:102E800000F0AAFB034687F8273197F82731002B7B
:102E900003D097F8273187F82631D7F81431D3E9D2
:102EA00000230021396003F020037B60D7E9001282
:102EB0000B46134311D0D7F814312833022118469A
:102EC00000F08AFB034687F8273197F82731002B5B
:102ED00003D097F8273187F8263197F82631002B51
:102EE00001D1002300E00123184607F59477BD4681
:102EF000BDE8B08F0044025880B500AFFEF796FDE4
:102F00000246064B1B6A1B0903F007030449CB5C0E
:102F100003F01F0322FA03F3184680BD0044025851
:102F20009025010880B489B000AF7860A14B9B6AFE
:102F300003F00303BB619F4B9B6A1B0B03F03F0332
:102F40007B619C4BDB6A1B0903F001033B61994BDE
:102F5000DB6BDB08C3F30C033A6902FB03F307EEF8
:102F6000903AF8EE677AC7ED037A7B69002B00F0A0
:102F70001181BB69022B00F08380BB69022B00F238
:102F8000A180BB69002B03D0BB69012B56D099E00F
:102F9000884B1B6803F02003002B2DD0854B1B684A
:102FA000DB0803F00303844A22FA03F3BB60BB6827
:102FB00007EE903AF8EE676A7B6907EE903AF8EE12
:102FC000677A86EEA77A7B4B9B6BC3F3080307EE09
:102FD000903AF8EE676A97ED036ADFED785AC6EE2D
:102FE000257A76EEA77AF7EE006A77EEA67A67EE94
:102FF000277AC7ED077A87E07B6907EE903AF8EE0B
:10300000677ADFED6F6A86EEA77A6A4B9B6BC3F334
:10301000080307EE903AF8EE676A97ED036ADFED72
:10302000675AC6EE257A76EEA77AF7EE006A77EE53
:10303000A67A67EE277AC7ED077A65E07B6907EE27
:10304000903AF8EE677ADFED5F6A86EEA77A594B21
:103050009B6BC3F3080307EE903AF8EE676A97EDAF
:10306000036ADFED565AC6EE257A76EEA77AF7EEBA
:10307000006A77EEA67A67EE277AC7ED077A43E013
:103080007B6907EE903AF8EE677ADFED4F6A86EEDD
:10309000A77A484B9B6BC3F3080307EE903AF8EE10
:1030A000676A97ED036ADFED455AC6EE257A76EE3C
:1030B000A77AF7EE006A77EEA67A67EE277AC7ED71
:1030C000077A21E07B6907EE903AF8EE677ADFED48
:1030D0003D6A86EEA77A374B9B6BC3F3080307EE76
:1030E000903AF8EE676A97ED036ADFED345AC6EE60
:1030F000257A76EEA77AF7EE006A77EEA67A67EE83
:10310000277AC7ED077A00BF2A4B9B6B5B0A03F057
:103110007F0307EE903AF8EE677AB7EE007A37EE63
:10312000877AD7ED076AC6EE877AFCEEE77A17EE64
:10313000902A7B681A601F4B9B6B1B0C03F07F036C
:1031400007EE903AF8EE677AB7EE007A37EE877AB4
:10315000D7ED076AC6EE877AFCEEE77A17EE902A7B
:103160007B685A60134B9B6B1B0E03F07F0307EECB
:10317000903AF8EE677AB7EE007A37EE877AD7EDB5
:10318000076AC6EE877AFCEEE77A17EE902A7B682C
:103190009A6008E07B6800221A607B6800225A600F
:1031A0007B6800229A6000BF2437BD465DF8047B2F
:1031B000704700BF004402580090D0030000004652
:1031C0000024744C0024744A20BCBE4B80B489B0E7
:1031D00000AF7860A14B9B6A03F00303BB619F4B78
:1031E0009B6A1B0D03F03F037B619C4BDB6A1B0A50
:1031F00003F001033B61994B5B6CDB08C3F30C03E9
:103200003A6902FB03F307EE903AF8EE677AC7EDEE
:10321000037A7B69002B00F01181BB69022B00F05F
:103220008380BB69022B00F2A180BB69002B03D015
:10323000BB69012B56D099E0884B1B6803F0200333
:10324000002B2DD0854B1B68DB0803F00303844A59
:1032500022FA03F3BB60BB6807EE903AF8EE676AA8
:103260007B6907EE903AF8EE677A86EEA77A7B4B99
:103270001B6CC3F3080307EE903AF8EE676A97ED0C
:10328000036ADFED785AC6EE257A76EEA77AF7EE76
:10329000006A77EEA67A67EE277AC7ED077A87E0AD
:1032A0007B6907EE903AF8EE677ADFED6F6A86EE9B
:1032B000A77A6A4B1B6CC3F3080307EE903AF8EE4B
:1032C000676A97ED036ADFED675AC6EE257A76EEF8
:1032D000A77AF7EE006A77EEA67A67EE277AC7ED4F
:1032E000077A65E07B6907EE903AF8EE677ADFEDE2
:1032F0005F6A86EEA77A594B1B6CC3F3080307EE8F
:10330000903AF8EE676A97ED036ADFED565AC6EE1B
:10331000257A76EEA77AF7EE006A77EEA67A67EE60
:10332000277AC7ED077A43E07B6907EE903AF8EE1B
:10333000677ADFED4F6A86EEA77A484B1B6CC3F3C2
:10334000080307EE903AF8EE676A97ED036ADFED3F
:10335000455AC6EE257A76EEA77AF7EE006A77EE42
:10336000A67A67EE277AC7ED077A21E07B6907EE38
:10337000903AF8EE677ADFED3D6A86EEA77A374B32
:103380001B6CC3F3080307EE903AF8EE676A97EDFB
:10339000036ADFED345AC6EE257A76EEA77AF7EEA9
:1033A000006A77EEA67A67EE277AC7ED077A00BF44
:1033B0002A4B1B6C5B0A03F07F0307EE903AF8EE92
:1033C000677AB7EE007A37EE877AD7ED076AC6EEEE
:1033D000877AFCEEE77A17EE902A7B681A601F4B1B
:1033E0001B6C1B0C03F07F0307EE903AF8EE677A34
:1033F000B7EE007A37EE877AD7ED076AC6EE877A9E
:10340000FCEEE77A17EE902A7B685A60134B1B6C30
:103410001B0E03F07F0307EE903AF8EE677AB7EEE3
:10342000007A37EE877AD7ED076AC6EE877AFCEE28
:10343000E77A17EE902A7B689A6008E07B680022A2
:103440001A607B6800225A607B6800229A6000BF85
:103450002437BD465DF8047B704700BF0044025826
:103460000090D003000000460024744C0024744AED
:1034700020BCBE4B80B584B000AF786039600023BB
:10348000FB73534B9B6A03F00303032B01D101230E
:1034900099E04F4B1B684E4A23F08063136001F0A4
:1034A00005FAB86008E001F001FA0246BB68D31AD9
:1034B000022B01D9032386E0454B1B6803F0006310
:1034C000002BF0D1424B9B6A23F47C327B681B6853
:1034D0001B033F4913438B627B685B68013BC3F36B
:1034E00008027B689B68013B5B029BB21A437B68C6
:1034F000DB68013B1B0403F4FE031A437B681B6972
:10350000013B1B0603F0FE43314913438B63304BF1
:10351000DB6A23F0C0027B685B692D491343CB62F1
:103520002B4BDB6A23F020027B689B6928491343FD
:10353000CB62274BDB6A264A23F01003D362244B6D
:10354000DA6B244B13407A68D269D20020491343C6
:10355000CB631F4BDB6A1E4A43F01003D3623B6808
:10356000002B06D11A4BDB6A194A43F40023D362BD
:103570000FE03B68012B06D1154BDB6A144A43F47C
:103580008013D36205E0124BDB6A114A43F4001347
:10359000D3620F4B1B680E4A43F08063136001F047
:1035A00085F9B86008E001F081F90246BB68D31ADA
:1035B000022B01D9032306E0054B1B6803F00063CF
:1035C000002BF0D0FB7B18461037BD4680BD00BFF6
:1035D000004402580700FFFF80B584B000AF786058
:1035E00039600023FB73534B9B6A03F00303032BE7
:1035F00001D1012399E04F4B1B684E4A23F08053C1
:10360000136001F053F9B86008E001F04FF9024689
:10361000BB68D31A022B01D9032386E0454B1B68F4
:1036200003F00053002BF0D1424B9B6A23F07C72D5
:103630007B681B681B053F4913438B627B685B6893
:10364000013BC3F308027B689B68013B5B029BB2B2
:103650001A437B68DB68013B1B0403F4FE031A4337
:103660007B681B69013B1B0603F0FE433149134392
:103670000B64304BDB6A23F440627B685B692D4945
:103680001343CB622B4BDB6A23F400727B689B698C
:1036900028491343CB62274BDB6A264A23F4807305
:1036A000D362244B5A6C244B13407A68D269D200FF
:1036B000204913434B641F4BDB6A1E4A43F480735B
:1036C000D3623B68002B06D11A4BDB6A194A43F4DC
:1036D0008003D3620FE03B68012B06D1154BDB6AF8
:1036E000144A43F40003D36205E0124BDB6A114A2B
:1036F00043F08073D3620F4B1B680E4A43F0805334
:10370000136001F0D3F8B86008E001F0CFF802468A
:10371000BB68D31A022B01D9032306E0054B1B68B3
:1037200003F00053002BF0D0FB7B18461037BD464A
:1037300080BD00BF004402580700FFFF80B489B07D
:1037400000AF786039600023FB618E4B7B619EE1A6
:103750003B681A680121FB6901FA03F313403B61DE
:103760003B69002B00F090813B685B6803F003032A
:10377000012B05D03B685B6803F00303022B30D1BB
:103780007B689B68BB61FB695B00032202FA03F361
:10379000DB43BA691340BB613B68DA68FB695B00D5
:1037A00002FA03F3BA691343BB617B68BA699A6092
:1037B0007B685B68BB610122FB6902FA03F3DB43B0
:1037C000BA691340BB613B685B681B0903F00102E7
:1037D000FB6902FA03F3BA691343BB617B68BA69F8
:1037E0005A603B685B6803F00303032B09D13B6815
:1037F0005B6803F00303032B1BD13B689B68012B21
:1038000017D07B68DB68BB61FB695B00032202FAAF
:1038100003F3DB43BA691340BB613B689A68FB69F9
:103820005B0002FA03F3BA691343BB617B68BA69B0
:10383000DA603B685B6803F00303022B23D1FB696A
:10384000DA087B68083253F82230BB61FB6903F069
:1038500007039B000F2202FA03F3DB43BA6913400C
:10386000BB613B681A69FB6903F007039B0002FA1E
:1038700003F3BA691343BB61FB69DA087B6808325A
:10388000B96943F822107B681B68BB61FB695B0068
:10389000032202FA03F3DB43BA691340BB613B68BE
:1038A0005B6803F00302FB695B0002FA03F3BA6989
:1038B0001343BB617B68BA691A603B685B6803F4B9
:1038C0004033002B00F0E0802F4BD3F8F4302E4A29
:1038D00043F00203C2F8F4302B4BD3F8F43003F07A
:1038E0000203FB60FB68294AFB699B08023352F81C
:1038F0002330BB61FB6903F003039B000F2202FA34
:1039000003F3DB43BA691340BB617B68204A9342EF
:1039100052D07B681F4A934231D07B681E4A934243
:103920002BD07B681D4A934225D07B681C4A93426A
:103930001FD07B681B4A934219D07B681A4A934276
:1039400013D07B68194A93420DD07B68184A934282
:1039500007D07B68174A934201D109232DE00A233F
:103960002BE0082329E0072327E0062325E0052391
:1039700023E0042321E003231FE002231DE00123B1
:103980001BE000BF800000580044025800040058AB
:10399000000002580004025800080258000C0258A7
:1039A000001002580014025800180258001C025857
:1039B00000200258002402580023FA6902F0030292
:1039C00092009340BA691343BB613849FB699B0875
:1039D0000233BA6941F823204FF0B0431B68BB6142
:1039E0003B69DB43BA691340BB613B685B6803F426
:1039F0008013002B03D0BA693B691343BB614FF0BE
:103A0000B042BB6913604FF0B0435B68BB613B6978
:103A1000DB43BA691340BB613B685B6803F4001386
:103A2000002B03D0BA693B691343BB614FF0B0422E
:103A3000BB6953607B695B68BB613B69DB43BA6907
:103A40001340BB613B685B6803F40033002B03D079
:103A5000BA693B691343BB617B69BA695A607B6988
:103A60001B68BB613B69DB43BA691340BB613B68C0
:103A70005B6803F48033002B03D0BA693B691343BE
:103A8000BB617B69BA691A60FB690133FB613B6802
:103A90001A68FB6922FA03F3002B7FF459AE00BFCA
:103AA00000BF2437BD465DF8047B70470004005812
:103AB00080B483B000AF78600B467B8013467B7088
:103AC0007B78002B03D07A887B689A6103E07B883F
:103AD0001A047B689A6100BF0C37BD465DF8047B11
:103AE0007047000080B586B000AF786000F0DEFE61
:103AF00038617B68002B01D10123DCE27B6893F8FD
:103B00003530DBB2022B08D07B6880225A657B6897
:103B1000002283F834200123CDE27B681B68644ACD
:103B200093424AD07B681B68624A934245D07B68C7
:103B30001B68614A934240D07B681B685F4A93428E
:103B40003BD07B681B685E4A934236D07B681B681B
:103B50005C4A934231D07B681B685B4A93422CD00D
:103B60007B681B68594A934227D07B681B68584A78
:103B7000934222D07B681B68564A93421DD07B68D3
:103B80001B68554A934218D07B681B68534A93427E
:103B900013D07B681B68524A93420ED07B681B6827
:103BA000504A934209D07B681B684F4A934204D025
:103BB0007B681B684D4A934208D17B681B681A6872
:103BC0007B681B6822F001021A6007E07B681B68B3
:103BD0001A687B681B6822F001021A607B681B6808
:103BE000334A93424AD07B681B68324A934245D09D
:103BF0007B681B68304A934240D07B681B682F4A21
:103C000093423BD07B681B682D4A934236D07B6839
:103C10001B682C4A934231D07B681B682A4A934226
:103C20002CD07B681B68294A934227D07B681B688D
:103C3000274A934222D07B681B68264A93421DD0B4
:103C40007B681B68244A934218D07B681B68234A10
:103C5000934213D07B681B68214A93420ED07B6845
:103C60001B68204A934209D07B681B681E4A934216
:103C700004D07B681B681D4A934201D1012300E0F8
:103C80000023002B34D07B681B681A687B681B6894
:103C900022F01E021A607B681B685A697B681B68E9
:103CA00022F080025A617B681B687B612BE000BFB9
:103CB000100002402800024040000240580002402C
:103CC0007000024088000240A0000240B80002409C
:103CD00010040240280402404004024058040240FC
:103CE0007004024088040240A0040240B80402406C
:103CF0007B681B681A687B681B6822F00E021A60DA
:103D00007B681B687B617B681B687F4A934272D02B
:103D10007B681B687D4A93426DD07B681B687C4A38
:103D2000934268D07B681B687A4A934263D07B6871
:103D30001B68794A93425ED07B681B68774A93423E
:103D400059D07B681B68764A934254D07B681B68C5
:103D5000744A93424FD07B681B68734A93424AD09F
:103D60007B681B68714A934245D07B681B68704A28
:103D7000934240D07B681B686E4A93423BD07B687D
:103D80001B686D4A934236D07B681B686B4A93422E
:103D900031D07B681B686A4A93422CD07B681B68D1
:103DA000684A934227D07B681B68674A934222D0B7
:103DB0007B681B68654A93421DD07B681B68644A18
:103DC000934218D07B681B68624A934213D07B6889
:103DD0001B68614A93420ED07B681B685F4A93421E
:103DE00009D07B681B685E4A934204D07B681B68DD
:103DF0005C4A934201D1012300E00023002B1CD038
:103E00007B681B6E1A687B681B6E22F480721A60D6
:103E100013E000F04BFD02463B69D31A052B0CD989
:103E20007B6820225A657B68032283F835207B68F3
:103E3000002283F8342001233DE17B691B6803F0F5
:103E40000103002BE5D17B681B682F4A93424AD0BF
:103E50007B681B682D4A934245D07B681B682C4ABF
:103E6000934240D07B681B682A4A93423BD07B68D0
:103E70001B68294A934236D07B681B68274A9342C5
:103E800031D07B681B68264A93422CD07B681B6824
:103E9000244A934227D07B681B68234A934222D04E
:103EA0007B681B68214A93421DD07B681B68204AAF
:103EB000934218D07B681B681E4A934213D07B68DC
:103EC0001B681D4A93420ED07B681B681B4A9342B5
:103ED00009D07B681B681A4A934204D07B681B6830
:103EE000184A934201D1012300E00023002B3BD06C
:103EF0007B689B6DBB607B68DB6D03F01F033F221B
:103F00009A40BB689A603AE01000024028000240E4
:103F10004000024058000240700002408800024009
:103F2000A0000240B80002401004024028040240F1
:103F300040040240580402407004024088040240D9
:103F4000A0040240B8040240085402581C5402580D
:103F50003054025844540258585402586C54025871
:103F600080540258945402587B689B6DFB607B68B8
:103F7000DB6D03F01F0301229A40FB685A607B68E7
:103F80001B684F4A934272D07B681B684D4A93422C
:103F90006DD07B681B684C4A934268D07B681B6875
:103FA0004A4A934263D07B681B68494A93425ED079
:103FB0007B681B68474A934259D07B681B68464A16
:103FC000934254D07B681B68444A93424FD07B682D
:103FD0001B68434A93424AD07B681B68414A93421C
:103FE00045D07B681B68404A934240D07B681B6881
:103FF0003E4A93423BD07B681B683D4A934236D091
:104000007B681B683B4A934231D07B681B683A4A05
:1040100093422CD07B681B68384A934227D07B6838
:104020001B68374A934222D07B681B68354A93420B
:104030001DD07B681B68344A934218D07B681B688C
:10404000324A934213D07B681B68314A93420ED0A8
:104050007B681B682F4A934209D07B681B682E4AF5
:10406000934204D07B681B682C4A934201D1012300
:1040700000E00023002B15D07B685B6E7A68926E9F
:104080005A607B68DB6E002B0CD07B68DB6E1A6895
:104090007B68DB6E22F480721A607B681B6F7A6823
:1040A000526F5A607B68012283F835207B680022BA
:1040B00083F83420002318461837BD4680BD00BF62
:1040C0001000024028000240400002405800024018
:1040D0007000024088000240A0000240B800024088
:1040E00010040240280402404004024058040240E8
:1040F0007004024088040240A0040240B804024058
:10410000085402581C54025830540258445402585F
:10411000585402586C54025880540258945402580F
:1041200080B584B000AF78607B68002B01D101239B
:1041300037E27B6893F83530DBB2022B04D07B6822
:1041400080225A6501232CE27B681B685C4A9342FB
:104150004AD07B681B685B4A934245D07B681B68EA
:10416000594A934240D07B681B68584A93423BD0DF
:104170007B681B68564A934236D07B681B68554A59
:10418000934231D07B681B68534A93422CD07B68A2
:104190001B68524A934227D07B681B68504A93425F
:1041A00022D07B681B684F4A93421DD07B681B68F6
:1041B0004D4A934218D07B681B684C4A934213D0F7
:1041C0007B681B684A4A93420ED07B681B68494A49
:1041D000934209D07B681B68474A934204D07B68AE
:1041E0001B68464A934201D1012300E00023002BC3
:1041F00000F086807B68042283F835207B681B688A
:104200002F4A93424AD07B681B682E4A934245D07E
:104210007B681B682C4A934240D07B681B682B4A02
:1042200093423BD07B681B68294A934236D07B6817
:104230001B68284A934231D07B681B68264A934208
:104240002CD07B681B68254A934227D07B681B686B
:10425000234A934222D07B681B68224A93421DD096
:104260007B681B68204A934218D07B681B681F4AF2
:10427000934213D07B681B681D4A93420ED07B6823
:104280001B681C4A934209D07B681B681A4A9342F8
:1042900004D07B681B68194A934208D17B681B686D
:1042A0001A687B681B6822F001021A6078E17B685B
:1042B0001B681A687B681B6822F001021A606FE1B4
:1042C0001000024028000240400002405800024016
:1042D0007000024088000240A0000240B800024086
:1042E00010040240280402404004024058040240E6
:1042F0007004024088040240A0040240B804024056
:104300007B681B68704A93424AD07B681B686F4A7F
:10431000934245D07B681B686D4A934240D07B68CE
:104320001B686C4A93423BD07B681B686A4A934285
:1043300036D07B681B68694A934231D07B681B6822
:10434000674A93422CD07B681B68664A934227D009
:104350007B681B68644A934222D07B681B68634A6F
:1043600093421DD07B681B68614A934218D07B68DA
:104370001B68604A934213D07B681B685E4A934275
:104380000ED07B681B685D4A934209D07B681B682E
:104390005B4A934204D07B681B685A4A934208D117
:1043A0007B681B681A687B681B6822F001021A6030
:1043B00007E07B681B681A687B681B6822F00102B3
:1043C0001A607B681B681A687B681B6822F00E0203
:1043D0001A607B681B683C4A934272D07B681B68FA
:1043E0003A4A93426DD07B681B68394A934268D041
:1043F0007B681B68374A934263D07B681B68364AE8
:1044000093425ED07B681B68344A934259D07B68E4
:104410001B68334A934254D07B681B68314A9342ED
:104420004FD07B681B68304A93424AD07B681B6838
:104430002E4A934245D07B681B682D4A934240D058
:104440007B681B682B4A93423BD07B681B682A4AD7
:10445000934236D07B681B68284A934231D07B68F0
:104460001B68274A93422CD07B681B68254A9342DD
:1044700027D07B681B68244A934222D07B681B6844
:10448000224A93421DD07B681B68214A934218D070
:104490007B681B681F4A934213D07B681B681E4AC7
:1044A00093420ED07B681B681C4A934209D07B68FC
:1044B0001B681B4A934204D07B681B68194A9342CD
:1044C00032D1012331E000BF100002402800024039
:1044D0004000024058000240700002408800024044
:1044E000A0000240B800024010040240280402402C
:1044F0004004024058040240700402408804024014
:10450000A0040240B8040240085402581C54025847
:104510003054025844540258585402586C540258AB
:1045200080540258945402580023002B28D07B68F2
:104530001B6E1A687B681B6E22F480721A607B689F
:104540009B6DFB607B68DB6D03F01F0301229A40CB
:10455000FB685A607B685B6E7A68926E5A607B6813
:10456000DB6E002B0CD07B68DB6E1A687B68DB6E21
:1045700022F480721A607B681B6F7A68526F5A60EF
:104580007B68012283F835207B68002283F8342081
:104590007B681B6D002B03D07B681B6D7868984788
:1045A000002318461037BD4680BD00BF80B400AF61
:1045B000054B1B68044A43F48073136000BFBD467B
:1045C0005DF8047B704700BF0048025880B483B098
:1045D00000AF78607B68002B69D0384B1B6823F0F4
:1045E000E0027B681B68354913430B604FF0B04312
:1045F000D3F884304FF0B04223F48033C2F88430D3
:104600004FF0B043D3F880304FF0B04223F4803302
:10461000C2F880304FF0B0431B684FF0B04223F433
:10462000803313604FF0B0435B684FF0B04223F427
:10463000803353607B685B6803F48033002B09D0C0
:104640004FF0B043D3F880304FF0B04243F48033A2
:10465000C2F880307B685B6803F40033002B09D01C
:104660004FF0B043D3F884304FF0B04243F480337E
:10467000C2F884307B685B6803F00103002B07D02D
:104680004FF0B0431B684FF0B04243F480331360E7
:104690007B685B6803F00203002B09D04FF0B04346
:1046A0005B684FF0B04243F48033536000E000BFDA
:1046B0000C37BD465DF8047B704700BF00480258C8
:1046C00080B400AF054B1B68044A43F0100313602D
:1046D00000BFBD465DF8047B704700BF004802582C
:1046E00080B584B000AF7860194BDB6803F0040339
:1046F000042B0AD0164BDB6803F007037A689A4252
:1047000001D001231FE000231DE0114BDB6823F0E3
:1047100007020F497B681343CB6000F0C7F8F860CD
:1047200009E000F0C3F80246FB68D31AB3F57A7FBC
:1047300001D9012307E0064B5B6803F40053B3F58E
:10474000005FEED1002318461037BD4680BD00BF84
:104750000048025880B582B000AF104B9B680F4AEA
:1047600043F00103936000F0A1F8786009E000F0E5
:104770009DF802467B68D31AB3F57A7F01D90123ED
:1047800007E0064B9B6803F48033B3F5803FEED11E
:10479000002318460837BD4680BD00BF00480258B8
:1047A00080B582B000AF0320FCF7FEF8FCF7C4FF31
:1047B0000246154B9B691B0A03F00F031349CB5CA0
:1047C00003F01F0322FA03F37B600F4B9B6903F096
:1047D0000F030E4AD35C03F01F037A6822FA03F337
:1047E0000B4A13600B4A7B6813600F2000F014F82B
:1047F0000346002B01D0012302E004F061FD0023F9
:1048000018460837BD4680BD00440258902501086F
:10481000040000200000002080B582B000AF786066
:10482000154B1B78002B01D1012321E0134B1A6893
:10483000114B1B7819464FF47A73B3FBF1F3B2FBBB
:10484000F3F31846FCF7E3F80346002B01D00123ED
:104850000EE07B680F2B0AD8002279684FF0FF30FA
:10486000FCF7ADF8064A7B681360002300E00123E3
:1048700018460837BD4680BD0C000020000000200F
:104880000800002080B400AF064B1B781A46064B88
:104890001B681344044A136000BFBD465DF8047BE7
:1048A000704700BF0C0000208400002080B400AFDF
:1048B000034B1B681846BD465DF8047B704700BF7C
:1048C0008400002080B400AF034B1B681B0C18460B
:1048D000BD465DF8047B70470010005C80B598B061
:1048E00000AF7860844A07F10C0311464C22184649
:1048F0000DF0CAF97B68002B01D10123C6E17B686A
:104900001B687E4A934206D17B681B6803F580735F
:104910001A467B685A607B6893F89830DBB2002BAC
:1049200006D17B68002283F89920786804F0C4FAE5
:104930007B681B689A697B681B6822F010029A6189
:10494000FFF7B4FFF86514E0FFF7B0FF0246FB6D18
:10495000D31A0A2B0DD97B68D3F89C3043F001029F
:104960007B68C3F89C207B68032283F8982001238E
:104970008CE17B681B689B6903F00803082BE3D07C
:104980007B681B689A697B681B6842F001029A6128
:10499000FFF78CFFF86514E0FFF788FF0246FB6D18
:1049A000D31A0A2B0DD97B68D3F89C3043F001024F
:1049B0007B68C3F89C207B68032283F8982001233E
:1049C00064E17B681B689B6903F00103002BE3D063
:1049D0007B681B689A697B681B6842F002029A61D7
:1049E0007B681B7C012B08D17B681B689A697B68FC
:1049F0001B6822F040029A6107E07B681B689A6995
:104A00007B681B6842F040029A617B685B7C012BEB
:104A100008D17B681B689A697B681B6842F48042F6
:104A20009A6107E07B681B689A697B681B6822F4BF
:104A300080429A617B689B7C012B08D17B681B6854
:104A40009A697B681B6822F480529A6107E07B6850
:104A50001B689A697B681B6842F480529A617B6884
:104A60001B689B6923F440717B689A687B681B68AC
:104A70000A439A617B681B689A697B681B6822F00D
:104A8000A4029A617B681B681A697B681B6822F024
:104A900010021A617B68DB68012B08D17B681B68F8
:104AA0009A697B681B6842F004029A6130E07B6877
:104AB000DB68002B2CD07B68DB68022B20D07B6866
:104AC0001B689A697B681B6842F080029A617B6868
:104AD0001B681A697B681B6842F010021A617B68C8
:104AE000DB68032B14D17B681B689A697B681B68A1
:104AF00042F020029A610BE04425010800A000402A
:104B00007B681B689A697B681B6842F020029A6187
:104B10007B689B69013B5A067B68DB69013B1B0292
:104B20001A437B681B6A013B42EA03017B685B69AD
:104B3000013B1A047B681B680A43DA617B689B6847
:104B4000B3F5407F15D17B689B6A5A1E7B68DB6A90
:104B5000013B1B021A437B681B6B013B1B0142EAB2
:104B600003017B685B6A013B1A047B681B680A438C
:104B7000DA607B681B6E002B0AD07B681B68D3F859
:104B8000C0107B685A6E7B681B680A43C3F8C0205C
:104B90007B68DA6D7B681B6E1344002B11D07B6839
:104BA0001B68D3F8C83023F007017B689B6E9B001D
:104BB00060333B4453F8542C7B681B680A43C3F8AA
:104BC000C8207B681B6C002B11D07B681B68D3F856
:104BD000BC3023F007017B685B6C9B0060333B4477
:104BE00053F8542C7B681B680A43C3F8BC207B68CD
:104BF0009B6C002B12D07B681B68D3F8BC3023F071
:104C000070017B68DB6C9B0060333B4453F8543C81
:104C10001A017B681B680A43C3F8BC207B681B6DC4
:104C2000002B12D07B681B68D3F8BC3023F4E06102
:104C30007B685B6D9B0060333B4453F8543C1A0225
:104C40007B681B680A43C3F8BC207B681B68114A59
:104C5000934207D17B685B689A687B685B6822F047
:104C600003029A607B680022C3F894207B680022CC
:104C7000C3F89C207B68012283F89820786800F0B4
:104C8000CFFE034687F85B3097F85B3018466037F5
:104C9000BD4680BD00A0004080B487B000AF786002
:104CA00039607B6893F89830FB73FB7B012B02D053
:104CB000FB7B022B57D13B681B68002B2BD13B6839
:104CC000DB68072B0DD13B681B691A043B68DB6965
:104CD0001B021A433B689B69134343F060537B619B
:104CE0000EE03B689B689A073B68DB68DB061A436B
:104CF0003B681B691B041A433B685B6913437B6178
:104D00007B68DA6E3B685B689B001344BB60BB68E2
:104D10007A691A6025E03B68DB685A073B681B69C3
:104D200013437B613B68DB68072B03D13B689B69BE
:104D30003B6106E03B689B689A073B685B691343ED
:104D40003B617B681A6F3B685B68DB001344BB60A8
:104D5000BB687A691A60BB680433BB60BB683A6998
:104D60001A60002308E07B68D3F89C3043F002020D
:104D70007B68C3F89C20012318461C37BD465DF8AC
:104D8000047B704780B485B000AFF860B9607A608A
:104D90003B60FB6893F89830DBB2012B10D1BB6805
:104DA0001A017B689B001A433B685B0042EA0301DF
:104DB000FB681B68BA690A43C3F88020002308E037
:104DC000FB68D3F89C3043F00402FB68C3F89C20D6
:104DD000012318461437BD465DF8047B704780B444
:104DE00083B000AF78607B6893F89830DBB2012B1A
:104DF00011D17B68022283F898207B681B689A692E
:104E00007B681B6822F001029A617B680022C3F86C
:104E10009C20002308E07B68D3F89C3043F0040218
:104E20007B68C3F89C20012318460C37BD465DF80B
:104E3000047B704780B586B000AFF860B9607A60D7
:104E4000FB6893F89830DBB2022B41D1FB681B68FA
:104E5000D3F8C03003F07C53002B09D1FB68D3F8A2
:104E60009C3043F02002FB68C3F89C20012338E00B
:104E7000FB681B68D3F8C43003F40013002B09D07F
:104E8000FB68D3F89C3043F40072FB68C3F89C20A5
:104E9000012326E0FB681B68D3F8C4301B0C03F029
:104EA0001F037B617B697A68B968F86800F03EFF90
:104EB000FB681B6801217A6901FA02F2C3F8D0206D
:104EC00001227B699A40FB68C3F89420002308E024
:104ED000FB68D3F89C3043F00802FB68C3F89C20C1
:104EE000012318461837BD4680BD000080B48BB042
:104EF00000AFF860B9607A603B600023FB61FB683B
:104F000093F89830FB76FB7E022B40F05781BB680C
:104F1000402B53D1FB681B68D3F8A03003F4FE0389
:104F2000002B09D1FB68D3F89C3043F02002FB68CA
:104F3000C3F89C2001234AE1FB681B68D3F8A43026
:104F400003F07F03002B09D1FB68D3F89C3043F4B6
:104F50008072FB68C3F89C20012338E1FB681B6862
:104F6000D3F8A4301B0A03F03F03FB61FB681B6806
:104F7000D3F8A43003F08073B3F1807F13D1FB68C2
:104F80001B68D3F8A03003F00043B3F1004F0AD1FF
:104F9000FB695A1CFB681B68D3F8A0301B0C13403C
:104FA00003F07F03FB61FB685A6FFB685B6CF96978
:104FB00001FB03F39B0013447B626FE0BB68412B52
:104FC00053D1FB681B68D3F8B03003F4FE03002B09
:104FD00009D1FB68D3F89C3043F02002FB68C3F88A
:104FE0009C200123F3E0FB681B68D3F8B43003F086
:104FF0007F03002B09D1FB68D3F89C3043F4807207
:10500000FB68C3F89C200123E1E0FB681B68D3F830
:10501000B4301B0A03F03F03FB61FB681B68D3F845
:10502000B43003F08073B3F1807F13D1FB681B6849
:10503000D3F8B03003F00043B3F1004F0AD1FB695D
:105040005A1CFB681B68D3F8B0301B0C134003F0EC
:105050007F03FB61FB689A6FFB68DB6CF96901FBFE
:1050600003F39B0013447B6218E0FB681B6DBA6876
:105070009A4209D3FB68D3F89C3043F02002FB68C6
:10508000C3F89C200123A2E0FB68DA6FFB685B6D2C
:10509000B96801FB03F39B0013447B627B6A1B68C6
:1050A00003F080427B685A607B685B68002B07D105
:1050B0007B6A1B689B0CC3F30A027B681A6005E0DD
:1050C0007B6A1B6823F060427B681A607B6A1B68FE
:1050D00003F000527B689A607B6A1B6803F0004211
:1050E0007B681A617B6A04337B627B6A1B689AB2B5
:1050F0007B68DA617B6A1B681B0C03F00F027B681C
:10510000DA607B6A1B6803F480127B685A617B6AF1
:105110001B6803F400127B689A617B6A1B681B0E94
:1051200003F07F027B681A627B6A1B68DA0F7B6878
:105130005A627B6A04337B627B6A7B6100233B6239
:105140000AE07A693B6A1A4439683B6A0B44127870
:105150001A703B6A01333B627B68DB681F4AD35C91
:105160001A463B6A9342ECD3BB68402B05D1FB68DF
:105170001B68FA69C3F8A8201EE0BB68412B05D163
:10518000FB681B68FA69C3F8B82015E0BB681F2BE1
:1051900008D8FB681B680121BA6801FA02F2C3F85B
:1051A000982009E0BB6803F01F02FB681B6801211F
:1051B00001FA02F2C3F89C20002308E0FB68D3F850
:1051C0009C3043F00802FB68C3F89C20012318467A
:1051D0002C37BD465DF8047B704700BFA025010851
:1051E00080B485B000AF786039607B681B685B6C09
:1051F000FB60FB6803F007023B681A60FB681B0A50
:1052000003F007023B685A60FB6803F018023B6832
:105210009A60FB685B0903F001023B68DA60FB6897
:105220009B0903F001023B681A61FB68DB0903F08C
:1052300001023B685A61FB68DB0A03F001023B682C
:105240009A61FB681B0B03F001023B68DA61FB68A3
:105250005B0B03F001023B681A62FB689B0B03F0D7
:1052600001023B685A62FB681B0C03F07F023B683B
:105270009A62002318461437BD465DF8047B7047D8
:1052800080B485B000AF786039607B681B681B6CA8
:10529000FB60FB68DAB23B681A60FB681B0A03F02C
:1052A0007F023B685A60FB68DB0B03F001023B683E
:1052B0009A60FB681B0CDAB23B68DA600023184680
:1052C0001437BD465DF8047B704780B485B000AFED
:1052D000786039603B68402B07D17B681B68D3F846
:1052E000A43003F07F03FB6006E07B681B68D3F803
:1052F000B43003F07F03FB60FB6818461437BD46EB
:105300005DF8047B704780B485B000AF78607B683F
:105310001B68D3F8C43003F03F03FB60FB681846FA
:105320001437BD465DF8047B7047000080B487B039
:1053300000AFF860B9607A60FB6893F89830FB754D
:10534000FB7D012B02D0FB7D022B55D1FB681B6836
:105350009A6DBB681340002B08D1FB681B68DA6D9F
:10536000FB681B6842F00102DA6514E0FB681B6809
:105370009A6DBB681340BA689A4208D1FB681B68F3
:10538000DA6DFB681B6842F00202DA6503E0FB6835
:105390001B680322DA65BB6803F40073002B09D095
:1053A000FB681B68D3F8E010FB681B687A680A4347
:1053B000C3F8E020BB6803F48063002B09D0FB68CE
:1053C0001B68D3F8E410FB681B687A680A43C3F8CB
:1053D000E420FB681B68596DBA680F4B1340FA68EC
:1053E00012680B4353650D4B5A69BB689B0F0B4901
:1053F00013434B61002308E0FB68D3F89C3043F073
:105400000202FB68C3F89C20012318461C37BD46E6
:105410005DF8047B704700BFFFFFCF3F00A800404E
:1054200080B596B000AF78609A4B1B699B077B658F
:10543000984B5B699B077A6D13407B657B681B68A3
:105440001B6D03F470433B657B681B685B6D3A6DB5
:1054500013403B657B681B681B6D03F00F03FB6407
:105460007B681B685B6DFA6C1340FB647B681B6890
:105470001B6D03F0F003BB647B681B685B6DBA6C4B
:105480001340BB647B681B681B6D03F071537B6426
:105490007B681B685B6D7A6C13407B647B681B6860
:1054A0001B6D03F060733B647B681B685B6D3A6C3B
:1054B00013403B647B681B685B6DFB637B681B6808
:1054C0001B6DBB63FB6B1B0A03F00103002B10D0A9
:1054D000BB6B1B0A03F00103002B0AD07B681B681F
:1054E0004FF480721A656B4B00221A61786800F0E5
:1054F0004AFAFB6B9B0A03F00103002B1DD0BB6B28
:105500009B0A03F00103002B17D07B681B68D3F8BC
:10551000DC307B637B681B68D3F8E4307A6B134024
:105520007B637B681B684FF480621A65594B0022CD
:105530001A61796B786800F0FDF97B6D002B0DD056
:105540007B681A68796D544B0B401365514A7B6D2B
:105550009B0F1361796D786800F0C0F93B6D002BEB
:105560000DD07B681A68396D4B4B0B401365494A67
:105570003B6D9B0F1361396D786800F0BAF9FB6CD5
:10558000002B0DD07B681A68F96C434B0B401365F8
:10559000404AFB6C9B0F1361F96C786803F0FEFACC
:1055A000BB6C002B0DD07B681A68B96C3A4B0B4072
:1055B0001365384ABB6C9B0F1361B96C786800F0B7
:1055C000A3F9FB6BDB0A03F00103002B10D0BB6BCC
:1055D000DB0A03F00103002B0AD07B681B684FF441
:1055E00000621A652B4B00221A61786803F0E7FA13
:1055F000FB6B5B0A03F00103002B1DD0BB6B5B0A46
:1056000003F00103002B17D07B681B68D3F8D83058
:105610003B637B681B68D3F8E0303A6B13403B6315
:105620007B681B684FF400721A651A4B00221A61DE
:10563000396B786800F073F9FB6BDB0C03F0010346
:10564000002B10D0BB6BDB0C03F00103002B0AD046
:105650007B681B684FF400221A650E4B00221A610A
:10566000786800F072F9FB6B1B0C03F00103002B50
:1056700016D0BB6B1B0C03F00103002B10D07B6812
:105680001B684FF480321A65024B00221A61786859
:1056900004E000BF00A80040FFFFCF3F00F05FF92B
:1056A000FB6B9B0C03F00103002B10D0BB6B9B0C1E
:1056B00003F00103002B0AD07B681B684FF48022A3
:1056C0001A65834B00221A61786800F052F9FB6B6F
:1056D0005B0C03F00103002B15D0BB6B5B0C03F0DC
:1056E0000103002B0FD07B681B684FF400321A6552
:1056F000774B00221A617B68D3F89C3043F080021C
:105700007B68C3F89C203B6C002B0DD07B681A682B
:10571000396C704B0B4013656D4A3B6C9B0F1361EA
:10572000396C786800F043F97B6C002B11D07B68F2
:105730001A68796C674B0B401365654A7B6C9B0F4D
:1057400013617B68D3F89C207B6C1A437B68C3F899
:105750009C207B681B68604A934240F0AC807B6869
:105760005B689B6803F00303002B00F0A4807B6858
:105770005B681B6A03F00F03FB627B685B685B6A14
:10578000FA6A1340FB627B685B681B6A03F03003B4
:10579000BB627B685B685B6ABA6A1340BB627B680A
:1057A0005B681B6A03F4C0737B627B685B685B6A3F
:1057B0007A6A13407B627B685B681B6A03F4FC4374
:1057C0003B627B685B685B6A3A6A13403B627B685A
:1057D0005B681B6A03F4F023FB617B685B685B6AB0
:1057E000FA691340FB617B685B685B6ABB617B683D
:1057F0005B681B6A7B61FB6A002B07D07B685B6878
:10580000FA6A1A62F96A786800F0DCF8BB6A002B61
:1058100007D07B685B68BA6A1A62B96A786800F078
:10582000DCF8BB699B0903F00103002B1AD07B69EC
:105830009B0903F00103002B14D07B685B68DB6BD2
:105840001B0C9BB23B617B685B68DB6B03F03F0327
:10585000FB607B685B6840221A62FA683969786885
:1058600000F0C6F87B6A002B07D07B685B687A6A19
:105870001A62796A786800F0C7F83B6A002B0BD08F
:105880007B685B683A6A1A627B68D3F89C203B6A43
:105890001A437B68C3F89C20FB69002B0BD07B6804
:1058A0005B68FA691A627B68D3F89C20FB691A432B
:1058B0007B68C3F89C207B68D3F89C30002B02D017
:1058C000786800F06AF800BF5837BD4680BD00BF59
:1058D00000A80040FFFFCF3F00A0004080B483B08D
:1058E00000AF7860396000BF0C37BD465DF8047BBF
:1058F000704780B483B000AF7860396000BF0C3768
:10590000BD465DF8047B704780B483B000AF78601B
:10591000396000BF0C37BD465DF8047B704780B42A
:1059200083B000AF7860396000BF0C37BD465DF8CA
:10593000047B704780B483B000AF7860396000BFEB
:105940000C37BD465DF8047B704780B483B000AF70
:10595000786000BF0C37BD465DF8047B704780B4AB
:1059600083B000AF786000BF0C37BD465DF8047BA4
:10597000704780B483B000AF786000BF0C37BD467D
:105980005DF8047B704780B483B000AF786000BFDF
:105990000C37BD465DF8047B704780B483B000AF20
:1059A000786000BF0C37BD465DF8047B704780B45B
:1059B00083B000AF7860396000BF0C37BD465DF83A
:1059C000047B704780B483B000AF7860396000BF5B
:1059D0000C37BD465DF8047B704780B483B000AFE0
:1059E0007860396000BF0C37BD465DF8047B7047B6
:1059F00080B485B000AFF860B9607A6000BF14373A
:105A0000BD465DF8047B704780B483B000AF78601A
:105A1000396000BF0C37BD465DF8047B704700005D
:105A200080B485B000AF78607B685B6BBB607B68DF
:105A30001B68D3F88420A74B1340BA6891007A689A
:105A400012680B43C2F884307B681B68D3F884303B
:105A500023F47F017B689B6B1A047B681B680A43F5
:105A6000C3F884207B689B6BBA681344BB607B6877
:105A70001B68D3F88820974B1340BA6891007A6866
:105A800012680B43C2F888307B681B68D3F88830F3
:105A900023F4FE017B68DB6B1A047B681B680A43F6
:105AA000C3F888207B68DB6B5B00BA681344BB607B
:105AB0007B681B68D3F8A020864B1340BA6891001E
:105AC0007A6812680B43C2F8A0307B681B68D3F871
:105AD000A03023F4FE017B681B6C1A047B681B68F2
:105AE0000A43C3F8A0207B681B6C7A68526C02FBE7
:105AF00003F3BA681344BB607B681B68D3F8B0201B
:105B0000744B1340BA6891007A6812680B43C2F86C
:105B1000B0307B681B68D3F8B03023F4FE017B689B
:105B20009B6C1A047B681B680A43C3F8B0207B682F
:105B30009B6C7A68D26C02FB03F3BA681344BB60B7
:105B40007B681B68D3F8AC20624B1340BA689100A5
:105B50007A6812680B43C2F8AC307B681B6D7A68B8
:105B6000526D02FB03F3BA681344BB607B681B6889
:105B7000D3F8F020574B1340BA6891007A68126846
:105B80000B43C2F8F0307B681B68D3F8F03023F485
:105B90007C117B689B6D1A047B681B680A43C3F801
:105BA000F0207B689B6D5B00BA681344BB607B6828
:105BB0001B68D3F8C020474B1340BA6891007A683D
:105BC00012680B43C2F8C0307B681B68D3F8C03042
:105BD00023F47C117B68DB6D1A047B681B680A4325
:105BE000C3F8C0207B681B68D3F8C03023F07C5119
:105BF0007B681B6E1A067B681B680A43C3F8C020CB
:105C00007B685A6B344B13449A007B68DA667B6876
:105C1000DA6E7B689B6B9B001A447B681A677B6813
:105C20001A6F7B68DB6BDB001A447B685A677B6802
:105C30005A6F7B681B6C7968496C01FB03F39B000E
:105C40001A447B689A677B689A6F7B689B6C79685B
:105C5000C96C01FB03F39B001A447B68DA677B681D
:105C6000DA6F7B681B6D7968496D01FB03F39B005C
:105C70001A447B68C3F880207B68D3F880207B6857
:105C80009B6DDB001A447B68C3F884207B68D3F8E3
:105C900084207B68DB6D7968896E01FB03F39B00D0
:105CA0001A447B68C3F888207B68D3F888207B6817
:105CB0001B6E7968896E01FB03F39B001A447B68B5
:105CC000C3F890207B68D3F89030044A934215D9EA
:105CD00006E000BF0300FFFF002B0010FCD30040D4
:105CE0007B68D3F89C3043F020027B68C3F89C208B
:105CF0007B68032283F89820012310E07B68DB6E29
:105D0000FB6005E0FB6800221A60FB680433FB605F
:105D10007B68D3F89030FA689A42F3D30023184690
:105D20001437BD465DF8047B704700BF80B489B06E
:105D300000AFF860B9607A603B60BB685B68002BBD
:105D40000AD1BB681A69BB689B681A43BB681B68A9
:105D50009B041343FB610AE0BB681A69BB689B683C
:105D60001A43BB681B68134343F08043FB61BB6865
:105D70001B6A1A06BB68DB691A43BB689B691A4336
:105D8000BB685B691A43BB68DB681B0413433B6158
:105D9000FB68D3F88420FB689B6E396801FB03F332
:105DA0009B001344BB61BB69FA691A60BB69043389
:105DB000BB61BB693A691A60BB690433BB610023EC
:105DC0007B6120E07B6903337A6813441B781A06F1
:105DD0007B69023379680B441B781B041A437B6987
:105DE000013379680B441B781B02134379687A6985
:105DF0000A4412781A43BB691A60BB690433BB6159
:105E00007B6904337B61BB68DB68064AD35C1A4656
:105E10007B699342D6D300BF00BF2437BD465DF8EF
:105E2000047B7047A025010880B582B000AF786080
:105E30007B68002B01D1012342E07B68D3F88830D6
:105E4000002B06D17B68002283F88420786803F059
:105E500057F97B682422C3F888207B681B681A687E
:105E60007B681B6822F001021A607B689B6A002B2A
:105E700002D0786801F052FA786800F0E7FC034637
:105E8000012B01D101231BE07B681B685A687B68EA
:105E90001B6822F490425A607B681B689A687B6892
:105EA0001B6822F02A029A607B681B681A687B686C
:105EB0001B6842F001021A60786801F0D1FA0346CB
:105EC00018460837BD4680BD80B491B000AFF86079
:105ED000B9601346FB80FB68D3F88830202B78D15B
:105EE000BB68002B02D0FB88002B01D1012371E09D
:105EF000FB68BA681A65FB68FA88A3F85420FB6847
:105F0000FA88A3F85620FB6800229A67FB680022F3
:105F1000C3F89020FB682122C3F88820FB685B6EE1
:105F2000B3F1005F2AD1FB689B68B3F5805F07D1AE
:105F3000FB681B69002B03D1FB68294A9A6702E0C2
:105F4000FB68284A9A67FB681B680833BB62BB6A18
:105F500053E8003F7B627B6A43F40003BB63FB684A
:105F60001B680833BA6B7A633B63396B7A6B41E821
:105F70000023FB62FB6A002BE5D128E0FB689B68ED
:105F8000B3F5805F07D1FB681B69002B03D1FB6869
:105F9000154A9A6702E0FB68144A9A67FB681B6817
:105FA0007B617B6953E8003F3B613B6943F08003C1
:105FB000FB63FB681B681A46FB6B3B62FA61F9697D
:105FC0003A6A41E80023BB61BB69002BE6D100239C
:105FD00000E0022318464437BD465DF8047B704755
:105FE000177C0008377B0008757A0008BD79000827
:105FF00080B58AB000AFF860B9601346FB80FB68DB
:10600000D3F88C30202B37D1BB68002B02D0FB8813
:10601000002B01D1012330E0FB680022DA66FB6827
:106020001B68184A93421FD0FB681B685B6803F427
:106030000003002B18D0FB681B687B617B6953E869
:10604000003F3B613B6943F080637B62FB681B68F8
:106050001A467B6A3B62FA61F9693A6A41E80023B1
:10606000BB61BB69002BE6D1FB881A46B968F868AA
:1060700001F00EFB034600E0022318462837BD4618
:1060800080BD00BF000C005880B5BAB000AF78608A
:106090007B681B68DB69C7F8E4307B681B681B689A
:1060A000C7F8E0307B681B689B68C7F8DC30D7F81E
:1060B000E42040F60F031340C7F8D830D7F8D830A3
:1060C000002B1BD1D7F8E43003F02003002B15D0B0
:1060D000D7F8E03003F02003002B05D1D7F8DC30EF
:1060E00003F08053002B09D07B685B6F002B00F01E
:1060F00093837B685B6F786898478DE3D7F8D830D7
:10610000002B00F02381D7F8DC208D4B1340002BAF
:1061100006D1D7F8E0208B4B1340002B00F01681FE
:10612000D7F8E43003F00103002B11D0D7F8E030AA
:1061300003F48073002B0BD07B681B6801221A626A
:106140007B68D3F8903043F001027B68C3F890205D
:10615000D7F8E43003F00203002B11D0D7F8DC307D
:1061600003F00103002B0BD07B681B6802221A622C
:106170007B68D3F8903043F004027B68C3F890202A
:10618000D7F8E43003F00403002B11D0D7F8DC304B
:1061900003F00103002B0BD07B681B6804221A62FA
:1061A0007B68D3F8903043F002027B68C3F89020FC
:1061B000D7F8E43003F00803002B17D0D7F8E0300D
:1061C00003F02003002B05D1D7F8DC205C4B1340F3
:1061D000002B0BD07B681B6808221A627B68D3F8FF
:1061E000903043F008027B68C3F89020D7F8E43081
:1061F00003F40063002B12D0D7F8E03003F0806383
:10620000002B0CD07B681B684FF400621A627B681D
:10621000D3F8903043F020027B68C3F890207B686D
:10622000D3F89030002B00F0F982D7F8E43003F077
:106230002003002B13D0D7F8E03003F02003002B0D
:1062400005D1D7F8DC3003F08053002B07D07B68F2
:106250005B6F002B03D07B685B6F786898477B6827
:10626000D3F89030C7F8D4307B681B689B6803F084
:106270004003402B05D0D7F8D43003F02803002B7F
:1062800054D0786801F026FB7B681B689B6803F09C
:106290004003402B46D17B681B680833C7F89C300D
:1062A000D7F89C3053E8003FC7F89830D7F89830BB
:1062B00023F04003C7F8D0307B681B680833D7F859
:1062C000D020C7F8A820C7F8A430D7F8A410D7F872
:1062D000A82041E80023C7F8A030D7F8A030002B51
:1062E000D9D17B68D3F88030002B17D07B68D3F8E6
:1062F0008030154A1A657B68D3F880301846FDF760
:106300000FFF0346002B19D07B68D3F880301B6D3C
:106310007A68D2F88020104698470FE0786802F03B
:1063200064FC0BE0786802F060FC07E0786802F03B
:106330005CFC7B680022C3F890206FE200BF6DE236
:106340000100001020010004A17900087B68DB6EC9
:10635000012B40F00382D7F8E43003F01003002B48
:1063600000F0FC81D7F8E03003F01003002B00F0C0
:10637000F5817B681B6810221A627B681B689B682A
:1063800003F04003402B40F06D817B68D3F88030F0
:106390001B68A44A934268D07B68D3F880301B689E
:1063A000A14A934261D07B68D3F880301B689F4A32
:1063B00093425AD07B68D3F880301B689C4A934242
:1063C00053D07B68D3F880301B689A4A93424CD0F4
:1063D0007B68D3F880301B68974A934245D07B682E
:1063E000D3F880301B68954A93423ED07B68D3F83F
:1063F00080301B68924A934237D07B68D3F8803054
:106400001B68904A934230D07B68D3F880301B6879
:106410008D4A934229D07B68D3F880301B688B4A21
:10642000934222D07B68D3F880301B68884A93421D
:106430001BD07B68D3F880301B68864A934214D007
:106440007B68D3F880301B68834A93420DD07B6809
:10645000D3F880301B68814A934206D07B68D3F81A
:1064600080301B687E4A934206D17B68D3F8803027
:106470001B685B689BB205E07B68D3F880301B68C3
:106480005B689BB2A7F8BE30B7F8BE30002B00F0B7
:10649000AD807B68B3F85C30B7F8BE209A4280F0DC
:1064A000A5807B68B7F8BE20A3F85E207B68D3F890
:1064B0008030DB69B3F5807F00F087807B681B68E4
:1064C000C7F88830D7F8883053E8003FC7F88430E1
:1064D000D7F8843023F48073C7F8B8307B681B6822
:1064E0001A46D7F8B830C7F89430C7F89020D7F8D4
:1064F0009010D7F8942041E80023C7F88C30D7F8E3
:106500008C30002BDAD17B681B6808337B677B6F8C
:1065100053E8003F3B673B6F23F00103C7F8B430FB
:106520007B681B680833D7F8B420C7F88020FB6766
:10653000F96FD7F8802041E80023BB67BB6F002BC1
:10654000E1D17B681B6808333B663B6E53E8003F34
:10655000FB65FB6D23F04003C7F8B0307B681B6818
:106560000833D7F8B020FA66BB66B96EFA6E41E818
:1065700000237B667B6E002BE3D17B682022C3F86F
:106580008C207B680022DA667B681B68FB64FB6CEE
:1065900053E8003FBB64BB6C23F01003C7F8AC307A
:1065A0007B681B681A46D7F8AC30BB657A65796D95
:1065B000BA6D41E800233B653B6D002BE4D17B685D
:1065C000D3F880301846FDF78DFA7B6802221A67EF
:1065D0007B68B3F85C207B68B3F85E309BB2D31A5B
:1065E0009BB21946786800F025F919E17B68B3F889
:1065F0005C30B7F8BE209A4240F012817B68D3F835
:106600008030DB69B3F5807F40F00A817B6802222D
:106610001A677B68B3F85C301946786800F00AF9AD
:10662000FEE000BF1000024028000240400002408F
:10663000580002407000024088000240A000024062
:10664000B800024010040240280402404004024006
:10665000580402407004024088040240A004024032
:10666000B80402407B68B3F85C207B68B3F85E3006
:106670009BB2D31AA7F8CE307B68B3F85E309BB2DA
:10668000002B00F0CF80B7F8CE30002B00F0CA808E
:106690007B681B68BB63BB6B53E8003F7B637B6B12
:1066A00023F49073C7F8C8307B681B681A46D7F884
:1066B000C8307B643A64396C7A6C41E80023FB6330
:1066C000FB6B002BE4D17B681B6808337B627B6A21
:1066D00053E8003F3B623A6A554B1340C7F8C43059
:1066E0007B681B680833D7F8C4203A63FB62F96AF9
:1066F0003A6B41E80023BB62BB6A002BE3D17B68A5
:106700002022C3F88C207B680022DA667B68002296
:106710005A677B681B683B613B6953E8003FFB603D
:10672000FB6823F01003C7F8C0307B681B681A466B
:10673000D7F8C030FB61BA61B969FA6941E8002352
:106740007B617B69002BE4D17B6802221A67B7F872
:10675000CE301946786800F06DF863E0D7F8E43081
:1067600003F48013002B0ED0D7F8DC3003F4800341
:10677000002B08D07B681B684FF480121A6278687F
:1067800002F00AF851E0D7F8E43003F08003002B60
:1067900014D0D7F8E03003F08003002B05D1D7F8F0
:1067A000DC3003F40003002B08D07B689B6F002BC8
:1067B0003AD07B689B6F7868984735E0D7F8E4302B
:1067C00003F04003002B09D0D7F8E03003F040037A
:1067D000002B03D0786801F093FA26E0D7F8E43074
:1067E00003F40003002B09D0D7F8E03003F0804316
:1067F000002B03D0786801F0E3FF16E0D7F8E4300F
:1068000003F08073002B10D0D7F8E030002B0CDAA7
:10681000786801F0CBFF08E000BF06E000BF04E0AD
:1068200000BF02E000BF00E000BFE837BD4680BD0A
:10683000FEFFFFEF80B483B000AF78600B467B8033
:1068400000BF0C37BD465DF8047B70472DE9B04FA3
:1068500092B000AF7861002387F842307B699A6874
:106860007B691B691A437B695B691A437B69DB6936
:1068700013437B647B691B681A68BE4B13407A69BB
:106880001268796C0B4313607B691B685B6823F4A7
:1068900040517B69DA687B691B680A435A607B69EF
:1068A0009B697B647B691B68B34A934204D07B6914
:1068B0001B6A7A6C13437B647B691B689A68AF4BD5
:1068C00013407A691268796C0B4393607B691B688B
:1068D000DB6A23F00F017B695A6A7B691B680A43F4
:1068E000DA627B691B68A64A934277D1A54B5B6D40
:1068F00003F03803282B6DD801A252F823F000BF13
:10690000A5690008D5690008D5690008D56900089F
:10691000D5690008D5690008D5690008D56900085F
:10692000AD690008D5690008D5690008D569000877
:10693000D5690008D5690008D5690008D56900083F
:10694000B5690008D5690008D5690008D56900084F
:10695000D5690008D5690008D5690008D56900081F
:10696000BD690008D5690008D5690008D569000827
:10697000D5690008D5690008D5690008D5690008FF
:10698000C5690008D5690008D5690008D5690008FF
:10699000D5690008D5690008D5690008D5690008DF
:1069A000CD690008012387F8433022E2042387F8E9
:1069B00043301EE2082387F843301AE2102387F899
:1069C000433016E2202387F8433012E2402387F851
:1069D00043300EE2802387F843300AE27B691B686C
:1069E000694A934230D1674B5B6D03F00703052B77
:1069F00026D801A252F823F0116A0008196A00088B
:106A0000216A0008296A0008316A0008396A00080A
:106A1000002387F84330ECE1042387F84330E8E1B2
:106A2000082387F84330E4E1102387F84330E0E19E
:106A3000202387F84330DCE1402387F84330D8E156
:106A4000802387F84330D4E17B691B684F4A934227
:106A500030D14C4B5B6D03F00703052B26D801A208
:106A600052F823F07D6A0008856A00088D6A0008E4
:106A7000956A00089D6A0008A56A0008002387F847
:106A80004330B6E1042387F84330B2E1082387F8A6
:106A90004330AEE1102387F84330AAE1202387F882
:106AA0004330A6E1402387F84330A2E1802387F8F2
:106AB00043309EE17B691B68354A934230D1314BAC
:106AC0005B6D03F00703052B26D801A252F823F0D3
:106AD000E96A0008F16A0008F96A0008016B000819
:106AE000096B0008116B0008002387F8433080E130
:106AF000042387F843307CE1082387F8433078E1AA
:106B0000102387F8433074E1202387F8433070E185
:106B1000402387F843306CE1802387F8433068E1F5
:106B20007B691B681B4A934242D1164B5B6D03F095
:106B30000703052B38D801A252F823F0556B000843
:106B40005D6B0008656B00086D6B0008996B0008B1
:106B5000A16B0008002387F843304AE1042387F83B
:106B6000433046E1082387F8433042E1102387F899
:106B700043303EE1F369FFCF000C0058FFF4FF11F2
:106B8000001001400044025800440040004800400A
:106B9000004C004000500040202387F8433028E19B
:106BA000402387F8433024E1802387F8433020E1F5
:106BB0007B691B68CB4A934276D1CB4B5B6D03F06C
:106BC0003803282B6CD801A252F823F0716C00080E
:106BD000A16C0008A16C0008A16C0008A16C000861
:106BE000A16C0008A16C0008A16C0008796C000879
:106BF000A16C0008A16C0008A16C0008A16C000841
:106C0000A16C0008A16C0008A16C0008816C000850
:106C1000A16C0008A16C0008A16C0008A16C000820
:106C2000A16C0008A16C0008A16C0008896C000828
:106C3000A16C0008A16C0008A16C0008A16C000800
:106C4000A16C0008A16C0008A16C0008916C000800
:106C5000A16C0008A16C0008A16C0008A16C0008E0
:106C6000A16C0008A16C0008A16C0008996C0008D8
:106C7000012387F84330BCE0042387F84330B8E0B1
:106C8000082387F84330B4E0102387F84330B0E09E
:106C9000202387F84330ACE0402387F84330A8E056
:106CA000802387F84330A4E07B691B688F4A9342B6
:106CB00030D18D4B5B6D03F00703052B26D801A265
:106CC00052F823F0DD6C0008E56C0008ED6C00085C
:106CD000F56C0008FD6C0008056D0008002387F8BE
:106CE000433086E0042387F8433082E0082387F8A6
:106CF00043307EE0102387F843307AE0202387F882
:106D0000433076E0402387F8433072E0802387F8F1
:106D100043306EE07B691B68754A934230D1724BF9
:106D20005B6D03F00703052B26D801A252F823F070
:106D3000496D0008516D0008596D0008616D00082B
:106D4000696D0008716D0008002387F8433050E03A
:106D5000042387F843304CE0082387F8433048E0A9
:106D6000102387F8433044E0202387F8433040E085
:106D7000402387F843303CE0802387F8433038E0F5
:106D80007B691B685B4A934230D1574B9B6D03F084
:106D90000703052B26D801A252F823F0B56D000891
:106DA000BD6D0008C56D0008CD6D0008D56D0008EB
:106DB000DD6D0008022387F843301AE0042387F8CA
:106DC000433016E0082387F8433012E0102387F899
:106DD00043300EE0202387F843300AE0402387F851
:106DE000433006E0802387F8433002E0802387F8B1
:106DF00043307B691B683F4A934240F0F88097F824
:106E00004330202B46DC022BC0F28280023B1E2B3B
:106E10007ED801A252F823F09B6E0008116F000883
:106E2000A36E0008116F0008116F0008116F0008B1
:106E3000B36E0008116F0008116F0008116F000891
:106E4000116F0008116F0008116F0008116F000822
:106E5000C36E0008116F0008116F0008116F000861
:106E6000116F0008116F0008116F0008116F000802
:106E7000116F0008116F0008116F0008116F0008F2
:106E8000116F0008116F0008116F0008116F0008E2
:106E9000036F0008402B37D03AE0FCF72DF8F86379
:106EA0003CE007F124031846FCF73CF8BB6AFB639F
:106EB00034E007F118031846FCF788F9FB69FB6317
:106EC0002CE0094B1B6803F02003002B16D0064B67
:106ED0001B68DB0803F00303074A22FA03F3FB6392
:106EE0001CE000BF0014014000440258007800403C
:106EF000007C0040000C00580090D0039D4BFB63C9
:106F00000CE09D4BFB6309E04FF40043FB6305E09D
:106F10000023FB63012387F8423000BFFB6B002B8B
:106F200000F0DE817B695B6A944A32F813301A46BE
:106F3000FB6BB3FBF2F33B637B695A6813465B0060
:106F400013443A6B9A4205D37B695B681B033A6B27
:106F50009A4203D9012387F84230C1E1FB6B00223A
:106F6000BB60FA607B695B6A844A32F813309BB27B
:106F700000223B607A60D7E90023D7E90201F9F7E4
:106F8000AFF902460B46104619464FF000024FF08B
:106F900000030B0243EA1063020279694968490859
:106FA00000200C46054612EB040843EB05097B69FB
:106FB0005B6800229A46934652465B4640464946E5
:106FC000F9F78EF902460B461346BB63BB6BB3F56C
:106FD000407F08D3BB6BB3F5801F04D27B691B686D
:106FE000BA6BDA607CE1012387F8423078E17B6993
:106FF000DB69B3F5004F40F0C58097F84330202B94
:1070000048DC002B7BDB202B79D801A252F823F03F
:107010009B700008A3700008FF700008FF70000854
:10702000AB700008FF700008FF700008FF700008D8
:10703000BB700008FF700008FF700008FF700008B8
:10704000FF700008FF700008FF700008FF70000864
:10705000CB700008FF700008FF700008FF70000888
:10706000FF700008FF700008FF700008FF70000844
:10707000FF700008FF700008FF700008FF70000834
:10708000FF700008FF700008FF700008FF70000824
:10709000F1700008402B2ED031E0FAF7F7FCF863CE
:1070A00033E0FAF709FDF8632FE007F124031846EF
:1070B000FBF738FFBB6AFB6327E007F118031846AC
:1070C000FCF784F8FB69FB631FE02D4B1B6803F0A2
:1070D0002003002B09D02A4B1B68DB0803F00303B5
:1070E000244A22FA03F3FB630FE0224BFB630CE01C
:1070F000214BFB6309E04FF40043FB6305E00023F1
:10710000FB63012387F8423000BFFB6B002B00F0CC
:10711000E7807B695B6A194A32F813301A46FB6BC9
:10712000B3FBF2F35A007B695B685B081A447B6926
:107130005B68B2FBF3F3BB63BB6B0F2B16D9BB6B66
:10714000B3F5803F12D2BB6B9BB223F00F03FB86DB
:10715000BB6B5B089BB203F007039AB2FB8E134331
:10716000FB867B691B68FA8EDA60B9E0012387F839
:107170004230B5E00090D00300093D00B025010881
:107180000044025897F84330202B49DC002B7CDB6D
:10719000202B7AD801A252F823F000BF27720008F2
:1071A0002F7200088B7200088B720008377200087B
:1071B0008B7200088B7200088B72000847720008FF
:1071C0008B7200088B7200088B7200088B720008AB
:1071D0008B7200088B7200088B72000857720008CF
:1071E0008B7200088B7200088B7200088B7200088B
:1071F0008B7200088B7200088B7200088B7200087B
:107200008B7200088B7200088B7200088B7200086A
:107210008B7200088B7200088B7200087D72000868
:10722000402B2ED031E0FAF731FCF86333E0FAF767
:1072300043FCF8632FE007F124031846FBF772FEC6
:10724000BB6AFB6327E007F118031846FBF7BEFF94
:10725000FB69FB631FE02D4B1B6803F02003002B31
:1072600009D02A4B1B68DB0803F00303284A22FAE3
:1072700003F3FB630FE0264BFB630CE0254BFB6342
:1072800009E04FF40043FB6305E00023FB630123A7
:1072900087F8423000BFFB6B002B21D07B695B6A13
:1072A0001D4A32F813301A46FB6BB3FBF2F27B69CE
:1072B0005B685B081A447B695B68B2FBF3F3BB63F2
:1072C000BB6B0F2B09D9BB6BB3F5803F05D2BB6BF2
:1072D0009AB27B691B68DA6002E0012387F84230CA
:1072E0007B690122A3F86A207B690122A3F8682048
:1072F0007B6900225A677B6900229A6797F84230BF
:1073000018464837BD46BDE8B08F00BF004402585C
:107310000090D00300093D00B025010880B483B07F
:1073200000AF78607B689B6A03F00803002B0AD0EB
:107330007B681B685B6823F400417B689A6B7B6801
:107340001B680A435A607B689B6A03F00103002BA9
:107350000AD07B681B685B6823F400317B68DA6ABB
:107360007B681B680A435A607B689B6A03F00203D0
:10737000002B0AD07B681B685B6823F480317B6834
:107380001A6B7B681B680A435A607B689B6A03F030
:107390000403002B0AD07B681B685B6823F4802100
:1073A0007B685A6B7B681B680A435A607B689B6AE0
:1073B00003F01003002B0AD07B681B689B6823F442
:1073C00080517B68DA6B7B681B680A439A607B6834
:1073D0009B6A03F02003002B0AD07B681B689B6824
:1073E00023F400517B681A6C7B681B680A439A601F
:1073F0007B689B6A03F04003002B1AD07B681B68F4
:107400005B6823F480117B685A6C7B681B680A43B5
:107410005A607B685B6CB3F5801F0AD17B681B6880
:107420005B6823F4C0017B689A6C7B681B680A4325
:107430005A607B689B6A03F08003002B0AD07B684C
:107440001B685B6823F400217B68DA6C7B681B682F
:107450000A435A6000BF0C37BD465DF8047B704795
:1074600080B598B002AF78607B680022C3F89020A6
:10747000FDF71CFA78657B681B681B6803F008033E
:10748000082B2FD16FF07E4300937B6D00224FF4C9
:107490000011786800F08EF80346002B22D07B683C
:1074A0001B68BB63BB6B53E8003F7B637B6B23F0C4
:1074B00080033B657B681B681A463B6D7B643A64BE
:1074C000396C7A6C41E80023FB63FB6B002BE6D13F
:1074D0007B682022C3F888207B68002283F8842000
:1074E000032363E07B681B681B6803F00403042B21
:1074F00049D16FF07E4300937B6D00224FF48001F1
:10750000786800F057F80346002B3CD07B681B6876
:107510007B627B6A53E8003F3B623B6A23F49073D3
:10752000FB647B681B681A46FB6C3B63FA62F96A72
:107530003A6B41E80023BB62BB6A002BE6D17B6853
:107540001B6808333B613B6953E8003FFB60FB6805
:1075500023F00103BB647B681B680833BA6CFA61D3
:10756000BB61B969FA6941E800237B617B69002B43
:10757000E5D17B682022C3F88C207B68002283F849
:107580008420032312E07B682022C3F888207B68D4
:107590002022C3F88C207B680022DA667B680022F8
:1075A0001A677B68002283F8842000231846583726
:1075B000BD4680BD80B584B000AFF860B9603B6067
:1075C0001346FB714FE0BB69B3F1FF3F4BD0FDF7B2
:1075D0006DF902463B68D31ABA699A4202D3BB6975
:1075E000002B01D103234EE0FB681B681B6803F0EE
:1075F0000403002B37D0BB68802B34D0BB68402BF2
:1076000031D0FB681B68DB6903F00803082B10D13D
:10761000FB681B6808221A62F86800F05BF9FB68D7
:107620000822C3F89020FB68002283F884200123FD
:1076300029E0FB681B68DB6903F40063B3F5006FA6
:1076400011D1FB681B684FF400621A62F86800F001
:1076500041F9FB682022C3F89020FB68002283F8E0
:10766000842003230FE0FB681B68DA69BB681340C2
:10767000BA689A420CBF01230023DBB21A46FB7999
:107680009A42A0D0002318461037BD4680BD0000A6
:1076900080B4A3B000AFF860B9601346FB80FB680C
:1076A000BA689A65FB68FA88A3F85C20FB68FA88D8
:1076B000A3F85E20FB6800225A67FB689B68B3F55D
:1076C000805F0ED1FB681B69002B05D1FB6840F27F
:1076D000FF12A3F860202DE0FB68FF22A3F86020D2
:1076E00028E0FB689B68002B0DD1FB681B69002B11
:1076F00004D1FB68FF22A3F860201BE0FB687F2217
:10770000A3F8602016E0FB689B68B3F1805F0DD1A1
:10771000FB681B69002B04D1FB687F22A3F8602063
:1077200008E0FB683F22A3F8602003E0FB6800222A
:10773000A3F86020FB680022C3F89020FB68222297
:10774000C3F88C20FB681B6808337B667B6E53E8AC
:10775000003F3B663B6E43F00103C7F88430FB6893
:107760001B680833D7F884203A67FB66F96E3A6FD6
:1077700041E80023BB66BB6E002BE3D1FB685B6E68
:10778000B3F1005F4FD1FB68B3F86830FA889A42D2
:1077900049D3FB689B68B3F5805F07D1FB681B6921
:1077A000002B03D1FB68474A5A6702E0FB68464A50
:1077B0005A67FB681B69002B1AD0FB681B683B6586
:1077C0003B6D53E8003FFB64FB6C43F48073C7F8E8
:1077D0008030FB681B681A46D7F88030FB65BA65B5
:1077E000B96DFA6D41E800237B657B6D002BE4D118
:1077F000FB681B680833FB63FB6B53E8003FBB630C
:10780000BB6B43F08053FB67FB681B680833FA6F60
:10781000BA647B64796CBA6C41E800233B643B6CCE
:10782000002BE5D146E0FB689B68B3F5805F07D18C
:10783000FB681B69002B03D1FB68244A5A6702E0EE
:10784000FB68234A5A67FB681B69002B19D0FB6849
:107850001B68BB62BB6A53E8003F7B627B6A43F4F0
:1078600090737B67FB681B681A467B6F7B633A6388
:10787000396B7A6B41E80023FB62FB6A002BE6D18F
:1078800018E0FB681B687B617B6953E8003F3B6144
:107890003B6943F02003BB67FB681B681A46BB6F5C
:1078A0003B62FA61F9693A6A41E80023BB61BB694E
:1078B000002BE6D1002318468C37BD465DF8047BCB
:1078C000704700BF2D840008C9800008117F0008A0
:1078D000597D000880B495B000AF78607B681B6864
:1078E0007B637B6B53E8003F3B633B6B23F49073FC
:1078F000FB647B681B681A46FB6C3B64FA63F96B9C
:107900003A6C41E80023BB63BB6B002BE6D17B687C
:107910001B6808333B623B6A53E8003FFB61FA692E
:107920001E4B1340BB647B681B680833BA6CFA6259
:10793000BB62B96AFA6A41E800237B627B6A002B6A
:10794000E5D17B68DB6E012B18D17B681B68FB607F
:10795000FB6853E8003FBB60BB6823F010037B6407
:107960007B681B681A467B6CBB617A617969BA696E
:1079700041E800233B613B69002BE6D17B68202274
:10798000C3F88C207B680022DA667B6800225A6785
:1079900000BF5437BD465DF8047B7047FEFFFFEF24
:1079A00080B584B000AF78607B689B6BFB60F86843
:1079B00001F01BF900BF1037BD4680BD80B48FB009
:1079C00000AF78607B68D3F88830212B4CD17B687E
:1079D000B3F856309BB2002B32D17B681B683B62F8
:1079E0003B6A53E8003FFB61FB6923F080037B6344
:1079F0007B681B681A467B6BFB62BA62B96AFA6ADB
:107A000041E800237B627B6A002BE6D17B681B6820
:107A1000FB60FB6853E8003FBB60BB6843F040037A
:107A20003B637B681B681A463B6BBB617A61796973
:107A3000BA6941E800233B613B69002BE6D113E0C2
:107A40007B681B6D1A787B681B689A627B681B6D6C
:107A50005A1C7B681A657B68B3F856309BB2013BB1
:107A60009AB27B68A3F8562000BF3C37BD465DF84C
:107A7000047B704780B491B000AF78607B68D3F826
:107A80008830212B51D17B68B3F856309BB2002B44
:107A900032D17B681B687B627B6A53E8003F3B62A4
:107AA0003B6A23F08003BB637B681B681A46BB6B91
:107AB0003B63FA62F96A3A6B41E80023BB62BB6A36
:107AC000002BE6D17B681B683B613B6953E8003FB4
:107AD000FB60FB6843F040037B637B681B681A46CE
:107AE0007B6BFB61BA61B969FA6941E800237B618C
:107AF0007B69002BE6D118E07B681B6DFB63FB6B99
:107B00001B881A467B681B68C2F308029A627B686E
:107B10001B6D9A1C7B681A657B68B3F856309BB264
:107B2000013B9AB27B68A3F8562000BF4437BD469C
:107B30005DF8047B704780B491B000AF78607B68DB
:107B4000D3F88830212B60D17B68B3F86A30FB878B
:107B500057E07B68B3F856309BB2002B33D17B687B
:107B60001B6808337B627B6A53E8003F3B623B6AD9
:107B700023F40003BB637B681B680833BA6B3A636A
:107B8000FB62F96A3A6B41E80023BB62BB6A002BD7
:107B9000E5D17B681B683B613B6953E8003FFB60B4
:107BA000FB6843F040037B637B681B681A467B6B72
:107BB000FB61BA61B969FA6941E800237B617B69BD
:107BC000002BE6D121E07B681B68DB6903F08003B2
:107BD000002B13D07B681B6D1A787B681B689A6238
:107BE0007B681B6D5A1C7B681A657B68B3F856303E
:107BF0009BB2013B9AB27B68A3F85620FB8F013BF6
:107C0000FB87FB8F002BA4D1FFE700BF4437BD46A5
:107C10005DF8047B704780B491B000AF78607B68FA
:107C2000D3F88830212B65D17B68B3F86A30FB87A5
:107C30005CE07B68B3F856309BB2002B33D17B6895
:107C40001B6808333B623B6A53E8003FFB61FB69FA
:107C500023F400037B637B681B6808337A6BFA624A
:107C6000BB62B96AFA6A41E800237B627B6A002B37
:107C7000E5D17B681B68FB60FB6853E8003FBB6095
:107C8000BB6843F040033B637B681B681A463B6B51
:107C9000BB617A617969BA6941E800233B613B695C
:107CA000002BE6D126E07B681B68DB6903F08003CC
:107CB000002B18D07B681B6DBB63BB6B1B881A46FF
:107CC0007B681B68C2F308029A627B681B6D9A1C72
:107CD0007B681A657B68B3F856309BB2013B9AB259
:107CE0007B68A3F85620FB8F013BFB87FB8F002BA3
:107CF0009FD1FFE700BF4437BD465DF8047B704766
:107D000080B588B000AF78607B681B68FB60FB685B
:107D100053E8003FBB60BB6823F04003FB617B6816
:107D20001B681A46FB69BB617A617969BA6941E8E7
:107D300000233B613B69002BE6D17B682022C3F81E
:107D400088207B6800229A67786800F059FF00BF9E
:107D50002037BD4680BD000080B59CB000AF786084
:107D60007B68B3F86030A7F86E307B68D3F88C304E
:107D7000222B40F0BE807B681B685B6AA7F86C30E2
:107D8000B7F86C30D9B2B7F86E30DAB27B689B6D59
:107D90000A40D2B21A707B689B6D5A1C7B689A6548
:107DA0007B68B3F85E309BB2013B9AB27B68A3F864
:107DB0005E207B68B3F85E309BB2002B40F0A18060
:107DC0007B681B68FB64FB6C53E8003FBB64BB6CC7
:107DD00023F49073BB667B681B681A46BB6EBB6559
:107DE0007A65796DBA6D41E800233B653B6D002BE8
:107DF000E6D17B681B680833BB63BB6B53E8003F6D
:107E00007B637B6B23F001037B667B681B68083315
:107E10007A6E7A643B64396C7A6C41E80023FB63C8
:107E2000FB6B002BE5D17B682022C3F88C207B689C
:107E300000225A677B6800221A677B681B68334AF6
:107E400093421FD07B681B685B6803F40003002B20
:107E500018D07B681B687B627B6A53E8003F3B62FB
:107E60003B6A23F080633B667B681B681A463B6E67
:107E70003B63FA62F96A3A6B41E80023BB62BB6A72
:107E8000002BE6D17B68DB6E012B2ED17B680022B4
:107E9000DA667B681B683B613B6953E8003FFB6027
:107EA000FB6823F01003FB657B681B681A46FB6DBB
:107EB000FB61BA61B969FA6941E800237B617B69BA
:107EC000002BE6D17B681B68DB6903F01003102BE5
:107ED00003D17B681B6810221A627B68B3F85C30A0
:107EE00019467868FEF7A6FC0BE0786800F072FE91
:107EF00007E07B681B689A697B681B6842F0080290
:107F00009A6100BF7037BD4680BD00BF000C0058AD
:107F100080B59CB000AF78607B68B3F86030A7F89C
:107F20006E307B68D3F88C30222B40F0BE807B68AB
:107F30001B685B6AA7F86C307B689B6DBB66B7F803
:107F40006C20B7F86E3013409AB2BB6E1A807B6813
:107F50009B6D9A1C7B689A657B68B3F85E309BB218
:107F6000013B9AB27B68A3F85E207B68B3F85E3071
:107F70009BB2002B40F0A1807B681B68BB64BB6C8C
:107F800053E8003F7B647B6C23F490737B667B68D3
:107F90001B681A467B6E7B653A65396D7A6D41E8E0
:107FA0000023FB64FB6C002BE6D17B681B68083365
:107FB0007B637B6B53E8003F3B633B6B23F0010328
:107FC0003B667B681B6808333A6E3A64FB63F96B67
:107FD0003A6C41E80023BB63BB6B002BE5D17B68A7
:107FE0002022C3F88C207B6800225A677B6800221D
:107FF0001A677B681B68334A93421FD07B681B68F3
:108000005B6803F40003002B18D07B681B683B629D
:108010003B6A53E8003FFB61FB6923F08063FB652B
:108020007B681B681A46FB6DFB62BA62B96AFA6A22
:1080300041E800237B627B6A002BE6D17B68DB6E24
:10804000012B2ED17B680022DA667B681B68FB60FF
:10805000FB6853E8003FBB60BB6823F01003BB65BF
:108060007B681B681A46BB6DBB617A617969BA6926
:1080700041E800233B613B69002BE6D17B681B682C
:10808000DB6903F01003102B03D17B681B681022FF
:108090001A627B68B3F85C3019467868FEF7CAFB51
:1080A0000BE0786800F096FD07E07B681B689A6932
:1080B0007B681B6842F008029A6100BF7037BD46BA
:1080C00080BD00BF000C005880B5ACB000AF786038
:1080D0007B68B3F86030A7F8AA307B681B68DB695F
:1080E000C7F8AC307B681B681B68C7F8A4307B6896
:1080F0001B689B68C7F8A0307B68D3F88C30222BB4
:1081000040F081817B68B3F86830A7F89E3024E1A5
:108110007B681B685B6AA7F89C30B7F89C30D9B2C3
:10812000B7F8AA30DAB27B689B6D0A40D2B21A70F7
:108130007B689B6D5A1C7B689A657B68B3F85E30E0
:108140009BB2013B9AB27B68A3F85E207B681B68F8
:10815000DB69C7F8AC30D7F8AC3003F00703002B6D
:1081600053D0D7F8AC3003F00103002B11D0D7F86F
:10817000A43003F48073002B0BD07B681B680122B2
:108180001A627B68D3F8903043F001027B68C3F831
:108190009020D7F8AC3003F00203002B11D0D7F8B1
:1081A000A03003F00103002B0BD07B681B68022278
:1081B0001A627B68D3F8903043F004027B68C3F8FE
:1081C0009020D7F8AC3003F00403002B11D0D7F87F
:1081D000A03003F00103002B0BD07B681B68042246
:1081E0001A627B68D3F8903043F002027B68C3F8D0
:1081F00090207B68D3F89030002B06D0786800F090
:10820000F4FC7B680022C3F890207B68B3F85E30F2
:108210009BB2002B40F0A1807B681B683B673B6FE3
:1082200053E8003FFB66FB6E23F48073C7F8983079
:108230007B681B681A46D7F89830FB67BA67B96F36
:10824000FA6F41E800237B677B6F002BE4D17B68EA
:108250001B680833FB65FB6D53E8003FBB65BA6DD7
:108260006F4B1340C7F894307B681B680833D7F80E
:108270009420BA667B66796EBA6E41E800233B664D
:108280003B6E002BE3D17B682022C3F88C207B68F7
:1082900000225A677B6800221A677B681B68614A64
:1082A000934221D07B681B685B6803F40003002BBA
:1082B0001AD07B681B68BB64BB6C53E8003F7B64CF
:1082C0007B6C23F08063C7F890307B681B681A468C
:1082D000D7F890307B653A65396D7A6D41E80023B7
:1082E000FB64FB6C002BE4D17B68DB6E012B30D18F
:1082F0007B680022DA667B681B687B637B6B53E8D4
:10830000003F3B633B6B23F01003C7F88C307B6866
:108310001B681A46D7F88C303B64FA63F96B3A6CE9
:1083200041E80023BB63BB6B002BE4D17B681B6877
:10833000DB6903F01003102B03D17B681B6810224C
:108340001A627B68B3F85C3019467868FEF772FAF7
:108350000EE0786800F03EFC0AE0B7F89E30002B93
:1083600006D0D7F8AC3003F02003002B7FF4D0AE5A
:108370007B68B3F85E30A7F88A30B7F88A30002BF4
:1083800049D07B68B3F86830B7F88A209A4242D265
:108390007B681B6808333B623B6A53E8003FFB6124
:1083A000FB6923F08053C7F884307B681B6808336F
:1083B000D7F88420FA62BB62B96AFA6A41E80023FE
:1083C0007B627B6A002BE3D17B68174A5A677B6824
:1083D0001B68FB60FB6853E8003FBB60BB6843F071
:1083E0002003C7F880307B681B681A46D7F88030B6
:1083F000BB617A617969BA6941E800233B613B69F5
:10840000002BE4D107E07B681B689A697B681B68D6
:1084100042F008029A6100BFB037BD4680BD00BF80
:10842000FEFFFFEF000C0058597D000880B5AEB08C
:1084300000AF78607B68B3F86030A7F8B2307B6833
:108440001B68DB69C7F8B4307B681B681B68C7F81A
:10845000AC307B681B689B68C7F8A8307B68D3F892
:108460008C30222B40F085817B68B3F86830A7F808
:10847000A63028E17B681B685B6AA7F8A4307B689C
:108480009B6DC7F8A030B7F8A420B7F8B2301340FE
:108490009AB2D7F8A0301A807B689B6D9A1C7B68D3
:1084A0009A657B68B3F85E309BB2013B9AB27B68F9
:1084B000A3F85E207B681B68DB69C7F8B430D7F887
:1084C000B43003F00703002B53D0D7F8B43003F0D7
:1084D0000103002B11D0D7F8AC3003F48073002BCC
:1084E0000BD07B681B6801221A627B68D3F890303E
:1084F00043F001027B68C3F89020D7F8B43003F052
:108500000203002B11D0D7F8A83003F00103002B91
:108510000BD07B681B6802221A627B68D3F890300C
:1085200043F004027B68C3F89020D7F8B43003F01E
:108530000403002B11D0D7F8A83003F00103002B5F
:108540000BD07B681B6804221A627B68D3F89030DA
:1085500043F002027B68C3F890207B68D3F8903028
:10856000002B06D0786800F040FB7B680022C3F83F
:1085700090207B68B3F85E309BB2002B40F0A38064
:108580007B681B687B677B6F53E8003F3B673B6FF3
:1085900023F48073C7F89C307B681B681A46D7F8B1
:1085A0009C30C7F88030FA67F96FD7F8802041E82F
:1085B0000023BB67BB6F002BE2D17B681B680833CD
:1085C0003B663B6E53E8003FFB65FA6D6F4B134013
:1085D000C7F898307B681B680833D7F89820FA668C
:1085E000BB66B96EFA6E41E800237B667B6E002B9A
:1085F000E3D17B682022C3F88C207B6800225A6775
:108600007B6800221A677B681B68614A934221D00D
:108610007B681B685B6803F40003002B1AD07B683F
:108620001B68FB64FB6C53E8003FBB64BB6C23F02E
:108630008063C7F894307B681B681A46D7F894307B
:10864000BB657A65796DBA6D41E800233B653B6D8A
:10865000002BE4D17B68DB6E012B30D17B680022DC
:10866000DA667B681B68BB63BB6B53E8003F7B63C8
:108670007B6B23F01003C7F890307B681B681A46A9
:10868000D7F890307B643A64396C7A6C41E8002307
:10869000FB63FB6B002BE4D17B681B68DB6903F099
:1086A0001003102B03D17B681B6810221A627B68B1
:1086B000B3F85C3019467868FEF7BCF80EE07868CD
:1086C00000F088FA0AE0B7F8A630002B06D0D7F8F9
:1086D000B43003F02003002B7FF4CCAE7B68B3F8FA
:1086E0005E30A7F88E30B7F88E30002B49D07B680B
:1086F000B3F86830B7F88E209A4242D27B681B6884
:1087000008337B627B6A53E8003F3B623B6A23F09D
:108710008053C7F888307B681B680833D7F88820F7
:108720003A63FB62F96A3A6B41E80023BB62BB6AB9
:10873000002BE3D17B68174A5A677B681B683B6153
:108740003B6953E8003FFB60FB6843F02003C7F838
:1087500084307B681B681A46D7F88430FB61BA61A5
:10876000B969FA6941E800237B617B69002BE4D198
:1087700007E07B681B689A697B681B6842F0080207
:108780009A6100BFB837BD4680BD00BFFEFFFFEF56
:10879000000C0058117F000880B483B000AF7860EF
:1087A00000BF0C37BD465DF8047B704780B483B0D2
:1087B00000AF786000BF0C37BD465DF8047B7047A2
:1087C00080B483B000AF786000BF0C37BD465DF861
:1087D000047B704780B485B000AF78607B6893F805
:1087E0008430012B01D1022327E07B68012283F82A
:1087F00084207B682422C3F888207B681B681B6860
:10880000FB607B681B681A687B681B6822F00102AA
:108810001A60FB6823F00053FB607B6800225A66F5
:108820007B681B68FA681A607B682022C3F888207E
:108830007B68002283F88420002318461437BD4645
:108840005DF8047B704780B584B000AF7860396014
:108850007B6893F88430012B01D102232DE07B68E3
:10886000012283F884207B682422C3F888207B6857
:108870001B681B68FB607B681B681A687B681B6849
:1088800022F001021A607B681B689B6823F060413C
:108890007B681B683A680A439A60786800F050F871
:1088A0007B681B68FA681A607B682022C3F88820FE
:1088B0007B68002283F88420002318461037BD46C9
:1088C00080BD80B584B000AF786039607B6893F874
:1088D0008430012B01D102232DE07B68012283F833
:1088E00084207B682422C3F888207B681B681B686F
:1088F000FB607B681B681A687B681B6822F00102BA
:108900001A607B681B689B6823F060617B681B684A
:108910003A680A439A60786800F012F87B681B682E
:10892000FA681A607B682022C3F888207B680022DE
:1089300083F88420002318461037BD4680BD000010
:1089400080B485B000AF78607B685B6E002B08D187
:108950007B680122A3F86A207B680122A3F86820C3
:1089600031E01023FB731023BB737B681B689B688B
:108970005B0EDBB203F007037B737B681B689B68AD
:108980005B0FDBB203F007033B73BB7B3A7B114900
:108990008A5C02FB03F33A7B0F498A5C93FBF2F398
:1089A0009AB27B68A3F86A20FB7B7A7B09498A5CD0
:1089B00002FB03F37A7B08498A5C93FBF2F39AB2D9
:1089C0007B68A3F8682000BF1437BD465DF8047BC0
:1089D000704700BFC8250108D025010880B500AF49
:1089E00000F019F9FBF7DCFE08F0D0F8034683F03D
:1089F0000103DBB2002B01D000F039F900F054F88C
:108A000008F026F90346184608F05CFA034683F09E
:108A10000103DBB2002B01D000F029F900F030F99E
:108A200000F082F900F0E4F900F01EFB08F08AFD86
:108A300007F056FC184802F05DFA03F08FFE174964
:108A4000174801F01DF8034683F00103DBB2002B49
:108A500001D000F00CF9134805F070FF034683F0D5
:108A60000103DBB2002B01D000F001F908F0A6FAF7
:108A700008F0F4FA08F06DFD03F028F807F09AFA10
:108A800004F078F808F054FB08F0F8FA08F0CCF895
:108A900008F066FD00BFEBE78800002041E2000817
:108AA00028010020CC01002080B59CB000AF07F168
:108AB00024034C220021184609F0B2F83B1D202265
:108AC0000021184609F0ACF80220FBF709FE00234C
:108AD0003B60304B9B692F4A43F4404393612D4BDD
:108AE0009B6903F440433B602B4BDB6A2A4A43F00B
:108AF0000103D362284BDB6A03F001033B603B6850
:108B000000BF244B9B6903F40053B3F5005FF8D119
:108B100001237B624FF48033BB620223BB640223D8
:108B2000FB6405233B65C0237B650223BB650423EF
:108B3000FB6502233B6608237B660023BB6600239C
:108B4000FB6607F124031846F7F7E6FF0346002B00
:108B500001D000F08CF83F237B600323BB6000232F
:108B6000FB6008233B6140237B614023BB614FF4E2
:108B70008063FB6140233B623B1D04211846F8F7EC
:108B800025FC0346002B01D000F071F800BF7037C0
:108B9000BD4680BD004802580004005880B582B030
:108BA00000AF786039603B6803F00103002B02D00E
:108BB000786801F03FF900BF0837BD4680BD80B539
:108BC00082B000AF7860786801F0FEF900BF083726
:108BD000BD4680BD80B582B000AF7860786805F092
:108BE0002FFF00BF0837BD4680BD80B582B000AF03
:108BF0007860786805F0D2FF00BF0837BD4680BDB9
:108C000080B582B000AF7860786805F069FF00BF7A
:108C10000837BD4680BD80B584B000AF3B4600221A
:108C20001A605A609A60DA60F7F7FEFE01233B7023
:108C300000237B7000237B601F233B7287237B72A2
:108C40000023BB720023FB7201233B7301237B7360
:108C50000023BB730023FB733B461846F7F71CFF4A
:108C60000420F7F7F9FE00BF1037BD4680BD80B580
:108C700000AF72B600BF002008F0AAFA00BFFDE7FF
:108C800080B588B000AF07F10C0300221A605A606B
:108C90009A60DA601A61224BD3F8E030204A43F040
:108CA0008003C2F8E0301E4BD3F8E03003F08003BD
:108CB000BB60BB681A4BD3F8E030194A43F001039C
:108CC000C2F8E030164BD3F8E03003F001037B60CC
:108CD0007B68134BD3F8E030114A43F00203C2F82B
:108CE000E0300F4BD3F8E03003F002033B603B6809
:108CF000012280210B48FAF7DBFE8023FB60012371
:108D00003B6100237B610023BB6107F10C03194623
:108D10000448FAF713FD00BF2037BD4680BD00BFF1
:108D200000440258001C025880B500AF2E4B2F4A59
:108D30001A602D4B00229A602B4B0022DA602A4BDE
:108D400001221A74284B00225A74274B00229A746D
:108D5000254B01225A61244B05229A61224B132292
:108D6000DA61214B05221A621F4B01225A621E4B07
:108D700001229A621C4B0122DA621B4B01221A6308
:108D8000194B00225A63184B01229A63164B012299
:108D9000DA63154B10221A64134B04225A64124BE7
:108DA00000229A64104B0422DA640F4B00221A65E9
:108DB0000D4B04225A650C4B00229A650A4B002287
:108DC000DA65094B08221A66074B00225A66064BE1
:108DD00004229A660448FBF781FD0346002B01D06C
:108DE000FFF745FF00BF80BD8800002000A00040C5
:108DF00080B500AF2E4B2F4A1A602D4B00229A608F
:108E00002B4B0022DA602A4B01221A74284B0022D5
:108E10005A74274B00229A74254B02225A61244B24
:108E200005229A61224B1322DA61214B05221A6234
:108E30001F4B01225A621E4B01229A621C4B0122D7
:108E4000DA621B4B01221A63194B63225A63184BD7
:108E500001229A63164B0022DA63154B10221A6422
:108E6000134B04225A64124B00229A64104B0422C2
:108E7000DA640F4B00221A650D4B04225A650C4B25
:108E800000229A650A4B0022DA65094B08221A660D
:108E9000074B00225A66064B04229A660448FBF7E9
:108EA0001DFD0346002B01D0FFF7E1FE00BF80BD92
:108EB0002801002000A4004080B5BCB000AF78605D
:108EC00007F1DC0300221A605A609A60DA601A61C6
:108ED00007F11803C0220021184608F0A1FE7B68A4
:108EE0001B685C4A934256D14FF400424FF0000396
:108EF000C7E906230023C7F8883007F1180318468E
:108F0000F8F7F0FD0346002B01D0FFF7B0FE524BFF
:108F10001B685A1C50490A60002B0ED14F4BD3F8E6
:108F2000EC304E4A43F48073C2F8EC304B4BD3F82C
:108F3000EC3003F480737B617B69484BD3F8E030FD
:108F4000464A43F00203C2F8E030444BD3F8E03025
:108F500003F002033B613B694FF44073C7F8DC3018
:108F60000223C7F8E0300023C7F8E4300323C7F832
:108F7000E8300923C7F8EC3007F1DC03194638481C
:108F8000FAF7DCFB002205211320F7F718FD132068
:108F9000F7F72FFD5AE07B681B68324A934255D1A0
:108FA0004FF400424FF00003C7E906230023C7F83F
:108FB000883007F118031846F8F794FD0346002B94
:108FC00001D0FFF754FE244B1B685A1C22490A604B
:108FD000002B0ED1214BD3F8EC30204A43F48073A0
:108FE000C2F8EC301D4BD3F8EC3003F48073FB6017
:108FF000FB681A4BD3F8E030184A43F00203C2F87A
:10900000E030164BD3F8E03003F00203BB60BB68DE
:109010004FF44053C7F8DC300223C7F8E030002398
:10902000C7F8E4300323C7F8E8300923C7F8EC3069
:1090300007F1DC0319460A48FAF780FB00220521F4
:109040001420F7F7BCFC1420F7F7D3FC00BFF0376F
:10905000BD4680BD00A00040C80100200044025869
:109060000004025800A4004080B500AF224B234A00
:109070001A60214B4FF4E1325A601F4B00229A6074
:109080001D4B0022DA601C4B00221A611A4B0C2285
:109090005A61194B00229A61174B0022DA61164B74
:1090A00000221A62144B00225A62134B00229A6269
:1090B0001148FCF7B9FE0346002B01D0FFF7D7FD9E
:1090C00000210D48FFF7BFFB0346002B01D0FFF73F
:1090D000CEFD00210848FFF7F4FB0346002B01D02A
:1090E000FFF7C5FD0448FFF775FB0346002B01D0D1
:1090F000FFF7BDFD00BF80BDCC0100200010014086
:1091000080B5BAB000AF786007F1D40300221A60CE
:109110005A609A60DA601A6107F11003C0220021D8
:10912000184608F07DFD7B681B682B4A93424ED1A0
:109130004FF001024FF00003C7E904230023C7F8F2
:109140008C3007F110031846F8F7CCFC0346002BCF
:1091500001D0FFF78CFD214BD3F8F0301F4A43F0CC
:109160001003C2F8F0301D4BD3F8F03003F01003B9
:10917000FB60FB68194BD3F8E030184A43F0010359
:10918000C2F8E030154BD3F8E03003F00103BB60C8
:10919000BB684FF4C063C7F8D4300223C7F8D83097
:1091A0000023C7F8DC300023C7F8E0300723C7F8F6
:1091B000E43007F1D40319460948FAF7BFFA002250
:1091C00006212520F7F7FBFB2520F7F712FC00BF4F
:1091D000E837BD4680BD00BF001001400044025882
:1091E0000000025880B400AF00BFFDE71EF0040F7E
:1091F0000CBFEFF30880EFF309807146012208F0FD
:109200002BB900BF1EF0040F0CBFEFF30880EFF383
:1092100009807146022208F01FB900BF1EF0040F3A
:109220000CBFEFF30880EFF309807146032208F0CA
:1092300013B900BF1EF0040F0CBFEFF30880EFF36B
:1092400009807146042208F007B900BF80B400AF5E
:1092500000BFBD465DF8047B704780B400AF00BF1F
:10926000BD465DF8047B704780B400AF00BFBD46CB
:109270005DF8047B704780B500AFFBF703FB00BFD0
:1092800080BD000080B500AF0248FCF7C9F800BF00
:1092900080BD00BF8800002080B500AF0248FCF709
:1092A000BFF800BF80BD00BF2801002080B500AF1F
:1092B0000248FCF7E9FE00BF80BD00BFCC010020E2
:1092C00080B483B000AF0A4BD3F8F430084A43F0BF
:1092D0000203C2F8F430064BD3F8F43003F0020373
:1092E0007B607B6800BF0C37BD465DF8047B704730
:1092F0000044025880B586B000AF7860144A154B20
:10930000D31A7B617B693B61134B1B68002B02D135
:10931000114B124A1A60104B1A687B6813443A6961
:109320009A4207D208F084FC03460C221A604FF0E0
:10933000FF3309E0084B1B68FB60074B1A687B682A
:109340001344054A1360FB6818461837BD4680BDB4
:10935000000002200010000060020020800A0020AF
:10936000DFF838D0F7F744FAF7F7A2F90C480D49BF
:109370000D4A002302E0D458C4500433C4188C4270
:10938000F9D30A4A0A4C002301E013600432A242D6
:10939000FBD308F053FCFFF721FBFEE7000002209F
:1093A00000000020680000207828010868000020E4
:1093B000800A0020FEE7000080B485B000AF0346BD
:1093C00087ED020AC7ED010AFB81FB8907EE903A9F
:1093D000B8EE677AD7ED016AD7ED027A76EEE77AD2
:1093E00067EE277ADFED076A87EEA67AD7ED027A75
:1093F00077EE277AB0EE670A1437BD465DF8047B36
:10940000704700BF00FF7F4780B483B000AF786033
:109410007B681B781BB21B021AB27B6801331B7876
:109420001BB213431BB29BB218460C37BD465DF806
:10943000047B704780B483B000AF78600B467B80BC
:109440007B88DAB27B681A707B881B0A9AB27B68C9
:109450000133D2B21A7000BF0C37BD465DF8047BF1
:10946000704780B483B000AF786039603B68DAB28F
:109470007B681A703B681A0A7B680133D2B21A7093
:109480003B681A0C7B680233D2B21A703B681A0E22
:109490007B680333D2B21A7000BF0C37BD465DF84B
:1094A000047B704790B587B000AF786008461146DE
:1094B0001A460346FB700B46BB7013467B7007F1E0
:1094C0000C0300221A605A609A607A78B978FB78A7
:1094D000184600F036F80346FB607B681C4607F12F
:1094E0000C0393E8070084E8070078681C37BD4642
:1094F00090BD90B587B000AF7860084611461A4617
:109500000346FB700B46BB7013463B8007F10C0013
:10951000BB78FA781221FFF7C5FF3A8807F10C03F0
:10952000043311461846FFF785FF7B681C4607F198
:109530000C0393E8070084E8070078681C37BD46F1
:1095400090BD80B483B000AF0346FB710B46BB7186
:1095500013467B71FB791B0603F0F852BB791B02A3
:109560001A437B79134323F0604318460C37BD46FA
:109570005DF8047B704780B483B000AF78607B688F
:109580001B0EDBB203F01F03DBB218460C37BD46DF
:109590005DF8047B704780B582B000AF78600B4601
:1095A000FB701346BB707868BB78FA780021FFF730
:1095B00079FF78680837BD4680BD80B582B000AFBE
:1095C00078600B46FB701346BB707868BB78FA78FE
:1095D0000321FFF767FF78680837BD4680BD90B567
:1095E00087B000AF7860084611461A460346FB7004
:1095F0000B46BB7013467B7007F10C00BB78FA7802
:109600000421FFF74FFF7B78002B01D0012300E0FE
:1096100000233B747B681C4607F10C0393E80700AA
:1096200084E8070078681C37BD4690BD90B587B0C8
:1096300000AF7860084611461A460346FB700B4699
:10964000BB7013463B8007F10C00BB78FA78112100
:10965000FFF728FF3A8807F10C0304331146184638
:10966000FFF7E8FE7B681C4607F10C0393E8070050
:1096700084E8070078681C37BD4690BD90B587B078
:1096800000AF7860084611461A460346FB700B4649
:10969000BB7013463B8007F10C003B88BA78F97821
:1096A000FFF727FF97F828303B757B681C4607F1CA
:1096B0000C0393E8070084E8070078681C37BD4670
:1096C00090BD90B587B000AF7860084611461A4645
:1096D0000346FB700B46BB7013463B8007F10C0042
:1096E0003B88BA78F978FFF704FF07F10C030833D9
:1096F000B96A1846FFF7B5FE7B681C4607F10C03F4
:1097000093E8070084E8070078681C37BD4690BDE1
:1097100090B589B000AFF860084611461A4687ED4B
:10972000010A0346FB720B46BB7213463B8107F1ED
:1097300014003B89BA7AF97AFFF7DBFE00233B611C
:109740007B683B613A6907F11403083311461846F8
:10975000FFF787FEFB681C4607F1140393E8070038
:1097600084E80700F8682437BD4690BD80B584B012
:1097700000AF786039607B68002B0AD03B68002B13
:1097800007D07B681B681846FFF7F5FE0346022BDF
:1097900001D000239EE07B681B6823F06043FB60E0
:1097A000FB681B0CDBB2BB601C220021386808F090
:1097B00037FAFB689B0DDBB203F00303DAB23B68B8
:1097C0001A70BB6803F02003002B14BF0123002391
:1097D000DAB23B68DA70BB6803F01003002B14BFE9
:1097E00001230023DAB23B681A71BB6803F0080357
:1097F000002B14BF01230023DAB23B685A71BB6807
:1098000003F00403002B14BF01230023DAB23B68EA
:109810009A71BB6803F00203002B14BF01230023DD
:10982000DAB23B68DA71BB6803F00103DAB23B6875
:109830001A72FB681B0ADAB23B685A70FB68DAB22C
:109840003B689A707B6804331846FFF7DDFD0346DA
:10985000DFED220A9FED220A1846FFF7ADFDF0EE7C
:10986000407A3B68C3ED037A7B6806331846FFF7FE
:10987000CBFD0346DFED1B0A9FED1B0A1846FFF7E1
:109880009BFDF0EE407A3B68C3ED047A7B680833B9
:109890001846FFF7B9FD0346F2EE0C0ABAEE0C0AC1
:1098A0001846FFF789FDF0EE407A3B68C3ED057A74
:1098B0007B680A331846FFF7A7FD034607EE903A88
:1098C000B8EE677AF2EE046AC7EE267A3B68C3ED1B
:1098D000067A012318461037BD4680BDB81E49419F
:1098E000B81E49C100000442000004C280B483B025
:1098F00000AF78607B68052B08D07B68062B05D00D
:109900007B68072B02D07B68082B01D1012300E084
:10991000002303F00103DBB218460C37BD465DF8A7
:10992000047B704780B485B000AF78600023FB7380
:109930000BE0FB7B0A4A52F823307A689A4201D145
:10994000FB7B06E0FB7B0133FB73FB7B082BF0D931
:10995000002318461437BD465DF8047B704700BFEE
:10996000D825010880B58CB002AF7860396007F166
:10997000080320220021184608F052F97B68002BCA
:1099800002D03B68002B01D1002369E0364B1B78E5
:10999000002B0BD0354B1B687A689A4201D000230C
:1099A0005EE0334A3B681360012359E04FF0804387
:1099B000BB600023FB6002233B6101237B6100232A
:1099C000BB610023FB6107F1080319467868FBF7C8
:1099D00063F90346002B01D0002341E00023BB6064
:1099E0000023FB6007F1080319467868FBF754F978
:1099F0000346002B01D0002332E001230093012312
:109A0000022202217868FBF7BDF90346002B01D042
:109A1000002325E0154A7B681360154A3B681360F4
:109A2000144B00221A60144B00221A70134B0022B0
:109A30001A607868FBF7D3F90346002B01D00023A6
:109A40000EE0002240F601017868FBF76FFC034648
:109A5000002B01D0002303E0034B01221A700123E5
:109A600018462837BD4680BD7802002064020020D9
:109A70006C020020740200207A0200207C02002088
:109A800080B58CB002AF7860396007F108032022FE
:109A90000021184608F0C4F87B68002B02D03B6810
:109AA000002B01D1002360E0324B1B78002B0BD040
:109AB000314B1B687A689A4201D0002355E02F4A47
:109AC0003B681360012350E02D4B1B687A689A4273
:109AD00001D1002349E00023BB600023FB60022387
:109AE0003B6101237B610023BB610023FB6107F124
:109AF000080319467868FBF7CFF80346002B01D01E
:109B0000002332E00123009301230222022178681E
:109B1000FBF738F90346002B01D0002325E0164A55
:109B20007B681360154A3B681360164B00221A705D
:109B30007868FBF754F90346002B04D00E4B002243
:109B40001A60002311E0002240F601017868FBF75B
:109B5000EDFB0346002B04D0074B00221A600023C4
:109B600003E0044B01221A70012318462837BD4632
:109B700080BD00BF79020020680200207002002032
:109B8000640200207B020020B0B58EB002AF786086
:109B900007F10C0324220021184608F041F87B68E5
:109BA000002B04D07B681B68B3F1005F01D3012355
:109BB00091E04B4B1B68002B06D04A4B1B7883F07F
:109BC0000103DBB2002B01D0022384E0464B1B785B
:109BD000002B15D07B681C687B681D1DFAF766FE9C
:109BE00003460093002308222946204606F0D4FCB1
:109BF0007B681B680421184606F03AFE04236AE0DD
:109C0000374B1B681846FBF77EFB0346002B15D12C
:109C10007B681C687B681D1DFAF748FE03460093AD
:109C2000002308222946204606F0B6FC7B681B6804
:109C30000321184606F01CFE03234CE07B681B68DA
:109C4000FB604FF080433B6100237B610823BB61D5
:109C50000023FB6100233B6200237B620023BB6285
:109C60000023FB627B681A687B6804331946104640
:109C700006F0CEFD1A4B18687B681A1D07F10C031D
:109C80001946FBF7D7F80346002B15D07B681C68F4
:109C90007B681D1DFAF70AFE034600930023082285
:109CA0002946204606F078FC7B681B68042118468C
:109CB00006F0DEFD04230EE07B681C687B681D1D3A
:109CC000FAF7F4FD034600930123082229462046B3
:109CD00006F062FC002318463037BD46B0BD00BF19
:109CE00064020020780200207A02002090B58FB034
:109CF00002AF03463960FB8013467B7107F10C030A
:109D000024220021184607F08BFFFB88B3F5006F73
:109D100017D23B68002B14D07B79002B11D07B79B4
:109D2000082B0ED83F4B1B68002B0AD03E4B1B78EC
:109D300083F00103DBB2002B03D13C4B1B78002BDB
:109D40000FD03B68002B0AD0FC88FAF7AFFD034622
:109D50007A79009300233968204606F01DFC002321
:109D60005CE0304B1B681846FBF7CDFA0346002B2E
:109D700011D1FC88FAF79AFD03467A790093002303
:109D80003968204606F008FCFB880321184606F0D7
:109D90006FFD002342E0FB88FB6000233B61002352
:109DA0007B617B79224A52F82330BB610023FB613F
:109DB00000233B6200237B620023BB620023FB6223
:109DC000FB883968184606F023FD164B1B6807F11F
:109DD0000C013A681846FBF72DF80346002B11D00A
:109DE000FC88FAF763FD03467A790093002339680B
:109DF000204606F0D1FBFB880421184606F038FD0A
:109E000000230BE0FC88FAF751FD03467A790093B2
:109E100001233968204606F0BFFB0123184634377A
:109E2000BD4690BD68020020790200207B02002020
:109E3000FC250108B0B592B002AF78605D4B1B689D
:109E40007A689A4200F0A9805B4B1B687A689A4254
:109E500040F0AC80A1E007F10803043307F11402DD
:109E600040217868FBF742F80346002B05D0534B9E
:109E70001B680133514A136099E0FB69002B05D040
:109E80004E4B1B6801334D4A136086E03B6A18460F
:109E9000FFF748FD034687F83F30BB69B3F1804FB9
:109EA00005D197F83F30082B01D1012300E00023B2
:109EB00087F83E3097F83E3003F0010387F83E30D4
:109EC000BB69002B08D17B691846FFF70FFD0346DD
:109ED000002B01D0012300E0002387F83D3097F8E4
:109EE0003D3003F0010387F83D307C69FAF7DEFC72
:109EF000054697F83E0097F83F2007F10803191D23
:109F0000019597F83D3000930346204606F088FB04
:109F1000BB69002B1BD1284B1B687A689A423BD146
:109F2000274B1B68002B37D07B691846FFF7DEFCF8
:109F30000346002B30D0224B1B687A6990B297F809
:109F40003F4007F10802111D2246984724E0194BB3
:109F50001B687A689A4203D11A4B1B68002B05D103
:109F6000164B1B680133154A136016E0BB69B3F149
:109F7000804F02D13B6A082B05D0104B1B68013380
:109F80000E4A136009E07B69BB600E4B1B6807F14A
:109F900008021046984700E000BF40217868FBF7B0
:109FA00094F90346002B7FF456AF00E000BF403722
:109FB000BD46B0BD6402002068020020740200208B
:109FC000700200206C02002080B483B000AF786083
:109FD0000B4B1B687A689A4204D00A4B1B687A685C
:109FE0009A4206D1084BD3F89C300133064AC2F896
:109FF0009C3000BF0C37BD465DF8047B704700BF46
:10A0000064020020680200200C080020B0B594B063
:10A0100002AF786039607B68002B11D007F11C0318
:10A0200019467868FBF7DCF80346002B08D107F1E6
:10A030000C0319467868FBF723F90346002B03D07D
:10A04000042006F047FA2DE03B6B002B14BF0123E0
:10A050000023D8B2BB6A002B14BF01230023D9B25E
:10A06000FB6A002B14BF01230023DCB2FD69FB68EF
:10A070003A69019200932B46224606F02BFB3B6B7C
:10A08000002B0FD03B681B7883F00103DBB2002B61
:10A0900008D03B6801221A700C2006F01BFA082039
:10A0A00006F018FC4837BD46B0BD000080B582B050
:10A0B00000AFFAF7FBFB7860144B1B68002B20D035
:10A0C000134B1B7883F00103DBB2002B19D1114B2A
:10A0D0001B687A68D31A132B13D90E4A7B68136056
:10A0E0000A4B1B680C491846FFF790FF0B4B1B7877
:10A0F000002B07D00A4B1B680A491846FFF786FF5A
:10A1000000E000BF0837BD4680BD00BF64020020EC
:10A11000780200207C0200207A02002079020020D0
:10A12000680200207B02002080B400AF094B1B783E
:10A13000002B03D1084B1B78002B01D0012300E03A
:10A14000002303F00103DBB21846BD465DF8047B33
:10A15000704700BF7A0200207B02002080B483B0E9
:10A1600000AF03463960FB7100BF0C37BD465DF898
:10A17000047B70470EB480B5ADB000AF0346FB71F1
:10A18000FB79032B12D807F1C003FB6007F1100025
:10A19000FB68D7F8BC20A02107F024FD07F11002CE
:10A1A000FB7911461846FFF7D9FF00E000BFB4372E
:10A1B000BD46BDE8804003B0704780B483B000AFB7
:10A1C000786039607A683B68D31A18460C37BD4608
:10A1D0005DF8047B7047000080B485B000AF034693
:10A1E000FB710023FB600BE00B4AFB6813441B78F8
:10A1F000FA799A4201D1FB6807E0FB680133FB6002
:10A20000FB68032BF0D94FF0FF3318461437BD46D7
:10A210005DF8047B704700BF6827010880B483B0F5
:10A2200000AF78607B681B781AB27B6801331B78BB
:10A230001BB21B021BB213431BB29BB218460C3756
:10A24000BD465DF8047B704780B483B000AF786092
:10A250007B681B781A467B6801331B781B021A4304
:10A260007B6802331B781B041A437B6803331B781B
:10A270001B06134318460C37BD465DF8047B704738
:10A2800080B584B000AF78607868FFF7DDFF0346E3
:10A29000FB60FB68BB60BB6807EE903AB0EE670AF4
:10A2A0001037BD4680BD80B485B000AF7860012313
:10A2B000FB720123BB720023FB6024E0FB7A002BBE
:10A2C00007D07A68FB6813441B78002B01D1012367
:10A2D00000E00023FB72FB7A03F00103FB72BB7A00
:10A2E000002B07D07A68FB6813441B78FF2B01D141
:10A2F000012300E00023BB72BB7A03F00103BB72B1
:10A30000FB680133FB60FB68072BD7D9FB7A83F02E
:10A310000103DBB2002B07D0BB7A83F00103DBB271
:10A32000002B01D0012300E0002303F00103DBB286
:10A3300018461437BD465DF8047B704780B483B07F
:10A3400000AF78607B68DB69002B14BF012300231A
:10A35000DBB218460C37BD465DF8047B7047000041
:10A3600080B584B002AF0346FB71124B1B78FA79BB
:10A370009A421BD00F4AFB7913700F4AFB79137076
:10A38000FAF794FA03460D4A1360FA790C4B1B78DE
:10A3900019460C4B53F821300949097808460A49F7
:10A3A000095C009109490320FFF7E4FE00BF08376C
:10A3B000BD4680BD04040020800200200804002067
:10A3C00005040020582701086827010830260108E5
:10A3D00080B483B000AF0346FB71FB79032B01D13E
:10A3E000032308E0FB79012B02D0FB79022B01D17A
:10A3F000012300E0042318460C37BD465DF8047BBA
:10A4000070470000F0B58DB008AF78607B681B68BE
:10A41000224A13600023FB600DE07A68FB68134456
:10A42000043319781D4AFB68134404330A461A7032
:10A43000FB680133FB60FB68072BEED9174B9B6968
:10A440000133164A93617B681A687B681B799C46C6
:10A450007B685B7919467B689B7918467B68DB795A
:10A460001C467B681B7A1D467B685B7A1E467B68B0
:10A470009B7A3B607B68DB7A06933B680593049686
:10A480000395029401900091634605490420FFF76B
:10A4900071FE00BF1437BD46F0BD00BF940200201E
:10A4A0005826010890B585B000AF78607868FFF74E
:10A4B0006BFB0346FB73FB7B002B12D00F4B1B780F
:10A4C0001C46FB7B1846FFF783FF034619460C4AE0
:10A4D000542304FB03F3134449330A461A70002340
:10A4E00008E07868FFF78EFFFAF7E0F90346054ABF
:10A4F0001360012318461437BD4690BD05040020A3
:10A50000B40200200C04002080B586B000AF0346E2
:10A51000FB7100237B6122E0164A7B6913441A78A1
:10A5200007F10800FB79FD21FFF759F807F108034F
:10A530001846FFF729FB0346002B04D107F1080357
:10A540001846FFF75FFF0C4A7B69542101FB03F3B8
:10A550001344183300221A707B6901337B617B69D5
:10A56000032BD9D9054B00221A7000BF1837BD46FE
:10A5700080BD00BF68270108B40200201804002035
:10A5800080B58AB002AF0346FB712E4B1B781A468A
:10A59000542302FB03F32C4A1344BB61EFF31083F3
:10A5A000FB60FB687B6172B600BFFAF77FF9386128
:10A5B0000023FB6113E0244AFB69542101FB03F3F0
:10A5C000134444331B6819463869FFF7F6FD024609
:10A5D0001E49FB6941F82320FB690133FB61FB69DC
:10A5E000032BE8D9BFF35F8F00BF7B69002B01D13C
:10A5F00062B600BFBB69FA7983F84920144AFB7937
:10A600001370BB691A79134B1A70134B00221A701E
:10A610000020FFF779FF2220FFF7A2FE012005F0BE
:10A6200059FFBB691A68BB691B791946FB7900930E
:10A630000B460A490120FFF79DFD00BF2037BD46AC
:10A6400080BD00BF05040020B40200208402002069
:10A650008102002082020020190400208C260108BB
:10A6600080B586B002AF03460A46FB711346BB7144
:10A670001C4B1B781A46542302FB03F31A4A13445B
:10A68000FB60FB6893F84830022B22D8FB6893F8F4
:10A6900048300133DAB2FB6883F84820FB68BA79A6
:10A6A00083F84920FB681A68FB681B791846FB6829
:10A6B00093F848301946BB790193009103460B4942
:10A6C0000220FFF757FDFB791846FFF749FE0123EB
:10A6D00004E0BB791846FFF753FF002318461037F4
:10A6E000BD4680BD05040020B4020020B02601084C
:10A6F00080B500AFFAF7DAF80246074B1B68194637
:10A700001046FFF75AFD0346632B8CBF012300233D
:10A71000DBB2184680BD00BF0C04002080B582B0BB
:10A7200000AF03460A46FB711346BB71124B1B7800
:10A730001946124A542301FB03F313444833002201
:10A740001A700D4B1B780133DAB20B4B1A700A4B9F
:10A750001B78032B04D8FB791846FFF701FE06E0AF
:10A76000054B00221A70BB791846FFF7F9FD00BFB0
:10A770000837BD4680BD00BF05040020B40200209C
:10A7800080B584B000AFF860B96011461A460B4638
:10A79000FB711346BB71134ABB681360F868FFF77F
:10A7A00081FE034683F00103DBB2002B10D00E4B79
:10A7B0001B7819460D4A542301FB03F31344493314
:10A7C0001A78BB7911461846FFF74AFF002304E0C8
:10A7D000FB791846FFF7C4FD012318461037BD4624
:10A7E00080BD00BF1404002005040020B402002036
:10A7F00080B584B000AF0346FB711B4B1B781A4633
:10A80000542302FB03F3194A1344FB60164B1B78D5
:10A810001A46174B53F82220164B1B689A4213D046
:10A82000BFF35F8F00BFF868FFF788FD0346002B7A
:10A8300004D00F20FFF7A4FE002310E0FB680022E5
:10A8400083F8482001230AE0FFF752FF0346002B5C
:10A8500004D0FB7905211846FFF702FF00231846B4
:10A860001037BD4680BD00BF05040020B4020020A3
:10A87000400400201404002080B584B000AF0346DB
:10A880003960FB712E4B1B781A462E4B53F8222051
:10A890002D4B1B689A4243D0BFF35F8F00BF284BFC
:10A8A0001B781A46294B9B5CDBB2002B04D0092095
:10A8B000FFF766FE00233EE0214B1B781A46244B2F
:10A8C00033F812309AB2234B1B889A4204D00820E6
:10A8D000FFF756FE00232EE00023FB6010E0184B2C
:10A8E0001B7818463A68FB6813441B4982001144E0
:10A8F000FA680A441278D2B21A70FB680133FB601E
:10A90000FB68032BEBD90E4B1B781946134A5423D3
:10A9100001FB03F31344483300221A7001230AE0B9
:10A92000FFF7E6FE0346002B04D0FB79052118460D
:10A93000FFF796FE002318461037BD4680BD00BFC6
:10A94000050400206004002014040020700400208E
:10A9500074040020060400207C040020B4020020BF
:10A9600080B586B000AF0346FB800B467B71134673
:10A970003B710F4B1B781A460E4B9A5C07F10C008B
:10A98000FB88FD21FEF752FE0B4AFB881380084B23
:10A990001B781A46094B53F822103B797A7907F154
:10A9A0000C00FFF7EDFE00BF1837BD4680BD00BFAD
:10A9B0000504002068270108060400206004002028
:10A9C00080B586B000AF034687ED000AFB800B46DA
:10A9D0007B7113463B71104B1B781A460F4B9A5CE8
:10A9E00007F10C00FB8897ED000AFD21FEF790FEB1
:10A9F0000B4AFB881380084B1B781A46094B53F807
:10AA000022103B797A7907F10C00FFF7B9FE00BFFD
:10AA10001837BD4680BD00BF050400206827010827
:10AA2000060400204004002080B584B000AF034637
:10AA300087ED000AFB7107F10802FB791146184601
:10AA4000FFF71AFF034683F00103DBB2002B01D0AE
:10AA5000002326E007F108031846FFF711FC87EDF5
:10AA6000030AD7ED037AF0EEE77A9FED107AF4EE61
:10AA7000477AF1EE10FA0ED897ED037AD7ED007A07
:10AA800077EE677AF0EEE77A9FED097AF4EEC77A0F
:10AA9000F1EE10FA04DD0E20FFF772FD002300E056
:10AAA000012318461037BD4680BD00BFFFFF7F7FE2
:10AAB0006F12833A80B58AB000AF786007F108035F
:10AAC00019467868FEF752FE034683F00103DBB2B5
:10AAD000002B66D1BB7AFD2B63D17B7A1846FFF73A
:10AAE0007BFB78627B6A002B5DDB387A304A7B6ABD
:10AAF000542101FB03F31344243302461A707A698C
:10AB00002B497B6A542000FB03F30B4428331A6063
:10AB1000BA6927497B6A542000FB03F30B442C33AA
:10AB20001A60FA6922497B6A542000FB03F30B4444
:10AB300030331A603A6A1E497B6A542000FB03F3E3
:10AB40000B4434331A607B681B681B0C03F03F0214
:10AB500017497B6A542000FB03F30B441C331A6033
:10AB6000134A7B6A542101FB03F313441633012279
:10AB70001A70F9F79BFE02460D497B6A542000FBD0
:10AB800003F30B4444331A60BFF35F8F00BF094ADD
:10AB90007B6A52F823305A1C06497B6A41F823200D
:10ABA00002E000BF00E000BF2837BD4680BD00BF07
:10ABB000B40200204004002080B586B000AF786069
:10ABC0007B681B681B0AFB747B681B68DBB2FE2B6F
:10ABD0004AD1FB7C1846FFF7FFFAF860FB68002BB0
:10ABE00044DB00237B6112E07A687B691344043301
:10ABF0001878204AFB68542101FB03F31A447B694F
:10AC000013440D3302461A707B6901337B617B6903
:10AC1000072BE9D9174AFB68542101FB03F31344BE
:10AC2000153301221A70134AFB68542101FB03F308
:10AC30001344163301221A70F9F738FE02460D4903
:10AC4000FB68542000FB03F30B4444331A60BFF34A
:10AC50005F8F00BF084AFB6852F823305A1C064930
:10AC6000FB6841F8232002E000BF00E000BF183776
:10AC7000BD4680BDB40200205004002080B586B0DF
:10AC800000AF78607B681B681B0AFB747B681B68DD
:10AC9000BB74BB7CFD2B49D1FB7C1846FFF79CFAAB
:10ACA000F860FB68002B43DB7B681B681B0CD9B288
:10ACB000214AFB6813440A461A707B68043318461D
:10ACC000FFF7ACFA034619461C4AFB6822F813103A
:10ACD00000237B610FE07B6904337A6813441979A0
:10ACE000174AFB689B001A447B6913440A461A7092
:10ACF0007B6901337B617B69032BECD9F9F7D6FDC6
:10AD000002461049FB68542000FB03F30B44443314
:10AD10001A60BFF35F8F00BF0B4AFB6852F8233005
:10AD20005A1C0949FB6841F8232002E000BF00E0FB
:10AD300000BF1837BD4680BD700400207404002099
:10AD40007C040020B40200206004002080B586B09E
:10AD500000AF78607B681B681B0AFB74FB7C18469D
:10AD6000FFF73AFAF860FB68002B47DB7B681B684B
:10AD7000DBB2FD2B42D100237B6112E07A687B6954
:10AD80001344043318781F4AFB68542101FB03F372
:10AD90001A447B6913444A3302461A707B690133B3
:10ADA0007B617B69072BE9D97B6804331846FFF781
:10ADB0004BFA02461349FB68542000FB03F30B4493
:10ADC0001C331A607B6808331846FFF73DFA0246C9
:10ADD0000C49FB68542000FB03F30B4420331A603A
:10ADE000F9F764FD02460749FB68542000FB03F3B2
:10ADF0000B4444331A60BFF35F8F00E000BF183785
:10AE0000BD4680BDB402002080B588B000AF786038
:10AE100039603B68002B53D07B68B3F1005F4FD2A1
:10AE20007B68FB600023FB6116E03A68FB69134412
:10AE3000197807F11002FB6913440A461A703A6840
:10AE4000FB6913441978204AFB69134410330A46FE
:10AE50001A70FB690133FB61FB69072BE5D91A4ABC
:10AE60007B68D360184BDB690133174AD36178687C
:10AE7000FEF781FB0346FB76FB7E002B05D107F135
:10AE80000C031846FFF798FE1BE0FB7E022B05D152
:10AE900007F10C031846FFF70DFE12E0FB7E112BA5
:10AEA00005D107F10C031846FFF7E8FE09E0FB7E29
:10AEB000152B06D107F10C031846FFF747FF00E0FA
:10AEC00000BF2037BD4680BD9402002080B582B00F
:10AED00000AF78607B68002B07D07B681A687B68BE
:10AEE000043319461046FFF78FFF00BF0837BD46F1
:10AEF00080BD000080B584B000AF78604FF4A872C8
:10AF00000021434806F08CFE20220021414806F033
:10AF100087FE10220021404806F082FE1022002108
:10AF20003E4806F07DFE102200213D4806F078FEE6
:10AF3000042200213B4806F073FE102200213A480B
:10AF400006F06EFE10220021384806F069FE384BEC
:10AF500000221A70374B00221A70374B00221A70E9
:10AF6000364B00221A70364B00221A701022002134
:10AF7000344806F055FE0023FB6029E0324AFB68A6
:10AF800052F823202249FB68542000FB03F30B44B2
:10AF90001A602E4AFB68134418781D4AFB68542136
:10AFA00001FB03F31344043302461A70FB68542276
:10AFB00002FB03F3164A1344581DFB68DB00244AC6
:10AFC00013440822194606F05FFEFB680133FB605C
:10AFD000FB68032BD2D97B68002B09D01D49786808
:10AFE000FEF7C0FC034683F00103DBB2002B06D062
:10AFF000194B00221A700220FFF7C2FA05E0164B27
:10B0000000221A700120FFF7ABF91037BD4680BD52
:10B01000B4020020940200204004002050040020CC
:10B02000600400201C0400202004002030040020C4
:10B0300005040020180400201904002081020020CB
:10B040008202002084020020582701086827010896
:10B050006C270108CDAE00080404002080B584B040
:10B0600000AF144B1B78022B15D1134B1B781A46DB
:10B07000124B9A5C381D0023FD21FEF7B0FA0E4BEF
:10B080001B781A460E4B53F82210381D0223032258
:10B09000FFF776FB09E00220FFF7AAFB0346002B2F
:10B0A00003D004210220FFF739FB00BF1037BD4653
:10B0B00080BD00BF040400200504002068270108AB
:10B0C00040040020F0B58FB008AF3B4B1B781A4608
:10B0D000542302FB03F3394A13447B61384B1B783A
:10B0E000042B14D17B691A7907F10803FD21184656
:10B0F000FEF751FA304B1B781A46324B53F82210A8
:10B1000007F1080004230522FFF73AFB4FE02A4B22
:10B110001B781A462B4B53F822202B4B1B689A4264
:10B120003CD0BFF35F8F00BF7B690D331846FFF73C
:10B13000BAF8034683F00103DBB2002B03D00A20E8
:10B14000FFF71EFA33E07B691A687B695B7B9C46DC
:10B150007B699B7B19467B69DB7B18467B691B7C83
:10B160001C467B695B7C1D467B699B7C1E467B691C
:10B17000DB7C7B607B691B7D06937B680593049673
:10B180000395029401900091634610490320FEF755
:10B19000F1FF06210420FFF7C1FA08E0FFF7A8FA43
:10B1A0000346002B03D005210420FFF759FA00BF06
:10B1B0001C37BD46F0BD00BF05040020B4020020CE
:10B1C000040400205004002014040020DC260108A0
:10B1D00080B582B000AF1A4B1B781A46542302FB8D
:10B1E00003F3184A13447B60174B1B78062B06D1D8
:10B1F0000622072147F21900FFF7B2FB1CE03B468D
:10B2000019460620FFF738FB0346002B14D07B6855
:10B210003C333A681A603B461846FFF731F8F0EEC7
:10B22000407A7B68C3ED0E7A7B689A6B7B681A6400
:10B2300008210620FFF772FA00BF0837BD4680BD1F
:10B2400005040020B40200200404002080B582B070
:10B2500000AF00237B609BE0544A7B68542101FBD4
:10B2600003F3134438331B683B60D7ED007AF0EEEC
:10B27000E77A9FED4F7AF4EE477AF1EE10FA21D893
:10B280004C4A7B689B001344D3ED007A9FED4A7AC9
:10B2900077EEC77A97ED007AB4EEE77AF1EE10FA1E
:10B2A00010D4464A7B689B001344D3ED007A9FED8F
:10B2B000427A77EE877A97ED007AB4EEE77AF1EE8C
:10B2C00010FA1DDD7B68DAB23D4B1A70D7ED007ABB
:10B2D000F0EEE77A9FED367AF4EE477AF1EE10FA67
:10B2E0008CBF01230023DBB283F00103DBB2002B10
:10B2F00001D00D2300E00C231846FFF741F951E07F
:10B300002C4A7B689B001344D3ED007A97ED007ABA
:10B31000B4EEE77AF1EE10FA0DD5264A7B689B0071
:10B3200013441A6821497B68542000FB03F30B4443
:10B3300038331A6019E0214A7B689B001344D3ED2F
:10B34000007A97ED007AB4EEE77AF1EE10FA0CDDB0
:10B350001A4A7B689B0013441A6814497B6854207E
:10B3600000FB03F30B4438331A60104A7B68542106
:10B3700001FB03F3134438331A680C497B685420EB
:10B3800000FB03F30B4440331A607B6801337B609E
:10B390007B68032B7FF660AF094B00221A700920EF
:10B3A000FEF7DEFF0837BD4680BD00BFB4020020B7
:10B3B000FFFF7F7FAC2701086F12833ABC2701088B
:10B3C0000504002080B586B002AF2D4B1B78092BF9
:10B3D0001CD12C4B1B781A462B4B9A5C381D05232D
:10B3E000009347F20503FD21FEF748F9274B47F28A
:10B3F00005021A80234B1B781A46254B53F822105E
:10B40000381D09230A22FFF7BBF934E01C4B1B78D7
:10B410000A2B09D10920FFF7EBF90346002B2AD0AC
:10B420000B20FEF79DFF26E0154B1B780B2B06D15A
:10B430000B220C2147F20500FFF792FA1BE03B4676
:10B4400019460B20FFF718FA0346002B13D03B7860
:10B45000052B08D17B78002B05D1BB78002B02D1BE
:10B46000FB78002B03D00E20FFF78AF803E00D21B4
:10B470000920FFF753F900BF1037BD4680BD00BF5C
:10B4800004040020050400206827010806040020A9
:10B490004004002090B585B000AF044687ED020A55
:10B4A000084611461A462346FB8103467B730B462A
:10B4B0003B731346FB71204B1B787A7B9A4208D171
:10B4C0007A7B397BFB8997ED020A1846FFF778FAF9
:10B4D0002DE0194B1B783A7B9A420BD17B7B1846A7
:10B4E000FFF786F90346002B21D0FB791846FEF7BB
:10B4F00037FF1CE0104B1B78FA799A4207D1FA7992
:10B5000097F82010FB891846FFF72AFA0FE0FB791D
:10B5100097ED020A1846FFF787FA0346002B06D07C
:10B5200097F824207B7B11461846FFF7F7F800BFF9
:10B530001437BD4690BD00BF0404002080B586B01E
:10B5400002AF2C4B1B78152B1DD12B4B1B781A46A9
:10B550002A4B9A5C381D42F21073009347F228037D
:10B56000FD21FEF7AEF8264B47F228021A80224B47
:10B570001B781A46234B53F82210381D1523162228
:10B58000FFF7FEF831E01B4B1B78162B09D1152075
:10B59000FFF72EF90346002B27D01720FEF7E0FE19
:10B5A00023E0144B1B78172B06D11722182147F2E2
:10B5B0002800FFF7D5F918E03B4619461720FFF79A
:10B5C0005BF90346002B10D03B461846FEF73CFEC5
:10B5D000034642F21072934203D00E20FEF7D0FFD2
:10B5E00003E019211520FFF799F800BF1037BD4679
:10B5F00080BD00BF04040020050400206827010866
:10B60000060400204004002080B584B000AF304B19
:10B610001B781A46542302FB03F32E4A1344FB60A3
:10B620002D4B1B78192B1CD1FB681A79FB68D3EDC5
:10B630000E7A3846B0EE670A47F21603FD21FEF790
:10B6400067F8264B47F216021A80214B1B781A46E0
:10B65000234B53F82210384619231A22FFF790F88B
:10B6600032E01D4B1B781A2B09D11920FFF7C0F8C7
:10B670000346002B28D01B20FEF772FE24E0164B59
:10B680001B781B2B06D11B221C2147F21600FFF74B
:10B6900067F919E0FB68D3ED0E7AB0EE670A1B205C
:10B6A000FFF7C2F90346002B0ED0FB680122DA75C2
:10B6B0001D211920FFF732F8074B1B781D2B03D1F2
:10B6C00008490320FEF756FD00BF1037BD4680BD78
:10B6D00005040020B4020020040400200604002019
:10B6E000400400200427010880B584B000AF2C4B33
:10B6F0001B781A46542302FB03F32A4A1344FB60C7
:10B70000294B1B781E2B12D1FB681A793B46FD2171
:10B710001846FDF752FF224B1B781A46234B53F86D
:10B72000221038461E231F22FFF72AF835E01E207C
:10B73000FFF75EF80346002B2FD0FB6893F8243008
:10B74000022B17D1FB68D3ED0B7AF0EEE77AB6EE59
:10B75000007AF4EEC77AF1EE10FA0BDCF9F7A6F8EE
:10B760000246FB685B6C19461046FEF726FD034651
:10B77000642B0BD9FB6893F82430022B01D01023E3
:10B7800000E011231846FEF7FBFE06E0FB680122ED
:10B790001A7620211E20FEF7C1FF1037BD4680BD5E
:10B7A00005040020B402002004040020400400200E
:10B7B00080B582B000AFF9F779F8386000237B607C
:10B7C0005AE0374A7B68542101FB03F313441733D3
:10B7D0001B7883F00103DBB2002B33D1304A7B6846
:10B7E000542101FB03F3134418331B7883F0010346
:10B7F000DBB2002B26D17B68542202FB03F3284ADC
:10B8000013441846FEF79AFD0346002B1AD1244A2A
:10B810007B68542101FB03F3134424331B78022B70
:10B8200010D11F4A7B68542101FB03F313444433B6
:10B830001B6819463868FEF7C0FC034640F2A46254
:10B84000934216D97B68DAB2164B1A707B68542281
:10B8500002FB03F3124A13441846FEF76FFD03463A
:10B86000002B01D00F2300E011231846FEF788FEBD
:10B8700012E07B6801337B607B68032BA1D90A4B04
:10B8800001221A70094A3B6813602120FEF768FD07
:10B8900007490320FEF76EFC0837BD4680BD00BF98
:10B8A000B402002005040020180400201004002029
:10B8B0004827010880B58AB000AFF8F7F7FF386273
:10B8C00000237B62A2E0EFF310833B613B69FB61E5
:10B8D00072B600BF7B6A542202FB03F3754A13441D
:10B8E0001846FEF72BFD0346FB76724A7B6A54210D
:10B8F00001FB03F3134444331B687B61BFF35F8F89
:10B9000000BFFB69002B01D162B600BFFB7E002B9C
:10B9100007D07B6ADAB2684B1A700F20FEF730FE50
:10B92000C5E07969386AFEF748FC0346B3F5FA7F4B
:10B9300005D8624A7B6A134400221A7063E05F4AAA
:10B940007B6A13441B7883F00103DBB2002B06D122
:10B950005B4A7B6A52F823307A699A420FD0574A81
:10B960007B6A134401221A7056497B6A3A6A41F88D
:10B97000232053497B6A7A6941F8232043E0514AE6
:10B980007B6A52F823301946386AFEF716FC0346E4
:10B99000632B37D9EFF31083FB60FB68FB6172B652
:10B9A00000BF444A7B6A542101FB03F31344443330
:10B9B0001B687B61BFF35F8F00BFFB69002B01D168
:10B9C00062B600BF3E4A7B6A52F823307A699A42D7
:10B9D0000AD1F8F76BFF034679691846FEF7EDFBCD
:10B9E0000346B3F5FA7F05D8344A7B6A1344002234
:10B9F0001A7008E07B6ADAB22F4B1A701120FEF73A
:10BA0000BFFD54E000BF7B6A01337B627B6A032B7E
:10BA10007FF659AF2C4B1B681946386AFEF7CDFBF1
:10BA20000346132B42D9284A3B6A136000237B62EA
:10BA300035E0204A7B6A542101FB03F313440433AD
:10BA40001A781C497B6A542000FB03F30B444033F3
:10BA5000D3ED007A3846B0EE670A47F21603FD21AF
:10BA6000FDF756FE7B6ADAB2134B1A703B46184656
:10BA7000FEF718FD034683F00103DBB2002B0BD069
:10BA80000C4A7B6A542101FB03F3134449331B78AE
:10BA90001846FEF775FD0AE07B6A01337B627B6A1C
:10BAA000032BC6D9044B00221A7000E000BF2837D0
:10BAB000BD4680BDB4020020050400201C04002007
:10BAC00030040020200400201004002080B584B041
:10BAD00002AFF8F7EBFE3860BFF35F8F00BF7D4B1E
:10BAE0001B78222B42D07B4B1B78002B3ED00023AF
:10BAF0007B6038E07B68542202FB03F3764A1344F0
:10BB00001846FEF71BFC0346002B07D07B68DAB211
:10BB1000724B1A700F20FEF733FDD7E06E4A7B6838
:10BB2000542101FB03F3134416331B78002B17D069
:10BB3000694A7B68542101FB03F313443433D3ED8A
:10BB4000007A9FED677AF4EEC77AF1EE10FA07DB20
:10BB50007B68DAB2614B1A701420FEF711FDB5E074
:10BB60007B6801337B607B68032BC3D9594B1B78FF
:10BB7000013B202B00F2A58001A252F823F000BF68
:10BB800005BC000827BC000827BC00082DBC000825
:10BB90002DBC000833BC000833BC000839BC0008C9
:10BBA0003FBC00083FBC00083FBC00083FBC000889
:10BBB00067BC000867BC000867BC000867BC0008D9
:10BBC00045BC000845BC000845BC000845BC000851
:10BBD00089BC000889BC000889BC000889BC000831
:10BBE0008FBC00088FBC00088FBC00088FBC000809
:10BBF00095BC0008B1BC0008B1BC0008B7BC000887
:10BC0000BDBC0008374B1B6819463868FEF7D5FAEB
:10BC10000346B3F5FA7F56D3304B00221A70022048
:10BC2000FEF79EFB4FE0FFF719FA4FE0FFF74AFAE5
:10BC30004CE0FFF7CDFA49E0FFF708FB46E0FFF7DD
:10BC4000C1FB43E0284BD3ED007A15230193142365
:10BC50000093132312221121B0EE670A47F2180055
:10BC6000FFF718FC32E0214BD3ED007A112301934A
:10BC7000102300930F230E220D21B0EE670A47F226
:10BC80001700FFF707FC21E0FFF758FC1EE0FFF765
:10BC9000BBFC1BE0164B1B78002B16D0144B00226C
:10BCA0001A700E4B00221A701E20FEF759FB0CE092
:10BCB000FFF71AFD0AE0FFF77BFD07E0FFF7FAFD4B
:10BCC00004E000BF02E000BF00E000BF0837BD464F
:10BCD00080BD00BF04040020B40200200504002041
:10BCE0000000AA42080400201400002010000020D8
:10BCF0001904002080B582B000AF1C4B1B781D2BAF
:10BD000001D000232EE000237B601DE0184A7B68F1
:10BD1000542101FB03F3134417331B7883F0010311
:10BD2000DBB2002B0BD17B68542202FB03F3104AD9
:10BD300013441846FEF702FB0346002B01D00023F4
:10BD400010E07B6801337B607B68032BDED9094BF5
:10BD500001221A70084BD3F890300133064AC2F81A
:10BD60009030012318460837BD4680BD04040020EA
:10BD7000B4020020190400200C08002080B582B015
:10BD800000AF0123FB700020FEF7BEFB00237B60A9
:10BD900017E0FB78002B0BD0144A7B68542101FB81
:10BDA00003F3134417331B78002B01D0012300E069
:10BDB0000023FB70FB7803F00103FB707B68013309
:10BDC0007B607B68032BE4D9094B1B78222B08D0BE
:10BDD000FB78002B01D01D2300E000231846FEF75E
:10BDE000BFFA00BF0837BD4680BD00BFB4020020C7
:10BDF0000404002080B500AF0020FEF785FB054B52
:10BE00000F221A70012004F065FB2220FEF7A8FA29
:10BE100000BF80BD8102002080B582B000AF01204C
:10BE2000FEF772FB00237B6038E0304A7B685421C8
:10BE300001FB03F313441C3300221A602B4A7B6876
:10BE4000542101FB03F31344203300221A60274AD4
:10BE50007B68542101FB03F31344483300221A701A
:10BE6000224A7B68542101FB03F313444933002227
:10BE70001A701E4A7B68542101FB03F313441733E5
:10BE800000221A70194A7B68542101FB03F3134402
:10BE9000183300221A707B6801337B607B68032BA8
:10BEA000C3D9134B00221A70124B00221A701022B1
:10BEB0000021114805F0B4FE042200210F4805F0CE
:10BEC000AFFE102200210E4805F0AAFE102200212C
:10BED0000C4805F0A5FE0C4B00221A700120FEF75D
:10BEE0003FFA012318460837BD4680BDB402002042
:10BEF0008102002082020020840200201C04002015
:10BF000020040020300400200504002080B500AF8C
:10BF1000FFF782FF0346184680BD000080B582B05F
:10BF200000AF87ED010AC7ED000AD7ED017AF0EE08
:10BF3000E77A9FED207AF4EE477AF1EE10FA2AD8EC
:10BF4000D7ED007AF0EEE77A9FED1A7AF4EE477AB1
:10BF5000F1EE10FA1FD8D7ED017AF5EEC07AF1EEC6
:10BF600010FA18D9D7ED017AB7EE007AF4EEC77A55
:10BF7000F1EE10FA0FDCD7ED007AF5EEC07AF1EEB3
:10BF800010FA08D9D7ED007AB0EE007AF4EEC77A4D
:10BF9000F1EE10FA01DD002308E0074A7B68136028
:10BFA000064A3B681360FFF737FF03461846083719
:10BFB000BD4680BDFFFF7F7F1000002014000020E1
:10BFC00080B400AF094B1B78002B05D0084B1B78C1
:10BFD000212B01D1012300E0002303F00103DBB298
:10BFE0001846BD465DF8047B704700BF180400206A
:10BFF0000404002080B400AF034B1B781846BD46F4
:10C000005DF8047B704700BF0404002080B584B055
:10C0100000AF03463960FB71FB79032B02D83B6804
:10C02000002B01D100231BE0EFF31083BB60BB6842
:10C03000FB6072B600BFFB7938680B4A542101FBE4
:10C0400003F31344194654231A4605F01DFEBFF3AB
:10C050005F8F00BFFB68002B01D162B600BF0123D8
:10C0600018461037BD4680BDB402002080B487B0AA
:10C0700000AF034687ED020A7960FB73FB7B404A01
:10C080009B00134493ED007AD7ED027A27EE277ACE
:10C09000FB7B3C4A9B001344D3ED007A77EE277A72
:10C0A000C7ED057AD7ED027AF0EEE77A9FED367AA2
:10C0B000F4EE477AF1EE10FA0AD8D7ED057AF0EEF1
:10C0C000E77A9FED317AF4EE477AF1EE10FA01D972
:10C0D00000234EE0FB7B2D4A9B001344D3ED007AF6
:10C0E0009FED2B7A77EEC77A97ED057AB4EEE77A73
:10C0F000F1EE10FA10D4FB7B264A9B001344D3EDDB
:10C10000007A9FED237A77EE877A97ED057AB4EE81
:10C11000E77AF1EE10FA01DD00232AE0FB7B1B4AEF
:10C120009B001344D3ED007A97ED057AB4EEE77ADD
:10C13000F1EE10FA06D5FB7B144A9B0013441B68F2
:10C140007B6112E0FB7B134A9B001344D3ED007A22
:10C1500097ED057AB4EEE77AF1EE10FA05DDFB7B98
:10C160000C4A9B0013441B687B617B687A691A60E8
:10C17000012318461C37BD465DF8047B704700BF9D
:10C180008C2701089C270108FFFF7F7FAC2701084F
:10C190006F12833ABC27010880B58EB000AF87EDDF
:10C1A000030AC7ED020A87ED011AC7ED001AFB6802
:10C1B0007B62BB68BB627B68FB623B683B63FFF7EB
:10C1C000FFFE034683F00103DBB2002B01D0002306
:10C1D00072E000237B6354E07B6B542202FB03F389
:10C1E000374A13441846FEF7A9F80346002B18D126
:10C1F0007B6BD8B27B6B9B0038333B44143BD3ED55
:10C20000007A07F114027B6B9B0013441946B0EED1
:10C21000670AFFF72BFF034683F00103DBB2002B15
:10C2200008D07B6BDAB2274B1A701220FEF7A8F900
:10C23000002341E07B6B9B0038333B44243B93ED70
:10C24000007A1F4A7B6B542101FB03F313444033F4
:10C25000D3ED007A77EE677AF0EEE77A9FED1A7AFF
:10C26000F4EEC77AF1EE10FA08DD7B6BDAB2154B0B
:10C270001A701320FEF784F900231DE07B6B013355
:10C280007B637B6B032BA7D900237B6310E07B6B65
:10C290009B0038333B44243B1A6809497B6B54208C
:10C2A00000FB03F30B4440331A607B6B01337B6369
:10C2B0007B6B032BEBD9012318463837BD4680BD75
:10C2C000B4020020050400205839343C80B400AF8B
:10C2D00000231846BD465DF8047B704780B588B0E2
:10C2E00000AF87ED030AC7ED020A78607B68002B78
:10C2F00015D0D7ED037AF0EEE77A9FED557AF4EE9C
:10C30000477AF1EE10FA0AD8D7ED027AF0EEE77A22
:10C310009FED4F7AF4EE477AF1EE10FA01D900233F
:10C3200091E0DFED4C0A97ED030A05F023F987ED64
:10C33000070AD7ED077AF5EEC07AF1EE10FA07D5C5
:10C34000D7ED077A9FED437A77EE877AC7ED077AC4
:10C35000D7ED077A9FED3F7AF4EEC77AF1EE10FA47
:10C3600002DB4FF00003FB61D7ED027AF0EEE77AD3
:10C37000C7ED057A7B68FA691A60D7ED077A9FEDF9
:10C38000367A77EEC77AF1EE677AC7ED067ADFED97
:10C39000310A97ED060A05F0EDF887ED060AD7EDAC
:10C3A000067AF5EEC07AF1EE10FA07D5D7ED067AE7
:10C3B0009FED287A77EE877AC7ED067AD7ED067A71
:10C3C0009FED267AF4EEC77AF1EE10FA13D87B6867
:10C3D000BA695A607B6801221A73D7ED057AF5EEC7
:10C3E000407AF1EE10FA01D07B6901E04FF00003D2
:10C3F0007A6813611CE0D7ED067A9FED187A77EE24
:10C40000C77A7B68C3ED017A7B68FF221A73D7ED88
:10C41000057AF5EE407AF1EE10FA04D0D7ED057A00
:10C42000F1EE677A01E0DFED0E7A7B68C3ED047A06
:10C430007B68D3ED017A9FED0B7A67EE877A7B6894
:10C44000C3ED027A012318462037BD4680BD00BFE8
:10C45000FFFF7F7F0000B4430000B442000034437C
:10C460000000000035FA8E3C80B584B000AF034672
:10C47000FB71FFF7BFFD0346FB73FB79062B01D170
:10C48000082327E0FB79052B01D1072322E0FB7B62
:10C49000222B01D108231DE0FB7B1C2B01D8032399
:10C4A00018E0FB7B1C2B04D9FB7B202B01D802233B
:10C4B00010E0FB79022B05D0FB79032B02D0FB792E
:10C4C000012B01D1052305E0FB79042B01D10623C3
:10C4D00000E0042318461037BD4680BD80B483B009
:10C4E00000AF786039607A683B68D31A18460C3719
:10C4F000BD465DF8047B704780B485B000AF03464D
:10C50000FB710023FB730AE0FB7B0A4AD35CFA79D8
:10C510009A4201D1FB7B06E0FB7B0133FB73FB7B83
:10C52000032BF1D9FF2318461437BD465DF8047B71
:10C53000704700BFD027010880B582B000AF00234C
:10C54000FB710BE0FB79184601F03EFE0346002B21
:10C5500001D0FB7906E0FB790133FB71FB79032BFA
:10C56000F0D9FF2318460837BD4680BD80B582B09C
:10C5700000AF0346FB710D4AFB7913700C4AFB793F
:10C580001370F8F793F90346094A9367FB79184645
:10C59000FFF76AFF03461A46054B9B6F1946104684
:10C5A00003F05CFF00BF0837BD4680BD8C0400204F
:10C5B000A404002080B584B000AF78600B46FB7007
:10C5C0007B68DAB2FB781B021343FB607B68012BAC
:10C5D0000BD1FB78032B08D8FB78184601F0F4FD4B
:10C5E00003461B04FA681343FB6001F0BBFCFFF732
:10C5F000C5FB124B00221A70114A7B68D367104AA0
:10C60000FB7882F880300620FFF7B0FF7B68012BB3
:10C6100001D1022300E00123184603F05BFF7B6891
:10C62000012B01D1092300E00A23F968184604F020
:10C63000F7FB00BF1037BD4680BD00BF29050020B5
:10C64000A404002080B485B000AF87ED010AC7EDD7
:10C65000000A97ED017AD7ED007A77EE677AF0EE6F
:10C66000E77AC7ED037AD7ED037A9FED0C7AF4EE03
:10C67000C77AF1EE10FA07DD9FED097AD7ED037A5C
:10C6800077EE677AC7ED037AFB6807EE903AB0EE73
:10C69000670A1437BD465DF8047B704700003443D9
:10C6A0000000B44380B588B000AF87ED010A0023D5
:10C6B000FB6116E0274AFB69134493F9003007EE4B
:10C6C000903AB8EEE77AD7ED017A67EE277AFB6900
:10C6D0009B0020333B44143BC3ED007AFB690133DC
:10C6E000FB61FB69032BE5D9D7ED037A97ED047A5B
:10C6F000D7ED056A97ED066AF0EE461AB0EE661AB7
:10C70000F0EE470AB0EE670A01F0B6FA034683F08E
:10C710000103DBB2002B01D0002316E00023FB61F4
:10C720000FE0FB699B0020333B44143B1A680A4925
:10C73000FB6916339B000B4404331A60FB69013319
:10C74000FB61FB69032BECD9012318462037BD465A
:10C7500080BD00BFCC270108A404002080B500AF35
:10C76000142200210D4805F05BFA842200210C48B8
:10C7700005F056FA0B4B00221A700B4B00221A7070
:10C780000A4B00221A700A4B00221A7001F03CF882
:10C790000020FFF7EBFE00BF80BD00BF900400202B
:10C7A000A4040020280500202905002030050020D1
:10C7B00031050020B0B58AB000AF87ED010AC7EDA2
:10C7C000000AF8F773F878625B4B1B78062B29D0C8
:10C7D000FFF77CFD034683F00103DBB2002B21D180
:10C7E000D7ED007AF0EEE77A9FED547AF4EEC77A4F
:10C7F000F1EE10FA07DB01F0B5FC034683F001030C
:10C80000DBB2002B0ED107F10C031846D7ED000A5E
:10C8100097ED010AFFF762FD034683F00103DBB2E7
:10C82000002B01D0002383E0454A7B685360444AD3
:10C830003B68D360424A7B6A5367424B1B78002BAC
:10C840002CD097F91820404B93F90C309A4225D1FF
:10C85000D7ED037A3C4B93ED007AF0EE470AB0EE49
:10C86000670AFFF7EFFEF0EE407AB6EE007AF4EEDC
:10C87000C77AF1EE10FA11D597ED057A324BD3ED68
:10C88000027A77EE677AF0EEE77A9FED307AF4EE8F
:10C89000C77AF1EE10FA01D5012300E0002387F8F2
:10C8A000233097F8233003F0010387F8233097F8FB
:10C8B0002330002B1AD0204B1B78002B16D0FB699D
:10C8C000214A13611E4A3B68D360FB691C4A13610D
:10C8D000194B1B78042B07D1D7ED077AB0EE670A06
:10C8E000FFF7E0FE034623E0012321E0164B1D463F
:10C8F00007F10C040FCC0FC523682B60114B0122EC
:10C900001A70134B01221A70FB680D4A9360FB6981
:10C910000B4A13617B690A4A536197F91820084B47
:10C9200083F8582001F0ACFA0120FFF71FFE012325
:10C9300018462837BD46B0BD8C0400206F12833ADC
:10C94000A4040020280500209004002036FA0E3CA4
:10C950002905002080B584B000AF87ED010AC7ED3E
:10C96000000AD7ED017AF0EEE77A9FED257AF4EE32
:10C97000477AF1EE10FA0AD8D7ED007AF0EEE77AAE
:10C980009FED1F7AF4EE477AF1EE10FA01D90023F9
:10C9900031E0D7ED017A27EEA77AD7ED007A67EE7E
:10C9A000A77A77EE277AB0EE670A04F007FE87EDE4
:10C9B000030AD7ED037A9FED137AF4EEC77AF1EE0E
:10C9C00010FA03D500F092FA012314E0D7ED010A22
:10C9D00097ED000A04F0CCFDF0EE407A9FED0A7A64
:10C9E00067EE877AC7ED027AD7ED030A97ED020A60
:10C9F000FFF7E0FE034618461037BD4680BD00BF76
:10CA0000FFFF7F7F6F12833AE02E654280B598B0BA
:10CA100000AF012387F85B300023FB6566E0FB6D08
:10CA2000DBB23A1D11461846FFF7F0FA034683F0D1
:10CA30000103DBB2002B06D0FB6DDAB2324B83F878
:10CA4000802000235CE07A6C2F49FB6D06339B004D
:10CA50000B441A60FA6A2C49FB6D0A339B000B44A5
:10CA60001A6097ED0B7AD7ED117A77EE677A264A3E
:10CA7000FB6D0E339B001344C3ED007A3A6B2249E1
:10CA8000FB6D12339B000B441A601F4AFB6D0E3383
:10CA90009B001344D3ED007AF0EEE77A9FED1B7A0A
:10CAA000F4EEC77AF1EE10FA94BF0123002387F861
:10CAB0005A30154AFB6D13446C3397F85A201A709C
:10CAC00097F85B30002B05D097F85A30002B01D037
:10CAD000012300E0002387F85B3097F85B3003F018
:10CAE000010387F85B30FB6D0133FB65FB6D032BA6
:10CAF00095D9054A97F85B3082F8703097F85B302B
:10CB000018466037BD4680BDA40400208FC2F53CA6
:10CB100080B582B000AF134B9B687B60D7ED011AE4
:10CB200097ED011AD7ED010A97ED010AFFF734FBE3
:10CB3000034683F00103DBB2002B07D00A4B1B78BE
:10CB4000DBB219460220FFF735FD08E0074B002253
:10CB50001A70074B00221A700220FFF707FD0837F2
:10CB6000BD4680BD900400208202002029050020DF
:10CB70003005002080B59CB000AFF7F797FEF86550
:10CB800000F0EAFEFDF792FAF86D03F0C9FBFFF73B
:10CB900031FA034687F85B30002387F86F3097F847
:10CBA0005B301C2B8CBF0123002387F86E300023E1
:10CBB000BB6630E0BB6EDBB23A1D11461846FFF78C
:10CBC00025FA0346002B23D097F86F30002B02D1B3
:10CBD0003B7F002B01D0012300E0002387F86F305A
:10CBE00097F86F3003F0010387F86F3097F86E30D5
:10CBF000002B04D0FB7E002B01D0012300E000239A
:10CC000087F86E3097F86E3003F0010387F86E30C6
:10CC1000BB6E0133BB66BB6E032BCBD9FFF7D0F9DC
:10CC200003461A4697F85B30222B0CBF01230023E2
:10CC3000DBB297F86E1097F86F0003F073FCA24B0D
:10CC40001B781846FFF710FC0346F96D184603F0F1
:10CC500005FC9D4B1B78062B00F02981FDF764FA3B
:10CC60000346002B07D0072003F01EFC0021012003
:10CC7000FFF7A0FC24E1FFF7BDF90346222B0BD1FF
:10CC8000924B1B78DBB21846FFF736FC0346194679
:10CC90000220FFF78FFC13E101F020FA034683F036
:10CCA0000103DBB2002B07D0FFF746FC0346194611
:10CCB0000120FFF77FFC03E101F06AF903461A4601
:10CCC000834B83F87120804B1B78012B07D07E4B60
:10CCD0001B78022B03D07C4B1B78032B1FD17C4B82
:10CCE0005B6F1946F86DFFF7F9FB0346B3F5967FC6
:10CCF00015D301F0C5F8774B00221A70764B00224D
:10CD00001A70764BDB6B0133744AD363052003F052
:10CD1000CBFB03F039FD0520FFF728FCD0E06A4B80
:10CD20001B78013B032B00F2C48001A252F823F0D0
:10CD300041CD000863CD00086BCD000867CE000828
:10CD400001F09EF801F024F90346002B00F0B380B7
:10CD5000FFF736F90346002B00F0AD80FFF7D8FE51
:10CD6000A9E00320FFF702FCAAE05A4B1B78002B36
:10CD700005D001F085F80120FFF7F8FB9DE0FFF7F3
:10CD800045FE0346002B3FD0534B1B7883F0010335
:10CD9000DBB2002B06D0504B01221A70504AFB6DBB
:10CDA00013608AE04E4B1B681946F86DFFF796FB3F
:10CDB0000346C72B40F281804A4BD3ED047AF0EE54
:10CDC000E77A9FED497AF4EEC77AF1EE10FA05D5CD
:10CDD00001F056F80020FFF7C9FB6EE0414BD3EDA0
:10CDE000047AB0EE670AFFF75DFC034683F00103A7
:10CDF000DBB2002B04D000210120FFF7DBFB5CE05D
:10CE00000420FFF7B3FB58E0334B00221A70304B7D
:10CE10009B6F1946F86DFFF761FB034641F28732BD
:10CE200093424AD9002387F8633000237B6610E0E1
:10CE3000274A7B6E13446C331B7883F00103DBB20B
:10CE4000002B03D07B6E87F8633005E07B6E0133E7
:10CE50007B667B6E032BEBD997F863301946032072
:10CE6000FFF7A8FB29E01B4B1B78002B05D001F036
:10CE700007F80120FFF77AFB21E0154B5B6F19469D
:10CE8000F86DFFF72BFB0346B3F5967F17D300F041
:10CE9000F7FF124BDB6B0133104AD363052003F01D
:10CEA00003FB03F071FC0520FFF760FB07E000BF08
:10CEB00006E000BF04E000BF02E000BF00E000BFEA
:10CEC0007037BD4680BD00BF8C0400208202002068
:10CED000A404002029050020300500200C080020B3
:10CEE0002C050020900400206F12833A80B500AF1B
:10CEF00000F0C6FF054B00221A70054B1B78062B6D
:10CF000002D00020FFF732FB00BF80BD29050020C2
:10CF10008C04002080B500AF01F024F8FEF76AFF12
:10CF20000F4B00221A700F4B0222DA670E4B1B7850
:10CF3000DBB21846FFF7E0FA03461A46094B83F8BE
:10CF40008020F7F7B3FC03461946092003F086FA60
:10CF50000620FFF70BFB012003F0BCFA00BF80BDE9
:10CF600029050020A40400208202002080B400AF24
:10CF7000054B1B78042B0CBF01230023DBB21846A2
:10CF8000BD465DF8047B70478C04002080B400AF80
:10CF9000034B1B781846BD465DF8047B704700BF05
:10CFA0008C04002080B584B000AF78607B68002BD3
:10CFB00001D1002317E0EFF31083BB60BB68FB6077
:10CFC00072B600BF7B680A4A1846114684231A4687
:10CFD00004F05AFEBFF35F8F00BFFB68002B01D146
:10CFE00062B600BF012318461037BD4680BD00BFA2
:10CFF000A404002080B483B000AF78607B681B7805
:10D000001BB21B021AB27B6801331B781BB213439D
:10D010001BB218460C37BD465DF8047B704780B4E0
:10D0200085B000AF78607B681B781A067B68013397
:10D030001B781B041A437B6802331B781B021343C3
:10D040007A68033212781343FB60FB681846143782
:10D05000BD465DF8047B704780B586B000AFBA600E
:10D060007B600346FB810B467B73BB687B61FB895E
:10D07000B3F5006F02D27B68002B01D1002321E0C1
:10D080000C220021786804F0CBFD7B68FA891A80B5
:10D090007B6805229A707B687A7BDA707B691B0E4D
:10D0A000DAB27B681A717B691B0CDAB27B685A7141
:10D0B0007B691B0ADAB27B689A717B69DAB27B689A
:10D0C000DA71012318461837BD4680BD80B582B09D
:10D0D00000AF03463960FB80FB88B3F5006F02D2D6
:10D0E0003B68002B01D100230EE00C2200213868A0
:10D0F00004F096FD3B68FA881A803B6801229A701A
:10D100003B680022DA70012318460837BD4680BD0F
:10D1100080B582B000AF03463A60FB800B467B715E
:10D12000FB88B3F5006F14D23B68002B11D07B79DC
:10D13000002B10D07B79012B0DD07B79042B0AD0EA
:10D140007B79052B07D07B79072B04D07B79082BC3
:10D1500001D0002311E00C220021386804F060FDAA
:10D160003B68FA881A803B6802229A703B680F225B
:10D17000DA703B687A791A71012318460837BD4680
:10D1800080BD80B584B000AF03463A60FB800B469B
:10D19000BB80BB88FB81FB88B3F5006F02D23B6884
:10D1A000002B01D1002318E00C220021386804F084
:10D1B00037FD3B68FA881A803B6803229A703B6807
:10D1C0000122DA70FB891B0A9BB2DAB23B681A7142
:10D1D000FB89DAB23B685A71012318461037BD4605
:10D1E00080BD80B584B000AF0346B9607A60FB8132
:10D1F000F8897B68BA680221FFF72EFF03461846BC
:10D200001037BD4680BD80B584B000AF0346B9601D
:10D210007A60FB81BB68002B01DA002306E0F88905
:10D220007B68BA680A21FFF717FF034618461037D4
:10D23000BD4680BD80B584B000AF0346B9607A605A
:10D24000FB81BB68002B01DA002306E0F8897B68CC
:10D25000BA681021FFF700FF034618461037BD4695
:10D2600080BD000080B584B000AF786039607B6815
:10D27000002B0FD03B68002B0CD07B681B88B3F5CC
:10D28000006F07D27B689B78012B03D97B68DB7822
:10D290000F2B01D0002361E07B681B79FB737B6857
:10D2A0001A883B681A803B68FA7B9A70FB7B082BD4
:10D2B00053D801A252F823F0DDD2000801D30008B0
:10D2C0005BD300085BD3000821D3000821D30008FA
:10D2D0005BD3000821D3000801D300087B689B784A
:10D2E000042B01D0002339E07B6805331846FFF793
:10D2F00081FE03469BB21A463B685A6001232DE02B
:10D300007B689B78062B01D0002327E07B680533E0
:10D310001846FFF784FE02463B685A6001231DE071
:10D320007B689B78042B01D0002317E0FB7B042B48
:10D3300008D17B6805331846FFF75CFE03469BB2B5
:10D340001A4606E07B6805331846FFF753FE03468E
:10D350001A463B685A60012300E000231846103744
:10D36000BD4680BD80B483B000AF786039607A6814
:10D370003B68D31ADB43DB0FDBB218460C37BD46E4
:10D380005DF8047B7047000080B584B000AF87ED86
:10D39000010A214BFB6097ED017AD7ED037A67EE26
:10D3A000277AC7ED027AD7ED027A9FED1C7AF4EE68
:10D3B000C77AF1EE10FA02DB43F2700327E0D7EDF3
:10D3C000027A9FED177AF4EEC77AF1EE10FA01D8DF
:10D3D000144B1CE0D7ED027A9FED137AF4EEC77A76
:10D3E000F1EE10FA02DB6FF0004310E0D7ED027AA5
:10D3F0009FED0E7AF4EEC77AF1EE10FA02D84FF0F4
:10D40000004304E097ED020A04F0FAF803461846D8
:10D410001037BD4680BD00BF3D5DE34400C04146BE
:10D4200000C041C690CFFFFF0000004F000000CFBA
:10D4300080B485B000AF78600E4BFB60D7ED037A07
:10D44000F5EEC07AF1EE10FA09DD7B6807EE903A4E
:10D45000B8EEE77AD7ED037AC7EE276A01E0DFED91
:10D46000066AF0EE667AB0EE670A1437BD465DF8DC
:10D47000047B70473D5DE3440000000080B483B04E
:10D4800000AF78600B46FB70FB78072B21D801A218
:10D4900052F823F0B5D40008BBD40008D3D4000858
:10D4A000D3D40008C1D40008C7D40008D3D40008DE
:10D4B000CDD400087B689B680CE07B68DB6809E0E2
:10D4C0007B681B6906E07B685B6903E07B689B699E
:10D4D00000E0002318460C37BD465DF8047B70471A
:10D4E00080B592B000AF7860396000237B647B68C0
:10D4F000DBB207F10C021146184600F0D5FF0346D7
:10D5000083F00103DBB2002B01D0012379E0FB683B
:10D5100003F0B303B32B03D07B6C43F001037B64B4
:10D5200000233B6423E0394A3B6C13441B7887F8A3
:10D530003F30FA6897F83F3022FA03F303F0010313
:10D54000002B11D097F83F2007F10C031146184625
:10D55000FFF794FF02463B689B1AB3F5C87F03D9D7
:10D560007B6C43F002037B643B6C01333B643B6C9C
:10D57000042BD8D93B8D002B03D07B6C43F00403E4
:10D580007B64FB6803F02003002B0CD0B7F932302A
:10D59000002BB8BF5B429BB2B3F5487F03D97B6CCD
:10D5A00043F008037B64FB6803F08003002B07D083
:10D5B000B7F93430542B03DD7B6C43F010037B64EC
:10D5C000FB6803F01003002B09D03B8E112B02D90E
:10D5D0003B8E1E2B03D97B6C43F020037B64FB68DE
:10D5E00003F00203002B0BD0FB6A002BB8BF5B4299
:10D5F00040F2DC52934203DD7B6C43F040037B64DA
:10D600007B6C18464837BD4680BD00BFDC2701084B
:10D6100080B584B000AF78600123FB720023FB600B
:10D620001CE07968F868FFF75BFF02461649FB6863
:10D6300041F82320FB7A002B07D0134AFB6852F8ED
:10D640002330002B01D1012300E00023FB72FB7A81
:10D6500003F00103FB72FB680133FB60FB68032BE3
:10D66000DFD90A4B1B78002B02D1FB7A002B01D0AB
:10D67000012300E0002303F00103DAB2034B1A7028
:10D6800000BF1037BD4680BD9405002092050020E4
:10D6900080B584B000AF78607B68002B0DD07B68CC
:10D6A00018887B68D91C7B689B781A46FCF71EFBA0
:10D6B0000346002B01D0012300E00023FB73FB7B1A
:10D6C00003F00103FB73FB7B002B03D0094B00220B
:10D6D0001A6009E0084B1B680133074A1360054BC9
:10D6E0001B680133034A1360FB7B18461037BD46A5
:10D6F00080BD00BF7C0500207805002080B584B087
:10D7000000AF78601D4B1B781A461D4B33F8123062
:10D71000FB811C4B1B78032B2BD801A252F823F062
:10D7200031D700083FD7000851D7000863D7000859
:10D73000FB8979681846FFF7C9FC03461AE0124BCB
:10D740001968FB897A681846FFF75DFD034611E00A
:10D750000E4B1968FB897A681846FFF76BFD034684
:10D7600008E0FB897A6800211846FFF73AFD034676
:10D7700000E0002318461037BD4680BD6705002035
:10D78000D4270108660500208005002084050020BC
:10D7900080B483B000AF7860174B1B78002B07D1A3
:10D7A000164B1B781946164A7B6842F821300AE06E
:10D7B000114B1B78032B06D1104B1B781946114ACD
:10D7C0007B6842F821300D4B1B780133DAB20B4BEA
:10D7D0001A700A4B1B78032B08D9084B00221A70C9
:10D7E000054B1B780133DAB2034B1A7000BF0C37BC
:10D7F000BD465DF8047B7047660500206705002084
:10D80000440500205405002080B582B000AF0023FD
:10D810007B6013E0364A7B689B0013444FF00002A4
:10D820001A60344A7B68002142F82310324A7B6830
:10D83000002142F823107B6801337B607B68032B57
:10D84000E8D9C02200212D4804F0EAF92C4B1B78BE
:10D8500083F00103DBB2002B10D09FED2A0AFFF703
:10D8600093FD0346284A13609FED280AFFF78CFDBD
:10D870000346274A1360224B01221A70254B0122CE
:10D880001A70254B00221A70244B00221A70244B68
:10D8900000221A70234B0F221A70234B00221A7099
:10D8A000224B00221A70224B00221A60214B0022C8
:10D8B0001A60214B00221A60204B00221A60204B74
:10D8C00000221A601F4B00221A601F4B00221A70A0
:10D8D0001E4B00221A701E4B00221A7010220021CB
:10D8E0001C4804F09DF9012318460837BD4680BD49
:10D8F000340500204405002054050020A405002024
:10D9000088050020CDCC4C3E800500209A99993E98
:10D9100084050020640500206505002066050020C0
:10D920006705002068050020690500206A050020C1
:10D930006C0500207005002074050020780500208B
:10D940007C0500208C05002090050020910500201A
:10D95000920500209405002090B58DB000AFF6F739
:10D96000A5FFB862B86AFFF753FEAF4B1B7883F090
:10D970000103DBB2002B40F04E81AC4B1B68194613
:10D98000B86AFFF7EFFC034683F00103DBB2002B1C
:10D9900040F04181BB6A0233A44A1360A44B1B7858
:10D9A000002B42D00023FB6200BFFB6A032B00F276
:10D9B0003481A04B1B781A46FB6A134403F003031F
:10D9C0007B6101227B6902FA03F3FB749A4B1A789C
:10D9D000FB7C1340DBB2002B00F02181974A7B696E
:10D9E00032F813303A1D00211846FFF7CAFB0346F0
:10D9F000002B00F014813B1D1846FFF749FE03463B
:10DA0000002B00F00C81FB7CDB43DAB28A4B1B78E5
:10DA10001340DAB2884B1A707B690133DBB203F032
:10DA20000303DAB2834B1A70F9E0854B1B78042BA1
:10DA300013D03B1D1846FFF761FE0346002B00F094
:10DA4000F0803B1D1846FFF723FE0346002B00F035
:10DA5000E880B86AFFF79CFEE3E00023FB6235E054
:10DA6000744B1B781A46FB6A134403F00303BB6133
:10DA7000744ABB6952F82330BA6AD31A632B22D98D
:10DA80006E4ABB6932F813303A1D11461846FFF74B
:10DA90001DFB0346002B00F0E7803B1D1846FFF7F7
:10DAA000F7FD0346002B00F0DF806649BB69BA6AC8
:10DAB00041F82320BB690133DBB203F00303DAB280
:10DAC0005C4B1A70D0E0FB6A0133FB62FB6A032BEC
:10DAD000C6D90023FB6255E0564B1B781A46FB6AF9
:10DAE000134403F003033B6201223B6A02FA03F38F
:10DAF000FB77554B1A78FB7F1340DBB2002B07D125
:10DB0000524A3B6A52F82330BA6AD31A312B36D9BB
:10DB10004A4A3B6A32F813404D4A3B6A9B00134421
:10DB2000D3ED007AB0EE670AFFF72EFC01463B1DED
:10DB30001A462046FFF755FB0346002B00F096805F
:10DB40003B1D1846FFF7A4FD0346002B00F08E8016
:10DB5000FB7FDB43DAB23C4B1B781340DAB23A4B23
:10DB60001A703A493B6ABA6A41F823203B6A01338A
:10DB7000DBB203F00303DAB22E4B1A7076E0FB6AD5
:10DB80000133FB62FB6A032BA6D9324B1B68194693
:10DB9000B86AFFF7E7FB0346002B6AD02E4B1B78D1
:10DBA0001A462E4B9B5C87F827302D4B1B781A4664
:10DBB000224B33F812303A1D97F827101846FFF71A
:10DBC000A7FA0346002B53D03B1D1846FFF760FD14
:10DBD0000346002B4CD0224B1B780133DAB2204B8A
:10DBE0001A701F4B1B78032B10D91D4B00221A7083
:10DBF000194B1B78591C1B4BA3FB01239A08134696
:10DC00009B001344CA1AD2B2134B1A70BB6A053375
:10DC1000104A13602CE000BF2BE000BF29E000BFDA
:10DC200027E000BF25E000BF640500206C05002050
:10DC3000650500206A05002069050020D427010839
:10DC400066050020440500206805002054050020DA
:10DC5000340500208C05002091050020DC270108F8
:10DC600090050020CDCCCCCC00BF02E000BF00E08E
:10DC700000BF3437BD4690BD80B58AB000AF87ED98
:10DC8000030AC7ED020A87ED011AC7ED001AFB6807
:10DC90007B61BB68BB617B68FB613B683B62414B5E
:10DCA0001B7883F00103DBB2002B03D13E4B1B78C2
:10DCB000002B01D0002370E000237B6224E07B6A0C
:10DCC0009B0028333B44143BD3ED007AF0EEE77A17
:10DCD0009FED367AF4EE477AF1EE10FA0FD87B6AB0
:10DCE0009B0028333B44143BD3ED007AF0EEE77AF7
:10DCF000B6EE007AF4EEC77AF1EE10FA01DD0023F9
:10DD00004BE07B6A01337B627B6A032BD7D900F03F
:10DD100029FA034683F00103DBB2002B16D000235F
:10DD20007B6210E07B6A9B0028333B44143BD3EDBD
:10DD3000007AF5EE407AF1EE10FA01D000232CE0E3
:10DD40007B6A01337B627B6A032BEBD900237B6206
:10DD50001CE07B6A9B0028333B44143BD3ED007AE4
:10DD6000F5EE407AF1EE10FA06D07B6A9B0028337C
:10DD70003B44143B1B6801E04FF000030C497A6AF6
:10DD800092000A4413607B6A01337B627B6A032B37
:10DD9000DFD9084B0F221A70012318462837BD46D9
:10DDA00080BD00BF6405002065050020FFFF7F7F68
:10DDB000340500206805002080B582B000AF78608F
:10DDC000114B1B7883F00103DBB2002B06D17B687B
:10DDD000002B03DD7B68B3F57A7F01DD00230EE0C5
:10DDE00000F04EF8094A7B681360094B01221A7053
:10DDF000084B00221A70084B00221A6001231846B3
:10DE00000837BD4680BD00BF6405002080050020A6
:10DE100066050020670500206C05002080B582B0F3
:10DE200000AF7860114B1B7883F00103DBB2002B4D
:10DE300007D17B68002B04DD7B6840F2DC52934203
:10DE400001DD00230EE000F01BF8094A7B68136037
:10DE5000084B02221A70084B00221A70074B00224E
:10DE60001A60012318460837BD4680BD64050020AE
:10DE70008405002066050020670500206C05002051
:10DE800080B586B000AF4FF000033B61F6F70EFDA2
:10DE9000F86000237B611EE02C4A7B699B001344E1
:10DEA000D3ED007AF0EEE77AC7ED007A97ED007ACD
:10DEB000D7ED047AB4EEE77AF1EE10FA01DD3B68B3
:10DEC0003B61224A7B699B0013444FF000021A60B9
:10DED0007B6901337B617B69032BDDD9D7ED047A44
:10DEE000F5EEC07AF1EE10FA28DD194B1B681846E2
:10DEF000FFF79EFAF0EE407AF0EEE77AC7ED027A8D
:10DF0000D7ED046A97ED027AC6EE877A9FED117A13
:10DF100067EE877AC7ED017A97ED010A03F0A8FB57
:10DF2000F0EE407AFCEEE77A17EE902AFB68134495
:10DF30006433094A1360094B00221A60084B0F2210
:10DF40001A7000BF1837BD4680BD00BF34050020E1
:10DF50008405002000007A4470050020740500202C
:10DF60006805002080B500AFFFF78AFF054B01224E
:10DF70001A70054B0F221A70044B00221A6000BF62
:10DF800080BD00BF65050020690500206C050020EC
:10DF900080B590B000AFF6F789FC7863012387F86D
:10DFA0003B30012387F83A300023FB6313E0464AF5
:10DFB000FB6B9B001344D3ED007AF0EEE77A9FED04
:10DFC000437AF4EEC77AF1EE10FA01DD002377E030
:10DFD000FB6B0133FB63FB6B032BE8D90023FB6373
:10DFE00034E0FB6BDBB23A1D1146184600F05CFAD8
:10DFF000034683F00103DBB2002B0AD17B6803F0F8
:10E000000203002B05D03B697A6BD31AB3F5C87FA6
:10E0100003D9002387F83B301BE097F83A30002BF8
:10E0200008D07B6A13F11E0F04DB7B6A1E2B01DC18
:10E03000012300E0002387F83A3097F83A3003F0E4
:10E04000010387F83A30FB6B0133FB63FB6B032B57
:10E05000C7D997F83B30002B1CD097F83A3083F0A3
:10E060000103DBB2002B04D0194B00221A600023FD
:10E0700026E0174B1B68002B02D1154A7B6B1360FF
:10E08000134B1B687A6BD31A632B8CBF01230023BD
:10E09000DBB215E00F4B1B7883F00103DBB2002BE2
:10E0A0000AD00D4B1B681946786BFFF75BF90346E6
:10E0B000002B01D0012300E0002303F00103DBB2B9
:10E0C00018464037BD4680BD3405002017B7D1380B
:10E0D00074050020920500207005002080B483B0F4
:10E0E00000AF1B4B1B7883F00103DBB2002B07D181
:10E0F000184B1B78002B03D1174B1B68022B01D93F
:10E1000000231FE000237B6018E07C233B60134A60
:10E110007B6852F823203B681340002B09D1104B39
:10E120001B78002B07D00D4A7B6852F82330002B58
:10E1300001D0002306E07B6801337B607B68032B02
:10E14000E3D9012318460C37BD465DF8047B7047C0
:10E1500064050020650500207C0500209405002052
:10E160009205002080B582B000AF144B1B7883F07D
:10E170000103DBB2002B03D1114B1B78002B01D024
:10E18000002317E0F6F792FB03461846FFF740FA24
:10E1900000237B600AE00B4A7B6852F82330002B97
:10E1A00001D0002306E07B6801337B607B68032B92
:10E1B000F1D9012318460837BD4680BD640500200B
:10E1C000650500209405002080B582B000AF0346AD
:10E1D000FB71FB79032B01D9012309E0F6F766FBFC
:10E1E00003461846FFF714FAFB79034A52F8233026
:10E1F00018460837BD4680BD9405002080B58EB016
:10E2000000AF0346FB7107F10802FB79114618467F
:10E2100000F04AF9034683F00103DBB2002B02D180
:10E22000BB68002B02D14FF0FF3304E0F6F73EFB52
:10E230000246FB68D31A18463837BD4680BD000039
:10E2400080B58AB000AF03463960FB8013467B710E
:10E25000924B1B7883F00103DBB2002B40F014815A
:10E260003B68002B00F010817B79082B00F20C81B9
:10E2700000237B6209E08A4A7B6A32F81330FA880D
:10E280009A4206D07B6A01337B627B6A032BF2D908
:10E2900000E000BF7B6A032B00F2F88007F1140353
:10E2A0000C220021184603F0BBFCFB88BB827B7963
:10E2B000BB757A7907F1140303333968184603F004
:10E2C000E3FC07F10C0207F1140311461846FEF7B0
:10E2D000C9FF034683F00103DBB2002B40F0D88076
:10E2E000F6F7E4FA38626F497A6A13465B00134422
:10E2F0001B010B4404333A6A1A60BB7B072B4AD8D4
:10E3000001A252F823F000BF29E300083FE3000810
:10E3100097E3000897E3000855E300086BE3000863
:10E3200097E3000881E300085E497A6A13465B00C0
:10E3300013441B010B4408333A6A1A602CE0594914
:10E340007A6A13465B0013441B010B440C333A6A90
:10E350001A6021E053497A6A13465B0013441B019B
:10E360000B4410333A6A1A6016E04E497A6A134633
:10E370005B0013441B010B4414333A6A1A600BE030
:10E3800048497A6A13465B0013441B010B44183357
:10E390003A6A1A6000E000BF42497A6A13465B009D
:10E3A00013441B010B441A68BB7B194601238B40A5
:10E3B00042EA03013B487A6A13465B0013441B019F
:10E3C00003441960BB7B082B64D801A252F823F0E8
:10E3D000F5E300080FE4000895E4000895E4000860
:10E3E00025E400083FE4000895E4000859E400082B
:10E3F00073E400083B6998B22A497A6A13465B00C5
:10E4000013441B010B441C3302461A8043E0396954
:10E4100024487A6A13465B0013441B0103442033EB
:10E42000196038E03B6998B21E497A6A13465B006E
:10E4300013441B010B44243302461A802BE03B6932
:10E4400018B218497A6A13465B0013441B010B4447
:10E45000263302461A801EE03B6918B211497A6AD7
:10E4600013465B0013441B010B44283302461A80F9
:10E4700011E039690B487A6A13465B0013441B01AB
:10E4800003442C33196006E000BF04E000BF02E043
:10E4900000BF00E000BF2837BD4680BD64050020F6
:10E4A000D4270108A4050020B0B485B000AF03460E
:10E4B0003960FB71FB79032B02D83B68002B01D13B
:10E4C000002321E0EFF31083BB60BB68FB6072B6F2
:10E4D00000BFFA7938680F4913465B0013441B01EB
:10E4E0000B4404461D460FCD0FC40FCD0FC495E855
:10E4F0000F0084E80F00BFF35F8F00BFFB68002BA5
:10E5000001D162B600BF012318461437BD46B0BC26
:10E51000704700BFA405002080B485B000AF7860CC
:10E520007B681B781AB27B6801331B781BB21B0215
:10E530001BB213431BB2FB81B7F90E3018461437D8
:10E54000BD465DF8047B704780B487B000AF78604B
:10E5500039604FF6FF73FB827B68002B04D13B6868
:10E56000002B01D000232FE000233B6127E07A68D5
:10E570003B6913441B781BB21B021AB2B7F9163061
:10E5800053401BB2FB820023FB6012E0B7F9163048
:10E59000002B07DAFB8A5B009AB241F22103534059
:10E5A0009BB202E0FB8A5B009BB2FB82FB680133FB
:10E5B000FB60FB68072BE9D93B6901333B613A6992
:10E5C0003B689A42D3D3FB8A18461C37BD465DF898
:10E5D000047B704780B582B000AF78607B68002B09
:10E5E00004D040220021786803F01AFB00BF0837EE
:10E5F000BD4680BD80B483B000AF78607B685B6A45
:10E60000002B0DD07B685B6A013B7A68D35CAA2B38
:10E6100006D17B68AA221A707B6801225A6202E046
:10E620007B6800225A627B68DB6B5A1C7B68DA636A
:10E6300000BF0C37BD465DF8047B704780B586B0DF
:10E6400000AFF8600B467A60FB72FB68002B02D0CB
:10E650007B68002B01D10023F7E0FB685B6A002B8D
:10E660000AD1FB7AAA2B05D1FB68FA7A1A70FB68EB
:10E6700001225A620023E8E0FB685B6A012B1DD18E
:10E68000FB7A552B06D1FB68FA7A5A70FB68022296
:10E690005A6211E0FB7AAA2B0ED0FB6800225A6264
:10E6A000FB681B6B5A1CFB681A63FB68DB6B5A1C0C
:10E6B000FB68DA630223C8E00023C6E0FB685B6AFC
:10E6C000591CFA685162FA68F97AD154FB685B6A9E
:10E6D000032B11D1FB689B78012B0DD0FB689B7835
:10E6E000022B09D0FB689B6B5A1CFB689A63F86885
:10E6F000FFF780FF0323A8E0FB689B78022B01D182
:10E70000102300E00C237B61FB685B6A7A699A4204
:10E7100001D9002399E0FB681033F9687A6918463B
:10E7200003F0B2FAFB687A691A62FB689B6A5A1CAA
:10E73000FB689A627B69023BFA68D35C1AB27B6918
:10E74000013BF968CB5C1BB21B021BB213431BB22B
:10E750007B82FA687B69023B19461046FFF7F4FE9C
:10E7600003463B827A8A3B8A9A4209D0FB685B6BFC
:10E770005A1CFB685A63F868FFF73CFF042364E007
:10E78000FB68DA787B689A71FB689A787B68DA7143
:10E790007B6800221A727B6800225A727B680A33F7
:10E7A00008220021184603F03BFA7B68DB79012B35
:10E7B0001BD1FB6804331846FFF7AEFE03461A462A
:10E7C0007B681A80FB6806331846FFF7A5FE0346F0
:10E7D0001A467B685A80FB6808331846FFF79CFE90
:10E7E00003461A467B689A8026E0FB68DA787B68E5
:10E7F0001A72FB681A797B689A71FB685A797B6890
:10E800005A727B685B7A082B04D9F868FFF7F2FE2E
:10E8100002231AE07B6803F10A00FB680633082232
:10E82000194603F031FA7B6800221A807B680022C7
:10E830005A807B6800229A80FB68DB6A5A1CFB685E
:10E84000DA62FB6800225A62012318461837BD4677
:10E8500080BD80B483B000AF78607B681B781AB24B
:10E860007B6801331B781BB21B021BB213431BB224
:10E8700018460C37BD465DF8047B704780B483B002
:10E8800000AF78607B681B781AB27B6801331B7815
:10E890001BB21B021BB213431BB29BB218460C37B0
:10E8A000BD465DF8047B704780B483B000AF7860EC
:10E8B0007B681B781A467B6801331B781B021A435E
:10E8C0007B6802331B781B041A437B6803331B7875
:10E8D0001B06134318460C37BD465DF8047B704792
:10E8E00080B500AF074B00221A70074B00221A7048
:10E8F00010220021054803F093F9054B00221A80ED
:10E9000000BF80BDED070020EE070020F0070020CB
:10E910000008002080B500AF064B1B68002B06D016
:10E92000044B1B68012204491846F7F761FB00BF3E
:10E9300080BD00BF640600206806002080B582B05C
:10E9400000AF78607B68002B01D100234BE0284AA0
:10E950007B681360274B00221A70274B00221A7025
:10E960001C220021254803F05BF9D0220021244815
:10E9700003F056F9234B00221A70234B00221A7021
:10E98000224B00221A70224B00221A70214B0022C7
:10E990001A70214BDB6B214A13601F4BD3F8983060
:10E9A0001F4A13601F4B00221A701F4B00221A705F
:10E9B0001E4B00221A701E4B00221A701D4B0022A3
:10E9C0001A60FFF78DFF1C48FFF704FE084B1B6819
:10E9D00001221A491846F7F70BFB0346002B0CBF20
:10E9E00001230023DBB218460837BD4680BD00BFB7
:10E9F00064060020AC060020AD060020F0060020D2
:10EA00000C070020DC070020DD070020DE070020C7
:10EA1000DF070020E00700200C080020E4070020AA
:10EA2000E8070020EC07002002080020030800206F
:10EA30000408002008080020B00600206806002016
:10EA400080B584B000AF78601E4B1B68002B35D0BA
:10EA50001C4B1B687A689A4230D1F5F727FF0346B2
:10EA60001946012001F06CFC174B1B78DBB2013317
:10EA7000DBB203F03F03FB73144B1B78DBB2FA7B72
:10EA80009A420AD1124BDB680133114AD360114B11
:10EA90005B6B01330F4A53630DE00B4B1B78DBB20A
:10EAA0001A460D4B19780D4B9954BFF35F8F00BF79
:10EAB000054AFB7B1370FFF72DFF00E000BF103706
:10EAC000BD4680BD64060020AC060020AD060020D7
:10EAD000F00600200C080020680600206C060020CC
:10EAE00080B485B000AF7860244B1B68002B3ED00B
:10EAF000224B1B687A689A4239D1214B1B78DBB2D2
:10EB000083F00103DBB2002B31D11E4B1B78DBB24B
:10EB10001A46342302FB03F31B4A1344FB601B4BCE
:10EB20001B78DBB2002B0FD0FB6804331A78184B2C
:10EB30001B78DBB29A4207D1FB681E331B78322B5D
:10EB400002D1144B01221A700E4B1B78DBB2013339
:10EB5000DBB203F00303DAB20A4B1A70084B00224F
:10EB60001A700D4B1B6C01330B4A136400E000BF9D
:10EB70001437BD465DF8047B704700BF6406002073
:10EB8000DE070020DD0700200C070020020800201F
:10EB900004080020030800200C08002080B582B083
:10EBA00000AF78600B4B1B68002B0FD0094B1B6824
:10EBB0007A689A420AD1084B1B690133064A1361ED
:10EBC000102001F087FCFFF7A5FE00E000BF08372A
:10EBD000BD4680BD64060020F006002090B5A9B0B7
:10EBE00000AF03460A46FB711346BB71904B1B787E
:10EBF000DBB20133DBB203F0030387F897308D4BB0
:10EC00001B78DBB297F897209A4207D18A4B5B6C4E
:10EC10000133894A5364FFF763FE05E1FB7987F806
:10EC20006030BB7987F86130834B9B6EDBB287F82D
:10EC30006230814BDB6FDBB287F863307E4B9B6FBA
:10EC40009BB2A7F864307C4BD3F88030002B01D006
:10EC5000012200E00022784BD3F88430002B01D051
:10EC6000022300E000231343DBB2734AD2F888206A
:10EC7000002A01D0042200E000221343DBB26E4AD6
:10EC8000D2F88C20002A01D0082200E00022134391
:10EC9000DBB287F86630684BD3F8E030002B01D048
:10ECA000012400E00024644BD3F8E430002B0BD0A7
:10ECB000F5F7FCFD0246604BD3F8DC30D31AB3F510
:10ECC000FA7F01D8022300E000232343DBB25A4A33
:10ECD000D2F8B020002A01D0042200E00022134321
:10ECE000DBB2554AD2F8B420002A01D0082200E055
:10ECF00000221343DBB287F867304F4B1B6A9BB28D
:10ED0000A7F868304C4BD3F894309BB2A7F86A3020
:10ED1000494BD3F8A0309BB2A7F86C30F5F7C6FD8D
:10ED200003463B670023C7F89C304FE0D7F89C3080
:10ED300008335B00A0333B444FF4004223F83C2CE3
:10ED4000D7F89C30DBB207F10C0211461846FDF7EC
:10ED50005DF90346002B34D097F82330002B30D0D8
:10ED6000D7ED0D7A9FED357A67EE877AC7ED267A73
:10ED7000D7ED267A9FED327AF4EEC77AF1EE10FAEB
:10ED800003DD304BC7F898300CE0D7ED267A9FEDC5
:10ED90002E7AF4EEC77AF1EE10FA03D54FF047431E
:10EDA000C7F89830D7ED267AFDEEE77A17EE903A5D
:10EDB0001AB2D7F89C3008335B00A0333B4423F8E9
:10EDC0003C2CD7F89C300133C7F89C30D7F89C30E6
:10EDD000032BABD91D4B1B7887F87C301C4B1B7861
:10EDE00087F87D301B4B07F180040FCB84E80F00C0
:10EDF000194B1B88A7F890300D4B1B78DBB21A46D5
:10EE0000342302FB03F3154A1A4407F16003114649
:10EE1000184601F0CCFDFFF763FDBFF35F8F00BF25
:10EE2000034A97F897301370A437BD4690BD00BFD2
:10EE3000DC070020DD0700200C08002000007A44D9
:10EE400000FEFF4600FEFF46000000C7ED07002061
:10EE5000EE070020F0070020000800200C0700202B
:10EE600080B483B000AF78600B46FB707B685B7A40
:10EE7000FA789A420CBF01230023DBB218460C3704
:10EE8000BD465DF8047B704780B52DED048BD0B096
:10EE900000AF07F5A073A3F59E731860FDF7AAF8FD
:10EEA000034687F82B3107F5A073A3F59E731B6803
:10EEB0001A7AC24B1A7007F5A073A3F59E731B68EC
:10EEC0001B7A013B312B00F2CC8701A252F823F0D0
:10EED00099EF000807F100087FF1000813F200081D
:10EEE00077F200082FF3000805F4000889F4000801
:10EEF00063FE000863FE000863FE000863FE00086E
:10EF000063FE000863FE000863FE0008D5F50008F4
:10EF100039F60008E9F6000817F8000843F8000879
:10EF20009BF80008EBF4000843F8000835F90008E6
:10EF30000DF5000863FE000863FE000863FE00088C
:10EF400063FE000863FE000863FE0008BBF90008CA
:10EF5000F9F9000837FA0008ADFB0008D5FB0008F6
:10EF6000FDFB000863FE000863FE000863FE000866
:10EF700063FE000863FE000863FE000863FE0008ED
:10EF800063FE000863FE000863FE00088DFD0008B4
:10EF9000B5FD0008E5FD000807F5A073A3F59E7315
:10EFA00000211868FFF75CFF034683F00103DBB222
:10EFB000002B02D0042300F055BF0023C7F83831DE
:10EFC0007F4B08221A707F4B1B78DBB21A467E4BB0
:10EFD0001A607E4B1B78DBB21A467B4B5A607C4B27
:10EFE0001B78DBB2C7F8343107F15C031846FDF734
:10EFF000D9FF0346002B19D097F85C301B02D7F8D5
:10F0000034211343C7F83431D7F8D8301B0403F444
:10F010007F03D7F834211343C7F8343197F8DC3035
:10F020001B06D7F834211343C7F83431D7F83431ED
:10F03000654A93600023C7F83C3156E0D7F83C316D
:10F04000DBB207F1080211461846FCF7DFFF034662
:10F05000002B45D007F5A073A3F59C7393F82430DB
:10F0600003F00303DBB207F5A072A2F59C72D27D18
:10F07000002A01D0042200E000221343DBB207F58E
:10F08000A072A2F59C72127E002A01D0082200E034
:10F0900000221343DBB207F5A072A2F59C72927DA9
:10F0A000002A01D0102200E000221343DBB207F552
:10F0B000A072A2F59C72D269002A01D0202200E041
:10F0C0000022134387F8133197F81321D7F83C3106
:10F0D000DB0002FA03F3D7F838211343C7F83831BD
:10F0E000D7F83C310133C7F83C31D7F83C31032B1A
:10F0F000A4D9D7F83831344AD360364B0F221A805E
:10F10000002300F0AFBE07F5A073A3F59E730021A6
:10F110001868FFF7A5FE034683F00103DBB2002B5E
:10F1200002D0042300F09EBE07F58073184602F05B
:10F130005BF8034683F00103DBB2002B02D004230B
:10F1400000F090BE1E4B0A221A70D7F800311A4602
:10F150001D4B1A60D7F804311A461B4B5A60D7F87A
:10F1600008311A46184B9A60D7F80C311A46164BDC
:10F17000DA60184B0F221A80002300F073BE07F5E7
:10F18000A073A3F59E7300211868FFF769FE03467C
:10F1900083F00103DBB2002B02D0042300F062BE37
:10F1A00007F1F003184602F04DF8034683F001031F
:10F1B000DBB2002B10D0042300F054BEED0700207A
:10F1C000EE07002080020020F007002081020020CE
:10F1D0008202002000080020B44B0B221A70D7F8DE
:10F1E000F0301A46B24B1A60D7F8F4301A46B04BDA
:10F1F0005A60D7F8F8301A46AD4B9A60D7F8FC3011
:10F200001A46AB4BDA60AB4B0F221A80002300F09A
:10F2100029BE07F5A073A3F59E7300211868FFF7B8
:10F220001FFE034683F00103DBB2002B02D0042350
:10F2300000F018BE9D4B0C221A7002F0A6F803468F
:10F240001A469B4B1A6002F0A9F803461A46984BDF
:10F250005A6002F0ADF803461A46954B9A6002F0E8
:10F2600087F803461A46924BDA60924B0F221A80B7
:10F27000002300F0F7BD07F5A073A3F59E730121ED
:10F280001868FFF7EDFD034683F00103DBB2002BA6
:10F2900007D107F5A073A3F59E731B689B7A012B1A
:10F2A00002D9042300F0DEBD07F15C03184601F02B
:10F2B000F1FF034683F00103DBB2002B05D07B4B4B
:10F2C0000D221A70002300F0CDBD784B0D221A706C
:10F2D00007F5A073A3F59E731B689B7A002B10D1D2
:10F2E000FB6D1A46724B1A603B6E1A46704B5A60A1
:10F2F0007B6E1A466E4B9A60BB6E1A466C4BDA6098
:10F300000FE0FB6E1A466A4B1A603B6F1A46684B59
:10F310005A607B6F1A46664B9A60BB6F1A46644B05
:10F32000DA60644B0F221A80002300F09BBD07F5C2
:10F33000A073A3F59E7301211868FFF791FD0346A2
:10F3400083F00103DBB2002B07D107F5A073A3F50F
:10F350009E731B689B7A012B02D9042300F082BDA7
:10F3600007F15C03184601F095FF034683F00103A3
:10F37000DBB2002B05D04D4B0E221A70002300F09B
:10F3800071BD4A4B0E221A7007F5A073A3F59E7348
:10F390001B689B7A002B14D1D7F884301A46444B53
:10F3A0001A60D7F888301A46414B5A60D7F88C302B
:10F3B0001A463F4B9A60D7F890301A463C4BDA60B9
:10F3C00010E0D7F894301A46394B1A60FB6F1A4692
:10F3D000374B5A60D7F880301A46354B9A60344B19
:10F3E0000022DA6007F5A073A3F59E731B689B7A71
:10F3F000002B01D10F2200E007222E4B1A800023A0
:10F4000000F030BD07F5A073A3F59E7301211868C5
:10F41000FFF726FD034683F00103DBB2002B02D089
:10F42000042300F01FBD0023C7F8E0301F4B0F225C
:10F430001A7007F5A073A3F59E731B689B7A184694
:10F4400007F1E00207F1E403194601F049FF034622
:10F45000002B16D0D7F8E4301A46154B1A60D7F8AF
:10F46000E8301A46124B5A60D7F8EC301A46104B67
:10F470009A60D7F8E0301A460D4BDA600D4B0F2238
:10F480001A80002300F0EEBC07F5A073A3F59E736D
:10F4900000211868FFF7E4FC034683F00103DBB2A8
:10F4A000002B09D0042300F0DDBC00BFEE070020D4
:10F4B000F007002000080020A54B10221A7001F070
:10F4C00081FF03461A46A34B1A60A24B40F6223234
:10F4D0005A60A04B00229A609E4B0022DA609E4B3D
:10F4E00003221A80002300F0BDBC07F5A073A3F52A
:10F4F0009E7300211868FFF7B3FC0346002B02D06F
:10F50000002300F0AFBC042300F0ACBC07F5A073EF
:10F51000A3F59E7300211868FFF7A2FC034683F051
:10F520000103DBB2002B02D0042300F09BBCF5F7F3
:10F53000BDF9C7F81C01FCF75DFD0346222B0CBF8B
:10F540000123002387F81B31814B09221A70002305
:10F55000C7F8303137E097F81B31002B0BD07F4ACA
:10F56000D7F8303152F8233019467A4AD7F830317B
:10F5700042F8231016E0D7F83031DBB207F15C0215
:10F5800011461846FCF742FD0346002B0AD0D7F877
:10F59000A030D7F81C21D31A19466E4AD7F830315B
:10F5A00042F823100122D7F8303102FA03F39AB25D
:10F5B000694B1B8813439AB2674B1A80D7F83031D6
:10F5C0000133C7F83031D7F83031032BC3D90023CA
:10F5D00000F048BC07F5A073A3F59E7300211868DE
:10F5E000FFF73EFC034683F00103DBB2002B02D0A1
:10F5F000042300F037BCFCF7E3FC0346002B02D0E9
:10F60000002300F02FBC97F82B311D2B09D097F861
:10F610002B31222B02D1072300F024BC062300F05B
:10F6200021BCFCF767FB0346002B02D0092300F046
:10F6300019BC052300F016BC07F5A073A3F59E7353
:10F6400002211868FFF70CFC034683F00103DBB2CC
:10F65000002B07D1FCF7B4FC034683F00103DBB2B7
:10F66000002B0BD0FCF7ACFC034683F00103DBB2AC
:10F67000002B01D00523F5E30423F3E307F5A07382
:10F68000A3F59E731B680A331846FFF7E2F803469A
:10F6900007EE903AB8EEE77ADFED316AC7EE267AE8
:10F6A000C7ED457AFDF762FC0346002B07D1FEF754
:10F6B0006FFC034683F00103DBB2002B03D0FDF7A0
:10F6C00015FC0923CEE3D7ED451A97ED451AD7ED82
:10F6D000450A97ED450AFCF75FFD0346002B01D074
:10F6E0000023BFE30423BDE307F5A073A3F59E73D6
:10F6F00008211868FFF7B4FB034683F00103DBB26F
:10F70000002B07D1FCF75CFC034683F00103DBB25E
:10F71000002B0BD0FCF754FC034683F00103DBB253
:10F72000002B01D005239DE304239BE3FDF71EFC82
:10F730000346002B07D1FEF72BFC034683F00103A1
:10F74000DBB2002B0ED0FDF7D1FB09238AE300BF0B
:10F75000EE070020F00700200008002084020020AF
:10F7600000007A4407F5A073A3F59E731B680A3363
:10F770001846FFF76EF8034607EE903AF8EEE77A80
:10F780001FED097A87EE878A07F5A073A3F59E73AC
:10F790001B680C331846FFF75CF8034607EE903AF7
:10F7A000F8EEE77A1FED127AC7EE878A07F5A073A5
:10F7B000A3F59E731B680E331846FFF74AF80346FD
:10F7C00007EE903AF8EEE77A1FED1B7A87EE879AFC
:10F7D00007F5A073A3F59E731B6810331846FFF757
:10F7E00038F8034607EE903AF8EEE77A5FED246AC0
:10F7F00087EEA67AF0EE471AB0EE491AF0EE680AE4
:10F80000B0EE480AFCF7C8FC0346002B01D00023E9
:10F8100028E3042326E307F5A073A3F59E730021D4
:10F820001868FFF71DFB034683F00103DBB2002BD2
:10F8300001D0042316E3FDF759FBFCF79FFA0023E0
:10F8400010E307F5A073A3F59E7300211868FFF776
:10F8500007FB034683F00103DBB2002B01D0042336
:10F8600000E3FDF743FB07F5A073A3F59E731B6848
:10F870001B7A172B08D1FCF749FB0346002B01D05C
:10F880000923EFE20423EDE2FCF7C6FA0346002B5E
:10F8900001D00923E6E20423E4E207F5A073A3F50F
:10F8A0009E7301211868FFF7DBFA034683F001031A
:10F8B000DBB2002B07D107F5A073A3F59E731B687D
:10F8C0009B7A032B01D90423CCE207F5A073A3F59F
:10F8D0009E731B689B7A87F81A3107F15C0297F8D0
:10F8E0001A3111461846FCF791FB034683F00103D9
:10F8F000DBB2002B06D197F8713083F00103DBB245
:10F90000002B01D00623ADE2C84B01221A70D7F8B4
:10F9100069301A46C64B1A60D7F86D301A46C44B88
:10F920005A6097F81A31C24A9360C24B03221A8078
:10F93000002397E207F5A073A3F59E7304211868CE
:10F94000FFF78EFA034683F00103DBB2002B01D0F0
:10F95000042387E2FDF7CAFA07F5A073A3F59E73A7
:10F960001B680A331846FEF789FF034607EE903AF4
:10F97000F8EE677A9FEDB07A87EE878A07F5A07375
:10F98000A3F59E731B680C331846FEF777FF0346FA
:10F9900007EE903AF8EE677ADFEDA76A87EEA67A6F
:10F9A000F0EE470AB0EE480AFCF7B8FA0346002B1F
:10F9B00001D0092356E2042354E207F5A073A3F50E
:10F9C0009E7304211868FFF74BFA0346002B11D0F1
:10F9D00007F5A073A3F59E731B680A331846FEF75C
:10F9E00063FF03461846FEF7E7F90346002B01D0F4
:10F9F000002337E2042335E207F5A073A3F59E73D5
:10FA000004211868FFF72CFA0346002B11D007F5E4
:10FA1000A073A3F59E731B680A331846FEF744FFD4
:10FA200003461846FEF7FAF90346002B01D00023DF
:10FA300018E2042316E207F5A073A3F59E730821CC
:10FA40001868FFF70DFA034683F00103DBB2002BC1
:10FA500001D0042306E207F5A073A3F59E731B688B
:10FA60000A331846FEF7F5FE0346A7F8283107F5D6
:10FA7000A073A3F59E731B680C331846FEF7E9FECE
:10FA80000346A7F8263107F5A073A3F59E731B68FC
:10FA90000E331846FEF7DDFE0346A7F8243107F5BE
:10FAA000A073A3F59E731B6810331846FEF7D1FEB2
:10FAB0000346A7F82231B7F92831002B0FD1B7F947
:10FAC0002631002B0BD1B7F92431002B07D1B7F920
:10FAD0002231002B03D1FEF7D3F90023C2E1B7F99D
:10FAE0002831002B0BD1B7F92631002B07D1B7F9FC
:10FAF0002431002B03D1B7F92231002B03D0FDF7BD
:10FB0000F5F90423AEE1FCF7E1FB034683F00103C2
:10FB1000DBB2002B0FD1FCF753FA034683F001034D
:10FB2000DBB2002B07D1FEF71DFB034683F0010378
:10FB3000DBB2002B01D0052394E1B7F9283107EEA1
:10FB4000903AF8EEE77ADFED3C6A87EEA67AB7F9ED
:10FB5000263107EE903AF8EEE77A9FED376AC7EE66
:10FB6000866AB7F9243107EE903AF8EEE77ADFEDCE
:10FB7000325A87EEA56AB7F9223107EE903AF8EECD
:10FB8000E77A9FED2D5AC7EE855AF0EE651AB0EE72
:10FB9000461AF0EE660AB0EE470AFEF76DF8034625
:10FBA000002B01D000235DE104235BE107F5A07386
:10FBB000A3F59E7300211868FFF752F9034683F0FE
:10FBC0000103DBB2002B01D004234BE1FEF758F90F
:10FBD000002347E107F5A073A3F59E730021186881
:10FBE000FFF73EF9034683F00103DBB2002B01D09F
:10FBF000042337E1FEF7B6F9002333E107F5A073DC
:10FC0000A3F59E7301211868FFF72AF9034683F0D4
:10FC10000103DBB2002B07D107F5A073A3F59E7398
:10FC20001B689B7A082B09D904231BE1EE070020EF
:10FC3000F00700200008002000007A4407F5A073B8
:10FC4000A3F59E731B689B7A87F82A3197F82A31AF
:10FC5000884AD25C884B1A700023C7F82C318EE09A
:10FC6000D7F82C31DBB207F15C0211461846FEF7DB
:10FC70001BFC0346002B7DD097F82A31082B6CD84B
:10FC800001A252F823F000BFADFC0008BDFC000843
:10FC9000CFFC0008DDFC0008EFFC0008FFFC0008BA
:10FCA00011FD00082DFD000849FD0008FB6D1946F7
:10FCB000724AD7F82C3142F823104FE0B7F8783069
:10FCC00019466E4AD7F82C3142F8231046E0FA6FF5
:10FCD0006A49D7F82C3141F823203FE0B7F9823048
:10FCE0001946664AD7F82C3142F8231036E0D7F887
:10FCF00088206249D7F82C3141F823202EE0B7F94B
:10FD0000843019465D4AD7F82C3142F8231025E09B
:10FD1000D7F82C31DBB21846FEF770FA03461946C5
:10FD2000564AD7F82C3142F8231017E0D7F82C3177
:10FD3000DBB21846FEF748FA034619464F4AD7F891
:10FD40002C3142F8231009E0B7F8803019464B4AAD
:10FD5000D7F82C3142F8231000E000BF0122D7F879
:10FD60002C3102FA03F39AB2454B1B8813439AB223
:10FD7000434B1A80D7F82C310133C7F82C31D7F810
:10FD80002C31032B7FF66CAF00236BE007F5A073DB
:10FD9000A3F59E7300211868FFF762F8034683F00D
:10FDA0000103DBB2002B01D004235BE0FDF7B2F8C6
:10FDB000002357E007F5A073A3F59E730021186890
:10FDC000FFF74EF8034683F00103DBB2002B01D0AE
:10FDD000042347E000F096FBFCF71EF8FCF7BEFC9E
:10FDE00009233FE007F5A073A3F59E73042118686B
:10FDF000FFF736F8034683F00103DBB2002B0DD189
:10FE000007F5A073A3F59E731B680A3304221D49EE
:10FE1000184601F0F5FE0346002B01D0042321E033
:10FE2000FDF778F807F5A073A3F59E731B689B791F
:10FE30001946042000F0F4FF07F5A073A3F59E73A4
:10FE40001B689A79104B1A70F4F730FD03460F4A7D
:10FE500013600F4B00221A700E4B01221A700E23F2
:10FE600000E00423184607F5A077BD46BDEC048BDF
:10FE700080BD00BFE8270108EE070020F007002042
:10FE800000080020E42701080408002008080020DA
:10FE9000030800200208002080B584B000AF78601D
:10FEA000FCF7A8F80346FB73FAF73EF90346002B6C
:10FEB00006D0072000F0F8FAFDF718F80D2371E0DE
:10FEC000FB7B222B06D1032000F0EEFAFDF70EF8A3
:10FED000072367E0FB7B1C2B06D8022000F0E4FA26
:10FEE000FDF704F806235DE0FCF76AF8034683F0AB
:10FEF0000103DBB2002B06D0012000F0D5FAFCF79D
:10FF0000F5FF05234EE07B68B3F90430002B0BD0DE
:10FF1000264B5B680133254A5360042000F0C4FA85
:10FF2000FCF7E4FF08233DE07B68B3F9003007EEFF
:10FF3000903AF8EEE77ADFED1E6A87EEA67A7B68E4
:10FF4000B3F9023007EE903AF8EEE77A9FED186ABF
:10FF5000C7EE866AF0EE660AB0EE470AFCF7FAFCD6
:10FF6000034683F00103DBB2002B0BD00F4B9B68E1
:10FF700001330E4A9360062000F096FAFCF7B6FFB4
:10FF800004230FE0094B1B680133084A136000206B
:10FF900000F08AFAFCF7FAFF0346042B01D10A238A
:10FFA00000E0092318461037BD4680BDF00600204A
:10FFB00000007A442DE9F04188B002AFBAE09E4BD0
:10FFC0001B78DBB21A469D4B9B5CFB759A4B1B78EA
:10FFD000DBB20133DBB203F03F03DAB2964B1A70A7
:10FFE0003A46FB7D19469648FEF728FB0346BB754B
:10FFF000934B9B6A934AD361914B1B6B914A53621B
:020000040801F1
:100000008F4B5B6B8F4AD3628D4BDB6B8D4A936357
:10001000BB7D002B00F08D80BB7D022B09D1012020
:1000200000F0C2FB884B1B7E01211846FEF7D6FD6F
:1000300080E0864800F0A2F9BB7D042B12D1804BF2
:100040009B7C022B02D17E4B1B7D01E07C4BDB7C39
:100050007B75032000F0A8FB7B7D03211846FEF78B
:10006000BDFD67E0BB7D032B09D1042000F09CFBA4
:10007000734BDB7C04211846FEF7B0FD5AE0714B50
:100080001B6A01336F4A136200F06EFBBA796E4B44
:100090001A766F4B1B78002B09D0BA796D4B1B7801
:1000A0009A4204D0674B1B6B0133664A1363684B5B
:1000B00001221A70BB790133DAB2664B1A70FB79F0
:1000C000022B1AD1BC79F4F7F1FB0346009300230D
:1000D00000220021204600F06FF9BC793B4618460B
:1000E000FEF7D2FE034619462046FEF777FD5A4B2F
:1000F0001B78DBB2002B1DD025E0BC79B7F900508E
:10010000B7F90260B7F90480F4F7D0FB0346009317
:10011000434632462946204600F04EF9BC793B461C
:100120001846FFF7B9FE034619462046FEF756FD6E
:1001300000E000BF404B1B78DAB2484B1B78DBB2C3
:100140009A427FF43CAF3E4B5B6B3F4A53613D4B61
:10015000DA6B434B1B689A4209D03A4BDB6B404A3F
:100160001360394B1B7E0B211846FEF737FD354BCC
:10017000D3F898203B4B1B689A420AD0314BD3F8F6
:100180009830384A1360304B1B7E0C211846FEF71E
:1001900025FD354B1B7883F00103DBB2002B0DD01E
:1001A000284BD3F8B030002B08D02F4B01221A7007
:1001B000254B1B7E0D211846FEF710FD2B4B1B789F
:1001C000DBB283F00103DBB2002B1CD0284B1B7881
:1001D000DAB2284B1B78DBB29A4214D0264B18684F
:1001E000234B1B78DBB21A46342302FB03F3234A6A
:1001F000134434221946F5F767FE0346002B02D15B
:100200001A4B01221A70144B1B78DBB2002B0ED054
:100210001B4B1B78DBB2002B07D1F4F747FB0246E0
:10022000184B1B68D31A632B01D900F01DFD00BFCA
:100230001837BD46BDE8F081AD0600206C060020F1
:10024000B00600200C080020F0060020C0060020A8
:10025000DF070020E007002002080020AC06002095
:10026000E4070020E8070020EC070020DE0700205C
:10027000DD070020DC070020640600200C070020BA
:10028000030800200808002080B487B000AFF860A1
:10029000B9601346FB710023FB750AE0FB7DBA6869
:1002A0001A44FB7DF9680B4412781A70FB7D013308
:1002B000FB75FA7DFB799A42F0D307E0FB7DFA6883
:1002C000134400221A70FB7D0133FB75FB7D072B65
:1002D000F4D900BF00BF1C37BD465DF8047B7047F2
:1002E00080B500AF4FF4807200210A4801F098FCFD
:1002F0000C220021084801F093FC064B074A1A60C3
:10030000044B4FF480325A60024B00229A6600BFC1
:1003100080BD00BF0C0800200C0900204244484367
:1003200080B483B000AF7860044A7B68936000BFFC
:100330000C37BD465DF8047B704700BF0C080020F9
:1003400080B582B000AF786039600B4BDA687B68AB
:100350001344094AD360084B1B690133064A1361F1
:10036000054A7B685361044A3B68936100F0ECF9ED
:1003700000BF0837BD4680BD0C08002080B485B0A2
:1003800000AF78600023FB7309E0FB7B7A681A44B6
:10039000FB7B1178074AD154FB7B0133FB73FB7B5A
:1003A0000B2BF2D900BF00BF1437BD465DF8047BAC
:1003B000704700BF0C09002090B482B000AF044623
:1003C000084611461A462346FB710346BB800B467E
:1003D0007B8013463B80FB791E4A9364B7F9043057
:1003E0001C4AD364B7F902301A4A1365B7F90030D2
:1003F000184A5365B7F9043007EE903AB8EEE77A39
:10040000DFED156AC7EE267A124BC3ED167AB7F9FF
:10041000023007EE903AB8EEE77ADFED0F6AC7EEEA
:10042000267A0C4BC3ED177AB7F9003007EE903AF5
:10043000B8EEE77ADFED086AC7EE267A054BC3ED22
:10044000187A044A3B69536600BF0837BD4690BC22
:10045000704700BF0C08002000007A4480B584B0CB
:1004600000AF03463960FB710E4B9B6EFB60FB795E
:10047000FA689A4212D00B4AFB68D366FB79094AA4
:100480009366084B1B6F0133064A1367054A3B68A6
:100490005367FB791946F86800F09EF900BF1037E2
:1004A000BD4680BD0C08002080B582B000AF034679
:1004B000FB71FB79064AD367FB79002B03D0FB79EC
:1004C000184600F071F900BF0837BD4680BD00BF77
:1004D0000C08002080B582B000AF7860084B9A6F9E
:1004E0007B681343064A93677B68002B04D0044B58
:1004F0009B6F184600F0EEF900BF0837BD4680BD7F
:100500000C08002080B400AF054B00229A67044B12
:100510000022DA6700BFBD465DF8047B704700BF6C
:100520000C08002090B482B000AF04460846114683
:100530001A462346FB710346BB710B467B7113467B
:100540003B71FB79002B01D0012300E00023114A0D
:10055000C2F88030BB79002B01D0012300E00023DA
:100560000C4AC2F884307B79002B01D0012300E0D3
:100570000023084AC2F888303B79002B01D00123C0
:1005800000E00023034AC2F88C3000BF0837BD46A4
:1005900090BC70470C08002080B584B000AFF860B4
:1005A000B96011461A460B46FB711346BB711A4AD5
:1005B000FB68C2F8C830FB79174AC2F8CC30164A3B
:1005C000BB69C2F8D830BB79002B01D0012300E011
:1005D0000023114AC2F8E030FB791A46B9680F4887
:1005E000FFF752FEBB79002B0BD00B4BD3F89430A6
:1005F0000133094AC2F89430B968F86800F020F96C
:1006000006E0054BD3F898300133034AC2F898301E
:1006100000BF1037BD4680BD0C080020F408002044
:1006200080B584B000AFF860B96011461A460B4639
:10063000FB711346BB71254BD3F8A0300133234A1D
:10064000C2F8A030214AFB68C2F8D030FB791F4ABB
:10065000C2F8D4301D4AFB69C2F8DC30BB79002BEC
:1006600002D13B7E002B01D0012300E00023174A7A
:10067000C2F8E430FB791A46B9681548FFF704FE62
:10068000BB79002B07D0114BD3F8A43001330F4AAC
:10069000C2F8A43011E03B7E002B07D00B4BD3F8FF
:1006A000A8300133094AC2F8A83006E0074BD3F856
:1006B000AC300133054AC2F8AC30B968F86800F0D4
:1006C000F1F800BF1037BD4680BD00BF0C08002008
:1006D000FC08002080B483B000AF3B600346FB7190
:1006E0000B46BB7113467B71FB79002B01D00123B4
:1006F00000E00023134AC2F8B030BB79002B01D0D0
:10070000012300E000230F4AC2F8B4307B79002BAC
:1007100001D0012300E000230A4AC2F8B830094A98
:100720003B68C2F8BC30074A3B69C2F8C030054A92
:100730007B69C2F8C43000BF0C37BD465DF8047B4E
:10074000704700BF0C08002080B400AF054BD3F801
:10075000F8300133034AC2F8F830BD465DF8047B37
:10076000704700BF0C08002080B400AF054BD3F8E1
:10077000F8300133034AC2F8F830BD465DF8047B17
:10078000704700BF0C08002080B400AF054BD3F8C1
:10079000F8300133034AC2F8F830BD465DF8047BF7
:1007A000704700BF0C08002080B483B000AF7860B1
:1007B000084A7B68C2F8FC30064BD3F8F8300133A6
:1007C000044AC2F8F83000BF0C37BD465DF8047B20
:1007D000704700BF0C08002080B483B000AF786081
:1007E00039607B681A043B681343084AC2F8FC303E
:1007F000064BD3F8F8300133044AC2F8F83000BF92
:100800000C37BD465DF8047B704700BF0C08002024
:1008100080B483B000AF78603960084A7B68C2F862
:10082000FC30064BD3F8F8300133044AC2F8F830F4
:1008300000BF0C37BD465DF8047B70470C080020F4
:1008400080B483B000AF78603960084A7B68C2F832
:10085000FC30064BD3F8F8300133044AC2F8F830C4
:1008600000BF0C37BD465DF8047B70470C080020C4
:1008700080B483B000AF786039607A683B685340D9
:10088000074AC2F8FC30064BD3F8F8300133044A6B
:10089000C2F8F83000BF0C37BD465DF8047B7047E6
:1008A0000C08002080B483B000AF78603960084A3B
:1008B0007B68C2F8FC30064BD3F8F8300133044AA9
:1008C000C2F8F83000BF0C37BD465DF8047B7047B6
:1008D0000C08002080B483B000AF7860084A7B68C1
:1008E000C2F8FC30064BD3F8F8300133044AC2F8A2
:1008F000F83000BF0C37BD465DF8047B704700BF81
:100900000C08002080B483B000AF78600B467B8079
:100910007B88DAB27B681A707B881B0A9AB27B6884
:100920000133D2B21A7000BF0C37BD465DF8047BAC
:10093000704780B582B000AF78600B467B807B88C3
:1009400019467868FFF7DEFF00BF0837BD4680BD57
:1009500080B483B000AF786039603B68DAB27B68FE
:100960001A703B681A0A7B680133D2B21A703B686E
:100970001A0C7B680233D2B21A703B681A0E7B687D
:100980000333D2B21A7000BF0C37BD465DF8047B4A
:10099000704780B582B000AF786039603B68194617
:1009A0007868FFF7D5FF00BF0837BD4680BD80B52A
:1009B00084B000AF786039607B68002B02D03B6860
:1009C000002B01D10023C6E03B68A5221A703B68CA
:1009D00001335A221A703B68023303221A703B68B3
:1009E000033334221A703B6804337A6812781A7021
:1009F0003B6805337A6852781A703B6806337A6828
:100A000092781A703B6807337A68D2781A703B681C
:100A100003F108027B689B8819461046FFF772FFB6
:100A20003B680A337A6892791A703B680B337A68AC
:100A3000D2791A703B6803F10C027B681B89194656
:100A40001046FFF75FFF3B6803F10E027B685B898E
:100A500019461046FFF756FF3B6803F110027B680A
:100A60009B8919461046FFF74DFF3B6803F11202C0
:100A70007B681B6919461046FFF76AFF3B6803F164
:100A800016027B68B3F9143019461046FFF751FF80
:100A90003B6803F118027B68B3F91630194610461B
:100AA000FFF747FF3B6803F11A027B68B3F9183080
:100AB00019461046FFF73DFF3B6803F11C027B68B7
:100AC000B3F91A3019461046FFF733FF3B681E335F
:100AD0007A68127F1A703B681F337A68527F1A70E7
:100AE0003B6803F120027B681B6A19461046FFF73A
:100AF00050FF3B6803F124027B685B6A194610468D
:100B0000FFF747FF3B6803F128027B689B6A1946A1
:100B10001046FFF73EFF3B6803F12C027B68DB6A5F
:100B200019461046FFF735FF3B6803F130027B683A
:100B30001B8E19461046FFF7E5FE32213868FDF797
:100B400003FD0346FB813B683233FA8911461846A0
:100B5000FFF7D8FE012318461037BD4680BD0000C0
:100B600080B400AFBFF34F8F00BF064BDB6803F4C8
:100B7000E0620449044B1343CB60BFF34F8F00BFC7
:100B800000BFFDE700ED00E00400FA0580B582B08B
:100B900000AFF3F78BFE78601E4BD3F8D0301E4ABF
:100BA00013601C4BD3F8D0301A4A43F48033C2F898
:100BB000D0301A4B5B6D194A43F480235365184BB0
:100BC0004CF6CC421A60164B45F255521A60144B43
:100BD00006225A60124BF9229A6008E0F3F766FE8B
:100BE00002467B68D31A642B01D900230DE00C4B1D
:100BF000DB6803F00703002BF0D1094B4AF6AA2269
:100C00001A60084B01221A70012318460837BD46A6
:100C100080BD00BF00440258180900200010005C8D
:100C2000004800581C09002080B400AF064B1B7818
:100C3000002B03D0054B4AF6AA221A6000BFBD461E
:100C40005DF8047B704700BF1C0900200048005875
:100C500080B400AF034B1B681846BD465DF8047BAB
:100C6000704700BF1809002080B500AF72B600BF02
:100C7000BFF34F8F00BFFFF773FF000080B400AFDA
:100C8000BFF34F8F00BF064BDB6803F4E0620449FB
:100C9000044B1343CB60BFF34F8F00BF00BFFDE792
:100CA00000ED00E00400FA0580B485B000AF786084
:100CB0003960104BFB600023BB6010E07A68BB68B2
:100CC00013441B78DBB21A46FB685340FB60FB6899
:100CD000094A02FB03F3FB60BB680133BB60BA68DF
:100CE0003B689A42EAD3FB6818461437BD465DF864
:100CF000047B7047C59D1C819301000180B586B0BF
:100D000000AF0823FB60FB680433BB604FF0625305
:100D1000F9681846FFF7C8FF78614FF062537B60AF
:100D2000BB683B6110E07A683B6913441B78DBB217
:100D30001A467B6953407B617B69084A02FB03F3D7
:100D40007B613B6901333B613B69B3F5F07FEAD3DB
:100D50007B6918461837BD4680BD00BF930100016E
:100D600098B500AF4FF06254FFF7C8FF0346A36089
:100D7000BFF34F8F00BF00BF98BD000098B500AF14
:100D80004FF062531B68104A934216D14FF06253E2
:100D90009B889BB2012B10D14FF06253DB889BB232
:100DA000B3F5F07F09D14FF062539C68FFF7A6FFBF
:100DB00003469C4201D1012300E0002303F001031C
:100DC000DBB2184698BD00BF48544C4880B582B08D
:100DD00000AF4FF062533B6000237B6008E07B680C
:100DE0009B003A68134400221A607B6801337B60E1
:100DF0007B68772BF3D94FF06253084A1A604FF0A3
:100E0000625301229A804FF062534FF4F072DA80FD
:100E1000FFF7A6FF00BF0837BD4680BD48544C48C9
:100E200090B585B000AF03463960FB71244B1B7849
:100E300083F00103DBB2002B3DD14FF062531B6AFC
:100E400003F01F03FB604FF06254F3F72FFD0146E0
:100E5000FA6813465B0013449B0023446033196017
:100E60004FF06250F979FA6813465B0013449B0017
:100E70000344643319604FF06251FA6813465B0013
:100E800013449B000B4468333A681A60FB680133D3
:100E90004FF0625203F01F0313624FF06253DB699D
:100EA000B3F1FF3F04D04FF06253DA690132DA61E7
:100EB000FFF756FF00E000BF1437BD4690BD00BFEE
:100EC0001D09002080B586B000AF786007F11003DF
:100ED00000221A605A60354BD3F8E030334A43F0B1
:100EE0008053C2F8E030314BD3F8E03003F0805348
:100EF000FB60FB68F3F75AFBF3F72CFC0346002B6F
:100F000001D000234EE0FFF739FF034683F00103D1
:100F1000DBB2002B01D0FFF759FF254B01221A70DD
:100F20004FF06253DA680132DA604FF062527B6848
:100F300013617B6803F08063002B04D04FF0625391
:100F40005A6901325A61FFF70BFFC0233B6100234E
:100F50007B6107F110031846F3F738FBF3F7B0FB9A
:100F6000144B5B6803F01003102B0CBF012300230C
:100F7000DAB2114B1A7079680120FFF751FF7B68D4
:100F800003F08063002B03D079680220FFF748FF4D
:100F9000094B1B78002B04D040F622310520FFF7C7
:100FA0003FFF012318461837BD4680BD0044025854
:100FB0001D090020004802581E09002080B487B097
:100FC00000AF214BFB60214BBB60EFF308837B60DC
:100FD0007B687B617A69BB689A4201D9BB687B6197
:100FE000FB6880337A699A4211D97B69803B7B61C7
:100FF000FB683B6106E03B694FF0A5321A603B6934
:1010000004333B613B697A699A42F4D801E0FB689A
:101010007B617A69FB68D31A0D4A13600D4BDB685C
:101020000C4A43F08073D3600B4B00225A600A4B8A
:101030001B68094A43F00103136000BF1C37BD461B
:101040005DF8047B704700BF00F001200000022023
:1010500034090020F0ED00E0001000E080B400AFA3
:10106000044B5B68044A136000BFBD465DF8047B17
:10107000704700BF001000E02009002080B483B05A
:1010800000AF234B5A68234B1B68D31A7B60224B5B
:101090001B68224AA2FB03239B0C3B603B68002B8E
:1010A00004D07A683B68B2FBF3F300E000231C4AEB
:1010B00013601B4B1A681B4B1B689A4203D9184BD1
:1010C0001B68184A1360184B1B68002B04D1144B83
:1010D0001B68164A13600AE0144B1A6813461B017A
:1010E0009A1A0F4B1B6813441B09104A13600E4BCE
:1010F0001B68B3F1FF3F04D00B4B1B6801330A4A56
:10110000136000BF0C37BD465DF8047B704700BF1D
:10111000001000E0200900200000002083DE1B43B7
:101120002409002028090020300900202C09002073
:1011300080B584B000AF214BFB60214B7B60002366
:10114000BB60204B5B6803F01003102B0CBF012326
:101150000023FB7005E0BB680433BB60FB6804330D
:10116000FB60FA687B689A4204D2FB681B68B3F1A3
:10117000A53FF0D0144B1B68002B04D0124B1B680A
:10118000BA689A4202D2104ABB6813600F4B1B78B0
:10119000FA789A420DD00D4AFB781370FB78002B39
:1011A00001D0052300E0062340F622311846FFF760
:1011B00037FE00BF1037BD4680BD00BF00F00120E4
:1011C0000000022000480258340900201E090020B7
:1011D00080B582B000AF786079680720FFF720FE05
:1011E00000BF0837BD4680BD80B483B000AF7860D3
:1011F0007B68002B06D0124B1B7883F00103DBB217
:10120000002B01D0002314E04FF06253DA687B68B2
:101210001A604FF062531A697B685A604FF062534C
:101220005A697B689A604FF062539A697B68DA600A
:10123000012318460C37BD465DF8047B704700BF9C
:101240001D09002080B483B000AF78607B68002B5C
:1012500001D1002310E00B4B1A687B681A600A4B1F
:101260001A687B685A60094B1A687B689A60084B59
:101270001A687B68DA60012318460C37BD465DF8B2
:10128000047B704724090020280900202C09002035
:101290003409002080B582B000AF78607B68002BF5
:1012A00006D00E4B1B7883F00103DBB2002B01D07C
:1012B00000230FE04FF0625324333C221946786834
:1012C00000F0E2FC4FF062539B69002B14BF012336
:1012D0000023DBB218460837BD4680BD1D0900203B
:1012E00080B586B000AFF860B9607A60BB68002B4B
:1012F00006D01E4B1B7883F00103DBB2002B01D01C
:1013000000232EE04FF06253DB697B617B69202B69
:1013100001D920237B617B68002B04D04FF06253FE
:10132000DA697B681A60FA687B699A4201D3002304
:1013300017E04FF062531A6AFB68D31A1F3303F0A9
:101340001F033B614FF062513A6913465B0013443F
:101350009B0060330B440C221946B86800F094FCE3
:10136000012318461837BD4680BD00BF1D09002067
:1013700080B483B000AF41F23F037B607B681846C6
:101380000C37BD465DF8047B704780B400AF4FF466
:1013900080331846BD465DF8047B704780B400AFCB
:1013A000024B1846BD465DF8047B7047857EE970A8
:1013B00080B400AF024B1846BD465DF8047B704711
:1013C000FBD842AF80B400AF034B1B781846BD4634
:1013D0005DF8047B704700BF1E09002080B485B013
:1013E00000AF78607B68FB60FB682033BB60FB6804
:1013F000B3F1005F03D3BB68134A934217D9FB686C
:10140000B3F1105F03D3BB68104A93420FD9FB6856
:10141000B3F1405F03D3BB680D4A934207D9FB6821
:10142000B3F1605F05D3BB680A4A934201D8012338
:1014300000E0002303F00103DBB218461437BD4679
:101440005DF8047B704700BF000002200000082404
:10145000008004300000013880B588B000AFF8602B
:10146000B9607A60354B1B78002B60D04FF0625327
:101470002433BB61F868FFF7B1FF0346002B20D08F
:10148000FB681A68BB691A60FB685A68BB695A60D6
:10149000FB689A68BB699A60FB68DA68BB69DA60C6
:1014A000FB681A69BB691A61FB685A69BB695A61B2
:1014B000FB689A69BB699A61FB68DA69BB69DA61A2
:1014C00010E0BB697B610023FB6108E0FB699B00C6
:1014D0007A69134400221A60FB690133FB61FB69DE
:1014E000072BF3D9BB69BA681A62BB697A685A627A
:1014F000134B9A6ABB699A62114BDA6ABB69DA626A
:101500000F4B5A6BBB691A630D4B9A6BBB695A63DD
:101510000B4BDA6BBB699A634FF062539A690132E5
:101520009A61FFF71DFC79680320FFF779FC72B61A
:1015300000BFBFF34F8F00BFFFF7A0FB1D090020C6
:1015400000ED00E080B400AF00BFBD465DF8047B55
:10155000704780B400AF00BFBD465DF8047B7047A4
:1015600080B400AF00BFBD465DF8047B704700004B
:1015700000F0C8B808B52DED028BF0EE408AB0EE51
:10158000608A00F065F9F4EE488AF1EE10FA06D6AA
:10159000DFED098AB4EE688AF1EE10FA02D0BDECF4
:1015A000028B08BD00F044FB88EEA80ABDEC028B5C
:1015B0002123036008BD00BF0000000008B52DED29
:1015C000028BB0EE408A00F04FF8B4EE488AF1EE9C
:1015D00010FA06D6DFED098AB4EEE88AF1EE10FAC9
:1015E00002D4BDEC028B08BD00F022FB88EEA80AF5
:1015F000BDEC028B2123036008BD00BF000000008A
:1016000010EE101AC1F3C7520029A2F17F0CACBF33
:1016100001204FF0FF30BCF11E0F0FDCBCF1000FBA
:101620001DDBC1F31603BCF1160F43F400030ADD02
:10163000963A03FA02F202FB00F07047FDEEC07A20
:1016400017EE900A70474FF4800242FA0CF21A44E7
:10165000CCF1170C22FA0CF202FB00F07047BCF13F
:10166000FF3F18BF00207047B1EEC00A704700BFAF
:1016700010EE102AC2F3C7537F3B162B22F0004115
:101680001BDC002B10461EDB1A4919410A4223D0ED
:10169000DFED197A70EE277AF5EEC07AF1EE10FAE6
:1016A0001ADD002A04DD4FF4000242FA03F3184465
:1016B00020EA010300EE103A7047B1F1FF4F0BD35F
:1016C00030EE000A7047DFED0C7A70EE277AF5EE07
:1016D000C07AF1EE10FA00DC7047002A06DB11B187
:1016E000B7EE000AF8E79FED050A70479FED040A80
:1016F000704700BFFFFF7F00CAF249710000000081
:101700000000008010B582B0CDED010A019B23F0EE
:101710000042B2F1FF4FF0EE407A30D810EE100ADE
:1017200020F00041B1F1FF4F29D8B3F17E5F3DD0E9
:101730009C1704F0020444EAD07431B372B3B2F1DE
:10174000FF4F3ED0B1F1FF4F28D0891AB1F1F45FBD
:101750004FEAE15232DA002B40DA3C323EDA9FEDBA
:10176000330A012C4CD0022C41D064B19FED307A69
:10177000DFED307A30EE070A30EE670A03E09DEDC8
:10178000017A37EE270A02B010BD022C0BD09FED74
:101790002A7A032C07FE000A02B010BD00280ADBDB
:1017A0009FED260AEFE79FED230AECE702B0BDE8C4
:1017B000104000F00FB99FED220AE4E79FED1F0AE9
:1017C000CFE7B1F1FF4F04F1FF3420D0022C26D82F
:1017D0001C4B03EB840393ED000AD4E79DED017AE3
:1017E00087EE870A00F0C8F900F0F4F8B9E79FED3A
:1017F000107ADFED107A30EE070A37EEC00AC2E742
:1018000010EE103A03F1004300EE103ABBE7022C51
:1018100008D80D4B03EB840393ED000AB3E79FED6B
:10182000030AB0E79FED090AADE700BF0000000022
:101830002EBDBB33DB0F4940DB0F49C0DB0FC93F77
:10184000DB0FC9BFF427010800280108DB0F493F5F
:1018500070B582B0CDED010A019820F000435A1E08
:10186000B2F1FF4F3BD210EE101A21F00044B4F158
:10187000FF4F34D29C4238DB01F0004258D011F0C7
:10188000FF4F00F0FF463ED14FEA042C6FF07D057C
:101890004FEA4C0CBCF1000F05F1FF35F8DC002ECF
:1018A00066D118026FF07D0E40000EF1FF3EFBD5B1
:1018B00015F17E0F77DA6FF07D00411B04FA01F11C
:1018C000A5EB0E05A0EB0E04A340681EA5B9CB1A2C
:1018D000002B75DB2CD0B3F5000F35DB41E0DDEDDF
:1018E000017A60EE277A87EEA70A02B070BD1FD09A
:1018F0004FEA4C01013822D3A1EB030CBCF1000FDD
:10190000F5DA4900F6E7E51586B3DB15C0F31600F6
:10191000ED1AC1F31601A3F17F0E41F4000140F46A
:101920000003681E002DE7D1CB1A002B30DB0BD152
:10193000274B03EB527393ED000A02B070BDCB1A34
:1019400048BF0B461BB9F3E75B000EF1FF3EB3F552
:10195000000FF9DB1EF17E0F1BDA6FF07D04A4EBA4
:101960000E042341134300EE103ABEE77F3D98E793
:10197000DB15A3F17F0EC0F316006FF07D0140F47C
:101980000003491BA5EB0E0004FA01F10138B3E78F
:101990000B46A3F500030EF17F0E134343EACE532B
:1019A00000EE103AA1E76FF07D04C1F31601A5EB3C
:1019B0000E00A4EB0E0441F400010138A3409BE7A4
:1019C0000029B5D0B1F5000F0B46BDDBC9E700BF5C
:1019D0000C28010838B510EE105A25F00044B4F177
:1019E000A14FF0EE407A07D3B4F1FF4F55D8002D48
:1019F00077DD9FED4E0A38BD4D4B9C425CD8B4F16B
:101A0000445F4DD34FF0FF3327EEA76A9FED495A4D
:101A10009FED497ADFED495ADFED494A66EE066AE5
:101A20005A1CA6EE857AE6EEA54A9FED465ADFEDF2
:101A3000465AA7EE265AE4EEA65A9FED447ADFED09
:101A4000444AA5EE267AE5EEA64A9FED425ADFED1E
:101A5000425AA7EE265A9FED417AA4EEA67AE5EE09
:101A6000265A27EE267AA5EE867A27EE877A3BD08D
:101A70003B493C4A01EB8301D1ED006A37EE667ABF
:101A800002EB8303D3ED006A37EE677A002D36EE62
:101A9000C70AB0DAB1EE400A38BD30EE000A38BDF0
:101AA0009FED317A30EE077AF7EE006AB4EEE67A0F
:101AB000F1EE10FAA6DD38BD00F05EF82B4B9C422B
:101AC00015D8A3F5D0039C4226D8F0EE007ABFEEDD
:101AD000007AA0EE277A002330EE270AC7EE007ABC
:101AE00092E79FED230A38BD37EEC70A38BD214B78
:101AF0009C420BD8F7EE087AB7EE007AA0EE277A70
:101B0000022330EE670AC0EE077A7DE7BFEE007A67
:101B1000C7EE007A032377E7F7EE007A30EE677AB4
:101B200030EE270A0123C7EE007A6DE7DB0FC93FCD
:101B3000FFFFDF3ED769853C59DA4B3D21A215BD39
:101B40006BF16EBD356B883D95879DBD6E2EBA3DA0
:101B5000388EE3BD2549123EABAAAA3ECDCC4CBE81
:101B60001428010824280108CAF24971FFFF973F91
:101B7000DB0FC9BFFFFF1B4010EE103A23F00043FC
:101B800000EE103A704700BF30B51446002C9BB0F1
:101B900005461A4605DA8B2303604FF0FF301BB071
:101BA00030BD4FF40273ADF80C304FF000031993C1
:101BB00014BF04F1FF332346029305934FF6FF73DE
:101BC00000910491ADF80E3069461E9B00F0C2F9F9
:101BD000431CBCBF8B232B60002CE0D0009B002259
:101BE0001A70DCE707B5009313460A46014603481E
:101BF0000068FFF7C9FF03B000BD00BF1800002058
:101C000010B501390244904201D1002005E003786B
:101C100011F8014FA34201D0181B10BD0130F2E7AB
:101C200002440346934200D1704703F8011BF9E7D1
:101C3000014B1868704700BF1800002070B50D4BAD
:101C40000D4D5B1B9C100026A64209D100F06EFCD6
:101C50000A4D0B4B5B1B9C100026A64205D170BDA4
:101C600055F8043B98470136EEE755F8043B984792
:101C70000136F2E770280108702801087028010871
:101C800074280108704770470A44914200F1FF33FD
:101C900000D1704710B511F8014B03F8014F914284
:101CA000F9D110BD38B50546002941D051F8043CA2
:101CB0000C1F002BB8BFE41800F0E0F81D4A1368B1
:101CC00033B9636014602846BDE8384000F0DCB8E2
:101CD000A34208D9206821188B4201BF19685B68AC
:101CE00009182160EDE71A465B680BB1A342FAD9E7
:101CF00011685018A0420BD120680144501883424B
:101D00001160E0D118685B68536008441060DAE73E
:101D100002D90C232B60D6E7206821188B4204BF20
:101D200019685B68636004BF091821605460CAE7E2
:101D300038BD00BF7C0A002070B50F4E0C463168DC
:101D4000054611B900F0ACFB30602146284600F092
:101D5000A7FB431C03D14FF0FF34204670BDC41CC9
:101D600024F00304A042F8D0211A284600F098FB82
:101D70000130F2D1EFE700BF780A00202DE9F843E7
:101D8000CD1C25F0030508350C2D38BF0C25002D82
:101D9000064601DBA94204D90C2333600020BDE8CC
:101DA000F883DFF8D48000F069F8D8F800301C46DA
:101DB00044BB29463046FFF7BFFF431C044658D1B9
:101DC000D8F800402746002F43D1002C4BD0236881
:101DD0003946304604EB030900F062FB814542D1ED
:101DE00021686D1A29463046FFF7A6FF01303AD028
:101DF00023682B442360D8F800305A6862BBC8F8C7
:101E000000700FE02268521B20D40B2A17D96119E9
:101E1000A342256018BF5960636808BFC8F8001066
:101E200062514B60304600F02FF804F10B00231D87
:101E300020F00700C21A1CBF1B1AA350AFE762684C
:101E4000A3420CBFC8F800205A60EBE72346646841
:101E5000AEE73C467F68B6E71A465B68A342FBD113
:101E600000235360DEE70C233360304600F00CF8AB
:101E700094E70560D6E700BF7C0A00200148FFF721
:101E800001BF00BF740A00200148FFF7FCBE00BF7D
:101E9000740A00202DE9F0478E681F46BE42824634
:101EA0000C469046334653D8B1F90C0010F4906FAD
:101EB0002BD065692368096905EB4505A3EB01098A
:101EC00005EBD5757B1C6D104B44AB422A4684BF95
:101ED0001D462A46430527D511465046FFF74EFFBB
:101EE000064658B321694A46FFF7CEFEA38923F47C
:101EF000906343F08003A381266165614E44A5EBA6
:101F000009052660A5603E463B461F4620683A46C6
:101F1000414600F0ABFAA3689B1BA36023683B44D7
:101F200023600020BDE8F087504600F0C9FA06465D
:101F30000028E1D121695046FFF7B4FE0C23CAF80E
:101F40000030A38943F04003A3814FF0FF30E9E75D
:101F50003E46DBE72DE9F0471F468B891B069CB008
:101F600006460D46144610D50B6973B94021FFF79C
:101F700005FF2860286130B90C2333604FF0FF3033
:101F80001CB0BDE8F08740236B6100230993202338
:101F90008DF8293003973023654F8DF82A304FF0A4
:101FA00001082346994613F8012B0AB1252AF9D1D5
:101FB000B9EB040A0BD05346224629463046FFF7B8
:101FC00069FF013000F0A480099A5244099299F8FF
:101FD0000030002B00F09C8000234FF0FF32CDE951
:101FE000052309F10109049307938DF853301A93DF
:101FF0004C464F4814F8011B0522EEF709FB049BE1
:10200000D0B9D80644BF20228DF85320190744BF09
:102010002B228DF8532099F800202A2A13D0079AF2
:102020004C4600204FF00A0C214611F8013B303B92
:10203000092B49D968B913E0C01B08FA00F018430E
:102040000490A146D4E7039A111D12680391002A57
:1020500001DB079204E0524243F00203079204932B
:1020600023782E2B0AD163782A2B32D1039B1A1D99
:102070001B68039243EAE37302340593DFF8C090D0
:10208000217803224846EEF7C3FA38B1049BA0EB4F
:1020900009004022824013430134049314F8011BC9
:1020A00024488DF828100622EEF7B2FA002835D021
:1020B000214818BB039B073323F00703083303931E
:1020C000099B034409936CE70CFB02320C46012088
:1020D000AAE700230134059319464FF00A0C204665
:1020E00010F8012B303A092A03D9002BC6D00591EC
:1020F000C4E70CFB012104460123F0E703AB009386
:102100002A460E4B04A93046AFF30080421CD7D1BB
:10211000AB895B063FF532AF099831E703AB00931B
:102120002A46064B04A9304600F07AF8EEE700BFD5
:10213000342801083E28010800000000951E01080F
:102140003A2801082DE9F047164698468A680B6937
:10215000DDF820909342B8BF1346336091F84320D6
:1021600007460C460AB1013333602368990642BF23
:10217000336802333360256815F0060506D104F193
:10218000190AE36832689B1AAB4226DC94F84330A4
:102190002268003B18BF012392062BD404F14302AE
:1021A00041463846C84701301ED02368226903F0F3
:1021B0000603042B02BFE5683368ED1AA3680CBF61
:1021C00025EAE57500259342C4BF9B1AED18002649
:1021D0001A34B5421AD1002008E001235246414684
:1021E0003846C847013003D14FF0FF30BDE8F087D3
:1021F0000135C6E7E1185A1C302081F8430022441B
:1022000094F8451082F843100233C7E701232246B1
:1022100041463846C8470130E6D00136D9E70000CC
:102220002DE9F0430D7E85B0782D90460C9E074633
:102230000C46994601F1430207D8622D0AD8002DB9
:1022400000F0D780582D00F0BC8004F1420684F8DD
:1022500042503BE0A5F16303152BF6D801A151F8DC
:1022600023F000BFBD220108D12201084B22010842
:102270004B2201084B2201084B220108D122010800
:102280004B2201084B2201084B2201084B22010876
:10229000D9230108FB2201088B2301084B220108E6
:1022A0004B220108FB2301084B220108FB220108F5
:1022B0004B2201084B2201089323010833681A1DA1
:1022C0001B68326004F1420684F842300123A1E029
:1022D00033682068191D3160060601D51D6803E0CA
:1022E0004506FBD5B3F90050002D03DA2D236D42CE
:1022F00084F843305B480A2311E0216833680806FC
:1023000053F8045B02D4490648BFADB23360237E64
:1023100054486F2B5CD10823002184F84310666871
:10232000A660002E05DB21682E4321F00401216008
:1023300050D01646B5FBF3F103FB115C10F80CC04E
:1023400006F801CDAC4663450D46F3D9082B0BD1F9
:102350002368DB0708D5236961689942DEBF302313
:1023600006F8013C06F1FF36921B2261CDF8009081
:10237000434603AA21463846FFF7E4FE01304ED11A
:102380004FF0FF3005B0BDE8F083236843F0200331
:1023900023603548782584F845502368316813F068
:1023A000800F51F8045B03D113F0400F18BFADB29A
:1023B0003160D90744BF43F0200323601DB11023CF
:1023C000AAE72848E7E7236823F020032360F6E71D
:1023D0000A23A1E71646B9E7336825686169181D25
:1023E00030602E061B6801D5196002E06806FBD537
:1023F0001980002323611646B8E733681A1D32603E
:102400001E68626800213046EEF702F908B1801BB1
:10241000606063682361002384F84330A6E7236982
:10242000324641463846C8470130A9D023689B0749
:1024300013D4E068039B9842B8BF1846A2E7012373
:10244000324641463846C847013099D00135E368E5
:1024500003995B1AAB42F2DCEBE7002504F11906A5
:10246000F5E700BF4528010856280108884210B545
:1024700001EB020402D98442234607D8431EA1423D
:1024800007D011F8012B03F8012FF8E7024482422C
:1024900000D110BD13F8011D02F8011DF7E700007F
:1024A00038B5064D0023044608462B60F6F722FF98
:1024B000431C02D12B6803B1236038BD700A002091
:1024C0002DE9F041074614460D4621B9BDE8F0411B
:1024D0001146FFF753BC2AB9FFF7E4FB254628460F
:1024E000BDE8F08100F01AF88442064602D8B4EB49
:1024F000500FF4D821463846FFF740FC804608B913
:102500004546ECE7B4422246294628BF3246FFF74B
:10251000BBFB29463846FFF7C5FBF1E751F8043C01
:10252000181F002BBCBF0B58C0187047F8B500BF70
:10253000F8BC08BC9E467047F8B500BFF8BC08BCA4
:042540009E467047FC
:102544000000000000000000000000000000000087
:102554000000000001000000020000000300000071
:10256400040000000000000005000000000000005E
:102574000000000000000000060000000000000051
:102584000000000000000000070000000000000040
:1025940001020304010203040607080900010203FF
:1025A40004050607080C101418203040010002002E
:1025B4000400060008000A000C001000200040007F
:1025C4008000000101010103070100000804020466
:1025D40008010101000000000100000002000000E9
:1025E40003000000040000000500000006000000D5
:1025F40007000000080000000000000001000000C7
:1026040002000000030000000400000005000000B8
:10261400060000000700000008000000464C00000F
:1026240046520000524C000052520000737465651B
:1026340072696E672073746174653D2575206D6FD2
:10264400746F723D25732069643D307825303258AB
:10265400000000005458202530386C5820253032B2
:102664005820253032582025303258202530325811
:102674002025303258202530325820253032582039
:1026840025303258000000004641554C54206D6FEF
:10269400746F723D25732069643D3078253032585B
:1026A400206572726F723D25750000007265747248
:1026B40079206D6F746F723D25732069643D3078A5
:1026C4002530325820636F756E743D257520657210
:1026D400726F723D257500005549442025732025ED
:1026E400303258253032582530325825303258256A
:1026F400303258253032582530325825303258007F
:10270400496E697469616C697A6174696F6E20637A
:102714006F6D706C6574653B206D6F746F727320A0
:1027240064697361626C6564202853544545524959
:102734004E475F4155544F5F454E41424C453D30F5
:10274400290000005374656572696E672052454123
:1027540044590000202601082426010828260108DF
:102764002C26010801020304000000000000000000
:102774000000000000000000000000000000000055
:1027840000000000000000000000803F0000803FC7
:102794000000803F0000803F0000000000000000B7
:1027A4000000000000000000000000000000000025
:1027B4000000000000000000DB0F4940DB0F49402F
:1027C400DB0F4940DB0F4940010101010102030411
:1027D40005000600070008000001050704000000CA
:1027E400525354210706020304051112130000007A
:1027F40000000080DB0F4940DB0F49C0DB0F49BFFD
:10280400E4CB1640E4CB16C00000000000000080BA
:102814006937AC3168212233B40F14336821A233F1
:102824003863ED3EDA0F493F5E987B3FDA0FC93FCC
:10283400232D302B2000686C4C00656667454647A5
:102844000030313233343536373839414243444528
:102854004600303132333435363738396162636497
:0428640065660000A5
:08286800A8DAFE7F0100000068
:04287000C502000895
:04287400A1020008B5
:102878000090D0030090D003100000000100000079
:102888000000803F000000401C0000200000000005
:1028980038090020A0090020080A002000000000D4
:1028A8000000000000000000000000000000000020
:1028B8000000000000000000000000000000000010
:1028C8000000000000000000000000000000000000
:0828D8000000000000000000F8
:0400000508009361FB
:00000001FF
