:020000040800F2
:10000000000002203D4B0008554A0008574A0008EE
:100010006D4A0008834A0008994A00080000000061
:10002000000000000000000000000000AF4A0008CF
:10003000B14A000800000000B34A0008B54A0008B1
:10004000914B0008914B0008914B0008914B000820
:10005000914B0008914B0008914B0008914B000810
:10006000914B0008914B0008914B0008914B000800
:10007000914B0008914B0008914B0008914B0008F0
:10008000914B0008914B0008914B0008B94A0008B9
:10009000C54A0008914B0008914B0008914B00089D
:1000A000914B0008914B0008914B0008914B0008C0
:1000B000914B0008914B0008914B0008914B0008B0
:1000C000914B0008914B0008914B0008914B0008A0
:1000D000914B0008D14A0008914B0008914B000851
:1000E000914B0008914B000800000000914B000864
:1000F000914B0008914B0008914B0008914B000870
:10010000914B0008914B0008914B0008914B00085F
:10011000914B0008914B0008914B0008914B00084F
:10012000914B0008914B0008914B0008914B00083F
:10013000914B0008914B0008914B0008914B00082F
:1001400000000000000000000000000000000000AF
:10015000914B0008914B0008914B0008914B00080F
:10016000914B0008914B0008914B0008914B0008FF
:10017000914B0008914B0008914B000800000000D3
:10018000914B0008914B0008914B0008914B0008DF
:10019000914B0008914B0008914B0008914B0008CF
:1001A000914B0008914B0008914B0008914B0008BF
:1001B000914B0008914B0008914B0008914B0008AF
:1001C000914B0008914B0008914B0008914B00089F
:1001D000914B0008914B0008914B0008914B00088F
:1001E000914B0008914B0008914B0008914B00087F
:1001F000914B0008914B0008914B0008914B00086F
:10020000914B0008914B0008914B0008914B00085E
:10021000914B0008914B0008914B0008914B00084E
:10022000914B0008914B0008914B00080000000022
:10023000914B0008914B000800000000914B000812
:10024000914B0008914B0008914B0008914B00081E
:10025000914B0008914B0008914B0008914B00080E
:10026000914B0008914B0008914B0008914B0008FE
:10027000914B0008914B0008914B000800000000D2
:10028000914B0008914B0008914B000800000000C2
:0802900000000000914B000882
:1002A00010B5054C237833B9044B13B10448AFF3B0
:1002B00000800123237010BD6800002000000000B2
:1002C000E49C000808B5034B1BB103490348AFF396
:1002D000008008BD000000006C000020E49C0008C5
:1002E00053B94AB9002908BF00281CBF4FF0FF319D
:1002F0004FF0FF3000F088B9ADF1080C6DE904CE85
:1003000000F006F8DDF804E0DDE9022304B07047F0
:100310002DE9F047089D0F4604468C46002B48D136
:100320008A42164661D9B2FA82F34BB1C3F1200278
:1003300001FA03FC20FA02F29E4042EA0C0C9C40B7
:100340004FEA164EB7B2BCFBFEF1220C0EFB11CCED
:1003500042EA0C4201FB07F0904209D9B21801F1C0
:10036000FF3C80F0EE80904240F2EB800239324454
:10037000121AA4B2B2FBFEF00EFB102244EA0244B1
:1003800000FB07F7A74209D9341900F1FF3280F0CA
:10039000DA80A74240F2D7803444023840EA014074
:1003A000E41B00211DB1DC400023C5E90043BDE88A
:1003B000F0878B4206D90DB1C5E90001002108463E
:1003C000BDE8F087B3FA83F1002948D1BB4202D3DC
:1003D000824200F20781841A67EB030201209446EF
:1003E000002DE4D0C5E9004CE1E7002A00F092803E
:1003F000B2FA82F3002B40F0A8808A1A4FEA164E18
:100400001FFA86FC0121200CB2FBFEF70EFB17221F
:1004100040EA02420CFB07F0904207D9B21807F1FC
:10042000FF3802D2904200F2E2804746121AA4B28C
:10043000B2FBFEF00EFB102244EA02440CFB00FC6F
:10044000A44507D9341900F1FF3202D2A44500F2C5
:10045000CB801046A4EB0C0440EA0740A2E7C1F1B0
:1004600020068B4022FA06FC4CEA030C07FA01F442
:1004700020FA06F3F7404FEA1C49234300FA01F83B
:100480001FFA8CFEB7FBF9F01C0C09FB107744EA4D
:10049000074400FB0EF7A74202FA01F20AD91CEB4F
:1004A000040400F1FF3A80F09B80A74240F298805C
:1004B00002386444E41B9FB2B4FBF9F309FB134414
:1004C00047EA044403FB0EFEA64509D91CEB0404CD
:1004D00003F1FF3780F08280A6457FD9023B644458
:1004E00043EA0040A4EB0E04A0FB02E7BC427346C3
:1004F000B94663D360D05DB1B8EB030264EB090485
:1005000004FA06F622FA01F31E43CC40C5E9006462
:1005100000214CE76208480842EAC1710B0C43EA2B
:1005200000438AB242EA0342B3FBF6F1E407B44661
:100530003746B6461F23B0FBF6F0D21B41EA004116
:1005400061E7614614E7104628E7C3F1200120FA6D
:1005500001F29E4027FA01F19F403A434FEA164EBE
:100560001FFA86FCB1FBFEF70EFB1710110C41EAD7
:10057000004107FB0CF8884504FA03F43AD97118D6
:1005800007F1FF3001D288451FD8A1EB0801B1FB6C
:10059000FEF808FB0CF70EFB181192B242EA01427A
:1005A000BA422FD2B21808F1FF31C6D2BA42C4D231
:1005B000A8F102013244C0E7F0459CD2BEEB020331
:1005C00067EB0C070138B94695E7A6EB08084144EC
:1005D000B81EB1FBFEF808FB0CF7DCE73B467FE7F3
:1005E000504667E70846FBE63444023832E7023FEC
:1005F00032441BE7A1EB08013846B1FBFEF808FBCB
:100600000CF7C8E7414698E7704700BF00000000BC
:1006100001F0FF01102A2BDB10F0070F08D010F8B3
:10062000013B013A8B422DD010F0070F42B3F6D1B7
:10063000F0B441EA012141EA014122F007047FF0D0
:1006400000070023F0E80256083C85EA010586EA27
:10065000010685FA47F5A3FA87F586FA47F6A5FA63
:1006600087F68EB9EED1F0BC01F0FF0102F007026F
:1006700032B110F8013B013A83EA010313B1F8D11A
:100680000020704701387047002D06BF35460338FB
:10069000073815F0010F07D1013015F4807F02BF34
:1006A000013015F4C03F0130F0BC0138704700BF85
:1006B0002E4AD2F8883043F47003C2F888302C4AAE
:1006C000136803F00F03062B05D8136823F00F03FC
:1006D00043F007031360274B1A6842F001021A60C7
:1006E00000221A61244A19680A4021491A600A68DE
:1006F000100705D50A6822F00F0242F007020A60CF
:1007000000221E499A61DA611A6299621C49D96213
:100710001C4919635A639963DA6319645A64196846
:1007200021F4802119601A66174B1B686FF30F03C1
:10073000B3F1005F03D2154B0122C3F808210D4B22
:10074000D3F8D420D2040FD4D3F8D42043F2D2016A
:1007500042F48052C3F8D4200D4A1160D3F8D4205B
:1007600022F48052C3F8D420704700BF00ED00E0AF
:1007700000200052004402587FEDF6EA0002020217
:100780000000FF01800201010010005C00800051A8
:1007900000400052044BDA6842F00202DA605A6804
:1007A0009204FCD5704700BF004802580749030275
:1007B000CA6803F4E06322F4E0621204120C1343EB
:1007C00043F0BF6343F40033CB60704700ED00E0BB
:1007D000164B30B5DC68C4F30224C4F10703251DB1
:1007E000042B28BF0423062D4FF0FF358CBF033C9C
:1007F000002405FA03F3002805FA04F521EA0303AF
:1008000022EA050203FA04F343EA02034FEA031360
:10081000DBB206DB00F1604000F5614080F8003398
:1008200030BD00F00F00024A1354F9E700ED00E07C
:1008300014ED00E0002807DB0123410900F01F0050
:10084000024A834042F82130704700BF00E100E0D7
:100850000138B0F1807F0BD24FF0E023054AF02140
:100860005861002082F82310072298611A617047AE
:100870000120704700ED00E0BFF35F8F044B5A6A20
:1008800022F480325A620022C3F89420704700BFDD
:1008900000ED00E0064B40F00100C3F894005A6AF6
:1008A00042F480325A62BFF34F8FBFF36F8F7047AD
:1008B00000ED00E04378144AC2F89830D2F8A03036
:1008C00023F00103C2F8A0304368C2F89C30C37A19
:1008D000017B1B0643EA017301780B43817A43EAEB
:1008E000C143417B43EA8143817B43EA4143C17B6E
:1008F00043EA0143417A43EA0123017A43EA41038F
:10090000C2F8A030704700BF00ED00E0F8B5044623
:10091000002874D00368D8075ED42368990700F1D3
:10092000AD802368DA0627D59C4A1369916A03F0E3
:100930003803082B07D0182B40F0038101F0030384
:10094000012B40F0FE801368DB0502D5E369802BA4
:1009500055D101F035FF41F20303216A98428F4BD4
:1009600000F2E8805A68202922F0F8420CBF42F0D9
:10097000804242EA81625A602368190700F12381AC
:1009800023689A0600F1448123685D071ED5844DD3
:100990002B6843F480732B6001F00CFF06462B6834
:1009A000DA0540F15A81A3687C4D012B40F05C814F
:1009B0002B6F43F001032B6741F2883701F0FAFEF9
:1009C000764E0546336F9B0740F17481616A0029BA
:1009D00040F0778100202BE0704A1369916A03F0A0
:1009E0003803102B05D0182B0BD101F00303022B79
:1009F00007D113689A0390D56368002B8DD101202D
:100A000016E06368654DB3F5803F12D12B6843F45F
:100A100080332B6001F0CEFE604E054633689B03A9
:100A20003FF57BAF01F0C6FE401B6428F6D90320DA
:100A3000F8BDA3B92B6823F480332B602B6823F413
:100A400080232B6001F0B6FE06462B689F037FF5DE
:100A500064AF01F0AFFE801B6428F6D9E7E7B3F579
:100A6000A02F2B6803D143F480232B60CEE723F41F
:100A700080332B602B6823F48023CAE74749E26860
:100A80000B69886A13F0380303D0182B2AD180072A
:100A900028D10B685B0701D5002AB0D03F4D2B68E9
:100AA00023F0190313432B6001F084FE06462B68E4
:100AB0005F0711D501F084FE41F2030322699842D9
:100AC0006B6822D823F47C33402A0CBF43F40033F4
:100AD00043EA02336B6024E701F06CFE801B0228BE
:100AE000E5D9A4E72D4D2B68A2B123F019031343D8
:100AF0002B6001F05FFE06462B685807DAD401F040
:100B000059FE801B0228F7D991E723F0FE4343EA00
:100B10000263DFE723F001032B6001F04BFE064682
:100B20002B6859077FF5FDAE01F044FE801B0228BB
:100B3000F6D97CE7DA6822F07C5242EA0162DA6098
:100B40001AE7E369154D6BB32B6843F080032B6004
:100B500001F030FE06462B68DF0511D501F030FEAE
:100B600041F20303226A984210D86B68202A23F0CE
:100B7000F8430CBF43F0804343EA82636B60FBE6BB
:100B800001F018FE801B0228E5D950E7EB6823F03E
:100B90007C5343EA0263EB60EEE600BF0044025878
:100BA000004802582B6823F080032B6001F002FEFE
:100BB00006462B68D8057FF5DFAE01F0FBFD801BF4
:100BC0000228F6D933E76369A34D83B16B6F43F015
:100BD00001036B6701F0EEFD06466B6F9B073FF567
:100BE000CFAE01F0E7FD801B0228F6D91FE76B6F3F
:100BF00023F001036B6701F0DDFD06466B6F9F0775
:100C00007FF5BEAE01F0D6FD801B0228F6D90EE7B7
:100C1000A369914D83B12B6843F480532B6001F09D
:100C2000C9FD06462B6898043FF5AEAE01F0C2FD43
:100C3000801B0228F6D9FAE62B6823F480532B6038
:100C400001F0B8FD06462B6899047FF59DAE01F0D2
:100C5000B1FD801B0228F6D9E9E601F0ABFD801B4F
:100C600064287FF69CAEE2E6B3B92B6F41F2883779
:100C700023F001032B672B6F23F004032B6701F094
:100C800099FD06462B6F98077FF5A0AE01F092FD07
:100C9000801BB842F6D9CAE6052B2B6F03D143F06F
:100CA00004032B6784E623F001032B672B6F23F0EB
:100CB000040380E601F07EFD401BB8427FF682AE61
:100CC000B5E6654D2B6903F03803182B78D02B68F7
:100CD000022923F080732B6065D101F06BFD06467D
:100CE0002B68990159D4AB6AA26A23F47C7323F070
:100CF00003031343E26A43EA0213AB62636BA26B22
:100D0000013B013A5B0212049BB202F4FE02134360
:100D1000226B013AC2F308021343E26B013A120656
:100D200002F0FE4213432B63EB6A23F00103EB62F4
:100D30006B6BA26C6FF3CF0343EAC2036B63EB6A86
:100D4000226C23F00C031343EB62EB6A626C23F01A
:100D500002031343EB62EB6A43F48033EB62EB6A0A
:100D600043F40033EB62EB6A43F48023EB62EB6AFB
:100D700043F00103EB622B6843F080732B6001F0BA
:100D800019FD354D04462B689A013FF523AE01F05D
:100D900011FD001B0228F6D949E601F00BFD801B6E
:100DA00002289DD943E601F005FD04462B689B010E
:100DB0007FF510AE01F0FEFC001B0228F6D936E6E6
:100DC0000129AA6A2B6B3FF41AAE02F00301A06A54
:100DD00081427FF414AEC2F30512E16A8A427FF4C5
:100DE0000EAE226BC3F30801013A91427FF407AEC5
:100DF000626BC3F34621013A91427FF400AEA26BCD
:100E0000C3F30641013A91427FF4F9ADE26BC3F3BB
:100E10000663013A93427FF4F2AD6B6BA26CC3F3AD
:100E2000CC039A423FF4D6AD0B4DEB6A23F001039D
:100E3000EB6201F0BFFC064601F0BCFCB042FBD007
:100E40006B6BA26C6FF3CF0343EAC2036B63EB6A75
:100E500043F00103EB62BDE500440258494B1A69B7
:100E600002F03802102A30B500F08880182A0CD021
:100E7000002A40F085801A68434812F0200F03D002
:100E80001B68C3F3C103D84030BD996A9D6ADC6A10
:100E900015F47C7FC5F305105A6BF5D0C2F3CC0274
:100EA00004F0010401F0030107EE900A6243B7EE7B
:100EB000006A0129B8EEE77A06EE902AFAEEE96AAE
:100EC0004ED002293ED000294AD11A68920627D571
:100ED00019682D4AC1F3C1011B6BCA40C3F3080353
:100EE00007EE902AF8EEE75AC5EE877A07EE103A39
:100EF000B8EEC77A37EE267A37EE067A67EE877A4B
:100F0000204B1B6BC3F34623013307EE103AF8EE78
:100F1000C76A87EEA67AFCEEC77A17EE900AB3E7A7
:100F20001B6BC3F3080307EE903AF8EEE77A77EE0F
:100F3000A67A77EE867A9FED156AC6EE076A67EEA7
:100F4000A67ADDE71B6BC3F3080307EE903AF8EED1
:100F5000E77A77EEA67A77EE867A9FED0D6AECE770
:100F60001B6BC3F3080307EE903AF8EEE77A77EECF
:100F7000A67A77EE867A9FED076ADEE7064883E772
:100F8000064881E7004402580090D0030024744CC6
:100F900020BCBE4B0024744A40787D0100093D000E
:100FA0002DE9F0410D46044610B90120BDE8F0815D
:100FB000884A136803F00F038B42C0F093802368C4
:100FC0005F0700F19B801E070BD583496069CA69E2
:100FD00002F07002904204D9CA6922F07002024302
:100FE000CA61D8060BD57C49A069CA6902F4E062DF
:100FF000904204D9CA6922F4E0620243CA619906A8
:101000000BD57549E0690A6A02F07002904204D972
:101010000A6A22F0700202430A629A070BD56E49EF
:10102000E0688A6902F00F02904204D98A6922F0CE
:101030000F0202438A61DF076ED423689E0700F126
:10104000A18064490A6802F00F02AA4200F2A88057
:10105000580700F1B18019070BD55F496069CA696B
:1010600002F07002904204D2CA6922F07002024378
:10107000CA61DA060BD55849A069CA6902F4E06270
:10108000904204D2CA6922F4E0620243CA619B061C
:101090000BD5514AE169136A03F07003994204D2F7
:1010A000136A23F070030B431362FFF7D7FE4A491C
:1010B0004A4A8B69C3F30323D35C03F01F03D84070
:1010C0008B6903F00F03D35C454A03F01F0320FA3A
:1010D00003F31360434B1860434BBDE8F0411868BD
:1010E00001F008BB136823F00F030B431360136870
:1010F00003F00F038B427FF458AF60E73649206955
:101100008A6902F0700290427FF65DAF8A6922F030
:10111000700202438A6156E72F4BA1689A6922F454
:1011200070620A439A6161681A6802291DD112F43B
:10113000003F3FF43AAF1A6941F28838264F22F057
:1011400007020A431A6101F035FB06463B696268F3
:1011500003F03803B3EBC20F3FF46FAF01F02AFB8B
:10116000801B4045F2D9032020E7032902D112F069
:10117000007FDEE7012902D112F4807FD9E712F067
:10118000040FD6E71449E0688A6902F00F02904222
:10119000BFF457AF8A6922F00F0202438A6150E719
:1011A0000A6822F00F022A430A600A6802F00F025E
:1011B000AA427FF4FAAE4BE7074920698A6902F038
:1011C00070029042BFF447AF8A6922F07002024376
:1011D0008A6140E70020005200440258489D000800
:1011E00000000020040000200C00002008B5FFF7DC
:1011F00035FE0B4A0B4993699269C3F3032302F04E
:101200000F02CB5C03F01F0320FA03F3885C064A4D
:1012100000F01F0023FA00F01060044A136008BDBC
:1012200000440258489D00080000002004000020EF
:1012300008B5FFF7DBFF054B054ADB69C3F3021373
:10124000D35C03F01F03D84008BD00BF0044025820
:10125000489D000808B5FFF7C9FF054B054ADB6943
:10126000C3F30223D35C03F01F03D84008BD00BFC3
:1012700000440258489D0008F8B5394C06460D4612
:10128000A36A03F00303032B67D0236823F0806372
:10129000236001F08FFA074623681A0149D4A36A34
:1012A000326823F47C3343EA0233A362B368F26802
:1012B000013B013A5B0212049BB202F4FE021343AB
:1012C0007268013AC2F3080213433269013A120606
:1012D00002F0FE421343A363E36A726923F0C00382
:1012E0001343E362E36AB26923F020031343E3622A
:1012F000E36A23F01003E362E36BF2696FF3CF0359
:1013000043EAC203E363E36A43F01003E362E36A80
:10131000B5B943F40023E362114C236843F08063C2
:10132000236001F047FA054623681B010FD5002012
:1013300005E001F03FFAC01B0228ADD90320F8BD3B
:10134000012D0CBF43F4801343F40013E3E701F0D5
:1013500031FA401B0228E7D9F0E70120EFE700BF90
:1013600000440258F8B5394C06460D46A36A03F00E
:101370000303032B67D0236823F08053236001F01D
:1013800019FA074623689A0049D4A36A326823F001
:101390007C7343EA0253A362B368F268013B013AEB
:1013A0005B0212049BB202F4FE0213437268013A1C
:1013B000C2F3080213433269013A120602F0FE42F8
:1013C00013432364E36A726923F440631343E362C3
:1013D000E36AB26923F400731343E362E36A23F41C
:1013E0008073E362636CF2696FF3CF0343EAC20375
:1013F0006364E36A43F48073E362E36AB5B943F478
:101400008003E362114C236843F08053236001F0B2
:10141000D1F9054623689B000FD5002005E001F0B7
:10142000C9F9C01B0228ADD90320F8BD012D0CBF9E
:1014300043F4000343F08073E3E701F0BBF9401B82
:101440000228E7D9F0E70120EFE700BF0044025887
:101450002DE9F8430368054618011ED5AB6EB3F5B8
:10146000001F2BD00FD8D3B1B3F5801F1DD001269C
:101470002B68D90551D5AB6D042B4DD8DFE803F0AF
:10148000243F46292900B3F5401FF0D1854AA96EB3
:10149000136D23F440130B4313650026E8E7814ADC
:1014A000D36A43F40033D362F0E7022105F1080068
:1014B000FFF7E2FE06460028DAD1E7E7022105F150
:1014C0002800FFF74FFFF5E7764AD36A43F400336D
:1014D000D36234461CBB734AA96D136D23F0070316
:1014E0000B4313652B689A0528D5EB6D802B43D0F1
:1014F00017D8A3B3402B38D0012634461EE0002174
:1015000005F10800FFF7B8FE0446E3E7002105F106
:101510002800FFF727FFF7E701263446E2E72646D3
:10152000E0E7C02B02D0B3F5807FE5D154BB5D4A24
:10153000E96D136D23F4E0730B4313652B685B05B2
:1015400031D5D5F8A830B3F5800F49D01CD8002B81
:1015500039D0B3F5001F3CD00126344623E0514A70
:10156000D36A43F40033D362E0E7002105F10800B9
:10157000FFF782FE0446D9E7002105F12800FFF7B6
:10158000F1FEF7E72646D9E7B3F5C00F02D0B3F571
:10159000000FE1D154BB434AD5F8A810936D23F452
:1015A00060030B4393652B681F0530D5D5F8AC302D
:1015B000B3F1007F45D01BD8B3B3B3F1807F39D0EE
:1015C0000126344623E0374AD36A43F40033D3621A
:1015D000E0E7002105F10800FFF74EFE0446D9E7D9
:1015E000002105F12800FFF7BDFEF7E72646DAE700
:1015F000B3F1407F02D0B3F1806FE1D13CBB294A07
:10160000D5F8AC10936D23F0E0630B4393652B6822
:10161000980128D5EB6C202B3BD01AD8DBB1102BCE
:1016200031D0012634461EE01E4AD36A43F400330B
:10163000D362E3E7002105F10800FFF71DFE044631
:10164000DCE7002105F12800FFF78CFEF7E72646CE
:10165000DDE7302BE5D11CBB124AE96CD36C23F0DB
:1016600030030B43D3642B68D9042CD52B6EB3F510
:10167000005F74D018D8002B64D0B3F5805F67D0BA
:10168000012634461FE0074AD36A43F40033D3628D
:10169000E1E7022105F10800FFF7EEFD0446DAE775
:1016A0002646E0E700440258B3F5405F02D0B3F5A8
:1016B000804FE5D1002C58D19D4A296E136D23F43B
:1016C000E0430B4313652B689A040BD56B6EB3F59F
:1016D000003F64D04BD8002B51D0B3F5803F57D09A
:1016E000012634462B685B040CD5D5F8B030B3F135
:1016F000005F75D05BD8002B61D0B3F1805F68D0FC
:10170000012634462B681F0411D52B6FB3F1805F7F
:101710006ED0B3F1005F71D0002B76D1002C77D161
:10172000834A296F136D23F040530B4313652B68D5
:10173000D8017DD5AB6C032B00F2BF80DFE803F04E
:101740006F6AB66F7A4AD36A43F40033D362B1E763
:10175000002105F10800FFF78FFD0446AAE70021EC
:1017600005F12800FFF7FEFDF7E72646ABE723F477
:101770008032B2F5802F02D0B3F5403FB0D1A4B98A
:101780006B4A696E136D23F4E0230B431365A9E7DD
:10179000012105F10800FFF76FFD0446EFE7012185
:1017A00005F12800FFF7DEFDF7E726469AE723F06C
:1017B0008052B2F1804F02D0B3F1405FA0D1ACB9FA
:1017C0005B4AD5F8B010936D23F0E0430B4393656B
:1017D00098E7012105F10800FFF74EFD0446EEE70A
:1017E000012105F12800FFF7BDFDF7E7264689E74F
:1017F0004F4AD36A43F40033D3628FE7012105F1E6
:101800000800FFF739FD044688E7012634468EE7D5
:1018100026468CE7464AD36A43F40033D362002C51
:101820004ED1434AA96CD36C23F003030B43D3641A
:101830002B6859024ED53F4F3B6843F480733B60A1
:1018400000F0B8FF80463B68DA053BD5002C75D127
:10185000374BD5F8B4001A6F424012F4407F0BD0DA
:101860001A6F196F22F4407241F480311967196FB1
:1018700021F4803119671A67B0F5807F42D0D5F81E
:10188000B4302B4903F44072B2F5407F4BD1086964
:10189000294A20F47C5002EA131202430A61C3F37E
:1018A0000B03234A116F0B43136713E0022105F169
:1018B0000800FFF7E1FC0446B1E701263446B7E72C
:1018C0002646B5E700F076FFA0EB08006428BAD9F9
:1018D000032634462B68D80709D5EB6F102B45D06B
:1018E0002ED8002B32D0082B39D0012634462B6855
:1018F000990751D5AB6F052B64D8DFE803F0453F5E
:101900005D45454500F056FFDFF82480074641F26B
:101910008839D8F870309B07B1D400F04BFFC01B5A
:101920004845F6D9D4E70A6922F47C52B6E700BFED
:101930000044025800480258CFFFFF002646C9E77E
:1019400023F00802202A01D0182BCED1A4B9204AB6
:10195000E96F536D23F038030B435365C7E701214B
:1019600005F10800FFF788FC0446EFE7012105F1C7
:101970002800FFF7F7FCF7E72646B8E7012105F155
:101980000800FFF779FC0446FCB9114AA96F536DB2
:1019900023F007030B4353652B685A072BD5D5F863
:1019A0009430052B00F26E81DFE813F01A0014006A
:1019B00066011A001A001A00012105F12800FFF73C
:1019C000D1FCE0E701263446E6E72646E4E700BF1F
:1019D00000440258012105F10800FFF74DFC0446C0
:1019E000002C40F05281AA4AD5F89410936D23F050
:1019F00007030B4393652B689B0610D5D5F89030F1
:101A0000B3F1005F00F0608100F24481002B00F030
:101A10004A81B3F1805F00F05081012634462B6883
:101A20005F0610D5D5F89C30B3F5006F00F06E81DD
:101A300000F25281002B00F05881B3F5806F00F066
:101A40005E81012634462B68180610D5D5F8A030E3
:101A5000B3F5804F00F07C8100F26081002B00F034
:101A60006681B3F5005F00F06C81012634462B6877
:101A7000190714D5D5F88430B3F5805F07D102215A
:101A800005F12800FFF76EFC002818BF0126804AE8
:101A9000D5F88410536D23F440530B4353652B68E2
:101AA000DA0614D5D5F89830B3F5807F07D1022136
:101AB00005F12800FFF756FC002818BF0126744ADC
:101AC000D5F89810936D23F440730B4393652B68FE
:101AD0001B031BD5D5F8A410B1F5803F00F0408161
:101AE000B1F5003F07D0002940F0408105F1080022
:101AF000FFF7C2FB0446002C40F03B81644AD5F856
:101B0000A410936D23F440330B4393652B685F035C
:101B10000FD5D5F88830B3F5001F00F03B81B3F541
:101B2000401F00F02D81B3F5801F00F024810126B5
:101B300034462B68D80309D52B6D002B00F0338178
:101B4000B3F5803F00F03D81012634462B689900B3
:101B500007D5022105F12800FFF704FC002818BF73
:101B60000126D5E900319A0340F14381D5F8800080
:101B7000B0F5807F00F03F8100F22C81002800F05A
:101B80002F810124DF0206D541486E6F026D22F0DD
:101B9000004232430265DE0007D53D48D5F8B86003
:101BA000026922F4804232430261980206D5384825
:101BB000EE6E026D22F08072324302655A0009D542
:101BC000334A106920F4004010611069D5F8BC60F8
:101BD00030431061002B06DA2D486E6DC26C22F086
:101BE00040523243C2641F0207D5294AD5F88C00FF
:101BF000536D23F4400303435365CE0706D50021FC
:101C000005F10800FFF738FB074600B927466B6867
:101C10009C0706D5012105F10800FFF72DFB0646BC
:101C200000B93E466B68580706D5022105F1080049
:101C3000FFF722FB044600B934466B68190706D546
:101C4000002105F12800FFF78DFB064600B9264666
:101C50006B68DA0606D5012105F12800FFF782FB43
:101C6000044600B934466B689B0600F1CA80201E0A
:101C700018BF0120BDE8F883012105F12800FFF716
:101C800071FBACE601263446B5E62646B3E600BF56
:101C90000044025823F08052B2F1804F03D0B3F1D8
:101CA000405F7FF4BAAEACB95B4AD5F89010536D83
:101CB00023F0E0430B435365B1E6002105F1080032
:101CC000FFF7DAFA0446EEE7022105F12800FFF7F4
:101CD00049FBF7E72646A2E623F48062B2F5805F6F
:101CE00003D0B3F5406F7FF4ACAEACB94A4AD5F837
:101CF0009C10936D23F4E0530B439365A3E60021FE
:101D000005F10800FFF7B8FA0446EEE7022105F1F5
:101D10002800FFF727FBF7E7264694E623F4005256
:101D2000B2F5004F03D0B3F5C04F7FF49EAEACB90F
:101D3000394AD5F8A010936D23F460430B439365A3
:101D400095E6002105F10800FFF796FA0446EEE754
:101D5000022105F12800FFF705FBF7E7264686E696
:101D6000022105F12800FFF7FDFAC3E601263446FB
:101D7000CCE62646CAE6284AD36A43F40033D36247
:101D80007CB9254AD5F88810536D23F440130B43D2
:101D90005365CEE6012105F12800FFF7E3FA04467A
:101DA000EEE72646C5E61C4AD36A43F40033D36205
:101DB00074B9194A296DD36C23F480330B43D3646F
:101DC000C4E6022105F10800FFF756FA0446EFE7E2
:101DD0002646BBE620F48072B2F5007F7FF4D1AED8
:101DE000002C7FF4CFAE0C4C626D22F440720243A3
:101DF00062653446C6E6084FFA6A42F40032FA6277
:101E0000EEE7022105F12800FFF7ACFA00283FF4C5
:101E10002EAF01202EE700BF0044025808B5FFF79F
:101E2000E5F9054B054A1B6AC3F30213D35C03F0C3
:101E30001F03D84008BD00BF00440258489D000859
:101E40004F4970B58C6A8E6ACD6A16F47C3FC6F332
:101E50000533CA6B00F0908007EE903AC2F3CC03D2
:101E6000C5F3001204F00304B8EEE77A5343012CE3
:101E7000B7EE006A06EE903AFAEEE96A6ED0022CEE
:101E80005ED0002C6AD10B689B0647D50A688B6B25
:101E9000C2F3C1013B4AC3F30803CA4007EE902ACC
:101EA000F8EEE75AC5EE877A07EE103AB8EEC77A31
:101EB00037EE267A37EE067A67EE877A304A936BEA
:101EC000C3F3462307EE103AB8EEC77A37EE067A28
:101ED000C7EE876AFCEEE66AC0ED006A936BC3F357
:101EE000064307EE103AB8EEC77A37EE067AC7EE29
:101EF000876AFCEEE66AC0ED016A936BC3F3066382
:101F000006EE903AF8EEE66A76EE866A87EEA67AF4
:101F1000FCEEC77A17EE903A836070BD8B6BDFEDF5
:101F20001A5AC3F3080307EE903AF8EEE77A77EE11
:101F3000A67A77EE867AC5EE876A67EEA67ABDE75F
:101F40008B6BDFED125AC3F3080307EE903AF8EEFD
:101F5000E77A77EEA67A77EE867AECE78B6BDFEDA1
:101F60000C5AC3F3080307EE903AF8EEE77A77EEDF
:101F7000A67A77EE867ADEE7C0E90033CCE700BFC9
:101F8000004402580090D0030024744C20BCBE4B87
:101F90000024744A4F4970B58C6A8E6ACD6A16F077
:101FA0007C7FC6F305534A6C00F0908007EE903AB0
:101FB000C2F3CC03C5F3002204F00304B8EEE77AC1
:101FC0005343012CB7EE006A06EE903AFAEEE96A46
:101FD0006ED0022C5ED0002C6AD10B689B0647D5D0
:101FE0000A680B6CC2F3C1013B4AC3F30803CA4041
:101FF00007EE902AF8EEE75AC5EE877A07EE103A18
:10200000B8EEC77A37EE267A37EE067A67EE877A29
:10201000304A136CC3F3462307EE103AB8EEC77A82
:1020200037EE067AC7EE876AFCEEE66AC0ED006A14
:10203000136CC3F3064307EE103AB8EEC77A37EED7
:10204000067AC7EE876AFCEEE66AC0ED016A136C99
:10205000C3F3066306EE903AF8EEE66A76EE866A19
:1020600087EEA67AFCEEC77A17EE903A836070BDD1
:102070000B6CDFED1A5AC3F3080307EE903AF8EE43
:10208000E77A77EEA67A77EE867AC5EE876A67EE0C
:10209000A67ABDE70B6CDFED125AC3F3080307EE17
:1020A000903AF8EEE77A77EEA67A77EE867AECE762
:1020B0000B6CDFED0C5AC3F3080307EE903AF8EE11
:1020C000E77A77EEA67A77EE867ADEE7C0E9003324
:1020D000CCE700BF004402580090D0030024744CA9
:1020E00020BCBE4B0024744A2DE9F74F0023DFF8D3
:1020F000CC914FF0B0440A6832FA03F502D103B034
:10210000BDE8F08F012505FA03FA1AEA020200F091
:10211000BF804E6803274FEA4308D1F808C006F095
:10212000030507FA08FE6F1E6FEA0E0E012F33D863
:10213000876807EA0E0BCF6807FA08F747EA0B072C
:102140008760476827EA0A0AC6F300179F4047EAF4
:102150000A074760C7680CFA08FC022D07EA0E0759
:102160004CEA0707C7601CD14FEAD30C03F0070AFB
:102170004FF00F0B00EB8C0C4FEA8A0ADCF8207052
:102180000BFA0AFB27EA0B0B0F6907FA0AF747EA73
:102190000B07CCF8207004E0032DDBD1BCF1010F5C
:1021A000D8D1076805FA08F516F4403F07EA0E078C
:1021B00045EA070505606BD0D9F8F45023F0030712
:1021C00003F0030C4FF00F0E45F0020507F1B04786
:1021D0004FEA8C0CC9F8F45007F58067D9F8F45031
:1021E0000EFA0CFE05F002050195019DBD6825EA79
:1021F0000E0E314DA8424DD005F58065A8424BD05A
:1022000005F58065A84249D005F58065A84247D00C
:1022100005F58065A84245D005F58065A84243D004
:1022200005F58065A84241D005F58065A8423FD0FC
:1022300005F58065A8423DD005F58065A84214BF2C
:102240000A25092505FA0CF516F4801F45EA0E0546
:10225000BD606FEA020725680CBF3D40154316F4C8
:10226000001F256065680CBF3D40154316F4003F14
:102270006560D4F884500CBF3D401543F603C4F8A4
:102280008450D4F8805054BF3D401543C4F880506A
:10229000013330E70025D5E70125D3E70225D1E753
:1022A0000325CFE70425CDE70525CBE70625C9E7BC
:1022B0000725C7E70825C5E7000002580044025873
:1022C0000AB1816170470904FBE70000F8B50546D3
:1022D00000F070FA064645B195F83530022B06D06D
:1022E00080236B65002385F834300120F8BD2C680D
:1022F0006D4FBC422DD06D4B9C422AD018339C426E
:1023000027D018339C4224D018339C4221D0183354
:102310009C421ED018339C421BD018339C4218D0CC
:1023200003F556739C4214D018339C4211D01833D5
:102330009C420ED018339C420BD018339C4208D0DC
:1023400018339C4205D018339C4202D018339C426B
:1023500011D1236823F001032360236823F01E03B7
:102360002360636923F0800363612A6E136823F49A
:10237000807313601FE0236823F001032360236848
:1023800023F00E0323604A4B9C42EED014339C4250
:10239000EBD014339C42E8D014339C42E5D0143384
:1023A0009C42E2D014339C42DFD014339C42DCD0F8
:1023B00014339C42D9D02368DB0747D42B68EA6DDD
:1023C000BB42A86D02F01F024BD038498B4248D067
:1023D00018318B4245D018318B4242D018318B4294
:1023E0003FD018318B423CD018318B4239D0183154
:1023F0008B4236D001F556718B4232D018318B4268
:102400002FD018318B422CD018318B4229D0183163
:102410008B4226D018318B4223D018318B4220D0EA
:1024200018318B421DD0012101FA02F24260204A8C
:1024300093421AD1D5E919325A60EB6E5BBB012386
:10244000002085F8353085F834004FE700F0B2F908
:10245000801B0528AFD920236B65032385F8353011
:1024600040E73F2393408360E4E7124A9342E1D080
:1024700014329342DED014329342DBD014329342B2
:10248000D8D014329342D5D014329342D2D01432E1
:102490009342D4D1CEE71A6822F480721A60D5E94B
:1024A0001C325A60CBE700BF1000024028000240F7
:1024B000085402581C54025808B528B190F8353019
:1024C000022B03D080234365012039E003683E4A94
:1024D00093422DD0183293422AD01832934227D0FB
:1024E0001832934224D01832934221D018329342AA
:1024F0001ED0183293421BD01832934218D002F5E6
:102500005672934214D01832934211D0183293422B
:102510000ED0183293420BD01832934208D01832A2
:10252000934205D01832934202D01832934208D118
:10253000042280F835201A6822F001021A60002077
:1025400008BD1A6822F001021A601A6822F00E0211
:102550001A601E4A934214D01432934211D014329E
:1025600093420ED0143293420BD01432934208D0CF
:102570001432934205D01432934202D01432934263
:1025800017D1026E136823F480731360D0E9161319
:1025900003F01F02012393404B60D0E919325A60C7
:1025A000C36E33B11A6822F480721A60D0E91C320B
:1025B0005A60012380F83530002380F83430036DF1
:1025C000002BBCD09847BAE71000024008540258CC
:1025D000024A136843F4807313607047004802583E
:1025E00000283FD0204A0168136823F0E0030B4322
:1025F00013604FF0B043D3F8842022F48032C3F844
:102600008420D3F8802022F48032C3F880201A6816
:1026100022F480321A605A6822F480325A6042688A
:10262000D10305D5D3F8801041F48031C3F8801070
:10263000900307D54FF0B041D1F8843043F4803394
:10264000C1F88430D10705D54FF0B0410B6843F491
:1026500080330B60930705D54FF0B042536843F4C5
:1026600080335360704700BF00480258024A136825
:1026700043F01003136070470048025838B5104CFF
:10268000E36813F0040FE36805D103F00703181A99
:1026900018BF012038BD23F007031843E06000F0A5
:1026A00089F8054663689B0401D50020F2E700F035
:1026B00081F8401BB0F57A7FF4D90120EAE700BF2A
:1026C0000048025838B50A4CA36843F00103A360E0
:1026D00000F070F80546A368DB0301D5002038BD83
:1026E00000F068F8401BB0F57A7FF4D90120F6E7D6
:1026F0000048025838B50F4B05461A780AB9012030
:1027000038BD4FF47A73B3FBF2F30B4A1068B0FB99
:10271000F3F0FEF79DF804460028F0D10F2DEED817
:10272000024629464FF0FF30FEF752F8034B204691
:102730001D60E5E708000020040000200C000020D8
:1027400010B50320FEF732F8FEF788FB0F49104A58
:102750008B69C3F30323D35C03F01F03D8408B6959
:1027600003F00F03D35C0B4A03F01F0320FA03F3BB
:102770001360094B18600F20FFF7BCFF044618B91F
:1027800002F0ACF9204610BD0124FBE700440258DA
:10279000489D00080000002004000020034A044B6C
:1027A00011681B780B441360704700BF8400002041
:1027B00008000020014B1868704700BF840000200B
:1027C000014B1868000C70470010005CF0B5D1E9AF
:1027D00000670C698D6807BB2C4344EA8644D1E945
:1027E000066535434E6935430E6A45EA0665CE688F
:1027F00045EA0645866E7343D0F8846006EB830095
:1028000046F823400024456000F108050E48CB68D7
:102810000432C35CA34205D8F0BD34432C4344F0DA
:102820008044DCE712F8023C12F8016C1B0443EA16
:10283000066312F8046C334312F8036C43EA062370
:102840002B510434E3E700BF589D00082DE9F04FF9
:1028500099B004464C22CC4905A806F0F1FD002CA5
:1028600000F0B381C94B22689A4204BF03F580731C
:10287000636094F8983003F0FF0223B9204684F88F
:10288000992001F0BFFF2268936923F01003936140
:10289000FFF790FF054623689A69110700F18681CA
:1028A0009A6942F001029A61FFF784FF05462368A6
:1028B0009A69D20740F18D819A6942F002029A61C9
:1028C000227C012A9A690CBF22F0400242F04002A9
:1028D0009A61627C012A9A690CBF42F4804222F418
:1028E00080429A61A27C012A9A690CBF22F480522C
:1028F00042F480529A619A69A06822F440720243BD
:102900009A619A6922F0A4029A611A6922F010026F
:102910001A61E268012A40F063819A6942F0040278
:102920009A61A269B0F5407F02F1FF31E26902F1DC
:10293000FF324FEA022242EA4162216A01F1FF318D
:1029400042EA0102616901F1FF3142EA0142DA61C2
:102950000ED1E26A511E226B013A120142EA0122B3
:10296000A16A01390A43616A013942EA0142DA6027
:10297000266E2EB1D3F8C020616E0A43C3F8C02082
:10298000D4F85CE0A26E16EB0E0F01920CD018A8E2
:102990000199D3F8C82000EB810122F0070251F819
:1029A0004C1C0A43C3F8C820D4E910C20392BCF1FE
:1029B000000F0CD018A80399D3F8BC2000EB8101BC
:1029C00022F0070251F84C1C0A43C3F8BC20D4E99A
:1029D0001289B8F1000F0CD018A9D3F8BC2001EB74
:1029E000890122F0700251F84C1C42EA0112C3F82E
:1029F000BC20226DD4F854B0029262B118A9D3F869
:102A0000BC2001EB8B0122F4E06251F84C1C42EA3D
:102A10000122C3F8BC205D4A934204D161688A68F0
:102A200022F003028A600022594D606BC4F89C209A
:102A3000C4F894200122D4F83CA084F89820D3F85C
:102A400084202A4042EA8002C3F88420D3F884100C
:102A5000A26B21F47F0141EA0241C3F8841081187E
:102A6000D3F8887000F180502F4000F52C5047EAD1
:102A7000810701EB4A01C3F888708000D3F88870A1
:102A800027F4FE0747EA0A47C3F88870D3F8A07016
:102A90002F4047EA8107C3F8A070D3F8A07027F44D
:102AA000FE0747EA0C47C3F8A070039F07FB0CFC26
:102AB000D3F8B07061442F4047EA8107C3F8B07083
:102AC000D3F8B07027F4FE0747EA0847C3F8B070A0
:102AD00009FB08F7D3F8AC8001EB070908EA050801
:102AE000029948EA89080BFB01FBC3F8AC80D3F8D4
:102AF000F08009EB0B01D4F8589008EA050848EA81
:102B0000810801EB4901C3F8F080D3F8F08028F484
:102B10007C1848EA0948C3F8F080D3F8C08008EA76
:102B2000050848EA8101C3F8C010D3F8C01021F4A9
:102B30007C1141EA0E41C3F8C010D3F8C01021F057
:102B40007C5141EA0661C3F8C01000EB8203019A90
:102B5000236703EBCA0302FB0EFE636703EB8C03E0
:102B60005643A36703EB8703E066E36703EB8B033E
:102B7000C4F8803003EBC903C4F8843003EB8E0340
:102B800003EB860606E000BFFC9C000800A00040A6
:102B90000300FFFFC4F88830204BC4F890609E42C9
:102BA00035D9D4F89C3043F0200309E0FFF702FE4A
:102BB000401B0A287FF66FAED4F89C3043F0010327
:102BC000C4F89C30032384F89830012019B0BDE884
:102BD000F08FFFF7EFFD401B0A287FF668AEEBE7AA
:102BE000002A3FF49EAE022A0AD09969032A41F0D6
:102BF00080019961196941F0100119617FF491AE6A
:102C00009A6942F020028BE6002340F8043BD4F896
:102C100090309842F8D30020D8E700BFFCD30040A2
:102C200030B590F89830013B012B2DD8D1E90054F4
:102C3000D1E90323BDB9072A4FEA03430BD1CA697F
:102C400043EA02238A69134343F06053C26E42F899
:102C50002430002030BD8D68496943EA85730B43F9
:102C600043EAC263F2E7072A43EA42731ABF8D6858
:102C70004A698A69016F18BF42EA857201EBC40094
:102C800041F834304260E4E7D0F89C3043F002036E
:102C9000C0F89C300120DDE710B590F89840012C79
:102CA0000BD10468029840EA430040EA8202002007
:102CB00042EA0111C4F8801010BDD0F89C3043F0F6
:102CC0000403C0F89C300120F6E790F89830012BFF
:102CD0000CD10268022380F89830936923F0010335
:102CE00093610023C0F89C3018467047D0F89C30A0
:102CF00043F00403C0F89C3001207047F8B590F809
:102D000098300446022B26D10668D6F8C03013F05E
:102D10007C5F07D1D0F89C3043F020030120C4F839
:102D20009C30F8BDD6F8C45015F4001504D0D0F886
:102D30009C3043F40073F1E7D6F8C470C7F304473E
:102D40003B46FFF743FD01222846BA40C6F8D02093
:102D5000C4F89420E5E7D0F89C3043F00803DDE7A1
:102D60009C46F0B590F89830022B40F0B380402993
:102D700068D10468D4F8A03013F4FE0F04D1D0F861
:102D80009C3043F0200307E0D4F8A4305F0607D15D
:102D9000D0F89C3043F48073C0F89C300120F0BD23
:102DA000D4F8A450D4F8A430C5F30525DE0108D525
:102DB000D4F8A030002B04DAD4F8A030013505EAAD
:102DC0001345436C446F6B4304EB8304236803F0A7
:102DD000804353602668002B60D1C6F38A46166094
:102DE000073454F8073C002603F00053936054F86E
:102DF000073C03F00043136134F8033CD36134F81B
:102E0000013C03F00F03D36054F8033C03F4801338
:102E1000536154F8033C03F400139361237803F0E7
:102E20007F03136254F8033CDB0F53622C4BD768CB
:102E3000DF5DB74235D84029026838D1C2F8A850C2
:102E40000020ACE741291ED10468D4F8B03013F457
:102E5000FE0F94D0D4F8B4305D0699D0D4F8B450B5
:102E6000D4F8B430C5F30525DB0108D5D4F8B0306B
:102E7000002B04DAD4F8B030013505EA1345C36CF1
:102E8000846F6B43A0E7036D8B427FF678AF436D91
:102E90000025C46F4B4304EB830497E726F060469C
:102EA0009DE714F8017F0CF806700136BFE7412951
:102EB00002D1C2F8B850C3E71F294FF0010303D86D
:102EC0008B40C2F89830BBE701F01F018B40C2F87D
:102ED0009C30B5E7D0F89C3043F008035CE700BFB6
:102EE000589D0008036800205B6C03F007020A602D
:102EF000C3F302224A6003F018028A60C3F340124F
:102F0000CA60C3F380120A61C3F3C0124A61C3F3FB
:102F1000C0228A61C3F30032CA61C3F340320A623D
:102F2000C3F38032C3F306434A628B62704703687F
:102F300000201B6CDAB20A60C3F306224A60C3F3B6
:102F4000C032C3F307438A60CB60704740290368EF
:102F500004D1D3F8A40000F07F007047D3F8B40088
:102F6000F9E70368D3F8C40000F03F0070470000A1
:102F700090F89830013B012B2DD80368986D0842DA
:102F80001FD1D86D40F00100D865880504D5D3F86D
:102F9000E0001043C3F8E000480504D5D3F8E4008E
:102FA0000243C3F8E42021F04042586D22F440125D
:102FB000024300205A650C4A536943EA91735361F6
:102FC0007047986D31EA000003D1D86D40F00200DF
:102FD000DAE70320D8E7D0F89C3043F00203C0F8CA
:102FE0009C300120704700BF00A800407047704728
:102FF0007047704770477047704770477047704719
:103000007047704770477047704700002DE9F74FD1
:10301000AC4983460C694A6904EA02030268146DEC
:10302000556D00939B0704EA050A146D556D0193D5
:103030000AF4704A04EA0509146D556D166D09F01D
:103040000F0904EA0508546D176D2640546D556D3F
:1030500008F0F008274006F07156EB05146D07F0F4
:10306000607708D5E30506D54FF480731365002219
:103070000A61FFF7C3FF680511D561050FD5DBF8BD
:1030800000204FF48063D2F8DC00D2F8E41013651E
:1030900000238C4A014058461361FFF7ABFF019BA8
:1030A00063B1DBF800200021009B5846116585497B
:1030B00003F003020A610199FFF798FFBAF1000FCC
:1030C0000AD0DBF8002000215846C2F850A07D4A03
:1030D00011615146FFF78BFFB9F1000F0AD0DBF801
:1030E000002000215846C2F85090764A11614946A6
:1030F00001F00EFAB8F1000F0AD0DBF80020002131
:103100005846C2F850806F4A11614146FFF770FF80
:103110002A050CD523050AD5DBF800204FF4006101
:10312000584611650021674A116101F0F6F9A805BA
:1031300011D5A1050FD5DBF800204FF40073D2F8AC
:10314000D800D2F8E010136500235E4A01405846CB
:103150001361FFF74EFF2A030CD523030AD5DBF8D2
:1031600000204FF40021584611650021554A116195
:10317000FFF741FFE8030CD5E1030AD5DBF8002097
:103180004FF480315846116500214E4A1161FFF716
:1031900033FF6A030CD563030AD5DBF800204FF434
:1031A0008021584611650021464A1161FFF725FF2D
:1031B000A803DBF800100DD5A2030BD54FF40032A5
:1031C00000200A653F4A1061DBF89C2042F0800233
:1031D000CBF89C203FB10F6500213A4A5846116157
:1031E0003946FFF70DFFDBF8001046B1354A0020E5
:1031F0000E651061DBF89C203243CBF89C20324AEC
:10320000914263D1DBF8042091688B075ED0116A8C
:10321000506A176A0140506A166A0740506A156A78
:1032200011F00F0106EA0006506A146A07F0300731
:1032300005EA0005506A06F4C076D2F8249004EA44
:10324000000405F4FC45D2F8208004F4F02403D0F7
:1032500058461162FFF7D5FE37B1DBF80420394636
:1032600058461762FFF7CEFE19F0400F0ED018F047
:10327000400F0BD0DBF804004027C16BC26B090C78
:10328000076202F03F025846FFF7BDFE36B1DBF899
:103290000420314658461662FFF7B6FE3DB1DBF812
:1032A00004201562DBF89C202A43CBF89C206CB1EB
:1032B000DBF804201462DBF89C202243CBF89C202E
:1032C00004E000BF00A8004000A00040DBF89C2004
:1032D00012B15846FFF793FE03B0BDE8F08F00BF70
:1032E00010B5026852E8003F23F4907342E80031C1
:1032F00002680029F5D10F4C02F1080353E8003FA2
:10330000234002F1080C4CE800310029F4D1C36ECF
:10331000012B07D152E8003F23F0100342E80031AF
:103320000029F7D12023C0F88C300023C3664367FF
:1033300010BD00BFFEFFFFEF026852E8003F23F020
:10334000800342E8003102680029F5D152E8003FCD
:1033500043F0400342E800310029F7D17047D0F82C
:1033600088200346212A11D1B0F8562092B20AB91A
:10337000FFF7E2BF026D016812F8010B88621A655F
:10338000B3F85620013A92B2A3F856207047D0F80D
:1033900088200346212A13D1B0F8562092B20AB9E8
:1033A000FFF7CABF1A6D006832F8021BC1F30801AB
:1033B00081621A65B3F85620013A92B2A3F85620FA
:1033C0007047D0F88830212B10B51BD1B0F86A2097
:1033D000C2B1B0F85610036889B2A1B903F108026E
:1033E00052E8002F22F4000203F1080040E8002117
:1033F0000029F3D153E8002F42F0400243E80021B6
:103400000029F7D110BDD96909060AD5016D11F857
:10341000014B9C62B0F856300165013B9BB2A0F8AD
:103420005630013A92B2D3E7D0F88830212B10B54C
:103430001BD1B0F86A20C2B1B0F85610036889B247
:10344000A1B903F1080252E8002F22F4000203F1AF
:10345000080040E800210029F3D153E8002F42F092
:10346000400243E800210029F7D110BDD9690906BF
:103470000CD5016D31F8024BC4F308049C62B0F81E
:1034800056300165013B9BB2A0F85630013A92B22A
:10349000D1E70000D0F88830202B10B543D10029A7
:1034A00043D0002A41D0A0F856200023A0F8542091
:1034B000426EC0F890302123B2F1005F0165C0F880
:1034C00088300268836819D1B3F5805F14D104692C
:1034D000174B1849002C18BF0B46836702F10803ED
:1034E00053E8003F43F4000302F1080040E80031D4
:1034F0000029F3D1002010BD0E4BEEE7B3F5805F3D
:103500000FD104690C4B0D49002C18BF0B46836783
:1035100052E8003F43F0800342E800310029F7D130
:10352000E8E7064BF3E70220E5E70120E3E700BF09
:1035300029340008C33300088F3300085F330008C4
:10354000806B08B500F0EDFF08BD704703682DE9FA
:10355000F041D96940F60F061A68044631429D6869
:1035600010D18E0640F1978002F0200605F08057BA
:103570003E4300F09080436F002B00F08580BDE853
:10358000F0411847A84EA9482E401040304300F0A3
:103590008280CF0709D5D00507D501201862D4F85D
:1035A000900040F00100C4F890008F0709D5E807AB
:1035B00007D502201862D4F8900040F00400C4F847
:1035C00090004F0709D5E80707D504201862D4F802
:1035D000900040F00200C4F890000F070BD502F0F5
:1035E0002000304307D008201862D4F8900040F043
:1035F0000800C4F890000E050AD5500108D54FF414
:1036000000601862D4F8903043F02003C4F8903082
:10361000D4F89030002B37D08B0609D502F0200269
:1036200005F080552A4303D0636F0BB120469847BD
:1036300026682046D4F89020B36802F0280203F0F0
:10364000400353EA020521D0FFF74AFEB3685F0644
:1036500017D5226802F1080353E8003F23F0400326
:10366000083242E800310029F3D1D4F8800040B19B
:103670006F4B0365FEF720FF30B1D4F88000036D77
:103680007DE7204600F04DFFBDE8F08100F049FFE6
:10369000C4F89050F8E7E06E012840F0B880CE06FC
:1036A00040F1B580D00640F1B2801022B4F85C0041
:1036B0001A629A6852067AD5D4F880505D492A6811
:1036C0008A4221D018318A421ED018318A421BD03A
:1036D00018318A4218D018318A4215D018318A42DE
:1036E00012D018318A420FD018318A420CD001F51D
:1036F00056718A4208D018318A4205D018318A4260
:1037000002D018318A42FFD0516889B2002943D0D3
:10371000814241D2EA69A4F85E10B2F5807F2FD0D1
:1037200053E8002F22F4807243E800210029F7D1EA
:1037300003F1080252E8002F22F0010203F1080011
:1037400040E800210029F3D103F1080252E8002FDC
:1037500022F0400203F1080040E800210029F3D1E3
:103760002022C4F88C20E16653E8002F22F01002DA
:1037700043E800210029F7D1D4F88000FEF7A6FD28
:103780000223B4F85C102367B4F85E30C91A89B21A
:103790002046FFF7DAFE77E781427FF475AFEB69E9
:1037A000B3F5807F7FF470AF02232367F0E7B4F8AE
:1037B0005E20B4F85E1092B289B200293FF464AF83
:1037C000801A81B200293FF45FAF53E8002F22F442
:1037D000907243E800200028F7D1174D03F108024A
:1037E00052E8002F2A4003F1080646E8002000288E
:1037F000F4D120226067C4F88C20E06653E8002FE3
:1038000022F0100243E800200028F7D1CCE7CF02D5
:1038100014D56E0212D54FF4801220461A62BDE80C
:10382000F04100F017BE00BF0100001020010004AD
:103830004135000810000240FEFFFFEF08060BD5DF
:1038400002F0800005F40005284305D0A36F002B8B
:103850003FF41AAF204692E64F0611D556060FD513
:1038600053E8002F22F0400243E800210029F7D15D
:1038700020232046A167C4F8883000F054FE03E7F7
:103880000D0206D5500004D52046BDE8F04100F0F9
:10389000E3BDCB017FF5F8AE002ABFF6F5AE2046BA
:1038A000BDE8F04100F0D7BDD0F88C20222A08B541
:1038B000036857D15B6AB0F86010826D0B401370DB
:1038C000836D01338365B0F85E30013B9BB2A0F895
:1038D0005E30B0F85E309BB2002B42D1026852E8F5
:1038E000003F23F4907342E8003103680029F5D1CA
:1038F00003F1080252E8002F22F0010203F1080C44
:103900004CE800210029F3D120224167C0F88C2027
:10391000174A0167934205D1C26E012A0ED000F00A
:10392000FEFD1EE05A681102F6D553E8002F22F082
:10393000806243E800210029F7D1EDE70022C2664A
:1039400053E8002F22F0100243E800210029F7D1AC
:10395000DA69D20601D510221A62B0F85C10FFF7BE
:10396000F4FD08BD9A6942F008029A61F9E700BFC8
:10397000000C0058D0F88C20222A08B5036854D1D6
:10398000596AB0F860201140826D22F8021B8265EE
:10399000B0F85E20013A92B2A0F85E20B0F85E2046
:1039A00092B2002A40D153E8002F22F4907243E8EB
:1039B00000210029F7D103F1080252E8002F22F07C
:1039C000010203F1080C4CE800210029F3D1202268
:1039D0004167C0F88C20174A0167934205D1C26E37
:1039E000012A0ED000F09BFD1EE05A681102F6D5A8
:1039F00053E8002F22F0806243E800210029F7D12C
:103A0000EDE70022C26653E8002F22F0100243E8DF
:103A100000210029F7D1DA69D20601D510221A62F5
:103A2000B0F85C10FFF791FD08BD9A6942F00802FA
:103A30009A61F9E7000C005803682DE9F047DD6949
:103A40000446D3F800809E68D0F88C20222A40F0EB
:103A5000B780B0F86830002B00F08D80B0F860704F
:103A60004FF0000906F001064FF0040AAB0640F1E2
:103A700082802368A26D5B6A3B401370A36D0133A3
:103A8000A365B4F85E30013B9BB2A4F85E302368B6
:103A9000DD6968072AD0E9070AD518F4807F07D0C6
:103AA00001221A62D4F8902042F00102C4F890205A
:103AB000AA0708D53EB102221A62D4F8902042F03B
:103AC0000402C4F89020680708D53EB1C3F820A0CE
:103AD000D4F8903043F00203C4F89030D4F890301A
:103AE00023B1204600F01DFDC4F89090B4F85E307C
:103AF0009BB2002BBAD1226852E8003F23F48073B6
:103B000042E8003123680029F5D1304803F108026A
:103B100052E8002F024003F1080545E80021002982
:103B2000F4D120226167C4F88C20294A216793428E
:103B30000AD05A68110207D553E8002F22F080629C
:103B400043E800210029F7D1E26E012A34D1002296
:103B5000E26653E8002F22F0100243E8002100291A
:103B6000F7D1DA69D20601D510221A62B4F85C10D6
:103B70002046FFF7EAFCB4F85E309BB2D3B1B4F84C
:103B800068209A4216D9226802F1080353E8003FE0
:103B900023F08053083242E8003122680029F2D134
:103BA0000C4B636752E8003F43F0200342E80031CA
:103BB0000029F7D1BDE8F087204600F0B0FCDAE735
:103BC0009A6942F008029A61F4E700BFFEFFFFEF36
:103BD000000C0058A938000803682DE9F047DD699A
:103BE0000446D3F800809E68D0F88C20222A40F04A
:103BF000B480B0F86830002B00F08A80B0F86070B4
:103C00004FF0000906F001064FF0040AAB067FD51D
:103C10002368A26D596A394022F8021BA265B4F8E4
:103C20005E20013A92B2A4F85E20DD6968072AD0CE
:103C3000E9070AD518F4807F07D001221A62D4F868
:103C4000902042F00102C4F89020AA0708D53EB1A6
:103C500002221A62D4F8902042F00402C4F89020A4
:103C6000680708D53EB1C3F820A0D4F8903043F0DF
:103C70000203C4F89030D4F8903023B1204600F00D
:103C800050FCC4F89090B4F85E309BB2002BBDD1CC
:103C9000226852E8003F23F4807342E80031236831
:103CA0000029F5D12F4803F1080252E8002F024005
:103CB00003F1080545E800210029F4D120226167BD
:103CC000C4F88C20284A216793420AD05A6811020E
:103CD00007D553E8002F22F0806243E80021002935
:103CE000F7D1E26E012A34D10022E26653E8002FB8
:103CF00022F0100243E800210029F7D1DA69D20648
:103D000001D510221A62B4F85C102046FFF71DFCA2
:103D1000B4F85E309BB2D3B1B4F868209A4216D999
:103D2000226802F1080353E8003F23F08053083271
:103D300042E8003122680029F2D10C4B636752E857
:103D4000003F43F0200342E800310029F7D1BDE8ED
:103D5000F087204600F0E3FBDAE79A6942F00802B8
:103D60009A61F4E7FEFFFFEF000C00587539000878
:103D70000268C3698168F0B504460069156887B0B8
:103D8000014360690143A448194328400143E068A6
:103D90001160516821F440510143A06951609F496D
:103DA0008A421CBF216A0843916821F06E4121F4C8
:103DB00030610143606A9160D16A21F00F010143D3
:103DC000D16297498A4212D1964A526D02F0380266
:103DD000182A00F0FF803BD8082A00F0F380102A50
:103DE00000F03881002A00F0E780012068E08E4969
:103DF0008A420DD18B4A526D02F00702052AF4D88F
:103E0000DFE812F07C00E0002801E80005012B004B
:103E100086498A42EED086498A42EBD085498A4259
:103E2000E8D085498A42CFD084498A42E2D0844989
:103E30008A42DFD0794B9A42D7D17A4A936D03F008
:103E40000703052BD1D8DFE803F03643484D570F61
:103E5000202A00F0DC80282AC7D1B3F5004F00F0FB
:103E600088804FF40040C2E04FF40040754B626A16
:103E7000656833F8122005EB4501B0FBF2F3994277
:103E8000B3D8B3EB053FB0D800234FF48077194681
:103E9000FCF726FA00230646680819462A46E6FB80
:103EA0000701FCF71DFA684BA0F540729A429CD8B6
:103EB0002368D86003E0FDF7B1FF0028D6D10020C9
:103EC0004FF00113A3660023C4E91D3307B0F0BD12
:103ED0006846FDF7B5FF0198EFE703A8FEF75AF82B
:103EE0000498EAE71368594813F0200FBED013680E
:103EF000C3F3C103D840B9E75548B7E7B3F5004F5E
:103F000055D10023082B3FF670AF01A252F823F0E1
:103F10003D3F0008493F0008EB3D0008EB3D00082D
:103F20004F3F0008EB3D0008EB3D0008EB3D00086B
:103F3000593F00080423E5E70823E3E7FDF778F994
:103F40000346002BBBD014E0FDF784F9F8E7684680
:103F5000FDF776FF019BF4E703A8FEF71BF8049B2F
:103F6000EFE713F0200F394B03D01268C2F3C10200
:103F7000D340606A334A616832F81020B3FBF2F331
:103F80004A0802EB43034FF6EF72B3FBF1F3A3F1E0
:103F9000100191423FF629AF23F00F02C3F3420311
:103FA000216892B21343CB6089E7294BE1E7FDF723
:103FB0003FF9002883D01AE0B3F5004FC4D0FDF7D5
:103FC00049F9F6E7B3F5004FB4D06846FDF738FF7E
:103FD0000198EEE7B3F5004F124A1368C1D013F011
:103FE000200F1A4803D01368C3F3C103D840616A95
:103FF000144A636832F81120B0FBF2F000EB530072
:10400000B0FBF3F04FF6EF73A0F110024EE7B3F5FB
:10401000004FCAD00E48EAE7F369FFCF000C005802
:104020000010014000440258004400400048004095
:10403000004C004000500040001401400078004057
:10404000007C0040689D0008FFFC0F000090D0033A
:1040500000093D00B3F5004F3FF46EAF03A8FDF734
:1040600099FF0498A5E700BF836A1A0710B506D523
:104070000168846B4A6822F4004222434A60DC07EC
:1040800006D50168C46A4A6822F4003222434A60B5
:10409000990706D50168046B4A6822F480322243EE
:1040A0004A605A0706D50168446B4A6822F48022A8
:1040B00022434A60DC0606D50168C46B8A6822F494
:1040C000805222438A60990606D50168046C8A688A
:1040D00022F4005222438A605A0610D50168446CCB
:1040E0004A68B4F5801F22F4801242EA04024A6052
:1040F00005D14A68846C22F4C00222434A601B0640
:1041000006D50268C16C536823F400230B43536047
:1041100010BD2DE9F843DDF8209004460D46174602
:1041200098462268D36935EA03030CBF01230023B4
:10413000BB4201D0002022E0B9F1FF3FF2D0FEF7F0
:1041400039FBA0EB0800484529D8B9F1000F26D06B
:1041500021680B685A07E4D5802DE2D0402DE0D0CD
:10416000CE6916F008060CD0082520460D62FFF730
:10417000B7F800230120C4F8905084F88430BDE8DB
:10418000F883CB691B05CCD54FF4006320460B6246
:10419000FFF7A6F8202384F88460C4F89030032049
:1041A000EDE773B500260446C0F89060FEF702FB09
:1041B000236805461B681A071CD56FF07E433246FC
:1041C0004FF40011009303462046FFF7A2FF88B189
:1041D000226852E8003F23F0800342E800310029C2
:1041E000F6D12023C4F888300320002384F88430DB
:1041F00002B070BD23681B685B0724D56FF07E4357
:1042000000224FF48001204600932B46FFF781FFE8
:10421000C8B1226852E8003F23F4907342E80031AD
:1042200022680029F5D102F1080353E8003F23F08A
:10423000010302F1080040E800310029F3D12023F6
:10424000C4F88C30D0E720230020C4F88830C4F8AC
:104250008C30E0662067C8E710B5044650B3D0F84C
:1042600088301BB980F8843000F0A2FB2423226838
:10427000C4F88830136823F001031360A36A13B1F4
:104280002046FFF7F1FE2046FFF772FD012811D00E
:10429000236820465A6822F490425A609A6822F0B5
:1042A0002A029A601A6842F00102BDE810401A60C2
:1042B000FFF777BF012010BD30B58165002381680D
:1042C000A0F85C20B1F5805FA0F85E20436731D193
:1042D0000369002B40F2FF1318BFFF23A0F86030E2
:1042E0000023C0F890302223C0F88C30016801F11F
:1042F000080353E8003F43F00103083141E800346C
:104300000368002CF2D1456E8468B5F1005F016945
:1043100035D1B0F86850954231D8B4F5805F29D1D5
:10432000C1B1264A426753E8002F42F4807243E845
:10433000002121E029B90369002B0CBFFF237F2353
:10434000CCE7B1F1805FC9D10369002B0CBF7F239B
:104350003F23C3E71A4A426703F1080252E8002FDD
:1043600042F0805203F1080040E800210029F3D117
:10437000002030BD114A42670029D4D1ECE7B4F5E2
:10438000805F16D151B10F4A426753E8002F42F4C3
:10439000907243E800210029F7D1E9E70A4A426711
:1043A00053E8002F42F0200243E800210029F7D112
:1043B000DEE7044A42670029E7D1F1E7393A00080D
:1043C000D93B0008A93800087539000838B5D0F87D
:1043D0008C30202B16D1B9B1B2B100230468C3666A
:1043E0000A4B9C420AD063681B0207D554E8003F81
:1043F00043F0806344E80035002DF7D1FFF75CFF00
:10440000002038BD0220FCE70120FAE7000C00582C
:10441000436E30B52BB90123A0F86A30A0F868309C
:1044200030BD0368094D9A689968094CC2F342622D
:10443000490F6B5C615C1B01B3FBF1F3A0F86A30C0
:10444000AB5CA25C1B01B3FBF2F3E7E7889D0008BD
:10445000809D000870477047704790F88430012BAA
:1044600014D002682423C0F888301168136821F042
:10447000005123F0010313600023436611602022E2
:1044800080F88430C0F888201846704702207047B2
:1044900070B590F884300446012B17D005682423AA
:1044A000C0F888302E682B6823F001032B60AB68BE
:1044B00023F060431943A960FFF7AAFF20232E6071
:1044C000C0F88830002084F8840070BD0220FCE72A
:1044D00070B590F884300446012B17D0056824236A
:1044E000C0F888302E682B6823F001032B60AB687E
:1044F00023F060631943A960FFF78AFF20232E6031
:10450000C0F88830002084F8840070BD0220FCE7E9
:10451000CB0701D500F0ECBD704700F073BE03F08F
:1045200073BE03F0E5BE03F0A9BE08B572B6002065
:1045300004F03CFBFEE7000030B59DB04C220021AA
:1045400009A804F049FF2022002101A804F044FF3B
:104550000220FEF793F800230093234B9A6942F45C
:1045600040429A619A6902F4404200921F4AD16A1D
:1045700041F00101D162D26A02F001020092009A78
:104580009A699404FCD54FF480330121042405205A
:10459000C0220825CDE909130223CDE91233169371
:1045A000CDE917430023CDE9140209A81B93CDE9F7
:1045B0001953FCF7ABF908B1FFF7B7FF3F2203230C
:1045C0002146CDE9012340234FF48062CDE9030564
:1045D00001A8CDE90533CDE90723FCF7E1FC00286C
:1045E000EAD11DB030BD00BF004802580004005899
:1045F0001FB500211022684604F0EEFEFCF73CF9DE
:10460000012300226846ADF8003048F21F73CDE95F
:10461000012340F201130393FCF74CF90420FCF74B
:1046200039F9FEF78DF804F0E7F808B9FFF77DFFD8
:10463000FFF782FF04F020F904F088F90028F5D094
:1046400000F038F800F078F800F0A8F800F07CF9F5
:1046500004F0B0FB03F0D2FF124801F005FA02F0BB
:1046600051F81149114800F0F9FB0028DED010483C
:1046700003F064FD0028D9D004F0EAF904F01AFA36
:1046800004F099FB01F080FA03F048FE02F004F90F
:1046900004F058FA04F018FA04F0E2F804F08CFB85
:1046A000ECE700BF2C010020F17000088C00002016
:1046B000CC01002000B589B01422002103A804F029
:1046C0008BFE1B4B80211B48D3F8E02042F0800278
:1046D000C3F8E020D3F8E02002F080020092009AB4
:1046E000D3F8E02042F00102C3F8E020D3F8E02044
:1046F00002F001020192019AD3F8E02042F0020296
:10470000C3F8E0200122D3F8E03003F00203029363
:10471000029BFDF7D5FD8022012303A90548CDE9C1
:1047200003230023CDE90533FDF7DEFC09B000BD0E
:1047300000440258001C025810B5164B0122164CBA
:10474000052113202360002322826261A263E263B9
:10475000A374A365E365C4E90610C4E90812102038
:104760000821C4E90A22C4E90C230422C4E9100286
:104770002046A266C4E90233C4E91232C4E9143205
:10478000C4E91813FEF762F818B1BDE81040FFF74E
:10479000CCBE10BD00A000402C01002010B50521AA
:1047A000164C0220164B0122236000232282E26273
:1047B0002263A263A374E363C4E905011320C4E97F
:1047C000070163212046C4E909226163042208210C
:1047D0008365C3658266C4E902331024C0E91232DE
:1047E000C0E91042C0E91432C0E91813FEF72EF8F0
:1047F00018B1BDE81040FFF798BE10BD8C00002036
:1048000000A4004010B51422BAB0044600210DEBFC
:10481000020004F0E1FDC02200210AA804F0DCFD42
:104820002368444A934242D14FF4004200230AA82D
:10483000CDE90A23FCF70CFE08B1FFF776FE3E4AED
:104840001368591C116063B93C4BD3F8EC2042F457
:104850008072C3F8EC20D3F8EC3003F4807301933A
:10486000019B364B4FF4407100243548D3F8E020CB
:1048700042F00202C3F8E020D3F8E03003F0020374
:104880000293029B0223CDE90513032305A9CDE979
:10489000074309230993FDF727FC1320224605212E
:1048A000FBF796FF1320FBF7C5FF3AB010BD254A72
:1048B0009342FAD14FF4004200230AA8CDE90A231B
:1048C000FCF7C6FD08B1FFF730FE1B4A1368591C00
:1048D000116063B9194BD3F8EC2042F48072C3F82D
:1048E000EC20D3F8EC3003F480730393039B134B59
:1048F000002405A91248D3F8E02042F00202C3F8D0
:10490000E0204FF44052D3F8E03003F00203049368
:10491000049B0223CDE905230323CDE907430923A3
:104920000993FDF7E1FB142022460521FBF750FF18
:104930001420B8E700A0004088000020004402587E
:104940000004025800A4004008B517494FF4E132B2
:10495000164B08460B600023C1E901230C22C1E974
:104960000333C1E90523C1E90733C1E90933FFF77F
:1049700073FC08B1FFF7D9FD00210B48FFF788FD54
:1049800008B1FFF7D2FD00210748FFF7A1FD08B1EC
:10499000FFF7CBFD0448FFF760FD18B1BDE8084004
:1049A000FFF7C3BD08BD00BFCC01002000100140CF
:1049B00010B5B8B004461422002103A804F00CFD81
:1049C000C022002108A804F007FD22681E4B9A426D
:1049D00038D10122002308A8CDE90823FCF738FDCF
:1049E00008B1FFF7A2FD194B002403A91848D3F81A
:1049F000F02042F01002C3F8F020D3F8F02002F0CB
:104A000010020192019AD3F8E02042F00102C3F8AB
:104A1000E0204FF4C062D3F8E03003F001030293CA
:104A2000029B0223CDE903230723CDE90544079325
:104A3000FDF75AFB252022460621FBF7C9FE25205B
:104A4000FBF7F8FE38B010BD0010014000440258DA
:104A500000000258FEE71EF0040F0CBFEFF30880C1
:104A6000EFF309807146012204F030B91EF0040F03
:104A70000CBFEFF30880EFF309807146022204F0C7
:104A800025B91EF0040F0CBFEFF30880EFF3098087
:104A90007146032204F01AB91EF0040F0CBFEFF3A5
:104AA0000880EFF309807146042204F00FB97047C3
:104AB00070477047FDF772BE0148FEF7A7BA00BF06
:104AC0002C0100200148FEF7A1BA00BF8C00002095
:104AD0000148FEF73BBD00BFCC010020074B82B070
:104AE000D3F8F42042F00202C3F8F420D3F8F430F3
:104AF00003F002030193019B02B070470044025887
:104B00000A4A0346106810B508B9094810600949F7
:104B10000344094C091B8B4206D904F065FC0C23A5
:104B200003604FF0FF3010BD1360FCE7600200200F
:104B3000800A00200000022000100000DFF838D0BA
:104B4000FBF728FEFBF7B4FD0C480D490D4A002386
:104B500002E0D458C4500433C4188C42F9D30A4A32
:104B60000A4C002301E013600432A242FBD304F09C
:104B700041FCFFF73DFDFEE70000022000000020A1
:104B800068000020E09F0008680000207C0A0020E8
:104B9000FEE743EA022370B543EA016300250360A0
:104BA000C0E9015570BD38B51D4613460A461221AD
:104BB000FFF7EFFF858038BDC0F30460704708B58C
:104BC00013460A460021FFF7E4FF08BD08B5134667
:104BD0000A460321FFF7DDFF08BD38B51D46134621
:104BE0000A460421FFF7D5FF057138BD38B51D46CB
:104BF00013460A461121FFF7CCFF858038BD10B55A
:104C0000FFF7D1FF9DF80830037210BD10B5FFF714
:104C1000CAFF029B836010BD38B5FFF7C4FF80ED6B
:104C2000020A38BDF8B50C460646002872D00029A5
:104C300070D00568C5F30463022B6BD125F0604783
:104C40001322002104F1090004F0C6FBC5F30C4552
:104C5000C7F38153A7709FED307A01202370C5F30D
:104C60004013DFED2E6AE370C5F300132371C5F323
:104C7000C0036371C5F38003A371C5F3400305F05E
:104C80000105E3713B0A25726370B3885BBA9BB27E
:104C900007EE903AF8EE677A67EE877A87EEA67AA3
:104CA000DFED1F7A77EE677A9FED1E7AC4ED037A07
:104CB000F3885BBA9BB207EE903AF8EE677A67EE3C
:104CC000877A87EEA67ADFED187A77EE677AB3EE09
:104CD0000C7AC4ED047A33895BBA9BB207EE903A42
:104CE000F8EE677A67EE877A87EEA67AF2EE0C7AAC
:104CF000F2EE046A77EE677AC4ED057A73895BBADF
:104D00009BB207EE903AF8EE677A87EEA67A84EDCA
:104D1000067AF8BD0020FCE7B81EC94100FF7F47B6
:104D2000B81E4941000084420000044230B50C46E0
:104D300093B0054620B9042003F080FC13B030BDC9
:104D400007A9FEF7CFF80028F5D103A92846FEF7FA
:104D5000EEF80028EFD10B9A0A99003A049B0C98C0
:104D600018BF01220039019318BF0121039B0038AD
:104D7000009318BF0120079B03F065FC0C9B002BE0
:104D8000DCD02378002BD9D101230C20237003F031
:104D900055FC082003F090FCD0E700002DE9F0411D
:104DA0008AB004460D462022002102A804F014FB1C
:104DB0001CB900200AB0BDE8F081002DF9D0214FC8
:104DC0003B783BB1204B1B68A342F2D11F4B1D60C7
:104DD0000120EFE74FF080434FF00208012602A9BF
:104DE00020460293CDE90486FDF71AFF0028E0D1A2
:104DF00002A9CDE902002046FDF712FF0028D8D114
:104E000033464246414620460096FDF745FF0028BE
:104E1000CFD10D4B1C600D4B1D600D4B18600D4B21
:104E200018700D4B18602046FDF74FFF0246002812
:104E3000BFD140F601012046FEF79AF80028B8D10C
:104E40003E70C5E76B0200207C0200207402002047
:104E50006C02002069020020640200202DE9F0416C
:104E60008AB004460D462022002102A804F0B4FABC
:104E70001CB900200AB0BDE8F081002DF9D01E4F0A
:104E80003B783BB11D4B1B68A342F2D11C4B1D600C
:104E90000120EFE71B4B1B68A342EAD04FF002084A
:104EA000012602A92046CDE90486FDF7B9FE0028B7
:104EB000DFD133464246414620460096FDF7ECFEE0
:104EC0000028D6D10E4BDFF834801D600E4BC8F899
:104ED000004018702046FDF7F8FE024618B1002386
:104EE000C8F80030C5E740F601012046FEF740F85B
:104EF0000028F4D13E70CBE76A020020780200203F
:104F0000700200207C020020680200202DE9F0479A
:104F10008CB005462422002103A804F05DFA002D80
:104F200066D02C68B4F1005F62D2DFF8D4A0DAF862
:104F3000000000285ED0304B1B78002B5AD02F4B3E
:104F40002F1D1E788EB1FDF735FC0023009008223E
:104F500039462046042403F074FB0421286803F03A
:104F60009FFB20460CB0BDE8F087FDF7FAFFD5F8AF
:104F70000090044670B9FDF71DFC2346082239460F
:104F80000090484603F05DFB03212868032403F0EA
:104F900087FBE6E74FF080434FF008084846394664
:104FA000CDF80C90CDE90436CDE90686CDE908664A
:104FB000CDE90A6603F068FB3A4603A9DAF8000077
:104FC000FDF79CFED5F80090044638B1FDF7F2FBE2
:104FD00033460090424639464846BBE7FDF7EAFBB8
:104FE0000123009042463946484603F02AFBB8E7C1
:104FF0000124B6E70224B4E76B0200206902002016
:105000007C0200202DE9F0478CB004460D4617467F
:105010000021242203A804F0DFF9B4F5006F23D2A5
:1050200065B37B1E072B20D8DFF8C0A0DAF800009C
:10503000D8B12B4B93F80090B9F1000F15D0294B44
:105040001E7896B9FDF78DFF8046E8B9FDF7B2FBF3
:105050002946009043463A46204603F0F2FA0321DF
:10506000204603F01DFB09E045B1FDF7A3FB00233B
:1050700000903A462946204603F0E3FA4FF0000933
:1050800048460CB0BDE8F087174B294620460596E8
:1050900053F82730CDE90346CDE90636CDE9086659
:1050A000CDE90A6603F0F0FA2A4603A9DAF800000F
:1050B000FDF724FE50B1FDF77DFB294600903346F5
:1050C0003A46204603F0BDFA0421C9E7FDF772FB1A
:1050D000012300903A462946204603F0B2FACFE772
:1050E0006A02002068020020909D000878020020DB
:1050F0002DE9F04F3D4F93B004463B68834203D007
:105100003B4B1B6883424ED13A4EDFF8F490DFF8F8
:10511000E0A036E00A9B1BB133680133336030E016
:105120000B99354A52F8040B81423FD00133092BC9
:10513000F8D1DDE90885B5F1804F3AD1ABF108032C
:105140005D425D4100230393FDF734FB039B5A4608
:10515000019006A9009340462B4603F073FA099A82
:10516000002A31D1DAF80030A3420AD1234B1B6860
:105170003BB10898421F032A03D85A4606A980B2B9
:10518000984740212046FDF7E1FE60B106AB08AA32
:1051900040212046FDF7E4FD83460028BAD0154A99
:1051A00013680133136013B0BDE8F08F5FFA83FB1F
:1051B000BFE735B9A8F10503032B8CBF00230123FA
:1051C000C1E700252B46BEE73B68A342A4D1D9F82E
:1051D0000030002BA0D0B2F1804F9DD10B9A082A4D
:1051E0009AD1089A05A805929847CAE77C02002040
:1051F000780200206C020020909D000870020020C0
:1052000074020020074B1B68834203D0064B1B68C7
:10521000834205D1054AD2F89C300133C2F89C3054
:10522000704700BF7C020020780200201008002098
:1052300008B5FDF7BFFA0D4A03461068A8B10C4A3D
:10524000127892B10B490A689A1A132A0DD90B6089
:105250000949FFF76BFD094B1B7833B1084B09492E
:105260001868BDE80840FFF761BD08BD7C0200205A
:105270006B02002064020020690200206A02002004
:105280007802002068020020024B187808B9024B0F
:10529000187870476902002068020020012807D0B2
:1052A000022807D0032807D0042807D1032070471D
:1052B0000020704701207047022070474FF0FF30F8
:1052C0007047006870470000F0EEC07A9FED227AC8
:1052D00010B5F4EE477AF1EE10FA3AD81F4A84007E
:1052E0001F4B02EB800203EB8003D2ED006AD3ED8B
:1052F000007AE6EE807AF0EEE76AF4EE476AF1EEC5
:1053000010FA26D8174BDFED186A234493ED007A84
:1053100037EE666AB4EEE76AF1EE10FA19DC134B69
:10532000234493ED006A76EE266AF4EEE76AF1EE26
:1053300010FA0ED4B4EEE77AF1EE10FA05DCF4EED2
:10534000C67AF1EE10FA36FE277A012081ED007A56
:1053500010BD0020FCE700BFFFFF7F7F309F0008EB
:10536000209F0008209F00086F12833A109F0008BA
:1053700008B5FDF71FFA044B1B68C01A632894BFD9
:105380000020012008BD00BFFC0200207047042857
:105390000EB410B50446ABB00AD02EABA0212D9AA6
:1053A00002A8019303F0FAFF02A92046FFF7EEFFDF
:1053B0002BB0BDE8104003B07047000070B5044644
:1053C000124B002188B054F8032B1A605D1801318C
:1053D00014F8016F08292E71F8D19969013199618A
:1053E000C37A0B490693837A0593437A0493037A2D
:1053F0000393C379029383790193437900930379EB
:105400000420FFF7C4FF08B070BD00BF580400209F
:10541000B49D00082DE9FF4100240646DFF83C80DA
:105420000C4D274601A8334618F8012BFD21FFF744
:10543000D4FB01A8FFF76AFD10B901A8FFF7BEFF72
:1054400001342F765435042CECD1034B1F7004B07B
:10545000BDE8F08108030020F1020020609F0008F1
:1054600010B50446FFF752FD88B10D4B03281A789A
:1054700005D00138C0B2022834BF01200420094BF6
:10548000542101FB023383F84900002010BD20465F
:10549000FFF794FFFDF78EF9034B18600120F5E745
:1054A0000603002008030020FC0200200D4B13B56A
:1054B0001A780446824213D018700B4B1870FDF70F
:1054C00079F90A4B0A4A186003200A4B0A491B78EB
:1054D000D25C0092094A52F823302246FFF757FF68
:1054E00002B010BD070300208A0400200003002042
:1054F000609F000806030020E59D0008649F0008E7
:10550000094A30B454251378084C05FB0344013391
:105510000025DBB284F84850032B137084BF084683
:10552000157030BCFFF7C2BF06030020080300203F
:105530001B4BF7B504461D78EFF3108672B6FDF7E6
:1055400039F9184A0023DFF870C01746516C5432FD
:10555000411A4CF823100133042BF7D1BFF35F8FAE
:1055600006B962B6542300205D430F4B7E191C70B0
:105570000E4B327986F849401A700D4B1870FFF7C0
:1055800049FF2220FFF792FF012003F057F83379FB
:10559000009401207A590749FFF7F9FE03B0F0BDE6
:1055A000060300200803002089040020880400204E
:1055B000F00200200A9E000878040020124B37B544
:1055C0000446084619785423104D59436B1893F834
:1055D0004820022A13D8013283F84900D2B283F856
:1055E00048201B79CDE9002002206A580849FFF7BE
:1055F000CEFE204603B0BDE83040FFF757BF03B0F2
:10560000BDE83040FFF794BF0603002008030020E8
:105610002C9E000838B51D460B4B14461960FFF749
:105620001FFF60B9094B542128461A78084B01FB2B
:10563000023393F84910BDE83840FFF7BFBF20465A
:10564000BDE83840FFF732BFF40200200603002017
:1056500008030020F0B50D4F85B00D4616460C49E5
:1056600004463A78034601A88A5CFD21FFF7BEFA9A
:10567000084B3A7801A81C80074B53F82210334698
:105680002A46FFF7C7FF05B0F0BD00BF06030020A4
:10569000609F0008040300209C0200201D4B1E4A4E
:1056A00010B50446187852F820001C4A126890423F
:1056B00027D0BFF35F8F1A78194B985C00F0FF0377
:1056C00020B10920FFF734FF002010BD1548164C0B
:1056D00030F81200248880B2844201D00820F1E71B
:1056E000124800EB8200C45CCC540133042BFAD185
:1056F0000F4B5421012001FB0233002283F8482084
:10570000E3E7FFF735FE0028DED005212046FFF74E
:1057100055FFD9E7060300209C020020F402002078
:105720009802002090020020040300208002002044
:105730000803002000B52DED028B83B0B0EE408A47
:1057400001A9FFF7ABFF0346D8B101A89FED107A7E
:10575000FFF7B7FD07EE900AF0EEE76AF4EE476A4E
:10576000F1EE10FA0AD877EEC87A9FED0A7AF0EED9
:10577000E77AF4EEC77AF1EE10FA03DD0E20FFF7B8
:10578000D7FE0023184603B0BDEC028B00BD00BF5E
:10579000FFFF7F7F6F12833A124B10B51A780446D1
:1057A000114B53F82210114B1B68994210D0BFF3D4
:1057B0005F8F0F4B542101FB0233DA6922B10F20B6
:1057C000FFF7B6FE002002E0012083F8482010BD5C
:1057D000FFF7CEFD0028F5D005212046FFF7EEFEAD
:1057E000F0E700BF06030020BC020020F402002006
:1057F000080300202DE9F0431D46224B0C4685B0DE
:105800001E78804617469DF83010A6429DF83490C9
:1058100017D11D4C03461D4901A822788A5CFD2141
:10582000FFF7FAF91A4B227801A8A3F80080194B68
:1058300053F8221033463A46FFF7ECFE05B0BDE8B8
:10584000F08396420AD12046FFF7A6FF0028F5D044
:10585000284605B0BDE8F043FFF728BEAE4205D1AB
:10586000324605B0BDE8F043FFF7F4BE2846FFF727
:1058700061FF0028E2D04946204605B0BDE8F0436C
:10588000FFF73EBE0703002006030020609F0008CC
:1058900004030020BC020020F0B58BB0D9B1B0F1F8
:1058A000005F18D20DF103050023644A0090CC5C20
:1058B000D618013305F8014F082B3474F7D1D060A6
:1058C000D3690133D361FFF777F911287FD004D86A
:1058D00048B302284CD00BB0F0BD1528FBD1009B7B
:1058E000C3F30720FFF7DAFC421CF4D0DBB2FD2B38
:1058F000F1D1542301AC03FB00F2514B02F14A05F4
:1059000003CCEE189C18585101A87160FFF7D9FC20
:10591000E06102A8FFF7D5FC2062FCF74BFF606452
:10592000BFF35F8FD7E70098C3B2FE2BD3D1C0F38C
:105930000720FFF7B3FC441C0546CCD0542301AA32
:105940003F4C434303F10D0603CA3719A0511C44D1
:10595000012379606375A375FCF72CFF6064BFF3C6
:105960005F8F384A52F82530013342F82530B2E7CC
:1059700003A96846FFF756F90028ACD09DF80E3011
:10598000FD2BA8D19DF80D00FFF788FC0546681C8B
:10599000A1D054232A4C03FB05449DF80C3084F815
:1059A0002430069BA362079BE362089B2363099B49
:1059B0006363BDF8023003F03F03E3610123A37585
:1059C000FCF7F8FE6064BFF35F8F1F4ACAE7009BD5
:1059D000DAB2FD2A7FF47FAFC3F30720FFF75EFC46
:1059E000411C04463FF477AFC3F30743174A1354EF
:1059F000BDF80420164B23F810209DF80820154B05
:105A000003F8202003EB80039DF809205A709DF8CD
:105A10000A209A709DF80B20DA70FCF7CBFE542216
:105A2000074B02FB04335864BFF35F8F0A4A52F8F6
:105A30002430013342F824304DE700BF58040020E1
:105A400008030020AC020020BC02002098020020C5
:105A500090020020800200209C02002018B1011D4D
:105A60000068FFF719BF7047F8B54FF4A87200211E
:105A70000546314803F0B0FC202200212F4803F0F6
:105A8000ABFC102200212E4803F0A6FC10220021BE
:105A90002C48002403F0A0FC102200212A4803F027
:105AA0009BFC2A4B1022214629481C6003F094FCE1
:105AB00010222146274803F08FFC274B2146102255
:105AC0001C70264B26481C70264B274E1C70274BFB
:105AD0001C70274B1C7003F07FFC2648264B27497F
:105AE00056F8042B01EBC407543343F8592C10F833
:105AF000012B03F8552C51F83420013443F8542C71
:105B0000042C7A6843F8502CEAD11D4C35B9002397
:105B100002202370BDE8F840FFF70ABD1949284666
:105B2000FFF73CF90028F2D0002301202370BDE8E4
:105B3000F840FFF7BBBC00BF08030020580400205A
:105B4000BC020020AC0200209C020020EC020020DD
:105B5000DC020020CC02002006030020F10200201D
:105B600078040020F0020020649F000889040020CF
:105B700088040020609F00080D030020409F00085B
:105B8000070300205D5A00082DE9F04F8FB0FCF7A5
:105B900011FEBFF35F8FDFF8CC8298F80040222C13
:105BA00000F0AF81002C00F0AC81A04E0023DFEDAF
:105BB000A07A32463746D5691DB19E4A13700F2030
:105BC0000BE0917D71B192ED0D7AB4EEE77AF1EED2
:105BD00010FA07DB974A142013700FB0BDE8F04F9E
:105BE000FFF7A6BC01335432042BE4D1631E202BF3
:105BF00000F28781DFE813F021003100310053000B
:105C00005300B000B000D20038013801380138012B
:105C10008801880188018801770177017701770180
:105C20009501950195019501CF01CF01CF01CF01DC
:105C30001602210221025F02A2027F4B1B68C01ADA
:105C4000B0F5FA7FC0F05D817A4B002202201A7015
:105C50000FB0BDE8F04FFFF729BC022C12D1754DF3
:105C6000002376490BA82A788A5CFD21FEF7B5FF50
:105C70002A78734B53F82210234603220BA8FFF710
:105C8000C9FC3EE10220FFF787FD002800F03981C2
:105C9000042102200FB0BDE8F04FFFF731BC654E84
:105CA000042C684D33780DD15422FD210BA802FB42
:105CB00003731A79FEF783FF3378052255F8231012
:105CC0002346DBE7604A55F823101268914237D02B
:105CD000BFF35F8F5422012102FB037202F10D0416
:105CE00002F115000A461AB12278B2FA82F252097C
:105CF00021B12178A1F1FF05694269410134844253
:105D0000F1D102B909B10A2067E7542202FB03F17D
:105D10007A18107D537B0690D07C0590907C04907F
:105D2000507C0390107C0290D07B01900320927BEA
:105D300000927A584549FFF72AFB06210420A9E77B
:105D4000FFF716FB002800F0DC80052104200FB0CF
:105D5000BDE8F04FFFF732BC062C08D122460721E0
:105D600047F219000FB0BDE8F04FFFF773BC314B9D
:105D70000BA906201C78FFF791FC002800F0C180D9
:105D800054230B99324A0BA86343D1503B44FFF78D
:105D900098FA08219863186406207BE72D4B2E4A59
:105DA000DFED2E5A9FED2E6AD6ED0E7AB0EEE77A31
:105DB000B4EE657AF1EE10FA04D9EDB20C201D4B69
:105DC0001D700AE7F2EC016A36EEC67AF4EEC77A85
:105DD000F1EE10FA08D4B3EC017A37EE065AF4EE7D
:105DE000C57AF1EE10FA02DDEDB20D20E7E7F4EE30
:105DF000E67AF1EE10FA0ED5F0EE667AC6ED0E6A8E
:105E00000135C6ED107A5436042DCDD1094B002250
:105E100009201A701CE7F4EEC77AF1EE10FAC4BF3D
:105E2000F0EE477A86ED0E7AEAE700BF080300201D
:105E30000000AA420603002000030020609F000823
:105E4000BC020020AC020020F4020020579E000893
:105E500044030020109F0008209F0008FFFF7F7F61
:105E60006F12833A07030020092C16D1A84D052391
:105E7000A8490BA82A78009347F205038A5CFD2104
:105E8000FEF7BDFEA44B47F205021A802A78A34B09
:105E900053F8221023460A22F0E60A2C05D10920E5
:105EA000FFF77AFC68B30B20D2E60B2C04D1224614
:105EB0000C2147F2050055E70BA90B20FFF7EEFB7D
:105EC000F8B19DF82C30052B08D19DF82E209DF8B7
:105ED0002D3013439DF82F20134301D00E207CE674
:105EE0000D210920D6E6142315218D481222CDE973
:105EF0000031132390ED000A112147F21800FFF73B
:105F000079FC0FB0BDE8F08F1023112285480D21D8
:105F1000CDE900320F2390ED000A0E2247F2170060
:105F2000EDE7152C17D17A4D42F2107379490BA881
:105F30002A78009347F228038A5CFD21FEF766FE6B
:105F4000754B47F228021A802A78744B53F82210B6
:105F50002346162292E6162C06D11520FFF71CFCCC
:105F60000028CED0172073E6172C04D12246182122
:105F700047F22800F6E60BA91720FFF78FFB002851
:105F8000BFD042F210730BA8FFF79BF99842A5D13E
:105F9000192115207EE65E4D192C2A7816D154233E
:105FA000FD210BA803FB027247F2160392ED0E0AC5
:105FB0001279FEF731FE584B47F216021A802A7802
:105FC000564B53F8221023461A2257E61A2C06D1B4
:105FD0001920FFF7E1FB002893D01B2038E61B2C8B
:105FE00004D122461C2147F21600BBE654231B2095
:105FF00003FB027797ED0E0AFFF79CFB002880D089
:1060000001231D211920FB75FFF77AFA98F800305B
:106010001D2B7FF476AF444903200FB0BDE8F04F4D
:10602000FFF7B5B9414A1378002B3FF46AAF00235C
:106030001E201370364A13700AE6354E1E2C357832
:106040000ED15423FD210BA803FB05752A79FEF719
:10605000BDFD3278314B53F8221023461F220DE646
:106060001E20FFF799FB00283FF44BAF542303FB9E
:10607000057595F82430022B16D1D5ED0B7AB6EEC6
:10608000007AF0EEE77AF4EEC77AF1EE10FA01DD6D
:106090001120A2E5FCF78EFB6B6CC01A642805D9B1
:1060A00095F82430022BF3D0102096E5012320210F
:1060B0001E202B76EEE5FCF77DFB40F2A462F17D1D
:1060C000F36981B1317E71B113B1114B1D7076E569
:1060D00096F82430022B03D1736CC31A934208D96B
:1060E0000B4B1D70D4E70A4A1570002B7FF467AD87
:1060F000CEE701355436042DE1D10D4B01221A7043
:106100000C4B18602120FFF7D1F90B4984E700BF41
:1061100006030020609F000804030020BC0200204A
:1061200010000020140000207F9E0008F0020020D4
:10613000F1020020F8020020C19E0008FCF73AFBA3
:10614000DFF8049180463D4BDFF800A10122DFF823
:1061500000B1EFF3108172B6DBF81C40DBF84400AD
:10616000BFF35F8F01B962B6002CAED1A8EB00017E
:10617000B1F5FA7F2BD889F8004001350BF1540BAB
:1061800009F101090433042D0AF1040AE1D12C4A72
:106190001368A8EB0303132B7FF6B3AE294DC2F8A7
:1061A00000800BA896ED100A47F216033279FD2104
:1061B000FEF732FD0BA82C70FFF752F9B8BB542341
:1061C00003FB047393F84900FFF7B2F999E699F8D5
:1061D000001019B1DAF80010884206D089F80020C2
:1061E000C3F80080CAF80000C7E71968A8EB0101EE
:1061F0006329C2D9EFF3108072B6DBF84410BFF305
:106200005F8F00B962B6DAF80000814203D0002146
:1062100089F80010B1E7CDE90813FCF7CBFA08992B
:10622000099B0122401AB0F5FA7FF0D958E70134F2
:106230005436042CB5D100232B7062E6DC0200201A
:10624000F802002006030020EC020020CC0200200F
:10625000080300200C4B1B781D2B13D10B4B042281
:10626000D87D80B1D96969B9013A03F15403F7D1F6
:10627000074B01221A70074AD2F890300133C2F856
:10628000903070470020704707030020080300206B
:10629000F00200201008002008B50020FFF7BAF82F
:1062A0000A490422012303B1CB7D013A01F15401D3
:1062B000F9D1074A1278222A07D0002BBDE80840FE
:1062C00014BF1D200020FFF7F1B808BD080300200F
:1062D0000703002008B50020FFF79CF8054B0F22AC
:1062E00001201A7002F0AAF92220BDE80840FFF749
:1062F000DDB800BF8904002010B50120FFF78AF83F
:106300000022154B1446013283F8484083F8494077
:10631000042ADC751C76C3E9074403F15403F2D167
:106320000E4B102200210E481C700E4B1C7003F007
:1063300053F80D4B102200210C481C6003F04CF860
:10634000102200210A4803F047F80A4B01201C7074
:10635000FFF7ACF8012010BD0803002089040020DD
:106360007804002088040020EC020020DC020020D9
:10637000CC0200200603002008B5FFF7BDFF012076
:1063800008BD0000B0EEC07ADFED197A08B5B4EEB2
:10639000677AF1EE10FA28D8B0EEE07AB4EE677AB8
:1063A000F1EE10FA21D8B5EEC00AF1EE10FA1CD9C0
:1063B000F7EE007AB4EEE70AF1EE10FA15DCF5EE2E
:1063C000C00AF1EE10FA10D9F0EE007AF4EEE70A06
:1063D000F1EE10FA09DC074B83ED000A064BC3ED22
:1063E000000AFFF789FF012008BD0020FCE700BF7D
:1063F000FFFF7F7F1400002010000020044B18785E
:1064000028B1044B1878A0F1210358425841704735
:10641000F102002007030020014B1878704700BFED
:106420000703002003460846032B10B50FD869B1B7
:10643000EFF3108472B65422064902FB031102F0F6
:10644000FFFFBFF35F8F04B962B6012010BD0020CB
:10645000FCE700BF080300202DE9F04389B08DED73
:10646000000ACDED010A8DED021ACDED031AFFF7FA
:10647000C5FF70B11E4C04A9E84600262546DFED95
:106480001D5AE369F7B243B11B4B12201F70FFF78F
:106490004FF8002009B0BDE8F083B8EC010A384697
:1064A0008946FEF711FF0028EED0D9ED007A0431BD
:1064B00094ED107A77EEC77AF0EEE77AF4EEE57AAB
:1064C000F1EE10FA03DD0C4B13201F70DFE70136ED
:1064D0005434042ED5D1049B2B64059BC5F894300D
:1064E000069BC5F8E830079BC5F83C31D2E700BFF2
:1064F000080300205839343C060300200020704770
:1065000010B504462DED048BF0EE608A002864D0AF
:10651000F0EEC07A9FED327AF4EE477AF1EE10FA9F
:106520005BD8B0EEE08AB4EE478AF1EE10FA54D8A8
:106530009FED2C9AF0EE490A02F042FCB5EEC00A3B
:10654000DFED297ADFED270AF1EE10FA48BF30EED1
:10655000090AB4EE490AF1EE10FA27FE800ADFEDCF
:10656000237A84ED000A30EE670AB1EE400A02F0A9
:1065700027FCB5EEC00ADFED1E7AF1EE10FA48BF37
:1065800030EE090AB4EEE70AF1EE10FA17D8F5EE8C
:10659000408ADFED157A0123F1EE10FA07FE888AB2
:1065A000DFED147A012084ED010A20EE270A23731F
:1065B00084ED048A84ED020ABDEC048B10BDF5EE77
:1065C000408A4FF0FF3330EE670AF1EE10FA14BF45
:1065D000B1EE488A9FED048AE2E70020ECE700BFB5
:1065E000FFFF7F7F0000B443000000000000B442C2
:1065F0000000344335FA8E3C08B5F0EE401AB0EE98
:10660000401AF0EE400A2DED028BB0EE408A01F008
:1066100009F840B1054B83ED178A83ED188A83EDA5
:10662000198A83ED1A8ABDEC028B08BD9404002000
:1066300010B50446FFF7F0FE062C14D0052C10D040
:10664000222810D01C2810D9A0F11D03DBB2032B87
:106650000DD9631E022B0CD9042C0CBF062004207C
:1066600010BD0720FCE70820FAE70320F8E7022026
:10667000F6E70520F4E7000038B5084B0446084D5E
:1066800018702870FCF796F8A8672046FFF7D0FF2F
:10669000A96FBDE8384001F0CFBF00BF2C05002036
:1066A00094040020012870B504460D4640EA0126F6
:1066B00006D1032904D8084601F010F846EA00463E
:1066C00000F0DAFCFFF7E8FD00220C4B06201A7000
:1066D0000B4BDC6783F88050FFF7CEFF012C14BF13
:1066E0000120022001F0AAFF012C314614BF0A202C
:1066F0000920BDE8704002F005B900BF90040020F9
:106700009404002010B5142200210B48002402F04C
:1067100063FE84220021094802F05EFE084B1C70D3
:10672000084B1C70084B1C7000F094FB2046BDE821
:106730001040FFF7A1BF00BF1805002094040020FF
:1067400091040020900400208B040020F0B5494FF4
:106750002DED028B87B0F0EE408AB0EE608AFCF738
:1067600029F83B780446062B05D10025284607B0BA
:10677000BDEC028BF0BDFFF7C1FE0028F5D0F0EEB6
:10678000C87A9FED3D7AF4EEC77AF1EE10FA52DA4C
:10679000F0EE480A01A8B0EE680AFFF7B1FE054620
:1067A0000028E2D0DFF8ECE0344E9EF800209DF99E
:1067B00010C0DDED016A324B9DED037A9DED050AB7
:1067C000C6ED018A86ED038A7467CAB393F90C207B
:1067D000624535D1D3ED007A9FED2A6A76EEE77AED
:1067E000F0EEE77AF4EEC67AF1EE10FAC4BF9FED50
:1067F000266A76EE677AB6EE006AF4EEC67AF1EEB5
:1068000010FA1DD5D3ED027A9FED206A77EE677AF4
:10681000F0EEE77AF4EEC67AF1EE10FA10D53A7897
:1068200072B1042A83ED040A86ED040A9ED1FFF7B3
:10683000E3FE05469AE700F0D7FE0028A8D194E7CA
:1068400001AC0F4FC6ED026A86ED040A86ED057AAB
:1068500086F858C00FCC0FC7236801243B600C4B4F
:106860008EF800401C7000F071FB2046FFF704FF1B
:106870007CE700BF2C0500206F12833A94040020AF
:1068800018050020000034430000B44336FA0E3CE3
:1068900090040020910400202DE9F04F2DED028B93
:1068A00097B00024FBF786FF054600F051FD274610
:1068B000FEF7BEFC284601F0BBFEFFF7ADFD1C282D
:1068C000064694BF4FF000084FF0010801A9E0B25E
:1068D000FFF7A8FD38B10FB99DF81C70B8F1000F93
:1068E00001D09DF81B800134042CEFD1FFF786FD09
:1068F000A6F12201024638464B428D4F4B4141469C
:1069000001F09EFE3878FFF793FE294601F094FED1
:106910003B78062B00F0D880FEF7B6FC064628B17F
:10692000072001F08AFE0021012011E0FFF774FD2D
:1069300022281AD17F4B1A78012AD3B20FD0022B0A
:106940000FD0032B0FD0042B14BFFF2103210220F3
:1069500017B0BDEC028BBDE8F04FFFF7A3BE314688
:10696000F5E70121F3E70221F1E700F099FB044686
:1069700050B9E5B2284600F0B1FE18B90134042C34
:10698000F7D1FF252946CFE700F0B8FE3B78DFF8C6
:10699000C881013B88F87100DAB2022A16D8D8F80B
:1069A0007420AA1AB2F5967F10D300F0CFFA624B8A
:1069B0001E70624B1E70624A0520D36B0133D36395
:1069C00001F03BFE01F04AFE052024E0032B7BD8BA
:1069D000DFE803F002282AA000F0B8FA00F08EFEEB
:1069E000002871D0FFF70AFD00286DD0554BD3ED7C
:1069F000021AB0EE611AF0EE610AB0EE610AFFF71A
:106A00002BFD10B94B4B1978A1E700234A4A02200D
:106A100013704A4A137017B0BDEC028BBDE8F04FFB
:106A2000FFF72ABE0320F6E7434B1E781EB100F0A5
:106A30008DFA0120EFE7444F9FED448A07F1530997
:106A4000CA465FFA86FB01A95846FFF7EBFC90B9EE
:106A500088F880B0394B002141F287321970D8F89C
:106A60007830EB1A93422FD919F8013F002B4CD103
:106A7000C9B203206CE79DED117A0136DDED0B7A8A
:106A8000A7EC017AC7ED037A77EEC77A0C9BC7EDC6
:106A9000077AF0EEE77AFB62F4EEC87AF1EE10FACC
:106AA00094BF01230023042E04EA03040AF8013FE3
:106AB000C7D188F87040002CCCD0204A244B1178E4
:106AC00039B901211D60117017B0BDEC028BBDE812
:106AD000F08F1B68EB1AC72BF6D91A4BDFED1D7A26
:106AE00093ED040AB0EEC07AB4EEE77AF1EE10FA54
:106AF00003D500F02BFA00208DE7FFF77DFD01465E
:106B000000283FF411AF304685E701310429ABD1AD
:106B10000021AEE7084B1B78002B88D1D8F87430E1
:106B2000ED1AB5F5967FCFD300F010FA43E700BF1A
:106B30002C05002088040020900400208B040020F5
:106B40001008002018050020AC0400208FC2F53C7E
:106B50008C0400206F12833A9404002008B500F0E2
:106B6000F5F9064B00201870054B1B78062B03D057
:106B7000BDE80840FFF780BD08BD00BF90040020BD
:106B80002C050020B0EEC07ADFED1E7A08B5B4EE19
:106B9000677A2DED048BF1EE10FAF0EE408AB0EE3C
:106BA000608A2DD8B0EEE07AB4EE677AF1EE10FA92
:106BB00026D820EEA00AA8EEA80A02F025F9DFEDFB
:106BC000127AB0EE409AB4EEE70AF1EE10FA05D56B
:106BD000FFF7C4FF0120BDEC048B08BDF0EE680A8E
:106BE000B0EE480A02F0EAF8F0EE490ADFED077A63
:106BF000BDEC048B20EE270ABDE80840FFF7A6BDD8
:106C00000020E8E7FFFF7F7F6F12833AE02E6542A6
:106C100010B500F031FAFFF75DFB144A144B002069
:106C2000147814491870012C4FF00203E2B2CB67BC
:106C300017D09A4217D0032A03D0042A14BFFF2387
:106C4000032381F88030FBF7B5FD0146092001F0F0
:106C5000F3FC0620FFF710FD0120BDE8104001F015
:106C6000EDBC0346EDE70123EBE700BF88040020FD
:106C70009004002094040020024B1878031F58420F
:106C8000584170472C050020014B1878704700BF11
:106C90002C05002010B550B1EFF3108472B6842299
:106CA000044902F0CDFBBFF35F8F0CB1012010BD92
:106CB00062B6FBE794040020B0F5006F10B54FF00A
:106CC00000040DD273B118800520D970110E987090
:106CD00001201971110C52BA9C605971DA8010BDF3
:106CE0002046FCE71846FAE7B0F5006F4FF00003C6
:106CF00008D249B1C1F80330C1F80730CB72012383
:106D000008808B701846704708467047B0F5006FD2
:106D100010B5044612D28AB108290FD840F2B31335
:106D2000CB4013F0010008D0002314801171C2F889
:106D30000530936040F60273538010BD0020FCE7DD
:106D4000B0F5006F4FF0000310B50BD262B149BA35
:106D5000C2F80630538140F20313108001205380A3
:106D6000918010BD1846FCE71046FAE713460A4624
:106D70000221FFF7A1BF13460A1E02DB0A21FFF71B
:106D80009BBF0020704713460A1E02DB1021FFF74D
:106D900093BF00207047000010B508B9002010BD57
:106DA0000029FBD00288B2F5006FF7D28378012B5F
:106DB000F4D9C4780F2CF1D104790A808C70082C96
:106DC000ECD801A252F824F0ED6D0008FF6D000828
:106DD0009D6D00089D6D00080B6E00080B6E00088D
:106DE0009D6D00080B6E0008FF6D0008042BD5D1C7
:106DF000B0F805305BBA9BB201204B60CFE7062BA1
:106E0000CCD1D0F805301BBAF6E7042BC6D1B0F8C8
:106E10000520042C52BA93B2EED013B2ECE700BFB7
:106E200010B50346094C30B101469A7831F8030B8E
:106E3000FEF7E8F840B9064A0020136801331360F2
:106E400023680133236010BD0023FBE714060020F4
:106E50001806002010B510220021244802F0BCFAC8
:106E600010220021224802F0B7FA10220021214806
:106E700002F0B2FAC02200211F4802F0ADFA1F4B07
:106E80001A784AB91E4A4FF4B671116040F22221B5
:106E90001C4A116001221A7001241B4B00210F2291
:106EA0001C701A4B1A4819701A4B19701A4B19702A
:106EB0001A4B1A7010221A4B19701A4B19701A4B70
:106EC00019601A4B19601A4B19601A4B19601A4B4A
:106ED00019601A4B19601A4B19701A4B19701A4B1A
:106EE000197002F079FA204610BD00BF500600204C
:106EF0004006002030060020300500200806002053
:106F0000100600200C0600202E0600202D06002072
:106F1000F00500202C0600202B0600202A06002069
:106F20002906002028060020240600202006002034
:106F30001C0600201806002014060020040600206D
:106F400002060020010600200006002008B5FBF71D
:106F500031FC9FED1D7A1D4B0422F0EE476AD3ED04
:106F6000007AE3EC016AF0EEE77AF4EEC77AF1EE2C
:106F700010FA37FE877A013AF1D1B5EEC07AF1EE18
:106F800010FA1CDD124B64309FED126AD3ED007ACB
:106F90001149F8EEE77AC7EE866AF0EEE66AC7EEC8
:106FA000267A9FED0E7A67EE877AFAFE677AFCEE14
:106FB000E77A17EE903A03440B60094B1A60094BCD
:106FC0000F221A7008BD00BF00000000500600200C
:106FD0000C0600203D5DE3442006002000007A44BA
:106FE0001C0600202A06002038B50C4B04461D78EC
:106FF0007DB1431EB3F57A7F0DD2FFF7A7FF084B93
:1070000001221C60074B1A700023074A1370074ABD
:107010001360284638BD0025FBE700BF2E06002080
:10702000100600202C0600202B060020240600203D
:1070300038B50C4B04461D7885B1421E40F2DB5337
:107040009A420DD8FFF782FF074B02221C60074BC4
:107050001A700023064A1370064A1360284638BD8A
:107060000025FBE72E0600200C0600202C06002041
:107070002B0600202406002008B5FFF767FF054B0C
:1070800001221A700F22044B1A700022034B1A605F
:1070900008BD00BF2D060020290600202406002080
:1070A0000E4B1B7830B5A3B10D4A107898B90D4A34
:1070B0001268022A0ED80C4A0C491578024651F87B
:1070C000044B14F07C0F05D105B11CB90132042A20
:1070D000F5D1184630BD0020FCE700BF2E06002089
:1070E0002D0600201406002000060020F0050020D8
:1070F000424B1B7870B586B0002B61D000295FD061
:10710000082A5DD805282CD006282CD007282CD09A
:10711000082855D103240023ADF80C000DF10F0011
:107120008DF80E20CDF80F30CDF813308DF81730D4
:1071300002F086F901A903A8FFF72EFE00283FD030
:10714000FBF738FB2E4A302303FB042148609DF8EF
:10715000061007290ED8DFE801F00A1E0D0D2226C1
:107160000D2A0024D7E70124D5E70224D3E703FB47
:10717000042398603023012003FB04F5884056590E
:107180003043505108291BD8DFE801F0151C1A1AAA
:1071900021271A2D330003FB0423D860EAE703FB01
:1071A00004231861E6E703FB04235861E2E703FBCD
:1071B00004239861DEE7BDF8081003FB04239983DC
:1071C00006B070BD03FB0423029A1A62F8E7BDF80B
:1071D000081003FB04239984F2E7BDF9081003FBB0
:1071E0000423D984ECE7BDF9081003FB04231985B7
:1071F000E6E703FB0422029BD362E1E72E060020B0
:1072000030050020032870B50C4616D8B9B1EFF34D
:10721000108672B630230B4D03FB00550FCD0FC403
:107220000FCD0FC495E80F0084E80F00BFF35F8F08
:107230000EB1012070BD62B6FBE70020FAE70846F8
:10724000F8E700BF300500202DE9F04106468CB07C
:107250003C4F0124002540F2DC586946E8B2FFF7B4
:10726000D1FF00286BD000990020DFF8E0C001F0CA
:10727000B303B33B18BF01231CF8012B21FA02FE14
:107280001EF0010F0ED0072A57D8DFE802F0044E97
:10729000565650525654029AB21AB2F5C87F88BF59
:1072A00043F0020301300528E6D1BDF81C200AB1E5
:1072B00043F0040388060AD5BDF92620002AB8BF8A
:1072C000524292B2B2F5487F88BF43F008030A06E3
:1072D00005D5BDF92820542AC8BF43F01003C806BD
:1072E00007D5BDF82420123A92B20C2A88BF43F089
:1072F00020038A0707D5089A002AB8BF52424245A0
:1073000001DD43F0400347F8043B14B1B3FA83F4C2
:1073100064090135042DA0D10B4A1378234303F0EF
:10732000010313700CB0BDE8F081039AB4E7049A2E
:10733000B2E7059AB0E7069AAEE70022ACE7012370
:10734000E1E700BFF005002000060020749F000860
:107350002DE9F04385B0FBF72DFA0446FFF774FFE3
:107360008B4B1B7843B38B4A1368E31A002B23DB48
:10737000A31C1360884B1B780BB3884E0123884DE8
:1073800034782A7804F00304A3401342DFB213D008
:10739000844B01AA002133F81400FFF7D1FC58B147
:1073A00001A8FFF73DFD38B12B78013423EA07032C
:1073B00004F003042B70347005B0BDE8F0837A4EFE
:1073C0003278042A3AD0794D764B297833F8110077
:1073D000032AF1D8DFE802F0021D232901A9FFF7F3
:1073E00083FC0028E8D001A8FFF71AFD0028E3D0AD
:1073F00032782B78F2B96E4941F823400133DBB281
:10740000032B85BF002301322B702B7088BF327095
:10741000D2E7684B01AA1968FFF7ADFCE1E7664BBC
:1074200001AA1968FFF7AFFCDBE701AA0021FFF70B
:107430009DFCD6E7032AE1D16049DDE7574E5C4F5A
:107440003178CD1805F0030557F82520A21A632AD4
:1074500013D9544B01A933F81500FFF745FC002858
:10746000AAD001A8FFF7DCFC0028A5D047F82540EA
:10747000013505F0030535709EE70133042BE0D19B
:10748000DFF85C8100234FF0010CDFF830E198F861
:107490000000CD1805F003050CFA05F75FFA87F92F
:1074A000074004D15EF82520A21A312A38D93D4B75
:1074B000DFED437A33F81570424B03EB850393ED10
:1074C000000A20EE270ADFED407AB4EEE70AF1EE7B
:1074D00010FA20DADFED3D7AB4EEE70AF1EE10FAA9
:1074E0001CD901F0B3FC014601AA3846FFF73EFC67
:1074F00000283FF461AF01A8FFF792FC00283FF499
:107500005BAF98F8003023EA090388F800302B4B72
:1075100043F82540ACE743F27001E5E72C49E3E787
:107520000133042BB5D12B4D2B68E31A002BFFF64A
:1075300043AF294E01AADFF8AC803378274998F889
:107540000000C95C174B33F81000FFF7DFFB002881
:107550003FF432AF01A8FFF763FC00283FF42CAFE3
:1075600098F800300133DBB2032B04D888F80030E0
:1075700005342C6020E73378052288F80070013349
:10758000B3FBF2F202EB82029B1A3370F0E700BF0A
:107590002E060020240600202D06002028060020AC
:1075A000290600207A9F00082C0600202B060020C8
:1075B00040060020100600200C06002030060020A7
:1075C0003D5DE3445006002000C0414600C041C676
:1075D00090CFFFFF0406002001060020749F0008E2
:1075E0002A0600200206002038B50B4B1D7885B115
:1075F0000A4B1C786CB9FBF7DDF8FFF725FE084A4B
:10760000234652F8041B21B90133042BF9D1284633
:1076100038BD0025FBE700BF2E0600202D06002008
:10762000F0050020274B30B51D7885B08DED000AA0
:10763000CDED010A8DED021ACDED031A1DB900251D
:10764000284605B030BD204B1B78002BF7D1F6EE55
:10765000006A6C466A4604239FED1C7AF2EC017ABC
:10766000F0EEE77AF4EE477AF1EE10FAE7D8F4EEAE
:10767000E67AF1EE10FAE2DC013BEFD1FFF7B4FF5E
:1076800098B1134A04239FED137AF4EC017AF5EED6
:10769000407AF1EE10FA47FE277A013BE2EC017ADC
:1076A000F3D10D4B0F221A70CAE722460423F2ECE5
:1076B000017AF5EE407AF1EE10FAC0D1013BF6D135
:1076C000DFE700BF2E0600202D060020FFFF7F7F92
:1076D00050060020000000002A060020032810B5F4
:1076E000044607D8FBF766F8FFF7AEFD024B53F8E8
:1076F000240010BD0120FCE7F005002070B58CB01F
:107700000426FBF757F8204B04469FED207AF3EC54
:10771000017AF0EEE77AF4EEC77AF1EE10FA25DCA2
:10772000013EF4D101256946F0B2FFF76BFD38B197
:10773000009B9B0704D5039BE31AB3F5C87F08D9C8
:10774000134B1B7893B9134B1868201AC043C00F12
:1077500017E02DB1089D1E353C2D8CBF002501255D
:107760000136042EDFD10C4A15B91560002008E05F
:1077700013680BB923461460E31A632B94BF0020EF
:1077800001200CB070BD00BF5006002017B7D138E3
:1077900000060020200600201C06002000B58DB049
:1077A0006946FFF72FFD38B1009B2BB1FBF702F8BC
:1077B000019BC01A0DB000BD4FF0FF30FAE7436ADD
:1077C0003BB1034413F8013CAA2B0ABF037000230A
:1077D00001234362C36B0133C363704730B500B903
:1077E00039B90346014441F221044FF6FF708B4240
:1077F00000D130BD13F8012B80EA0220082205B227
:107800004000002D80B2B8BF6040013AF7D1EEE7EA
:1078100018B14022002101F0DFBD70472DE9F04191
:107820001546044638B132B1436A3BB9AA2902D1A0
:107830000123017063620020BDE8F081012B10D1AB
:10784000552902D102234170F4E7AA29F3D000237D
:107850004362036B01330363C36B0133C3630220D1
:10786000EAE75E1C032E4662C15490F802800BD1F9
:1078700008F1FF38B8F1010FDDD9836B0133836361
:10788000FFF79DFF3046D7E7B8F1020F14BF0C2772
:107890001027BE42CFD33A4601461030BE1E01F03B
:1078A000CFFDA36A27622744013331462046A362F5
:1078B000FFF794FF17F8012CA35D43EA02238342EC
:1078C00007D0636B204601336363FFF778FF042022
:1078D000B2E7E378B8F1010F05F10A0185F80780F6
:1078E000AB714FF000032B81C5F80A30C5F80E309C
:1078F0000DD1A3882B80E3886B80B4F90830AB806E
:107900000120E36A0133E3620023636294E7E278D3
:107910002A722279AA716279082A6A7203D92046EA
:10792000FFF74DFF9BE7D4F80620C5F80A20D4F8EE
:107930000A204A602B806B80E1E7000010B5064BFF
:107940000024102205481C702146054B1C7001F0D4
:1079500043FD044B1C8010BD7D0600206C060020FA
:107960007C06002068060020034B186818B101222D
:107970000249FCF72BBD704700080020FE070020DD
:107980002DE9F0415D4EA2B05D4B35781B78013595
:107990005C4C05F00305AB4207D1636C01336364B3
:1079A00022B0BDE8F041FFF7C9BFA36E8DF800001B
:1079B0008DF80230E36F8DF801108DF80330A36F5E
:1079C000D4F88000ADF80430D4F88430D4F88810AE
:1079D000D4F88C200039D4F8E07018BF0121003BA6
:1079E00018BF01235B0043EA8103002818BF43F05E
:1079F0000103003AD4F8E40018BF0122003F43EA33
:107A0000C20318BF01278DF8063050B1FAF7D2FE35
:107A1000D4F8DC30C01AB0F5FA7F8CBF002001200A
:107A20004000D4F8B0304FF40048D4F8B420003A05
:107A300018BF0122003B18BF01239B0043EAC20389
:107A40001F43236AADF808303843D4F894300DF161
:107A500012078DF80700ADF80A30D4F8A0300024E2
:107A6000ADF80C30FAF7A6FE04900DA9E0B227F8A5
:107A7000028FFEF7D7FCE0B19DF84B30CBB1DFEDC4
:107A8000227A9DED177A27EE277ADFED207AB4EE81
:107A9000E77AF1EE10FA07DCDFED1D7AF4EEC77A33
:107AA000F1EE10FA77FE877AFDEEE77A17EE903A5C
:107AB0003B800134042CD8D1164B08AC1B788DF8D0
:107AC0001C30154B1B788DF81D30144B0FCB84E800
:107AD0000F00134B3421327868461B88ADF83030E4
:107AE000104B01FB023100F0F3FDFFF727FFBFF35E
:107AF0005F8F357022B0BDE8F08100BF8C0600209A
:107B00008B0600201008002000007A4400FEFF468B
:107B1000000000C77D0600207C0600206C060020C7
:107B2000680600208D0600202DE9F0430446B7B01A
:107B3000FEF772FC974A237A05461370013B312BFE
:107B400000F20382DFE813F032007E009B00A80001
:107B5000BD00E2000901340101020102010201023B
:107B600001020102010279019001BD01EF01F6015C
:107B700006024701F60121024D0101020102010244
:107B80000102010201023902410249026302670255
:107B90006D02010201020102010201020102010261
:107BA000010201020102BA02C102CC02637A002B77
:107BB00040F0CB81784B0822784D15A81A70784B8D
:107BC0001B782B60774B1B786B60774B1C78E4B28B
:107BD000FFF760F860B19DF8D4309DF854201B0683
:107BE00043EA02231C43349B1B0403F47F031C431E
:107BF0000026AC6034466946E0B2FEF713FCC8B11B
:107C00009DF818309DF81720DB0043EA82039DF8A9
:107C1000242002F0030213439DF8162043EA0213C6
:107C2000079A003A18BF012243EA4213E200DBB28E
:107C300093401E430134042CDDD1EE605B4B0F22D8
:107C40001A804DE0647A002C40F07F8115A800F086
:107C5000B1FF002800F079814F4B0A221A70159A63
:107C60004E4B1A60169A5A60179A9A60189ADA6000
:107C70000F224E4B1A80204637B0BDE8F083647A5D
:107C8000002C40F0628115A800F0A8FF002800F049
:107C90005C81414B0B22E1E7637A002B40F0558178
:107CA0003D4B0C223D4C1A7000F0FFFF206000F0AD
:107CB000FFFF606001F000F8A06000F0F3FFE060FB
:107CC000BCE7637A012B40F04081A37A012B00F2DC
:107CD0003C8115A800F09AFF2F4B0D221A7008B9AD
:107CE0000024C8E7A27A2D4B42B9159A1A60169A59
:107CF0005A60179A9A60189ADA609FE7199A1A6080
:107D00001A9A5A601B9A9A601C9AF5E7637A012BBB
:107D100040F01B81A37A012B00F2178115A800F017
:107D200075FF1D4B0E221A700028D9D0A27A1B4B6A
:107D300052B91F9A22991A60209A5A60219A9A6021
:107D40000F22D960194B7BE7239A00211A601D9AF4
:107D50005A601E9A9A600722F3E7637A012B40F07B
:107D6000F48000230F256A4615A900930A4BA07AD8
:107D70001D7000F06DFF0028B2D0084B159A1A60F4
:107D8000169A5A60179A9A60009ADA60074B1D801B
:107D9000A6E700BF7D0600207C0600206C060020C0
:107DA0008A0400208904002088040020680600203E
:107DB000647A002C40F0C980A84B10221A7000F0A1
:107DC0007FFFA74B40F622321860DC60C3E9012434
:107DD000A44B032234E7647A003C18BF0124A400BA
:107DE00049E7647A002C40F0B080FAF7E3FC9C4D40
:107DF0000746DFF87C92FEF70FFBDFF86882974BAF
:107E0000092206461A70222E0ED159F824302B6012
:107E10000123B8F800200435A34001341343042C97
:107E2000A8F80030EFD15BE715A9E0B2FEF7FAFA47
:107E30000028EDD0269BFB1AE9E7637A002B40F07F
:107E40008480FEF7DBFA00287FF44AAF1D2D04D0B2
:107E5000222D14BF062407240DE7FEF7FBF90028A6
:107E600000F06081092406E7637A022B05D0FEF753
:107E7000C5FAC0F10504E4B2FDE6FEF7BFFA00283A
:107E8000F5D06489FEF7F8FE10B1FEF767FEE9E76A
:107E9000FFF734FC0028F8D024B29FED737A07EE88
:107EA000904AF8EEE77AC7EE871AB0EE611AF0EE64
:107EB000610AB0EE610AFEF7CFFA80F00104A40077
:107EC000D9E7637A082BD2D1FEF798FA0028CED0F2
:107ED000FEF7D2FE0028D8D1FFF710FC0028D4D03E
:107EE000B4F91030DFED607A01EE903AB4F90E305B
:107EF00001EE103AB4F90C30F8EEE11A00EE903AC7
:107F0000B4F90A30B8EEC11A00EE103AF8EEE00A01
:107F1000C1EEA71AB8EEC00A81EE271AC0EEA70A72
:107F200080EE270AC7E7637A7BB9FEF717FEFEF7F4
:107F3000B3F9D5E6637A43B9FEF710FE237A172B1F
:107F400005D1FEF719FA00288CD1042493E6FEF738
:107F5000D3F9F8E7657A012DF7D1A47A032CF4D888
:107F600015A92046FEF75EFA68B19DF8693053B155
:107F70003A4BDDF861201D70394B1A60DDF8652041
:107F8000C3E9012424E7062475E6637A042BDCD1D7
:107F9000FEF7E4FDA389DFED347A00EE903A6389C1
:107FA00000EE103AF8EE600AB8EE400AC0EEA70AFA
:107FB00080EE270AFEF7E6F9C5E7637A042BC4D101
:107FC000D4F80A00FFF710F877E7637A042BBCD1E6
:107FD000D4F80A00FFF72CF86FE7637A082BB4D1C6
:107FE000E37A627BA17A1A43E37B1A43637C1A43E8
:107FF000237B0B43A17B0B43217C0B4353EA0223DE
:1080000002D1FEF7A3FF6BE6FEF7A8FD9DE7637ABA
:10801000002BF6D099E7637A002B96D1FFF72CF866
:108020005EE6637A012B90D1A47A082C8DD80F4B91
:1080300000270B4E1A5D0B4D084B1A705FFA87F83C
:1080400015A94046FFF7DEF8E0B1631E072B11D8F3
:10805000DFE803F01C1F212426292D317C06002097
:108060006C0600206806002000007A44829F000809
:1080700078040020159801232A8846F82700BB4081
:1080800013432B800137042FD8D129E6BDF87000A7
:10809000F1E71D98EFE7BDF97A00ECE72098EAE7F1
:1080A000BDF97C00E7E74046FFF778FBE3E7404691
:1080B000FFF714FBDFE7BDF87800DCE7637A002BFD
:1080C0007FF443AFFEF7A4FD0AE6637A002B7FF44A
:1080D0003CAF00F0B4FAFEF70FF9FEF713FBC1E670
:1080E000667A042E7FF431AF32460F4904F10A005C
:1080F00001F062F9054600287FF427AFFEF788FDFE
:10810000A179304600F0FEFBA279084B0E241A70CC
:10811000FAF750FB064B01221860064B1D70064B08
:108120001A70A8E50524A6E58B9F000864060020C8
:1081300060060020650600206606002038B5002491
:10814000002838D01C4B1C221C4D21461C701C4B97
:1081500028601C481C7001F03FF9D02221461A48C3
:1081600001F03AF9194B1A4A1C701A4B1C701A4B41
:108170001C701A4B1C701A4B1C701A4BD96B116077
:10818000D3F89820184B1A60184B1C70184B1C70B1
:10819000184B1C70184B1C70184B1C60FFF7CEFB63
:1081A0001748FFF735FB012216492868FCF70EF93E
:1081B000B0FA80F0400938BDBD070020000800205B
:1081C000BC070020600700208D0600208C060020E0
:1081D000840600208B0600208A06002089060020E5
:1081E0008806002010080020800600207E0600205F
:1081F0006606002065060020640600206006002058
:108200007C070020FE070020154B1B6810B533B318
:10821000834224D1FAF7CEFA0146012000F009FA90
:10822000104A114913780978013303F03F0399424A
:108230000BD10E4AD3680133D3600D4A536B01331F
:108240005363BDE81040FFF78FBB11780948C9B2EE
:10825000047809484454BFF35F8F1370F1E710BDF1
:1082600000080020BD070020BC0700206007002098
:1082700010080020FE070020BE070020144B1B68DA
:1082800010B523B3834222D112480378FBB1124ABE
:10829000124B11781B78C9B273B13424104B04FB14
:1082A000013310491C7909788C4205D19B7F322B10
:1082B00002D10D4B012119701378013303F0030330
:1082C00013700023094A0370136C0133136410BD4B
:1082D000000800208A0600208B0600206606002089
:1082E0008D0600206406002065060020100800208E
:1082F00008B5084B1B6863B183420AD1064A1020B7
:1083000013690133136100F099F9BDE80840FFF7E4
:108310002BBB08BD00080020600700202DE9F047B6
:10832000DFF8D08288B0A04EDFF8CC929F4D98F84D
:10833000002099F800309E4C9A426FD098F8003097
:1083400028469C4ADBB2D15C03AA98F8003001337E
:1083500003F03F0388F80030FFF760FAAB6A074686
:10836000E3612B6B63626B6BE362EB6BA3630028CF
:10837000DDD0022807D1012000F07AF90121307EFA
:10838000FFF7FEFAD0E78C4800F054F9042F0AD129
:10839000AB7C0320022B0CBF2C7DEC7C00F068F939
:1083A00003212046ECE7032F05D1042000F060F9FB
:1083B0000421E87CE4E7236A0133236200F044F9F6
:1083C0007E499DF812700B787D4A37762BB1137871
:1083D000BB4202D0236B013323634FF0010907EB4B
:1083E000090381F8009013709DF81330022B5CD1C3
:1083F000FAF7E0F900230090384619461A4600F0D3
:108400001AF99DF8127003A8FFF78EFB0146384653
:10841000FFF7B6FA6B4B1B78002B85D06B6B624E67
:10842000E16B7361684B1A68914205D0E26B0B21D6
:10843000307E1A60FFF7A4FA644BD4F898101A68DB
:10844000914206D0D4F898200C21307E1A60FFF7B4
:1084500097FA5F4B1A7842B9D4F8B0202AB10122BA
:108460000D21307E1A70FFF78BFA5A4C23788BB9A6
:10847000594B5A4A1978127891420BD01978342204
:10848000574B02FB0131574B1868FBF703F808B94B
:10849000012323704B4B1B78002B00F08180524B43
:1084A0001B78002B75D000F0EDF9BDF90C40BDF93B
:1084B0000E50BDF910A0FAF77DF92A462146534621
:1084C0000090384600F0B7F89DF81250FDF7A4FF71
:1084D0000446FCF7D9FE38B1072000F0AEF8FEF7ED
:1084E0003DFB0D2128464BE7222C06D1032000F04E
:1084F000A4F8FEF733FB0721F4E71C2C06D8022072
:1085000000F09BF8FEF72AFB0621EBE7FDF776FF6C
:1085100030B9484600F091F8FEF720FB0521E1E76D
:10852000BDF910404CB1736804200133736000F052
:1085300084F8FEF713FB0821D4E7BDF90E30DFED18
:108540002B7A00EE903ABDF90C3000EE103AF8EEBE
:10855000E00AB8EEC00AC0EEA70A80EE270AFEF7CE
:1085600011FB48B9B36806200133B36000F065F829
:10857000FEF7F4FA0421B5E733682046013333608F
:1085800000F05BF8FEF780FB042814BF09210A21E4
:10859000A8E7FAF70FF9164B1B68C01A632882D8B0
:1085A00008B0BDE8F08700BF600700207C0700200E
:1085B00010080020BE0700208C070020890600203C
:1085C0008806002066060020840600208006002021
:1085D0007E0600208A0600208B0600208C060020E4
:1085E0008D060020000800206506002000007A4467
:1085F00060060020BC070020BD0700204FF48072F9
:108600000021084808B500F0E7FE074A00230549A5
:10861000136053609360054A0A604FF480324A60E9
:108620008B6608BD1008002004080020424448431F
:108630007047704770477047704770477047704782
:108640007047704770477047034AD2F8F8300133DB
:10865000C2F8F830704700BF10080020034AD2F873
:10866000F8300133C2F8F830704700BF100800201E
:10867000044BC3F8FC00D3F8F8200132C3F8F8200B
:10868000704700BF10080020044BC3F8FC00D3F86B
:10869000F8200132C3F8F820704700BF100800200E
:1086A000044B4840C3F8FC00D3F8F8200132C3F86B
:1086B000F820704710080020044BC3F8FC00D3F8E2
:1086C000F8200132C3F8F820704700BF10080020DE
:1086D00010B50C46002800F08B80002900F089803E
:1086E000A5230B705A234B7003238B703423CB705C
:1086F00003780B7143784B7183788B71C378CB719E
:1087000083880B721B0A4B7283798B72C379CB728D
:1087100003890B731B0A4B7343898B731B0ACB733F
:1087200083890B741B0A4B7403691A0A8B74CA740D
:108730001A0C1B0E0A754B75B0F914308B75C3F308
:108740000723CB75B0F916300B76C3F307234B76AE
:10875000B0F918308B76C3F30723CB76B0F91A3013
:108760000B77C3F307234B77037F8B77437FCB775D
:10877000036A1A0A81F8203081F821201A0C1B0E96
:1087800081F8222081F82330436A1A0A81F82430C4
:1087900081F825201A0C1B0E81F8262081F827303D
:1087A000836A1A0A81F8283081F829201A0C1B0ED6
:1087B00081F82A2081F82B30C36A1A0A81F82C30FC
:1087C00081F82D201A0C1B0E81F82E2081F82F30F5
:1087D000038E204681F830301B0A81F83130322177
:1087E000FEF7FCFF84F83200000A84F83300012011
:1087F00010BD0846FCE7000038B5F9F7DBFF144B65
:10880000144A0546D3F8D010134C1160D3F8D02089
:1088100042F48032C3F8D0204CF6CC43236045F2BA
:108820005553236006236360F923A360E3685B0765
:1088300006D14AF6AA2301202360084B187038BDE0
:10884000F9F7B8FF401B6428F0D90020F7E700BF14
:108850000044025814090020004800581009002064
:10886000034B1B781BB1034B4AF6AA221A607047D0
:108870001009002000480058014B1868704700BFDD
:108880001409002072B6BFF34F8FBFF34F8F054915
:10889000054BCA6802F4E0621343CB60BFF34F8F0D
:1088A00000BFFDE700ED00E00400FA054FF0625361
:1088B0000A480B490B4A10B513F8014B604093422C
:1088C00001FB00F0F8D1084B0549084A13F8014BA9
:1088D0006040934201FB00F0F8D110BDC59D1C81A2
:1088E00093010001080080380C008038E0018038D6
:1088F00008B5FFF7DBFF4FF062539860BFF34F8F6F
:1089000008BD0000F8B5104B07460E461B78D3B1E2
:108910004FF062552C6AF9F74DFF0C2304F01F0449
:10892000634301342B4404F01F0418665F669E669F
:108930002C62EB69013302D0EB690133EB61BDE8D6
:10894000F840FFF7D5BFF8BD310900207FB53A4B9D
:1089500000250446CDE90255D3F8E02042F08052CC
:10896000C3F8E020D3F8E03003F080530193019B7B
:10897000F9F72EFEF9F7A6FE00285BD14FF06253FF
:108980002E4D1A68AA4212D04FF0625300212C4A91
:1089900043F8041B9342FBD14FF0625301221D6048
:1089A0009A804FF4F072DA80FFF7A2FF0DE09A8808
:1089B00092B2012AE8D1DA8892B2B2F5F07FE3D11F
:1089C0009E68FFF773FF8642DED11E4B012214F032
:1089D00080661A704FF06253DA6802F10102DA60C1
:1089E0001C6102D05A6901325A61FFF781FF0023EE
:1089F000C02202A8144DCDE90223F9F7F1FDF9F7E1
:108A000035FE124B214601205B68C3F300132B7027
:108A1000FFF778FF1EB121460220FFF773FF2B7886
:108A200013B9012004B070BD40F622310520FFF7D4
:108A300069FFF6E72846F5E70044025848544C48D9
:108A4000E001803831090020300900200048025838
:108A5000EFF30883124A934228BF1346114A02F1EA
:108A6000800199421AD2803B11464FF0A5308B42CB
:108A700011D89B1A0C4A13600C4AD2F8FC3043F010
:108A80008073C2F8FC300022094B5A601A6842F029
:108A900001021A60704741F8040BE8E71346E8E763
:108AA0000000022000F001201809002000ED00E085
:108AB000001000E0024B5A68024B1A60704700BF7A
:108AC000001000E02C090020154A16491268164BC8
:108AD0008A4216485B6889BF1549002309685B1AFA
:108AE00082BF1449B2FBF1F2B3FBF2F3124A10B5A4
:108AF0001360124A124C11689942216838BF136002
:108B000019B903600131216008E00268C2EB02126A
:108B10001A444B1C4FEA12120260F3D110BD00BF81
:108B2000040000203F420F00001000E02009002058
:108B30002C09002040420F002809002024090020B1
:108B40001C090020144B002214495B6870B4C3F365
:108B5000001503F01004124E2B46B14213D31149F5
:108B6000086808B1904200D90A600F4A117899420A
:108B700010D0002C157040F622310CBF06200520C5
:108B800070BCFFF7BFBE51F8040BB0F1A53FE6D1B2
:108B90000432E2E770BC70470048025800F0012040
:108BA000000002201809002030090020014607209B
:108BB000FFF7A8BE034668B1074A107850B14FF0DE
:108BC0006252D1681960116959605169996092695E
:108BD000DA607047704700BF3109002060B1074B71
:108BE0001B680360064B1B684360064B1B68836071
:108BF000054B1B68C3600120704700BF2809002097
:108C0000240900202009002018090020034630B55F
:108C1000B0B10C4A107898B10B4C0C4D2246083379
:108C200003CAAA4243F8080C43F8041C1446F5D1C1
:108C3000106818604FF062539869003818BF01201F
:108C400030BD00BF31090020240080385C0080382E
:108C500030B50C4611B90025284630BD104B1D78A3
:108C6000002DF8D04FF06251CB69202B28BF202374
:108C70000AB1C96911609842EDD24FF062530C22DB
:108C80001B6A1F331B1A03F01F03534303F1625384
:108C9000603303CB206061601868A060DCE700BF30
:108CA0003109002041F23F0070474FF48030704797
:108CB00000487047857EE97000487047FBD842AF96
:108CC000014B1878704700BF3009002008B5324BBF
:108CD00014461B78002B3CD0B0F1005F16D300F196
:108CE00020032E4A934244D9B0F1105F0ED32C4A90
:108CF00093423ED9B0F1405F08D32A4A934238D913
:108D0000B0F1605F02D3284A934232D94FF06253E8
:108D1000002058629862D862186358639863D863D9
:108D200018644FF06253214859649C64826ADA6483
:108D3000C26A1A65426B5A65826B9A65C26BDA65C4
:108D40009A6901329A61FFF7D3FD21460320FFF7AC
:108D5000D9FD72B6BFF34F8FBFF34F8F1349144B3A
:108D6000CA6802F4E0621343CB60BFF34F8F00BFC9
:108D7000FDE702684FF062535A6242689A62826865
:108D8000DA62C2681A6302695A6342699A63826945
:108D9000DA63C2691A64C4E73109002000000220C6
:108DA00000000824008004300000013800ED00E0DD
:108DB0000400FA05704770477047000000F07EB865
:108DC00008B52DED028BF0EE408AB0EE608A00F01F
:108DD0001BF9F4EE488AF1EE10FA06D6DFED098AA7
:108DE000B4EE688AF1EE10FA02D0BDEC028B08BD39
:108DF00000F0FAFA88EEA80ABDEC028B212303608A
:108E000008BD00BF0000000008B52DED028BB0EEDC
:108E1000408A00F04FF8B4EE488AF1EE10FA06D618
:108E2000DFED098AB4EEE88AF1EE10FA02D4BDEC67
:108E3000028B08BD00F0D8FA88EEA80ABDEC028BC0
:108E40002123036008BD00BF0000000010EE101ACF
:108E5000C1F3C7520029A2F17F0CACBF01204FF033
:108E6000FF30BCF11E0F0FDCBCF1000F1DDBC1F3A6
:108E70001603BCF1160F43F400030ADD963A03FA19
:108E800002F202FB00F07047FDEEC07A17EE900A86
:108E900070474FF4800242FA0CF21A44CCF1170CDE
:108EA00022FA0CF202FB00F07047BCF1FF3F18BF42
:108EB00000207047B1EEC00A704700BF10B582B005
:108EC000CDED010A019B23F00042B2F1FF4FF0EE1D
:108ED000407A30D810EE100A20F00041B1F1FF4F77
:108EE00029D8B3F17E5F3DD09C1704F0020444EA18
:108EF000D07431B372B3B2F1FF4F3ED0B1F1FF4F36
:108F000028D0891AB1F1F45F4FEAE15232DA002B2E
:108F100040DA3C323EDA9FED330A012C4CD0022C71
:108F200041D064B19FED307ADFED307A30EE070A40
:108F300030EE670A03E09DED017A37EE270A02B0B2
:108F400010BD022C0BD09FED2A7A032C07FE000ADD
:108F500002B010BD00280ADB9FED260AEFE79FED67
:108F6000230AECE702B0BDE8104000F00FB99FED16
:108F7000220AE4E79FED1F0ACFE7B1F1FF4F04F1AA
:108F8000FF3420D0022C26D81C4B03EB840393ED36
:108F9000000AD4E79DED017A87EE870A00F0C8F950
:108FA00000F0F4F8B9E79FED107ADFED107A30EEBB
:108FB000070A37EEC00AC2E710EE103A03F1004389
:108FC00000EE103ABBE7022C08D80D4B03EB8403EC
:108FD00093ED000AB3E79FED030AB0E79FED090A9E
:108FE000ADE700BF000000002EBDBB33DB0F4940E2
:108FF000DB0F49C0DB0FC93FDB0FC9BF909F0008E3
:109000009C9F0008DB0F493F70B582B0CDED010A8F
:10901000019820F000435A1EB2F1FF4F3BD210EEF0
:10902000101A21F00044B4F1FF4F34D29C4238DBD7
:1090300001F0004258D011F0FF4F00F0FF463ED142
:109040004FEA042C6FF07D054FEA4C0CBCF1000F89
:1090500005F1FF35F8DC002E66D118026FF07D0EA9
:1090600040000EF1FF3EFBD515F17E0F77DA6FF071
:109070007D00411B04FA01F1A5EB0E05A0EB0E04E7
:10908000A340681EA5B9CB1A002B75DB2CD0B3F515
:10909000000F35DB41E0DDED017A60EE277A87EEE7
:1090A000A70A02B070BD1FD04FEA4C01013822D38D
:1090B000A1EB030CBCF1000FF5DA4900F6E7E5156A
:1090C00086B3DB15C0F31600ED1AC1F31601A3F148
:1090D0007F0E41F4000140F40003681E002DE7D12B
:1090E000CB1A002B30DB0BD1274B03EB527393EDE4
:1090F000000A02B070BDCB1A48BF0B461BB9F3E79C
:109100005B000EF1FF3EB3F5000FF9DB1EF17E0FA1
:109110001BDA6FF07D04A4EB0E042341134300EE31
:10912000103ABEE77F3D98E7DB15A3F17F0EC0F351
:1091300016006FF07D0140F40003491BA5EB0E0003
:1091400004FA01F10138B3E70B46A3F500030EF171
:109150007F0E134343EACE5300EE103AA1E76FF0BF
:109160007D04C1F31601A5EB0E00A4EB0E0441F43F
:1091700000010138A3409BE70029B5D0B1F5000FED
:109180000B46BDDBC9E700BFA89F000838B510EE4D
:10919000105A25F00044B4F1A14FF0EE407A07D305
:1091A000B4F1FF4F55D8002D77DD9FED4E0A38BD45
:1091B0004D4B9C425CD8B4F1445F4DD34FF0FF332C
:1091C00027EEA76A9FED495A9FED497ADFED495A8C
:1091D000DFED494A66EE066A5A1CA6EE857AE6EE8F
:1091E000A54A9FED465ADFED465AA7EE265AE4EE11
:1091F000A65A9FED447ADFED444AA5EE267AE5EEC5
:10920000A64A9FED425ADFED425AA7EE265A9FED3D
:10921000417AA4EEA67AE5EE265A27EE267AA5EE46
:10922000867A27EE877A3BD03B493C4A01EB8301A3
:10923000D1ED006A37EE667A02EB8303D3ED006A64
:1092400037EE677A002D36EEC70AB0DAB1EE400A83
:1092500038BD30EE000A38BD9FED317A30EE077A26
:10926000F7EE006AB4EEE67AF1EE10FAA6DD38BD4C
:1092700000F05EF82B4B9C4215D8A3F5D0039C421E
:1092800026D8F0EE007ABFEE007AA0EE277A00230F
:1092900030EE270AC7EE007A92E79FED230A38BD29
:1092A00037EEC70A38BD214B9C420BD8F7EE087A3F
:1092B000B7EE007AA0EE277A022330EE670AC0EEFE
:1092C000077A7DE7BFEE007AC7EE007A032377E7DF
:1092D000F7EE007A30EE677A30EE270A0123C7EE08
:1092E000007A6DE7DB0FC93FFFFFDF3ED769853CA2
:1092F00059DA4B3D21A215BD6BF16EBD356B883D32
:1093000095879DBD6E2EBA3D388EE3BD2549123E30
:10931000ABAAAA3ECDCC4CBEB09F0008C09F0008AF
:10932000CAF24971FFFF973FDB0FC9BFFFFF1B4028
:1093300010EE103A23F0004300EE103A704700BFE1
:1093400030B51446002C9BB005461A4605DA8B232F
:1093500003604FF0FF301BB030BD4FF40273ADF827
:109360000C304FF00003199314BF04F1FF33234670
:10937000029305934FF6FF7300910491ADF80E3000
:1093800069461E9B00F0C2F9431CBCBF8B232B60B7
:10939000002CE0D0009B00221A70DCE707B5009398
:1093A00013460A46014603480068FFF7C9FF03B0A9
:1093B00000BD00BF1800002010B5013902449042E2
:1093C00001D1002005E0037811F8014FA34201D03C
:1093D000181B10BD0130F2E702440346934200D14E
:1093E000704703F8011BF9E7014B1868704700BF8D
:1093F0001800002070B50D4B0D4D5B1B9C10002616
:10940000A64209D100F06EFC0A4D0B4B5B1B9C1071
:109410000026A64205D170BD55F8043B9847013699
:10942000EEE755F8043B98470136F2E7D89F00086D
:10943000D89F0008D89F0008DC9F0008704770473D
:109440000A44914200F1FF3300D1704710B511F882
:10945000014B03F8014F9142F9D110BD38B50546D3
:10946000002941D051F8043C0C1F002BB8BFE41870
:1094700000F0E0F81D4A136833B9636014602846B1
:10948000BDE8384000F0DCB8A34208D920682118B4
:109490008B4201BF19685B6809182160EDE71A4625
:1094A0005B680BB1A342FAD911685018A0420BD1E6
:1094B00020680144501883421160E0D118685B684D
:1094C000536008441060DAE702D90C232B60D6E71A
:1094D000206821188B4204BF19685B68636004BF71
:1094E000091821605460CAE738BD00BF780A00201F
:1094F00070B50F4E0C463168054611B900F0ACFB53
:1095000030602146284600F0A7FB431C03D14FF0F2
:10951000FF34204670BDC41C24F00304A042F8D0E0
:10952000211A284600F098FB0130F2D1EFE700BF86
:10953000740A00202DE9F843CD1C25F003050835F9
:109540000C2D38BF0C25002D064601DBA94204D99D
:109550000C2333600020BDE8F883DFF8D48000F0EE
:1095600069F8D8F800301C4644BB29463046FFF75E
:10957000BFFF431C044658D1D8F800402746002FAF
:1095800043D1002C4BD023683946304604EB030905
:1095900000F062FB814542D121686D1A29463046B0
:1095A000FFF7A6FF01303AD023682B442360D8F898
:1095B00000305A6862BBC8F800700FE02268521B86
:1095C00020D40B2A17D96119A342256018BF59600E
:1095D000636808BFC8F8001062514B60304600F065
:1095E0002FF804F10B00231D20F00700C21A1CBF46
:1095F0001B1AA350AFE76268A3420CBFC8F8002053
:109600005A60EBE723466468AEE73C467F68B6E7FE
:109610001A465B68A342FBD100235360DEE70C23AC
:109620003360304600F00CF894E70560D6E700BFE1
:10963000780A00200148FFF701BF00BF700A002030
:109640000148FFF7FCBE00BF700A00202DE9F0477B
:109650008E681F46BE4282460C469046334653D81B
:10966000B1F90C0010F4906F2BD06569236809697B
:1096700005EB4505A3EB010905EBD5757B1C6D10CA
:109680004B44AB422A4684BF1D462A46430527D594
:1096900011465046FFF74EFF064658B321694A4629
:1096A000FFF7CEFEA38923F4906343F08003A381E8
:1096B000266165614E44A5EB09052660A5603E461E
:1096C0003B461F4620683A46414600F0ABFAA36885
:1096D0009B1BA36023683B4423600020BDE8F08708
:1096E000504600F0C9FA06460028E1D121695046EB
:1096F000FFF7B4FE0C23CAF80030A38943F04003FF
:10970000A3814FF0FF30E9E73E46DBE72DE9F04764
:109710001F468B891B069CB006460D46144610D585
:109720000B6973B94021FFF705FF2860286130B944
:109730000C2333604FF0FF301CB0BDE8F0874023AE
:109740006B610023099320238DF829300397302380
:10975000654F8DF82A304FF001082346994613F8DB
:10976000012B0AB1252AF9D1B9EB040A0BD05346D3
:10977000224629463046FFF769FF013000F0A480F9
:10978000099A5244099299F80030002B00F09C800D
:1097900000234FF0FF32CDE9052309F101090493BD
:1097A00007938DF853301A934C464F4814F8011B19
:1097B0000522F6F72DFF049BD0B9D80644BF20221E
:1097C0008DF85320190744BF2B228DF8532099F8A8
:1097D00000202A2A13D0079A4C4600204FF00A0C8A
:1097E000214611F8013B303B092B49D968B913E0F8
:1097F000C01B08FA00F018430490A146D4E7039A6E
:10980000111D12680391002A01DB079204E0524205
:1098100043F002030792049323782E2B0AD1637836
:109820002A2B32D1039B1A1D1B68039243EAE37370
:1098300002340593DFF8C090217803224846F6F7FA
:10984000E7FE38B1049BA0EB09004022824013439D
:109850000134049314F8011B24488DF828100622C3
:10986000F6F7D6FE002835D0214818BB039B0733F6
:1098700023F0070308330393099B034409936CE720
:109880000CFB02320C460120AAE7002301340593A9
:1098900019464FF00A0C204610F8012B303A092ADD
:1098A00003D9002BC6D00591C4E70CFB0121044667
:1098B0000123F0E703AB00932A460E4B04A9304680
:1098C000AFF30080421CD7D1AB895B063FF532AFC6
:1098D000099831E703AB00932A46064B04A93046AA
:1098E00000F07AF8EEE700BFDC9E0008E69E000874
:1098F000000000004D960008E29E00082DE9F047A8
:10990000164698468A680B69DDF820909342B8BFE6
:109910001346336091F8432007460C460AB10133E1
:1099200033602368990642BF336802333360256889
:1099300015F0060506D104F1190AE36832689B1A8E
:10994000AB4226DC94F843302268003B18BF012369
:1099500092062BD404F1430241463846C8470130F1
:109960001ED02368226903F00603042B02BFE568BA
:109970003368ED1AA3680CBF25EAE575002593420C
:10998000C4BF9B1AED1800261A34B5421AD1002024
:1099900008E00123524641463846C847013003D10A
:1099A0004FF0FF30BDE8F0870135C6E7E1185A1CDB
:1099B000302081F84300224494F8451082F8431087
:1099C0000233C7E70123224641463846C8470130E3
:1099D000E6D00136D9E700002DE9F0430D7E85B0D1
:1099E000782D90460C9E07460C46994601F143029D
:1099F00007D8622D0AD8002D00F0D780582D00F02E
:109A0000BC8004F1420684F842503BE0A5F16303B8
:109A1000152BF6D801A151F823F000BF759A000864
:109A2000899A0008039A0008039A0008039A00081C
:109A3000039A0008899A0008039A0008039A00080C
:109A4000039A0008039A0008919B0008B39A000843
:109A5000439B0008039A0008039A0008B39B000880
:109A6000039A0008B39A0008039A0008039A0008B2
:109A70004B9B000833681A1D1B68326004F14206D4
:109A800084F842300123A1E033682068191D316059
:109A9000060601D51D6803E04506FBD5B3F9005065
:109AA000002D03DA2D236D4284F843305B480A23EE
:109AB00011E021683368080653F8045B02D44906B4
:109AC00048BFADB23360237E54486F2B5CD108236E
:109AD000002184F843106668A660002E05DB21682B
:109AE0002E4321F00401216050D01646B5FBF3F15E
:109AF00003FB115C10F80CC006F801CDAC466345C1
:109B00000D46F3D9082B0BD12368DB0708D5236951
:109B100061689942DEBF302306F8013C06F1FF364A
:109B2000921B2261CDF80090434603AA2146384695
:109B3000FFF7E4FE01304ED14FF0FF3005B0BDE835
:109B4000F083236843F0200323603548782584F8A8
:109B500045502368316813F0800F51F8045B03D13E
:109B600013F0400F18BFADB23160D90744BF43F0C6
:109B7000200323601DB11023AAE72848E7E72368E4
:109B800023F020032360F6E70A23A1E71646B9E78E
:109B9000336825686169181D30602E061B6801D581
:109BA000196002E06806FBD5198000232361164680
:109BB000B8E733681A1D32601E68626800213046BB
:109BC000F6F726FD08B1801B6060636823610023FF
:109BD00084F84330A6E72369324641463846C847F1
:109BE0000130A9D023689B0713D4E068039B9842F7
:109BF000B8BF1846A2E70123324641463846C84757
:109C0000013099D00135E36803995B1AAB42F2DC6D
:109C1000EBE7002504F11906F5E700BFED9E00080B
:109C2000FE9E0008884210B501EB020402D984426E
:109C3000234607D8431EA14207D011F8012B03F891
:109C4000012FF8E70244824200D110BD13F8011D34
:109C500002F8011DF7E7000038B5064D0023044661
:109C600008462B60FAF74CFF431C02D12B6803B166
:109C7000236038BD6C0A00202DE9F04107461446E8
:109C80000D4621B9BDE8F0411146FFF753BC2AB992
:109C9000FFF7E4FB25462846BDE8F08100F01AF8FE
:109CA0008442064602D8B4EB500FF4D82146384619
:109CB000FFF740FC804608B94546ECE7B44222462F
:109CC000294628BF3246FFF7BBFB29463846FFF737
:109CD000C5FBF1E751F8043C181F002BBCBF0B5823
:109CE000C0187047F8B500BFF8BC08BC9E46704766
:0C9CF000F8B500BFF8BC08BC9E467047E9
:109CFC000000000000000000000000000000000058
:109D0C000000000001000000020000000300000041
:109D1C00040000000000000005000000000000002E
:109D2C000000000000000000060000000000000021
:109D3C000000000000000000070000000000000010
:109D4C0001020304010203040607080900010203CF
:109D5C0004050607080C10141820304001000200FE
:109D6C000400060008000A000C001000200040004F
:109D7C008000000108040204080101010101010333
:109D8C0007010000000000000100000002000000BC
:109D9C0003000000040000000500000006000000A5
:109DAC0007000000080000005458202530386C587B
:109DBC00202530325820253032582025303258207A
:109DCC002530325820253032582025303258202565
:109DDC003032582025303258007374656572696EC4
:109DEC00672073746174653D2575206D6F746F7297
:109DFC003D25732069643D3078253032580046414A
:109E0C00554C54206D6F746F723D25732069643D01
:109E1C00307825303258206572726F723D2575008E
:109E2C007265747279206D6F746F723D2573206941
:109E3C00643D30782530325820636F756E743D2543
:109E4C0075206572726F723D257500554944202549
:109E5C007320253032582530325825303258253071
:109E6C00325825303258253032582530325825306A
:109E7C00325800496E697469616C697A6174696FF2
:109E8C006E20636F6D706C6574653B206D6F746FC5
:109E9C0072732064697361626C6564202853544545
:109EAC004552494E475F4155544F5F454E41424CD8
:109EBC00453D3029005374656572696E67205245C3
:109ECC0041445900464C00465200524C005252003C
:109EDC00232D302B2000686C4C0065666745464787
:109EEC00003031323334353637383941424344450A
:109EFC004600303132333435363738396162636479
:109F0C0065660000DB0F4940DB0F4940DB0F494021
:109F1C00DB0F4940000000000000000000000000C2
:109F2C00000000000000803F0000803F0000803FE8
:109F3C000000803F00000000000000000000000056
:109F4C000000000000000000000000000000000005
:109F5C000000000001020304D09E0008D39E0008FC
:109F6C00D69E0008D99E00080001050704000500D4
:109F7C00060007000800070602030405111213521D
:109F8C005354210000000080DB0F4940DB0F49C017
:109F9C00DB0F49BFE4CB1640E4CB16C00000000039
:109FAC00000000806937AC3168212233B40F1433C0
:109FBC006821A2333863ED3EDA0F493F5E987B3F50
:049FCC00DA0FC93FA0
:089FD0004063FF7F0100000067
:049FD800C5020008B6
:049FDC00A1020008D6
:109FE0000090D0030090D00301000000100000009A
:109FF000000000400000803F1C0000200000000026
:10A00000340900209C090020040A00200000000000
:10A010000000000000000000000000000000000040
:10A020000000000000000000000000000000000030
:10A030000000000000000000000000000000000020
:08A04000000000000000000018
:0400000508004B3D67
:00000001FF
