front_frame_index,rear_frame_index,front_header_ns,rear_header_ns,signed_header_delta_ms,abs_header_delta_ms,front_arrival_system_ns,rear_arrival_system_ns,signed_arrival_delta_ms,abs_arrival_delta_ms
1,1,1789636187146633460,1789636187146932916,-0.299456,0.299456,1789636187248511379,1789636187249407855,-0.896239,0.896239
2,2,1789636187246794217,1789636187246871306,-0.077089,0.077089,1789636187347570647,1789636187348804912,-1.2342,1.2342
3,3,1789636187346678024,1789636187346951858,-0.273834,0.273834,1789636187447566627,1789636187448503411,-0.936633,0.936633
4,4,1789636187446635985,1789636187446866531,-0.230546,0.230546,1789636187551710078,1789636187552502273,-0.792065,0.792065
5,6,1789636187546780421,1789636187546812399,-0.031978,0.031978,1789636187648089961,1789636187748096367,-100.006992,100.006992
6,5,1789636187646611569,1789636187646944656,-0.333087,0.333087,1789636187749172872,1789636187749776392,-0.603453,0.603453
7,7,1789636187746701869,1789636187746874709,-0.17284,0.17284,1789636187848028753,1789636187868070328,-20.041302,20.041302
8,8,1789636187847076997,1789636187846829782,0.247215,0.247215,1789636187948334135,1789636187971049687,-22.715516,22.715516
9,9,1789636187946667172,1789636187946829956,-0.162784,0.162784,1789636188048200476,1789636188130473949,-82.273449,82.273449
10,10,1789636188047127300,1789636188047024103,0.103197,0.103197,1789636188148122913,1789636188155906664,-7.783688,7.783688
11,11,1789636188146695819,1789636188146818794,-0.122975,0.122975,1789636188247692055,1789636188282345415,-34.653291,34.653291
12,12,1789636188246694311,1789636188246879325,-0.185014,0.185014,1789636188348024030,1789636188432285205,-84.261061,84.261061
13,13,1789636188346714714,1789636188346879764,-0.16505,0.16505,1789636188447732446,1789636188462062299,-14.329734,14.329734
14,14,1789636188446620932,1789636188446867387,-0.246455,0.246455,1789636188548486102,1789636188586779632,-38.293419,38.293419
15,15,1789636188547101591,1789636188547130302,-0.028711,0.028711,1789636188647658242,1789636188648353953,-0.695572,0.695572
16,16,1789636188646608716,1789636188646859055,-0.250339,0.250339,1789636188747878500,1789636188765722644,-17.843931,17.843931
17,17,1789636188746614057,1789636188746993540,-0.379483,0.379483,1789636188848117785,1789636188947607372,-99.489565,99.489565
18,18,1789636188846691859,1789636188847015929,-0.32407,0.32407,1789636188961743089,1789636188962260800,-0.517614,0.517614
19,19,1789636188946653932,1789636188946870042,-0.21611,0.21611,1789636189048160647,1789636189048896505,-0.735444,0.735444
20,20,1789636189047261382,1789636189047109569,0.151813,0.151813,1789636189147797309,1789636189247306990,-99.50991,99.50991
21,21,1789636189146749793,1789636189146911135,-0.161342,0.161342,1789636189259826972,1789636189344892205,-85.065299,85.065299
22,22,1789636189246677031,1789636189246925728,-0.248697,0.248697,1789636189348319913,1789636189358738686,-10.418617,10.418617
23,23,1789636189347253738,1789636189347057074,0.196664,0.196664,1789636189448472700,1789636189449095531,-0.622246,0.622246
24,24,1789636189447180155,1789636189447147888,0.032267,0.032267,1789636189548392929,1789636189578606330,-30.213397,30.213397
25,25,1789636189547220057,1789636189547153081,0.066976,0.066976,1789636189647594084,1789636189648681360,-1.087163,1.087163
26,27,1789636189747313915,1789636189746950997,0.362918,0.362918,1789636189847770470,1789636189856828295,-9.057675,9.057675
27,28,1789636189846659565,1789636189846895997,-0.236432,0.236432,1789636189947553589,1789636189955076690,-7.522955,7.522955
28,30,1789636190047294132,1789636190047002882,0.29125,0.29125,1789636190147699640,1789636190212828297,-65.128805,65.128805
29,31,1789636190147170735,1789636190146862608,0.308127,0.308127,1789636190247455278,1789636190329283276,-81.827981,81.827981
30,32,1789636190246634733,1789636190246855591,-0.220858,0.220858,1789636190347907812,1789636190349768265,-1.860046,1.860046
31,33,1789636190346655942,1789636190346961573,-0.305631,0.305631,1789636190448314239,1789636190450604351,-2.289743,2.289743
32,34,1789636190447192826,1789636190447047832,0.144994,0.144994,1789636190547612459,1789636190554813352,-7.200467,7.200467
33,35,1789636190547156900,1789636190546991828,0.165072,0.165072,1789636190647590702,1789636190650804684,-3.21373,3.21373
34,36,1789636190646733038,1789636190646981438,-0.2484,0.2484,1789636190747572790,1789636190748368831,-0.795858,0.795858
35,37,1789636190746596783,1789636190747067129,-0.470346,0.470346,1789636190847696037,1789636190909983524,-62.287661,62.287661
36,38,1789636190846734907,1789636190846979623,-0.244716,0.244716,1789636190947981220,1789636190962031160,-14.049933,14.049933
37,39,1789636190946759403,1789636190946954481,-0.195078,0.195078,1789636191048327957,1789636191068819519,-20.491072,20.491072
38,40,1789636191047171287,1789636191047132259,0.039028,0.039028,1789636191147725751,1789636191151666956,-3.940978,3.940978
39,41,1789636191146677809,1789636191146967014,-0.289205,0.289205,1789636191247980544,1789636191248719319,-0.738724,0.738724
40,42,1789636191246687500,1789636191246933611,-0.246111,0.246111,1789636191348036342,1789636191357826106,-9.789652,9.789652
41,43,1789636191346782014,1789636191346876045,-0.094031,0.094031,1789636191447656770,1789636191463267765,-15.611183,15.611183
43,45,1789636191446801231,1789636191446920164,-0.118933,0.118933,1789636191819341535,1789636191819875253,-0.533544,0.533544
42,44,1789636191547190723,1789636191546902106,0.288617,0.288617,1789636191820493664,1789636191820825550,-0.331789,0.331789
44,46,1789636191746608942,1789636191746953025,-0.344083,0.344083,1789636191847888288,1789636191860808828,-12.920335,12.920335
45,47,1789636191846695712,1789636191846951744,-0.256032,0.256032,1789636191947640609,1789636191956647016,-9.006568,9.006568
46,49,1789636192047357705,1789636192046951279,0.406426,0.406426,1789636192147833070,1789636192190687851,-42.855168,42.855168
47,50,1789636192146721536,1789636192146975388,-0.253852,0.253852,1789636192247685350,1789636192331678876,-83.993824,83.993824
48,51,1789636192246610638,1789636192247053046,-0.442408,0.442408,1789636192348251760,1789636192361122337,-12.870538,12.870538
49,52,1789636192346767803,1789636192347075052,-0.307249,0.307249,1789636192482709581,1789636192503124396,-20.414662,20.414662
50,54,1789636192446630669,1789636192446946086,-0.315417,0.315417,1789636192548046379,1789636192647519883,-99.47403,99.47403
51,53,1789636192546701272,1789636192547105221,-0.403949,0.403949,1789636192652836280,1789636192747263727,-94.42784,94.42784
53,55,1789636197746611707,1789636197747133767,-0.52206,0.52206,1789636198286543123,1789636198285928158,0.61457,0.61457
54,57,1789636197846632541,1789636197847152522,-0.519981,0.519981,1789636198287602981,1789636198289537024,-1.933925,1.933925
55,56,1789636197946613740,1789636197947097912,-0.484172,0.484172,1789636198290188051,1789636198290611787,-0.423769,0.423769
56,58,1789636198046862130,1789636198047182230,-0.3201,0.3201,1789636198291955082,1789636198292905223,-0.95001,0.95001
57,59,1789636198146620055,1789636198147197395,-0.57734,0.57734,1789636198293313725,1789636198294023202,-0.709652,0.709652
58,60,1789636198246616679,1789636198247095681,-0.479002,0.479002,1789636198348093158,1789636198447399292,-99.306415,99.306415
59,61,1789636198346751299,1789636198347099058,-0.347759,0.347759,1789636198448327668,1789636198449066126,-0.738362,0.738362
60,62,1789636198446651582,1789636198447211876,-0.560294,0.560294,1789636198548088119,1789636198647548319,-99.460041,99.460041
62,63,1789636198646789554,1789636198647126139,-0.336585,0.336585,1789636198747735467,1789636198779790404,-32.054601,32.054601
63,64,1789636198746713558,1789636198747197773,-0.484215,0.484215,1789636198847573793,1789636198870177990,-22.604028,22.604028
64,65,1789636198846667851,1789636198847131696,-0.463845,0.463845,1789636198948011456,1789636198967426383,-19.414952,19.414952
65,66,1789636198946786644,1789636198947158346,-0.371702,0.371702,1789636199048059193,1789636199056492698,-8.433521,8.433521
66,67,1789636199046929177,1789636199047195470,-0.266293,0.266293,1789636199147937972,1789636199154355504,-6.417366,6.417366
67,68,1789636199146828499,1789636199147085249,-0.25675,0.25675,1789636199247709962,1789636199251966304,-4.256189,4.256189
68,69,1789636199246768127,1789636199247112293,-0.344166,0.344166,1789636199347857837,1789636199369269132,-21.411426,21.411426
69,71,1789636199546660661,1789636199547217982,-0.557321,0.557321,1789636199647679942,1789636199655007119,-7.327096,7.327096
70,72,1789636199646669056,1789636199647180493,-0.511437,0.511437,1789636199748220858,1789636199752000308,-3.779171,3.779171
71,73,1789636199746820917,1789636199747122549,-0.301632,0.301632,1789636199848050465,1789636199849045611,-0.995348,0.995348
72,74,1789636199847416181,1789636199847212269,0.203912,0.203912,1789636199947949081,1789636199948700130,-0.750946,0.750946
73,75,1789636199946684191,1789636199947159533,-0.475342,0.475342,1789636200048215382,1789636200048846351,-0.630818,0.630818
74,76,1789636200046838379,1789636200047194110,-0.355731,0.355731,1789636200148426611,1789636200171699735,-23.272907,23.272907
75,77,1789636200146821720,1789636200147258438,-0.436718,0.436718,1789636200247936708,1789636200265725230,-17.788659,17.788659
76,78,1789636200246802601,1789636200247210236,-0.407635,0.407635,1789636200348004287,1789636200364752998,-16.748527,16.748527
77,79,1789636200346694824,1789636200347160465,-0.465641,0.465641,1789636200447746779,1789636200448618349,-0.871364,0.871364
78,80,1789636200446706457,1789636200447248796,-0.542339,0.542339,1789636200548199050,1789636200548936004,-0.736699,0.736699
79,81,1789636200547400977,1789636200547180650,0.220327,0.220327,1789636200647887801,1789636200648580026,-0.692064,0.692064
80,83,1789636200746840245,1789636200747243028,-0.402783,0.402783,1789636200847776614,1789636200877826899,-30.050158,30.050158
81,84,1789636200846808890,1789636200847153836,-0.344946,0.344946,1789636200947535865,1789636200948368507,-0.832473,0.832473
82,85,1789636200946698127,1789636200947123121,-0.424994,0.424994,1789636201048159138,1789636201048650569,-0.491161,0.491161
84,86,1789636201046842352,1789636201047247440,-0.405088,0.405088,1789636201148063943,1789636201247739907,-99.676,99.676
83,87,1789636201146720554,1789636201147172880,-0.452326,0.452326,1789636201272129064,1789636201272775726,-0.646457,0.646457
85,88,1789636201246694805,1789636201247121392,-0.426587,0.426587,1789636201348012794,1789636201397147053,-49.13421,49.13421
86,89,1789636201346800010,1789636201347207854,-0.407844,0.407844,1789636201447985136,1789636201448944784,-0.95925,0.95925
87,90,1789636201446767108,1789636201447273817,-0.506709,0.506709,1789636201548248676,1789636201549216869,-0.968137,0.968137
88,91,1789636201546763830,1789636201547281481,-0.517651,0.517651,1789636201647921435,1789636201708794082,-60.872569,60.872569
89,92,1789636201646748834,1789636201647252472,-0.503638,0.503638,1789636201747590632,1789636201748313373,-0.722526,0.722526
90,93,1789636201746815451,1789636201747203352,-0.387901,0.387901,1789636201848251755,1789636201870423931,-22.171914,22.171914
91,94,1789636201846863440,1789636201847332459,-0.469019,0.469019,1789636201961927623,1789636201962342884,-0.415,0.415
92,95,1789636201946895952,1789636201947219989,-0.324037,0.324037,1789636202048231926,1789636202078215635,-29.983452,29.983452
93,96,1789636202046932829,1789636202047196064,-0.263235,0.263235,1789636202147917413,1789636202148628761,-0.710947,0.710947
95,98,1789636202146862864,1789636202147235766,-0.372902,0.372902,1789636202252785820,1789636202348011891,-95.226285,95.226285
94,97,1789636202246776106,1789636202247182325,-0.406219,0.406219,1789636202348553922,1789636202349110879,-0.55709,0.55709
96,99,1789636202346852242,1789636202347180304,-0.328062,0.328062,1789636202447662477,1789636202448386095,-0.723416,0.723416
97,101,1789636202546807597,1789636202547189812,-0.382215,0.382215,1789636202648124064,1789636202648741874,-0.617573,0.617573
98,102,1789636202646915544,1789636202647179300,-0.263756,0.263756,1789636202747779931,1789636202763861776,-16.081769,16.081769
99,103,1789636202746855659,1789636202747294678,-0.439019,0.439019,1789636202848192540,1789636202879848312,-31.655646,31.655646
100,104,1789636202846891216,1789636202847215194,-0.323978,0.323978,1789636202948228831,1789636202948771070,-0.541993,0.541993
101,105,1789636202946881234,1789636202947189628,-0.308394,0.308394,1789636203048036908,1789636203048718579,-0.681364,0.681364
102,106,1789636203047001080,1789636203047336668,-0.335588,0.335588,1789636203147903543,1789636203148558103,-0.654387,0.654387
103,107,1789636203146882840,1789636203147219494,-0.336654,0.336654,1789636203247716551,1789636203248252005,-0.535096,0.535096
104,108,1789636203246872750,1789636203247349967,-0.477217,0.477217,1789636203347743945,1789636203348474170,-0.729957,0.729957
105,109,1789636203346735162,1789636203347212330,-0.477168,0.477168,1789636203447492608,1789636203460078156,-12.585326,12.585326
106,110,1789636203446684089,1789636203447345198,-0.661109,0.661109,1789636203548139569,1789636203553679048,-5.538959,5.538959
107,111,1789636203546840017,1789636203547361283,-0.521266,0.521266,1789636203647755371,1789636203649710652,-1.954793,1.954793
108,112,1789636203646799503,1789636203647237574,-0.438071,0.438071,1789636203749722540,1789636203799828242,-50.105328,50.105328
109,113,1789636203746850388,1789636203747363909,-0.513521,0.513521,1789636203853065371,1789636203933288143,-80.222508,80.222508
110,114,1789636203846865368,1789636203847326254,-0.460886,0.460886,1789636203948425763,1789636203958690834,-10.265016,10.265016
111,115,1789636203946919238,1789636203947185941,-0.266703,0.266703,1789636204047909625,1789636204082961681,-35.052374,35.052374
112,116,1789636204046815025,1789636204047309793,-0.494768,0.494768,1789636204201720326,1789636204226464485,-24.743683,24.743683
114,117,1789636204146758475,1789636204147296143,-0.537668,0.537668,1789636204568205731,1789636204568817977,-0.611774,0.611774
113,118,1789636204246943410,1789636204247215200,-0.27179,0.27179,1789636204569559125,1789636204570061574,-0.502454,0.502454
116,119,1789636204346625650,1789636204347328760,-0.70311,0.70311,1789636204572295147,1789636204573017467,-0.722368,0.722368
115,120,1789636204446767070,1789636204447330247,-0.563177,0.563177,1789636204573669821,1789636204574344545,-0.674747,0.674747
117,121,1789636204546808552,1789636204547210687,-0.402135,0.402135,1789636204647756172,1789636204728237768,-80.481606,80.481606
118,122,1789636204646785946,1789636204647347575,-0.561629,0.561629,1789636204748312623,1789636204753862155,-5.549153,5.549153
119,123,1789636204746943616,1789636204747342332,-0.398716,0.398716,1789636204847808189,1789636204947692752,-99.884497,99.884497
120,124,1789636204846650400,1789636204847377643,-0.727243,0.727243,1789636204963036138,1789636204963539407,-0.502971,0.502971
122,126,1789636205047121012,1789636205047304721,-0.183709,0.183709,1789636205157529079,1789636205317885917,-160.35688,160.35688
121,127,1789636205146849588,1789636205147322895,-0.473307,0.473307,1789636205318563394,1789636205319339100,-0.775693,0.775693
123,128,1789636205246703085,1789636205247344932,-0.641847,0.641847,1789636205348502564,1789636205365837377,-17.334612,17.334612
124,129,1789636205346927196,1789636205347330048,-0.402852,0.402852,1789636205447813468,1789636205518208048,-70.39482,70.39482
125,130,1789636205446799960,1789636205447258090,-0.45813,0.45813,1789636205547746946,1789636205560851895,-13.104977,13.104977
126,131,1789636205546779884,1789636205547427532,-0.647648,0.647648,1789636205681126438,1789636205681929043,-0.802381,0.802381
127,132,1789636205646873491,1789636205647349850,-0.476359,0.476359,1789636205747777897,1789636205775114078,-27.335987,27.335987
128,133,1789636205746805501,1789636205747266357,-0.460856,0.460856,1789636205847687872,1789636205908179602,-60.491804,60.491804
129,135,1789636205846694322,1789636205847379084,-0.684762,0.684762,1789636205948448881,1789636206046967960,-98.519499,98.519499
130,134,1789636205946831182,1789636205947359511,-0.528329,0.528329,1789636206188494401,1789636206189032783,-0.538044,0.538044
131,136,1789636206046912306,1789636206047401441,-0.489135,0.489135,1789636206191454103,1789636206192111560,-0.657455,0.657455
134,137,1789636206346900789,1789636206347339936,-0.439147,0.439147,1789636206939944680,1789636206942471095,-2.526094,2.526094
133,138,1789636206446667583,1789636206447362274,-0.694691,0.694691,1789636206942964382,1789636206946072518,-3.108166,3.108166
132,139,1789636206546878245,1789636206547363545,-0.4853,0.4853,1789636206943746949,1789636206947253696,-3.506754,3.506754
136,141,1789636211246883824,1789636211247524058,-0.640234,0.640234,1789636211753445198,1789636211754290136,-0.84507,0.84507
138,142,1789636211346735742,1789636211347410010,-0.674268,0.674268,1789636211756517528,1789636211757268348,-0.750836,0.750836
139,143,1789636211446899039,1789636211447437747,-0.538708,0.538708,1789636211758197176,1789636211759026527,-0.829232,0.829232
140,144,1789636211546754761,1789636211547480801,-0.72604,0.72604,1789636211760681354,1789636211761272171,-0.590841,0.590841
141,145,1789636211646975633,1789636211647400165,-0.424532,0.424532,1789636211761882880,1789636211762769203,-0.886499,0.886499
142,146,1789636211746726229,1789636211747412639,-0.68641,0.68641,1789636211847779755,1789636211858878755,-11.099071,11.099071
143,147,1789636211846853882,1789636211847470331,-0.616449,0.616449,1789636211948061567,1789636211948884761,-0.823247,0.823247
144,148,1789636211947123737,1789636211947418990,-0.295253,0.295253,1789636212048213130,1789636212048773865,-0.560363,0.560363
145,149,1789636212047264495,1789636212047462954,-0.198459,0.198459,1789636212147554699,1789636212148229622,-0.674724,0.674724
146,150,1789636212146823858,1789636212147492044,-0.668186,0.668186,1789636212247694798,1789636212248402872,-0.70778,0.70778
147,151,1789636212246738784,1789636212247445782,-0.706998,0.706998,1789636212347705215,1789636212348428736,-0.723406,0.723406
148,152,1789636212346903918,1789636212347544145,-0.640227,0.640227,1789636212448441963,1789636212449117669,-0.675467,0.675467
149,153,1789636212447156346,1789636212447467716,-0.31137,0.31137,1789636212547587645,1789636212548345240,-0.757392,0.757392
150,154,1789636212546746322,1789636212547458940,-0.712618,0.712618,1789636212647557840,1789636212648142534,-0.584444,0.584444
151,155,1789636212646807246,1789636212646639398,0.167848,0.167848,1789636212747865904,1789636212778816444,-30.95034,30.95034
152,156,1789636212746948419,1789636212747470192,-0.521773,0.521773,1789636212848733905,1789636212885109371,-36.375323,36.375323
153,157,1789636212847072727,1789636212847430896,-0.358169,0.358169,1789636212961117093,1789636213047326266,-86.209127,86.209127
154,158,1789636212946954639,1789636212946607580,0.347059,0.347059,1789636213072044845,1789636213093683404,-21.63858,21.63858
155,159,1789636213046957670,1789636213047525829,-0.568159,0.568159,1789636213147782381,1789636213155307068,-7.524232,7.524232
156,160,1789636213146823638,1789636213146639781,0.183857,0.183857,1789636213247514448,1789636213347866446,-100.352121,100.352121
159,162,1789636213446931061,1789636213447565471,-0.63441,0.63441,1789636213949006055,1789636213949770393,-0.76387,0.76387
158,161,1789636213546464949,1789636213547504347,-1.039398,1.039398,1789636213950753671,1789636213951352211,-0.598447,0.598447
160,163,1789636213647127162,1789636213647465807,-0.338645,0.338645,1789636213954048196,1789636213955075854,-1.027656,1.027656
162,164,1789636213746813859,1789636213747557630,-0.743771,0.743771,1789636213956093358,1789636213956943475,-0.850063,0.850063
161,165,1789636213846974532,1789636213846754263,0.220269,0.220269,1789636213957805561,1789636213959084170,-1.278548,1.278548
163,166,1789636213947144052,1789636213947467943,-0.323891,0.323891,1789636214047825822,1789636214105471630,-57.645712,57.645712
164,167,1789636214047003260,1789636214047537087,-0.533827,0.533827,1789636214147737589,1789636214148605202,-0.867547,0.867547
165,168,1789636214146843620,1789636214146726578,0.117042,0.117042,1789636214248204176,1789636214262256190,-14.052035,14.052035
166,169,1789636214247067935,1789636214247458365,-0.39043,0.39043,1789636214347724257,1789636214354042423,-6.317969,6.317969
167,170,1789636214346985798,1789636214347550084,-0.564286,0.564286,1789636214448069731,1789636214455777181,-7.707269,7.707269
168,171,1789636214446925529,1789636214446757213,0.168316,0.168316,1789636214548188368,1789636214548564852,-0.376458,0.376458
169,172,1789636214546856511,1789636214547456597,-0.600086,0.600086,1789636214647762128,1789636214707865497,-60.103286,60.103286
170,173,1789636214646966301,1789636214647582561,-0.61626,0.61626,1789636214747882850,1789636214750521468,-2.638493,2.638493
171,175,1789636214746874329,1789636214746752957,0.121372,0.121372,1789636214848188505,1789636214947701773,-99.513187,99.513187
172,174,1789636214846973065,1789636214847611865,-0.6388,0.6388,1789636215035796818,1789636215036321887,-0.524957,0.524957
173,176,1789636214946977830,1789636214947578318,-0.600488,0.600488,1789636215048332559,1789636215143710514,-95.378267,95.378267
174,177,1789636215047279755,1789636215047598250,-0.318495,0.318495,1789636215147953757,1789636215156262490,-8.308464,8.308464
176,178,1789636215246926656,1789636215247549272,-0.622616,0.622616,1789636215837099709,1789636215837645085,-0.545199,0.545199
175,179,1789636215346845433,1789636215347491033,-0.6456,0.6456,1789636215838846474,1789636215839456450,-0.610006,0.610006
177,180,1789636215446958726,1789636215446670137,0.288589,0.288589,1789636215841521323,1789636215842441164,-0.91982,0.91982
179,182,1789636215546639073,1789636215546483676,0.155397,0.155397,1789636215843264237,1789636215844106270,-0.842079,0.842079
178,181,1789636215647060255,1789636215647528831,-0.468576,0.468576,1789636215845118170,1789636215845925123,-0.806795,0.806795
182,185,1789636224347147454,1789636224347732444,-0.58499,0.58499,1789636224916069862,1789636224916524598,-0.454492,0.454492
183,186,1789636224447244284,1789636224446754653,0.489631,0.489631,1789636224917550503,1789636224918501801,-0.951183,0.951183
184,187,1789636224546793560,1789636224546773277,0.020283,0.020283,1789636224920120450,1789636224920878426,-0.757966,0.757966
185,188,1789636224647111947,1789636224646989542,0.122405,0.122405,1789636224921566036,1789636224922400331,-0.834465,0.834465
186,189,1789636224747075676,1789636224747707287,-0.631611,0.631611,1789636224924038221,1789636224924672465,-0.634298,0.634298
187,190,1789636224847174333,1789636224846892957,0.281376,0.281376,1789636224947690675,1789636224973215902,-25.525413,25.525413
188,191,1789636224947121182,1789636224946911165,0.210017,0.210017,1789636225048130212,1789636225099739055,-51.608884,51.608884
189,192,1789636225047509158,1789636225046867086,0.642072,0.642072,1789636225147946623,1789636225207593146,-59.646703,59.646703
190,193,1789636225147145727,1789636225147782867,-0.63714,0.63714,1789636225247936539,1789636225306710841,-58.774738,58.774738
191,194,1789636225247074407,1789636225246920401,0.154006,0.154006,1789636225414968543,1789636225415552397,-0.583469,0.583469
192,195,1789636225347208642,1789636225347862543,-0.653901,0.653901,1789636225447976415,1789636225508525218,-60.548867,60.548867
193,196,1789636225447138912,1789636225447785299,-0.646387,0.646387,1789636225547526773,1789636225591784785,-44.258068,44.258068
194,198,1789636225647155074,1789636225647722885,-0.567811,0.567811,1789636225747872904,1789636225831090659,-83.217974,83.217974
195,199,1789636225747096180,1789636225747831414,-0.735234,0.735234,1789636225848026369,1789636225858401118,-10.374516,10.374516
197,201,1789636225847252307,1789636225847790745,-0.538438,0.538438,1789636225948448559,1789636226096480551,-148.032334,148.032334
196,200,1789636225947166932,1789636225947877706,-0.710774,0.710774,1789636226097106098,1789636226097754941,-0.648535,0.648535
198,203,1789636226047575032,1789636226046829038,0.745994,0.745994,1789636226148309994,1789636226248113631,-99.803779,99.803779
199,202,1789636226147199551,1789636226146990016,0.209535,0.209535,1789636226249652707,1789636226250177659,-0.524713,0.524713
200,204,1789636226247152843,1789636226247854395,-0.701552,0.701552,1789636226348444025,1789636226447629883,-99.186122,99.186122
201,205,1789636226347175133,1789636226347798650,-0.623517,0.623517,1789636226448782440,1789636226449322765,-0.540329,0.540329
202,207,1789636226447164300,1789636226447790285,-0.625985,0.625985,1789636226547557805,1789636226647961306,-100.403273,100.403273
203,206,1789636226546673928,1789636226546889694,-0.215766,0.215766,1789636226826786959,1789636227025438075,-198.651526,198.651526
205,208,1789636227247157546,1789636227246757073,0.400473,0.400473,1789636227762417687,1789636227761399478,1.018136,1.018136
206,209,1789636227347200996,1789636227346761881,0.439115,0.439115,1789636227765240534,1789636227764144238,1.096113,1.096113
207,211,1789636227447164752,1789636227447830499,-0.665747,0.665747,1789636227767639109,1789636227766888890,0.750234,0.750234
208,212,1789636227647179003,1789636227647850760,-0.671757,0.671757,1789636227769216984,1789636227770648109,-1.431013,1.431013
209,213,1789636227747191286,1789636227746877175,0.314111,0.314111,1789636227847652334,1789636227850202969,-2.550919,2.550919
210,214,1789636227847182710,1789636227846923384,0.259326,0.259326,1789636227948362071,1789636227961931100,-13.568841,13.568841
211,215,1789636227947214194,1789636227947795768,-0.581574,0.581574,1789636228048032847,1789636228049117497,-1.084565,1.084565
212,216,1789636228046535050,1789636228046664239,-0.129189,0.129189,1789636228148003420,1789636228149047636,-1.043906,1.043906
213,217,1789636228147185728,1789636228146919300,0.266428,0.266428,1789636228248133759,1789636228257824685,-9.690483,9.690483
214,218,1789636228247191152,1789636228246905881,0.285271,0.285271,1789636228348258416,1789636228358513118,-10.254593,10.254593
215,219,1789636228347215226,1789636228346899442,0.315784,0.315784,1789636228448257439,1789636228454475116,-6.217478,6.217478
216,220,1789636228447169804,1789636228447795420,-0.625616,0.625616,1789636228547856145,1789636228572565101,-24.708642,24.708642
217,222,1789636228647217137,1789636228646985243,0.231894,0.231894,1789636228748009829,1789636228749782347,-1.772221,1.772221
218,223,1789636228747363520,1789636228746864998,0.498522,0.498522,1789636228847968513,1789636228858008497,-10.040271,10.040271
219,224,1789636228847207025,1789636228847801582,-0.594557,0.594557,1789636228948166802,1789636229044932169,-96.765717,96.765717
220,225,1789636228947179856,1789636228947812453,-0.632597,0.632597,1789636229047657002,1789636229052769643,-5.112595,5.112595
221,226,1789636229047500881,1789636229046835638,0.665243,0.665243,1789636229147786220,1789636229166631506,-18.845021,18.845021
222,227,1789636229147323564,1789636229147881911,-0.558347,0.558347,1789636229247980061,1789636229248803362,-0.82295,0.82295
223,228,1789636229246638983,1789636229246419487,0.219496,0.219496,1789636229347961747,1789636229348691940,-0.729993,0.729993
224,229,1789636229346700122,1789636229346825515,-0.125393,0.125393,1789636229448143650,1789636229448882711,-0.738552,0.738552
225,230,1789636229447226587,1789636229447824893,-0.598306,0.598306,1789636229547779110,1789636229577412284,-29.632845,29.632845
226,232,1789636229646487314,1789636229646896744,-0.40943,0.40943,1789636229748336668,1789636229767668664,-19.331869,19.331869
227,233,1789636229747386290,1789636229747872768,-0.486478,0.486478,1789636229848188406,1789636229887845204,-39.656481,39.656481
228,234,1789636229847250176,1789636229847825238,-0.575062,0.575062,1789636229947938453,1789636229996852492,-48.913679,48.913679
229,235,1789636229947278810,1789636229946450693,0.828117,0.828117,1789636230048022573,1789636230063830349,-15.807505,15.807505
230,236,1789636230047572582,1789636230046710898,0.861684,0.861684,1789636230147870612,1789636230148705365,-0.834552,0.834552
231,237,1789636230147345080,1789636230146907272,0.437808,0.437808,1789636230248523139,1789636230249166898,-0.643505,0.643505
232,238,1789636230247277133,1789636230247848678,-0.571545,0.571545,1789636230458811223,1789636230459320582,-0.509195,0.509195
233,239,1789636230347337728,1789636230347864282,-0.526554,0.526554,1789636230460005375,1789636230460534633,-0.529149,0.529149
234,240,1789636230447265439,1789636230446944637,0.320802,0.320802,1789636230547732546,1789636230548382413,-0.649515,0.649515
235,243,1789636230647256521,1789636230647856683,-0.600162,0.600162,1789636230747942211,1789636230848107343,-100.165086,100.165086
236,242,1789636230747393946,1789636230746930249,0.463697,0.463697,1789636231274076953,1789636231274618620,-0.541464,0.541464
237,244,1789636230847396372,1789636230847870293,-0.473921,0.473921,1789636231276941779,1789636231277665509,-0.723728,0.723728
238,245,1789636230947273264,1789636230946998100,0.275164,0.275164,1789636231278232640,1789636231279590607,-1.358081,1.358081
240,246,1789636231047588855,1789636231046852590,0.736265,0.736265,1789636231280598657,1789636231281004197,-0.40552,0.40552
239,247,1789636231147405103,1789636231147885936,-0.480833,0.480833,1789636231281640000,1789636231283028735,-1.388756,1.388756
242,249,1789636231247402729,1789636231246987482,0.415247,0.415247,1789636231347621023,1789636231447852280,-100.231621,100.231621
241,248,1789636231347310961,1789636231346935409,0.375552,0.375552,1789636231461134801,1789636231471767475,-10.6326,10.6326
243,250,1789636231447240197,1789636231447121029,0.119168,0.119168,1789636231547662900,1789636231568808966,-21.145946,21.145946
244,251,1789636231546750004,1789636231546562307,0.187697,0.187697,1789636231648184191,1789636231668696695,-20.51214,20.51214
245,252,1789636231647279491,1789636231646913578,0.365913,0.365913,1789636231748215616,1789636231757948769,-9.733018,9.733018
246,253,1789636231747388647,1789636231746994362,0.394285,0.394285,1789636231847855314,1789636231863173453,-15.317373,15.317373
247,254,1789636231847431366,1789636231846930823,0.500543,0.500543,1789636231947868949,1789636231973910717,-26.041578,26.041578
248,255,1789636231947289840,1789636231947876550,-0.58671,0.58671,1789636232048708481,1789636232147410820,-98.702663,98.702663
249,256,1789636232047639421,1789636232047080458,0.558963,0.558963,1789636232451162020,1789636232463861688,-12.699236,12.699236
250,257,1789636232147321487,1789636232146937513,0.383974,0.383974,1789636232466218758,1789636232466957081,-0.73826,0.73826
251,258,1789636232247434349,1789636232246930490,0.503859,0.503859,1789636232467761408,1789636232468455048,-0.69363,0.69363
252,259,1789636232347387378,1789636232347164083,0.223295,0.223295,1789636232469957070,1789636232470545566,-0.58843,0.58843
254,260,1789636232447358928,1789636232447000703,0.358225,0.358225,1789636232547479148,1789636232647668965,-100.189887,100.189887
253,261,1789636232546481452,1789636232546936274,-0.454822,0.454822,1789636232733857172,1789636232734391774,-0.534345,0.534345
256,263,1789636232647399146,1789636232646984659,0.414487,0.414487,1789636232747778991,1789636232848016307,-100.237711,100.237711
255,262,1789636232747271465,1789636232746878974,0.392491,0.392491,1789636232891822275,1789636232892242200,-0.419757,0.419757
257,264,1789636232847418840,1789636232847182899,0.235941,0.235941,1789636232948025257,1789636233011853503,-63.82812,63.82812
258,265,1789636232947354887,1789636232947146228,0.208659,0.208659,1789636233047930038,1789636233146282749,-98.352626,98.352626
259,266,1789636233047661199,1789636233046959709,0.70149,0.70149,1789636233147895654,1789636233208584374,-60.689135,60.689135
261,268,1789636233147435157,1789636233146643135,0.792022,0.792022,1789636233247874211,1789636233347876937,-100.002946,100.002946
260,267,1789636233247345188,1789636233247039979,0.305209,0.305209,1789636233448719728,1789636233449523223,-0.803073,0.803073
262,269,1789636233347299104,1789636233346985847,0.313257,0.313257,1789636233452620695,1789636233453375783,-0.755128,0.755128
264,270,1789636233447321137,1789636233447142631,0.178506,0.178506,1789636233547749051,1789636233647785781,-100.036999,100.036999
263,271,1789636233647460979,1789636233646681061,0.779918,0.779918,1789636234159788845,1789636234197206682,-37.417792,37.417792
265,272,1789636233747400958,1789636233746602289,0.798669,0.798669,1789636234199665219,1789636234200538685,-0.873264,0.873264
266,273,1789636233847480204,1789636233846980511,0.499693,0.499693,1789636234201146413,1789636234201842731,-0.696308,0.696308
267,274,1789636233947463708,1789636233946945760,0.517948,0.517948,1789636234203521436,1789636234204162124,-0.640636,0.640636
268,275,1789636234047498593,1789636234046624121,0.874472,0.874472,1789636234204576218,1789636234205140744,-0.564476,0.564476
269,276,1789636234147327576,1789636234146945893,0.381683,0.381683,1789636234330250655,1789636234330749542,-0.49872,0.49872
270,277,1789636234247362761,1789636234246678652,0.684109,0.684109,1789636234347605844,1789636234397698939,-50.093194,50.093194
271,278,1789636234347489134,1789636234346892851,0.596283,0.596283,1789636234447705950,1789636234460093804,-12.387474,12.387474
272,279,1789636234447448790,1789636234446924715,0.524075,0.524075,1789636234547813618,1789636234647233258,-99.419373,99.419373
274,280,1789636234647492722,1789636234647030955,0.461767,0.461767,1789636234748528869,1789636234755046444,-6.517492,6.517492
275,281,1789636234747383818,1789636234747947047,-0.563229,0.563229,1789636234848333448,1789636234933548522,-85.21472,85.21472
276,282,1789636234847362927,1789636234847228121,0.134806,0.134806,1789636234947982182,1789636234996482992,-48.500599,48.500599
277,283,1789636234947493567,1789636234946624879,0.868688,0.868688,1789636235047721265,1789636235076919617,-29.198376,29.198376
278,284,1789636235047638299,1789636235046989760,0.648539,0.648539,1789636235147912864,1789636235163732639,-15.819651,15.819651
279,285,1789636235147503477,1789636235146753208,0.750269,0.750269,1789636235247491366,1789636235260487450,-12.996096,12.996096
280,286,1789636235247493913,1789636235246668122,0.825791,0.825791,1789636235347785829,1789636235381580398,-33.794446,33.794446
281,287,1789636235347349439,1789636235346993752,0.355687,0.355687,1789636235448047224,1789636235448758354,-0.711047,0.711047
282,288,1789636235447528853,1789636235446668921,0.859932,0.859932,1789636235547568603,1789636235598870771,-51.302343,51.302343
283,289,1789636235546651877,1789636235546446094,0.205783,0.205783,1789636235647969859,1789636235747043134,-99.073389,99.073389
284,290,1789636235647529259,1789636235646526916,1.002343,1.002343,1789636235748086778,1789636235801959732,-53.873123,53.873123
285,291,1789636235747517171,1789636235746672470,0.844701,0.844701,1789636235847844602,1789636235848460945,-0.615868,0.615868
286,292,1789636235847370342,1789636235846682981,0.687361,0.687361,1789636235947460565,1789636235948182039,-0.721228,0.721228
287,293,1789636235946450515,1789636235946597665,-0.14715,0.14715,1789636236048155784,1789636236052891782,-4.735396,4.735396
288,294,1789636236047581824,1789636236046725195,0.856629,0.856629,1789636236147739929,1789636236177908037,-30.16794,30.16794
289,295,1789636236147403024,1789636236146626519,0.776505,0.776505,1789636236247858366,1789636236283113711,-35.255583,35.255583
290,296,1789636236247519479,1789636236246411325,1.108154,1.108154,1789636236348368266,1789636236350894244,-2.525697,2.525697
291,297,1789636236347419008,1789636236347270477,0.148531,0.148531,1789636236447976206,1789636236448678180,-0.701661,0.701661
292,298,1789636236447566745,1789636236446581889,0.984856,0.984856,1789636236547881914,1789636236548415583,-0.533522,0.533522
293,299,1789636236546598902,1789636236547028814,-0.429912,0.429912,1789636236648394637,1789636236650813626,-2.418601,2.418601
294,300,1789636236646578953,1789636236646950910,-0.371957,0.371957,1789636236747943017,1789636236816862604,-68.9195,68.9195
295,301,1789636236747524184,1789636236746997886,0.526298,0.526298,1789636236847780179,1789636236850738594,-2.958379,2.958379
296,302,1789636236847492301,1789636236847103837,0.388464,0.388464,1789636236947840113,1789636236956032885,-8.192583,8.192583
297,303,1789636236946585759,1789636236946775629,-0.18987,0.18987,1789636237047577312,1789636237077150629,-29.573223,29.573223
298,304,1789636237046452033,1789636237046645859,-0.193826,0.193826,1789636237148223727,1789636237171772572,-23.54843,23.54843
299,305,1789636237147444541,1789636237146983857,0.460684,0.460684,1789636237247970438,1789636237250367539,-2.396699,2.396699
300,306,1789636237246426511,1789636237246612403,-0.185892,0.185892,1789636237348010624,1789636237348683921,-0.673115,0.673115
302,307,1789636237447482744,1789636237447059238,0.423506,0.423506,1789636237547811242,1789636237566424508,-18.612968,18.612968
303,308,1789636237647550352,1789636237646535494,1.014858,1.014858,1789636237748491258,1789636237748980504,-0.489102,0.489102
304,310,1789636237747561045,1789636237747164851,0.396194,0.396194,1789636237848372704,1789636237894516437,-46.143518,46.143518
305,311,1789636237847554011,1789636237846505741,1.04827,1.04827,1789636237947515054,1789636237948356060,-0.840844,0.840844
306,312,1789636237947546151,1789636237946518820,1.027331,1.027331,1789636238047757991,1789636238147694163,-99.936294,99.936294
307,314,1789636238147565963,1789636238146552858,1.013105,1.013105,1789636238247829313,1789636238248804512,-0.974849,0.974849
308,315,1789636238246507515,1789636238246711068,-0.203553,0.203553,1789636238348320077,1789636238349997626,-1.677339,1.677339
309,316,1789636238347547326,1789636238346992905,0.554421,0.554421,1789636238447922669,1789636238463170735,-15.247604,15.247604
310,317,1789636238447624185,1789636238446551153,1.073032,1.073032,1789636238547615821,1789636238558731331,-11.115259,11.115259
312,319,1789636238546698347,1789636238546665303,0.033044,0.033044,1789636239030223156,1789636239030944009,-0.720358,0.720358
311,318,1789636238646616494,1789636238647099904,-0.48341,0.48341,1789636239031681641,1789636239032127027,-0.445374,0.445374
314,320,1789636238746642039,1789636238746732676,-0.090637,0.090637,1789636239034662993,1789636239035388208,-0.725282,0.725282
313,321,1789636238846562964,1789636238846712693,-0.149729,0.149729,1789636239036044495,1789636239037005678,-0.961369,0.961369
315,322,1789636238946727657,1789636238946529737,0.19792,0.19792,1789636239047545439,1789636239048100282,-0.554773,0.554773
316,323,1789636239046657074,1789636239046572299,0.084775,0.084775,1789636239147523373,1789636239210910129,-63.386888,63.386888
317,324,1789636239146569018,1789636239146677388,-0.10837,0.10837,1789636239247757280,1789636239248519730,-0.762044,0.762044
318,325,1789636239246739589,1789636239246580225,0.159364,0.159364,1789636239347779537,1789636239348646081,-0.866257,0.866257
319,326,1789636239346683897,1789636239346764786,-0.080889,0.080889,1789636239448139147,1789636239543569404,-95.429941,95.429941
320,327,1789636239447583157,1789636239446676760,0.906397,0.906397,1789636239547490993,1789636239568189497,-20.698838,20.698838
321,328,1789636239546524460,1789636239546608370,-0.08391,0.08391,1789636239648224924,1789636239668524321,-20.29883,20.29883
323,330,1789636239646567657,1789636239646764842,-0.197185,0.197185,1789636239756047620,1789636239847756668,-91.709161,91.709161
322,329,1789636239746563976,1789636239746743745,-0.179769,0.179769,1789636239848930599,1789636239849370834,-0.440245,0.440245
324,331,1789636239847539036,1789636239846589081,0.949955,0.949955,1789636239947688257,1789636239959984549,-12.295892,12.295892
325,332,1789636239946612387,1789636239947042205,-0.429818,0.429818,1789636240048377667,1789636240097800414,-49.422466,49.422466
326,333,1789636240047741143,1789636240046731069,1.010074,1.010074,1789636240174223724,1789636240174681920,-0.458034,0.458034
327,334,1789636240147490108,1789636240146613263,0.876845,0.876845,1789636240248064903,1789636240248561634,-0.49639,0.49639
328,335,1789636240247488203,1789636240247054820,0.433383,0.433383,1789636240347785608,1789636240351555306,-3.769692,3.769692
329,336,1789636240347582760,1789636240346666788,0.915972,0.915972,1789636240447912794,1789636240488268204,-40.355025,40.355025
330,337,1789636240447622241,1789636240446582035,1.040206,1.040206,1789636240619024039,1789636240619777681,-0.753615,0.753615
332,338,1789636240546448317,1789636240546633821,-0.185504,0.185504,1789636240648003050,1789636240747529833,-99.52703,99.52703
331,339,1789636240646543199,1789636240646606515,-0.063316,0.063316,1789636240748256618,1789636240761456517,-13.200134,13.200134
333,340,1789636240746510784,1789636240746631837,-0.121053,0.121053,1789636240847762067,1789636240903244636,-55.482544,55.482544
334,341,1789636240847546028,1789636240846726263,0.819765,0.819765,1789636240947985869,1789636240952309476,-4.323659,4.323659
335,342,1789636240946621401,1789636240946648588,-0.027187,0.027187,1789636241047747743,1789636241066800654,-19.052583,19.052583
336,343,1789636241047732705,1789636241046611849,1.120856,1.120856,1789636241147943516,1789636241152690381,-4.746671,4.746671
337,344,1789636241147582682,1789636241146687591,0.895091,0.895091,1789636241432114614,1789636241432634492,-0.519317,0.519317
338,345,1789636241247567868,1789636241247161997,0.405871,0.405871,1789636241433530728,1789636241433917380,-0.386723,0.386723
339,347,1789636241347685531,1789636241346577649,1.107882,1.107882,1789636241489922908,1789636241547915857,-57.993247,57.993247
340,346,1789636241446523648,1789636241446686151,-0.162503,0.162503,1789636241636343598,1789636241636901799,-0.557747,0.557747
341,348,1789636241546605340,1789636241547172984,-0.567644,0.567644,1789636241647991913,1789636241709581756,-61.590344,61.590344
342,350,1789636241646543153,1789636241646637857,-0.094704,0.094704,1789636241824804551,1789636241847697569,-22.893274,22.893274
343,349,1789636241746698674,1789636241746755769,-0.057095,0.057095,1789636241917687135,1789636241947415666,-29.728569,29.728569
347,353,1789636256946522156,1789636256946730114,-0.207958,0.207958,1789636257496307913,1789636257496796611,-0.488355,0.488355
346,354,1789636257046595043,1789636257047451939,-0.856896,0.856896,1789636257497633565,1789636257498671960,-1.038539,1.038539
348,355,1789636257146758972,1789636257146552721,0.206251,0.206251,1789636257500635990,1789636257501337946,-0.701944,0.701944
350,357,1789636257246745034,1789636257246578694,0.16634,0.16634,1789636257502654739,1789636257503242089,-0.587309,0.587309
349,356,1789636257346978229,1789636257346515320,0.462909,0.462909,1789636257504181912,1789636257504634856,-0.452945,0.452945
351,358,1789636257446782301,1789636257446678957,0.103344,0.103344,1789636257547956929,1789636257548692311,-0.735432,0.735432
352,360,1789636257647008725,1789636257646532448,0.476277,0.476277,1789636257747684617,1789636257748586373,-0.901523,0.901523
353,361,1789636257746559898,1789636257746738176,-0.178278,0.178278,1789636257848421615,1789636257849062468,-0.640698,0.640698
354,362,1789636257846766980,1789636257846637496,0.129484,0.129484,1789636257947734667,1789636258047711803,-99.97754,99.97754
355,363,1789636257946642479,1789636257946563786,0.078693,0.078693,1789636258087840128,1789636258088769818,-0.929634,0.929634
356,364,1789636258046802547,1789636258046686863,0.115684,0.115684,1789636258147607855,1789636258156593333,-8.98526,8.98526
357,366,1789636258146789079,1789636258146677719,0.11136,0.11136,1789636258247844422,1789636258348084528,-100.2404,100.2404
358,365,1789636258246582093,1789636258246786319,-0.204226,0.204226,1789636258468724903,1789636258469253067,-0.528045,0.528045
359,367,1789636258346789925,1789636258346679911,0.110014,0.110014,1789636258471630264,1789636258472291569,-0.661248,0.661248
360,368,1789636258446805834,1789636258446643228,0.162606,0.162606,1789636258548071380,1789636258593921498,-45.850016,45.850016
361,370,1789636258646961149,1789636258646612068,0.349081,0.349081,1789636258747733316,1789636258748575972,-0.842475,0.842475
362,371,1789636258746662141,1789636258746628380,0.033761,0.033761,1789636258848138244,1789636258947782276,-99.644199,99.644199
363,372,1789636258946945249,1789636258946537953,0.407296,0.407296,1789636259047705202,1789636259048314012,-0.608479,0.608479
364,373,1789636259046683473,1789636259046621539,0.061934,0.061934,1789636259147902681,1789636259161957694,-14.05463,14.05463
365,374,1789636259147033296,1789636259146607998,0.425298,0.425298,1789636259247896119,1789636259347737698,-99.842057,99.842057
367,376,1789636259347027819,1789636259346633957,0.393862,0.393862,1789636259447570931,1789636259547723516,-100.152587,100.152587
366,375,1789636259446647403,1789636259446578968,0.068435,0.068435,1789636259567953303,1789636259568643438,-0.689927,0.689927
368,377,1789636259547119080,1789636259546962692,0.156388,0.156388,1789636259647897411,1789636259747371731,-99.47488,99.47488
369,378,1789636259646621610,1789636259646662990,-0.04138,0.04138,1789636259771831074,1789636259791938850,-20.107636,20.107636
370,379,1789636259746703392,1789636259746724314,-0.020922,0.020922,1789636259847867838,1789636259848613136,-0.745279,0.745279
371,380,1789636259846752513,1789636259846721272,0.031241,0.031241,1789636259947687365,1789636260002677741,-54.990412,54.990412
372,381,1789636259946641246,1789636259946608900,0.032346,0.032346,1789636260047873821,1789636260059824715,-11.950486,11.950486
373,382,1789636260046599734,1789636260046555314,0.04442,0.04442,1789636260148149927,1789636260198177156,-50.027477,50.027477
374,383,1789636260146672657,1789636260146746857,-0.0742,0.0742,1789636260248003451,1789636260258541228,-10.537611,10.537611
375,384,1789636260246786980,1789636260246606927,0.180053,0.180053,1789636260347587969,1789636260357846123,-10.25813,10.25813
377,385,1789636260346601852,1789636260346622988,-0.021136,0.021136,1789636260448003928,1789636260547923525,-99.91989,99.91989
376,386,1789636260446711099,1789636260446733910,-0.022811,0.022811,1789636260611196710,1789636260611808729,-0.611649,0.611649
378,387,1789636260547133915,1789636260546854431,0.279484,0.279484,1789636260658798497,1789636260735264618,-76.466355,76.466355
379,388,1789636260646650304,1789636260646684747,-0.034443,0.034443,1789636260747834906,1789636260748714457,-0.879376,0.879376
380,390,1789636260746623545,1789636260746694607,-0.071062,0.071062,1789636260847564540,1789636260947567368,-100.003106,100.003106
381,389,1789636260846660240,1789636260846590310,0.06993,0.06993,1789636261030627560,1789636261031129048,-0.50138,0.50138
382,391,1789636260946628330,1789636260946736087,-0.107757,0.107757,1789636261048014802,1789636261054821757,-6.806936,6.806936
383,393,1789636261046713512,1789636261046673357,0.040155,0.040155,1789636261147614235,1789636261248032242,-100.418357,100.418357
384,392,1789636261146685874,1789636261146599467,0.086407,0.086407,1789636261248714711,1789636261347490016,-98.775886,98.775886
395,402,1789636293447025926,1789636293446635684,0.390242,0.390242,1789636293950782992,1789636293950170282,0.612328,0.612328
397,404,1789636293547982091,1789636293547725256,0.256835,0.256835,1789636293953069088,1789636293953725998,-0.656927,0.656927
396,405,1789636293647277918,1789636293647393714,-0.115796,0.115796,1789636293954157059,1789636293956490038,-2.33292,2.33292
399,406,1789636293747070943,1789636293747391070,-0.320127,0.320127,1789636293955630767,1789636293957472400,-1.841449,1.841449
398,407,1789636293847141838,1789636293847444772,-0.302934,0.302934,1789636293956885622,1789636293959257902,-2.372248,2.372248
400,408,1789636293947349325,1789636293947411241,-0.061916,0.061916,1789636294047774055,1789636294070294265,-22.520508,22.520508
402,410,1789636294047177759,1789636294047488055,-0.310296,0.310296,1789636294147812251,1789636294247590614,-99.778104,99.778104
401,409,1789636294147216919,1789636294147456274,-0.239355,0.239355,1789636294610355658,1789636294610776289,-0.420169,0.420169
403,411,1789636294247008803,1789636294246680906,0.327897,0.327897,1789636294613239782,1789636294613931500,-0.69174,0.69174
404,413,1789636294347061956,1789636294347478875,-0.416919,0.416919,1789636294614739816,1789636294615877565,-1.137872,1.137872
405,412,1789636294447117494,1789636294447448325,-0.330831,0.330831,1789636294616741488,1789636294617331454,-0.589951,0.589951
406,414,1789636294547736045,1789636294547575816,0.160229,0.160229,1789636294647747199,1789636294747312542,-99.565615,99.565615
407,415,1789636294647205920,1789636294646632287,0.573633,0.573633,1789636294782305039,1789636294782981012,-0.675469,0.675469
408,416,1789636294747100955,1789636294747411663,-0.310708,0.310708,1789636294848442966,1789636294947456791,-99.013964,99.013964
409,417,1789636294847274720,1789636294847422449,-0.147729,0.147729,1789636294948306371,1789636294949027949,-0.721693,0.721693
410,419,1789636294947134517,1789636294947517792,-0.383275,0.383275,1789636295047620873,1789636295147641491,-100.0209,100.0209
411,418,1789636295047103270,1789636295047498375,-0.395105,0.395105,1789636295478845143,1789636295584972394,-106.127519,106.127519
412,420,1789636303947279626,1789636303947756397,-0.476771,0.476771,1789636304488259898,1789636304488891182,-0.631074,0.631074
413,421,1789636304047395183,1789636304047683006,-0.287823,0.287823,1789636304489817704,1789636304490406677,-0.588864,0.588864
414,422,1789636304147544371,1789636304147648088,-0.103717,0.103717,1789636304492507262,1789636304493428770,-0.921515,0.921515
415,423,1789636304247287134,1789636304247758443,-0.471309,0.471309,1789636304493993780,1789636304495146018,-1.152348,1.152348
416,424,1789636304347326431,1789636304347671172,-0.344741,0.344741,1789636304496007728,1789636304497178611,-1.170888,1.170888
417,425,1789636304447336016,1789636304446950715,0.385301,0.385301,1789636304548179654,1789636304600348007,-52.16823,52.16823
418,427,1789636304548198704,1789636304547797695,0.401009,0.401009,1789636304647796017,1789636304747466321,-99.670764,99.670764
419,426,1789636304647359344,1789636304647730430,-0.371086,0.371086,1789636304759130831,1789636304847200687,-88.070053,88.070053
421,428,1789636310946719737,1789636310946774197,-0.05446,0.05446,1789636311480562511,1789636311448205702,32.356376,32.356376
423,429,1789636311046547353,1789636311046839938,-0.292585,0.292585,1789636311483926934,1789636311481393019,2.533767,2.533767
422,430,1789636311147520765,1789636311146804183,0.716582,0.716582,1789636311485125480,1789636311484655627,0.469875,0.469875
424,431,1789636311247461267,1789636311246834123,0.627144,0.627144,1789636311487350898,1789636311485912523,1.438316,1.438316
425,432,1789636311347511326,1789636311346426798,1.084528,1.084528,1789636311488447960,1789636311487962680,0.485278,0.485278
426,433,1789636311447458738,1789636311447847212,-0.388474,0.388474,1789636311548001222,1789636311548630112,-0.628709,0.628709
427,434,1789636311546545355,1789636311546888602,-0.343247,0.343247,1789636311647825978,1789636311648952847,-1.126739,1.126739
428,435,1789636311647493174,1789636311646430548,1.062626,1.062626,1789636311747651953,1789636311766117737,-18.465878,18.465878
429,437,1789636311746605581,1789636311746567437,0.038144,0.038144,1789636311848093635,1789636311947496731,-99.403097,99.403097
430,436,1789636311846522716,1789636311846905124,-0.382408,0.382408,1789636311996148771,1789636311996692349,-0.543343,0.543343
431,438,1789636311946469894,1789636311946947950,-0.478056,0.478056,1789636312047895495,1789636312049030481,-1.134697,1.134697
432,439,1789636312047595885,1789636312046860906,0.734979,0.734979,1789636312147744923,1789636312150849056,-3.103913,3.103913
433,440,1789636312147591159,1789636312146818488,0.772671,0.772671,1789636312247835935,1789636312248514681,-0.678547,0.678547
435,441,1789636312346584230,1789636312347853233,-1.269003,1.269003,1789636312448204496,1789636312463060018,-14.85551,14.85551
436,442,1789636312447522154,1789636312446499228,1.022926,1.022926,1789636312547713792,1789636312594185915,-46.471908,46.471908
437,443,1789636312548168459,1789636312546897108,1.271351,1.271351,1789636312648291025,1789636312729174150,-80.883136,80.883136
438,444,1789636312647561511,1789636312646545231,1.01628,1.01628,1789636312747664831,1789636312759981195,-12.316307,12.316307
439,445,1789636312747512569,1789636312746503497,1.009072,1.009072,1789636312847915693,1789636312850003274,-2.087353,2.087353
440,447,1789636312847577916,1789636312846923735,0.654181,0.654181,1789636312947823529,1789636313047551730,-99.728167,99.728167
441,446,1789636312947578049,1789636312946852224,0.725825,0.725825,1789636313048368967,1789636313049066835,-0.697798,0.697798
442,448,1789636313046602169,1789636313046838473,-0.236304,0.236304,1789636313148128456,1789636313160907502,-12.778903,12.778903
443,449,1789636313147610475,1789636313146865556,0.744919,0.744919,1789636313247802111,1789636313248568533,-0.766296,0.766296
444,450,1789636313247510226,1789636313246561333,0.948893,0.948893,1789636313347586460,1789636313348307139,-0.72031,0.72031
445,451,1789636313346600814,1789636313346470220,0.130594,0.130594,1789636313448037625,1789636313488392774,-40.354836,40.354836
446,452,1789636313447558781,1789636313446872532,0.686249,0.686249,1789636313547795072,1789636313610528899,-62.734006,62.734006
447,453,1789636313546683580,1789636313546527856,0.155724,0.155724,1789636313647853444,1789636313648959667,-1.106097,1.106097
448,454,1789636313647601273,1789636313646985522,0.615751,0.615751,1789636313747705131,1789636313748328722,-0.623464,0.623464
449,455,1789636313747545038,1789636313746854571,0.690467,0.690467,1789636313847574297,1789636313848095011,-0.520525,0.520525
450,456,1789636313847522392,1789636313846557089,0.965303,0.965303,1789636313948087139,1789636313948957257,-0.869728,0.869728
451,457,1789636313947606717,1789636313946875448,0.731269,0.731269,1789636314047802763,1789636314103861770,-56.058951,56.058951
452,458,1789636314047602076,1789636314046849622,0.752454,0.752454,1789636314147438215,1789636314148100042,-0.661733,0.661733
453,459,1789636314146592519,1789636314146570105,0.022414,0.022414,1789636314247564628,1789636314248155251,-0.590506,0.590506
455,460,1789636314246601526,1789636314246392640,0.208886,0.208886,1789636314405109512,1789636314447664219,-42.554694,42.554694
454,461,1789636314346658962,1789636314346849260,-0.190298,0.190298,1789636314449103138,1789636314449646374,-0.543204,0.543204
456,462,1789636314446409604,1789636314447036384,-0.62678,0.62678,1789636314547812284,1789636314548454180,-0.641536,0.641536
457,463,1789636314546577362,1789636314546942246,-0.364884,0.364884,1789636314651053925,1789636314690890973,-39.837144,39.837144
458,464,1789636314647566159,1789636314646943279,0.62288,0.62288,1789636314747729402,1789636314748480075,-0.750488,0.750488
459,465,1789636314746581538,1789636314746920983,-0.339445,0.339445,1789636314848071419,1789636314862196413,-14.125082,14.125082
460,466,1789636314846600372,1789636314846870593,-0.270221,0.270221,1789636314957837903,1789636314958292456,-0.454341,0.454341
462,468,1789636314946635144,1789636314946875293,-0.240149,0.240149,1789636315048131189,1789636315147818940,-99.687895,99.687895
461,467,1789636315046590590,1789636315046422117,0.168473,0.168473,1789636315284779533,1789636315285594644,-0.814621,0.814621
463,469,1789636315146414177,1789636315146902598,-0.488421,0.488421,1789636315288418476,1789636315289229927,-0.811001,0.811001
464,470,1789636315246625410,1789636315246525449,0.099961,0.099961,1789636315348513039,1789636315358074854,-9.561525,9.561525
465,471,1789636315346553537,1789636315346978648,-0.425111,0.425111,1789636315448137787,1789636315460952104,-12.814406,12.814406
466,472,1789636315446454348,1789636315446891129,-0.436781,0.436781,1789636315547855753,1789636315564062915,-16.207329,16.207329
467,473,1789636315546631256,1789636315546894630,-0.263374,0.263374,1789636315647929800,1789636315655828608,-7.898503,7.898503
468,474,1789636315646679653,1789636315646554178,0.125475,0.125475,1789636315747841271,1789636315748490752,-0.649123,0.649123
469,475,1789636315746453850,1789636315746907265,-0.453415,0.453415,1789636315848191705,1789636315862921141,-14.72965,14.72965
470,476,1789636315847610093,1789636315846912791,0.697302,0.697302,1789636315959709599,1789636315960217482,-0.507357,0.507357
471,477,1789636315946626181,1789636315946483176,0.143005,0.143005,1789636316047529616,1789636316071105551,-23.575696,23.575696
472,478,1789636316046626086,1789636316046442188,0.183898,0.183898,1789636316147764090,1789636316244720937,-96.957268,96.957268
473,479,1789636316146540411,1789636316146684666,-0.144255,0.144255,1789636316247961119,1789636316248771748,-0.810672,0.810672
474,481,1789636316246673027,1789636316246475369,0.197658,0.197658,1789636316347671884,1789636316447739611,-100.068255,100.068255
475,480,1789636316346415264,1789636316346988708,-0.573444,0.573444,1789636316483424078,1789636316547464476,-64.040686,64.040686
476,482,1789636316546665730,1789636316546921817,-0.256087,0.256087,1789636317048526971,1789636317049333414,-0.806059,0.806059
477,483,1789636316646564302,1789636316646954797,-0.390495,0.390495,1789636317049868021,1789636317052898621,-3.030629,3.030629
478,484,1789636316746638668,1789636316746431427,0.207241,0.207241,1789636317050643745,1789636317054456411,-3.812521,3.812521
480,485,1789636316847642954,1789636316846977906,0.665048,0.665048,1789636317053999240,1789636317055981992,-1.982717,1.982717
479,486,1789636316947665805,1789636316946913973,0.751832,0.751832,1789636317055076017,1789636317057408307,-2.332246,2.332246
481,487,1789636317046561604,1789636317046700797,-0.139193,0.139193,1789636317148089063,1789636317194889753,-46.800673,46.800673
482,488,1789636317146539179,1789636317146710190,-0.171011,0.171011,1789636317284803807,1789636317285280920,-0.477144,0.477144
483,489,1789636317246581936,1789636317246998701,-0.416765,0.416765,1789636317347980561,1789636317348666999,-0.686238,0.686238
484,490,1789636317346605294,1789636317346634410,-0.029116,0.029116,1789636317458981111,1789636317474746120,-15.764738,15.764738
485,491,1789636317447778585,1789636317446529951,1.248634,1.248634,1789636317617602069,1789636317618210795,-0.608291,0.608291
487,492,1789636317546584269,1789636317546982246,-0.397977,0.397977,1789636317865618349,1789636317866005401,-0.386851,0.386851
486,493,1789636317647622479,1789636317647178175,0.444304,0.444304,1789636317866701813,1789636317867317032,-0.615163,0.615163
488,494,1789636317746608925,1789636317747015402,-0.406477,0.406477,1789636317869176474,1789636317869788668,-0.61217,0.61217
489,495,1789636317846598139,1789636317847043359,-0.44522,0.44522,1789636317948154658,1789636317950223650,-2.068632,2.068632
490,496,1789636317947656253,1789636317946636933,1.01932,1.01932,1789636318047899310,1789636318048553091,-0.653412,0.653412
491,497,1789636318046602277,1789636318047077576,-0.475299,0.475299,1789636318148252199,1789636318155944468,-7.692135,7.692135
492,498,1789636318147741786,1789636318146570468,1.171318,1.171318,1789636318247673708,1789636318248332962,-0.658736,0.658736
493,499,1789636318246741476,1789636318246968526,-0.22705,0.22705,1789636318348217754,1789636318348832598,-0.614603,0.614603
494,500,1789636318347749003,1789636318346571029,1.177974,1.177974,1789636318447716638,1789636318448459731,-0.742862,0.742862
495,501,1789636318446687297,1789636318446513738,0.173559,0.173559,1789636318547708000,1789636318548489840,-0.781556,0.781556
496,502,1789636318546712426,1789636318546980403,-0.267977,0.267977,1789636318648047962,1789636318722945391,-74.897254,74.897254
497,503,1789636318646622338,1789636318647097165,-0.474827,0.474827,1789636318747641715,1789636318759979790,-12.337669,12.337669
498,504,1789636318746635232,1789636318747062432,-0.4272,0.4272,1789636318848436319,1789636318848994192,-0.557573,0.557573
499,505,1789636318847696750,1789636318846699080,0.99767,0.99767,1789636318947936255,1789636318954043079,-6.106265,6.106265
500,506,1789636318947788711,1789636318946586937,1.201774,1.201774,1789636319047568726,1789636319050271335,-2.702204,2.702204
501,507,1789636319047715496,1789636319046501281,1.214215,1.214215,1789636319147729126,1789636319148325611,-0.59634,0.59634
502,508,1789636319146631839,1789636319147017283,-0.385444,0.385444,1789636319248119301,1789636319248733702,-0.614149,0.614149
503,509,1789636319246661319,1789636319246605006,0.056313,0.056313,1789636319347530918,1789636319348213063,-0.682003,0.682003
504,510,1789636319346693338,1789636319346569192,0.124146,0.124146,1789636319448235525,1789636319458693450,-10.457539,10.457539
505,511,1789636319447791819,1789636319446983564,0.808255,0.808255,1789636319547815679,1789636319554803257,-6.986971,6.986971
506,512,1789636319546612284,1789636319546633642,-0.021358,0.021358,1789636319648383534,1789636319648873098,-0.489309,0.489309
507,513,1789636319646653532,1789636319647064992,-0.41146,0.41146,1789636319769809003,1789636319770348527,-0.539,0.539
508,514,1789636319746610491,1789636319746679622,-0.069131,0.069131,1789636319848681689,1789636319870799523,-22.117482,22.117482
509,515,1789636319846603522,1789636319847034674,-0.431152,0.431152,1789636319948529001,1789636319968928693,-20.39977,20.39977
510,516,1789636319946658860,1789636319946795637,-0.136777,0.136777,1789636320047893271,1789636320049308316,-1.414515,1.414515
511,517,1789636320046513037,1789636320046625388,-0.112351,0.112351,1789636320148427410,1789636320170387361,-21.960008,21.960008
512,518,1789636320146768609,1789636320146565405,0.203204,0.203204,1789636320247991858,1789636320252855649,-4.863288,4.863288
513,519,1789636320246514690,1789636320246724115,-0.209425,0.209425,1789636320347890784,1789636320348642347,-0.751107,0.751107
514,520,1789636320346661330,1789636320346704074,-0.042744,0.042744,1789636320448030260,1789636320450089128,-2.058562,2.058562
515,521,1789636320446681634,1789636320447108161,-0.426527,0.426527,1789636320548048803,1789636320583822290,-35.773419,35.773419
516,522,1789636320548408523,1789636320547037489,1.371034,1.371034,1789636320647546617,1789636320648413120,-0.86612,0.86612
517,523,1789636320646578251,1789636320646655629,-0.077378,0.077378,1789636320747942571,1789636320751043410,-3.100573,3.100573
518,524,1789636320746706333,1789636320747099096,-0.392763,0.392763,1789636320847662729,1789636320848816070,-1.152899,1.152899
519,525,1789636320846565140,1789636320847025976,-0.460836,0.460836,1789636320947835529,1789636320948511424,-0.675705,0.675705
520,526,1789636320946706677,1789636320947123767,-0.41709,0.41709,1789636321047895546,1789636321048590776,-0.694912,0.694912
521,527,1789636321046566069,1789636321047168198,-0.602129,0.602129,1789636321150648501,1789636321151111538,-0.46283,0.46283
522,528,1789636321146752425,1789636321146550663,0.201762,0.201762,1789636321247901235,1789636321248426165,-0.524485,0.524485
523,529,1789636321246666782,1789636321246644802,0.02198,0.02198,1789636321348272768,1789636321365150841,-16.878073,16.878073
524,530,1789636321347718690,1789636321347084881,0.633809,0.633809,1789636321447774650,1789636321448699970,-0.924939,0.924939
525,531,1789636321446563523,1789636321446764464,-0.200941,0.200941,1789636321547868095,1789636321548477349,-0.608969,0.608969
526,532,1789636321546719458,1789636321546627654,0.091804,0.091804,1789636321647699374,1789636321673857649,-26.158126,26.158126
527,533,1789636321646592709,1789636321646768641,-0.175932,0.175932,1789636321747693153,1789636321788884078,-41.19093,41.19093
528,534,1789636321746572212,1789636321747039058,-0.466846,0.466846,1789636321847983226,1789636321849334052,-1.350846,1.350846
530,536,1789636321846698140,1789636321846723101,-0.024961,0.024961,1789636321996909069,1789636322047546100,-50.63688,50.63688
529,535,1789636321946560062,1789636321946612084,-0.052022,0.052022,1789636322072978811,1789636322095820870,-22.841546,22.841546
531,537,1789636322046696649,1789636322046718118,-0.021469,0.021469,1789636322147636316,1789636322150780150,-3.143634,3.143634
532,538,1789636322146680823,1789636322146656975,0.023848,0.023848,1789636322248407683,1789636322249020212,-0.61207,0.61207
533,539,1789636322246697742,1789636322247138837,-0.441095,0.441095,1789636322347694433,1789636322348883061,-1.188278,1.188278
534,540,1789636322346731268,1789636322347118100,-0.386832,0.386832,1789636322447538674,1789636322461346611,-13.807942,13.807942
535,541,1789636322446596916,1789636322446620278,-0.023362,0.023362,1789636322548079973,1789636322569782885,-21.703117,21.703117
536,542,1789636322546738329,1789636322546634987,0.103342,0.103342,1789636322648233844,1789636322669805498,-21.571733,21.571733
537,543,1789636322646895134,1789636322647061804,-0.16667,0.16667,1789636322747857346,1789636322767896519,-20.038951,20.038951
538,544,1789636322746603834,1789636322746636617,-0.032783,0.032783,1789636322847881193,1789636322872798723,-24.917477,24.917477
539,545,1789636322846632612,1789636322846814336,-0.181724,0.181724,1789636322948396737,1789636323048046534,-99.650158,99.650158
540,546,1789636322946653426,1789636322947220775,-0.567349,0.567349,1789636323148357933,1789636323149145392,-0.787296,0.787296
541,547,1789636323046702747,1789636323046643282,0.059465,0.059465,1789636323151628697,1789636323152275084,-0.646341,0.646341
542,548,1789636323146717720,1789636323147120021,-0.402301,0.402301,1789636323258806151,1789636323259314651,-0.508197,0.508197
543,549,1789636323246660322,1789636323246635325,0.024997,0.024997,1789636323347836930,1789636323349029693,-1.192459,1.192459
544,550,1789636323346703042,1789636323346601745,0.101297,0.101297,1789636323447827543,1789636323452881107,-5.053261,5.053261
545,551,1789636323446668738,1789636323446727266,-0.058528,0.058528,1789636323548321167,1789636323591798673,-43.477394,43.477394
547,553,1789636323546774182,1789636323547142979,-0.368797,0.368797,1789636323722994174,1789636323747501536,-24.507386,24.507386
546,552,1789636323646587521,1789636323647121249,-0.533728,0.533728,1789636323748219344,1789636323752705217,-4.485804,4.485804
548,554,1789636323746635172,1789636323746660448,-0.025276,0.025276,1789636323847686755,1789636323848979126,-1.292191,1.292191
549,555,1789636323846606670,1789636323846664619,-0.057949,0.057949,1789636323947932067,1789636323975522853,-27.590728,27.590728
550,556,1789636323946699783,1789636323946634810,0.064973,0.064973,1789636324047671037,1789636324073848563,-26.177374,26.177374
551,557,1789636324046681758,1789636324046702917,-0.021159,0.021159,1789636324148283082,1789636324149777687,-1.494111,1.494111
552,558,1789636324146731862,1789636324147180568,-0.448706,0.448706,1789636324247766113,1789636324270869516,-23.103301,23.103301
554,560,1789636324246699234,1789636324246628908,0.070326,0.070326,1789636324347617605,1789636324447482196,-99.86483,99.86483
553,559,1789636324346602653,1789636324346720237,-0.117584,0.117584,1789636324454864193,1789636324487836302,-32.972056,32.972056
555,561,1789636324446798936,1789636324446597232,0.201704,0.201704,1789636324547709447,1789636324568795081,-21.085653,21.085653
556,562,1789636324546686931,1789636324547115723,-0.428792,0.428792,1789636324647765197,1789636324691898507,-44.133017,44.133017
557,563,1789636324646627578,1789636324647103486,-0.475908,0.475908,1789636324748105524,1789636324766853447,-18.747954,18.747954
558,564,1789636324746706474,1789636324747251555,-0.545081,0.545081,1789636324847797542,1789636324848481252,-0.683626,0.683626
559,565,1789636324846636661,1789636324846812372,-0.175711,0.175711,1789636324947873655,1789636324952781175,-4.907151,4.907151
560,566,1789636324946612650,1789636324946795250,-0.1826,0.1826,1789636325047783709,1789636325074804496,-27.020958,27.020958
561,567,1789636325046666252,1789636325046607567,0.058685,0.058685,1789636325147631898,1789636325172792395,-25.160275,25.160275
562,568,1789636325146646375,1789636325147114115,-0.46774,0.46774,1789636325247917120,1789636325257210676,-9.293574,9.293574
563,569,1789636325246688399,1789636325246667557,0.020842,0.020842,1789636325347559123,1789636325370069607,-22.510418,22.510418
564,570,1789636325346693483,1789636325346661140,0.032343,0.032343,1789636325447982354,1789636325448909756,-0.927181,0.927181
565,571,1789636325446707924,1789636325446751024,-0.0431,0.0431,1789636325547879009,1789636325548803764,-0.924499,0.924499
566,572,1789636325546701486,1789636325546726774,-0.025288,0.025288,1789636325674816829,1789636325675385756,-0.568498,0.568498
567,573,1789636325646690517,1789636325646655568,0.034949,0.034949,1789636325747816846,1789636325760845967,-13.028847,13.028847
568,574,1789636325746800264,1789636325746648806,0.151458,0.151458,1789636325849780536,1789636325918681697,-68.90107,68.90107
569,575,1789636325846667199,1789636325846750507,-0.083308,0.083308,1789636325947787922,1789636326024879598,-77.09188,77.09188
570,576,1789636325946691103,1789636325946759895,-0.068792,0.068792,1789636326049867230,1789636326050248965,-0.38147,0.38147
571,577,1789636326046749226,1789636326047173135,-0.423909,0.423909,1789636326148062108,1789636326174171985,-26.110046,26.110046
572,578,1789636326147826522,1789636326146730598,1.095924,1.095924,1789636326293091702,1789636326312840075,-19.748092,19.748092
573,579,1789636326246788319,1789636326246749133,0.039186,0.039186,1789636326347475776,1789636326348219694,-0.743653,0.743653
574,580,1789636326346763859,1789636326346640805,0.123054,0.123054,1789636326447825480,1789636326461813181,-13.987238,13.987238
575,581,1789636326446685245,1789636326446654982,0.030263,0.030263,1789636326548375816,1789636326554164948,-5.788873,5.788873
576,582,1789636326546772303,1789636326546673204,0.099099,0.099099,1789636326647758151,1789636326677815703,-30.05714,30.05714
577,583,1789636326646671895,1789636326647238047,-0.566152,0.566152,1789636326758061296,1789636326773837255,-15.77573,15.77573
578,584,1789636326747999493,1789636326747146885,0.852608,0.852608,1789636326880718634,1789636326887963661,-7.244509,7.244509
579,585,1789636326846746810,1789636326847251354,-0.504544,0.504544,1789636326947801243,1789636326984842181,-37.040775,37.040775
581,586,1789636326946668577,1789636326946734413,-0.065836,0.065836,1789636327047969504,1789636327147686420,-99.716968,99.716968
580,587,1789636327046817171,1789636327047199651,-0.38248,0.38248,1789636327171708051,1789636327182986144,-11.278185,11.278185
582,588,1789636327146751490,1789636327147199663,-0.448173,0.448173,1789636327247352648,1789636327249215306,-1.862397,1.862397
583,589,1789636327246642305,1789636327246606575,0.03573,0.03573,1789636327347769870,1789636327371144685,-23.374688,23.374688
584,590,1789636327346806289,1789636327346725787,0.080502,0.080502,1789636327448195179,1789636327453845504,-5.650103,5.650103
585,591,1789636327446701557,1789636327447163544,-0.461987,0.461987,1789636327547765405,1789636327548687855,-0.922576,0.922576
586,592,1789636327548484505,1789636327546696002,1.788503,1.788503,1789636327648000297,1789636327649240099,-1.239483,1.239483
587,593,1789636327646603928,1789636327646670777,-0.066849,0.066849,1789636327748106351,1789636327759007341,-10.900628,10.900628
588,594,1789636327746618889,1789636327746698071,-0.079182,0.079182,1789636327847670956,1789636327848452991,-0.781723,0.781723
589,595,1789636327846600731,1789636327847132660,-0.531929,0.531929,1789636327954074553,1789636327954564596,-0.48987,0.48987
590,596,1789636327946600734,1789636327946632523,-0.031789,0.031789,1789636328048147776,1789636328064186654,-16.038765,16.038765
591,597,1789636328046566498,1789636328047171612,-0.605114,0.605114,1789636328158733888,1789636328205808333,-47.074409,47.074409
592,598,1789636328147741697,1789636328146787018,0.954679,0.954679,1789636328271803095,1789636328272472342,-0.668929,0.668929
593,599,1789636328246548618,1789636328246631362,-0.082744,0.082744,1789636328433295043,1789636328433829039,-0.533483,0.533483
594,600,1789636328346621182,1789636328347115768,-0.494586,0.494586,1789636328447927413,1789636328448655809,-0.728277,0.728277
595,601,1789636328446610008,1789636328446710126,-0.100118,0.100118,1789636328558866741,1789636328616907251,-58.040693,58.040693
597,602,1789636328546585485,1789636328546638001,-0.052516,0.052516,1789636328647583458,1789636328747776097,-100.193324,100.193324
596,603,1789636328646605504,1789636328647053768,-0.448264,0.448264,1789636328756048842,1789636328756471152,-0.42237,0.42237
598,604,1789636328746659285,1789636328747000159,-0.340874,0.340874,1789636328847661692,1789636328854831957,-7.170161,7.170161
599,605,1789636328846575293,1789636328847116324,-0.541031,0.541031,1789636328947748047,1789636328949995803,-2.247296,2.247296
600,606,1789636328946480398,1789636328947083055,-0.602657,0.602657,1789636329047574731,1789636329048421426,-0.846457,0.846457
601,607,1789636329046645009,1789636329046601107,0.043902,0.043902,1789636329154128321,1789636329173307080,-19.178571,19.178571
602,608,1789636329146715358,1789636329146536003,0.179355,0.179355,1789636329308925859,1789636329309544140,-0.618071,0.618071
603,609,1789636329247653845,1789636329247243609,0.410236,0.410236,1789636329348021216,1789636329348756487,-0.735337,0.735337
604,610,1789636329346475547,1789636329346637207,-0.16166,0.16166,1789636329447857166,1789636329448547048,-0.68972,0.68972
605,611,1789636329446693738,1789636329446486201,0.207537,0.207537,1789636329554949675,1789636329572180049,-17.230556,17.230556
606,612,1789636329546714284,1789636329546508940,0.205344,0.205344,1789636329647928602,1789636329673968856,-26.039739,26.039739
607,613,1789636329646610210,1789636329646892792,-0.282582,0.282582,1789636329747875985,1789636329768039750,-20.163947,20.163947
608,614,1789636329746597224,1789636329746954646,-0.357422,0.357422,1789636329848277774,1789636329850429623,-2.15119,2.15119
609,615,1789636329846497561,1789636329846914462,-0.416901,0.416901,1789636329948101297,1789636329980069990,-31.96873,31.96873
610,616,1789636329947566584,1789636329947003236,0.563348,0.563348,1789636330047725615,1789636330086216156,-38.490626,38.490626
611,617,1789636330046444123,1789636330046918422,-0.474299,0.474299,1789636330147746776,1789636330190197655,-42.450768,42.450768
612,618,1789636330146742155,1789636330146844334,-0.102179,0.102179,1789636330247641718,1789636330256924428,-9.28282,9.28282
613,619,1789636330246496822,1789636330246969609,-0.472787,0.472787,1789636330347712500,1789636330399848029,-52.135816,52.135816
614,620,1789636330346478892,1789636330346884418,-0.405526,0.405526,1789636330447897960,1789636330480619939,-32.722074,32.722074
615,621,1789636330446653209,1789636330446529775,0.123434,0.123434,1789636330548103880,1789636330587097514,-38.993624,38.993624
616,622,1789636330548195521,1789636330547859528,0.335993,0.335993,1789636330647775264,1789636330693226278,-45.451312,45.451312
618,623,1789636330647535449,1789636330646867960,0.667489,0.667489,1789636330881156842,1789636330881585583,-0.428438,0.428438
617,624,1789636330746621710,1789636330746810058,-0.188348,0.188348,1789636330882522878,1789636330882978264,-0.455347,0.455347
619,625,1789636330847545505,1789636330846924802,0.620703,0.620703,1789636330984991913,1789636331010507653,-25.515531,25.515531
620,626,1789636330947596557,1789636330946784999,0.811558,0.811558,1789636331047995490,1789636331147683953,-99.68843,99.68843
621,627,1789636331046563995,1789636331046832963,-0.268968,0.268968,1789636331175494384,1789636331175919895,-0.425123,0.425123
622,628,1789636331147517906,1789636331146853064,0.664842,0.664842,1789636331248004907,1789636331277133045,-29.128239,29.128239
623,629,1789636331247459029,1789636331247776220,-0.317191,0.317191,1789636331347600971,1789636331348581287,-0.9803,0.9803
624,630,1789636331346562311,1789636331346837721,-0.27541,0.27541,1789636331448517290,1789636331448984794,-0.467324,0.467324
625,631,1789636331447465756,1789636331447776664,-0.310908,0.310908,1789636331563796784,1789636331573020374,-9.223418,9.223418
626,632,1789636331548411845,1789636331546761688,1.650157,1.650157,1789636331647868743,1789636331722013689,-74.144935,74.144935
627,633,1789636331647466359,1789636331646752359,0.714,0.714,1789636331747615620,1789636331748361840,-0.745888,0.745888
628,634,1789636331747472246,1789636331746725546,0.7467,0.7467,1789636331848146797,1789636331848824379,-0.677458,0.677458
629,636,1789636331847538192,1789636331846748423,0.789769,0.789769,1789636331964961690,1789636332047799914,-82.838549,82.838549
630,635,1789636331947469499,1789636331946750435,0.719064,0.719064,1789636332049517121,1789636332050030398,-0.513205,0.513205
631,637,1789636332047495755,1789636332046718244,0.777511,0.777511,1789636332147776265,1789636332148232140,-0.455554,0.455554
632,638,1789636332147462095,1789636332146436891,1.025204,1.025204,1789636332251090246,1789636332254151180,-3.060638,3.060638
633,639,1789636332247394828,1789636332247872485,-0.477657,0.477657,1789636332363778111,1789636332416053522,-52.274927,52.274927
634,640,1789636332347492355,1789636332346738409,0.753946,0.753946,1789636332448618626,1789636332453787195,-5.16838,5.16838
635,641,1789636332447387945,1789636332446952172,0.435773,0.435773,1789636332548378001,1789636332549056015,-0.677805,0.677805
636,642,1789636332548309193,1789636332546666475,1.642718,1.642718,1789636332648237021,1789636332672104774,-23.86775,23.86775
637,643,1789636332646450777,1789636332647718771,-1.267994,1.267994,1789636332748058371,1789636332807693452,-59.635052,59.635052
638,644,1789636332747325877,1789636332746841079,0.484798,0.484798,1789636332848132831,1789636332849139633,-1.006797,1.006797
639,645,1789636332847290386,1789636332847771933,-0.481547,0.481547,1789636332948470499,1789636332964830109,-16.359763,16.359763
640,646,1789636332947351254,1789636332947650245,-0.298991,0.298991,1789636333047823985,1789636333092054595,-44.230703,44.230703
641,647,1789636333047303053,1789636333046839386,0.463667,0.463667,1789636333147513144,1789636333161524831,-14.011744,14.011744
642,648,1789636333147420713,1789636333146715490,0.705223,0.705223,1789636333248044785,1789636333260926150,-12.881178,12.881178
643,649,1789636333247321225,1789636333247602042,-0.280817,0.280817,1789636333348119728,1789636333348625091,-0.505014,0.505014
644,650,1789636333347391137,1789636333346703901,0.687236,0.687236,1789636333447832380,1789636333479131747,-31.29927,31.29927
645,651,1789636333447392184,1789636333446786363,0.605821,0.605821,1789636333548939033,1789636333549687566,-0.748231,0.748231
646,652,1789636333547942684,1789636333547801144,0.14154,0.14154,1789636333671716447,1789636333718459847,-46.74342,46.74342
647,653,1789636333647223385,1789636333647652001,-0.428616,0.428616,1789636333747805887,1789636333748525233,-0.719155,0.719155
648,654,1789636333747286952,1789636333747620939,-0.333987,0.333987,1789636333863612198,1789636333867741297,-4.129013,4.129013
649,655,1789636333847203172,1789636333846781469,0.421703,0.421703,1789636333947912517,1789636333954858379,-6.945557,6.945557
650,656,1789636333947310775,1789636333947514263,-0.203488,0.203488,1789636334048892614,1789636334062555878,-13.663131,13.663131
651,657,1789636334047476959,1789636334047575791,-0.098832,0.098832,1789636334147688763,1789636334178601468,-30.912791,30.912791
652,658,1789636334147192447,1789636334147671135,-0.478688,0.478688,1789636334296847771,1789636334322780642,-25.932862,25.932862
653,659,1789636334247272346,1789636334247489484,-0.217138,0.217138,1789636334347686366,1789636334368883437,-21.19724,21.19724
654,660,1789636334347199684,1789636334347470373,-0.270689,0.270689,1789636334448830079,1789636334467870190,-19.04002,19.04002
655,661,1789636334447503440,1789636334447472006,0.031434,0.031434,1789636334547630624,1789636334548414798,-0.783969,0.783969
656,662,1789636334548077985,1789636334547554812,0.523173,0.523173,1789636334648064100,1789636334747503763,-99.439843,99.439843
657,663,1789636334647287436,1789636334647486652,-0.199216,0.199216,1789636334748447738,1789636334752236966,-3.789226,3.789226
658,664,1789636334747264856,1789636334746645854,0.619002,0.619002,1789636334866806663,1789636334867292319,-0.485233,0.485233
659,665,1789636334847121532,1789636334846621347,0.500185,0.500185,1789636334948970019,1789636334963724026,-14.753739,14.753739
660,666,1789636334947330725,1789636334947456652,-0.125927,0.125927,1789636335048283221,1789636335087914581,-39.631269,39.631269
661,667,1789636335047134931,1789636335047561578,-0.426647,0.426647,1789636335148663778,1789636335150886757,-2.222749,2.222749
662,668,1789636335147102008,1789636335147506967,-0.404959,0.404959,1789636335295305884,1789636335295923190,-0.617033,0.617033
663,669,1789636335247178768,1789636335246608860,0.569908,0.569908,1789636335347980712,1789636335368753720,-20.772975,20.772975
664,670,1789636335347145602,1789636335347557479,-0.411877,0.411877,1789636335448161772,1789636335466822221,-18.660001,18.660001
665,672,1789636335447040151,1789636335447426202,-0.386051,0.386051,1789636335548150285,1789636335648207274,-100.056879,100.056879
666,671,1789636335547819505,1789636335547556457,0.263048,0.263048,1789636335868095713,1789636335926166149,-58.070639,58.070639
668,673,1789636335647326905,1789636335647366943,-0.040038,0.040038,1789636335928833150,1789636335929650374,-0.817192,0.817192
667,674,1789636335747175773,1789636335747427838,-0.252065,0.252065,1789636335930108833,1789636335930917318,-0.808496,0.808496
670,675,1789636335847310736,1789636335847373992,-0.063256,0.063256,1789636335948078354,1789636336047365224,-99.286904,99.286904
669,676,1789636335947269423,1789636335947331668,-0.062245,0.062245,1789636336048042407,1789636336147830768,-99.788635,99.788635
673,677,1789636343146818186,1789636343146854721,-0.036535,0.036535,1789636343672567079,1789636343671827567,0.739304,0.739304
672,678,1789636343246790384,1789636343246823226,-0.032842,0.032842,1789636343673669136,1789636343675876882,-2.207755,2.207755
675,679,1789636343346648879,1789636343346676655,-0.027776,0.027776,1789636343676529552,1789636343677016511,-0.487025,0.487025
674,680,1789636343446802666,1789636343446696127,0.106539,0.106539,1789636343677576685,1789636343679428573,-1.851911,1.851911
676,681,1789636343547273789,1789636343546885450,0.388339,0.388339,1789636343679929580,1789636343680330675,-0.401024,0.401024
677,682,1789636343646806893,1789636343646662861,0.144032,0.144032,1789636343747651902,1789636343748171707,-0.519407,0.519407
678,683,1789636343746757136,1789636343746603604,0.153532,0.153532,1789636343847859225,1789636343918455857,-70.596801,70.596801
680,685,1789636343846601218,1789636343846684390,-0.083172,0.083172,1789636343947786697,1789636344047451752,-99.665377,99.665377
679,684,1789636343946788648,1789636343946624274,0.164374,0.164374,1789636344066080232,1789636344128844260,-62.763998,62.763998
681,686,1789636344046619854,1789636344046653790,-0.033936,0.033936,1789636344147636700,1789636344210126960,-62.490742,62.490742
682,687,1789636344146600325,1789636344146639848,-0.039523,0.039523,1789636344247510737,1789636344285267173,-37.756709,37.756709
683,688,1789636344246635871,1789636344246614519,0.021352,0.021352,1789636344347727849,1789636344361700477,-13.972408,13.972408
684,689,1789636344346629888,1789636344346662064,-0.032176,0.032176,1789636344540855270,1789636344547890589,-7.03535,7.03535
685,690,1789636344446720123,1789636344446667982,0.052141,0.052141,1789636344548557798,1789636344875375759,-326.818264,326.818264
686,691,1789636346046553108,1789636346046649483,-0.096375,0.096375,1789636346629276892,1789636346630153078,-0.875845,0.875845
688,693,1789636346146697747,1789636346146536869,0.160878,0.160878,1789636346631626954,1789636346632627093,-1.000199,1.000199
687,692,1789636346246610562,1789636346246428002,0.18256,0.18256,1789636346633566233,1789636346634110420,-0.544187,0.544187
689,694,1789636346346933188,1789636346346503736,0.429452,0.429452,1789636346636186709,1789636346636844407,-0.657648,0.657648
690,695,1789636346446730453,1789636346446588642,0.141811,0.141811,1789636346637412058,1789636346638625002,-1.213068,1.213068
691,696,1789636346546957062,1789636346546656796,0.300266,0.300266,1789636346647963188,1789636346648532010,-0.568804,0.568804
692,697,1789636346646449025,1789636346646608884,-0.159859,0.159859,1789636346748251138,1789636346751596357,-3.34516,3.34516
693,698,1789636346746620922,1789636346746520594,0.100328,0.100328,1789636346847580372,1789636346873031202,-25.450844,25.450844
694,699,1789636346846589916,1789636346846611494,-0.021578,0.021578,1789636346948220834,1789636346963095333,-14.874288,14.874288
695,700,1789636346946635321,1789636346946432788,0.202533,0.202533,1789636347047748161,1789636347086902593,-39.154587,39.154587
696,701,1789636347046591551,1789636347047334173,-0.742622,0.742622,1789636347147888064,1789636347155738560,-7.850259,7.850259
697,702,1789636347146554023,1789636347146759305,-0.205282,0.205282,1789636347247877843,1789636347337619775,-89.74191,89.74191
699,703,1789636347346589071,1789636347347273452,-0.684381,0.684381,1789636347448046916,1789636347449959646,-1.912407,1.912407
700,704,1789636347446526718,1789636347446649464,-0.122746,0.122746,1789636347547658070,1789636347647715424,-100.057106,100.057106
702,706,1789636347746510844,1789636347746706641,-0.195797,0.195797,1789636347847788116,1789636347868157434,-20.369095,20.369095
703,707,1789636347846607536,1789636347846418939,0.188597,0.188597,1789636347948028765,1789636347963065084,-15.036442,15.036442
705,708,1789636348046582572,1789636348046693203,-0.110631,0.110631,1789636348147677925,1789636348221257838,-73.580165,73.580165
706,709,1789636348146604957,1789636348146486775,0.118182,0.118182,1789636348248059262,1789636348249043999,-0.984593,0.984593
707,710,1789636348246774159,1789636348246487820,0.286339,0.286339,1789636348348125045,1789636348367894125,-19.768793,19.768793
708,711,1789636348346470867,1789636348346678551,-0.207684,0.207684,1789636348447980043,1789636348547456622,-99.47695,99.47695
709,712,1789636348446828732,1789636348446434756,0.393976,0.393976,1789636348584686097,1789636348585250292,-0.564198,0.564198
710,713,1789636348546796451,1789636348546765608,0.030843,0.030843,1789636348648203783,1789636348649285026,-1.080865,1.080865
712,714,1789636348646897277,1789636348646568694,0.328583,0.328583,1789636348947520750,1789636348948002646,-0.481468,0.481468
711,715,1789636348746549597,1789636348746636464,-0.086867,0.086867,1789636348948564826,1789636348949178067,-0.61335,0.61335
713,716,1789636348846582701,1789636348846736208,-0.153507,0.153507,1789636348951364373,1789636348951852439,-0.488105,0.488105
714,718,1789636348946520861,1789636348946624685,-0.103824,0.103824,1789636349440812779,1789636349441339635,-0.526736,0.526736
715,717,1789636349046726186,1789636349046704934,0.021252,0.021252,1789636349442033517,1789636349442620537,-0.587058,0.587058
716,720,1789636349146744933,1789636349146436744,0.308189,0.308189,1789636349444905179,1789636349445449994,-0.544858,0.544858
717,719,1789636349247670676,1789636349246652867,1.017809,1.017809,1789636349445953976,1789636349446518040,-0.564055,0.564055
718,721,1789636350646653972,1789636350647035251,-0.381279,0.381279,1789636351241110841,1789636351241686798,-0.57574,0.57574
719,722,1789636350747618896,1789636350746672019,0.946877,0.946877,1789636351242371323,1789636351242994375,-0.623047,0.623047
721,723,1789636350846700337,1789636350847093025,-0.392688,0.392688,1789636351245168838,1789636351245826187,-0.65739,0.65739
723,724,1789636352747444471,1789636352747092921,0.35155,0.35155,1789636353316350036,1789636353277475564,38.874374,38.874374
724,725,1789636352847341743,1789636352846861145,0.480598,0.480598,1789636353319623517,1789636353317333733,2.289681,2.289681
725,726,1789636352947507068,1789636352947823719,-0.316651,0.316651,1789636353321295498,1789636353320362212,0.933302,0.933302
726,727,1789636353047434241,1789636353047026832,0.407409,0.407409,1789636353322860722,1789636353322121123,0.73945,0.73945
727,728,1789636353147367830,1789636353147880070,-0.51224,0.51224,1789636353324826345,1789636353323919897,0.906437,0.906437
728,729,1789636353247458102,1789636353247827401,-0.369299,0.369299,1789636353347926742,1789636353395144887,-47.218443,47.218443
730,730,1789636353347442866,1789636353347022437,0.420429,0.420429,1789636353659231130,1789636353659738137,-0.506875,0.506875
729,731,1789636353447290765,1789636353447775003,-0.484238,0.484238,1789636353660579938,1789636353661009172,-0.429215,0.429215
731,732,1789636353546547566,1789636353547770136,-1.22257,1.22257,1789636353663097836,1789636353663611490,-0.513685,0.513685
732,733,1789636353647308980,1789636353646916264,0.392716,0.392716,1789636353748258716,1789636353806626422,-58.367745,58.367745
733,735,1789636353747267466,1789636353747781472,-0.514006,0.514006,1789636353847919934,1789636353947862962,-99.943411,99.943411
734,734,1789636353847367584,1789636353847701679,-0.334095,0.334095,1789636353948748879,1789636353953820032,-5.070978,5.070978
735,736,1789636353947357540,1789636353947681649,-0.324109,0.324109,1789636354047950548,1789636354048825429,-0.874919,0.874919
736,737,1789636354047336317,1789636354047802120,-0.465803,0.465803,1789636354148786389,1789636354191535983,-42.749594,42.749594
738,738,1789636354147588282,1789636354147654739,-0.066457,0.066457,1789636354248166014,1789636354347613158,-99.447275,99.447275
737,739,1789636354247403508,1789636354247666502,-0.262994,0.262994,1789636354348251194,1789636354349134964,-0.883805,0.883805
739,740,1789636354347369255,1789636354347678643,-0.309388,0.309388,1789636354448511470,1789636354449404607,-0.892962,0.892962
740,741,1789636354447456368,1789636354447644392,-0.188024,0.188024,1789636354547521805,1789636354548625457,-1.103672,1.103672
741,742,1789636354546711300,1789636354546762899,-0.051599,0.051599,1789636354648423602,1789636354731472846,-83.049183,83.049183
742,743,1789636354647307040,1789636354647673936,-0.366896,0.366896,1789636354810197177,1789636354810611403,-0.413782,0.413782
743,744,1789636354747422414,1789636354747626576,-0.204162,0.204162,1789636354848352816,1789636354853793151,-5.440231,5.440231
744,745,1789636354847321177,1789636354847602966,-0.281789,0.281789,1789636354948437154,1789636354950741390,-2.304098,2.304098
745,746,1789636354947186731,1789636354947625037,-0.438306,0.438306,1789636355049261934,1789636355061121840,-11.859675,11.859675
746,747,1789636355047416528,1789636355047597046,-0.180518,0.180518,1789636355147967162,1789636355202791833,-54.824552,54.824552
748,748,1789636355147190111,1789636355147612877,-0.422766,0.422766,1789636355248023768,1789636355348589180,-100.565644,100.565644
747,749,1789636355247170808,1789636355247560581,-0.389773,0.389773,1789636355357817391,1789636355385765895,-27.948524,27.948524
750,750,1789636355347488180,1789636355347558418,-0.070238,0.070238,1789636355447953119,1789636355547566439,-99.613373,99.613373
749,751,1789636355447234758,1789636355447635816,-0.401058,0.401058,1789636355548412477,1789636355548831069,-0.418612,0.418612
751,752,1789636355546599462,1789636355546526138,0.073324,0.073324,1789636355927385436,1789636355927987484,-0.601806,0.601806
752,753,1789636355647468957,1789636355647526995,-0.058038,0.058038,1789636355928634167,1789636355929215813,-0.581665,0.581665
753,754,1789636355747120886,1789636355747614228,-0.493342,0.493342,1789636355931392926,1789636355932026640,-0.633718,0.633718
754,755,1789636355847259217,1789636355847524306,-0.265089,0.265089,1789636355947633925,1789636356047616376,-99.982827,99.982827
755,756,1789636355947161877,1789636355946698432,0.463445,0.463445,1789636356048507330,1789636356048979686,-0.472344,0.472344
756,758,1789636356047094385,1789636356047536303,-0.441918,0.441918,1789636356148222139,1789636356248050624,-99.829022,99.829022
757,757,1789636356147197532,1789636356146731828,0.465704,0.465704,1789636356301814415,1789636356302319632,-0.505164,0.505164
759,760,1789636356247360620,1789636356247482683,-0.122063,0.122063,1789636356347836929,1789636356447559294,-99.722449,99.722449
758,759,1789636356347227162,1789636356347592744,-0.365582,0.365582,1789636356675484246,1789636356676003997,-0.519428,0.519428
760,761,1789636356447134868,1789636356447503821,-0.368953,0.368953,1789636356678403380,1789636356679220169,-0.816824,0.816824
761,762,1789636356546574695,1789636356546661321,-0.086626,0.086626,1789636356679614624,1789636356680979747,-1.365242,1.365242
762,763,1789636356647131334,1789636356647581070,-0.449736,0.449736,1789636356747827068,1789636356778981626,-31.154166,31.154166
763,764,1789636356747072822,1789636356746684264,0.388558,0.388558,1789636356848495132,1789636356861561151,-13.065883,13.065883
764,765,1789636356847225667,1789636356847418716,-0.193049,0.193049,1789636356947741999,1789636356948657029,-0.914785,0.914785
765,766,1789636356947090835,1789636356947533030,-0.442195,0.442195,1789636357048729593,1789636357058819126,-10.08937,10.08937
767,768,1789636357047214228,1789636357047478172,-0.263944,0.263944,1789636357147657814,1789636357247946509,-100.288952,100.288952
766,767,1789636357147003345,1789636357146646666,0.356679,0.356679,1789636357433873017,1789636357434551993,-0.678757,0.678757
768,769,1789636357247014150,1789636357247445944,-0.431794,0.431794,1789636357437084657,1789636357437802308,-0.717674,0.717674
769,770,1789636357346983086,1789636357347514351,-0.531265,0.531265,1789636357448400392,1789636357525759083,-77.358863,77.358863
770,771,1789636357447183989,1789636357447400061,-0.216072,0.216072,1789636357547793446,1789636357562417493,-14.623821,14.623821
771,772,1789636357546622160,1789636357546465094,0.157066,0.157066,1789636357651656391,1789636357730919759,-79.263358,79.263358
772,773,1789636357646983308,1789636357647416305,-0.432997,0.432997,1789636357748646655,1789636357776294874,-27.6482,27.6482
773,774,1789636357747186843,1789636357747352469,-0.165626,0.165626,1789636357848480908,1789636357908705386,-60.224345,60.224345
774,775,1789636357846931313,1789636357846774199,0.157114,0.157114,1789636357949155361,1789636357984148779,-34.993216,34.993216
775,776,1789636357947224155,1789636357947401741,-0.177586,0.177586,1789636358048676685,1789636358098024436,-49.347641,49.347641
776,777,1789636358047202087,1789636358047389949,-0.187862,0.187862,1789636358148306728,1789636358195715010,-47.408233,47.408233
777,778,1789636358146924720,1789636358146721512,0.203208,0.203208,1789636358272479072,1789636358272887305,-0.407806,0.407806
778,779,1789636358247204329,1789636358247341795,-0.137466,0.137466,1789636358348760081,1789636358349628766,-0.868422,0.868422
779,780,1789636358347215493,1789636358347308924,-0.093431,0.093431,1789636358447768021,1789636358531720636,-83.952867,83.952867
780,781,1789636358446978854,1789636358447315840,-0.336986,0.336986,1789636358548042725,1789636358566976441,-18.933609,18.933609
781,782,1789636358546750153,1789636358547323293,-0.57314,0.57314,1789636358648348922,1789636358648827660,-0.478407,0.478407
782,783,1789636358647120214,1789636358647274526,-0.154312,0.154312,1789636358747734914,1789636358752840316,-5.105194,5.105194
783,784,1789636358746851699,1789636358747289708,-0.438009,0.438009,1789636358848829587,1789636358903994437,-55.164615,55.164615
784,785,1789636358847055274,1789636358847326270,-0.270996,0.270996,1789636358962795023,1789636358963288791,-0.493567,0.493567
785,786,1789636358947081793,1789636358947278033,-0.19624,0.19624,1789636359047854779,1789636359081801682,-33.947042,33.947042
786,787,1789636359046799884,1789636359047382795,-0.582911,0.582911,1789636359148553529,1789636359149106566,-0.552711,0.552711
787,788,1789636359147226974,1789636359147279504,-0.05253,0.05253,1789636359248609226,1789636359324827957,-76.218793,76.218793
788,789,1789636359247779573,1789636359247361998,0.417575,0.417575,1789636359348165807,1789636359381127674,-32.962061,32.962061
789,790,1789636359347125919,1789636359347228413,-0.102494,0.102494,1789636359448277977,1789636359515924902,-67.646827,67.646827
790,791,1789636359447184616,1789636359447214239,-0.029623,0.029623,1789636359547932599,1789636359600233065,-52.300376,52.300376
792,793,1789636359546657042,1789636359547368280,-0.711238,0.711238,1789636359648123874,1789636359748638820,-100.515128,100.515128
791,792,1789636359646866614,1789636359647307606,-0.440992,0.440992,1789636359844912807,1789636359845314758,-0.401517,0.401517
794,794,1789636359747119909,1789636359747220819,-0.10091,0.10091,1789636359893896269,1789636360149018942,-255.122909,255.122909
793,795,1789636359847067987,1789636359847319238,-0.251251,0.251251,1789636360214704178,1789636360215336130,-0.631341,0.631341
796,796,1789636359947072240,1789636359947249374,-0.177134,0.177134,1789636360217867817,1789636360218338470,-0.470656,0.470656
795,797,1789636360046966734,1789636360047155835,-0.189101,0.189101,1789636360219094784,1789636360219879639,-0.784801,0.784801
797,798,1789636360147098189,1789636360147311276,-0.213087,0.213087,1789636360248566414,1789636360253896111,-5.329338,5.329338
798,799,1789636360246950177,1789636360247222943,-0.272766,0.272766,1789636360348031926,1789636360355752493,-7.720224,7.720224
799,800,1789636360347054293,1789636360347134593,-0.0803,0.0803,1789636360447993594,1789636360547707157,-99.713967,99.713967
802,802,1789636360546816119,1789636360547231119,-0.415,0.415,1789636360648580605,1789636360747758158,-99.17791,99.17791
801,801,1789636360647066906,1789636360647226404,-0.159498,0.159498,1789636360793996066,1789636360794548324,-0.552118,0.552118
803,803,1789636360746924969,1789636360747221941,-0.296972,0.296972,1789636360848281504,1789636360921910958,-73.629548,73.629548
804,804,1789636360847023821,1789636360847128174,-0.104353,0.104353,1789636360948016912,1789636361047983029,-99.966332,99.966332
806,806,1789636361146959090,1789636361147064016,-0.104926,0.104926,1789636361248024369,1789636361248845548,-0.821011,0.821011
807,807,1789636361246870277,1789636361247029925,-0.159648,0.159648,1789636361348188858,1789636361365020440,-16.831411,16.831411
808,808,1789636361346843859,1789636361347081711,-0.237852,0.237852,1789636361447884309,1789636361468407888,-20.523461,20.523461
809,809,1789636361446848152,1789636361447034580,-0.186428,0.186428,1789636361547908993,1789636361582413785,-34.504477,34.504477
810,810,1789636361546755902,1789636361547031564,-0.275662,0.275662,1789636361647937483,1789636361665546635,-17.609157,17.609157
811,811,1789636361646881771,1789636361647061310,-0.179539,0.179539,1789636361748512962,1789636361847855911,-99.343173,99.343173
812,812,1789636361746849163,1789636361746989921,-0.140758,0.140758,1789636361848545755,1789636361849250672,-0.704922,0.704922
813,813,1789636361846956256,1789636361847084471,-0.128215,0.128215,1789636361948070814,1789636361948651531,-0.580457,0.580457
814,815,1789636361946830512,1789636361947143394,-0.312882,0.312882,1789636362100712963,1789636362147668053,-46.954984,46.954984
815,814,1789636362046899386,1789636362047005052,-0.105666,0.105666,1789636362148513146,1789636362148983933,-0.470803,0.470803
816,816,1789636362146905371,1789636362147098696,-0.193325,0.193325,1789636362280173221,1789636362280736523,-0.563204,0.563204
818,817,1789636362246929442,1789636362246996411,-0.066969,0.066969,1789636362417059838,1789636362447744570,-30.684559,30.684559
817,818,1789636362346744970,1789636362346968139,-0.223169,0.223169,1789636362456236930,1789636362456692768,-0.455789,0.455789
819,819,1789636362446829363,1789636362446923858,-0.094495,0.094495,1789636362548238721,1789636362635395977,-87.157239,87.157239
820,820,1789636362546800138,1789636362547098848,-0.29871,0.29871,1789636362647824064,1789636362726028513,-78.204452,78.204452
821,821,1789636362646874989,1789636362646928032,-0.053043,0.053043,1789636362821053757,1789636362822348269,-1.294192,1.294192
822,822,1789636362746751008,1789636362747045121,-0.294113,0.294113,1789636362862909247,1789636362863422820,-0.513345,0.513345
823,824,1789636362846857539,1789636362847056718,-0.199179,0.199179,1789636363047499369,1789636363048144979,-0.645055,0.645055
824,823,1789636362946852057,1789636362946896508,-0.044451,0.044451,1789636363049010440,1789636363049489402,-0.478869,0.478869
825,825,1789636363046688445,1789636363047001287,-0.312842,0.312842,1789636363148219187,1789636363148985071,-0.765807,0.765807
826,826,1789636363146844857,1789636363146934924,-0.090067,0.090067,1789636363248028938,1789636363257330086,-9.301013,9.301013
827,827,1789636363246717026,1789636363246984852,-0.267826,0.267826,1789636363347688878,1789636363402106260,-54.417552,54.417552
828,828,1789636363346673722,1789636363346964264,-0.290542,0.290542,1789636363448396555,1789636363547702694,-99.306208,99.306208
829,829,1789636363446760572,1789636363446956957,-0.196385,0.196385,1789636363647950895,1789636363747339451,-99.388202,99.388202
832,832,1789636370946747208,1789636370946768770,-0.021562,0.021562,1789636371507626222,1789636371509614330,-1.987922,1.987922
833,833,1789636371046468310,1789636371046635363,-0.167053,0.167053,1789636371510691216,1789636371511561381,-0.870057,0.870057
835,834,1789636371146569585,1789636371146601088,-0.031503,0.031503,1789636371513053054,1789636371513954007,-0.900752,0.900752
834,835,1789636371246712574,1789636371246683474,0.0291,0.0291,1789636371514646654,1789636371516023904,-1.377353,1.377353
836,836,1789636371346440322,1789636371346631777,-0.191455,0.191455,1789636371517021029,1789636371517678910,-0.657817,0.657817
837,837,1789636371446749780,1789636371446806744,-0.056964,0.056964,1789636371547704748,1789636371549894330,-2.18938,2.18938
838,838,1789636371546720517,1789636371546642649,0.077868,0.077868,1789636371653375922,1789636371653876588,-0.500354,0.500354
839,839,1789636371646405104,1789636371646601386,-0.196282,0.196282,1789636371747689109,1789636371748513695,-0.824531,0.824531
840,840,1789636371746722820,1789636371746689117,0.033703,0.033703,1789636371848053196,1789636371851650835,-3.597348,3.597348
841,841,1789636371846786358,1789636371846584837,0.201521,0.201521,1789636371947879596,1789636371952112983,-4.233281,4.233281
843,842,1789636371946762338,1789636371946783264,-0.020926,0.020926,1789636372048151354,1789636372148019773,-99.868931,99.868931
844,843,1789636372146641858,1789636372147124620,-0.482762,0.482762,1789636372247970086,1789636372290240235,-42.270564,42.270564
845,844,1789636372246684048,1789636372246750113,-0.066065,0.066065,1789636372347766990,1789636372349278054,-1.510869,1.510869
846,845,1789636372346640582,1789636372346739164,-0.098582,0.098582,1789636372448211905,1789636372491666688,-43.455011,43.455011
847,846,1789636372446678117,1789636372447014843,-0.336726,0.336726,1789636372547907366,1789636372550238135,-2.330404,2.330404
848,847,1789636372546771181,1789636372546749450,0.021731,0.021731,1789636372648010956,1789636372708083503,-60.072887,60.072887
849,848,1789636372647634434,1789636372646636684,0.99775,0.99775,1789636372747741842,1789636372809426813,-61.684866,61.684866
850,849,1789636372746688485,1789636372747028558,-0.340073,0.340073,1789636372848007328,1789636372848714991,-0.707443,0.707443
851,850,1789636372847684315,1789636372846470838,1.213477,1.213477,1789636372947714108,1789636373036104145,-88.390191,88.390191
852,851,1789636372946681358,1789636372947118300,-0.436942,0.436942,1789636373170214219,1789636373171236359,-1.022092,1.022092
853,852,1789636373046600152,1789636373047070939,-0.470787,0.470787,1789636373172059152,1789636373172805459,-0.746351,0.746351
854,853,1789636373147596817,1789636373146671040,0.925777,0.925777,1789636373247861754,1789636373250446319,-2.584646,2.584646
855,854,1789636373246642225,1789636373247065659,-0.423434,0.423434,1789636373397091110,1789636373409011113,-11.919884,11.919884
856,855,1789636373347640927,1789636373346680188,0.960739,0.960739,1789636373448101790,1789636373466309599,-18.20821,18.20821
857,856,1789636373446666730,1789636373447033432,-0.366702,0.366702,1789636373547829936,1789636373567776870,-19.946963,19.946963
858,857,1789636373546619594,1789636373546728931,-0.109337,0.109337,1789636373648804482,1789636373670531861,-21.727296,21.727296
859,858,1789636373647631269,1789636373647201467,0.429802,0.429802,1789636373747966914,1789636373748651579,-0.684277,0.684277
860,859,1789636373746605556,1789636373747015624,-0.410068,0.410068,1789636373847489100,1789636373848198400,-0.709187,0.709187
861,860,1789636373846522574,1789636373846981651,-0.459077,0.459077,1789636373948138134,1789636373980804434,-32.666137,32.666137
862,861,1789636373947540148,1789636373947065939,0.474209,0.474209,1789636374048228110,1789636374048851702,-0.623303,0.623303
863,862,1789636374046592062,1789636374046735247,-0.143185,0.143185,1789636374148277818,1789636374148914816,-0.63678,0.63678
864,863,1789636374147585828,1789636374147042922,0.542906,0.542906,1789636374248045526,1789636374248774563,-0.728642,0.728642
865,864,1789636374247526889,1789636374246968626,0.558263,0.558263,1789636374347785673,1789636374369713421,-21.927506,21.927506
866,865,1789636374347603539,1789636374346876335,0.727204,0.727204,1789636374465022905,1789636374465522227,-0.49891,0.49891
867,866,1789636374447574005,1789636374446560412,1.013593,1.013593,1789636374547680506,1789636374580657442,-32.976739,32.976739
868,867,1789636374546654849,1789636374546500602,0.154247,0.154247,1789636374647934096,1789636374650092602,-2.158434,2.158434
869,868,1789636374646528106,1789636374646900845,-0.372739,0.372739,1789636374748046780,1789636374766883000,-18.836285,18.836285
870,869,1789636374746533899,1789636374746590533,-0.056634,0.056634,1789636374847611297,1789636374872636518,-25.025177,25.025177
871,870,1789636374846440759,1789636374846949037,-0.508278,0.508278,1789636374948296018,1789636374987262741,-38.96658,38.96658
872,871,1789636374947506060,1789636374946792714,0.713346,0.713346,1789636375047880106,1789636375048547541,-0.667092,0.667092
873,872,1789636375047623953,1789636375046796419,0.827534,0.827534,1789636375147532860,1789636375148332108,-0.799129,0.799129
874,873,1789636375147535233,1789636375146455742,1.079491,1.079491,1789636375252078196,1789636375332876092,-80.798029,80.798029
875,874,1789636375247418565,1789636375246771085,0.64748,0.64748,1789636375348238081,1789636375354736033,-6.497616,6.497616
876,875,1789636375347524965,1789636375346508075,1.01689,1.01689,1789636375447771166,1789636375487178390,-39.407277,39.407277
877,876,1789636375447407755,1789636375446883978,0.523777,0.523777,1789636375547796852,1789636375594777622,-46.980783,46.980783
878,877,1789636375546643713,1789636375546785498,-0.141785,0.141785,1789636375647987591,1789636375648918651,-0.930778,0.930778
879,878,1789636375647457637,1789636375647908122,-0.450485,0.450485,1789636375747766133,1789636375748420378,-0.654054,0.654054
880,879,1789636375747442387,1789636375746755402,0.686985,0.686985,1789636375847623663,1789636375848436217,-0.81221,0.81221
881,880,1789636375847502676,1789636375846743072,0.759604,0.759604,1789636375947745350,1789636375948450986,-0.705334,0.705334
882,881,1789636375947447869,1789636375947915690,-0.467821,0.467821,1789636376047744119,1789636376079898409,-32.154455,32.154455
883,882,1789636376047339143,1789636376046713589,0.625554,0.625554,1789636376147878325,1789636376154909645,-7.031033,7.031033
884,883,1789636376147520108,1789636376146533121,0.986987,0.986987,1789636376247638736,1789636376248309685,-0.670683,0.670683
885,884,1789636376247416468,1789636376247889938,-0.47347,0.47347,1789636376348208158,1789636376348918483,-0.709955,0.709955
886,885,1789636376347322789,1789636376347888862,-0.566073,0.566073,1789636376448312381,1789636376448890694,-0.577903,0.577903
887,886,1789636376447387634,1789636376447068804,0.31883,0.31883,1789636376547603817,1789636376548176106,-0.572081,0.572081
889,887,1789636376647476503,1789636376647918128,-0.441625,0.441625,1789636376747926995,1789636376748746127,-0.818749,0.818749
890,888,1789636376747345452,1789636376747819902,-0.47445,0.47445,1789636376848098525,1789636376853218476,-5.119544,5.119544
891,889,1789636376847286594,1789636376847965213,-0.678619,0.678619,1789636376947985769,1789636376951387902,-3.401849,3.401849
892,890,1789636376947414718,1789636376947902389,-0.487671,0.487671,1789636377047793437,1789636377048455291,-0.661513,0.661513
893,891,1789636377047309452,1789636377047777874,-0.468422,0.468422,1789636377147702759,1789636377247716683,-100.013965,100.013965
894,892,1789636377147258532,1789636377147786401,-0.527869,0.527869,1789636377248316557,1789636377248957483,-0.640818,0.640818
895,893,1789636377247326259,1789636377247898839,-0.57258,0.57258,1789636377348020312,1789636377380892302,-32.871739,32.871739
896,894,1789636377347425616,1789636377346595315,0.830301,0.830301,1789636377466853834,1789636377535364729,-68.511061,68.511061
897,895,1789636377447248315,1789636377447829497,-0.581182,0.581182,1789636377548965772,1789636377559882613,-10.916757,10.916757
898,896,1789636377547519823,1789636377547733383,-0.21356,0.21356,1789636377686044571,1789636377686538704,-0.494044,0.494044
899,897,1789636377647209635,1789636377647894772,-0.685137,0.685137,1789636377748048655,1789636377796825469,-48.776937,48.776937
900,898,1789636377747381756,1789636377747844823,-0.463067,0.463067,1789636377847814324,1789636377848361851,-0.547345,0.547345
901,899,1789636377847387995,1789636377846701410,0.686585,0.686585,1789636378020791674,1789636378021262960,-0.4712,0.4712
902,900,1789636377947425950,1789636377947716960,-0.29101,0.29101,1789636378047946955,1789636378088826325,-40.879266,40.879266
903,901,1789636378047292849,1789636378047826724,-0.533875,0.533875,1789636378148667050,1789636378149530100,-0.863012,0.863012
904,902,1789636378147405165,1789636378147669547,-0.264382,0.264382,1789636378248485605,1789636378262322573,-13.83672,13.83672
906,904,1789636378247179927,1789636378247791835,-0.611908,0.611908,1789636378349135358,1789636378447426741,-98.291342,98.291342
905,903,1789636378347497294,1789636378347704072,-0.206778,0.206778,1789636378850839152,1789636378869046824,-18.207738,18.207738
907,905,1789636378447224208,1789636378446767851,0.456357,0.456357,1789636378871660806,1789636378872763991,-1.103224,1.103224
908,906,1789636378547311700,1789636378546547384,0.764316,0.764316,1789636378873514841,1789636378874402727,-0.888009,0.888009
909,907,1789636378647451688,1789636378647647869,-0.196181,0.196181,1789636378875008085,1789636378876631364,-1.623269,1.623269
910,908,1789636378747136194,1789636378746713915,0.422279,0.422279,1789636378877284329,1789636378877824871,-0.540539,0.540539
911,909,1789636378847294720,1789636378847702466,-0.407746,0.407746,1789636378947741987,1789636378954891294,-7.149091,7.149091
912,910,1789636378947213962,1789636378946698748,0.515214,0.515214,1789636379047682518,1789636379171535020,-123.852421,123.852421
913,911,1789636379047119075,1789636379047681245,-0.56217,0.56217,1789636379172066507,1789636379172882122,-0.815641,0.815641
914,912,1789636379147471911,1789636379147683272,-0.211361,0.211361,1789636379248347144,1789636379254964379,-6.617106,6.617106
915,913,1789636379247407426,1789636379247590540,-0.183114,0.183114,1789636379431812975,1789636379432519147,-0.70592,0.70592
916,914,1789636379347098696,1789636379346598308,0.500388,0.500388,1789636379447674750,1789636379486964167,-39.289483,39.289483
917,915,1789636379447127874,1789636379447633675,-0.505801,0.505801,1789636379548385951,1789636379579889326,-31.503555,31.503555
918,916,1789636379547356643,1789636379547617805,-0.261162,0.261162,1789636379647519067,1789636379663381057,-15.862205,15.862205
919,917,1789636379647136401,1789636379646539172,0.597229,0.597229,1789636379747719399,1789636379783823545,-36.104097,36.104097
920,918,1789636379747152185,1789636379747647672,-0.495487,0.495487,1789636379847674240,1789636379946472662,-98.798407,98.798407
922,919,1789636379947336863,1789636379947646255,-0.309392,0.309392,1789636380047569495,1789636380088767009,-41.197556,41.197556
923,921,1789636380047029810,1789636380047617952,-0.588142,0.588142,1789636380148463040,1789636380246847667,-98.384617,98.384617
924,920,1789636380147365706,1789636380147523127,-0.157421,0.157421,1789636380247648589,1789636380248537647,-0.888818,0.888818
925,922,1789636380247066339,1789636380247622636,-0.556297,0.556297,1789636380347601567,1789636380373636002,-26.034333,26.034333
926,923,1789636380347096461,1789636380347519175,-0.422714,0.422714,1789636380447970761,1789636380449736652,-1.765345,1.765345
927,924,1789636380447101403,1789636380447608764,-0.507361,0.507361,1789636380547760111,1789636380572677234,-24.917112,24.917112
928,925,1789636380546969844,1789636380547601258,-0.631414,0.631414,1789636380648623589,1789636380682739776,-34.11608,34.11608
929,926,1789636380647272195,1789636380647494634,-0.222439,0.222439,1789636380747701568,1789636380806417881,-58.716408,58.716408
930,927,1789636380747005218,1789636380747623732,-0.618514,0.618514,1789636380847721039,1789636380910800181,-63.079105,63.079105
931,929,1789636380947196888,1789636380947445492,-0.248604,0.248604,1789636381047696068,1789636381097439501,-49.743684,49.743684
932,930,1789636381047067490,1789636381047594024,-0.526534,0.526534,1789636381148506442,1789636381168106033,-19.599571,19.599571
933,931,1789636381147223598,1789636381147515655,-0.292057,0.292057,1789636381247841800,1789636381248853721,-1.011603,1.011603
935,933,1789636381247050527,1789636381247580968,-0.530441,0.530441,1789636381347826035,1789636381448356381,-100.530573,100.530573
934,932,1789636381347000397,1789636381347476647,-0.47625,0.47625,1789636381458155415,1789636381515118866,-56.963504,56.963504
936,934,1789636381447298155,1789636381447449243,-0.151088,0.151088,1789636381548396730,1789636381549096300,-0.699496,0.699496
937,935,1789636381547244887,1789636381547430534,-0.185647,0.185647,1789636381647455775,1789636381665438988,-17.983223,17.983223
938,936,1789636381646948829,1789636381647416112,-0.467283,0.467283,1789636381748340477,1789636381758783305,-10.442621,10.442621
939,937,1789636381747141934,1789636381747391024,-0.24909,0.24909,1789636381849907204,1789636381933062005,-83.154916,83.154916
940,938,1789636381847169709,1789636381847386148,-0.216439,0.216439,1789636381948308306,1789636381965529944,-17.221546,17.221546
941,939,1789636381947159306,1789636381947461283,-0.301977,0.301977,1789636382048211777,1789636382048855311,-0.643415,0.643415
943,940,1789636382047055603,1789636382047385584,-0.329981,0.329981,1789636382350074807,1789636382350774614,-0.699578,0.699578
942,941,1789636382147167990,1789636382147339693,-0.171703,0.171703,1789636382351660822,1789636382352120742,-0.459893,0.459893
944,942,1789636382247100965,1789636382247389545,-0.28858,0.28858,1789636382354679017,1789636382355375404,-0.696381,0.696381
945,943,1789636382347190479,1789636382347363564,-0.173085,0.173085,1789636382448144772,1789636382449060304,-0.915105,0.915105
946,944,1789636382447069507,1789636382447360163,-0.290656,0.290656,1789636382547709285,1789636382548415342,-0.705798,0.705798
947,945,1789636382546863604,1789636382546602514,0.26109,0.26109,1789636382648684597,1789636382649656617,-0.971533,0.971533
948,946,1789636382647159688,1789636382647363120,-0.203432,0.203432,1789636382751015933,1789636382751585378,-0.569348,0.569348
949,947,1789636382747037125,1789636382747295483,-0.258358,0.258358,1789636382848642847,1789636382856061814,-7.418567,7.418567
950,948,1789636382847123520,1789636382847324136,-0.200616,0.200616,1789636382948197993,1789636382951093285,-2.895106,2.895106
951,949,1789636382947076784,1789636382947326909,-0.250125,0.250125,1789636383048290420,1789636383049689076,-1.398374,1.398374
952,950,1789636383046995559,1789636383047472393,-0.476834,0.476834,1789636383148594299,1789636383156416841,-7.822322,7.822322
953,951,1789636383147069880,1789636383147266658,-0.196778,0.196778,1789636383248105296,1789636383249758729,-1.65322,1.65322
954,952,1789636383247056152,1789636383247302492,-0.24634,0.24634,1789636383348507434,1789636383358880865,-10.373467,10.373467
955,953,1789636383347085647,1789636383347369205,-0.283558,0.283558,1789636383448121027,1789636383451699084,-3.577838,3.577838
957,955,1789636383446844368,1789636383447381225,-0.536857,0.536857,1789636383548661038,1789636383647547400,-98.886413,98.886413
956,954,1789636383547016708,1789636383547216974,-0.200266,0.200266,1789636383648295785,1789636383648816753,-0.521005,0.521005
958,956,1789636383646945724,1789636383647320474,-0.37475,0.37475,1789636383747792254,1789636383818143607,-70.351066,70.351066
959,957,1789636383746764305,1789636383747354553,-0.590248,0.590248,1789636383848435677,1789636383866714246,-18.278298,18.278298
961,958,1789636383846944677,1789636383847401845,-0.457168,0.457168,1789636384053782859,1789636384054384148,-0.601063,0.601063
960,959,1789636383947028845,1789636383947294521,-0.265676,0.265676,1789636384054919834,1789636384055617569,-0.697757,0.697757
962,960,1789636384046986219,1789636384047266405,-0.280186,0.280186,1789636384286927166,1789636384287330052,-0.402543,0.402543
963,961,1789636384147022898,1789636384147345960,-0.323062,0.323062,1789636384288125201,1789636384288599245,-0.473966,0.473966
964,962,1789636384247011344,1789636384247258439,-0.247095,0.247095,1789636384396776093,1789636384397177615,-0.401362,0.401362
965,963,1789636384347063067,1789636384347255621,-0.192554,0.192554,1789636384544088978,1789636384544642712,-0.553048,0.553048
966,964,1789636384446998822,1789636384447261017,-0.262195,0.262195,1789636384548127778,1789636384648239523,-100.112227,100.112227
967,965,1789636384547025551,1789636384547205411,-0.17986,0.17986,1789636384648855012,1789636384650006080,-1.151203,1.151203
968,966,1789636384646851431,1789636384647277306,-0.425875,0.425875,1789636384748293210,1789636384763855558,-15.562481,15.562481
970,967,1789636384746965004,1789636384747254160,-0.289156,0.289156,1789636384848024490,1789636384947720666,-99.696259,99.696259
969,968,1789636384846839979,1789636384847156437,-0.316458,0.316458,1789636385028297692,1789636385028897192,-0.599413,0.599413
971,969,1789636384947004748,1789636384947143937,-0.139189,0.139189,1789636385047931217,1789636385067777782,-19.846257,19.846257
972,970,1789636385046910402,1789636385047215332,-0.30493,0.30493,1789636385147695994,1789636385167833507,-20.137299,20.137299
973,971,1789636385146833888,1789636385147126396,-0.292508,0.292508,1789636385247821965,1789636385280253552,-32.431298,32.431298
974,972,1789636385246901075,1789636385247170114,-0.269039,0.269039,1789636385347834207,1789636385371809757,-23.975767,23.975767
975,973,1789636385346849417,1789636385347188182,-0.338765,0.338765,1789636385447780581,1789636385485478072,-37.697972,37.697972
976,974,1789636385446905519,1789636385447121554,-0.216035,0.216035,1789636385656800902,1789636385657963719,-1.162364,1.162364
977,975,1789636385546790365,1789636385547182619,-0.392254,0.392254,1789636385658477697,1789636385659366469,-0.888879,0.888879
978,976,1789636385646775849,1789636385647222299,-0.44645,0.44645,1789636385835512467,1789636385836150458,-0.637808,0.637808
979,977,1789636385746915606,1789636385747064151,-0.148545,0.148545,1789636385847922368,1789636385874101115,-26.178624,26.178624
980,978,1789636385846838039,1789636385847049798,-0.211759,0.211759,1789636385947790441,1789636386107815308,-160.024712,160.024712
981,979,1789636385946768477,1789636385947074913,-0.306436,0.306436,1789636386108218254,1789636386109367231,-1.149009,1.149009
982,980,1789636386046811499,1789636386047104042,-0.292543,0.292543,1789636386148048631,1789636386148504869,-0.456071,0.456071
984,982,1789636386146759973,1789636386147036184,-0.276211,0.276211,1789636386248347023,1789636386348016793,-99.669827,99.669827
983,981,1789636386246893003,1789636386247159622,-0.266619,0.266619,1789636386370974347,1789636386371445726,-0.471399,0.471399
985,983,1789636386346795193,1789636386347043652,-0.248459,0.248459,1789636386480691385,1789636386481211497,-0.519967,0.519967
986,984,1789636386446854097,1789636386447024890,-0.170793,0.170793,1789636386547968782,1789636386567176667,-19.207866,19.207866
987,985,1789636386546754873,1789636386547017997,-0.263124,0.263124,1789636386647816387,1789636386747384745,-99.568419,99.568419
988,986,1789636386646753014,1789636386647044617,-0.291603,0.291603,1789636386748504258,1789636386749031869,-0.527525,0.527525
989,987,1789636386746669224,1789636386747050279,-0.381055,0.381055,1789636386848173639,1789636386897793283,-49.619401,49.619401
990,988,1789636386846762776,1789636386846977802,-0.215026,0.215026,1789636386948049051,1789636386949274430,-1.225231,1.225231
991,989,1789636386946837273,1789636386947127833,-0.29056,0.29056,1789636387074817228,1789636387075324906,-0.507341,0.507341
992,990,1789636387046814570,1789636387046945386,-0.130816,0.130816,1789636387147961220,1789636387214796710,-66.83545,66.83545
993,991,1789636387146719198,1789636387146970220,-0.251022,0.251022,1789636387247773212,1789636387248366811,-0.593428,0.593428
994,992,1789636387246649063,1789636387247050892,-0.401829,0.401829,1789636387348104421,1789636387447683389,-99.57904,99.57904
995,993,1789636387346741521,1789636387346902716,-0.161195,0.161195,1789636387494704650,1789636387495258494,-0.553714,0.553714
996,994,1789636387446734355,1789636387447047908,-0.313553,0.313553,1789636387548136725,1789636387587020261,-38.883333,38.883333
997,995,1789636387546756003,1789636387546975935,-0.219932,0.219932,1789636387647633360,1789636387648218601,-0.58501,0.58501
998,996,1789636387646682938,1789636387647070663,-0.387725,0.387725,1789636387747807469,1789636387752779569,-4.971781,4.971781
999,997,1789636387746685990,1789636387746934080,-0.24809,0.24809,1789636387847906901,1789636387870785629,-22.878428,22.878428
1000,998,1789636387846669574,1789636387846993322,-0.323748,0.323748,1789636387947360237,1789636387989802178,-42.441393,42.441393
1001,999,1789636387946668424,1789636387947020465,-0.352041,0.352041,1789636388048237477,1789636388075382331,-27.14485,27.14485
1002,1000,1789636388046812549,1789636388046965613,-0.153064,0.153064,1789636388147496827,1789636388194196212,-46.69934,46.69934
1003,1001,1789636388146606148,1789636388146988435,-0.382287,0.382287,1789636388247552129,1789636388248230122,-0.67776,0.67776
1004,1002,1789636388246631445,1789636388246913460,-0.282015,0.282015,1789636388348185823,1789636388348864846,-0.678776,0.678776
1005,1003,1789636388346643497,1789636388346939825,-0.296328,0.296328,1789636388453010877,1789636388454261879,-1.250097,1.250097
1006,1004,1789636388446807506,1789636388446909455,-0.101949,0.101949,1789636388548041709,1789636388561660818,-13.618831,13.618831
1007,1005,1789636388547272131,1789636388546952608,0.319523,0.319523,1789636388880799620,1789636388902832144,-22.032057,22.032057
1008,1006,1789636388646805056,1789636388646899043,-0.093987,0.093987,1789636388903439067,1789636388903921980,-0.482959,0.482959
1009,1007,1789636388746813842,1789636388746845477,-0.031635,0.031635,1789636388905912199,1789636388906685842,-0.773546,0.773546
1010,1008,1789636388846812081,1789636388846896803,-0.084722,0.084722,1789636388947775320,1789636388949882106,-2.106394,2.106394
1011,1009,1789636388946647337,1789636388946873171,-0.225834,0.225834,1789636389047514596,1789636389057982150,-10.467443,10.467443
1012,1010,1789636389046611890,1789636389046860801,-0.248911,0.248911,1789636389148184640,1789636389161522303,-13.337622,13.337622
1013,1011,1789636389146761852,1789636389146903128,-0.141276,0.141276,1789636389247714840,1789636389248408536,-0.693722,0.693722
1014,1012,1789636389246618765,1789636389246876003,-0.257238,0.257238,1789636389347647751,1789636389373730905,-26.083055,26.083055
1015,1013,1789636389347275042,1789636389346806222,0.46882,0.46882,1789636389447804256,1789636389476938743,-29.135024,29.135024
1016,1015,1789636389446732894,1789636389446806259,-0.073365,0.073365,1789636389548383553,1789636389647756322,-99.372978,99.372978
1017,1014,1789636389547269210,1789636389546874619,0.394591,0.394591,1789636389648588111,1789636389661402985,-12.814582,12.814582
1018,1016,1789636389647336685,1789636389646976995,0.35969,0.35969,1789636389747837872,1789636389793409743,-45.572056,45.572056
1019,1017,1789636389746753512,1789636389746831393,-0.077881,0.077881,1789636389847593552,1789636389947648281,-100.054454,100.054454
1020,1018,1789636389846670317,1789636389846843379,-0.173062,0.173062,1789636389949246511,1789636389950399118,-1.152646,1.152646
1021,1019,1789636389947323380,1789636389946775651,0.547729,0.547729,1789636390048100857,1789636390049112960,-1.011827,1.011827
1022,1020,1789636390047274838,1789636390046960956,0.313882,0.313882,1789636390147724673,1789636390151042978,-3.31818,3.31818
1023,1021,1789636390146644624,1789636390146772334,-0.12771,0.12771,1789636390247897014,1789636390249045716,-1.148379,1.148379
1024,1022,1789636390246606270,1789636390246687077,-0.080807,0.080807,1789636390347714853,1789636390362461642,-14.746613,14.746613
1025,1023,1789636390346594905,1789636390346798664,-0.203759,0.203759,1789636390447784037,1789636390466788215,-19.004368,19.004368
1026,1024,1789636390446744963,1789636390446771930,-0.026967,0.026967,1789636390547954487,1789636390564822336,-16.867648,16.867648
1027,1025,1789636390546708881,1789636390546675747,0.033134,0.033134,1789636390669119555,1789636390669583197,-0.463496,0.463496
1028,1026,1789636390646802168,1789636390646627000,0.175168,0.175168,1789636390747722966,1789636390762067366,-14.344362,14.344362
1029,1027,1789636390746719847,1789636390746698533,0.021314,0.021314,1789636390847721430,1789636390848559772,-0.838087,0.838087
1030,1028,1789636390846630755,1789636390846609441,0.021314,0.021314,1789636390947813964,1789636390948634009,-0.819624,0.819624
1031,1029,1789636390946798798,1789636390946739841,0.058957,0.058957,1789636391047775966,1789636391048465191,-0.688645,0.688645
1032,1030,1789636391046705086,1789636391046637725,0.067361,0.067361,1789636391147569768,1789636391184851874,-37.281825,37.281825
1034,1031,1789636391146679048,1789636391146603184,0.075864,0.075864,1789636391347589789,1789636391348053902,-0.463664,0.463664
1033,1032,1789636391247057049,1789636391246695647,0.361402,0.361402,1789636391348978654,1789636391349523602,-0.544907,0.544907
1035,1033,1789636391346629983,1789636391346608333,0.02165,0.02165,1789636391448278493,1789636391474006591,-25.728043,25.728043
1036,1034,1789636391446745982,1789636391446722490,0.023492,0.023492,1789636391547837921,1789636391548580862,-0.742732,0.742732
1037,1035,1789636391547186557,1789636391546686079,0.500478,0.500478,1789636391647604022,1789636391682181486,-34.577754,34.577754
1038,1036,1789636391646690410,1789636391646587553,0.102857,0.102857,1789636391748298029,1789636391824099647,-75.801588,75.801588
1039,1037,1789636391747113424,1789636391746615173,0.498251,0.498251,1789636391847591218,1789636391946423690,-98.832753,98.832753
1040,1038,1789636391846677977,1789636391846656433,0.021544,0.021544,1789636391970109917,1789636392047663567,-77.553519,77.553519
1041,1040,1789636392046800766,1789636392046638248,0.162518,0.162518,1789636392572179320,1789636392570725103,1.453923,1.453923
1043,1039,1789636392146711187,1789636392146592967,0.11822,0.11822,1789636392574937558,1789636392572794276,2.143259,2.143259
1045,1041,1789636392246557014,1789636392246762437,-0.205423,0.205423,1789636392577035076,1789636392575694344,1.340925,1.340925
1044,1043,1789636392346953399,1789636392346566757,0.386642,0.386642,1789636392578887391,1789636392578003517,0.883716,0.883716
1046,1042,1789636392447081364,1789636392446601321,0.480043,0.480043,1789636392581378231,1789636392579285569,2.092665,2.092665
1047,1044,1789636392547058777,1789636392546522586,0.536191,0.536191,1789636392647481488,1789636392648633079,-1.151487,1.151487
1048,1045,1789636392646600830,1789636392646548276,0.052554,0.052554,1789636392747907096,1789636392748683665,-0.776258,0.776258
1049,1046,1789636392747021982,1789636392746544695,0.477287,0.477287,1789636392847836459,1789636392848538385,-0.701847,0.701847
1050,1047,1789636392846935483,1789636392846519991,0.415492,0.415492,1789636392947560525,1789636392953643674,-6.08294,6.08294
1051,1048,1789636392946617474,1789636392946495160,0.122314,0.122314,1789636393048240037,1789636393064847292,-16.606978,16.606978
1053,1050,1789636393046520550,1789636393046730761,-0.210211,0.210211,1789636393272032987,1789636393272591256,-0.557981,0.557981
1052,1049,1789636393146435291,1789636393146636109,-0.200818,0.200818,1789636393273363739,1789636393273888193,-0.524444,0.524444
1054,1051,1789636393246550628,1789636393246718955,-0.168327,0.168327,1789636393347654461,1789636393348229993,-0.575204,0.575204
1055,1052,1789636393346457685,1789636393346659255,-0.20157,0.20157,1789636393448210606,1789636393547664248,-99.453088,99.453088
1056,1053,1789636393446636555,1789636393446451126,0.185429,0.185429,1789636393550574689,1789636393551423875,-0.849094,0.849094
1057,1054,1789636393546952656,1789636393546623856,0.3288,0.3288,1789636393647660830,1789636393708145346,-60.484733,60.484733
1058,1055,1789636393646848148,1789636393646632146,0.216002,0.216002,1789636393748289778,1789636393752383803,-4.093624,4.093624
1059,1056,1789636393746983869,1789636393746518700,0.465169,0.465169,1789636393847695788,1789636393871883002,-24.187293,24.187293
1061,1058,1789636393846408131,1789636393846606924,-0.198793,0.198793,1789636393974523241,1789636394047648275,-73.124993,73.124993
1060,1057,1789636393947866214,1789636393946594507,1.271707,1.271707,1789636394065142122,1789636394117193984,-52.051814,52.051814
1062,1059,1789636394046933821,1789636394046500741,0.43308,0.43308,1789636394147687370,1789636394148397774,-0.710217,0.710217
1063,1060,1789636394146603648,1789636394146457420,0.146228,0.146228,1789636394276211061,1789636394277216226,-1.005125,1.005125
1064,1061,1789636394246920172,1789636394246596227,0.323945,0.323945,1789636394347546731,1789636394348054232,-0.507093,0.507093
1067,1063,1789636394446561789,1789636394446738441,-0.176652,0.176652,1789636394547697996,1789636394648003955,-100.306065,100.306065
1066,1062,1789636394546842714,1789636394546757132,0.085582,0.085582,1789636394710547741,1789636394732195425,-21.647927,21.647927
1068,1064,1789636394646825553,1789636394646646757,0.178796,0.178796,1789636394747897799,1789636394782762976,-34.86557,34.86557
1069,1065,1789636394747826408,1789636394746539001,1.287407,1.287407,1789636394847591195,1789636394894124691,-46.533044,46.533044
1070,1066,1789636394846829749,1789636394846661376,0.168373,0.168373,1789636394947737754,1789636394948414266,-0.676125,0.676125
1071,1067,1789636394946792235,1789636394946604557,0.187678,0.187678,1789636395048006015,1789636395070053505,-22.047448,22.047448
1072,1068,1789636395046911227,1789636395046440156,0.471071,0.471071,1789636395175699900,1789636395176554672,-0.854825,0.854825
1073,1069,1789636395146439752,1789636395146624363,-0.184611,0.184611,1789636395248329212,1789636395285855422,-37.526197,37.526197
1074,1070,1789636395247757379,1789636395246586068,1.171311,1.171311,1789636395347811326,1789636395367534043,-19.722622,19.722622
1076,1071,1789636395346418146,1789636395346625764,-0.207618,0.207618,1789636395586450521,1789636395586993438,-0.542757,0.542757
1075,1072,1789636395446741972,1789636395446689348,0.052624,0.052624,1789636395587612668,1789636395588231078,-0.618509,0.618509
1077,1073,1789636395546817927,1789636395546796819,0.021108,0.021108,1789636395647912141,1789636395661818070,-13.905555,13.905555
1078,1074,1789636395646769066,1789636395646680454,0.088612,0.088612,1789636395747684844,1789636395807131709,-59.446848,59.446848
1079,1075,1789636395746681934,1789636395746658841,0.023093,0.023093,1789636395847834746,1789636395855691321,-7.856061,7.856061
1080,1076,1789636395846790023,1789636395846566654,0.223369,0.223369,1789636395947714927,1789636395952734904,-5.01982,5.01982
1081,1077,1789636395946701609,1789636395946662882,0.038727,0.038727,1789636396063096450,1789636396063594874,-0.498084,0.498084
1082,1078,1789636396047716944,1789636396046517237,1.199707,1.199707,1789636396147635042,1789636396202792631,-55.157494,55.157494
1083,1079,1789636396146689387,1789636396146711053,-0.021666,0.021666,1789636396348061958,1789636396348677233,-0.615017,0.615017
1084,1080,1789636396246699499,1789636396246720555,-0.021056,0.021056,1789636396349379323,1789636396349752811,-0.373493,0.373493
1085,1081,1789636396346694036,1789636396346754113,-0.060077,0.060077,1789636396447724945,1789636396547492547,-99.7677,99.7677
1086,1082,1789636396446660596,1789636396446706199,-0.045603,0.045603,1789636396548093323,1789636396647384673,-99.292026,99.292026
1088,1083,1789636396746646126,1789636396746676660,-0.030534,0.030534,1789636397294196095,1789636397294827407,-0.631038,0.631038
1087,1085,1789636396846626921,1789636396846605766,0.021155,0.021155,1789636397295799141,1789636397297311413,-1.512381,1.512381
1089,1084,1789636396946590451,1789636396946720568,-0.130117,0.130117,1789636397298373451,1789636397298907871,-0.534415,0.534415
1090,1086,1789636397046611806,1789636397046633009,-0.021203,0.021203,1789636397299566408,1789636397301598311,-2.031938,2.031938
1091,1087,1789636397147597229,1789636397146668408,0.928821,0.928821,1789636397301897414,1789636397302781633,-0.884356,0.884356
1092,1088,1789636397247706955,1789636397246544813,1.162142,1.162142,1789636397347771556,1789636397383535955,-35.76489,35.76489
1093,1089,1789636397346609822,1789636397347012155,-0.402333,0.402333,1789636397448293778,1789636397480131361,-31.837531,31.837531
1094,1090,1789636397446798975,1789636397446593199,0.205776,0.205776,1789636397547806664,1789636397560883948,-13.07719,13.07719
1095,1091,1789636397546617503,1789636397546761803,-0.1443,0.1443,1789636397647647304,1789636397648377327,-0.729714,0.729714
1096,1092,1789636397646597141,1789636397646669909,-0.072768,0.072768,1789636397747499890,1789636397792483616,-44.983568,44.983568
1097,1093,1789636397847607785,1789636397846689254,0.918531,0.918531,1789636397971875024,1789636398047622159,-75.747314,75.747314
1099,1095,1789636398546457880,1789636398546643006,-0.185126,0.185126,1789636399140013934,1789636399139262534,0.751243,0.751243
1100,1096,1789636398647628439,1789636398646842937,0.785502,0.785502,1789636399141729029,1789636399141195127,0.533771,0.533771
1101,1097,1789636398747504505,1789636398747836379,-0.331874,0.331874,1789636399144318078,1789636399143708198,0.609822,0.609822
1102,1098,1789636398846692676,1789636398846544767,0.147909,0.147909,1789636399145917791,1789636399144801796,1.11604,1.11604
1103,1100,1789636400546627614,1789636400546482531,0.145083,0.145083,1789636401131329901,1789636401132200770,-0.87064,0.87064
1104,1101,1789636400647368185,1789636400647756906,-0.388721,0.388721,1789636401133259135,1789636401135138829,-1.879587,1.879587
1105,1102,1789636400747325036,1789636400746458064,0.866972,0.866972,1789636401135797021,1789636401136950966,-1.154066,1.154066
1106,1103,1789636400847319284,1789636400846749026,0.570258,0.570258,1789636401137663447,1789636401138508782,-0.845153,0.845153
1107,1104,1789636400947479947,1789636400947691142,-0.211195,0.211195,1789636401139106826,1789636401140797925,-1.691135,1.691135
1108,1105,1789636401047305109,1789636401047697223,-0.392114,0.392114,1789636401147552810,1789636401148383085,-0.830432,0.830432
1109,1106,1789636401147304155,1789636401147729144,-0.424989,0.424989,1789636401248191699,1789636401254800432,-6.608291,6.608291
1110,1107,1789636401247326000,1789636401247762038,-0.436038,0.436038,1789636401347780002,1789636401380948972,-33.169005,33.169005
1111,1108,1789636401347393878,1789636401346673173,0.720705,0.720705,1789636401457036449,1789636401469246375,-12.209765,12.209765
1113,1109,1789636401447290720,1789636401447707656,-0.416936,0.416936,1789636401648318016,1789636401649062856,-0.744256,0.744256
1112,1110,1789636401547361581,1789636401546459760,0.901821,0.901821,1789636401649728512,1789636401650470498,-0.742178,0.742178
1114,1111,1789636401647294945,1789636401647770959,-0.476014,0.476014,1789636401748204810,1789636401749227765,-1.022592,1.022592
1116,1112,1789636401747421737,1789636401747629155,-0.207418,0.207418,1789636401948684398,1789636401950236315,-1.551569,1.551569
1115,1113,1789636401847524961,1789636401847637586,-0.112625,0.112625,1789636401951100039,1789636401951797158,-0.697221,0.697221
1117,1114,1789636401947258971,1789636401947736817,-0.477846,0.477846,1789636402048120996,1789636402049607114,-1.485833,1.485833
1118,1115,1789636402047383922,1789636402047580221,-0.196299,0.196299,1789636402148085499,1789636402195934101,-47.848309,47.848309
1119,1116,1789636402147313607,1789636402147715955,-0.402348,0.402348,1789636402248592531,1789636402282150912,-33.558113,33.558113
1120,1117,1789636402247217562,1789636402247647595,-0.430033,0.430033,1789636402348736704,1789636402374041494,-25.304505,25.304505
1121,1118,1789636402347262691,1789636402347582544,-0.319853,0.319853,1789636402448198249,1789636402456004926,-7.8065,7.8065
1122,1119,1789636402447268681,1789636402447645441,-0.37676,0.37676,1789636402548054892,1789636402572633558,-24.578511,24.578511
1123,1120,1789636402547312631,1789636402546494803,0.817828,0.817828,1789636402647725266,1789636402648636841,-0.911144,0.911144
1124,1121,1789636402647351058,1789636402647507816,-0.156758,0.156758,1789636402748029541,1789636402764530027,-16.50036,16.50036
1125,1122,1789636402747199021,1789636402747687206,-0.488185,0.488185,1789636402847810744,1789636402882845140,-35.034345,35.034345
1126,1123,1789636402847177494,1789636402847662997,-0.485503,0.485503,1789636402948645638,1789636402949429316,-0.783437,0.783437
1127,1124,1789636402947432415,1789636402947491496,-0.059081,0.059081,1789636403047738810,1789636403065328905,-17.5897,17.5897
1128,1125,1789636403047303048,1789636403047644671,-0.341623,0.341623,1789636403147864623,1789636403174653995,-26.789095,26.789095
1129,1126,1789636403147204708,1789636403147602314,-0.397606,0.397606,1789636403248625600,1789636403249562287,-0.93612,0.93612
1130,1127,1789636403247375485,1789636403247537421,-0.161936,0.161936,1789636403365608493,1789636403366098811,-0.489887,0.489887
1131,1129,1789636403347213313,1789636403347515345,-0.302032,0.302032,1789636403449008890,1789636403547765116,-98.756481,98.756481
1132,1128,1789636403447400712,1789636403447572738,-0.172026,0.172026,1789636403977524645,1789636403983893834,-6.36921,6.36921
1133,1130,1789636403547229013,1789636403547592942,-0.363929,0.363929,1789636403986223431,1789636403986918263,-0.694796,0.694796
1135,1132,1789636403647202715,1789636403647591332,-0.388617,0.388617,1789636403988240383,1789636403988756672,-0.516287,0.516287
1134,1131,1789636403747359070,1789636403747523886,-0.164816,0.164816,1789636403989724435,1789636403990254120,-0.529685,0.529685
1136,1133,1789636403847236010,1789636403847589004,-0.352994,0.352994,1789636403992195411,1789636403992719483,-0.524124,0.524124
1138,1134,1789636403947165721,1789636403947582111,-0.41639,0.41639,1789636404047599935,1789636404147651651,-100.051457,100.051457
1137,1135,1789636404047093855,1789636404047503551,-0.409696,0.409696,1789636404149004884,1789636404160231726,-11.226855,11.226855
1139,1136,1789636404147083799,1789636404147517902,-0.434103,0.434103,1789636404248617170,1789636404315931457,-67.314195,67.314195
1140,1137,1789636404247329834,1789636404247425120,-0.095286,0.095286,1789636404348212298,1789636404349768874,-1.556332,1.556332
1141,1138,1789636404347297822,1789636404347436289,-0.138467,0.138467,1789636404447631701,1789636404462421886,-14.790008,14.790008
1142,1139,1789636404447120298,1789636404447493225,-0.372927,0.372927,1789636404547771258,1789636404648365143,-100.593979,100.593979
1143,1141,1789636404647370701,1789636404647427254,-0.056553,0.056553,1789636404747586973,1789636404791551980,-43.965293,43.965293
1144,1142,1789636404747091990,1789636404747474523,-0.382533,0.382533,1789636404848805136,1789636404899983115,-51.178123,51.178123
1145,1143,1789636404847267285,1789636404847455517,-0.188232,0.188232,1789636404948601774,1789636405000570476,-51.968783,51.968783
1146,1144,1789636404947350881,1789636404947372100,-0.021219,0.021219,1789636405047568050,1789636405147903875,-100.336116,100.336116
1147,1145,1789636405047043767,1789636405047326791,-0.283024,0.283024,1789636405149280661,1789636405149972829,-0.692053,0.692053
1148,1146,1789636405147208045,1789636405147359605,-0.15156,0.15156,1789636405248189199,1789636405257334040,-9.144813,9.144813
1149,1147,1789636405247083026,1789636405247460245,-0.377219,0.377219,1789636405347732727,1789636405390608219,-42.875426,42.875426
1150,1148,1789636405346995642,1789636405347342360,-0.346718,0.346718,1789636405448760766,1789636405449360845,-0.599938,0.599938
1151,1149,1789636405447167590,1789636405447323388,-0.155798,0.155798,1789636405548399024,1789636405548997503,-0.598157,0.598157
1152,1150,1789636405547217437,1789636405547295967,-0.07853,0.07853,1789636405648505193,1789636405649379225,-0.873945,0.873945
1153,1151,1789636405647192083,1789636405647310553,-0.11847,0.11847,1789636405748365175,1789636405749053973,-0.688435,0.688435
1154,1152,1789636405747225940,1789636405747303641,-0.077701,0.077701,1789636405848062960,1789636405848862843,-0.799456,0.799456
1155,1153,1789636405846971329,1789636405847406113,-0.434784,0.434784,1789636405990838107,1789636405991360282,-0.521609,0.521609
1156,1155,1789636406047253201,1789636406047275028,-0.021827,0.021827,1789636406148081058,1789636406164823353,-16.741957,16.741957
1157,1156,1789636406146927467,1789636406147399364,-0.471897,0.471897,1789636406249291765,1789636406347708692,-98.416949,98.416949
1159,1158,1789636411046809161,1789636411046878398,-0.069237,0.069237,1789636411567086277,1789636411613582109,-46.495822,46.495822
1160,1159,1789636411146720003,1789636411146905997,-0.185994,0.185994,1789636411614577025,1789636411615707202,-1.130143,1.130143
1161,1160,1789636411246811590,1789636411246976949,-0.165359,0.165359,1789636411617649463,1789636411618410532,-0.761015,0.761015
1163,1162,1789636411346850658,1789636411346884301,-0.033643,0.033643,1789636411619622706,1789636411620206230,-0.583503,0.583503
1162,1161,1789636411446774869,1789636411446846358,-0.071489,0.071489,1789636411621187853,1789636411621772614,-0.584668,0.584668
1164,1163,1789636411546762136,1789636411546894828,-0.132692,0.132692,1789636411647883921,1789636411672368211,-24.484173,24.484173
1165,1164,1789636411646832099,1789636411646918029,-0.08593,0.08593,1789636411748120591,1789636411756337051,-8.216389,8.216389
1166,1165,1789636411746816571,1789636411746784809,0.031762,0.031762,1789636411848347718,1789636411849121314,-0.773506,0.773506
1167,1166,1789636411846737116,1789636411846848954,-0.111838,0.111838,1789636411948227794,1789636411949171006,-0.942814,0.942814
1168,1167,1789636411946815750,1789636411946758210,0.05754,0.05754,1789636412047854904,1789636412072719508,-24.863941,24.863941
1169,1168,1789636412046692837,1789636412046786317,-0.09348,0.09348,1789636412148334359,1789636412148973809,-0.639405,0.639405
1171,1170,1789636412146815586,1789636412146836372,-0.020786,0.020786,1789636412247849380,1789636412347265423,-99.416015,99.416015
1170,1169,1789636412246759981,1789636412246780291,-0.02031,0.02031,1789636412380501332,1789636412413977723,-33.476472,33.476472
1172,1171,1789636412346650925,1789636412346751832,-0.100907,0.100907,1789636412448186102,1789636412456406161,-8.219948,8.219948
1173,1172,1789636412446615402,1789636412446804590,-0.189188,0.189188,1789636412548336265,1789636412549067460,-0.730905,0.730905
1174,1173,1789636412546622939,1789636412546872616,-0.249677,0.249677,1789636412649503655,1789636412650054340,-0.550319,0.550319
1175,1174,1789636412646659495,1789636412646728873,-0.069378,0.069378,1789636412748084160,1789636412782380681,-34.296114,34.296114
1177,1175,1789636412746666220,1789636412746732343,-0.066123,0.066123,1789636412847703817,1789636412947908375,-100.20442,100.20442
1176,1176,1789636412846664642,1789636412846828532,-0.16389,0.16389,1789636412954284761,1789636413047544822,-93.26017,93.26017
1179,1177,1789636418646878197,1789636418646528443,0.349754,0.349754,1789636419158820011,1789636419158197799,0.621812,0.621812
1180,1178,1789636418746620053,1789636418746415795,0.204258,0.204258,1789636419159805252,1789636419162544975,-2.739705,2.739705
1181,1179,1789636418846560627,1789636418846759876,-0.199249,0.199249,1789636419163242094,1789636419164084247,-0.842299,0.842299
1182,1180,1789636418946849952,1789636418946562960,0.286992,0.286992,1789636419164965244,1789636419166931684,-1.966243,1.966243
1183,1181,1789636419047874273,1789636419046590334,1.283939,1.283939,1789636419167806492,1789636419169039657,-1.233343,1.233343
1184,1182,1789636419146828885,1789636419146654294,0.174591,0.174591,1789636419248187595,1789636419346986605,-98.799006,98.799006
1185,1183,1789636419246906166,1789636419246602566,0.3036,0.3036,1789636419396159548,1789636419447570537,-51.411004,51.411004
1190,1188,1789636437646695517,1789636437646759547,-0.06403,0.06403,1789636438184600027,1789636438183735356,0.864547,0.864547
1192,1189,1789636437746831585,1789636437746908340,-0.076755,0.076755,1789636438186661772,1789636438187486678,-0.824741,0.824741
1194,1190,1789636437846735934,1789636437846757420,-0.021486,0.021486,1789636438188857716,1789636438189516315,-0.658478,0.658478
1193,1191,1789636437946852411,1789636437946910729,-0.058318,0.058318,1789636438190370181,1789636438191166290,-0.796263,0.796263
1195,1192,1789636438046777217,1789636438046798474,-0.021257,0.021257,1789636438192658380,1789636438193388191,-0.729761,0.729761
1197,1194,1789636438146712110,1789636438146809955,-0.097845,0.097845,1789636438602260069,1789636438684221572,-81.961902,81.961902
1196,1193,1789636438246646280,1789636438246821938,-0.175658,0.175658,1789636438685272900,1789636438686030747,-0.75778,0.75778
1199,1195,1789636438346766129,1789636438346851796,-0.085667,0.085667,1789636438688282175,1789636438688836718,-0.554576,0.554576
1198,1197,1789636438446685749,1789636438446744647,-0.058898,0.058898,1789636438689432709,1789636438690772379,-1.339813,1.339813
1200,1196,1789636438546766586,1789636438546705587,0.060999,0.060999,1789636438691599948,1789636438692012532,-0.412558,0.412558
1201,1198,1789636438646742958,1789636438646845081,-0.102123,0.102123,1789636438748056258,1789636438748757624,-0.701178,0.701178
1202,1199,1789636438746680519,1789636438746864904,-0.184385,0.184385,1789636438848213455,1789636438860705285,-12.491911,12.491911
1203,1200,1789636438846755622,1789636438846822987,-0.067365,0.067365,1789636438947612899,1789636438952293601,-4.680397,4.680397
1204,1201,1789636438946686862,1789636438946745680,-0.058818,0.058818,1789636439048147277,1789636439052164421,-4.016945,4.016945
1205,1202,1789636439046651752,1789636439046695133,-0.043381,0.043381,1789636439193658394,1789636439194249403,-0.590695,0.590695
1207,1203,1789636439146727667,1789636439146667127,0.06054,0.06054,1789636439351695464,1789636439352260699,-0.56506,0.56506
1206,1204,1789636439246685961,1789636439246723018,-0.037057,0.037057,1789636439352810158,1789636439353279191,-0.469161,0.469161
1209,1205,1789636439346687543,1789636439346666087,0.021456,0.021456,1789636439447945605,1789636439547468802,-99.523407,99.523407
1208,1206,1789636439446795838,1789636439446653805,0.142033,0.142033,1789636439548119220,1789636439548840226,-0.720962,0.720962
1210,1207,1789636439546666568,1789636439546761584,-0.095016,0.095016,1789636439648119681,1789636439717633690,-69.514276,69.514276
1211,1208,1789636439646622411,1789636439646787094,-0.164683,0.164683,1789636439747602762,1789636439755909125,-8.306188,8.306188
1212,1209,1789636439746665678,1789636439746702934,-0.037256,0.037256,1789636439847931947,1789636439866821134,-18.888938,18.888938
1213,1210,1789636439847263972,1789636439846706196,0.557776,0.557776,1789636439947912316,1789636439948810321,-0.897779,0.897779
1214,1211,1789636439946784751,1789636439946752619,0.032132,0.032132,1789636440048234086,1789636440068940498,-20.706037,20.706037
1215,1212,1789636440047306702,1789636440046771942,0.53476,0.53476,1789636440147738273,1789636440220933448,-73.195478,73.195478
1216,1214,1789636440247354543,1789636440246556735,0.797808,0.797808,1789636440347719494,1789636440359827100,-12.107435,12.107435
1217,1215,1789636440346770537,1789636440346563399,0.207138,0.207138,1789636440447790854,1789636440483900585,-36.109976,36.109976
1218,1216,1789636440446710007,1789636440446598386,0.111621,0.111621,1789636440547662280,1789636440548397077,-0.734589,0.734589
1219,1217,1789636440546606701,1789636440546696163,-0.089462,0.089462,1789636440648015750,1789636440655077119,-7.061133,7.061133
1220,1218,1789636440646661206,1789636440646682762,-0.021556,0.021556,1789636440747540093,1789636440750782127,-3.241714,3.241714
1221,1219,1789636440746758880,1789636440746563338,0.195542,0.195542,1789636440936866656,1789636440937375352,-0.508328,0.508328
1222,1220,1789636440846762241,1789636440846563556,0.198685,0.198685,1789636440948061134,1789636440954291549,-6.23047,6.23047
1223,1221,1789636440946767960,1789636440946566658,0.201302,0.201302,1789636441047701331,1789636441049563429,-1.861952,1.861952
1224,1222,1789636441046688092,1789636441046522381,0.165711,0.165711,1789636441147477720,1789636441148166391,-0.688523,0.688523
1225,1223,1789636441146515222,1789636441146727238,-0.212016,0.212016,1789636441247887162,1789636441248463656,-0.576325,0.576325
1226,1224,1789636441246667300,1789636441246607679,0.059621,0.059621,1789636441347606710,1789636441348495706,-0.88865,0.88865
1227,1225,1789636441346649833,1789636441346502995,0.146838,0.146838,1789636441447814012,1789636441448497496,-0.683089,0.683089
1228,1226,1789636441446797124,1789636441446642956,0.154168,0.154168,1789636441548024720,1789636441548511592,-0.486502,0.486502
1230,1227,1789636441546637194,1789636441546561932,0.075262,0.075262,1789636441654066265,1789636441789833042,-135.767006,135.767006
1229,1228,1789636441646664236,1789636441646475941,0.188295,0.188295,1789636441790429309,1789636441791056015,-0.626707,0.626707
1232,1229,1789636441746685837,1789636441746609281,0.076556,0.076556,1789636441894090622,1789636441947512911,-53.422181,53.422181
1231,1230,1789636441846687486,1789636441846570397,0.117089,0.117089,1789636442040362041,1789636442040869699,-0.507227,0.507227
1233,1231,1789636441946671320,1789636441946603908,0.067412,0.067412,1789636442048420530,1789636442076093709,-27.673282,27.673282
1234,1232,1789636442046667195,1789636442046560919,0.106276,0.106276,1789636442147891774,1789636442149177282,-1.285336,1.285336
1235,1234,1789636442247100058,1789636442246525031,0.575027,0.575027,1789636442354957086,1789636442355441001,-0.483943,0.483943
1236,1235,1789636442346515422,1789636442346689172,-0.17375,0.17375,1789636442448114246,1789636442477893008,-29.778751,29.778751
1238,1236,1789636442546572419,1789636442546765147,-0.192728,0.192728,1789636442648171640,1789636442657887528,-9.715502,9.715502
1240,1238,1789636442646428750,1789636442646625051,-0.196301,0.196301,1789636442747912626,1789636442848199020,-100.287136,100.287136
1239,1237,1789636442746558238,1789636442746676877,-0.118639,0.118639,1789636443102158030,1789636443121476243,-19.317958,19.317958
1241,1239,1789636442846766099,1789636442846559478,0.206621,0.206621,1789636443123876288,1789636443124640474,-0.764119,0.764119
1242,1240,1789636442946616916,1789636442946499899,0.117017,0.117017,1789636443125543722,1789636443126265715,-0.722114,0.722114
1244,1241,1789636443046572805,1789636443046663880,-0.091075,0.091075,1789636443507501392,1789636443508086049,-0.584201,0.584201
1243,1242,1789636443146656865,1789636443146461856,0.195009,0.195009,1789636443508715772,1789636443509067554,-0.351842,0.351842
1245,1243,1789636443246564868,1789636443246631979,-0.067111,0.067111,1789636443511621531,1789636443512334006,-0.712497,0.712497
1246,1244,1789636443346730756,1789636443346588499,0.142257,0.142257,1789636443512756958,1789636443513503101,-0.746156,0.746156
1247,1245,1789636443446588990,1789636443446767677,-0.178687,0.178687,1789636443547933718,1789636443548595238,-0.66142,0.66142
1248,1246,1789636443547049659,1789636443546493018,0.556641,0.556641,1789636443647962130,1789636443662867082,-14.904639,14.904639
1249,1247,1789636443646651275,1789636443646562561,0.088714,0.088714,1789636443747638505,1789636443748422087,-0.782961,0.782961
1250,1248,1789636443746508735,1789636443746654970,-0.146235,0.146235,1789636443847727101,1789636443848259939,-0.532522,0.532522
1251,1249,1789636443846485992,1789636443846629783,-0.143791,0.143791,1789636443948336944,1789636444013770441,-65.432947,65.432947
1252,1250,1789636443946506794,1789636443946662497,-0.155703,0.155703,1789636444047878793,1789636444064818749,-16.939551,16.939551
1253,1251,1789636444047042626,1789636444046593940,0.448686,0.448686,1789636444147732184,1789636444148463219,-0.730803,0.730803
1254,1252,1789636444146576921,1789636444146764987,-0.188066,0.188066,1789636444248084455,1789636444300084624,-51.999997,51.999997
1255,1253,1789636444246555524,1789636444246744002,-0.188478,0.188478,1789636444347574621,1789636444348591164,-1.016423,1.016423
1256,1254,1789636444346418278,1789636444346603123,-0.184845,0.184845,1789636444448034859,1789636444547508598,-99.474067,99.474067
1257,1255,1789636444446635071,1789636444446499345,0.135726,0.135726,1789636444548108543,1789636444643850326,-95.74217,95.74217
1258,1256,1789636444546430820,1789636444546639748,-0.208928,0.208928,1789636444647874708,1789636444660926398,-13.051731,13.051731
1259,1257,1789636444646655533,1789636444646499980,0.155553,0.155553,1789636444747491907,1789636444773285561,-25.793761,25.793761
1260,1258,1789636444746512423,1789636444746617758,-0.105335,0.105335,1789636444847694949,1789636444848379273,-0.68408,0.68408
1261,1259,1789636444846435348,1789636444846609375,-0.174027,0.174027,1789636444947628253,1789636444948582313,-0.953817,0.953817
1262,1260,1789636444946618133,1789636444946508134,0.109999,0.109999,1789636445047665938,1789636445048354372,-0.688057,0.688057
1263,1261,1789636445046938803,1789636445046516044,0.422759,0.422759,1789636445147684726,1789636445194237739,-46.552817,46.552817
1264,1262,1789636445146874991,1789636445146593930,0.281061,0.281061,1789636445247985536,1789636445249559026,-1.573244,1.573244
1265,1263,1789636445247016073,1789636445246533461,0.482612,0.482612,1789636445347521628,1789636445391163797,-43.642132,43.642132
1267,1265,1789636445346938895,1789636445346464219,0.474676,0.474676,1789636445447832769,1789636445547660742,-99.827779,99.827779
1266,1264,1789636445446522411,1789636445446721212,-0.198801,0.198801,1789636445800588706,1789636445801248493,-0.659311,0.659311
1268,1266,1789636445546858453,1789636445547262388,-0.403935,0.403935,1789636445803596037,1789636445804680651,-1.084681,1.084681
1269,1267,1789636445646842499,1789636445647209986,-0.367487,0.367487,1789636445805514582,1789636445806199328,-0.684887,0.684887
1270,1268,1789636445746840718,1789636445746700123,0.140595,0.140595,1789636445848091575,1789636445874489343,-26.397533,26.397533
1271,1269,1789636445846940699,1789636445846685317,0.255382,0.255382,1789636445947588397,1789636445948791987,-1.203155,1.203155
1272,1270,1789636445946854313,1789636445947142847,-0.288534,0.288534,1789636446048060054,1789636446048836048,-0.775747,0.775747
1273,1271,1789636446046895504,1789636446046423710,0.471794,0.471794,1789636446148070916,1789636446214060709,-65.989735,65.989735
1274,1272,1789636446146914338,1789636446147131941,-0.217603,0.217603,1789636446248164233,1789636446726947449,-478.783569,478.783569
1276,1274,1789636446246931365,1789636446246485548,0.445817,0.445817,1789636446727558623,1789636446730532299,-2.973609,2.973609
1275,1273,1789636446346891491,1789636446346646609,0.244882,0.244882,1789636446728266869,1789636446731739778,-3.472967,3.472967
1277,1275,1789636446446810261,1789636446446632650,0.177611,0.177611,1789636446731163333,1789636446733849134,-2.685774,2.685774
1278,1276,1789636446546765641,1789636446546795956,-0.030315,0.030315,1789636446732946453,1789636446734475882,-1.529347,1.529347
1279,1277,1789636446646846033,1789636446646613222,0.232811,0.232811,1789636446747803408,1789636446757374364,-9.570672,9.570672
1280,1278,1789636446746791935,1789636446746822411,-0.030476,0.030476,1789636447004607936,1789636447005175777,-0.567595,0.567595
1281,1279,1789636446846864132,1789636446846800407,0.063725,0.063725,1789636447005744632,1789636447006381006,-0.636285,0.636285
1282,1280,1789636446947003032,1789636446947055508,-0.052476,0.052476,1789636447073741720,1789636447078772952,-5.030977,5.030977
1283,1281,1789636447046931750,1789636447046799431,0.132319,0.132319,1789636447323849922,1789636447324402562,-0.552203,0.552203
1284,1282,1789636447146794663,1789636447146761779,0.032884,0.032884,1789636447325081261,1789636447325921822,-0.840702,0.840702
1285,1283,1789636447246728682,1789636447246676253,0.052429,0.052429,1789636447348092344,1789636447403298554,-55.206441,55.206441
1286,1284,1789636447346782255,1789636447347034834,-0.252579,0.252579,1789636447448528125,1789636447450712035,-2.183691,2.183691
1287,1285,1789636447447912719,1789636447447056996,0.855723,0.855723,1789636447547816203,1789636447548455477,-0.639199,0.639199
1288,1287,1789636447546926054,1789636447547005862,-0.079808,0.079808,1789636447647845487,1789636447747227639,-99.382228,99.382228
1289,1286,1789636447646780522,1789636447647149755,-0.369233,0.369233,1789636447825129324,1789636447825665107,-0.535066,0.535066
1290,1288,1789636447746725881,1789636447747167699,-0.441818,0.441818,1789636447847733012,1789636447868164575,-20.43146,20.43146
1291,1289,1789636447846735832,1789636447846757386,-0.021554,0.021554,1789636447948448735,1789636447949020946,-0.571771,0.571771
1292,1290,1789636447947852141,1789636447947128207,0.723934,0.723934,1789636448048000169,1789636448052080378,-4.080072,4.080072
1293,1291,1789636448047877665,1789636448046948057,0.929608,0.929608,1789636448148006563,1789636448247514946,-99.508507,99.508507
1294,1292,1789636448146780046,1789636448146758940,0.021106,0.021106,1789636448368964192,1789636448369495930,-0.531162,0.531162
1295,1293,1789636448246716745,1789636448246638389,0.078356,0.078356,1789636448371802251,1789636448372598068,-0.795751,0.795751
1297,1295,1789636448347840212,1789636448346465998,1.374214,1.374214,1789636448447803553,1789636448547654738,-99.851361,99.851361
1296,1294,1789636448446692046,1789636448446974431,-0.282385,0.282385,1789636448548246045,1789636448548784319,-0.538246,0.538246
1298,1296,1789636448546756596,1789636448547006472,-0.249876,0.249876,1789636448747361672,1789636448747928502,-0.566527,0.566527
1299,1297,1789636448647848060,1789636448646615622,1.232438,1.232438,1789636448748599712,1789636448749207608,-0.607911,0.607911
1300,1298,1789636448746773037,1789636448746751578,0.021459,0.021459,1789636448847983808,1789636448868957790,-20.973948,20.973948
1301,1299,1789636448847843829,1789636448846896338,0.947491,0.947491,1789636448948145487,1789636448948955804,-0.810233,0.810233
1302,1300,1789636448947813718,1789636448946946887,0.866831,0.866831,1789636449048122912,1789636449074405296,-26.282278,26.282278
1303,1301,1789636449046742853,1789636449046880233,-0.13738,0.13738,1789636449147666915,1789636449158361043,-10.69408,10.69408
1304,1302,1789636449146610711,1789636449146884313,-0.273602,0.273602,1789636449248293421,1789636449276387348,-28.093851,28.093851
1305,1303,1789636449246821336,1789636449246888753,-0.067417,0.067417,1789636449347865377,1789636449459410970,-111.545747,111.545747
1306,1304,1789636449346680761,1789636449346872807,-0.192046,0.192046,1789636449460155797,1789636449461166543,-1.010631,1.010631
1307,1305,1789636449446568941,1789636449446870050,-0.301109,0.301109,1789636449548188130,1789636449549511974,-1.323839,1.323839
1309,1306,1789636449546661831,1789636449547869520,-1.207689,1.207689,1789636449647723013,1789636449748031648,-100.308851,100.308851
1308,1307,1789636449646666835,1789636449646946803,-0.279968,0.279968,1789636449793625203,1789636449794132705,-0.507077,0.507077
1310,1308,1789636449746894675,1789636449746916425,-0.02175,0.02175,1789636449847801412,1789636449849045397,-1.243753,1.243753
1311,1310,1789636449846790894,1789636449846898077,-0.107183,0.107183,1789636449948041621,1789636450047757134,-99.715524,99.715524
1312,1309,1789636449946581669,1789636449946812261,-0.230592,0.230592,1789636450054627108,1789636450055223291,-0.596159,0.596159
1313,1311,1789636450046648988,1789636450047839742,-1.190754,1.190754,1789636450147801419,1789636450150348457,-2.546796,2.546796
1314,1313,1789636450146692603,1789636450146882615,-0.190012,0.190012,1789636450648381578,1789636450648912278,-0.530472,0.530472
1315,1314,1789636450347748587,1789636450347817952,-0.069365,0.069365,1789636450649872717,1789636450653561796,-3.688907,3.688907
1316,1315,1789636450446763720,1789636450446558888,0.204832,0.204832,1789636450652749721,1789636450655561942,-2.812271,2.812271
1318,1316,1789636450647755402,1789636450647793701,-0.038299,0.038299,1789636450748069340,1789636450777858728,-29.789233,29.789233
1320,1317,1789636450746482093,1789636450746915052,-0.432959,0.432959,1789636450848316081,1789636450947705181,-99.389219,99.389219
1319,1318,1789636450847645154,1789636450846559466,1.085688,1.085688,1789636450976930308,1789636450977525822,-0.595432,0.595432
1321,1319,1789636450947684349,1789636450947794321,-0.109972,0.109972,1789636451047630120,1789636451048219848,-0.589419,0.589419
1322,1320,1789636451046456028,1789636451046892254,-0.436226,0.436226,1789636451147979142,1789636451228120619,-80.14151,80.14151
1323,1321,1789636451147679371,1789636451146790801,0.88857,0.88857,1789636451247923908,1789636451305775280,-57.851421,57.851421
1324,1322,1789636451247669315,1789636451246738037,0.931278,0.931278,1789636451347819416,1789636451447543612,-99.724507,99.724507
1325,1323,1789636451346481993,1789636451347750596,-1.268603,1.268603,1789636451503154417,1789636451537395758,-34.241304,34.241304
1326,1324,1789636451447662041,1789636451446795652,0.866389,0.866389,1789636451547426909,1789636451548164307,-0.737481,0.737481
1327,1325,1789636451546665520,1789636451546705630,-0.04011,0.04011,1789636451647919460,1789636451704724137,-56.80469,56.80469
1328,1326,1789636451647646389,1789636451646803291,0.843098,0.843098,1789636451747822004,1789636451792563249,-44.741278,44.741278
1329,1328,1789636451747711939,1789636451746693280,1.018659,1.018659,1789636451847524617,1789636451947261085,-99.736888,99.736888
1330,1327,1789636451846419037,1789636451846847315,-0.428278,0.428278,1789636451948073865,1789636451948872421,-0.798465,0.798465
1331,1329,1789636451947543187,1789636451947796180,-0.252993,0.252993,1789636452047781968,1789636452048592849,-0.810668,0.810668
1332,1330,1789636452047648870,1789636452046669394,0.979476,0.979476,1789636452147590920,1789636452148311286,-0.720199,0.720199
1333,1331,1789636452146638761,1789636452146795645,-0.156884,0.156884,1789636452248768591,1789636452249520881,-0.751985,0.751985
1334,1332,1789636452247582732,1789636452246796757,0.785975,0.785975,1789636452347878572,1789636452348637297,-0.758325,0.758325
1335,1333,1789636452347608699,1789636452346450432,1.158267,1.158267,1789636452447873949,1789636452448558155,-0.683976,0.683976
1336,1334,1789636452447664221,1789636452446620931,1.04329,1.04329,1789636452547857313,1789636452557680343,-9.822857,9.822857
1337,1335,1789636452547585976,1789636452546624481,0.961495,0.961495,1789636452647993439,1789636452648704443,-0.710837,0.710837
1338,1336,1789636452646590935,1789636452647666302,-1.075367,1.075367,1789636452747969616,1789636452847419820,-99.450419,99.450419
1339,1337,1789636452747607498,1789636452746766041,0.841457,0.841457,1789636452895696295,1789636452947596666,-51.900553,51.900553
1345,1341,1789636472546568012,1789636472546601745,-0.033733,0.033733,1789636473056523253,1789636473056961941,-0.43832,0.43832
1344,1343,1789636472646596223,1789636472646672502,-0.076279,0.076279,1789636473058110640,1789636473059749690,-1.638958,1.638958
1346,1344,1789636472746592889,1789636472747158646,-0.565757,0.565757,1789636473060794933,1789636473061536564,-0.741576,0.741576
1348,1345,1789636472846596754,1789636472846575404,0.02135,0.02135,1789636473062588449,1789636473063502829,-0.914292,0.914292
1347,1346,1789636472946559331,1789636472946668402,-0.109071,0.109071,1789636473064494244,1789636473065158827,-0.6646,0.6646
1349,1347,1789636473046638106,1789636473046501811,0.136295,0.136295,1789636473147929743,1789636473159853433,-11.923422,11.923422
1350,1348,1789636473146533530,1789636473146739093,-0.205563,0.205563,1789636473249819606,1789636473250634814,-0.815067,0.815067
1351,1349,1789636473246457413,1789636473246663485,-0.206072,0.206072,1789636473347755584,1789636473403418515,-55.66251,55.66251
1353,1351,1789636473346582764,1789636473346635701,-0.052937,0.052937,1789636473576618375,1789636473577449965,-0.831432,0.831432
1352,1350,1789636473446486362,1789636473446683928,-0.197566,0.197566,1789636473578098242,1789636473578446428,-0.348177,0.348177
1354,1352,1789636473546595585,1789636473546648856,-0.053271,0.053271,1789636473647410431,1789636473650453201,-3.042259,3.042259
1355,1353,1789636473646567119,1789636473647155538,-0.588419,0.588419,1789636473747909344,1789636473755974826,-8.06532,8.06532
1356,1354,1789636473746677604,1789636473746470377,0.207227,0.207227,1789636473847839173,1789636473947835358,-99.996343,99.996343
1357,1355,1789636473846581110,1789636473846602438,-0.021328,0.021328,1789636473954202302,1789636473961367863,-7.165451,7.165451
1358,1356,1789636473946856677,1789636473946584757,0.27192,0.27192,1789636474047812122,1789636474125119559,-77.307624,77.307624
1359,1357,1789636474046468811,1789636474046676714,-0.207903,0.207903,1789636474147676857,1789636474207061655,-59.385023,59.385023
1360,1358,1789636474146573258,1789636474147082871,-0.509613,0.509613,1789636474322915440,1789636474323429777,-0.513929,0.513929
1361,1360,1789636474246467217,1789636474247081590,-0.614373,0.614373,1789636474347646166,1789636474447652816,-100.007023,100.007023
1362,1359,1789636474346566454,1789636474346587859,-0.021405,0.021405,1789636474478291826,1789636474479251962,-0.959962,0.959962
1363,1361,1789636474446662395,1789636474446473681,0.188714,0.188714,1789636474547479979,1789636474549261130,-1.781101,1.781101
1364,1362,1789636474546570807,1789636474547194804,-0.623997,0.623997,1789636474648325750,1789636474649306917,-0.98111,0.98111
1365,1363,1789636474646883900,1789636474646562898,0.321002,0.321002,1789636474747494703,1789636474753695916,-6.201253,6.201253
1367,1364,1789636474746609447,1789636474746475881,0.133566,0.133566,1789636474847553544,1789636474947747969,-100.194344,100.194344
1366,1365,1789636474846605580,1789636474846570597,0.034983,0.034983,1789636474972438918,1789636474973144521,-0.705606,0.705606
1368,1366,1789636474946771991,1789636474946562526,0.209465,0.209465,1789636475047641143,1789636475073134488,-25.493378,25.493378
1369,1367,1789636475046408217,1789636475046615074,-0.206857,0.206857,1789636475148186542,1789636475148952595,-0.765839,0.765839
1370,1368,1789636475146536304,1789636475147102096,-0.565792,0.565792,1789636475248249350,1789636475336073870,-87.824289,87.824289
1372,1369,1789636475246686967,1789636475246531301,0.155666,0.155666,1789636475347695876,1789636475447743288,-100.047674,100.047674
1371,1370,1789636475346540227,1789636475346607842,-0.067615,0.067615,1789636475464101340,1789636475465341921,-1.240514,1.240514
1373,1371,1789636475446469804,1789636475447088501,-0.618697,0.618697,1789636475548092014,1789636475549081146,-0.989057,0.989057
1374,1372,1789636475547810837,1789636475547002278,0.808559,0.808559,1789636475647705669,1789636475659934388,-12.22855,12.22855
1376,1373,1789636475646585027,1789636475646618653,-0.033626,0.033626,1789636475748282898,1789636475847591359,-99.308422,99.308422
1375,1374,1789636475746553478,1789636475747020248,-0.46677,0.46677,1789636475879119000,1789636475900189899,-21.070907,21.070907
1377,1375,1789636475846609002,1789636475846452145,0.156857,0.156857,1789636476149620218,1789636476160730837,-11.11061,11.11061
1378,1376,1789636475946432287,1789636475946613717,-0.18143,0.18143,1789636476161515028,1789636476164547224,-3.032153,3.032153
1379,1377,1789636476046603583,1789636476047055090,-0.451507,0.451507,1789636476162744429,1789636476165261488,-2.516992,2.516992
1380,1378,1789636476147725373,1789636476146919489,0.805884,0.805884,1789636476247691076,1789636476248663010,-0.971728,0.971728
1381,1379,1789636476246712671,1789636476246532526,0.180145,0.180145,1789636476347691939,1789636476350283574,-2.591406,2.591406
1382,1381,1789636476346524185,1789636476346712925,-0.18874,0.18874,1789636476448112026,1789636476547460499,-99.348833,99.348833
1383,1380,1789636476447734306,1789636476446906491,0.827815,0.827815,1789636476681220663,1789636476681765189,-0.544192,0.544192
1384,1382,1789636476546538175,1789636476546982085,-0.44391,0.44391,1789636476683985940,1789636476684676867,-0.690942,0.690942
1385,1383,1789636476646510939,1789636476646896619,-0.38568,0.38568,1789636476747855421,1789636476847443822,-99.588267,99.588267
1386,1384,1789636476746674767,1789636476746399221,0.275546,0.275546,1789636476848537906,1789636476849656825,-1.118853,1.118853
1387,1385,1789636476846891217,1789636476846558940,0.332277,0.332277,1789636477141264163,1789636477141808003,-0.543531,0.543531
1388,1386,1789636476947683613,1789636476946399084,1.284529,1.284529,1789636477142710666,1789636477143237466,-0.526901,0.526901
1389,1387,1789636477046527155,1789636477046612925,-0.08577,0.08577,1789636477147568616,1789636477239722845,-92.154319,92.154319
1390,1388,1789636477146509035,1789636477146924252,-0.415217,0.415217,1789636477247912660,1789636477248348590,-0.43564,0.43564
1392,1390,1789636477246737584,1789636477246412974,0.32461,0.32461,1789636477352244745,1789636477511784449,-159.539837,159.539837
1391,1389,1789636477347683083,1789636477346597178,1.085905,1.085905,1789636477512276389,1789636477513118356,-0.841992,0.841992
1393,1391,1789636477447680421,1789636477446987313,0.693108,0.693108,1789636477589453533,1789636477589982357,-0.528643,0.528643
1394,1392,1789636477546623236,1789636477546882684,-0.259448,0.259448,1789636477648156266,1789636477649312160,-1.155613,1.155613
1395,1393,1789636477646807885,1789636477646557871,0.250014,0.250014,1789636477747585498,1789636477838608222,-91.023101,91.023101
1396,1394,1789636477746662253,1789636477746856425,-0.194172,0.194172,1789636477848123039,1789636477855004120,-6.880988,6.880988
1397,1395,1789636477847676135,1789636477846597371,1.078764,1.078764,1789636477947629290,1789636477959069706,-11.440339,11.440339
1398,1396,1789636477946757079,1789636477946432742,0.324337,0.324337,1789636478048138436,1789636478049255504,-1.116705,1.116705
1400,1397,1789636478047776812,1789636478046961941,0.814871,0.814871,1789636478147901168,1789636478246765852,-98.864847,98.864847
1399,1398,1789636478147719931,1789636478146959789,0.760142,0.760142,1789636478248351983,1789636478249184293,-0.8323,0.8323
1401,1400,1789636478246577786,1789636478246921788,-0.344002,0.344002,1789636478347861114,1789636478448097785,-100.236395,100.236395
1402,1399,1789636478346547379,1789636478346604736,-0.057357,0.057357,1789636478748435207,1789636478750324679,-1.889197,1.889197
1403,1401,1789636478447717970,1789636478446795762,0.922208,0.922208,1789636478752641292,1789636478753260635,-0.619345,0.619345
1405,1403,1789636478547687490,1789636478546784625,0.902865,0.902865,1789636478754499122,1789636478755132064,-0.632918,0.632918
1404,1402,1789636478646607856,1789636478647776593,-1.168737,1.168737,1789636478756095666,1789636478756665049,-0.569301,0.569301
1406,1404,1789636478746407711,1789636478746797089,-0.389378,0.389378,1789636478847721461,1789636478848665396,-0.943918,0.943918
1407,1405,1789636478846716922,1789636478846744697,-0.027775,0.027775,1789636478947723219,1789636478989342778,-41.619519,41.619519
1408,1406,1789636478946544380,1789636478946764062,-0.219682,0.219682,1789636479074668361,1789636479075170544,-0.502241,0.502241
1410,1408,1789636479046777838,1789636479046857141,-0.079303,0.079303,1789636479248789959,1789636479250143669,-1.353575,1.353575
1409,1407,1789636479146612672,1789636479147757849,-1.145177,1.145177,1789636479250618371,1789636479251314832,-0.696387,0.696387
1411,1409,1789636479247617113,1789636479246788507,0.828606,0.828606,1789636479347380747,1789636479388873398,-41.492722,41.492722
1412,1410,1789636479346764841,1789636479346857382,-0.092541,0.092541,1789636479484829988,1789636479485596031,-0.765919,0.765919
1413,1411,1789636479446532990,1789636479447727552,-1.194562,1.194562,1789636479641048923,1789636479641530167,-0.480759,0.480759
1414,1412,1789636479547640014,1789636479546806171,0.833843,0.833843,1789636479747664070,1789636479748177575,-0.512981,0.512981
1415,1413,1789636479647580579,1789636479646754878,0.825701,0.825701,1789636479748875182,1789636479749259573,-0.38435,0.38435
1416,1414,1789636479746468972,1789636479746820785,-0.351813,0.351813,1789636479848171489,1789636479923780243,-75.608403,75.608403
1417,1416,1789636479846797577,1789636479846776616,0.020961,0.020961,1789636480047310638,1789636480048088362,-0.777308,0.777308
1418,1415,1789636479947633289,1789636479946700389,0.9329,0.9329,1789636480048837113,1789636480049374615,-0.53746,0.53746
1419,1417,1789636480047636641,1789636480046763697,0.872944,0.872944,1789636480148004922,1789636480212059888,-64.055304,64.055304
1421,1418,1789636480147571218,1789636480147773509,-0.202291,0.202291,1789636480347783929,1789636480348579349,-0.795091,0.795091
1420,1419,1789636480247452775,1789636480246957282,0.495493,0.495493,1789636480349052249,1789636480350182291,-1.130115,1.130115
1422,1420,1789636480346555537,1789636480346698266,-0.142729,0.142729,1789636480447884834,1789636480458557567,-10.672351,10.672351
1423,1421,1789636480446765997,1789636480446710600,0.055397,0.055397,1789636480547648243,1789636480560840704,-13.192486,13.192486
1424,1422,1789636480546738975,1789636480546629060,0.109915,0.109915,1789636480647895794,1789636480658894576,-10.998536,10.998536
1426,1423,1789636480646624835,1789636480646834565,-0.20973,0.20973,1789636480748322010,1789636480899982005,-151.659931,151.659931
1425,1424,1789636480747435488,1789636480747744668,-0.30918,0.30918,1789636480900387797,1789636480901152698,-0.764866,0.764866
1427,1425,1789636480846827140,1789636480846646441,0.180699,0.180699,1789636480948263652,1789636480994435115,-46.171569,46.171569
1428,1426,1789636480947426165,1789636480946680438,0.745727,0.745727,1789636481136806782,1789636481137302752,-0.495652,0.495652
1430,1427,1789636481047429661,1789636481046670527,0.759134,0.759134,1789636481147404582,1789636481247395665,-99.991181,99.991181
1429,1428,1789636481147393219,1789636481146591836,0.801383,0.801383,1789636481248193162,1789636481277977141,-29.784099,29.784099
1431,1429,1789636481246709850,1789636481246731563,-0.021713,0.021713,1789636481348089878,1789636481350760558,-2.670571,2.670571
1432,1430,1789636481347523973,1789636481347666163,-0.14219,0.14219,1789636481447866087,1789636481514786723,-66.920366,66.920366
1433,1431,1789636481446626859,1789636481446795151,-0.168292,0.168292,1789636481606045364,1789636481630025249,-23.979755,23.979755
1435,1432,1789636481547548481,1789636481547586226,-0.037745,0.037745,1789636481647573254,1789636481747638191,-100.065273,100.065273
1434,1433,1789636481646682364,1789636481646653124,0.02924,0.02924,1789636481774166340,1789636481774826232,-0.659885,0.659885
1436,1434,1789636481747532367,1789636481746760445,0.771922,0.771922,1789636481847754392,1789636481866858253,-19.103853,19.103853
1437,1435,1789636481847403316,1789636481846652917,0.750399,0.750399,1789636481948164138,1789636481973709584,-25.545087,25.545087
1438,1436,1789636481947383710,1789636481946581920,0.80179,0.80179,1789636482048671058,1789636482049370960,-0.699731,0.699731
1439,1437,1789636482047342048,1789636482047590674,-0.248626,0.248626,1789636482148683680,1789636482242473911,-93.790344,93.790344
1440,1438,1789636482147399134,1789636482146553896,0.845238,0.845238,1789636482247511743,1789636482248330104,-0.818406,0.818406
1441,1439,1789636482247442289,1789636482246582690,0.859599,0.859599,1789636482347809219,1789636482352398040,-4.58852,4.58852
1442,1440,1789636482347502150,1789636482347653100,-0.15095,0.15095,1789636482459887365,1789636482485030177,-25.143049,25.143049
1444,1441,1789636482447336895,1789636482447644900,-0.308005,0.308005,1789636482547861630,1789636482647693015,-99.831619,99.831619
1443,1442,1789636482547309524,1789636482547516862,-0.207338,0.207338,1789636482879037908,1789636482895653852,-16.615716,16.615716
1445,1443,1789636482647427953,1789636482646653102,0.774851,0.774851,1789636482897965139,1789636482898620695,-0.655483,0.655483
1446,1444,1789636482747340851,1789636482747588118,-0.247267,0.247267,1789636482899817347,1789636482900614846,-0.797474,0.797474
1447,1445,1789636482847424918,1789636482846498018,0.9269,0.9269,1789636482947510025,1789636482948415150,-0.904675,0.904675
1448,1446,1789636482947387936,1789636482946544469,0.843467,0.843467,1789636483048194385,1789636483111986555,-63.792149,63.792149
1449,1447,1789636483047429542,1789636483046505607,0.923935,0.923935,1789636483147879660,1789636483169554272,-21.674531,21.674531
1451,1449,1789636483147437931,1789636483147508387,-0.070456,0.070456,1789636483247731235,1789636483347656868,-99.925538,99.925538
1450,1448,1789636483247357873,1789636483246663022,0.694851,0.694851,1789636483348232149,1789636483357885584,-9.65346,9.65346
1452,1450,1789636483347345011,1789636483347593222,-0.248211,0.248211,1789636483547157848,1789636483547621221,-0.462819,0.462819
1453,1451,1789636483447324310,1789636483446660740,0.66357,0.66357,1789636483548819953,1789636483549396566,-0.57655,0.57655
1454,1452,1789636483547369922,1789636483547532145,-0.162223,0.162223,1789636483648462523,1789636483673675918,-25.212984,25.212984
