sensor,frame_index,header_ns,arrival_system_ns,arrival_steady_ns,raw,nan,inf,invalid,below_min,above_max,angular_pipeline,final,angular_only_kept,angular_denominator
front,1,1789636187146633460,1789636187248511379,2934034775212820,20064,0,0,0,3393,0,3439,13232,16625,20064
rear,1,1789636187146932916,1789636187249407855,2934034776109059,19968,0,0,0,4734,0,4226,11008,15742,19968
front,2,1789636187246794217,1789636187347570647,2934034874271813,19968,0,0,0,3597,0,3723,12648,16245,19968
rear,2,1789636187246871306,1789636187348804912,2934034875506013,19968,0,0,0,4728,0,4268,10972,15700,19968
front,3,1789636187346678024,1789636187447566627,2934034974267878,19968,0,0,0,3327,0,3447,13194,16521,19968
rear,3,1789636187346951858,1789636187448503411,2934034975204511,19872,0,0,0,4995,0,4091,10786,15781,19872
front,4,1789636187446635985,1789636187551710078,2934035078411278,20064,0,0,0,3623,0,3462,12979,16601,20064
rear,4,1789636187446866531,1789636187552502273,2934035079203343,20064,0,0,0,4943,0,4121,11000,15943,20064
front,5,1789636187546780421,1789636187648089961,2934035174791093,19968,0,0,0,3422,0,3689,12857,16279,19968
rear,5,1789636187646944656,1789636187749776392,2934035276477397,19872,0,0,0,4984,0,4109,10779,15763,19872
rear,6,1789636187546812399,1789636187748096367,2934035274798085,20064,0,0,0,4798,0,4259,11007,15805,20064
front,6,1789636187646611569,1789636187749172872,2934035275873944,19968,0,0,0,3445,0,3487,13036,16481,19968
rear,7,1789636187746874709,1789636187868070328,2934035394771312,19968,0,0,0,4941,0,4121,10906,15847,19968
front,7,1789636187746701869,1789636187848028753,2934035374730010,20064,0,0,0,3438,0,3490,13136,16573,20064
front,8,1789636187847076997,1789636187948334135,2934035475035429,19968,0,0,0,3554,0,3656,12758,16312,19968
rear,8,1789636187846829782,1789636187971049687,2934035497750945,20064,0,0,0,4715,0,4259,11090,15805,20064
front,9,1789636187946667172,1789636188048200476,2934035574901635,19968,0,0,0,3279,0,3493,13196,16474,19968
rear,9,1789636187946829956,1789636188130473949,2934035657175084,19968,0,0,0,4838,0,4297,10833,15671,19968
rear,10,1789636188047024103,1789636188155906664,2934035682607751,19968,0,0,0,4994,0,4183,10791,15785,19968
front,10,1789636188047127300,1789636188148122913,2934035674824063,20064,0,0,0,3508,0,3479,13077,16585,20064
rear,11,1789636188146818794,1789636188282345415,2934035809046559,20064,0,0,0,4842,0,4276,10946,15788,20064
front,11,1789636188146695819,1789636188247692055,2934035774393268,19968,0,0,0,3484,0,3636,12848,16331,19968
rear,12,1789636188246879325,1789636188432285205,2934035958986642,19968,0,0,0,4747,0,4230,10991,15738,19968
front,12,1789636188246694311,1789636188348024030,2934035874725581,19968,0,0,0,3123,0,3497,13348,16471,19968
front,13,1789636188346714714,1789636188447732446,2934035974433761,19968,0,0,0,3395,0,3579,12994,16387,19968
rear,13,1789636188346879764,1789636188462062299,2934035988763495,19968,0,0,0,5027,0,4096,10845,15872,19968
front,14,1789636188446620932,1789636188548486102,2934036075187348,20064,0,0,0,3518,0,3564,12982,16499,20064
rear,14,1789636188446867387,1789636188586779632,2934036113480767,20160,0,0,0,5016,0,4138,11006,16022,20160
front,15,1789636188547101591,1789636188647658242,2934036174359491,19968,0,0,0,2996,0,3590,13382,16378,19968
rear,15,1789636188547130302,1789636188648353953,2934036175055063,19872,0,0,0,4757,0,4240,10875,15632,19872
rear,16,1789636188646859055,1789636188765722644,2934036292423659,20064,0,0,0,4886,0,4209,10969,15855,20064
front,16,1789636188646608716,1789636188747878500,2934036274579728,19968,0,0,0,3636,0,3487,12845,16479,19968
front,17,1789636188746614057,1789636188848117785,2934036374819244,20064,0,0,0,3029,0,3640,13395,16423,20064
rear,17,1789636188746993540,1789636188947607372,2934036474308809,20064,0,0,0,5007,0,4161,10896,15903,20064
rear,18,1789636188847015929,1789636188962260800,2934036488961828,19872,0,0,0,4743,0,4197,10932,15675,19872
front,18,1789636188846691859,1789636188961743089,2934036488444214,19968,0,0,0,3486,0,3512,12970,16456,19968
rear,19,1789636188946870042,1789636189048896505,2934036575597482,20064,0,0,0,4746,0,4430,10888,15634,20064
front,19,1789636188946653932,1789636189048160647,2934036574862038,20064,0,0,0,3184,0,3610,13270,16454,20064
rear,20,1789636189047109569,1789636189247306990,2934036774008243,19968,0,0,0,5053,0,4123,10792,15845,19968
rear,21,1789636189146911135,1789636189344892205,2934036871593335,19968,0,0,0,4947,0,4116,10905,15852,19968
front,20,1789636189047261382,1789636189147797309,2934036674498333,19968,0,0,0,3446,0,3566,12956,16402,19968
front,21,1789636189146749793,1789636189259826972,2934036786528036,19968,0,0,0,3096,0,3591,13281,16377,19968
rear,22,1789636189246925728,1789636189358738686,2934036885439699,20064,0,0,0,4753,0,4247,11064,15817,20064
front,22,1789636189246677031,1789636189348319913,2934036875021082,20064,0,0,0,3648,0,3507,12909,16557,20064
rear,23,1789636189347057074,1789636189449095531,2934036975796596,20064,0,0,0,5049,0,4135,10880,15929,20064
front,23,1789636189347253738,1789636189448472700,2934036975174350,19968,0,0,0,3320,0,3591,13057,16375,19968
rear,24,1789636189447147888,1789636189578606330,2934037105307601,19968,0,0,0,4962,0,4136,10870,15832,19968
front,24,1789636189447180155,1789636189548392929,2934037075094204,19872,0,0,0,3405,0,3543,12924,16327,19872
front,25,1789636189547220057,1789636189647594084,2934037174295261,19872,0,0,0,3311,0,3476,13085,16394,19872
rear,25,1789636189547153081,1789636189648681360,2934037175382424,19872,0,0,0,4765,0,4219,10888,15653,19872
rear,26,1789636189646865571,1789636189752782573,2934037279484020,20064,0,0,0,4808,0,4240,11016,15824,20064
rear,27,1789636189746950997,1789636189856828295,2934037383529363,19968,0,0,0,5068,0,4126,10774,15842,19968
front,26,1789636189747313915,1789636189847770470,2934037374471688,19872,0,0,0,3181,0,3505,13186,16367,19872
front,27,1789636189846659565,1789636189947553589,2934037474254831,19968,0,0,0,3523,0,3469,12976,16497,19968
rear,28,1789636189846895997,1789636189955076690,2934037481777786,19968,0,0,0,4904,0,4211,10853,15757,19968
rear,29,1789636189946880996,1789636190048435589,2934037575136870,20064,0,0,0,4777,0,4381,10906,15683,20064
rear,30,1789636190047002882,1789636190212828297,2934037739529748,19968,0,0,0,5058,0,4115,10795,15853,19968
front,28,1789636190047294132,1789636190147699640,2934037674400943,19872,0,0,0,3368,0,3482,13022,16390,19872
front,29,1789636190147170735,1789636190247455278,2934037774156303,19872,0,0,0,3336,0,3466,13070,16406,19872
rear,31,1789636190146862608,1789636190329283276,2934037855984284,19968,0,0,0,4950,0,4131,10887,15837,19968
rear,32,1789636190246855591,1789636190349768265,2934037876469218,20064,0,0,0,4807,0,4227,11030,15837,20064
front,30,1789636190246634733,1789636190347907812,2934037874609172,20064,0,0,0,3530,0,3580,12954,16480,20064
rear,33,1789636190346961573,1789636190450604351,2934037977305354,20064,0,0,0,4886,0,4217,10961,15847,20064
front,31,1789636190346655942,1789636190448314239,2934037975015611,20064,0,0,0,3382,0,3590,13092,16472,20064
rear,34,1789636190447047832,1789636190554813352,2934038081514378,19968,0,0,0,5073,0,4065,10830,15903,19968
front,32,1789636190447192826,1789636190547612459,2934038074313911,19968,0,0,0,3381,0,3412,13175,16554,19968
rear,35,1789636190546991828,1789636190650804684,2934038177505653,19968,0,0,0,4906,0,4125,10937,15843,19968
front,33,1789636190547156900,1789636190647590702,2934038174291923,19968,0,0,0,3437,0,3650,12881,16317,19968
rear,36,1789636190646981438,1789636190748368831,2934038275069773,20064,0,0,0,4757,0,4408,10899,15656,20064
front,34,1789636190646733038,1789636190747572790,2934038274273915,19968,0,0,0,3405,0,3493,13070,16475,19968
front,35,1789636190746596783,1789636190847696037,2934038374397102,19968,0,0,0,3351,0,3502,13115,16465,19968
rear,37,1789636190747067129,1789636190909983524,2934038436684763,19968,0,0,0,5048,0,4184,10736,15784,19968
rear,38,1789636190846979623,1789636190962031160,2934038488732264,19968,0,0,0,4947,0,4135,10886,15833,19968
front,36,1789636190846734907,1789636190947981220,2934038474682331,20064,0,0,0,3491,0,3580,12993,16484,20064
front,37,1789636190946759403,1789636191048327957,2934038575029440,19968,0,0,0,3472,0,3600,12896,16368,19968
rear,39,1789636190946954481,1789636191068819519,2934038595520512,20064,0,0,0,4781,0,4241,11042,15823,20064
rear,40,1789636191047132259,1789636191151666956,2934038678368006,19968,0,0,0,4932,0,4195,10841,15773,19968
front,38,1789636191047171287,1789636191147725751,2934038674427028,19968,0,0,0,3392,0,3407,13169,16561,19968
rear,41,1789636191146967014,1789636191248719319,2934038775420334,19968,0,0,0,5008,0,4113,10847,15855,19968
front,39,1789636191146677809,1789636191247980544,2934038774681610,20064,0,0,0,3563,0,3655,12846,16408,20064
rear,42,1789636191246933611,1789636191357826106,2934038884527114,19968,0,0,0,4757,0,4184,11027,15784,19968
front,40,1789636191246687500,1789636191348036342,2934038874737462,20064,0,0,0,3391,0,3522,13151,16541,20064
rear,43,1789636191346876045,1789636191463267765,2934038989969147,20064,0,0,0,4792,0,4235,11037,15829,20064
front,41,1789636191346782014,1789636191447656770,2934038974357964,19968,0,0,0,3578,0,3406,12984,16561,19968
rear,44,1789636191546902106,1789636191820825550,2934039347526438,20064,0,0,0,4937,0,4325,10802,15739,20064
front,42,1789636191547190723,1789636191820493664,2934039347194649,19872,0,0,0,3615,0,3400,12857,16472,19872
rear,45,1789636191446920164,1789636191819875253,2934039346576283,19968,0,0,0,5049,0,4095,10824,15873,19968
front,43,1789636191446801231,1789636191819341535,2934039346042739,20064,0,0,0,3457,0,3748,12859,16314,20064
front,44,1789636191746608942,1789636191847888288,2934039374589487,20064,0,0,0,3670,0,3662,12732,16402,20064
rear,46,1789636191746953025,1789636191860808828,2934039387509822,19968,0,0,0,4906,0,4199,10863,15769,19968
front,45,1789636191846695712,1789636191947640609,2934039474341505,19968,0,0,0,3408,0,3493,13067,16474,19968
rear,47,1789636191846951744,1789636191956647016,2934039483348073,19968,0,0,0,5000,0,4112,10856,15856,19968
rear,48,1789636191946899488,1789636192048624084,2934039575325416,20064,0,0,0,4852,0,4181,11031,15883,20064
front,46,1789636192047357705,1789636192147833070,2934039674534262,19872,0,0,0,3479,0,3734,12659,16137,19872
rear,49,1789636192046951279,1789636192190687851,2934039717389430,19968,0,0,0,4842,0,4236,10890,15732,19968
rear,50,1789636192146975388,1789636192331678876,2934039858380322,20064,0,0,0,5092,0,4049,10923,16015,20064
front,47,1789636192146721536,1789636192247685350,2934039774386498,19968,0,0,0,3410,0,3409,13149,16559,19968
front,48,1789636192246610638,1789636192348251760,2934039874952871,20064,0,0,0,3460,0,3389,13215,16673,20064
rear,51,1789636192247053046,1789636192361122337,2934039887823409,20064,0,0,0,4969,0,4140,10955,15924,20064
front,49,1789636192346767803,1789636192482709581,2934040009410895,19968,0,0,0,3414,0,3756,12798,16212,19968
rear,52,1789636192347075052,1789636192503124396,2934040029825557,19872,0,0,0,4768,0,4231,10873,15641,19872
rear,53,1789636192547105221,1789636192747263727,2934040273965176,19968,0,0,0,4971,0,4204,10793,15764,19968
front,50,1789636192446630669,1789636192548046379,2934040074747435,20064,0,0,0,3471,0,3390,13203,16674,20064
rear,54,1789636192446946086,1789636192647519883,2934040174221465,20064,0,0,0,4968,0,4321,10775,15743,20064
front,51,1789636192546701272,1789636192652836280,2934040179537336,19968,0,0,0,3417,0,3391,13160,16577,19968
front,52,1789636196846808481,1789636197385023367,2934044911724820,19968,0,0,0,3585,0,3448,12935,16520,19968
rear,55,1789636197747133767,1789636198285928158,2934045812629460,19968,0,0,0,5021,0,4079,10868,15889,19968
front,53,1789636197746611707,1789636198286543123,2934045813244030,19968,0,0,0,3309,0,3487,13172,16481,19968
front,54,1789636197846632541,1789636198287602981,2934045814304078,20064,0,0,0,3456,0,3557,13051,16507,20064
front,55,1789636197946613740,1789636198290188051,2934045816888991,20064,0,0,0,3405,0,3604,13055,16458,20064
rear,56,1789636197947097912,1789636198290611787,2934045817312760,19968,0,0,0,4715,0,4245,11008,15723,19968
rear,57,1789636197847152522,1789636198289537024,2934045816238003,19968,0,0,0,4907,0,4113,10948,15855,19968
front,56,1789636198046862130,1789636198291955082,2934045818656144,19872,0,0,0,3244,0,3478,13150,16392,19872
rear,58,1789636198047182230,1789636198292905223,2934045819606154,20064,0,0,0,5023,0,4160,10881,15904,20064
front,57,1789636198146620055,1789636198293313725,2934045820014666,20064,0,0,0,3529,0,3613,12922,16450,20064
rear,59,1789636198147197395,1789636198294023202,2934045820724318,19968,0,0,0,4946,0,4208,10814,15760,19968
rear,60,1789636198247095681,1789636198447399292,2934045974100881,19968,0,0,0,4738,0,4316,10914,15652,19968
front,58,1789636198246616679,1789636198348093158,2934045874794466,20064,0,0,0,3378,0,3565,13121,16499,20064
rear,61,1789636198347099058,1789636198449066126,2934045975767105,20064,0,0,0,4835,0,4277,10952,15787,20064
front,59,1789636198346751299,1789636198448327668,2934045975028743,19968,0,0,0,3176,0,3582,13210,16385,19968
rear,62,1789636198447211876,1789636198647548319,2934046174249577,19968,0,0,0,5034,0,4091,10843,15877,19968
front,60,1789636198446651582,1789636198548088119,2934046074789536,20064,0,0,0,3704,0,3507,12853,16557,20064
front,61,1789636198546643301,1789636198648419647,2934046175120612,19968,0,0,0,2929,0,3618,13421,16350,19968
rear,63,1789636198647126139,1789636198779790404,2934046306491421,19968,0,0,0,4741,0,4242,10985,15726,19968
front,62,1789636198646789554,1789636198747735467,2934046274436820,19968,0,0,0,3555,0,3517,12896,16451,19968
front,63,1789636198746713558,1789636198847573793,2934046374275118,19968,0,0,0,3382,0,3529,13057,16439,19968
rear,64,1789636198747197773,1789636198870177990,2934046396879146,19968,0,0,0,5054,0,4086,10828,15882,19968
rear,65,1789636198847131696,1789636198967426383,2934046494127352,20064,0,0,0,4956,0,4124,10984,15940,20064
front,64,1789636198846667851,1789636198948011456,2934046474712400,20064,0,0,0,3279,0,3597,13188,16467,20064
front,65,1789636198946786644,1789636199048059193,2934046574760389,19968,0,0,0,3391,0,3537,13040,16431,19968
rear,66,1789636198947158346,1789636199056492698,2934046583193910,19968,0,0,0,4755,0,4272,10941,15696,19968
front,66,1789636199046929177,1789636199147937972,2934046674639104,20064,0,0,0,3484,0,3594,12986,16470,20064
rear,67,1789636199047195470,1789636199154355504,2934046681056470,19968,0,0,0,4933,0,4292,10743,15676,19968
front,67,1789636199146828499,1789636199247709962,2934046774411215,19968,0,0,0,3254,0,3528,13186,16439,19968
rear,68,1789636199147085249,1789636199251966304,2934046778667404,19968,0,0,0,4954,0,4201,10813,15767,19968
rear,69,1789636199247112293,1789636199369269132,2934046895970602,20064,0,0,0,4796,0,4240,11028,15824,20064
front,68,1789636199246768127,1789636199347857837,2934046874559176,19872,0,0,0,3246,0,3609,13017,16261,19872
rear,70,1789636199347258438,1789636199547698218,2934047074399678,20064,0,0,0,4735,0,4245,11084,15819,20064
front,69,1789636199546660661,1789636199647679942,2934047174381185,19872,0,0,0,3219,0,3482,13171,16388,19872
rear,71,1789636199547217982,1789636199655007119,2934047181708281,19968,0,0,0,4955,0,4120,10893,15848,19968
rear,72,1789636199647180493,1789636199752000308,2934047278701264,19968,0,0,0,4753,0,4242,10973,15726,19968
front,70,1789636199646669056,1789636199748220858,2934047274922093,20256,0,0,0,3606,0,3501,13149,16754,20256
rear,73,1789636199747122549,1789636199849045611,2934047375746909,20064,0,0,0,4924,0,4180,10960,15884,20064
front,71,1789636199746820917,1789636199848050465,2934047374751561,19968,0,0,0,3340,0,3604,13024,16364,19968
front,72,1789636199847416181,1789636199947949081,2934047474650140,19776,0,0,0,3260,0,3454,13062,16321,19776
rear,74,1789636199847212269,1789636199948700130,2934047475401086,19968,0,0,0,5016,0,4136,10816,15832,19968
rear,75,1789636199947159533,1789636200048846351,2934047575547359,19968,0,0,0,4797,0,4305,10866,15663,19968
front,73,1789636199946684191,1789636200048215382,2934047574916541,20064,0,0,0,3442,0,3498,13124,16566,20064
rear,76,1789636200047194110,1789636200171699735,2934047698400744,20064,0,0,0,4795,0,4391,10878,15673,20064
front,74,1789636200046838379,1789636200148426611,2934047675127837,20064,0,0,0,3466,0,3659,12939,16405,20064
front,75,1789636200146821720,1789636200247936708,2934047774637777,19872,0,0,0,3363,0,3496,13013,16376,19872
rear,77,1789636200147258438,1789636200265725230,2934047792426436,19968,0,0,0,5091,0,4053,10824,15915,19968
rear,78,1789636200247210236,1789636200364752998,2934047891454122,19968,0,0,0,4955,0,4112,10901,15856,19968
front,76,1789636200246802601,1789636200348004287,2934047874705595,19968,0,0,0,3409,0,3436,13123,16532,19968
front,77,1789636200346694824,1789636200447746779,2934047974447975,20064,0,0,0,3567,0,3731,12766,16333,20064
rear,79,1789636200347160465,1789636200448618349,2934047975319339,20064,0,0,0,4817,0,4225,11022,15839,20064
rear,80,1789636200447248796,1789636200548936004,2934048075636998,19968,0,0,0,5022,0,4131,10815,15837,19968
front,78,1789636200446706457,1789636200548199050,2934048074900299,20064,0,0,0,3316,0,3457,13291,16606,20064
front,79,1789636200547400977,1789636200647887801,2934048174589025,19872,0,0,0,3516,0,3460,12896,16411,19872
rear,81,1789636200547180650,1789636200648580026,2934048175281089,20064,0,0,0,4973,0,4129,10962,15935,20064
rear,82,1789636200647290571,1789636200748452537,2934048275153746,19968,0,0,0,4733,0,4239,10996,15729,19968
rear,83,1789636200747243028,1789636200877826899,2934048404528167,19968,0,0,0,4895,0,4296,10777,15672,19968
front,80,1789636200746840245,1789636200847776614,2934048374478009,19872,0,0,0,3519,0,3464,12889,16408,19872
front,81,1789636200846808890,1789636200947535865,2934048474236985,19968,0,0,0,3323,0,3445,13200,16523,19968
rear,84,1789636200847153836,1789636200948368507,2934048475069458,19968,0,0,0,5043,0,4168,10757,15800,19968
front,82,1789636200946698127,1789636201048159138,2934048574860382,20064,0,0,0,3714,0,3691,12659,16373,20064
rear,85,1789636200947123121,1789636201048650569,2934048575351543,20064,0,0,0,4839,0,4273,10952,15791,20064
front,83,1789636201146720554,1789636201272129064,2934048798830335,19968,0,0,0,3527,0,3398,13043,16569,19968
rear,86,1789636201047247440,1789636201247739907,2934048774441360,19968,0,0,0,4761,0,4231,10976,15737,19968
rear,87,1789636201147172880,1789636201272775726,2934048799476792,19968,0,0,0,5045,0,4069,10854,15899,19968
front,84,1789636201046842352,1789636201148063943,2934048674765360,19968,0,0,0,3377,0,3445,13146,16523,19968
front,85,1789636201246694805,1789636201348012794,2934048874714131,20064,0,0,0,3480,0,3760,12824,16304,20064
rear,88,1789636201247121392,1789636201397147053,2934048923848341,20064,0,0,0,4971,0,4128,10965,15936,20064
front,86,1789636201346800010,1789636201447985136,2934048974686609,19968,0,0,0,3478,0,3374,13116,16594,19968
rear,89,1789636201347207854,1789636201448944784,2934048975645859,20064,0,0,0,4783,0,4226,11055,15838,20064
front,87,1789636201446767108,1789636201548248676,2934049074949873,20064,0,0,0,3442,0,3471,13151,16593,20064
rear,90,1789636201447273817,1789636201549216869,2934049075918010,19968,0,0,0,4875,0,4229,10864,15739,19968
rear,91,1789636201547281481,1789636201708794082,2934049235495199,19968,0,0,0,4999,0,4105,10864,15863,19968
front,88,1789636201546763830,1789636201647921435,2934049174622630,19968,0,0,0,3414,0,3724,12830,16243,19968
rear,92,1789636201647252472,1789636201748313373,2934049275014408,19968,0,0,0,4759,0,4274,10935,15694,19968
front,89,1789636201646748834,1789636201747590632,2934049274291882,19968,0,0,0,3424,0,3439,13105,16528,19968
rear,93,1789636201747203352,1789636201870423931,2934049397124964,20064,0,0,0,4764,0,4435,10865,15629,20064
front,90,1789636201746815451,1789636201848251755,2934049374953050,20064,0,0,0,3464,0,3403,13197,16659,20064
rear,94,1789636201847332459,1789636201962342884,2934049489043862,19968,0,0,0,5066,0,4081,10821,15887,19968
front,91,1789636201846863440,1789636201961927623,2934049488628862,19968,0,0,0,3467,0,3741,12760,16226,19968
rear,95,1789636201947219989,1789636202078215635,2934049604916822,19968,0,0,0,4954,0,4127,10887,15841,19968
front,92,1789636201946895952,1789636202048231926,2934049574933370,20064,0,0,0,3425,0,3398,13241,16666,20064
front,93,1789636202046932829,1789636202147917413,2934049674618767,19968,0,0,0,3533,0,3468,12967,16499,19968
rear,96,1789636202047196064,1789636202148628761,2934049675329714,20064,0,0,0,4772,0,4237,11055,15827,20064
front,94,1789636202246776106,1789636202348553922,2934049875254827,20064,0,0,0,3563,0,3385,13116,16678,20064
rear,97,1789636202247182325,1789636202349110879,2934049875811917,19968,0,0,0,5037,0,4117,10814,15851,19968
front,95,1789636202146862864,1789636202252785820,2934049779487140,19968,0,0,0,3350,0,3707,12911,16261,19968
rear,98,1789636202147235766,1789636202348011891,2934049874713425,19968,0,0,0,5013,0,4188,10767,15780,19968
rear,99,1789636202347180304,1789636202448386095,2934049975087116,20064,0,0,0,4745,0,4219,11100,15845,20064
front,96,1789636202346852242,1789636202447662477,2934049974363700,19872,0,0,0,3453,0,3393,13026,16479,19872
rear,100,1789636202447209682,1789636202548913099,2934050075614376,19968,0,0,0,4796,0,4240,10932,15728,19968
front,97,1789636202546807597,1789636202648124064,2934050174825294,19968,0,0,0,3392,0,3419,13157,16548,19968
rear,101,1789636202547189812,1789636202648741874,2934050175442867,19968,0,0,0,5042,0,4142,10784,15826,19968
rear,102,1789636202647179300,1789636202763861776,2934050290562775,20064,0,0,0,4939,0,4292,10833,15772,20064
front,98,1789636202646915544,1789636202747779931,2934050274481006,19968,0,0,0,3638,0,3546,12784,16421,19968
front,99,1789636202746855659,1789636202848192540,2934050374893846,20064,0,0,0,3457,0,3618,12989,16446,20064
rear,103,1789636202747294678,1789636202879848312,2934050406549492,19968,0,0,0,4764,0,4244,10960,15724,19968
front,100,1789636202846891216,1789636202948228831,2934050474930059,19968,0,0,0,3589,0,3369,13010,16599,19968
rear,104,1789636202847215194,1789636202948771070,2934050475472052,19968,0,0,0,5019,0,4121,10828,15847,19968
front,101,1789636202946881234,1789636203048036908,2934050574738210,20064,0,0,0,3403,0,3698,12963,16366,20064
rear,105,1789636202947189628,1789636203048718579,2934050575419574,20064,0,0,0,4967,0,4122,10975,15942,20064
front,102,1789636203047001080,1789636203147903543,2934050674604718,19968,0,0,0,3520,0,3445,13003,16523,19968
rear,106,1789636203047336668,1789636203148558103,2934050675259105,19968,0,0,0,4800,0,4242,10926,15726,19968
rear,107,1789636203147219494,1789636203248252005,2934050774953047,20064,0,0,0,4882,0,4238,10944,15826,20064
front,103,1789636203146882840,1789636203247716551,2934050774417951,19968,0,0,0,3451,0,3409,13108,16558,19968
front,104,1789636203246872750,1789636203347743945,2934050874445207,19968,0,0,0,3397,0,3638,12933,16329,19968
rear,108,1789636203247349967,1789636203348474170,2934050875175164,19968,0,0,0,5027,0,4075,10866,15893,19968
rear,109,1789636203347212330,1789636203460078156,2934050986779183,20064,0,0,0,4913,0,4191,10960,15873,20064
front,105,1789636203346735162,1789636203447492608,2934050974193857,19968,0,0,0,3473,0,3538,12957,16430,19968
rear,110,1789636203447345198,1789636203553679048,2934051080379990,19968,0,0,0,4730,0,4327,10911,15641,19968
front,106,1789636203446684089,1789636203548139569,2934051074841031,20160,0,0,0,3405,0,3353,13402,16806,20160
rear,111,1789636203547361283,1789636203649710652,2934051176411596,19968,0,0,0,4961,0,4181,10826,15787,19968
front,107,1789636203546840017,1789636203647755371,2934051174456803,19872,0,0,0,3497,0,3676,12699,16196,19872
front,108,1789636203646799503,1789636203749722540,2934051276423740,20064,0,0,0,3431,0,3473,13160,16590,20064
rear,112,1789636203647237574,1789636203799828242,2934051326529068,20064,0,0,0,4993,0,4166,10905,15898,20064
front,109,1789636203746850388,1789636203853065371,2934051379766820,19968,0,0,0,3517,0,3400,13051,16567,19968
rear,113,1789636203747363909,1789636203933288143,2934051459989328,19968,0,0,0,4709,0,4244,11015,15724,19968
rear,114,1789636203847326254,1789636203958690834,2934051485391794,19968,0,0,0,4876,0,4221,10871,15747,19968
front,110,1789636203846865368,1789636203948425763,2934051475126778,20064,0,0,0,3420,0,3778,12866,16284,20064
front,111,1789636203946919238,1789636204047909625,2934051574610953,19968,0,0,0,3607,0,3355,13006,16613,19968
rear,115,1789636203947185941,1789636204082961681,2934051609663327,20064,0,0,0,5004,0,4118,10942,15946,20064
front,112,1789636204046815025,1789636204201720326,2934051728422040,19968,0,0,0,3365,0,3409,13194,16559,19968
rear,116,1789636204047309793,1789636204226464485,2934051753165723,19968,0,0,0,4786,0,4152,11030,15816,19968
front,113,1789636204246943410,1789636204569559125,2934052096260098,19872,0,0,0,3408,0,3371,13093,16498,19872
rear,117,1789636204147296143,1789636204568817977,2934052095519169,19968,0,0,0,4704,0,4251,11013,15717,19968
rear,118,1789636204247215200,1789636204570061574,2934052096762552,20064,0,0,0,4947,0,4124,10993,15940,20064
front,114,1789636204146758475,1789636204568205731,2934052094907395,20064,0,0,0,3608,0,3761,12695,16303,20064
front,115,1789636204446767070,1789636204573669821,2934052100370767,20064,0,0,0,3369,0,3796,12899,16267,20064
rear,119,1789636204347328760,1789636204573017467,2934052099718454,19968,0,0,0,4895,0,4205,10868,15763,19968
front,116,1789636204346625650,1789636204572295147,2934052098996086,20064,0,0,0,3646,0,3385,13033,16678,20064
rear,120,1789636204447330247,1789636204574344545,2934052101045514,19968,0,0,0,4684,0,4339,10945,15629,19968
front,117,1789636204546808552,1789636204647756172,2934052174457562,19968,0,0,0,3607,0,3391,12970,16576,19968
rear,121,1789636204547210687,1789636204728237768,2934052254939168,20064,0,0,0,4881,0,4293,10890,15771,20064
rear,122,1789636204647347575,1789636204753862155,2934052280563117,19968,0,0,0,4941,0,4135,10892,15833,19968
front,118,1789636204646785946,1789636204748312623,2934052275013964,20064,0,0,0,3469,0,3471,13124,16591,20064
rear,123,1789636204747342332,1789636204947692752,2934052474394136,20064,0,0,0,4785,0,4196,11083,15868,20064
rear,124,1789636204847377643,1789636204963539407,2934052490240498,19968,0,0,0,4767,0,4269,10932,15699,19968
front,119,1789636204746943616,1789636204847808189,2934052374509639,19872,0,0,0,3496,0,3687,12689,16185,19872
front,120,1789636204846650400,1789636204963036138,2934052489737527,19968,0,0,0,3444,0,3396,13128,16572,19968
rear,125,1789636204947296205,1789636205048793192,2934052575494462,19968,0,0,0,4924,0,4099,10945,15869,19968
front,121,1789636205146849588,1789636205318563394,2934052845264377,19968,0,0,0,3475,0,3374,13119,16594,19968
rear,126,1789636205047304721,1789636205317885917,2934052844587481,19968,0,0,0,4938,0,4130,10900,15838,19968
rear,127,1789636205147322895,1789636205319339100,2934052846040070,20064,0,0,0,4645,0,4280,11139,15784,20064
front,122,1789636205047121012,1789636205157529079,2934052684230601,19872,0,0,0,3482,0,3542,12848,16328,19872
rear,128,1789636205247344932,1789636205365837377,2934052892538450,19968,0,0,0,4719,0,4258,10991,15710,19968
front,123,1789636205246703085,1789636205348502564,2934052875203838,20064,0,0,0,3454,0,3551,13059,16511,20064
front,124,1789636205346927196,1789636205447813468,2934052974514725,19968,0,0,0,3435,0,3604,12929,16364,19968
rear,129,1789636205347330048,1789636205518208048,2934053044909545,19968,0,0,0,4803,0,4221,10944,15747,19968
rear,130,1789636205447258090,1789636205560851895,2934053087552984,20064,0,0,0,4742,0,4282,11040,15782,20064
front,125,1789636205446799960,1789636205547746946,2934053074448007,20064,0,0,0,3477,0,3412,13175,16651,20064
rear,131,1789636205547427532,1789636205681929043,2934053208630140,19968,0,0,0,4609,0,4271,11088,15697,19968
front,126,1789636205546779884,1789636205681126438,2934053207827759,19968,0,0,0,3380,0,3572,13016,16395,19968
front,127,1789636205646873491,1789636205747777897,2934053274479303,19968,0,0,0,3465,0,3570,12933,16397,19968
rear,132,1789636205647349850,1789636205775114078,2934053301815290,19968,0,0,0,4751,0,4244,10973,15724,19968
front,128,1789636205746805501,1789636205847687872,2934053374389255,19968,0,0,0,3377,0,3437,13154,16531,19968
rear,133,1789636205747266357,1789636205908179602,2934053434881059,20064,0,0,0,4927,0,4158,10979,15906,20064
front,129,1789636205846694322,1789636205948448881,2934053475150088,20064,0,0,0,3560,0,3562,12942,16501,20064
rear,134,1789636205947359511,1789636206189032783,2934053715733869,20064,0,0,0,4793,0,4268,11003,15796,20064
rear,135,1789636205847379084,1789636206046967960,2934053573669587,19968,0,0,0,4580,0,4290,11098,15678,19968
front,130,1789636205946831182,1789636206188494401,2934053715195825,20064,0,0,0,3338,0,3607,13119,16457,20064
front,131,1789636206046912306,1789636206191454103,2934053718155081,19968,0,0,0,3535,0,3391,13042,16575,19968
rear,136,1789636206047401441,1789636206192111560,2934053718812536,19872,0,0,0,4760,0,4181,10931,15691,19872
rear,137,1789636206347339936,1789636206942471095,2934054469172123,20064,0,0,0,4689,0,4386,10989,15678,20064
front,132,1789636206546878245,1789636206943746949,2934054470447932,19968,0,0,0,3344,0,3453,13171,16514,19968
front,133,1789636206446667583,1789636206942964382,2934054469665320,20160,0,0,0,3708,0,3695,12757,16465,20160
front,134,1789636206346900789,1789636206939944680,2934054466646029,19872,0,0,0,3368,0,3445,13059,16424,19872
rear,138,1789636206447362274,1789636206946072518,2934054472773486,19968,0,0,0,4928,0,4174,10866,15794,19968
front,135,1789636206646916930,1789636206946791648,2934054473492683,19872,0,0,0,3569,0,3442,12861,16430,19872
rear,139,1789636206547363545,1789636206947253696,2934054473954686,19968,0,0,0,4846,0,4141,10981,15827,19968
rear,140,1789636211147474745,1789636211734938620,2934059261639877,19968,0,0,0,4792,0,4247,10929,15721,19968
front,136,1789636211246883824,1789636211753445198,2934059280146160,19968,0,0,0,3492,0,3514,12962,16451,19968
front,137,1789636208546656717,1789636209101788529,2934056628489903,19968,0,0,0,3387,0,3559,13022,16408,19968
rear,141,1789636211247524058,1789636211754290136,2934059280991230,19968,0,0,0,5078,0,4063,10827,15905,19968
rear,142,1789636211347410010,1789636211757268348,2934059283969320,20064,0,0,0,4919,0,4139,11006,15925,20064
front,138,1789636211346735742,1789636211756517528,2934059283218484,20064,0,0,0,3391,0,3632,13041,16431,20064
rear,143,1789636211447437747,1789636211759026527,2934059285727532,19968,0,0,0,4764,0,4243,10961,15725,19968
front,139,1789636211446899039,1789636211758197176,2934059284898300,19968,0,0,0,3450,0,3431,13087,16536,19968
rear,144,1789636211547480801,1789636211761272171,2934059287973115,19968,0,0,0,4958,0,4139,10871,15829,19968
front,140,1789636211546754761,1789636211760681354,2934059287382274,20064,0,0,0,3481,0,3588,12995,16476,20064
front,141,1789636211646975633,1789636211761882880,2934059288583819,19872,0,0,0,3527,0,3561,12784,16311,19872
rear,145,1789636211647400165,1789636211762769203,2934059289470318,20064,0,0,0,4969,0,4121,10974,15943,20064
front,142,1789636211746726229,1789636211847779755,2934059374480785,20064,0,0,0,3400,0,3400,13264,16664,20064
rear,146,1789636211747412639,1789636211858878755,2934059385579856,19968,0,0,0,4750,0,4311,10907,15657,19968
front,143,1789636211846853882,1789636211948061567,2934059474762607,20160,0,0,0,3615,0,3728,12817,16431,20160
rear,147,1789636211847470331,1789636211948884761,2934059475585854,19968,0,0,0,4823,0,4336,10809,15632,19968
rear,148,1789636211947418990,1789636212048773865,2934059575474907,19968,0,0,0,5000,0,4171,10797,15797,19968
front,144,1789636211947123737,1789636212048213130,2934059574914544,20064,0,0,0,3382,0,3442,13240,16621,20064
rear,149,1789636212047462954,1789636212148229622,2934059674930645,20064,0,0,0,4834,0,4163,11067,15901,20064
front,145,1789636212047264495,1789636212147554699,2934059674255921,19776,0,0,0,3608,0,3414,12754,16362,19776
rear,150,1789636212147492044,1789636212248402872,2934059775103848,19968,0,0,0,4756,0,4231,10981,15737,19968
front,146,1789636212146823858,1789636212247694798,2934059774396068,19968,0,0,0,3421,0,3607,12940,16361,19968
rear,151,1789636212247445782,1789636212348428736,2934059875129801,20064,0,0,0,5109,0,4098,10857,15966,20064
front,147,1789636212246738784,1789636212347705215,2934059874406395,20064,0,0,0,3643,0,3564,12857,16499,20064
rear,152,1789636212347544145,1789636212449117669,2934059975818717,19968,0,0,0,4924,0,4131,10913,15837,19968
front,148,1789636212346903918,1789636212448441963,2934059975143250,20160,0,0,0,3448,0,3400,13312,16760,20160
front,149,1789636212447156346,1789636212547587645,2934060074288823,19872,0,0,0,3575,0,3727,12570,16144,19872
rear,153,1789636212447467716,1789636212548345240,2934060075046215,19968,0,0,0,4710,0,4246,11012,15722,19968
front,150,1789636212546746322,1789636212647557840,2934060174259044,19968,0,0,0,3407,0,3483,13078,16485,19968
rear,154,1789636212547458940,1789636212648142534,2934060174843488,19968,0,0,0,4886,0,4217,10865,15751,19968
rear,155,1789636212646639398,1789636212778816444,2934060305517570,20064,0,0,0,4970,0,4177,10917,15887,20064
front,151,1789636212646807246,1789636212747865904,2934060274567230,20064,0,0,0,3501,0,3383,13180,16679,20064
rear,156,1789636212747470192,1789636212885109371,2934060411810769,19968,0,0,0,4856,0,4219,10893,15749,19968
front,152,1789636212746948419,1789636212848733905,2934060375435446,20064,0,0,0,3495,0,3771,12798,16293,20064
rear,157,1789636212847430896,1789636213047326266,2934060574027593,19968,0,0,0,4733,0,4335,10900,15633,19968
rear,158,1789636212946607580,1789636213093683404,2934060620384516,20064,0,0,0,5036,0,4112,10916,15952,20064
front,153,1789636212847072727,1789636212961117093,2934060487818466,19968,0,0,0,3444,0,3387,13137,16581,19968
front,154,1789636212946954639,1789636213072044845,2934060598745936,19968,0,0,0,3483,0,3384,13101,16582,19968
front,155,1789636213046957670,1789636213147782381,2934060674483982,19968,0,0,0,3411,0,3745,12812,16223,19968
rear,159,1789636213047525829,1789636213155307068,2934060682008214,19968,0,0,0,4978,0,4103,10887,15865,19968
rear,160,1789636213146639781,1789636213347866446,2934060874567837,19968,0,0,0,4752,0,4239,10977,15729,19968
front,156,1789636213146823638,1789636213247514448,2934060774215716,19968,0,0,0,3481,0,3389,13098,16579,19968
front,157,1789636213246873633,1789636213432120810,2934060958822375,20064,0,0,0,3443,0,3383,13238,16679,20064
front,158,1789636213546464949,1789636213950753671,2934061477454807,20160,0,0,0,3537,0,3510,13113,16649,20160
rear,161,1789636213547504347,1789636213951352211,2934061478053254,19968,0,0,0,4749,0,4273,10946,15695,19968
rear,162,1789636213447565471,1789636213949770393,2934061476471469,19968,0,0,0,4724,0,4215,11029,15753,19968
front,159,1789636213446931061,1789636213949006055,2934061475707599,19968,0,0,0,3417,0,3381,13170,16587,19968
front,160,1789636213647127162,1789636213954048196,2934061480749158,19872,0,0,0,3459,0,3637,12776,16235,19872
rear,163,1789636213647465807,1789636213955075854,2934061481776814,20064,0,0,0,4947,0,4263,10854,15801,20064
front,161,1789636213846974532,1789636213957805561,2934061484506565,20064,0,0,0,3416,0,3554,13094,16510,20064
rear,164,1789636213747557630,1789636213956943475,2934061483644525,19968,0,0,0,4934,0,4196,10838,15772,19968
front,162,1789636213746813859,1789636213956093358,2934061482794462,20064,0,0,0,3621,0,3368,13075,16696,20064
rear,165,1789636213846754263,1789636213959084170,2934061485785113,19968,0,0,0,4737,0,4244,10987,15724,19968
front,163,1789636213947144052,1789636214047825822,2934061574526987,19968,0,0,0,3665,0,3567,12736,16401,19968
rear,166,1789636213947467943,1789636214105471630,2934061632172699,20064,0,0,0,4911,0,4178,10975,15886,20064
front,164,1789636214047003260,1789636214147737589,2934061674438747,19968,0,0,0,3431,0,3388,13149,16580,19968
rear,167,1789636214047537087,1789636214148605202,2934061675306294,19968,0,0,0,4955,0,4130,10883,15838,19968
front,165,1789636214146843620,1789636214248204176,2934061774905380,20064,0,0,0,3603,0,3606,12855,16457,20064
rear,168,1789636214146726578,1789636214262256190,2934061788957415,19968,0,0,0,4786,0,4221,10961,15747,19968
rear,169,1789636214247458365,1789636214354042423,2934061880743445,20064,0,0,0,4781,0,4266,11017,15798,20064
front,166,1789636214247067935,1789636214347724257,2934061874425476,19968,0,0,0,3477,0,3532,12959,16436,19968
rear,170,1789636214347550084,1789636214455777181,2934061982478374,19968,0,0,0,4907,0,4104,10957,15864,19968
front,167,1789636214346985798,1789636214448069731,2934061974771105,19968,0,0,0,3598,0,3390,12980,16577,19968
rear,171,1789636214446757213,1789636214548564852,2934062075265936,19968,0,0,0,4904,0,4129,10935,15839,19968
front,168,1789636214446925529,1789636214548188368,2934062074889478,20064,0,0,0,3445,0,3672,12947,16390,20064
rear,172,1789636214547456597,1789636214707865497,2934062234566791,20064,0,0,0,4787,0,4371,10906,15693,20064
front,169,1789636214546856511,1789636214647762128,2934062174463505,19968,0,0,0,3429,0,3491,13048,16477,19968
front,170,1789636214646966301,1789636214747882850,2934062274584086,19968,0,0,0,3466,0,3382,13120,16584,19968
rear,173,1789636214647582561,1789636214750521468,2934062277222579,19968,0,0,0,4909,0,4188,10871,15780,19968
front,171,1789636214746874329,1789636214848188505,2934062374889889,20064,0,0,0,3457,0,3696,12911,16368,20064
front,172,1789636214846973065,1789636215035796818,2934062562497936,19968,0,0,0,3465,0,3456,13047,16511,19968
rear,174,1789636214847611865,1789636215036321887,2934062563022893,19968,0,0,0,4625,0,4286,11057,15682,19968
rear,175,1789636214746752957,1789636214947701773,2934062474403076,20064,0,0,0,4971,0,4163,10930,15901,20064
front,173,1789636214946977830,1789636215048332559,2934062575033688,20160,0,0,0,3420,0,3380,13360,16779,20160
rear,176,1789636214947578318,1789636215143710514,2934062670411955,19968,0,0,0,4790,0,4259,10919,15709,19968
front,174,1789636215047279755,1789636215147953757,2934062674655127,19776,0,0,0,3490,0,3657,12629,16118,19776
rear,177,1789636215047598250,1789636215156262490,2934062682963591,20064,0,0,0,4974,0,4129,10961,15935,20064
rear,178,1789636215247549272,1789636215837645085,2934063364346369,19968,0,0,0,4591,0,4292,11085,15676,19968
rear,179,1789636215347491033,1789636215839456450,2934063366157536,19968,0,0,0,4654,0,4249,11065,15719,19968
front,175,1789636215346845433,1789636215838846474,2934063365547530,20064,0,0,0,3415,0,3755,12894,16309,20064
front,176,1789636215246926656,1789636215837099709,2934063363801170,19968,0,0,0,3572,0,3391,13005,16575,19968
front,177,1789636215446958726,1789636215841521323,2934063368222324,19968,0,0,0,3566,0,3398,13004,16570,19968
rear,180,1789636215446670137,1789636215842441164,2934063369142144,19968,0,0,0,4871,0,4152,10945,15816,19968
front,178,1789636215647060255,1789636215845118170,2934063371819225,20064,0,0,0,3664,0,3718,12682,16346,20064
front,179,1789636215546639073,1789636215843264237,2934063369965313,20064,0,0,0,3378,0,3432,13254,16631,20064
rear,181,1789636215647528831,1789636215845925123,2934063372626020,19968,0,0,0,4670,0,4256,11042,15712,19968
rear,182,1789636215546483676,1789636215844106270,2934063370807392,20064,0,0,0,4671,0,4313,11080,15751,20064
front,180,1789636216247210242,1789636216748256127,2934064274957467,19872,0,0,0,3546,0,3677,12649,16193,19872
front,181,1789636216446859612,1789636216964327894,2934064491029414,19968,0,0,0,3387,0,3423,13158,16545,19968
rear,183,1789636216347665033,1789636216897251578,2934064423953097,19968,0,0,0,4575,0,4297,11096,15671,19968
rear,184,1789636218546615949,1789636219112678630,2934066639380145,20064,0,0,0,5027,0,4265,10772,15799,20064
rear,185,1789636224347732444,1789636224916524598,2934072443225594,19968,0,0,0,4886,0,4169,10913,15799,19968
front,182,1789636224347147454,1789636224916069862,2934072442771102,20064,0,0,0,3363,0,3412,13289,16652,20064
rear,186,1789636224446754653,1789636224918501801,2934072445202769,19968,0,0,0,4946,0,4135,10887,15833,19968
front,183,1789636224447244284,1789636224917550503,2934072444251586,19872,0,0,0,3463,0,3381,13028,16489,19872
front,184,1789636224546793560,1789636224920120450,2934072446821447,20064,0,0,0,3424,0,3784,12856,16280,20064
rear,187,1789636224546773277,1789636224920878426,2934072447579413,20064,0,0,0,4703,0,4247,11114,15817,20064
front,185,1789636224647111947,1789636224921566036,2934072448266980,19968,0,0,0,3498,0,3408,13062,16559,19968
rear,188,1789636224646989542,1789636224922400331,2934072449101445,19968,0,0,0,4728,0,4305,10935,15663,19968
front,186,1789636224747075676,1789636224924038221,2934072450739156,20064,0,0,0,3397,0,3428,13239,16636,20064
rear,189,1789636224747707287,1789636224924672465,2934072451373454,19968,0,0,0,4889,0,4196,10883,15772,19968
rear,190,1789636224846892957,1789636224973215902,2934072499917101,20064,0,0,0,4842,0,4232,10990,15832,20064
front,187,1789636224847174333,1789636224947690675,2934072474391688,19968,0,0,0,3570,0,3714,12684,16254,19968
rear,191,1789636224946911165,1789636225099739055,2934072626440282,19968,0,0,0,4686,0,4253,11029,15715,19968
front,188,1789636224947121182,1789636225048130212,2934072574831398,20064,0,0,0,3403,0,3379,13282,16685,20064
rear,192,1789636225046867086,1789636225207593146,2934072734294648,20064,0,0,0,4939,0,4150,10975,15914,20064
front,189,1789636225047509158,1789636225147946623,2934072674647945,19968,0,0,0,3639,0,3450,12879,16518,19968
rear,193,1789636225147782867,1789636225306710841,2934072833412529,19968,0,0,0,4881,0,4143,10944,15825,19968
front,190,1789636225147145727,1789636225247936539,2934072774637791,19968,0,0,0,3418,0,3683,12867,16284,19968
front,191,1789636225247074407,1789636225414968543,2934072941669983,20064,0,0,0,3614,0,3397,13053,16667,20064
rear,194,1789636225246920401,1789636225415552397,2934072942253452,20064,0,0,0,4717,0,4298,11049,15766,20064
rear,195,1789636225347862543,1789636225508525218,2934073035226462,19968,0,0,0,4644,0,4258,11066,15710,19968
front,192,1789636225347208642,1789636225447976415,2934072974677595,19968,0,0,0,3394,0,3512,13062,16455,19968
rear,196,1789636225447785299,1789636225591784785,2934073118486056,19872,0,0,0,4633,0,4292,10947,15580,19872
front,193,1789636225447138912,1789636225547526773,2934073074227988,19872,0,0,0,3600,0,3664,12608,16207,19872
rear,197,1789636225546438575,1789636225691612677,2934073218313771,20064,0,0,0,4792,0,4186,11086,15878,20064
rear,198,1789636225647722885,1789636225831090659,2934073357792002,20064,0,0,0,4722,0,4286,11056,15778,20064
front,194,1789636225647155074,1789636225747872904,2934073274574028,19968,0,0,0,3653,0,3472,12843,16494,19968
front,195,1789636225747096180,1789636225848026369,2934073374727712,20064,0,0,0,3453,0,3655,12956,16409,20064
rear,199,1789636225747831414,1789636225858401118,2934073385102228,19968,0,0,0,4705,0,4249,11014,15719,19968
rear,200,1789636225947877706,1789636226097754941,2934073624455943,19872,0,0,0,4493,0,4306,11073,15566,19872
front,196,1789636225947166932,1789636226097106098,2934073623807408,20064,0,0,0,3507,0,3620,12937,16444,20064
rear,201,1789636225847790745,1789636226096480551,2934073623182147,20064,0,0,0,4952,0,4166,10946,15898,20064
front,197,1789636225847252307,1789636225948448559,2934073475149813,19968,0,0,0,3461,0,3389,13118,16579,19968
rear,202,1789636226146990016,1789636226250177659,2934073776878574,20064,0,0,0,4873,0,4253,10938,15811,20064
front,198,1789636226047575032,1789636226148309994,2934073675011353,19968,0,0,0,3411,0,3526,13031,16442,19968
rear,203,1789636226046829038,1789636226248113631,2934073774815132,20064,0,0,0,4733,0,4257,11074,15807,20064
front,199,1789636226147199551,1789636226249652707,2934073776353861,19968,0,0,0,3456,0,3415,13097,16553,19968
front,200,1789636226247152843,1789636226348444025,2934073875145243,20064,0,0,0,3441,0,3619,13004,16444,20064
rear,204,1789636226247854395,1789636226447629883,2934073974331365,19968,0,0,0,4853,0,4168,10947,15800,19968
front,201,1789636226347175133,1789636226448782440,2934073975483539,19968,0,0,0,3493,0,3492,12983,16475,19968
rear,205,1789636226347798650,1789636226449322765,2934073976023868,19968,0,0,0,4713,0,4168,11087,15800,19968
rear,206,1789636226546889694,1789636227025438075,2934074552139645,20064,0,0,0,4940,0,4193,10931,15871,20064
front,202,1789636226447164300,1789636226547557805,2934074074259383,19872,0,0,0,3362,0,3441,13069,16430,19872
front,203,1789636226546673928,1789636226826786959,2934074353488119,20160,0,0,0,3596,0,3613,12951,16547,20160
rear,207,1789636226447790285,1789636226647961306,2934074174662656,19968,0,0,0,4652,0,4246,11070,15722,19968
front,204,1789636227147128759,1789636227760497935,2934075287199005,20064,0,0,0,3693,0,3657,12714,16405,20064
rear,208,1789636227246757073,1789636227761399478,2934075288100611,19968,0,0,0,5057,0,4077,10834,15891,19968
front,205,1789636227247157546,1789636227762417687,2934075289118747,19968,0,0,0,3308,0,3511,13149,16457,19968
front,206,1789636227347200996,1789636227765240534,2934075291941478,20064,0,0,0,3573,0,3458,13033,16606,20064
rear,209,1789636227346761881,1789636227764144238,2934075290845365,20064,0,0,0,4864,0,4137,11063,15927,20064
front,207,1789636227447164752,1789636227767639109,2934075294340215,19776,0,0,0,3410,0,3544,12822,16231,19776
rear,210,1789636227546800261,1789636227768427638,2934075295128614,20064,0,0,0,4923,0,4152,10989,15912,20064
rear,211,1789636227447830499,1789636227766888890,2934075293589981,19872,0,0,0,4643,0,4269,10960,15603,19872
rear,212,1789636227647850760,1789636227770648109,2934075297349093,19968,0,0,0,4967,0,4200,10801,15768,19968
front,208,1789636227647179003,1789636227769216984,2934075295918080,20064,0,0,0,3396,0,3493,13175,16571,20064
front,209,1789636227747191286,1789636227847652334,2934075374353609,19968,0,0,0,3539,0,3625,12804,16342,19968
rear,213,1789636227746877175,1789636227850202969,2934075376904528,19968,0,0,0,4713,0,4320,10935,15648,19968
front,210,1789636227847182710,1789636227948362071,2934075475063455,19968,0,0,0,3342,0,3485,13141,16483,19968
rear,214,1789636227846923384,1789636227961931100,2934075488632296,20064,0,0,0,4844,0,4320,10900,15744,20064
front,211,1789636227947214194,1789636228048032847,2934075574733939,20064,0,0,0,3340,0,3477,13247,16587,20064
rear,215,1789636227947795768,1789636228049117497,2934075575818504,19872,0,0,0,5004,0,4099,10769,15773,19872
rear,216,1789636228046664239,1789636228149047636,2934075675748802,20064,0,0,0,4794,0,4169,11101,15895,20064
front,212,1789636228046535050,1789636228148003420,2934075674704896,19968,0,0,0,3530,0,3626,12812,16342,19968
front,213,1789636228147185728,1789636228248133759,2934075774835253,19968,0,0,0,3216,0,3513,13239,16455,19968
rear,217,1789636228146919300,1789636228257824685,2934075784525736,20064,0,0,0,4805,0,4256,11003,15808,20064
rear,218,1789636228246905881,1789636228358513118,2934075885214186,19968,0,0,0,5028,0,4093,10847,15875,19968
front,214,1789636228247191152,1789636228348258416,2934075874959593,20064,0,0,0,3278,0,3617,13169,16445,20064
front,215,1789636228347215226,1789636228448257439,2934075974958762,19968,0,0,0,3596,0,3526,12846,16441,19968
rear,219,1789636228346899442,1789636228454475116,2934075981176240,20064,0,0,0,4949,0,4113,11002,15951,20064
front,216,1789636228447169804,1789636228547856145,2934076074557599,19872,0,0,0,2746,0,3630,13496,16242,19872
rear,220,1789636228447795420,1789636228572565101,2934076099266241,19872,0,0,0,4705,0,4250,10917,15622,19872
rear,221,1789636228546537043,1789636228680849448,2934076207550835,20064,0,0,0,4866,0,4283,10915,15781,20064
front,217,1789636228647217137,1789636228748009829,2934076274711139,20064,0,0,0,3194,0,3641,13229,16422,20064
rear,222,1789636228646985243,1789636228749782347,2934076276483360,19968,0,0,0,5003,0,4188,10777,15780,19968
front,218,1789636228747363520,1789636228847968513,2934076374669639,19872,0,0,0,3343,0,3508,13021,16364,19872
rear,223,1789636228746864998,1789636228858008497,2934076384709910,20064,0,0,0,4833,0,4290,10941,15774,20064
rear,224,1789636228847801582,1789636229044932169,2934076571633690,19968,0,0,0,4762,0,4248,10958,15720,19968
front,219,1789636228847207025,1789636228948166802,2934076474867973,20064,0,0,0,3325,0,3585,13154,16479,20064
rear,225,1789636228947812453,1789636229052769643,2934076579470652,19968,0,0,0,5079,0,4077,10812,15891,19968
front,220,1789636228947179856,1789636229047657002,2934076574358057,19968,0,0,0,3491,0,3555,12922,16412,19968
rear,226,1789636229046835638,1789636229166631506,2934076693332539,20064,0,0,0,5020,0,4120,10924,15944,20064
front,221,1789636229047500881,1789636229147786220,2934076674487518,20064,0,0,0,3277,0,3556,13231,16508,20064
rear,227,1789636229147881911,1789636229248803362,2934076775504366,19872,0,0,0,4762,0,4237,10873,15635,19872
front,222,1789636229147323564,1789636229247980061,2934076774681416,19872,0,0,0,3256,0,3583,13033,16289,19872
front,223,1789636229246638983,1789636229347961747,2934076874662962,20064,0,0,0,3568,0,3534,12962,16530,20064
rear,228,1789636229246419487,1789636229348691940,2934076875392955,20064,0,0,0,4971,0,4172,10921,15892,20064
front,224,1789636229346700122,1789636229448143650,2934076974845197,19872,0,0,0,3287,0,3628,12957,16243,19872
rear,229,1789636229346825515,1789636229448882711,2934076975583749,20064,0,0,0,4958,0,4127,10979,15937,20064
rear,230,1789636229447824893,1789636229577412284,2934077104113215,19872,0,0,0,4786,0,4218,10868,15654,19872
front,225,1789636229447226587,1789636229547779110,2934077074480370,19776,0,0,0,3246,0,3480,13050,16295,19776
rear,231,1789636229546524775,1789636229697876393,2934077224577779,20064,0,0,0,4787,0,4410,10867,15654,20064
rear,232,1789636229646896744,1789636229767668664,2934077294369810,20064,0,0,0,5045,0,4196,10823,15868,20064
front,226,1789636229646487314,1789636229748336668,2934077275037941,19968,0,0,0,3281,0,3543,13144,16424,19968
rear,233,1789636229747872768,1789636229887845204,2934077414546433,19968,0,0,0,4850,0,4154,10964,15814,19968
front,227,1789636229747386290,1789636229848188406,2934077374889952,19872,0,0,0,3358,0,3468,13046,16404,19872
rear,234,1789636229847825238,1789636229996852492,2934077523553562,19872,0,0,0,4717,0,4243,10912,15629,19872
front,228,1789636229847250176,1789636229947938453,2934077474639883,20160,0,0,0,3540,0,3627,12993,16533,20160
front,229,1789636229947278810,1789636230048022573,2934077574723905,19872,0,0,0,3265,0,3502,13105,16368,19872
rear,235,1789636229946450693,1789636230063830349,2934077590531410,20064,0,0,0,4990,0,4143,10931,15921,20064
front,230,1789636230047572582,1789636230147870612,2934077674571825,19968,0,0,0,3346,0,3495,13127,16473,19968
rear,236,1789636230046710898,1789636230148705365,2934077675406377,20064,0,0,0,5015,0,4129,10920,15935,20064
front,231,1789636230147345080,1789636230248523139,2934077775224420,20064,0,0,0,3541,0,3495,13028,16567,20064
rear,237,1789636230146907272,1789636230249166898,2934077775867925,20064,0,0,0,4748,0,4243,11073,15821,20064
rear,238,1789636230247848678,1789636230459320582,2934077986021636,19968,0,0,0,4831,0,4241,10896,15727,19968
front,232,1789636230247277133,1789636230458811223,2934077985512441,19968,0,0,0,3387,0,3634,12947,16333,19968
rear,239,1789636230347864282,1789636230460534633,2934077987235550,19968,0,0,0,4990,0,4174,10804,15794,19968
front,233,1789636230347337728,1789636230460005375,2934077986706401,19968,0,0,0,3375,0,3423,13170,16545,19968
rear,240,1789636230446944637,1789636230548382413,2934078075083390,19968,0,0,0,4852,0,4238,10878,15730,19968
front,234,1789636230447265439,1789636230547732546,2934078074433875,19776,0,0,0,3486,0,3470,12820,16306,19776
rear,241,1789636230546845891,1789636230666826414,2934078193527916,20064,0,0,0,4800,0,4334,10930,15730,20064
front,235,1789636230647256521,1789636230747942211,2934078274643579,19968,0,0,0,3547,0,3440,12981,16528,19968
front,236,1789636230747393946,1789636231274076953,2934078800778258,20064,0,0,0,3483,0,3553,13028,16511,20064
rear,242,1789636230746930249,1789636231274618620,2934078801319722,20064,0,0,0,4978,0,4128,10958,15936,20064
rear,243,1789636230647856683,1789636230848107343,2934078374808665,19968,0,0,0,5060,0,4097,10811,15871,19968
rear,244,1789636230847870293,1789636231277665509,2934078804366488,19968,0,0,0,4752,0,4252,10964,15716,19968
front,237,1789636230847396372,1789636231276941779,2934078803642760,19872,0,0,0,3566,0,3605,12701,16265,19872
front,238,1789636230947273264,1789636231278232640,2934078804933622,20064,0,0,0,3359,0,3452,13253,16611,20064
rear,245,1789636230946998100,1789636231279590607,2934078806291703,19968,0,0,0,4919,0,4220,10829,15748,19968
rear,246,1789636231046852590,1789636231281004197,2934078807705145,20064,0,0,0,4990,0,4116,10958,15948,20064
front,239,1789636231147405103,1789636231281640000,2934078808340992,19968,0,0,0,3408,0,3579,12981,16388,19968
front,240,1789636231047588855,1789636231280598657,2934078807299625,20064,0,0,0,3617,0,3568,12879,16496,20064
rear,247,1789636231147885936,1789636231283028735,2934078809729748,19968,0,0,0,4865,0,4171,10932,15797,19968
front,241,1789636231347310961,1789636231461134801,2934078987835863,19968,0,0,0,3471,0,3544,12953,16424,19968
rear,248,1789636231346935409,1789636231471767475,2934078998468463,20064,0,0,0,5060,0,4245,10759,15819,20064
front,242,1789636231247402729,1789636231347621023,2934078874322222,19968,0,0,0,3595,0,3395,12978,16572,19968
rear,249,1789636231246987482,1789636231447852280,2934078974553843,19968,0,0,0,4771,0,4340,10857,15628,19968
front,243,1789636231447240197,1789636231547662900,2934079074364171,19872,0,0,0,3458,0,3598,12816,16274,19872
rear,250,1789636231447121029,1789636231568808966,2934079095510117,19872,0,0,0,4975,0,4103,10794,15769,19872
rear,251,1789636231546562307,1789636231668696695,2934079195397710,20064,0,0,0,4729,0,4253,11082,15811,20064
front,244,1789636231546750004,1789636231648184191,2934079174885570,20160,0,0,0,3421,0,3438,13301,16721,20160
front,245,1789636231647279491,1789636231748215616,2934079274916738,20064,0,0,0,3488,0,3601,12975,16462,20064
rear,252,1789636231646913578,1789636231757948769,2934079284649756,20064,0,0,0,5011,0,4184,10869,15880,20064
front,246,1789636231747388647,1789636231847855314,2934079374557335,19968,0,0,0,3408,0,3555,13005,16411,19968
rear,253,1789636231746994362,1789636231863173453,2934079389874708,19968,0,0,0,4969,0,4128,10871,15840,19968
rear,254,1789636231846930823,1789636231973910717,2934079500611703,20064,0,0,0,4761,0,4216,11087,15848,20064
front,247,1789636231847431366,1789636231947868949,2934079474570125,19968,0,0,0,3341,0,3406,13221,16560,19968
rear,255,1789636231947876550,1789636232147410820,2934079674112299,19968,0,0,0,4842,0,4226,10900,15742,19968
rear,256,1789636232047080458,1789636232463861688,2934079990562789,19968,0,0,0,5059,0,4121,10788,15847,19968
front,248,1789636231947289840,1789636232048708481,2934079575409636,20064,0,0,0,3459,0,3696,12909,16367,20064
front,249,1789636232047639421,1789636232451162020,2934079977863553,19968,0,0,0,3396,0,3477,13095,16491,19968
rear,257,1789636232146937513,1789636232466957081,2934079993658024,19968,0,0,0,4910,0,4224,10834,15744,19968
front,250,1789636232147321487,1789636232466218758,2934079992919764,20064,0,0,0,3513,0,3418,13133,16645,20064
rear,258,1789636232246930490,1789636232468455048,2934079995156027,20064,0,0,0,4739,0,4401,10924,15663,20064
front,251,1789636232247434349,1789636232467761408,2934079994462397,19968,0,0,0,3406,0,3730,12832,16238,19968
front,252,1789636232347387378,1789636232469957070,2934079996658085,19968,0,0,0,3544,0,3451,12973,16517,19968
rear,259,1789636232347164083,1789636232470545566,2934079997246515,19968,0,0,0,4937,0,4146,10885,15822,19968
rear,260,1789636232447000703,1789636232647668965,2934080174370252,19968,0,0,0,4952,0,4126,10890,15842,19968
front,253,1789636232546481452,1789636232733857172,2934080260558448,20256,0,0,0,3653,0,3740,12863,16516,20256
rear,261,1789636232546936274,1789636232734391774,2934080261092793,20064,0,0,0,4794,0,4227,11043,15837,20064
front,254,1789636232447358928,1789636232547479148,2934080074180365,19776,0,0,0,3432,0,3397,12947,16379,19776
rear,262,1789636232746878974,1789636232892242200,2934080418943230,20064,0,0,0,5045,0,4049,10970,16015,20064
rear,263,1789636232646984659,1789636232848016307,2934080374717844,19968,0,0,0,4861,0,4245,10862,15723,19968
front,255,1789636232747271465,1789636232891822275,2934080418523473,20064,0,0,0,3621,0,3388,13055,16675,20064
front,256,1789636232647399146,1789636232747778991,2934080274480133,19968,0,0,0,3406,0,3415,13147,16552,19968
front,257,1789636232847418840,1789636232948025257,2934080474726488,19968,0,0,0,3396,0,3789,12783,16179,19968
rear,264,1789636232847182899,1789636233011853503,2934080538554608,19968,0,0,0,4798,0,4155,11015,15813,19968
rear,265,1789636232947146228,1789636233146282749,2934080672983857,19968,0,0,0,4725,0,4256,10987,15712,19968
front,258,1789636232947354887,1789636233047930038,2934080574631231,20064,0,0,0,3593,0,3397,13074,16667,20064
rear,266,1789636233046959709,1789636233208584374,2934080735285845,19968,0,0,0,5018,0,4191,10759,15777,19968
front,259,1789636233047661199,1789636233147895654,2934080674596710,19968,0,0,0,3443,0,3402,13123,16564,19968
rear,267,1789636233247039979,1789636233449523223,2934080976224332,19968,0,0,0,4698,0,4253,11017,15715,19968
front,260,1789636233247345188,1789636233448719728,2934080975421259,19968,0,0,0,3450,0,3387,13131,16578,19968
front,261,1789636233147435157,1789636233247874211,2934080774575431,19968,0,0,0,3526,0,3753,12689,16215,19968
rear,268,1789636233146643135,1789636233347876937,2934080874578377,20064,0,0,0,4938,0,4293,10833,15771,20064
front,262,1789636233347299104,1789636233452620695,2934080979321713,20064,0,0,0,3477,0,3388,13199,16675,20064
rear,269,1789636233346985847,1789636233453375783,2934080980076841,20064,0,0,0,4866,0,4228,10970,15836,20064
front,263,1789636233647460979,1789636234159788845,2934081686490214,19968,0,0,0,3474,0,3456,13038,16511,19968
rear,270,1789636233447142631,1789636233647785781,2934081174487258,19872,0,0,0,5003,0,4112,10757,15760,19872
rear,271,1789636233646681061,1789636234197206682,2934081723908006,19968,0,0,0,4724,0,4246,10998,15722,19968
front,264,1789636233447321137,1789636233547749051,2934081074450259,19776,0,0,0,3482,0,3709,12585,16064,19776
front,265,1789636233747400958,1789636234199665219,2934081726366350,20064,0,0,0,3356,0,3707,13001,16357,20064
rear,272,1789636233746602289,1789636234200538685,2934081727239614,20064,0,0,0,4994,0,4102,10968,15962,20064
front,266,1789636233847480204,1789636234201146413,2934081727847389,19968,0,0,0,3478,0,3389,13101,16579,19968
rear,273,1789636233846980511,1789636234201842731,2934081728543697,19968,0,0,0,4904,0,4130,10934,15838,19968
front,267,1789636233947463708,1789636234203521436,2934081730222453,19968,0,0,0,3407,0,3507,13054,16458,19968
front,268,1789636234047498593,1789636234204576218,2934081731277201,19968,0,0,0,3521,0,3665,12782,16303,19968
rear,274,1789636233946945760,1789636234204162124,2934081730863089,19968,0,0,0,4681,0,4321,10966,15647,19968
rear,275,1789636234046624121,1789636234205140744,2934081731841677,20064,0,0,0,4871,0,4361,10832,15703,20064
rear,276,1789636234146945893,1789636234330749542,2934081857450621,19968,0,0,0,4937,0,4156,10875,15812,19968
front,269,1789636234147327576,1789636234330250655,2934081856951901,20064,0,0,0,3432,0,3389,13243,16673,20064
front,270,1789636234247362761,1789636234347605844,2934081874306986,20064,0,0,0,3568,0,3651,12845,16413,20064
rear,277,1789636234246678652,1789636234397698939,2934081924400180,19968,0,0,0,4785,0,4185,10998,15783,19968
front,271,1789636234347489134,1789636234447705950,2934081974407263,19968,0,0,0,3418,0,3515,13035,16453,19968
rear,278,1789636234346892851,1789636234460093804,2934081986794737,20064,0,0,0,4778,0,4256,11030,15808,20064
rear,279,1789636234446924715,1789636234647233258,2934082173934425,19872,0,0,0,4945,0,4090,10837,15782,19872
front,272,1789636234447448790,1789636234547813618,2934082074515052,19776,0,0,0,3599,0,3386,12791,16390,19776
front,273,1789636234546665023,1789636234648395412,2934082175096574,20256,0,0,0,3441,0,3709,13106,16545,20256
front,274,1789636234647492722,1789636234748528869,2934082275229988,19968,0,0,0,3634,0,3440,12894,16528,19968
rear,280,1789636234647030955,1789636234755046444,2934082281747480,20064,0,0,0,4717,0,4263,11084,15801,20064
front,275,1789636234747383818,1789636234848333448,2934082375034874,19968,0,0,0,3387,0,3411,13170,16557,19968
rear,281,1789636234747947047,1789636234933548522,2934082460249594,19968,0,0,0,4874,0,4200,10894,15768,19968
rear,282,1789636234847228121,1789636234996482992,2934082523183926,19872,0,0,0,4872,0,4134,10866,15738,19872
front,276,1789636234847362927,1789636234947982182,2934082474683327,20064,0,0,0,3620,0,3741,12703,16322,20064
rear,283,1789636234946624879,1789636235076919617,2934082603620724,20064,0,0,0,4654,0,4435,10975,15629,20064
front,277,1789636234947493567,1789636235047721265,2934082574422348,19968,0,0,0,3452,0,3416,13100,16550,19968
rear,284,1789636235046989760,1789636235163732639,2934082690433688,19968,0,0,0,4684,0,4277,11007,15691,19968
front,278,1789636235047638299,1789636235147912864,2934082674614037,20064,0,0,0,3587,0,3373,13104,16691,20064
rear,285,1789636235146753208,1789636235260487450,2934082787188573,19968,0,0,0,4853,0,4120,10995,15848,19968
front,279,1789636235147503477,1789636235247491366,2934082774192477,19968,0,0,0,3457,0,3776,12735,16192,19968
rear,286,1789636235246668122,1789636235381580398,2934082908281555,20064,0,0,0,4881,0,4154,11029,15910,20064
front,280,1789636235247493913,1789636235347785829,2934082874487109,19968,0,0,0,3468,0,3368,13132,16600,19968
rear,287,1789636235346993752,1789636235448758354,2934082975459365,19968,0,0,0,4623,0,4294,11051,15674,19968
front,281,1789636235347349439,1789636235448047224,2934082974748318,20064,0,0,0,3458,0,3405,13201,16657,20064
front,282,1789636235447528853,1789636235547568603,2934083074269887,19776,0,0,0,3425,0,3604,12747,16172,19776
rear,288,1789636235446668921,1789636235598870771,2934083125572230,19872,0,0,0,4568,0,4263,11041,15609,19872
rear,289,1789636235546446094,1789636235747043134,2934083273744364,20064,0,0,0,4933,0,4164,10967,15900,20064
front,283,1789636235546651877,1789636235647969859,2934083174670975,20256,0,0,0,3468,0,3543,13245,16712,20256
rear,290,1789636235646526916,1789636235801959732,2934083328661063,20064,0,0,0,4702,0,4298,11064,15766,20064
front,284,1789636235647529259,1789636235748086778,2934083274787940,19968,0,0,0,3366,0,3429,13173,16538,19968
rear,291,1789636235746672470,1789636235848460945,2934083375161908,19968,0,0,0,4664,0,4246,11058,15722,19968
front,285,1789636235747517171,1789636235847844602,2934083374546040,19968,0,0,0,3535,0,3716,12717,16251,19968
rear,292,1789636235846682981,1789636235948182039,2934083474883026,19968,0,0,0,4701,0,4294,10973,15674,19968
front,286,1789636235847370342,1789636235947460565,2934083474161798,19968,0,0,0,3357,0,3444,13167,16524,19968
rear,293,1789636235946597665,1789636236052891782,2934083579592772,20064,0,0,0,4872,0,4199,10993,15865,20064
front,287,1789636235946450515,1789636236048155784,2934083574857376,20064,0,0,0,3568,0,3407,13089,16657,20064
rear,294,1789636236046725195,1789636236177908037,2934083704609113,19968,0,0,0,4631,0,4283,11054,15685,19968
front,288,1789636236047581824,1789636236147739929,2934083674441173,19968,0,0,0,3400,0,3754,12814,16214,19968
front,289,1789636236147403024,1789636236247858366,2934083774559604,20064,0,0,0,3561,0,3391,13112,16672,20064
rear,295,1789636236146626519,1789636236283113711,2934083809815187,19968,0,0,0,4681,0,4258,11029,15710,19968
rear,296,1789636236246411325,1789636236350894244,2934083877595237,20160,0,0,0,5100,0,4141,10919,16019,20160
front,290,1789636236247519479,1789636236348368266,2934083875069540,19968,0,0,0,3385,0,3433,13150,16535,19968
rear,297,1789636236347270477,1789636236448678180,2934083975379129,19872,0,0,0,4764,0,4146,10962,15726,19872
front,291,1789636236347419008,1789636236447976206,2934083974677468,20064,0,0,0,3666,0,3710,12688,16353,20064
rear,298,1789636236446581889,1789636236548415583,2934084075116612,20064,0,0,0,4741,0,4260,11063,15804,20064
front,292,1789636236447566745,1789636236547881914,2934084074583090,19680,0,0,0,3365,0,3430,12885,16250,19680
rear,299,1789636236547028814,1789636236650813626,2934084177514717,19968,0,0,0,4778,0,4227,10963,15741,19968
front,293,1789636236546598902,1789636236648394637,2934084175096116,20256,0,0,0,3589,0,3460,13207,16795,20256
rear,300,1789636236646950910,1789636236816862604,2934084343563848,19968,0,0,0,4915,0,4151,10902,15817,19968
front,294,1789636236646578953,1789636236747943017,2934084274644348,20064,0,0,0,3457,0,3701,12906,16363,20064
front,295,1789636236747524184,1789636236847780179,2934084374481331,19968,0,0,0,3553,0,3448,12967,16520,19968
rear,301,1789636236746997886,1789636236850738594,2934084377439710,20064,0,0,0,4738,0,4257,11069,15807,20064
rear,302,1789636236847103837,1789636236956032885,2934084482733861,19968,0,0,0,4704,0,4310,10954,15658,19968
front,296,1789636236847492301,1789636236947840113,2934084474541278,19968,0,0,0,3398,0,3480,13090,16488,19968
front,297,1789636236946585759,1789636237047577312,2934084574278797,19968,0,0,0,3519,0,3686,12763,16281,19968
rear,303,1789636236946775629,1789636237077150629,2934084603852020,19968,0,0,0,4983,0,4161,10824,15807,19968
rear,304,1789636237046645859,1789636237171772572,2934084698473548,20064,0,0,0,4999,0,4172,10893,15892,20064
front,298,1789636237046452033,1789636237148223727,2934084674925118,20064,0,0,0,3348,0,3470,13246,16594,20064
rear,305,1789636237146983857,1789636237250367539,2934084777068510,19872,0,0,0,4677,0,4256,10939,15616,19872
front,299,1789636237147444541,1789636237247970438,2934084774671811,19968,0,0,0,3463,0,3467,13038,16501,19968
rear,306,1789636237246612403,1789636237348683921,2934084875384904,19872,0,0,0,4901,0,4164,10807,15708,19872
front,300,1789636237246426511,1789636237348010624,2934084874711789,20064,0,0,0,3449,0,3678,12937,16385,20064
front,301,1789636237347469843,1789636237447923075,2934084974624420,19968,0,0,0,3295,0,3469,13204,16497,19968
front,302,1789636237447482744,1789636237547811242,2934085074512603,19776,0,0,0,3403,0,3491,12882,16285,19776
rear,307,1789636237447059238,1789636237566424508,2934085093125571,19872,0,0,0,4737,0,4225,10910,15647,19872
rear,308,1789636237646535494,1789636237748980504,2934085275681481,20160,0,0,0,5012,0,4069,11079,16091,20160
rear,309,1789636237546755672,1789636237747446280,2934085274147761,19872,0,0,0,4669,0,4286,10917,15586,19872
front,303,1789636237647550352,1789636237748491258,2934085275192379,19968,0,0,0,3329,0,3477,13162,16490,19968
rear,310,1789636237747164851,1789636237894516437,2934085421217542,19872,0,0,0,4824,0,4153,10895,15719,19872
front,304,1789636237747561045,1789636237848372704,2934085375074024,20064,0,0,0,3526,0,3555,12983,16508,20064
front,305,1789636237847554011,1789636237947515054,2934085474216097,19968,0,0,0,3436,0,3603,12929,16365,19968
rear,311,1789636237846505741,1789636237948356060,2934085475056941,19968,0,0,0,4697,0,4246,11025,15722,19968
rear,312,1789636237946518820,1789636238147694163,2934085674395723,20064,0,0,0,4962,0,4272,10830,15792,20064
rear,313,1789636238047109272,1789636238155757711,2934085682458723,19968,0,0,0,4971,0,4207,10790,15761,19968
front,306,1789636237947546151,1789636238047757991,2934085574459429,19872,0,0,0,3245,0,3475,13152,16396,19872
front,307,1789636238147565963,1789636238247829313,2934085774530671,19872,0,0,0,3376,0,3543,12953,16329,19872
rear,314,1789636238146552858,1789636238248804512,2934085775505520,20064,0,0,0,4733,0,4270,11061,15794,20064
rear,315,1789636238246711068,1789636238349997626,2934085876698635,19968,0,0,0,4851,0,4251,10866,15717,19968
front,308,1789636238246507515,1789636238348320077,2934085875021296,20160,0,0,0,3312,0,3550,13298,16609,20160
rear,316,1789636238346992905,1789636238463170735,2934085989871694,19968,0,0,0,4972,0,4099,10897,15869,19968
front,309,1789636238347547326,1789636238447922669,2934085974624090,19968,0,0,0,3591,0,3554,12823,16414,19968
front,310,1789636238447624185,1789636238547615821,2934086074317135,19680,0,0,0,3141,0,3558,12981,16121,19680
rear,317,1789636238446551153,1789636238558731331,2934086085432394,20064,0,0,0,4866,0,4173,11025,15891,20064
front,311,1789636238646616494,1789636239031681641,2934086558382622,19968,0,0,0,3456,0,3524,12988,16443,19968
rear,318,1789636238647099904,1789636239032127027,2934086558827996,19968,0,0,0,5051,0,4077,10840,15891,19968
rear,319,1789636238546665303,1789636239030944009,2934086557645172,20064,0,0,0,4737,0,4238,11089,15826,20064
front,312,1789636238546698347,1789636239030223156,2934086556924814,20256,0,0,0,3429,0,3584,13243,16671,20256
rear,320,1789636238746732676,1789636239035388208,2934086562089201,19968,0,0,0,4909,0,4159,10900,15809,19968
front,313,1789636238846562964,1789636239036044495,2934086562745449,20064,0,0,0,3487,0,3480,13097,16583,20064
front,314,1789636238746642039,1789636239034662993,2934086561363919,19968,0,0,0,3202,0,3608,13158,16359,19968
rear,321,1789636238846712693,1789636239037005678,2934086563706818,19968,0,0,0,4730,0,4341,10897,15627,19968
rear,322,1789636238946529737,1789636239048100282,2934086574801294,19968,0,0,0,4918,0,4304,10746,15664,19968
front,315,1789636238946727657,1789636239047545439,2934086574246521,19968,0,0,0,3189,0,3628,13151,16340,19968
front,316,1789636239046657074,1789636239147523373,2934086674224548,19968,0,0,0,3395,0,3522,13051,16443,19968
rear,323,1789636239046572299,1789636239210910129,2934086737611436,20064,0,0,0,4995,0,4159,10910,15905,20064
front,317,1789636239146569018,1789636239247757280,2934086774458690,19968,0,0,0,3096,0,3607,13265,16361,19968
rear,324,1789636239146677388,1789636239248519730,2934086775220734,19968,0,0,0,4826,0,4188,10954,15780,19968
rear,325,1789636239246580225,1789636239348646081,2934086875347113,20064,0,0,0,4838,0,4240,10986,15824,20064
front,318,1789636239246739589,1789636239347779537,2934086874480856,19872,0,0,0,3429,0,3509,12934,16362,19872
rear,326,1789636239346764786,1789636239543569404,2934087070270843,19968,0,0,0,5068,0,4067,10833,15901,19968
front,319,1789636239346683897,1789636239448139147,2934086974840902,20160,0,0,0,3408,0,3644,13108,16514,20160
front,320,1789636239447583157,1789636239547490993,2934087074192088,19584,0,0,0,3237,0,3513,12834,16069,19584
rear,327,1789636239446676760,1789636239568189497,2934087094890926,19968,0,0,0,4975,0,4109,10884,15859,19968
rear,328,1789636239546608370,1789636239668524321,2934087195225297,20064,0,0,0,4752,0,4249,11063,15815,20064
front,321,1789636239546524460,1789636239648224924,2934087174926467,20256,0,0,0,3452,0,3454,13350,16801,20256
rear,329,1789636239746743745,1789636239849370834,2934087376071839,19968,0,0,0,4958,0,4228,10782,15740,19968
front,322,1789636239746563976,1789636239848930599,2934087375631594,20064,0,0,0,3257,0,3483,13324,16581,20064
front,323,1789636239646567657,1789636239756047620,2934087282749118,19968,0,0,0,3503,0,3671,12794,16295,19968
rear,330,1789636239646764842,1789636239847756668,2934087374458279,19968,0,0,0,4997,0,4211,10760,15757,19968
rear,331,1789636239846589081,1789636239959984549,2934087486685627,20064,0,0,0,4783,0,4357,10924,15707,20064
front,324,1789636239847539036,1789636239947688257,2934087474389735,19872,0,0,0,3498,0,3483,12891,16389,19872
rear,332,1789636239947042205,1789636240097800414,2934087624501544,19968,0,0,0,4887,0,4223,10858,15745,19968
front,325,1789636239946612387,1789636240048377667,2934087575079078,20160,0,0,0,3500,0,3666,12994,16494,20160
rear,333,1789636240046731069,1789636240174681920,2934087701382958,19968,0,0,0,5044,0,4071,10853,15897,19968
front,326,1789636240047741143,1789636240174223724,2934087700924924,19872,0,0,0,3479,0,3474,12919,16398,19872
rear,334,1789636240146613263,1789636240248561634,2934087775262673,20064,0,0,0,4932,0,4146,10986,15918,20064
front,327,1789636240147490108,1789636240248064903,2934087774766283,20064,0,0,0,3415,0,3431,13218,16631,20064
front,328,1789636240247488203,1789636240347785608,2934087874486750,19968,0,0,0,3617,0,3715,12636,16252,19968
rear,335,1789636240247054820,1789636240351555306,2934087878256442,19968,0,0,0,4762,0,4235,10971,15733,19968
front,329,1789636240347582760,1789636240447912794,2934087974614255,20064,0,0,0,3305,0,3464,13295,16599,20064
rear,336,1789636240346666788,1789636240488268204,2934088014969280,19968,0,0,0,5033,0,4111,10824,15857,19968
front,330,1789636240447622241,1789636240619024039,2934088145725211,19584,0,0,0,3549,0,3427,12608,16156,19584
rear,337,1789636240446582035,1789636240619777681,2934088146478826,19968,0,0,0,4941,0,4140,10887,15828,19968
front,331,1789636240646543199,1789636240748256618,2934088274957575,19968,0,0,0,3552,0,3416,13000,16552,19968
front,332,1789636240546448317,1789636240648003050,2934088174704303,20352,0,0,0,3509,0,3706,13137,16646,20352
rear,338,1789636240546633821,1789636240747529833,2934088274231333,20064,0,0,0,4791,0,4301,10972,15763,20064
rear,339,1789636240646606515,1789636240761456517,2934088288157709,19968,0,0,0,4836,0,4350,10782,15618,19968
rear,340,1789636240746631837,1789636240903244636,2934088429946068,20064,0,0,0,4995,0,4198,10871,15866,20064
front,333,1789636240746510784,1789636240847762067,2934088374463524,19968,0,0,0,3347,0,3473,13148,16495,19968
front,334,1789636240847546028,1789636240947985869,2934088474686948,20064,0,0,0,3529,0,3663,12872,16401,20064
rear,341,1789636240846726263,1789636240952309476,2934088479010607,19968,0,0,0,4796,0,4160,11012,15808,19968
rear,342,1789636240946648588,1789636241066800654,2934088593501925,19968,0,0,0,4754,0,4233,10981,15735,19968
front,335,1789636240946621401,1789636241047747743,2934088574449342,19968,0,0,0,3386,0,3486,13096,16482,19968
front,336,1789636241047732705,1789636241147943516,2934088674644656,20064,0,0,0,3427,0,3377,13260,16687,20064
rear,343,1789636241046611849,1789636241152690381,2934088679391327,20064,0,0,0,5126,0,4071,10867,15993,20064
rear,344,1789636241146687591,1789636241432634492,2934088959335500,20064,0,0,0,4959,0,4127,10978,15937,20064
front,337,1789636241147582682,1789636241432114614,2934088958816183,19968,0,0,0,3492,0,3770,12706,16198,19968
rear,345,1789636241247161997,1789636241433917380,2934088960618422,19872,0,0,0,4705,0,4249,10918,15623,19872
front,338,1789636241247567868,1789636241433530728,2934088960231699,20064,0,0,0,3372,0,3396,13296,16668,20064
rear,346,1789636241446686151,1789636241636901799,2934089163602952,20064,0,0,0,4994,0,4305,10765,15759,20064
front,339,1789636241347685531,1789636241489922908,2934089016624200,19872,0,0,0,3417,0,3448,13007,16421,19872
front,340,1789636241446523648,1789636241636343598,2934089163045205,19776,0,0,0,3421,0,3541,12814,16235,19776
rear,347,1789636241346577649,1789636241547915857,2934089074617447,20064,0,0,0,4938,0,4210,10916,15854,20064
front,341,1789636241546605340,1789636241647991913,2934089174692873,20256,0,0,0,3537,0,3630,13089,16624,20256
rear,348,1789636241547172984,1789636241709581756,2934089236283217,19872,0,0,0,4788,0,4192,10892,15680,19872
front,342,1789636241646543153,1789636241824804551,2934089351505803,20064,0,0,0,3430,0,3396,13238,16667,20064
rear,349,1789636241746755769,1789636241947415666,2934089474116847,19968,0,0,0,5030,0,4075,10863,15893,19968
front,343,1789636241746698674,1789636241917687135,2934089444388278,19968,0,0,0,3591,0,3731,12646,16237,19968
rear,350,1789636241646637857,1789636241847697569,2934089374399077,20064,0,0,0,4797,0,4317,10950,15747,20064
front,344,1789636246047826771,1789636246587798538,2934094114499893,20064,0,0,0,3484,0,3662,12918,16401,20064
front,345,1789636247746437018,1789636248276273360,2934095802974828,20064,0,0,0,3312,0,3482,13270,16582,20064
rear,351,1789636247246657108,1789636247764202843,2934095290904351,19776,0,0,0,4684,0,4163,10929,15613,19776
rear,352,1789636247946585409,1789636248476229175,2934096002930502,20064,0,0,0,4868,0,4227,10969,15837,20064
rear,353,1789636256946730114,1789636257496796611,2934105023497680,20064,0,0,0,4785,0,4249,11030,15815,20064
front,346,1789636257046595043,1789636257497633565,2934105024334570,20064,0,0,0,3665,0,3697,12702,16367,20064
front,347,1789636256946522156,1789636257496307913,2934105023009325,20064,0,0,0,3376,0,3450,13238,16614,20064
rear,354,1789636257047451939,1789636257498671960,2934105025373109,19776,0,0,0,5000,0,4087,10689,15689,19776
rear,355,1789636257146552721,1789636257501337946,2934105028038874,20064,0,0,0,4872,0,4125,11067,15939,20064
front,348,1789636257146758972,1789636257500635990,2934105027336930,19968,0,0,0,3328,0,3441,13199,16527,19968
rear,356,1789636257346515320,1789636257504634856,2934105031335822,20064,0,0,0,4955,0,4166,10943,15898,20064
front,349,1789636257346978229,1789636257504181912,2934105030882877,19968,0,0,0,3390,0,3646,12932,16322,19968
rear,357,1789636257246578694,1789636257503242089,2934105029943191,19872,0,0,0,4657,0,4278,10937,15594,19872
front,350,1789636257246745034,1789636257502654739,2934105029355882,20064,0,0,0,3618,0,3521,12925,16543,20064
front,351,1789636257446782301,1789636257547956929,2934105074657966,19680,0,0,0,3460,0,3457,12763,16223,19680
rear,358,1789636257446678957,1789636257548692311,2934105075393398,20064,0,0,0,4970,0,4270,10824,15794,20064
rear,359,1789636257546848946,1789636257648502155,2934105175203298,19872,0,0,0,4735,0,4235,10902,15637,19872
front,352,1789636257647008725,1789636257747684617,2934105274385933,19872,0,0,0,3407,0,3619,12846,16253,19872
rear,360,1789636257646532448,1789636257748586373,2934105275287456,20064,0,0,0,4866,0,4272,10926,15792,20064
rear,361,1789636257746738176,1789636257849062468,2934105375763525,19968,0,0,0,4981,0,4100,10887,15868,19968
front,353,1789636257746559898,1789636257848421615,2934105375122827,20064,0,0,0,3335,0,3482,13247,16582,20064
rear,362,1789636257846637496,1789636258047711803,2934105574413445,20064,0,0,0,4842,0,4180,11042,15884,20064
front,354,1789636257846766980,1789636257947734667,2934105474435905,19968,0,0,0,3420,0,3478,13070,16487,19968
front,355,1789636257946642479,1789636258087840128,2934105614541337,20064,0,0,0,3488,0,3655,12921,16409,20064
rear,363,1789636257946563786,1789636258088769818,2934105615470971,19968,0,0,0,4770,0,4248,10950,15720,19968
rear,364,1789636258046686863,1789636258156593333,2934105683294282,19968,0,0,0,5072,0,4071,10825,15897,19968
front,356,1789636258046802547,1789636258147607855,2934105674309022,19968,0,0,0,3153,0,3497,13318,16471,19968
front,357,1789636258146789079,1789636258247844422,2934105774545475,19968,0,0,0,3490,0,3570,12908,16398,19968
rear,365,1789636258246786319,1789636258469253067,2934105995954129,19968,0,0,0,4772,0,4261,10935,15707,19968
front,358,1789636258246582093,1789636258468724903,2934105995426084,20064,0,0,0,3513,0,3542,13009,16522,20064
rear,366,1789636258146677719,1789636258348084528,2934105874785875,20064,0,0,0,4929,0,4135,11000,15929,20064
front,359,1789636258346789925,1789636258471630264,2934105998331286,19968,0,0,0,3019,0,3598,13351,16368,19968
rear,367,1789636258346679911,1789636258472291569,2934105998992534,19968,0,0,0,4914,0,4305,10749,15663,19968
rear,368,1789636258446643228,1789636258593921498,2934106120622872,20064,0,0,0,4991,0,4280,10793,15784,20064
front,360,1789636258446805834,1789636258548071380,2934106074772856,19776,0,0,0,3394,0,3519,12863,16257,19776
rear,369,1789636258546842052,1789636258672319518,2934106199020762,19968,0,0,0,4793,0,4195,10980,15773,19968
front,361,1789636258646961149,1789636258747733316,2934106274434501,19968,0,0,0,3528,0,3510,12930,16458,19968
rear,370,1789636258646612068,1789636258748575972,2934106275276976,19968,0,0,0,4771,0,4259,10938,15709,19968
front,362,1789636258746662141,1789636258848138244,2934106374839537,20064,0,0,0,3305,0,3596,13163,16467,20064
rear,371,1789636258746628380,1789636258947782276,2934106474483736,20064,0,0,0,5136,0,4063,10865,16001,20064
rear,372,1789636258946537953,1789636259048314012,2934106575015043,20064,0,0,0,4792,0,4247,11025,15817,20064
front,363,1789636258946945249,1789636259047705202,2934106574406564,19968,0,0,0,3277,0,3539,13152,16427,19968
rear,373,1789636259046621539,1789636259161957694,2934106688658695,19968,0,0,0,5000,0,4161,10807,15807,19968
front,364,1789636259046683473,1789636259147902681,2934106674604065,20064,0,0,0,3522,0,3579,12963,16484,20064
rear,374,1789636259146607998,1789636259347737698,2934106874439439,20064,0,0,0,4957,0,4127,10980,15937,20064
front,365,1789636259147033296,1789636259247896119,2934106774597382,19968,0,0,0,3294,0,3537,13137,16431,19968
front,366,1789636259446647403,1789636259567953303,2934107094654556,19968,0,0,0,3668,0,3588,12712,16380,19968
front,367,1789636259347027819,1789636259447570931,2934106974272144,19872,0,0,0,3360,0,3466,13046,16405,19872
rear,375,1789636259446578968,1789636259568643438,2934107095344483,20160,0,0,0,5117,0,4173,10870,15987,20160
rear,376,1789636259346633957,1789636259547723516,2934107074424731,19968,0,0,0,4868,0,4338,10762,15630,19968
rear,377,1789636259546962692,1789636259747371731,2934107274073436,19872,0,0,0,4919,0,4137,10816,15735,19872
front,368,1789636259547119080,1789636259647897411,2934107174598556,20064,0,0,0,3249,0,3542,13273,16521,20064
rear,378,1789636259646662990,1789636259791938850,2934107318639895,20064,0,0,0,4813,0,4240,11011,15824,20064
front,369,1789636259646621610,1789636259771831074,2934107298532259,19968,0,0,0,3492,0,3455,13021,16512,19968
front,370,1789636259746703392,1789636259847867838,2934107374569011,19968,0,0,0,3456,0,3655,12857,16313,19968
rear,379,1789636259746724314,1789636259848613136,2934107375314290,19968,0,0,0,5083,0,4088,10797,15880,19968
front,371,1789636259846752513,1789636259947687365,2934107474388491,19968,0,0,0,3289,0,3498,13181,16470,19968
rear,380,1789636259846721272,1789636260002677741,2934107529378903,19968,0,0,0,4950,0,4132,10886,15836,19968
rear,381,1789636259946608900,1789636260059824715,2934107586525795,19968,0,0,0,4797,0,4229,10942,15739,19968
front,372,1789636259946641246,1789636260047873821,2934107574575309,19968,0,0,0,3410,0,3485,13073,16483,19968
rear,382,1789636260046555314,1789636260198177156,2934107724878600,20064,0,0,0,4859,0,4241,10964,15823,20064
front,373,1789636260046599734,1789636260148149927,2934107674851123,20064,0,0,0,3529,0,3590,12945,16472,20064
rear,383,1789636260146746857,1789636260258541228,2934107785242413,19968,0,0,0,5084,0,4153,10731,15815,19968
front,374,1789636260146672657,1789636260248003451,2934107774704802,19968,0,0,0,3315,0,3572,13081,16396,19968
front,375,1789636260246786980,1789636260347587969,2934107874289202,19968,0,0,0,3413,0,3425,13130,16543,19968
rear,384,1789636260246606927,1789636260357846123,2934107884547332,19968,0,0,0,4816,0,4254,10898,15714,19968
rear,385,1789636260346622988,1789636260547923525,2934108074625014,20064,0,0,0,4789,0,4305,10970,15759,20064
front,376,1789636260446711099,1789636260611196710,2934108137898096,19872,0,0,0,3382,0,3458,13032,16413,19872
rear,386,1789636260446733910,1789636260611808729,2934108138509745,20064,0,0,0,5052,0,4081,10931,15983,20064
front,377,1789636260346601852,1789636260448003928,2934107974705124,20064,0,0,0,3520,0,3690,12854,16373,20064
rear,387,1789636260546854431,1789636260735264618,2934108261966040,19968,0,0,0,4987,0,4114,10867,15854,19968
front,378,1789636260547133915,1789636260658798497,2934108185499685,20064,0,0,0,3475,0,3462,13127,16602,20064
front,379,1789636260646650304,1789636260747834906,2934108274535984,20064,0,0,0,3474,0,3657,12933,16405,20064
rear,388,1789636260646684747,1789636260748714457,2934108275415360,19968,0,0,0,4723,0,4256,10989,15712,19968
front,380,1789636260746623545,1789636260847564540,2934108374265654,19968,0,0,0,3550,0,3495,12923,16473,19968
rear,389,1789636260846590310,1789636261031129048,2934108557830121,20064,0,0,0,5008,0,4121,10935,15943,20064
rear,390,1789636260746694607,1789636260947567368,2934108474268760,19968,0,0,0,4959,0,4196,10813,15772,19968
front,381,1789636260846660240,1789636261030627560,2934108557328741,19968,0,0,0,3381,0,3450,13137,16517,19968
rear,391,1789636260946736087,1789636261054821757,2934108581522768,19968,0,0,0,4788,0,4244,10936,15724,19968
front,382,1789636260946628330,1789636261048014802,2934108574715832,20064,0,0,0,3722,0,3692,12650,16371,20064
front,383,1789636261046713512,1789636261147614235,2934108674315480,19968,0,0,0,3359,0,3473,13136,16495,19968
front,384,1789636261146685874,1789636261248714711,2934108775415741,20064,0,0,0,3547,0,3427,13090,16637,20064
rear,392,1789636261146599467,1789636261347490016,2934108874191627,20064,0,0,0,5081,0,4203,10780,15861,20064
rear,393,1789636261046673357,1789636261248032242,2934108774733837,19968,0,0,0,4778,0,4347,10843,15621,19968
front,385,1789636266746788743,1789636267337795675,2934114864496817,20064,0,0,0,3460,0,3640,12964,16424,20064
rear,394,1789636267146860832,1789636267648573929,2934115175275403,19968,0,0,0,5001,0,4138,10829,15830,19968
front,386,1789636267346823489,1789636267847487417,2934115374189141,19968,0,0,0,3564,0,3557,12847,16410,19968
rear,395,1789636267446902207,1789636268048331536,2934115575033211,20064,0,0,0,5032,0,4105,10927,15959,20064
front,387,1789636268046780738,1789636268647433315,2934116174134654,19968,0,0,0,3342,0,3544,13082,16424,19968
rear,396,1789636268547148625,1789636269108775701,2934116635477018,19872,0,0,0,4934,0,4112,10826,15760,19872
front,388,1789636269146758161,1789636269647857770,2934117174558947,20064,0,0,0,3661,0,3467,12936,16595,20064
front,389,1789636268846722300,1789636269447052926,2934116973754212,19968,0,0,0,3350,0,3614,13004,16354,19968
rear,397,1789636268946871815,1789636269547968076,2934117074669361,20064,0,0,0,4850,0,4221,10993,15843,20064
front,390,1789636271946698065,1789636272474368712,2934120001069934,20064,0,0,0,3364,0,3723,12977,16341,20064
rear,398,1789636271446995518,1789636271999332390,2934119526033681,20064,0,0,0,4812,0,4241,11011,15823,20064
rear,399,1789636273547186406,1789636274136921239,2934121663622574,19968,0,0,0,4839,0,4198,10931,15770,19968
front,391,1789636273846701077,1789636274390983530,2934121917685004,20064,0,0,0,3416,0,3385,13263,16679,20064
front,392,1789636282047093109,1789636282581130772,2934130107832045,19968,0,0,0,3597,0,3381,12990,16587,19968
rear,400,1789636281147116592,1789636281653489112,2934129180190187,19968,0,0,0,4761,0,4235,10972,15733,19968
rear,401,1789636283247271319,1789636283839314616,2934131366016301,19968,0,0,0,4810,0,4258,10900,15710,19968
front,393,1789636283847013428,1789636284408405096,2934131935106303,20064,0,0,0,3487,0,3382,13195,16681,20064
front,394,1789636293047351719,1789636293577240076,2934141103941384,19968,0,0,0,3448,0,3402,13118,16566,19968
rear,402,1789636293446635684,1789636293950170282,2934141476871635,20160,0,0,0,5063,0,4157,10940,16003,20160
front,395,1789636293447025926,1789636293950782992,2934141477483963,20064,0,0,0,3450,0,3782,12832,16282,20064
rear,403,1789636288547498937,1789636289107666320,2934136634367550,19968,0,0,0,4933,0,4165,10870,15803,19968
rear,404,1789636293547725256,1789636293953725998,2934141480426980,19872,0,0,0,4725,0,4218,10929,15654,19872
front,396,1789636293647277918,1789636293954157059,2934141480858054,19872,0,0,0,3493,0,3382,12997,16489,19872
front,397,1789636293547982091,1789636293953069088,2934141479770053,20064,0,0,0,3462,0,3365,13237,16699,20064
rear,405,1789636293647393714,1789636293956490038,2934141483190974,20064,0,0,0,4841,0,4258,10965,15806,20064
rear,406,1789636293747391070,1789636293957472400,2934141484173334,19968,0,0,0,5037,0,4076,10855,15892,19968
front,398,1789636293847141838,1789636293956885622,2934141483586581,20064,0,0,0,3493,0,3383,13188,16681,20064
front,399,1789636293747070943,1789636293955630767,2934141482331885,20064,0,0,0,3395,0,3763,12906,16300,20064
rear,407,1789636293847444772,1789636293959257902,2934141485958829,19968,0,0,0,4914,0,4137,10917,15831,19968
front,400,1789636293947349325,1789636294047774055,2934141574475105,19968,0,0,0,3423,0,3404,13141,16564,19968
rear,408,1789636293947411241,1789636294070294265,2934141596995613,20064,0,0,0,4731,0,4239,11094,15825,20064
rear,409,1789636294147456274,1789636294610776289,2934142137477448,19968,0,0,0,4925,0,4208,10835,15760,19968
rear,410,1789636294047488055,1789636294247590614,2934141774291981,19968,0,0,0,4901,0,4148,10919,15820,19968
front,401,1789636294147216919,1789636294610355658,2934142137057279,19968,0,0,0,3402,0,3402,13164,16564,19968
front,402,1789636294047177759,1789636294147812251,2934141674513877,19968,0,0,0,3548,0,3756,12664,16211,19968
front,403,1789636294247008803,1789636294613239782,2934142139940747,19968,0,0,0,3529,0,3387,13052,16581,19968
rear,411,1789636294246680906,1789636294613931500,2934142140632487,20064,0,0,0,4761,0,4375,10928,15689,20064
front,404,1789636294347061956,1789636294614739816,2934142141440822,20064,0,0,0,3429,0,3764,12871,16299,20064
front,405,1789636294447117494,1789636294616741488,2934142143442466,19968,0,0,0,3617,0,3390,12961,16575,19968
rear,412,1789636294447448325,1789636294617331454,2934142144032417,20064,0,0,0,4973,0,4121,10970,15943,20064
rear,413,1789636294347478875,1789636294615877565,2934142142578694,19968,0,0,0,4883,0,4246,10839,15722,19968
rear,414,1789636294547575816,1789636294747312542,2934142274013918,19872,0,0,0,4782,0,4143,10947,15729,19872
rear,415,1789636294646632287,1789636294782981012,2934142309682099,20064,0,0,0,4828,0,4243,10993,15821,20064
front,406,1789636294547736045,1789636294647747199,2934142174448303,20064,0,0,0,3414,0,3518,13132,16546,20064
front,407,1789636294647205920,1789636294782305039,2934142309006630,19968,0,0,0,3626,0,3653,12689,16315,19968
front,408,1789636294747100955,1789636294848442966,2934142375144137,20064,0,0,0,3381,0,3416,13267,16647,20064
rear,416,1789636294747411663,1789636294947456791,2934142474158101,19968,0,0,0,4956,0,4119,10893,15849,19968
front,409,1789636294847274720,1789636294948306371,2934142475007372,19968,0,0,0,3619,0,3527,12822,16441,19968
rear,417,1789636294847422449,1789636294949027949,2934142475729065,20064,0,0,0,4932,0,4139,10993,15925,20064
front,410,1789636294947134517,1789636295047620873,2934142574322208,19968,0,0,0,3431,0,3638,12899,16328,19968
front,411,1789636295047103270,1789636295478845143,2934143005546383,20064,0,0,0,3526,0,3388,13150,16675,20064
rear,418,1789636295047498375,1789636295584972394,2934143111673902,19968,0,0,0,4669,0,4283,11016,15685,19968
rear,419,1789636294947517792,1789636295147641491,2934142674343108,19968,0,0,0,4564,0,4302,11102,15666,19968
front,412,1789636303947279626,1789636304488259898,2934152014961084,20064,0,0,0,3415,0,3406,13243,16658,20064
rear,420,1789636303947756397,1789636304488891182,2934152015592158,19968,0,0,0,4745,0,4210,11013,15758,19968
rear,421,1789636304047683006,1789636304490406677,2934152017107657,19968,0,0,0,4740,0,4275,10953,15693,19968
front,413,1789636304047395183,1789636304489817704,2934152016518793,20064,0,0,0,3620,0,3726,12718,16337,20064
front,414,1789636304147544371,1789636304492507262,2934152019208233,19872,0,0,0,3430,0,3429,13013,16442,19872
front,415,1789636304247287134,1789636304493993780,2934152020694787,20064,0,0,0,3524,0,3366,13174,16698,20064
rear,422,1789636304147648088,1789636304493428770,2934152020129748,20064,0,0,0,4941,0,4115,11008,15949,20064
rear,423,1789636304247758443,1789636304495146018,2934152021847135,19968,0,0,0,4902,0,4194,10872,15774,19968
front,416,1789636304347326431,1789636304496007728,2934152022708677,19968,0,0,0,3437,0,3710,12821,16257,19968
rear,424,1789636304347671172,1789636304497178611,2934152023879565,19968,0,0,0,4742,0,4318,10908,15650,19968
rear,425,1789636304446950715,1789636304600348007,2934152127049077,20064,0,0,0,4929,0,4216,10919,15848,20064
front,417,1789636304447336016,1789636304548179654,2934152074880847,20064,0,0,0,3495,0,3443,13126,16620,20064
front,418,1789636304548198704,1789636304647796017,2934152174497346,19968,0,0,0,3439,0,3398,13131,16570,19968
front,419,1789636304647359344,1789636304759130831,2934152285831918,20064,0,0,0,3445,0,3750,12869,16314,20064
rear,426,1789636304647730430,1789636304847200687,2934152373901971,19872,0,0,0,4627,0,4269,10976,15603,19872
rear,427,1789636304547797695,1789636304747466321,2934152274168110,19968,0,0,0,4895,0,4154,10919,15814,19968
rear,428,1789636310946774197,1789636311448205702,2934158974907107,20064,0,0,0,4751,0,4435,10878,15629,20064
front,420,1789636309446669076,1789636309971405406,2934157498106712,19872,0,0,0,3495,0,3608,12769,16264,19872
front,421,1789636310946719737,1789636311480562511,2934159007263483,19872,0,0,0,3547,0,3721,12604,16151,19872
rear,429,1789636311046839938,1789636311481393019,2934159008094127,19968,0,0,0,4848,0,4282,10838,15686,19968
front,422,1789636311147520765,1789636311485125480,2934159011826480,20064,0,0,0,3588,0,3428,13048,16634,20064
rear,430,1789636311146804183,1789636311484655627,2934159011356605,19968,0,0,0,4998,0,4109,10861,15859,19968
front,423,1789636311046547353,1789636311483926934,2934159010627894,20064,0,0,0,3407,0,3412,13245,16650,20064
rear,431,1789636311246834123,1789636311485912523,2934159012613545,19968,0,0,0,4857,0,4163,10948,15805,19968
front,424,1789636311247461267,1789636311487350898,2934159014051861,19968,0,0,0,3406,0,3692,12870,16275,19968
front,425,1789636311347511326,1789636311488447960,2934159015148918,19968,0,0,0,3567,0,3412,12989,16556,19968
rear,432,1789636311346426798,1789636311487962680,2934159014663640,20160,0,0,0,4809,0,4235,11116,15925,20160
rear,433,1789636311447847212,1789636311548630112,2934159075331210,19968,0,0,0,5029,0,4081,10858,15887,19968
front,426,1789636311447458738,1789636311548001222,2934159074702501,19968,0,0,0,3407,0,3433,13128,16534,19968
front,427,1789636311546545355,1789636311647825978,2934159174527207,20064,0,0,0,3663,0,3723,12678,16341,20064
rear,434,1789636311546888602,1789636311648952847,2934159175653946,19872,0,0,0,4968,0,4124,10780,15748,19872
front,428,1789636311647493174,1789636311747651953,2934159274353088,19968,0,0,0,3371,0,3435,13162,16532,19968
rear,435,1789636311646430548,1789636311766117737,2934159292818966,20064,0,0,0,4717,0,4263,11084,15801,20064
front,429,1789636311746605581,1789636311848093635,2934159374794958,19968,0,0,0,3610,0,3391,12967,16576,19968
rear,436,1789636311846905124,1789636311996692349,2934159523393418,19968,0,0,0,5005,0,4200,10763,15768,19968
front,430,1789636311846522716,1789636311996148771,2934159522850075,19968,0,0,0,3431,0,3776,12761,16192,19968
rear,437,1789636311746567437,1789636311947496731,2934159474198055,20064,0,0,0,4906,0,4356,10802,15708,20064
front,431,1789636311946469894,1789636312047895495,2934159574596757,20160,0,0,0,3509,0,3391,13260,16769,20160
rear,438,1789636311946947950,1789636312049030481,2934159575731454,19968,0,0,0,4751,0,4244,10973,15724,19968
front,432,1789636312047595885,1789636312147744923,2934159674446093,19968,0,0,0,3463,0,3546,12959,16420,19968
rear,439,1789636312046860906,1789636312150849056,2934159677550006,19968,0,0,0,4771,0,4240,10957,15728,19968
rear,440,1789636312146818488,1789636312248514681,2934159775215669,19968,0,0,0,5044,0,4079,10845,15889,19968
front,433,1789636312147591159,1789636312247835935,2934159774537122,19968,0,0,0,3413,0,3612,12943,16356,19968
front,434,1789636312247485631,1789636312347877015,2934159874578351,19968,0,0,0,3477,0,3395,13096,16572,19968
front,435,1789636312346584230,1789636312448204496,2934159974905824,20064,0,0,0,3422,0,3550,13092,16513,20064
rear,441,1789636312347853233,1789636312463060018,2934159989761334,19872,0,0,0,4769,0,4230,10873,15642,19872
front,436,1789636312447522154,1789636312547713792,2934160074415087,19968,0,0,0,3467,0,3607,12894,16361,19968
rear,442,1789636312446499228,1789636312594185915,2934160120886995,20064,0,0,0,4956,0,4150,10958,15914,20064
rear,443,1789636312546897108,1789636312729174150,2934160255875312,19968,0,0,0,4985,0,4117,10866,15851,19968
front,437,1789636312548168459,1789636312648291025,2934160174992176,20064,0,0,0,3463,0,3361,13240,16702,20064
rear,444,1789636312646545231,1789636312759981195,2934160286682497,19968,0,0,0,4775,0,4261,10932,15707,19968
front,438,1789636312647561511,1789636312747664831,2934160274366190,19968,0,0,0,3481,0,3593,12894,16371,19968
front,439,1789636312747512569,1789636312847915693,2934160374617035,20064,0,0,0,3384,0,3565,13115,16499,20064
rear,445,1789636312746503497,1789636312850003274,2934160376704388,20064,0,0,0,4840,0,4418,10806,15646,20064
front,440,1789636312847577916,1789636312947823529,2934160474524746,19968,0,0,0,3484,0,3391,13093,16576,19968
rear,446,1789636312946852224,1789636313049066835,2934160575767806,19968,0,0,0,4896,0,4146,10926,15822,19968
front,441,1789636312947578049,1789636313048368967,2934160575070008,19968,0,0,0,3420,0,3654,12894,16314,19968
rear,447,1789636312846923735,1789636313047551730,2934160574252913,19968,0,0,0,5026,0,4127,10815,15841,19968
rear,448,1789636313046838473,1789636313160907502,2934160687608675,20064,0,0,0,4749,0,4248,11067,15816,20064
front,442,1789636313046602169,1789636313148128456,2934160674829772,20064,0,0,0,3526,0,3498,13040,16564,20064
front,443,1789636313147610475,1789636313247802111,2934160774503279,19968,0,0,0,3397,0,3388,13183,16577,19968
rear,449,1789636313146865556,1789636313248568533,2934160775269575,19968,0,0,0,5072,0,4107,10789,15861,19968
front,444,1789636313247510226,1789636313347586460,2934160874287864,19968,0,0,0,3546,0,3707,12715,16261,19968
rear,450,1789636313246561333,1789636313348307139,2934160875008174,19968,0,0,0,4967,0,4132,10869,15836,19968
front,445,1789636313346600814,1789636313448037625,2934160974738974,20064,0,0,0,3472,0,3435,13157,16628,20064
rear,451,1789636313346470220,1789636313488392774,2934161015093810,20064,0,0,0,4711,0,4246,11107,15818,20064
front,446,1789636313447558781,1789636313547795072,2934161074496353,19968,0,0,0,3573,0,3391,13004,16576,19968
rear,452,1789636313446872532,1789636313610528899,2934161137230359,19968,0,0,0,4858,0,4214,10896,15754,19968
front,447,1789636313546683580,1789636313647853444,2934161174554670,20064,0,0,0,3414,0,3776,12874,16286,20064
rear,453,1789636313546527856,1789636313648959667,2934161175660767,20064,0,0,0,4961,0,4214,10889,15850,20064
front,448,1789636313647601273,1789636313747705131,2934161274406381,19968,0,0,0,3623,0,3389,12956,16579,19968
rear,454,1789636313646985522,1789636313748328722,2934161275029845,19968,0,0,0,4805,0,4240,10923,15728,19968
rear,455,1789636313746854571,1789636313848095011,2934161374796044,19968,0,0,0,4718,0,4302,10948,15666,19968
front,449,1789636313747545038,1789636313847574297,2934161374275519,19968,0,0,0,3423,0,3388,13157,16580,19968
rear,456,1789636313846557089,1789636313948957257,2934161475658268,20064,0,0,0,4999,0,4106,10959,15958,20064
front,450,1789636313847522392,1789636313948087139,2934161474788540,20064,0,0,0,3595,0,3770,12699,16294,20064
rear,457,1789636313946875448,1789636314103861770,2934161630562904,19968,0,0,0,4927,0,4138,10903,15830,19968
front,451,1789636313947606717,1789636314047802763,2934161574503953,19968,0,0,0,3438,0,3397,13133,16571,19968
front,452,1789636314047602076,1789636314147438215,2934161674139353,19968,0,0,0,3509,0,3382,13077,16585,19968
rear,458,1789636314046849622,1789636314148100042,2934161674801086,19968,0,0,0,4711,0,4261,10996,15707,19968
rear,459,1789636314146570105,1789636314248155251,2934161774856239,19968,0,0,0,4872,0,4235,10861,15733,19968
front,453,1789636314146592519,1789636314247564628,2934161774265733,19968,0,0,0,3462,0,3776,12730,16192,19968
front,454,1789636314346658962,1789636314449103138,2934161975804139,19872,0,0,0,3479,0,3370,13023,16501,19872
rear,460,1789636314246392640,1789636314447664219,2934161974365574,20064,0,0,0,4978,0,4131,10955,15933,20064
rear,461,1789636314346849260,1789636314449646374,2934161976347343,20064,0,0,0,4715,0,4216,11133,15848,20064
front,455,1789636314246601526,1789636314405109512,2934161931810880,20064,0,0,0,3444,0,3361,13259,16702,20064
front,456,1789636314446409604,1789636314547812284,2934162074513657,20064,0,0,0,3394,0,3762,12908,16301,20064
rear,462,1789636314447036384,1789636314548454180,2934162075155193,19968,0,0,0,4704,0,4320,10944,15648,19968
rear,463,1789636314546942246,1789636314690890973,2934162217592247,19968,0,0,0,4912,0,4176,10880,15792,19968
front,457,1789636314546577362,1789636314651053925,2934162177755103,20064,0,0,0,3462,0,3395,13207,16669,20064
front,458,1789636314647566159,1789636314747729402,2934162274430584,19968,0,0,0,3411,0,3451,13106,16517,19968
rear,464,1789636314646943279,1789636314748480075,2934162275181072,20064,0,0,0,4967,0,4208,10889,15856,20064
front,459,1789636314746581538,1789636314848071419,2934162374772836,19968,0,0,0,3518,0,3703,12747,16263,19968
rear,465,1789636314746920983,1789636314862196413,2934162388897918,19968,0,0,0,4698,0,4256,11014,15712,19968
rear,466,1789636314846870593,1789636314958292456,2934162484993484,19968,0,0,0,4845,0,4163,10960,15805,19968
front,460,1789636314846600372,1789636314957837903,2934162484539143,20064,0,0,0,3416,0,3398,13250,16666,20064
front,461,1789636315046590590,1789636315284779533,2934162811481166,19968,0,0,0,3411,0,3661,12896,16307,19968
rear,467,1789636315046422117,1789636315285594644,2934162812295787,20064,0,0,0,4721,0,4291,11052,15773,20064
front,462,1789636314946635144,1789636315048131189,2934162574832466,19968,0,0,0,3612,0,3451,12905,16517,19968
rear,468,1789636314946875293,1789636315147818940,2934162674520361,19968,0,0,0,4882,0,4143,10943,15825,19968
rear,469,1789636315146902598,1789636315289229927,2934162815930920,19968,0,0,0,4637,0,4280,11051,15688,19968
front,463,1789636315146414177,1789636315288418476,2934162815119919,20064,0,0,0,3596,0,3386,13082,16678,20064
rear,470,1789636315246525449,1789636315358074854,2934162884775987,20064,0,0,0,4753,0,4271,11040,15793,20064
front,464,1789636315246625410,1789636315348513039,2934162875214462,19968,0,0,0,3377,0,3546,13045,16421,19968
front,465,1789636315346553537,1789636315448137787,2934162974838943,19968,0,0,0,3618,0,3644,12706,16323,19968
rear,471,1789636315346978648,1789636315460952104,2934162987653349,19968,0,0,0,4834,0,4155,10979,15813,19968
rear,472,1789636315446891129,1789636315564062915,2934163090764392,19968,0,0,0,4646,0,4268,11054,15700,19968
front,466,1789636315446454348,1789636315547855753,2934163074557063,20064,0,0,0,3366,0,3437,13261,16626,20064
rear,473,1789636315546894630,1789636315655828608,2934163182529610,19968,0,0,0,4683,0,4264,11021,15704,19968
front,467,1789636315546631256,1789636315647929800,2934163174631107,20064,0,0,0,3654,0,3611,12799,16452,20064
rear,474,1789636315646554178,1789636315748490752,2934163275191802,20064,0,0,0,4973,0,4186,10905,15878,20064
front,468,1789636315646679653,1789636315747841271,2934163274542679,19872,0,0,0,3386,0,3559,12927,16312,19872
front,469,1789636315746453850,1789636315848191705,2934163374892772,20160,0,0,0,3495,0,3418,13247,16742,20160
rear,475,1789636315746907265,1789636315862921141,2934163389622422,19968,0,0,0,4588,0,4298,11082,15670,19968
rear,476,1789636315846912791,1789636315960217482,2934163486918584,19968,0,0,0,4645,0,4255,11068,15713,19968
front,470,1789636315847610093,1789636315959709599,2934163486411227,19968,0,0,0,3500,0,3644,12824,16323,19968
front,471,1789636315946626181,1789636316047529616,2934163574230996,19968,0,0,0,3454,0,3503,13011,16465,19968
rear,477,1789636315946483176,1789636316071105551,2934163597806692,19968,0,0,0,4741,0,4248,10979,15720,19968
rear,478,1789636316046442188,1789636316244720937,2934163771422485,20064,0,0,0,4944,0,4167,10953,15897,20064
front,472,1789636316046626086,1789636316147764090,2934163674465217,19968,0,0,0,3443,0,3436,13089,16532,19968
front,473,1789636316146540411,1789636316247961119,2934163774662203,20064,0,0,0,3390,0,3674,13000,16389,20064
rear,479,1789636316146684666,1789636316248771748,2934163775472875,19968,0,0,0,4798,0,4134,11036,15834,19968
rear,480,1789636316346988708,1789636316547464476,2934164074165836,19968,0,0,0,4888,0,4131,10949,15837,19968
front,474,1789636316246673027,1789636316347671884,2934163874373034,19872,0,0,0,3476,0,3476,12920,16395,19872
front,475,1789636316346415264,1789636316483424078,2934164010125150,20160,0,0,0,3330,0,3443,13387,16717,20160
rear,481,1789636316246475369,1789636316447739611,2934163974441289,20064,0,0,0,4590,0,4288,11186,15776,20064
front,476,1789636316546665730,1789636317048526971,2934164575228384,19968,0,0,0,3366,0,3522,13080,16445,19968
rear,482,1789636316546921817,1789636317049333414,2934164576034443,20064,0,0,0,4710,0,4376,10978,15688,20064
front,477,1789636316646564302,1789636317049868021,2934164576569017,19968,0,0,0,3474,0,3451,13043,16517,19968
front,478,1789636316746638668,1789636317050643745,2934164577344837,20160,0,0,0,3503,0,3706,12951,16454,20160
rear,483,1789636316646954797,1789636317052898621,2934164579599646,19872,0,0,0,4740,0,4239,10893,15633,19872
front,479,1789636316947665805,1789636317055076017,2934164581777029,19872,0,0,0,3378,0,3427,13067,16445,19872
rear,484,1789636316746431427,1789636317054456411,2934164581157358,20064,0,0,0,5007,0,4147,10910,15917,20064
front,480,1789636316847642954,1789636317053999240,2934164580700227,19968,0,0,0,3489,0,3452,13027,16516,19968
rear,485,1789636316846977906,1789636317055981992,2934164582682944,19968,0,0,0,4803,0,4168,10997,15800,19968
rear,486,1789636316946913973,1789636317057408307,2934164584109275,20064,0,0,0,4734,0,4257,11073,15807,20064
front,481,1789636317046561604,1789636317148089063,2934164674790348,20064,0,0,0,3683,0,3668,12713,16396,20064
rear,487,1789636317046700797,1789636317194889753,2934164721591021,19968,0,0,0,5037,0,4099,10832,15869,19968
rear,488,1789636317146710190,1789636317285280920,2934164811981981,20064,0,0,0,4937,0,4110,11017,15954,20064
front,482,1789636317146539179,1789636317284803807,2934164811504837,19968,0,0,0,3334,0,3477,13157,16491,19968
rear,489,1789636317246998701,1789636317348666999,2934164875367988,19872,0,0,0,4680,0,4262,10930,15610,19872
front,483,1789636317246581936,1789636317347980561,2934164874681750,20064,0,0,0,3611,0,3474,12979,16589,20064
rear,490,1789636317346634410,1789636317474746120,2934165001447081,19968,0,0,0,4835,0,4207,10926,15761,19968
front,484,1789636317346605294,1789636317458981111,2934164985682343,20064,0,0,0,3459,0,3703,12902,16359,20064
front,485,1789636317447778585,1789636317617602069,2934165144303744,19872,0,0,0,3447,0,3470,12955,16401,19872
rear,491,1789636317446529951,1789636317618210795,2934165144912035,20064,0,0,0,5016,0,4216,10832,15848,20064
rear,492,1789636317546982246,1789636317866005401,2934165392706482,20064,0,0,0,4778,0,4341,10945,15723,20064
front,486,1789636317647622479,1789636317866701813,2934165393402790,19968,0,0,0,3530,0,3625,12813,16343,19968
rear,493,1789636317647178175,1789636317867317032,2934165394017953,19872,0,0,0,4684,0,4277,10911,15595,19872
front,487,1789636317546584269,1789636317865618349,2934165392319631,20064,0,0,0,3405,0,3462,13197,16601,20064
front,488,1789636317746608925,1789636317869176474,2934165395877438,19968,0,0,0,3311,0,3502,13155,16466,19968
rear,494,1789636317747015402,1789636317869788668,2934165396489608,20064,0,0,0,5092,0,4065,10907,15999,20064
front,489,1789636317846598139,1789636317948154658,2934165474856019,20064,0,0,0,3362,0,3486,13216,16578,20064
rear,495,1789636317847043359,1789636317950223650,2934165476924651,19968,0,0,0,4942,0,4117,10909,15851,19968
front,490,1789636317947656253,1789636318047899310,2934165574600644,19968,0,0,0,3564,0,3643,12761,16324,19968
rear,496,1789636317946636933,1789636318048553091,2934165575254056,20064,0,0,0,4827,0,4246,10991,15818,20064
rear,497,1789636318047077576,1789636318155944468,2934165682645552,19872,0,0,0,4978,0,4160,10734,15712,19872
front,491,1789636318046602277,1789636318148252199,2934165674953417,20064,0,0,0,3213,0,3488,13363,16574,20064
rear,498,1789636318146570468,1789636318248332962,2934165775034001,20064,0,0,0,4949,0,4123,10992,15941,20064
front,492,1789636318147741786,1789636318247673708,2934165774375265,19968,0,0,0,3351,0,3607,13010,16359,19968
front,493,1789636318246741476,1789636318348217754,2934165874919149,20064,0,0,0,3616,0,3542,12906,16522,20064
rear,499,1789636318246968526,1789636318348832598,2934165875533752,19968,0,0,0,4697,0,4258,11013,15710,19968
front,494,1789636318347749003,1789636318447716638,2934165974417878,19872,0,0,0,2769,0,3608,13495,16263,19872
rear,500,1789636318346571029,1789636318448459731,2934165975160740,19968,0,0,0,4890,0,4220,10858,15748,19968
rear,501,1789636318446513738,1789636318548489840,2934166075190903,20064,0,0,0,5023,0,4251,10790,15813,20064
front,495,1789636318446687297,1789636318547708000,2934166074409347,20064,0,0,0,3669,0,3524,12871,16540,20064
front,496,1789636318546712426,1789636318648047962,2934166174749535,19968,0,0,0,3069,0,3647,13252,16321,19968
rear,502,1789636318546980403,1789636318722945391,2934166249646789,20064,0,0,0,4853,0,4250,10961,15814,20064
rear,503,1789636318647097165,1789636318759979790,2934166286680826,19968,0,0,0,4705,0,4245,11018,15723,19968
front,497,1789636318646622338,1789636318747641715,2934166274343157,19968,0,0,0,3365,0,3528,13075,16437,19968
rear,504,1789636318747062432,1789636318848994192,2934166375695150,19968,0,0,0,5050,0,4081,10837,15887,19968
front,498,1789636318746635232,1789636318848436319,2934166375137577,20064,0,0,0,3243,0,3609,13212,16455,20064
front,499,1789636318847696750,1789636318947936255,2934166474637810,20064,0,0,0,3588,0,3539,12937,16522,20064
rear,505,1789636318846699080,1789636318954043079,2934166480744075,19968,0,0,0,4948,0,4129,10891,15839,19968
rear,506,1789636318946586937,1789636319050271335,2934166576972305,19968,0,0,0,4823,0,4248,10897,15720,19968
front,500,1789636318947788711,1789636319047568726,2934166574270101,19968,0,0,0,3102,0,3599,13267,16369,19968
front,501,1789636319047715496,1789636319147729126,2934166674430233,19872,0,0,0,3364,0,3550,12958,16322,19872
rear,507,1789636319046501281,1789636319148325611,2934166675026573,20064,0,0,0,4855,0,4229,10980,15835,20064
front,502,1789636319146631839,1789636319248119301,2934166774820558,20064,0,0,0,3538,0,3576,12950,16487,20064
rear,508,1789636319147017283,1789636319248733702,2934166775434707,19968,0,0,0,4964,0,4117,10887,15851,19968
front,503,1789636319246661319,1789636319347530918,2934166874232070,19872,0,0,0,3325,0,3579,12968,16291,19872
rear,509,1789636319246605006,1789636319348213063,2934166874914073,19968,0,0,0,4818,0,4179,10971,15789,19968
rear,510,1789636319346569192,1789636319458693450,2934166985394428,20064,0,0,0,4755,0,4394,10915,15670,20064
front,504,1789636319346693338,1789636319448235525,2934166974936889,20160,0,0,0,3380,0,3486,13294,16674,20160
front,505,1789636319447791819,1789636319547815679,2934167074517218,19776,0,0,0,3596,0,3566,12614,16210,19776
rear,511,1789636319446983564,1789636319554803257,2934167081504189,19968,0,0,0,5034,0,4175,10759,15793,19968
rear,512,1789636319546633642,1789636319648873098,2934167175574064,20064,0,0,0,4965,0,4141,10958,15923,20064
front,506,1789636319546612284,1789636319648383534,2934167175084755,20064,0,0,0,3325,0,3575,13164,16488,20064
rear,513,1789636319647064992,1789636319770348527,2934167297049578,19968,0,0,0,4763,0,4234,10971,15734,19968
front,507,1789636319646653532,1789636319769809003,2934167296510578,19872,0,0,0,3411,0,3471,12990,16401,19872
rear,514,1789636319746679622,1789636319870799523,2934167397500670,20064,0,0,0,4952,0,4220,10892,15844,20064
front,508,1789636319746610491,1789636319848681689,2934167375383188,20064,0,0,0,3498,0,3561,13005,16503,20064
front,509,1789636319846603522,1789636319948529001,2934167475230167,19968,0,0,0,3372,0,3570,13026,16398,19968
rear,515,1789636319847034674,1789636319968928693,2934167495629937,19968,0,0,0,5020,0,4123,10825,15845,19968
front,510,1789636319946658860,1789636320047893271,2934167574594899,19872,0,0,0,3327,0,3499,13046,16373,19872
rear,516,1789636319946795637,1789636320049308316,2934167576009414,19968,0,0,0,4760,0,4219,10989,15749,19968
rear,517,1789636320046625388,1789636320170387361,2934167697088618,19968,0,0,0,4762,0,4242,10964,15726,19968
front,511,1789636320046513037,1789636320148427410,2934167675128610,20160,0,0,0,3510,0,3505,13145,16653,20160
rear,518,1789636320146565405,1789636320252855649,2934167779556628,20064,0,0,0,5060,0,4159,10845,15905,20064
front,512,1789636320146768609,1789636320247991858,2934167774693340,19872,0,0,0,3392,0,3620,12860,16249,19872
rear,519,1789636320246724115,1789636320348642347,2934167875343345,19968,0,0,0,4931,0,4217,10820,15751,19968
front,513,1789636320246514690,1789636320347890784,2934167874592238,20064,0,0,0,3392,0,3413,13259,16651,20064
rear,520,1789636320346704074,1789636320450089128,2934167976790233,20064,0,0,0,4799,0,4329,10936,15735,20064
front,514,1789636320346661330,1789636320448030260,2934167974731671,19968,0,0,0,3427,0,3567,12974,16401,19968
rear,521,1789636320447108161,1789636320583822290,2934168110523709,19968,0,0,0,5050,0,4100,10818,15868,19968
front,515,1789636320446681634,1789636320548048803,2934168074750290,20064,0,0,0,3442,0,3617,13005,16447,20064
front,516,1789636320548408523,1789636320647546617,2934168174247998,19872,0,0,0,3447,0,3477,12948,16395,19872
rear,522,1789636320547037489,1789636320648413120,2934168175114118,19968,0,0,0,4956,0,4111,10901,15857,19968
front,517,1789636320646578251,1789636320747942571,2934168274643858,20160,0,0,0,3460,0,3562,13138,16598,20160
rear,523,1789636320646655629,1789636320751043410,2934168277744431,20064,0,0,0,4759,0,4254,11051,15810,20064
rear,524,1789636320747099096,1789636320848816070,2934168375516983,19968,0,0,0,4886,0,4228,10854,15740,19968
front,518,1789636320746706333,1789636320847662729,2934168374364084,19872,0,0,0,3501,0,3595,12776,16276,19872
rear,525,1789636320847025976,1789636320948511424,2934168475212462,20064,0,0,0,5046,0,4095,10923,15969,20064
front,519,1789636320846565140,1789636320947835529,2934168474536757,20064,0,0,0,3406,0,3422,13236,16642,20064
rear,526,1789636320947123767,1789636321048590776,2934168575291770,19968,0,0,0,4914,0,4168,10886,15800,19968
front,520,1789636320946706677,1789636321047895546,2934168574596858,19968,0,0,0,3678,0,3491,12799,16476,19968
rear,527,1789636321047168198,1789636321151111538,2934168677812633,19872,0,0,0,4791,0,4222,10859,15650,19872
front,521,1789636321046566069,1789636321150648501,2934168677349803,20064,0,0,0,3395,0,3657,13012,16406,20064
rear,528,1789636321146550663,1789636321248426165,2934168775127152,20064,0,0,0,5074,0,4276,10714,15788,20064
front,522,1789636321146752425,1789636321247901235,2934168774602667,19968,0,0,0,3610,0,3416,12942,16552,19968
front,523,1789636321246666782,1789636321348272768,2934168874974088,20064,0,0,0,3482,0,3642,12940,16421,20064
rear,529,1789636321246644802,1789636321365150841,2934168891852161,20064,0,0,0,4912,0,4186,10966,15878,20064
rear,530,1789636321347084881,1789636321448699970,2934168975400948,19968,0,0,0,4713,0,4252,11003,15716,19968
front,524,1789636321347718690,1789636321447774650,2934168974476009,19872,0,0,0,3562,0,3507,12803,16365,19872
rear,531,1789636321446764464,1789636321548477349,2934169075178309,19968,0,0,0,4913,0,4211,10844,15757,19968
front,525,1789636321446563523,1789636321547868095,2934169074569340,20064,0,0,0,3369,0,3440,13255,16624,20064
rear,532,1789636321546627654,1789636321673857649,2934169200558623,20064,0,0,0,5087,0,4087,10890,15977,20064
front,526,1789636321546719458,1789636321647699374,2934169174400497,19968,0,0,0,3556,0,3539,12873,16429,19968
rear,533,1789636321646768641,1789636321788884078,2934169315585201,19968,0,0,0,4811,0,4171,10986,15797,19968
front,527,1789636321646592709,1789636321747693153,2934169274394271,19968,0,0,0,3418,0,3628,12922,16339,19968
front,528,1789636321746572212,1789636321847983226,2934169374684315,20064,0,0,0,3410,0,3392,13262,16672,20064
rear,534,1789636321747039058,1789636321849334052,2934169376035161,19968,0,0,0,4744,0,4228,10996,15740,19968
front,529,1789636321946560062,1789636322072978811,2934169599680279,20064,0,0,0,3396,0,3534,13134,16529,20064
rear,535,1789636321946612084,1789636322095820870,2934169622521825,20064,0,0,0,4955,0,4267,10842,15797,20064
rear,536,1789636321846723101,1789636322047546100,2934169574247491,19968,0,0,0,5034,0,4074,10860,15894,19968
front,530,1789636321846698140,1789636321996909069,2934169523610611,19968,0,0,0,3524,0,3588,12856,16377,19968
front,531,1789636322046696649,1789636322147636316,2934169674337474,19968,0,0,0,3471,0,3399,13098,16569,19968
rear,537,1789636322046718118,1789636322150780150,2934169677481108,19968,0,0,0,4708,0,4339,10921,15629,19968
rear,538,1789636322146656975,1789636322249020212,2934169775721225,20064,0,0,0,4902,0,4232,10930,15832,20064
front,532,1789636322146680823,1789636322248407683,2934169775109155,20064,0,0,0,3446,0,3735,12883,16328,20064
rear,539,1789636322247138837,1789636322348883061,2934169875584065,19968,0,0,0,4992,0,4117,10859,15851,19968
front,533,1789636322246697742,1789636322347694433,2934169874395787,19968,0,0,0,3507,0,3424,13037,16544,19968
front,534,1789636322346731268,1789636322447538674,2934169974239784,19968,0,0,0,3428,0,3381,13159,16586,19968
rear,540,1789636322347118100,1789636322461346611,2934169988047726,19968,0,0,0,4748,0,4206,11014,15762,19968
rear,541,1789636322446620278,1789636322569782885,2934170096484268,19968,0,0,0,4881,0,4253,10834,15715,19968
front,535,1789636322446596916,1789636322548079973,2934170074781151,20064,0,0,0,3613,0,3738,12713,16326,20064
front,536,1789636322546738329,1789636322648233844,2934170174934936,20064,0,0,0,3435,0,3383,13246,16680,20064
rear,542,1789636322546634987,1789636322669805498,2934170196506669,20064,0,0,0,5100,0,4062,10902,16002,20064
front,537,1789636322646895134,1789636322747857346,2934170274558685,19872,0,0,0,3572,0,3412,12888,16459,19872
rear,543,1789636322647061804,1789636322767896519,2934170294597636,19968,0,0,0,4930,0,4115,10923,15853,19968
rear,544,1789636322746636617,1789636322872798723,2934170399499873,20064,0,0,0,4767,0,4253,11044,15811,20064
front,538,1789636322746603834,1789636322847881193,2934170374582396,20064,0,0,0,3462,0,3775,12827,16289,20064
front,539,1789636322846632612,1789636322948396737,2934170475097843,19968,0,0,0,3632,0,3388,12948,16580,19968
front,540,1789636322946653426,1789636323148357933,2934170675059250,20064,0,0,0,3443,0,3394,13227,16669,20064
rear,545,1789636322846814336,1789636323048046534,2934170574748001,20064,0,0,0,4982,0,4323,10759,15741,20064
rear,546,1789636322947220775,1789636323149145392,2934170675846546,19872,0,0,0,4960,0,4108,10804,15764,19872
rear,547,1789636323046643282,1789636323152275084,2934170678976059,20064,0,0,0,4721,0,4319,11024,15745,20064
front,541,1789636323046702747,1789636323151628697,2934170678329718,19968,0,0,0,3593,0,3772,12603,16196,19968
rear,548,1789636323147120021,1789636323259314651,2934170786015630,19968,0,0,0,4847,0,4245,10876,15723,19968
front,542,1789636323146717720,1789636323258806151,2934170785507433,19968,0,0,0,3421,0,3417,13130,16551,19968
rear,549,1789636323246635325,1789636323349029693,2934170875730690,19968,0,0,0,5001,0,4087,10880,15881,19968
front,543,1789636323246660322,1789636323347836930,2934170874538231,20064,0,0,0,3482,0,3418,13164,16646,20064
front,544,1789636323346703042,1789636323447827543,2934170974528917,19968,0,0,0,3481,0,3731,12756,16236,19968
rear,550,1789636323346601745,1789636323452881107,2934170979582178,20064,0,0,0,4985,0,4137,10942,15927,20064
rear,551,1789636323446727266,1789636323591798673,2934171118499793,20064,0,0,0,4746,0,4231,11087,15833,20064
front,545,1789636323446668738,1789636323548321167,2934171075022399,20064,0,0,0,3452,0,3369,13243,16695,20064
rear,552,1789636323647121249,1789636323752705217,2934171279406166,19968,0,0,0,4913,0,4131,10924,15837,19968
rear,553,1789636323547142979,1789636323747501536,2934171274202731,19968,0,0,0,4993,0,4123,10852,15845,19968
front,546,1789636323646587521,1789636323748219344,2934171274920362,20064,0,0,0,3366,0,3781,12917,16282,20064
front,547,1789636323546774182,1789636323722994174,2934171249695345,19872,0,0,0,3487,0,3385,13000,16486,19872
front,548,1789636323746635172,1789636323847686755,2934171374387964,19968,0,0,0,3505,0,3381,13082,16587,19968
rear,554,1789636323746660448,1789636323848979126,2934171375680155,19968,0,0,0,4673,0,4342,10953,15626,19968
rear,555,1789636323846664619,1789636323975522853,2934171502224121,19968,0,0,0,4832,0,4308,10828,15660,19968
front,549,1789636323846606670,1789636323947932067,2934171474633393,20064,0,0,0,3390,0,3553,13121,16509,20064
rear,556,1789636323946634810,1789636324073848563,2934171600549731,20064,0,0,0,4956,0,4229,10879,15835,20064
front,550,1789636323946699783,1789636324047671037,2934171574372357,19968,0,0,0,3481,0,3660,12827,16308,19968
front,551,1789636324046681758,1789636324148283082,2934171674984543,20064,0,0,0,3404,0,3401,13259,16662,20064
rear,557,1789636324046702917,1789636324149777687,2934171676478654,20064,0,0,0,4874,0,4172,11018,15892,20064
front,552,1789636324146731862,1789636324247766113,2934171774467371,19968,0,0,0,3588,0,3559,12821,16409,19968
rear,558,1789636324147180568,1789636324270869516,2934171797570672,19872,0,0,0,4705,0,4264,10903,15608,19872
front,553,1789636324346602653,1789636324454864193,2934171981565243,20064,0,0,0,3627,0,3364,13073,16698,20064
rear,559,1789636324346720237,1789636324487836302,2934172014537299,19968,0,0,0,4952,0,4145,10871,15823,19968
rear,560,1789636324246628908,1789636324447482196,2934171974183600,20064,0,0,0,5012,0,4116,10936,15948,20064
front,554,1789636324246699234,1789636324347617605,2934171874318770,19968,0,0,0,3430,0,3567,12971,16400,19968
front,555,1789636324446798936,1789636324547709447,2934172074410676,19968,0,0,0,3424,0,3627,12917,16340,19968
rear,561,1789636324446597232,1789636324568795081,2934172095496329,20064,0,0,0,4693,0,4265,11106,15799,20064
rear,562,1789636324547115723,1789636324691898507,2934172218599594,19968,0,0,0,4855,0,4215,10898,15753,19968
front,556,1789636324546686931,1789636324647765197,2934172174466577,19968,0,0,0,3636,0,3531,12801,16437,19968
front,557,1789636324646627578,1789636324748105524,2934172274806825,20064,0,0,0,3394,0,3410,13260,16653,20064
rear,563,1789636324647103486,1789636324766853447,2934172293554779,20064,0,0,0,4911,0,4237,10916,15827,20064
front,558,1789636324746706474,1789636324847797542,2934172374498740,19968,0,0,0,3605,0,3650,12713,16316,19968
rear,564,1789636324747251555,1789636324848481252,2934172375182366,19968,0,0,0,4650,0,4318,11000,15650,19968
rear,565,1789636324846812372,1789636324952781175,2934172479482117,19968,0,0,0,4695,0,4280,10993,15688,19968
front,559,1789636324846636661,1789636324947873655,2934172474574966,19968,0,0,0,3468,0,3497,13003,16470,19968
front,560,1789636324946612650,1789636325047783709,2934172574484814,20064,0,0,0,3593,0,3375,13096,16689,20064
rear,566,1789636324946795250,1789636325074804496,2934172601505772,19968,0,0,0,4875,0,4110,10983,15858,19968
rear,567,1789636325046607567,1789636325172792395,2934172699493464,20064,0,0,0,4976,0,4131,10957,15933,20064
front,561,1789636325046666252,1789636325147631898,2934172674333189,19968,0,0,0,3421,0,3725,12822,16243,19968
rear,568,1789636325147114115,1789636325257210676,2934172783911898,19968,0,0,0,4624,0,4289,11055,15679,19968
front,562,1789636325146646375,1789636325247917120,2934172774618324,20064,0,0,0,3482,0,3431,13151,16633,20064
rear,569,1789636325246667557,1789636325370069607,2934172896770899,19968,0,0,0,4628,0,4275,11065,15693,19968
front,563,1789636325246688399,1789636325347559123,2934172874260481,19968,0,0,0,3463,0,3403,13102,16565,19968
front,564,1789636325346693483,1789636325447982354,2934172974683571,20064,0,0,0,3503,0,3722,12839,16342,20064
rear,570,1789636325346661140,1789636325448909756,2934172975610752,20064,0,0,0,4982,0,4172,10910,15892,20064
front,565,1789636325446707924,1789636325547879009,2934173074580145,19968,0,0,0,3463,0,3409,13096,16557,19968
rear,571,1789636325446751024,1789636325548803764,2934173075504644,19968,0,0,0,4600,0,4290,11078,15678,19968
rear,572,1789636325546726774,1789636325675385756,2934173202086703,19968,0,0,0,4624,0,4278,11066,15690,19968
front,566,1789636325546701486,1789636325674816829,2934173201518205,19968,0,0,0,3341,0,3413,13214,16554,19968
rear,573,1789636325646655568,1789636325760845967,2934173287546995,19968,0,0,0,4699,0,4285,10984,15683,19968
front,567,1789636325646690517,1789636325747816846,2934173274518148,20064,0,0,0,3551,0,3728,12785,16336,20064
rear,574,1789636325746648806,1789636325918681697,2934173445382786,20064,0,0,0,4840,0,4181,11043,15883,20064
front,568,1789636325746800264,1789636325849780536,2934173376481716,19968,0,0,0,3350,0,3444,13174,16524,19968
front,569,1789636325846667199,1789636325947787922,2934173474488909,19968,0,0,0,3504,0,3407,13057,16561,19968
rear,575,1789636325846750507,1789636326024879598,2934173551580789,19968,0,0,0,4629,0,4282,11057,15686,19968
rear,576,1789636325946759895,1789636326050248965,2934173576949975,20064,0,0,0,4801,0,4265,10998,15799,20064
front,570,1789636325946691103,1789636326049867230,2934173576568505,20064,0,0,0,3419,0,3756,12889,16307,20064
rear,577,1789636326047173135,1789636326174171985,2934173700873497,19968,0,0,0,4886,0,4186,10896,15782,19968
front,571,1789636326046749226,1789636326148062108,2934173674763451,20064,0,0,0,3539,0,3412,13113,16651,20064
rear,578,1789636326146730598,1789636326312840075,2934173839541061,19968,0,0,0,4812,0,4166,10990,15802,19968
front,572,1789636326147826522,1789636326293091702,2934173819792969,19968,0,0,0,3423,0,3426,13119,16542,19968
rear,579,1789636326246749133,1789636326348219694,2934173874920645,19968,0,0,0,4724,0,4248,10996,15720,19968
front,573,1789636326246788319,1789636326347475776,2934173874176992,19968,0,0,0,3641,0,3688,12639,16279,19968
rear,580,1789636326346640805,1789636326461813181,2934173988514172,20064,0,0,0,4819,0,4250,10995,15814,20064
front,574,1789636326346763859,1789636326447825480,2934173974526934,19968,0,0,0,3389,0,3424,13155,16542,19968
rear,581,1789636326446654982,1789636326554164948,2934174080865958,19968,0,0,0,4963,0,4137,10868,15831,19968
front,575,1789636326446685245,1789636326548375816,2934174075077085,20064,0,0,0,3642,0,3439,12983,16625,20064
rear,582,1789636326546673204,1789636326677815703,2934174204516683,20064,0,0,0,4806,0,4222,11036,15842,20064
front,576,1789636326546772303,1789636326647758151,2934174174459543,19968,0,0,0,3456,0,3693,12819,16275,19968
rear,583,1789636326647238047,1789636326773837255,2934174300538319,19968,0,0,0,4666,0,4340,10962,15628,19968
front,577,1789636326646671895,1789636326758061296,2934174284762589,20160,0,0,0,3544,0,3443,13173,16716,20160
rear,584,1789636326747146885,1789636326887963661,2934174414664564,20064,0,0,0,5062,0,4172,10830,15892,20064
front,578,1789636326747999493,1789636326880718634,2934174407420055,19872,0,0,0,3482,0,3468,12922,16404,19872
front,579,1789636326846746810,1789636326947801243,2934174474502578,19968,0,0,0,3579,0,3673,12716,16293,19968
rear,585,1789636326847251354,1789636326984842181,2934174511543353,19872,0,0,0,4880,0,4150,10842,15722,19872
front,580,1789636327046817171,1789636327171708051,2934174698409077,19968,0,0,0,3511,0,3464,12993,16503,19968
rear,586,1789636326946734413,1789636327147686420,2934174674387675,20064,0,0,0,4749,0,4270,11045,15794,20064
front,581,1789636326946668577,1789636327047969504,2934174574670707,20064,0,0,0,3342,0,3458,13264,16606,20064
rear,587,1789636327047199651,1789636327182986144,2934174709687262,19968,0,0,0,4808,0,4236,10924,15732,19968
front,582,1789636327146751490,1789636327247352648,2934174774054027,19968,0,0,0,3458,0,3647,12863,16318,19968
rear,588,1789636327147199663,1789636327249215306,2934174775916424,19872,0,0,0,4933,0,4105,10834,15767,19872
rear,589,1789636327246606575,1789636327371144685,2934174897845693,20064,0,0,0,4901,0,4177,10986,15887,20064
front,583,1789636327246642305,1789636327347769870,2934174874471005,20064,0,0,0,3319,0,3462,13283,16602,20064
rear,590,1789636327346725787,1789636327453845504,2934174980546511,20064,0,0,0,4736,0,4252,11076,15812,20064
front,584,1789636327346806289,1789636327448195179,2934174974896408,19968,0,0,0,3505,0,3490,12973,16478,19968
front,585,1789636327446701557,1789636327547765405,2934175074466366,20064,0,0,0,3351,0,3637,13076,16427,20064
rear,591,1789636327447163544,1789636327548687855,2934175075388942,19872,0,0,0,4961,0,4103,10808,15769,19872
rear,592,1789636327546696002,1789636327649240099,2934175175941144,20064,0,0,0,4944,0,4135,10985,15929,20064
front,586,1789636327548484505,1789636327648000297,2934175174701661,19872,0,0,0,3314,0,3479,13079,16393,19872
front,587,1789636327646603928,1789636327748106351,2934175274807889,20064,0,0,0,3479,0,3518,13067,16546,20064
rear,593,1789636327646670777,1789636327759007341,2934175285708517,19968,0,0,0,4732,0,4322,10914,15646,19968
front,588,1789636327746618889,1789636327847670956,2934175374372281,19968,0,0,0,3436,0,3651,12881,16317,19968
rear,594,1789636327746698071,1789636327848452991,2934175375154004,20064,0,0,0,4916,0,4378,10770,15686,20064
rear,595,1789636327847132660,1789636327954564596,2934175481265692,19968,0,0,0,4991,0,4125,10852,15843,19968
front,589,1789636327846600731,1789636327954074553,2934175480775822,19968,0,0,0,3234,0,3477,13257,16489,19968
rear,596,1789636327946632523,1789636328064186654,2934175590887711,20064,0,0,0,4769,0,4237,11058,15827,20064
front,590,1789636327946600734,1789636328048147776,2934175574848946,20064,0,0,0,3539,0,3616,12909,16448,20064
front,591,1789636328046566498,1789636328158733888,2934175685435046,20064,0,0,0,3446,0,3542,13076,16522,20064
rear,597,1789636328047171612,1789636328205808333,2934175732509455,19968,0,0,0,4808,0,4252,10908,15716,19968
rear,598,1789636328146787018,1789636328272472342,2934175799173415,19968,0,0,0,5114,0,4068,10786,15900,19968
front,592,1789636328147741697,1789636328271803095,2934175798504486,19872,0,0,0,3155,0,3589,13128,16282,19872
rear,599,1789636328246631362,1789636328433829039,2934175960530265,20064,0,0,0,4950,0,4119,10995,15945,20064
front,593,1789636328246548618,1789636328433295043,2934175959996782,20064,0,0,0,3619,0,3533,12912,16530,20064
front,594,1789636328346621182,1789636328447927413,2934175974628583,20064,0,0,0,3198,0,3563,13303,16501,20064
rear,600,1789636328347115768,1789636328448655809,2934175975356860,19968,0,0,0,4748,0,4237,10983,15731,19968
rear,601,1789636328446710126,1789636328616907251,2934176143608662,19968,0,0,0,5017,0,4100,10851,15868,19968
front,595,1789636328446610008,1789636328558866741,2934176085567969,19968,0,0,0,3431,0,3581,12956,16387,19968
rear,602,1789636328546638001,1789636328747776097,2934176274477978,20064,0,0,0,4929,0,4285,10850,15779,20064
rear,603,1789636328647053768,1789636328756471152,2934176283172259,19968,0,0,0,4698,0,4340,10930,15628,19968
front,596,1789636328646605504,1789636328756048842,2934176282749889,20064,0,0,0,3232,0,3628,13204,16435,20064
front,597,1789636328546585485,1789636328647583458,2934176174284654,19968,0,0,0,3437,0,3526,13005,16442,19968
front,598,1789636328746659285,1789636328847661692,2934176374362840,19968,0,0,0,3451,0,3507,13010,16461,19968
rear,604,1789636328747000159,1789636328854831957,2934176381533001,20064,0,0,0,4871,0,4265,10928,15799,20064
front,599,1789636328846575293,1789636328947748047,2934176474449441,19872,0,0,0,3154,0,3624,13094,16248,19872
rear,605,1789636328847116324,1789636328949995803,2934176476696737,19968,0,0,0,5019,0,4098,10851,15870,19968
front,600,1789636328946480398,1789636329047574731,2934176574275956,20160,0,0,0,3494,0,3519,13147,16641,20160
rear,606,1789636328947083055,1789636329048421426,2934176575122413,19968,0,0,0,4835,0,4158,10975,15810,19968
front,601,1789636329046645009,1789636329154128321,2934176680829681,19872,0,0,0,3065,0,3617,13190,16255,19872
rear,607,1789636329046601107,1789636329173307080,2934176700008252,19968,0,0,0,4844,0,4244,10880,15724,19968
rear,608,1789636329146536003,1789636329309544140,2934176836245311,20160,0,0,0,5058,0,4091,11011,16069,20160
front,602,1789636329146715358,1789636329308925859,2934176835627240,20160,0,0,0,3711,0,3500,12949,16659,20160
rear,609,1789636329247243609,1789636329348756487,2934176875457760,19872,0,0,0,4934,0,4133,10805,15739,19872
front,603,1789636329247653845,1789636329348021216,2934176874722423,19776,0,0,0,3189,0,3616,12971,16158,19776
rear,610,1789636329346637207,1789636329448547048,2934176975248244,19968,0,0,0,4730,0,4246,10992,15722,19968
front,604,1789636329346475547,1789636329447857166,2934176974558524,19968,0,0,0,3259,0,3497,13212,16471,19968
rear,611,1789636329446486201,1789636329572180049,2934177098881342,19968,0,0,0,4876,0,4283,10809,15685,19968
front,605,1789636329446693738,1789636329554949675,2934177081650786,20160,0,0,0,3509,0,3504,13147,16655,20160
front,606,1789636329546714284,1789636329647928602,2934177174630221,19872,0,0,0,3399,0,3608,12865,16262,19872
rear,612,1789636329546508940,1789636329673968856,2934177200669960,20064,0,0,0,4981,0,4310,10773,15754,20064
rear,613,1789636329646892792,1789636329768039750,2934177294741062,20064,0,0,0,4830,0,4199,11035,15865,20064
front,607,1789636329646610210,1789636329747875985,2934177274577115,19968,0,0,0,3299,0,3485,13184,16483,19968
rear,614,1789636329746954646,1789636329850429623,2934177377130606,19968,0,0,0,4711,0,4239,11018,15729,19968
front,608,1789636329746597224,1789636329848277774,2934177374979416,19968,0,0,0,3459,0,3489,13020,16478,19968
rear,615,1789636329846914462,1789636329980069990,2934177506771347,20064,0,0,0,5078,0,4087,10899,15977,20064
front,609,1789636329846497561,1789636329948101297,2934177474802617,20064,0,0,0,3475,0,3666,12923,16396,20064
rear,616,1789636329947003236,1789636330086216156,2934177612917383,19968,0,0,0,4936,0,4128,10904,15840,19968
front,610,1789636329947566584,1789636330047725615,2934177574426757,19872,0,0,0,3451,0,3478,12943,16394,19872
front,611,1789636330046444123,1789636330147746776,2934177674447969,20160,0,0,0,3464,0,3455,13241,16704,20160
rear,617,1789636330046918422,1789636330190197655,2934177716898737,19968,0,0,0,4760,0,4256,10952,15712,19968
rear,618,1789636330146844334,1789636330256924428,2934177783625518,20064,0,0,0,4929,0,4180,10955,15884,20064
front,612,1789636330146742155,1789636330247641718,2934177774342698,19872,0,0,0,3565,0,3711,12596,16159,19872
rear,619,1789636330246969609,1789636330399848029,2934177926549526,19968,0,0,0,4994,0,4197,10777,15771,19968
front,613,1789636330246496822,1789636330347712500,2934177874413710,19968,0,0,0,3335,0,3471,13162,16497,19968
front,614,1789636330346478892,1789636330447897960,2934177974599085,20064,0,0,0,3618,0,3444,13002,16620,20064
rear,620,1789636330346884418,1789636330480619939,2934178007321159,19968,0,0,0,4786,0,4317,10865,15651,19968
front,615,1789636330446653209,1789636330548103880,2934178074805116,20064,0,0,0,3453,0,3706,12905,16357,20064
rear,621,1789636330446529775,1789636330587097514,2934178113798740,20064,0,0,0,4834,0,4341,10889,15723,20064
rear,622,1789636330547859528,1789636330693226278,2934178219927581,19968,0,0,0,5056,0,4067,10845,15901,19968
front,616,1789636330548195521,1789636330647775264,2934178174476269,19968,0,0,0,3564,0,3420,12984,16548,19968
rear,623,1789636330646867960,1789636330881585583,2934178408286738,19968,0,0,0,4859,0,4139,10970,15829,19968
rear,624,1789636330746810058,1789636330882978264,2934178409679199,20064,0,0,0,4787,0,4235,11042,15829,20064
front,617,1789636330746621710,1789636330882522878,2934178409223852,20064,0,0,0,3596,0,3671,12797,16391,20064
front,618,1789636330647535449,1789636330881156842,2934178407858300,19968,0,0,0,3344,0,3463,13161,16505,19968
rear,625,1789636330846924802,1789636331010507653,2934178537208771,19968,0,0,0,5018,0,4124,10826,15844,19968
front,619,1789636330847545505,1789636330984991913,2934178511693240,19968,0,0,0,3335,0,3492,13141,16476,19968
rear,626,1789636330946784999,1789636331147683953,2934178674385281,20064,0,0,0,4997,0,4106,10961,15958,20064
rear,627,1789636331046832963,1789636331175919895,2934178702620944,19968,0,0,0,4745,0,4268,10955,15700,19968
front,620,1789636330947596557,1789636331047995490,2934178574696851,19968,0,0,0,3466,0,3380,13122,16588,19968
front,621,1789636331046563995,1789636331175494384,2934178702195821,20064,0,0,0,3495,0,3775,12794,16289,20064
front,622,1789636331147517906,1789636331248004907,2934178774706040,19968,0,0,0,3342,0,3397,13229,16571,19968
rear,628,1789636331146853064,1789636331277133045,2934178803834279,20064,0,0,0,4879,0,4428,10757,15636,20064
front,623,1789636331247459029,1789636331347600971,2934178874302137,19968,0,0,0,3465,0,3442,13061,16526,19968
rear,629,1789636331247776220,1789636331348581287,2934178875282437,19968,0,0,0,5037,0,4177,10754,15791,19968
rear,630,1789636331346837721,1789636331448984794,2934178975685763,20064,0,0,0,4850,0,4142,11072,15922,20064
front,624,1789636331346562311,1789636331448517290,2934178975218439,20064,0,0,0,3447,0,3705,12912,16358,20064
front,625,1789636331447465756,1789636331563796784,2934179090498078,20064,0,0,0,3439,0,3437,13188,16626,20064
rear,631,1789636331447776664,1789636331573020374,2934179099721496,19872,0,0,0,4735,0,4241,10896,15631,19872
rear,632,1789636331546761688,1789636331722013689,2934179248714936,20064,0,0,0,5132,0,4082,10850,15982,20064
front,626,1789636331548411845,1789636331647868743,2934179174570001,19968,0,0,0,3471,0,3481,13016,16487,19968
rear,633,1789636331646752359,1789636331748361840,2934179275062841,19968,0,0,0,4961,0,4117,10890,15851,19968
front,627,1789636331647466359,1789636331747615620,2934179274316953,19968,0,0,0,3517,0,3666,12785,16302,19968
rear,634,1789636331746725546,1789636331848824379,2934179375525440,19968,0,0,0,4753,0,4242,10973,15726,19968
front,628,1789636331747472246,1789636331848146797,2934179374847982,20064,0,0,0,3388,0,3412,13264,16652,20064
rear,635,1789636331946750435,1789636332050030398,2934179576731416,19968,0,0,0,4982,0,4149,10837,15819,19968
front,629,1789636331847538192,1789636331964961690,2934179491662940,19968,0,0,0,3627,0,3498,12843,16470,19968
rear,636,1789636331846748423,1789636332047799914,2934179574501489,20064,0,0,0,4878,0,4213,10973,15851,20064
front,630,1789636331947469499,1789636332049517121,2934179576218211,20064,0,0,0,3395,0,3639,13030,16425,20064
front,631,1789636332047495755,1789636332147776265,2934179674477563,19968,0,0,0,3628,0,3396,12944,16571,19968
rear,637,1789636332046718244,1789636332148232140,2934179674933117,19968,0,0,0,4848,0,4259,10861,15709,19968
front,632,1789636332147462095,1789636332251090246,2934179777791612,19968,0,0,0,3381,0,3581,13006,16386,19968
rear,638,1789636332146436891,1789636332254151180,2934179780852250,20160,0,0,0,4829,0,4389,10942,15771,20160
rear,639,1789636332247872485,1789636332416053522,2934179942754670,19872,0,0,0,5097,0,4058,10717,15814,19872
front,633,1789636332247394828,1789636332363778111,2934179890479743,20064,0,0,0,3603,0,3587,12874,16476,20064
rear,640,1789636332346738409,1789636332453787195,2934179980488245,20064,0,0,0,4956,0,4124,10984,15940,20064
front,634,1789636332347492355,1789636332448618626,2934179975319865,19968,0,0,0,3433,0,3398,13137,16570,19968
front,635,1789636332447387945,1789636332548378001,2934180075079207,20064,0,0,0,3596,0,3690,12778,16374,20064
rear,641,1789636332446952172,1789636332549056015,2934180075757012,19968,0,0,0,4788,0,4243,10937,15725,19968
rear,642,1789636332546666475,1789636332672104774,2934180198805961,20064,0,0,0,4997,0,4169,10898,15895,20064
front,636,1789636332548309193,1789636332648237021,2934180174938211,19872,0,0,0,3406,0,3489,12977,16383,19872
front,637,1789636332646450777,1789636332748058371,2934180274759589,20064,0,0,0,3458,0,3384,13222,16680,20064
rear,643,1789636332647718771,1789636332807693452,2934180334394641,19968,0,0,0,4999,0,4130,10839,15838,19968
front,638,1789636332747325877,1789636332848132831,2934180374833953,19968,0,0,0,3516,0,3640,12812,16327,19968
rear,644,1789636332746841079,1789636332849139633,2934180375840750,20064,0,0,0,4744,0,4240,11080,15824,20064
rear,645,1789636332847771933,1789636332964830109,2934180491531276,19968,0,0,0,4867,0,4309,10792,15659,19968
front,639,1789636332847290386,1789636332948470499,2934180475171513,20064,0,0,0,3450,0,3498,13116,16566,20064
front,640,1789636332947351254,1789636333047823985,2934180574525149,19968,0,0,0,3467,0,3379,13122,16589,19968
rear,646,1789636332947650245,1789636333092054595,2934180618755852,19968,0,0,0,5033,0,4171,10764,15797,19968
front,641,1789636333047303053,1789636333147513144,2934180674214193,20064,0,0,0,3359,0,3777,12928,16286,20064
rear,647,1789636333046839386,1789636333161524831,2934180688225937,19968,0,0,0,4819,0,4226,10923,15742,19968
rear,648,1789636333146715490,1789636333260926150,2934180787627256,20064,0,0,0,4708,0,4245,11111,15819,20064
front,642,1789636333147420713,1789636333248044785,2934180774746078,19968,0,0,0,3498,0,3401,13069,16566,19968
rear,649,1789636333247602042,1789636333348625091,2934180875326070,19968,0,0,0,5024,0,4100,10844,15868,19968
front,643,1789636333247321225,1789636333348119728,2934180874821056,20064,0,0,0,3421,0,3383,13260,16680,20064
front,644,1789636333347391137,1789636333447832380,2934180974533487,19968,0,0,0,3521,0,3783,12664,16184,19968
rear,650,1789636333346703901,1789636333479131747,2934181005832757,20064,0,0,0,5033,0,4131,10900,15933,20064
rear,651,1789636333446786363,1789636333549687566,2934181076388495,20064,0,0,0,4793,0,4237,11034,15827,20064
front,645,1789636333447392184,1789636333548939033,2934181075640264,19968,0,0,0,3434,0,3368,13166,16599,19968
rear,652,1789636333547801144,1789636333718459847,2934181245161030,19968,0,0,0,4803,0,4249,10916,15719,19968
front,646,1789636333547942684,1789636333671716447,2934181198417610,19968,0,0,0,3544,0,3394,13030,16573,19968
rear,653,1789636333647652001,1789636333748525233,2934181275226158,19968,0,0,0,4936,0,4101,10931,15867,19968
front,647,1789636333647223385,1789636333747805887,2934181274507003,20064,0,0,0,3459,0,3767,12838,16297,20064
rear,654,1789636333747620939,1789636333867741297,2934181394442423,19968,0,0,0,4746,0,4240,10982,15728,19968
front,648,1789636333747286952,1789636333863612198,2934181390313410,19968,0,0,0,3638,0,3357,12973,16611,19968
front,649,1789636333847203172,1789636333947912517,2934181474613823,20064,0,0,0,3432,0,3439,13193,16624,20064
rear,655,1789636333846781469,1789636333954858379,2934181481559380,20064,0,0,0,4698,0,4422,10944,15642,20064
rear,656,1789636333947514263,1789636334062555878,2934181589256976,19968,0,0,0,4992,0,4108,10868,15860,19968
front,650,1789636333947310775,1789636334048892614,2934181575593845,20064,0,0,0,3629,0,3701,12734,16362,20064
front,651,1789636334047476959,1789636334147688763,2934181674390024,19872,0,0,0,3396,0,3387,13089,16485,19872
rear,657,1789636334047575791,1789636334178601468,2934181705302815,20064,0,0,0,5008,0,4119,10937,15945,20064
front,652,1789636334147192447,1789636334296847771,2934181823548887,20064,0,0,0,3585,0,3503,12976,16560,20064
rear,658,1789636334147671135,1789636334322780642,2934181849481749,19968,0,0,0,4698,0,4260,11010,15708,19968
front,653,1789636334247272346,1789636334347686366,2934181874387534,19968,0,0,0,3474,0,3672,12822,16296,19968
rear,659,1789636334247489484,1789636334368883437,2934181895584774,19968,0,0,0,4920,0,4201,10847,15767,19968
rear,660,1789636334347470373,1789636334467870190,2934181994571392,19968,0,0,0,4963,0,4140,10865,15828,19968
front,654,1789636334347199684,1789636334448830079,2934181975531372,20160,0,0,0,3570,0,3382,13208,16778,20160
rear,661,1789636334447472006,1789636334548414798,2934182075115821,20064,0,0,0,4777,0,4199,11088,15865,20064
front,655,1789636334447503440,1789636334547630624,2934182074331852,19872,0,0,0,3447,0,3557,12868,16315,19872
rear,662,1789636334547554812,1789636334747503763,2934182274205036,19968,0,0,0,4739,0,4269,10960,15699,19968
front,656,1789636334548077985,1789636334648064100,2934182174765193,20064,0,0,0,3442,0,3600,13022,16464,20064
front,657,1789636334647287436,1789636334748447738,2934182275148740,19968,0,0,0,3474,0,3374,13120,16593,19968
rear,663,1789636334647486652,1789636334752236966,2934182278937966,19968,0,0,0,4924,0,4101,10943,15867,19968
rear,664,1789636334746645854,1789636334867292319,2934182393993323,19968,0,0,0,4884,0,4223,10861,15745,19968
front,658,1789636334747264856,1789636334866806663,2934182393508090,19968,0,0,0,3451,0,3561,12956,16407,19968
rear,665,1789636334846621347,1789636334963724026,2934182490425085,20064,0,0,0,4702,0,4362,11000,15702,20064
front,659,1789636334847121532,1789636334948970019,2934182475671346,20064,0,0,0,3493,0,3542,13029,16522,20064
rear,666,1789636334947456652,1789636335087914581,2934182614615753,20064,0,0,0,4949,0,4165,10950,15899,20064
front,660,1789636334947330725,1789636335048283221,2934182574984484,19968,0,0,0,3388,0,3382,13198,16586,19968
front,661,1789636335047134931,1789636335148663778,2934182675364971,19968,0,0,0,3494,0,3633,12841,16335,19968
rear,667,1789636335047561578,1789636335150886757,2934182677587720,19968,0,0,0,4866,0,4164,10938,15804,19968
rear,668,1789636335147506967,1789636335295923190,2934182822624275,19968,0,0,0,4701,0,4261,11006,15707,19968
front,662,1789636335147102008,1789636335295305884,2934182822007242,20064,0,0,0,3395,0,3553,13116,16511,20064
front,663,1789636335247178768,1789636335347980712,2934182874682074,19968,0,0,0,3568,0,3388,13012,16580,19968
rear,669,1789636335246608860,1789636335368753720,2934182895455049,20064,0,0,0,4731,0,4262,11071,15802,20064
front,664,1789636335347145602,1789636335448161772,2934182974863304,19968,0,0,0,3405,0,3661,12902,16307,19968
rear,670,1789636335347557479,1789636335466822221,2934182993523305,19968,0,0,0,4739,0,4253,10976,15715,19968
rear,671,1789636335547556457,1789636335926166149,2934183452867693,19872,0,0,0,4540,0,4278,11054,15594,19872
front,665,1789636335447040151,1789636335548150285,2934183074851644,20064,0,0,0,3575,0,3505,12984,16559,20064
rear,672,1789636335447426202,1789636335648207274,2934183174908523,20064,0,0,0,4851,0,4160,11053,15904,20064
front,666,1789636335547819505,1789636335868095713,2934183394797054,20064,0,0,0,3383,0,3420,13261,16642,20064
front,667,1789636335747175773,1789636335930108833,2934183456809794,20064,0,0,0,3411,0,3426,13227,16637,20064
rear,673,1789636335647366943,1789636335929650374,2934183456351320,20064,0,0,0,4774,0,4270,11020,15794,20064
front,668,1789636335647326905,1789636335928833150,2934183455534128,19968,0,0,0,3682,0,3720,12566,16247,19968
rear,674,1789636335747427838,1789636335930917318,2934183457618290,19968,0,0,0,4814,0,4198,10956,15770,19968
front,669,1789636335947269423,1789636336048042407,2934183574743398,19968,0,0,0,3480,0,3738,12750,16230,19968
front,670,1789636335847310736,1789636335948078354,2934183474779540,19968,0,0,0,3623,0,3411,12934,16554,19968
rear,675,1789636335847373992,1789636336047365224,2934183574066444,19968,0,0,0,4633,0,4296,11039,15672,19968
rear,676,1789636335947331668,1789636336147830768,2934183674532033,20064,0,0,0,4761,0,4261,11042,15803,20064
front,671,1789636342346663889,1789636342916497426,2934190443198706,20064,0,0,0,3486,0,3389,13189,16674,20064
front,672,1789636343246790384,1789636343673669136,2934191200370145,19968,0,0,0,3417,0,3389,13162,16579,19968
rear,677,1789636343146854721,1789636343671827567,2934191198528809,19968,0,0,0,4719,0,4250,10999,15718,19968
front,673,1789636343146818186,1789636343672567079,2934191199268113,19968,0,0,0,3623,0,3454,12891,16513,19968
rear,678,1789636343246823226,1789636343675876882,2934191202577900,19968,0,0,0,4867,0,4212,10889,15756,19968
rear,679,1789636343346676655,1789636343677016511,2934191203717509,20064,0,0,0,5083,0,4059,10922,16005,20064
front,674,1789636343446802666,1789636343677576685,2934191204277693,19872,0,0,0,3444,0,3405,13023,16467,19872
front,675,1789636343346648879,1789636343676529552,2934191203230484,20064,0,0,0,3654,0,3749,12661,16314,20064
rear,680,1789636343446696127,1789636343679428573,2934191206129604,20064,0,0,0,4973,0,4135,10956,15929,20064
front,676,1789636343547273789,1789636343679929580,2934191206630586,20160,0,0,0,3574,0,3394,13192,16765,20160
rear,681,1789636343546885450,1789636343680330675,2934191207031610,19872,0,0,0,4751,0,4237,10884,15635,19872
front,677,1789636343646806893,1789636343747651902,2934191274353282,19968,0,0,0,3443,0,3776,12749,16191,19968
rear,682,1789636343646662861,1789636343748171707,2934191274872689,19968,0,0,0,4876,0,4164,10928,15804,19968
front,678,1789636343746757136,1789636343847859225,2934191374560410,19968,0,0,0,3526,0,3376,13066,16592,19968
rear,683,1789636343746603604,1789636343918455857,2934191445157211,20064,0,0,0,4932,0,4124,11008,15940,20064
rear,684,1789636343946624274,1789636344128844260,2934191655545391,20064,0,0,0,4857,0,4391,10816,15673,20064
rear,685,1789636343846684390,1789636344047451752,2934191574153235,19968,0,0,0,4710,0,4299,10959,15669,19968
front,679,1789636343946788648,1789636344066080232,2934191592781393,19968,0,0,0,3487,0,3740,12741,16228,19968
front,680,1789636343846601218,1789636343947786697,2934191474487858,20064,0,0,0,3438,0,3401,13225,16662,20064
front,681,1789636344046619854,1789636344147636700,2934191674337818,19968,0,0,0,3473,0,3389,13106,16578,19968
rear,686,1789636344046653790,1789636344210126960,2934191736828560,19968,0,0,0,4930,0,4162,10876,15806,19968
front,682,1789636344146600325,1789636344247510737,2934191774211831,20064,0,0,0,3410,0,3407,13247,16655,20064
rear,687,1789636344146639848,1789636344285267173,2934191811968540,19968,0,0,0,4781,0,4167,11020,15801,19968
rear,688,1789636344246614519,1789636344361700477,2934191888401475,20064,0,0,0,4740,0,4278,11046,15786,20064
front,683,1789636344246635871,1789636344347727849,2934191874429067,19968,0,0,0,3524,0,3736,12708,16231,19968
front,684,1789636344346629888,1789636344540855270,2934192067556468,20064,0,0,0,3409,0,3379,13276,16684,20064
front,685,1789636344446720123,1789636344548557798,2934192075258742,19776,0,0,0,3481,0,3393,12902,16383,19776
rear,689,1789636344346662064,1789636344547890589,2934192074591818,20064,0,0,0,5047,0,4092,10925,15972,20064
rear,690,1789636344446667982,1789636344875375759,2934192402077006,19968,0,0,0,4894,0,4140,10934,15828,19968
rear,691,1789636346046649483,1789636346630153078,2934194156854039,19968,0,0,0,4692,0,4268,11008,15700,19968
front,686,1789636346046553108,1789636346629276892,2934194155978194,20064,0,0,0,3339,0,3473,13252,16591,20064
front,687,1789636346246610562,1789636346633566233,2934194160267167,20064,0,0,0,3417,0,3745,12902,16319,20064
rear,692,1789636346246428002,1789636346634110420,2934194160811354,20064,0,0,0,4950,0,4149,10965,15915,20064
rear,693,1789636346146536869,1789636346632627093,2934194159328194,19968,0,0,0,4872,0,4147,10949,15821,19968
front,688,1789636346146697747,1789636346631626954,2934194158327995,19968,0,0,0,3451,0,3403,13114,16564,19968
front,689,1789636346346933188,1789636346636186709,2934194162887656,19968,0,0,0,3496,0,3395,13077,16572,19968
rear,694,1789636346346503736,1789636346636844407,2934194163545304,19968,0,0,0,4713,0,4242,11013,15726,19968
front,690,1789636346446730453,1789636346637412058,2934194164113057,19776,0,0,0,3321,0,3462,12993,16314,19776
rear,695,1789636346446588642,1789636346638625002,2934194165326125,20064,0,0,0,4749,0,4253,11062,15811,20064
front,691,1789636346546957062,1789636346647963188,2934194174664201,20160,0,0,0,3614,0,3722,12824,16438,20160
rear,696,1789636346546656796,1789636346648532010,2934194175233005,19968,0,0,0,4911,0,4133,10924,15835,19968
front,692,1789636346646449025,1789636346748251138,2934194274952361,20064,0,0,0,3372,0,3440,13252,16623,20064
rear,697,1789636346646608884,1789636346751596357,2934194278297521,19968,0,0,0,4787,0,4167,11014,15801,19968
front,693,1789636346746620922,1789636346847580372,2934194374281582,19968,0,0,0,3521,0,3454,12993,16514,19968
rear,698,1789636346746520594,1789636346873031202,2934194399732426,20064,0,0,0,4700,0,4400,10964,15664,20064
rear,699,1789636346846611494,1789636346963095333,2934194489796354,19968,0,0,0,4992,0,4132,10844,15836,19968
front,694,1789636346846589916,1789636346948220834,2934194474922066,20064,0,0,0,3510,0,3697,12857,16367,20064
rear,700,1789636346946432788,1789636347086902593,2934194613604002,20160,0,0,0,5063,0,4130,10967,16030,20160
front,695,1789636346946635321,1789636347047748161,2934194574449415,19968,0,0,0,3520,0,3467,12981,16501,19968
front,696,1789636347046591551,1789636347147888064,2934194674589313,19968,0,0,0,3370,0,3446,13152,16521,19968
rear,701,1789636347047334173,1789636347155738560,2934194682439572,19968,0,0,0,4673,0,4270,11025,15698,19968
front,697,1789636347146554023,1789636347247877843,2934194774579010,20064,0,0,0,3726,0,3675,12663,16388,20064
rear,702,1789636347146759305,1789636347337619775,2934194864320920,19872,0,0,0,4763,0,4266,10843,15606,19872
front,698,1789636347246546319,1789636347347796935,2934194874498052,19968,0,0,0,3334,0,3461,13173,16507,19968
rear,703,1789636347347273452,1789636347449959646,2934194976660618,19872,0,0,0,4717,0,4181,10974,15691,19872
front,699,1789636347346589071,1789636347448046916,2934194974748211,20064,0,0,0,3562,0,3466,13036,16598,20064
rear,704,1789636347446649464,1789636347647715424,2934195174416697,19968,0,0,0,4633,0,4273,11062,15695,19968
rear,705,1789636347546746255,1789636347649011227,2934195175712383,19872,0,0,0,4991,0,4087,10794,15785,19872
front,700,1789636347446526718,1789636347547658070,2934195074359591,19776,0,0,0,3472,0,3620,12684,16156,19776
front,701,1789636347647813639,1789636347747840384,2934195274541888,19968,0,0,0,3453,0,3506,13009,16461,19968
rear,706,1789636347746706641,1789636347868157434,2934195394858515,19776,0,0,0,4677,0,4162,10937,15614,19776
front,702,1789636347746510844,1789636347847788116,2934195374489420,19968,0,0,0,3410,0,3622,12936,16346,19968
front,703,1789636347846607536,1789636347948028765,2934195474729880,20064,0,0,0,3354,0,3451,13259,16613,20064
rear,707,1789636347846418939,1789636347963065084,2934195489766322,20064,0,0,0,4948,0,4335,10781,15729,20064
front,704,1789636347946859103,1789636348047952686,2934195574653862,19968,0,0,0,3433,0,3511,13024,16457,19968
front,705,1789636348046582572,1789636348147677925,2934195674379092,19968,0,0,0,3467,0,3645,12856,16322,19968
rear,708,1789636348046693203,1789636348221257838,2934195747959257,19872,0,0,0,4790,0,4194,10888,15678,19872
front,706,1789636348146604957,1789636348248059262,2934195774760495,20064,0,0,0,3242,0,3478,13344,16583,20064
rear,709,1789636348146486775,1789636348249043999,2934195775745088,20064,0,0,0,4882,0,4241,10941,15823,20064
rear,710,1789636348246487820,1789636348367894125,2934195894595163,20064,0,0,0,5072,0,4073,10919,15991,20064
front,707,1789636348246774159,1789636348348125045,2934195874826370,19968,0,0,0,3458,0,3604,12906,16363,19968
rear,711,1789636348346678551,1789636348547456622,2934196074158207,19872,0,0,0,4928,0,4111,10833,15761,19872
rear,712,1789636348446434756,1789636348585250292,2934196111951349,20160,0,0,0,4757,0,4291,11112,15869,20160
front,708,1789636348346470867,1789636348447980043,2934195974681257,20064,0,0,0,3441,0,3534,13089,16530,20064
front,709,1789636348446828732,1789636348584686097,2934196111387151,19680,0,0,0,2865,0,3595,13220,16085,19680
front,710,1789636348546796451,1789636348648203783,2934196174905115,20352,0,0,0,3986,0,3495,12871,16857,20352
rear,713,1789636348546765608,1789636348649285026,2934196175985980,19968,0,0,0,5005,0,4217,10746,15751,19968
front,711,1789636348746549597,1789636348948564826,2934196475265708,20064,0,0,0,3534,0,3515,13015,16549,20064
rear,714,1789636348646568694,1789636348948002646,2934196474703642,19968,0,0,0,4985,0,4209,10774,15759,19968
rear,715,1789636348746636464,1789636348949178067,2934196475879058,20064,0,0,0,4766,0,4291,11007,15773,20064
front,712,1789636348646897277,1789636348947520750,2934196474222174,19872,0,0,0,2977,0,3605,13290,16266,19872
front,713,1789636348846582701,1789636348951364373,2934196478065329,19968,0,0,0,3393,0,3539,13036,16428,19968
rear,716,1789636348846736208,1789636348951852439,2934196478553434,19968,0,0,0,4836,0,4231,10901,15737,19968
front,714,1789636348946520861,1789636349440812779,2934196967514023,20064,0,0,0,3277,0,3614,13173,16450,20064
rear,717,1789636349046704934,1789636349442620537,2934196969321553,19872,0,0,0,4813,0,4154,10905,15718,19872
front,715,1789636349046726186,1789636349442033517,2934196968734495,19968,0,0,0,3421,0,3510,13037,16458,19968
rear,718,1789636348946624685,1789636349441339635,2934196968040759,20064,0,0,0,5078,0,4084,10902,15980,20064
front,716,1789636349146744933,1789636349444905179,2934196971606138,20064,0,0,0,3422,0,3621,13021,16442,20064
rear,719,1789636349246652867,1789636349446518040,2934196973219028,20064,0,0,0,5056,0,4084,10924,15980,20064
front,717,1789636349247670676,1789636349445953976,2934196972654973,19968,0,0,0,3269,0,3508,13191,16459,19968
rear,720,1789636349146436744,1789636349445449994,2934196972150996,20064,0,0,0,4726,0,4247,11091,15817,20064
rear,721,1789636350647035251,1789636351241686798,2934198768387797,19968,0,0,0,5085,0,4053,10830,15915,19968
front,718,1789636350646653972,1789636351241110841,2934198767812057,19968,0,0,0,3600,0,3430,12938,16538,19968
rear,722,1789636350746672019,1789636351242994375,2934198769695386,20064,0,0,0,4974,0,4136,10954,15928,20064
front,719,1789636350747618896,1789636351242371323,2934198769072339,20064,0,0,0,3489,0,3704,12871,16360,20064
rear,723,1789636350847093025,1789636351245826187,2934198772527177,19968,0,0,0,4769,0,4240,10959,15728,19968
front,720,1789636350946478842,1789636351246249171,2934198772950138,20064,0,0,0,3394,0,3441,13229,16623,20064
front,721,1789636350846700337,1789636351245168838,2934198771869787,19872,0,0,0,3568,0,3460,12844,16412,19872
front,722,1789636351747520401,1789636352275230888,2934199801932131,19968,0,0,0,3431,0,3430,13107,16537,19968
front,723,1789636352747444471,1789636353316350036,2934200843051106,19968,0,0,0,3626,0,3574,12768,16393,19968
rear,724,1789636352747092921,1789636353277475564,2934200804176732,19968,0,0,0,4983,0,4119,10866,15849,19968
rear,725,1789636352846861145,1789636353317333733,2934200844034840,20064,0,0,0,4842,0,4344,10878,15720,20064
front,724,1789636352847341743,1789636353319623517,2934200846324521,20064,0,0,0,3438,0,3595,13031,16469,20064
rear,726,1789636352947823719,1789636353320362212,2934200847063200,19968,0,0,0,4766,0,4328,10874,15640,19968
front,725,1789636352947507068,1789636353321295498,2934200847996502,19968,0,0,0,3566,0,3395,13007,16572,19968
front,726,1789636353047434241,1789636353322860722,2934200849561679,19968,0,0,0,3436,0,3621,12911,16345,19968
rear,727,1789636353047026832,1789636353322121123,2934200848822229,20064,0,0,0,5048,0,4088,10928,15976,20064
rear,728,1789636353147880070,1789636353323919897,2934200850620859,19968,0,0,0,4983,0,4123,10862,15845,19968
front,727,1789636353147367830,1789636353324826345,2934200851527296,20064,0,0,0,3517,0,3513,13034,16551,20064
front,728,1789636353247458102,1789636353347926742,2934200874627808,19968,0,0,0,3438,0,3400,13130,16566,19968
rear,729,1789636353247827401,1789636353395144887,2934200921846251,19968,0,0,0,4750,0,4254,10964,15714,19968
rear,730,1789636353347022437,1789636353659738137,2934201186439295,20064,0,0,0,5008,0,4180,10876,15884,20064
rear,731,1789636353447775003,1789636353661009172,2934201187710161,19968,0,0,0,4991,0,4100,10877,15868,19968
front,729,1789636353447290765,1789636353660579938,2934201187280946,19776,0,0,0,3472,0,3495,12809,16281,19776
front,730,1789636353347442866,1789636353659231130,2934201185932420,19968,0,0,0,3448,0,3648,12872,16319,19968
front,731,1789636353546547566,1789636353663097836,2934201189798808,20256,0,0,0,3409,0,3369,13478,16886,20256
rear,732,1789636353547770136,1789636353663611490,2934201190312493,19968,0,0,0,4763,0,4201,11004,15767,19968
front,732,1789636353647308980,1789636353748258716,2934201274959890,19968,0,0,0,3521,0,3703,12744,16264,19968
rear,733,1789636353646916264,1789636353806626422,2934201333327635,20064,0,0,0,4797,0,4313,10954,15751,20064
front,733,1789636353747267466,1789636353847919934,2934201374621073,20064,0,0,0,3421,0,3435,13208,16629,20064
rear,734,1789636353847701679,1789636353953820032,2934201480520991,20064,0,0,0,4931,0,4256,10877,15808,20064
front,734,1789636353847367584,1789636353948748879,2934201475450013,19968,0,0,0,3483,0,3406,13079,16561,19968
rear,735,1789636353747781472,1789636353947862962,2934201474564484,19968,0,0,0,5008,0,4168,10792,15800,19968
front,735,1789636353947357540,1789636354047950548,2934201574651601,20064,0,0,0,3399,0,3783,12882,16281,20064
rear,736,1789636353947681649,1789636354048825429,2934201575526520,19968,0,0,0,4754,0,4250,10964,15718,19968
rear,737,1789636354047802120,1789636354191535983,2934201718237338,19968,0,0,0,4914,0,4137,10917,15831,19968
front,736,1789636354047336317,1789636354148786389,2934201675487744,20064,0,0,0,3544,0,3415,13105,16649,20064
front,737,1789636354247403508,1789636354348251194,2934201874952257,19968,0,0,0,3557,0,3758,12653,16208,19968
rear,738,1789636354147654739,1789636354347613158,2934201874314625,20064,0,0,0,4989,0,4128,10947,15936,20064
front,738,1789636354147588282,1789636354248166014,2934201774867350,19968,0,0,0,3428,0,3427,13113,16541,19968
rear,739,1789636354247666502,1789636354349134964,2934201875836062,19968,0,0,0,4732,0,4256,10980,15712,19968
front,739,1789636354347369255,1789636354448511470,2934201975212777,20064,0,0,0,3443,0,3362,13259,16698,20064
rear,740,1789636354347678643,1789636354449404607,2934201976105739,19968,0,0,0,4814,0,4251,10903,15717,19968
front,740,1789636354447456368,1789636354547521805,2934202074222902,19776,0,0,0,3620,0,3383,12773,16393,19776
rear,741,1789636354447644392,1789636354548625457,2934202075326574,19968,0,0,0,4916,0,4128,10924,15840,19968
rear,742,1789636354546762899,1789636354731472846,2934202258174020,20064,0,0,0,4798,0,4148,11118,15916,20064
front,741,1789636354546711300,1789636354648423602,2934202175124837,20160,0,0,0,3440,0,3777,12943,16383,20160
rear,743,1789636354647673936,1789636354810611403,2934202337312394,19968,0,0,0,4739,0,4323,10906,15645,19968
front,742,1789636354647307040,1789636354810197177,2934202336898612,20064,0,0,0,3614,0,3387,13063,16676,20064
front,743,1789636354747422414,1789636354848352816,2934202375053933,19968,0,0,0,3489,0,3509,12970,16459,19968
rear,744,1789636354747626576,1789636354853793151,2934202380494164,20064,0,0,0,4971,0,4241,10852,15823,20064
rear,745,1789636354847602966,1789636354950741390,2934202477442427,19968,0,0,0,4911,0,4144,10913,15824,19968
front,744,1789636354847321177,1789636354948437154,2934202475138329,19968,0,0,0,3593,0,3635,12740,16333,19968
rear,746,1789636354947625037,1789636355061121840,2934202587823034,19968,0,0,0,4666,0,4268,11034,15700,19968
front,745,1789636354947186731,1789636355049261934,2934202575963359,20064,0,0,0,3456,0,3416,13192,16648,20064
rear,747,1789636355047597046,1789636355202791833,2934202729493080,20064,0,0,0,4844,0,4265,10955,15799,20064
front,746,1789636355047416528,1789636355147967162,2934202674668528,19968,0,0,0,3537,0,3532,12899,16435,19968
rear,748,1789636355147612877,1789636355348589180,2934202875290456,19968,0,0,0,4903,0,4135,10930,15833,19968
front,747,1789636355247170808,1789636355357817391,2934202884518344,20160,0,0,0,3487,0,3365,13308,16795,20160
rear,749,1789636355247560581,1789636355385765895,2934202912466868,19968,0,0,0,4766,0,4206,10996,15762,19968
front,748,1789636355147190111,1789636355248023768,2934202774724812,19968,0,0,0,3481,0,3596,12891,16370,19968
rear,750,1789636355347558418,1789636355547566439,2934203074267860,20064,0,0,0,4679,0,4289,11096,15775,20064
front,749,1789636355447234758,1789636355548412477,2934203075113452,19872,0,0,0,3411,0,3572,12889,16300,19872
rear,751,1789636355447635816,1789636355548831069,2934203075532064,19872,0,0,0,4567,0,4249,11056,15623,19872
front,750,1789636355347488180,1789636355447953119,2934202974654487,19872,0,0,0,3452,0,3590,12830,16280,19872
front,751,1789636355546599462,1789636355927385436,2934203454086730,20256,0,0,0,3478,0,3401,13377,16854,20256
front,752,1789636355647468957,1789636355928634167,2934203455335143,19872,0,0,0,3428,0,3610,12834,16262,19872
rear,752,1789636355546526138,1789636355927987484,2934203454688536,20064,0,0,0,4959,0,4154,10951,15910,20064
rear,753,1789636355647526995,1789636355929215813,2934203455916808,20064,0,0,0,4697,0,4304,11063,15760,20064
front,753,1789636355747120886,1789636355931392926,2934203458093876,20064,0,0,0,3504,0,3531,13029,16532,20064
rear,754,1789636355747614228,1789636355932026640,2934203458727594,19968,0,0,0,4656,0,4256,11056,15712,19968
front,754,1789636355847259217,1789636355947633925,2934203474335153,19968,0,0,0,3333,0,3439,13196,16529,19968
rear,755,1789636355847524306,1789636356047616376,2934203574317980,19968,0,0,0,4781,0,4233,10954,15735,19968
rear,756,1789636355946698432,1789636356048979686,2934203575680660,20064,0,0,0,4766,0,4238,11060,15826,20064
front,755,1789636355947161877,1789636356048507330,2934203575208316,19968,0,0,0,3639,0,3606,12723,16362,19968
front,756,1789636356047094385,1789636356148222139,2934203674923224,20064,0,0,0,3391,0,3525,13148,16539,20064
rear,757,1789636356146731828,1789636356302319632,2934203829020631,19968,0,0,0,4636,0,4260,11072,15708,19968
front,757,1789636356147197532,1789636356301814415,2934203828515467,20064,0,0,0,3543,0,3406,13115,16658,20064
rear,758,1789636356047536303,1789636356248050624,2934203774752246,19968,0,0,0,4637,0,4275,11056,15693,19968
rear,759,1789636356347592744,1789636356676003997,2934204202704990,19968,0,0,0,4793,0,4149,11026,15819,19968
rear,760,1789636356247482683,1789636356447559294,2934203974260585,20064,0,0,0,4995,0,4162,10907,15902,20064
front,758,1789636356347227162,1789636356675484246,2934204202185562,19968,0,0,0,3592,0,3418,12958,16549,19968
front,759,1789636356247360620,1789636356347836929,2934203874538136,19968,0,0,0,3437,0,3762,12769,16204,19968
front,760,1789636356447134868,1789636356678403380,2934204205104328,19872,0,0,0,3381,0,3445,13046,16427,19872
front,761,1789636356546574695,1789636356679614624,2934204206315629,20160,0,0,0,3672,0,3718,12770,16440,20160
rear,761,1789636356447503821,1789636356679220169,2934204205921152,19968,0,0,0,4580,0,4266,11122,15702,19968
rear,762,1789636356546661321,1789636356680979747,2934204207680871,20064,0,0,0,4818,0,4320,10926,15744,20064
front,762,1789636356647131334,1789636356747827068,2934204274528482,19968,0,0,0,3422,0,3437,13109,16531,19968
rear,763,1789636356647581070,1789636356778981626,2934204305682648,19968,0,0,0,4920,0,4206,10842,15762,19968
rear,764,1789636356746684264,1789636356861561151,2934204388262303,19968,0,0,0,4728,0,4251,10989,15717,19968
front,763,1789636356747072822,1789636356848495132,2934204375196420,20064,0,0,0,3547,0,3421,13096,16641,20064
front,764,1789636356847225667,1789636356947741999,2934204474443378,19968,0,0,0,3539,0,3705,12724,16262,19968
rear,765,1789636356847418716,1789636356948657029,2934204475358163,20064,0,0,0,4731,0,4272,11061,15792,20064
front,765,1789636356947090835,1789636357048729593,2934204575430744,20064,0,0,0,3414,0,3446,13204,16618,20064
rear,766,1789636356947533030,1789636357058819126,2934204585520114,19968,0,0,0,4965,0,4118,10885,15850,19968
rear,767,1789636357146646666,1789636357434551993,2934204961253011,20064,0,0,0,4727,0,4282,11055,15782,20064
front,766,1789636357147003345,1789636357433873017,2934204960574254,20064,0,0,0,3516,0,3689,12859,16375,20064
front,767,1789636357047214228,1789636357147657814,2934204674359132,19872,0,0,0,3451,0,3449,12972,16422,19872
rear,768,1789636357047478172,1789636357247946509,2934204774648084,19968,0,0,0,4904,0,4129,10935,15839,19968
rear,769,1789636357247445944,1789636357437802308,2934204964503282,19968,0,0,0,4928,0,4125,10915,15843,19968
front,768,1789636357247014150,1789636357437084657,2934204963785608,19968,0,0,0,3391,0,3442,13135,16525,19968
rear,770,1789636357347514351,1789636357525759083,2934205052460564,19968,0,0,0,4958,0,4118,10892,15850,19968
front,769,1789636357346983086,1789636357448400392,2934204975101701,20064,0,0,0,3346,0,3458,13260,16606,20064
rear,771,1789636357447400061,1789636357562417493,2934205089118455,19872,0,0,0,4662,0,4264,10946,15608,19872
front,770,1789636357447183989,1789636357547793446,2934205074494634,19872,0,0,0,3604,0,3657,12611,16214,19872
rear,772,1789636357546465094,1789636357730919759,2934205257620883,20064,0,0,0,4785,0,4311,10968,15753,20064
front,771,1789636357546622160,1789636357651656391,2934205178357525,20064,0,0,0,3321,0,3496,13247,16567,20064
rear,773,1789636357647416305,1789636357776294874,2934205302995953,19968,0,0,0,4985,0,4188,10795,15780,19968
front,772,1789636357646983308,1789636357748646655,2934205275347753,20160,0,0,0,3573,0,3501,13086,16659,20160
rear,774,1789636357747352469,1789636357908705386,2934205435406774,20064,0,0,0,4913,0,4219,10932,15845,20064
front,773,1789636357747186843,1789636357848480908,2934205375182429,19872,0,0,0,3367,0,3654,12851,16217,19872
rear,775,1789636357846774199,1789636357984148779,2934205510849855,19968,0,0,0,4727,0,4256,10985,15712,19968
front,774,1789636357846931313,1789636357949155361,2934205475856639,20064,0,0,0,3460,0,3467,13137,16597,20064
rear,776,1789636357947401741,1789636358098024436,2934205624725548,19968,0,0,0,5017,0,4101,10850,15867,19968
front,775,1789636357947224155,1789636358048676685,2934205575377907,20064,0,0,0,3537,0,3494,13033,16568,20064
rear,777,1789636358047389949,1789636358195715010,2934205722416250,20064,0,0,0,5027,0,4118,10919,15946,20064
front,776,1789636358047202087,1789636358148306728,2934205675008017,19872,0,0,0,3565,0,3627,12680,16243,19872
rear,778,1789636358146721512,1789636358272887305,2934205799588289,19968,0,0,0,4707,0,4250,11011,15718,19968
front,777,1789636358146924720,1789636358272479072,2934205799180483,20064,0,0,0,3297,0,3466,13301,16597,20064
rear,779,1789636358247341795,1789636358349628766,2934205876329802,19968,0,0,0,4884,0,4209,10875,15759,19968
front,778,1789636358247204329,1789636358348760081,2934205875461380,20064,0,0,0,3704,0,3529,12831,16534,20064
rear,780,1789636358347308924,1789636358531720636,2934206058422043,20064,0,0,0,4986,0,4092,10986,15972,20064
front,779,1789636358347215493,1789636358447768021,2934205974469176,19872,0,0,0,3397,0,3606,12869,16265,19872
rear,781,1789636358447315840,1789636358566976441,2934206093677708,19968,0,0,0,4857,0,4206,10905,15762,19968
front,780,1789636358446978854,1789636358548042725,2934206074744099,20064,0,0,0,3217,0,3495,13352,16569,20064
front,781,1789636358546750153,1789636358648348922,2934206175050333,20064,0,0,0,3631,0,3608,12825,16456,20064
rear,782,1789636358547323293,1789636358648827660,2934206175528740,19968,0,0,0,4740,0,4331,10897,15637,19968
front,782,1789636358647120214,1789636358747734914,2934206274436109,19872,0,0,0,3328,0,3512,13032,16357,19872
rear,783,1789636358647274526,1789636358752840316,2934206279541303,20064,0,0,0,5044,0,4244,10776,15820,20064
rear,784,1789636358747289708,1789636358903994437,2934206430695572,19968,0,0,0,4910,0,4130,10928,15838,19968
front,783,1789636358746851699,1789636358848829587,2934206375530957,20064,0,0,0,3211,0,3612,13241,16450,20064
rear,785,1789636358847326270,1789636358963288791,2934206489989803,19968,0,0,0,4728,0,4248,10992,15720,19968
front,784,1789636358847055274,1789636358962795023,2934206489496236,20064,0,0,0,3627,0,3507,12930,16556,20064
front,785,1789636358947081793,1789636359047854779,2934206574556015,19872,0,0,0,2945,0,3618,13309,16252,19872
rear,786,1789636358947278033,1789636359081801682,2934206608503057,20160,0,0,0,5032,0,4178,10950,15982,20160
front,786,1789636359046799884,1789636359148553529,2934206675254828,20160,0,0,0,3611,0,3510,13039,16647,20160
rear,787,1789636359047382795,1789636359149106566,2934206675807539,19872,0,0,0,4954,0,4116,10802,15756,19872
front,787,1789636359147226974,1789636359248609226,2934206775310366,20064,0,0,0,3193,0,3597,13274,16463,20064
rear,788,1789636359147279504,1789636359324827957,2934206851529159,20064,0,0,0,4796,0,4212,11056,15852,20064
front,788,1789636359247779573,1789636359348165807,2934206874866944,19872,0,0,0,3374,0,3523,12975,16349,19872
rear,789,1789636359247361998,1789636359381127674,2934206907829005,19968,0,0,0,4775,0,4260,10933,15708,19968
rear,790,1789636359347228413,1789636359515924902,2934207042625955,19968,0,0,0,5116,0,4071,10781,15897,19968
front,789,1789636359347125919,1789636359448277977,2934206974979128,19968,0,0,0,3023,0,3613,13332,16354,19968
rear,791,1789636359447214239,1789636359600233065,2934207126934398,20064,0,0,0,4923,0,4300,10841,15764,20064
front,790,1789636359447184616,1789636359547932599,2934207074634022,19680,0,0,0,3293,0,3508,12879,16172,19680
front,791,1789636359646866614,1789636359844912807,2934207371614247,19872,0,0,0,3364,0,3498,13010,16374,19872
rear,792,1789636359647307606,1789636359845314758,2934207372015764,19968,0,0,0,5019,0,4109,10840,15859,19968
front,792,1789636359546657042,1789636359648123874,2934207174825041,20352,0,0,0,3589,0,3639,13124,16713,20352
rear,793,1789636359547368280,1789636359748638820,2934207275340169,19968,0,0,0,4770,0,4301,10897,15667,19968
rear,794,1789636359747220819,1789636360149018942,2934207675720451,20064,0,0,0,4976,0,4119,10969,15945,20064
rear,795,1789636359847319238,1789636360215336130,2934207742037105,19968,0,0,0,4789,0,4238,10941,15730,19968
front,793,1789636359847067987,1789636360214704178,2934207741405764,19872,0,0,0,3539,0,3621,12712,16251,19872
front,794,1789636359747119909,1789636359893896269,2934207420597542,20160,0,0,0,3535,0,3525,13100,16635,20160
rear,796,1789636359947249374,1789636360218338470,2934207745039459,19968,0,0,0,4842,0,4231,10895,15737,19968
front,795,1789636360046966734,1789636360219094784,2934207745795821,20064,0,0,0,3622,0,3457,12985,16607,20064
front,796,1789636359947072240,1789636360217867817,2934207744568803,19872,0,0,0,3255,0,3477,13140,16394,19872
rear,797,1789636360047155835,1789636360219879639,2934207746580622,20064,0,0,0,5004,0,4101,10959,15963,20064
rear,798,1789636360147311276,1789636360253896111,2934207780597112,19968,0,0,0,4848,0,4154,10966,15814,19968
front,797,1789636360147098189,1789636360248566414,2934207775267774,20064,0,0,0,3454,0,3671,12939,16392,20064
rear,799,1789636360247222943,1789636360355752493,2934207882453514,19968,0,0,0,4774,0,4268,10926,15700,19968
front,798,1789636360246950177,1789636360348031926,2934207874733290,19872,0,0,0,3525,0,3471,12876,16401,19872
rear,800,1789636360347134593,1789636360547707157,2934208074408798,20064,0,0,0,5091,0,4278,10695,15786,20064
front,799,1789636360347054293,1789636360447993594,2934207974694831,19968,0,0,0,3391,0,3473,13104,16495,19968
front,800,1789636360447027558,1789636360632811264,2934208159512597,19968,0,0,0,3604,0,3600,12764,16368,19968
front,801,1789636360647066906,1789636360793996066,2934208320697209,19968,0,0,0,3517,0,3404,13047,16564,19968
rear,801,1789636360647226404,1789636360794548324,2934208321249327,19968,0,0,0,4932,0,4199,10837,15769,19968
rear,802,1789636360547231119,1789636360747758158,2934208274459718,20064,0,0,0,4734,0,4244,11086,15820,20064
front,802,1789636360546816119,1789636360648580605,2934208175281808,20064,0,0,0,3354,0,3529,13181,16534,20064
front,803,1789636360746924969,1789636360848281504,2934208374982618,20064,0,0,0,3447,0,3735,12882,16327,20064
rear,803,1789636360747221941,1789636360921910958,2934208448612166,19968,0,0,0,5023,0,4110,10835,15858,19968
rear,804,1789636360847128174,1789636361047983029,2934208574684447,20064,0,0,0,4858,0,4159,11047,15905,20064
front,804,1789636360847023821,1789636360948016912,2934208474718115,19968,0,0,0,3401,0,3388,13179,16579,19968
front,805,1789636360947008828,1789636361049160113,2934208575861176,19872,0,0,0,3386,0,3486,13000,16386,19872
rear,805,1789636361047152797,1789636361148718177,2934208675419491,19968,0,0,0,5036,0,4086,10846,15882,19968
front,806,1789636361146959090,1789636361248024369,2934208774725725,19872,0,0,0,3392,0,3499,12981,16371,19872
rear,806,1789636361147064016,1789636361248845548,2934208775546736,19968,0,0,0,4923,0,4196,10849,15772,19968
front,807,1789636361246870277,1789636361348188858,2934208874890044,20064,0,0,0,3401,0,3389,13274,16675,20064
rear,807,1789636361247029925,1789636361365020440,2934208891721455,20064,0,0,0,4788,0,4437,10839,15627,20064
front,808,1789636361346843859,1789636361447884309,2934208974585631,19968,0,0,0,3510,0,3709,12749,16259,19968
rear,808,1789636361347081711,1789636361468407888,2934208995109092,19968,0,0,0,4968,0,4189,10811,15779,19968
rear,809,1789636361447034580,1789636361582413785,2934209109114958,19968,0,0,0,5002,0,4104,10862,15864,19968
front,809,1789636361446848152,1789636361547908993,2934209074610481,20064,0,0,0,3377,0,3448,13239,16616,20064
front,810,1789636361546755902,1789636361647937483,2934209174638658,19968,0,0,0,3525,0,3442,13001,16525,19968
rear,810,1789636361547031564,1789636361665546635,2934209192247815,20064,0,0,0,4788,0,4212,11064,15852,20064
front,811,1789636361646881771,1789636361748512962,2934209275214241,20064,0,0,0,3479,0,3722,12863,16342,20064
rear,811,1789636361647061310,1789636361847855911,2934209374557414,19968,0,0,0,4879,0,4252,10837,15716,19968
rear,812,1789636361746989921,1789636361849250672,2934209375951655,20064,0,0,0,5062,0,4070,10932,15994,20064
front,812,1789636361746849163,1789636361848545755,2934209375246733,19968,0,0,0,3537,0,3419,13012,16548,19968
rear,813,1789636361847084471,1789636361948651531,2934209475352514,20064,0,0,0,4903,0,4139,11022,15925,20064
front,813,1789636361846956256,1789636361948070814,2934209474772057,19968,0,0,0,3395,0,3436,13137,16532,19968
front,814,1789636361946830512,1789636362100712963,2934209627414515,20064,0,0,0,3688,0,3707,12669,16356,20064
rear,814,1789636362047005052,1789636362148983933,2934209675684931,20064,0,0,0,4974,0,4328,10762,15736,20064
rear,815,1789636361947143394,1789636362147668053,2934209674369499,19872,0,0,0,4753,0,4225,10894,15647,19872
front,815,1789636362046899386,1789636362148513146,2934209675214128,19968,0,0,0,3361,0,3428,13179,16540,19968
front,816,1789636362146905371,1789636362280173221,2934209806874360,20064,0,0,0,3653,0,3426,12985,16638,20064
rear,816,1789636362147098696,1789636362280736523,2934209807437564,19968,0,0,0,4986,0,4208,10774,15760,19968
rear,817,1789636362246996411,1789636362447744570,2934209974445903,19968,0,0,0,4731,0,4248,10989,15720,19968
rear,818,1789636362346968139,1789636362456692768,2934209983393777,19968,0,0,0,4839,0,4249,10880,15719,19968
front,817,1789636362346744970,1789636362456236930,2934209982937988,20064,0,0,0,3572,0,3370,13122,16694,20064
front,818,1789636362246929442,1789636362417059838,2934209943761344,19872,0,0,0,3374,0,3764,12734,16108,19872
rear,819,1789636362446923858,1789636362635395977,2934210162097318,20160,0,0,0,5120,0,4081,10959,16079,20160
front,819,1789636362446829363,1789636362548238721,2934210074940079,20064,0,0,0,3469,0,3469,13126,16594,20064
rear,820,1789636362547098848,1789636362726028513,2934210252729656,19872,0,0,0,4895,0,4128,10849,15744,19872
front,820,1789636362546800138,1789636362647824064,2934210174525204,19968,0,0,0,3492,0,3678,12798,16288,19968
rear,821,1789636362646928032,1789636362822348269,2934210349049367,20064,0,0,0,4734,0,4239,11091,15825,20064
front,821,1789636362646874989,1789636362821053757,2934210347755175,19968,0,0,0,3457,0,3410,13101,16558,19968
rear,822,1789636362747045121,1789636362863422820,2934210390123966,20064,0,0,0,5025,0,4089,10950,15975,20064
front,822,1789636362746751008,1789636362862909247,2934210389610621,20064,0,0,0,3400,0,3489,13175,16575,20064
front,823,1789636362846857539,1789636363047499369,2934210574201010,19968,0,0,0,3499,0,3669,12800,16299,19968
rear,823,1789636362946896508,1789636363049489402,2934210576190421,20064,0,0,0,4725,0,4410,10929,15654,20064
front,824,1789636362946852057,1789636363049010440,2934210575711552,19968,0,0,0,3389,0,3379,13200,16589,19968
rear,824,1789636362847056718,1789636363048144979,2934210574846065,19872,0,0,0,4966,0,4134,10772,15738,19872
front,825,1789636363046688445,1789636363148219187,2934210674920303,20064,0,0,0,3507,0,3522,13035,16541,20064
rear,825,1789636363047001287,1789636363148985071,2934210675686110,19968,0,0,0,4881,0,4318,10769,15650,19968
rear,826,1789636363146934924,1789636363257330086,2934210784031226,20064,0,0,0,5007,0,4115,10942,15949,20064
front,826,1789636363146844857,1789636363248028938,2934210774730213,19968,0,0,0,3391,0,3637,12940,16331,19968
front,827,1789636363246717026,1789636363347688878,2934210874389982,19968,0,0,0,3533,0,3380,13055,16588,19968
rear,827,1789636363246984852,1789636363402106260,2934210928807534,19968,0,0,0,4846,0,4167,10955,15801,19968
rear,828,1789636363346964264,1789636363547702694,2934211074403917,20064,0,0,0,4848,0,4245,10971,15819,20064
rear,829,1789636363446956957,1789636363747339451,2934211274040717,19968,0,0,0,5049,0,4086,10833,15882,19968
front,828,1789636363346673722,1789636363448396555,2934210975097709,20064,0,0,0,3407,0,3590,13067,16474,20064
front,829,1789636363446760572,1789636363647950895,2934211174652515,20064,0,0,0,3593,0,3568,12903,16496,20064
rear,830,1789636368446667413,1789636368974892627,2934216501594028,20064,0,0,0,4946,0,4140,10978,15924,20064
front,830,1789636368846472953,1789636369391045312,2934216917746730,20064,0,0,0,3654,0,3510,12900,16554,20064
front,831,1789636367246638867,1789636367840670635,2934215367372021,19968,0,0,0,3474,0,3466,13028,16502,19968
rear,831,1789636369046615916,1789636369548803524,2934217075504874,20064,0,0,0,5160,0,4066,10838,15998,20064
front,832,1789636370946747208,1789636371507626222,2934219034327432,19968,0,0,0,3543,0,3440,12985,16528,19968
rear,832,1789636370946768770,1789636371509614330,2934219036315354,19968,0,0,0,4783,0,4238,10947,15730,19968
rear,833,1789636371046635363,1789636371511561381,2934219038262364,19968,0,0,0,4898,0,4214,10856,15754,19968
front,833,1789636371046468310,1789636371510691216,2934219037392307,20064,0,0,0,3489,0,3672,12903,16392,20064
front,834,1789636371246712574,1789636371514646654,2934219041347657,19968,0,0,0,3342,0,3455,13171,16512,19968
rear,834,1789636371146601088,1789636371513954007,2934219040654927,20064,0,0,0,5016,0,4263,10785,15801,20064
front,835,1789636371146569585,1789636371513053054,2934219039754175,19968,0,0,0,3541,0,3473,12954,16495,19968
front,836,1789636371346440322,1789636371517021029,2934219043722051,20064,0,0,0,3706,0,3690,12668,16374,20064
rear,835,1789636371246683474,1789636371516023904,2934219042725010,19968,0,0,0,4854,0,4269,10845,15699,19968
rear,836,1789636371346631777,1789636371517678910,2934219044379868,20064,0,0,0,4824,0,4279,10961,15785,20064
rear,837,1789636371446806744,1789636371549894330,2934219076595450,19968,0,0,0,5090,0,4059,10819,15909,19968
front,837,1789636371446749780,1789636371547704748,2934219074406070,19968,0,0,0,3369,0,3460,13139,16508,19968
rear,838,1789636371546642649,1789636371653876588,2934219180577625,19968,0,0,0,4911,0,4132,10925,15836,19968
front,838,1789636371546720517,1789636371653375922,2934219180077271,19968,0,0,0,3586,0,3388,12994,16580,19968
front,839,1789636371646405104,1789636371747689109,2934219274390259,20064,0,0,0,3456,0,3766,12842,16297,20064
rear,839,1789636371646601386,1789636371748513695,2934219275214790,20064,0,0,0,4807,0,4238,11019,15826,20064
front,840,1789636371746722820,1789636371848053196,2934219374754479,20064,0,0,0,3461,0,3393,13210,16671,20064
rear,840,1789636371746689117,1789636371851650835,2934219378351827,19968,0,0,0,4974,0,4170,10824,15798,19968
front,841,1789636371846786358,1789636371947879596,2934219474580785,19968,0,0,0,3403,0,3444,13121,16523,19968
rear,841,1789636371846584837,1789636371952112983,2934219478814066,20064,0,0,0,5015,0,4108,10941,15956,20064
front,842,1789636372046665946,1789636372243182416,2934219769883759,19968,0,0,0,3433,0,3445,13090,16522,19968
rear,842,1789636371946783264,1789636372148019773,2934219674721573,20064,0,0,0,4784,0,4395,10885,15669,20064
front,843,1789636371946762338,1789636372048151354,2934219574852642,19968,0,0,0,3540,0,3702,12726,16263,19968
rear,843,1789636372147124620,1789636372290240235,2934219816941666,19968,0,0,0,5053,0,4092,10823,15876,19968
front,844,1789636372146641858,1789636372247970086,2934219774671102,20064,0,0,0,3323,0,3410,13331,16653,20064
front,845,1789636372246684048,1789636372347766990,2934219874468319,19968,0,0,0,3499,0,3783,12686,16185,19968
rear,844,1789636372246750113,1789636372349278054,2934219875979188,19968,0,0,0,4831,0,4150,10987,15818,19968
rear,845,1789636372346739164,1789636372491666688,2934220018368175,20064,0,0,0,4747,0,4242,11075,15822,20064
front,846,1789636372346640582,1789636372448211905,2934219974913164,20064,0,0,0,3404,0,3389,13271,16674,20064
front,847,1789636372446678117,1789636372547907366,2934220074608750,19968,0,0,0,3467,0,3417,13084,16550,19968
rear,846,1789636372447014843,1789636372550238135,2934220076939154,19968,0,0,0,5051,0,4133,10784,15835,19968
rear,847,1789636372546749450,1789636372708083503,2934220234785100,19968,0,0,0,4974,0,4117,10877,15851,19968
front,848,1789636372546771181,1789636372648010956,2934220174712213,20064,0,0,0,3413,0,3768,12883,16295,20064
rear,848,1789636372646636684,1789636372809426813,2934220336128096,20064,0,0,0,4742,0,4233,11089,15831,20064
front,849,1789636372647634434,1789636372747741842,2934220274443230,19968,0,0,0,3555,0,3394,13019,16574,19968
rear,849,1789636372747028558,1789636372848714991,2934220375415998,19872,0,0,0,4813,0,4238,10821,15634,19872
front,850,1789636372746688485,1789636372848007328,2934220374708555,20064,0,0,0,3422,0,3499,13143,16563,20064
rear,850,1789636372846470838,1789636373036104145,2934220562805628,20160,0,0,0,5051,0,4234,10875,15926,20160
front,851,1789636372847684315,1789636372947714108,2934220474415437,19968,0,0,0,3570,0,3653,12745,16315,19968
front,852,1789636372946681358,1789636373170214219,2934220696915407,19968,0,0,0,3421,0,3410,13137,16557,19968
rear,851,1789636372947118300,1789636373171236359,2934220697937499,19968,0,0,0,4846,0,4219,10903,15749,19968
rear,852,1789636373047070939,1789636373172805459,2934220699506583,19968,0,0,0,4759,0,4266,10943,15702,19968
front,853,1789636373046600152,1789636373172059152,2934220698760232,20064,0,0,0,3636,0,3534,12894,16529,20064
front,854,1789636373147596817,1789636373247861754,2934220774562873,19968,0,0,0,3384,0,3649,12935,16319,19968
rear,853,1789636373146671040,1789636373250446319,2934220777147519,20064,0,0,0,5050,0,4079,10935,15985,20064
rear,854,1789636373247065659,1789636373409011113,2934220935712389,19968,0,0,0,4953,0,4129,10886,15839,19968
front,855,1789636373246642225,1789636373397091110,2934220923792505,20064,0,0,0,3633,0,3379,13052,16684,20064
rear,855,1789636373346680188,1789636373466309599,2934220993011385,20064,0,0,0,4804,0,4251,11009,15813,20064
front,856,1789636373347640927,1789636373448101790,2934220974803175,19968,0,0,0,3435,0,3588,12945,16379,19968
rear,856,1789636373447033432,1789636373567776870,2934221094478171,19968,0,0,0,4873,0,4236,10859,15732,19968
front,857,1789636373446666730,1789636373547829936,2934221074531208,19968,0,0,0,3595,0,3562,12811,16406,19968
front,858,1789636373546619594,1789636373648804482,2934221175505902,20064,0,0,0,3426,0,3396,13242,16666,20064
rear,857,1789636373546728931,1789636373670531861,2934221197233198,20064,0,0,0,5003,0,4123,10938,15941,20064
rear,858,1789636373647201467,1789636373748651579,2934221275352582,19968,0,0,0,4800,0,4214,10954,15754,19968
front,859,1789636373647631269,1789636373747966914,2934221274668305,19968,0,0,0,3561,0,3625,12782,16342,19968
front,860,1789636373746605556,1789636373847489100,2934221374190221,19968,0,0,0,3424,0,3552,12992,16416,19968
rear,859,1789636373747015624,1789636373848198400,2934221374899408,19968,0,0,0,4714,0,4338,10916,15630,19968
front,861,1789636373846522574,1789636373948138134,2934221474839593,20064,0,0,0,3445,0,3368,13251,16696,20064
rear,860,1789636373846981651,1789636373980804434,2934221507505730,20064,0,0,0,4969,0,4232,10863,15832,20064
rear,861,1789636373947065939,1789636374048851702,2934221575552742,19968,0,0,0,4975,0,4109,10884,15859,19968
front,862,1789636373947540148,1789636374048228110,2934221574929439,19968,0,0,0,3478,0,3704,12786,16264,19968
rear,862,1789636374046735247,1789636374148914816,2934221675615816,20064,0,0,0,4771,0,4247,11046,15817,20064
front,863,1789636374046592062,1789636374148277818,2934221674979036,20064,0,0,0,3423,0,3454,13187,16610,20064
rear,863,1789636374147042922,1789636374248774563,2934221775475635,19968,0,0,0,4890,0,4201,10877,15767,19968
front,864,1789636374147585828,1789636374248045526,2934221774746993,19968,0,0,0,3490,0,3390,13088,16576,19968
rear,864,1789636374246968626,1789636374369713421,2934221896414536,19968,0,0,0,4996,0,4118,10854,15850,19968
front,865,1789636374247526889,1789636374347785673,2934221874487030,20064,0,0,0,3439,0,3745,12880,16318,20064
front,866,1789636374347603539,1789636374465022905,2934221991724428,19968,0,0,0,3496,0,3385,13087,16582,19968
rear,865,1789636374346876335,1789636374465522227,2934221992223338,19968,0,0,0,4778,0,4167,11023,15801,19968
front,867,1789636374447574005,1789636374547680506,2934222074381916,19968,0,0,0,3406,0,3417,13145,16551,19968
rear,866,1789636374446560412,1789636374580657442,2934222107358655,19968,0,0,0,4694,0,4266,11008,15702,19968
front,868,1789636374546654849,1789636374647934096,2934222174635348,19968,0,0,0,3540,0,3761,12667,16206,19968
rear,867,1789636374546500602,1789636374650092602,2934222176793782,20064,0,0,0,4945,0,4093,11026,15971,20064
rear,868,1789636374646900845,1789636374766883000,2934222293584345,19968,0,0,0,4925,0,4213,10830,15755,19968
front,869,1789636374646528106,1789636374748046780,2934222274748060,20064,0,0,0,3415,0,3402,13247,16662,20064
rear,869,1789636374746590533,1789636374872636518,2934222399337971,20064,0,0,0,4748,0,4397,10919,15667,20064
front,870,1789636374746533899,1789636374847611297,2934222374312794,19968,0,0,0,3548,0,3387,13033,16580,19968
rear,870,1789636374846949037,1789636374987262741,2934222513964029,19968,0,0,0,4878,0,4199,10891,15769,19968
front,871,1789636374846440759,1789636374948296018,2934222474997449,20064,0,0,0,3462,0,3754,12848,16309,20064
front,872,1789636374947506060,1789636375047880106,2934222574581426,20064,0,0,0,3642,0,3369,13053,16695,20064
rear,871,1789636374946792714,1789636375048547541,2934222575248518,19968,0,0,0,4943,0,4143,10882,15825,19968
front,873,1789636375047623953,1789636375147532860,2934222674234003,19968,0,0,0,3458,0,3484,13026,16484,19968
rear,872,1789636375046796419,1789636375148332108,2934222675033132,19968,0,0,0,4699,0,4227,11042,15741,19968
rear,873,1789636375146455742,1789636375332876092,2934222859577567,20064,0,0,0,4825,0,4255,10984,15809,20064
front,874,1789636375147535233,1789636375252078196,2934222778779538,19968,0,0,0,3640,0,3661,12667,16307,19968
rear,874,1789636375246771085,1789636375354736033,2934222881437154,19968,0,0,0,4942,0,4099,10927,15869,19968
front,875,1789636375247418565,1789636375348238081,2934222874939538,20064,0,0,0,3439,0,3375,13250,16689,20064
rear,875,1789636375346508075,1789636375487178390,2934223013879727,20064,0,0,0,4958,0,4133,10973,15931,20064
front,876,1789636375347524965,1789636375447771166,2934222974472450,19968,0,0,0,3597,0,3510,12861,16458,19968
front,877,1789636375447407755,1789636375547796852,2934223074498135,19968,0,0,0,3424,0,3648,12896,16319,19968
rear,876,1789636375446883978,1789636375594777622,2934223121478918,19968,0,0,0,4642,0,4278,11048,15690,19968
rear,877,1789636375546785498,1789636375648918651,2934223175619702,20064,0,0,0,4774,0,4282,11008,15782,20064
front,878,1789636375546643713,1789636375647987591,2934223174688924,20064,0,0,0,3525,0,3360,13179,16702,20064
front,879,1789636375647457637,1789636375747766133,2934223274467304,19968,0,0,0,3458,0,3545,12965,16423,19968
rear,878,1789636375647908122,1789636375748420378,2934223275121358,19968,0,0,0,4818,0,4212,10938,15756,19968
front,880,1789636375747442387,1789636375847623663,2934223374325036,20064,0,0,0,3413,0,3582,13069,16480,20064
rear,879,1789636375746755402,1789636375848436217,2934223375137246,19968,0,0,0,4648,0,4279,11041,15689,19968
rear,880,1789636375846743072,1789636375948450986,2934223475151988,20064,0,0,0,4745,0,4270,11049,15794,20064
front,881,1789636375847502676,1789636375947745350,2934223474446654,19968,0,0,0,3458,0,3400,13110,16567,19968
front,882,1789636375947447869,1789636376047744119,2934223574445176,19968,0,0,0,3440,0,3563,12965,16405,19968
rear,881,1789636375947915690,1789636376079898409,2934223606599631,19968,0,0,0,4715,0,4254,10999,15714,19968
rear,882,1789636376046713589,1789636376154909645,2934223681610645,19968,0,0,0,4863,0,4148,10957,15820,19968
front,883,1789636376047339143,1789636376147878325,2934223674579612,20064,0,0,0,3436,0,3594,13034,16469,20064
rear,883,1789636376146533121,1789636376248309685,2934223775010685,20064,0,0,0,4697,0,4289,11078,15775,20064
front,884,1789636376147520108,1789636376247638736,2934223774340002,19968,0,0,0,3380,0,3430,13158,16538,19968
rear,884,1789636376247889938,1789636376348918483,2934223875619529,20064,0,0,0,4715,0,4256,11093,15808,20064
front,885,1789636376247416468,1789636376348208158,2934223874909574,19968,0,0,0,3609,0,3563,12796,16405,19968
rear,885,1789636376347888862,1789636376448890694,2934223975591726,19968,0,0,0,4872,0,4160,10936,15808,19968
front,886,1789636376347322789,1789636376448312381,2934223975013823,20064,0,0,0,3361,0,3582,13121,16481,20064
rear,886,1789636376447068804,1789636376548176106,2934224074877118,19872,0,0,0,4691,0,4168,11013,15704,19872
front,887,1789636376447387634,1789636376547603817,2934224074305037,19968,0,0,0,3602,0,3377,12989,16590,19968
front,888,1789636376546667043,1789636376648416179,2934224175117553,20064,0,0,0,3448,0,3709,12907,16355,20064
rear,887,1789636376647918128,1789636376748746127,2934224275447107,19968,0,0,0,4733,0,4289,10946,15679,19968
front,889,1789636376647476503,1789636376747926995,2934224274628358,19968,0,0,0,3577,0,3450,12941,16518,19968
rear,888,1789636376747819902,1789636376853218476,2934224379919537,20064,0,0,0,4978,0,4182,10904,15882,20064
front,890,1789636376747345452,1789636376848098525,2934224374799993,19968,0,0,0,3357,0,3446,13165,16521,19968
front,891,1789636376847286594,1789636376947985769,2934224474687042,20064,0,0,0,3698,0,3692,12674,16371,20064
rear,889,1789636376847965213,1789636376951387902,2934224478088891,19968,0,0,0,4788,0,4154,11026,15814,19968
rear,890,1789636376947902389,1789636377048455291,2934224575156246,19968,0,0,0,4670,0,4263,11035,15705,19968
front,892,1789636376947414718,1789636377047793437,2934224574494733,19968,0,0,0,3369,0,3457,13142,16511,19968
rear,891,1789636377047777874,1789636377247716683,2934224774417905,19968,0,0,0,4952,0,4110,10906,15858,19968
front,893,1789636377047309452,1789636377147702759,2934224674403940,19968,0,0,0,3549,0,3441,12978,16527,19968
rear,892,1789636377147786401,1789636377248957483,2934224775658420,20064,0,0,0,4990,0,4135,10939,15929,20064
front,894,1789636377147258532,1789636377248316557,2934224775017602,20064,0,0,0,3487,0,3716,12861,16347,20064
rear,893,1789636377247898839,1789636377380892302,2934224907593327,19872,0,0,0,4676,0,4267,10929,15605,19872
front,895,1789636377247326259,1789636377348020312,2934224874721588,20064,0,0,0,3426,0,3453,13185,16611,20064
front,896,1789636377347425616,1789636377466853834,2934224993555053,19872,0,0,0,3392,0,3456,13024,16415,19872
rear,894,1789636377346595315,1789636377535364729,2934225062066114,20064,0,0,0,4789,0,4251,11024,15813,20064
rear,895,1789636377447829497,1789636377559882613,2934225086583719,19968,0,0,0,4965,0,4184,10819,15784,19968
front,897,1789636377447248315,1789636377548965772,2934225075666962,20160,0,0,0,3537,0,3682,12941,16477,20160
front,898,1789636377547519823,1789636377686044571,2934225212745739,19872,0,0,0,3381,0,3468,13023,16403,19872
rear,896,1789636377547733383,1789636377686538704,2934225213239783,20064,0,0,0,4754,0,4351,10959,15713,20064
rear,897,1789636377647894772,1789636377796825469,2934225323526717,19968,0,0,0,4706,0,4289,10973,15679,19968
front,899,1789636377647209635,1789636377748048655,2934225274749780,20064,0,0,0,3321,0,3472,13271,16591,20064
rear,898,1789636377747844823,1789636377848361851,2934225375062802,19872,0,0,0,4978,0,4098,10796,15774,19872
front,900,1789636377747381756,1789636377847814324,2934225374515457,20064,0,0,0,3539,0,3702,12823,16361,20064
rear,899,1789636377846701410,1789636378021262960,2934225547964027,20064,0,0,0,5034,0,4103,10927,15961,20064
front,901,1789636377847387995,1789636378020791674,2934225547492827,19968,0,0,0,3294,0,3459,13215,16509,19968
rear,900,1789636377947716960,1789636378088826325,2934225615527425,20064,0,0,0,4784,0,4263,11017,15801,20064
front,902,1789636377947425950,1789636378047946955,2934225574648159,19968,0,0,0,3429,0,3464,13075,16504,19968
front,903,1789636378047292849,1789636378148667050,2934225675368204,20064,0,0,0,3462,0,3678,12924,16386,20064
rear,901,1789636378047826724,1789636378149530100,2934225676231216,19872,0,0,0,4856,0,4174,10842,15698,19872
rear,902,1789636378147669547,1789636378262322573,2934225789023638,20064,0,0,0,4969,0,4122,10973,15942,20064
front,904,1789636378147405165,1789636378248485605,2934225775186918,19872,0,0,0,3392,0,3466,13014,16406,19872
front,905,1789636378347497294,1789636378850839152,2934226377540275,19872,0,0,0,3515,0,3645,12712,16226,19872
rear,903,1789636378347704072,1789636378869046824,2934226395748013,19968,0,0,0,4819,0,4247,10902,15721,19968
rear,904,1789636378247791835,1789636378447426741,2934225974127948,19968,0,0,0,4730,0,4245,10993,15723,19968
front,906,1789636378247179927,1789636378349135358,2934225875836606,20160,0,0,0,3482,0,3472,13206,16687,20160
front,907,1789636378447224208,1789636378871660806,2934226398361770,20064,0,0,0,3264,0,3465,13335,16599,20064
rear,905,1789636378446767851,1789636378872763991,2934226399464994,19968,0,0,0,5056,0,4102,10810,15866,19968
front,908,1789636378547311700,1789636378873514841,2934226400215879,20064,0,0,0,3622,0,3544,12898,16520,20064
front,909,1789636378647451688,1789636378875008085,2934226401709057,19872,0,0,0,3448,0,3578,12846,16292,19872
rear,906,1789636378546547384,1789636378874402727,2934226401103888,20064,0,0,0,4886,0,4323,10855,15741,20064
rear,907,1789636378647647869,1789636378876631364,2934226403332326,19968,0,0,0,4758,0,4328,10882,15640,19968
rear,908,1789636378746713915,1789636378877824871,2934226404525831,20064,0,0,0,5052,0,4097,10915,15967,20064
front,910,1789636378747136194,1789636378877284329,2934226403985292,20064,0,0,0,3248,0,3528,13288,16536,20064
rear,909,1789636378847702466,1789636378954891294,2934226481592250,19968,0,0,0,4892,0,4120,10956,15848,19968
front,911,1789636378847294720,1789636378947741987,2934226474443159,19968,0,0,0,3507,0,3576,12885,16392,19968
front,912,1789636378947213962,1789636379047682518,2934226574383776,19968,0,0,0,3411,0,3538,13019,16429,19968
front,913,1789636379047119075,1789636379172066507,2934226698767607,20160,0,0,0,3319,0,3603,13238,16555,20160
rear,910,1789636378946698748,1789636379171535020,2934226698236197,20064,0,0,0,4840,0,4244,10980,15820,20064
rear,911,1789636379047681245,1789636379172882122,2934226699583248,19968,0,0,0,4822,0,4232,10914,15736,19968
front,914,1789636379147471911,1789636379248347144,2934226775048321,19968,0,0,0,3529,0,3484,12955,16483,19968
rear,912,1789636379147683272,1789636379254964379,2934226781665427,19968,0,0,0,5025,0,4076,10867,15892,19968
front,915,1789636379247407426,1789636379431812975,2934226958514282,19968,0,0,0,3041,0,3663,13264,16305,19968
rear,913,1789636379247590540,1789636379432519147,2934226959220202,19968,0,0,0,4840,0,4153,10975,15815,19968
front,916,1789636379347098696,1789636379447674750,2934226974375830,19968,0,0,0,3450,0,3489,13029,16478,19968
rear,914,1789636379346598308,1789636379486964167,2934227013665313,20064,0,0,0,4761,0,4309,10994,15755,20064
rear,915,1789636379447633675,1789636379579889326,2934227106590481,19968,0,0,0,5027,0,4166,10775,15802,19968
front,917,1789636379447127874,1789636379548385951,2934227075086926,20064,0,0,0,3234,0,3582,13248,16480,20064
rear,916,1789636379547617805,1789636379663381057,2934227190082371,19968,0,0,0,4944,0,4212,10812,15756,19968
front,918,1789636379547356643,1789636379647519067,2934227174220166,19968,0,0,0,3456,0,3549,12963,16419,19968
rear,917,1789636379646539172,1789636379783823545,2934227310524658,20064,0,0,0,4777,0,4222,11065,15842,20064
front,919,1789636379647136401,1789636379747719399,2934227274420561,19872,0,0,0,2992,0,3622,13258,16250,19872
front,920,1789636379747152185,1789636379847674240,2934227374375472,20064,0,0,0,3601,0,3500,12963,16563,20064
rear,918,1789636379747647672,1789636379946472662,2934227473173879,19872,0,0,0,4891,0,4217,10764,15655,19872
front,921,1789636379846609288,1789636379948902667,2934227475603642,20064,0,0,0,3357,0,3648,13059,16415,20064
rear,919,1789636379947646255,1789636380088767009,2934227615468128,19968,0,0,0,4765,0,4185,11018,15783,19968
front,922,1789636379947336863,1789636380047569495,2934227574270572,19776,0,0,0,3260,0,3503,13013,16272,19776
front,923,1789636380047029810,1789636380148463040,2934227675164296,20064,0,0,0,3370,0,3483,13211,16580,20064
front,924,1789636380147365706,1789636380247648589,2934227774349780,19968,0,0,0,3650,0,3625,12693,16343,19968
rear,920,1789636380147523127,1789636380248537647,2934227775238598,20064,0,0,0,5029,0,4079,10956,15985,20064
rear,921,1789636380047617952,1789636380246847667,2934227773548913,19968,0,0,0,4756,0,4240,10972,15728,19968
rear,922,1789636380247622636,1789636380373636002,2934227900337058,19968,0,0,0,4952,0,4197,10819,15771,19968
front,925,1789636380247066339,1789636380347601567,2934227874302725,19968,0,0,0,3276,0,3504,13188,16464,19968
rear,923,1789636380347519175,1789636380449736652,2934227976437649,20064,0,0,0,4772,0,4416,10876,15648,20064
front,926,1789636380347096461,1789636380447970761,2934227974672304,19968,0,0,0,3525,0,3467,12976,16500,19968
rear,924,1789636380447608764,1789636380572677234,2934228099378294,19968,0,0,0,4999,0,4135,10834,15833,19968
front,927,1789636380447101403,1789636380547760111,2934228074461182,19968,0,0,0,3495,0,3602,12871,16364,19968
front,928,1789636380546969844,1789636380648623589,2934228175325119,20064,0,0,0,3548,0,3533,12983,16531,20064
rear,925,1789636380547601258,1789636380682739776,2934228209441199,19968,0,0,0,4980,0,4114,10874,15854,19968
front,929,1789636380647272195,1789636380747701568,2934228274402661,19872,0,0,0,3299,0,3480,13093,16390,19872
rear,926,1789636380647494634,1789636380806417881,2934228333119069,20064,0,0,0,4806,0,4219,11039,15845,20064
front,930,1789636380747005218,1789636380847721039,2934228374422202,19968,0,0,0,3684,0,3544,12740,16424,19968
rear,927,1789636380747623732,1789636380910800181,2934228437501307,19968,0,0,0,4820,0,4232,10916,15736,19968
rear,928,1789636380847595275,1789636380978541242,2934228505242509,19968,0,0,0,5087,0,4055,10826,15913,19968
front,931,1789636380947196888,1789636381047696068,2934228574397173,19872,0,0,0,3558,0,3445,12869,16427,19872
rear,929,1789636380947445492,1789636381097439501,2934228624140857,20064,0,0,0,4909,0,4115,11040,15949,20064
front,932,1789636381047067490,1789636381148506442,2934228675207573,20064,0,0,0,3477,0,3637,12950,16425,20064
rear,930,1789636381047594024,1789636381168106033,2934228694807144,19968,0,0,0,4795,0,4266,10907,15702,19968
front,933,1789636381147223598,1789636381247841800,2934228774543066,19968,0,0,0,3466,0,3482,13020,16485,19968
rear,931,1789636381147515655,1789636381248853721,2934228775554669,20064,0,0,0,5083,0,4282,10699,15782,20064
rear,932,1789636381347476647,1789636381515118866,2934229041820058,19968,0,0,0,4732,0,4241,10995,15727,19968
rear,933,1789636381247580968,1789636381448356381,2934228975057840,19968,0,0,0,4920,0,4180,10868,15788,19968
front,934,1789636381347000397,1789636381458155415,2934228984856554,20160,0,0,0,3548,0,3652,12960,16507,20160
front,935,1789636381247050527,1789636381347826035,2934228874527267,19968,0,0,0,3377,0,3479,13112,16487,19968
front,936,1789636381447298155,1789636381548396730,2934229075097825,19968,0,0,0,3374,0,3503,13091,16463,19968
rear,934,1789636381447449243,1789636381549096300,2934229075797321,19968,0,0,0,4870,0,4229,10869,15739,19968
front,937,1789636381547244887,1789636381647455775,2934229174156990,19872,0,0,0,3403,0,3383,13086,16489,19872
rear,935,1789636381547430534,1789636381665438988,2934229192140213,20064,0,0,0,5061,0,4090,10913,15974,20064
rear,936,1789636381647416112,1789636381758783305,2934229285484383,19968,0,0,0,4878,0,4153,10937,15815,19968
front,938,1789636381646948829,1789636381748340477,2934229275041762,20064,0,0,0,3491,0,3711,12862,16352,20064
rear,937,1789636381747391024,1789636381933062005,2934229459763465,19968,0,0,0,4761,0,4235,10972,15733,19968
front,939,1789636381747141934,1789636381849907204,2934229376608549,20064,0,0,0,3417,0,3456,13191,16607,20064
rear,938,1789636381847386148,1789636381965529944,2934229492231121,20064,0,0,0,5036,0,4080,10948,15984,20064
front,940,1789636381847169709,1789636381948308306,2934229475009575,19968,0,0,0,3444,0,3432,13092,16534,19968
front,941,1789636381947159306,1789636382048211777,2934229574912907,19968,0,0,0,3476,0,3684,12808,16284,19968
rear,939,1789636381947461283,1789636382048855311,2934229575556322,19968,0,0,0,4971,0,4177,10820,15791,19968
front,942,1789636382147167990,1789636382351660822,2934229878361825,19968,0,0,0,3380,0,3402,13186,16566,19968
rear,940,1789636382047385584,1789636382350774614,2934229877475643,19968,0,0,0,4733,0,4336,10899,15632,19968
rear,941,1789636382147339693,1789636382352120742,2934229878821718,20064,0,0,0,4879,0,4318,10867,15746,20064
front,943,1789636382047055603,1789636382350074807,2934229876776065,20064,0,0,0,3494,0,3488,13082,16576,20064
front,944,1789636382247100965,1789636382354679017,2934229881380008,20064,0,0,0,3584,0,3753,12727,16309,20064
rear,942,1789636382247389545,1789636382355375404,2934229882076389,19968,0,0,0,5015,0,4101,10852,15867,19968
front,945,1789636382347190479,1789636382448144772,2934229974846306,19968,0,0,0,3385,0,3425,13158,16542,19968
rear,943,1789636382347363564,1789636382449060304,2934229975761411,19968,0,0,0,4770,0,4161,11037,15807,19968
front,946,1789636382447069507,1789636382547709285,2934230074410592,19968,0,0,0,3618,0,3410,12940,16558,19968
rear,944,1789636382447360163,1789636382548415342,2934230075116390,20064,0,0,0,4838,0,4237,10989,15827,20064
front,947,1789636382546863604,1789636382648684597,2934230175386050,20064,0,0,0,3438,0,3770,12856,16294,20064
rear,945,1789636382546602514,1789636382649656617,2934230176357583,19968,0,0,0,5036,0,4067,10865,15901,19968
rear,946,1789636382647363120,1789636382751585378,2934230278286418,19968,0,0,0,4946,0,4128,10894,15840,19968
front,948,1789636382647159688,1789636382751015933,2934230277717070,19968,0,0,0,3623,0,3376,12969,16592,19968
front,949,1789636382747037125,1789636382848642847,2934230375344334,20064,0,0,0,3433,0,3442,13189,16622,20064
rear,947,1789636382747295483,1789636382856061814,2934230382762901,20064,0,0,0,4749,0,4235,11080,15829,20064
rear,948,1789636382847324136,1789636382951093285,2934230477794345,19968,0,0,0,4913,0,4248,10807,15720,19968
front,950,1789636382847123520,1789636382948197993,2934230474899239,19968,0,0,0,3575,0,3723,12670,16244,19968
front,951,1789636382947076784,1789636383048290420,2934230574991830,19968,0,0,0,3449,0,3410,13109,16557,19968
rear,949,1789636382947326909,1789636383049689076,2934230576390204,20064,0,0,0,5008,0,4284,10772,15780,20064
rear,950,1789636383047472393,1789636383156416841,2934230683117957,19968,0,0,0,4763,0,4266,10939,15702,19968
front,952,1789636383046995559,1789636383148594299,2934230675295635,20064,0,0,0,3507,0,3442,13115,16622,20064
rear,951,1789636383147266658,1789636383249758729,2934230776459739,19968,0,0,0,4827,0,4241,10900,15727,19968
front,953,1789636383147069880,1789636383248105296,2934230774806519,19968,0,0,0,3428,0,3714,12826,16254,19968
front,954,1789636383247056152,1789636383348507434,2934230875208656,20064,0,0,0,3430,0,3372,13262,16691,20064
rear,952,1789636383247302492,1789636383358880865,2934230885582123,20064,0,0,0,5047,0,4068,10949,15996,20064
rear,953,1789636383347369205,1789636383451699084,2934230978400109,20064,0,0,0,5016,0,4125,10923,15939,20064
front,955,1789636383347085647,1789636383448121027,2934230974822271,19872,0,0,0,3466,0,3409,12997,16463,19872
rear,954,1789636383547216974,1789636383648816753,2934231175517765,20064,0,0,0,5028,0,4126,10910,15938,20064
rear,955,1789636383447381225,1789636383647547400,2934231174248763,19872,0,0,0,4750,0,4237,10885,15635,19872
front,956,1789636383547016708,1789636383648295785,2934231174996760,19872,0,0,0,3515,0,3370,12987,16500,19872
front,957,1789636383446844368,1789636383548661038,2934231075362350,20160,0,0,0,3355,0,3756,13049,16403,20160
rear,956,1789636383647320474,1789636383818143607,2934231344844935,20064,0,0,0,4973,0,4160,10931,15904,20064
front,958,1789636383646945724,1789636383747792254,2934231274493869,19968,0,0,0,3415,0,3438,13115,16530,19968
front,959,1789636383746764305,1789636383848435677,2934231375137087,20064,0,0,0,3483,0,3691,12890,16371,20064
rear,957,1789636383747354553,1789636383866714246,2934231393415385,19968,0,0,0,4663,0,4349,10956,15619,19968
rear,958,1789636383847401845,1789636384054384148,2934231581085265,19968,0,0,0,4832,0,4313,10823,15655,19968
front,960,1789636383947028845,1789636384054919834,2934231581620836,19968,0,0,0,3486,0,3607,12875,16360,19968
rear,959,1789636383947294521,1789636384055617569,2934231582318593,20064,0,0,0,5039,0,4140,10885,15924,20064
front,961,1789636383846944677,1789636384053782859,2934231580484202,20064,0,0,0,3394,0,3380,13290,16684,20064
front,962,1789636384046986219,1789636384286927166,2934231813628548,20064,0,0,0,3403,0,3565,13096,16499,20064
rear,960,1789636384047266405,1789636384287330052,2934231814031091,19968,0,0,0,4880,0,4153,10935,15815,19968
front,963,1789636384147022898,1789636384288125201,2934231814826245,19968,0,0,0,3521,0,3397,13050,16571,19968
rear,961,1789636384147345960,1789636384288599245,2934231815300211,19968,0,0,0,4718,0,4241,11009,15727,19968
front,964,1789636384247011344,1789636384396776093,2934231923477300,20064,0,0,0,3437,0,3738,12889,16325,20064
rear,962,1789636384247258439,1789636384397177615,2934231923878662,20064,0,0,0,5033,0,4104,10927,15960,20064
rear,963,1789636384347255621,1789636384544642712,2934232071343835,19968,0,0,0,4939,0,4127,10902,15841,19968
front,965,1789636384347063067,1789636384544088978,2934232070790787,19968,0,0,0,3575,0,3393,13000,16575,19968
front,966,1789636384446998822,1789636384548127778,2934232074828761,20064,0,0,0,3400,0,3389,13275,16673,20064
rear,964,1789636384447261017,1789636384648239523,2934232174940988,19968,0,0,0,4734,0,4257,10977,15711,19968
front,967,1789636384547025551,1789636384648855012,2934232175555986,19872,0,0,0,3589,0,3741,12542,16131,19872
rear,965,1789636384547205411,1789636384650006080,2934232176707189,20064,0,0,0,4822,0,4245,10997,15819,20064
front,968,1789636384646851431,1789636384748293210,2934232274994459,20064,0,0,0,3407,0,3455,13202,16608,20064
rear,966,1789636384647277306,1789636384763855558,2934232290556940,19968,0,0,0,4909,0,4191,10868,15777,19968
rear,967,1789636384747254160,1789636384947720666,2934232474422152,19968,0,0,0,4761,0,4250,10957,15718,19968
rear,968,1789636384847156437,1789636385028897192,2934232555598216,20064,0,0,0,4769,0,4342,10953,15722,20064
front,969,1789636384846839979,1789636385028297692,2934232554998803,20064,0,0,0,3434,0,3783,12847,16281,20064
front,970,1789636384746965004,1789636384848024490,2934232374725893,19968,0,0,0,3604,0,3394,12970,16574,19968
rear,969,1789636384947143937,1789636385067777782,2934232594478851,19968,0,0,0,4947,0,4111,10910,15857,19968
front,971,1789636384947004748,1789636385047931217,2934232574632594,19968,0,0,0,3598,0,3383,12987,16584,19968
front,972,1789636385046910402,1789636385147695994,2934232674397205,19968,0,0,0,3446,0,3405,13117,16562,19968
rear,970,1789636385047215332,1789636385167833507,2934232694534504,19968,0,0,0,4901,0,4134,10933,15834,19968
rear,971,1789636385147126396,1789636385280253552,2934232806954769,20064,0,0,0,4795,0,4258,11011,15806,20064
front,973,1789636385146833888,1789636385247821965,2934232774523471,20064,0,0,0,3540,0,3753,12771,16311,20064
rear,972,1789636385247170114,1789636385371809757,2934232898511215,19968,0,0,0,4887,0,4187,10894,15781,19968
front,974,1789636385246901075,1789636385347834207,2934232874535448,19968,0,0,0,3475,0,3391,13102,16577,19968
rear,973,1789636385347188182,1789636385485478072,2934233012179798,19968,0,0,0,4940,0,4145,10883,15823,19968
front,975,1789636385346849417,1789636385447780581,2934232974481826,20064,0,0,0,3523,0,3415,13126,16649,20064
front,976,1789636385446905519,1789636385656800902,2934233183502337,19968,0,0,0,3473,0,3723,12772,16243,19968
front,977,1789636385546790365,1789636385658477697,2934233185178692,19968,0,0,0,3371,0,3393,13204,16575,19968
rear,974,1789636385447121554,1789636385657963719,2934233184664701,20064,0,0,0,4712,0,4236,11116,15828,20064
rear,975,1789636385547182619,1789636385659366469,2934233186067571,19968,0,0,0,4546,0,4294,11128,15674,19968
rear,976,1789636385647222299,1789636385836150458,2934233362851440,19968,0,0,0,4759,0,4247,10962,15721,19968
front,978,1789636385646775849,1789636385835512467,2934233362213632,20064,0,0,0,3520,0,3461,13083,16603,20064
front,979,1789636385746915606,1789636385847922368,2934233374623677,19968,0,0,0,3403,0,3686,12879,16281,19968
rear,977,1789636385747064151,1789636385874101115,2934233400802301,19968,0,0,0,4878,0,4150,10940,15818,19968
front,980,1789636385846838039,1789636385947790441,2934233474492017,19968,0,0,0,3490,0,3402,13076,16566,19968
front,981,1789636385946768477,1789636386108218254,2934233634919306,20064,0,0,0,3444,0,3539,13081,16524,20064
rear,978,1789636385847049798,1789636386107815308,2934233634516729,20064,0,0,0,4747,0,4275,11042,15789,20064
rear,979,1789636385947074913,1789636386109367231,2934233636068315,19968,0,0,0,4640,0,4254,11074,15714,19968
front,982,1789636386046811499,1789636386148048631,2934233674749804,19968,0,0,0,3571,0,3617,12780,16351,19968
rear,980,1789636386047104042,1789636386148504869,2934233675205875,19968,0,0,0,4856,0,4189,10923,15779,19968
rear,981,1789636386247159622,1789636386371445726,2934233898146705,19968,0,0,0,4592,0,4265,11111,15703,19968
rear,982,1789636386147036184,1789636386348016793,2934233874718132,20064,0,0,0,4692,0,4301,11071,15763,20064
front,983,1789636386246893003,1789636386370974347,2934233897675306,19968,0,0,0,3665,0,3500,12803,16468,19968
front,984,1789636386146759973,1789636386248347023,2934233775048305,20064,0,0,0,3361,0,3410,13293,16654,20064
rear,983,1789636386347043652,1789636386481211497,2934234007912557,19968,0,0,0,4760,0,4276,10932,15692,19968
front,985,1789636386346795193,1789636386480691385,2934234007392590,20064,0,0,0,3385,0,3648,13031,16416,20064
rear,984,1789636386447024890,1789636386567176667,2934234093877924,20064,0,0,0,4876,0,4169,11019,15895,20064
front,986,1789636386446854097,1789636386547968782,2934234074670058,19968,0,0,0,3627,0,3408,12933,16560,19968
rear,985,1789636386547017997,1789636386747384745,2934234274086080,19968,0,0,0,4750,0,4130,11088,15838,19968
rear,986,1789636386647044617,1789636386749031869,2934234275732867,20064,0,0,0,4644,0,4401,11019,15663,20064
front,987,1789636386546754873,1789636386647816387,2934234174517661,19968,0,0,0,3430,0,3551,12987,16416,19968
front,988,1789636386646753014,1789636386748504258,2934234275205342,19968,0,0,0,3588,0,3603,12777,16365,19968
rear,987,1789636386747050279,1789636386897793283,2934234424494458,19968,0,0,0,4891,0,4177,10900,15791,19968
front,989,1789636386746669224,1789636386848173639,2934234374875057,20064,0,0,0,3422,0,3411,13231,16652,20064
front,990,1789636386846762776,1789636386948049051,2934234474750428,20064,0,0,0,3652,0,3619,12793,16445,20064
rear,988,1789636386846977802,1789636386949274430,2934234475975659,20064,0,0,0,4921,0,4173,10970,15891,20064
rear,989,1789636386947127833,1789636387075324906,2934234602025937,19872,0,0,0,4685,0,4249,10938,15623,19872
front,991,1789636386946837273,1789636387074817228,2934234601518596,19968,0,0,0,3409,0,3528,13031,16440,19968
rear,990,1789636387046945386,1789636387214796710,2934234741497958,20064,0,0,0,4776,0,4275,11013,15789,20064
front,992,1789636387046814570,1789636387147961220,2934234674662508,19968,0,0,0,3386,0,3455,13127,16513,19968
front,993,1789636387146719198,1789636387247773212,2934234774474404,19968,0,0,0,3526,0,3575,12867,16393,19968
rear,991,1789636387146970220,1789636387248366811,2934234775067832,20064,0,0,0,5019,0,4137,10908,15927,20064
rear,992,1789636387247050892,1789636387447683389,2934234974384869,19872,0,0,0,4767,0,4153,10952,15719,19872
front,994,1789636387246649063,1789636387348104421,2934234874805829,20064,0,0,0,3312,0,3610,13142,16453,20064
rear,993,1789636387346902716,1789636387495258494,2934235021959546,20064,0,0,0,4627,0,4279,11158,15785,20064
front,995,1789636387346741521,1789636387494704650,2934235021405832,19968,0,0,0,3405,0,3443,13120,16525,19968
rear,994,1789636387447047908,1789636387587020261,2934235113721316,19968,0,0,0,4985,0,4096,10887,15872,19968
front,996,1789636387446734355,1789636387548136725,2934235074837983,20064,0,0,0,3498,0,3648,12918,16415,20064
front,997,1789636387546756003,1789636387647633360,2934235174334670,19968,0,0,0,3398,0,3486,13084,16481,19968
rear,995,1789636387546975935,1789636387648218601,2934235174919680,20064,0,0,0,4939,0,4235,10890,15829,20064
front,998,1789636387646682938,1789636387747807469,2934235274508776,19968,0,0,0,3338,0,3477,13153,16491,19968
rear,996,1789636387647070663,1789636387752779569,2934235279480557,19872,0,0,0,4690,0,4250,10932,15622,19872
rear,997,1789636387746934080,1789636387870785629,2934235397486606,19968,0,0,0,4817,0,4309,10842,15659,19968
front,999,1789636387746685990,1789636387847906901,2934235374608178,20064,0,0,0,3631,0,3674,12759,16390,20064
rear,998,1789636387846993322,1789636387989802178,2934235516503367,20160,0,0,0,5062,0,4168,10930,15992,20160
front,1000,1789636387846669574,1789636387947360237,2934235474061974,19968,0,0,0,3293,0,3503,13172,16464,19968
rear,999,1789636387947020465,1789636388075382331,2934235602083472,19872,0,0,0,4755,0,4213,10904,15659,19872
front,1001,1789636387946668424,1789636388048237477,2934235574938622,20064,0,0,0,3511,0,3478,13075,16586,20064
front,1002,1789636388046812549,1789636388147496827,2934235674198183,19968,0,0,0,3487,0,3617,12864,16351,19968
rear,1000,1789636388046965613,1789636388194196212,2934235720897523,19968,0,0,0,4724,0,4270,10974,15698,19968
rear,1001,1789636388146988435,1789636388248230122,2934235774931121,20064,0,0,0,5090,0,4080,10894,15984,20064
front,1003,1789636388146606148,1789636388247552129,2934235774253361,19968,0,0,0,3457,0,3498,13013,16470,19968
rear,1002,1789636388246913460,1789636388348864846,2934235875565862,19968,0,0,0,4957,0,4121,10890,15847,19968
front,1004,1789636388246631445,1789636388348185823,2934235874887086,20064,0,0,0,3382,0,3477,13205,16587,20064
rear,1003,1789636388346939825,1789636388454261879,2934235980962885,19968,0,0,0,4727,0,4229,11012,15739,19968
front,1005,1789636388346643497,1789636388453010877,2934235979712788,20064,0,0,0,3693,0,3666,12705,16398,20064
rear,1004,1789636388446909455,1789636388561660818,2934236088361779,20064,0,0,0,4979,0,4144,10941,15920,20064
front,1006,1789636388446807506,1789636388548041709,2934236074742948,19968,0,0,0,3223,0,3497,13248,16471,19968
front,1007,1789636388547272131,1789636388880799620,2934236407501179,19968,0,0,0,3472,0,3496,13000,16471,19968
front,1008,1789636388646805056,1789636388903439067,2934236430139973,20064,0,0,0,3598,0,3636,12830,16428,20064
rear,1005,1789636388546952608,1789636388902832144,2934236429533236,19968,0,0,0,4954,0,4203,10811,15765,19968
rear,1006,1789636388646899043,1789636388903921980,2934236430622932,19968,0,0,0,4716,0,4334,10918,15634,19968
front,1009,1789636388746813842,1789636388905912199,2934236432613208,19968,0,0,0,3189,0,3486,13293,16479,19968
rear,1007,1789636388746845477,1789636388906685842,2934236433386754,20064,0,0,0,4824,0,4332,10908,15732,20064
front,1010,1789636388846812081,1789636388947775320,2934236474476667,19968,0,0,0,3402,0,3617,12949,16351,19968
rear,1008,1789636388846896803,1789636388949882106,2934236476583061,19968,0,0,0,5046,0,4079,10843,15889,19968
front,1011,1789636388946647337,1789636389047514596,2934236574216000,19968,0,0,0,3529,0,3509,12930,16459,19968
rear,1009,1789636388946873171,1789636389057982150,2934236584683443,19968,0,0,0,4904,0,4136,10928,15832,19968
front,1012,1789636389046611890,1789636389148184640,2934236674885682,20064,0,0,0,2970,0,3619,13475,16444,20064
rear,1010,1789636389046860801,1789636389161522303,2934236688223304,20160,0,0,0,4873,0,4228,11059,15932,20160
front,1013,1789636389146761852,1789636389247714840,2934236774415917,19968,0,0,0,3571,0,3505,12892,16462,19968
rear,1011,1789636389146903128,1789636389248408536,2934236775109639,19872,0,0,0,5071,0,4080,10721,15792,19872
front,1014,1789636389246618765,1789636389347647751,2934236874349099,20064,0,0,0,3026,0,3655,13383,16409,20064
rear,1012,1789636389246876003,1789636389373730905,2934236900432154,19968,0,0,0,4901,0,4117,10950,15851,19968
front,1015,1789636389347275042,1789636389447804256,2934236974505360,19968,0,0,0,3452,0,3500,13016,16467,19968
rear,1013,1789636389346806222,1789636389476938743,2934237003640384,20064,0,0,0,4763,0,4236,11065,15828,20064
front,1016,1789636389446732894,1789636389548383553,2934237075084812,20064,0,0,0,3122,0,3628,13314,16435,20064
rear,1014,1789636389546874619,1789636389661402985,2934237188104020,20064,0,0,0,5000,0,4309,10755,15755,20064
rear,1015,1789636389446806259,1789636389647756322,2934237174457790,19968,0,0,0,4882,0,4292,10794,15676,19968
front,1017,1789636389547269210,1789636389648588111,2934237175289438,19968,0,0,0,3497,0,3541,12930,16427,19968
front,1018,1789636389647336685,1789636389747837872,2934237274539163,19968,0,0,0,2998,0,3614,13356,16354,19968
rear,1016,1789636389646976995,1789636389793409743,2934237320111219,19968,0,0,0,4861,0,4181,10926,15787,19968
front,1019,1789636389746753512,1789636389847593552,2934237374294909,19776,0,0,0,3360,0,3523,12893,16250,19776
rear,1017,1789636389746831393,1789636389947648281,2934237474349363,19968,0,0,0,4749,0,4244,10975,15724,19968
rear,1018,1789636389846843379,1789636389950399118,2934237477100283,19968,0,0,0,5040,0,4084,10844,15884,19968
front,1020,1789636389846670317,1789636389949246511,2934237475947637,20256,0,0,0,3595,0,3626,13035,16630,20256
front,1021,1789636389947323380,1789636390048100857,2934237574802253,19872,0,0,0,3370,0,3509,12993,16362,19872
rear,1019,1789636389946775651,1789636390049112960,2934237575814080,20160,0,0,0,5018,0,4130,11012,16030,20160
rear,1020,1789636390046960956,1789636390151042978,2934237677744135,19872,0,0,0,4752,0,4249,10871,15623,19872
front,1022,1789636390047274838,1789636390147724673,2934237674425955,19872,0,0,0,3278,0,3480,13114,16392,19872
front,1023,1789636390146644624,1789636390247897014,2934237774598463,20064,0,0,0,3765,0,3581,12718,16483,20064
rear,1021,1789636390146772334,1789636390249045716,2934237775746842,19968,0,0,0,4910,0,4195,10863,15773,19968
rear,1022,1789636390246687077,1789636390362461642,2934237889162792,20064,0,0,0,5003,0,4107,10954,15957,20064
front,1024,1789636390246606270,1789636390347714853,2934237874416179,19968,0,0,0,3285,0,3559,13124,16408,19968
front,1025,1789636390346594905,1789636390447784037,2934237974485199,19968,0,0,0,3516,0,3476,12976,16492,19968
rear,1023,1789636390346798664,1789636390466788215,2934237993489567,19968,0,0,0,4779,0,4281,10908,15687,19968
rear,1024,1789636390446771930,1789636390564822336,2934238091523304,19968,0,0,0,4762,0,4356,10850,15612,19968
front,1026,1789636390446744963,1789636390547954487,2934238074655656,20064,0,0,0,3488,0,3610,12966,16454,20064
rear,1025,1789636390546675747,1789636390669583197,2934238196284166,19968,0,0,0,5042,0,4167,10759,15801,19968
front,1027,1789636390546708881,1789636390669119555,2934238195820670,19968,0,0,0,3477,0,3561,12930,16407,19968
front,1028,1789636390646802168,1789636390747722966,2934238274424175,19968,0,0,0,3363,0,3456,13149,16511,19968
rear,1026,1789636390646627000,1789636390762067366,2934238288768537,20064,0,0,0,4937,0,4121,11006,15943,20064
front,1029,1789636390746719847,1789636390847721430,2934238374422617,19968,0,0,0,3594,0,3552,12822,16415,19968
rear,1027,1789636390746698533,1789636390848559772,2934238375260704,19968,0,0,0,4772,0,4233,10963,15735,19968
front,1030,1789636390846630755,1789636390947813964,2934238474515385,20064,0,0,0,3367,0,3607,13090,16456,20064
rear,1028,1789636390846609441,1789636390948634009,2934238475335009,20064,0,0,0,5013,0,4132,10919,15932,20064
rear,1029,1789636390946739841,1789636391048465191,2934238575166220,19968,0,0,0,5004,0,4122,10842,15846,19968
front,1031,1789636390946798798,1789636391047775966,2934238574477575,19968,0,0,0,3480,0,3389,13099,16579,19968
rear,1030,1789636391046637725,1789636391184851874,2934238711552841,19968,0,0,0,4790,0,4222,10956,15746,19968
front,1032,1789636391046705086,1789636391147569768,2934238674271016,19968,0,0,0,3465,0,3616,12887,16350,19968
rear,1031,1789636391146603184,1789636391348053902,2934238874754873,20064,0,0,0,4865,0,4241,10958,15823,20064
rear,1032,1789636391246695647,1789636391349523602,2934238876224562,19968,0,0,0,4995,0,4195,10778,15773,19968
front,1033,1789636391247057049,1789636391348978654,2934238875679655,19872,0,0,0,3386,0,3498,12988,16371,19872
front,1034,1789636391146679048,1789636391347589789,2934238874291209,20064,0,0,0,3402,0,3542,13120,16521,20064
front,1035,1789636391346629983,1789636391448278493,2934238974979758,20160,0,0,0,3501,0,3605,13054,16554,20160
rear,1033,1789636391346608333,1789636391474006591,2934239000707801,20064,0,0,0,4846,0,4305,10913,15759,20064
front,1036,1789636391446745982,1789636391547837921,2934239074539287,19968,0,0,0,3406,0,3537,13025,16431,19968
rear,1034,1789636391446722490,1789636391548580862,2934239075282019,19968,0,0,0,4755,0,4243,10970,15725,19968
front,1037,1789636391547186557,1789636391647604022,2934239174305230,19968,0,0,0,3415,0,3408,13145,16560,19968
rear,1035,1789636391546686079,1789636391682181486,2934239208882984,19968,0,0,0,5071,0,4096,10801,15872,19968
rear,1036,1789636391646587553,1789636391824099647,2934239350801145,20064,0,0,0,4990,0,4126,10948,15938,20064
front,1038,1789636391646690410,1789636391748298029,2934239274999557,20064,0,0,0,3615,0,3710,12739,16354,20064
front,1039,1789636391747113424,1789636391847591218,2934239374292347,19968,0,0,0,3392,0,3432,13144,16535,19968
rear,1037,1789636391746615173,1789636391946423690,2934239473125100,19968,0,0,0,4741,0,4245,10982,15723,19968
rear,1038,1789636391846656433,1789636392047663567,2934239574364710,19968,0,0,0,4894,0,4217,10857,15751,19968
front,1040,1789636391846677977,1789636391970109917,2934239496811191,19968,0,0,0,3549,0,3409,13010,16558,19968
front,1041,1789636392046800766,1789636392572179320,2934240098880354,19968,0,0,0,3559,0,3439,12970,16528,19968
rear,1039,1789636392146592967,1789636392572794276,2934240099495236,20064,0,0,0,4740,0,4433,10891,15631,20064
front,1042,1789636391946602612,1789636392511292069,2934240037993200,20064,0,0,0,3468,0,3725,12871,16338,20064
rear,1040,1789636392046638248,1789636392570725103,2934240097426431,19968,0,0,0,4833,0,4206,10929,15762,19968
rear,1041,1789636392246762437,1789636392575694344,2934240102395292,19968,0,0,0,5017,0,4133,10818,15835,19968
front,1043,1789636392146711187,1789636392574937558,2934240101638495,19968,0,0,0,3385,0,3436,13147,16532,19968
rear,1042,1789636392446601321,1789636392579285569,2934240105986518,19968,0,0,0,4735,0,4253,10980,15715,19968
front,1044,1789636392346953399,1789636392578887391,2934240105588345,20064,0,0,0,3404,0,3416,13244,16647,20064
rear,1043,1789636392346566757,1789636392578003517,2934240104704629,19968,0,0,0,4930,0,4130,10908,15838,19968
front,1045,1789636392246557014,1789636392577035076,2934240103736217,20064,0,0,0,3740,0,3702,12622,16360,20064
front,1046,1789636392447081364,1789636392581378231,2934240108079183,19968,0,0,0,3617,0,3380,12971,16588,19968
front,1047,1789636392547058777,1789636392647481488,2934240174182699,19968,0,0,0,3426,0,3792,12750,16175,19968
rear,1044,1789636392546522586,1789636392648633079,2934240175334186,20064,0,0,0,4945,0,4214,10905,15850,20064
front,1048,1789636392646600830,1789636392747907096,2934240274608514,20064,0,0,0,3501,0,3382,13181,16682,20064
rear,1045,1789636392646548276,1789636392748683665,2934240275384772,19968,0,0,0,4997,0,4107,10864,15861,19968
rear,1046,1789636392746544695,1789636392848538385,2934240375239686,19968,0,0,0,4770,0,4189,11009,15779,19968
front,1049,1789636392747021982,1789636392847836459,2934240374537839,19968,0,0,0,3449,0,3417,13102,16551,19968
front,1050,1789636392846935483,1789636392947560525,2934240474261910,19968,0,0,0,3461,0,3737,12770,16231,19968
rear,1047,1789636392846519991,1789636392953643674,2934240480344850,20064,0,0,0,4789,0,4236,11039,15828,20064
rear,1048,1789636392946495160,1789636393064847292,2934240591548350,20064,0,0,0,5041,0,4202,10821,15862,20064
front,1051,1789636392946617474,1789636393048240037,2934240574941372,19968,0,0,0,3480,0,3378,13110,16590,19968
front,1052,1789636393146435291,1789636393273363739,2934240800064721,20064,0,0,0,3482,0,3784,12798,16280,20064
rear,1049,1789636393146636109,1789636393273888193,2934240800589165,20064,0,0,0,4748,0,4286,11030,15778,20064
front,1053,1789636393046520550,1789636393272032987,2934240798734329,19968,0,0,0,3384,0,3402,13182,16565,19968
rear,1050,1789636393046730761,1789636393272591256,2934240799292310,19968,0,0,0,4947,0,4224,10797,15744,19968
front,1054,1789636393246550628,1789636393347654461,2934240874355818,19968,0,0,0,3434,0,3370,13164,16596,19968
rear,1051,1789636393246718955,1789636393348229993,2934240874931022,19968,0,0,0,4912,0,4176,10880,15792,19968
rear,1052,1789636393346659255,1789636393547664248,2934241074365301,19872,0,0,0,4978,0,4122,10772,15750,19872
rear,1053,1789636393446451126,1789636393551423875,2934241078124876,20160,0,0,0,4817,0,4231,11112,15929,20160
front,1055,1789636393346457685,1789636393448210606,2934240974912213,20064,0,0,0,3465,0,3438,13161,16625,20064
front,1056,1789636393446636555,1789636393550574689,2934241077275782,20064,0,0,0,3425,0,3742,12897,16321,20064
front,1057,1789636393546952656,1789636393647660830,2934241174362131,19968,0,0,0,3577,0,3368,13023,16599,19968
rear,1054,1789636393546623856,1789636393708145346,2934241234846864,19968,0,0,0,4795,0,4242,10931,15726,19968
rear,1055,1789636393646632146,1789636393752383803,2934241279084782,19968,0,0,0,5038,0,4064,10866,15904,19968
front,1058,1789636393646848148,1789636393748289778,2934241274991158,20064,0,0,0,3432,0,3557,13075,16507,20064
rear,1056,1789636393746518700,1789636393871883002,2934241398584188,20064,0,0,0,4935,0,4137,10992,15927,20064
front,1059,1789636393746983869,1789636393847695788,2934241374396895,19872,0,0,0,3604,0,3581,12687,16291,19872
rear,1057,1789636393946594507,1789636394117193984,2934241643895182,19968,0,0,0,4952,0,4190,10826,15778,19968
front,1060,1789636393947866214,1789636394065142122,2934241591843368,19968,0,0,0,3658,0,3610,12700,16357,19968
front,1061,1789636393846408131,1789636393974523241,2934241501224623,20160,0,0,0,3443,0,3376,13341,16783,20160
rear,1058,1789636393846606924,1789636394047648275,2934241574349616,19968,0,0,0,4747,0,4318,10903,15650,19968
front,1062,1789636394046933821,1789636394147687370,2934241674388571,19968,0,0,0,3398,0,3550,13020,16418,19968
rear,1059,1789636394046500741,1789636394148397774,2934241675098788,20064,0,0,0,4963,0,4203,10898,15861,20064
front,1063,1789636394146603648,1789636394276211061,2934241802912264,20064,0,0,0,3611,0,3376,13077,16688,20064
rear,1060,1789636394146457420,1789636394277216226,2934241803917389,19968,0,0,0,4726,0,4253,10989,15715,19968
rear,1061,1789636394246596227,1789636394348054232,2934241874755263,19968,0,0,0,4822,0,4230,10916,15738,19968
front,1064,1789636394246920172,1789636394347546731,2934241874248170,19968,0,0,0,3455,0,3671,12842,16296,19968
front,1065,1789636394346851380,1789636394447642937,2934241974344088,19968,0,0,0,3602,0,3483,12883,16484,19968
rear,1062,1789636394546757132,1789636394732195425,2934242258896847,19968,0,0,0,4704,0,4274,10990,15694,19968
front,1066,1789636394546842714,1789636394710547741,2934242237248920,20064,0,0,0,3464,0,3709,12891,16355,20064
front,1067,1789636394446561789,1789636394547697996,2934242074399232,19968,0,0,0,3454,0,3388,13126,16580,19968
rear,1063,1789636394446738441,1789636394648003955,2934242174705297,19968,0,0,0,4796,0,4176,10996,15792,19968
rear,1064,1789636394646646757,1789636394782762976,2934242309464351,19968,0,0,0,4895,0,4113,10960,15855,19968
front,1068,1789636394646825553,1789636394747897799,2934242274598781,20064,0,0,0,3518,0,3421,13125,16640,20064
rear,1065,1789636394746539001,1789636394894124691,2934242420825809,20064,0,0,0,4906,0,4256,10902,15808,20064
front,1069,1789636394747826408,1789636394847591195,2934242374292765,19968,0,0,0,3451,0,3366,13151,16602,19968
rear,1066,1789636394846661376,1789636394948414266,2934242475115205,19968,0,0,0,4682,0,4343,10943,15625,19968
front,1070,1789636394846829749,1789636394947737754,2934242474439080,19968,0,0,0,3461,0,3780,12727,16188,19968
front,1071,1789636394946792235,1789636395048006015,2934242574707158,20064,0,0,0,3358,0,3391,13315,16672,20064
rear,1067,1789636394946604557,1789636395070053505,2934242596754606,19968,0,0,0,4882,0,4225,10861,15743,19968
front,1072,1789636395046911227,1789636395175699900,2934242702401094,19872,0,0,0,3458,0,3400,13014,16471,19872
rear,1068,1789636395046440156,1789636395176554672,2934242703255919,20064,0,0,0,4957,0,4120,10987,15944,20064
rear,1069,1789636395146624363,1789636395285855422,2934242812556570,19968,0,0,0,4732,0,4203,11033,15765,19968
front,1073,1789636395146439752,1789636395248329212,2934242775030373,20160,0,0,0,3432,0,3755,12973,16404,20160
rear,1070,1789636395246586068,1789636395367534043,2934242894235176,20064,0,0,0,4806,0,4256,11002,15808,20064
front,1074,1789636395247757379,1789636395347811326,2934242874512554,19872,0,0,0,3529,0,3404,12939,16468,19872
rear,1071,1789636395346625764,1789636395586993438,2934243113694389,19968,0,0,0,4901,0,4112,10955,15856,19968
front,1075,1789636395446741972,1789636395587612668,2934243114313659,19968,0,0,0,3612,0,3751,12605,16217,19968
front,1076,1789636395346418146,1789636395586450521,2934243113151632,20064,0,0,0,3417,0,3389,13258,16674,20064
rear,1072,1789636395446689348,1789636395588231078,2934243114932168,20064,0,0,0,4929,0,4140,10995,15924,20064
front,1077,1789636395546817927,1789636395647912141,2934243174613577,20064,0,0,0,3424,0,3388,13252,16676,20064
rear,1073,1789636395546796819,1789636395661818070,2934243188519132,19968,0,0,0,4532,0,4303,11133,15665,19968
front,1078,1789636395646769066,1789636395747684844,2934243274386313,19968,0,0,0,3679,0,3393,12896,16574,19968
rear,1074,1789636395646680454,1789636395807131709,2934243333833161,19968,0,0,0,4746,0,4271,10951,15697,19968
rear,1075,1789636395746658841,1789636395855691321,2934243382392290,19968,0,0,0,4832,0,4212,10924,15756,19968
front,1079,1789636395746681934,1789636395847834746,2934243374536229,20064,0,0,0,3395,0,3766,12903,16298,20064
front,1080,1789636395846790023,1789636395947714927,2934243474416057,19968,0,0,0,3653,0,3375,12940,16592,19968
rear,1076,1789636395846566654,1789636395952734904,2934243479435877,20064,0,0,0,4752,0,4274,11038,15790,20064
rear,1077,1789636395946662882,1789636396063594874,2934243590295958,19968,0,0,0,4625,0,4272,11071,15696,19968
front,1081,1789636395946701609,1789636396063096450,2934243589797874,20064,0,0,0,3429,0,3542,13093,16521,20064
rear,1078,1789636396046517237,1789636396202792631,2934243729493999,20064,0,0,0,4760,0,4276,11028,15788,20064
front,1082,1789636396047716944,1789636396147635042,2934243674336505,19968,0,0,0,3599,0,3610,12759,16357,19968
rear,1079,1789636396146711053,1789636396348677233,2934243875378262,19968,0,0,0,4776,0,4165,11027,15803,19968
rear,1080,1789636396246720555,1789636396349752811,2934243876453834,20064,0,0,0,4732,0,4275,11057,15789,20064
front,1083,1789636396146689387,1789636396348061958,2934243874763245,19968,0,0,0,3426,0,3415,13127,16553,19968
front,1084,1789636396246699499,1789636396349379323,2934243876080341,20064,0,0,0,3549,0,3512,13003,16551,20064
rear,1081,1789636396346754113,1789636396547492547,2934244074193850,19968,0,0,0,4605,0,4259,11104,15709,19968
rear,1082,1789636396446706199,1789636396647384673,2934244174086372,19968,0,0,0,4823,0,4190,10955,15778,19968
front,1085,1789636396346694036,1789636396447724945,2934243974426150,19968,0,0,0,3411,0,3639,12918,16327,19968
front,1086,1789636396446660596,1789636396548093323,2934244074794346,19968,0,0,0,3386,0,3414,13168,16554,19968
front,1087,1789636396846626921,1789636397295799141,2934244822500130,20064,0,0,0,3395,0,3617,13052,16446,20064
rear,1083,1789636396746676660,1789636397294827407,2934244821528384,19968,0,0,0,4754,0,4288,10926,15680,19968
front,1088,1789636396746646126,1789636397294196095,2934244820897346,19968,0,0,0,3519,0,3394,13055,16572,19968
front,1089,1789636396946590451,1789636397298373451,2934244825074405,19968,0,0,0,3489,0,3577,12902,16391,19968
rear,1084,1789636396946720568,1789636397298907871,2934244825608820,19968,0,0,0,4871,0,4118,10979,15850,19968
rear,1085,1789636396846605766,1789636397297311413,2934244824012511,20064,0,0,0,5006,0,4177,10881,15887,20064
front,1090,1789636397046611806,1789636397299566408,2934244826267316,20064,0,0,0,3348,0,3463,13253,16600,20064
rear,1086,1789636397046633009,1789636397301598311,2934244828299254,20064,0,0,0,4779,0,4250,11035,15814,20064
front,1091,1789636397147597229,1789636397301897414,2934244828598355,20064,0,0,0,3601,0,3689,12774,16375,20064
rear,1087,1789636397146668408,1789636397302781633,2934244829482711,19872,0,0,0,4926,0,4115,10831,15757,19872
rear,1088,1789636397246544813,1789636397383535955,2934244910237549,20160,0,0,0,4945,0,4152,11063,16008,20160
front,1092,1789636397247706955,1789636397347771556,2934244874472659,19872,0,0,0,3404,0,3460,13008,16411,19872
front,1093,1789636397346609822,1789636397448293778,2934244974995089,20064,0,0,0,3533,0,3457,13074,16607,20064
rear,1089,1789636397347012155,1789636397480131361,2934245006832620,19872,0,0,0,4664,0,4262,10946,15610,19872
front,1094,1789636397446798975,1789636397547806664,2934245074507781,19968,0,0,0,3490,0,3593,12885,16374,19968
rear,1090,1789636397446593199,1789636397560883948,2934245087584971,20064,0,0,0,4738,0,4308,11018,15756,20064
rear,1091,1789636397546761803,1789636397648377327,2934245175078299,19968,0,0,0,4979,0,4177,10812,15791,19968
front,1095,1789636397546617503,1789636397647647304,2934245174348585,19968,0,0,0,3600,0,3522,12846,16445,19968
rear,1092,1789636397646669909,1789636397792483616,2934245319184706,19968,0,0,0,4767,0,4275,10926,15693,19968
front,1096,1789636397646597141,1789636397747499890,2934245274201138,19968,0,0,0,3301,0,3461,13206,16506,19968
front,1097,1789636397847607785,1789636397971875024,2934245498576048,19872,0,0,0,3298,0,3482,13092,16389,19872
rear,1093,1789636397846689254,1789636398047622159,2934245574323362,19968,0,0,0,5005,0,4111,10852,15857,19968
rear,1094,1789636397746665586,1789636397947331752,2934245474033061,19968,0,0,0,4695,0,4300,10973,15668,19968
front,1098,1789636397946551905,1789636398048540470,2934245575241529,20064,0,0,0,3443,0,3469,13152,16595,20064
rear,1095,1789636398546643006,1789636399139262534,2934246665963690,20064,0,0,0,5043,0,4239,10782,15825,20064
front,1099,1789636398546457880,1789636399140013934,2934246666714933,20160,0,0,0,3382,0,3474,13304,16685,20160
front,1100,1789636398647628439,1789636399141729029,2934246668429997,19968,0,0,0,3527,0,3658,12783,16309,19968
rear,1096,1789636398646842937,1789636399141195127,2934246667896226,20064,0,0,0,4956,0,4208,10900,15856,20064
front,1101,1789636398747504505,1789636399144318078,2934246671019013,19968,0,0,0,3248,0,3458,13262,16508,19968
rear,1097,1789636398747836379,1789636399143708198,2934246670409191,19872,0,0,0,4718,0,4242,10912,15630,19872
rear,1098,1789636398846544767,1789636399144801796,2934246671502749,20064,0,0,0,5006,0,4119,10939,15945,20064
front,1102,1789636398846692676,1789636399145917791,2934246672618789,19968,0,0,0,3289,0,3587,13092,16381,19968
rear,1099,1789636398946781477,1789636399146823783,2934246673524738,19968,0,0,0,4953,0,4129,10886,15839,19968
front,1103,1789636400546627614,1789636401131329901,2934248658031228,19968,0,0,0,3314,0,3544,13110,16423,19968
rear,1100,1789636400546482531,1789636401132200770,2934248658901868,20160,0,0,0,4922,0,4219,11019,15941,20160
front,1104,1789636400647368185,1789636401133259135,2934248659960215,19968,0,0,0,3341,0,3506,13121,16462,19968
front,1105,1789636400747325036,1789636401135797021,2934248662497993,20064,0,0,0,3534,0,3531,12999,16532,20064
rear,1101,1789636400647756906,1789636401135138829,2934248661839802,19872,0,0,0,5003,0,4093,10776,15779,19872
front,1106,1789636400847319284,1789636401137663447,2934248664364561,19968,0,0,0,3373,0,3621,12974,16346,19968
front,1107,1789636400947479947,1789636401139106826,2934248665807800,19968,0,0,0,3398,0,3414,13156,16553,19968
rear,1102,1789636400746458064,1789636401136950966,2934248663652059,20064,0,0,0,4863,0,4213,10988,15851,20064
rear,1103,1789636400846749026,1789636401138508782,2934248665209714,20064,0,0,0,4797,0,4250,11017,15814,20064
rear,1104,1789636400947691142,1789636401140797925,2934248667498935,19968,0,0,0,5044,0,4075,10849,15893,19968
front,1108,1789636401047305109,1789636401147552810,2934248674253766,19968,0,0,0,3563,0,3553,12852,16415,19968
rear,1105,1789636401047697223,1789636401148383085,2934248675084198,20064,0,0,0,4927,0,4225,10912,15839,20064
rear,1106,1789636401147729144,1789636401254800432,2934248781501507,19968,0,0,0,4733,0,4337,10898,15631,19968
front,1109,1789636401147304155,1789636401248191699,2934248774893216,20064,0,0,0,3409,0,3606,13049,16458,20064
rear,1107,1789636401247762038,1789636401380948972,2934248907650512,19968,0,0,0,4977,0,4232,10759,15736,19968
front,1110,1789636401247326000,1789636401347780002,2934248874481507,19968,0,0,0,3552,0,3436,12980,16532,19968
rear,1108,1789636401346673173,1789636401469246375,2934248995947413,20064,0,0,0,4967,0,4120,10977,15944,20064
front,1111,1789636401347393878,1789636401457036449,2934248983737648,20064,0,0,0,3497,0,3570,12997,16493,20064
front,1112,1789636401547361581,1789636401649728512,2934249176429455,19968,0,0,0,3303,0,3464,13201,16503,19968
front,1113,1789636401447290720,1789636401648318016,2934249175019873,19968,0,0,0,3569,0,3577,12822,16390,19968
rear,1109,1789636401447707656,1789636401649062856,2934249175764129,19872,0,0,0,4791,0,4231,10850,15641,19872
rear,1110,1789636401546459760,1789636401650470498,2934249177171633,20160,0,0,0,4860,0,4234,11066,15926,20160
front,1114,1789636401647294945,1789636401748204810,2934249274906284,20064,0,0,0,3688,0,3596,12780,16467,20064
rear,1111,1789636401647770959,1789636401749227765,2934249275928876,19968,0,0,0,5026,0,4085,10857,15883,19968
front,1115,1789636401847524961,1789636401951100039,2934249477801020,19872,0,0,0,3592,0,3386,12894,16486,19872
front,1116,1789636401747421737,1789636401948684398,2934249475385873,20064,0,0,0,3377,0,3558,13129,16506,20064
rear,1112,1789636401747629155,1789636401950236315,2934249476937442,19968,0,0,0,4872,0,4138,10958,15830,19968
rear,1113,1789636401847637586,1789636401951797158,2934249478498241,20064,0,0,0,4794,0,4265,11005,15799,20064
front,1117,1789636401947258971,1789636402048120996,2934249574822373,20064,0,0,0,3497,0,3647,12920,16415,20064
rear,1114,1789636401947736817,1789636402049607114,2934249576308206,19968,0,0,0,5060,0,4173,10735,15795,19968
rear,1115,1789636402047580221,1789636402195934101,2934249722635367,20064,0,0,0,4949,0,4279,10836,15785,20064
front,1118,1789636402047383922,1789636402148085499,2934249674787058,19968,0,0,0,3499,0,3484,12985,16481,19968
rear,1116,1789636402147715955,1789636402282150912,2934249808852079,19968,0,0,0,4694,0,4240,11034,15728,19968
front,1119,1789636402147313607,1789636402248592531,2934249775293966,19968,0,0,0,3443,0,3436,13089,16531,19968
rear,1117,1789636402247647595,1789636402374041494,2934249900742499,19968,0,0,0,4870,0,4233,10865,15735,19968
front,1120,1789636402247217562,1789636402348736704,2934249875437994,20064,0,0,0,3520,0,3634,12910,16430,20064
rear,1118,1789636402347582544,1789636402456004926,2934249982706180,20064,0,0,0,5048,0,4128,10888,15936,20064
front,1121,1789636402347262691,1789636402448198249,2934249974899680,19968,0,0,0,3400,0,3517,13051,16450,19968
rear,1119,1789636402447645441,1789636402572633558,2934250099334698,19872,0,0,0,4842,0,4169,10861,15703,19872
front,1122,1789636402447268681,1789636402548054892,2934250074756187,20064,0,0,0,3402,0,3380,13282,16684,20064
front,1123,1789636402547312631,1789636402647725266,2934250174426807,19968,0,0,0,3528,0,3728,12712,16240,19968
rear,1120,1789636402546494803,1789636402648636841,2934250175337951,20064,0,0,0,4809,0,4237,11018,15827,20064
rear,1121,1789636402647507816,1789636402764530027,2934250291231284,20064,0,0,0,5043,0,4069,10952,15995,20064
front,1124,1789636402647351058,1789636402748029541,2934250274730924,19968,0,0,0,3397,0,3437,13134,16530,19968
front,1125,1789636402747199021,1789636402847810744,2934250374511947,19968,0,0,0,3512,0,3399,13057,16569,19968
rear,1122,1789636402747687206,1789636402882845140,2934250409546292,19968,0,0,0,4947,0,4153,10868,15815,19968
rear,1123,1789636402847662997,1789636402949429316,2934250476130429,19968,0,0,0,4744,0,4336,10888,15632,19968
front,1126,1789636402847177494,1789636402948645638,2934250475346992,20160,0,0,0,3443,0,3757,12960,16402,20160
front,1127,1789636402947432415,1789636403047738810,2934250574440330,19968,0,0,0,3568,0,3391,13009,16574,19968
rear,1124,1789636402947491496,1789636403065328905,2934250592030030,20064,0,0,0,4934,0,4337,10793,15727,20064
front,1128,1789636403047303048,1789636403147864623,2934250674566026,19968,0,0,0,3419,0,3418,13131,16550,19968
rear,1125,1789636403047644671,1789636403174653995,2934250701355121,19968,0,0,0,4960,0,4116,10892,15852,19968
front,1129,1789636403147204708,1789636403248625600,2934250775327252,20064,0,0,0,3627,0,3766,12671,16297,20064
rear,1126,1789636403147602314,1789636403249562287,2934250776263372,19968,0,0,0,4773,0,4204,10991,15764,19968
rear,1127,1789636403247537421,1789636403366098811,2934250892800077,20064,0,0,0,4787,0,4251,11026,15813,20064
front,1130,1789636403247375485,1789636403365608493,2934250892310190,19968,0,0,0,3405,0,3407,13156,16560,19968
front,1131,1789636403347213313,1789636403449008890,2934250975710219,20064,0,0,0,3657,0,3416,12991,16647,20064
front,1132,1789636403447400712,1789636403977524645,2934251504225759,19968,0,0,0,3390,0,3735,12843,16232,19968
rear,1128,1789636403447572738,1789636403983893834,2934251510594969,20064,0,0,0,4934,0,4145,10985,15919,20064
rear,1129,1789636403347515345,1789636403547765116,2934251074466700,19968,0,0,0,5045,0,4095,10828,15873,19968
rear,1130,1789636403547592942,1789636403986918263,2934251513619207,19968,0,0,0,4729,0,4240,10999,15728,19968
front,1133,1789636403547229013,1789636403986223431,2934251512924411,19968,0,0,0,3579,0,3400,12989,16568,19968
rear,1131,1789636403747523886,1789636403990254120,2934251516955098,20064,0,0,0,4970,0,4298,10796,15766,20064
front,1134,1789636403747359070,1789636403989724435,2934251516425413,19968,0,0,0,3542,0,3673,12753,16295,19968
rear,1132,1789636403647591332,1789636403988756672,2934251515457787,19968,0,0,0,4965,0,4161,10842,15807,19968
front,1135,1789636403647202715,1789636403988240383,2934251514941500,20064,0,0,0,3500,0,3461,13103,16603,20064
front,1136,1789636403847236010,1789636403992195411,2934251518896340,19968,0,0,0,3435,0,3414,13119,16554,19968
rear,1133,1789636403847589004,1789636403992719483,2934251519420464,19968,0,0,0,4724,0,4303,10941,15665,19968
rear,1134,1789636403947582111,1789636404147651651,2934251674352966,19968,0,0,0,4811,0,4237,10920,15731,19968
rear,1135,1789636404047503551,1789636404160231726,2934251686932715,20064,0,0,0,4986,0,4096,10982,15968,20064
front,1137,1789636404047093855,1789636404149004884,2934251675705860,19968,0,0,0,3472,0,3737,12759,16228,19968
front,1138,1789636403947165721,1789636404047599935,2934251574301509,19968,0,0,0,3402,0,3425,13141,16543,19968
rear,1136,1789636404147517902,1789636404315931457,2934251842632806,19968,0,0,0,4808,0,4162,10998,15806,19968
front,1139,1789636404147083799,1789636404248617170,2934251775318611,20160,0,0,0,3443,0,3350,13367,16810,20160
rear,1137,1789636404247425120,1789636404349768874,2934251876470005,19968,0,0,0,4806,0,4243,10919,15725,19968
front,1140,1789636404247329834,1789636404348212298,2934251874913673,19968,0,0,0,3514,0,3571,12883,16394,19968
rear,1138,1789636404347436289,1789636404462421886,2934251989122959,20064,0,0,0,4962,0,4112,10990,15952,20064
front,1141,1789636404347297822,1789636404447631701,2934251974332951,19968,0,0,0,3407,0,3593,12968,16375,19968
rear,1139,1789636404447493225,1789636404648365143,2934252175066772,19968,0,0,0,4889,0,4130,10949,15838,19968
rear,1140,1789636404547413281,1789636404690738361,2934252217439413,19968,0,0,0,4682,0,4268,11018,15700,19968
front,1142,1789636404447120298,1789636404547771258,2934252074472793,19968,0,0,0,3544,0,3380,13044,16587,19968
rear,1141,1789636404647427254,1789636404791551980,2934252318253384,20064,0,0,0,4838,0,4359,10867,15705,20064
front,1143,1789636404647370701,1789636404747586973,2934252274288091,19872,0,0,0,3567,0,3429,12876,16443,19872
rear,1142,1789636404747474523,1789636404899983115,2934252426684584,19968,0,0,0,4923,0,4216,10829,15752,19968
front,1144,1789636404747091990,1789636404848805136,2934252375506461,20064,0,0,0,3440,0,3380,13244,16684,20064
rear,1143,1789636404847455517,1789636405000570476,2934252527271890,19968,0,0,0,4826,0,4191,10951,15777,19968
front,1145,1789636404847267285,1789636404948601774,2934252475303107,20064,0,0,0,3609,0,3765,12690,16299,20064
rear,1144,1789636404947372100,1789636405147903875,2934252674605319,20064,0,0,0,4791,0,4256,11017,15808,20064
front,1146,1789636404947350881,1789636405047568050,2934252574269203,19872,0,0,0,3424,0,3393,13055,16478,19872
rear,1145,1789636405047326791,1789636405149972829,2934252676673803,19968,0,0,0,4957,0,4107,10904,15861,19968
front,1147,1789636405047043767,1789636405149280661,2934252675981750,20064,0,0,0,3617,0,3375,13072,16688,20064
rear,1146,1789636405147359605,1789636405257334040,2934252784035224,20064,0,0,0,4970,0,4140,10954,15924,20064
front,1148,1789636405147208045,1789636405248189199,2934252774890411,19968,0,0,0,3446,0,3730,12792,16238,19968
front,1149,1789636405247083026,1789636405347732727,2934252874434019,19968,0,0,0,3618,0,3424,12926,16544,19968
rear,1147,1789636405247460245,1789636405390608219,2934252917309445,19968,0,0,0,4669,0,4273,11026,15695,19968
rear,1148,1789636405347342360,1789636405449360845,2934252976062181,19968,0,0,0,4841,0,4229,10898,15739,19968
front,1150,1789636405346995642,1789636405448760766,2934252975462243,20064,0,0,0,3432,0,3410,13222,16654,20064
rear,1149,1789636405447323388,1789636405548997503,2934253075698547,19968,0,0,0,4894,0,4118,10956,15850,19968
front,1151,1789636405447167590,1789636405548399024,2934253075100390,20064,0,0,0,3562,0,3743,12759,16321,20064
front,1152,1789636405547217437,1789636405648505193,2934253175206434,19968,0,0,0,3474,0,3400,13094,16568,19968
rear,1150,1789636405547295967,1789636405649379225,2934253176080379,19968,0,0,0,4669,0,4244,11055,15724,19968
rear,1151,1789636405647310553,1789636405749053973,2934253275754981,20064,0,0,0,4615,0,4434,11015,15630,20064
front,1153,1789636405647192083,1789636405748365175,2934253275066546,20064,0,0,0,3494,0,3401,13169,16662,20064
front,1154,1789636405747225940,1789636405848062960,2934253374764383,19872,0,0,0,3472,0,3729,12671,16143,19872
rear,1152,1789636405747303641,1789636405848862843,2934253375563839,20064,0,0,0,5010,0,4111,10943,15953,20064
front,1155,1789636405846971329,1789636405990838107,2934253517539691,19968,0,0,0,3399,0,3389,13180,16579,19968
rear,1153,1789636405847406113,1789636405991360282,2934253518061300,19968,0,0,0,4914,0,4134,10920,15834,19968
rear,1154,1789636405947272356,1789636406064067698,2934253590769168,19968,0,0,0,4607,0,4298,11063,15670,19968
rear,1155,1789636406047275028,1789636406164823353,2934253691524432,20064,0,0,0,4764,0,4269,11031,15795,20064
front,1156,1789636406047253201,1789636406148081058,2934253674782475,19872,0,0,0,3394,0,3699,12779,16173,19872
rear,1156,1789636406147399364,1789636406347708692,2934253874409925,19968,0,0,0,4871,0,4188,10909,15780,19968
front,1157,1789636406146927467,1789636406249291765,2934253775992976,20160,0,0,0,3534,0,3377,13249,16783,20160
front,1158,1789636406947219966,1789636407510175115,2934255036876469,19968,0,0,0,3603,0,3544,12821,16424,19968
rear,1157,1789636407047203269,1789636407614837990,2934255141539157,20064,0,0,0,4846,0,4234,10984,15830,20064
front,1159,1789636411046809161,1789636411567086277,2934259093787577,19872,0,0,0,3553,0,3443,12876,16429,19872
rear,1158,1789636411046878398,1789636411613582109,2934259140283399,19968,0,0,0,4963,0,4134,10871,15834,19968
front,1160,1789636411146720003,1789636411614577025,2934259141278139,20160,0,0,0,3487,0,3699,12974,16461,20160
rear,1159,1789636411146905997,1789636411615707202,2934259142408282,20064,0,0,0,4777,0,4297,10990,15767,20064
rear,1160,1789636411246976949,1789636411618410532,2934259145111467,19968,0,0,0,4845,0,4327,10796,15641,19968
front,1161,1789636411246811590,1789636411617649463,2934259144350452,19968,0,0,0,3542,0,3446,12980,16521,19968
front,1162,1789636411446774869,1789636411621187853,2934259147888861,20064,0,0,0,3511,0,3629,12924,16434,20064
rear,1161,1789636411446846358,1789636411621772614,2934259148473529,20064,0,0,0,4880,0,4143,11041,15921,20064
rear,1162,1789636411346884301,1789636411620206230,2934259146907328,19968,0,0,0,5045,0,4184,10739,15784,19968
front,1163,1789636411346850658,1789636411619622706,2934259146323825,19968,0,0,0,3464,0,3474,13030,16494,19968
front,1164,1789636411546762136,1789636411647883921,2934259174585323,19968,0,0,0,3374,0,3492,13102,16476,19968
rear,1163,1789636411546894828,1789636411672368211,2934259199069496,19968,0,0,0,4782,0,4244,10942,15724,19968
front,1165,1789636411646832099,1789636411748120591,2934259274821657,20064,0,0,0,3473,0,3513,13078,16551,20064
rear,1164,1789636411646918029,1789636411756337051,2934259283038046,19968,0,0,0,5042,0,4095,10831,15873,19968
front,1166,1789636411746816571,1789636411848347718,2934259375048948,19872,0,0,0,3394,0,3637,12841,16234,19872
rear,1165,1789636411746784809,1789636411849121314,2934259375822454,20064,0,0,0,4980,0,4130,10954,15934,20064
front,1167,1789636411846737116,1789636411948227794,2934259474929287,20064,0,0,0,3395,0,3398,13271,16665,20064
rear,1166,1789636411846848954,1789636411949171006,2934259475872101,19968,0,0,0,4770,0,4230,10968,15738,19968
front,1168,1789636411946815750,1789636412047854904,2934259574556721,19968,0,0,0,3544,0,3485,12939,16483,19968
rear,1167,1789636411946758210,1789636412072719508,2934259599420662,19968,0,0,0,4814,0,4243,10911,15725,19968
front,1169,1789636412046692837,1789636412148334359,2934259675035419,20064,0,0,0,3431,0,3646,12987,16417,20064
rear,1168,1789636412046786317,1789636412148973809,2934259675674824,20064,0,0,0,5001,0,4201,10862,15863,20064
rear,1169,1789636412246780291,1789636412413977723,2934259940678881,19968,0,0,0,4729,0,4319,10920,15649,19968
front,1170,1789636412246759981,1789636412380501332,2934259907202409,19968,0,0,0,3491,0,3481,12996,16486,19968
rear,1170,1789636412146836372,1789636412347265423,2934259873966627,19968,0,0,0,4754,0,4267,10947,15701,19968
front,1171,1789636412146815586,1789636412247849380,2934259774550612,19968,0,0,0,3481,0,3427,13060,16541,19968
front,1172,1789636412346650925,1789636412448186102,2934259974887531,19968,0,0,0,3508,0,3664,12796,16304,19968
rear,1171,1789636412346751832,1789636412456406161,2934259983107479,20064,0,0,0,5029,0,4100,10935,15964,20064
front,1173,1789636412446615402,1789636412548336265,2934260075037639,20064,0,0,0,3370,0,3443,13251,16620,20064
rear,1172,1789636412446804590,1789636412549067460,2934260075768544,20064,0,0,0,4984,0,4115,10965,15949,20064
front,1174,1789636412546622939,1789636412649503655,2934260176205078,19968,0,0,0,3674,0,3520,12774,16448,19968
rear,1173,1789636412546872616,1789636412650054340,2934260176755397,19872,0,0,0,4714,0,4239,10919,15633,19872
rear,1174,1789636412646728873,1789636412782380681,2934260309081729,20064,0,0,0,4923,0,4218,10923,15846,20064
front,1175,1789636412646659495,1789636412748084160,2934260274785615,20064,0,0,0,3375,0,3659,13030,16405,20064
front,1176,1789636412846664642,1789636412954284761,2934260480985901,20064,0,0,0,3463,0,3674,12927,16389,20064
front,1177,1789636412746666220,1789636412847703817,2934260374405381,19968,0,0,0,3639,0,3383,12946,16584,19968
rear,1175,1789636412746732343,1789636412947908375,2934260474609801,20064,0,0,0,5011,0,4114,10939,15950,20064
rear,1176,1789636412846828532,1789636413047544822,2934260574246071,19968,0,0,0,4843,0,4181,10944,15787,19968
front,1178,1789636417446589841,1789636417973839476,2934265500540849,20064,0,0,0,3575,0,3537,12952,16527,20064
front,1179,1789636418646878197,1789636419158820011,2934266685521085,19968,0,0,0,3612,0,3559,12797,16409,19968
rear,1177,1789636418646528443,1789636419158197799,2934266684899273,19968,0,0,0,5078,0,4149,10741,15819,19968
front,1180,1789636418746620053,1789636419159805252,2934266686506341,19968,0,0,0,3364,0,3569,13035,16399,19968
rear,1178,1789636418746415795,1789636419162544975,2934266689246046,20160,0,0,0,4992,0,4238,10930,15922,20160
front,1181,1789636418846560627,1789636419163242094,2934266689943105,20064,0,0,0,3259,0,3488,13317,16575,20064
rear,1179,1789636418846759876,1789636419164084247,2934266690785404,19872,0,0,0,4725,0,4253,10894,15619,19872
front,1182,1789636418946849952,1789636419164965244,2934266691666394,20064,0,0,0,3681,0,3591,12792,16472,20064
rear,1180,1789636418946562960,1789636419166931684,2934266693632637,20064,0,0,0,5011,0,4171,10882,15893,20064
front,1183,1789636419047874273,1789636419167806492,2934266694507450,19872,0,0,0,3165,0,3533,13174,16339,19872
rear,1181,1789636419046590334,1789636419169039657,2934266695740793,19968,0,0,0,4974,0,4133,10861,15835,19968
rear,1182,1789636419146654294,1789636419346986605,2934266873687890,20064,0,0,0,4777,0,4239,11048,15825,20064
front,1184,1789636419146828885,1789636419248187595,2934266774888884,20064,0,0,0,3249,0,3605,13210,16459,20064
front,1185,1789636419246906166,1789636419396159548,2934266922860912,19968,0,0,0,3626,0,3500,12842,16468,19968
front,1186,1789636420346850981,1789636420856600494,2934268383301886,19968,0,0,0,3239,0,3477,13252,16491,19968
rear,1183,1789636419246602566,1789636419447570537,2934266974271916,20064,0,0,0,4860,0,4224,10980,15840,20064
rear,1184,1789636422146675004,1789636422732553640,2934270259255016,20064,0,0,0,4985,0,4215,10864,15849,20064
front,1187,1789636423647614223,1789636424166502792,2934271693204248,19872,0,0,0,3553,0,3396,12923,16476,19872
front,1188,1789636426047415380,1789636426588832599,2934274115533964,20064,0,0,0,3406,0,3778,12880,16286,20064
rear,1185,1789636425947778784,1789636426483973753,2934274010675285,19872,0,0,0,4802,0,4154,10916,15718,19872
rear,1186,1789636429847513339,1789636430373060983,2934277899762164,19968,0,0,0,4902,0,4148,10918,15820,19968
front,1189,1789636431147304936,1789636431667424936,2934279194126232,19872,0,0,0,3511,0,3658,12703,16214,19872
rear,1187,1789636433947093525,1789636434498714176,2934282025415589,19968,0,0,0,4955,0,4210,10803,15758,19968
rear,1188,1789636437646759547,1789636438183735356,2934285710436638,20160,0,0,0,4728,0,4461,10971,15699,20160
front,1190,1789636437646695517,1789636438184600027,2934285711301185,20064,0,0,0,3383,0,3428,13253,16636,20064
front,1191,1789636434647073749,1789636435243055355,2934282769756845,20064,0,0,0,3437,0,3762,12865,16302,20064
rear,1189,1789636437746908340,1789636438187486678,2934285714187655,19968,0,0,0,5008,0,4108,10852,15860,19968
front,1192,1789636437746831585,1789636438186661772,2934285713362914,19968,0,0,0,3455,0,3448,13065,16519,19968
rear,1190,1789636437846757420,1789636438189516315,2934285716217305,19968,0,0,0,4870,0,4139,10959,15829,19968
front,1193,1789636437946852411,1789636438190370181,2934285717071132,19968,0,0,0,3385,0,3437,13146,16529,19968
rear,1191,1789636437946910729,1789636438191166290,2934285717867395,19872,0,0,0,4606,0,4289,10977,15583,19872
front,1194,1789636437846735934,1789636438188857716,2934285715558827,20064,0,0,0,3479,0,3708,12877,16356,20064
front,1195,1789636438046777217,1789636438192658380,2934285719359364,19968,0,0,0,3330,0,3487,13151,16481,19968
rear,1192,1789636438046798474,1789636438193388191,2934285720089125,20064,0,0,0,4983,0,4119,10962,15945,20064
rear,1193,1789636438246821938,1789636438686030747,2934286212731726,19968,0,0,0,4673,0,4263,11032,15705,19968
front,1196,1789636438246646280,1789636438685272900,2934286211973946,20064,0,0,0,3262,0,3492,13310,16571,20064
front,1197,1789636438146712110,1789636438602260069,2934286128961445,19968,0,0,0,3516,0,3688,12764,16280,19968
rear,1194,1789636438146809955,1789636438684221572,2934286210923347,20064,0,0,0,5098,0,4108,10858,15956,20064
rear,1195,1789636438346851796,1789636438688836718,2934286215537733,19872,0,0,0,4768,0,4255,10849,15617,19872
front,1198,1789636438446685749,1789636438689432709,2934286216133706,20064,0,0,0,3408,0,3697,12959,16367,20064
front,1199,1789636438346766129,1789636438688282175,2934286214983157,19968,0,0,0,3497,0,3454,13017,16513,19968
rear,1196,1789636438546705587,1789636438692012532,2934286218713464,20064,0,0,0,4810,0,4210,11044,15854,20064
front,1200,1789636438546766586,1789636438691599948,2934286218300906,19968,0,0,0,3427,0,3465,13076,16502,19968
rear,1197,1789636438446744647,1789636438690772379,2934286217473519,19968,0,0,0,4930,0,4098,10940,15870,19968
rear,1198,1789636438646845081,1789636438748757624,2934286275458606,20064,0,0,0,4731,0,4424,10909,15640,20064
front,1201,1789636438646742958,1789636438748056258,2934286274757428,19968,0,0,0,3405,0,3466,13097,16502,19968
rear,1199,1789636438746864904,1789636438860705285,2934286387406465,19968,0,0,0,5009,0,4140,10819,15828,19968
front,1202,1789636438746680519,1789636438848213455,2934286374914554,20064,0,0,0,3635,0,3649,12780,16415,20064
front,1203,1789636438846755622,1789636438947612899,2934286474314147,19968,0,0,0,3271,0,3466,13231,16502,19968
rear,1200,1789636438846822987,1789636438952293601,2934286478994544,19968,0,0,0,4930,0,4131,10907,15837,19968
rear,1201,1789636438946745680,1789636439052164421,2934286578865593,19968,0,0,0,4715,0,4250,11003,15718,19968
front,1204,1789636438946686862,1789636439048147277,2934286574848648,19968,0,0,0,3581,0,3536,12851,16430,19968
front,1205,1789636439046651752,1789636439193658394,2934286720359791,20064,0,0,0,3474,0,3633,12957,16430,20064
rear,1202,1789636439046695133,1789636439194249403,2934286720950486,20064,0,0,0,4962,0,4206,10896,15858,20064
rear,1203,1789636439146667127,1789636439352260699,2934286878961688,19968,0,0,0,5024,0,4113,10831,15855,19968
front,1206,1789636439246685961,1789636439352810158,2934286879511056,20064,0,0,0,3648,0,3586,12830,16477,20064
front,1207,1789636439146727667,1789636439351695464,2934286878396628,19968,0,0,0,3226,0,3516,13226,16452,19968
rear,1204,1789636439246723018,1789636439353279191,2934286879980217,19968,0,0,0,4825,0,4160,10983,15808,19968
rear,1205,1789636439346666087,1789636439547468802,2934287074170273,19968,0,0,0,4723,0,4255,10990,15713,19968
rear,1206,1789636439446653805,1789636439548840226,2934287075541185,20064,0,0,0,5024,0,4103,10937,15961,20064
front,1208,1789636439446795838,1789636439548119220,2934287074820223,19968,0,0,0,3279,0,3596,13093,16372,19968
front,1209,1789636439346687543,1789636439447945605,2934286974646866,19968,0,0,0,3340,0,3528,13100,16440,19968
front,1210,1789636439546666568,1789636439648119681,2934287174820974,20064,0,0,0,3622,0,3490,12952,16572,20064
rear,1207,1789636439546761584,1789636439717633690,2934287244335250,20064,0,0,0,4971,0,4294,10799,15770,20064
front,1211,1789636439646622411,1789636439747602762,2934287274304066,19968,0,0,0,2965,0,3646,13357,16322,19968
rear,1208,1789636439646787094,1789636439755909125,2934287282610254,19968,0,0,0,4751,0,4331,10886,15637,19968
front,1212,1789636439746665678,1789636439847931947,2934287374633310,20064,0,0,0,3568,0,3501,12995,16563,20064
rear,1209,1789636439746702934,1789636439866821134,2934287393522248,19968,0,0,0,4967,0,4164,10837,15804,19968
rear,1210,1789636439846706196,1789636439948810321,2934287475511359,20064,0,0,0,4988,0,4126,10950,15938,20064
front,1213,1789636439847263972,1789636439947912316,2934287474613580,19968,0,0,0,3121,0,3593,13254,16375,19968
front,1214,1789636439946784751,1789636440048234086,2934287574935563,20064,0,0,0,3483,0,3518,13063,16545,20064
rear,1211,1789636439946752619,1789636440068940498,2934287595641600,20064,0,0,0,4847,0,4217,11000,15847,20064
rear,1212,1789636440046771942,1789636440220933448,2934287747634910,19872,0,0,0,4829,0,4232,10811,15640,19872
front,1215,1789636440047306702,1789636440147738273,2934287674439432,19776,0,0,0,2914,0,3625,13237,16150,19776
rear,1213,1789636440146644780,1789636440248413450,2934287775114553,19968,0,0,0,5056,0,4076,10836,15892,19968
rear,1214,1789636440246556735,1789636440359827100,2934287886528067,19968,0,0,0,4894,0,4147,10927,15821,19968
front,1216,1789636440247354543,1789636440347719494,2934287874420632,19872,0,0,0,3091,0,3650,13131,16222,19872
rear,1215,1789636440346563399,1789636440483900585,2934288010602120,20064,0,0,0,4723,0,4238,11103,15826,20064
front,1217,1789636440346770537,1789636440447790854,2934287974492144,19872,0,0,0,3340,0,3491,13041,16380,19872
rear,1216,1789636440446598386,1789636440548397077,2934288075098055,20064,0,0,0,5005,0,4309,10750,15755,20064
front,1218,1789636440446710007,1789636440547662280,2934288074363466,19968,0,0,0,3388,0,3504,13076,16464,19968
front,1219,1789636440546606701,1789636440648015750,2934288174717055,20064,0,0,0,3629,0,3653,12782,16411,20064
rear,1217,1789636440546696163,1789636440655077119,2934288181778188,19968,0,0,0,4985,0,4207,10776,15761,19968
front,1220,1789636440646661206,1789636440747540093,2934288274241423,19968,0,0,0,3272,0,3479,13217,16489,19968
rear,1218,1789636440646682762,1789636440750782127,2934288277483137,19968,0,0,0,4761,0,4231,10976,15737,19968
front,1221,1789636440746758880,1789636440936866656,2934288463568067,19968,0,0,0,3608,0,3480,12880,16485,19968
rear,1219,1789636440746563338,1789636440937375352,2934288464076395,19968,0,0,0,4828,0,4255,10885,15713,19968
front,1222,1789636440846762241,1789636440948061134,2934288474762239,20064,0,0,0,3419,0,3703,12942,16361,20064
rear,1220,1789636440846563556,1789636440954291549,2934288480992709,20064,0,0,0,5053,0,4075,10936,15989,20064
front,1223,1789636440946767960,1789636441047701331,2934288574402467,19872,0,0,0,3491,0,3476,12905,16394,19872
rear,1221,1789636440946566658,1789636441049563429,2934288576264419,19968,0,0,0,4877,0,4145,10946,15823,19968
front,1224,1789636441046688092,1789636441147477720,2934288674178895,19968,0,0,0,3395,0,3456,13117,16511,19968
rear,1222,1789636441046522381,1789636441148166391,2934288674867418,20064,0,0,0,4770,0,4249,11045,15815,20064
front,1225,1789636441146515222,1789636441247887162,2934288774588375,20064,0,0,0,3656,0,3676,12732,16388,20064
rear,1223,1789636441146727238,1789636441248463656,2934288775164700,19968,0,0,0,5084,0,4079,10805,15889,19968
front,1226,1789636441246667300,1789636441347606710,2934288874308061,19968,0,0,0,3365,0,3459,13144,16508,19968
rear,1224,1789636441246607679,1789636441348495706,2934288875196711,19968,0,0,0,4966,0,4152,10850,15816,19968
rear,1225,1789636441346502995,1789636441448497496,2934288975198471,20064,0,0,0,4720,0,4436,10908,15628,20064
front,1227,1789636441346649833,1789636441447814012,2934288974515382,20064,0,0,0,3496,0,3434,13134,16629,20064
rear,1226,1789636441446642956,1789636441548511592,2934289075212562,19968,0,0,0,4894,0,4293,10781,15675,19968
front,1228,1789636441446797124,1789636441548024720,2934289074726060,19968,0,0,0,3463,0,3738,12767,16228,19968
rear,1227,1789636441546561932,1789636441789833042,2934289316534426,19968,0,0,0,5011,0,4105,10852,15863,19968
rear,1228,1789636441646475941,1789636441791056015,2934289317757027,20064,0,0,0,4812,0,4176,11076,15888,20064
front,1229,1789636441646664236,1789636441790429309,2934289317130320,19968,0,0,0,3351,0,3493,13124,16474,19968
front,1230,1789636441546637194,1789636441654066265,2934289180767420,19968,0,0,0,3394,0,3393,13181,16574,19968
rear,1229,1789636441746609281,1789636441947512911,2934289474214234,19968,0,0,0,4779,0,4247,10942,15721,19968
rear,1230,1789636441846570397,1789636442040869699,2934289567570698,20064,0,0,0,5070,0,4074,10920,15990,20064
front,1231,1789636441846687486,1789636442040362041,2934289567063471,19968,0,0,0,3379,0,3515,13074,16452,19968
front,1232,1789636441746685837,1789636441894090622,2934289420792053,20064,0,0,0,3502,0,3668,12894,16394,20064
front,1233,1789636441946671320,1789636442048420530,2934289575121583,20064,0,0,0,3429,0,3398,13237,16665,20064
rear,1231,1789636441946603908,1789636442076093709,2934289602794865,19968,0,0,0,4954,0,4112,10902,15856,19968
front,1234,1789636442046667195,1789636442147891774,2934289674593041,19872,0,0,0,3493,0,3746,12633,16126,19872
rear,1232,1789636442046560919,1789636442149177282,2934289675878377,20064,0,0,0,4747,0,4316,11001,15748,20064
front,1235,1789636442247100058,1789636442354957086,2934289881658088,19872,0,0,0,3528,0,3437,12907,16435,19872
rear,1233,1789636442146739053,1789636442347601168,2934289874302591,19968,0,0,0,4980,0,4266,10722,15702,19968
rear,1234,1789636442246525031,1789636442355441001,2934289882142031,20064,0,0,0,4969,0,4249,10846,15815,20064
rear,1235,1789636442346689172,1789636442477893008,2934290004594411,19872,0,0,0,4787,0,4196,10889,15676,19872
front,1236,1789636442346515422,1789636442448114246,2934289974815660,20064,0,0,0,3495,0,3723,12846,16341,20064
front,1237,1789636442446632174,1789636442548090588,2934290074791961,19968,0,0,0,3528,0,3425,13015,16541,19968
rear,1236,1789636442546765147,1789636442657887528,2934290184588525,19968,0,0,0,5070,0,4092,10806,15876,19968
front,1238,1789636442546572419,1789636442648171640,2934290174873023,19968,0,0,0,3416,0,3408,13144,16560,19968
front,1239,1789636442746558238,1789636443102158030,2934290628859511,20064,0,0,0,3386,0,3424,13254,16640,20064
rear,1237,1789636442746676877,1789636443121476243,2934290648177469,19968,0,0,0,4785,0,4241,10942,15727,19968
rear,1238,1789636442646625051,1789636442848199020,2934290374900936,19968,0,0,0,4935,0,4136,10897,15832,19968
front,1240,1789636442646428750,1789636442747912626,2934290274613800,20064,0,0,0,3659,0,3737,12668,16327,20064
rear,1239,1789636442846559478,1789636443124640474,2934290651341404,19968,0,0,0,5025,0,4122,10821,15846,19968
front,1241,1789636442846766099,1789636443123876288,2934290650577285,19968,0,0,0,3693,0,3411,12864,16557,19968
front,1242,1789636442946616916,1789636443125543722,2934290652244736,19968,0,0,0,3393,0,3738,12837,16230,19968
rear,1240,1789636442946499899,1789636443126265715,2934290652966850,20064,0,0,0,4957,0,4198,10909,15866,20064
rear,1241,1789636443046663880,1789636443508086049,2934291034787058,19968,0,0,0,4733,0,4323,10912,15645,19968
rear,1242,1789636443146461856,1789636443509067554,2934291035768522,20064,0,0,0,4813,0,4363,10888,15701,20064
front,1243,1789636443146656865,1789636443508715772,2934291035416680,19968,0,0,0,3434,0,3472,13062,16496,19968
front,1244,1789636443046572805,1789636443507501392,2934291034202857,20064,0,0,0,3620,0,3383,13061,16681,20064
front,1245,1789636443246564868,1789636443511621531,2934291038322494,20064,0,0,0,3538,0,3672,12854,16392,20064
front,1246,1789636443346730756,1789636443512756958,2934291039457931,19968,0,0,0,3432,0,3390,13146,16577,19968
rear,1243,1789636443246631979,1789636443512334006,2934291039034991,19968,0,0,0,4983,0,4101,10884,15867,19968
rear,1244,1789636443346588499,1789636443513503101,2934291040204087,20064,0,0,0,4801,0,4174,11089,15890,20064
front,1247,1789636443446588990,1789636443547933718,2934291074634808,20064,0,0,0,3448,0,3584,13032,16479,20064
rear,1245,1789636443446767677,1789636443548595238,2934291075296228,19872,0,0,0,4764,0,4225,10883,15647,19872
front,1248,1789636443547049659,1789636443647962130,2934291174663655,19968,0,0,0,3484,0,3554,12930,16412,19968
rear,1246,1789636443546493018,1789636443662867082,2934291189568294,20064,0,0,0,5098,0,4084,10882,15980,20064
front,1249,1789636443646651275,1789636443747638505,2934291274340136,19968,0,0,0,3420,0,3389,13159,16578,19968
rear,1247,1789636443646562561,1789636443748422087,2934291275123097,20064,0,0,0,4955,0,4123,10986,15941,20064
front,1250,1789636443746508735,1789636443847727101,2934291374428452,19968,0,0,0,3487,0,3541,12940,16425,19968
rear,1248,1789636443746654970,1789636443848259939,2934291374960974,19968,0,0,0,4698,0,4242,11028,15726,19968
rear,1249,1789636443846629783,1789636444013770441,2934291540471681,20064,0,0,0,4893,0,4368,10803,15696,20064
front,1251,1789636443846485992,1789636443948336944,2934291475038734,20064,0,0,0,3411,0,3584,13069,16477,20064
rear,1250,1789636443946662497,1789636444064818749,2934291591519873,19968,0,0,0,5029,0,4192,10747,15776,19968
front,1252,1789636443946506794,1789636444047878793,2934291574580322,20064,0,0,0,3460,0,3411,13193,16651,20064
front,1253,1789636444047042626,1789636444147732184,2934291674433390,19968,0,0,0,3385,0,3692,12891,16276,19968
rear,1251,1789636444046593940,1789636444148463219,2934291675164193,20064,0,0,0,4841,0,4201,11022,15863,20064
front,1254,1789636444146576921,1789636444248084455,2934291774785757,19968,0,0,0,3554,0,3483,12931,16485,19968
rear,1252,1789636444146764987,1789636444300084624,2934291826785754,19968,0,0,0,4736,0,4249,10983,15719,19968
rear,1253,1789636444246744002,1789636444348591164,2934291875292174,19968,0,0,0,5043,0,4092,10833,15876,19968
front,1255,1789636444246555524,1789636444347574621,2934291874275751,19968,0,0,0,3402,0,3396,13170,16572,19968
front,1256,1789636444346418278,1789636444448034859,2934291974736119,20064,0,0,0,3585,0,3751,12728,16312,20064
rear,1254,1789636444346603123,1789636444547508598,2934292074210186,19968,0,0,0,4993,0,4128,10847,15840,19968
rear,1255,1789636444446499345,1789636444643850326,2934292170551739,20064,0,0,0,4794,0,4252,11018,15812,20064
front,1257,1789636444446635071,1789636444548108543,2934292074809569,19968,0,0,0,3449,0,3401,13118,16565,19968
rear,1256,1789636444546639748,1789636444660926398,2934292187627399,19968,0,0,0,4845,0,4208,10915,15760,19968
front,1258,1789636444546430820,1789636444647874708,2934292174575668,20064,0,0,0,3590,0,3397,13077,16667,20064
rear,1257,1789636444646499980,1789636444773285561,2934292299986817,20064,0,0,0,4888,0,4160,11016,15904,20064
front,1259,1789636444646655533,1789636444747491907,2934292274193056,19968,0,0,0,3433,0,3780,12755,16187,19968
rear,1258,1789636444746617758,1789636444848379273,2934292375080258,19968,0,0,0,4735,0,4304,10929,15664,19968
front,1260,1789636444746512423,1789636444847694949,2934292374396178,19968,0,0,0,3648,0,3380,12940,16588,19968
front,1261,1789636444846435348,1789636444947628253,2934292474329551,20064,0,0,0,3410,0,3390,13264,16671,20064
rear,1259,1789636444846609375,1789636444948582313,2934292475283368,19968,0,0,0,4772,0,4320,10876,15648,19968
front,1262,1789636444946618133,1789636445047665938,2934292574367298,20064,0,0,0,3612,0,3780,12672,16284,20064
rear,1260,1789636444946508134,1789636445048354372,2934292575055355,20064,0,0,0,5003,0,4157,10904,15907,20064
rear,1261,1789636445046516044,1789636445194237739,2934292720938845,19968,0,0,0,4924,0,4133,10911,15835,19968
front,1263,1789636445046938803,1789636445147684726,2934292674386028,19968,0,0,0,3455,0,3409,13104,16559,19968
rear,1262,1789636445146593930,1789636445249559026,2934292776260125,19968,0,0,0,4701,0,4263,11004,15705,19968
front,1264,1789636445146874991,1789636445247985536,2934292774686881,20064,0,0,0,3531,0,3458,13075,16606,20064
front,1265,1789636445247016073,1789636445347521628,2934292874223023,19968,0,0,0,3457,0,3681,12830,16287,19968
rear,1263,1789636445246533461,1789636445391163797,2934292917865155,19968,0,0,0,4965,0,4137,10866,15831,19968
rear,1264,1789636445446721212,1789636445801248493,2934293327949533,20064,0,0,0,4675,0,4262,11127,15802,20064
rear,1265,1789636445346464219,1789636445547660742,2934293074362009,20160,0,0,0,5047,0,4129,10984,16031,20160
front,1266,1789636445446522411,1789636445800588706,2934293327290222,19968,0,0,0,3482,0,3434,13052,16533,19968
front,1267,1789636445346938895,1789636445447832769,2934292974534230,19968,0,0,0,3516,0,3358,13094,16609,19968
front,1268,1789636445546858453,1789636445803596037,2934293330296959,20064,0,0,0,3369,0,3711,12984,16352,20064
rear,1266,1789636445547262388,1789636445804680651,2934293331381640,19968,0,0,0,4763,0,4319,10886,15649,19968
front,1269,1789636445646842499,1789636445805514582,2934293332215576,19968,0,0,0,3494,0,3382,13092,16586,19968
rear,1267,1789636445647209986,1789636445806199328,2934293332900463,19968,0,0,0,4851,0,4203,10914,15765,19968
rear,1268,1789636445746700123,1789636445874489343,2934293401190394,19968,0,0,0,4796,0,4207,10965,15761,19968
front,1270,1789636445746840718,1789636445848091575,2934293374792861,20064,0,0,0,3406,0,3587,13071,16477,20064
front,1271,1789636445846940699,1789636445947588397,2934293474289882,19968,0,0,0,3482,0,3568,12918,16398,19968
rear,1269,1789636445846685317,1789636445948791987,2934293475493037,20064,0,0,0,4758,0,4277,11029,15787,20064
rear,1270,1789636445947142847,1789636446048836048,2934293575537157,19872,0,0,0,4770,0,4128,10974,15744,19872
front,1272,1789636445946854313,1789636446048060054,2934293574761410,20064,0,0,0,3426,0,3412,13226,16650,20064
rear,1271,1789636446046423710,1789636446214060709,2934293740762059,20160,0,0,0,5050,0,4137,10973,16023,20160
front,1273,1789636446046895504,1789636446148070916,2934293674772324,19968,0,0,0,3545,0,3630,12793,16338,19968
front,1274,1789636446146914338,1789636446248164233,2934293774865362,20064,0,0,0,3386,0,3540,13138,16524,20064
front,1275,1789636446346891491,1789636446728266869,2934294254967805,19968,0,0,0,3417,0,3640,12911,16327,19968
front,1276,1789636446246931365,1789636446727558623,2934294254259711,19968,0,0,0,3584,0,3387,12997,16581,19968
rear,1272,1789636446147131941,1789636446726947449,2934294253648931,19872,0,0,0,4549,0,4297,11026,15575,19872
rear,1273,1789636446346646609,1789636446731739778,2934294258440772,19968,0,0,0,4687,0,4304,10977,15664,19968
rear,1274,1789636446246485548,1789636446730532299,2934294257233320,20064,0,0,0,4718,0,4262,11084,15802,20064
front,1277,1789636446446810261,1789636446731163333,2934294257864305,19968,0,0,0,3601,0,3509,12858,16459,19968
front,1278,1789636446546765641,1789636446732946453,2934294259647566,20064,0,0,0,3339,0,3445,13280,16619,20064
rear,1275,1789636446446632650,1789636446733849134,2934294260550079,20064,0,0,0,4749,0,4205,11110,15859,20064
rear,1276,1789636446546795956,1789636446734475882,2934294261176913,19968,0,0,0,4604,0,4290,11074,15678,19968
rear,1277,1789636446646613222,1789636446757374364,2934294284075411,20064,0,0,0,4717,0,4274,11073,15790,20064
front,1279,1789636446646846033,1789636446747803408,2934294274504739,19968,0,0,0,3665,0,3648,12655,16319,19968
front,1280,1789636446746791935,1789636447004607936,2934294531309147,20064,0,0,0,3417,0,3507,13140,16557,20064
rear,1278,1789636446746822411,1789636447005175777,2934294531876742,19968,0,0,0,4869,0,4157,10942,15811,19968
rear,1279,1789636446846800407,1789636447006381006,2934294533081977,19968,0,0,0,4628,0,4296,11044,15672,19968
front,1281,1789636446846864132,1789636447005744632,2934294532445692,20064,0,0,0,3605,0,3410,13049,16652,20064
front,1282,1789636446947003032,1789636447073741720,2934294600442969,19968,0,0,0,3449,0,3759,12760,16209,19968
rear,1280,1789636446947055508,1789636447078772952,2934294605473946,20064,0,0,0,4777,0,4270,11017,15794,20064
rear,1281,1789636447046799431,1789636447324402562,2934294851103554,19968,0,0,0,4762,0,4246,10960,15722,19968
front,1283,1789636447046931750,1789636447323849922,2934294850551351,19968,0,0,0,3480,0,3406,13082,16561,19968
front,1284,1789636447146794663,1789636447325081261,2934294851782216,19968,0,0,0,3437,0,3445,13086,16523,19968
rear,1282,1789636447146761779,1789636447325921822,2934294852622918,19968,0,0,0,4846,0,4162,10960,15806,19968
rear,1283,1789636447246676253,1789636447403298554,2934294929999927,20064,0,0,0,4762,0,4207,11095,15857,20064
front,1285,1789636447246728682,1789636447348092344,2934294874793486,20064,0,0,0,3517,0,3710,12837,16353,20064
rear,1284,1789636447347034834,1789636447450712035,2934294977413017,19968,0,0,0,4663,0,4253,11052,15715,19968
front,1286,1789636447346782255,1789636447448528125,2934294975229326,20064,0,0,0,3453,0,3429,13182,16635,20064
front,1287,1789636447447912719,1789636447547816203,2934295074517333,19968,0,0,0,3338,0,3462,13168,16506,19968
rear,1285,1789636447447056996,1789636447548455477,2934295075156532,19968,0,0,0,4904,0,4122,10942,15846,19968
rear,1286,1789636447647149755,1789636447825665107,2934295352366182,20064,0,0,0,4747,0,4309,11008,15755,20064
rear,1287,1789636447547005862,1789636447747227639,2934295273929082,20064,0,0,0,4874,0,4296,10894,15768,20064
front,1288,1789636447546926054,1789636447647845487,2934295174546854,19968,0,0,0,3560,0,3702,12706,16265,19968
front,1289,1789636447646780522,1789636447825129324,2934295351831116,19968,0,0,0,3348,0,3438,13182,16529,19968
rear,1288,1789636447747167699,1789636447868164575,2934295394865571,19872,0,0,0,4861,0,4183,10828,15689,19872
front,1290,1789636447746725881,1789636447847733012,2934295374434111,19968,0,0,0,3447,0,3440,13081,16526,19968
front,1291,1789636447846735832,1789636447948448735,2934295475150188,20160,0,0,0,3424,0,3740,12996,16420,20160
rear,1289,1789636447846757386,1789636447949020946,2934295475721959,20064,0,0,0,4970,0,4167,10927,15897,20064
rear,1290,1789636447947128207,1789636448052080378,2934295578781422,19968,0,0,0,4787,0,4218,10963,15750,19968
front,1292,1789636447947852141,1789636448048000169,2934295574701350,19968,0,0,0,3495,0,3435,13038,16532,19968
rear,1291,1789636448046948057,1789636448247514946,2934295774216437,19968,0,0,0,4766,0,4268,10934,15700,19968
rear,1292,1789636448146758940,1789636448369495930,2934295896197207,19968,0,0,0,5069,0,4089,10810,15879,19968
front,1293,1789636448047877665,1789636448148006563,2934295674707930,19968,0,0,0,3416,0,3445,13107,16522,19968
front,1294,1789636448146780046,1789636448368964192,2934295895666045,19968,0,0,0,3594,0,3704,12670,16264,19968
front,1295,1789636448246716745,1789636448371802251,2934295898503281,20064,0,0,0,3363,0,3426,13275,16637,20064
rear,1293,1789636448246638389,1789636448372598068,2934295899299032,19968,0,0,0,4808,0,4139,11021,15829,19968
front,1296,1789636448446692046,1789636448548246045,2934296074947030,19968,0,0,0,3450,0,3657,12861,16309,19968
rear,1294,1789636448446974431,1789636448548784319,2934296075485276,19968,0,0,0,4912,0,4174,10882,15794,19968
front,1297,1789636448347840212,1789636448447803553,2934295974504916,19968,0,0,0,3619,0,3469,12880,16499,19968
rear,1295,1789636448346465998,1789636448547654738,2934296074356277,20064,0,0,0,4652,0,4272,11140,15792,20064
rear,1296,1789636448547006472,1789636448747928502,2934296274629629,19968,0,0,0,4953,0,4196,10819,15772,19968
front,1298,1789636448546756596,1789636448747361672,2934296274063102,20064,0,0,0,3523,0,3471,13070,16593,20064
rear,1297,1789636448646615622,1789636448749207608,2934296275908604,20064,0,0,0,4754,0,4387,10923,15677,20064
front,1299,1789636448647848060,1789636448748599712,2934296275300693,19968,0,0,0,3465,0,3477,13026,16491,19968
rear,1298,1789636448746751578,1789636448868957790,2934296395659017,19872,0,0,0,4794,0,4261,10817,15611,19872
front,1300,1789636448746773037,1789636448847983808,2934296374685069,20064,0,0,0,3554,0,3645,12865,16416,20064
rear,1299,1789636448846896338,1789636448948955804,2934296475656901,20064,0,0,0,4997,0,4096,10971,15968,20064
front,1301,1789636448847843829,1789636448948145487,2934296474846668,19968,0,0,0,3322,0,3486,13160,16482,19968
rear,1300,1789636448946946887,1789636449074405296,2934296601106479,20064,0,0,0,4904,0,4144,11016,15920,20064
front,1302,1789636448947813718,1789636449048122912,2934296574824201,19968,0,0,0,3447,0,3501,13020,16467,19968
front,1303,1789636449046742853,1789636449147666915,2934296674368043,19968,0,0,0,3492,0,3646,12830,16322,19968
rear,1301,1789636449046880233,1789636449158361043,2934296685062123,19968,0,0,0,4779,0,4258,10931,15710,19968
rear,1302,1789636449146884313,1789636449276387348,2934296803088501,19968,0,0,0,5034,0,4071,10863,15897,19968
front,1304,1789636449146610711,1789636449248293421,2934296774994650,20064,0,0,0,3157,0,3486,13421,16578,20064
front,1305,1789636449246821336,1789636449347865377,2934296874566580,19968,0,0,0,3519,0,3595,12854,16373,19968
rear,1303,1789636449246888753,1789636449459410970,2934296986112327,20064,0,0,0,4963,0,4111,10990,15953,20064
rear,1304,1789636449346872807,1789636449461166543,2934296987867633,19968,0,0,0,4735,0,4259,10974,15709,19968
front,1306,1789636449346680761,1789636449460155797,2934296986857002,19968,0,0,0,3438,0,3549,12981,16417,19968
front,1307,1789636449446568941,1789636449548188130,2934297074889228,20064,0,0,0,3046,0,3593,13425,16471,20064
rear,1305,1789636449446870050,1789636449549511974,2934297076213067,20064,0,0,0,4879,0,4409,10776,15655,20064
front,1308,1789636449646666835,1789636449793625203,2934297320326598,20064,0,0,0,3000,0,3648,13416,16414,20064
rear,1306,1789636449547869520,1789636449748031648,2934297274733168,19968,0,0,0,4990,0,4205,10773,15763,19968
rear,1307,1789636449646946803,1789636449794132705,2934297320833675,19968,0,0,0,4817,0,4186,10965,15782,19968
front,1309,1789636449546661831,1789636449647723013,2934297174424317,19968,0,0,0,3615,0,3501,12852,16466,19968
front,1310,1789636449746894675,1789636449847801412,2934297374502742,19968,0,0,0,3517,0,3522,12929,16444,19968
rear,1308,1789636449746916425,1789636449849045397,2934297375746495,19968,0,0,0,4754,0,4251,10963,15717,19968
rear,1309,1789636449946812261,1789636450055223291,2934297581924363,20064,0,0,0,5047,0,4113,10904,15951,20064
rear,1310,1789636449846898077,1789636450047757134,2934297574458636,20064,0,0,0,5085,0,4071,10908,15993,20064
front,1311,1789636449846790894,1789636449948041621,2934297474743112,19968,0,0,0,3141,0,3614,13213,16354,19968
front,1312,1789636449946581669,1789636450054627108,2934297581328204,19968,0,0,0,3493,0,3535,12940,16432,19968
rear,1311,1789636450047839742,1789636450150348457,2934297677049578,19968,0,0,0,4751,0,4248,10969,15720,19968
front,1313,1789636450046648988,1789636450147801419,2934297674502782,19968,0,0,0,3198,0,3559,13211,16408,19968
front,1314,1789636450146692603,1789636450648381578,2934298175082916,19968,0,0,0,3487,0,3560,12921,16407,19968
front,1315,1789636450347748587,1789636450649872717,2934298176573866,19776,0,0,0,3298,0,3602,12876,16174,19776
rear,1312,1789636450246821739,1789636450650454927,2934298177156026,20064,0,0,0,4961,0,4214,10889,15850,20064
rear,1313,1789636450146882615,1789636450648912278,2934298175613388,19968,0,0,0,4963,0,4161,10844,15807,19968
rear,1314,1789636450347817952,1789636450653561796,2934298180262773,19872,0,0,0,4753,0,4217,10902,15655,19872
front,1316,1789636450446763720,1789636450652749721,2934298179450672,20064,0,0,0,3393,0,3497,13174,16566,20064
rear,1315,1789636450446558888,1789636450655561942,2934298182262943,19968,0,0,0,4777,0,4343,10848,15625,19968
front,1317,1789636450546643555,1789636450654725600,2934298181426695,20064,0,0,0,3637,0,3660,12767,16404,20064
rear,1316,1789636450647793701,1789636450777858728,2934298304559803,19968,0,0,0,4907,0,4140,10921,15828,19968
front,1318,1789636450647755402,1789636450748069340,2934298274770570,19776,0,0,0,3243,0,3458,13075,16318,19776
rear,1317,1789636450746915052,1789636450947705181,2934298474406684,19968,0,0,0,4811,0,4235,10922,15733,19968
front,1319,1789636450847645154,1789636450976930308,2934298503631356,19968,0,0,0,3423,0,3664,12881,16304,19968
rear,1318,1789636450846559466,1789636450977525822,2934298504226788,20064,0,0,0,5051,0,4094,10919,15970,20064
front,1320,1789636450746482093,1789636450848316081,2934298375017465,20160,0,0,0,3537,0,3492,13131,16668,20160
rear,1319,1789636450947794321,1789636451048219848,2934298574920849,19968,0,0,0,4971,0,4127,10870,15841,19968
front,1321,1789636450947684349,1789636451047630120,2934298574331430,19872,0,0,0,3389,0,3460,13023,16410,19872
front,1322,1789636451046456028,1789636451147979142,2934298674680581,20064,0,0,0,3422,0,3489,13153,16574,20064
rear,1320,1789636451046892254,1789636451228120619,2934298754822091,19968,0,0,0,4764,0,4239,10965,15729,19968
front,1323,1789636451147679371,1789636451247923908,2934298774624894,20064,0,0,0,3448,0,3666,12950,16398,20064
rear,1321,1789636451146790801,1789636451305775280,2934298832476315,19968,0,0,0,4815,0,4253,10900,15715,19968
rear,1322,1789636451246738037,1789636451447543612,2934298974245234,20064,0,0,0,4972,0,4283,10809,15781,20064
rear,1323,1789636451347750596,1789636451537395758,2934299064097142,19968,0,0,0,4789,0,4248,10931,15720,19968
front,1324,1789636451247669315,1789636451347819416,2934298874520727,19872,0,0,0,3386,0,3485,13001,16387,19872
front,1325,1789636451346481993,1789636451503154417,2934299029855838,20064,0,0,0,3439,0,3403,13222,16661,20064
front,1326,1789636451447662041,1789636451547426909,2934299074127918,19968,0,0,0,3485,0,3727,12756,16241,19968
rear,1324,1789636451446795652,1789636451548164307,2934299074865399,19968,0,0,0,4788,0,4236,10944,15732,19968
front,1327,1789636451546665520,1789636451647919460,2934299174620706,20064,0,0,0,3398,0,3442,13224,16622,20064
rear,1325,1789636451546705630,1789636451704724137,2934299231425396,20064,0,0,0,5051,0,4087,10926,15977,20064
front,1328,1789636451647646389,1789636451747822004,2934299274523264,19968,0,0,0,3496,0,3481,12991,16487,19968
rear,1326,1789636451646803291,1789636451792563249,2934299319264542,19968,0,0,0,4963,0,4139,10866,15829,19968
front,1329,1789636451747711939,1789636451847524617,2934299374225732,19968,0,0,0,3512,0,3658,12798,16309,19968
rear,1327,1789636451846847315,1789636451948872421,2934299475573438,20064,0,0,0,4919,0,4218,10927,15846,20064
front,1330,1789636451846419037,1789636451948073865,2934299474774973,19968,0,0,0,3488,0,3476,13004,16490,19968
rear,1328,1789636451746693280,1789636451947261085,2934299473962620,20064,0,0,0,4760,0,4246,11058,15818,20064
front,1331,1789636451947543187,1789636452047781968,2934299574483170,20064,0,0,0,3410,0,3412,13242,16651,20064
rear,1329,1789636451947796180,1789636452048592849,2934299575293838,19872,0,0,0,5014,0,4119,10739,15753,19872
front,1332,1789636452047648870,1789636452147590920,2934299674292103,19968,0,0,0,3650,0,3719,12599,16249,19968
rear,1330,1789636452046669394,1789636452148311286,2934299675012302,20064,0,0,0,4825,0,4306,10933,15758,20064
rear,1331,1789636452146795645,1789636452249520881,2934299776221940,19968,0,0,0,4768,0,4349,10851,15619,19968
front,1333,1789636452146638761,1789636452248768591,2934299775469955,20064,0,0,0,3383,0,3433,13248,16631,20064
front,1334,1789636452247582732,1789636452347878572,2934299874579989,19968,0,0,0,3601,0,3405,12962,16562,19968
rear,1332,1789636452246796757,1789636452348637297,2934299875338314,19968,0,0,0,5022,0,4140,10806,15828,19968
front,1335,1789636452347608699,1789636452447873949,2934299974575171,20064,0,0,0,3464,0,3769,12831,16295,20064
rear,1333,1789636452346450432,1789636452448558155,2934299975259147,19968,0,0,0,4972,0,4111,10885,15857,19968
front,1336,1789636452447664221,1789636452547857313,2934300074558525,19968,0,0,0,3640,0,3396,12932,16570,19968
rear,1334,1789636452446620931,1789636452557680343,2934300084381382,20064,0,0,0,4763,0,4240,11061,15824,20064
rear,1335,1789636452546624481,1789636452648704443,2934300175405451,20064,0,0,0,5025,0,4171,10868,15893,20064
front,1337,1789636452547585976,1789636452647993439,2934300174694614,19968,0,0,0,3359,0,3440,13169,16528,19968
rear,1336,1789636452647666302,1789636452847419820,2934300374121319,19968,0,0,0,4972,0,4121,10875,15847,19968
front,1338,1789636452646590935,1789636452747969616,2934300274670900,20064,0,0,0,3657,0,3698,12709,16363,20064
front,1339,1789636452747607498,1789636452895696295,2934300422397765,19968,0,0,0,3382,0,3428,13158,16540,19968
rear,1337,1789636452746766041,1789636452947596666,2934300474298318,19968,0,0,0,4803,0,4183,10982,15785,19968
front,1340,1789636456647360045,1789636457194005091,2934304720706362,19968,0,0,0,3522,0,3569,12877,16396,19968
front,1341,1789636458047275919,1789636458558893425,2934306085594695,19968,0,0,0,3363,0,3468,13137,16500,19968
rear,1338,1789636457047423118,1789636457626625905,2934305153327456,19968,0,0,0,4653,0,4264,11051,15704,19968
rear,1339,1789636460747136347,1789636461287397313,2934308814098925,20064,0,0,0,4738,0,4229,11097,15835,20064
front,1342,1789636464946869004,1789636465532414835,2934313059115817,20064,0,0,0,3425,0,3668,12971,16396,20064
rear,1340,1789636465546799847,1789636466066390843,2934313593092166,19968,0,0,0,4704,0,4227,11037,15741,19968
front,1343,1789636466546800798,1789636467112880168,2934314639581303,19968,0,0,0,3480,0,3406,13082,16562,19968
rear,1341,1789636472546601745,1789636473056961941,2934320583663028,20064,0,0,0,4784,0,4251,11029,15813,20064
rear,1342,1789636469346592190,1789636469920952378,2934317447653570,19968,0,0,0,4961,0,4125,10882,15843,19968
front,1344,1789636472646596223,1789636473058110640,2934320584811680,20064,0,0,0,3490,0,3637,12937,16426,20064
front,1345,1789636472546568012,1789636473056523253,2934320583224708,19968,0,0,0,3582,0,3409,12977,16559,19968
rear,1343,1789636472646672502,1789636473059749690,2934320586450638,20064,0,0,0,4942,0,4192,10930,15872,20064
rear,1344,1789636472747158646,1789636473061536564,2934320588237511,19872,0,0,0,5035,0,4122,10715,15750,19872
front,1346,1789636472746592889,1789636473060794933,2934320587495935,19968,0,0,0,3588,0,3520,12860,16448,19968
rear,1345,1789636472846575404,1789636473063502829,2934320590203795,20064,0,0,0,4782,0,4193,11089,15871,20064
rear,1346,1789636472946668402,1789636473065158827,2934320591859817,19968,0,0,0,4752,0,4273,10943,15695,19968
front,1347,1789636472946559331,1789636473064494244,2934320591195217,20064,0,0,0,3686,0,3650,12728,16413,20064
front,1348,1789636472846596754,1789636473062588449,2934320589289503,19968,0,0,0,3370,0,3443,13155,16525,19968
rear,1347,1789636473046501811,1789636473159853433,2934320686554460,20064,0,0,0,5064,0,4261,10739,15803,20064
front,1349,1789636473046638106,1789636473147929743,2934320674631038,19968,0,0,0,3400,0,3495,13073,16470,19968
front,1350,1789636473146533530,1789636473249819606,2934320776520907,19968,0,0,0,3637,0,3366,12965,16602,19968
rear,1348,1789636473146739093,1789636473250634814,2934320777335974,19968,0,0,0,4979,0,4178,10811,15790,19968
rear,1349,1789636473246663485,1789636473403418515,2934320930119611,19968,0,0,0,4791,0,4236,10941,15732,19968
front,1351,1789636473246457413,1789636473347755584,2934320874457101,20064,0,0,0,3440,0,3716,12908,16347,20064
front,1352,1789636473446486362,1789636473578098242,2934321104799237,20064,0,0,0,3435,0,3422,13207,16642,20064
rear,1350,1789636473446683928,1789636473578446428,2934321105147414,19968,0,0,0,5030,0,4110,10828,15858,19968
front,1353,1789636473346582764,1789636473576618375,2934321103319623,19968,0,0,0,3498,0,3429,13041,16539,19968
rear,1351,1789636473346635701,1789636473577449965,2934321104151055,20064,0,0,0,4953,0,4154,10957,15910,20064
front,1354,1789636473546595585,1789636473647410431,2934321174111860,19968,0,0,0,3481,0,3713,12774,16255,19968
rear,1352,1789636473546648856,1789636473650453201,2934321177154119,20064,0,0,0,4747,0,4243,11074,15821,20064
front,1355,1789636473646567119,1789636473747909344,2934321274610705,20064,0,0,0,3484,0,3421,13159,16642,20064
rear,1353,1789636473647155538,1789636473755974826,2934321282676025,19872,0,0,0,4858,0,4235,10779,15637,19872
rear,1354,1789636473746470377,1789636473947835358,2934321474536762,20064,0,0,0,5053,0,4064,10947,16000,20064
rear,1355,1789636473846602438,1789636473961367863,2934321488068859,19968,0,0,0,4918,0,4156,10894,15812,19968
front,1356,1789636473746677604,1789636473847839173,2934321374540419,19968,0,0,0,3372,0,3409,13187,16559,19968
front,1357,1789636473846581110,1789636473954202302,2934321480903408,20064,0,0,0,3470,0,3792,12802,16272,20064
front,1358,1789636473946856677,1789636474047812122,2934321574513328,19872,0,0,0,3382,0,3396,13094,16475,19872
rear,1356,1789636473946584757,1789636474125119559,2934321651820952,20064,0,0,0,4755,0,4424,10885,15640,20064
front,1359,1789636474046468811,1789636474147676857,2934321674378156,20064,0,0,0,3514,0,3377,13173,16687,20064
rear,1357,1789636474046676714,1789636474207061655,2934321733763179,20064,0,0,0,5050,0,4185,10829,15879,20064
rear,1358,1789636474147082871,1789636474323429777,2934321850130908,19968,0,0,0,4944,0,4136,10888,15832,19968
front,1360,1789636474146573258,1789636474322915440,2934321849616979,19968,0,0,0,3407,0,3778,12783,16189,19968
rear,1359,1789636474346587859,1789636474479251962,2934322005952932,19968,0,0,0,4878,0,4221,10869,15747,19968
front,1361,1789636474246467217,1789636474347646166,2934321874347120,20064,0,0,0,3558,0,3379,13127,16685,20064
rear,1360,1789636474247081590,1789636474447652816,2934321974354143,19968,0,0,0,4724,0,4234,11010,15734,19968
front,1362,1789636474346566454,1789636474478291826,2934322004992970,20064,0,0,0,3463,0,3462,13139,16601,20064
front,1363,1789636474446662395,1789636474547479979,2934322074181109,19968,0,0,0,3636,0,3649,12683,16319,19968
rear,1361,1789636474446473681,1789636474549261130,2934322075962210,20160,0,0,0,5055,0,4113,10992,16047,20160
rear,1362,1789636474547194804,1789636474649306917,2934322176008053,19872,0,0,0,4814,0,4165,10893,15707,19872
front,1364,1789636474546570807,1789636474648325750,2934322175026943,20064,0,0,0,3426,0,3384,13254,16680,20064
front,1365,1789636474646883900,1789636474747494703,2934322274195846,19968,0,0,0,3629,0,3517,12822,16451,19968
rear,1363,1789636474646562898,1789636474753695916,2934322280397099,19968,0,0,0,4702,0,4236,11030,15732,19968
front,1366,1789636474846605580,1789636474972438918,2934322499140055,20064,0,0,0,3605,0,3388,13071,16675,20064
rear,1364,1789636474746475881,1789636474947747969,2934322474449207,20064,0,0,0,4919,0,4178,10967,15886,20064
front,1367,1789636474746609447,1789636474847553544,2934322374254863,19968,0,0,0,3386,0,3631,12951,16335,19968
rear,1365,1789636474846570597,1789636474973144521,2934322499845661,19968,0,0,0,4926,0,4221,10821,15747,19968
rear,1366,1789636474946562526,1789636475073134488,2934322599835687,20064,0,0,0,4755,0,4352,10957,15712,20064
front,1368,1789636474946771991,1789636475047641143,2934322574342309,19872,0,0,0,3464,0,3494,12914,16377,19872
front,1369,1789636475046408217,1789636475148186542,2934322674887850,20064,0,0,0,3610,0,3662,12792,16402,20064
rear,1367,1789636475046615074,1789636475148952595,2934322675653689,20064,0,0,0,4891,0,4217,10956,15847,20064
front,1370,1789636475146536304,1789636475248249350,2934322774950928,20064,0,0,0,3434,0,3419,13211,16645,20064
rear,1368,1789636475147102096,1789636475336073870,2934322862775217,19872,0,0,0,4949,0,4112,10811,15760,19872
rear,1369,1789636475246531301,1789636475447743288,2934322974444762,20064,0,0,0,4821,0,4186,11057,15878,20064
front,1371,1789636475346540227,1789636475464101340,2934322990802477,19968,0,0,0,3475,0,3528,12965,16439,19968
front,1372,1789636475246686967,1789636475347695876,2934322874397088,19968,0,0,0,3478,0,3622,12868,16346,19968
rear,1370,1789636475346607842,1789636475465341921,2934322992042991,20064,0,0,0,4749,0,4264,11051,15800,20064
front,1373,1789636475446469804,1789636475548092014,2934323074793244,20160,0,0,0,3451,0,3356,13353,16804,20160
rear,1371,1789636475447088501,1789636475549081146,2934323075782301,19968,0,0,0,4937,0,4097,10934,15871,19968
rear,1372,1789636475547002278,1789636475659934388,2934323186635517,19968,0,0,0,4856,0,4141,10971,15827,19968
front,1374,1789636475547810837,1789636475647705669,2934323174406967,19872,0,0,0,3464,0,3700,12708,16171,19872
rear,1373,1789636475646618653,1789636475847591359,2934323374292567,20064,0,0,0,4781,0,4344,10939,15720,20064
rear,1374,1789636475747020248,1789636475900189899,2934323426890962,19872,0,0,0,4836,0,4177,10859,15695,19872
front,1375,1789636475746553478,1789636475879119000,2934323405820055,19968,0,0,0,3462,0,3412,13094,16555,19968
front,1376,1789636475646585027,1789636475748282898,2934323274984145,20064,0,0,0,3405,0,3448,13211,16614,20064
front,1377,1789636475846609002,1789636476149620218,2934323676321423,19968,0,0,0,3412,0,3733,12823,16234,19968
rear,1375,1789636475846452145,1789636476160730837,2934323687432033,20064,0,0,0,4938,0,4238,10888,15826,20064
front,1378,1789636475946432287,1789636476161515028,2934323688216081,20064,0,0,0,3529,0,3420,13115,16644,20064
front,1379,1789636476046603583,1789636476162744429,2934323689445510,20064,0,0,0,3424,0,3402,13238,16662,20064
rear,1376,1789636475946613717,1789636476164547224,2934323691248234,20064,0,0,0,4732,0,4252,11080,15812,20064
rear,1377,1789636476047055090,1789636476165261488,2934323691962502,19968,0,0,0,4737,0,4265,10966,15703,19968
rear,1378,1789636476146919489,1789636476248663010,2934323775364076,19968,0,0,0,4916,0,4102,10950,15866,19968
front,1380,1789636476147725373,1789636476247691076,2934323774392348,19968,0,0,0,3547,0,3770,12651,16198,19968
front,1381,1789636476246712671,1789636476347691939,2934323874393147,19968,0,0,0,3405,0,3388,13175,16580,19968
rear,1379,1789636476246532526,1789636476350283574,2934323876984553,20064,0,0,0,4944,0,4140,10980,15924,20064
front,1382,1789636476346524185,1789636476448112026,2934323974813384,20064,0,0,0,3580,0,3433,13051,16631,20064
rear,1380,1789636476446906491,1789636476681765189,2934324208466200,20064,0,0,0,4731,0,4254,11079,15810,20064
front,1383,1789636476447734306,1789636476681220663,2934324207922008,19968,0,0,0,3427,0,3755,12786,16213,19968
rear,1381,1789636476346712925,1789636476547460499,2934324074162217,19968,0,0,0,4633,0,4275,11060,15693,19968
front,1384,1789636476546538175,1789636476683985940,2934324210686937,19968,0,0,0,3624,0,3397,12947,16570,19968
rear,1382,1789636476546982085,1789636476684676867,2934324211377879,19968,0,0,0,4860,0,4177,10931,15791,19968
rear,1383,1789636476646896619,1789636476847443822,2934324374145066,19872,0,0,0,4484,0,4297,11091,15575,19872
front,1385,1789636476646510939,1789636476747855421,2934324274556799,20064,0,0,0,3405,0,3463,13196,16601,20064
front,1386,1789636476746674767,1789636476848537906,2934324375239023,20064,0,0,0,3607,0,3706,12751,16357,20064
rear,1384,1789636476746399221,1789636476849656825,2934324376357876,20064,0,0,0,4701,0,4276,11087,15788,20064
front,1387,1789636476846891217,1789636477141264163,2934324667965563,19968,0,0,0,3383,0,3426,13159,16542,19968
rear,1385,1789636476846558940,1789636477141808003,2934324668509094,19968,0,0,0,4736,0,4260,10972,15708,19968
front,1388,1789636476947683613,1789636477142710666,2934324669411522,19968,0,0,0,3582,0,3416,12970,16551,19968
rear,1386,1789636476946399084,1789636477143237466,2934324669938423,20064,0,0,0,4876,0,4168,11020,15896,20064
front,1389,1789636477046527155,1789636477147568616,2934324674269630,19968,0,0,0,3417,0,3713,12838,16254,19968
rear,1387,1789636477046612925,1789636477239722845,2934324766423949,20064,0,0,0,4685,0,4297,11082,15767,20064
rear,1388,1789636477146924252,1789636477248348590,2934324775049556,19872,0,0,0,4541,0,4277,11054,15595,19872
front,1390,1789636477146509035,1789636477247912660,2934324774613916,20064,0,0,0,3402,0,3411,13251,16653,20064
front,1391,1789636477347683083,1789636477512276389,2934325038977389,19968,0,0,0,3364,0,3602,13002,16366,19968
rear,1389,1789636477346597178,1789636477513118356,2934325039819381,20064,0,0,0,4848,0,4167,11049,15897,20064
rear,1390,1789636477246412974,1789636477511784449,2934325038485851,20064,0,0,0,5020,0,4139,10905,15925,20064
front,1392,1789636477246737584,1789636477352244745,2934324878946014,20064,0,0,0,3552,0,3562,12950,16501,20064
rear,1391,1789636477446987313,1789636477589982357,2934325116683349,19968,0,0,0,4590,0,4269,11109,15699,19968
front,1393,1789636477447680421,1789636477589453533,2934325116154706,19968,0,0,0,3459,0,3412,13097,16554,19968
front,1394,1789636477546623236,1789636477648156266,2934325174857661,20064,0,0,0,3442,0,3578,13044,16486,20064
rear,1392,1789636477546882684,1789636477649312160,2934325176013274,19968,0,0,0,4755,0,4316,10897,15652,19968
rear,1393,1789636477646557871,1789636477838608222,2934325365309978,20064,0,0,0,4950,0,4259,10855,15805,20064
front,1395,1789636477646807885,1789636477747585498,2934325274286877,19968,0,0,0,3502,0,3549,12917,16418,19968
front,1396,1789636477746662253,1789636477848123039,2934325374824308,20064,0,0,0,3330,0,3469,13265,16593,20064
rear,1394,1789636477746856425,1789636477855004120,2934325381705296,19968,0,0,0,4769,0,4199,11000,15769,19968
rear,1395,1789636477846597371,1789636477959069706,2934325485770905,19968,0,0,0,4668,0,4259,11041,15709,19968
front,1397,1789636477847676135,1789636477947629290,2934325474330566,19968,0,0,0,3567,0,3591,12810,16377,19968
rear,1396,1789636477946432742,1789636478049255504,2934325575956618,20064,0,0,0,5052,0,4096,10916,15968,20064
front,1398,1789636477946757079,1789636478048138436,2934325574839913,20064,0,0,0,3382,0,3548,13134,16514,20064
rear,1397,1789636478046961941,1789636478246765852,2934325773467407,19968,0,0,0,4955,0,4140,10873,15828,19968
front,1399,1789636478147719931,1789636478248351983,2934325775053053,19968,0,0,0,3481,0,3610,12877,16357,19968
front,1400,1789636478047776812,1789636478147901168,2934325674602560,19968,0,0,0,3524,0,3449,12995,16519,19968
rear,1398,1789636478146959789,1789636478249184293,2934325775885353,20064,0,0,0,4744,0,4269,11051,15795,20064
front,1401,1789636478246577786,1789636478347861114,2934325874562649,19968,0,0,0,3592,0,3521,12855,16445,19968
rear,1399,1789636478346604736,1789636478750324679,2934326277025742,19968,0,0,0,4979,0,4108,10881,15860,19968
front,1402,1789636478346547379,1789636478748435207,2934326275136545,20064,0,0,0,3358,0,3457,13249,16606,20064
rear,1400,1789636478246921788,1789636478448097785,2934325974799044,19872,0,0,0,4812,0,4206,10854,15666,19872
rear,1401,1789636478446795762,1789636478753260635,2934326279961609,20064,0,0,0,4737,0,4224,11103,15840,20064
front,1403,1789636478447717970,1789636478752641292,2934326279342264,20064,0,0,0,3723,0,3687,12654,16377,20064
rear,1402,1789636478647776593,1789636478756665049,2934326283365942,19968,0,0,0,5001,0,4171,10796,15797,19968
front,1404,1789636478646607856,1789636478756095666,2934326282796641,19968,0,0,0,3452,0,3440,13076,16528,19968
front,1405,1789636478547687490,1789636478754499122,2934326281200261,19872,0,0,0,3350,0,3464,13058,16406,19872
rear,1403,1789636478546784625,1789636478755132064,2934326281833179,19968,0,0,0,4676,0,4328,10964,15640,19968
front,1406,1789636478746407711,1789636478847721461,2934326374422573,20064,0,0,0,3559,0,3636,12869,16428,20064
rear,1404,1789636478746797089,1789636478848665396,2934326375366491,20064,0,0,0,5041,0,4169,10854,15895,20064
front,1407,1789636478846716922,1789636478947723219,2934326474424387,19968,0,0,0,3279,0,3514,13175,16452,19968
rear,1405,1789636478846744697,1789636478989342778,2934326516043906,19968,0,0,0,4736,0,4255,10977,15713,19968
front,1408,1789636478946544380,1789636479074668361,2934326601369365,20064,0,0,0,3433,0,3466,13165,16597,20064
rear,1406,1789636478946764062,1789636479075170544,2934326601871606,19968,0,0,0,4953,0,4157,10858,15811,19968
front,1409,1789636479146612672,1789636479250618371,2934326777319391,20064,0,0,0,3373,0,3522,13169,16541,20064
rear,1407,1789636479147757849,1789636479251314832,2934326778015778,19968,0,0,0,4703,0,4251,11014,15717,19968
rear,1408,1789636479046857141,1789636479250143669,2934326776844809,20064,0,0,0,5009,0,4125,10930,15939,20064
front,1410,1789636479046777838,1789636479248789959,2934326775491234,19968,0,0,0,3472,0,3596,12900,16369,19968
rear,1409,1789636479246788507,1789636479388873398,2934326915574681,19968,0,0,0,4845,0,4240,10883,15728,19968
front,1411,1789636479247617113,1789636479347380747,2934326874081959,19968,0,0,0,3317,0,3488,13163,16477,19968
front,1412,1789636479346764841,1789636479484829988,2934327011531232,19968,0,0,0,3577,0,3602,12789,16364,19968
rear,1410,1789636479346857382,1789636479485596031,2934327012297151,20064,0,0,0,5021,0,4094,10949,15970,20064
front,1413,1789636479446532990,1789636479641048923,2934327167750482,20064,0,0,0,3241,0,3548,13275,16516,20064
rear,1411,1789636479447727552,1789636479641530167,2934327168231241,19968,0,0,0,4883,0,4198,10887,15770,19968
rear,1412,1789636479546806171,1789636479748177575,2934327274878665,19968,0,0,0,4740,0,4344,10884,15624,19968
rear,1413,1789636479646754878,1789636479749259573,2934327275960552,20064,0,0,0,5055,0,4204,10805,15860,20064
front,1414,1789636479547640014,1789636479747664070,2934327274365684,20064,0,0,0,3365,0,3608,13091,16455,20064
front,1415,1789636479647580579,1789636479748875182,2934327275576202,19872,0,0,0,3519,0,3512,12841,16359,19872
rear,1414,1789636479746820785,1789636479923780243,2934327450481259,19968,0,0,0,4921,0,4142,10905,15826,19968
front,1416,1789636479746468972,1789636479848171489,2934327374872856,20064,0,0,0,3020,0,3628,13416,16434,20064
front,1417,1789636479846797577,1789636480047310638,2934327574012123,20064,0,0,0,3673,0,3515,12876,16549,20064
rear,1415,1789636479946700389,1789636480049374615,2934327576075562,20064,0,0,0,5000,0,4216,10848,15848,20064
front,1418,1789636479947633289,1789636480048837113,2934327575538102,19968,0,0,0,3191,0,3601,13176,16366,19968
rear,1416,1789636479846776616,1789636480048088362,2934327574789431,19968,0,0,0,4739,0,4259,10970,15709,19968
front,1419,1789636480047636641,1789636480148004922,2934327674706053,19968,0,0,0,3340,0,3517,13111,16451,19968
rear,1417,1789636480046763697,1789636480212059888,2934327738761357,20064,0,0,0,5012,0,4093,10959,15971,20064
front,1420,1789636480247452775,1789636480349052249,2934327875753258,19968,0,0,0,3427,0,3580,12961,16388,19968
front,1421,1789636480147571218,1789636480347783929,2934327874485290,19968,0,0,0,3361,0,3544,13063,16424,19968
rear,1418,1789636480147773509,1789636480348579349,2934327875280381,19968,0,0,0,4802,0,4175,10991,15793,19968
rear,1419,1789636480246957282,1789636480350182291,2934327876883373,19968,0,0,0,4729,0,4241,10998,15727,19968
rear,1420,1789636480346698266,1789636480458557567,2934327985258568,19968,0,0,0,5090,0,4116,10762,15852,19968
front,1422,1789636480346555537,1789636480447884834,2934327974586217,20064,0,0,0,3310,0,3555,13199,16508,20064
front,1423,1789636480446765997,1789636480547648243,2934328074349433,19872,0,0,0,3190,0,3614,13068,16258,19872
rear,1421,1789636480446710600,1789636480560840704,2934328087541919,19968,0,0,0,4915,0,4229,10824,15739,19968
front,1424,1789636480546738975,1789636480647895794,2934328174597115,19968,0,0,0,3524,0,3485,12959,16481,19968
rear,1422,1789636480546629060,1789636480658894576,2934328185595651,20064,0,0,0,4748,0,4375,10941,15689,20064
rear,1423,1789636480646834565,1789636480899982005,2934328426683286,20064,0,0,0,4936,0,4183,10945,15881,20064
front,1425,1789636480747435488,1789636480900387797,2934328427088829,20064,0,0,0,3288,0,3466,13310,16598,20064
rear,1424,1789636480747744668,1789636480901152698,2934328427853695,19872,0,0,0,5015,0,4119,10738,15753,19872
front,1426,1789636480646624835,1789636480748322010,2934328275023355,19968,0,0,0,3336,0,3666,12966,16302,19968
front,1427,1789636480846827140,1789636480948263652,2934328474964859,20064,0,0,0,3644,0,3598,12822,16466,20064
rear,1425,1789636480846646441,1789636480994435115,2934328521136428,20064,0,0,0,4836,0,4226,11002,15838,20064
front,1428,1789636480947426165,1789636481136806782,2934328663508153,19872,0,0,0,3271,0,3565,13036,16306,19872
rear,1426,1789636480946680438,1789636481137302752,2934328664003805,19968,0,0,0,4774,0,4241,10953,15727,19968
rear,1427,1789636481046670527,1789636481247395665,2934328774097134,19968,0,0,0,5070,0,4068,10830,15900,19968
front,1429,1789636481147393219,1789636481248193162,2934328774894217,19968,0,0,0,3508,0,3536,12924,16430,19968
rear,1428,1789636481146591836,1789636481277977141,2934328804678316,20064,0,0,0,4939,0,4117,11008,15947,20064
front,1430,1789636481047429661,1789636481147404582,2934328674105953,19968,0,0,0,3360,0,3458,13150,16509,19968
front,1431,1789636481246709850,1789636481348089878,2934328874790994,20064,0,0,0,3340,0,3595,13129,16469,20064
rear,1429,1789636481246731563,1789636481350760558,2934328877461565,20064,0,0,0,4762,0,4400,10902,15664,20064
rear,1430,1789636481347666163,1789636481514786723,2934329041487800,19968,0,0,0,5019,0,4224,10725,15744,19968
front,1432,1789636481347523973,1789636481447866087,2934328974567434,19872,0,0,0,3323,0,3503,13046,16367,19872
rear,1431,1789636481446795151,1789636481630025249,2934329156726458,19968,0,0,0,4975,0,4146,10847,15822,19968
front,1433,1789636481446626859,1789636481606045364,2934329132746703,20160,0,0,0,3533,0,3567,13060,16593,20160
rear,1432,1789636481547586226,1789636481747638191,2934329274339586,19968,0,0,0,4767,0,4240,10961,15728,19968
rear,1433,1789636481646653124,1789636481774826232,2934329301527540,20064,0,0,0,4839,0,4231,10994,15833,20064
front,1434,1789636481646682364,1789636481774166340,2934329300867655,20064,0,0,0,3402,0,3415,13247,16647,20064
front,1435,1789636481547548481,1789636481647573254,2934329174274313,19872,0,0,0,3382,0,3623,12867,16248,19872
front,1436,1789636481747532367,1789636481847754392,2934329374455617,19968,0,0,0,3569,0,3546,12853,16421,19968
rear,1434,1789636481746760445,1789636481866858253,2934329393559470,19968,0,0,0,5121,0,4071,10776,15897,19968
rear,1435,1789636481846652917,1789636481973709584,2934329500410587,19968,0,0,0,4880,0,4145,10943,15823,19968
front,1437,1789636481847403316,1789636481948164138,2934329474865500,20064,0,0,0,3400,0,3603,13061,16461,20064
front,1438,1789636481947383710,1789636482048671058,2934329575372233,19872,0,0,0,3553,0,3443,12876,16429,19872
rear,1436,1789636481946581920,1789636482049370960,2934329576071964,20064,0,0,0,4761,0,4251,11052,15813,20064
rear,1437,1789636482047590674,1789636482242473911,2934329769175284,19968,0,0,0,5072,0,4084,10812,15884,19968
front,1439,1789636482047342048,1789636482148683680,2934329675384940,20160,0,0,0,3489,0,3587,13084,16572,20160
front,1440,1789636482147399134,1789636482247511743,2934329774212726,19968,0,0,0,3589,0,3533,12846,16435,19968
rear,1438,1789636482146553896,1789636482248330104,2934329775031132,19968,0,0,0,4915,0,4218,10835,15750,19968
rear,1439,1789636482246582690,1789636482352398040,2934329879099155,20160,0,0,0,4739,0,4434,10987,15726,20160
front,1441,1789636482247442289,1789636482347809219,2934329874510635,19968,0,0,0,3303,0,3469,13196,16499,19968
front,1442,1789636482347502150,1789636482459887365,2934329986588602,19968,0,0,0,3639,0,3528,12801,16439,19968
rear,1440,1789636482347653100,1789636482485030177,2934330011731651,19968,0,0,0,4917,0,4213,10838,15755,19968
rear,1441,1789636482447644900,1789636482647693015,2934330174394550,19968,0,0,0,4997,0,4100,10871,15868,19968
rear,1442,1789636482547516862,1789636482895653852,2934330422355045,19968,0,0,0,4840,0,4171,10957,15797,19968
front,1443,1789636482547309524,1789636482879037908,2934330405739329,20064,0,0,0,3522,0,3389,13153,16674,20064
front,1444,1789636482447336895,1789636482547861630,2934330074562931,19968,0,0,0,3405,0,3643,12920,16324,19968
rear,1443,1789636482646653102,1789636482898620695,2934330425321655,20064,0,0,0,4803,0,4237,11024,15827,20064
front,1445,1789636482647427953,1789636482897965139,2934330424666172,19968,0,0,0,3420,0,3603,12945,16364,19968
front,1446,1789636482747340851,1789636482899817347,2934330426518483,20064,0,0,0,3418,0,3573,13073,16491,20064
rear,1444,1789636482747588118,1789636482900614846,2934330427315957,19872,0,0,0,5040,0,4084,10748,15788,19872
front,1447,1789636482847424918,1789636482947510025,2934330474211535,19968,0,0,0,3431,0,3432,13105,16536,19968
rear,1445,1789636482846498018,1789636482948415150,2934330475116210,20064,0,0,0,4970,0,4132,10962,15932,20064
rear,1446,1789636482946544469,1789636483111986555,2934330638687860,19968,0,0,0,4740,0,4265,10963,15703,19968
front,1448,1789636482947387936,1789636483048194385,2934330574895711,20064,0,0,0,3532,0,3643,12889,16421,20064
front,1449,1789636483047429542,1789636483147879660,2934330674580830,19968,0,0,0,3415,0,3498,13055,16469,19968
rear,1447,1789636483046505607,1789636483169554272,2934330696255361,20064,0,0,0,4907,0,4383,10774,15681,20064
front,1450,1789636483247357873,1789636483348232149,2934330874933225,19968,0,0,0,3490,0,3630,12848,16337,19968
rear,1448,1789636483246663022,1789636483357885584,2934330884586685,20064,0,0,0,4757,0,4178,11129,15886,20064
rear,1449,1789636483147508387,1789636483347656868,2934330874358035,19968,0,0,0,4999,0,4190,10779,15778,19968
front,1451,1789636483147437931,1789636483247731235,2934330774432497,19968,0,0,0,3398,0,3409,13161,16559,19968
front,1452,1789636483347345011,1789636483547157848,2934331073859458,20064,0,0,0,3397,0,3535,13132,16527,20064
rear,1450,1789636483347593222,1789636483547621221,2934331074322277,19968,0,0,0,4785,0,4247,10936,15721,19968
rear,1451,1789636483446660740,1789636483549396566,2934331076097613,20064,0,0,0,5105,0,4088,10871,15976,20064
front,1453,1789636483447324310,1789636483548819953,2934331075521063,19968,0,0,0,3515,0,3388,13065,16580,19968
rear,1452,1789636483547532145,1789636483673675918,2934331200376946,19872,0,0,0,4977,0,4122,10773,15750,19872
front,1454,1789636483547369922,1789636483648462523,2934331175163962,20064,0,0,0,3433,0,3761,12870,16302,20064
rear,1453,1789636483646401511,1789636483847026289,2934331373727683,20064,0,0,0,4753,0,4228,11083,15836,20064
