stamp_ns,stage,front_crop_ms,rear_crop_ms,front_tf_ms,rear_tf_ms,merge_ms,total_ms,front_input_points,rear_input_points,front_kept_points,rear_kept_points,sync_success,sync_miss,dropped_clouds
1789636170146692801,merge,2.7098,1.7455,0.953468,0.802144,0.244689,26.9806,19968,20064,12901,11056,1,0,1
1789636170246675650,merge,1.70333,1.60626,0.960551,0.781432,0.237239,5.4186,19968,19968,13062,10852,2,0,1
1789636170346650168,merge,1.73184,1.58392,0.955304,0.754002,0.19,5.30791,20064,20064,13231,10755,3,0,1
1789636170447669988,merge,1.68481,1.59027,0.922672,0.784182,0.154414,5.22618,19968,19968,12736,10892,4,0,1
1789636170546727772,merge,1.71323,1.59481,0.949796,0.805228,0.055517,5.21744,20064,19968,13204,10948,5,0,1
1789636170646812778,merge,1.6814,1.58772,0.977317,0.787723,0.047753,5.17348,19872,20064,12870,10954,6,0,1
1789636170746779692,merge,1.72887,1.59757,0.950548,0.779872,0.049096,5.19255,20160,19872,12996,10781,7,0,1
1789636170946802941,merge,1.71384,1.59198,0.972845,0.790212,0.130686,5.28469,19968,19968,13172,10860,8,0,1
1789636171046766176,merge,1.69287,1.57744,0.928402,0.781499,0.050339,5.11864,20064,19968,12689,10856,9,0,1
1789636171146711845,merge,1.7194,1.58584,0.969219,0.790879,0.049602,5.20208,19968,19968,13118,10903,10,0,1
1789636171246644420,merge,1.69951,1.60826,0.935572,0.77687,0.068329,5.18148,20064,20064,13042,10839,11,0,1
1789636171346772590,merge,1.69935,1.57844,0.915367,0.779288,0.048876,5.10646,19968,19968,12757,10814,12,0,1
1789636171446683537,merge,1.69374,1.58486,0.961201,0.791656,0.050067,5.16462,19968,19968,13075,10891,13,0,1
1789636171546724743,merge,1.71018,1.60902,0.978637,0.803649,0.050365,5.25273,20064,20064,13246,11045,14,0,1
1789636171646761319,merge,1.6939,1.58332,0.925685,0.784205,0.049464,5.12197,19968,20064,12750,10852,15,0,1
1789636171746810744,merge,1.70501,1.56581,0.937635,0.787006,0.050469,5.13729,20064,19872,13188,10750,16,0,1
1789636171847711732,merge,1.69954,1.60614,0.95851,0.794823,0.052092,5.19937,19968,20064,13192,11045,17,0,1
1789636171946769931,merge,1.68435,1.59388,0.934966,0.795939,0.049447,5.14281,19872,19968,12671,10971,18,0,1
1789636172146800977,merge,1.69708,1.59103,0.960691,0.782266,0.049641,5.16489,19968,19968,13116,10877,19,2,3
1789636172246772544,merge,1.72822,1.58656,0.936717,0.779564,0.049203,5.16216,20064,19872,12899,10897,20,2,3
1789636172347694651,merge,1.69584,1.63764,0.943862,0.780969,0.051527,5.19891,19968,20064,13037,10925,21,2,3
1789636172446762417,merge,1.7147,1.58734,0.961936,0.822494,0.055948,5.22536,19968,20064,13171,10981,22,2,3
1789636172546797388,merge,1.71204,1.5926,0.95362,0.791253,0.050466,5.19156,20064,19968,12713,10917,23,2,3
1789636172647711863,merge,1.71272,1.59059,0.974947,0.795317,0.050911,5.2101,20064,19968,13253,10879,24,2,3
1789636172747810472,merge,1.68059,1.59006,0.927807,0.786198,0.050785,5.12167,19872,20064,12849,10983,25,2,3
1789636172846737435,merge,1.71031,1.667,0.944577,0.805663,0.049002,5.27377,20064,20064,12897,11046,26,2,3
1789636172946809014,merge,1.68304,1.59661,0.917294,0.77856,0.049461,5.1103,19968,19968,12957,10866,27,2,3
1789636173046835599,merge,1.72173,1.56866,0.968959,0.783822,0.049763,5.17981,20064,19872,13067,10761,28,2,3
1789636173147734069,merge,1.69948,1.5863,0.921887,0.779192,0.051565,5.12792,19968,20064,12781,10835,29,2,3
1789636173246725260,merge,1.73055,1.62033,0.984744,0.817691,0.051629,5.30275,20064,19968,13239,11003,30,2,3
1789636173347814332,merge,1.69905,1.59726,0.945676,0.80049,0.050617,5.18122,19968,20064,12856,10976,31,2,3
1789636173446777716,merge,1.69821,1.58228,0.948303,0.803104,0.050942,5.1692,19872,20064,12859,10877,32,2,3
1789636173546735296,merge,1.75296,1.65065,0.940518,0.798118,0.050099,5.28794,20160,19872,13332,10887,33,2,3
1789636173647763114,merge,1.90494,1.61762,0.932073,0.781431,0.049869,5.39054,19968,19968,12832,10975,34,2,3
1789636173746806260,merge,1.95824,1.60363,0.929084,0.817456,0.050548,5.48057,19968,20160,13099,11078,35,2,3
1789636173846791267,merge,1.72344,1.57677,0.969098,0.780782,0.049783,5.18565,20064,19872,13175,10824,36,2,3
1789636173947818811,merge,1.7108,1.61785,1.00876,0.772004,0.050019,5.24826,19872,20160,12811,10938,37,2,3
1789636174046868851,merge,1.86937,1.58587,0.919309,0.777087,0.049889,5.30082,20064,19872,12984,10814,38,2,3
1789636174146787659,merge,1.73862,1.5781,0.971443,0.784727,0.049971,5.24569,20064,19968,13237,10875,39,2,3
1789636174246807937,merge,1.7038,1.60272,0.951175,0.796213,0.049258,5.19285,19968,19968,12659,10986,40,2,3
1789636174346752515,merge,1.84936,2.03443,0.97963,0.803016,0.058688,5.83675,20064,20064,13251,11033,41,2,3
1789636174447771290,merge,1.74752,1.60133,0.940514,0.802483,0.049866,5.24264,19872,20160,12880,11000,42,2,3
1789636174546896198,merge,1.7254,1.58134,0.929562,0.764076,0.048504,5.14085,20064,19872,12878,10855,43,2,3
1789636174646737548,merge,1.71343,1.60136,0.945284,0.799849,0.050011,5.19918,20064,19968,13045,11024,44,2,3
1789636174747779135,merge,1.71429,1.58096,0.967874,0.779464,0.050869,5.17935,19968,19968,13162,10877,45,2,3
1789636174846785497,merge,1.74243,1.6035,0.894731,0.771535,0.049157,5.15791,20064,19968,12715,10932,46,2,3
1789636174947784338,merge,1.94386,1.90755,0.949219,0.797483,0.049382,5.75169,19872,20256,13031,11008,47,2,3
1789636175046908443,merge,1.71498,1.5993,0.967489,0.796019,0.049346,5.21387,20064,19872,13154,10971,48,2,3
1789636175146769078,merge,1.72386,1.58343,0.928856,0.791685,0.049153,5.1683,20064,19872,12854,10975,49,2,3
1789636175247827711,merge,1.73104,1.74782,0.955379,0.796973,0.05028,5.38322,19968,20160,13133,11053,50,2,3
1789636175346864431,merge,1.70601,1.63803,0.921877,0.815263,0.04977,5.22512,19968,19872,13070,11074,51,2,3
1789636175446782588,merge,1.70465,1.60825,0.911838,0.791611,0.049041,5.15155,19968,20064,12827,11073,52,2,3
1789636175546782709,merge,1.99368,1.59702,0.949295,0.788272,0.049697,5.46606,20064,20064,13179,10990,53,2,3
1789636175646847377,merge,1.70867,1.61388,0.942053,0.781644,0.050829,5.1804,19968,19968,13119,11086,54,2,3
1789636175746738391,merge,1.74502,1.61178,0.97425,0.78156,0.047881,5.24635,20064,19968,12877,11070,55,2,3
1789636175846903945,merge,1.7098,1.59686,0.957557,0.794767,0.049907,5.19214,19968,19968,13175,10969,56,2,3
1789636175946815195,merge,1.7132,1.63039,0.923368,0.771495,0.093531,5.22115,19968,20160,12872,11058,57,2,3
1789636176046929996,merge,1.72324,1.60373,0.92946,0.809646,0.04993,5.19674,20064,19776,12996,11038,58,2,3
1789636176146854622,merge,1.70028,1.80607,0.93236,0.805892,0.049431,5.3868,19968,20160,13009,11039,59,2,3
1789636176246866005,merge,1.71933,1.78816,0.936745,0.791275,0.053266,5.38773,20064,19968,13034,10904,60,2,3
1789636176346806719,merge,1.69243,1.5974,0.907845,0.781243,0.048314,5.10907,19968,20064,12770,10995,61,2,3
1789636176446842419,merge,1.71389,1.63042,0.932337,0.775894,0.049812,5.18766,19968,19968,13151,11086,62,2,3
1789636176546901118,merge,1.70091,1.58706,0.956212,0.792156,0.048359,5.16513,20064,19872,12828,10909,63,2,3
1789636176646783356,merge,1.70858,1.80635,0.920132,0.813952,0.047393,5.3906,19968,20160,12974,11020,64,2,3
1789636176746919142,merge,1.7384,1.59467,0.952488,0.777771,0.052024,5.20806,20064,19872,13131,10960,65,2,3
1789636176846950400,merge,1.69951,1.61651,0.935625,0.793374,0.048848,5.18023,19968,20064,12852,11022,66,2,3
1789636176946726512,merge,1.72221,1.60365,0.934364,0.781241,0.048502,5.17682,19968,20064,13038,10875,67,2,3
1789636177046949172,merge,1.70939,1.58236,0.958018,0.789328,0.050457,5.18002,20064,19872,13166,10841,68,2,3
1789636177147824204,merge,1.69721,1.62738,0.938841,0.815165,0.047546,5.20869,19968,20064,12876,11066,69,2,3
1789636177246912742,merge,1.70038,1.58514,0.944058,0.762449,0.050383,5.12759,19968,19776,13031,10790,70,2,3
1789636177346599416,merge,1.72072,1.60174,0.963694,0.792361,0.182816,5.34879,20064,20160,13254,10956,71,2,3
1789636177446860794,merge,1.69321,1.62124,0.923906,0.797486,0.050137,5.16927,19968,20064,12801,11107,72,2,3
1789636177546918740,merge,1.72402,1.60919,0.939614,1.18348,0.065559,5.60424,19968,19872,13123,10943,73,2,3
1789636177646837811,merge,1.71649,1.57978,0.934861,0.773899,0.049081,5.13711,20064,19968,13119,10914,74,2,3
1789636177746840786,merge,1.71394,1.59133,0.937782,0.76855,0.050431,5.14919,19968,20064,12888,10922,75,2,3
1789636177846892517,merge,1.71329,1.60428,0.956605,0.773877,0.049736,5.18038,19968,19968,13028,10917,76,2,3
1789636177946862934,merge,1.72496,1.57762,0.951541,0.768572,0.049219,5.1521,20064,19968,13212,10800,77,2,3
1789636178046958320,merge,2.21354,1.59028,0.902192,0.799629,0.052443,5.65346,19968,19968,12688,10872,78,2,3
1789636178146824028,merge,1.71687,1.60366,0.953217,1.02656,0.061842,5.45262,19968,20064,13160,11052,79,2,3
1789636178246832885,merge,1.71601,1.59665,0.949881,0.832927,0.052032,5.22864,20064,19968,13084,10859,80,2,3
1789636178346847276,merge,1.70131,1.58547,0.910518,0.806107,0.049855,5.13631,19968,20064,12846,10880,81,2,3
1789636178446870185,merge,1.72657,1.57995,1.02766,0.797106,0.049691,5.26222,20064,19872,13244,10858,82,2,3
1789636178547884560,merge,1.71036,1.60625,0.933522,0.809037,0.049465,5.1894,19968,20064,13022,11084,83,2,3
1789636178646882031,merge,2.06693,1.58172,0.954799,0.781146,0.053423,5.5379,19968,19968,12978,10840,84,2,3
1789636178746867072,merge,1.73199,1.58637,0.930818,1.07949,0.060601,5.47481,19968,19968,13275,10882,85,2,3
1789636178846620402,merge,1.72611,1.5938,0.977007,0.974446,0.053705,5.41718,20064,19968,12973,10908,86,2,3
1789636178946883746,merge,1.72392,1.60424,0.93555,0.769564,0.051775,5.16852,19968,20160,13229,10935,87,2,3
1789636179046998967,merge,1.71451,1.56697,0.967889,0.780281,0.050456,5.16195,20064,19872,13162,10783,88,2,3
1789636179147011834,merge,1.72616,1.62325,0.944259,0.782216,0.053602,5.21503,19872,20064,13245,11062,89,2,3
1789636179246768434,merge,1.68587,1.60328,0.941528,0.790586,0.050311,5.15474,19968,20064,12862,11001,90,2,3
1789636179346897720,merge,1.73893,1.58102,0.949205,0.789509,0.050742,5.18945,19968,20064,13211,10921,91,2,3
1789636179446982596,merge,1.76191,1.58895,0.936708,0.786712,0.050431,5.20934,19872,19968,13083,10925,92,2,3
1789636179546985972,merge,1.73248,1.58787,0.9018,0.780577,0.049631,5.13632,20160,19872,13008,10883,93,2,3
1789636179646787695,merge,1.72431,1.58595,0.933403,0.776599,0.052472,5.1559,19872,20064,12949,10702,94,2,3
1789636179746898589,merge,1.71211,1.58203,0.940222,0.769717,0.048891,5.13954,19968,19968,13189,10818,95,2,3
1789636179846740244,merge,1.70034,1.59236,0.915921,0.788869,0.059187,5.14354,20064,19968,12906,10919,96,2,3
1789636180047012176,merge,1.74706,1.56958,0.930326,0.847685,0.167523,5.35102,20064,19872,13129,10771,97,2,3
1789636180146908985,merge,1.71207,1.63348,0.93796,0.79861,0.243872,5.41275,20064,19968,13059,10926,98,2,3
1789636180246799756,merge,1.69894,1.60474,0.903734,0.802747,0.240904,5.3329,19968,20064,12751,11070,99,2,3
1789636180347058863,merge,1.72324,1.63054,0.956726,0.785179,0.241739,5.42198,19968,19968,13206,10840,100,2,3
1789636180446935516,merge,1.68903,1.58753,0.932353,0.781701,0.243966,5.31734,19968,20064,12838,10866,101,2,3
1789636180546929411,merge,1.72334,1.64566,0.948028,0.782825,0.241054,5.42737,20064,19968,12971,10835,102,2,3
1789636180646975888,merge,1.69078,1.6338,0.960732,0.798362,0.241225,5.4127,19968,19968,12958,10780,103,2,3
1789636180746926746,merge,1.7015,1.63033,0.944478,0.792663,0.241733,5.39535,19968,19968,13077,10883,104,2,3
1789636180846736045,merge,1.70401,1.65547,0.949005,0.81044,0.23025,5.43874,20064,20064,12929,11085,105,2,3
1789636180947029096,merge,1.6992,1.61127,0.956146,0.795536,0.239789,5.38842,19872,20064,13010,11045,106,2,3
1789636181046919026,merge,1.70873,1.62085,0.963281,0.794341,0.24246,5.41084,20064,19968,13142,10815,107,2,3
1789636181146809113,merge,1.70883,1.6363,0.939707,0.780617,0.237585,5.39081,20064,19968,12882,10889,108,2,3
1789636181247012363,merge,1.70201,1.60611,0.960974,0.817745,0.235801,5.41382,19968,20064,13208,11033,109,2,3
1789636181346973212,merge,1.69904,1.62335,0.944672,0.772719,0.238695,5.36596,19968,19872,13000,10757,110,2,3
1789636181446750186,merge,1.70164,1.59549,0.951481,0.781562,0.236199,5.35345,19968,20160,12856,10775,111,2,3
1789636181546999445,merge,1.70271,1.64146,0.960082,0.797989,0.237542,5.41957,19968,19872,13061,10892,112,2,3
1789636181646652735,merge,1.71112,1.64381,0.953038,0.781942,0.236901,5.41458,20064,19968,13127,10899,113,2,3
1789636181746662929,merge,1.70688,1.63478,0.951644,0.782609,0.244347,5.40905,20064,20064,12885,10951,114,2,3
1789636181847010601,merge,1.70692,1.63679,0.977755,0.778719,0.263263,5.44701,19968,19968,13172,10863,115,2,3
1789636181946712164,merge,1.70152,1.61885,0.944315,0.822665,0.238897,5.41448,19968,20160,12839,11141,116,2,3
1789636182047089931,merge,1.72098,1.61747,0.966627,0.771456,0.24296,5.40002,20064,19872,13038,10746,117,2,3
1789636182146995585,merge,1.69823,1.58954,0.950309,0.78638,0.243416,5.35875,19968,20064,12939,10944,118,2,3
1789636182246817004,merge,1.70327,1.64976,0.947108,0.842758,0.253259,5.48115,20064,19968,12978,10889,119,2,3
1789636182346977936,merge,1.69778,1.63862,0.953801,0.802161,0.240658,5.42131,19968,19968,12902,10786,120,2,3
1789636182446782077,merge,1.70121,1.59619,0.956948,0.796441,0.218889,5.35955,19968,20160,13160,11000,121,2,3
1789636182547072692,merge,1.71005,1.63001,0.947112,0.776477,0.222235,5.37845,20064,19776,12847,10776,122,2,3
1789636182646768897,merge,1.69184,1.60633,0.954296,0.790633,0.242647,5.37768,19968,20064,13056,11078,123,2,3
1789636182746832282,merge,1.72259,1.63356,0.962566,0.783249,0.244833,5.43134,20064,20064,13249,10852,124,2,3
1789636182847000278,merge,1.70138,1.63378,0.929462,0.79196,0.237455,5.37784,19968,19968,12733,10919,125,2,3
1789636182946996836,merge,1.70398,1.60859,0.95465,0.793982,0.248505,5.39134,19968,20064,13104,11080,126,2,3
1789636183047030347,merge,1.69861,1.63659,0.967278,0.782397,0.242652,5.41091,19968,19968,13111,10862,127,2,3
1789636183146788909,merge,1.71097,1.62722,0.946528,0.792569,0.279361,5.44129,20064,19968,12894,10804,128,2,3
1789636183246805636,merge,1.70778,1.6417,0.943297,0.789535,0.241774,5.40952,19968,19968,13125,10945,129,2,3
1789636183346760368,merge,1.7158,1.6594,0.971903,0.805576,0.250059,5.48436,20064,20064,13270,11016,130,2,3
1789636183446869624,merge,1.69101,1.58615,0.91293,0.777308,0.209888,5.25945,19968,20064,12634,10947,131,2,3
1789636183547059599,merge,1.71428,1.62169,0.96145,0.786393,0.241133,5.41331,19968,19872,13179,10828,132,2,3
1789636183646701411,merge,1.71093,1.6508,0.956741,0.85439,0.244874,5.50591,20064,20064,13111,10975,133,2,3
1789636183747040229,merge,1.70553,1.6388,0.945936,0.790543,0.250512,5.42267,19968,19968,12753,10903,134,2,3
1789636183846749659,merge,1.69162,1.6341,0.955524,0.786303,0.240342,5.39153,19968,19968,12971,10898,135,2,3
1789636184047106582,merge,1.75236,1.66545,0.914868,0.785181,0.236547,5.44313,19968,19872,12629,10874,136,2,3
1789636184146795355,merge,1.76166,1.65579,0.963437,0.791471,0.237966,5.4962,19968,19968,13197,10852,137,2,3
1789636184246740983,merge,1.7999,1.6666,0.944225,0.790774,0.241935,5.53708,20064,20064,13056,10878,138,2,3
1789636184346844536,merge,1.75438,1.67785,0.931326,0.787329,0.236881,5.47416,19968,19968,12834,10943,139,2,3
1789636184446763689,merge,1.78506,1.66963,0.968267,0.809758,0.239268,5.56372,20064,20064,13214,10960,140,2,3
1789636184547136405,merge,1.77092,1.66705,0.952926,0.802257,0.238099,5.52057,19968,20064,12964,10955,141,2,3
1789636184646891009,merge,1.75885,1.66647,0.954081,0.805838,0.226509,5.49832,19968,19872,12921,10962,142,2,3
1789636184746759778,merge,1.78225,1.67607,0.965924,0.784791,0.237423,5.53314,20064,19968,13204,10940,143,2,3
1789636184847021698,merge,1.77019,1.66269,0.945294,0.804454,0.237277,5.50879,19968,20064,12961,11010,144,2,3
1789636184946822070,merge,1.75686,1.68657,0.947278,0.799106,0.238424,5.51499,19968,20064,12890,11052,145,2,3
1789636185047106232,merge,1.78004,1.69297,0.973055,0.812177,0.244316,5.58716,20064,19968,13260,11026,146,2,3
1789636185146915971,merge,1.76096,1.65387,0.950909,0.793109,0.218794,5.46389,19968,19968,12830,10936,147,2,3
1789636185246836680,merge,1.78547,1.67401,0.935006,0.794431,0.242261,5.52687,20064,19968,13117,10932,148,2,3
1789636185346811682,merge,1.77699,1.68664,0.969503,0.793566,0.244068,5.55911,19968,20064,12989,11074,149,2,3
1789636185446863874,merge,1.78144,1.6876,0.963423,0.800969,0.245089,5.56541,20064,19968,12893,11057,150,2,3
1789636185547156243,merge,1.74614,1.6772,0.976243,0.810733,0.242256,5.53655,19968,19968,12950,10992,151,2,3
1789636185646784898,merge,1.7748,1.68387,0.995846,0.778128,0.243,5.56179,19968,19968,13124,11063,152,2,3
1789636185746785927,merge,1.77756,1.69426,0.968317,0.819046,0.236194,5.58466,20064,20064,12682,11109,153,2,3
1789636185847037668,merge,1.77094,1.68197,0.99995,0.800511,0.245602,5.58281,19968,19968,13164,11086,154,2,3
1789636185946775786,merge,1.76407,1.59261,0.982623,0.796241,0.242703,5.46587,19968,20160,13010,10900,155,2,3
1789636186047156579,merge,1.77378,1.68679,0.986497,0.804563,0.242766,5.57804,20064,19872,12830,11049,156,2,3
1789636186146803706,merge,1.7639,1.69378,0.932909,0.836709,0.283102,5.59551,19968,19968,13061,11062,157,2,3
1789636186246767800,merge,1.77514,1.68106,0.960016,0.779452,0.269151,5.55016,19968,19968,13113,10915,158,2,3
1789636186346760406,merge,1.76789,1.6664,0.952224,0.799621,0.238004,5.50675,20064,20064,12880,10940,159,2,3
1789636186447060662,merge,1.76381,1.60991,0.962361,0.816074,0.243522,5.48406,19968,20160,13110,11089,160,2,3
1789636186547154974,merge,1.77331,1.68754,0.969112,0.790487,0.247137,5.55244,19968,19872,13188,10997,161,2,3
1789636186646838237,merge,1.76223,1.65715,0.932544,0.782286,0.237412,5.45503,20064,19968,12787,10898,162,2,3
1789636186746875191,merge,1.77023,1.67148,0.966617,0.781293,0.247811,5.5258,19968,19968,13201,10926,163,2,3
1789636186846820538,merge,1.75646,1.69301,0.948757,0.812748,0.242198,5.54136,19968,20064,13077,11110,164,2,3
1789636186946936133,merge,1.76384,1.76998,0.950894,0.826937,0.235315,5.64708,20064,19968,12892,10845,165,2,3
1789636187047090576,merge,1.75537,1.66409,0.954372,0.802407,0.24843,5.50562,19968,20064,13051,10827,166,2,3
1789636187146932916,merge,1.80004,1.67649,0.972834,0.806066,0.237604,5.58273,20064,19968,13232,11008,167,2,3
1789636187246871306,merge,1.74573,1.67678,0.900592,0.787888,0.23146,5.42868,19968,19968,12648,10972,168,2,3
1789636187346951858,merge,1.78023,1.64546,0.977101,0.780155,0.249387,5.52123,19968,19872,13194,10786,169,2,3
1789636187446866531,merge,1.74798,1.66923,0.953537,0.799978,0.234122,5.48774,20064,20064,12979,11000,170,2,3
1789636187546812399,merge,1.75628,1.68444,0.935637,0.791883,0.234171,5.4903,19968,20064,12857,11007,171,2,3
1789636187646944656,merge,1.75689,1.64486,0.949839,0.790827,0.232895,5.45993,19968,19872,13036,10779,172,2,3
1789636187746874709,merge,1.78069,1.65764,0.974214,0.780687,0.238888,5.52157,20064,19968,13136,10906,173,2,3
1789636187847076997,merge,1.76326,1.68993,0.916486,0.789133,0.238035,5.48656,19968,20064,12758,11090,174,2,3
1789636187946829956,merge,1.77622,1.66558,0.953466,0.779539,0.237724,5.50224,19968,19968,13196,10833,175,2,3
1789636188047127300,merge,1.76996,1.65601,0.950052,0.786117,0.236105,5.48996,20064,19968,13077,10791,176,2,3
1789636188146818794,merge,1.76716,1.67617,0.942024,0.794565,0.23562,5.50534,19968,20064,12848,10946,177,2,3
1789636188246879325,merge,1.79995,1.67322,0.984692,0.799334,0.240619,5.59001,19968,19968,13348,10991,178,2,3
1789636188346879764,merge,1.76422,1.64967,0.941361,0.780395,0.234928,5.45647,19968,19968,12994,10845,179,2,3
1789636188547130302,merge,1.83888,1.66968,0.981999,0.799609,0.24779,5.62688,19968,19872,13382,10875,180,2,3
1789636188646859055,merge,1.685,1.67785,0.938652,0.793303,0.234798,5.41593,19968,20064,12845,10969,181,2,3
1789636188746993540,merge,1.741,1.6381,1.01881,0.795815,0.241458,5.52644,20064,20064,13395,10896,182,2,3
1789636188847015929,merge,1.69866,1.64024,0.943137,0.790777,0.242194,5.40161,19968,19872,12970,10932,183,2,3
1789636188946870042,merge,1.72349,1.66486,0.972958,0.807072,0.247501,5.5039,20064,20064,13270,10888,184,2,3
1789636189047261382,merge,1.70642,1.6315,0.94316,0.786317,0.234717,5.39306,19968,19968,12956,10792,185,2,3
1789636189146911135,merge,1.72656,1.63268,0.960938,0.776245,0.237034,5.4181,19968,19968,13281,10905,186,2,3
1789636189246925728,merge,1.69148,1.65887,0.931779,0.800779,0.234139,5.40052,20064,20064,12909,11064,187,2,3
1789636189347253738,merge,1.70937,1.63937,0.963732,0.793113,0.234021,5.42699,19968,20064,13057,10880,188,2,3
1789636189447180155,merge,1.69143,1.5815,0.95543,0.798456,0.234247,5.34794,19872,19968,12924,10870,189,2,3
1789636189547220057,merge,1.77151,1.66078,0.971079,0.786059,0.23481,5.51043,19872,19872,13085,10888,190,2,3
1789636189747313915,merge,1.70532,1.57147,0.997121,0.792975,0.099269,5.25847,19872,19968,13186,10774,191,6,7
1789636189846895997,merge,1.69597,1.58462,0.96285,0.794733,0.17044,5.29235,19968,19968,12976,10853,192,6,7
1789636190047294132,merge,1.70017,1.57619,0.91925,0.763202,0.16678,5.21305,19872,19968,13022,10795,193,7,8
1789636190147170735,merge,1.69325,1.58427,0.954301,0.788566,0.170976,5.27844,19872,19968,13070,10887,194,7,8
1789636190246855591,merge,1.71826,1.60783,0.944872,0.787474,0.174828,5.32144,20064,20064,12954,11030,195,7,8
1789636190346961573,merge,1.70912,1.60106,0.960329,0.791791,0.177597,5.32505,20064,20064,13092,10961,196,7,8
1789636190447192826,merge,1.71614,1.57417,0.957538,0.787234,0.170348,5.29234,19968,19968,13175,10830,197,7,8
1789636190547156900,merge,1.70236,1.58689,0.93357,0.790473,0.173041,5.26878,19968,19968,12881,10937,198,7,8
1789636190646981438,merge,1.72271,1.6065,0.969754,0.782648,0.174939,5.34437,19968,20064,13070,10899,199,7,8
1789636190747067129,merge,1.71003,1.58151,0.953721,0.790636,0.176692,5.29758,19968,19968,13115,10736,200,7,8
1789636190846979623,merge,1.71942,1.62316,0.973273,0.800835,0.16832,5.37482,20064,19968,12993,10886,201,7,8
1789636190946954481,merge,1.69744,1.60816,0.936134,0.794776,0.175953,5.3001,19968,20064,12896,11042,202,7,8
1789636191047171287,merge,1.70332,1.58398,0.969975,0.812949,0.178916,5.3342,19968,19968,13169,10841,203,7,8
1789636191146967014,merge,1.70276,1.58236,0.951867,0.79387,0.173427,5.29136,20064,19968,12846,10847,204,7,8
1789636191246933611,merge,1.71868,1.59652,0.969291,0.811789,0.057828,5.2384,20064,19968,13151,11027,205,7,8
1789636191346876045,merge,1.68308,1.60305,0.94212,0.848568,0.049438,5.21381,19968,20064,12984,11037,206,7,8
1789636191446920164,merge,1.70233,1.57624,0.939427,0.780774,0.048549,5.13122,20064,19968,12859,10824,207,7,8
1789636191547190723,merge,1.67389,1.58876,0.948362,0.782862,0.045636,5.12519,19872,20064,12857,10802,208,7,8
1789636191746953025,merge,1.69537,1.58702,0.928898,0.796339,0.132557,5.22516,20064,19968,12732,10863,209,7,8
1789636191846951744,merge,1.71782,1.66156,0.948489,0.789339,0.172549,5.37735,19968,19968,13067,10856,210,7,8
1789636191946899488,merge,1.7211,1.67992,0.970394,0.798381,0.178297,5.4401,20160,20064,13266,11031,211,7,8
1789636192047357705,merge,1.70074,1.59378,0.916986,0.779958,0.238083,5.31767,19872,19968,12659,10890,212,7,8
1789636192146975388,merge,2.55262,2.48171,1.34949,1.12085,0.289234,7.96013,19968,20064,13149,10923,213,7,8
1789636192247053046,merge,2.56154,2.49775,1.35583,1.12407,0.275001,7.9757,20064,20064,13215,10955,214,7,8
1789636192347075052,merge,2.55951,2.37868,0.960968,0.790193,0.244739,7.08426,19968,19872,12798,10873,215,7,8
1789636192446946086,merge,1.71124,1.6676,1.13771,0.775039,0.174644,5.55025,20064,20064,13203,10775,216,7,8
1789636192547105221,merge,1.71323,1.65661,0.961716,0.786605,0.174071,5.37973,19968,19968,13160,10793,217,7,8
1789636192646971882,merge,1.69284,1.67462,0.949113,0.797207,0.17526,5.37322,19968,19968,12621,11017,218,7,8
1789636192746942760,merge,1.72796,1.67099,0.972485,0.783968,0.176381,5.42495,20064,19968,13273,10911,219,7,8
1789636192846941474,merge,1.69798,1.66777,0.963995,0.795975,0.177181,5.38995,19968,20160,13022,10960,220,7,8
1789636192947040791,merge,1.70683,1.61645,0.940414,0.791608,0.229383,5.36786,20064,19872,12867,10860,221,7,8
1789636193046983443,merge,1.69007,1.6909,1.04281,0.911465,0.215078,5.64144,19968,20064,13030,11051,222,7,8
1789636193147070566,merge,2.54979,2.05043,0.947889,0.812322,0.185336,6.70277,19968,20064,13133,10935,223,7,8
1789636193247078778,merge,1.90017,1.66725,0.895665,0.776834,0.175278,5.51999,19968,19968,12619,10795,224,7,8
1789636193347105725,merge,2.09644,1.70524,0.962864,0.834781,0.183008,5.87887,20064,19968,13241,10901,225,7,8
1789636193447036243,merge,1.77126,1.67605,0.920264,0.796214,0.171564,5.42817,20064,19968,12896,10822,226,7,8
1789636193547244777,merge,1.79968,1.59835,0.927002,0.778223,0.246169,5.44646,19872,20064,12818,10939,227,7,8
1789636193647119688,merge,2.00683,1.76215,0.95392,0.790639,0.202514,5.83076,20064,19968,13174,11026,228,7,8
1789636193746997283,merge,1.80201,1.69875,0.947855,0.78294,0.179132,5.53008,19968,20064,13014,11020,229,7,8
1789636193847051320,merge,1.71106,1.68023,0.929412,0.782848,0.183164,5.37902,20064,19968,12944,10902,230,7,8
1789636193947072765,merge,1.71925,1.68124,0.943047,0.793908,0.177198,5.40053,19968,19968,13116,10911,231,7,8
1789636194046999011,merge,1.69825,1.70777,0.932955,0.800748,0.181402,5.41778,19968,20064,12980,11090,232,7,8
1789636194147091199,merge,1.69319,1.66991,0.917184,0.773543,0.175579,5.32218,19968,19968,12893,10880,233,7,8
1789636194247078199,merge,1.71997,1.69742,0.960499,0.771384,0.182623,5.43194,20064,19968,13277,10821,234,7,8
1789636194347023134,merge,1.69429,1.86656,1.3536,0.791235,0.182791,5.98667,19968,20064,12849,10940,235,7,8
1789636194447051405,merge,1.72077,1.68496,0.969741,0.783708,0.180132,5.42792,20160,19968,13206,10976,236,7,8
1789636194547280067,merge,1.68432,1.59291,0.918436,0.789476,0.241914,5.31627,19872,19968,12975,10913,237,7,8
1789636194647043933,merge,1.75794,1.71293,0.93177,0.802033,0.178362,5.47486,20064,20064,12889,10973,238,7,8
1789636194747049059,merge,1.73225,1.70294,0.941417,0.789475,0.177302,5.44099,19968,19968,12972,10968,239,7,8
1789636194847067125,merge,1.70437,1.88954,1.17575,0.777297,0.181397,5.84001,19968,19968,13155,10909,240,7,8
1789636194946991258,merge,1.69368,2.14075,0.949743,0.801046,0.175934,5.8694,20064,20064,12649,10977,241,7,8
1789636195047115399,merge,1.82916,1.68579,0.932713,0.787701,0.178986,5.51897,19968,19968,13176,11060,242,7,8
1789636195147101562,merge,1.73532,1.7673,1.15128,0.927606,0.184917,5.87405,20064,19968,13052,11032,243,7,8
1789636195247054193,merge,1.94043,1.92234,1.11323,0.915083,0.177478,6.18727,19968,19968,12740,10948,244,7,8
1789636195346988801,merge,1.92481,1.90081,1.08585,0.810717,0.181908,6.00362,20064,20064,13114,11002,245,7,8
1789636195447073352,merge,1.93261,1.88755,0.954217,0.79494,0.200378,5.88639,19968,19968,13122,11059,246,7,8
1789636195547078262,merge,1.73707,1.72507,0.929125,0.801518,0.19294,5.48946,19968,20064,12749,11045,247,7,8
1789636195647100938,merge,1.72075,1.69782,0.948519,0.782985,0.207672,5.44945,19968,19968,13142,10960,248,7,8
1789636195747089395,merge,1.72995,1.71473,0.964373,0.78554,0.17923,5.46106,20064,19968,13225,11106,249,7,8
1789636195847022058,merge,1.72105,1.70745,0.901078,0.783537,0.173452,5.37354,19968,19968,12763,11080,250,7,8
1789636195947027114,merge,1.74428,1.70168,0.973969,0.804585,0.178517,5.50169,20064,20064,13305,10998,251,7,8
1789636196047092311,merge,1.69907,1.70845,0.933348,0.796576,0.173025,5.39522,19968,20064,13048,11053,252,7,8
1789636196147186308,merge,1.70143,1.60888,0.932887,0.805344,0.238583,5.3734,19968,19872,12817,11071,253,7,8
1789636196247070898,merge,1.70658,1.7,0.942036,0.799277,0.178751,5.41461,19968,20064,13028,11051,254,7,8
1789636196346604236,merge,1.72387,1.66311,0.961888,0.787601,0.17026,5.39101,20064,19968,13200,10881,255,7,8
1789636196447034758,merge,1.70253,1.66551,0.929272,0.793119,0.173306,5.35008,20160,19968,12873,10890,256,7,8
1789636196647199709,merge,1.69482,1.67555,0.936875,0.814769,0.241517,5.44868,20064,19968,12976,10947,257,7,8
1789636196747200057,merge,1.72739,1.63629,0.942168,0.796372,0.250943,5.44258,20064,19968,12950,10892,258,7,8
1789636196847109988,merge,1.68813,1.64679,0.936077,0.806711,0.24183,5.40324,19968,19968,12935,11027,259,7,8
1789636196947119142,merge,1.7166,1.68928,0.970891,0.809897,0.258495,5.53703,19968,20064,13063,11137,260,7,8
1789636197047187976,merge,1.67858,1.62933,0.91916,0.783925,0.236262,5.33285,19968,19968,12689,10841,261,7,8
1789636197147132366,merge,1.71387,1.63171,0.976767,0.777977,0.246101,5.43405,20064,19968,13257,10815,262,7,8
1789636197247128533,merge,1.7024,1.65623,0.955411,0.787286,0.246446,5.43473,20064,19968,12901,10930,263,7,8
1789636197347033203,merge,1.68768,1.59058,0.933016,0.811726,0.236994,5.3488,19872,19968,12882,10903,264,7,8
1789636197447166157,merge,1.71617,1.6553,0.946302,0.779736,0.244364,5.43019,20064,19968,13247,10862,265,7,8
1789636197547150637,merge,1.69986,1.64446,0.95709,0.814222,0.241522,5.44111,20064,19968,12911,10981,266,7,8
1789636197647080236,merge,1.69564,1.59922,0.957047,0.812319,0.240946,5.3908,19872,20064,13009,10990,267,7,8
1789636197747133767,merge,1.7103,1.66593,0.96247,0.794138,0.244834,5.45893,19968,19968,13172,10868,268,7,8
1789636197847152522,merge,1.71505,1.63148,0.947785,0.790342,0.236753,5.40285,20064,19968,13051,10948,269,7,8
1789636197947097912,merge,1.71982,1.65078,0.958604,0.845373,0.237469,5.49886,20064,19968,13055,11008,270,7,8
1789636198047182230,merge,1.7023,1.58931,0.962901,0.784111,0.242681,5.3659,19872,20064,13150,10881,271,7,8
1789636198147197395,merge,1.70077,1.65536,0.943516,0.786628,0.23176,5.3997,20064,19968,12922,10814,272,7,8
1789636198247095681,merge,1.72911,1.66898,0.971124,0.795928,0.239149,5.49327,20064,19968,13121,10914,273,7,8
1789636198347099058,merge,1.72144,1.66859,0.960062,0.803816,0.241177,5.48336,19968,20064,13210,10952,274,7,8
1789636198447211876,merge,1.69985,1.64261,0.951063,0.794277,0.237315,5.40836,20064,19968,12853,10843,275,7,8
1789636198647126139,merge,1.75063,1.69393,0.950895,0.815276,0.237617,5.53702,19968,19968,12896,10985,276,7,8
1789636198747197773,merge,1.76636,1.65384,0.943222,0.792876,0.240172,5.4807,19968,19968,13057,10828,277,7,8
1789636198847131696,merge,1.7954,1.67055,0.965694,0.801214,0.242046,5.5617,20064,20064,13188,10984,278,7,8
1789636198947158346,merge,1.77575,1.6766,0.93142,0.79576,0.240873,5.5078,19968,19968,13040,10941,279,7,8
1789636199047195470,merge,1.76798,1.66529,0.952679,0.785729,0.236008,5.4928,20064,19968,12986,10743,280,7,8
1789636199147085249,merge,1.7845,1.6518,0.970439,0.803712,0.240429,5.53639,19968,19968,13186,10813,281,7,8
1789636199247112293,merge,1.76959,1.60735,0.958416,0.797197,0.238507,5.45907,19872,20064,13017,11028,282,7,8
1789636199447394676,merge,1.70703,1.57283,0.944905,0.778625,0.118556,5.21333,19776,19968,12880,10774,283,11,12
1789636199547217982,merge,1.69811,1.58494,0.982003,0.791316,0.059672,5.20657,19872,19968,13171,10893,284,11,12
1789636199647180493,merge,1.7159,1.60095,0.956418,0.791941,0.057397,5.21364,20256,19968,13149,10973,285,11,12
1789636199747122549,merge,1.70018,1.59201,0.946627,0.803117,0.051042,5.17954,19968,20064,13024,10960,286,11,12
1789636199847416181,merge,1.69539,1.58137,0.934066,0.788043,0.045253,5.12925,19776,19968,13062,10816,287,11,12
1789636199947159533,merge,1.71854,1.5948,0.956231,0.789788,0.05063,5.1973,20064,19968,13124,10866,288,11,12
1789636200047194110,merge,1.71942,1.60665,0.941779,0.781685,0.051993,5.18412,20064,20064,12939,10878,289,11,12
1789636200147258438,merge,1.69751,1.57479,0.953063,0.779791,0.043718,5.13823,19872,19968,13013,10824,290,11,12
1789636200247210236,merge,1.70124,1.58226,0.965263,0.806586,0.050924,5.19007,19968,19968,13123,10901,291,11,12
1789636200347160465,merge,1.71862,1.60181,0.93543,0.788604,0.051822,5.18391,20064,20064,12766,11022,292,11,12
1789636200447248796,merge,1.74689,1.61441,0.959092,0.77696,0.057795,5.24674,20064,19968,13291,10815,293,11,12
1789636200547400977,merge,1.71843,1.61918,0.934457,0.784446,0.042569,5.17773,19872,20064,12896,10962,294,11,12
1789636200747243028,merge,1.69868,1.60559,0.921297,0.773658,0.044291,5.13238,19872,19968,12889,10777,295,12,13
1789636200847153836,merge,1.72482,1.59637,0.940781,0.775954,0.051085,5.17652,19968,19968,13200,10757,296,12,13
1789636200947123121,merge,1.71554,1.60292,0.930409,0.773222,0.048323,5.16329,20064,20064,12659,10952,297,12,13
1789636201047247440,merge,1.70518,1.59702,0.971149,0.78525,0.050027,5.19287,19968,19968,13146,10976,298,12,13
1789636201147172880,merge,1.72449,1.61076,0.937911,0.789349,0.049798,5.20057,19968,19968,13043,10854,299,12,13
1789636201247121392,merge,1.90335,1.59448,0.940583,0.782267,0.052601,5.37801,20064,20064,12824,10965,300,12,13
1789636201347207854,merge,1.70188,1.6065,0.960296,0.787509,0.055863,5.19615,19968,20064,13116,11055,301,12,13
1789636201447273817,merge,1.74865,1.61185,0.940628,0.769899,0.061165,5.22384,20064,19968,13151,10864,302,12,13
1789636201547281481,merge,2.42657,2.19941,1.44765,1.22693,0.064921,7.49911,19968,19968,12830,10864,303,12,13
1789636201647252472,merge,1.74111,1.63444,0.946766,0.790374,0.050754,5.25803,19968,19968,13105,10935,304,12,13
1789636201747203352,merge,1.74943,1.63272,0.951003,0.781402,0.049586,5.25538,20064,20064,13197,10865,305,12,13
1789636201847332459,merge,1.74302,1.60909,0.910631,0.786325,0.049453,5.19027,19968,19968,12760,10821,306,12,13
1789636201947219989,merge,1.71487,1.58436,0.96315,0.789216,0.05027,5.18656,20064,19968,13241,10887,307,12,13
1789636202047196064,merge,1.70742,1.60793,0.941326,0.79928,0.048691,5.18952,19968,20064,12967,11055,308,12,13
1789636202147235766,merge,1.7125,1.57849,0.938642,0.793687,0.048632,5.15456,19968,19968,12911,10767,309,12,13
1789636202247182325,merge,1.69659,1.58949,0.971905,0.798382,0.050413,5.19737,20064,19968,13116,10814,310,12,13
1789636202347180304,merge,1.68906,1.60936,0.942295,0.810011,0.050333,5.192,19872,20064,13026,11100,311,12,13
1789636202447209682,merge,1.71641,1.60143,0.939258,0.797917,0.050462,5.19398,20160,19968,12789,10932,312,12,13
1789636202547189812,merge,1.71696,1.58332,0.956828,0.796978,0.05214,5.19242,19968,19968,13157,10784,313,12,13
1789636202647179300,merge,1.69796,1.59653,0.926467,0.802137,0.046849,5.15302,19968,20064,12784,10833,314,12,13
1789636202747294678,merge,1.75041,1.63328,0.926358,0.800848,0.053511,5.25209,20064,19968,12989,10960,315,12,13
1789636202847215194,merge,1.72755,1.62154,0.942088,0.781964,0.049254,5.20961,19968,19968,13010,10828,316,12,13
1789636202947189628,merge,2.55913,2.36824,1.33472,1.12814,0.111421,7.66622,20064,20064,12963,10975,317,12,13
1789636203047336668,merge,2.53064,2.37098,1.3384,1.12063,0.097335,7.60165,19968,19968,13003,10926,318,12,13
1789636203147219494,merge,2.52869,2.38158,1.34584,0.863822,0.050384,7.32011,19968,20064,13108,10944,319,12,13
1789636203247349967,merge,1.72526,1.58297,0.922734,0.765736,0.050051,5.13573,19968,19968,12933,10866,320,12,13
1789636203347212330,merge,1.70409,1.60157,0.936158,0.783782,0.047545,5.15298,19968,20064,12957,10960,321,12,13
1789636203547361283,merge,1.69224,1.58237,0.910994,0.776333,0.04568,5.09336,19872,19968,12699,10826,322,13,14
1789636203647237574,merge,1.71538,1.58661,0.95391,0.76548,0.049366,5.16238,20064,20064,13160,10905,323,13,14
1789636203747363909,merge,1.70111,1.59979,0.929681,0.771121,0.049724,5.13636,19968,19968,13051,11015,324,13,14
1789636203847326254,merge,1.74387,1.61211,0.923868,0.771595,0.04928,5.19429,20064,19968,12866,10871,325,13,14
1789636203947185941,merge,1.71794,1.61862,0.935797,0.782236,0.051269,5.19317,19968,20064,13006,10942,326,13,14
1789636204047309793,merge,1.74241,1.61405,0.944698,0.786607,0.05165,5.22498,19968,19968,13194,11030,327,13,14
1789636204147296143,merge,1.72137,1.62146,0.898291,0.779262,0.054533,5.15981,20064,19968,12695,11013,328,13,14
1789636204247215200,merge,1.70303,1.6121,0.939196,0.782425,0.045339,5.16714,19872,20064,13093,10993,329,13,14
1789636204347328760,merge,1.71879,1.61199,0.946933,0.76764,0.04882,5.17869,20064,19968,13033,10868,330,13,14
1789636204447330247,merge,1.73636,1.6229,0.927457,0.784582,0.04749,5.20325,20064,19968,12899,10945,331,13,14
1789636204547210687,merge,1.71336,1.61971,0.947232,0.775214,0.04987,5.20143,19968,20064,12970,10890,332,13,14
1789636204647347575,merge,1.73617,1.60601,0.934469,0.782778,0.051835,5.2035,20064,19968,13124,10892,333,13,14
1789636204747342332,merge,1.70251,1.629,0.919361,0.790951,0.042442,5.16868,19872,20064,12689,11083,334,13,14
1789636204847377643,merge,1.72572,1.61936,0.941072,0.780216,0.049765,5.20284,19968,19968,13128,10932,335,13,14
1789636205047304721,merge,1.69343,1.58414,0.89702,0.77256,0.043353,5.07815,19872,19968,12848,10900,336,14,15
1789636205147322895,merge,1.71955,1.61923,0.934599,0.795451,0.055697,5.21663,19968,20064,13119,11139,337,14,15
1789636205247344932,merge,1.71888,1.6074,0.948594,0.778534,0.048626,5.18898,20064,19968,13059,10991,338,14,15
1789636205347330048,merge,1.70529,1.5876,0.922352,0.784193,0.049482,5.14177,19968,19968,12929,10944,339,14,15
1789636205447258090,merge,1.74521,1.64808,0.953762,0.795928,0.051001,5.29062,20064,20064,13175,11040,340,14,15
1789636205547427532,merge,1.78548,1.61416,0.953429,0.806097,0.049384,5.3052,19968,19968,13016,11088,341,14,15
1789636205647349850,merge,1.70054,1.59779,0.921387,0.781009,0.051178,5.14278,19968,19968,12933,10973,342,14,15
1789636205747266357,merge,1.70579,1.6179,0.97488,0.797862,0.048174,5.24086,19968,20064,13154,10979,343,14,15
1789636205847379084,merge,1.70155,1.61619,0.938294,0.824055,0.048902,5.21042,20064,19968,12942,11098,344,14,15
1789636205947359511,merge,1.71899,1.60398,0.957581,0.788388,0.04862,5.20386,20064,20064,13119,11003,345,14,15
1789636206047401441,merge,1.78907,2.01729,0.961711,0.801691,0.041952,5.71176,19968,19872,13042,10931,346,14,15
1789636206147244110,merge,1.68908,1.5988,0.934086,0.804052,0.043157,5.15216,19872,20064,12924,11109,347,14,15
1789636206347339936,merge,1.69653,1.61299,0.951488,0.79529,0.0485,5.19357,19872,20064,13059,10989,348,15,16
1789636206547363545,merge,1.7083,1.59114,0.957585,0.799707,0.049967,5.18955,19968,19968,13171,10981,349,16,17
1789636206647326775,merge,1.67427,2.00574,1.06779,0.802152,0.048061,5.69279,19872,20064,12861,11059,350,16,17
1789636206747412616,merge,1.70272,1.58312,0.952038,0.775037,0.050081,5.14679,20064,19968,12919,10885,351,16,17
1789636206847296263,merge,1.6848,1.58502,0.932483,0.790771,0.05095,5.12842,19968,19968,12922,10871,352,16,17
1789636206946722900,merge,1.70912,1.60534,0.940717,0.78788,0.049703,5.18015,20064,20064,13218,11079,353,16,17
1789636207047423159,merge,1.70178,1.59426,0.94378,0.781024,0.05425,5.16612,20064,19968,12830,10930,354,16,17
1789636207147414663,merge,1.69983,1.58191,0.943957,0.792995,0.043908,5.15044,19872,19968,13059,10896,355,16,17
1789636207247322967,merge,1.74488,1.5933,1.46868,0.935973,0.056282,5.89479,20064,19968,13211,10963,356,16,17
1789636207347293879,merge,1.73566,1.64618,0.935675,0.779139,0.05334,5.24773,20064,19968,12815,10973,357,16,17
1789636207447325962,merge,1.74421,1.6069,0.964267,0.77101,0.05022,5.22776,19968,19968,13235,10798,358,16,17
1789636207546824034,merge,1.73499,1.63011,0.948894,0.777151,0.051531,5.23588,19968,20064,13100,10913,359,16,17
1789636207647323231,merge,1.73375,1.645,0.923263,0.78707,0.053748,5.23256,20064,19968,12899,11007,360,16,17
1789636207747391838,merge,1.72331,1.6365,0.959468,0.795621,0.04515,5.24861,19872,19968,13036,10907,361,16,17
1789636207947334979,merge,1.67789,1.60371,0.917202,0.803578,0.043271,5.13259,19872,20064,12676,11051,362,17,18
1789636208047362041,merge,1.75094,1.63767,0.952961,0.779822,0.049819,5.25763,20064,19968,13294,11004,363,17,18
1789636208147371632,merge,1.73502,1.6259,0.940474,0.785802,0.049396,5.22266,20064,20064,13019,10920,364,17,18
1789636208247468215,merge,1.70578,1.62345,0.931899,0.793098,0.046263,5.18793,19872,19968,12823,10823,365,17,18
1789636208347421287,merge,1.75863,1.63129,0.959567,0.777873,0.049127,5.26612,20064,19968,13311,10900,366,17,18
1789636208447336011,merge,1.72856,1.62672,0.934927,0.775751,0.049534,5.20962,19968,20064,12935,10858,367,17,18
1789636208547455717,merge,1.71808,1.60232,0.936037,0.778517,0.051986,5.17289,19968,19968,13022,10899,368,17,18
1789636208647438684,merge,1.73973,1.61553,0.951154,0.779044,0.049126,5.22256,20064,20064,13220,11018,369,17,18
1789636208747403504,merge,1.7236,1.61508,0.955995,0.776779,0.041194,5.2,19968,19872,13033,10821,370,17,18
1789636208846816424,merge,1.75226,1.61776,0.947945,0.781137,0.050144,5.2393,20064,20064,13064,10904,371,17,18
1789636208947394112,merge,1.73616,1.60715,0.954866,0.781021,0.051792,5.22422,19968,19968,13131,10906,372,17,18
1789636209046922747,merge,1.75602,1.65531,0.958879,0.823347,0.050443,5.33406,20064,20064,13194,11089,373,17,18
1789636209147425671,merge,1.68487,1.57665,0.944999,0.771034,0.041642,5.10526,19872,19968,12911,10758,374,17,18
1789636209247435390,merge,1.72936,1.5823,0.953789,0.827166,0.051729,5.23224,19968,19968,13268,10810,375,17,18
1789636209347366840,merge,1.68869,1.61496,0.953225,0.80187,0.046845,5.19765,19776,20064,13049,10957,376,17,18
1789636209447447549,merge,1.70817,1.59142,0.94891,0.785688,0.048261,5.17114,20160,19968,13053,10892,377,17,18
1789636209547451924,merge,1.71636,1.57073,0.947087,0.785165,0.04859,5.15334,19968,19968,13080,10820,378,17,18
1789636209647375708,merge,1.71373,1.58907,0.974103,0.788062,0.050115,5.20167,19968,20064,13163,10980,379,17,18
1789636209747517327,merge,1.70893,1.59458,0.932079,1.02725,0.061059,5.4089,20160,19968,12894,10979,380,17,18
1789636209847677561,merge,1.69856,1.5727,0.968509,0.879687,0.042691,5.24348,19872,19968,13075,10824,381,17,18
1789636209947331152,merge,1.6901,1.59337,0.945796,0.808007,0.044595,5.17133,19872,20064,12963,10987,382,17,18
1789636210047491787,merge,2.53831,2.36958,1.33908,1.12696,0.10492,7.63367,20064,19968,13067,10893,383,17,18
1789636210147407299,merge,2.51359,2.2895,0.948706,0.813669,0.049667,6.75302,19968,20064,12853,10766,384,17,18
1789636210247538075,merge,1.70988,1.57722,0.944214,0.795082,0.057076,5.17478,19968,19968,13195,10845,385,17,18
1789636210347512892,merge,1.71286,1.6378,1.48151,0.824347,0.051704,5.79588,19968,19968,12855,10962,386,17,18
1789636210447403743,merge,1.70623,1.59402,0.931585,0.792403,0.047343,5.15536,20064,19968,13000,10945,387,17,18
1789636210547394757,merge,1.67852,1.58153,0.946902,0.790578,0.049995,5.13012,19968,20064,12951,10893,388,17,18
1789636210647494398,merge,1.69255,1.58418,0.953695,0.782962,0.048285,5.1465,19968,19968,13071,10922,389,17,18
1789636210747424396,merge,1.69482,1.60678,0.937193,0.776329,0.047567,5.14815,20064,20064,12831,11062,390,17,18
1789636210847515934,merge,1.70115,1.57816,0.948468,0.779186,0.043558,5.13108,19872,19968,13037,10753,391,17,18
1789636211047435449,merge,1.67423,1.6033,0.916625,0.796323,0.041706,5.11942,19680,20064,12799,10912,392,18,19
1789636211147474745,merge,1.71672,1.58999,0.970713,0.800335,0.048964,5.21131,20064,19968,13298,10929,393,18,19
1789636211247524058,merge,1.69257,1.57018,0.938696,0.786481,0.047497,5.12085,19968,19968,12962,10827,394,18,19
1789636211347410010,merge,1.71624,1.59418,0.959784,0.780715,0.049024,5.19017,20064,20064,13041,11006,395,18,19
1789636211447437747,merge,1.69766,1.59421,0.944856,0.798725,0.047995,5.16909,19968,19968,13087,10961,396,18,19
1789636211547480801,merge,1.7033,1.58442,0.941087,0.788264,0.048793,5.15269,20064,19968,12995,10871,397,18,19
1789636211647400165,merge,1.68842,1.5906,0.929673,1.0234,0.042729,5.35864,19872,20064,12784,10974,398,18,19
1789636211747412639,merge,1.73853,1.5987,0.932703,0.769928,0.050823,5.18014,20064,19968,13264,10907,399,18,19
1789636211847470331,merge,1.72424,1.59356,0.932802,0.800671,0.047576,5.18882,20160,19968,12817,10809,400,18,19
1789636211947418990,merge,1.73042,1.57882,0.95542,0.781691,0.049689,5.1871,20064,19968,13240,10797,401,18,19
1789636212047462954,merge,1.70666,1.60079,0.922279,0.802691,0.044852,5.16407,19776,20064,12754,11067,402,18,19
1789636212147492044,merge,1.69755,1.59552,0.935404,0.796357,0.048745,5.16142,19968,19968,12940,10981,403,18,19
1789636212247445782,merge,1.69277,1.58643,0.944727,0.787292,0.047385,5.14167,20064,20064,12857,10857,404,18,19
1789636212347544145,merge,1.71782,1.59089,0.977732,0.780364,0.052969,5.20605,20160,19968,13312,10913,405,18,19
1789636212447467716,merge,1.68746,1.60408,0.907899,0.809145,0.042222,5.14193,19872,19968,12570,11012,406,18,19
1789636212547458940,merge,1.72537,1.60012,0.957981,0.794651,0.050112,5.22299,19968,19968,13078,10865,407,18,19
1789636212646807246,merge,1.70974,1.58319,0.948204,0.782744,0.049013,5.15787,20064,20064,13180,10917,408,18,19
1789636212747470192,merge,1.71222,1.59461,0.916081,0.790952,0.050487,5.1525,20064,19968,12798,10893,409,18,19
1789636212847430896,merge,1.73693,1.59658,0.929173,0.773701,0.050995,5.18422,19968,19968,13137,10900,410,18,19
1789636212946954639,merge,1.69152,1.58455,0.951208,0.789798,0.049763,5.15223,19968,20064,13101,10916,411,18,19
1789636213047525829,merge,1.71192,1.57735,0.927899,0.78817,0.049645,5.14542,19968,19968,12812,10887,412,18,19
1789636213146823638,merge,1.71705,1.60042,1.00965,0.80104,0.049419,5.27818,19968,19968,13098,10977,413,18,19
1789636213347594401,merge,2.52188,2.34731,1.05606,0.810096,0.138392,7.03304,19968,19968,12691,10865,414,18,19
1789636213447565471,merge,1.71608,1.67934,0.937616,0.782279,0.174791,5.36649,19968,19968,13170,11029,415,18,19
1789636213647465807,merge,1.68455,1.59335,0.918022,0.774033,0.167328,5.22958,19872,20064,12776,10854,416,20,21
1789636213747557630,merge,1.69748,1.58066,0.956347,0.785009,0.184368,5.29021,20064,19968,13075,10838,417,20,21
1789636213846974532,merge,1.73844,1.60423,0.954113,0.802768,0.177149,5.36204,20064,19968,13094,10987,418,20,21
1789636213947467943,merge,1.70218,1.59263,0.922746,0.789135,0.172636,5.27255,19968,20064,12736,10975,419,20,21
1789636214047537087,merge,1.72221,1.58605,0.921799,0.770355,0.180249,5.27144,19968,19968,13149,10883,420,20,21
1789636214146843620,merge,1.69858,1.6023,0.93253,0.792232,0.176807,5.27402,20064,19968,12855,10961,421,20,21
1789636214247458365,merge,1.70897,1.60865,0.944746,0.786493,0.172843,5.31616,19968,20064,12959,11017,422,20,21
1789636214347550084,merge,1.69317,1.58767,0.915903,0.77966,0.170048,5.23141,19968,19968,12980,10957,423,20,21
1789636214446925529,merge,1.72412,1.58344,0.944475,0.83908,0.182745,5.35473,20064,19968,12947,10935,424,20,21
1789636214547456597,merge,1.7028,1.60478,0.941556,0.79181,0.173573,5.30445,19968,20064,13048,10906,425,20,21
1789636214647582561,merge,1.72093,1.58863,0.952603,0.794451,0.172295,5.31973,19968,19968,13120,10871,426,20,21
1789636214746874329,merge,1.75336,1.62432,0.92982,0.770578,0.179283,5.36073,20064,20064,12911,10930,427,20,21
1789636214847611865,merge,1.73158,1.64332,0.94397,0.783088,0.182326,5.37303,19968,19968,13047,11057,428,20,21
1789636214947578318,merge,2.57309,1.99298,0.979044,0.794566,0.181728,6.66195,20160,19968,13360,10919,429,20,21
1789636215047598250,merge,2.28629,2.32765,1.49149,1.30492,0.224789,7.73758,19776,20064,12629,10961,430,20,21
1789636215147613000,merge,1.72899,1.59533,0.979014,0.791575,0.060032,5.24512,20064,19968,13184,11014,431,20,21
1789636215247549272,merge,1.69818,1.62311,0.962245,0.810155,0.050027,5.23278,19968,19968,13005,11085,432,20,21
1789636215347491033,merge,1.72582,1.60808,0.944412,0.79752,0.052195,5.216,20064,19968,12894,11065,433,20,21
1789636215446958726,merge,1.70126,1.59035,0.942071,0.791621,0.049585,5.15723,19968,19968,13004,10945,434,20,21
1789636215546639073,merge,2.48936,1.61627,0.943131,0.801174,0.055153,6.01041,20064,20064,13254,11080,435,20,21
1789636215647528831,merge,1.70336,1.60987,0.922049,0.796333,0.04703,5.16184,20064,19968,12682,11042,436,20,21
1789636215747474216,merge,1.69279,1.6003,0.957747,0.790615,0.043055,5.16835,19872,20064,13064,10986,437,20,21
1789636215847538882,merge,1.70154,1.60331,0.952758,0.791124,0.049095,5.1822,20064,19968,13063,11047,438,20,21
1789636215947501942,merge,1.71322,1.62254,0.945392,0.815066,0.054077,5.2467,20064,20064,12869,11044,439,20,21
1789636216047721216,merge,2.51467,2.39272,1.10646,0.835735,0.053427,7.05799,19968,19968,12978,11105,440,20,21
1789636216147583806,merge,1.71408,1.5949,0.951242,0.794941,0.050732,5.19061,20064,19968,13082,10931,441,20,21
1789636216247555606,merge,1.68513,1.60984,0.936847,0.799381,0.045722,5.16339,19872,20064,12649,11087,442,20,21
1789636216347665033,merge,1.72841,1.63244,0.930732,0.795169,0.050132,5.22707,19968,19968,13116,11096,443,20,21
1789636216447625122,merge,1.69919,1.59099,0.944059,0.782784,0.050431,5.15349,19968,19968,13158,10919,444,20,21
1789636216547567270,merge,1.71628,1.58319,0.91052,0.766984,0.04886,5.10689,20160,20064,12897,10831,445,20,21
1789636216647633181,merge,1.73254,1.59742,0.922372,0.776151,0.049151,5.16659,19968,19968,13165,10991,446,20,21
1789636216747596181,merge,1.73891,1.63894,0.944002,0.786056,0.050259,5.242,20064,19968,13063,10971,447,20,21
1789636216847022645,merge,1.74209,1.59996,0.927713,0.773548,0.049682,5.17649,20064,19968,13019,10863,448,20,21
1789636216947509324,merge,1.68295,1.58796,0.919537,0.788998,0.045476,5.11351,19872,20064,12977,10924,449,20,21
1789636217047694591,merge,1.81283,1.67874,0.958128,0.796762,0.050186,5.40778,20064,19968,13119,11013,450,20,21
1789636217146963296,merge,1.71675,1.75379,0.915131,0.770222,0.049315,5.2989,19968,19968,12780,10922,451,20,21
1789636217247587222,merge,1.71301,1.60052,0.944943,0.81039,0.050278,5.20978,19968,20064,13224,10989,452,20,21
1789636217347629943,merge,1.69458,1.59351,0.932904,0.782837,0.04111,5.13341,20064,19872,12905,10957,453,20,21
1789636217446983289,merge,1.69454,1.60008,0.945551,0.790502,0.048478,5.16504,19968,19968,12984,10928,454,20,21
1789636217547530567,merge,1.69818,1.59432,0.945948,0.782124,0.050057,5.15474,19968,20064,13028,10809,455,20,21
1789636217647663795,merge,1.69669,1.58283,0.947211,0.787222,0.048443,5.14542,19968,19968,13048,10880,456,20,21
1789636217746896084,merge,1.69054,1.60458,0.937246,0.802627,0.048286,5.16984,20064,20064,12800,11048,457,20,21
1789636217847697022,merge,1.74125,1.61634,0.956367,0.770474,0.047593,5.22017,19968,19968,13203,10851,458,20,21
1789636217947711841,merge,2.22571,1.58354,0.940474,0.78971,0.050254,5.69726,20064,19968,12879,10895,459,20,21
1789636218047095193,merge,1.74254,1.6476,0.948277,0.790556,0.0496,5.2629,19968,20064,12974,11044,460,20,21
1789636218147697788,merge,1.74426,1.62092,0.966746,0.772975,0.050027,5.24666,19968,19968,13304,10890,461,20,21
1789636218247694357,merge,1.72416,1.61172,0.941981,0.763621,0.049913,5.18164,20064,19968,12833,10823,462,20,21
1789636218347069574,merge,1.73554,1.628,0.957455,0.775434,0.04919,5.22785,19968,20064,13156,10923,463,20,21
1789636218447724177,merge,1.75102,1.62934,0.95951,0.779011,0.048942,5.26159,19872,19872,13184,10906,464,20,21
1789636218546637367,merge,1.71545,1.62322,0.93083,0.774073,0.047479,5.17783,20064,20064,12877,10772,465,20,21
1789636218646934343,merge,1.78965,1.61711,0.972941,0.7843,0.051111,5.30751,20160,19968,13533,10895,466,20,21
1789636218747569931,merge,1.72186,1.63995,0.929317,0.796977,0.04663,5.22728,19872,20064,12882,11057,467,20,21
1789636218847700783,merge,2.06658,1.6222,0.944348,0.787249,0.049489,5.57518,20160,19968,13314,10835,468,20,21
1789636218947552461,merge,1.73911,1.62067,0.953154,0.781499,0.04956,5.22952,19968,19968,13056,10790,469,20,21
1789636219047232228,merge,1.7555,1.64217,0.965606,0.802642,0.047521,5.30256,19872,20064,13265,11070,470,20,21
1789636219147659490,merge,1.71165,1.63358,0.946033,0.769333,0.04226,5.1755,20064,19872,12868,10857,471,20,21
1789636219246677988,merge,1.74841,1.62895,0.964533,0.782642,0.047002,5.24629,19968,20160,13206,10953,472,20,21
1789636219347732703,merge,1.71609,1.62962,0.939904,0.776511,0.047526,5.19379,19776,19968,12912,10831,473,20,21
1789636219447638137,merge,1.75531,1.62885,0.949123,0.777393,0.050013,5.25432,19872,19872,13064,10906,474,20,21
1789636219546635766,merge,1.73853,1.63661,0.930736,0.783468,0.051661,5.23394,20256,20160,12836,10952,475,20,21
1789636219647741719,merge,1.72847,1.6239,0.949505,0.776892,0.048854,5.21726,19872,19968,13121,10898,476,20,21
1789636219747676727,merge,1.72534,1.62925,0.950678,0.787605,0.049626,5.23022,20064,19968,12952,10954,477,20,21
1789636219847056057,merge,1.73101,1.59313,0.944139,0.788566,0.047217,5.19754,20064,19968,12952,10888,478,20,21
1789636219947584971,merge,1.71294,1.62801,0.945599,0.77445,0.050808,5.202,19872,19968,12890,10836,479,20,21
1789636220047103894,merge,1.75441,1.61468,0.939594,0.794201,0.049261,5.24741,20160,20064,13189,11019,480,20,21
1789636220147611959,merge,1.70307,1.6669,0.913129,0.784408,0.045553,5.20233,19776,20064,12573,10952,481,20,21
1789636220247728436,merge,1.72868,1.61883,0.946485,0.775398,0.057012,5.21766,19968,19968,13132,10715,482,20,21
1789636220347630681,merge,1.73606,1.60675,0.954313,0.774136,0.047963,5.20096,20064,19968,13151,10801,483,20,21
1789636220447136303,merge,1.72625,1.59856,0.932091,0.818647,0.043277,5.21755,19872,19968,12794,10981,484,20,21
1789636220546693193,merge,1.74289,1.62608,0.963321,0.787581,0.050758,5.26046,20064,20064,13159,10912,485,20,21
1789636220647627524,merge,1.74392,1.60959,0.943461,0.778697,0.054313,5.217,20064,19968,13188,10837,486,20,21
1789636220747600318,merge,1.72403,1.63342,0.93704,0.778241,0.048812,5.2101,19968,20064,12801,11037,487,20,21
1789636220847723892,merge,1.73973,1.63245,0.950487,0.777262,0.048703,5.23298,19968,19968,13113,10956,488,20,21
1789636220947596599,merge,1.74696,1.61655,0.957794,0.77302,0.049312,5.2273,20064,19968,13271,10821,489,20,21
1789636221047357945,merge,1.7229,1.70125,0.942797,0.791345,0.04499,5.29717,19968,20064,12705,10862,490,20,21
1789636221147685521,merge,1.70301,1.59787,0.969369,0.80137,0.050218,5.21018,19968,19968,13169,10877,491,20,21
1789636221247616654,merge,1.7021,1.59117,0.949358,0.774108,0.051997,5.16053,20064,20064,13112,10884,492,20,21
1789636221347770387,merge,1.69679,1.57612,0.962543,0.795946,0.051269,5.16762,19968,19968,12751,10897,493,20,21
1789636221447723972,merge,1.69679,1.58602,0.9544,0.787763,0.037127,5.15249,19968,19872,12972,10876,494,20,21
1789636221546735748,merge,1.72428,1.60909,0.989136,0.806673,0.059595,5.27581,20064,20160,13242,11075,495,20,21
1789636221647780304,merge,1.68086,1.56998,0.914074,0.800869,0.048326,5.0975,19968,19968,12589,10828,496,20,21
1789636221747676801,merge,1.71224,1.58902,0.947133,0.781865,0.050225,5.16836,19968,19968,13169,10907,497,20,21
1789636221846989727,merge,1.69609,1.60576,0.96286,0.811258,0.049298,5.21149,20064,20064,13044,11018,498,20,21
1789636221947774552,merge,1.70662,1.58158,0.935845,0.801372,0.047089,5.15436,19968,19968,12784,10788,499,20,21
1789636222047849460,merge,1.73602,1.62808,0.954371,0.77111,0.048657,5.22206,20064,19968,13155,10793,500,20,21
1789636222147690917,merge,1.73388,1.646,0.957941,0.784361,0.049707,5.25808,19968,20064,13120,11047,501,20,21
1789636222247821507,merge,2.52539,1.59242,0.940549,0.807341,0.05928,6.03098,20064,19968,12845,10894,502,20,21
1789636222347756942,merge,1.72913,1.62141,0.960022,0.77458,0.054394,5.22961,19968,19968,13114,10866,503,20,21
1789636222447169681,merge,1.73433,1.61234,0.938081,0.787402,0.050762,5.21875,19968,19968,13171,10864,504,20,21
1789636222546730660,merge,1.73075,1.63955,0.926589,0.789981,0.047769,5.22051,20064,20064,12857,11039,505,20,21
1789636222647735183,merge,1.73724,1.61205,0.961835,0.771107,0.049173,5.2181,19968,19968,13179,10850,506,20,21
1789636222747046950,merge,1.72818,1.63464,0.959303,0.768063,0.047622,5.223,19968,20064,12995,10959,507,20,21
1789636222847806073,merge,1.7439,1.64346,0.93812,0.799331,0.051181,5.26951,20064,19968,12975,10931,508,20,21
1789636222947698150,merge,2.09619,1.59334,0.942764,0.789899,0.048404,5.5683,19968,19968,13030,10820,509,20,21
1789636223047847267,merge,1.7288,1.60639,0.954892,0.802256,0.048565,5.22974,20064,20064,12998,10889,510,20,21
1789636223147747026,merge,2.18714,1.6053,0.953747,1.16784,0.063819,6.08025,19968,19968,12849,10976,511,20,21
1789636223247710717,merge,1.70829,1.59732,0.967221,0.797191,0.049008,5.20221,19968,19968,13168,10963,512,20,21
1789636223347065070,merge,1.6941,1.60343,0.941311,0.792569,0.046331,5.16358,20064,20064,12759,10873,513,20,21
1789636223447696919,merge,1.68728,1.58447,0.937777,0.785214,0.043853,5.12164,19776,19968,12881,10918,514,20,21
1789636223547697050,merge,1.70617,1.61161,0.985584,0.813723,0.048572,5.25039,20160,20064,13168,11086,515,20,21
1789636223647746908,merge,1.70523,1.58753,0.960517,0.784789,0.04714,5.16952,20064,19968,12863,10885,516,20,21
1789636223747755613,merge,1.69548,2.09356,0.908802,0.780586,0.048766,5.62769,19968,19968,12942,10845,517,20,21
1789636223847683611,merge,1.69523,1.60325,0.970542,0.793149,0.047469,5.19294,19968,20064,13150,10936,518,20,21
1789636223947062446,merge,1.70283,1.59314,0.953451,0.788106,0.041052,5.16593,20064,19872,12807,10909,519,20,21
1789636224047369170,merge,1.69412,1.58971,0.976947,0.801331,0.048931,5.19261,19968,20160,13121,11009,520,20,21
1789636224147817140,merge,1.71052,1.58718,0.975253,0.800056,0.049791,5.20732,20064,19968,13242,10885,521,20,21
1789636224247698208,merge,1.69148,1.60198,0.961521,0.802803,0.047649,5.19065,19968,19968,12713,10979,522,20,21
1789636224347732444,merge,1.80217,2.00488,0.962377,0.799194,0.049997,5.71291,20064,19968,13289,10913,523,20,21
1789636224447244284,merge,1.69314,1.57705,0.954257,0.794557,0.041893,5.14234,19872,19968,13028,10887,524,20,21
1789636224546793560,merge,1.71146,1.61316,0.946077,0.810201,0.0502,5.21586,20064,20064,12856,11114,525,20,21
1789636224647111947,merge,1.70134,1.599,0.955368,0.798382,0.049326,5.18262,19968,19968,13062,10935,526,20,21
1789636224747707287,merge,1.71715,1.58698,1.0067,0.806838,0.051182,5.25507,20064,19968,13239,10883,527,20,21
1789636224847174333,merge,1.69364,1.5987,0.900908,1.08421,0.051685,5.41462,19968,20064,12684,10990,528,20,21
1789636224947121182,merge,1.8222,1.63151,0.951943,0.79072,0.051095,5.35159,20064,19968,13282,11029,529,20,21
1789636225047509158,merge,1.68801,1.58916,0.946467,0.790685,0.048717,5.14553,19968,20064,12879,10975,530,20,21
1789636225147782867,merge,1.70444,1.58469,0.946394,0.780552,0.047783,5.1457,19968,19968,12867,10944,531,20,21
1789636225247074407,merge,1.78932,1.69518,0.973684,0.813367,0.055375,5.4151,20064,20064,13053,11049,532,20,21
1789636225347862543,merge,1.73911,1.80597,1.35943,1.13699,0.10589,6.28856,19968,19968,13062,11066,533,20,21
1789636225447785299,merge,2.47861,2.37684,1.30484,1.12368,0.101571,7.53644,19872,19872,12608,10947,534,20,21
1789636225647722885,merge,1.81145,1.61972,0.953264,0.80995,0.048692,5.36307,19968,20064,12843,11056,535,21,22
1789636225747831414,merge,1.70793,1.59887,0.95527,0.795589,0.048835,5.19037,20064,19968,12956,11014,536,21,22
1789636225847790745,merge,1.69776,1.59003,0.957548,0.805334,0.048738,5.1874,19968,20064,13118,10946,537,21,22
1789636225947877706,merge,1.72688,1.61101,0.95629,0.805576,0.040797,5.22376,20064,19872,12937,11073,538,21,22
1789636226047575032,merge,1.69732,1.60838,0.942915,0.80208,0.049548,5.1843,19968,20064,13031,11074,539,21,22
1789636226147199551,merge,1.73311,1.86552,1.24271,0.79875,0.052617,5.79506,19968,20064,13097,10938,540,21,22
1789636226247854395,merge,1.71461,1.6035,0.936837,0.807099,0.048759,5.20958,20064,19968,13004,10947,541,21,22
1789636226347798650,merge,1.78914,1.62546,0.988755,0.823886,0.059644,5.382,19968,19968,12983,11087,542,21,22
1789636226447790285,merge,1.69871,1.60654,0.951879,0.782748,0.044981,5.1715,19872,19968,13069,11070,543,21,22
1789636226546889694,merge,1.76568,1.66895,0.944994,0.828094,0.05364,5.36004,20160,20064,12951,10931,544,21,22
1789636226647878926,merge,1.72776,1.58348,0.952783,0.784542,0.051734,5.18785,19968,19968,13056,10867,545,21,22
1789636226747165984,merge,1.74519,1.62487,0.933761,0.78011,0.049876,5.21786,19968,19968,13053,10958,546,21,22
1789636226847751641,merge,1.73525,1.57878,0.91924,0.756542,0.05078,5.12982,20064,19968,12928,10826,547,21,22
1789636226947223796,merge,1.73967,1.60112,0.928435,0.772701,0.051091,5.17477,19968,19968,12963,10870,548,21,22
1789636227047407577,merge,1.73332,1.60685,0.959129,0.803718,0.050604,5.23939,19968,20160,13176,11069,549,21,22
1789636227147891882,merge,1.71835,1.58413,0.916642,0.780634,0.036855,5.11975,20064,19872,12714,10929,550,21,22
1789636227247157546,merge,1.73317,1.60363,0.958595,0.780867,0.050692,5.21467,19968,19968,13149,10834,551,21,22
1789636227347200996,merge,2.18853,1.60471,0.951943,0.795494,0.052542,5.68905,20064,20064,13033,11063,552,21,22
1789636227447830499,merge,2.43647,2.3092,1.51759,1.28235,0.056472,7.70439,19776,19872,12822,10960,553,21,22
1789636227546800261,merge,2.48006,2.3186,1.53157,1.28701,0.055379,7.77235,20160,20064,13031,10989,554,21,22
1789636227647850760,merge,2.42002,2.30648,1.54997,1.2398,0.052915,7.66995,20064,19968,13175,10801,555,21,22
1789636227747191286,merge,2.23519,1.65949,1.01998,0.962353,0.071424,6.06425,19968,19968,12804,10935,556,21,22
1789636227847182710,merge,1.73129,1.59728,0.939988,0.851634,0.065259,5.27291,19968,20064,13141,10900,557,21,22
1789636227947795768,merge,2.07024,1.97294,0.99216,1.05105,0.051793,6.24783,20064,19872,13247,10769,558,21,22
1789636228046664239,merge,1.72644,1.59807,0.90846,0.828551,0.051527,5.19711,19968,20064,12812,11101,559,21,22
1789636228147185728,merge,1.87672,1.60813,1.03157,0.799247,0.053489,5.47119,19968,20064,13239,11003,560,21,22
1789636228247191152,merge,1.72733,1.5742,0.939556,0.778002,0.049315,5.15776,20064,19968,13169,10847,561,21,22
1789636228347215226,merge,1.71379,1.59077,0.919399,0.799195,0.048941,5.16343,19968,20064,12846,11002,562,21,22
1789636228447795420,merge,1.81843,1.63186,0.978066,0.787046,0.051012,5.35879,19872,19872,13496,10917,563,21,22
1789636228647217137,merge,2.12265,1.58188,0.954565,0.778941,0.050646,5.57799,20064,19968,13229,10777,564,22,23
1789636228747363520,merge,1.73659,1.64875,0.942065,0.787884,0.048029,5.25198,19872,20064,13021,10941,565,22,23
1789636228847801582,merge,1.7202,1.59271,0.973336,0.770973,0.049137,5.19234,20064,19968,13154,10958,566,22,23
1789636228947812453,merge,1.69132,1.57435,1.20721,0.778288,0.048526,5.38216,19968,19968,12922,10812,567,22,23
1789636229047500881,merge,1.72979,1.60282,0.972717,0.800724,0.049689,5.24104,20064,20064,13231,10924,568,22,23
1789636229147881911,merge,2.08369,1.93417,0.927819,0.79123,0.052834,5.90865,19872,19872,13033,10873,569,22,23
1789636229246638983,merge,1.8019,1.5881,0.940261,0.810643,0.049528,5.2933,20064,20064,12962,10921,570,22,23
1789636229346825515,merge,1.72414,1.59385,0.953561,0.810473,0.040561,5.21427,19872,20064,12957,10979,571,22,23
1789636229447824893,merge,1.69486,1.58272,0.947131,0.782059,0.049213,5.13752,19776,19872,13050,10868,572,22,23
1789636229546665246,merge,1.70967,1.60437,0.94456,0.779881,0.048506,5.17512,20256,20064,12960,10867,573,22,23
1789636229646896744,merge,1.71175,1.58547,0.962298,0.797722,0.048503,5.19135,19968,20064,13144,10823,574,22,23
1789636229747872768,merge,1.97074,1.62739,0.949883,0.791147,0.043047,5.4962,19872,19968,13046,10964,575,22,23
1789636229847825238,merge,1.71621,1.58975,0.980976,0.798696,0.040081,5.21847,20160,19872,12993,10912,576,22,23
1789636229947278810,merge,1.70363,1.58603,0.948435,0.793414,0.045131,5.16389,19872,20064,13105,10931,577,22,23
1789636230047572582,merge,1.71846,1.59528,0.964253,0.798058,0.047889,5.2198,19968,20064,13127,10920,578,22,23
1789636230147345080,merge,1.70677,1.60799,0.947467,0.797522,0.049587,5.19774,20064,20064,13028,11073,579,22,23
1789636230247848678,merge,1.71732,1.58706,0.952101,0.785642,0.048446,5.17886,19968,19968,12947,10896,580,22,23
1789636230347864282,merge,1.69418,1.58503,0.978016,0.782563,0.049333,5.17669,19968,19968,13170,10804,581,22,23
1789636230447265439,merge,1.68525,1.59356,0.92637,0.795435,0.042864,5.12857,19776,19968,12820,10878,582,22,23
1789636230647856683,merge,1.69057,1.57673,0.940848,0.786798,0.049708,5.13108,19968,19968,12981,10811,583,23,24
1789636230747393946,merge,1.70749,1.59391,0.963136,0.8152,0.048921,5.21719,20064,20064,13028,10958,584,23,24
1789636230847870293,merge,1.6903,1.59579,0.918558,0.801561,0.043264,5.13745,19872,19968,12701,10964,585,23,24
1789636230947273264,merge,1.71537,1.58442,0.95059,0.795538,0.049359,5.18167,20064,19968,13253,10829,586,23,24
1789636231047588855,merge,1.70014,1.58432,0.932473,0.792836,0.046718,5.13806,20064,20064,12879,10958,587,23,24
1789636231147885936,merge,1.69782,1.59058,1.20669,0.795578,0.048755,5.42449,19968,19968,12981,10932,588,23,24
1789636231247402729,merge,1.69487,1.60018,0.94944,0.799816,0.053097,5.18354,19968,19968,12978,10857,589,23,24
1789636231347310961,merge,1.70221,1.5837,0.952273,0.77963,0.048158,5.15175,19968,20064,12953,10759,590,23,24
1789636231447240197,merge,1.72909,1.60503,0.923116,1.0338,0.11709,5.49028,19872,19872,12816,10794,591,23,24
1789636231546750004,merge,2.55593,2.26828,0.972383,0.809675,0.051501,6.80143,20160,20064,13301,11082,592,23,24
1789636231647279491,merge,1.72259,1.58422,0.939217,0.778096,0.050257,5.16302,20064,20064,12975,10869,593,23,24
1789636231747388647,merge,1.70853,1.58058,0.945117,0.788814,0.047917,5.15787,19968,19968,13005,10871,594,23,24
1789636231847431366,merge,1.72224,1.60847,0.976581,0.813214,0.049958,5.26068,19968,20064,13221,11087,595,23,24
1789636231947876550,merge,1.71538,1.59382,0.930334,0.787369,0.055502,5.16768,20064,19968,12909,10900,596,23,24
1789636232047639421,merge,1.69967,1.57626,0.96532,0.789226,0.048056,5.16326,19968,19968,13095,10788,597,23,24
1789636232147321487,merge,1.7143,1.58109,0.955286,0.784116,0.048579,5.17316,20064,19968,13133,10834,598,23,24
1789636232247434349,merge,1.69989,1.60639,0.921751,0.787739,0.047411,5.14604,19968,20064,12832,10924,599,23,24
1789636232347387378,merge,1.69596,1.58471,0.93643,0.793607,0.049303,5.14433,19968,19968,12973,10885,600,23,24
1789636232447358928,merge,1.68198,1.58323,0.950166,0.802744,0.043887,5.14782,19776,19968,12947,10890,601,23,24
1789636232647399146,merge,1.69838,1.58869,0.960066,0.788791,0.049341,5.17492,19968,19968,13147,10862,602,24,25
1789636232747271465,merge,1.69721,1.58402,0.945057,0.800916,0.049376,5.16849,20064,20064,13055,10970,603,24,25
1789636232847418840,merge,1.70164,1.59627,0.949452,0.820569,0.051958,5.20779,19968,19968,12783,11015,604,24,25
1789636232947354887,merge,1.70561,1.60328,0.93561,0.785228,0.049302,5.16199,20064,19968,13074,10987,605,24,25
1789636233047661199,merge,1.69997,1.58152,0.935286,0.781808,0.049396,5.13543,19968,19968,13123,10759,606,24,25
1789636233147435157,merge,1.68964,1.59394,0.920742,0.791567,0.051819,5.13405,19968,20064,12689,10833,607,24,25
1789636233247345188,merge,1.70519,1.60208,0.981702,0.806203,0.049669,5.22951,19968,19968,13131,11017,608,24,25
1789636233347299104,merge,1.70585,1.60896,0.939546,0.788087,0.052419,5.18601,20064,20064,13199,10970,609,24,25
1789636233447321137,merge,1.6818,1.577,0.902792,0.7632,0.04785,5.05491,19776,19872,12585,10757,610,24,25
1789636233546621907,merge,1.73795,1.59949,0.944729,0.775297,0.05045,5.19447,20256,20064,13417,10970,611,24,25
1789636233647460979,merge,1.7174,1.60887,0.944162,0.78187,0.047834,5.18514,19968,19968,13038,10998,612,24,25
1789636233747400958,merge,1.74678,1.59351,0.943267,0.76677,0.048334,5.19075,20064,20064,13001,10968,613,24,25
1789636233847480204,merge,1.73079,1.58581,0.93997,0.779821,0.049117,5.15832,19968,19968,13101,10934,614,24,25
1789636233947463708,merge,1.73023,1.60356,0.959699,0.782799,0.047907,5.19413,19968,19968,13054,10966,615,24,25
1789636234047498593,merge,1.71018,1.60227,0.907115,0.779886,0.046077,5.11931,19968,20064,12782,10832,616,24,25
1789636234147327576,merge,1.78436,1.66113,0.949078,0.755426,0.049326,5.29312,20064,19968,13243,10875,617,24,25
1789636234247362761,merge,1.72678,1.59193,0.937987,0.788342,0.048927,5.18506,20064,19968,12845,10998,618,24,25
1789636234347489134,merge,1.7319,1.60139,0.929064,0.782964,0.049981,5.18522,19968,20064,13035,11030,619,24,25
1789636234447448790,merge,1.76977,1.57718,0.928273,0.775346,0.048855,5.22341,19776,19872,12791,10837,620,24,25
1789636234546665023,merge,1.75587,1.59664,0.955671,0.790766,0.049147,5.24153,20256,20160,13106,11008,621,24,25
1789636234647492722,merge,1.74125,1.65058,0.937686,0.799025,0.053059,5.27234,19968,20064,12894,11084,622,24,25
1789636234747947047,merge,1.89412,1.64264,0.950861,0.799591,0.050514,5.45641,19968,19968,13170,10894,623,24,25
1789636234847362927,merge,1.72633,1.5735,0.913419,0.791103,0.036637,5.12978,20064,19872,12703,10866,624,24,25
1789636234947493567,merge,1.73856,1.61422,0.952448,0.791106,0.04987,5.23945,19968,20064,13100,10975,625,24,25
1789636235047638299,merge,1.76356,1.64665,0.948272,0.79644,0.049718,5.29715,20064,19968,13104,11007,626,24,25
1789636235147503477,merge,1.76789,1.62553,0.922702,0.791502,0.050833,5.25211,19968,19968,12735,10995,627,24,25
1789636235247493913,merge,2.23752,1.5998,0.98092,0.801774,0.050789,5.77416,19968,20064,13132,11029,628,24,25
1789636235347349439,merge,1.84839,1.61982,0.960492,1.19502,0.066011,5.79401,20064,19968,13201,11051,629,24,25
1789636235447528853,merge,1.85187,1.61081,0.9098,0.79491,0.048516,5.31164,19776,19872,12747,11041,630,24,25
1789636235546651877,merge,1.80173,1.64237,0.959598,0.789059,0.051993,5.34098,20256,20064,13245,10967,631,24,25
1789636235647529259,merge,1.73565,1.62957,0.94049,0.794216,0.050668,5.2452,19968,20064,13173,11064,632,24,25
1789636235747517171,merge,2.20274,1.61672,0.913395,0.812017,0.04907,5.70578,19968,19968,12717,11058,633,24,25
1789636235847370342,merge,1.71881,1.6059,0.949107,0.802764,0.061011,5.2211,19968,19968,13167,10973,634,24,25
1789636235946597665,merge,1.75593,1.59883,0.970579,0.804858,0.052106,5.2842,20064,20064,13089,10993,635,24,25
1789636236047581824,merge,1.7247,1.60648,0.942671,0.801288,0.047727,5.21077,19968,19968,12814,11054,636,24,25
1789636236147403024,merge,1.89446,1.60543,0.94633,0.816019,0.049091,5.41129,20064,19968,13112,11029,637,24,25
1789636236247519479,merge,2.35963,1.64475,0.94374,0.771058,0.0506,5.87746,19968,20160,13150,10919,638,24,25
1789636236347419008,merge,1.87101,1.5883,0.921053,0.794141,0.039572,5.3173,20064,19872,12688,10962,639,24,25
1789636236447566745,merge,1.69464,1.61134,1.17081,1.23617,0.054032,5.85993,19680,20064,12885,11063,640,24,25
1789636236547028814,merge,2.24512,1.61984,0.939037,0.797202,0.050707,5.75348,20256,19968,13207,10963,641,24,25
1789636236646950910,merge,1.7262,1.58261,0.926006,0.78771,0.049041,5.16016,20064,19968,12906,10902,642,24,25
1789636236747524184,merge,2.37877,1.66773,0.975602,0.857981,0.054359,6.03825,19968,20064,12967,11069,643,24,25
1789636236847492301,merge,2.40114,2.34024,1.54887,1.29306,0.058399,7.75135,19968,19968,13090,10954,644,24,25
1789636236946775629,merge,2.33558,2.10265,1.11284,0.807052,0.048898,6.55333,19968,19968,12763,10824,645,24,25
1789636237046645859,merge,1.74276,1.59519,0.958862,0.789386,0.049397,5.2259,20064,20064,13246,10893,646,24,25
1789636237147444541,merge,2.05787,1.60412,0.946856,0.806244,0.039329,5.55734,19968,19872,13038,10939,647,24,25
1789636237246612403,merge,2.55374,1.86749,0.972462,0.80255,0.037223,6.38676,20064,19872,12937,10807,648,24,25
1789636237447482744,merge,1.7017,1.59495,0.938315,0.788179,0.105943,5.22177,19776,19872,12882,10910,649,24,25
1789636237647550352,merge,1.70599,1.60189,0.96688,0.849718,0.175533,5.38891,19968,20160,13162,11079,650,26,27
1789636237747561045,merge,2.21267,2.27972,0.961214,0.778032,0.135434,6.47956,20064,19872,12983,10895,651,26,27
1789636237847554011,merge,1.69471,1.60278,1.10243,0.828788,0.097541,5.42802,19968,19968,12929,11025,652,26,27
1789636237947546151,merge,1.71861,1.59346,0.958335,0.784778,0.173042,5.32303,19872,20064,13152,10830,653,26,27
1789636238147565963,merge,1.74036,1.65009,0.952172,0.792804,0.185778,5.4185,19872,20064,12953,11061,654,27,28
1789636238246711068,merge,1.77892,1.63788,0.969397,0.765229,0.181418,5.4305,20160,19968,13298,10866,655,27,28
1789636238347547326,merge,1.73248,1.62221,0.921839,0.792011,0.175038,5.33796,19968,19968,12823,10897,656,27,28
1789636238447624185,merge,1.72107,1.64366,0.937053,0.78525,0.173751,5.3591,19680,20064,12981,11025,657,27,28
1789636238647099904,merge,1.7483,1.6137,0.939467,0.77523,0.190627,5.36361,19968,19968,12988,10840,658,28,29
1789636238746732676,merge,1.76226,1.61621,0.975341,0.802643,0.183671,5.43965,19968,19968,13158,10900,659,28,29
1789636238846712693,merge,1.70339,1.60021,0.952678,0.791578,0.174797,5.30762,20064,19968,13097,10897,660,28,29
1789636238946727657,merge,1.81594,1.65769,0.937653,0.820927,0.1842,5.51731,19968,19968,13151,10746,661,28,29
1789636239046657074,merge,1.7361,1.63153,0.957854,0.799593,0.177074,5.39775,19968,20064,13051,10910,662,28,29
1789636239146677388,merge,1.77821,1.63197,0.950685,0.799581,0.187815,5.44705,19968,19968,13265,10954,663,28,29
1789636239246739589,merge,1.69106,1.59893,0.949712,0.797764,0.177585,5.30635,19872,20064,12934,10986,664,28,29
1789636239346764786,merge,2.31969,2.30681,1.46411,1.12202,0.297026,7.61121,20160,19968,13108,10833,665,28,29
1789636239447583157,merge,2.53726,2.37462,1.32618,1.11623,0.277338,7.82096,19584,19968,12834,10884,666,28,29
1789636239646764842,merge,2.42441,1.58716,0.928221,0.767539,0.185214,5.99919,19968,19968,12794,10760,667,29,30
1789636239746743745,merge,1.72963,1.58658,0.977344,0.785603,0.059086,5.22331,20064,19968,13324,10782,668,29,30
1789636239847539036,merge,1.68881,1.60091,0.947909,0.792998,0.04268,5.15613,19872,20064,12891,10924,669,29,30
1789636239947042205,merge,1.71939,1.58731,0.950031,0.777385,0.048343,5.16371,20160,19968,12994,10858,670,29,30
1789636240047741143,merge,1.69391,1.59599,0.932586,0.789411,0.04353,5.13758,19872,19968,12919,10853,671,29,30
1789636240147490108,merge,1.71531,1.59161,0.926271,0.798325,0.054003,5.17539,20064,20064,13218,10986,672,29,30
1789636240247488203,merge,1.68992,1.60036,0.90943,0.782609,0.048557,5.11855,19968,19968,12636,10971,673,29,30
1789636240347582760,merge,1.72593,1.57424,0.976933,0.779071,0.050923,5.19238,20064,19968,13295,10824,674,29,30
1789636240447622241,merge,1.65192,1.59038,0.931237,0.774924,0.048988,5.08321,19584,19968,12608,10887,675,29,30
1789636240646606515,merge,1.69442,1.59561,0.949088,0.787892,0.051141,5.16753,19968,19968,13000,10782,676,30,31
1789636240746631837,merge,1.70627,1.58442,0.967603,0.776395,0.052078,5.17322,19968,20064,13148,10871,677,30,31
1789636240847546028,merge,1.70542,1.58832,0.942876,0.803237,0.052298,5.17714,20064,19968,12872,11012,678,30,31
1789636240946648588,merge,1.70895,1.60123,0.945902,0.779756,0.052913,5.17819,19968,19968,13096,10981,679,30,31
1789636241047732705,merge,1.71225,1.57682,0.962982,0.774498,0.05197,5.1599,20064,20064,13260,10867,680,30,31
1789636241147582682,merge,1.70325,1.59144,0.928996,0.793203,0.048287,5.14744,19968,20064,12706,10978,681,30,31
1789636241247567868,merge,1.72071,1.59485,0.974635,0.785594,0.043367,5.20274,20064,19872,13296,10918,682,30,31
1789636241347685531,merge,1.69939,1.58839,0.922237,0.773607,0.053488,5.12068,19872,20064,13007,10916,683,30,31
1789636241446686151,merge,1.6828,1.58455,0.915856,0.789565,0.04613,5.10338,19776,20064,12814,10765,684,30,31
1789636241646637857,merge,1.92589,1.61442,0.959006,0.793471,0.055822,5.45168,20064,20064,13238,10950,685,31,32
1789636241746755769,merge,1.69547,1.57623,0.916123,0.778733,0.050861,5.10463,19968,19968,12646,10863,686,31,32
1789636241846624376,merge,1.71182,1.58429,0.949865,0.792248,0.057776,5.18015,19968,20064,13170,10909,687,31,32
1789636241946782342,merge,1.70746,1.59348,0.967074,0.800839,0.050088,5.20832,20064,19968,13032,10936,688,31,32
1789636242047746492,merge,1.70898,1.59061,1.22189,0.798208,0.052123,5.45363,19968,20064,12833,10912,689,31,32
1789636242147197182,merge,1.69426,1.57626,0.966954,0.780008,0.056027,5.15751,20064,19872,13053,10799,690,31,32
1789636242247639000,merge,1.70498,1.59294,1.05079,0.79202,0.050795,5.27574,19968,19968,13052,10967,691,31,32
1789636242347561698,merge,1.72577,1.61438,0.936604,0.791805,0.05492,5.21319,19968,20160,12684,10890,692,31,32
1789636242447234221,merge,1.67777,1.5565,0.967409,0.780915,0.052153,5.11672,19776,19776,12920,10763,693,31,32
1789636242646724839,merge,1.69755,1.59883,0.938048,0.784558,0.049797,5.15109,19968,19968,12859,10973,694,31,32
1789636242746713234,merge,1.71843,1.58062,0.956955,0.78494,0.049576,5.1715,20064,20064,13258,10884,695,31,32
1789636242847573194,merge,1.71068,1.60563,0.948745,0.780516,0.048321,5.17815,19968,19968,12991,10805,696,31,32
1789636242947542195,merge,1.72287,1.59874,0.98931,0.797472,0.048669,5.24637,20064,19968,13058,10963,697,31,32
1789636243047884740,merge,1.7101,1.60128,0.945958,0.792259,0.049536,5.18731,19968,20064,13082,10976,698,31,32
1789636243147588902,merge,1.7214,1.56723,0.947949,0.783235,0.038854,5.14361,20064,19872,12972,10795,699,31,32
1789636243247666853,merge,1.69283,1.59454,0.957157,0.802992,0.051069,5.18012,19968,19968,12969,11032,700,31,32
1789636243447123231,merge,1.67351,1.57411,0.927891,0.781921,0.12374,5.16439,19680,19968,12720,10852,701,31,32
1789636243647587109,merge,1.69903,1.59195,0.972722,0.791445,0.182748,5.32225,19968,19968,12997,10968,702,33,34
1789636243746747995,merge,1.7104,1.58611,0.939767,0.795318,0.12992,5.24979,20064,19872,12878,10801,703,33,34
1789636243847601165,merge,1.69277,1.59302,0.948663,0.807259,0.099231,5.22295,19968,20160,12934,10992,704,33,34
1789636243947562959,merge,1.71582,1.5872,0.970807,0.801549,0.130758,5.28856,20064,19872,13240,10938,705,33,34
1789636244047894297,merge,1.67718,1.60084,0.907049,0.787739,0.090366,5.14054,19968,19968,12557,10977,706,33,34
1789636244147616212,merge,1.69743,1.59254,0.956859,0.798998,0.062801,5.19346,19968,20064,13146,10985,707,33,34
1789636244246636697,merge,1.70064,1.58234,0.955104,0.779058,0.05011,5.15405,20064,19968,13118,10862,708,33,34
1789636244447642949,merge,1.66465,1.58392,0.939087,0.794291,0.130235,5.20189,19680,19968,12832,10874,709,33,34
1789636244547157449,merge,1.75181,1.5879,0.983494,0.787417,0.254198,5.46169,20352,19872,13477,10870,710,33,34
1789636244647725503,merge,1.69539,1.68536,0.935307,0.79414,0.17471,5.36899,19968,20064,12773,11071,711,33,34
1789636244746717545,merge,1.70192,1.68443,0.97379,0.806451,0.228103,5.48197,19968,20064,13108,10939,712,33,34
1789636244846715861,merge,1.75586,1.65095,0.986805,0.789427,0.173562,5.44236,20064,19968,13158,10932,713,33,34
1789636244947622553,merge,1.68904,1.68216,0.926071,0.809148,0.172396,5.36317,19968,20064,12781,11077,714,33,34
1789636245047257669,merge,1.7159,1.59091,0.96329,0.791231,0.240228,5.38305,20064,19776,13282,10943,715,33,34
1789636245147676100,merge,1.68613,1.6095,0.941945,0.788864,0.242567,5.3593,19872,20160,12951,11039,716,33,34
1789636245246691715,merge,1.72903,1.58337,0.949906,0.78913,0.24132,5.3745,20160,19872,13008,10934,717,33,34
1789636245347752658,merge,1.69482,1.68646,0.947467,0.797863,0.175141,5.38302,19968,20160,13011,11043,718,33,34
1789636245447673325,merge,1.68829,1.60686,0.938988,0.789765,0.224355,5.33544,19680,19968,12851,11076,719,33,34
1789636245546813358,merge,1.7213,1.67008,0.935576,0.80266,0.173886,5.38825,20256,19968,12894,10962,720,33,34
1789636245646616421,merge,1.71418,1.60569,0.982871,0.815875,0.250139,5.46397,20064,19872,13261,11031,721,33,34
1789636245747660936,merge,1.69894,1.69643,0.924685,0.815177,0.172542,5.39378,20064,20160,12767,11100,722,33,34
1789636245847764375,merge,1.70912,1.60338,0.936128,0.79303,0.23518,5.36008,19872,19968,12984,11075,723,33,34
1789636245946737248,merge,1.68597,1.67194,0.958209,0.802493,0.169188,5.37686,20064,19968,13028,10966,724,33,34
1789636246047826771,merge,1.71345,1.68233,0.938465,0.79912,0.169975,5.38691,20064,19968,12918,11064,725,33,34
1789636246147670885,merge,1.70026,1.7058,0.939448,0.808022,0.177507,5.41967,19968,19968,12922,11083,726,33,34
1789636246247688326,merge,1.69319,1.69016,0.963669,0.796469,0.177774,5.4072,19968,20064,13103,10918,727,33,34
1789636246347654367,merge,1.70852,1.65922,0.932215,0.788087,0.173437,5.34496,19968,20064,12873,10937,728,33,34
1789636246446626739,merge,1.68443,1.60359,0.929523,0.795351,0.247398,5.34444,19776,20064,12774,11050,729,33,34
1789636246547256246,merge,1.73864,1.68128,0.99209,0.807771,0.186979,5.49462,20256,19968,13473,11010,730,33,34
1789636246646754822,merge,1.70314,1.57114,0.929378,0.79637,0.18811,5.27217,20064,19968,12849,10858,731,33,34
1789636246747656463,merge,1.7025,1.66456,0.9599,0.791553,0.174195,5.37585,19968,20064,13173,10962,732,33,34
1789636246847650983,merge,1.70036,1.68512,0.964291,0.807272,0.175953,5.41698,19968,19968,13097,11035,733,33,34
1789636246947271967,merge,1.73449,1.57298,0.939593,0.774099,0.229934,5.33378,20064,19776,12879,10761,734,33,34
1789636247047871354,merge,1.70835,1.66534,0.948269,0.789593,0.165151,5.3615,19968,20064,13079,10984,735,33,34
1789636247147662509,merge,1.71589,1.68071,0.961879,0.798559,0.172278,5.40924,19968,20064,13167,10950,736,33,34
1789636247246678736,merge,1.69264,1.59047,0.911798,0.769796,0.251766,5.30442,20064,19776,12722,10929,737,33,34
1789636247347703632,merge,1.70588,1.6721,0.966058,0.79038,0.17453,5.39519,19968,20160,13217,10836,738,33,34
1789636247446815519,merge,1.66975,1.58132,0.92964,0.787317,0.23593,5.28598,19680,19968,12778,10916,739,33,34
1789636247546624423,merge,1.72168,1.67421,0.960916,0.806039,0.177827,5.42913,20352,19968,13102,10985,740,33,34
1789636247646874076,merge,1.68874,1.58422,1.16071,0.786993,0.267861,5.57425,19872,19968,12935,10889,741,33,34
1789636247746604841,merge,1.7149,1.6784,0.967825,0.795267,0.175141,5.41734,20064,20160,13270,11013,742,33,34
1789636247847271202,merge,1.69342,1.59545,0.905956,0.800442,0.23408,5.31244,20064,19872,12694,10919,743,33,34
1789636247947696813,merge,1.71411,1.67005,0.962797,0.797509,0.175335,5.40484,19968,20064,13185,10969,744,33,34
1789636248047870670,merge,1.70272,1.66744,0.957101,0.775763,0.17301,5.36264,19968,20064,13076,10820,745,33,34
1789636248147278065,merge,1.69301,1.581,0.941573,0.785911,0.241212,5.3304,20064,19872,12796,10863,746,33,34
1789636248247679503,merge,1.74302,1.69522,0.983272,0.794921,0.178695,5.49581,19968,19968,13333,10881,747,33,34
1789636248346816489,merge,1.71401,1.6635,0.935103,0.767706,0.174872,5.34347,19968,20064,13065,10882,748,33,34
1789636248446761680,merge,1.68646,1.5871,0.949122,0.79548,0.234913,5.33689,19680,19968,12909,10934,749,33,34
1789636248546645953,merge,1.7606,1.67815,0.99201,0.789107,0.17841,5.48625,20352,20064,13481,11013,750,33,34
1789636248646745074,merge,1.74128,1.67059,0.922824,0.790709,0.172115,5.38937,19968,20064,12842,10932,751,33,34
1789636248747297015,merge,2.21612,1.61672,0.96342,0.783397,0.262708,5.95177,19968,19872,13333,10810,752,33,34
1789636248846700185,merge,2.55921,2.52474,1.34525,1.13436,0.288795,8.00958,20064,20064,13083,11058,753,33,34
1789636248946765513,merge,1.98417,1.60053,0.976401,0.794034,0.243995,5.70111,19872,19968,13283,10941,754,33,34
1789636249046604164,merge,1.69038,1.65517,0.935127,0.775157,0.169623,5.3094,20064,19968,12869,10755,755,33,34
1789636249146635798,merge,1.7416,1.66653,0.973571,0.783023,0.17608,5.42844,20064,19968,13368,10803,756,33,34
1789636249246880198,merge,1.69721,1.61337,0.944351,0.788524,0.238461,5.36789,19776,20064,12907,11007,757,33,34
1789636249346756166,merge,1.69758,1.66943,0.964925,0.789944,0.175254,5.38513,20064,19968,12965,10863,758,33,34
1789636249446776470,merge,1.69317,1.57963,0.917317,0.777906,0.238375,5.29351,19776,19968,12674,10849,759,33,34
1789636249646614186,merge,1.68875,1.57855,0.919208,0.786303,0.133833,5.19145,20064,19872,12729,10786,760,35,36
1789636249746598054,merge,2.57078,2.35889,1.3517,1.12285,0.11513,7.68141,20064,20064,13194,10950,761,35,36
1789636249847826567,merge,1.72721,1.63719,0.937933,0.798649,0.171108,5.36111,19776,20064,12821,11074,762,35,36
1789636249946680852,merge,1.7586,1.64139,0.939864,0.785956,0.049709,5.27006,20160,19968,13076,10842,763,35,36
1789636250046890237,merge,1.68841,1.58503,0.947286,0.774278,0.04122,5.11777,19872,20064,12886,10761,764,35,36
1789636250146787278,merge,2.61802,2.36132,1.3509,1.17609,0.103683,7.76835,19968,19968,13159,10857,765,35,36
1789636250246715017,merge,1.86268,1.63928,0.976383,0.792963,0.054532,5.43127,20064,19968,13061,10959,766,35,36
1789636250346611948,merge,1.70242,1.5889,0.946996,0.7984,0.048652,5.17255,19968,19968,12896,10845,767,35,36
1789636250446619339,merge,1.68344,1.57775,0.941189,0.792312,0.043239,5.12545,19776,20064,13001,10896,768,35,36
1789636250546844708,merge,1.71673,1.58851,0.974384,0.791151,0.055539,5.20963,20160,19968,13215,10972,769,35,36
1789636250646604757,merge,1.79098,1.60472,0.941513,0.808302,0.048645,5.2859,20064,20064,12969,11047,770,35,36
1789636250746745038,merge,1.81057,1.56,0.956458,0.785016,0.039532,5.24611,19968,19872,13078,10728,771,35,36
1789636250846712873,merge,1.81077,1.59021,0.949739,0.759818,0.048261,5.25838,19968,20064,13093,10831,772,35,36
1789636250946638948,merge,1.78901,1.59855,0.977491,0.800601,0.04883,5.30901,20064,19968,12797,10873,773,35,36
1789636251046736846,merge,1.73605,1.62527,0.952334,0.785403,0.048629,5.25222,19968,20064,13177,10890,774,35,36
1789636251146662320,merge,1.69475,1.58287,0.954951,0.794138,0.046752,5.15874,20064,19968,12927,10889,775,35,36
1789636251246661460,merge,1.70725,1.59322,0.925943,0.782697,0.047817,5.14177,19968,20064,12957,11005,776,35,36
1789636251346643624,merge,1.68583,1.59015,0.97162,0.800794,0.049584,5.18473,19968,19968,12952,10890,777,35,36
1789636251446685402,merge,1.70069,1.56886,0.947831,0.791611,0.041673,5.13758,19776,19968,12967,10836,778,35,36
1789636251546677593,merge,1.76961,1.60432,0.94313,0.796657,0.046765,5.25641,20256,20064,12832,10975,779,35,36
1789636251646653376,merge,1.70735,1.58895,0.973694,0.776699,0.041652,5.1742,20064,19872,13211,10839,780,35,36
1789636251746787839,merge,1.67364,1.58242,0.929107,0.780334,0.043319,5.09451,19872,20064,12750,10723,781,35,36
1789636251846605436,merge,1.74748,1.57832,0.950883,0.772574,0.049019,5.18302,20064,19968,12998,10743,782,35,36
1789636251946640863,merge,1.71019,1.59869,0.962088,0.799699,0.050218,5.20572,20064,19968,13208,10978,783,35,36
1789636252046811163,merge,1.68964,1.6037,0.938836,0.787312,0.04111,5.14676,19872,20064,12840,10969,784,35,36
1789636252146607529,merge,1.72531,1.59439,0.965727,0.805723,0.048333,5.22207,20160,20064,13114,10887,785,35,36
1789636252247797583,merge,1.69733,1.58306,0.967182,0.777915,0.040986,5.15031,19968,19872,13102,10904,786,35,36
1789636252346853160,merge,1.70291,1.59665,0.936074,0.797037,0.048729,5.16517,19968,19968,12898,10956,787,35,36
1789636252446630729,merge,1.70269,1.59108,0.936655,0.787605,0.04511,5.151,19776,20160,12804,11042,788,35,36
1789636252546877985,merge,1.72828,1.57276,0.972356,0.792043,0.041121,5.19128,20256,19872,13442,10806,789,35,36
1789636252646609801,merge,1.70015,1.59672,0.918083,0.790108,0.046702,5.13779,19968,19968,12734,10892,790,35,36
1789636252746638632,merge,1.71021,1.59657,0.968425,0.781292,0.04902,5.18807,20064,20064,13227,10789,791,35,36
1789636252846820302,merge,1.69131,1.57274,0.956441,0.779484,0.050043,5.13844,19968,19968,13019,10812,792,35,36
1789636252946637418,merge,1.71038,1.6138,0.931514,0.797843,0.0522,5.19564,20064,20064,12871,11094,793,35,36
1789636253046833831,merge,1.68553,1.60212,0.955527,0.80467,0.049378,5.18548,19968,20064,13001,10962,794,35,36
1789636253146776607,merge,1.71844,1.57473,0.940879,0.789036,0.049643,5.17278,20064,19968,13248,10870,795,35,36
1789636253247815010,merge,1.69088,1.58017,0.941199,0.782188,0.049031,5.13602,19968,19968,12588,10842,796,35,36
1789636253346834422,merge,1.71227,1.60106,0.984807,0.802435,0.050963,5.24313,19968,19968,13153,10980,797,35,36
1789636253446664051,merge,1.67372,1.59952,0.903314,0.768015,0.047781,5.08174,19776,20064,12786,10939,798,35,36
1789636253546883442,merge,1.73853,1.59138,0.933177,0.758889,0.049434,5.16052,20160,20064,12956,10821,799,35,36
1789636253646729258,merge,1.6975,1.60571,0.945719,0.779131,0.050765,5.16639,20064,19968,13095,10941,800,35,36
1789636253746643598,merge,1.69962,1.61394,0.962665,0.804773,0.049949,5.22262,19968,19968,13115,10906,801,35,36
1789636253846647687,merge,1.69967,1.57951,1.07881,0.789139,0.050571,5.28518,20064,19968,12828,10868,802,35,36
1789636253946673986,merge,1.69721,1.59436,0.946279,0.780739,0.049754,5.15586,19968,20064,13125,10958,803,35,36
1789636254046667104,merge,1.70485,1.60034,0.949344,0.798049,0.049923,5.18902,20064,19968,13072,10976,804,35,36
1789636254146876010,merge,1.69286,1.58477,0.932264,0.751051,0.04975,5.09899,19968,19968,12897,10839,805,35,36
1789636254246816472,merge,1.73454,1.7679,0.967731,0.787764,0.059348,5.41478,19968,20064,13206,11001,806,35,36
1789636254346705698,merge,1.69948,1.5972,0.958952,0.806146,0.049761,5.19787,20064,19968,12960,11014,807,35,36
1789636254446937722,merge,1.67639,1.5973,0.929256,0.787896,0.046449,5.12767,19680,20064,12731,10811,808,35,36
1789636254546770254,merge,1.72481,1.58951,0.987871,0.784085,0.051866,5.22936,20256,20064,13347,10877,809,35,36
1789636254646783569,merge,1.7203,1.5961,0.944347,0.803167,0.049434,5.20411,20064,19872,12982,10968,810,35,36
1789636254746680263,merge,1.69408,1.60402,0.931223,0.806867,0.050398,5.17344,19968,19968,12903,11007,811,35,36
1789636254846612815,merge,1.74599,1.59256,0.953285,0.778102,0.051031,5.21178,19968,20064,13167,10999,812,35,36
1789636254946665169,merge,1.69145,1.58876,0.926069,0.799045,0.052456,5.14401,20064,19968,12764,10894,813,35,36
1789636255046695064,merge,1.69792,1.60694,0.934663,0.800378,0.05117,5.17633,19968,20064,13098,11017,814,35,36
1789636255146706862,merge,1.6801,1.60972,0.934248,0.792546,0.050919,5.15423,19968,19968,12943,11058,815,35,36
1789636255246680376,merge,1.71464,1.60126,0.941369,0.806255,0.051571,5.20147,20064,19968,12934,11007,816,35,36
1789636255346619074,merge,1.69453,1.6038,0.954655,0.791551,0.051789,5.18217,20064,19968,13041,11063,817,35,36
1789636255446860210,merge,2.51979,2.12681,0.943212,0.800338,0.044222,6.5927,19680,20160,12842,11056,818,35,36
1789636255546842854,merge,1.7189,1.60868,0.949889,0.809573,0.050586,5.22332,20256,19968,12985,11040,819,35,36
1789636255646754625,merge,1.74006,1.587,1.00108,0.793453,0.041636,5.24668,20064,19872,13224,10946,820,35,36
1789636255746871964,merge,1.71405,1.62589,0.953441,0.808033,0.051236,5.2549,19968,19968,13126,11053,821,35,36
1789636255846648112,merge,1.68793,1.60989,0.932586,0.804635,0.048647,5.16853,19968,20064,12737,11084,822,35,36
1789636255946604413,merge,1.71528,1.59875,0.973856,0.787873,0.050277,5.20945,20064,20064,13243,10935,823,35,36
1789636256046866175,merge,1.70734,1.58716,0.928694,0.762045,0.037394,5.1063,19968,19872,13091,10944,824,35,36
1789636256146639493,merge,1.71179,1.61572,0.933492,0.818679,0.049255,5.2173,20064,20064,12872,11103,825,35,36
1789636256246943564,merge,1.70284,1.60736,0.967625,0.816372,0.050138,5.2323,19968,19968,13077,11060,826,35,36
1789636256346851359,merge,2.30236,1.5797,0.959934,0.777318,0.0514,5.77414,19968,19968,13173,10874,827,35,36
1789636256446623027,merge,1.67633,1.60074,0.92181,0.788235,0.042876,5.1207,19776,20160,12604,10872,828,35,36
1789636256546785581,merge,1.74843,1.60107,0.964727,0.781392,0.050331,5.23791,20256,19968,13317,10993,829,35,36
1789636256646723808,merge,1.70483,1.58139,0.942895,0.791195,0.049265,5.16699,19968,19968,13015,10865,830,35,36
1789636256746728158,merge,1.70065,1.57839,0.953357,0.783511,0.04767,5.15357,19968,19968,12766,10869,831,35,36
1789636256846701129,merge,1.70107,1.59872,0.960887,0.802504,0.049005,5.20507,19968,20064,13013,11018,832,35,36
1789636256946730114,merge,1.73394,1.60535,0.981206,0.798856,0.051101,5.26057,20064,20064,13238,11030,833,35,36
1789636257047451939,merge,1.69289,1.55879,0.918077,0.77829,0.036975,5.07097,20064,19776,12702,10689,834,35,36
1789636257146758972,merge,1.72028,1.59932,0.985657,0.802574,0.048905,5.24953,19968,20064,13199,11067,835,35,36
1789636257246745034,merge,1.69759,1.59412,0.943629,0.785302,0.044414,5.1512,20064,19872,12925,10937,836,35,36
1789636257346978229,merge,1.70078,1.5934,0.939232,0.783633,0.048968,5.15245,19968,20064,12932,10943,837,35,36
1789636257446782301,merge,1.67768,1.59611,0.930347,0.791881,0.05179,5.13488,19680,20064,12763,10824,838,35,36
1789636257546848946,merge,1.74715,1.59524,0.985479,0.797052,0.041495,5.25351,20352,19872,13320,10902,839,35,36
1789636257647008725,merge,1.69416,1.6007,0.928053,0.793617,0.044697,5.14523,19872,20064,12846,10926,840,35,36
1789636257746738176,merge,1.73751,1.58187,0.969641,0.781787,0.048746,5.20747,20064,19968,13247,10887,841,35,36
1789636257846766980,merge,1.7115,1.61033,0.953946,0.811033,0.050332,5.2332,19968,20064,13070,11042,842,35,36
1789636257946642479,merge,1.71231,1.60159,0.98709,0.794265,0.048886,5.22927,20064,19968,12921,10950,843,35,36
1789636258046802547,merge,1.73083,1.57189,0.970728,0.777021,0.049576,5.18653,19968,19968,13318,10825,844,35,36
1789636258146789079,merge,1.7088,1.59229,0.941872,0.803028,0.049184,5.18494,19968,20064,12908,11000,845,35,36
1789636258246786319,merge,1.70154,1.60848,0.950434,0.791631,0.054477,5.2022,20064,19968,13009,10935,846,35,36
1789636258346789925,merge,1.75659,1.59305,0.976125,0.786459,0.051119,5.25015,19968,19968,13351,10749,847,35,36
1789636258446805834,merge,1.69071,1.58624,0.952511,0.798283,0.043044,5.15935,19776,20064,12863,10793,848,35,36
1789636258546842052,merge,1.75615,1.59505,0.994485,0.796289,0.056842,5.28734,20256,19968,13409,10980,849,35,36
1789636258646961149,merge,1.69093,1.59665,0.942201,0.806363,0.04942,5.17298,19968,19968,12930,10938,850,35,36
1789636258746662141,merge,1.72046,1.58092,0.960511,0.792596,0.049578,5.19062,20064,20064,13163,10865,851,35,36
1789636258946945249,merge,1.73519,1.60521,0.966233,0.811254,0.143841,5.3551,19968,20064,13152,11025,852,35,36
1789636259046683473,merge,1.70005,1.66111,0.936153,0.815647,0.177629,5.37835,20064,19968,12963,10807,853,35,36
1789636259147033296,merge,1.71179,1.67043,0.950463,0.782966,0.176816,5.38116,19968,20064,13137,10980,854,35,36
1789636259347027819,merge,1.77103,1.58793,0.956528,0.781685,0.277526,5.46384,19872,19968,13046,10762,855,35,36
1789636259547119080,merge,1.82534,1.65484,0.972245,0.784761,0.251689,5.57679,20064,19872,13273,10816,856,35,36
1789636259646662990,merge,1.80258,1.63089,0.95051,0.816867,0.250809,5.54524,19968,20064,13021,11011,857,35,36
1789636259746724314,merge,1.79862,1.64577,0.949008,0.778931,0.233047,5.49599,19968,19968,12857,10797,858,35,36
1789636259846752513,merge,1.79579,1.6613,0.965668,0.797485,0.240072,5.55358,19968,19968,13181,10886,859,35,36
1789636259946641246,merge,1.76837,1.67228,0.948732,0.787323,0.235693,5.50272,19968,19968,13073,10942,860,35,36
1789636260046599734,merge,1.80743,1.71738,0.92283,0.799328,0.24551,5.58276,20064,20064,12945,10964,861,35,36
1789636260146746857,merge,1.81393,1.73227,0.938788,0.76175,0.241092,5.57799,19968,19968,13081,10731,862,35,36
1789636260246786980,merge,1.80918,1.69177,0.951773,0.781244,0.262615,5.59076,19968,19968,13130,10898,863,35,36
1789636260346622988,merge,1.80241,1.7285,0.915537,0.797061,0.242384,5.58443,20064,20064,12854,10970,864,35,36
1789636260446733910,merge,1.79434,1.62818,0.926534,0.798514,0.243283,5.48005,19872,20064,13032,10931,865,35,36
1789636260547133915,merge,2.61684,1.65907,0.953448,0.788765,0.233138,6.3577,20064,19968,13127,10867,866,35,36
1789636260646684747,merge,1.77268,1.67917,0.950544,0.806345,0.237346,5.53438,20064,19968,12933,10989,867,35,36
1789636260746694607,merge,1.75222,1.66165,0.963666,0.778314,0.238057,5.48201,19968,19968,12923,10813,868,35,36
1789636260846660240,merge,1.79302,1.58461,0.949197,0.789104,0.240288,5.44784,19968,20064,13137,10935,869,35,36
1789636260946736087,merge,1.78394,1.6709,0.915799,0.793592,0.231739,5.48136,20064,19968,12650,10936,870,35,36
1789636261046713512,merge,1.78668,1.67216,0.95103,0.789666,0.238533,5.52245,19968,19968,13136,10843,871,35,36
1789636261146685874,merge,1.78867,1.65878,0.960586,0.776327,0.241501,5.51445,20064,20064,13090,10780,872,35,36
1789636261246765601,merge,1.7696,1.66352,0.940585,0.803896,0.242798,5.50968,19968,19968,12736,10876,873,35,36
1789636261346740068,merge,1.77329,1.60795,0.958894,0.788655,0.243276,5.46341,19968,20064,13044,11048,874,35,36
1789636261446702528,merge,1.78205,1.5841,0.954134,0.776851,0.251738,5.43668,19776,20064,12940,10883,875,35,36
1789636261546988306,merge,1.81101,1.64834,0.935967,0.774901,0.23745,5.49434,20256,19872,13010,10765,876,35,36
1789636261646711346,merge,1.7817,1.67405,0.93039,0.866416,0.241267,5.58096,19968,19968,13094,10984,877,35,36
1789636261746659152,merge,1.79613,1.6933,0.970161,0.795283,0.24621,5.58212,20064,20064,13304,10983,878,35,36
1789636261846763764,merge,1.74778,1.64484,0.931445,0.780704,0.227174,5.41056,19968,19968,12705,10778,879,35,36
1789636261946700488,merge,1.77918,1.66765,0.973877,0.766929,0.246147,5.51697,19968,19968,13167,10794,880,35,36
1789636262046655433,merge,1.78513,1.68469,0.961364,0.802421,0.255065,5.57504,20064,20064,13194,10919,881,35,36
1789636262146781398,merge,1.77147,1.65233,0.927344,0.768302,0.23425,5.43783,19968,19968,12777,10815,882,35,36
1789636262246678257,merge,1.79346,1.66298,0.951396,0.779433,0.25038,5.52386,20064,20064,13103,10938,883,35,36
1789636262346809149,merge,1.77154,1.77713,1.2198,0.808799,0.250717,5.96675,19968,19968,13141,10905,884,35,36
1789636262446730349,merge,1.75552,1.5944,0.938148,0.793433,0.218309,5.38836,19776,20064,12508,10932,885,35,36
1789636262546917190,merge,1.81123,1.64355,0.972421,0.778663,0.238066,5.52348,20256,19872,13370,10788,886,35,36
1789636262646789749,merge,1.74788,1.6011,0.934893,0.797314,0.212495,5.37654,19968,20064,12911,11092,887,35,36
1789636262746693893,merge,1.78641,1.67891,0.944223,0.787525,0.234299,5.51434,19968,19968,12828,10931,888,35,36
1789636262846686231,merge,1.77276,1.6652,0.961029,0.781296,0.250313,5.51478,20064,20064,13025,10763,889,35,36
1789636262946765419,merge,1.77019,1.65853,0.961252,0.801047,0.239334,5.51607,19968,19968,13080,10864,890,35,36
1789636263046714776,merge,1.76147,1.67905,1.15148,0.795344,0.246273,5.71714,20064,19968,12774,10980,891,35,36
1789636263146773918,merge,1.75821,1.5946,0.969552,0.786221,0.226006,5.43513,19968,20064,13154,10958,892,35,36
1789636263246796227,merge,1.76369,1.60519,0.93935,0.784285,0.231897,5.41045,19968,20064,12838,10865,893,35,36
1789636263346746840,merge,1.80449,1.67576,0.959002,0.817681,0.247676,5.59386,20064,19968,12976,11025,894,35,36
1789636263446841337,merge,1.7464,1.60682,0.93382,0.79692,0.243267,5.4094,19776,20064,12816,11067,895,35,36
1789636263546975425,merge,1.81091,1.6502,0.945129,0.76516,0.233649,5.49066,20160,19872,13133,10823,896,35,36
1789636263646690900,merge,1.77841,1.66927,0.957103,0.796626,0.240072,5.5304,20064,20064,13000,10905,897,35,36
1789636263746839180,merge,1.77976,1.68252,0.960037,0.80613,0.234132,5.55656,19968,19968,13105,10912,898,35,36
1789636263846753499,merge,1.79171,1.68061,0.935708,0.772418,0.236498,5.50855,20064,20064,12889,10873,899,35,36
1789636263946829365,merge,1.7635,1.65955,0.939907,0.79798,0.232095,5.47789,19968,19968,13034,10892,900,35,36
1789636264046810896,merge,1.78607,1.67964,0.949001,0.792446,0.237542,5.5253,19968,19968,13239,10980,901,35,36
1789636264146737568,merge,1.75502,1.63684,0.922731,0.798452,0.213068,5.41179,19968,20064,12779,10963,902,35,36
1789636264246753739,merge,1.81815,1.65485,0.964087,0.796271,0.237387,5.55337,20064,19968,13179,10863,903,35,36
1789636264346841319,merge,1.76706,1.67038,0.952704,0.819678,0.240754,5.5462,19968,19968,13039,10983,904,35,36
1789636264446774287,merge,1.76568,1.60543,0.924345,0.786468,0.237354,5.40954,19872,20064,12818,11049,905,35,36
1789636264546957353,merge,1.80401,1.65819,1.01686,0.780823,0.238351,5.5847,20160,19968,13103,10850,906,35,36
1789636264646819779,merge,1.78915,1.66894,1.02734,0.788641,0.240233,5.5966,20064,19968,13282,10852,907,35,36
1789636264746791172,merge,1.74664,1.60434,0.925171,0.792704,0.236631,5.39447,19968,20064,12612,10996,908,35,36
1789636264846786303,merge,1.80519,1.67427,0.970322,0.789166,0.265432,5.59068,19968,19968,13173,10928,909,35,36
1789636264946820045,merge,2.63606,2.50138,1.35697,1.14746,0.364817,8.1727,20064,19968,12989,10926,910,35,36
1789636265046803261,merge,2.62942,2.38606,1.31755,1.12985,0.359126,7.97884,19968,20064,12813,11023,911,35,36
1789636265146876825,merge,2.60608,2.48602,1.33291,1.13565,0.303721,7.99985,19968,19968,12991,11052,912,35,36
1789636265246811014,merge,2.60819,2.19702,0.970853,0.787059,0.24587,6.93041,19968,19968,13136,11048,913,35,36
1789636265346761773,merge,1.76171,1.66539,0.931155,0.783296,0.233143,5.45724,20064,19968,12741,10937,914,35,36
1789636265547214877,merge,1.72213,1.67826,0.959496,0.809816,0.246281,5.49892,20160,19872,13242,11057,915,35,36
1789636265646784045,merge,1.70133,1.65288,0.929178,0.799408,0.233719,5.39844,19968,20064,12802,10950,916,35,36
1789636265746880386,merge,1.72539,1.66017,0.974022,0.793323,0.24175,5.48145,20064,19968,13288,11058,917,35,36
1789636265846836138,merge,1.70122,1.66122,0.931921,0.785648,0.233572,5.40068,19968,19968,12968,11024,918,35,36
1789636265946805438,merge,1.70496,1.6632,0.949532,0.799048,0.239664,5.441,19968,19968,12948,10994,919,35,36
1789636266046755886,merge,1.69539,1.64474,0.953748,0.784199,0.2397,5.39828,19968,20064,13068,10928,920,35,36
1789636266146755121,merge,1.71705,1.63801,0.961338,0.791028,0.237158,5.42562,20064,19968,13135,10962,921,35,36
1789636266246818868,merge,1.6844,1.667,0.92063,0.81111,0.237428,5.40242,19968,19968,12759,11009,922,35,36
1789636266346783516,merge,1.71729,1.65037,0.974649,0.812225,0.240139,5.48457,20064,20064,13295,11031,923,35,36
1789636266446852497,merge,1.69687,1.59454,0.926336,0.783965,0.23886,5.32859,19872,20064,12856,10908,924,35,36
1789636266547069456,merge,1.72501,1.67429,0.952679,0.789088,0.239931,5.46644,20160,19968,13031,10935,925,35,36
1789636266646841238,merge,1.69702,1.65347,0.957848,0.8095,0.240163,5.43819,19968,19968,12973,10920,926,35,36
1789636266746810116,merge,1.71585,1.63458,0.949568,0.779513,0.237821,5.40184,20064,20064,12964,10867,927,35,36
1789636266846841691,merge,1.69956,1.63278,0.931016,0.779639,0.239217,5.36964,19968,19968,12867,10877,928,35,36
1789636266946895298,merge,1.70775,1.66851,0.957526,0.806422,0.23784,5.4599,19968,19968,13153,11020,929,35,36
1789636267046874982,merge,1.68386,1.63661,0.930912,0.796157,0.236856,5.36696,19968,19968,12824,10837,930,35,36
1789636267146860832,merge,1.71164,1.64176,0.944306,0.795683,0.234005,5.41499,19968,19968,12984,10829,931,35,36
1789636267246781609,merge,1.7279,1.65648,0.95214,0.790145,0.24222,5.45168,20064,19968,13267,11024,932,35,36
1789636267346823489,merge,1.69577,1.64992,0.944532,0.796155,0.236782,5.40382,19968,19968,12847,10937,933,35,36
1789636267446902207,merge,1.6956,1.58322,0.975737,0.78354,0.239989,5.36488,19872,20064,12969,10927,934,35,36
1789636267547259970,merge,1.72982,1.65384,0.981543,0.788009,0.238696,5.47635,20160,19872,13315,10877,935,35,36
1789636267646830283,merge,1.69156,1.67043,0.934303,0.790038,0.235969,5.40734,19968,20064,12904,10932,936,35,36
1789636267746944772,merge,1.71115,1.62613,0.951156,0.779919,0.238479,5.39457,19968,19968,13024,10785,937,35,36
1789636267846861188,merge,1.71653,1.6494,0.96483,0.798737,0.242138,5.46327,19968,20064,13221,11015,938,35,36
1789636267946888553,merge,1.70793,1.6561,0.94062,0.796398,0.234413,5.41826,20064,19968,12829,10997,939,35,36
1789636268046846899,merge,1.70665,1.64599,0.964936,0.777645,0.234083,5.4129,19968,20064,13082,10880,940,35,36
1789636268146868214,merge,1.72104,1.63054,0.975783,0.797661,0.238262,5.45499,20064,19968,13203,10878,941,35,36
1789636268246944055,merge,1.68252,1.65404,0.948359,0.814313,0.234981,5.41813,19968,19968,12820,10981,942,35,36
1789636268346868995,merge,1.74588,1.67217,0.981331,0.793159,0.240698,5.52239,20064,20064,13341,11093,943,35,36
1789636268446879425,merge,1.70396,1.58046,0.94444,0.78258,0.23425,5.32822,19872,20064,12931,10725,944,35,36
1789636268547148625,merge,1.72085,1.65471,0.965775,0.78818,0.23602,5.45702,20064,19872,13022,10826,945,35,36
1789636268646851905,merge,1.72619,1.65389,0.950157,0.78087,0.242261,5.44457,20064,19968,13204,10873,946,35,36
1789636268746822648,merge,1.70081,1.64043,0.94808,0.796336,0.239592,5.41095,19968,20064,13028,10883,947,35,36
1789636268846888604,merge,1.71896,1.63161,0.939773,0.789422,0.238783,5.40757,19968,19968,13004,10854,948,35,36
1789636268946871815,merge,1.71848,1.66643,0.965625,0.801113,0.236789,5.48514,19968,20064,13194,10993,949,35,36
1789636269046882595,merge,1.71818,1.65274,0.957556,0.790517,0.252702,5.4654,19968,19968,13171,10917,950,35,36
1789636269146890312,merge,1.68823,1.62255,0.933323,0.774164,0.232207,5.33933,20064,19968,12936,10790,951,35,36
1789636269246856004,merge,1.72578,1.59911,0.935422,0.789046,0.232418,5.38199,19872,20064,13014,11013,952,35,36
1789636269346932008,merge,1.7903,1.59415,0.958055,0.787937,0.259158,5.47798,19872,19968,13126,10882,953,35,36
1789636269446939553,merge,1.69976,1.66495,0.948927,0.774229,0.23687,5.41062,19968,20064,13051,10701,954,35,36
1789636269547133099,merge,1.71184,1.6374,0.951357,0.788839,0.24598,5.4272,20064,19968,12914,10842,955,35,36
1789636269646982871,merge,1.70736,1.6638,0.94128,0.797406,0.241606,5.43988,19968,19968,13217,10992,956,35,36
1789636269746982044,merge,1.71742,1.63776,0.932319,0.783476,0.241473,5.40075,20064,19968,13054,10859,957,35,36
1789636269846854555,merge,1.70569,1.68683,0.954176,0.79623,0.237361,5.47828,19968,19968,12898,10803,958,35,36
1789636269946820754,merge,1.70249,1.64873,0.960389,0.810171,0.236566,5.44078,19968,20064,13087,10996,959,35,36
1789636270046907097,merge,1.7316,1.64554,0.966953,0.787313,0.239386,5.46169,19968,19968,13121,10959,960,35,36
1789636270146890918,merge,1.68433,1.63994,0.925851,0.792807,0.233045,5.36262,19968,20064,12668,10904,961,35,36
1789636270246993421,merge,1.71953,1.64248,0.969587,0.787688,0.24206,5.44883,20064,19968,13262,10826,962,35,36
1789636270346936715,merge,1.69336,1.65211,0.937852,0.779886,0.23657,5.38972,19968,19968,12968,10848,963,35,36
1789636270446827370,merge,1.71348,1.64586,0.919703,0.774648,0.231693,5.37043,19968,20064,12792,10835,964,35,36
1789636270547130380,merge,1.7006,1.63054,0.991392,0.797596,0.237284,5.44042,20064,19968,13039,10850,965,35,36
1789636270646890666,merge,1.71621,1.65626,0.957277,0.80648,0.239053,5.46491,19968,20064,13176,11027,966,35,36
1789636270747013990,merge,1.6857,1.64511,0.920206,0.784252,0.23281,5.35619,20064,19968,12699,10933,967,35,36
1789636270847027406,merge,1.7313,1.65226,0.94819,0.797604,0.24079,5.45856,19968,19968,13175,10840,968,35,36
1789636270946871456,merge,1.689,1.63111,0.955134,0.78938,0.23687,5.38296,19968,19968,13043,10868,969,35,36
1789636271046832160,merge,1.70551,1.6642,0.947503,0.792501,0.235276,5.4316,20064,20064,12852,11013,970,35,36
1789636271146974601,merge,1.70315,1.65569,0.97105,0.783202,0.236908,5.43126,19968,19968,13191,10733,971,35,36
1789636271246851052,merge,1.70123,1.63752,0.929069,0.803901,0.238869,5.40049,19968,20064,13064,10787,972,35,36
1789636271347024062,merge,1.71035,1.6496,0.940131,0.822159,0.237708,5.44765,20064,19968,12910,10961,973,35,36
1789636271446995518,merge,1.68982,1.61913,0.961252,0.798257,0.239394,5.39372,19872,20064,12993,11011,974,35,36
1789636271547381278,merge,1.72672,1.65123,0.969137,0.779203,0.247923,5.46325,20160,19968,13250,10779,975,35,36
1789636271646901963,merge,1.67986,1.5916,0.929069,0.807067,0.235623,5.3279,19872,19968,12742,10938,976,35,36
1789636271746992446,merge,1.70799,1.67555,0.976998,0.79578,0.236548,5.48175,20064,19968,13284,10942,977,35,36
1789636271846901364,merge,1.68767,1.67955,0.938939,0.792603,0.235971,5.42197,19968,20064,12954,10937,978,35,36
1789636271946948031,merge,1.71358,1.65611,0.933512,0.813533,0.237126,5.44057,20064,19968,12977,10833,979,35,36
1789636272046989739,merge,1.68537,1.65903,0.937681,0.78888,0.235282,5.39268,19968,19968,13019,10894,980,35,36
1789636272146935719,merge,1.94517,1.9061,0.946455,0.790495,0.238091,5.92894,20064,20064,13033,10810,981,35,36
1789636272247005641,merge,1.70736,1.62619,0.911314,0.7691,0.249754,5.36824,20064,19968,12843,10862,982,35,36
1789636272346999471,merge,2.14955,2.08191,1.19949,0.800475,0.254468,6.60559,19968,19968,13163,10976,983,35,36
1789636272446940863,merge,1.67117,1.60983,0.928696,0.82078,0.237711,5.35686,19872,20160,12737,11056,984,35,36
1789636272547385696,merge,1.72825,1.66473,1.31999,0.78909,0.248376,5.85255,20064,19872,13006,10716,985,35,36
1789636272646943200,merge,1.69381,1.6313,1.21101,0.954428,0.257781,5.83721,20064,19968,13089,10873,986,35,36
1789636272746935213,merge,1.69975,1.66387,1.0967,1.08033,0.253822,5.88149,19968,20064,12841,11059,987,35,36
1789636272847031058,merge,1.71177,1.63705,0.92678,0.777798,0.242002,5.38181,19968,19968,12940,10827,988,35,36
1789636272946978754,merge,1.69663,1.64059,1.09437,0.774223,0.238075,5.52191,19968,20064,13115,10768,989,35,36
1789636273047026523,merge,1.73498,1.66751,0.929214,0.773747,0.236858,5.42584,20064,19968,12910,10884,990,35,36
1789636273146996713,merge,1.72081,1.68,0.937091,0.780613,0.244399,5.44765,19968,19968,12993,10966,991,35,36
1789636273246952002,merge,1.76108,1.68314,0.980126,0.788448,0.246644,5.54755,20064,20064,13234,10942,992,35,36
1789636273347055555,merge,1.71099,1.66794,0.944482,1.04952,0.292717,5.7568,19968,20064,12701,10913,993,35,36
1789636273447003777,merge,1.71787,1.65442,0.947367,0.782803,0.244828,5.43221,19968,19968,13179,10989,994,35,36
1789636273547436350,merge,1.71321,1.64366,0.927819,0.806406,0.243396,5.42053,20064,19968,13220,10931,995,35,36
1789636273647077235,merge,1.73164,1.64751,0.937564,0.766387,0.239341,5.41348,20064,19968,12870,10903,996,35,36
1789636273746976216,merge,1.67963,1.59666,0.927715,0.802492,0.249319,5.34226,19872,19968,12939,11030,997,35,36
1789636273846947567,merge,1.70986,1.69157,0.967826,0.775281,0.240129,5.47006,20064,20064,13263,10885,998,35,36
1789636273947000055,merge,1.69402,1.64578,0.930308,0.791807,0.236279,5.38601,19968,20064,12636,10887,999,35,36
1789636274047080901,merge,1.7132,1.63625,0.93523,0.787984,0.245249,5.40291,20064,19872,13248,10882,1000,35,36
1789636274146945957,merge,1.67893,1.67104,0.949572,0.795461,0.244124,5.42601,19968,20064,12937,11046,1001,35,36
1789636274247054537,merge,1.71707,1.64777,0.930958,0.804234,0.240241,5.42706,20064,20064,12894,10953,1002,35,36
1789636274347072704,merge,1.68521,1.64204,0.936095,0.788592,0.23986,5.37749,19968,19968,12963,10870,1003,35,36
1789636274447073656,merge,1.6917,1.64998,0.950686,0.96751,0.311608,5.66202,19872,20064,13075,11079,1004,35,36
1789636274547335121,merge,1.72867,1.6908,0.919658,0.842157,0.308395,5.57791,20160,19872,12865,10864,1005,35,36
1789636274646960466,merge,1.71956,1.67098,0.942261,0.792622,0.261973,5.47442,19968,19968,13120,10940,1006,35,36
1789636274746932260,merge,1.70575,1.65917,0.961438,0.80944,0.239733,5.46283,20064,20064,12983,11031,1007,35,36
1789636274847053073,merge,1.72637,1.66355,0.937014,0.816917,0.252283,5.48273,19968,20064,12960,11012,1008,35,36
1789636274947075078,merge,2.41303,1.93678,0.947688,0.792264,0.25831,6.46232,19968,19968,13159,10951,1009,35,36
1789636275047029978,merge,1.71176,1.65217,0.92755,0.773072,0.244364,5.39476,20064,19968,12971,10923,1010,35,36
1789636275147059559,merge,1.74252,1.66363,0.928287,0.787795,0.249993,5.46064,19968,19968,13071,11053,1011,35,36
1789636275246984245,merge,1.85765,1.66402,0.923327,0.792254,0.240157,5.56865,19968,20064,13082,11062,1012,35,36
1789636275347057012,merge,1.74028,1.65173,0.933355,0.767513,0.256916,5.43895,20064,19968,12990,10961,1013,35,36
1789636275447052135,merge,1.71086,1.60352,0.941054,0.802854,0.24023,5.38553,19872,20064,12862,11058,1014,35,36
1789636275646956813,merge,1.7067,1.65625,0.900538,0.786632,0.164086,5.30434,19968,20064,12694,11068,1015,40,41
1789636275747065680,merge,2.37258,2.22196,1.44077,1.19172,0.059941,7.38327,19968,19968,13084,10934,1016,40,41
1789636275846978140,merge,2.34117,2.22272,1.43622,1.19413,0.059016,7.34353,20064,20064,13077,11012,1017,40,41
1789636275947109338,merge,2.34802,2.21727,1.42061,1.20418,0.055546,7.33486,19968,19968,12820,11043,1018,40,41
1789636276047140553,merge,2.25031,1.58976,0.951306,0.786857,0.049685,5.70925,19968,19968,12911,10903,1019,40,41
1789636276147036910,merge,2.25395,2.0911,1.35659,1.10265,0.06074,6.96163,20064,20064,13230,10986,1020,40,41
1789636276247096853,merge,2.22574,2.10313,0.93014,0.791531,0.048915,6.18938,19968,19968,12662,10994,1021,40,41
1789636276347031382,merge,1.81738,1.59781,0.970949,0.796574,0.05008,5.32349,20064,19968,13217,10976,1022,40,41
1789636276447060290,merge,1.71155,1.60799,0.93549,0.776908,0.074912,5.1892,19872,20064,12968,10988,1023,40,41
1789636276547316082,merge,2.24396,2.08573,1.30339,1.1147,0.05397,6.89367,20064,19968,12849,10946,1024,40,41
1789636276647122229,merge,1.86954,1.60373,0.954242,0.800342,0.049283,5.35555,19968,19968,13166,10975,1025,40,41
1789636276747039674,merge,2.24631,2.09647,1.33591,1.10363,0.05468,6.93285,20064,19968,13186,10867,1026,40,41
1789636276847018542,merge,2.24626,2.08174,0.924831,0.75911,0.049481,6.15223,20064,20064,12915,10830,1027,40,41
1789636276947022461,merge,1.70156,1.60239,0.93891,0.793049,0.049318,5.17666,19776,20064,12924,11026,1028,40,41
1789636277047081958,merge,1.78798,1.58842,0.974126,0.783387,0.051498,5.27476,20256,19872,13373,10904,1029,40,41
1789636277147041449,merge,2.20528,1.84791,0.921049,0.788373,0.049298,5.906,19872,19968,12616,10853,1030,40,41
1789636277247067970,merge,2.25201,1.93581,0.949711,0.806443,0.092281,6.13444,19968,20160,13228,10980,1031,40,41
1789636277347048632,merge,2.04835,1.59695,0.945274,0.793735,0.226098,5.70153,20064,19872,13071,10917,1032,40,41
1789636277447142734,merge,2.22403,2.0825,1.29516,1.09512,0.053017,6.84545,19872,19968,12820,10898,1033,40,41
1789636277547292051,merge,2.26012,2.08078,1.3294,1.09829,0.077832,6.93315,20160,19968,13168,10882,1034,40,41
1789636277647047553,merge,2.23288,2.10435,1.32688,1.11058,0.055178,6.91878,19968,19968,13115,10999,1035,40,41
1789636277747057310,merge,2.20724,1.9603,0.949476,0.782789,0.047937,6.03175,19968,19968,12630,10783,1036,40,41
1789636277847013426,merge,2.24839,1.68019,0.986152,0.801677,0.088681,5.90003,19968,20064,13226,10768,1037,40,41
1789636277947102849,merge,1.77091,1.64948,0.950601,0.799559,0.179298,5.43838,20064,20064,13003,11028,1038,40,41
1789636278047140170,merge,2.2242,1.66204,0.923801,0.79596,0.048116,5.74683,19968,19968,12780,11010,1039,40,41
1789636278147163464,merge,1.72771,1.58576,0.981018,0.787109,0.057103,5.22273,20064,20064,13374,10861,1040,40,41
1789636278247140316,merge,1.70731,1.5781,0.958,0.793945,0.082809,5.2057,19968,19872,12919,10810,1041,40,41
1789636278347042294,merge,1.94196,1.60979,0.949137,0.799733,0.049903,5.45107,20064,20064,13058,11040,1042,40,41
1789636278447105456,merge,1.73149,1.60264,0.976045,0.799946,0.049497,5.24377,19872,20064,13268,10978,1043,40,41
1789636278547334035,merge,1.69969,1.57136,0.94307,0.760016,0.048781,5.10469,20160,19872,12925,10776,1044,40,41
1789636278647077030,merge,1.73519,1.60302,0.958117,0.787813,0.049732,5.21694,19872,20064,13306,10950,1045,40,41
1789636278747141057,merge,1.7022,1.59973,0.966578,0.767808,0.049311,5.16901,20064,19968,13056,10888,1046,40,41
1789636278847107971,merge,1.77144,1.6053,1.02492,0.772521,0.051934,5.30658,19968,19968,13305,10811,1047,40,41
1789636278947017849,merge,1.72083,1.60349,0.926808,0.791472,0.049025,5.17752,20064,20064,12934,10983,1048,40,41
1789636279047145982,merge,1.89488,1.6039,0.952477,0.776766,0.052182,5.38119,19872,20064,13275,10984,1049,40,41
1789636279147152110,merge,1.76874,1.59437,0.940891,0.768612,0.050494,5.2266,20160,19968,12987,10839,1050,40,41
1789636279247212833,merge,2.13521,1.57691,0.954426,0.786086,0.049847,5.60301,19872,19968,12964,10861,1051,40,41
1789636279347130446,merge,1.73382,1.61145,0.954815,0.792793,0.050094,5.22909,19872,19968,13026,10960,1052,40,41
1789636279447113816,merge,1.73175,1.63005,0.940669,0.78377,0.050445,5.22366,19872,20064,13128,11000,1053,40,41
1789636279547390762,merge,1.70159,1.5738,0.93739,0.767836,0.049143,5.10758,20160,19968,12780,10718,1054,40,41
1789636279647167633,merge,1.71853,1.57508,0.940269,0.778024,0.049957,5.14534,19968,19968,13178,10749,1055,40,41
1789636279747102384,merge,1.69479,1.60804,0.960974,0.799447,0.049337,5.19558,19872,20064,12905,11010,1056,40,41
1789636279847234048,merge,1.72298,1.58076,0.950039,0.789719,0.051745,5.17947,20160,19968,12996,10831,1057,40,41
1789636279947169296,merge,1.69256,1.58322,0.93226,0.797866,0.050436,5.13847,19872,19968,12871,10874,1058,40,41
1789636280047078164,merge,1.70674,1.60134,0.950176,0.782625,0.087649,5.20726,19968,20064,13159,11029,1059,40,41
1789636280147248236,merge,1.69537,1.64918,0.923252,0.784557,0.170794,5.30789,20064,19968,12802,10922,1060,40,41
1789636280247166361,merge,1.70699,1.59206,0.951937,0.785642,0.056701,5.17934,19968,19968,13064,10824,1061,40,41
1789636280347100906,merge,1.70142,1.61037,0.917988,0.775479,0.083642,5.17854,19968,20064,13084,10885,1062,40,41
1789636280447247685,merge,1.70586,1.61953,0.932039,0.79606,0.050127,5.19003,19968,20064,12966,10854,1063,40,41
1789636280547422830,merge,1.72665,1.58224,0.955635,0.824434,0.048897,5.22228,20064,19872,13032,10687,1064,40,41
1789636280647109337,merge,1.71097,1.59775,0.93626,0.77217,0.05476,5.15219,19968,20064,13117,10936,1065,40,41
1789636280747221425,merge,1.70908,1.60655,0.948951,0.798335,0.049172,5.19754,20064,19968,13003,10952,1066,40,41
1789636280847131232,merge,1.71131,1.60344,0.927674,0.76367,0.049195,5.13527,19968,19968,12998,10903,1067,40,41
1789636280947099475,merge,1.74146,1.58685,0.980798,0.797739,0.051269,5.25573,20064,20064,13273,10942,1068,40,41
1789636281047164326,merge,1.72849,1.59127,0.933858,0.790318,0.048798,5.17709,19968,19968,12770,10952,1069,40,41
1789636281147116592,merge,1.73202,1.60201,0.917983,0.788295,0.049965,5.17786,19968,19968,13085,10972,1070,40,41
1789636281247101552,merge,1.73117,1.58488,0.972224,0.779119,0.049928,5.20034,19968,20064,13026,10834,1071,40,41
1789636281347161905,merge,1.74968,1.58995,0.955479,0.776911,0.047984,5.2033,20064,19968,12941,10800,1072,40,41
1789636281447077021,merge,1.72586,1.61772,0.92766,0.805269,0.048999,5.21151,19872,20160,12825,11150,1073,40,41
1789636281547466221,merge,1.74116,1.68247,0.965604,0.77811,0.052729,5.3134,20160,19872,13350,10773,1074,40,41
1789636281647202082,merge,1.71088,1.577,0.913396,0.779369,0.048171,5.11225,19968,20064,12596,10889,1075,40,41
1789636281747226475,merge,1.74854,1.58638,0.949999,0.786159,0.04901,5.20866,20064,19872,13201,10896,1076,40,41
1789636281847086998,merge,1.71646,1.60508,0.916347,0.783587,0.049151,5.15759,19968,20064,12949,11013,1077,40,41
1789636281947208142,merge,1.7381,1.57947,0.921479,0.776168,0.052714,5.15627,20064,19968,12836,10827,1078,40,41
1789636282047164741,merge,1.69157,1.59396,0.939987,0.798791,0.049611,5.15703,19968,20064,12990,10960,1079,40,41
1789636282147231254,merge,1.71592,1.59518,0.953937,0.774941,0.050405,5.17355,19968,19968,13111,10860,1080,40,41
1789636282247197515,merge,1.70976,1.59768,0.922217,0.7631,0.049276,5.13313,20064,19968,12779,10753,1081,40,41
1789636282347182117,merge,1.81399,1.98929,1.0294,0.80987,0.052114,5.80161,19968,20064,13147,10921,1082,40,41
1789636282447259296,merge,1.71338,1.60356,0.95012,0.792632,0.048201,5.19841,19872,20064,13079,11084,1083,40,41
1789636282547478849,merge,1.70665,1.60411,0.917583,0.781673,0.050545,5.14994,19968,19968,12751,10889,1084,40,41
1789636282647178692,merge,1.75057,1.60098,0.966303,0.773351,0.053375,5.23019,20160,19968,13352,10806,1085,40,41
1789636282747279839,merge,1.69628,1.58079,0.953443,0.778615,0.050668,5.14727,19968,19968,13076,10919,1086,40,41
1789636282847227448,merge,1.73047,1.62109,0.964639,0.77801,0.050771,5.23338,20064,19968,12889,10972,1087,40,41
1789636282947183341,merge,1.9879,1.58989,1.01609,0.802235,0.050851,5.53835,19968,20064,13056,10925,1088,40,41
1789636283047252237,merge,1.74211,1.59646,0.951494,0.773279,0.052503,5.19986,20064,19968,13135,10760,1089,40,41
1789636283147158542,merge,1.69569,1.61289,0.934293,0.79354,0.051591,5.1645,19872,20064,12665,10914,1090,40,41
1789636283247271319,merge,1.7459,1.61866,0.947928,0.773691,0.053749,5.22847,20064,19968,13274,10900,1091,40,41
1789636283347289282,merge,1.72171,1.60141,0.929807,0.843282,0.05597,5.23886,20064,19968,12894,10861,1092,40,41
1789636283547495547,merge,1.70937,1.9466,0.926809,0.781934,0.114226,5.5727,20064,19872,13047,10918,1093,40,41
1789636283647146067,merge,1.72799,1.64068,0.937355,0.768889,0.242493,5.39864,20064,19968,13011,10882,1094,40,41
1789636283747191241,merge,1.7298,1.59014,0.923565,0.793656,0.237106,5.35292,19968,20064,12800,11012,1095,40,41
1789636283847312843,merge,1.7329,1.65621,0.950598,0.790055,0.239139,5.44731,20064,19968,13195,10998,1096,40,41
1789636283947238079,merge,1.69485,1.65067,0.904815,0.785114,0.243026,5.36443,19968,19968,12719,10869,1097,40,41
1789636284047146841,merge,2.04191,1.59208,0.949766,0.780833,0.248368,5.70606,19968,20064,13012,10845,1098,40,41
1789636284147179127,merge,1.71257,1.64623,0.956074,0.796132,0.245635,5.44279,20064,19968,13219,10936,1099,40,41
1789636284247183638,merge,1.69979,1.66094,0.92704,0.806325,0.242058,5.42136,19968,19968,12766,10969,1100,40,41
1789636284347204397,merge,1.71656,1.64118,0.985274,0.796023,0.246923,5.47054,20064,20064,13227,10969,1101,40,41
1789636284447255258,merge,1.69012,1.59189,0.9396,0.795341,0.243601,5.34211,19872,20064,13029,10937,1102,40,41
1789636284547717761,merge,1.73324,1.65027,0.942376,0.799319,0.243571,5.45776,20064,19872,12914,10940,1103,40,41
1789636284647187131,merge,1.72195,1.60323,0.95766,0.792582,0.247878,5.41156,19968,20064,13062,10952,1104,40,41
1789636284747342348,merge,1.73158,1.65153,0.951189,0.774705,0.2472,5.4438,20064,19968,13229,10948,1105,40,41
1789636284847218018,merge,1.70378,2.03074,0.916686,0.788264,0.237216,5.76672,19968,19968,12670,11005,1106,40,41
1789636284947171169,merge,1.69534,1.6189,0.954876,0.788256,0.244268,5.38559,19968,20064,13177,11034,1107,40,41
1789636285047180057,merge,1.70448,1.64857,0.956391,0.792396,0.245395,5.42939,20064,19968,13090,10943,1108,40,41
1789636285147191781,merge,1.70335,1.94411,0.976222,0.792522,0.240574,5.75893,19968,20064,12777,10917,1109,40,41
1789636285247313235,merge,1.70723,1.67984,0.965524,0.808439,0.237749,5.48986,20064,19968,13068,11081,1110,40,41
1789636285347303063,merge,1.72237,1.67044,0.937984,0.776022,0.245969,5.43974,19968,19968,13141,11048,1111,40,41
1789636285447201257,merge,1.70059,1.63874,0.917456,0.799739,0.25192,5.39861,19968,20064,12586,10932,1112,40,41
1789636285547715232,merge,1.71202,1.6625,0.955771,0.795716,0.24147,5.45269,20064,19968,13207,11036,1113,40,41
1789636285647341035,merge,1.69638,1.66403,0.922017,0.812454,0.240557,5.41956,20064,19968,12948,11068,1114,40,41
1789636285747256295,merge,1.73563,1.69766,0.96233,0.806357,0.243573,5.53487,19968,19968,12872,11093,1115,40,41
1789636285847195537,merge,1.69765,1.59534,0.927915,0.77804,0.243206,5.3272,19968,20064,13139,10972,1116,40,41
1789636285947295241,merge,1.7023,1.61852,0.928703,0.776396,0.246103,5.357,19968,20064,13025,11062,1117,40,41
1789636286047343137,merge,1.71134,1.6584,0.930923,0.893463,0.243624,5.52177,20064,19872,12932,11020,1118,40,41
1789636286147242995,merge,1.80979,2.38412,1.3666,1.12805,0.39069,7.24737,19968,20064,13100,10910,1119,40,41
1789636286247338981,merge,2.55192,2.48996,1.35486,1.13816,0.378649,8.08267,20064,19968,13114,10945,1120,40,41
1789636286347320632,merge,1.96017,1.62464,0.920581,0.781005,0.242484,5.6368,19872,20064,12812,11000,1121,40,41
1789636286447288662,merge,1.72502,1.65709,0.943406,0.785065,0.248412,5.44601,19968,20064,13175,11046,1122,40,41
1789636286547559442,merge,1.7189,1.62958,0.947831,0.782481,0.24192,5.40262,20160,19872,13037,10822,1123,40,41
1789636286647287363,merge,1.71584,1.64937,0.955657,0.772604,0.236959,5.41568,19968,19968,12994,11012,1124,40,41
1789636286747267572,merge,1.73262,2.41222,1.33692,1.1364,0.392566,7.20474,19872,20064,12939,11059,1125,40,41
1789636286847310218,merge,2.54314,2.43783,1.35098,1.1117,0.373552,7.971,20064,19968,13134,10843,1126,40,41
1789636286947318500,merge,2.51942,2.44049,1.31882,1.11302,0.368267,7.9128,20064,20064,12820,10835,1127,40,41
1789636287047346231,merge,2.51806,2.38362,1.05559,0.812827,0.25189,7.17697,19872,19968,13091,11008,1128,40,41
1789636287147273267,merge,1.70371,1.64393,0.929365,0.781894,0.234584,5.37458,20064,19968,12880,10891,1129,40,41
1789636287247374907,merge,1.72049,1.63555,0.946277,0.770886,0.244221,5.40324,20064,19968,13063,10858,1130,40,41
1789636287347376889,merge,1.68264,1.62731,0.954086,0.804899,0.252037,5.40785,19872,20064,12944,11008,1131,40,41
1789636287447344606,merge,1.69919,1.65326,0.94389,0.799994,0.243607,5.42393,20064,19968,12997,11016,1132,40,41
1789636287547534631,merge,1.71239,1.66089,0.935979,0.782013,0.23788,5.41298,20064,19872,13007,10788,1133,40,41
1789636287647272208,merge,1.70468,1.58729,0.966444,0.797724,0.24361,5.38068,19968,20064,13146,10969,1134,40,41
1789636287747405225,merge,1.69912,1.65542,1.10481,0.797727,0.239758,5.58164,20064,19968,12917,10996,1135,40,41
1789636287847341356,merge,1.71344,1.6703,0.958396,0.774648,0.245763,5.45281,19968,19968,13039,10768,1136,40,41
1789636287947336437,merge,1.72144,1.64293,0.97064,0.783063,0.243051,5.44281,20064,20064,13285,10791,1137,40,41
1789636288047411776,merge,1.70252,1.64246,0.939997,0.79528,0.228344,5.39127,20064,19968,12822,10949,1138,40,41
1789636288147280297,merge,1.71832,1.60244,0.952098,0.798834,0.252547,5.41179,19872,19968,13165,10997,1139,40,41
1789636288247268756,merge,1.72419,1.587,0.975577,0.798042,0.246111,5.41526,19968,20064,13240,10900,1140,40,41
1789636288346985102,merge,1.69645,1.63491,0.93884,0.77825,0.239975,5.37648,20064,19968,12835,10851,1141,40,41
1789636288447313451,merge,1.74524,1.6109,0.977553,0.802957,0.246862,5.46589,19872,20064,13466,11076,1142,40,41
1789636288547560641,merge,1.69661,1.63555,0.942052,0.800613,0.236417,5.38869,20160,19968,12934,10870,1143,40,41
1789636288647394514,merge,1.72615,1.62944,0.965297,0.789783,0.244785,5.43406,19968,19968,13192,10877,1144,40,41
1789636288747277527,merge,1.71906,1.60824,0.958065,0.789051,0.248074,5.41329,19968,20064,13073,10928,1145,40,41
1789636288847441418,merge,1.71747,1.64554,0.964848,0.793134,0.240096,5.4491,20064,19968,13143,10822,1146,40,41
1789636288947445037,merge,1.69168,1.62257,0.94753,0.79512,0.241866,5.38361,19968,19968,12914,10776,1147,40,41
1789636289047330310,merge,1.71451,1.59021,0.973241,0.794999,0.238895,5.39522,19968,20064,13198,10991,1148,40,41
1789636289147389118,merge,1.69057,1.59457,0.936711,0.921283,0.239086,5.46663,19776,19968,12914,10957,1149,40,41
1789636289247288063,merge,1.71459,1.62631,1.09441,0.773812,0.241776,5.53602,20352,19968,13087,10790,1150,40,41
1789636289347312951,merge,1.69674,1.58348,0.936037,0.793147,0.243102,5.33906,19776,19968,12848,10892,1151,40,41
1789636289447276850,merge,1.69819,1.62163,0.946919,0.808916,0.244762,5.40553,19872,20160,13136,11194,1152,40,41
1789636289547857826,merge,1.68592,1.6356,0.946715,0.780342,0.239054,5.37387,19872,19872,12877,10779,1153,40,41
1789636289647345620,merge,1.72967,1.63112,0.942716,0.792247,0.240842,5.42149,20256,19968,13134,10799,1154,40,41
1789636289747278325,merge,1.69354,1.59745,0.938633,0.777881,0.236345,5.33125,19776,20064,12928,10835,1155,40,41
1789636289947383536,merge,1.69975,1.58522,0.922791,0.800951,0.221209,5.31732,19872,20064,12840,10907,1156,42,43
1789636290047473749,merge,1.71417,1.58377,0.952586,0.788553,0.071492,5.19735,20064,19968,13256,10883,1157,42,43
1789636290147417340,merge,1.70745,1.5965,0.947279,0.809477,0.049979,5.19919,19968,19968,13162,10932,1158,42,43
1789636290247361972,merge,1.69875,1.58718,0.936499,0.790354,0.083149,5.18058,19968,20064,12747,10908,1159,42,43
1789636290347424806,merge,1.69518,1.57425,0.959819,0.787106,0.049595,5.14929,19968,19968,13127,10866,1160,42,43
1789636290447377849,merge,1.70298,1.60209,0.955913,0.786544,0.058512,5.18978,19968,20064,13076,10998,1161,42,43
1789636290547844157,merge,1.70852,1.59631,0.957651,0.773294,0.048689,5.16737,20064,19968,12887,10857,1162,42,43
1789636290647435759,merge,1.7165,1.57417,0.944541,0.768128,0.05099,5.13551,20064,19968,13075,10745,1163,42,43
1789636290747408650,merge,1.7329,1.5897,0.977929,0.804764,0.049288,5.24142,19968,19968,13166,10898,1164,42,43
1789636290847342388,merge,1.68436,1.60799,0.916508,0.80714,0.047862,5.14951,19968,20064,12613,11054,1165,42,43
1789636290947438228,merge,1.70803,1.58841,0.934068,0.765067,0.048451,5.13197,19968,20064,13176,10881,1166,42,43
1789636291047507908,merge,1.70551,1.56946,0.949452,0.775496,0.048993,5.13368,20064,19872,13013,10747,1167,42,43
1789636291147347337,merge,1.70116,1.60648,0.936304,0.800558,0.048538,5.17839,19968,20064,12787,11086,1168,42,43
1789636291247407042,merge,1.68652,1.59875,0.939833,0.794341,0.048413,5.15484,19968,19968,12950,10967,1169,42,43
1789636291347355776,merge,1.72198,1.57333,0.970291,0.789508,0.049965,5.19076,20160,19968,13220,10825,1170,42,43
1789636291447328869,merge,1.69652,1.61206,0.912799,0.771438,0.04926,5.12832,19872,20160,12723,10849,1171,42,43
1789636291547727174,merge,1.72309,1.58522,0.950432,0.788024,0.049983,5.17882,19968,19872,13142,10856,1172,42,43
1789636291646987781,merge,2.5614,1.71631,0.946893,0.800611,0.051857,6.22574,20160,19968,13110,10833,1173,42,43
1789636291747352003,merge,1.68847,1.59468,0.91918,0.793344,0.050276,5.13321,19872,20064,12778,10984,1174,42,43
1789636291847373860,merge,1.71572,1.6043,0.947162,0.775714,0.057986,5.19232,19968,20064,13156,11025,1175,42,43
1789636291947513213,merge,1.72287,1.59167,0.940769,0.797247,0.048128,5.19685,20064,19968,13091,10870,1176,42,43
1789636292047527028,merge,1.71438,1.57665,0.937856,0.764201,0.048448,5.12735,20064,19968,12997,10842,1177,42,43
1789636292147418966,merge,1.68471,1.59422,0.949891,0.802572,0.050783,5.16728,19872,19968,13002,10960,1178,42,43
1789636292347348950,merge,1.67769,1.58407,0.934846,0.788695,0.049478,5.12278,19872,20064,12770,10746,1179,43,44
1789636292447452189,merge,1.71167,1.5824,0.979698,0.784423,0.04978,5.18879,20064,19968,13255,10818,1180,43,44
1789636292547737345,merge,1.70538,1.6007,0.931914,0.779548,0.052634,5.15525,20064,19968,12821,10991,1181,43,44
1789636292647373449,merge,1.69293,1.597,0.955683,0.806898,0.049368,5.18745,19968,20064,13052,10948,1182,43,44
1789636292747438455,merge,1.68489,1.57791,0.93587,0.789897,0.050186,5.13091,19968,19968,12958,10869,1183,43,44
1789636292847068307,merge,1.69801,1.60104,0.94347,0.794033,0.049313,5.16952,19968,20064,12933,11001,1184,43,44
1789636292947524334,merge,1.69512,1.60167,0.94514,0.798871,0.05066,5.17474,20160,19968,12972,10993,1185,43,44
1789636293047460046,merge,1.71075,1.58407,0.950726,0.779783,0.048919,5.15758,19968,19968,13118,10863,1186,43,44
1789636293147368555,merge,1.6748,1.5955,0.902434,0.777884,0.048618,5.08644,19872,20064,12620,10925,1187,43,44
1789636293247481408,merge,1.70497,1.61649,0.957136,0.799729,0.050843,5.21852,20064,19968,13101,10949,1188,43,44
1789636293347382716,merge,1.6948,1.59014,0.94674,0.790152,0.049765,5.15999,19968,19968,13073,10850,1189,43,44
1789636293447025926,merge,1.70497,1.59371,0.920514,0.810896,0.04955,5.16664,20064,20160,12832,10940,1190,43,44
1789636293547982091,merge,1.72017,1.58764,0.961022,0.789439,0.051333,5.19791,20064,19872,13237,10929,1191,43,44
1789636293647393714,merge,1.68856,1.59971,0.940584,0.790164,0.048837,5.15188,19872,20064,12997,10965,1192,43,44
1789636293747391070,merge,1.71205,1.57971,0.955841,0.784608,0.049743,5.16864,20064,19968,12906,10855,1193,43,44
1789636293847444772,merge,1.71067,1.5927,0.976568,0.805941,0.051164,5.22486,20064,19968,13188,10917,1194,43,44
1789636293947411241,merge,1.71336,1.61467,0.960668,0.809605,0.049997,5.23417,19968,20064,13141,11094,1195,43,44
1789636294047488055,merge,1.68953,1.58915,0.917941,0.791977,0.04938,5.1249,19968,19968,12664,10919,1196,43,44
1789636294147456274,merge,1.69887,1.58472,0.954491,0.780416,0.05016,5.15539,19968,19968,13164,10835,1197,43,44
1789636294247008803,merge,1.68824,1.61215,0.954689,0.783722,0.049,5.17498,19968,20064,13052,10928,1198,43,44
1789636294347478875,merge,1.70627,1.60784,0.954821,0.785582,0.049389,5.1897,20064,19968,12871,10839,1199,43,44
1789636294447448325,merge,1.6835,1.5879,0.93387,0.801839,0.049704,5.14034,19968,20064,12961,10970,1200,43,44
1789636294547736045,merge,1.70976,1.58376,0.957207,0.778145,0.05007,5.16724,20064,19872,13132,10947,1201,43,44
1789636294647205920,merge,1.67865,1.60287,0.90713,0.784382,0.049692,5.10886,19968,20064,12689,10993,1202,43,44
1789636294747411663,merge,1.72565,1.58647,0.974469,0.793583,0.051246,5.22422,20064,19968,13267,10893,1203,43,44
1789636294847422449,merge,1.74113,2.39389,1.33621,1.0975,0.057393,6.8039,19968,20064,12822,10993,1204,43,44
1789636294947517792,merge,1.71214,1.60901,0.983077,0.78868,0.049972,5.23189,19968,19968,12899,11102,1205,43,44
1789636295047498375,merge,1.70056,1.60291,0.971618,0.788176,0.048289,5.19727,20064,19968,13150,11016,1206,43,44
1789636295147177893,merge,1.70919,1.59537,0.915353,0.776622,0.048713,5.13814,19968,20064,12923,10948,1207,43,44
1789636295247474969,merge,1.7025,1.60103,0.949148,0.798835,0.049081,5.18715,19968,19968,12947,11014,1208,43,44
1789636295347428298,merge,1.71013,1.60993,0.947716,0.816121,0.050063,5.21881,20064,19968,13205,11079,1209,43,44
1789636295447162102,merge,1.70635,1.60879,0.947118,0.812537,0.050539,5.21333,19968,20064,12948,11065,1210,43,44
1789636295547772901,merge,1.69197,1.58798,0.940521,0.790517,0.049642,5.13485,19968,19968,12933,10919,1211,43,44
1789636295647079314,merge,1.72879,1.61259,0.981658,0.807702,0.052083,5.26874,20160,19968,13379,11089,1212,43,44
1789636295747457402,merge,1.67513,1.60985,0.919952,0.795108,0.049477,5.13595,19872,20064,12732,11053,1213,43,44
1789636295847613752,merge,1.71215,1.59745,0.950278,0.787961,0.047128,5.17484,20064,19968,13156,10977,1214,43,44
1789636295947465974,merge,1.6926,1.60326,0.918847,0.781436,0.049578,5.13362,19968,19968,12996,11090,1215,43,44
1789636296047094043,merge,1.70174,1.61319,0.929634,0.797012,0.049508,5.17347,19968,19968,12913,11064,1216,43,44
1789636296147069448,merge,1.729,1.61591,0.921908,0.784091,0.049159,5.20078,20064,20064,13020,11048,1217,43,44
1789636296247173414,merge,1.72002,1.59581,0.942358,0.773629,0.047967,5.17002,19968,19968,13166,10887,1218,43,44
1789636296347158004,merge,1.68488,1.60613,0.90842,0.794113,0.048738,5.12283,19968,20064,12688,11040,1219,43,44
1789636296447533176,merge,1.77854,1.61105,0.956777,0.790241,0.050507,5.2642,20064,19968,13157,11004,1220,43,44
1789636296547997193,merge,1.69651,1.58741,0.919722,0.772278,0.047792,5.10445,19968,19968,12989,10905,1221,43,44
1789636296647123694,merge,1.738,1.59117,0.948301,0.781267,0.049377,5.19603,20064,20064,12815,10908,1222,43,44
1789636296747571609,merge,1.70304,1.60686,0.942457,0.767987,0.050815,5.15303,19968,19968,13046,11031,1223,43,44
1789636296847521478,merge,1.75167,1.60798,0.966017,0.794423,0.050575,5.24659,20064,19968,13176,10993,1224,43,44
1789636296947504301,merge,1.70192,1.57557,0.900353,0.763809,0.047088,5.0636,19968,19968,12750,10878,1225,43,44
1789636297047221285,merge,1.71647,1.59768,0.933326,0.784734,0.051483,5.16839,19968,20064,13137,10883,1226,43,44
1789636297147558841,merge,1.71478,1.60329,0.927463,0.774273,0.052132,5.16177,19968,19968,13138,10960,1227,43,44
1789636297247558865,merge,1.7066,1.577,0.933788,0.793445,0.049222,5.14418,20064,19968,12850,10873,1228,43,44
1789636297347590062,merge,1.71751,1.58378,0.974999,0.775449,0.050395,5.18819,20064,19968,13350,10880,1229,43,44
1789636297447558316,merge,1.68416,1.60743,1.14016,0.794589,0.050096,5.35968,19872,20064,12964,11076,1230,43,44
1789636297547800105,merge,1.73604,1.60896,0.944054,0.769767,0.055608,5.20457,20064,19872,12900,10829,1231,43,44
1789636297647285534,merge,1.75176,1.61708,0.96102,0.787061,0.052842,5.26378,19968,20064,13135,10886,1232,43,44
1789636297747574642,merge,1.7088,1.59178,0.965843,0.798698,0.052666,5.21016,20064,19968,13186,10978,1233,43,44
1789636297847505749,merge,1.69522,1.60627,0.923559,0.809162,0.04814,5.16261,19968,19968,12740,10994,1234,43,44
1789636297947201977,merge,1.71424,1.57968,0.968002,0.786468,0.049652,5.18076,19968,20064,13253,10865,1235,43,44
1789636298047546088,merge,1.85616,1.59658,0.918841,0.76296,0.051119,5.2934,20064,19968,12991,10820,1236,43,44
1789636298147510176,merge,1.6944,1.60187,0.924674,0.780941,0.048417,5.13503,19872,19968,12816,10901,1237,43,44
1789636298247115684,merge,1.73305,1.59613,0.966736,0.781674,0.050783,5.20915,20064,20064,13279,10867,1238,43,44
1789636298347590453,merge,1.70686,1.58512,0.938552,0.786979,0.054456,5.15913,20064,19968,12967,10895,1239,43,44
1789636298447495655,merge,1.71834,1.59754,0.921102,0.782192,0.049389,5.15759,19968,19968,13017,10978,1240,43,44
1789636298547856036,merge,1.73145,1.60458,0.979748,0.81227,0.049677,5.26616,20064,20064,13209,10933,1241,43,44
1789636298647601535,merge,1.69315,1.59064,0.945118,0.826889,0.055553,5.19783,19968,20064,12993,10921,1242,43,44
1789636298747691731,merge,1.71447,1.58963,0.9396,0.828697,0.053264,5.21326,19968,19968,13055,10913,1243,43,44
1789636298847509445,merge,1.71285,1.59068,0.927705,0.78231,0.049793,5.14578,20064,19872,13144,10898,1244,43,44
1789636298947291893,merge,1.72259,1.58245,0.946188,0.840218,0.066156,5.24376,20064,20064,13204,10795,1245,43,44
1789636299047500909,merge,1.69057,1.59785,0.947676,0.813258,0.057545,5.2018,19872,20064,12971,10820,1246,43,44
1789636299147691528,merge,1.73225,1.60695,0.945276,0.797795,0.051827,5.22815,19872,19968,13165,10972,1247,43,44
1789636299247544668,merge,1.73645,1.61648,0.940082,0.780423,0.050535,5.2157,19968,19968,13127,10932,1248,43,44
1789636299347556864,merge,1.72046,1.57508,0.931359,0.762609,0.048972,5.12569,20160,19968,13053,10853,1249,43,44
1789636299447334149,merge,1.71739,1.61772,0.939728,0.819082,0.060835,5.24017,19776,20160,13019,11041,1250,43,44
1789636299547890912,merge,2.56438,1.64102,0.966109,0.78241,0.052258,6.15219,20064,19872,13247,10893,1251,43,44
1789636299647553746,merge,2.5412,2.34956,1.11529,0.803123,0.0507,7.01198,20064,19968,12832,10844,1252,43,44
1789636299747296546,merge,1.70015,1.58739,0.952304,0.794221,0.050179,5.17253,19872,20064,13136,10949,1253,43,44
1789636299847527159,merge,1.73411,1.60434,0.930286,0.788544,0.050675,5.19697,19968,19968,13067,10894,1254,43,44
1789636299947549141,merge,1.70594,1.59971,0.948458,0.798569,0.051646,5.19386,20064,20064,12954,10797,1255,43,44
1789636300047637092,merge,1.68232,1.58906,0.956669,0.796076,0.049251,5.16959,19872,19968,12852,10872,1256,43,44
1789636300147574037,merge,1.71764,1.59323,0.961125,0.78728,0.050862,5.19775,20064,19968,13252,10963,1257,43,44
1789636300247540165,merge,1.68787,1.60512,0.939983,0.801703,0.049822,5.17437,19968,20064,12751,10993,1258,43,44
1789636300347626670,merge,1.71041,1.57424,0.969892,0.800295,0.05081,5.18992,20064,19968,13113,10820,1259,43,44
1789636300447569851,merge,1.69038,1.59316,0.933443,0.783862,0.047609,5.13011,19968,20064,12938,10990,1260,43,44
1789636300548159059,merge,1.70646,1.59935,0.958395,0.799376,0.04885,5.20002,20064,19968,12942,10989,1261,43,44
1789636300647624132,merge,1.6713,1.58237,1.12453,0.790241,0.045851,5.29435,19872,19968,12797,10758,1262,43,44
1789636300747224123,merge,1.70322,1.58735,0.968816,0.789379,0.050244,5.18725,19968,20064,13123,10782,1263,43,44
1789636300847731146,merge,1.69787,1.59892,0.929133,0.788362,0.049976,5.15239,20064,19968,12973,10951,1264,43,44
1789636300947672875,merge,1.72009,1.59459,0.938645,0.803348,0.049998,5.1911,20064,19968,13030,10985,1265,43,44
1789636301047354804,merge,1.71118,1.58471,0.951271,0.787114,0.050937,5.16751,19968,20064,13130,10934,1266,43,44
1789636301147585421,merge,1.69928,1.57976,0.927277,0.799479,0.050145,5.13938,19968,19968,12860,10856,1267,43,44
1789636301247565405,merge,1.71676,1.61286,0.964357,0.808398,0.05046,5.23756,20064,20064,13150,11063,1268,43,44
1789636301347749846,merge,1.7069,1.59193,0.98488,0.783947,0.049575,5.20188,19968,19968,13115,10853,1269,43,44
1789636301447576968,merge,1.69965,1.58439,1.22687,0.776601,0.0484,5.41865,19968,20064,12896,10846,1270,43,44
1789636301547927534,merge,1.69906,1.59385,0.938421,0.785741,0.050976,5.15693,19968,19968,12942,10863,1271,43,44
1789636301647742361,merge,1.72931,1.58506,0.971237,0.779548,0.05116,5.20248,20064,19968,13276,10805,1272,43,44
1789636301747727400,merge,1.69947,1.57444,0.938618,0.789131,0.048084,5.13241,20064,19968,12742,10818,1273,43,44
1789636301847617744,merge,1.70467,1.57658,0.949799,0.782404,0.051037,5.15339,19968,19968,13178,10905,1274,43,44
1789636301947346803,merge,1.68824,1.59639,0.950326,0.793399,0.049382,5.16167,19968,19968,12969,10974,1275,43,44
1789636302147626772,merge,1.67136,1.58698,0.931522,0.798082,0.049682,5.12668,19872,20064,12861,10978,1276,44,45
1789636302247762614,merge,1.7272,1.6008,0.968923,0.777736,0.053048,5.21892,19968,19968,13171,10986,1277,44,45
1789636302447646126,merge,2.52613,2.38934,1.34426,1.10444,0.105833,7.63641,19872,20064,13037,10781,1278,45,46
1789636302547996960,merge,2.53691,2.39383,1.3557,1.11204,0.099854,7.65646,20064,19968,13141,10838,1279,45,46
1789636302647700108,merge,2.53248,2.411,1.31469,1.12349,0.10225,7.65247,19968,19968,12746,10967,1280,45,46
1789636302747597493,merge,2.54609,2.3882,1.07124,0.805519,0.051049,7.02392,19968,19968,13173,10845,1281,45,46
1789636302847236937,merge,1.72119,1.59685,0.965277,0.799828,0.05126,5.2199,20064,20064,13187,11008,1282,45,46
1789636302947406122,merge,1.71332,1.59888,0.967338,0.809843,0.051038,5.22668,20064,19968,12969,10922,1283,45,46
1789636303047608807,merge,1.69017,1.58915,0.941245,0.797283,0.049553,5.14961,19872,20064,12989,10929,1284,45,46
1789636303147732229,merge,1.72342,1.60275,0.960115,0.791155,0.050743,5.21493,20160,19968,13217,10869,1285,45,46
1789636303247639166,merge,1.69865,1.6021,0.918139,0.776186,0.04884,5.12898,19872,20064,12783,10998,1286,45,46
1789636303347784726,merge,1.71971,1.60617,0.991754,0.801996,0.049429,5.25674,20064,19968,13264,10924,1287,45,46
1789636303447679882,merge,1.70099,1.59132,0.935076,0.796078,0.049997,5.15836,19968,19968,12864,10859,1288,45,46
1789636303548163221,merge,1.69827,1.58828,0.92577,0.757927,0.048957,5.10499,19968,20064,12915,10916,1289,45,46
1789636303647723976,merge,1.69633,1.59615,0.949797,0.789613,0.049356,5.15938,20064,19968,13096,10998,1290,45,46
1789636303747680072,merge,1.70118,1.58371,0.94843,0.791271,0.048218,5.15408,19968,19968,12947,10889,1291,45,46
1789636303847326151,merge,1.68933,1.58636,0.922578,0.7955,0.048083,5.12136,19968,20064,12790,10910,1292,45,46
1789636303947756397,merge,1.71506,1.59898,0.973141,0.78826,0.049882,5.20842,20064,19968,13243,11013,1293,45,46
1789636304047683006,merge,1.70548,1.59417,0.93229,0.796593,0.048574,5.16292,20064,19968,12718,10953,1294,45,46
1789636304147648088,merge,1.69995,1.59068,0.947075,0.802444,0.049469,5.17279,19872,20064,13013,11008,1295,45,46
1789636304247758443,merge,1.71322,1.60095,0.950027,0.874186,0.066187,5.29629,20064,19968,13174,10872,1296,45,46
1789636304347671172,merge,1.7404,1.64481,0.925012,0.787826,0.050118,5.23725,19968,19968,12821,10908,1297,45,46
1789636304447336016,merge,1.71157,1.59246,0.931958,0.786011,0.052858,5.16604,20064,20064,13126,10919,1298,45,46
1789636304548198704,merge,1.78928,1.62252,0.950682,0.790619,0.056012,5.30787,19968,19968,13131,10919,1299,45,46
1789636304647730430,merge,1.76225,1.62956,0.920226,0.802158,0.052529,5.26059,20064,19872,12869,10976,1300,45,46
1789636304747434245,merge,1.73829,1.64948,0.944683,0.781662,0.051316,5.25008,19968,19968,13105,10944,1301,45,46
1789636304847425948,merge,1.74268,1.68814,0.944656,0.806125,0.066031,5.33033,19968,20160,13163,10973,1302,45,46
1789636304947304606,merge,1.69705,1.61637,0.913193,0.784232,0.050822,5.14584,19968,19968,12698,10989,1303,45,46
1789636305047659743,merge,1.742,1.63162,0.954838,0.794346,0.052023,5.2522,20064,20064,13211,11147,1304,45,46
1789636305147774183,merge,1.72177,1.62363,0.928782,0.79545,0.049552,5.20038,19968,19968,13052,10990,1305,45,46
1789636305247700736,merge,1.73339,1.61573,0.924453,0.775575,0.055959,5.19134,20064,20064,12902,10938,1306,45,46
1789636305347848163,merge,1.6972,1.61201,0.962729,0.780196,0.059947,5.19896,19968,19968,12998,11062,1307,45,46
1789636305447821317,merge,1.73702,1.64076,0.944693,0.784599,0.058048,5.2526,20064,19872,13197,11055,1308,45,46
1789636305548267290,merge,1.69442,1.63614,0.913722,0.778834,0.048219,5.14561,19968,20064,12609,10915,1309,45,46
1789636305647689975,merge,1.83839,1.6,0.937685,0.778329,0.049556,5.29796,19968,19968,13166,11068,1310,45,46
1789636305747350666,merge,1.69432,1.63654,0.932616,0.788085,0.048492,5.19014,20064,19968,12984,11039,1311,45,46
1789636305847369190,merge,1.69565,1.62278,0.911725,0.783227,0.04953,5.14958,19968,20064,12813,11071,1312,45,46
1789636305947702589,merge,1.69897,1.59949,0.936849,0.762246,0.049133,5.13382,19968,20064,12996,10955,1313,45,46
1789636306047807404,merge,1.71227,1.95002,0.958044,0.805448,0.051672,5.56981,20064,19872,13143,10991,1314,45,46
1789636306147355065,merge,1.80298,2.0007,0.916114,0.821589,0.057713,5.71707,19968,20064,12778,11186,1315,45,46
1789636306247333356,merge,1.71489,1.59617,0.950477,0.787246,0.049654,5.18816,19968,19968,13141,10924,1316,45,46
1789636306347345849,merge,1.76052,1.61033,0.942044,0.767644,0.049746,5.22013,20064,20064,13116,10860,1317,45,46
1789636306447361947,merge,1.73438,1.6352,0.930268,0.788858,0.048859,5.22568,19968,19968,12832,10976,1318,45,46
1789636306547713353,merge,1.7481,1.62058,0.95335,0.786749,0.050274,5.24691,20064,19968,13274,11005,1319,45,46
1789636306647517305,merge,1.7399,2.0582,0.970068,0.794487,0.049706,5.70403,19968,20064,12932,10913,1320,45,46
1789636306747424384,merge,2.01293,1.58565,0.942802,0.773142,0.05025,5.46265,19968,19968,12953,10877,1321,45,46
1789636306847698831,merge,1.69201,1.60456,0.956442,0.794276,0.049462,5.18032,19968,19968,13117,11002,1322,45,46
1789636306947352454,merge,1.70793,1.58782,0.950056,0.78857,0.050044,5.16901,20064,19968,13080,10918,1323,45,46
1789636307047372430,merge,1.69514,1.59549,0.930289,0.7819,0.049857,5.14518,19968,20064,12830,10988,1324,45,46
1789636307147793522,merge,1.91574,1.61819,0.941533,0.773413,0.051012,5.40246,19968,19968,13222,10988,1325,45,46
1789636307247736588,merge,1.92145,1.63986,0.930123,0.76955,0.050807,5.42338,20064,19872,12901,10925,1326,45,46
1789636307346718696,merge,1.86577,1.58617,0.937048,0.774817,0.049787,5.31127,19968,20064,12997,10816,1327,45,46
1789636307447357199,merge,1.69731,1.57789,0.934292,0.778365,0.049525,5.1209,19968,19968,13040,10843,1328,45,46
1789636307548054333,merge,1.71115,1.59554,0.949848,0.798838,0.047403,5.18601,20160,19968,13018,10951,1329,45,46
1789636307647528491,merge,1.68973,1.57949,0.940854,0.78138,0.048955,5.12371,19968,19968,12915,10856,1330,45,46
1789636307747528402,merge,1.70839,1.58139,0.982738,0.788474,0.049629,5.19855,19968,19968,13191,10930,1331,45,46
1789636307847552463,merge,1.67915,1.61043,0.936796,0.825273,0.047714,5.1899,19968,20160,12774,11105,1332,45,46
1789636307947795462,merge,1.72733,1.6109,0.930972,0.773192,0.049738,5.17742,19968,19968,13012,10879,1333,45,46
1789636308047795078,merge,1.73935,1.60527,0.954869,0.776416,0.051502,5.21769,20064,20064,13270,10929,1334,45,46
1789636308147835242,merge,1.68008,1.58443,0.932896,0.922721,0.048201,5.25253,19968,19872,12751,10878,1335,45,46
1789636308246730912,merge,1.7104,1.61299,0.962848,0.803318,0.048707,5.22458,19968,20064,13154,10910,1336,45,46
1789636308347784739,merge,1.72485,1.5858,0.971391,0.780811,0.051943,5.19982,20064,20064,13226,10858,1337,45,46
1789636308447834516,merge,1.69251,2.09744,0.928843,0.779777,0.050272,5.63918,19968,19968,12916,10904,1338,45,46
1789636308548118632,merge,1.7569,1.58742,0.975189,0.778897,0.050744,5.23249,20064,19872,13466,10897,1339,45,46
1789636308647525469,merge,1.68898,1.5855,0.924992,0.785407,0.047742,5.12175,19968,19968,12852,10851,1340,45,46
1789636308747459439,merge,1.73494,1.5846,0.972534,0.795478,0.050466,5.22446,19968,20064,13337,10908,1341,45,46
1789636308846722889,merge,1.71866,1.60863,0.962825,0.794882,0.0496,5.22248,19968,20064,13055,11113,1342,45,46
1789636308947445299,merge,1.75765,1.6179,0.951143,0.787723,0.051963,5.25298,19968,19968,13331,10993,1343,45,46
1789636309046777671,merge,1.71545,1.58188,0.963572,0.775857,0.048858,5.17971,20064,20064,12861,10816,1344,45,46
1789636309147786878,merge,1.81776,1.57931,0.960465,0.77712,0.049189,5.27492,19872,19968,13126,10801,1345,45,46
1789636309247791240,merge,2.13219,1.59868,0.944286,0.799843,0.050324,5.6219,19968,19968,13087,10894,1346,45,46
1789636309347437994,merge,1.78799,1.58407,0.973024,0.789803,0.048697,5.27556,20160,19968,13048,10865,1347,45,46
1789636309446804802,merge,1.69134,1.58518,0.936635,0.793871,0.048747,5.14306,19872,20064,12769,10924,1348,45,46
1789636309548334207,merge,1.7146,1.57886,0.958843,0.787452,0.049731,5.17249,19968,19872,13219,10858,1349,45,46
1789636309647540603,merge,1.77864,1.60563,0.931829,0.7736,0.048739,5.23172,20064,20064,12850,10967,1350,45,46
1789636309747597954,merge,1.799,1.57792,0.941104,0.765951,0.050171,5.22516,19968,19968,13009,10841,1351,45,46
1789636309947871995,merge,1.72853,1.58249,0.961092,0.778221,0.103515,5.24385,20064,19872,13146,10845,1352,45,46
1789636310047540842,merge,1.704,1.63398,0.916526,0.768839,0.23266,5.34177,19968,19968,12711,10718,1353,45,46
1789636310147500792,merge,1.713,1.59213,0.96538,0.794875,0.238741,5.39199,19968,20064,13162,10823,1354,45,46
1789636310247557850,merge,1.73795,1.62716,0.931508,0.783704,0.24613,5.41511,19968,20064,13102,11078,1355,45,46
1789636310347864910,merge,1.86745,1.65859,0.909859,0.77131,0.236693,5.54504,19968,19968,12722,10831,1356,45,46
1789636310446898450,merge,1.89251,1.62505,0.960723,0.775101,0.239828,5.59097,20064,19968,13263,10790,1357,45,46
1789636310548164365,merge,1.86144,1.64606,0.955579,0.764747,0.240764,5.56758,19968,19968,13114,10918,1358,45,46
1789636310647547153,merge,1.87422,1.67536,0.940425,0.796742,0.239036,5.62267,20064,20064,12864,11044,1359,45,46
1789636310747462239,merge,1.87554,1.63444,0.966676,0.797257,0.242702,5.61606,19968,19968,13107,10816,1360,45,46
1789636310847537926,merge,1.85408,1.64276,0.968689,0.780143,0.242856,5.59101,20064,19968,13195,10844,1361,45,46
1789636310946774197,merge,1.84436,1.65178,0.913045,0.785426,0.232214,5.53679,19872,20064,12604,10878,1362,45,46
1789636311046839938,merge,1.83847,1.65009,0.955666,0.755259,0.23848,5.5314,20064,19968,13245,10838,1363,45,46
1789636311147520765,merge,1.85713,1.64219,0.991911,0.78586,0.244034,5.61456,20064,19968,13048,10861,1364,45,46
1789636311247461267,merge,1.86328,1.6669,0.962515,0.787962,0.237601,5.62434,19968,19968,12870,10948,1365,45,46
1789636311347511326,merge,1.85483,1.62478,0.942823,0.794197,0.242717,5.58269,19968,20160,12989,11116,1366,45,46
1789636311447847212,merge,1.87176,1.67473,0.928302,0.776501,0.246335,5.59496,19968,19968,13128,10858,1367,45,46
1789636311546888602,merge,1.90992,1.6272,0.918189,0.760665,0.233445,5.55369,20064,19872,12678,10780,1368,45,46
1789636311647493174,merge,1.87631,1.61326,1.13679,0.804315,0.250637,5.77971,19968,20064,13162,11084,1369,45,46
1789636311746605581,merge,1.85844,1.59678,0.939536,0.778185,0.239924,5.52096,19968,20064,12967,10802,1370,45,46
1789636311846905124,merge,1.86188,1.64469,0.923221,0.745495,0.23372,5.51926,19968,19968,12761,10763,1371,45,46
1789636312047595885,merge,1.91614,1.70927,0.927324,0.806411,0.182598,5.64777,19968,19968,12959,10957,1372,47,48
1789636312147591159,merge,1.86577,1.68228,0.920925,0.783034,0.049482,5.40698,19968,19968,12943,10845,1373,47,48
1789636312247485631,merge,1.73521,1.64434,0.955786,0.797473,0.09254,5.31978,19968,20160,13096,10976,1374,47,48
1789636312347853233,merge,1.77578,1.62151,0.9433,0.784406,0.240108,5.46074,20064,19872,13092,10873,1375,47,48
1789636312447522154,merge,1.74837,1.62092,0.930268,0.796251,0.10194,5.29012,19968,20064,12894,10958,1376,47,48
1789636312548168459,merge,1.75377,1.60865,0.955313,0.786241,0.049528,5.2397,20064,19968,13240,10866,1377,47,48
1789636312647561511,merge,1.7348,1.63138,0.935622,0.800041,0.04939,5.23672,19968,19968,12894,10932,1378,47,48
1789636312747512569,merge,1.75449,1.63092,0.944164,0.787033,0.052175,5.26857,20064,20064,13115,10806,1379,47,48
1789636312847577916,merge,1.73548,1.61184,0.940736,0.782047,0.054337,5.2225,19968,19968,13093,10815,1380,47,48
1789636312947578049,merge,1.73282,1.62191,0.939951,0.799125,0.050519,5.24112,19968,19968,12894,10926,1381,47,48
1789636313046838473,merge,1.74211,1.63558,0.942075,0.801894,0.050619,5.26853,20064,20064,13040,11067,1382,47,48
1789636313147610475,merge,1.74773,1.6059,0.955261,0.787715,0.051288,5.24076,19968,19968,13183,10789,1383,47,48
1789636313247510226,merge,2.51924,1.65703,0.943239,0.771301,0.053522,6.08355,19968,19968,12715,10869,1384,47,48
1789636313346600814,merge,1.9307,1.62465,0.970918,0.786299,0.052931,5.4719,20064,20064,13157,11107,1385,47,48
1789636313447558781,merge,1.69095,1.58907,0.92415,0.776623,0.05628,5.12442,19968,19968,13004,10896,1386,47,48
1789636313546683580,merge,1.71578,1.58965,0.909371,0.77818,0.050513,5.13502,20064,20064,12874,10889,1387,47,48
1789636313647601273,merge,1.69779,1.60018,0.937926,0.787046,0.051992,5.16524,19968,19968,12956,10923,1388,47,48
1789636313747545038,merge,1.70473,1.6043,0.939267,0.780055,0.052331,5.17431,19968,19968,13157,10948,1389,47,48
1789636313847522392,merge,1.70045,1.59173,0.950954,0.778269,0.057028,5.16719,20064,20064,12699,10959,1390,47,48
1789636313947606717,merge,1.73004,1.58595,0.933964,0.779093,0.051916,5.1697,19968,19968,13133,10903,1391,47,48
1789636314047602076,merge,1.70069,1.62344,0.947781,0.789036,0.050582,5.2003,19968,19968,13077,10996,1392,47,48
1789636314146592519,merge,1.70414,1.59394,0.920104,0.790996,0.050975,5.14655,19968,19968,12730,10861,1393,47,48
1789636314246601526,merge,1.7148,1.58554,0.961646,0.79804,0.052391,5.20449,20064,20064,13259,10955,1394,47,48
1789636314346849260,merge,1.69038,1.61144,0.933171,0.802021,0.051457,5.1796,19872,20064,13023,11133,1395,47,48
1789636314447036384,merge,1.71199,1.61066,0.958696,0.786726,0.051811,5.20807,20064,19968,12908,10944,1396,47,48
1789636314546942246,merge,1.70638,1.58499,0.950367,0.783436,0.052034,5.16913,20064,19968,13207,10880,1397,47,48
1789636314647566159,merge,1.70589,1.59117,0.949318,0.778433,0.058048,5.17355,19968,20064,13106,10889,1398,47,48
1789636314746920983,merge,1.69917,1.60572,0.944847,0.804415,0.050598,5.19541,19968,19968,12747,11014,1399,47,48
1789636314846870593,merge,1.71399,1.59523,0.944501,0.78399,0.052568,5.18199,20064,19968,13250,10960,1400,47,48
1789636314946875293,merge,1.69971,1.59556,0.934159,0.796032,0.052454,5.16935,19968,19968,12905,10943,1401,47,48
1789636315046590590,merge,1.69935,1.61041,0.941201,0.790795,0.049725,5.17842,19968,20064,12896,11052,1402,47,48
1789636315146902598,merge,2.53475,2.39258,0.973647,0.802278,0.051421,6.92652,20064,19968,13082,11051,1403,47,48
1789636315246625410,merge,1.71279,1.61007,0.956912,0.802671,0.05607,5.23642,19968,20064,13045,11040,1404,47,48
1789636315346978648,merge,1.68261,1.59224,0.955409,0.787377,0.049629,5.15611,19968,19968,12706,10979,1405,47,48
1789636315446891129,merge,1.72897,1.60633,0.95915,0.79088,0.051848,5.22711,20064,19968,13261,11054,1406,47,48
1789636315546894630,merge,1.6942,1.60437,0.932919,0.789019,0.050148,5.16023,20064,19968,12799,11021,1407,47,48
1789636315646679653,merge,1.69334,1.60277,0.952527,0.790528,0.049275,5.1775,19872,20064,12927,10905,1408,47,48
1789636315847610093,merge,1.69635,1.60746,0.942192,0.801387,0.047987,5.1762,19968,19968,12824,11068,1409,48,49
1789636315946626181,merge,1.69907,1.60407,0.936858,0.791906,0.050417,5.16911,19968,19968,13011,10979,1410,48,49
1789636316046626086,merge,1.69806,1.59304,0.94177,0.797559,0.049159,5.1702,19968,20064,13089,10953,1411,48,49
1789636316146684666,merge,1.72055,1.59644,0.958264,0.796179,0.049806,5.20763,20064,19968,13000,11036,1412,48,49
1789636316246673027,merge,1.68783,1.61711,0.931406,0.81143,0.048722,5.18594,19872,20064,12920,11186,1413,48,49
1789636316346988708,merge,1.72954,1.5855,0.999782,0.797615,0.050333,5.24788,20160,19968,13387,10949,1414,48,49
1789636316447575078,merge,1.6904,1.60005,0.938484,0.784648,0.049401,5.14667,19968,19968,12770,10835,1415,48,49
1789636316546921817,merge,1.70321,1.61436,0.962451,0.801744,0.049669,5.22098,19968,20064,13080,10978,1416,48,49
1789636316646954797,merge,1.79833,1.99937,0.952052,0.788637,0.050439,5.69533,19968,19872,13043,10893,1417,48,49
1789636316847642954,merge,1.68982,1.59305,0.967201,0.788839,0.049708,5.17314,19968,19968,13027,10997,1418,49,50
1789636316947665805,merge,1.70767,1.95565,1.41723,1.0004,0.057255,6.25509,19872,20064,13067,11073,1419,49,50
1789636317046700797,merge,1.69194,1.57525,0.921235,0.784975,0.04977,5.11179,20064,19968,12713,10832,1420,49,50
1789636317146710190,merge,1.79632,1.66236,0.975029,0.81222,0.058359,5.39689,19968,20064,13157,11017,1421,49,50
1789636317246998701,merge,1.75906,2.39729,1.3493,1.07357,0.056869,6.78942,20064,19872,12979,10930,1422,49,50
1789636317346634410,merge,1.71314,1.58765,0.930369,0.795776,0.047665,5.15656,20064,19968,12902,10926,1423,49,50
1789636317447778585,merge,1.68178,1.58699,0.944238,0.777105,0.049747,5.12514,19872,20064,12955,10832,1424,49,50
1789636317546982246,merge,1.70764,1.60378,0.963069,0.801327,0.05114,5.21625,20064,20064,13197,10945,1425,49,50
1789636317647622479,merge,1.70099,1.59224,0.935058,0.788181,0.050396,5.14724,19968,19872,12813,10911,1426,49,50
1789636317747015402,merge,1.74161,1.6072,0.955779,0.792398,0.052832,5.2455,19968,20064,13155,10907,1427,49,50
1789636317847043359,merge,1.77148,1.62615,0.954842,0.793789,0.052203,5.28967,20064,19968,13216,10909,1428,49,50
1789636317947656253,merge,1.77587,1.63953,0.954491,0.779886,0.048365,5.30314,19968,20064,12761,10991,1429,49,50
1789636318047077576,merge,2.31539,2.28688,1.57513,1.26432,0.058848,7.60593,20064,19872,13363,10734,1430,49,50
1789636318147741786,merge,1.8002,1.64534,0.926678,0.803212,0.055531,5.32541,19968,20064,13010,10992,1431,49,50
1789636318246968526,merge,1.73042,1.63741,0.940055,0.793151,0.050407,5.2464,20064,19968,12906,11013,1432,49,50
1789636318347749003,merge,1.87209,1.65147,0.974877,0.765794,0.053413,5.41984,19872,19968,13495,10858,1433,49,50
1789636318446687297,merge,2.07913,1.908,1.16399,1.00877,0.061897,6.34729,20064,20064,12871,10790,1434,49,50
1789636318546980403,merge,1.78475,1.63685,0.96249,0.789761,0.051809,5.32296,19968,20064,13252,10961,1435,49,50
1789636318647097165,merge,1.74044,1.63174,0.948697,0.79947,0.060322,5.27185,19968,19968,13075,11018,1436,49,50
1789636318747062432,merge,1.852,1.63745,0.958587,0.814746,0.051234,5.41224,20064,19968,13212,10837,1437,49,50
1789636318847696750,merge,1.7034,1.58095,0.938582,0.781188,0.051252,5.14067,20064,19968,12937,10891,1438,49,50
1789636318947788711,merge,2.43155,1.64294,1.0195,0.817,0.052295,6.06266,19968,19968,13267,10897,1439,49,50
1789636319047715496,merge,1.71952,1.59419,0.959068,0.792612,0.0507,5.20878,19872,20064,12958,10980,1440,49,50
1789636319147017283,merge,1.85441,1.64106,0.934173,0.755936,0.049762,5.34169,20064,19968,12950,10887,1441,49,50
1789636319246661319,merge,2.01008,1.59872,0.92008,0.787489,0.049731,5.4785,19872,19968,12968,10971,1442,49,50
1789636319447791819,merge,1.6676,1.58766,0.917266,0.786396,0.048143,5.09236,19776,19968,12614,10759,1443,50,51
1789636319546633642,merge,1.7377,1.60255,0.944872,0.7645,0.051528,5.19998,20064,20064,13164,10958,1444,50,51
1789636319647064992,merge,1.72068,1.59852,0.944809,0.760097,0.051015,5.16472,19872,19968,12990,10971,1445,50,51
1789636319746679622,merge,1.90157,1.59405,0.942784,0.796641,0.050654,5.3849,20064,20064,13005,10892,1446,50,51
1789636319847034674,merge,1.86689,1.61342,0.941118,0.778897,0.05062,5.35655,19968,19968,13026,10825,1447,50,51
1789636319946795637,merge,2.02567,1.66303,0.950965,0.841612,0.050968,5.62935,19872,19968,13046,10989,1448,50,51
1789636320146768609,merge,2.21357,2.30965,0.972563,0.784496,0.047297,6.42925,19872,20064,12860,10845,1449,51,52
1789636320246724115,merge,1.74384,1.58649,0.963925,0.778676,0.049857,5.22447,20064,19968,13259,10820,1450,51,52
1789636320346704074,merge,2.20831,1.65704,0.964281,0.847998,0.050787,5.82855,19968,20064,12974,10936,1451,51,52
1789636320447108161,merge,1.72507,1.57376,0.919221,0.788491,0.049338,5.14249,20064,19968,13005,10818,1452,51,52
1789636320548408523,merge,2.13567,1.87094,0.942099,0.798888,0.050853,5.9182,19872,19968,12948,10901,1453,51,52
1789636320747099096,merge,1.89363,1.59048,0.92075,0.776162,0.049519,5.32297,19872,19968,12776,10854,1454,52,53
1789636320847025976,merge,2.08026,1.81365,0.946939,0.793421,0.051495,5.81033,20064,20064,13236,10923,1455,52,53
1789636320947123767,merge,1.69941,1.58682,0.936443,0.79279,0.050411,5.15242,19968,19968,12799,10886,1456,52,53
1789636321047168198,merge,2.47426,1.6599,1.01201,0.806316,0.050597,6.10479,20064,19872,13012,10859,1457,52,53
1789636321146752425,merge,1.737,1.60076,1.19012,0.760824,0.050047,5.43504,19968,20064,12942,10714,1458,52,53
1789636321246666782,merge,1.8778,1.59431,0.94058,0.794385,0.051246,5.3666,20064,20064,12940,10966,1459,52,53
1789636321347718690,merge,2.01355,1.89058,0.941818,0.80811,0.052101,5.81662,19872,19968,12803,11003,1460,52,53
1789636321446764464,merge,1.84074,1.66497,0.95888,0.811903,0.057505,5.43029,20064,19968,13255,10844,1461,52,53
1789636321546719458,merge,2.3658,2.30276,1.52182,0.942076,0.049793,7.28654,19968,20064,12873,10890,1462,52,53
1789636321646768641,merge,1.72942,1.79001,0.95736,0.770525,0.049285,5.40538,19968,19968,12922,10986,1463,52,53
1789636321747039058,merge,1.72646,1.79068,0.943062,0.777843,0.050452,5.39053,20064,19968,13262,10996,1464,52,53
1789636321846723101,merge,1.70716,1.59903,0.910245,0.784374,0.053592,5.14293,19968,19968,12856,10860,1465,52,53
1789636321946612084,merge,2.06162,2.06806,0.94402,0.79003,0.05027,6.05194,20064,20064,13134,10842,1466,52,53
1789636322046718118,merge,2.4536,1.66454,1.04323,0.790912,0.051362,6.1092,19968,19968,13098,10921,1467,52,53
1789636322146680823,merge,1.78906,1.70543,0.91958,0.802839,0.050369,5.36976,20064,20064,12883,10930,1468,52,53
1789636322247138837,merge,1.87059,1.57758,0.947139,0.786941,0.05175,5.3258,19968,19968,13037,10859,1469,52,53
1789636322347118100,merge,2.14647,2.01444,1.19041,0.996782,0.063941,6.53655,19968,19968,13159,11014,1470,52,53
1789636322446620278,merge,1.70484,1.58445,0.928426,0.797775,0.049678,5.15137,20064,19968,12713,10834,1471,52,53
1789636322546738329,merge,1.72077,1.58104,0.957963,0.788842,0.050399,5.18187,20064,20064,13246,10902,1472,52,53
1789636322647061804,merge,1.77412,1.6197,0.935311,0.786754,0.050206,5.26778,19872,19968,12888,10923,1473,52,53
1789636322746636617,merge,1.81604,1.65375,0.922443,0.794482,0.0541,5.34221,20064,20064,12827,11044,1474,52,53
1789636322846814336,merge,1.69722,1.63336,0.933216,0.777523,0.053785,5.18805,19968,20064,12948,10759,1475,52,53
1789636322947220775,merge,1.70782,1.57633,0.962898,0.795333,0.050792,5.1767,20064,19872,13227,10804,1476,52,53
1789636323046702747,merge,1.99796,2.01072,1.04916,0.775999,0.052637,6.0047,19968,20064,12603,11024,1477,52,53
1789636323147120021,merge,1.70599,1.59282,0.96606,0.799533,0.051526,5.2007,19968,19968,13130,10876,1478,52,53
1789636323246660322,merge,1.85613,1.57932,0.946653,0.801713,0.050767,5.32451,20064,19968,13164,10880,1479,52,53
1789636323346703042,merge,2.38498,2.24433,0.934666,0.779649,0.049051,6.49009,19968,20064,12756,10942,1480,52,53
1789636323446727266,merge,1.71788,1.65864,1.2468,0.891392,0.05511,5.66266,20064,20064,13243,11087,1481,52,53
1789636323547142979,merge,1.68911,1.61747,1.04476,1.06465,0.055228,5.55968,19872,19968,13000,10852,1482,52,53
1789636323647121249,merge,2.27129,2.26549,0.9653,0.785846,0.050994,6.45312,20064,19968,12917,10924,1483,52,53
1789636323746660448,merge,1.69912,1.59882,0.926841,0.786216,0.05253,5.14637,19968,19968,13082,10953,1484,52,53
1789636323846664619,merge,1.71812,1.65937,0.951524,0.785269,0.05081,5.25464,20064,19968,13121,10828,1485,52,53
1789636323946699783,merge,1.7006,1.58253,0.943902,0.785152,0.04957,5.15539,19968,20064,12827,10879,1486,52,53
1789636324046702917,merge,1.72488,1.59685,0.959922,0.801696,0.050937,5.22176,20064,20064,13259,11018,1487,52,53
1789636324147180568,merge,1.6862,1.58883,0.93911,0.796834,0.050677,5.14299,19968,19872,12821,10903,1488,52,53
1789636324246699234,merge,1.72927,1.58519,0.923871,0.775266,0.052953,5.15134,19968,20064,12971,10936,1489,52,53
1789636324346720237,merge,2.46044,2.30194,1.49498,0.786514,0.049821,7.19196,20064,19968,13073,10871,1490,52,53
1789636324446798936,merge,1.84613,1.64141,0.953408,0.995508,0.067112,5.61104,19968,20064,12917,11106,1491,52,53
1789636324547115723,merge,1.71106,1.59017,0.942111,0.783213,0.048056,5.15778,19968,19968,12801,10898,1492,52,53
1789636324647103486,merge,1.72225,1.59158,0.962651,0.78748,0.052391,5.19886,20064,20064,13260,10916,1493,52,53
1789636324747251555,merge,1.74297,1.65902,0.937179,0.824427,0.052728,5.30395,19968,19968,12713,11000,1494,52,53
1789636324846812372,merge,1.70084,1.59747,0.927337,0.784525,0.052396,5.14432,19968,19968,13003,10993,1495,52,53
1789636324946795250,merge,1.69934,1.58557,0.957322,0.791988,0.061781,5.17803,20064,19968,13096,10983,1496,52,53
1789636325046666252,merge,1.70609,1.58865,0.934656,0.796475,0.049778,5.16047,19968,20064,12822,10957,1497,52,53
1789636325147114115,merge,1.70648,1.6109,0.932718,0.774047,0.051625,5.15846,20064,19968,13151,11055,1498,52,53
1789636325246688399,merge,1.71726,1.60671,0.932885,0.802406,0.053117,5.19869,19968,19968,13102,11065,1499,52,53
1789636325346693483,merge,1.70724,1.58708,0.973518,0.832146,0.062328,5.24641,20064,20064,12839,10910,1500,52,53
1789636325446751024,merge,1.70225,1.65453,0.99925,0.83692,0.053941,5.33596,19968,19968,13096,11078,1501,52,53
1789636325546726774,merge,1.71391,1.60932,0.943225,0.797398,0.051995,5.20138,19968,19968,13214,11066,1502,52,53
1789636325646690517,merge,1.70014,1.5991,0.926595,0.863108,0.066077,5.23699,20064,19968,12785,10984,1503,52,53
1789636325746800264,merge,1.70737,1.59852,0.97293,0.782878,0.051325,5.19797,19968,20064,13174,11043,1504,52,53
1789636325846750507,merge,1.70616,1.60671,0.95937,0.806625,0.052336,5.21552,19968,19968,13057,11057,1505,52,53
1789636325946759895,merge,1.71061,1.61133,0.910651,0.773874,0.051458,5.14404,20064,20064,12889,10998,1506,52,53
1789636326047173135,merge,1.70531,1.58817,0.969086,0.825316,0.053091,5.22419,20064,19968,13113,10896,1507,52,53
1789636326147826522,merge,1.70703,1.58973,0.931894,0.79112,0.053144,5.15371,19968,19968,13119,10990,1508,52,53
1789636326246788319,merge,1.6937,1.60146,0.921747,0.779999,0.048975,5.13076,19968,19968,12639,10996,1509,52,53
1789636326346763859,merge,1.70664,1.60433,0.968574,0.799362,0.050977,5.21483,19968,20064,13155,10995,1510,52,53
1789636326446685245,merge,1.69764,1.57977,0.92083,0.764601,0.058499,5.1012,20064,19968,12983,10868,1511,52,53
1789636326546772303,merge,1.70471,1.6059,0.923574,0.797327,0.0479,5.16156,19968,20064,12819,11036,1512,52,53
1789636326647238047,merge,1.7196,1.60663,0.950734,0.807539,0.053009,5.22149,20160,19968,13173,10962,1513,52,53
1789636326747999493,merge,1.69754,1.57907,0.933388,0.777108,0.048356,5.11673,19872,20064,12922,10830,1514,52,53
1789636326847251354,merge,1.72972,1.61085,0.922087,0.782305,0.050525,5.17591,19968,19872,12716,10842,1515,52,53
1789636326946734413,merge,1.73206,1.60811,0.957051,0.788116,0.049355,5.23212,20064,20064,13264,11045,1516,52,53
1789636327047199651,merge,1.69753,1.60155,0.951529,0.794045,0.049631,5.17744,19968,19968,12993,10924,1517,52,53
1789636327147199663,merge,1.70422,1.58052,0.925281,0.776367,0.050038,5.12202,19968,19872,12863,10834,1518,52,53
1789636327246642305,merge,1.73323,1.59175,0.936676,0.77238,0.05024,5.18138,20064,20064,13283,10986,1519,52,53
1789636327346806289,merge,1.73382,1.64252,0.94254,0.801294,0.048367,5.25231,19968,20064,12973,11076,1520,52,53
1789636327447163544,merge,1.72724,1.56816,0.920145,0.773808,0.049041,5.11948,20064,19872,13076,10808,1521,52,53
1789636327548484505,merge,1.69737,1.59507,0.948381,0.80464,0.048638,5.17745,19872,20064,13079,10985,1522,52,53
1789636327646670777,merge,1.71737,1.60055,0.917531,0.787276,0.049558,5.15492,20064,19968,13067,10914,1523,52,53
1789636327746698071,merge,1.70589,1.59349,0.941442,0.806647,0.048632,5.18115,19968,20064,12881,10770,1524,52,53
1789636327847132660,merge,1.71141,1.57343,0.974953,0.771419,0.048673,5.16082,19968,19968,13257,10852,1525,52,53
1789636327946632523,merge,1.71515,1.60029,0.96703,0.813614,0.049898,5.23489,20064,20064,12909,11058,1526,52,53
1789636328047171612,merge,1.71294,1.5939,0.948641,0.777922,0.049558,5.1682,20064,19968,13076,10908,1527,52,53
1789636328147741697,merge,1.71139,1.56878,0.96347,0.779339,0.048221,5.15471,19872,19968,13128,10786,1528,52,53
1789636328246631362,merge,1.71282,1.59104,0.921679,0.793196,0.051976,5.16678,20064,20064,12912,10995,1529,52,53
1789636328347115768,merge,1.7425,1.59586,0.970681,0.783231,0.049476,5.22756,20064,19968,13303,10983,1530,52,53
1789636328446710126,merge,1.69802,1.58054,0.930497,0.780541,0.049048,5.11296,19968,19968,12956,10851,1531,52,53
1789636328546638001,merge,1.7294,1.58962,0.956151,0.785847,0.048905,5.19438,19968,20064,13005,10850,1532,52,53
1789636328647053768,merge,2.46311,2.33937,1.56265,1.2929,0.062999,7.81896,20064,19968,13204,10930,1533,52,53
1789636328747000159,merge,1.79813,1.59621,0.95152,0.787065,0.048738,5.28946,19968,20064,13010,10928,1534,52,53
1789636328847116324,merge,1.80441,1.57204,0.923237,0.766558,0.050789,5.2093,19872,19968,13094,10851,1535,52,53
1789636329046645009,merge,1.75782,1.58624,0.93,0.778415,0.04907,5.19127,19872,19968,13190,10880,1536,53,54
1789636329146715358,merge,1.73189,1.59235,0.954166,0.779768,0.048859,5.19501,20160,20160,12949,11011,1537,53,54
1789636329247653845,merge,1.7543,1.5717,0.953234,0.800007,0.050268,5.22288,19776,19872,12971,10805,1538,53,54
1789636329346637207,merge,1.72926,1.59896,0.943463,0.794066,0.05318,5.20788,19968,19968,13212,10992,1539,53,54
1789636329446693738,merge,1.82462,1.58751,0.92825,0.791919,0.04848,5.27477,20160,19968,13147,10809,1540,53,54
1789636329546714284,merge,2.18704,2.10019,0.942873,0.785818,0.049801,6.16133,19872,20064,12865,10773,1541,53,54
1789636329646892792,merge,1.7132,1.5985,0.952808,0.792618,0.04889,5.19232,19968,20064,13184,11035,1542,53,54
1789636329746954646,merge,2.21936,1.65655,1.03991,0.806309,0.050311,5.87069,19968,19968,13020,11018,1543,53,54
1789636329846914462,merge,1.71893,1.58841,0.927687,0.773728,0.049691,5.1474,20064,20064,12923,10899,1544,53,54
1789636329947566584,merge,1.71216,1.58324,0.919416,0.781208,0.049296,5.12588,19872,19968,12943,10904,1545,53,54
1789636330146844334,merge,1.69417,1.59353,0.903375,0.790824,0.049759,5.11564,19872,20064,12596,10955,1546,54,55
1789636330246969609,merge,1.74072,1.57416,0.946168,0.775532,0.048914,5.16689,19968,19968,13162,10777,1547,54,55
1789636330346884418,merge,1.74589,1.60075,0.962569,0.787035,0.049682,5.23175,20064,19968,13002,10865,1548,54,55
1789636330446653209,merge,1.71785,1.59729,0.919733,0.770488,0.048302,5.1423,20064,20064,12905,10889,1549,54,55
1789636330548195521,merge,1.73233,1.57056,0.92941,0.778993,0.048681,5.14257,19968,19968,12984,10845,1550,54,55
1789636330647535449,merge,1.73275,1.59145,0.939409,0.796366,0.050327,5.19182,19968,19968,13161,10970,1551,54,55
1789636330746810058,merge,1.73131,1.61294,0.922761,0.792918,0.050451,5.20564,20064,20064,12797,11042,1552,54,55
1789636330847545505,merge,1.71256,1.5818,0.929076,0.774398,0.049719,5.12741,19968,19968,13141,10826,1553,54,55
1789636330947596557,merge,1.72806,1.62486,0.948113,0.790747,0.052106,5.23286,19968,20064,13122,10961,1554,54,55
1789636331046832963,merge,1.71281,1.59486,0.9097,0.777637,0.049115,5.12626,20064,19968,12794,10955,1555,54,55
1789636331147517906,merge,1.72064,1.59874,0.955541,0.776103,0.049767,5.18907,19968,20064,13229,10757,1556,54,55
1789636331247776220,merge,1.71363,1.57758,0.923231,0.769731,0.048821,5.116,19968,19968,13061,10754,1557,54,55
1789636331346837721,merge,1.72374,1.6043,0.940556,0.803824,0.049425,5.20765,20064,20064,12912,11072,1558,54,55
1789636331447776664,merge,1.73936,1.59978,0.933391,0.775521,0.049328,5.17919,20064,19872,13188,10896,1559,54,55
1789636331548411845,merge,1.71541,1.59614,0.941095,0.775447,0.051705,5.16771,19968,20064,13016,10850,1560,54,55
1789636331647466359,merge,1.71511,1.60226,0.91901,0.785736,0.05122,5.15918,19968,19968,12785,10890,1561,54,55
1789636331747472246,merge,1.73611,1.61075,0.951005,0.798917,0.051464,5.23921,20064,19968,13264,10973,1562,54,55
1789636331847538192,merge,1.6926,1.6,0.919508,0.79329,0.049235,5.14118,19968,20064,12843,10973,1563,54,55
1789636331947469499,merge,1.74634,2.05001,1.21301,0.770267,0.051354,5.93718,20064,19968,13030,10837,1564,54,55
1789636332047495755,merge,1.75707,1.65064,0.935482,0.803897,0.050281,5.28958,19968,19968,12944,10861,1565,54,55
1789636332147462095,merge,2.47646,2.04059,1.2453,0.783655,0.048636,6.70357,19968,20160,13006,10942,1566,54,55
1789636332247872485,merge,1.70764,1.55778,0.913947,0.757278,0.048289,5.06334,20064,19872,12874,10717,1567,54,55
1789636332347492355,merge,2.14784,2.32353,1.2453,0.786511,0.049706,6.65782,19968,20064,13137,10984,1568,54,55
1789636332447387945,merge,2.21222,1.80532,0.95082,0.794553,0.048705,5.92422,20064,19968,12778,10937,1569,54,55
1789636332548309193,merge,1.78687,1.59482,0.92005,0.772997,0.051135,5.21861,19872,20064,12977,10898,1570,54,55
1789636332647718771,merge,1.73188,1.57864,1.06038,0.986715,0.056742,5.50453,20064,19968,13222,10839,1571,54,55
1789636332747325877,merge,1.73867,1.60868,0.968997,1.00597,0.069956,5.49055,19968,20064,12812,11080,1572,54,55
1789636332847771933,merge,1.71754,1.60912,0.983302,0.976734,0.066918,5.44291,20064,19968,13116,10792,1573,54,55
1789636332947650245,merge,1.83354,1.57724,0.954516,0.785969,0.050847,5.29032,19968,19968,13122,10764,1574,54,55
1789636333047303053,merge,1.7224,1.59045,0.941917,0.792333,0.049518,5.17951,20064,19968,12928,10923,1575,54,55
1789636333147420713,merge,1.85619,1.64703,0.941282,0.840431,0.062844,5.44875,19968,20064,13069,11111,1576,54,55
1789636333247602042,merge,1.79731,1.63436,0.965134,0.765944,0.051724,5.30582,20064,19968,13260,10844,1577,54,55
1789636333347391137,merge,1.83194,1.58111,0.910741,0.786589,0.048743,5.24812,19968,20064,12664,10900,1578,54,55
1789636333447392184,merge,1.71147,1.6017,0.957324,0.779927,0.054785,5.19167,19968,20064,13166,11034,1579,54,55
1789636333547942684,merge,1.88269,1.59537,0.92766,0.793977,0.048732,5.35033,19968,19968,13030,10916,1580,54,55
1789636333647652001,merge,2.01387,1.58798,0.941768,0.771109,0.04936,5.4634,20064,19968,12838,10931,1581,54,55
1789636333747620939,merge,1.67747,1.60026,0.930487,0.795967,0.057604,5.14572,19968,19968,12973,10982,1582,54,55
1789636333847203172,merge,2.48855,2.34779,1.5277,0.787876,0.051358,7.31202,20064,20064,13193,10944,1583,54,55
1789636333947514263,merge,1.69355,1.57688,0.93456,0.932846,0.067218,5.29114,20064,19968,12734,10868,1584,54,55
1789636334047575791,merge,1.70293,1.58417,0.931307,0.786517,0.048775,5.13589,19872,20064,13089,10937,1585,54,55
1789636334147671135,merge,1.70033,1.60363,0.953043,0.807323,0.051185,5.2006,20064,19968,12976,11010,1586,54,55
1789636334247489484,merge,1.74117,1.62031,0.928059,0.780475,0.050209,5.20612,19968,19968,12822,10847,1587,54,55
1789636334347470373,merge,1.77975,1.61385,0.952391,0.795677,0.050109,5.28649,20160,19968,13208,10865,1588,54,55
1789636334447503440,merge,1.76895,1.66498,0.912426,0.82596,0.049937,5.31812,19872,20064,12868,11088,1589,54,55
1789636334548077985,merge,1.72032,1.59922,0.929476,0.797628,0.048944,5.18519,20064,19968,13022,10960,1590,54,55
1789636334647486652,merge,1.83631,1.58524,0.945636,0.778852,0.050511,5.29223,19968,19968,13120,10943,1591,54,55
1789636334747264856,merge,1.71457,1.586,0.949383,0.779714,0.048477,5.16472,19968,19968,12956,10861,1592,54,55
1789636334847121532,merge,1.71965,1.61172,0.945387,0.788137,0.051359,5.20363,20064,20064,13029,11000,1593,54,55
1789636334947456652,merge,1.75144,1.62963,0.953678,0.785703,0.050879,5.25858,19968,20064,13198,10950,1594,54,55
1789636335047561578,merge,2.27861,1.6479,1.01528,0.774174,0.049695,5.86061,19968,19968,12841,10938,1595,54,55
1789636335147506967,merge,1.71635,1.59991,0.943883,0.845965,0.050742,5.24299,20064,19968,13116,11006,1596,54,55
1789636335247178768,merge,1.68866,1.6155,0.934532,0.80003,0.04965,5.17839,19968,20064,13012,11071,1597,54,55
1789636335347557479,merge,2.21232,1.59889,0.945366,0.798265,0.049351,5.7066,19968,19968,12902,10976,1598,54,55
1789636335447426202,merge,1.7123,1.60279,0.958856,0.806712,0.05107,5.21941,20064,20064,12984,11053,1599,54,55
1789636335547819505,merge,1.72105,1.60586,0.96047,0.787986,0.049628,5.21012,20064,19872,13261,11054,1600,54,55
1789636335647366943,merge,1.69091,1.60706,0.909643,0.784247,0.047783,5.12449,19968,20064,12566,11020,1601,54,55
1789636335747427838,merge,1.70718,1.60237,0.957543,0.815565,0.050821,5.2161,20064,19968,13227,10956,1602,54,55
1789636335847373992,merge,1.67994,1.60855,0.957022,0.79992,0.050816,5.18341,19968,19968,12934,11039,1603,54,55
1789636335947331668,merge,1.69318,1.61053,0.916492,0.795747,0.048401,5.1817,19968,20064,12750,11042,1604,54,55
1789636336047366607,merge,1.68913,1.59872,0.98989,0.803337,0.050015,5.22067,19968,20064,12988,10972,1605,54,55
1789636336147456815,merge,1.69845,1.58884,0.958399,0.790706,0.049784,5.17172,19968,19968,13123,10949,1606,54,55
1789636336247346213,merge,1.7209,1.62921,0.928293,0.80367,0.048164,5.21492,20160,19968,12856,11056,1607,54,55
1789636336347393258,merge,1.72382,1.60949,0.954167,0.81113,0.050141,5.23534,19968,19968,13109,11066,1608,54,55
1789636336447335056,merge,1.70416,1.59543,0.947701,0.798163,0.051568,5.17918,19968,20064,13131,11038,1609,54,55
1789636336547906346,merge,1.69634,1.58601,0.910394,0.800131,0.052117,5.13006,19968,19968,12687,10874,1610,54,55
1789636336647377956,merge,1.72325,1.60691,0.956689,0.775354,0.052577,5.20086,19968,20064,13180,10947,1611,54,55
1789636336747343590,merge,1.70707,1.58707,0.974105,0.805905,0.049441,5.21063,20064,19968,13163,10883,1612,54,55
1789636336847264936,merge,1.69315,1.58326,0.935038,0.793415,0.049282,5.14082,19968,19968,12813,10834,1613,54,55
1789636336946910473,merge,1.72221,1.62783,1.11184,0.789417,0.049396,5.38648,20160,19968,13306,11018,1614,54,55
1789636337047298861,merge,1.69806,1.60009,0.939762,0.807236,0.048667,5.17979,19968,19968,13012,10994,1615,54,55
1789636337147303358,merge,1.68016,1.5742,0.928474,0.778412,0.047894,5.09165,19872,20064,12685,10857,1616,54,55
1789636337246947953,merge,1.7204,1.59179,0.964228,0.800847,0.052833,5.21781,20064,20064,13331,10975,1617,54,55
1789636337347401052,merge,1.69143,1.59362,0.943906,0.783225,0.049695,5.14637,20064,19872,12941,10915,1618,54,55
1789636337447228627,merge,1.68694,1.59589,0.937431,0.809671,0.048867,5.16291,19872,20064,12860,11016,1619,54,55
1789636337547605668,merge,1.70671,1.57258,0.956291,0.785366,0.050039,5.15794,20064,19872,13094,10816,1620,54,55
1789636337647262483,merge,1.70567,1.60423,0.964669,0.799161,0.048597,5.20538,20064,19968,13051,10916,1621,54,55
1789636337747203778,merge,1.69035,1.59807,0.945074,0.787994,0.048595,5.15896,19968,20064,12781,10801,1622,54,55
1789636337847284533,merge,1.72107,1.57905,0.971608,0.786212,0.049221,5.19394,20064,19968,13293,10816,1623,54,55
1789636337947222386,merge,1.68574,1.59544,0.938336,0.808071,0.050565,5.16191,19968,20064,12804,11033,1624,54,55
1789636338047269073,merge,1.68933,1.60634,0.94069,0.79372,0.048652,5.16664,19872,20064,12866,11005,1625,54,55
1789636338147270995,merge,1.72319,1.56504,1.14266,0.775655,0.050101,5.34602,20160,19872,13423,10711,1626,54,55
1789636338247218149,merge,1.68932,1.58529,0.929546,0.80332,0.049465,5.14135,19968,19968,12789,10926,1627,54,55
1789636338347131848,merge,1.71595,1.60789,0.980754,0.803508,0.049835,5.24325,20064,20064,13172,11081,1628,54,55
1789636338447114244,merge,1.71237,1.59382,0.953802,0.790281,0.049775,5.18533,19872,20064,13157,10937,1629,54,55
1789636338547777179,merge,1.6945,1.57008,0.951281,0.785412,0.04851,5.13434,20064,19872,12893,10786,1630,54,55
1789636338647105707,merge,1.7449,1.6014,0.977618,0.790152,0.056559,5.25548,19968,20064,13484,10885,1631,54,55
1789636338747243195,merge,2.54593,2.39824,1.33312,1.1227,0.106633,7.67664,20064,19968,12964,10957,1632,54,55
1789636338847078268,merge,2.57659,2.35192,1.04473,0.818526,0.048669,6.99894,20064,20064,13274,10940,1633,54,55
1789636338947193848,merge,1.72088,1.60564,0.942997,0.779551,0.049125,5.18602,19776,20064,12933,10887,1634,54,55
1789636339047164243,merge,1.79171,1.64376,0.96433,0.789031,0.055683,5.33541,20256,19872,13374,10876,1635,54,55
1789636339147589546,merge,1.71735,1.61773,0.935499,0.790625,0.052624,5.20466,19968,20064,12842,10929,1636,54,55
1789636339347132492,merge,1.73622,1.61856,0.960381,0.785994,0.053655,5.24667,19872,19968,12992,10975,1637,54,55
1789636339447033537,merge,1.79853,1.66961,0.941649,0.797781,0.050888,5.36033,19968,20064,13059,10913,1638,54,55
1789636339547438762,merge,1.73437,1.59892,0.922722,0.777851,0.056773,5.18185,20064,19968,12753,10717,1639,54,55
1789636339647068853,merge,1.75555,1.62666,0.947921,0.798029,0.051203,5.26957,19968,20064,13243,10952,1640,54,55
1789636339747168708,merge,1.73115,1.62219,0.938177,0.784267,0.050602,5.21863,19968,19968,12868,10988,1641,54,55
1789636339847114297,merge,1.75004,1.61728,0.939197,0.772409,0.05058,5.21533,19968,19968,12910,10838,1642,54,55
1789636339946980676,merge,1.80774,1.58787,0.950741,0.787961,0.046002,5.28548,19968,20064,13011,10927,1643,54,55
1789636340047141703,merge,1.72007,1.60076,0.958434,0.795101,0.0496,5.20846,20064,19968,13180,10974,1644,54,55
1789636340147071321,merge,1.70222,1.59387,0.942428,0.790142,0.048088,5.16354,19968,19968,12778,10902,1645,54,55
1789636340246975011,merge,1.70499,1.57111,0.945537,0.947103,0.049377,5.3016,19968,19968,13145,10842,1646,54,55
1789636340346966109,merge,2.49409,1.5901,0.946094,0.793204,0.048948,5.98057,19968,20064,13129,10840,1647,54,55
1789636340446992672,merge,1.6965,1.60471,0.965217,0.797891,0.050191,5.20393,19872,20064,12778,10949,1648,54,55
1789636340547289991,merge,1.72766,1.60478,0.9548,0.797845,0.050734,5.2219,20160,19968,13273,10808,1649,54,55
1789636340647019739,merge,1.70142,1.57622,0.97986,0.781549,0.05024,5.17579,19968,19968,13084,10901,1650,54,55
1789636340746977557,merge,1.70864,1.60878,0.932478,0.793053,0.049115,5.1803,20064,20064,12863,11013,1651,54,55
1789636340847070170,merge,1.69355,1.58628,0.955488,0.792207,0.048718,5.15803,19872,19968,12974,10798,1652,54,55
1789636340946987846,merge,2.11744,1.57766,0.963477,0.778083,0.04907,5.59796,20064,19968,13246,10858,1653,54,55
1789636341046951967,merge,1.69772,1.59486,0.950657,0.79306,0.048604,5.16906,20064,19968,12730,10954,1654,54,55
1789636341146882457,merge,1.71248,1.61828,0.979013,0.840448,0.051504,5.29561,19968,20064,13141,10966,1655,54,55
1789636341247030880,merge,1.70386,1.58572,1.01953,0.783345,0.049531,5.23271,19968,19968,12993,10760,1656,54,55
1789636341346869276,merge,1.72259,1.62475,0.948103,0.776319,0.049402,5.2119,20064,20064,12859,10897,1657,54,55
1789636341446968996,merge,1.6837,1.6043,0.945967,0.800616,0.048598,5.16682,19872,19968,12897,10991,1658,54,55
1789636341547285334,merge,1.71632,1.59686,0.982545,0.788142,0.048387,5.21952,20064,20064,13281,10914,1659,54,55
1789636341646982264,merge,1.69501,1.56772,0.943542,0.796989,0.048996,5.13626,20064,19872,12673,10756,1660,54,55
1789636341746829033,merge,1.70565,1.60247,0.956989,0.814798,0.048731,5.21265,19968,20064,13175,11102,1661,54,55
1789636341846914843,merge,1.69708,1.59677,0.950352,0.805689,0.050204,5.187,20064,19968,13034,10931,1662,54,55
1789636341946876104,merge,1.70769,1.58517,0.94531,0.794491,0.047708,5.16487,19968,20064,12832,10938,1663,54,55
1789636342046901139,merge,1.70209,1.58378,0.953952,0.777196,0.051337,5.15534,19968,19968,13094,10798,1664,54,55
1789636342146875379,merge,1.7221,1.59621,0.95096,0.794956,0.049593,5.19895,20064,19968,13077,10890,1665,54,55
1789636342246843865,merge,1.70585,1.5959,0.932398,0.79823,0.04937,5.17064,19968,20064,12876,10871,1666,54,55
1789636342346906035,merge,1.70253,1.58159,0.955285,0.789065,0.05179,5.1722,20064,19968,13189,10901,1667,54,55
1789636342446890329,merge,1.77733,1.60977,0.970004,0.810417,0.049448,5.31305,19872,20064,13024,11045,1668,54,55
1789636342547318340,merge,1.71041,1.58039,0.941974,0.781796,0.046835,5.14654,20064,19872,12832,10797,1669,54,55
1789636342646727555,merge,1.71426,1.583,0.975218,0.790274,0.050842,5.19911,20064,20064,13231,10888,1670,54,55
1789636342746782600,merge,1.70641,1.58458,0.931356,0.785251,0.048704,5.14404,19968,19968,12883,10932,1671,54,55
1789636342846770550,merge,1.7079,1.6096,0.963232,0.791377,0.050784,5.21195,20064,20064,13059,11079,1672,54,55
1789636342946796620,merge,1.70488,1.57927,0.949626,0.793292,0.048978,5.16349,19968,19968,13000,10743,1673,54,55
1789636343046729638,merge,1.7174,1.59408,0.930304,0.77743,0.049316,5.15488,20064,20064,12923,10764,1674,54,55
1789636343146854721,merge,1.68041,1.59639,0.934005,0.791707,0.050259,5.13848,19968,19968,12891,10999,1675,54,55
1789636343246823226,merge,1.7193,1.59137,0.949661,0.801758,0.049564,5.1988,19968,19968,13162,10889,1676,54,55
1789636343346676655,merge,1.69169,1.58402,0.895389,0.786809,0.050154,5.0972,20064,20064,12661,10922,1677,54,55
1789636343446802666,merge,1.68878,1.58786,0.920641,0.790626,0.04941,5.12399,19872,20064,13023,10956,1678,54,55
1789636343547273789,merge,1.71879,1.59163,0.964194,0.778961,0.051175,5.19083,20160,19872,13192,10884,1679,54,55
1789636343646806893,merge,1.69833,1.59098,0.925437,0.790249,0.050403,5.13967,19968,19968,12749,10928,1680,54,55
1789636343746757136,merge,1.71927,1.60695,0.933116,0.788733,0.049605,5.19261,19968,20064,13066,11008,1681,54,55
1789636343846684390,merge,1.73537,1.61721,0.942339,0.776553,0.053627,5.22426,20064,19968,13225,10959,1682,54,55
1789636343946788648,merge,1.70264,1.59703,0.913435,0.789089,0.052255,5.14089,19968,20064,12741,10816,1683,54,55
1789636344046653790,merge,1.70787,1.57926,0.972456,0.786742,0.050261,5.18087,19968,19968,13106,10876,1684,54,55
1789636344146639848,merge,1.74299,1.59363,0.969067,0.772439,0.050564,5.2163,20064,19968,13247,11020,1685,54,55
1789636344246635871,merge,1.7033,1.61811,0.919287,0.809547,0.050353,5.19221,19968,20064,12708,11046,1686,54,55
1789636344346662064,merge,1.72255,1.59831,0.992004,0.792968,0.055017,5.25688,20064,20064,13276,10925,1687,54,55
1789636344446720123,merge,1.70494,1.58881,0.929764,0.776146,0.050005,5.13612,19776,19968,12902,10934,1688,54,55
1789636344546963138,merge,1.72514,1.60255,0.942253,0.808126,0.050024,5.21086,20160,19968,12959,11028,1689,54,55
1789636344646749239,merge,1.70629,1.58461,0.980221,0.802159,0.049674,5.20352,20064,19968,13114,10896,1690,54,55
1789636344746715386,merge,1.73214,1.58684,0.92639,0.777595,0.050436,5.15565,19968,20064,13023,10908,1691,54,55
1789636344846775407,merge,1.69463,1.604,0.938239,0.797203,0.050017,5.16539,19968,20064,12776,10964,1692,54,55
1789636344946767383,merge,1.71168,1.60502,0.943869,0.784075,0.051229,5.18086,20064,19968,13239,11037,1693,54,55
1789636345046627610,merge,1.69118,1.5839,0.97657,0.778109,0.052659,5.1633,20064,19968,12766,10938,1694,54,55
1789636345146759191,merge,1.70938,1.5849,0.959837,0.793411,0.050823,5.1814,19968,19968,13055,10950,1695,54,55
1789636345246647440,merge,1.6829,1.60625,1.00027,0.809534,0.050911,5.23331,19968,19968,12923,11018,1696,54,55
1789636345346608383,merge,1.70833,1.6046,0.937656,0.799944,0.054005,5.19396,20064,20064,12923,11025,1697,54,55
1789636345446678066,merge,1.67164,2.13064,0.925461,0.778524,0.051195,5.6541,19776,20064,12692,10991,1698,54,55
1789636345546841632,merge,1.72222,1.60391,0.987656,0.784961,0.05126,5.23276,20160,19968,13328,11062,1699,54,55
1789636345646714021,merge,1.71126,2.13141,0.943528,0.803881,0.05004,5.72852,20064,19968,12829,11041,1700,54,55
1789636345746713390,merge,1.69645,1.61439,0.955841,0.787475,0.052393,5.18865,19968,20064,13083,11006,1701,54,55
1789636345846738889,merge,1.71242,1.58993,0.95964,0.784151,0.052156,5.18011,20064,19872,13265,10975,1702,54,55
1789636345946665907,merge,1.70016,1.61234,0.918103,0.801047,0.054511,5.1741,19968,20064,12746,11088,1703,54,55
1789636346046649483,merge,1.74308,1.60588,0.947099,0.778218,0.053547,5.21431,20064,19968,13252,11008,1704,54,55
1789636346146697747,merge,1.72058,1.59527,0.940192,0.813112,0.071088,5.22347,19968,19968,13114,10949,1705,54,55
1789636346246610562,merge,2.16334,1.59314,0.933727,0.793953,0.056773,5.64141,20064,20064,12902,10965,1706,54,55
1789636346346933188,merge,1.73602,1.62719,0.937357,0.79509,0.052283,5.23846,19968,19968,13077,11013,1707,54,55
1789636346446730453,merge,1.73201,1.63763,0.938452,0.822215,0.049945,5.26939,19776,20064,12993,11062,1708,54,55
1789636346546957062,merge,1.73899,1.62178,0.955292,0.782035,0.051121,5.24174,20160,19968,12824,10924,1709,54,55
1789636346646608884,merge,1.7653,1.63838,0.969723,0.79788,0.054301,5.31939,20064,19968,13252,11014,1710,54,55
1789636346746620922,merge,2.51549,1.6737,0.975078,0.795078,0.052134,6.14788,19968,20064,12993,10964,1711,54,55
1789636346846611494,merge,2.54443,1.58754,0.929787,0.790126,0.050379,6.04102,20064,19968,12857,10844,1712,54,55
1789636346946635321,merge,1.68941,1.59602,0.952705,0.805867,0.048821,5.17629,19968,20160,12981,10967,1713,54,55
1789636347047334173,merge,1.70944,1.60468,0.944117,0.792288,0.049995,5.18653,19968,19968,13152,11025,1714,54,55
1789636347146759305,merge,1.6815,1.58775,0.907592,0.787607,0.049162,5.09984,20064,19872,12663,10843,1715,54,55
1789636347246676147,merge,1.71568,1.5944,0.951482,0.802486,0.049136,5.19878,19968,20160,13173,10985,1716,54,55
1789636347347273452,merge,2.256,1.70911,0.956221,0.800576,0.053254,5.90947,20064,19872,13036,10974,1717,54,55
1789636347446649464,merge,1.68422,1.60565,0.914882,0.796524,0.048429,5.13396,19776,19968,12684,11062,1718,54,55
1789636347647813639,merge,1.70456,1.60437,0.953031,0.793095,0.050826,5.19439,19968,20160,13009,10924,1719,55,56
1789636347746706641,merge,1.6973,1.58265,0.955066,0.791687,0.05058,5.15949,19968,19776,12936,10937,1720,55,56
1789636347846607536,merge,1.72127,1.59428,0.974021,0.784536,0.051245,5.21328,20064,20064,13259,10781,1721,55,56
1789636347946859103,merge,1.72357,1.59007,0.94875,0.804119,0.052155,5.20005,19968,20160,13024,10997,1722,55,56
1789636348046693203,merge,1.71544,1.58271,0.917765,0.773555,0.049009,5.1296,19968,19872,12856,10888,1723,55,56
1789636348146604957,merge,1.7367,1.59645,0.979889,0.797143,0.049852,5.25029,20064,20064,13344,10941,1724,55,56
1789636348246774159,merge,1.70156,1.58133,0.945185,0.769404,0.048804,5.13323,19968,20064,12906,10919,1725,55,56
1789636348346678551,merge,1.71621,1.57628,0.964381,0.782294,0.05028,5.17323,20064,19872,13089,10833,1726,55,56
1789636348446828732,merge,1.71664,1.61317,0.952267,0.807521,0.050222,5.2295,19680,20160,13220,11112,1727,55,56
1789636348546796451,merge,1.71207,1.57729,0.931144,0.76713,0.049479,5.12456,20352,19968,12871,10746,1728,55,56
1789636348646897277,merge,1.73264,1.57801,0.96149,0.780059,0.049892,5.18529,19872,19968,13290,10774,1729,55,56
1789636348746636464,merge,1.71491,1.60733,0.958726,0.792511,0.049125,5.20772,20064,20064,13015,11007,1730,55,56
1789636348846736208,merge,1.71234,1.59402,0.983043,0.798639,0.048695,5.25136,19968,19968,13036,10901,1731,55,56
1789636348946624685,merge,1.72094,1.57909,0.953757,0.79609,0.050005,5.18883,20064,20064,13173,10902,1732,55,56
1789636349046726186,merge,1.70904,1.5836,0.959085,0.785556,0.048762,5.16681,19968,19872,13037,10905,1733,55,56
1789636349146744933,merge,1.72311,1.60859,0.949698,0.833489,0.050867,5.25452,20064,20064,13021,11091,1734,55,56
1789636349247670676,merge,1.71285,1.58473,0.944456,0.771242,0.051713,5.1513,19968,20064,13191,10924,1735,55,56
1789636349346742606,merge,1.70711,1.58576,0.960108,0.776388,0.050421,5.16712,19872,19968,13038,10866,1736,55,56
1789636349446723187,merge,1.68294,1.59923,0.945379,0.781112,0.049207,5.14483,19776,19968,12983,10858,1737,55,56
1789636349546900865,merge,1.72787,1.59726,0.942773,0.78012,0.051317,5.18697,20256,20064,12977,10809,1738,55,56
1789636349646759712,merge,1.7129,1.57482,0.967323,0.789588,0.049958,5.17856,19968,19968,13186,10852,1739,55,56
1789636349747664771,merge,1.70127,1.59247,0.962106,0.79816,0.049488,5.19163,19872,19968,13001,10984,1740,55,56
1789636349846615989,merge,1.70952,1.59649,0.93567,0.826633,0.049855,5.20623,20064,19968,12904,10964,1741,55,56
1789636349946821580,merge,1.70809,1.57568,0.958782,0.800273,0.050597,5.17523,19968,20064,13220,10863,1742,55,56
1789636350046755421,merge,1.69405,1.58442,0.94336,0.785794,0.050115,5.13933,19968,19968,13038,10901,1743,55,56
1789636350146790432,merge,1.71017,1.59614,0.949219,0.792791,0.049556,5.18141,20064,19968,12899,10980,1744,55,56
1789636350246795537,merge,1.69897,1.59684,0.944517,0.787145,0.048862,5.16173,19968,20064,13095,10895,1745,55,56
1789636350346759521,merge,1.7046,1.58748,0.952977,0.780172,0.049399,5.16482,19968,20064,13157,10768,1746,55,56
1789636350446998000,merge,1.6714,1.58493,0.921175,0.795832,0.048067,5.10276,19776,19872,12656,10832,1747,55,56
1789636350546771407,merge,1.7345,1.60809,0.984231,0.799589,0.050365,5.26214,20256,20160,13267,11015,1748,55,56
1789636350647035251,merge,1.69022,1.60253,1.24092,1.12561,0.106919,5.86065,19968,19968,12938,10830,1749,55,56
1789636350747618896,merge,2.51735,2.36348,1.34384,1.1415,0.10161,7.62192,20064,20064,12871,10954,1750,55,56
1789636350847093025,merge,2.50568,2.38211,1.32066,1.12576,0.108547,7.60176,19872,19968,12844,10959,1751,55,56
1789636350946980175,merge,2.554,2.3523,1.36314,1.10736,0.108232,7.63872,20064,19968,13229,10803,1752,55,56
1789636351046630896,merge,2.51678,2.36386,1.30832,1.11887,0.099605,7.55751,20064,20064,12730,10895,1753,55,56
1789636351147641103,merge,2.52418,2.39137,1.34539,0.873757,0.056927,7.34561,19872,19968,13023,10852,1754,55,56
1789636351246974361,merge,1.71862,1.59323,0.949639,0.781107,0.050057,5.18758,20064,19968,13160,10806,1755,55,56
1789636351346634236,merge,1.70276,1.58276,0.925692,0.787303,0.04816,5.13292,20064,20064,12789,10910,1756,55,56
1789636351447606775,merge,1.6667,1.58456,0.929622,0.807446,0.047744,5.11791,19680,19968,12875,10953,1757,55,56
1789636351546947886,merge,1.73977,1.60113,0.972044,0.798953,0.050616,5.2473,20256,20064,13382,11014,1758,55,56
1789636351647002266,merge,1.71242,1.57158,0.934874,0.790201,0.049516,5.14552,20064,19968,12928,10835,1759,55,56
1789636351747520401,merge,1.70045,1.58159,0.952193,0.781493,0.049558,5.14886,19968,19968,13107,10863,1760,55,56
1789636351847529072,merge,1.71715,1.60478,0.940217,0.805233,0.049943,5.20274,20064,20064,13168,11049,1761,55,56
1789636351947513658,merge,1.69884,1.58444,0.935107,0.788733,0.049333,5.14371,19968,19968,12783,10766,1762,55,56
1789636352047518471,merge,1.69998,1.58197,0.958874,0.786099,0.049555,5.16704,19968,20064,13158,10784,1763,55,56
1789636352147439396,merge,1.70751,1.59211,0.948933,0.782098,0.049849,5.16272,20064,19968,12991,11007,1764,55,56
1789636352247844794,merge,1.70507,1.61312,0.932914,0.781664,0.04957,5.17442,19968,19968,12916,10967,1765,55,56
1789636352347439326,merge,1.73475,1.5777,0.928517,0.783163,0.050952,5.16287,20064,19968,13044,10844,1766,55,56
1789636352447584716,merge,2.0007,1.59412,0.960076,0.820146,0.048828,5.52916,19680,20064,12867,10901,1767,55,56
1789636352546870349,merge,1.71374,1.65274,0.927951,0.807057,0.049251,5.25043,20256,19968,12831,11020,1768,55,56
1789636352647382317,merge,1.71683,1.59784,0.957932,0.789722,0.049665,5.18988,20064,20064,13257,10930,1769,55,56
1789636352747444471,merge,1.70948,1.58801,0.920807,0.787956,0.048231,5.13415,19968,19968,12768,10866,1770,55,56
1789636352847341743,merge,1.71897,1.60595,0.953657,0.790442,0.049619,5.20205,20064,20064,13031,10878,1771,55,56
1789636352947823719,merge,1.69144,1.59941,0.949868,0.787864,0.047922,5.15262,19968,19968,13007,10874,1772,55,56
1789636353047434241,merge,1.73436,1.61185,0.920849,0.77267,0.049732,5.1792,19968,20064,12911,10928,1773,55,56
1789636353147880070,merge,1.70353,1.59241,0.996474,0.78996,0.049259,5.22349,20064,19968,13034,10862,1774,55,56
1789636353247827401,merge,1.71607,1.60394,0.943002,0.79942,0.050538,5.20694,19968,19968,13130,10964,1775,55,56
1789636353347442866,merge,1.70592,1.58566,0.94182,0.793826,0.048235,5.16023,19968,20064,12872,10876,1776,55,56
1789636353447775003,merge,1.68076,1.5795,0.936678,0.793021,0.050667,5.12041,19776,19968,12809,10877,1777,55,56
1789636353647308980,merge,1.70657,1.60212,0.92805,0.802582,0.047893,5.17563,19968,20064,12744,10954,1778,56,57
1789636353747781472,merge,1.71692,1.57693,0.959071,0.779749,0.051171,5.17155,20064,19968,13208,10792,1779,56,57
1789636353847701679,merge,1.70629,1.58904,0.916034,0.766176,0.048688,5.11329,19968,20064,13079,10877,1780,56,57
1789636353947681649,merge,1.72067,1.59747,0.927981,0.78678,0.049778,5.16819,20064,19968,12882,10964,1781,56,57
1789636354047802120,merge,1.70802,1.58182,0.938532,0.77691,0.050466,5.14109,20064,19968,13105,10917,1782,56,57
1789636354147654739,merge,1.70704,1.58702,0.975351,0.809164,0.050772,5.22077,19968,20064,13113,10947,1783,56,57
1789636354247666502,merge,1.69103,1.60412,0.911932,0.7866,0.050489,5.13377,19968,19968,12653,10980,1784,56,57
1789636354347678643,merge,2.34962,1.59146,0.970492,0.791386,0.05189,5.85495,20064,19968,13259,10903,1785,56,57
1789636354447644392,merge,1.66377,1.583,0.935881,0.783874,0.050556,5.10118,19776,19968,12773,10924,1786,56,57
1789636354546762899,merge,1.75801,1.60814,0.965485,0.819397,0.050366,5.2889,20160,20064,12943,11118,1787,56,57
1789636354647673936,merge,2.56366,2.38343,1.29989,0.835806,0.055681,7.30523,20064,19968,13063,10906,1788,56,57
1789636354747626576,merge,1.69789,1.59766,0.953811,0.80054,0.048531,5.1865,19968,20064,12970,10852,1789,56,57
1789636354847602966,merge,1.69387,1.59338,0.930826,0.78596,0.048891,5.13868,19968,19968,12740,10913,1790,56,57
1789636354947625037,merge,1.73083,1.60201,0.965043,0.793712,0.050022,5.23405,20064,19968,13192,11034,1791,56,57
1789636355047597046,merge,1.74779,1.64245,0.934692,0.790907,0.049851,5.25713,19968,20064,12899,10955,1792,56,57
1789636355147612877,merge,1.73691,1.62795,0.948943,0.806886,0.049896,5.27104,19968,19968,12891,10930,1793,56,57
1789636355247560581,merge,2.60919,1.89924,0.97696,0.802958,0.05194,6.49127,20160,19968,13308,10996,1794,56,57
1789636355347558418,merge,1.68947,1.61281,0.941432,0.797447,0.05022,5.18086,19872,20064,12830,11096,1795,56,57
1789636355447635816,merge,1.69262,1.60416,0.934122,0.802697,0.050869,5.18032,19872,19872,12889,11056,1796,56,57
1789636355647526995,merge,1.71196,1.65539,0.941219,0.785938,0.050468,5.23836,19872,20064,12834,11063,1797,57,58
1789636355747614228,merge,2.53525,2.39317,1.36208,0.830886,0.060483,7.34181,20064,19968,13029,11056,1798,57,58
1789636355847524306,merge,1.71878,1.59475,0.965989,0.799567,0.050294,5.21199,19968,19968,13196,10954,1799,57,58
1789636355947161877,merge,1.69282,1.6034,0.916614,0.800455,0.049579,5.1521,19968,20064,12723,11060,1800,57,58
1789636356047536303,merge,1.71831,1.60613,0.956353,0.802274,0.049978,5.21671,20064,19968,13148,11056,1801,57,58
1789636356147197532,merge,1.69328,1.61109,0.967422,0.811952,0.049488,5.22065,20064,19968,13115,11072,1802,57,58
1789636356247482683,merge,1.70731,1.58336,0.915471,0.788789,0.052709,5.13102,19968,20064,12769,10907,1803,57,58
1789636356347592744,merge,1.68642,1.59424,0.940074,0.799631,0.050565,5.1572,19968,19968,12958,11026,1804,57,58
1789636356447503821,merge,1.69758,1.60993,0.933772,0.7931,0.049801,5.16979,19872,19968,13046,11122,1805,57,58
1789636356647581070,merge,1.71226,1.58369,0.948783,0.783801,0.049932,5.16043,19968,19968,13109,10842,1806,58,59
1789636356747072822,merge,1.70295,1.60288,0.955014,0.805615,0.051122,5.20435,20064,19968,13096,10989,1807,58,59
1789636356847418716,merge,1.69119,1.62592,0.938496,0.810261,0.048592,5.20087,19968,20064,12724,11061,1808,58,59
1789636356947533030,merge,1.70941,1.58282,0.971458,0.781806,0.050345,5.17666,20064,19968,13204,10885,1809,58,59
1789636357047478172,merge,1.69294,1.58633,0.943096,0.789367,0.049765,5.1437,19872,19968,12972,10935,1810,58,59
1789636357147003345,merge,2.54369,2.27322,0.950156,0.792588,0.047801,6.74906,20064,20064,12859,11055,1811,58,59
1789636357247445944,merge,1.71088,1.57752,0.942751,0.794225,0.048613,5.15648,19968,19968,13135,10915,1812,58,59
1789636357347514351,merge,1.71839,1.58215,0.962924,0.760226,0.05206,5.16221,20064,19968,13260,10892,1813,58,59
1789636357447400061,merge,1.68172,1.59218,0.929313,0.79784,0.048924,5.13136,19872,19872,12611,10946,1814,58,59
1789636357546622160,merge,1.71577,1.60448,0.960816,0.785865,0.05046,5.20464,20064,20064,13247,10968,1815,58,59
1789636357647416305,merge,1.71247,1.58394,0.929274,0.786252,0.05035,5.14431,20160,19968,13086,10795,1816,58,59
1789636357747352469,merge,1.69643,1.60459,0.925486,0.794153,0.052327,5.15921,19872,20064,12851,10932,1817,58,59
1789636357846931313,merge,1.70768,2.1191,0.958742,0.789729,0.051949,5.72068,20064,19968,13137,10985,1818,58,59
1789636357947401741,merge,1.6997,1.57717,0.950314,0.776749,0.050559,5.13925,20064,19968,13033,10850,1819,58,59
1789636358047389949,merge,1.88695,1.62196,0.917154,0.786987,0.050987,5.35607,19872,20064,12680,10919,1820,58,59
1789636358146924720,merge,1.71494,1.60092,1.19953,0.892196,0.053022,5.54872,20064,19968,13301,11011,1821,58,59
1789636358247341795,merge,1.68528,1.58788,0.933902,0.785305,0.050594,5.12751,20064,19968,12831,10875,1822,58,59
1789636358347308924,merge,1.6901,1.58369,0.93786,0.84357,0.051219,5.19022,19872,20064,12869,10986,1823,58,59
1789636358447315840,merge,1.7278,2.0335,1.04897,0.791373,0.052413,5.75074,20064,19968,13352,10905,1824,58,59
1789636358547323293,merge,1.70057,1.60712,0.945794,0.792278,0.04957,5.18004,20064,19968,12825,10897,1825,58,59
1789636358647274526,merge,1.69594,1.58531,0.949308,0.900137,0.064027,5.28219,19872,20064,13032,10776,1826,58,59
1789636358747289708,merge,1.75091,1.59122,0.971855,0.925406,0.056716,5.38216,20064,19968,13241,10928,1827,58,59
1789636358847326270,merge,1.70199,1.61413,0.940954,0.800867,0.050309,5.19042,20064,19968,12930,10992,1828,58,59
1789636358947278033,merge,1.73277,1.59876,0.959936,0.808425,0.049935,5.23964,19872,20160,13309,10950,1829,58,59
1789636359047382795,merge,1.70871,1.56765,0.964377,0.785642,0.052769,5.16596,20160,19872,13039,10802,1830,58,59
1789636359147279504,merge,1.93963,1.6164,0.994107,0.807053,0.052543,5.50456,20064,20064,13274,11056,1831,58,59
1789636359247779573,merge,1.69082,1.60174,0.949295,0.802589,0.050439,5.18373,19872,19968,12975,10933,1832,58,59
1789636359347228413,merge,1.73518,1.57701,0.962801,0.785786,0.050383,5.19696,19968,19968,13332,10781,1833,58,59
1789636359447214239,merge,1.67858,1.60192,0.942964,0.795097,0.05127,5.15392,19680,20064,12879,10841,1834,58,59
1789636359547368280,merge,1.73132,1.60473,0.915828,0.767577,0.053166,5.15888,20352,19968,13124,10897,1835,58,59
1789636359647307606,merge,1.70252,1.58838,0.965186,0.780978,0.049777,5.17427,19872,19968,13010,10840,1836,58,59
1789636359747220819,merge,1.75632,1.63381,0.954772,0.825005,0.053459,5.3124,20160,20064,13100,10969,1837,58,59
1789636359847319238,merge,1.67687,1.64743,0.91998,0.779223,0.048193,5.15876,19872,19968,12712,10941,1838,58,59
1789636359947249374,merge,1.70771,1.59198,1.09719,0.789193,0.049137,5.31642,19872,19968,13140,10895,1839,58,59
1789636360047155835,merge,2.32129,1.67709,0.930701,0.776118,0.054484,5.86883,20064,20064,12985,10959,1840,58,59
1789636360147311276,merge,1.88184,1.78862,1.00581,0.792312,0.05091,5.63315,20064,19968,12939,10966,1841,58,59
1789636360247222943,merge,1.81679,1.64661,0.935576,0.786997,0.050563,5.3433,19872,19968,12876,10926,1842,58,59
1789636360347134593,merge,1.74554,1.61967,0.941618,0.764522,0.050182,5.20993,19968,20064,13104,10695,1843,58,59
1789636360447267376,merge,1.70345,1.58021,0.915236,0.787464,0.049025,5.11641,19968,19968,12764,10853,1844,58,59
1789636360547231119,merge,1.9029,1.64813,0.955515,0.797977,0.053019,5.46167,20064,20064,13181,11086,1845,58,59
1789636360647226404,merge,1.72632,1.61207,0.936823,0.771619,0.04914,5.18316,19968,19968,13047,10837,1846,58,59
1789636360747221941,merge,1.71711,1.5778,0.944975,0.795329,0.048612,5.16851,20064,19968,12882,10835,1847,58,59
1789636360847128174,merge,1.70383,1.59723,0.969431,0.796831,0.049932,5.20149,19968,20064,13179,11047,1848,58,59
1789636361147064016,merge,1.71512,1.59221,0.925701,0.776973,0.050738,5.15674,19872,19968,12981,10849,1849,60,61
1789636361247029925,merge,1.75476,1.64114,0.964187,0.777696,0.050668,5.28177,20064,20064,13274,10839,1850,60,61
1789636361347081711,merge,1.75611,1.62414,0.921859,0.781455,0.048886,5.22685,19968,19968,12749,10811,1851,60,61
1789636361447034580,merge,1.75102,1.61668,0.955233,0.781658,0.052074,5.24473,20064,19968,13239,10862,1852,60,61
1789636361547031564,merge,1.73422,1.64237,0.945516,0.796035,0.051001,5.2594,19968,20064,13001,11064,1853,60,61
1789636361647061310,merge,1.89851,1.59307,0.960679,0.795671,0.050233,5.40023,20064,19968,12863,10837,1854,60,61
1789636361746989921,merge,1.6922,1.58099,0.947688,0.786091,0.049268,5.14326,19968,20064,13012,10932,1855,60,61
1789636361847084471,merge,1.74847,1.5963,0.964207,0.806782,0.049211,5.25463,19968,20064,13137,11022,1856,60,61
1789636361947143394,merge,2.23208,1.59451,0.903362,0.788414,0.049759,5.66763,20064,19872,12669,10894,1857,60,61
1789636362047005052,merge,1.96032,1.59336,0.963952,0.781155,0.049492,5.45141,19968,20064,13179,10762,1858,60,61
1789636362147098696,merge,1.78288,1.65385,0.962728,0.791936,0.054965,5.33625,20064,19968,12985,10774,1859,60,61
1789636362246996411,merge,1.72676,1.59533,0.904128,0.78791,0.049015,5.14921,19872,19968,12734,10989,1860,60,61
1789636362346968139,merge,2.14507,2.01007,1.18154,0.784106,0.052014,6.30055,20064,19968,13122,10880,1861,60,61
1789636362446923858,merge,2.07699,1.59217,0.960617,0.789091,0.051967,5.58657,20064,20160,13126,10959,1862,60,61
1789636362547098848,merge,1.70357,1.61685,0.921187,0.777766,0.052176,5.17032,19968,19872,12798,10849,1863,60,61
1789636362646928032,merge,1.71947,1.60711,0.945053,0.797239,0.050138,5.20676,19968,20064,13101,11091,1864,60,61
1789636362747045121,merge,1.75589,1.59028,0.963454,0.805843,0.052336,5.26154,20064,20064,13175,10950,1865,60,61
1789636362847056718,merge,1.80386,1.58801,0.930344,0.794606,0.049469,5.26845,19968,19872,12800,10772,1866,60,61
1789636362946896508,merge,1.92057,2.14003,1.05388,0.788516,0.050955,6.07285,19968,20064,13200,10929,1867,60,61
1789636363047001287,merge,1.73067,1.59754,0.964963,0.790803,0.051788,5.23118,20064,19968,13035,10769,1868,60,61
1789636363146934924,merge,1.73243,1.62884,0.931691,0.788235,0.051399,5.22877,19968,20064,12940,10942,1869,60,61
1789636363246984852,merge,1.88678,1.75249,0.949791,1.14953,0.064885,5.92786,19968,19968,13055,10955,1870,60,61
1789636363346964264,merge,1.76357,1.63111,0.956436,0.788168,0.05267,5.28531,20064,20064,13067,10971,1871,60,61
1789636363446956957,merge,1.75283,1.57391,0.96433,0.790226,0.051583,5.22642,20064,19968,12903,10833,1872,60,61
1789636363546947852,merge,1.72835,1.58329,0.95632,0.791109,0.050721,5.19689,19968,19968,13154,10903,1873,60,61
1789636363646890921,merge,1.71508,1.61191,0.929254,0.801806,0.049162,5.19712,19968,20064,12747,11097,1874,60,61
1789636363746944002,merge,1.73381,1.58744,0.965458,0.784995,0.05018,5.20992,20064,19968,13124,10872,1875,60,61
1789636363846955504,merge,1.71106,1.5856,0.931146,0.779752,0.051043,5.14266,19968,19968,12954,10832,1876,60,61
1789636363946846692,merge,1.71523,1.76317,0.945599,0.809506,0.049081,5.37336,19968,20064,12870,10945,1877,60,61
1789636364046837092,merge,1.68751,1.59066,0.946155,0.803993,0.049042,5.15699,20064,19968,12951,10954,1878,60,61
1789636364146888076,merge,1.7043,1.59358,0.94208,0.790677,0.049963,5.1617,19968,19968,13134,10887,1879,60,61
1789636364246814163,merge,1.74064,1.59524,0.904149,0.782889,0.05039,5.16608,20064,20064,12767,11034,1880,60,61
1789636364346843463,merge,1.72357,1.60349,0.986385,0.79743,0.050816,5.25334,19968,19968,13109,10989,1881,60,61
1789636364446849226,merge,1.7388,1.74512,0.960918,0.798641,0.049749,5.38802,20064,19968,13228,10894,1882,60,61
1789636364546794678,merge,1.7274,1.75141,0.936044,0.789202,0.048425,5.34988,19968,20064,12727,11008,1883,60,61
1789636364646864335,merge,1.72996,1.59903,0.939036,0.788744,0.049839,5.19305,19968,19968,13149,10998,1884,60,61
1789636364746787371,merge,1.72338,1.5969,0.954389,0.778157,0.051163,5.19119,19968,19968,13106,10870,1885,60,61
1789636364846748706,merge,1.738,1.58868,0.935391,0.792762,0.048258,5.18746,20064,20064,12917,10875,1886,60,61
1789636364946836585,merge,1.74609,1.62646,0.942427,0.791643,0.050511,5.24929,19968,19968,13100,11056,1887,60,61
1789636365046773054,merge,1.793,1.63982,0.940711,0.800907,0.050458,5.31683,20064,19968,13141,11015,1888,60,61
1789636365146776536,merge,1.71676,1.59581,0.897884,0.784648,0.04937,5.13216,19968,20064,12790,10988,1889,60,61
1789636365246805157,merge,1.75974,1.61617,0.962304,0.794534,0.051607,5.26922,20064,19968,13260,10950,1890,60,61
1789636365346789350,merge,1.71398,1.60253,0.924275,0.801199,0.051132,5.17669,19968,19968,12876,11039,1891,60,61
1789636365446699296,merge,1.71123,1.60425,0.943462,0.782829,0.050049,5.18782,20064,19968,12967,11063,1892,60,61
1789636365546674559,merge,1.68932,1.6062,0.940726,0.802008,0.049448,5.16904,19968,20064,12974,10996,1893,60,61
1789636365646721415,merge,2.23683,1.59742,0.919211,0.790378,0.050796,5.68817,20064,19968,12980,11039,1894,60,61
1789636365746800562,merge,1.68519,1.6068,0.92519,0.794712,0.049934,5.14794,19968,19968,12824,11050,1895,60,61
1789636365846699471,merge,1.72814,1.61884,0.935121,0.777242,0.051486,5.19862,19968,20064,13163,11022,1896,60,61
1789636365946740998,merge,1.69336,1.58711,0.935354,0.787965,0.048208,5.13411,20064,19968,12784,10933,1897,60,61
1789636366046706812,merge,1.69728,1.60651,0.92068,0.789272,0.049954,5.14652,19968,19968,13026,11049,1898,60,61
1789636366146694350,merge,1.71059,1.60928,0.964721,0.801798,0.050692,5.22027,20064,20064,13134,11051,1899,60,61
1789636366246817413,merge,1.73804,2.04147,0.940421,0.782073,0.051755,5.651,19968,20064,12809,10974,1900,60,61
1789636366346764302,merge,1.7402,1.59032,0.947915,0.893795,0.070387,5.33066,19968,19872,13085,10948,1901,60,61
1789636366446638912,merge,1.72449,1.62733,0.943625,0.79324,0.051084,5.22482,20064,20064,13158,11127,1902,60,61
1789636366547110213,merge,1.74108,1.62795,0.937264,0.991149,0.054432,5.44418,20064,20064,12876,11136,1903,60,61
1789636366647156669,merge,1.7398,1.58036,1.03892,0.87007,0.052386,5.36478,19968,19968,13100,10818,1904,60,61
1789636366746791600,merge,1.73676,1.59001,0.957788,0.956264,0.053473,5.38419,19968,19968,13189,10902,1905,60,61
1789636366846743540,merge,1.71128,1.60209,0.919243,0.777955,0.048213,5.14162,19968,19968,12734,10943,1906,60,61
1789636366946611946,merge,1.78622,1.59007,0.956279,0.966595,0.061012,5.45064,20064,20064,13234,10921,1907,60,61
1789636367046729752,merge,1.73287,1.57842,0.924401,0.95647,0.071375,5.35503,19968,19968,13023,10852,1908,60,61
1789636367146680687,merge,1.73616,1.59704,1.00068,1.11162,0.058304,5.59445,20064,19968,12908,10993,1909,60,61
1789636367246638867,merge,1.72468,1.60058,0.955073,1.09427,0.074296,5.53978,19968,20064,13028,10997,1910,60,61
1789636367346716303,merge,1.77011,1.61978,0.953734,0.786589,0.055604,5.27688,19968,19968,13140,10883,1911,60,61
1789636367446679112,merge,1.72188,1.61904,0.905467,0.793741,0.050319,5.17356,20064,20064,12704,11064,1912,60,61
1789636367547139571,merge,1.72576,1.61588,0.938452,0.837612,0.054445,5.25741,19968,19872,13181,10954,1913,60,61
1789636367646690797,merge,1.76204,1.60401,0.921724,0.771367,0.055048,5.20299,19968,19968,12933,10856,1914,60,61
1789636367746617497,merge,1.72744,1.62253,0.930892,0.778035,0.050525,5.19511,20064,19968,12888,10818,1915,60,61
1789636367846622941,merge,1.71209,1.62525,0.94011,0.779209,0.049887,5.18073,19872,20064,13005,10947,1916,60,61
1789636368047004208,merge,1.73652,1.6262,0.929765,0.787963,0.051493,5.21843,19968,20064,12856,10937,1917,61,62
1789636368146729062,merge,1.74855,1.77274,1.42844,0.800106,0.060379,5.9041,19968,20064,13161,11021,1918,61,62
1789636368246725448,merge,1.73994,1.60109,1.04527,0.791554,0.050479,5.31365,20064,19968,13145,10985,1919,61,62
1789636368347007478,merge,1.72634,1.58072,0.914528,0.765921,0.048652,5.12229,19968,19968,12862,10829,1920,61,62
1789636368446667413,merge,1.71435,1.5937,0.984929,1.02841,0.066283,5.47447,19968,20064,13276,10978,1921,61,62
1789636368546993162,merge,1.7199,1.64939,0.952251,0.811208,0.048814,5.26822,20064,19872,13025,10908,1922,61,62
1789636368646692104,merge,1.69313,1.59379,0.94267,0.774898,0.048046,5.1356,19968,20064,12928,10767,1923,61,62
1789636368746608227,merge,1.76462,1.59871,0.967119,0.781918,0.050183,5.25048,19968,19968,13403,10810,1924,61,62
1789636368846600205,merge,1.71744,1.62514,0.932729,0.775606,0.049196,5.1701,20064,19968,12900,10979,1925,61,62
1789636368946678501,merge,1.74843,1.60165,0.945989,0.781405,0.050742,5.21373,19968,20064,13330,11050,1926,61,62
1789636369046615916,merge,1.69687,1.57407,0.940056,0.809929,0.057225,5.1574,20064,20064,13014,10838,1927,61,62
1789636369146910447,merge,1.72003,1.57977,0.972289,0.798564,0.048804,5.2005,19968,19968,13135,10928,1928,61,62
1789636369246899345,merge,1.71108,1.60183,0.961187,0.790094,0.049727,5.20069,20064,19968,13099,11010,1929,61,62
1789636369346942416,merge,1.7084,1.58242,0.948719,0.79366,0.049639,5.1672,19968,20064,13111,10905,1930,61,62
1789636369446898877,merge,1.70838,1.58056,0.908474,0.782507,0.048368,5.11185,19872,19872,12984,10804,1931,61,62
1789636369546614513,merge,1.72176,1.64775,0.959091,0.787788,0.047929,5.25143,20064,20160,13064,10882,1932,61,62
1789636369647030217,merge,1.69887,1.59283,0.931725,0.798614,0.048692,5.15434,19872,19968,12954,10902,1933,61,62
1789636369746759324,merge,1.7029,1.5728,0.968758,0.778223,0.050731,5.15649,19872,19968,13118,10819,1934,61,62
1789636369846603294,merge,1.70078,1.60136,0.939576,0.798571,0.052539,5.17876,20064,20064,12788,11032,1935,61,62
1789636369946819629,merge,1.75964,2.10488,0.954199,0.779047,0.052175,5.74564,20064,19968,13258,10951,1936,61,62
1789636370046837044,merge,1.70242,1.58621,0.942054,0.785279,0.048859,5.14824,19872,20064,12978,10948,1937,61,62
1789636370146746977,merge,1.71029,1.59783,0.940041,0.781228,0.047832,5.1635,20160,19968,12930,10862,1938,61,62
1789636370246950932,merge,1.69959,1.60017,0.952227,0.802061,0.049823,5.189,19872,20064,13125,10937,1939,61,62
1789636370346787955,merge,1.72247,1.5952,0.936953,0.766902,0.049353,5.16018,19968,19872,13111,10744,1940,61,62
1789636370446628678,merge,1.70277,1.58722,0.914028,0.770031,0.049095,5.10793,20064,20064,12894,10808,1941,61,62
1789636370546686423,merge,2.01614,1.83811,0.916101,0.78298,0.051056,5.70118,19968,20064,13055,11076,1942,61,62
1789636370646816070,merge,1.7504,1.62758,0.949079,0.791057,0.053373,5.26324,19968,19968,13139,10937,1943,61,62
1789636370746691809,merge,1.69546,1.57092,0.907005,0.778292,0.049048,5.08539,20064,19968,12782,10829,1944,61,62
1789636370846754529,merge,1.70051,1.59231,0.955402,0.812566,0.049226,5.19641,19968,20064,13148,10989,1945,61,62
1789636370946768770,merge,1.7258,1.59326,0.951188,0.786838,0.049673,5.19188,19968,19968,12985,10947,1946,61,62
1789636371046635363,merge,1.70352,1.5941,0.937292,0.770521,0.049171,5.13735,20064,19968,12903,10856,1947,61,62
1789636371146601088,merge,1.9585,1.80964,0.976412,0.787594,0.048722,5.67702,19968,20064,12954,10785,1948,61,62
1789636371246712574,merge,1.70647,1.59062,0.993972,0.774274,0.04916,5.19784,19968,19968,13171,10845,1949,61,62
1789636371346631777,merge,1.68983,1.59306,0.956412,0.796834,0.047955,5.16835,20064,20064,12668,10961,1950,61,62
1789636371446806744,merge,1.70846,1.56833,0.958856,0.783351,0.049655,5.15224,19968,19968,13139,10819,1951,61,62
1789636371546720517,merge,1.69042,1.58863,0.95329,0.79678,0.053066,5.16538,19968,19968,12994,10925,1952,61,62
1789636371646601386,merge,1.71199,1.60312,0.933042,0.787681,0.050864,5.17152,20064,20064,12842,11019,1953,61,62
1789636371746722820,merge,1.93795,1.5852,0.979917,0.795985,0.051186,5.43853,20064,19968,13210,10824,1954,61,62
1789636371846786358,merge,1.72717,1.58929,0.94608,0.775816,0.048762,5.17229,19968,20064,13121,10941,1955,61,62
1789636371946783264,merge,1.70216,1.59869,0.894525,0.7702,0.048928,5.10069,19968,20064,12726,10885,1956,61,62
1789636372147124620,merge,1.71553,1.57616,0.959192,0.769051,0.138794,5.24561,20064,19968,13331,10823,1957,61,62
1789636372246750113,merge,1.79603,1.67279,0.88532,0.78047,0.174915,5.40037,19968,19968,12686,10987,1958,61,62
1789636372346739164,merge,1.76117,1.69443,0.970881,0.810848,0.183661,5.51328,20064,20064,13271,11075,1959,61,62
1789636372447014843,merge,1.92237,1.66928,0.951256,0.79402,0.179579,5.63311,19968,19968,13084,10784,1960,61,62
1789636372546771181,merge,1.71551,1.71144,1.10173,0.790424,0.184528,5.60139,20064,19968,12883,10877,1961,61,62
1789636372647634434,merge,1.76468,1.61086,0.951106,0.813237,0.174477,5.40205,19968,20064,13019,11089,1962,61,62
1789636372747028558,merge,1.71592,1.58187,0.956299,0.825393,0.263656,5.43195,20064,19872,13143,10821,1963,61,62
1789636372847684315,merge,1.78443,1.66752,0.925432,0.780651,0.181482,5.43891,19968,20160,12745,10875,1964,61,62
1789636372947118300,merge,2.43312,2.35446,1.51354,1.25941,0.230256,7.9311,19968,19968,13137,10903,1965,61,62
1789636373047070939,merge,1.69588,1.68126,0.937726,0.809928,0.202695,5.41281,20064,19968,12894,10943,1966,61,62
1789636373147596817,merge,1.76666,1.67375,0.938002,0.781376,0.18311,5.43704,19968,20064,12935,10935,1967,61,62
1789636373247065659,merge,1.70549,1.67107,0.954232,0.825616,0.182835,5.43123,20064,19968,13052,10886,1968,61,62
1789636373347640927,merge,1.78927,1.61942,0.919122,0.77753,0.180385,5.38473,19968,20064,12945,11009,1969,61,62
1789636373447033432,merge,1.76713,1.67622,0.935466,0.774435,0.171832,5.41604,19968,19968,12811,10859,1970,61,62
1789636373546728931,merge,1.87024,1.70825,0.954525,0.792258,0.182946,5.61629,20064,20064,13242,10938,1971,61,62
1789636373647631269,merge,1.75562,1.67416,1.06672,0.805968,0.180682,5.57788,19968,19968,12782,10954,1972,61,62
1789636373747015624,merge,1.7649,1.67947,0.937276,0.778951,0.176428,5.42778,19968,19968,12992,10916,1973,61,62
1789636373846981651,merge,1.74352,1.72683,0.950236,0.796953,0.184111,5.49409,20064,20064,13251,10863,1974,61,62
1789636373947540148,merge,1.76859,1.6674,0.911361,0.765527,0.181644,5.38823,19968,19968,12786,10884,1975,61,62
1789636374046735247,merge,1.71698,1.69822,0.959669,0.806209,0.183155,5.46035,20064,20064,13187,11046,1976,61,62
1789636374147585828,merge,1.76482,1.66597,0.954861,0.793193,0.176489,5.44352,19968,19968,13088,10877,1977,61,62
1789636374247526889,merge,1.78866,1.72757,0.963872,0.797901,0.177961,5.55943,20064,19968,12880,10854,1978,61,62
1789636374347603539,merge,1.76199,1.68445,0.929671,0.779724,0.178222,5.4226,19968,19968,13087,11023,1979,61,62
1789636374447574005,merge,1.86823,2.21486,0.949138,0.796603,0.180778,6.11367,19968,19968,13145,11008,1980,61,62
1789636374546654849,merge,1.77881,1.66123,0.90921,0.781709,0.174031,5.40156,19968,20064,12667,11026,1981,61,62
1789636374646900845,merge,1.7433,1.6828,0.962811,0.788086,0.190106,5.46062,20064,19968,13247,10830,1982,61,62
1789636374746590533,merge,1.76734,1.61568,0.932233,0.778155,0.177825,5.36442,19968,20064,13033,10919,1983,61,62
1789636374846949037,merge,1.81796,2.06347,0.931468,0.79777,0.176374,5.88732,20064,19968,12848,10891,1984,61,62
1789636374947506060,merge,1.70194,1.70634,0.933673,0.7638,0.175708,5.37134,20064,19968,13053,10882,1985,61,62
1789636375047623953,merge,1.77025,1.68781,0.926835,0.790225,0.17531,5.43821,19968,19968,13026,11042,1986,61,62
1789636375147535233,merge,2.48599,2.30343,1.05178,0.798723,0.178225,6.93949,19968,20064,12667,10984,1987,61,62
1789636375247418565,merge,1.83612,1.70185,0.960933,0.785586,0.180837,5.56495,20064,19968,13250,10927,1988,61,62
1789636375347524965,merge,1.80138,1.60171,0.918275,0.790697,0.178835,5.38444,19968,20064,12861,10973,1989,61,62
1789636375447407755,merge,1.77866,1.70413,0.927678,0.786493,0.175781,5.46991,19968,19968,12896,11048,1990,61,62
1789636375546785498,merge,2.13363,1.91452,0.938572,0.797139,0.184662,6.08888,20064,20064,13179,11008,1991,61,62
1789636375647908122,merge,1.77729,1.67282,0.952602,0.786893,0.177762,5.45973,19968,19968,12965,10938,1992,61,62
1789636375747442387,merge,1.72015,1.69811,0.933386,0.782141,0.17693,5.40281,20064,19968,13069,11041,1993,61,62
1789636375847502676,merge,2.21271,1.8034,0.965566,0.7916,0.179935,6.06276,19968,20064,13110,11049,1994,61,62
1789636375947915690,merge,1.767,1.70594,0.917577,0.805163,0.17593,5.46062,19968,19968,12965,10999,1995,61,62
1789636376047339143,merge,1.83314,1.67238,0.930076,0.809404,0.176883,5.53369,20064,19968,13034,10957,1996,61,62
1789636376147520108,merge,1.94727,1.62017,0.961408,0.818982,0.183666,5.63,19968,20064,13158,11078,1997,61,62
1789636376247889938,merge,1.95047,1.62268,0.897711,0.792048,0.175049,5.54202,19968,20064,12796,11093,1998,61,62
1789636376347888862,merge,1.86504,1.66465,0.945706,0.786367,0.177881,5.53956,20064,19968,13121,10936,1999,61,62
1789636376447387634,merge,1.92705,1.60415,0.953841,0.78543,0.250283,5.61914,19968,19872,12989,11013,2000,61,62
1789636376546667043,merge,1.87411,1.70657,0.942451,0.807265,0.176592,5.60838,20064,20160,12907,11109,2001,61,62
1789636376647918128,merge,1.76206,1.67137,0.944401,0.799536,0.176995,5.43918,19968,19968,12941,10946,2002,61,62
1789636376747819902,merge,1.94487,2.12579,0.944152,0.767019,0.178353,6.06997,19968,20064,13165,10904,2003,61,62
1789636376847965213,merge,1.68793,1.67981,0.918193,0.778686,0.181386,5.33394,20064,19968,12674,11026,2004,61,62
1789636376947902389,merge,1.78278,1.67714,0.925207,0.77637,0.176932,5.42172,19968,19968,13142,11035,2005,61,62
1789636377047777874,merge,1.76668,1.65508,0.949481,0.844603,0.176557,5.47455,19968,19968,12978,10906,2006,61,62
1789636377147786401,merge,1.72535,1.66762,0.927156,0.789713,0.22109,5.42569,20064,20064,12861,10939,2007,61,62
1789636377247898839,merge,1.72168,1.58912,0.974434,0.793868,0.245379,5.41182,20064,19872,13185,10929,2008,61,62
1789636377347425616,merge,1.6986,2.13418,0.939936,0.804921,0.242977,5.91647,19872,20064,13024,11024,2009,61,62
1789636377547733383,merge,1.69602,1.60201,0.938821,0.808729,0.197394,5.32676,19872,20064,13023,10959,2010,63,64
1789636377647894772,merge,1.72378,1.61257,0.971505,0.789174,0.06795,5.24971,20064,19968,13271,10973,2011,63,64
1789636377747844823,merge,1.70167,1.56847,0.93628,0.795633,0.051301,5.14503,20064,19872,12823,10796,2012,63,64
1789636377847387995,merge,1.7129,1.59988,0.984049,0.790864,0.092431,5.26693,19968,20064,13215,10927,2013,63,64
1789636377947716960,merge,1.94027,1.79753,0.960998,0.790681,0.182146,5.77242,19968,20064,13075,11017,2014,63,64
1789636378047826724,merge,1.70903,1.57927,0.935522,0.781639,0.260876,5.34904,20064,19872,12924,10842,2015,63,64
1789636378147669547,merge,1.69639,1.58952,0.96747,0.793796,0.059349,5.19067,19872,20064,13014,10973,2016,63,64
1789636378247791835,merge,1.72946,1.60135,0.958423,0.802106,0.068109,5.25171,20160,19968,13206,10993,2017,63,64
1789636378347704072,merge,1.68482,1.59399,0.921296,0.86885,0.055321,5.21302,19872,19968,12712,10902,2018,63,64
1789636378447224208,merge,1.71894,1.57301,0.96971,0.780609,0.051455,5.17808,20064,19968,13335,10810,2019,63,64
1789636378547311700,merge,1.94977,1.5941,0.922061,0.778065,0.048284,5.38529,20064,20064,12898,10855,2020,63,64
1789636378647647869,merge,1.7025,1.59855,0.936147,1.00572,0.055,5.38312,19872,19968,12846,10882,2021,63,64
1789636378747136194,merge,1.72003,1.73286,0.980674,0.7962,0.051637,5.36749,20064,20064,13288,10915,2022,63,64
1789636378847702466,merge,1.73498,1.62214,0.924532,0.787722,0.048749,5.20386,19968,19968,12885,10956,2023,63,64
1789636378947213962,merge,1.70345,1.59642,0.917267,0.776516,0.089639,5.16791,19968,20064,13019,10980,2024,63,64
1789636379147683272,merge,1.76293,1.57428,0.957851,0.788194,0.179346,5.34625,19968,19968,12955,10867,2025,64,65
1789636379247590540,merge,1.72628,1.62844,0.958816,0.932315,0.083348,5.41602,19968,19968,13264,10975,2026,64,65
1789636379347098696,merge,1.70546,1.60625,0.932078,0.785976,0.101444,5.2187,19968,20064,13029,10994,2027,64,65
1789636379447633675,merge,1.73644,1.62966,0.980686,0.937884,0.224048,5.59019,20064,19968,13248,10775,2028,64,65
1789636379547617805,merge,1.70221,1.59711,0.944772,0.765393,0.049449,5.14421,19968,19968,12963,10812,2029,64,65
1789636379647136401,merge,1.72774,1.60256,0.943561,0.79864,0.076132,5.2334,19872,20064,13258,11065,2030,64,65
1789636379747647672,merge,1.7914,1.58889,0.935154,0.77559,0.049453,5.24151,20064,19872,12963,10764,2031,64,65
1789636379947646255,merge,1.78901,1.63651,0.935343,0.792344,0.134251,5.37719,19776,19968,13013,11018,2032,64,65
1789636380047617952,merge,1.7793,1.67748,0.955447,0.794463,0.178591,5.47255,20064,19968,13211,10972,2033,64,65
1789636380147523127,merge,2.12133,1.91371,0.92348,0.784252,0.181425,6.03078,19968,20064,12693,10956,2034,64,65
1789636380247622636,merge,1.81326,1.70032,0.953212,0.774839,0.176017,5.50409,19968,19968,13188,10819,2035,64,65
1789636380347519175,merge,1.80688,2.29478,0.930179,0.77599,0.18146,6.09976,19968,20064,12976,10876,2036,64,65
1789636380447608764,merge,1.80686,1.69432,0.932755,0.779294,0.178529,5.47889,19968,19968,12871,10834,2037,64,65
1789636380547601258,merge,1.90863,1.73707,0.944583,0.781045,0.177201,5.65308,20064,19968,12983,10874,2038,64,65
1789636380647494634,merge,1.69347,1.65299,0.952956,0.797556,0.241215,5.42383,19872,20064,13093,11039,2039,64,65
1789636380747623732,merge,2.02661,1.67161,0.934489,0.807306,0.175808,5.71909,19968,19968,12740,10916,2040,64,65
1789636380947445492,merge,1.6925,1.59359,0.939729,0.8028,0.194511,5.31236,19872,20064,12869,11040,2041,66,67
1789636381047594024,merge,1.75087,1.63174,0.932612,0.788972,0.066866,5.26069,20064,19968,12950,10907,2042,66,67
1789636381147515655,merge,1.73174,1.58384,0.942057,0.765643,0.091692,5.20546,19968,20064,13020,10699,2043,66,67
1789636381247580968,merge,1.76345,1.62081,0.940841,0.778898,0.049657,5.24133,19968,19968,13112,10868,2044,66,67
1789636381347476647,merge,2.0257,1.60296,0.934874,0.776607,0.049225,5.48398,20160,19968,12960,10995,2045,66,67
1789636381447449243,merge,1.83258,1.65585,0.953357,0.787493,0.049203,5.37188,19968,19968,13091,10869,2046,66,67
1789636381547430534,merge,1.72015,1.58125,0.94919,0.784836,0.050464,5.17302,19872,20064,13086,10913,2047,66,67
1789636381647416112,merge,1.72383,1.58991,0.914899,0.773521,0.049194,5.14046,20064,19968,12862,10937,2048,66,67
1789636381747391024,merge,2.01501,1.5983,0.93659,0.797827,0.050132,5.48979,20064,19968,13191,10972,2049,66,67
1789636381847386148,merge,1.7691,1.5879,0.955475,0.785683,0.06207,5.25566,19968,20064,13092,10948,2050,66,67
1789636381947461283,merge,2.24227,1.59026,0.905689,0.767871,0.049039,5.65698,19968,19968,12808,10820,2051,66,67
1789636382047385584,merge,1.71325,1.59921,0.952721,0.850186,0.056703,5.2595,20064,19968,13082,10899,2052,66,67
1789636382147339693,merge,1.70549,1.59826,0.96757,0.795585,0.048392,5.2005,19968,20064,13186,10867,2053,66,67
1789636382247389545,merge,1.72754,1.59333,0.938698,0.780934,0.047727,5.18474,20064,19968,12727,10852,2054,66,67
1789636382347363564,merge,1.82272,1.60754,0.954893,0.799833,0.052534,5.34611,19968,19968,13158,11037,2055,66,67
1789636382447360163,merge,1.69704,1.60343,0.921722,0.791174,0.048762,5.1546,19968,20064,12940,10989,2056,66,67
1789636382546863604,merge,1.79221,1.58856,0.9399,0.784131,0.051574,5.25354,20064,19968,12856,10865,2057,66,67
1789636382647363120,merge,2.45172,1.65932,0.931182,0.769588,0.053513,5.967,19968,19968,12969,10894,2058,66,67
1789636382747295483,merge,1.71968,1.61158,0.943045,0.817038,0.059321,5.23744,20064,20064,13189,11080,2059,66,67
1789636382847324136,merge,2.36305,1.63373,0.911036,0.807016,0.053515,5.86662,19968,19968,12670,10807,2060,66,67
1789636382947326909,merge,1.91587,1.61387,0.959161,0.827962,0.055975,5.47975,19968,20064,13109,10772,2061,66,67
1789636383047472393,merge,2.27289,2.31898,1.54804,1.28597,0.055152,7.5835,20064,19968,13115,10939,2062,66,67
1789636383147266658,merge,2.12433,1.62843,0.960828,0.830639,0.054313,5.69827,19968,19968,12826,10900,2063,66,67
1789636383247302492,merge,2.49638,2.3574,1.37096,1.1246,0.110689,7.64568,20064,20064,13262,10949,2064,66,67
1789636383347369205,merge,2.51777,2.36742,1.33342,1.12001,0.103033,7.59528,19872,20064,12997,10923,2065,66,67
1789636383447381225,merge,2.56513,2.36628,1.33851,0.985878,0.053433,7.46617,20160,19872,13049,10885,2066,66,67
1789636383547216974,merge,1.6898,1.5877,0.941712,0.774652,0.050561,5.13374,19872,20064,12987,10910,2067,66,67
1789636383647320474,merge,1.73482,1.62647,0.949289,0.791855,0.050086,5.24124,19968,20064,13115,10931,2068,66,67
1789636383747354553,merge,1.70633,1.60768,0.953935,0.802693,0.050859,5.21083,20064,19968,12890,10956,2069,66,67
1789636383847401845,merge,1.72342,1.59344,0.974025,0.79235,0.050136,5.21935,20064,19968,13290,10823,2070,66,67
1789636383947294521,merge,1.70935,1.58559,0.935067,0.776017,0.048889,5.13987,19968,20064,12875,10885,2071,66,67
1789636384047266405,merge,1.80207,1.66358,0.96724,0.797904,0.050832,5.3716,20064,19968,13096,10935,2072,66,67
1789636384147345960,merge,1.76708,1.68045,0.966453,0.808872,0.049913,5.36068,19968,19968,13050,11009,2073,66,67
1789636384247258439,merge,1.74244,1.8389,1.33496,1.12225,0.112917,6.28132,20064,20064,12889,10927,2074,66,67
1789636384347255621,merge,2.54133,2.06937,0.959322,0.796732,0.051192,6.56621,19968,19968,13000,10902,2075,66,67
1789636384447261017,merge,2.5677,2.38697,1.36641,1.04676,0.058172,7.58247,20064,19968,13275,10977,2076,66,67
1789636384547205411,merge,1.69842,1.59998,0.903113,0.786352,0.048939,5.1143,19872,20064,12542,10997,2077,66,67
1789636384647277306,merge,1.74272,1.58633,0.948544,0.765968,0.047877,5.17031,20064,19968,13202,10868,2078,66,67
1789636384747254160,merge,1.6923,1.60037,0.929292,0.772746,0.049807,5.13191,19968,19968,12970,10957,2079,66,67
1789636384847156437,merge,1.71524,1.61217,0.932535,0.800202,0.049132,5.19832,20064,20064,12847,10953,2080,66,67
1789636384947143937,merge,1.69326,1.58899,0.951305,0.801191,0.049069,5.17415,19968,19968,12987,10910,2081,66,67
1789636385047215332,merge,1.71997,1.59721,0.935119,0.775379,0.049692,5.16725,19968,19968,13117,10933,2082,66,67
1789636385147126396,merge,1.71906,1.60763,0.950925,0.79109,0.049117,5.20409,20064,20064,12771,11011,2083,66,67
1789636385247170114,merge,1.71342,1.58563,0.923109,0.788452,0.049708,5.15221,19968,19968,13102,10894,2084,66,67
1789636385347188182,merge,1.71296,1.58953,0.965267,0.765011,0.050499,5.17578,20064,19968,13126,10883,2085,66,67
1789636385447121554,merge,1.71456,1.61088,0.892602,0.783517,0.048302,5.14187,19968,20064,12772,11116,2086,66,67
1789636385547182619,merge,1.7091,1.61774,0.956515,0.816358,0.054834,5.24282,19968,19968,13204,11128,2087,66,67
1789636385647222299,merge,1.73712,1.6059,0.944867,0.785033,0.049692,5.21031,20064,19968,13083,10962,2088,66,67
1789636385747064151,merge,1.70018,1.59114,0.907878,0.766915,0.050289,5.10432,19968,19968,12879,10940,2089,66,67
1789636385847049798,merge,1.7147,1.61594,0.958544,0.800941,0.05006,5.23245,19968,20064,13076,11042,2090,66,67
1789636385947074913,merge,1.72739,1.62197,0.956054,0.793234,0.052424,5.23893,20064,19968,13081,11074,2091,66,67
1789636386047104042,merge,1.72947,1.59565,0.943325,0.764266,0.047915,5.17004,19968,19968,12780,10923,2092,66,67
1789636386147036184,merge,1.75042,1.61571,0.966861,0.789305,0.046583,5.24858,20064,20064,13293,11071,2093,66,67
1789636386247159622,merge,1.69286,1.61631,0.911041,0.787473,0.048478,5.13928,19968,19968,12803,11111,2094,66,67
1789636386347043652,merge,1.73228,1.60236,0.966959,0.798795,0.049929,5.23975,20064,19968,13031,10932,2095,66,67
1789636386447024890,merge,1.68404,1.59969,0.924314,0.797807,0.050453,5.14196,19968,20064,12933,11019,2096,66,67
1789636386547017997,merge,1.72684,1.59767,0.918695,0.788372,0.051624,5.17613,19968,19968,12987,11088,2097,66,67
1789636386647044617,merge,1.68777,1.62597,0.918549,0.794967,0.048496,5.14672,19968,20064,12777,11019,2098,66,67
1789636386747050279,merge,1.72345,1.59445,0.967549,0.772418,0.050082,5.1933,20064,19968,13231,10900,2099,66,67
1789636386846977802,merge,1.70036,1.59348,0.951836,0.771515,0.050467,5.15259,20064,20064,12793,10970,2100,66,67
1789636386947127833,merge,1.71988,1.59314,0.94127,0.770283,0.050651,5.1667,19968,19872,13031,10938,2101,66,67
1789636387046945386,merge,1.71474,1.6046,0.942494,0.786344,0.056041,5.19227,19968,20064,13127,11013,2102,66,67
1789636387146970220,merge,1.70874,1.58055,0.922239,0.776749,0.050364,5.12982,19968,20064,12867,10908,2103,66,67
1789636387247050892,merge,1.73776,1.59056,0.959056,0.786341,0.050956,5.21493,20064,19872,13142,10952,2104,66,67
1789636387346902716,merge,1.72766,1.61929,0.929899,0.788882,0.060108,5.21624,19968,20064,13120,11158,2105,66,67
1789636387447047908,merge,1.71187,1.58479,0.942642,0.767467,0.051271,5.15124,20064,19968,12918,10887,2106,66,67
1789636387546975935,merge,1.72566,1.60689,0.935011,0.778591,0.05042,5.18284,19968,20064,13084,10890,2107,66,67
1789636387647070663,merge,1.71843,1.58941,0.934849,0.782524,0.052588,5.15511,19968,19872,13153,10932,2108,66,67
1789636387746934080,merge,1.69482,1.59314,0.917847,0.788197,0.048244,5.11435,20064,19968,12759,10842,2109,66,67
1789636387846993322,merge,1.7194,1.59312,0.943271,0.785359,0.048116,5.17079,19968,20160,13172,10930,2110,66,67
1789636387947020465,merge,1.73465,1.63105,0.94882,0.781947,0.052842,5.23656,20064,19872,13075,10904,2111,66,67
1789636388046965613,merge,1.70727,1.6037,0.945704,0.831642,0.049811,5.22372,19968,19968,12864,10974,2112,66,67
1789636388146988435,merge,1.71334,1.58154,0.941964,0.785028,0.050132,5.16364,19968,20064,13013,10894,2113,66,67
1789636388246913460,merge,2.16354,1.88819,0.97907,0.794487,0.052986,5.99744,20064,19968,13205,10890,2114,66,67
1789636388346939825,merge,1.72212,1.59692,0.906501,0.773297,0.050014,5.12093,20064,19968,12705,11012,2115,66,67
1789636388446909455,merge,1.86872,1.58921,0.935649,0.780113,0.049317,5.32525,19968,20064,13248,10941,2116,66,67
1789636388547272131,merge,1.71874,1.57779,0.957105,0.791233,0.05094,5.18723,19968,19968,13000,10811,2117,66,67
1789636388646899043,merge,1.69705,1.59867,0.927486,0.786825,0.049427,5.14509,20064,19968,12830,10918,2118,66,67
1789636388746845477,merge,2.19183,1.62623,1.00531,0.800332,0.051937,5.78599,19968,20064,13293,10908,2119,66,67
1789636388846896803,merge,1.71127,1.58023,0.933075,0.787056,0.049657,5.15646,19968,19968,12949,10843,2120,66,67
1789636388946873171,merge,1.69511,1.58422,0.950486,0.830612,0.050169,5.19764,19968,19968,12930,10928,2121,66,67
1789636389046860801,merge,1.75518,1.60566,0.976434,0.793998,0.058841,5.27403,20064,20160,13475,11059,2122,66,67
1789636389146903128,merge,1.68767,1.57145,0.942775,0.790352,0.049647,5.13265,19968,19872,12892,10721,2123,66,67
1789636389246876003,merge,2.49239,1.62508,0.967445,0.78567,0.05224,6.03484,20064,19968,13383,10950,2124,66,67
1789636389347275042,merge,1.74573,1.63026,0.924161,0.808349,0.052763,5.24851,19968,20064,13016,11065,2125,66,67
1789636389446806259,merge,1.78336,1.68614,1.00367,0.780703,0.046716,5.40238,20064,19968,13314,10794,2126,66,67
1789636389547269210,merge,1.69949,1.58149,0.944315,0.779881,0.049096,5.13832,19968,20064,12930,10755,2127,66,67
1789636389647336685,merge,1.74079,1.59028,0.967286,0.781187,0.051101,5.21333,19968,19968,13356,10926,2128,66,67
1789636389746831393,merge,1.69832,1.60156,0.919415,0.80815,0.049797,5.16639,19776,19968,12893,10975,2129,66,67
1789636389846843379,merge,1.71585,1.57373,0.947927,0.787316,0.049823,5.15911,20256,19968,13035,10844,2130,66,67
1789636389947323380,merge,2.18104,1.61628,0.958715,0.814791,0.050502,5.72155,19872,20160,12993,11012,2131,66,67
1789636390047274838,merge,1.71313,1.5963,0.950739,0.781011,0.052034,5.18923,19872,19872,13114,10871,2132,66,67
1789636390146772334,merge,1.69084,1.61237,0.931272,0.784604,0.048028,5.15205,20064,19968,12718,10863,2133,66,67
1789636390246687077,merge,1.71558,1.58649,0.956205,0.788107,0.049801,5.18588,19968,20064,13124,10954,2134,66,67
1789636390346798664,merge,1.70909,1.59322,0.959796,0.787994,0.048387,5.1876,19968,19968,12976,10908,2135,66,67
1789636390446771930,merge,2.53623,2.37645,1.33022,1.12692,0.118749,7.64568,20064,19968,12966,10850,2136,66,67
1789636390546708881,merge,2.5182,2.33753,1.31913,1.10755,0.11274,7.5446,19968,19968,12930,10759,2137,66,67
1789636390646802168,merge,2.53059,2.36715,1.34962,1.14667,0.119944,7.67294,19968,20064,13149,11006,2138,66,67
1789636390746719847,merge,2.52262,2.37614,1.31728,1.12743,0.114802,7.61574,19968,19968,12822,10963,2139,66,67
1789636390846630755,merge,2.56214,2.17518,0.954315,0.846051,0.060797,6.73496,20064,20064,13090,10919,2140,66,67
1789636390946798798,merge,1.70671,1.58779,0.978833,0.793267,0.051429,5.21458,19968,19968,13099,10842,2141,66,67
1789636391046705086,merge,1.70728,1.59526,0.928321,0.782587,0.049719,5.14538,19968,19968,12887,10956,2142,66,67
1789636391146679048,merge,2.54915,2.3733,1.34587,1.12516,0.103923,7.65357,20064,20064,13120,10958,2143,66,67
1789636391247057049,merge,2.51973,2.34743,1.33093,1.10645,0.099032,7.55557,19872,19968,12988,10778,2144,66,67
1789636391346629983,merge,2.55884,2.38101,1.35169,1.04374,0.059225,7.55167,20160,20064,13054,10913,2145,66,67
1789636391446745982,merge,1.72376,1.60011,0.959,0.794419,0.049663,5.21242,19968,19968,13025,10970,2146,66,67
1789636391547186557,merge,2.54995,2.35041,1.35414,1.11783,0.095993,7.63004,19968,19968,13145,10801,2147,66,67
1789636391646690410,merge,1.77886,1.60147,0.925484,0.7883,0.048899,5.24625,20064,20064,12739,10948,2148,66,67
1789636391747113424,merge,1.71291,1.59707,0.923343,0.775788,0.049972,5.14303,19968,19968,13144,10982,2149,66,67
1789636391846677977,merge,1.6891,1.59253,0.9344,0.772503,0.050589,5.12407,19968,19968,13010,10857,2150,66,67
1789636391946602612,merge,1.72789,1.58189,0.929395,0.797772,0.0497,5.17966,20064,20064,12871,10940,2151,66,67
1789636392046800766,merge,1.69311,1.59722,0.952838,0.800971,0.049396,5.17885,19968,19968,12970,10929,2152,66,67
1789636392146711187,merge,1.70813,1.60452,0.962117,0.8096,0.048448,5.21761,19968,20064,13147,10891,2153,66,67
1789636392246762437,merge,1.70738,1.57824,0.919174,0.781897,0.047987,5.11591,20064,19968,12622,10818,2154,66,67
1789636392346953399,merge,2.58022,2.36045,1.30597,0.831101,0.055063,7.30077,20064,19968,13244,10908,2155,66,67
1789636392447081364,merge,1.72393,1.62041,0.933015,0.780698,0.048367,5.19167,19968,19968,12971,10980,2156,66,67
1789636392547058777,merge,1.98868,1.96662,0.90873,0.789251,0.049178,5.81217,19968,20064,12750,10905,2157,66,67
1789636392646600830,merge,1.72089,1.58049,0.978138,0.791387,0.050237,5.20354,20064,19968,13181,10864,2158,66,67
1789636392747021982,merge,1.71271,1.5942,0.963884,0.789014,0.049261,5.19174,19968,19968,13102,11009,2159,66,67
1789636392846935483,merge,1.72896,1.63264,0.909802,0.782059,0.04929,5.18844,19968,20064,12770,11039,2160,66,67
1789636392946617474,merge,1.7079,1.59471,0.983015,0.780957,0.050599,5.20358,19968,20064,13110,10821,2161,66,67
1789636393046730761,merge,1.71888,1.5818,0.963945,0.791382,0.051795,5.19305,19968,19968,13182,10797,2162,66,67
1789636393146636109,merge,1.70174,1.61042,0.945448,0.80646,0.051173,5.20202,20064,20064,12798,11030,2163,66,67
1789636393246718955,merge,1.70952,1.97161,1.08766,0.792248,0.052265,5.71095,19968,19968,13164,10880,2164,66,67
1789636393346659255,merge,1.71249,1.57432,0.968871,0.77204,0.05378,5.18335,20064,19872,13161,10772,2165,66,67
1789636393546952656,merge,1.69099,1.59504,0.94174,0.805205,0.116974,5.2369,19968,19968,13023,10931,2166,66,67
1789636393646848148,merge,1.84398,1.65702,0.946838,0.791993,0.175989,5.50877,20064,19968,13075,10866,2167,66,67
1789636393746983869,merge,1.68589,1.64228,0.926877,0.792242,0.235674,5.37241,19872,20064,12687,10992,2168,66,67
1789636393947866214,merge,1.70597,1.58784,0.912759,0.786368,0.180137,5.26656,19968,19968,12700,10826,2169,68,69
1789636394046933821,merge,1.74396,1.62532,0.94349,0.794204,0.094694,5.29089,19968,20064,13020,10898,2170,68,69
1789636394146603648,merge,1.74423,1.59843,0.948891,0.804031,0.049199,5.23837,20064,19968,13077,10989,2171,68,69
1789636394246920172,merge,1.69987,1.59076,0.924268,0.799462,0.04998,5.14967,19968,19968,12842,10916,2172,68,69
1789636394346851380,merge,1.72563,1.59047,0.934984,0.800988,0.047885,5.19038,19968,20160,12883,10966,2173,68,69
1789636394446738441,merge,1.70328,1.59126,0.945788,0.794176,0.052015,5.1692,19968,19968,13126,10996,2174,68,69
1789636394546842714,merge,2.55332,2.39005,1.32529,1.12685,0.106669,7.66489,20064,19968,12891,10990,2175,68,69
1789636394646825553,merge,2.52991,2.36669,1.34595,1.13036,0.109133,7.63495,20064,19968,13125,10960,2176,68,69
1789636394747826408,merge,2.31312,1.60001,0.970558,0.781144,0.057669,5.83037,19968,20064,13151,10902,2177,68,69
1789636394846829749,merge,1.70205,1.59895,0.94099,0.806808,0.048286,5.1814,19968,19968,12727,10943,2178,68,69
1789636394946792235,merge,1.77232,1.58543,0.959485,0.772592,0.049009,5.23253,20064,19968,13315,10861,2179,68,69
1789636395046911227,merge,1.69271,1.59066,1.19275,1.20844,0.058491,5.82431,19872,20064,13014,10987,2180,68,69
1789636395146624363,merge,1.73418,1.59423,0.94441,0.794779,0.049705,5.20889,20160,19968,12973,11033,2181,68,69
1789636395247757379,merge,1.69201,1.60353,0.928822,0.803074,0.04919,5.1615,19872,20064,12939,11002,2182,68,69
1789636395346625764,merge,1.711,1.58565,0.989295,0.788279,0.051122,5.21244,20064,19968,13258,10955,2183,68,69
1789636395446741972,merge,1.68619,1.59242,0.911794,0.796777,0.049742,5.12077,19968,20064,12605,10995,2184,68,69
1789636395546817927,merge,2.23674,1.61899,0.964985,0.790849,0.051023,5.75391,20064,19968,13252,11133,2185,68,69
1789636395646769066,merge,1.68267,1.59647,1.01239,0.788935,0.053323,5.22004,19968,19968,12896,10951,2186,68,69
1789636395746681934,merge,1.72153,1.59353,0.943291,0.794104,0.048682,5.18599,20064,19968,12903,10924,2187,68,69
1789636395846790023,merge,1.68117,1.61322,0.924053,0.794492,0.053943,5.15091,19968,20064,12940,11038,2188,68,69
1789636395946701609,merge,1.71449,1.61347,0.966437,0.828818,0.053863,5.26816,20064,19968,13093,11071,2189,68,69
1789636396047716944,merge,1.72802,1.61848,0.934696,0.809948,0.049391,5.23423,19968,20064,12759,11028,2190,68,69
1789636396146711053,merge,1.70675,1.59539,0.947815,0.814483,0.04893,5.19823,19968,19968,13127,11027,2191,68,69
1789636396246720555,merge,1.8079,1.67287,0.99356,0.845196,0.053728,5.47515,20064,20064,13003,11057,2192,68,69
1789636396346754113,merge,1.89498,1.6177,0.913154,0.789195,0.052745,5.36616,19968,19968,12918,11104,2193,68,69
1789636396446706199,merge,1.70487,1.59329,0.957961,0.782787,0.053221,5.18156,19968,19968,13168,10955,2194,68,69
1789636396546783641,merge,1.71136,1.60875,0.939586,0.802733,0.051218,5.20454,20064,20064,12987,11059,2195,68,69
1789636396646732653,merge,1.69855,1.61183,0.939722,0.799838,0.050255,5.18085,19968,19968,13012,11054,2196,68,69
1789636396746676660,merge,1.68942,1.59667,0.948279,0.795283,0.049831,5.1637,19968,19968,13055,10926,2197,68,69
1789636396846626921,merge,1.71257,1.58523,0.95422,0.787971,0.05156,5.18158,20064,20064,13052,10881,2198,68,69
1789636396946720568,merge,1.6931,1.58738,0.924777,0.788702,0.050049,5.128,19968,19968,12902,10979,2199,68,69
1789636397046633009,merge,1.73174,1.60353,0.958855,0.79264,0.050864,5.22693,20064,20064,13253,11035,2200,68,69
1789636397147597229,merge,1.69637,1.56929,0.931713,0.782392,0.047872,5.11193,20064,19872,12774,10831,2201,68,69
1789636397247706955,merge,1.7176,1.60872,0.944926,0.801593,0.049391,5.20983,19872,20160,13008,11063,2202,68,69
1789636397347012155,merge,1.70415,1.59493,0.964957,0.788086,0.050909,5.19007,20064,19872,13074,10946,2203,68,69
1789636397446798975,merge,1.69325,1.5987,0.924044,0.788712,0.050235,5.14141,19968,20064,12885,11018,2204,68,69
1789636397546761803,merge,1.69948,1.57981,0.93796,0.777818,0.049722,5.12996,19968,19968,12846,10812,2205,68,69
1789636397646669909,merge,1.71319,1.59271,0.963683,0.79099,0.049297,5.19344,19968,19968,13206,10926,2206,68,69
1789636397746665586,merge,1.6961,1.59868,0.91898,0.794184,0.048366,5.14435,20160,19968,12714,10973,2207,68,69
1789636397847607785,merge,1.72191,1.58417,0.955024,0.78867,0.049711,5.18667,19872,19968,13092,10852,2208,68,69
1789636397946604404,merge,1.73501,1.59833,0.952735,0.79803,0.060052,5.24092,20064,20160,13152,11047,2209,68,69
1789636398046911452,merge,1.68809,1.59365,0.944833,0.790618,0.048249,5.15083,19968,19872,12831,10931,2210,68,69
1789636398146664854,merge,1.70421,1.58458,0.961818,0.787337,0.048568,5.16905,20064,19968,13185,10858,2211,68,69
1789636398246659390,merge,1.70613,1.59251,0.93609,0.795527,0.050218,5.17324,20064,20064,13128,10999,2212,68,69
1789636398347597799,merge,1.68963,1.59518,0.940068,0.788673,0.048739,5.14783,19968,19968,12836,10994,2213,68,69
1789636398447555378,merge,1.69222,1.59661,1.0089,0.795463,0.049831,5.22817,19872,19968,13091,10955,2214,68,69
1789636398546643006,merge,1.73028,1.57841,0.955537,0.78176,0.048561,5.18102,20160,20064,13304,10782,2215,68,69
1789636398647628439,merge,1.69386,1.59009,0.934416,0.791255,0.047052,5.1381,19968,20064,12783,10900,2216,68,69
1789636398747836379,merge,1.71548,1.58789,0.961174,0.789434,0.050187,5.18479,19968,19872,13262,10912,2217,68,69
1789636398846692676,merge,1.71587,1.58926,0.956691,0.786849,0.050732,5.18499,19968,20064,13092,10939,2218,68,69
1789636398946781477,merge,1.69524,1.58351,0.947257,0.807694,0.046962,5.16254,20064,19968,12857,10886,2219,68,69
1789636399047440119,merge,1.7308,1.59956,0.976288,0.786778,0.050647,5.23104,19968,20064,13411,10985,2220,68,69
1789636399146902036,merge,1.68775,1.59135,0.942887,0.798777,0.048128,5.15357,20064,19968,12877,10921,2221,68,69
1789636399247488692,merge,1.72165,1.58569,0.96534,0.801805,0.048746,5.21033,19968,20064,13176,10962,2222,68,69
1789636399347464291,merge,1.70053,1.60466,0.975744,0.984836,0.047852,5.40261,19872,19968,13092,10930,2223,68,69
1789636399446685068,merge,1.70616,1.59893,0.92795,0.777427,0.050545,5.14937,20064,19968,13079,10906,2224,68,69
1789636399546629425,merge,1.70178,1.56869,0.953885,0.789751,0.047388,5.14597,20064,19968,12956,10718,2225,68,69
1789636399646743106,merge,1.7238,1.58441,0.952136,0.88029,0.047907,5.272,19968,19968,13190,10894,2226,68,69
1789636399746623809,merge,1.71003,1.60444,0.948594,0.797562,0.048416,5.1936,19968,20064,13039,11078,2227,68,69
1789636399846668815,merge,1.69231,1.58116,0.958912,0.789255,0.047739,5.15237,20064,19968,12953,10839,2228,68,69
1789636399946656485,merge,1.69368,1.57439,0.963324,0.780203,0.050189,5.14719,19872,19968,12971,10789,2229,68,69
1789636400046610126,merge,1.69874,1.61802,0.968864,0.807228,0.050628,5.23004,19872,20160,13164,11150,2230,68,69
1789636400147769227,merge,1.69807,1.59821,0.935522,0.790339,0.047491,5.15567,20064,19968,12859,10958,2231,68,69
1789636400246865127,merge,1.71108,1.59608,0.98802,0.788322,0.049426,5.23008,19968,19968,13079,10776,2232,68,69
1789636400347341690,merge,1.70139,1.58706,0.955098,0.784283,0.048436,5.16151,19968,19968,13148,10813,2233,68,69
1789636400446602515,merge,1.70221,1.59677,0.945305,0.780609,0.050061,5.16144,20064,19968,12971,10853,2234,68,69
1789636400546627614,merge,1.70894,1.59985,0.950861,0.806908,0.050276,5.20466,19968,20160,13110,11019,2235,68,69
1789636400647756906,merge,1.93571,1.56792,0.937583,0.780184,0.053879,5.36298,19968,19872,13121,10776,2236,68,69
1789636400747325036,merge,1.74032,1.64545,0.942167,0.806532,0.049648,5.27472,20064,20064,12999,10988,2237,68,69
1789636400847319284,merge,1.73824,1.64172,0.948453,0.796496,0.049108,5.26722,19968,20064,12974,11017,2238,68,69
1789636400947691142,merge,1.72541,1.61234,0.963418,0.788473,0.049236,5.23236,19968,19968,13156,10849,2239,68,69
1789636401047697223,merge,1.72055,1.62457,0.936389,0.810904,0.049069,5.23383,19968,20064,12852,10912,2240,68,69
1789636401147729144,merge,1.73718,1.63103,0.969857,0.768203,0.050503,5.24863,20064,19968,13049,10898,2241,68,69
1789636401247762038,merge,1.73516,1.61368,0.951464,0.768795,0.048792,5.21247,19968,19968,12980,10759,2242,68,69
1789636401347393878,merge,1.73988,1.61167,0.953453,0.77517,0.05843,5.22275,20064,20064,12997,10977,2243,68,69
1789636401447707656,merge,1.72591,1.62146,0.930792,0.773906,0.049699,5.18655,19968,19872,12822,10850,2244,68,69
1789636401547361581,merge,2.19155,1.64293,0.952411,0.800468,0.052953,5.74996,19968,20160,13201,11066,2245,68,69
1789636401647770959,merge,1.72516,1.60577,0.935013,0.774276,0.049536,5.1788,20064,19968,12780,10857,2246,68,69
1789636401747629155,merge,1.75307,1.62128,0.94203,0.792513,0.049826,5.24744,20064,19968,13129,10958,2247,68,69
1789636401847637586,merge,1.71319,1.64108,0.941377,0.780064,0.049779,5.21119,19872,20064,12894,11005,2248,68,69
1789636401947736817,merge,1.75944,1.60151,0.948539,0.752613,0.053248,5.21134,20064,19968,12920,10735,2249,68,69
1789636402047580221,merge,2.42881,1.59327,0.938123,0.791192,0.048937,5.915,19968,20064,12985,10836,2250,68,69
1789636402147715955,merge,1.72927,1.63187,0.948812,0.799315,0.05341,5.25244,19968,19968,13089,11034,2251,68,69
1789636402247647595,merge,1.75494,1.62504,0.950631,0.777595,0.049257,5.2561,20064,19968,12910,10865,2252,68,69
1789636402347582544,merge,1.72721,1.58767,0.943065,0.788102,0.054281,5.195,19968,20064,13051,10888,2253,68,69
1789636402447645441,merge,1.72374,1.5838,0.974527,0.787044,0.052735,5.20915,20064,19872,13282,10861,2254,68,69
1789636402547312631,merge,1.73324,1.62525,0.935287,0.786477,0.050283,5.23049,19968,20064,12712,11018,2255,68,69
1789636402647507816,merge,1.73338,1.61396,0.971679,0.821684,0.053147,5.2799,19968,20064,13134,10952,2256,68,69
1789636402747687206,merge,1.70792,1.58764,0.955937,0.783039,0.048671,5.17307,19968,19968,13057,10868,2257,68,69
1789636402947491496,merge,1.7066,1.59711,0.938745,0.786283,0.049352,5.1639,19968,20064,13009,10793,2258,69,70
1789636403047644671,merge,1.7265,1.58608,0.944731,0.782229,0.048234,5.17426,19968,19968,13131,10892,2259,69,70
1789636403147602314,merge,1.7173,1.6297,0.906631,0.777118,0.051981,5.18849,20064,19968,12671,10991,2260,69,70
1789636403247537421,merge,1.7047,1.6123,0.972745,0.810341,0.049725,5.23774,19968,20064,13156,11026,2261,69,70
1789636403347515345,merge,1.71455,1.57533,0.918329,0.76719,0.049499,5.10982,20064,19968,12991,10828,2262,69,70
1789636403447572738,merge,1.72248,1.59874,0.926945,0.793582,0.047859,5.17144,19968,20064,12843,10985,2263,69,70
1789636403547592942,merge,1.70599,1.60753,0.981169,0.808114,0.049513,5.24224,19968,19968,12989,10999,2264,69,70
1789636403647591332,merge,1.70463,1.58644,0.935473,0.779572,0.0477,5.13194,20064,19968,13103,10842,2265,69,70
1789636403747523886,merge,1.69945,1.5927,0.94308,0.777434,0.048518,5.14773,19968,20064,12753,10796,2266,69,70
1789636403847589004,merge,1.71758,1.60822,0.920374,0.771403,0.055362,5.15945,19968,19968,13119,10941,2267,69,70
1789636403947582111,merge,1.72137,1.59831,0.929343,0.773359,0.04983,5.16892,19968,19968,13141,10920,2268,69,70
1789636404047503551,merge,1.70308,1.59455,0.937796,0.772973,0.049289,5.14533,19968,20064,12759,10982,2269,69,70
1789636404247425120,merge,1.71128,1.59671,0.91991,0.781812,0.050897,5.15945,19968,19968,12883,10919,2270,70,71
1789636404347436289,merge,1.707,1.59272,0.950802,0.77959,0.049391,5.16776,19968,20064,12968,10990,2271,70,71
1789636404447493225,merge,1.70252,1.58425,0.90811,0.771886,0.05138,5.11242,19968,19968,13044,10949,2272,70,71
1789636404547413281,merge,1.73432,1.60314,0.928959,0.782922,0.047648,5.18044,20160,19968,13002,11018,2273,70,71
1789636404647427254,merge,1.69758,1.60165,0.912463,0.773223,0.049516,5.1288,19872,20064,12876,10867,2274,70,71
1789636404747474523,merge,1.72525,1.5861,0.965741,0.777779,0.053266,5.20327,20064,19968,13244,10829,2275,70,71
1789636404847455517,merge,1.70734,1.60137,0.916921,0.80546,0.050433,5.1723,20064,19968,12690,10951,2276,70,71
1789636404947372100,merge,1.69035,1.60141,0.915013,0.78025,0.048711,5.11703,19872,20064,13055,11017,2277,70,71
1789636405047326791,merge,1.71749,1.58617,0.962517,0.784093,0.046383,5.1811,20064,19968,13072,10904,2278,70,71
1789636405147359605,merge,1.70694,1.59464,0.940178,0.784959,0.047032,5.16246,19968,20064,12792,10954,2279,70,71
1789636405247460245,merge,1.6978,1.60482,0.957496,0.765273,0.049641,5.16429,19968,19968,12926,11026,2280,70,71
1789636405347342360,merge,1.72012,1.5899,0.950856,0.781531,0.050784,5.18354,20064,19968,13222,10898,2281,70,71
1789636405447323388,merge,1.71974,1.59158,0.907847,0.790563,0.050554,5.154,20064,19968,12759,10956,2282,70,71
1789636405547295967,merge,1.71332,1.60806,0.944811,0.795035,0.051469,5.19655,19968,19968,13094,11055,2283,70,71
1789636405647310553,merge,1.71308,1.62148,0.944206,0.786983,0.050319,5.19903,20064,20064,13169,11015,2284,70,71
1789636405747303641,merge,1.69707,1.59785,0.911615,0.785621,0.051516,5.13161,19872,20064,12671,10943,2285,70,71
1789636405847406113,merge,2.78465,1.6438,0.970381,0.802779,0.051287,6.40563,19968,19968,13180,10920,2286,70,71
1789636405947272356,merge,1.73001,1.60957,0.944231,0.790365,0.049532,5.21051,20160,19968,13218,11063,2287,70,71
1789636406047275028,merge,1.69428,1.60694,0.93212,0.792902,0.050512,5.16625,19872,20064,12779,11031,2288,70,71
1789636406147399364,merge,1.72249,1.58913,0.972129,0.786451,0.051676,5.20638,20160,19968,13249,10909,2289,70,71
1789636406247382613,merge,1.69424,2.0622,1.34696,1.13658,0.104532,6.47875,19872,20064,13031,11078,2290,70,71
1789636406347403298,merge,2.51423,2.41763,1.27687,0.813443,0.052584,7.24311,19968,19968,12652,11097,2291,70,71
1789636406447351287,merge,1.7307,1.60386,0.966283,0.798821,0.050855,5.24479,20160,19968,13368,11011,2292,70,71
1789636406547237058,merge,1.71036,1.59981,0.955233,0.803985,0.049052,5.18835,20064,19968,12877,11023,2293,70,71
1789636406647230593,merge,1.69422,1.62495,0.934257,0.787151,0.049174,5.17585,19872,20064,12903,11055,2294,70,71
1789636406747333916,merge,1.70108,1.6158,0.950439,0.7966,0.049858,5.18604,20064,19968,13076,11081,2295,70,71
1789636406847282714,merge,1.74064,1.60207,0.941186,0.788281,0.051422,5.19931,20064,19968,12988,10924,2296,70,71
1789636406947219966,merge,1.692,1.59347,0.931546,0.782956,0.048877,5.13787,19968,19968,12821,10919,2297,70,71
1789636407047203269,merge,1.712,1.61607,0.960702,0.80317,0.048243,5.22103,19968,20064,13107,10984,2298,70,71
1789636407147291621,merge,1.70791,1.6056,0.93175,0.792647,0.047969,5.17632,19968,19968,12816,10927,2299,70,71
1789636407247192271,merge,1.733,1.58679,0.93375,0.796079,0.047357,5.16535,20064,19968,12998,10906,2300,70,71
1789636407347184919,merge,1.7233,1.60768,0.958412,0.824737,0.046218,5.22617,19968,20064,13100,11135,2301,70,71
1789636407447192275,merge,1.70819,1.614,0.936346,0.804239,0.055921,5.20072,20064,19968,12917,11005,2302,70,71
1789636407547213381,merge,1.72285,1.59957,0.936156,0.772626,0.050338,5.16988,19968,19968,13039,10830,2303,70,71
1789636407647267653,merge,1.73294,1.60953,0.935736,0.769428,0.048249,5.18151,19968,19968,13101,10865,2304,70,71
1789636407847259799,merge,1.72907,1.61371,0.936059,0.7727,0.133057,5.26816,20064,19872,13018,10843,2305,70,71
1789636407947202056,merge,1.73331,1.6038,0.935107,0.781734,0.240817,5.38062,19872,20064,13105,10929,2306,70,71
1789636408046754561,merge,1.72365,1.68814,0.941078,0.775439,0.161696,5.37392,20160,19968,12881,10932,2307,70,71
1789636408147108726,merge,1.80382,1.61204,0.941185,0.771357,0.248104,5.46295,19968,19872,13152,10888,2308,70,71
1789636408247087415,merge,1.73308,1.69042,0.93596,0.786294,0.186566,5.41885,20064,20064,13098,10969,2309,70,71
1789636408347167619,merge,1.78671,1.68534,0.919086,0.781389,0.177099,5.43428,19968,19968,12862,10908,2310,70,71
1789636408447115129,merge,1.79973,1.69952,0.935427,0.782301,0.175319,5.47706,19968,19968,13017,10998,2311,70,71
1789636408547067745,merge,1.71351,1.66987,0.983402,0.780324,0.179674,5.41491,20064,20064,13237,10747,2312,70,71
1789636408647196155,merge,2.61035,2.49682,1.1996,0.812525,0.200139,7.47473,19968,19968,12660,10810,2313,70,71
1789636408747115563,merge,1.7914,1.67514,0.967524,0.806088,0.18237,5.49946,19968,19968,13162,10921,2314,70,71
1789636408847037637,merge,1.74507,1.72274,0.936458,0.815874,0.18332,5.49515,20064,20064,13071,11010,2315,70,71
1789636408947167644,merge,1.78508,1.70131,0.921841,0.792722,0.182509,5.47046,19968,19968,12808,10887,2316,70,71
1789636409047132515,merge,1.81702,1.69911,0.939713,0.792349,0.178298,5.52214,19968,19968,13201,10934,2317,70,71
1789636409146993101,merge,1.82381,1.64372,0.943635,0.806936,0.186205,5.4983,19968,20064,13052,11059,2318,70,71
1789636409247014314,merge,1.72798,1.70495,0.94623,0.787162,0.209855,5.46687,20064,19968,12967,10860,2319,70,71
1789636409347009155,merge,1.78642,1.7199,0.954139,0.807653,0.188081,5.55087,20064,20064,13324,10939,2320,70,71
1789636409447104298,merge,1.79853,1.7146,0.940515,0.808626,0.176828,5.5298,19968,19968,12973,10896,2321,70,71
1789636409547016768,merge,1.82992,1.71125,0.954203,0.773459,0.184804,5.54153,19968,19968,13203,10776,2322,70,71
1789636409646978628,merge,1.71062,1.65294,0.957082,0.794918,0.171506,5.37481,20064,19968,13121,10787,2323,70,71
1789636409746966475,merge,1.79474,1.59328,0.987959,0.800618,0.177503,5.44387,19968,20064,13288,11013,2324,70,71
1789636409847046227,merge,1.70535,1.70294,0.911552,0.781711,0.180234,5.37424,20064,19968,12885,10979,2325,70,71
1789636409947672645,merge,1.75965,1.62119,0.961344,0.767618,0.253292,5.45239,19872,20064,13264,10825,2326,70,71
1789636410047097369,merge,1.6964,1.63476,0.958817,0.76753,0.249002,5.39219,19872,19968,13082,10882,2327,70,71
1789636410146974889,merge,1.72696,1.68117,1.06306,0.797692,0.182468,5.54314,20160,19968,12913,11006,2328,70,71
1789636410247520702,merge,1.70073,1.59871,0.947174,0.793439,0.241911,5.37149,19872,20064,13016,10896,2329,70,71
1789636410347025869,merge,1.69767,1.63477,0.962315,0.796227,0.240312,5.4173,19872,19968,13091,10766,2330,70,71
1789636410447052355,merge,1.68302,1.67592,0.95508,0.775586,0.173442,5.34997,20064,19968,12872,10858,2331,70,71
1789636410546998939,merge,1.7743,1.67116,0.969334,0.784518,0.174815,5.45741,19968,19968,13016,10916,2332,70,71
1789636410646875023,merge,1.76377,1.58641,0.953921,0.814968,0.180533,5.38568,19968,20064,13029,10944,2333,70,71
1789636410747029298,merge,1.69958,1.66481,0.954307,0.792169,0.173721,5.37212,20064,19968,13018,10914,2334,70,71
1789636410846934314,merge,1.69825,1.62496,0.926873,0.806669,0.2349,5.38106,19872,20064,12724,11031,2335,70,71
1789636410947004555,merge,1.71539,1.65683,0.971321,0.769433,0.172697,5.36938,20064,19968,13304,10769,2336,70,71
1789636411046878398,merge,1.68623,1.6368,0.908833,0.782681,0.233069,5.32985,19872,19968,12876,10871,2337,70,71
1789636411146905997,merge,1.71377,1.68491,0.938893,0.792786,0.188236,5.40565,20160,20064,12974,10990,2338,70,71
1789636411246976949,merge,1.75661,1.6675,0.943544,0.785114,0.186213,5.42957,19968,19968,12980,10796,2339,70,71
1789636411346884301,merge,1.7629,1.65111,0.95792,0.779755,0.173267,5.41554,19968,19968,13030,10739,2340,70,71
1789636411446846358,merge,1.70606,1.67526,0.952829,0.80008,0.175159,5.39902,20064,20064,12924,11041,2341,70,71
1789636411546894828,merge,1.79663,1.67197,0.943623,0.783637,0.174877,5.45758,19968,19968,13102,10942,2342,70,71
1789636411646918029,merge,1.71235,1.65597,0.949722,0.783368,0.173844,5.35932,20064,19968,13078,10831,2343,70,71
1789636411746816571,merge,1.71417,1.58635,0.909147,0.771098,0.236077,5.30534,19872,20064,12841,10954,2344,70,71
1789636411846848954,merge,1.71572,1.68818,0.95931,0.808535,0.175309,5.43299,20064,19968,13271,10968,2345,70,71
1789636411946815750,merge,1.76709,1.67319,0.943947,0.792534,0.173483,5.43867,19968,19968,12939,10911,2346,70,71
1789636412046786317,merge,1.73233,1.67192,0.933192,0.806808,0.172265,5.40832,20064,20064,12987,10862,2347,70,71
1789636412146836372,merge,1.77276,1.67514,0.979125,0.796685,0.173596,5.4839,19968,19968,13060,10947,2348,70,71
1789636412246780291,merge,1.75668,1.6799,0.958025,0.796821,0.188316,5.46507,19968,19968,12996,10920,2349,70,71
1789636412346751832,merge,1.7526,1.5857,0.935331,0.811798,0.179241,5.35268,19968,20064,12796,10935,2350,70,71
1789636412446804590,merge,1.72648,1.66845,0.966426,0.809039,0.17327,5.43571,20064,20064,13251,10965,2351,70,71
1789636412546872616,merge,1.7572,1.59229,0.920635,0.788759,0.241781,5.38527,19968,19872,12774,10919,2352,70,71
1789636412646728873,merge,1.76075,1.68098,0.937408,0.802625,0.174714,5.44718,20064,20064,13030,10923,2353,70,71
1789636412746732343,merge,1.78586,1.58841,0.937914,0.797621,0.17322,5.37265,19968,20064,12946,10939,2354,70,71
1789636412846828532,merge,1.7102,1.68828,0.957546,0.789381,0.178853,5.41634,20064,19968,12927,10944,2355,70,71
1789636412946811436,merge,1.76335,1.67437,0.951195,0.790036,0.184916,5.44978,19968,19968,12896,10853,2356,70,71
1789636413046773299,merge,1.77282,1.64989,0.965197,0.780435,0.173707,5.42937,19968,19968,13120,10750,2357,70,71
1789636413146665751,merge,1.70979,1.67802,0.910431,0.782674,0.180658,5.35046,20064,20064,12868,10924,2358,70,71
1789636413246845061,merge,1.78409,1.67883,0.942388,0.792652,0.177205,5.46836,19968,19968,13072,10969,2359,70,71
1789636413346822897,merge,1.71849,1.66017,0.946516,0.772116,0.181232,5.37177,20064,19968,13233,10837,2360,70,71
1789636413446778746,merge,1.71358,1.66122,0.932087,0.807718,0.169519,5.37138,20064,20064,12798,10927,2361,70,71
1789636413546798892,merge,1.76528,1.67818,0.965179,0.801875,0.175542,5.47455,19968,19968,13179,11001,2362,70,71
1789636413646779850,merge,1.80369,1.59815,0.949469,0.796832,0.178438,5.41742,19968,20064,13072,10979,2363,70,71
1789636413746745949,merge,1.70794,1.66203,0.957381,0.799083,0.175923,5.38961,20064,19968,12853,10842,2364,70,71
1789636413846788510,merge,1.76086,1.66654,0.956423,0.960921,0.174703,5.60706,19968,19968,13044,10863,2365,70,71
1789636413946794084,merge,1.74786,1.72021,0.967696,0.785466,0.18322,5.4986,20064,19968,13218,10908,2366,70,71
1789636414046791662,merge,1.79856,1.62788,0.902852,0.789133,0.180954,5.39331,19968,20064,12702,10887,2367,70,71
1789636414146805374,merge,1.79415,1.6179,0.940151,0.798224,0.175737,5.41495,19968,20064,13158,10933,2368,70,71
1789636414246738517,merge,1.72743,1.71989,0.930158,0.789706,0.179726,5.43556,20064,19968,12972,10965,2369,70,71
1789636414346776828,merge,1.8079,1.70787,0.922633,0.794919,0.174716,5.49649,19968,19968,12858,10853,2370,70,71
1789636414446740431,merge,1.72773,1.70949,0.927061,0.794618,0.179583,5.42725,20064,20064,13024,11001,2371,70,71
1789636414547201954,merge,1.79926,1.71222,0.943719,0.805157,0.178636,5.52942,19968,19968,12986,10979,2372,70,71
1789636414646756908,merge,1.78517,1.71704,0.932947,0.798721,0.181519,5.50903,19968,19968,12734,10981,2373,70,71
1789636414746677700,merge,1.81665,1.60462,0.980395,0.801166,0.177142,5.4738,19968,20064,13138,10901,2374,70,71
1789636414846781258,merge,1.70428,1.66521,0.945596,0.764094,0.174365,5.34362,20064,19968,12934,10871,2375,70,71
1789636414946715990,merge,1.79328,1.68759,0.940082,0.794945,0.172146,5.47734,19968,19968,12945,10976,2376,70,71
1789636415046646488,merge,1.71622,1.6727,1.00991,0.785748,0.174388,5.44159,20064,20064,13209,10923,2377,70,71
1789636415146727546,merge,1.76507,1.66003,0.945279,0.784744,0.172112,5.4119,19968,19968,12822,10908,2378,70,71
1789636415246678267,merge,1.75954,1.71706,0.929243,0.802995,0.235391,5.53131,20064,19968,13185,10990,2379,70,71
1789636415346753242,merge,1.81704,1.62446,0.95296,0.797321,0.179197,5.46826,19968,20064,13092,11020,2380,70,71
1789636415446732895,merge,1.70766,1.66274,1.35526,1.14815,0.307841,6.30524,20064,19968,12892,10929,2381,70,71
1789636415547128589,merge,2.5117,2.38696,1.3334,0.889802,0.220883,7.50533,19872,20064,12986,11010,2382,70,71
1789636415646717067,merge,1.7123,1.60267,0.97505,0.805739,0.237037,5.41478,20064,19872,13275,11025,2383,70,71
1789636415746617633,merge,1.74937,1.60918,0.90668,0.787945,0.174701,5.31587,19968,20160,12698,10977,2384,70,71
1789636415846750124,merge,1.70897,1.62081,0.951066,0.792415,0.243739,5.40387,20064,19872,13228,10942,2385,70,71
1789636415946676571,merge,1.74573,1.60725,0.930418,0.799259,0.198428,5.36793,19968,20160,12978,11047,2386,70,71
1789636416046769414,merge,1.75892,1.68791,0.926806,0.793473,0.173567,5.42544,19968,19968,12765,11084,2387,70,71
1789636416146673732,merge,1.7008,1.6902,0.991223,0.805275,0.174518,5.45047,20064,19968,13068,11065,2388,70,71
1789636416246619417,merge,1.78132,1.59483,0.974412,0.79318,0.173639,5.40095,19968,20064,13161,10969,2389,70,71
1789636416346805181,merge,2.4998,1.61707,0.904049,0.7922,0.24653,6.16807,20064,19872,12666,11050,2390,70,71
1789636416446642586,merge,1.71056,1.69467,0.966813,0.810311,0.177648,5.44795,20064,20064,13224,11113,2391,70,71
1789636416547091112,merge,1.69988,1.653,0.928172,0.786619,0.237349,5.39069,19872,19968,12877,10959,2392,70,71
1789636416646666527,merge,1.69835,1.68177,0.933855,0.798524,0.172816,5.37688,20064,19968,12822,11033,2393,70,71
1789636416746620735,merge,1.70544,1.68756,0.962704,0.788336,0.178637,5.40951,20064,19968,13203,11038,2394,70,71
1789636416847025319,merge,1.76586,1.59817,0.939671,0.799967,0.176982,5.36689,19968,20064,13029,11001,2395,70,71
1789636416946618829,merge,1.77207,1.59414,0.931747,0.798737,0.174051,5.35556,19968,20064,12839,10947,2396,70,71
1789636417046658085,merge,1.75839,1.67266,0.953241,0.789937,0.175354,5.43924,19968,19968,13082,11012,2397,70,71
1789636417146624431,merge,1.71188,1.68044,0.963563,0.79578,0.174978,5.40532,20064,19968,13185,10981,2398,70,71
1789636417246606673,merge,1.78466,1.59367,0.934099,0.81546,0.167779,5.39088,19968,20064,12810,10986,2399,70,71
1789636417346645447,merge,1.7158,1.66091,0.987725,0.791176,0.189727,5.43184,20064,19968,13297,10886,2400,70,71
1789636417446641996,merge,1.73896,1.72789,0.921011,0.807228,0.196694,5.48264,20064,20064,12952,11084,2401,70,71
1789636417547104307,merge,1.76775,1.6766,0.958538,0.800013,0.174309,5.46796,19968,19968,12980,10878,2402,70,71
1789636417646949672,merge,1.7678,1.65976,0.944241,0.776651,0.174766,5.40733,19968,19968,13053,10821,2403,70,71
1789636417746662528,merge,1.74792,1.70696,0.919526,0.791718,0.173621,5.42971,20064,19968,13047,10931,2404,70,71
1789636417846732071,merge,1.79025,1.73023,0.907349,0.802403,0.18002,5.50498,19968,19968,12882,11017,2405,70,71
1789636417946627269,merge,1.81723,1.62293,0.938271,0.78764,0.184113,5.44555,19968,20064,13199,10910,2406,70,71
1789636418046719773,merge,1.73629,1.69621,0.912722,0.794538,0.17323,5.40201,20064,19968,12792,10914,2407,70,71
1789636418146683805,merge,1.80084,1.73135,0.942666,0.798929,0.178592,5.54225,19968,19968,13077,10958,2408,70,71
1789636418246616919,merge,1.74144,1.71851,0.91408,0.79387,0.195809,5.45378,20064,19968,13044,10931,2409,70,71
1789636418346910089,merge,1.8031,1.62788,0.919129,0.793026,0.181686,5.41524,19968,20064,12884,10975,2410,70,71
1789636418446665767,merge,1.81188,1.60334,0.930917,0.808669,0.178162,5.42991,19968,20064,12915,11009,2411,70,71
1789636418547202173,merge,1.7201,1.5841,0.960174,0.780798,0.244934,5.37576,20064,19872,13238,10904,2412,70,71
1789636418646878197,merge,1.75245,1.65256,0.931546,0.774159,0.169553,5.36627,19968,19968,12797,10741,2413,70,71
1789636418746620053,merge,1.77065,1.5976,1.07576,0.783788,0.174579,5.48885,19968,20160,13035,10930,2414,70,71
1789636418846759876,merge,1.71982,1.58735,0.972803,0.785202,0.249022,5.40315,20064,19872,13317,10894,2415,70,71
1789636418946849952,merge,1.69341,1.66643,0.945938,0.784463,0.171245,5.34922,20064,20064,12792,10882,2416,70,71
1789636419047874273,merge,1.71152,1.63447,0.937558,0.781356,0.240763,5.39004,19872,19968,13174,10861,2417,70,71
1789636419146828885,merge,1.73448,1.68523,0.976524,0.789148,0.181706,5.45687,20064,20064,13210,11048,2418,70,71
1789636419246906166,merge,1.74636,1.59624,0.919778,0.790919,0.174159,5.31328,19968,20064,12842,10980,2419,70,71
1789636419347179070,merge,1.81794,1.65043,0.976327,0.767114,0.186355,5.48785,19968,19968,13547,10820,2420,70,71
1789636419446811624,merge,1.6819,1.66994,0.921281,0.783924,0.178823,5.32333,20064,19968,12859,10896,2421,70,71
1789636419546981939,merge,1.79593,1.61331,0.97971,0.797736,0.183028,5.45625,19968,20064,13257,10952,2422,70,71
1789636419647139224,merge,1.77097,1.65903,0.961387,0.77868,0.172978,5.42916,19968,19968,13050,10849,2423,70,71
1789636419746914780,merge,1.78735,1.69123,0.980097,0.784867,0.175881,5.51808,19968,19968,13208,10841,2424,70,71
1789636419846789528,merge,1.68876,1.68037,0.938238,0.782366,0.170871,5.34652,20064,20064,12866,11012,2425,70,71
1789636419946872336,merge,1.7941,1.67055,0.972387,0.772378,0.174904,5.46774,19968,19968,13257,10918,2426,70,71
1789636420046721108,merge,1.69432,1.58419,0.951203,0.799826,0.238134,5.35454,19872,20064,12961,10939,2427,70,71
1789636420147105557,merge,1.69779,1.58349,0.944764,0.792764,0.241152,5.34574,20160,19872,12962,10928,2428,70,71
1789636420246627145,merge,1.68775,1.61061,0.926396,0.816008,0.237034,5.36432,19872,20064,12831,11051,2429,70,71
1789636420346850981,merge,1.78321,1.58234,0.960686,0.78952,0.175479,5.37739,19968,20064,13252,10740,2430,70,71
1789636420447056350,merge,1.68707,1.65994,0.909538,0.770419,0.169434,5.28163,20064,19968,12792,10835,2431,70,71
1789636420546806639,merge,1.8035,1.67873,1.02875,0.797999,0.174348,5.57186,19968,19968,13058,10998,2432,70,71
1789636420646873112,merge,1.68681,1.64561,0.934818,0.794444,0.240909,5.38673,19872,19968,12984,10842,2433,70,71
1789636420746627493,merge,1.70796,1.65621,0.928174,0.788435,0.178362,5.34747,20064,19968,13086,10862,2434,70,71
1789636420846637988,merge,1.75855,1.59558,0.929112,0.789825,0.180228,5.33956,19968,20064,12919,11010,2435,70,71
1789636420946715124,merge,1.80843,1.61255,0.99633,0.801113,0.185352,5.50654,19968,20064,13133,11044,2436,70,71
1789636421046785484,merge,1.70585,1.65596,0.961916,0.795945,0.17467,5.3794,20064,19968,13145,10829,2437,70,71
1789636421147707049,merge,1.76832,1.57811,0.939625,0.781367,0.242937,5.3973,19968,19872,12846,10806,2438,70,71
1789636421246685003,merge,1.78463,1.61295,0.964511,0.788439,0.177939,5.41585,19968,20160,13191,10886,2439,70,71
1789636421346701803,merge,1.76845,1.59113,0.956679,0.791327,0.176548,5.37038,19968,20064,13079,10885,2440,70,71
1789636421447078629,merge,1.70271,1.65043,0.943191,0.799098,0.169418,5.3484,20064,19968,12912,10894,2441,70,71
1789636421547000920,merge,1.76832,1.67112,0.969136,0.797714,0.175228,5.46834,19968,19968,13074,10959,2442,70,71
1789636421646816949,merge,1.70247,1.67492,0.962814,0.80117,0.177553,5.40868,20064,19968,13112,10907,2443,70,71
1789636421746656464,merge,1.7602,1.58031,1.08136,0.808476,0.190512,5.50932,19968,20064,12809,10927,2444,70,71
1789636421846759976,merge,1.77402,1.59534,0.977692,0.793841,0.178048,5.4054,19968,20064,13188,11033,2445,70,71
1789636421947093497,merge,1.69822,1.68306,0.938981,0.79033,0.172163,5.36896,20064,19968,12991,10890,2446,70,71
1789636422047052786,merge,1.76911,1.67603,0.954032,0.793934,0.174879,5.46359,19968,19968,12893,10784,2447,70,71
1789636422146675004,merge,1.69938,1.66726,0.942723,0.781343,0.172671,5.35036,20064,20064,13076,10864,2448,70,71
1789636422247632773,merge,2.31964,1.68142,0.938255,0.782164,0.173593,5.99183,19968,19968,12981,10955,2449,70,71
1789636422346983836,merge,1.71621,1.67291,0.931059,0.906443,0.240953,5.57063,20064,19968,12816,10887,2450,70,71
1789636422447637578,merge,1.70406,1.58142,0.948294,0.787485,0.240577,5.34908,19872,20064,13084,10935,2451,70,71
1789636422546989945,merge,1.6967,1.66269,0.948996,0.786139,0.173407,5.35483,20064,19968,12877,10920,2452,70,71
1789636422646881974,merge,1.77679,1.60578,0.933385,0.777439,0.177191,5.3624,19968,20064,12957,11057,2453,70,71
1789636422747039887,merge,1.73039,1.67591,0.943053,0.771154,0.176671,5.38725,20064,19968,13182,10810,2454,70,71
1789636422847032591,merge,1.70918,1.66337,0.937229,0.790064,0.175282,5.35861,20064,19968,12889,10800,2455,70,71
1789636422947662669,merge,1.76753,1.6125,0.948039,0.787028,0.179124,5.3801,19968,20064,13060,10912,2456,70,71
1789636423047891672,merge,1.80564,1.66416,0.926571,0.772516,0.173226,5.4377,19968,19968,13077,10858,2457,70,71
1789636423147009411,merge,1.86598,1.655,0.984996,0.810382,0.173961,5.58564,19968,19968,12922,10872,2458,70,71
1789636423246919164,merge,1.86441,1.67849,0.962681,0.812169,0.177464,5.59737,20064,20064,13074,11043,2459,70,71
1789636423346961862,merge,2.00834,1.66972,0.946773,0.791248,0.176774,5.68802,19968,19968,13167,10917,2460,70,71
1789636423446892086,merge,1.81762,1.69656,0.923487,0.779626,0.176607,5.47938,19968,19968,12785,10853,2461,70,71
1789636423647614223,merge,1.71182,1.61354,0.947677,0.792104,0.193503,5.34809,19872,20064,12923,11103,2462,72,73
1789636423746927524,merge,1.71396,1.59773,0.935424,0.785033,0.063873,5.18486,20064,20064,12886,10775,2463,72,73
1789636423847510041,merge,1.76199,1.58004,0.925592,0.774155,0.049153,5.17722,19968,19968,12962,10815,2464,72,73
1789636423946945477,merge,1.78773,1.60396,0.957704,0.79606,0.063384,5.30137,20064,19968,13238,11015,2465,72,73
1789636424047541195,merge,1.70219,1.58778,0.925593,0.798784,0.048138,5.14715,20064,19968,12672,10896,2466,72,73
1789636424147668477,merge,1.6956,1.61268,0.944394,0.78249,0.050832,5.17062,19872,20064,13087,10949,2467,72,73
1789636424347630374,merge,1.6997,1.61728,0.918435,0.797734,0.050375,5.16932,19968,19968,12850,10974,2468,73,74
1789636424447600467,merge,1.68223,1.59847,0.944298,0.803187,0.051806,5.16647,19872,20064,12948,11017,2469,73,74
1789636424546792161,merge,1.71786,1.5939,0.956814,0.796228,0.050934,5.19652,20064,20064,13156,10962,2470,73,74
1789636424647807298,merge,1.7234,1.58907,0.935776,0.770272,0.049844,5.14992,20064,19872,12886,10941,2471,73,74
1789636424747482369,merge,1.69777,1.60904,0.940937,0.787703,0.08853,5.20394,19968,20064,13087,10860,2472,73,74
1789636424847453003,merge,1.71058,1.57831,0.954332,0.787242,0.051319,5.15775,20064,19968,13036,10891,2473,73,74
1789636424947537105,merge,1.68341,1.60175,0.939258,0.787838,0.050129,5.14145,19872,20064,12842,11025,2474,73,74
1789636425046801646,merge,1.7352,1.61161,0.973046,0.802699,0.048337,5.25214,20064,20064,13280,11059,2475,73,74
1789636425147795729,merge,1.70493,1.58387,0.934344,0.777489,0.049233,5.1258,20064,19872,12898,10881,2476,73,74
1789636425247580150,merge,1.72405,1.61452,0.929543,0.78161,0.057092,5.1909,19968,20160,13075,11002,2477,73,74
1789636425347826348,merge,1.72018,1.62658,0.928115,0.782385,0.049859,5.19303,19968,19968,13021,11042,2478,73,74
1789636425447818106,merge,1.74426,1.62189,0.935086,0.781041,0.051211,5.21734,20064,19872,12937,10849,2479,73,74
1789636425547420029,merge,1.75809,1.63481,0.934165,0.788728,0.049174,5.24617,19968,20064,12946,10940,2480,73,74
1789636425647382684,merge,1.75279,1.7578,0.945872,0.797895,0.050473,5.40257,20064,19968,13225,10998,2481,73,74
1789636425747510821,merge,1.68934,1.78486,0.900704,0.806611,0.048091,5.32525,19968,19968,12600,11030,2482,73,74
1789636425847443953,merge,1.70359,1.59011,0.944952,0.817966,0.048184,5.19497,19968,20160,13108,10981,2483,73,74
1789636425947778784,merge,1.72557,1.61311,0.929605,0.776474,0.050747,5.1807,20064,19872,13054,10916,2484,73,74
1789636426047415380,merge,1.94962,1.63712,0.918971,0.793041,0.050585,5.45618,20064,20064,12880,11057,2485,73,74
1789636426147665146,merge,1.69282,1.607,0.902123,0.777909,0.048386,5.11478,19968,19872,12991,11064,2486,73,74
1789636426247444189,merge,1.69504,1.60158,0.975539,0.793628,0.049206,5.21131,19968,20064,13105,10986,2487,73,74
1789636426347417529,merge,2.33013,1.59959,0.909536,0.788528,0.049709,5.78246,20064,19968,12798,11054,2488,73,74
1789636426447491793,merge,1.72354,1.68427,0.937163,0.784882,0.050375,5.27094,19968,20064,13117,11093,2489,73,74
1789636426547407166,merge,1.71067,1.664,0.962884,0.810646,0.050028,5.28902,20064,19968,13168,11034,2490,73,74
1789636426647442785,merge,1.69028,1.67368,0.905162,0.770491,0.048564,5.1809,19872,20064,12702,10927,2491,73,74
1789636426747670342,merge,1.72931,1.79045,0.943105,0.803376,0.050514,5.41106,20064,20064,13294,11018,2492,73,74
1789636426847772570,merge,1.69642,1.78672,0.95644,0.814113,0.050587,5.40204,20064,19872,13073,11036,2493,73,74
1789636426947426615,merge,1.70193,1.60273,0.926212,0.79674,0.049153,5.16288,19968,20064,12892,10936,2494,73,74
1789636427047405926,merge,1.69739,1.59567,0.960179,0.80167,0.050822,5.19194,19968,20064,13092,10975,2495,73,74
1789636427147650893,merge,1.72074,1.60244,0.974906,0.797512,0.049955,5.2387,20064,19872,13165,11024,2496,73,74
1789636427247355316,merge,1.70103,1.60406,0.913796,0.805287,0.050191,5.1608,19968,20064,12764,11088,2497,73,74
1789636427347354801,merge,1.71351,1.5816,0.97691,0.784783,0.049825,5.19026,20064,19968,13286,10912,2498,73,74
1789636427447545594,merge,1.67819,1.58807,0.938557,0.796273,0.048952,5.14252,19968,19968,12857,10963,2499,73,74
1789636427547309491,merge,1.69886,1.61086,0.942569,0.794275,0.048399,5.18213,19968,20064,12905,10969,2500,73,74
1789636427647258654,merge,1.72109,1.58733,0.947927,0.797351,0.050344,5.18901,19968,19968,12987,10866,2501,73,74
1789636427747218472,merge,1.70843,1.58155,0.960143,0.764235,0.05081,5.15205,20064,20064,13094,10912,2502,73,74
1789636427847562809,merge,1.70373,2.10808,0.938517,0.79333,0.04958,5.68686,19968,19968,12744,10990,2503,73,74
1789636427947506456,merge,1.70472,1.60077,0.948536,0.775136,0.051853,5.16731,19968,19968,13209,10928,2504,73,74
1789636428047574026,merge,1.68468,1.57752,0.939701,0.78985,0.04972,5.12552,20064,20064,12857,10876,2505,73,74
1789636428147640758,merge,1.71365,1.59429,1.12653,0.787607,0.050126,5.36033,19968,19968,12958,11025,2506,73,74
1789636428247554240,merge,1.70405,1.61535,1.06219,0.887868,0.055306,5.40543,19968,19968,13144,11074,2507,73,74
1789636428347647794,merge,1.71058,1.57639,0.960369,0.803248,0.050231,5.18587,20064,19968,12991,10902,2508,73,74
1789636428447572819,merge,1.77696,1.75553,0.93191,0.772116,0.047979,5.37487,19968,19968,13015,10836,2509,73,74
1789636428547213817,merge,1.71188,1.60419,0.971716,0.783748,0.050249,5.20706,19968,19968,13156,10942,2510,73,74
1789636428647171972,merge,1.7117,1.61892,0.934315,0.763817,0.048477,5.16974,20064,20064,13031,10843,2511,73,74
1789636428747646922,merge,1.70576,1.57728,0.963603,0.79505,0.048333,5.17342,19968,19968,12984,10829,2512,73,74
1789636428847517253,merge,1.71718,1.5933,0.96793,0.949743,0.052029,5.36281,20064,19968,13298,10964,2513,73,74
1789636428947288368,merge,1.69534,1.60295,0.927012,0.788199,0.050244,5.14915,19968,20064,12867,10983,2514,73,74
1789636429047483982,merge,1.71034,1.57187,1.06941,0.777361,0.050957,5.2669,20064,19968,13139,10836,2515,73,74
1789636429147448850,merge,1.72191,1.6003,0.974052,0.776062,0.051242,5.20849,19968,19968,13185,10874,2516,73,74
1789636429247402474,merge,1.85116,1.65461,0.929116,0.886267,0.05882,5.48026,19968,20064,12830,11113,2517,73,74
1789636429347433671,merge,1.91945,1.5818,0.946469,0.805968,0.052075,5.40293,19968,19968,13372,10777,2518,73,74
1789636429446615856,merge,1.88031,2.11942,0.983406,0.767665,0.052878,5.90915,20064,20064,12889,10805,2519,73,74
1789636429547462017,merge,1.89105,1.59322,0.923801,0.769928,0.062052,5.33886,19968,19968,13096,10901,2520,73,74
1789636429647468376,merge,1.89938,1.59896,0.953796,0.799011,0.050026,5.4015,19968,19968,13150,10916,2521,73,74
1789636429747395798,merge,1.92003,1.59132,0.964291,0.801399,0.051013,5.42757,20064,20064,13031,10948,2522,73,74
1789636429847513339,merge,1.88126,1.58783,0.948859,0.797693,0.049248,5.35851,19968,19968,12988,10918,2523,73,74
1789636429946665342,merge,1.73059,1.6043,0.97337,0.790828,0.051363,5.2332,20160,19968,13195,10931,2524,73,74
1789636430047419395,merge,1.72686,1.61537,0.94854,0.776572,0.054137,5.20547,19776,20064,13065,10963,2525,73,74
1789636430147525342,merge,1.71192,1.57932,0.9354,0.767472,0.050509,5.12887,20064,19968,12953,10871,2526,73,74
1789636430247373240,merge,1.7082,1.60373,0.955306,0.798628,0.049795,5.19899,19968,19968,12991,10937,2527,73,74
1789636430347016974,merge,1.6964,1.60293,0.932431,0.779367,0.04906,5.14623,19872,20064,13124,10821,2528,73,74
1789636430447434533,merge,1.70087,1.57406,0.943319,0.773071,0.049836,5.12952,19968,19968,13005,10793,2529,73,74
1789636430547416730,merge,1.70962,1.59629,0.952958,0.809895,0.057054,5.20968,20064,19968,12932,10987,2530,73,74
1789636430647298463,merge,1.71353,1.62066,0.978827,0.790081,0.05908,5.25209,19968,20064,13221,11095,2531,73,74
1789636430747462133,merge,1.70859,1.57656,0.946901,0.785843,0.050148,5.14937,19968,19968,13045,10815,2532,73,74
1789636430847395365,merge,1.74813,1.58371,0.934096,0.784172,0.049771,5.18118,20064,19968,12969,10879,2533,73,74
1789636430947288410,merge,1.70567,1.6051,0.940121,0.796684,0.054111,5.18845,19968,19968,13105,10994,2534,73,74
1789636431047314391,merge,1.70378,1.59248,0.959021,0.792452,0.049481,5.18758,20064,20064,13065,10924,2535,73,74
1789636431147341177,merge,1.68076,1.58308,0.909988,0.947211,0.05183,5.2596,19872,20064,12703,10798,2536,73,74
1789636431247420810,merge,1.72296,1.59671,0.944538,0.774525,0.050314,5.17381,20064,19968,13296,10856,2537,73,74
1789636431347320208,merge,1.68487,1.62253,0.955724,0.792201,0.049352,5.19573,19968,19968,12905,10904,2538,73,74
1789636431447305708,merge,1.70432,1.57818,0.941502,0.775119,0.051102,5.13779,20064,20064,12923,10903,2539,73,74
1789636431547339451,merge,1.69265,1.57903,0.942028,0.785759,0.047556,5.13148,19968,19968,12938,10882,2540,73,74
1789636431647302126,merge,1.70478,1.60323,0.95916,0.782934,0.0496,5.1817,19968,19968,13124,10919,2541,73,74
1789636431747269530,merge,1.68947,1.61083,0.936555,0.777355,0.047317,5.14894,19968,20064,12652,10893,2542,73,74
1789636431847315016,merge,1.70213,1.58003,0.952509,0.791592,0.048607,5.16018,19968,19968,13144,10896,2543,73,74
1789636431947287807,merge,1.90145,1.87532,0.950192,0.789561,0.04845,5.66232,20064,19968,13040,10979,2544,73,74
1789636432047234527,merge,1.69939,1.60162,0.956612,0.778987,0.047694,5.16941,19968,20064,12786,10823,2545,73,74
1789636432147302482,merge,1.72158,1.57323,0.960398,0.766044,0.048935,5.16078,20064,19968,13258,10731,2546,73,74
1789636432247205746,merge,1.70286,1.5853,0.963112,0.803645,0.049384,5.19165,20064,19968,12975,10896,2547,73,74
1789636432347234256,merge,2.13769,1.60273,0.925446,0.783801,0.048025,5.59818,19968,20064,13006,11068,2548,73,74
1789636432447242573,merge,1.69668,1.58321,0.926795,0.775762,0.049457,5.11689,19872,20064,13029,10896,2549,73,74
1789636432547310858,merge,2.24083,1.57401,0.929895,0.760867,0.050507,5.64626,20160,19872,13157,10810,2550,73,74
1789636432647213250,merge,1.6937,1.62128,0.921547,0.783771,0.050661,5.15316,19872,20064,12845,11056,2551,73,74
1789636432747233278,merge,1.7103,1.59277,0.968937,0.766401,0.050603,5.17187,20064,19968,13261,10880,2552,73,74
1789636432847261297,merge,2.37946,2.24697,1.43278,0.796446,0.056321,7.03523,19968,20064,12899,10892,2553,73,74
1789636432947282167,merge,2.41335,2.24157,1.50964,1.24358,0.070125,7.61079,20064,19968,13039,10854,2554,73,74
1789636433047171479,merge,2.30287,2.19224,1.32891,0.787431,0.050419,6.78908,19968,19968,12997,10877,2555,73,74
1789636433147169602,merge,1.70802,1.59819,0.960656,0.800627,0.055439,5.2093,20064,20064,12958,10945,2556,73,74
1789636433247254321,merge,1.67917,1.58175,0.927729,0.774044,0.049749,5.10092,19968,19968,12830,10887,2557,73,74
1789636433347246171,merge,1.70634,1.62517,0.978376,0.807059,0.051915,5.25907,20064,20064,13259,11025,2558,73,74
1789636433447217122,merge,1.68514,1.589,0.920047,0.79027,0.052111,5.1216,19968,19968,12652,10846,2559,73,74
1789636433547226024,merge,1.69686,1.59302,0.954512,0.803631,0.049795,5.18434,19968,19968,13051,10856,2560,73,74
1789636433647169756,merge,1.6987,1.59889,0.943099,0.791396,0.051479,5.17295,20064,19968,13116,11012,2561,73,74
1789636433747173513,merge,1.69999,1.60299,0.940109,0.795534,0.051922,5.17621,19968,19968,12772,10974,2562,73,74
1789636433847162796,merge,1.69876,1.59137,0.956967,0.795381,0.050324,5.18065,19968,20064,13063,10826,2563,73,74
1789636433947093525,merge,1.73446,1.58442,0.975499,0.792585,0.052867,5.2283,20064,19968,13200,10803,2564,73,74
1789636434047120435,merge,1.70173,1.6082,0.925853,0.805909,0.051378,5.17739,19968,20064,12782,11051,2565,73,74
1789636434147189622,merge,1.69455,1.58631,0.955776,0.794413,0.054038,5.17125,19968,19968,13099,10878,2566,73,74
1789636434247135524,merge,1.71505,1.58867,0.96799,0.798349,0.051212,5.20773,20064,20064,13319,10921,2567,73,74
1789636434347194885,merge,1.68782,1.58983,0.933337,0.796261,0.052522,5.14675,19968,19968,12679,10951,2568,73,74
1789636434447051997,merge,1.70679,1.60965,0.989447,0.79655,0.051461,5.24106,20064,20064,13249,11068,2569,73,74
1789636434547173915,merge,1.68899,1.57441,0.951986,0.784568,0.052624,5.13686,19968,19872,13073,10833,2570,73,74
1789636434647073749,merge,1.70333,1.59996,0.972547,0.799796,0.05336,5.21754,20064,20064,12865,11005,2571,73,74
1789636434747117516,merge,1.74527,1.63097,0.944762,0.791438,0.051787,5.26228,19968,19968,13008,10921,2572,73,74
1789636434847019803,merge,1.72193,1.60905,1.01639,1.02815,0.063183,5.52974,19968,20064,13098,10814,2573,73,74
1789636434946998208,merge,1.7101,1.59747,0.957446,0.87988,0.070408,5.30414,19968,19968,12635,10845,2574,73,74
1789636435047047762,merge,1.74904,1.63413,1.01642,1.05781,0.064231,5.61264,20064,19968,13237,10958,2575,73,74
1789636435147018730,merge,1.72606,1.63463,0.921279,0.79411,0.056395,5.22093,19968,20064,12866,10993,2576,73,74
1789636435247026182,merge,1.72657,1.60269,0.944232,0.793031,0.051037,5.2035,20064,19968,12962,10880,2577,73,74
1789636435347003580,merge,1.7263,1.63078,0.92117,0.808776,0.050451,5.23032,19968,20064,12942,11069,2578,73,74
1789636435447084922,merge,1.97793,1.65736,0.935591,0.934635,0.053837,5.66434,20064,19968,12959,11016,2579,73,74
1789636435547103258,merge,2.00639,1.71135,0.931036,0.78084,0.053503,5.5833,19968,19968,12906,10941,2580,73,74
1789636435646997233,merge,1.71999,1.60495,0.932148,0.792418,0.049873,5.18593,19968,19968,13117,10925,2581,73,74
1789636435746954064,merge,1.72499,1.61237,0.935199,0.801527,0.047818,5.2168,19968,20160,12939,10995,2582,73,74
1789636435847059589,merge,1.70114,1.59315,0.938961,0.80117,0.048327,5.16619,20064,19872,13020,10930,2583,73,74
1789636435946917651,merge,1.70472,1.58678,0.952052,0.776778,0.049276,5.15492,19968,20064,13156,10967,2584,73,74
1789636436047028943,merge,1.70198,1.59522,0.935183,0.794332,0.049703,5.16347,20064,19872,12892,11024,2585,73,74
1789636436146984664,merge,1.70785,1.61237,0.965858,0.809316,0.050032,5.22946,19968,20064,13140,11070,2586,73,74
1789636436246917061,merge,1.70858,1.60848,0.961014,0.810761,0.049014,5.21851,19968,19968,13079,11073,2587,73,74
1789636436346864153,merge,1.70718,1.58993,0.931317,0.794139,0.049356,5.15593,20064,20064,12885,10948,2588,73,74
1789636436446937024,merge,1.69311,1.60874,0.933697,0.796529,0.048812,5.16611,19968,19968,13031,11063,2589,73,74
1789636436546957945,merge,1.73,1.6082,0.961246,0.800936,0.052249,5.23902,20064,19968,13279,11047,2590,73,74
1789636436646894745,merge,1.689,1.59858,0.917774,0.790724,0.047507,5.1269,19968,20064,12619,10979,2591,73,74
1789636436747019124,merge,1.72003,1.60309,0.968815,0.795317,0.050461,5.22201,20064,19968,13265,11023,2592,73,74
1789636436846924661,merge,1.69273,1.60733,0.954259,0.802649,0.052515,5.19028,19968,19968,13003,11031,2593,73,74
1789636436946864564,merge,1.69698,1.60228,0.928955,0.787983,0.048261,5.14874,19968,20064,12770,11019,2594,73,74
1789636437046959445,merge,1.69477,1.58467,0.944071,0.790059,0.04801,5.14104,19968,19968,12936,10919,2595,73,74
1789636437146846230,merge,1.71734,1.60099,0.972538,0.781774,0.050428,5.21041,20064,20064,13266,11004,2596,73,74
1789636437246914375,merge,1.68535,1.60269,0.922661,0.789772,0.048316,5.13105,19968,19968,12574,10997,2597,73,74
1789636437346825733,merge,2.26107,1.59713,0.963423,0.795185,0.048409,5.77244,20064,19968,13202,10962,2598,73,74
1789636437446841921,merge,1.68733,1.58515,0.939357,0.793422,0.053197,5.14808,19968,19968,12976,10902,2599,73,74
1789636437546761933,merge,1.69208,1.60155,0.923792,0.791516,0.048225,5.14526,19968,19968,12744,10994,2600,73,74
1789636437646759547,merge,2.60743,2.21563,0.977722,0.806169,0.051997,6.83456,20064,20160,13253,10971,2601,73,74
1789636437746908340,merge,1.69093,1.57637,0.963717,0.810217,0.052993,5.18029,19968,19968,13065,10852,2602,73,74
1789636437846757420,merge,1.70372,1.59422,0.950522,0.795009,0.051892,5.18377,20064,19968,12877,10959,2603,73,74
1789636437946910729,merge,1.72103,1.59959,0.969982,0.791288,0.051362,5.2215,19968,19872,13146,10977,2604,73,74
1789636438046798474,merge,1.70573,1.58451,0.961155,0.778273,0.046294,5.1522,19968,20064,13151,10962,2605,73,74
1789636438146809955,merge,1.69364,1.57964,0.937913,0.797178,0.049431,5.14392,19968,20064,12764,10858,2606,73,74
1789636438246821938,merge,1.72449,1.61676,0.957966,0.809551,0.050705,5.25151,20064,19968,13310,11032,2607,73,74
1789636438346851796,merge,1.94922,1.58906,0.95215,0.816591,0.048464,5.45795,19968,19872,13017,10849,2608,73,74
1789636438446744647,merge,1.71202,1.58815,0.938547,0.796724,0.049096,5.16962,20064,19968,12959,10940,2609,73,74
1789636438546766586,merge,1.69822,1.60175,0.946679,0.799994,0.048431,5.18277,19968,20064,13076,11044,2610,73,74
1789636438646845081,merge,1.71483,1.60409,0.965332,0.780792,0.051744,5.20292,19968,20064,13097,10909,2611,73,74
1789636438746864904,merge,1.69461,1.58019,0.901767,0.784863,0.048178,5.09631,20064,19968,12780,10819,2612,73,74
1789636438846822987,merge,1.71353,1.58166,0.967245,0.801566,0.048156,5.19648,19968,19968,13231,10907,2613,73,74
1789636438946745680,merge,1.69418,1.5978,0.946917,0.796655,0.048971,5.16585,19968,19968,12851,11003,2614,73,74
1789636439046695133,merge,1.7097,1.58595,0.957491,0.788374,0.048833,5.17707,20064,20064,12957,10896,2615,73,74
1789636439146727667,merge,1.72396,1.57359,0.940581,0.823938,0.050701,5.19598,19968,19968,13226,10831,2616,73,74
1789636439246723018,merge,1.70657,1.59016,0.932714,0.788742,0.060012,5.16814,20064,19968,12830,10983,2617,73,74
1789636439346687543,merge,1.71247,1.60492,0.933784,0.797528,0.04995,5.1842,19968,19968,13100,10990,2618,73,74
1789636439446795838,merge,1.71813,1.58457,0.941099,0.802244,0.0497,5.18253,19968,20064,13093,10937,2619,73,74
1789636439546761584,merge,1.69522,1.58687,0.941275,0.786102,0.049209,5.14592,20064,20064,12952,10799,2620,73,74
1789636439646787094,merge,1.78041,2.37993,1.37808,1.11837,0.057738,6.87683,19968,19968,13357,10886,2621,73,74
1789636439746702934,merge,1.69692,1.58088,0.954124,0.776007,0.047809,5.1431,20064,19968,12995,10837,2622,73,74
1789636439847263972,merge,1.72519,1.58482,0.963386,0.808431,0.05126,5.22145,19968,20064,13254,10950,2623,73,74
1789636439946784751,merge,1.72931,1.59857,0.991572,0.777236,0.049697,5.24122,20064,20064,13063,11000,2624,73,74
1789636440047306702,merge,1.72152,1.58083,0.958252,0.792315,0.05016,5.18951,19776,19872,13237,10811,2625,73,74
1789636440247354543,merge,1.72446,1.59249,0.950873,0.811789,0.058308,5.22564,19872,19968,13131,10927,2626,74,75
1789636440346770537,merge,2.53105,1.65751,0.9761,0.831179,0.050178,6.18438,19872,20064,13041,11103,2627,74,75
1789636440446710007,merge,1.72322,1.58593,0.951275,0.770325,0.053658,5.17029,19968,20064,13076,10750,2628,74,75
1789636440546696163,merge,1.69781,1.57563,0.933163,0.785706,0.04997,5.12504,20064,19968,12782,10776,2629,74,75
1789636440646682762,merge,1.70548,1.59603,0.963946,0.796597,0.051037,5.20136,19968,19968,13217,10976,2630,74,75
1789636440746758880,merge,1.67998,1.59215,1.16326,0.777214,0.051233,5.34997,19968,19968,12880,10885,2631,74,75
1789636440846762241,merge,1.72168,1.58001,0.937324,0.819828,0.051026,5.19932,20064,20064,12942,10936,2632,74,75
1789636440946767960,merge,1.69045,1.58753,0.944575,0.795561,0.050597,5.16181,19872,19968,12905,10946,2633,74,75
1789636441046688092,merge,1.69646,1.60659,1.2005,0.796526,0.049102,5.43531,19968,20064,13117,11045,2634,74,75
1789636441146727238,merge,1.6948,1.57769,0.925677,0.794836,0.047945,5.12559,20064,19968,12732,10805,2635,74,75
1789636441246667300,merge,1.71722,1.57829,0.958314,0.802907,0.051094,5.19609,19968,19968,13144,10850,2636,74,75
1789636441346649833,merge,1.70892,1.60914,0.970172,0.797473,0.050503,5.22253,20064,20064,13134,10908,2637,74,75
1789636441446797124,merge,1.69521,1.59949,0.919932,0.757393,0.048457,5.11103,19968,19968,12767,10781,2638,74,75
1789636441546637194,merge,1.72007,1.5777,0.962699,0.79291,0.048856,5.18528,19968,19968,13181,10852,2639,74,75
1789636441646664236,merge,1.70032,1.5953,0.954433,0.80563,0.050539,5.19025,19968,20064,13124,11076,2640,74,75
1789636441746685837,merge,1.7036,1.60057,0.948356,0.804034,0.049084,5.19216,20064,19968,12894,10942,2641,74,75
1789636441846687486,merge,1.70115,1.5794,0.949836,0.79127,0.048519,5.15432,19968,20064,13074,10920,2642,74,75
1789636441946671320,merge,1.72046,1.58311,0.979076,0.79772,0.051773,5.21994,20064,19968,13237,10902,2643,74,75
1789636442046667195,merge,1.69069,1.60987,0.929557,0.78731,0.048803,5.15573,19872,20064,12633,11001,2644,74,75
1789636442146739053,merge,1.72106,1.58019,0.96488,0.769168,0.048955,5.17118,20160,19968,13327,10722,2645,74,75
1789636442247100058,merge,1.68454,1.59169,1.21461,0.782226,0.049229,5.40982,19872,20064,12907,10846,2646,74,75
1789636442346689172,merge,1.70093,1.58744,0.966701,0.792198,0.051425,5.19063,20064,19872,12846,10889,2647,74,75
1789636442446632174,merge,1.69519,1.62279,0.958364,0.812647,0.049796,5.24656,19968,20160,13015,11087,2648,74,75
1789636442546765147,merge,1.72305,1.57374,0.962818,0.799229,0.052343,5.2013,19968,19968,13144,10806,2649,74,75
1789636442646625051,merge,1.69164,1.58153,0.923039,0.785357,0.050311,5.12259,20064,19968,12668,10897,2650,74,75
1789636442746676877,merge,1.71776,1.60158,0.970673,0.809714,0.050715,5.23966,20064,19968,13254,10942,2651,74,75
1789636442846766099,merge,1.68044,1.57638,0.939377,0.782505,0.048222,5.10943,19968,19968,12864,10821,2652,74,75
1789636442946616916,merge,1.70202,1.59394,0.92391,0.799392,0.048638,5.15398,19968,20064,12837,10909,2653,74,75
1789636443046663880,merge,1.69685,1.59864,0.972583,0.797726,0.0505,5.2001,20064,19968,13061,10912,2654,74,75
1789636443146656865,merge,1.72152,1.6133,0.957249,0.803146,0.049137,5.24044,19968,20064,13062,10888,2655,74,75
1789636443246631979,merge,1.7101,1.58016,0.940621,0.817475,0.051734,5.18521,20064,19968,12854,10884,2656,74,75
1789636443346730756,merge,1.71802,1.60527,0.966327,0.798975,0.050425,5.22925,19968,20064,13146,11089,2657,74,75
1789636443446767677,merge,1.72133,1.59087,0.950933,0.783847,0.051212,5.18945,20064,19872,13032,10883,2658,74,75
1789636443547049659,merge,1.70666,1.58226,0.973169,0.802359,0.050342,5.20097,19968,20064,12930,10882,2659,74,75
1789636443646651275,merge,1.95086,1.59807,0.959721,0.789521,0.050025,5.45312,19968,20064,13159,10986,2660,74,75
1789636443746654970,merge,1.70531,1.60032,0.945434,0.801484,0.050642,5.19264,19968,19968,12940,11028,2661,74,75
1789636443846629783,merge,1.72687,1.59912,0.956864,0.801211,0.050877,5.22723,20064,20064,13069,10803,2662,74,75
1789636443946662497,merge,1.71832,1.57354,0.93091,0.776744,0.049444,5.13739,20064,19968,13193,10747,2663,74,75
1789636444047042626,merge,1.71069,1.5965,0.936302,0.808973,0.048269,5.18572,19968,20064,12891,11022,2664,74,75
1789636444146764987,merge,1.70242,1.59858,1.22536,0.793543,0.050763,5.4534,19968,19968,12931,10983,2665,74,75
1789636444246744002,merge,1.70476,1.57336,0.961143,0.775759,0.05082,5.15139,19968,19968,13170,10833,2666,74,75
1789636444346603123,merge,1.71686,1.58356,0.918945,0.795874,0.05028,5.15571,20064,19968,12728,10847,2667,74,75
1789636444446635071,merge,1.70186,1.60513,0.955314,0.798949,0.050155,5.19837,19968,20064,13118,11018,2668,74,75
1789636444546639748,merge,1.70423,1.58945,0.966746,0.781964,0.050492,5.18002,20064,19968,13077,10915,2669,74,75
1789636444646655533,merge,1.69852,1.59776,0.925021,0.817889,0.051484,5.17843,19968,20064,12755,11016,2670,74,75
1789636444746617758,merge,1.68846,1.60062,0.947193,0.799707,0.050333,5.1768,19968,19968,12940,10929,2671,74,75
1789636444846609375,merge,1.70686,1.59322,0.959857,0.790293,0.050408,5.18704,20064,19968,13264,10876,2672,74,75
1789636444946618133,merge,1.70857,1.58604,0.933111,0.816635,0.048739,5.19019,20064,20064,12672,10904,2673,74,75
1789636445046938803,merge,1.75427,1.58314,0.957423,0.791765,0.050394,5.2258,19968,19968,13104,10911,2674,74,75
1789636445146874991,merge,2.59036,2.40595,1.34796,1.13317,0.112132,7.75669,20064,19968,13075,11004,2675,74,75
1789636445247016073,merge,2.3809,1.58024,0.935387,0.777638,0.051791,5.82994,19968,19968,12830,10866,2676,74,75
1789636445346938895,merge,1.69721,1.59563,0.967047,0.796953,0.05082,5.19547,19968,20160,13094,10984,2677,74,75
1789636445446721212,merge,1.70346,1.61333,0.952284,0.818745,0.049921,5.22606,19968,20064,13052,11127,2678,74,75
1789636445547262388,merge,1.71855,1.6261,0.94918,0.789336,0.049136,5.219,20064,19968,12984,10886,2679,74,75
1789636445647209986,merge,1.6914,1.59166,0.946771,0.795146,0.049739,5.15582,19968,19968,13092,10914,2680,74,75
1789636445746840718,merge,1.71709,1.59868,0.963816,0.788311,0.049891,5.21169,20064,19968,13071,10965,2681,74,75
1789636445846940699,merge,1.701,1.61516,0.954934,0.799377,0.050323,5.20686,19968,20064,12918,11029,2682,74,75
1789636445947142847,merge,1.71296,1.59211,0.953612,0.799853,0.049906,5.19552,20064,19872,13226,10974,2683,74,75
1789636446147131941,merge,2.56734,2.42091,1.30712,0.841871,0.139176,7.44098,20064,19872,13138,11026,2684,74,75
1789636446246931365,merge,1.75018,1.61719,0.953038,0.80595,0.179969,5.39457,19968,20064,12997,11084,2685,74,75
1789636446346891491,merge,1.77479,1.68204,0.936713,0.790641,0.176317,5.44645,19968,19968,12911,10977,2686,74,75
1789636446446810261,merge,1.76161,1.60701,0.935825,0.811119,0.174039,5.37889,19968,20064,12858,11110,2687,74,75
1789636446546795956,merge,1.72725,1.68542,0.966317,0.804874,0.175786,5.44285,20064,19968,13280,11074,2688,74,75
1789636446646846033,merge,1.74902,1.61654,0.933154,0.802622,0.174371,5.36517,19968,20064,12655,11073,2689,74,75
1789636446746822411,merge,1.70894,1.66957,0.942217,0.791182,0.173872,5.37405,20064,19968,13140,10942,2690,74,75
1789636446846864132,merge,1.70083,1.68921,0.956317,0.783893,0.178761,5.39324,20064,19968,13049,11044,2691,74,75
1789636446947055508,merge,1.77541,1.60839,0.922837,0.789855,0.169824,5.35461,19968,20064,12760,11017,2692,74,75
1789636447046931750,merge,1.77727,1.67908,0.9672,0.781083,0.175825,5.46391,19968,19968,13082,10960,2693,74,75
1789636447146794663,merge,1.77511,1.67844,0.949834,0.791011,0.179178,5.45744,19968,19968,13086,10960,2694,74,75
1789636447246728682,merge,1.71146,1.69037,0.930378,0.797459,0.182333,5.40269,20064,20064,12837,11095,2695,74,75
1789636447347034834,merge,1.71129,1.68358,0.97404,0.801029,0.175081,5.43834,20064,19968,13182,11052,2696,74,75
1789636447447912719,merge,1.77507,1.65599,0.955596,0.788375,0.176429,5.43449,19968,19968,13168,10942,2697,74,75
1789636447547005862,merge,1.76019,1.59777,0.967438,0.789465,0.172813,5.37827,19968,20064,12706,10894,2698,74,75
1789636447647149755,merge,1.7741,1.61611,0.96395,0.790909,0.181371,5.41528,19968,20064,13182,11008,2699,74,75
1789636447747167699,merge,1.77854,1.57902,0.941096,0.787671,0.246411,5.42011,19968,19872,13081,10828,2700,74,75
1789636447947852141,merge,1.70699,1.59647,0.958275,0.795857,0.164518,5.31298,19968,19968,13038,10963,2701,76,77
1789636448047877665,merge,1.70739,1.59496,0.950394,0.809856,0.061505,5.2107,19968,19968,13107,10934,2702,76,77
1789636448146780046,merge,1.71271,1.57844,0.932454,0.796625,0.049209,5.15918,19968,19968,12670,10810,2703,76,77
1789636448246716745,merge,1.75586,1.62037,0.968721,0.795607,0.05515,5.29964,20064,19968,13275,11021,2704,76,77
1789636448347840212,merge,1.68026,1.61118,1.19984,0.795267,0.088147,5.45786,19968,20064,12880,11140,2705,76,77
1789636448446974431,merge,1.70977,1.64061,0.925095,0.796205,0.174608,5.33192,19968,19968,12861,10882,2706,76,77
1789636448547006472,merge,1.70983,1.57909,0.961359,0.785715,0.056682,5.17432,20064,19968,13070,10819,2707,76,77
1789636448647848060,merge,1.70259,1.61127,0.941541,0.790794,0.087889,5.22148,19968,20064,13026,10923,2708,76,77
1789636448746773037,merge,1.71413,1.58948,0.942857,0.777493,0.051079,5.1648,20064,19872,12865,10817,2709,76,77
1789636448847843829,merge,2.16872,1.96992,0.949712,0.804957,0.057405,6.06095,19968,20064,13160,10971,2710,76,77
1789636448947813718,merge,1.73966,1.63043,0.951105,0.793409,0.052654,5.25373,19968,20064,13020,11016,2711,76,77
1789636449046880233,merge,1.74375,1.6322,0.924553,0.786397,0.048976,5.2217,19968,19968,12830,10931,2712,76,77
1789636449146884313,merge,2.59138,2.35349,1.37986,1.11435,0.10822,7.70869,20064,19968,13421,10863,2713,76,77
1789636449246888753,merge,2.51075,2.36228,1.322,1.1269,0.111051,7.59133,19968,20064,12854,10990,2714,76,77
1789636449346872807,merge,2.52993,2.39101,1.33419,1.14331,0.110489,7.67182,19968,19968,12981,10974,2715,76,77
1789636449446870050,merge,2.62104,2.39254,1.40143,1.10757,0.11015,7.79769,20064,20064,13425,10776,2716,76,77
1789636449547869520,merge,1.90702,1.58233,0.932155,0.774063,0.047961,5.34884,19968,19968,12852,10773,2717,76,77
1789636449646946803,merge,1.77786,1.62099,0.981811,0.797705,0.065707,5.32934,20064,19968,13416,10965,2718,76,77
1789636449746916425,merge,1.70048,1.59984,0.954437,0.790459,0.050058,5.17791,19968,19968,12929,10963,2719,76,77
1789636449846898077,merge,1.732,1.57945,0.959181,0.789231,0.052426,5.1989,19968,20064,13213,10908,2720,76,77
1789636449946812261,merge,1.71406,1.5819,0.954966,0.797789,0.052971,5.18937,19968,20064,12940,10904,2721,76,77
1789636450047839742,merge,1.72688,1.60223,1.07122,0.796293,0.056591,5.33905,19968,19968,13211,10969,2722,76,77
1789636450146882615,merge,1.71035,1.58194,0.938758,0.790213,0.049931,5.15946,19968,19968,12921,10844,2723,76,77
1789636450347817952,merge,1.68935,1.58721,0.93997,0.791442,0.051077,5.1432,19776,19872,12876,10902,2724,77,78
1789636450446763720,merge,1.71376,1.59592,0.977456,0.789899,0.050422,5.2156,20064,19968,13174,10848,2725,77,78
1789636450647793701,merge,1.69593,1.58556,1.15835,0.776884,0.106482,5.40411,19776,19968,13075,10921,2726,77,78
1789636450746915052,merge,1.72076,1.66815,0.948326,0.797174,0.178329,5.39621,20160,19968,13131,10922,2727,77,78
1789636450847645154,merge,1.77543,1.65685,0.935744,0.796842,0.178315,5.42892,19968,20064,12881,10919,2728,77,78
1789636450947794321,merge,1.69907,1.62937,0.944409,0.785195,0.242016,5.38578,19872,19968,13023,10870,2729,77,78
1789636451046892254,merge,1.82766,1.7146,0.961651,0.802133,0.19597,5.59136,20064,19968,13153,10965,2730,77,78
1789636451147679371,merge,1.77219,1.66839,0.966577,0.807264,0.185734,5.48792,20064,19968,12950,10900,2731,77,78
1789636451247669315,merge,1.74952,1.67519,0.948642,0.789932,0.242756,5.49129,19872,20064,13001,10809,2732,77,78
1789636451347750596,merge,1.83048,1.70245,0.955492,0.79188,0.176058,5.53828,20064,19968,13222,10931,2733,77,78
1789636451447662041,merge,1.8052,1.71414,0.919381,0.80164,0.180107,5.51038,19968,19968,12756,10944,2734,77,78
1789636451546705630,merge,1.8416,1.66518,0.956993,0.806524,0.176197,5.55044,20064,20064,13224,10926,2735,77,78
1789636451647646389,merge,1.82138,1.69244,0.94038,0.791902,0.180767,5.51994,19968,19968,12991,10866,2736,77,78
1789636451747711939,merge,1.81078,1.73248,0.935337,0.808058,0.201244,5.58505,19968,20064,12798,11058,2737,77,78
1789636451846847315,merge,1.79818,1.70441,0.951854,0.786471,0.178718,5.51422,19968,20064,13004,10927,2738,77,78
1789636451947796180,merge,1.83428,1.59637,0.953869,0.778249,0.250517,5.50525,20064,19872,13242,10739,2739,77,78
1789636452047648870,merge,1.78077,1.722,0.909781,0.802055,0.175519,5.47908,19968,20064,12599,10933,2740,77,78
1789636452146795645,merge,1.81054,1.69969,0.99239,0.79087,0.181569,5.57359,20064,19968,13248,10851,2741,77,78
1789636452247582732,merge,1.80446,1.68735,0.948569,0.789791,0.181931,5.50592,19968,19968,12962,10806,2742,77,78
1789636452347608699,merge,1.81478,1.68318,0.941745,0.770091,0.182637,5.47516,20064,19968,12831,10885,2743,77,78
1789636452447664221,merge,1.77731,1.71835,0.944261,0.791911,0.175299,5.49933,19968,20064,12932,11061,2744,77,78
1789636452547585976,merge,1.81521,1.70725,0.955076,0.788388,0.173099,5.53729,19968,20064,13169,10868,2745,77,78
1789636452647666302,merge,1.7972,1.69186,0.936604,0.789291,0.1706,5.47456,20064,19968,12709,10875,2746,77,78
1789636452747607498,merge,2.64194,1.68326,0.94686,0.800235,0.172107,6.38655,19968,19968,13158,10982,2747,77,78
1789636452847611948,merge,1.7569,1.67555,0.934158,0.798306,0.175053,5.42435,19968,20064,13036,10937,2748,77,78
1789636452947691863,merge,1.77621,1.65047,0.944111,0.778558,0.173896,5.41063,20064,19968,12843,10761,2749,77,78
1789636453047624271,merge,1.76518,1.67379,0.956786,0.781292,0.178805,5.44084,19968,19968,13136,10826,2750,77,78
1789636453147516550,merge,1.76897,1.69462,0.985254,0.794217,0.175325,5.50328,19968,20064,13080,11030,2751,77,78
1789636453247606082,merge,1.80261,1.70362,0.944432,0.788577,0.159645,5.5002,20064,19968,12883,10834,2752,77,78
1789636453347482388,merge,1.79551,1.66022,0.960952,0.835493,0.174266,5.51536,20064,20064,13179,10878,2753,77,78
1789636453447701009,merge,1.78164,1.6668,0.953756,0.790703,0.173555,5.4551,19968,19968,13037,10993,2754,77,78
1789636453547581022,merge,1.77415,1.67018,0.946119,0.785357,0.174288,5.43922,20064,19968,12975,10889,2755,77,78
1789636453647749436,merge,1.76974,1.65646,1.18767,0.783567,0.177181,5.66041,19968,19968,13170,10864,2756,77,78
1789636453747547936,merge,1.77625,1.68504,0.93462,0.803197,0.174228,5.46225,20064,20064,12860,11043,2757,77,78
1789636453847807756,merge,1.69132,1.66346,0.950241,0.794182,0.238637,5.42803,19872,20064,12950,10892,2758,77,78
1789636453947681170,merge,1.77106,1.65289,0.958214,0.781987,0.173789,5.42328,20064,19968,13102,10838,2759,77,78
1789636454047573714,merge,1.76958,1.66317,0.940209,0.806025,0.172446,5.4384,19968,19968,12930,10886,2760,77,78
1789636454147398438,merge,1.81282,1.68677,0.93465,0.806831,0.17358,5.50722,19968,20064,12796,11030,2761,77,78
1789636454347710944,merge,1.68906,1.57675,0.912927,0.795002,0.19987,5.25759,19872,20064,12598,10914,2762,79,80
1789636454447622701,merge,1.72364,1.60458,0.954703,0.800008,0.072288,5.24085,20064,19968,13151,11009,2763,79,80
1789636454547595494,merge,1.69873,1.59854,0.933219,0.789659,0.049277,5.15293,20064,19968,13089,11001,2764,79,80
1789636454647660606,merge,1.68554,1.58989,0.922265,0.794166,0.048729,5.12357,19872,20064,12691,10901,2765,79,80
1789636454747627347,merge,1.70182,1.58268,0.952248,0.782871,0.04953,5.15554,20064,19968,13120,10824,2766,79,80
1789636454847462306,merge,1.69928,1.60302,0.96702,0.792156,0.088179,5.23806,19968,20064,13139,10984,2767,79,80
1789636454947651995,merge,1.69914,1.64261,0.933086,0.784263,0.173981,5.31868,19968,19968,12788,10887,2768,79,80
1789636455047601856,merge,2.55341,2.36878,1.3655,1.11668,0.12961,7.68772,20160,19968,13281,10898,2769,79,80
1789636455147694106,merge,2.52675,2.39914,1.3708,1.15404,0.104321,7.70079,19872,20064,13083,11016,2770,79,80
1789636455247645181,merge,2.51294,2.37158,1.30407,1.12238,0.089509,7.54674,19968,19968,12700,10942,2771,79,80
1789636455347572212,merge,2.5707,1.71547,0.984208,0.789445,0.052066,6.24643,20160,19968,13363,10921,2772,79,80
1789636455447580996,merge,1.69358,1.59605,0.946561,0.7961,0.048333,5.16472,19872,20064,13003,11028,2773,79,80
1789636455547581991,merge,1.70976,1.60548,0.926877,0.795636,0.04892,5.16999,20064,19968,12864,10975,2774,79,80
1789636455647539873,merge,1.69286,1.58618,0.941012,0.783164,0.047624,5.13321,19968,19968,13012,10852,2775,79,80
1789636455747334013,merge,1.6973,1.58682,0.961902,0.80086,0.048098,5.17709,19968,19968,13143,10875,2776,79,80
1789636455847296901,merge,1.70054,1.60853,0.920616,0.795151,0.05347,5.16898,20064,20064,12747,11028,2777,79,80
1789636455947520824,merge,1.71315,1.59855,0.972045,0.799906,0.050101,5.22262,20064,19968,13266,10942,2778,79,80
1789636456047532169,merge,1.68638,1.58508,0.940633,0.802591,0.04905,5.15179,19872,20064,12821,10998,2779,79,80
1789636456147489178,merge,1.70557,1.59853,0.927387,0.78925,0.050526,5.15804,20064,19968,12932,11024,2780,79,80
1789636456247414411,merge,1.69131,1.60815,0.940113,0.792056,0.089182,5.2061,19968,20064,12944,11078,2781,79,80
1789636456347554982,merge,1.71229,1.67086,0.958718,0.774186,0.173248,5.3756,20064,19968,13024,11095,2782,79,80
1789636456447469471,merge,1.72544,1.5884,0.919242,0.794882,0.048972,5.16739,19968,19968,12806,10940,2783,79,80
1789636456547421113,merge,1.72461,1.63787,0.962827,0.798179,0.056344,5.27452,20064,20064,13218,11008,2784,79,80
1789636456647545775,merge,1.72602,1.62003,0.916922,0.787481,0.049742,5.1966,19968,19968,12877,11023,2785,79,80
1789636456747446644,merge,1.74087,1.61333,0.933678,0.780215,0.051286,5.21062,20064,19968,13081,10946,2786,79,80
1789636456847492415,merge,1.72526,1.60847,0.9581,0.781814,0.050594,5.20968,20064,19968,13271,11061,2787,79,80
1789636456947556688,merge,1.70826,1.6082,0.924275,0.824165,0.076642,5.22883,19872,20064,12771,11066,2788,79,80
1789636457047423118,merge,1.84275,1.61108,0.994503,0.805982,0.050542,5.40179,20160,19968,13236,11051,2789,79,80
1789636457147552147,merge,1.71677,1.70143,0.955372,0.795272,0.049028,5.32124,19968,19968,13058,10958,2790,79,80
1789636457247517744,merge,1.69928,1.58682,0.941636,0.806314,0.048162,5.16653,19968,19968,12801,10950,2791,79,80
1789636457347429023,merge,1.71429,1.61265,0.952663,0.798268,0.055438,5.21561,20064,20064,13130,11138,2792,79,80
1789636457447546486,merge,1.71264,1.60117,0.96253,0.791211,0.048592,5.1987,19968,19968,13210,10998,2793,79,80
1789636457547453501,merge,1.67691,1.59446,0.969578,0.760996,0.047905,5.13758,19872,20064,12627,10816,2794,79,80
1789636457647305680,merge,1.7127,1.59388,0.956991,0.800404,0.048562,5.19663,20064,19968,13136,10931,2795,79,80
1789636457747252738,merge,1.69222,1.60957,0.949831,0.791136,0.082073,5.21288,19968,20064,12997,11031,2796,79,80
1789636457847364854,merge,1.71865,1.57699,0.968369,0.789022,0.049731,5.18661,20160,19968,12935,10888,2797,79,80
1789636457947472561,merge,1.69485,1.57837,0.954862,0.777897,0.048067,5.14277,19872,19968,12887,10867,2798,79,80
1789636458047275919,merge,1.70914,1.60146,0.96659,0.798331,0.047876,5.2063,19968,19968,13137,10989,2799,79,80
1789636458147108984,merge,1.7043,1.58932,0.92664,0.790849,0.049216,5.145,20064,20064,12676,10905,2800,79,80
1789636458247506761,merge,1.71631,1.57523,0.975416,0.785095,0.048965,5.18091,20064,19968,13242,10873,2801,79,80
1789636458347432069,merge,1.69325,1.60191,0.941406,0.794813,0.048991,5.16728,19968,19968,13000,11035,2802,79,80
1789636458447359491,merge,1.69919,1.59707,0.925323,0.810429,0.047545,5.16076,19968,19968,12784,10952,2803,79,80
1789636458547450971,merge,1.71768,1.57722,0.966325,0.767546,0.050223,5.16684,20064,19968,13296,10799,2804,79,80
1789636458647412957,merge,1.71075,1.59465,0.967224,0.819418,0.055011,5.23575,19968,19968,13044,10919,2805,79,80
1789636458747338311,merge,1.69637,1.60734,0.934332,0.81287,0.048776,5.19034,19872,20064,12790,10987,2806,79,80
1789636458847288530,merge,1.72204,1.57665,0.975818,0.791481,0.047885,5.19678,20160,19968,13293,10859,2807,79,80
1789636458947380966,merge,1.71379,1.59089,0.950623,0.814769,0.049061,5.20596,19968,19968,13080,10927,2808,79,80
1789636459047331765,merge,1.69166,1.60328,0.925456,0.804279,0.048237,5.15606,19968,20064,12746,10984,2809,79,80
1789636459147230900,merge,1.71773,1.59529,0.984892,0.797509,0.050794,5.23187,20064,19968,13345,10896,2810,79,80
1789636459247409296,merge,1.75108,1.603,0.95576,0.793216,0.050762,5.24306,20064,19968,12965,10863,2811,79,80
1789636459347343709,merge,1.72147,1.64192,0.934994,0.807252,0.049678,5.24381,19872,20064,12856,11110,2812,79,80
1789636459447232070,merge,1.77395,1.63125,0.969096,0.790391,0.053098,5.30321,20064,19968,13338,10901,2813,79,80
1789636459547276812,merge,1.73638,1.60511,0.932327,0.78757,0.051389,5.20049,20064,19968,12921,10758,2814,79,80
1789636459647338094,merge,1.7619,1.6279,0.952178,0.790843,0.051324,5.27314,19968,20064,13196,10906,2815,79,80
1789636459747278889,merge,1.70128,1.60148,0.952234,0.798727,0.049028,5.18799,20064,19968,13032,10999,2816,79,80
1789636459847355653,merge,1.69621,1.5938,0.949725,0.784482,0.049125,5.16267,19872,20064,13002,10896,2817,79,80
1789636459947174755,merge,1.72258,1.58158,0.94794,0.778206,0.048448,5.17646,20064,19968,13107,10809,2818,79,80
1789636460047366247,merge,1.70857,1.59678,0.966449,0.805162,0.04793,5.20664,20064,19968,13089,11005,2819,79,80
1789636460147277889,merge,1.73133,1.60064,0.959176,0.79679,0.048862,5.22354,19968,19968,13079,10954,2820,79,80
1789636460247295269,merge,1.70118,1.58436,0.982472,0.799503,0.04991,5.21081,19968,20064,13091,10957,2821,79,80
1789636460347220510,merge,1.72792,1.58229,0.951342,0.799383,0.048342,5.20284,19872,19968,13110,10823,2822,79,80
1789636460447268345,merge,1.70446,1.60045,0.946694,0.792364,0.048579,5.17535,20064,19968,13074,10882,2823,79,80
1789636460547081905,merge,1.72355,1.60276,0.956643,0.794746,0.050038,5.22243,19968,20064,12936,10797,2824,79,80
1789636460647339287,merge,1.70229,1.58167,0.975293,0.793191,0.048931,5.18316,19872,19968,13129,10875,2825,79,80
1789636460747192482,merge,1.71238,1.61356,0.962658,0.816789,0.050612,5.24024,20064,20064,13211,11097,2826,79,80
1789636460847281331,merge,1.70271,1.59155,0.947566,0.792281,0.049241,5.17012,19872,19968,12813,10859,2827,79,80
1789636460947208681,merge,1.71959,1.58022,0.969134,0.796209,0.048887,5.19723,20064,19968,13177,10867,2828,79,80
1789636461047226587,merge,1.70126,1.59302,0.946417,0.801535,0.048579,5.1748,19872,19968,13017,10959,2829,79,80
1789636461147220771,merge,1.70271,1.60862,1.01382,0.822577,0.054554,5.28935,20064,20064,12933,11050,2830,79,80
1789636461247181244,merge,1.70421,1.57677,0.947055,0.779988,0.048143,5.14325,19968,19968,12949,10735,2831,79,80
1789636461347089090,merge,1.70762,1.59466,0.97272,0.77798,0.048902,5.18762,19968,20064,13182,10792,2832,79,80
1789636461447229154,merge,2.53988,2.37263,1.3077,1.11355,0.10141,7.59243,20064,19968,12756,10899,2833,79,80
1789636461547152718,merge,2.49362,1.60071,0.947893,0.795432,0.049647,5.99568,19968,19968,13083,10867,2834,79,80
1789636461647112673,merge,1.68647,1.58482,0.945304,0.775778,0.050239,5.12847,19968,20064,12953,10966,2835,79,80
1789636461747128780,merge,1.70811,1.58818,0.951689,0.799016,0.050251,5.18372,20064,19968,12979,10977,2836,79,80
1789636461847101456,merge,1.69225,1.60197,0.988535,0.79896,0.050652,5.21906,19968,19968,12880,10962,2837,79,80
1789636461947098698,merge,1.70684,1.58201,0.975474,0.798402,0.050646,5.20316,20064,20064,13229,10923,2838,79,80
1789636462047212545,merge,1.68628,1.58097,0.928775,0.789323,0.047131,5.11399,19968,19968,12738,10843,2839,79,80
1789636462147082716,merge,1.70192,1.59736,0.954117,0.784335,0.048106,5.16932,19968,19968,13043,10864,2840,79,80
1789636462247101591,merge,1.70921,1.59537,0.952685,0.763712,0.048765,5.15556,20064,20064,13189,10792,2841,79,80
1789636462347165598,merge,1.69793,1.57868,0.938269,0.793192,0.04876,5.14213,19968,19968,12780,10842,2842,79,80
1789636462447123683,merge,1.70851,1.59428,0.960423,0.804848,0.048314,5.20256,20064,19968,13252,10993,2843,79,80
1789636462547172380,merge,1.69445,1.61124,0.950403,0.794972,0.047736,5.17932,19872,20160,12988,11073,2844,79,80
1789636462647177092,merge,1.70299,1.56839,0.939029,0.789818,0.047871,5.13085,20064,19872,12900,10757,2845,79,80
1789636462747058244,merge,1.69971,1.58093,0.953298,0.786,0.049885,5.15967,19968,19968,13069,10893,2846,79,80
1789636462847027047,merge,1.71004,1.60937,0.960461,0.795713,0.049685,5.2098,20064,20064,13247,11075,2847,79,80
1789636462947137270,merge,1.68761,1.58634,0.930682,0.784586,0.04829,5.12365,19968,19968,12640,10827,2848,79,80
1789636463047032397,merge,1.71283,1.58613,1.00941,0.777788,0.051371,5.22416,20064,19968,13274,10797,2849,79,80
1789636463147099086,merge,1.69007,1.60882,0.944539,0.792893,0.04812,5.16883,19968,20064,13018,10957,2850,79,80
1789636463247057305,merge,1.7041,1.59085,0.918866,0.798507,0.048934,5.14571,20064,19968,12865,10897,2851,79,80
1789636463347154778,merge,1.68559,1.58331,0.944088,0.784159,0.049416,5.1331,19968,20064,12988,10955,2852,79,80
1789636463447061997,merge,1.71154,1.58601,0.973923,0.794979,0.050993,5.20587,20064,20064,13166,10888,2853,79,80
1789636463547084764,merge,1.67331,1.60233,0.912095,0.782897,0.047542,5.10211,19872,19968,12521,10991,2854,79,80
1789636463647115792,merge,1.71166,1.5673,1.24855,0.782503,0.050108,5.44112,20064,19872,13254,10735,2855,79,80
1789636463746946990,merge,1.7326,1.59633,0.932246,0.797306,0.050598,5.20509,19968,20064,12954,11007,2856,79,80
1789636463846952921,merge,1.70586,1.59553,0.944851,0.787187,0.04852,5.16675,20064,19968,12840,10961,2857,79,80
1789636463947016514,merge,1.69223,1.59744,0.948355,0.784221,0.048117,5.15297,19968,20064,13027,10814,2858,79,80
1789636464047006539,merge,1.69782,1.57541,0.963955,0.791459,0.049825,5.16578,19968,19968,13092,10814,2859,79,80
1789636464146912898,merge,1.70114,1.58608,0.934912,0.787301,0.049136,5.14415,20064,19968,12859,10967,2860,79,80
1789636464246975088,merge,1.69794,1.60367,0.952267,0.802494,0.064248,5.20878,19968,20064,13109,11092,2861,79,80
1789636464346949094,merge,1.71135,1.64345,0.959056,0.783392,0.176078,5.35893,20064,20064,13081,10916,2862,79,80
1789636464447039990,merge,1.70342,1.57773,0.939674,0.796786,0.04867,5.15398,19968,19968,12926,10867,2863,79,80
1789636464546971589,merge,1.70606,1.59374,0.963866,0.794188,0.050324,5.19414,19968,19968,13198,10946,2864,79,80
1789636464646923837,merge,2.48183,1.64466,0.93645,0.787364,0.051416,6.00764,20064,19968,12925,10911,2865,79,80
1789636464746999140,merge,1.88514,1.58199,0.943826,0.782093,0.048062,5.34753,19968,19968,12996,10903,2866,79,80
1789636464846880688,merge,1.6943,1.61037,0.925312,0.77854,0.078171,5.1729,19968,20064,13035,10980,2867,79,80
1789636464946869004,merge,1.7573,1.64193,0.931609,0.793229,0.04887,5.26617,20064,20064,12971,10961,2868,79,80
1789636465046925929,merge,1.6885,1.57643,0.90978,0.762485,0.050043,5.07503,19968,19872,12892,10844,2869,79,80
1789636465146841953,merge,1.76075,1.61516,0.953759,0.795733,0.05042,5.27037,20064,20064,13248,10970,2870,79,80
1789636465246957621,merge,1.73279,1.62663,0.937743,0.810048,0.047815,5.2553,19968,20064,12644,11024,2871,79,80
1789636465346877624,merge,1.70958,1.58783,0.926429,0.766718,0.05082,5.13071,19968,19968,13126,10890,2872,79,80
1789636465446874810,merge,1.74761,1.5883,0.942865,0.778524,0.050362,5.2037,20064,19968,13060,10932,2873,79,80
1789636465546891918,merge,1.71788,1.60336,0.900514,0.791304,0.049963,5.15184,19968,19968,12716,11037,2874,79,80
1789636465646848954,merge,1.70075,1.60289,0.964131,0.78873,0.048267,5.18663,20064,20064,13076,11013,2875,79,80
1789636465746981519,merge,1.71754,1.58212,0.951799,0.79653,0.050652,5.18844,19968,19968,13138,10844,2876,79,80
1789636465846893900,merge,1.72096,1.59594,0.91996,0.783249,0.04886,5.15498,20064,20064,12793,10939,2877,79,80
1789636465946936462,merge,1.73853,1.60286,0.956741,0.783928,0.049584,5.22324,19968,19968,13124,11017,2878,79,80
1789636466046933713,merge,1.70134,1.58646,0.955498,0.78418,0.050714,5.16481,19968,19968,13149,10917,2879,79,80
1789636466146754710,merge,1.69011,1.58726,0.906718,0.800308,0.047836,5.11985,19968,20064,12690,10947,2880,79,80
1789636466246821014,merge,1.72362,1.61759,0.961357,0.777967,0.050476,5.22196,20064,19968,13232,11082,2881,79,80
1789636466346807862,merge,1.70787,1.60327,0.954521,0.805733,0.049777,5.20303,19968,19968,13084,11075,2882,79,80
1789636466446803626,merge,1.72345,1.60211,0.962752,0.800133,0.051146,5.22436,20064,19968,12915,11001,2883,79,80
1789636466546800798,merge,1.70087,1.60508,0.938251,0.810184,0.064242,5.20768,19968,20064,13082,11075,2884,79,80
1789636466646821564,merge,1.71088,1.6637,0.965666,0.812395,0.179254,5.41223,20064,19968,13117,11060,2885,79,80
1789636466746885431,merge,1.69359,1.60917,0.916903,0.804423,0.0788,5.1878,19968,20064,12768,11063,2886,79,80
1789636466846860635,merge,1.72873,1.58746,0.958118,0.794345,0.05089,5.20806,19968,19968,13188,10931,2887,79,80
1789636466946795808,merge,1.69923,1.60611,0.949433,0.787845,0.055791,5.1856,20064,19968,12908,11032,2888,79,80
1789636467046843697,merge,1.71247,1.6082,0.954111,0.798109,0.055387,5.21294,19968,20064,12940,11056,2889,79,80
1789636467146791272,merge,1.68637,1.60776,0.939767,0.798508,0.051333,5.17201,19968,19968,12950,10968,2890,79,80
1789636467246739280,merge,1.70908,1.59031,0.946514,0.797105,0.049855,5.1848,20064,19968,13028,10946,2891,79,80
1789636467346718810,merge,1.68752,1.59799,0.921109,0.796886,0.0511,5.14515,19968,19968,12774,11043,2892,79,80
1789636467446738366,merge,1.71805,1.62231,0.930011,0.785519,0.050081,5.19424,20064,20064,13210,11176,2893,79,80
1789636467546824682,merge,1.69865,1.58634,0.912977,0.776061,0.048771,5.10775,19968,19968,12819,10936,2894,79,80
1789636467646771466,merge,1.70685,1.58572,0.916149,0.783916,0.047818,5.12008,19968,19968,12951,10846,2895,79,80
1789636467746690035,merge,1.69642,1.60893,0.964058,0.82006,0.05185,5.23053,19968,20064,13091,10955,2896,79,80
1789636467846672225,merge,1.71684,1.60204,0.949307,0.803588,0.051192,5.21579,20064,20064,12975,10945,2897,79,80
1789636467946714335,merge,1.71267,1.57445,1.09628,0.781031,0.049294,5.30421,19968,19968,13024,10862,2898,79,80
1789636468046687289,merge,1.71323,1.59777,0.945205,0.794609,0.049182,5.19101,19968,19968,13096,11019,2899,79,80
1789636468146652777,merge,1.71209,1.60236,0.937459,0.796125,0.049458,5.18163,20064,20064,13001,11006,2900,79,80
1789636468246706015,merge,1.71263,1.58104,0.936274,0.806141,0.049049,5.18607,19968,19968,12983,10888,2901,79,80
1789636468346634296,merge,1.70917,1.58374,0.96074,0.799997,0.051046,5.19241,19968,19968,13201,10920,2902,79,80
1789636468446649679,merge,1.71079,1.61265,0.942918,0.797173,0.049635,5.20121,20160,19968,12843,11015,2903,79,80
1789636468546760247,merge,1.70419,1.58503,0.929899,0.773903,0.048632,5.12399,19872,19968,13109,10870,2904,79,80
1789636468646681950,merge,1.70338,1.58329,0.964116,0.775199,0.04871,5.15972,19968,19968,13059,10831,2905,79,80
1789636468746736290,merge,1.70697,1.59583,0.950969,0.795205,0.049383,5.18315,20064,19968,12938,10916,2906,79,80
1789636468846609490,merge,1.69229,1.59133,0.954611,0.78169,0.047822,5.15463,19968,19968,12915,10863,2907,79,80
1789636468946607740,merge,1.71541,1.5858,0.960394,0.797455,0.050169,5.19734,20064,20064,13246,10920,2908,79,80
1789636469046713166,merge,1.67416,1.5952,0.914254,0.797932,0.048906,5.1156,19968,19968,12693,10951,2909,79,80
1789636469146627131,merge,1.70391,1.61212,0.965078,0.794592,0.06269,5.22081,19968,20160,13116,11091,2910,79,80
1789636469246765351,merge,1.75493,1.60038,0.957369,0.779266,0.212437,5.39049,20160,19872,13222,10752,2911,79,80
1789636469346726006,merge,1.81162,1.88611,0.951579,0.864355,0.067913,5.71292,19968,19968,12756,10882,2912,79,80
1789636469446706309,merge,1.75034,1.63759,0.963975,0.809086,0.098495,5.34766,19968,20064,13296,11054,2913,79,80
1789636469546643297,merge,1.75048,1.60274,0.946581,0.779212,0.231114,5.39255,19968,19872,13077,10800,2914,79,80
1789636469646643679,merge,2.51967,2.02347,0.956577,0.780821,0.065349,6.48139,20064,20064,12945,10818,2915,79,80
1789636469746623579,merge,1.7552,1.62743,0.976991,0.79029,0.094939,5.33553,19968,20064,13413,10978,2916,79,80
1789636469846634057,merge,1.69862,1.61141,0.949576,0.803189,0.179687,5.32832,19968,20064,12903,11101,2917,79,80
1789636469946740748,merge,1.7447,1.6329,0.982783,0.798371,0.175543,5.4251,19968,19968,13285,10840,2918,79,80
1789636470046632201,merge,1.70072,1.57814,0.947964,0.783903,0.050238,5.1511,20064,19968,13046,10816,2919,79,80
1789636470146597708,merge,1.74999,1.6212,0.972377,0.799994,0.057178,5.29663,20064,20064,13335,11096,2920,79,80
1789636470247091967,merge,1.72244,1.62657,0.926303,0.772353,0.049504,5.18591,19968,19968,12852,10797,2921,79,80
1789636470346647345,merge,1.76842,1.61,0.950019,0.797918,0.082159,5.2929,19872,20064,13255,10873,2922,79,80
1789636470446675339,merge,1.74004,1.61906,0.949286,0.774522,0.054631,5.22912,19968,19872,13045,10875,2923,79,80
1789636470546627301,merge,1.74655,1.65644,0.926737,0.792237,0.049778,5.26187,20064,20064,12950,10863,2924,79,80
1789636470646639471,merge,1.74598,1.60702,0.931373,0.778715,0.053651,5.20682,19968,19968,12995,10771,2925,79,80
1789636470746773160,merge,1.73956,1.61532,0.968326,0.806597,0.050497,5.27184,19872,20064,13104,11018,2926,79,80
1789636470846690935,merge,1.68868,1.59507,0.953426,0.801765,0.050164,5.17357,20160,19968,12770,10965,2927,79,80
1789636470946793321,merge,1.70355,1.57501,0.930427,0.789301,0.050339,5.13434,19872,19968,13069,10779,2928,79,80
1789636471046683417,merge,1.68139,1.58833,0.942602,0.79392,0.050945,5.14192,19872,20064,12890,10965,2929,79,80
1789636471146643819,merge,1.73403,1.59347,0.948471,0.780128,0.05993,5.20402,20160,19968,13088,10944,2930,79,80
1789636471246795358,merge,1.68969,1.58438,0.923208,0.789969,0.054159,5.12691,19968,19968,12844,10868,2931,79,80
1789636471346726261,merge,1.69566,1.58647,0.992016,0.77768,0.052335,5.19407,19872,20064,13043,10753,2932,79,80
1789636471446616695,merge,2.45113,1.91961,0.944188,0.786796,0.055588,6.27312,20064,19968,13020,10821,2933,79,80
1789636471546668243,merge,1.70949,1.59695,0.944745,0.788594,0.04862,5.17561,20064,19968,13015,10942,2934,79,80
1789636471646715748,merge,1.69494,1.5803,0.951835,0.786684,0.083475,5.17918,19968,20064,13117,10873,2935,79,80
1789636471746638883,merge,1.71213,1.57895,0.940779,0.792987,0.049194,5.16334,19968,19968,12975,10898,2936,79,80
1789636471846709144,merge,1.6961,1.61032,0.949536,0.805347,0.0473,5.19293,19968,20064,12971,11050,2937,79,80
1789636471946604859,merge,1.71395,1.59186,0.964496,0.784541,0.050967,5.19293,20064,19968,13203,10895,2938,79,80
1789636472046773222,merge,1.69011,1.58654,0.956516,0.793275,0.05005,5.16341,19968,20064,12967,10938,2939,79,80
1789636472146643316,merge,1.69534,1.58371,0.946198,0.799459,0.052348,5.16436,19968,19872,12835,10923,2940,79,80
1789636472246602456,merge,1.71246,1.61278,0.968748,0.788192,0.066685,5.25656,20064,20160,13256,10876,2941,79,80
1789636472346717862,merge,1.69667,1.5723,0.93481,0.79045,0.238298,5.31795,20064,19872,12855,10737,2942,79,80
1789636472446673005,merge,1.70578,1.59255,0.951511,0.807455,0.104841,5.24761,19968,20064,13051,10989,2943,79,80
1789636472546601745,merge,1.69423,1.62026,0.921661,0.7714,0.184718,5.28218,19968,20064,12977,11029,2944,79,80
1789636472646672502,merge,1.70691,1.68355,0.949055,0.772737,0.173456,5.37367,20064,20064,12937,10930,2945,79,80
1789636472747158646,merge,1.68407,1.58007,0.910025,0.76586,0.077375,5.10346,19968,19872,12860,10715,2946,79,80
1789636472846596754,merge,1.75408,1.64183,0.955572,0.803344,0.093119,5.33402,19968,20064,13155,11089,2947,79,80
1789636472946668402,merge,1.71264,1.67535,0.911505,0.819488,0.174215,5.38514,20064,19968,12728,10943,2948,79,80
1789636473046638106,merge,1.74825,1.57832,0.943312,0.765818,0.085761,5.21104,19968,20064,13073,10739,2949,79,80
1789636473146739093,merge,2.2103,1.63331,1.00422,1.25511,0.067619,6.2717,19968,19968,12965,10811,2950,79,80
1789636473246663485,merge,1.71827,1.60906,0.935154,0.786512,0.052876,5.19117,20064,19968,12908,10941,2951,79,80
1789636473346635701,merge,1.72501,1.60497,0.913719,0.784527,0.058645,5.17548,19968,20064,13041,10957,2952,79,80
1789636473446683928,merge,1.73987,1.598,0.938521,0.768897,0.049978,5.18229,20064,19968,13207,10828,2953,79,80
1789636473546648856,merge,2.45922,1.6655,1.03413,0.803615,0.050821,6.11112,19968,20064,12774,11074,2954,79,80
1789636473647155538,merge,2.40006,2.30403,1.55243,1.27235,0.061824,7.69395,20064,19872,13159,10779,2955,79,80
1789636473746677604,merge,1.70398,1.58308,0.956216,0.789291,0.057969,5.17291,19968,20064,13187,10947,2956,79,80
1789636473846602438,merge,1.70924,1.59226,0.896499,0.772902,0.060177,5.11309,20064,19968,12802,10894,2957,79,80
1789636473946856677,merge,1.83431,1.64069,0.959362,0.782017,0.050545,5.36561,19872,20064,13094,10885,2958,79,80
1789636474046676714,merge,1.73231,1.6014,0.945146,0.789403,0.050589,5.20797,20064,20064,13173,10829,2959,79,80
1789636474147082871,merge,1.70656,1.57822,0.926437,0.785751,0.052413,5.13358,19968,19968,12783,10888,2960,79,80
1789636474247081590,merge,1.72054,1.59837,0.941268,0.802051,0.050206,5.20035,20064,19968,13127,11010,2961,79,80
1789636474346587859,merge,1.74957,1.58404,0.923347,0.77817,0.050206,5.18435,20064,19968,13139,10869,2962,79,80
1789636474547194804,merge,1.71291,1.58835,0.947171,0.812697,0.136419,5.28487,20064,19872,13254,10893,2963,79,80
1789636474646883900,merge,1.74889,1.68641,0.942282,0.809989,0.176804,5.44851,19968,19968,12822,11030,2964,79,80
1789636474746609447,merge,1.78696,1.59338,0.931216,0.794651,0.17893,5.37387,19968,20064,12951,10967,2965,79,80
1789636474846605580,merge,1.71604,1.68414,0.949163,0.76507,0.176639,5.37852,20064,19968,13071,10821,2966,79,80
1789636474946771991,merge,2.51002,1.96831,0.961992,0.794105,0.216281,6.59195,19872,20064,12914,10957,2967,79,80
1789636475046615074,merge,1.73842,1.70937,0.930819,0.789629,0.174967,5.43601,20064,20064,12792,10956,2968,79,80
1789636475147102096,merge,1.74382,1.61428,0.944357,0.771376,0.250873,5.4148,20064,19872,13211,10811,2969,79,80
1789636475246686967,merge,1.78834,1.61855,0.908605,0.795456,0.182165,5.3863,19968,20064,12868,11057,2970,79,80
1789636475346607842,merge,1.81437,1.6499,0.932784,0.800483,0.188408,5.48152,19968,20064,12965,11051,2971,79,80
1789636475447088501,merge,1.86726,1.68535,0.984912,0.788161,0.17608,5.60506,20160,19968,13353,10934,2972,79,80
1789636475547810837,merge,1.69809,1.65116,0.914088,0.784977,0.238118,5.37104,19872,19968,12708,10971,2973,79,80
1789636475646618653,merge,1.7331,1.6874,0.970485,0.789561,0.174196,5.43904,20064,20064,13211,10939,2974,79,80
1789636475747020248,merge,1.76033,1.58137,0.951955,0.784609,0.24559,5.41283,19968,19872,13094,10859,2975,79,80
1789636475846609002,merge,1.76916,1.62483,0.926094,0.766212,0.155445,5.32539,19968,20064,12823,10888,2976,79,80
1789636475946613717,merge,1.70755,1.68077,0.96158,0.796723,0.172597,5.40258,20064,20064,13115,11080,2977,79,80
1789636476047055090,merge,1.71903,1.67592,0.981176,0.783858,0.179124,5.42608,20064,19968,13238,10966,2978,79,80
1789636476147725373,merge,1.7469,1.66721,0.917657,0.783833,0.169221,5.36945,19968,19968,12651,10950,2979,79,80
1789636476246712671,merge,1.81658,1.63248,0.954208,0.794563,0.178789,5.46493,19968,20064,13175,10980,2980,79,80
1789636476346712925,merge,1.743,1.73852,0.972979,0.78982,0.181158,5.52231,20064,19968,13051,11060,2981,79,80
1789636476447734306,merge,1.80452,1.65523,0.921447,0.796921,0.173985,5.44408,19968,20064,12786,11079,2982,79,80
1789636476546982085,merge,1.79862,1.70585,0.930224,0.787415,0.174582,5.47978,19968,19968,12947,10931,2983,79,80
1789636476646896619,merge,2.55003,2.25428,0.950193,0.80934,0.252702,6.96469,20064,19872,13196,11091,2984,79,80
1789636476746674767,merge,1.73388,1.73431,0.93788,0.803591,0.172518,5.46949,20064,20064,12751,11087,2985,79,80
1789636476846891217,merge,1.81337,1.722,0.950097,0.795701,0.187814,5.56212,19968,19968,13159,10972,2986,79,80
1789636476947683613,merge,1.79478,1.63526,0.922318,0.793269,0.179578,5.41263,19968,20064,12970,11020,2987,79,80
1789636477046612925,merge,2.35,1.61964,0.93555,0.82075,0.153894,5.986,19968,20064,12838,11082,2988,79,80
1789636477146924252,merge,1.71469,1.6042,0.965427,0.797038,0.245493,5.41966,20064,19872,13251,11054,2989,79,80
1789636477246737584,merge,1.69985,1.66398,0.942989,0.787422,0.178032,5.35583,20064,20064,12950,10905,2990,79,80
1789636477347683083,merge,1.75761,1.60218,0.939457,0.801469,0.152577,5.3405,19968,20064,13002,11049,2991,79,80
1789636477447680421,merge,1.75279,1.68569,0.957709,0.805642,0.176706,5.46429,19968,19968,13097,11109,2992,79,80
1789636477546882684,merge,1.73797,1.70055,0.929222,0.778366,0.169995,5.40575,20064,19968,13044,10897,2993,79,80
1789636477646807885,merge,1.81146,1.63453,0.930885,0.778489,0.176422,5.42495,19968,20064,12917,10855,2994,79,80
1789636477746856425,merge,1.74556,1.72425,0.966642,0.786852,0.181295,5.49512,20064,19968,13265,11000,2995,79,80
1789636477847676135,merge,1.80398,1.72587,0.919906,0.794801,0.180025,5.51681,19968,19968,12810,11041,2996,79,80
1789636477946757079,merge,1.74033,1.68718,0.939908,0.777441,0.179931,5.41927,20064,20064,13134,10916,2997,79,80
1789636478047776812,merge,1.78518,1.68525,0.930397,0.766227,0.175217,5.43553,19968,19968,12995,10873,2998,79,80
1789636478147719931,merge,1.81017,1.64862,0.929599,0.794178,0.176641,5.45216,19968,20064,12877,11051,2999,79,80
1789636478246921788,merge,1.78919,1.60592,1.02346,0.763164,0.241268,5.51241,19968,19872,12855,10854,3000,79,80
1789636478346604736,merge,1.75854,1.70129,0.971146,0.78745,0.17747,5.48179,20064,19968,13249,10881,3001,79,80
1789636478447717970,merge,1.73201,1.74055,0.933334,0.803767,0.175747,5.48083,20064,20064,12654,11103,3002,79,80
1789636478547687490,merge,1.74748,1.70647,0.944492,0.78547,0.241075,5.51528,19872,19968,13058,10964,3003,79,80
1789636478647776593,merge,1.8076,1.70294,0.935872,0.77666,0.180278,5.4908,19968,19968,13076,10796,3004,79,80
1789636478746797089,merge,1.74635,1.70376,0.941082,0.782454,0.167711,5.4288,20064,20064,12869,10854,3005,79,80
1789636478846744697,merge,2.65359,1.68633,0.960615,0.806741,0.217997,6.43788,19968,19968,13175,10977,3006,79,80
1789636478946764062,merge,1.72252,1.65761,0.961565,0.777245,0.173708,5.38002,20064,19968,13165,10858,3007,79,80
1789636479046857141,merge,1.77427,1.58513,0.944095,0.800702,0.175594,5.37011,19968,20064,12900,10930,3008,79,80
1789636479147757849,merge,1.72189,1.6855,0.958261,0.808329,0.175789,5.43621,20064,19968,13169,11014,3009,79,80
1789636479247617113,merge,1.81462,1.70226,0.968209,0.795131,0.176713,5.56041,19968,19968,13163,10883,3010,79,80
1789636479346857382,merge,1.75082,1.581,0.950515,0.800771,0.163507,5.33384,19968,20064,12789,10949,3011,79,80
1789636479447727552,merge,1.73426,1.65643,0.961908,0.800216,0.157118,5.39414,20064,19968,13275,10887,3012,79,80
1789636479547640014,merge,1.72474,1.67694,0.943849,0.794803,0.162165,5.38649,20064,19968,13091,10884,3013,79,80
1789636479647580579,merge,1.6863,1.58698,0.926822,0.773763,0.238274,5.30168,19872,20064,12841,10805,3014,79,80
1789636479746820785,merge,1.75217,1.66345,0.971003,0.787805,0.181798,5.44277,20064,19968,13416,10905,3015,79,80
1789636479846797577,merge,1.69363,1.67233,0.920463,0.783979,0.173127,5.32996,20064,19968,12876,10970,3016,79,80
1789636479947633289,merge,1.79412,1.58724,0.966149,0.786994,0.176177,5.40208,19968,20064,13176,10848,3017,79,80
1789636480047636641,merge,1.77779,1.58826,0.970281,0.7919,0.176587,5.39615,19968,20064,13111,10959,3018,79,80
1789636480147773509,merge,1.77439,1.68472,0.957017,0.795126,0.176306,5.4755,19968,19968,13063,10991,3019,79,80
1789636480247452775,merge,1.78605,1.7064,0.950895,0.79221,0.176819,5.51085,19968,19968,12961,10998,3020,79,80
1789636480346698266,merge,1.73216,1.64442,0.923039,0.757588,0.174226,5.32658,20064,19968,13199,10762,3021,79,80
1789636480446765997,merge,1.73328,1.63677,0.919346,0.76519,0.241337,5.38741,19872,19968,13068,10824,3022,79,80
1789636480546738975,merge,1.81535,1.64608,0.934729,0.783179,0.180995,5.44614,19968,20064,12959,10941,3023,79,80
1789636480646834565,merge,1.79586,1.59821,0.930683,0.799764,0.178132,5.39462,19968,20064,12966,10945,3024,79,80
1789636480747744668,merge,1.7379,1.57106,0.969332,0.778054,0.241875,5.38349,20064,19872,13310,10738,3025,79,80
1789636480846827140,merge,1.70657,1.67986,0.9464,0.789439,0.172152,5.38576,20064,20064,12822,11002,3026,79,80
1789636480947426165,merge,1.72525,1.64484,0.935594,0.772777,0.239373,5.40532,19872,19968,13036,10953,3027,79,80
1789636481047429661,merge,1.77622,1.64877,0.935072,0.784971,0.175132,5.41278,19968,19968,13150,10830,3028,79,80
1789636481147393219,merge,1.9652,1.6119,0.923238,0.784837,0.176594,5.55619,19968,20064,12924,11008,3029,79,80
1789636481246731563,merge,1.72525,1.68927,0.957234,0.795311,0.177107,5.43077,20064,20064,13129,10902,3030,79,80
1789636481347666163,merge,1.70692,1.63265,0.926932,0.777294,0.240393,5.37387,19872,19968,13046,10725,3031,79,80
1789636481446795151,merge,1.71975,1.65419,0.919339,0.773978,0.175653,5.32768,20160,19968,13060,10847,3032,79,80
1789636481547586226,merge,1.77619,1.69103,0.928441,0.797462,0.246556,5.54489,19872,19968,12867,10961,3033,79,80
1789636481646682364,merge,1.77362,1.66808,0.96902,0.802547,0.14408,5.4567,20064,20064,13247,10994,3034,79,80
1789636481747532367,merge,1.74867,1.65631,0.943061,0.783425,0.172009,5.39032,19968,19968,12853,10776,3035,79,80
1789636481847403316,merge,1.7238,1.66628,0.93642,0.803731,0.19809,5.41764,20064,19968,13061,10943,3036,79,80
1789636481947383710,merge,1.69295,1.60771,0.936311,0.798557,0.240139,5.36738,19872,20064,12876,11052,3037,79,80
1789636482047590674,merge,1.72883,1.64929,0.966818,0.800173,0.170941,5.40577,20160,19968,13084,10812,3038,79,80
1789636482147399134,merge,1.75462,1.66401,0.942859,0.791309,0.174259,5.41517,19968,19968,12846,10835,3039,79,80
1789636482247442289,merge,1.80346,1.6194,0.979443,0.79592,0.183354,5.47676,19968,20160,13196,10987,3040,79,80
1789636482347653100,merge,1.75266,1.66486,0.944014,0.76416,0.17563,5.39075,19968,19968,12801,10838,3041,79,80
1789636482447644900,merge,1.76289,1.6532,0.922842,0.790566,0.175181,5.39249,19968,19968,12920,10871,3042,79,80
1789636482547516862,merge,1.69706,1.66906,0.975541,0.791704,0.174989,5.39557,20064,19968,13153,10957,3043,79,80
1789636482647427953,merge,1.75838,1.60783,0.94297,0.801185,0.179968,5.38527,19968,20064,12945,11024,3044,79,80
1789636482747588118,merge,2.55435,1.80279,0.968588,0.790486,0.245744,6.50542,20064,19872,13073,10748,3045,79,80
1789636482847424918,merge,1.77832,1.59045,0.960145,0.776201,0.177739,5.37373,19968,20064,13105,10962,3046,79,80
1789636482947387936,merge,1.71461,1.67381,0.965472,0.770978,0.172905,5.38344,20064,19968,12889,10963,3047,79,80
1789636483047429542,merge,1.75994,1.58963,0.961658,0.791338,0.168311,5.35283,19968,20064,13055,10774,3048,79,80
1789636483147508387,merge,1.76854,1.65699,0.951168,0.783469,0.173523,5.42032,19968,19968,13161,10779,3049,79,80
1789636483247357873,merge,1.75808,1.60583,0.937113,0.805079,0.175955,5.37389,19968,20064,12848,11129,3050,79,80
1789636483347593222,merge,1.71098,1.67494,0.967047,0.911419,0.177866,5.53088,20064,19968,13132,10936,3051,79,80
1789636483447324310,merge,1.76127,1.57952,0.949025,0.784924,0.171234,5.33167,19968,20064,13065,10871,3052,79,80
1789636483547532145,merge,1.70779,1.56985,0.965319,0.786842,0.234791,5.34866,20064,19872,12870,10773,3053,79,80
1789636483647356447,merge,1.71056,1.69719,0.944492,0.808731,0.175284,5.4321,20064,20064,13097,11083,3054,79,80
1789636483747527910,merge,2.38614,2.3285,1.1955,0.807075,0.244502,7.06564,19872,20064,13063,10935,3055,79,80
1789636483847550419,merge,1.80922,1.66121,0.946163,0.773116,0.168378,5.45536,20064,19968,12666,10780,3056,79,80
1789636483947449731,merge,1.85095,1.6821,0.945879,0.789554,0.177139,5.54444,20064,19968,13231,10917,3057,79,80
1789636484047475231,merge,1.9319,1.60356,0.949499,0.781262,0.174965,5.53845,19968,20064,12936,10931,3058,79,80
1789636484147513372,merge,1.94612,1.73784,0.934781,0.794901,0.173594,5.68339,19968,19968,12775,10855,3059,79,80
1789636484247430254,merge,1.93803,1.6818,0.945239,0.80048,0.178799,5.64822,19968,19968,12985,10922,3060,79,80
1789636484347255946,merge,1.7119,1.67912,0.9663,0.795118,0.173509,5.41126,20160,20064,13200,10984,3061,79,80
1789636484447509847,merge,1.74353,1.64815,1.11534,0.779399,0.165646,5.53809,19968,19968,12777,10830,3062,79,80
1789636484547497971,merge,1.69035,1.58761,0.967388,0.792234,0.240494,5.36492,19872,20064,13020,10964,3063,79,80
1789636484647457095,merge,1.73282,1.71757,0.959476,0.779469,0.178534,5.45508,20064,19968,13178,11033,3064,79,80
1789636484747410530,merge,1.73238,1.70825,0.934424,0.800722,0.174014,5.44017,20064,19968,12877,10870,3065,79,80
1789636484847445479,merge,1.80446,1.61852,0.968272,0.760909,0.178815,5.42402,19968,20064,13183,10846,3066,79,80
1789636484947443996,merge,1.74796,1.70623,0.955362,0.791036,0.178902,5.46712,20064,19968,12958,10962,3067,79,80
1789636485047471687,merge,1.80231,1.69732,0.936498,0.791697,0.178104,5.49643,19968,19968,12999,11000,3068,79,80
1789636485147422485,merge,1.80368,1.58682,0.930003,0.803747,0.178517,5.40003,19968,20064,13090,10998,3069,79,80
1789636485247372365,merge,1.73918,1.69071,1.32759,0.826511,0.181366,5.86096,20064,19968,12977,10854,3070,79,80
1789636485347454754,merge,1.7937,2.04251,1.08856,0.802138,0.17821,6.00483,19968,19968,12926,10976,3071,79,80
1789636485447348433,merge,1.73288,1.67351,0.932585,0.775739,0.173391,5.37069,20064,20064,13258,10995,3072,79,80
1789636485547480966,merge,1.78581,1.65298,1.10409,0.818177,0.181769,5.6331,19968,19968,12712,10896,3073,79,80
1789636485647491833,merge,1.72858,1.67461,0.9583,0.793988,0.176035,5.41592,20064,19968,13162,11013,3074,79,80
1789636485747443667,merge,1.78973,1.60664,0.949645,0.789516,0.177353,5.40434,19968,20064,12953,10934,3075,79,80
1789636485847417664,merge,1.71825,1.5982,0.924361,0.79902,0.241923,5.36778,19872,20064,12778,10950,3076,79,80
1789636486047401364,merge,1.71588,1.60583,0.960684,0.817033,0.177822,5.36287,19872,20064,13014,11075,3077,81,82
1789636486147286208,merge,1.72032,1.64036,0.927277,0.797581,0.172108,5.34448,20064,20064,12728,10930,3078,81,82
1789636486247401536,merge,1.73912,1.58705,0.959002,0.801766,0.059227,5.23407,20064,19968,13222,10947,3079,81,82
1789636486347452480,merge,1.73704,1.62086,0.964063,0.817695,0.051757,5.29191,19968,19968,13136,11023,3080,81,82
1789636486447337006,merge,1.69834,1.6108,0.959707,0.809207,0.050386,5.21416,19968,19968,12712,11093,3081,81,82
1789636486547284353,merge,1.71326,1.60874,0.969844,0.80122,0.060987,5.24895,20064,20064,13287,11035,3082,81,82
1789636486647396441,merge,1.73823,1.60444,0.941571,0.793791,0.05068,5.22681,19968,19968,13091,10974,3083,81,82
1789636486747355806,merge,1.71245,1.61121,0.924634,0.805107,0.048893,5.18226,20064,19968,12900,11048,3084,81,82
1789636486847329815,merge,1.70916,1.61424,0.956851,0.804095,0.086343,5.24678,19968,20064,13110,11056,3085,81,82
1789636486947397311,merge,1.7189,1.6526,0.94357,0.777365,0.174002,5.34873,20064,19968,13133,10918,3086,81,82
1789636487047298686,merge,1.6792,1.61872,0.893746,0.791306,0.077649,5.14862,19872,20064,12665,11104,3087,81,82
1789636487147367751,merge,1.72305,1.61268,0.976946,0.862925,0.057977,5.32037,20064,19872,13279,11084,3088,81,82
1789636487247311406,merge,1.71357,1.60336,0.938652,0.79794,0.050833,5.19457,20064,20064,12974,10957,3089,81,82
1789636487347304636,merge,1.71517,1.58988,0.952866,0.820572,0.051838,5.22465,19968,19968,12898,10954,3090,81,82
1789636487447275831,merge,1.70296,1.60683,0.94408,0.81682,0.087743,5.24949,19968,20064,12961,11166,3091,81,82
1789636487547291070,merge,1.72064,1.61713,0.937896,0.814326,0.050672,5.22952,20064,19968,13091,11067,3092,81,82
1789636487647271493,merge,1.6975,1.59647,0.925185,0.794312,0.048034,5.14706,19872,20064,12637,10873,3093,81,82
1789636487747305298,merge,1.71355,1.59037,0.962471,0.75863,0.049446,5.16035,20064,19968,13215,10899,3094,81,82
1789636487847329093,merge,1.7049,1.59551,0.939685,0.772574,0.048088,5.14092,20064,19968,12928,10988,3095,81,82
1789636487947252531,merge,1.73021,1.5977,0.94866,0.801516,0.048735,5.21092,20064,19968,13006,10938,3096,81,82
1789636488047315074,merge,1.70694,1.58571,0.942486,0.794512,0.049541,5.16316,19968,19968,13046,10906,3097,81,82
1789636488147283624,merge,1.77649,1.66383,0.928264,0.798113,0.049232,5.3233,19968,20160,12882,11111,3098,81,82
1789636488247256159,merge,1.70652,1.81803,0.938091,0.794077,0.050672,5.39737,19968,19872,12988,10990,3099,81,82
1789636488347185599,merge,1.75306,1.58266,0.932506,0.761386,0.052677,5.1732,20064,19968,13215,10893,3100,81,82
1789636488447253419,merge,1.70209,2.10239,0.99743,0.792816,0.048839,5.73625,19968,20064,12896,11015,3101,81,82
1789636488547209076,merge,1.78664,1.6019,0.94483,0.784683,0.048751,5.25515,19968,19968,12974,10949,3102,81,82
1789636488647185611,merge,1.71283,1.58068,0.960733,0.778685,0.04873,5.16271,19968,19872,13199,10854,3103,81,82
1789636488747121816,merge,1.71929,1.58647,0.938546,0.778703,0.054226,5.18581,20064,20064,12912,10784,3104,81,82
1789636488847168297,merge,1.7212,1.60581,0.976333,0.806187,0.064373,5.26157,19968,20064,13097,11034,3105,81,82
1789636488947149732,merge,2.15925,1.62442,0.942392,0.791585,0.229407,5.84414,19968,19872,13054,10917,3106,81,82
1789636489047130521,merge,1.70592,1.58899,0.922938,0.788427,0.069239,5.15592,20064,19968,12962,10870,3107,81,82
1789636489247255957,merge,1.70823,1.62285,0.962546,0.798353,0.143029,5.31949,19968,19968,13188,10998,3108,81,82
1789636489347213344,merge,1.75422,1.66341,0.932533,0.78945,0.172952,5.3994,19968,19968,12691,10825,3109,81,82
1789636489447137114,merge,1.79011,1.73585,0.967697,0.795181,0.182612,5.5641,20064,20064,13163,10942,3110,81,82
1789636489547190563,merge,1.78007,1.65158,0.93457,0.775885,0.253842,5.48571,19968,19872,13051,10923,3111,81,82
1789636489647076160,merge,1.75924,1.73446,0.92013,0.783347,0.176378,5.46204,19968,20064,12810,10780,3112,81,82
1789636489747100141,merge,1.79292,1.71558,0.949963,0.781216,0.174823,5.50516,20064,20064,13230,10893,3113,81,82
1789636489847189835,merge,1.79057,1.86174,1.42569,1.10751,0.331954,6.61399,19968,19872,13052,10858,3114,81,82
1789636489947162696,merge,1.7704,2.07997,1.34372,1.19329,0.239325,6.72788,20064,20064,12966,11087,3115,81,82
1789636490047196927,merge,1.82092,1.6562,0.959632,0.814591,0.17946,5.51534,19968,20064,13379,10817,3116,81,82
1789636490147170361,merge,1.78386,1.67553,0.935938,0.798383,0.182935,5.46045,19968,19968,12982,10923,3117,81,82
1789636490247131503,merge,1.83605,1.72935,0.955664,0.793115,0.182417,5.59423,20064,19968,13244,10977,3118,81,82
1789636490347157812,merge,1.78442,1.78666,0.939887,0.781404,0.178027,5.56494,19968,19968,13086,10891,3119,81,82
1789636490447148283,merge,1.79177,1.63702,0.942736,0.788068,0.252447,5.49945,19872,19968,13327,10855,3120,81,82
1789636490547104684,merge,1.76521,1.68529,0.919485,0.765489,0.174588,5.39336,20064,20064,12850,10910,3121,81,82
1789636490647062989,merge,1.80092,1.69346,0.956963,0.78563,0.178329,5.49886,19968,19968,13227,10919,3122,81,82
1789636490747079955,merge,1.70153,1.63685,0.944789,0.76123,0.243274,5.36988,19872,20064,13104,10945,3123,81,82
1789636490847123996,merge,1.76685,2.17906,0.936527,0.792007,0.175117,5.94767,20160,19968,12985,10884,3124,81,82
1789636490946974016,merge,1.77947,1.68265,0.931307,0.773141,0.175735,5.42584,19968,19968,13034,10915,3125,81,82
1789636491047722956,merge,1.70607,1.6541,0.925279,0.768871,0.240942,5.37907,19872,20064,13094,10934,3126,81,82
1789636491147056375,merge,1.7693,1.65246,0.95529,0.768413,0.176517,5.40694,20064,19968,12876,10834,3127,81,82
1789636491247027693,merge,1.78152,1.67906,0.962688,0.783149,0.192712,5.49316,19968,19968,13023,10962,3128,81,82
1789636491346958644,merge,1.77009,1.68379,0.956048,0.968601,0.204579,5.66888,19968,20064,12976,10913,3129,81,82
1789636491447088498,merge,1.87845,1.9374,0.968268,0.770132,0.243655,5.8993,19872,19968,13022,10722,3130,81,82
1789636491546930705,merge,1.76492,1.72674,0.958277,0.797231,0.173573,5.50967,20064,19968,12715,10849,3131,81,82
1789636491647032776,merge,1.85695,1.77417,0.994558,0.794619,0.177354,5.69267,19968,20064,13156,11040,3132,81,82
1789636491746963781,merge,1.76845,1.66175,1.02313,0.797776,0.187549,5.52223,19968,19968,12971,10849,3133,81,82
1789636491846941638,merge,1.7882,1.67151,1.00342,0.787233,0.181648,5.51987,20064,20064,12918,10953,3134,81,82
1789636491947062780,merge,1.77116,1.68346,0.924846,0.80537,0.179284,5.45488,19968,19968,13027,10978,3135,81,82
1789636492047025188,merge,1.78422,1.67536,1.05393,0.889495,0.182972,5.67219,19968,20064,13122,10966,3136,81,82
1789636492247064104,merge,1.68896,1.59171,0.943249,0.815407,0.198771,5.31815,19776,19968,12925,10814,3137,83,84
1789636492346914247,merge,2.16937,2.04004,1.21312,0.988468,0.086908,6.61456,20160,20064,13245,10961,3138,83,84
1789636492446978570,merge,1.70148,1.57417,0.929827,0.781855,0.051032,5.12521,19968,19968,12825,10818,3139,83,84
1789636492547002587,merge,1.71729,1.57785,0.970646,0.817561,0.051327,5.2181,19968,19968,13179,10915,3140,83,84
1789636492646928095,merge,2.04299,1.61253,0.95781,0.83129,0.096373,5.63085,19968,20064,13033,11025,3141,83,84
1789636492746971835,merge,1.72289,1.64752,1.0707,1.24765,0.225899,6.00751,20064,19968,12913,10870,3142,83,84
1789636492846983289,merge,2.14262,1.58243,0.942296,0.791052,0.060645,5.61609,19968,19968,12994,10858,3143,83,84
1789636492946913422,merge,2.28842,1.61884,0.937547,0.794649,0.064941,5.8081,20064,20064,13099,11039,3144,83,84
1789636493046912220,merge,1.70619,1.60139,0.950942,0.769148,0.059876,5.18333,19968,19968,12816,10894,3145,83,84
1789636493146926601,merge,1.74466,1.595,0.984614,0.813337,0.04991,5.28366,19968,19968,13152,10765,3146,83,84
1789636493246855695,merge,1.92891,2.0687,1.05104,0.789587,0.048735,5.99457,20064,20064,12864,10896,3147,83,84
1789636493346922403,merge,1.91386,1.83822,1.05292,0.910499,0.054602,5.86529,19968,19968,12949,10979,3148,83,84
1789636493446944140,merge,1.91004,1.7975,0.974185,0.820051,0.050536,5.6464,20064,19968,13046,10874,3149,83,84
1789636493546958113,merge,1.70586,1.58558,0.954972,0.779846,0.077441,5.19055,19968,20064,12936,10863,3150,83,84
1789636493646913405,merge,2.24401,2.13417,1.3907,1.11732,0.055789,7.05354,19968,19968,12809,10978,3151,83,84
1789636493746883854,merge,2.27912,2.1601,1.11125,0.791423,0.053381,6.49958,20064,19968,13219,10901,3152,83,84
1789636493846868016,merge,1.69615,1.59142,0.944378,0.932296,0.067407,5.31914,19968,20064,12857,10928,3153,83,84
1789636493946903362,merge,1.89259,1.59152,0.925706,0.77398,0.049714,5.3344,19968,19968,12953,10838,3154,83,84
1789636494046852375,merge,2.31825,1.59596,1.01003,0.806227,0.05024,5.88205,20064,19968,13248,10863,3155,83,84
1789636494146805978,merge,2.27334,2.13269,1.26009,1.11341,0.064075,6.95392,19968,20064,12804,10866,3156,83,84
1789636494246893042,merge,2.01689,1.78458,1.26655,1.09645,0.07009,6.32778,20064,19968,13177,10875,3157,83,84
1789636494346890166,merge,2.32787,2.09541,1.36779,1.14892,0.071131,7.13378,19968,19968,13078,10986,3158,83,84
1789636494546873918,merge,2.22698,2.10191,1.47762,0.915937,0.161795,6.99267,20064,19872,13045,10785,3159,83,84
1789636494646818891,merge,1.78461,1.67697,0.950611,0.790331,0.178664,5.47131,19968,19968,13183,10904,3160,83,84
1789636494746798561,merge,1.69682,1.69482,0.941977,0.817053,0.183453,5.42409,20064,20064,12739,11073,3161,83,84
1789636494846880785,merge,1.76506,1.65959,0.953126,0.782901,0.190839,5.43678,19968,19968,13132,10851,3162,83,84
1789636494946845552,merge,2.03088,1.87468,1.05262,0.895394,0.176854,6.13042,19968,19968,12992,10826,3163,83,84
1789636495046689943,merge,2.2793,2.22628,1.35885,1.07338,0.236953,7.29636,20064,20064,12864,10950,3164,83,84
1789636495146814169,merge,1.85078,1.66755,0.953963,0.79724,0.17568,5.53865,19968,19968,12940,10871,3165,83,84
1789636495246739080,merge,1.78189,1.59224,0.963284,0.797827,0.180902,5.40903,19968,20064,13174,10965,3166,83,84
1789636495346770219,merge,2.20361,1.69031,0.891931,0.799906,0.17531,5.86465,20064,19968,12676,10972,3167,83,84
1789636495446741351,merge,2.03796,1.89498,1.07416,0.899601,0.180702,6.18979,19968,19968,13130,10934,3168,83,84
1789636495546746090,merge,1.70224,1.7289,0.978526,0.912278,0.176321,5.59226,20064,19968,13052,10868,3169,83,84
1789636495646748203,merge,2.37263,2.02249,0.918129,0.787386,0.175732,6.38118,19968,20064,12852,11015,3170,83,84
1789636495746801685,merge,1.71024,1.68301,0.984675,0.930813,0.231828,5.62987,20064,19968,13241,10991,3171,83,84
1789636495846805696,merge,1.68398,1.60324,0.961189,0.783295,0.246928,5.37251,19872,20064,12917,10829,3172,83,84
1789636495946687414,merge,1.73626,1.66386,0.953263,0.792722,0.180069,5.41386,20064,19968,12975,10849,3173,83,84
1789636496046658183,merge,1.77348,1.67855,0.949745,0.799606,0.176957,5.46153,19968,19968,13118,10993,3174,83,84
1789636496146716633,merge,1.71828,1.73294,1.41939,0.860083,0.184632,6.01636,20064,19968,13028,10980,3175,83,84
1789636496246691923,merge,2.39632,1.59118,0.938415,0.81972,0.178723,6.05383,19968,20064,12924,10962,3176,83,84
1789636496346734262,merge,1.78585,1.59957,0.967879,0.778205,0.180006,5.40511,19968,20064,13142,10972,3177,83,84
1789636496446743608,merge,1.71377,1.69408,0.957202,0.788354,0.179231,5.41946,20064,19968,12908,11051,3178,83,84
1789636496546751178,merge,1.71934,1.68354,0.968805,0.774735,0.178828,5.40661,20064,19968,13158,11061,3179,83,84
1789636496646751122,merge,1.76244,1.5942,0.930052,0.782981,0.175666,5.33367,19968,20064,13008,10972,3180,83,84
1789636496746750382,merge,1.78216,1.6956,0.915846,0.770104,0.183109,5.43706,19968,19968,12853,11034,3181,83,84
1789636496846776698,merge,1.69862,1.69674,0.926215,0.791232,0.182077,5.38605,20064,19968,12990,11038,3182,83,84
1789636496946679874,merge,1.77899,1.60766,0.964002,0.804974,0.181834,5.42999,19968,20064,13167,10978,3183,83,84
1789636497046741609,merge,1.69504,1.68844,0.93408,0.806439,0.178545,5.39138,20064,19968,12672,11047,3184,83,84
1789636497146737542,merge,1.78477,1.6917,0.955312,0.792376,0.17807,5.49076,19968,19968,13156,11085,3185,83,84
1789636497246718515,merge,1.70121,1.69418,0.968268,0.799638,0.179572,5.43366,20064,20064,13087,11064,3186,83,84
1789636497346801772,merge,1.77394,1.67174,0.91384,0.784441,0.170545,5.39935,19968,19968,12725,10959,3187,83,84
1789636497446673184,merge,1.79323,1.67517,0.948892,0.796812,0.175452,5.48524,19968,19968,13074,10930,3188,83,84
1789636497546658906,merge,1.71071,1.68597,0.97217,0.791424,0.181256,5.42694,20064,19968,13195,11067,3189,83,84
1789636497646711505,merge,1.7638,1.61949,0.927188,0.779975,0.174398,5.35145,19968,20064,12807,11018,3190,83,84
1789636497746733059,merge,1.777,1.66182,0.95756,0.77975,0.175843,5.43842,19968,19968,13111,10802,3191,83,84
1789636497846635734,merge,1.72082,1.67309,0.967641,0.797041,0.179121,5.42396,20064,20064,13289,10955,3192,83,84
1789636497946784381,merge,1.80416,2.13505,0.943543,0.783516,0.179484,5.94558,19968,19968,12715,10998,3193,83,84
1789636498046639398,merge,1.77612,1.6632,0.962079,0.782068,0.177594,5.45398,19968,19968,13167,10845,3194,83,84
1789636498146601668,merge,1.76405,1.58502,0.945898,0.801483,0.180279,5.36421,19968,20064,13076,10929,3195,83,84
1789636498246733744,merge,1.70538,1.67872,0.980733,0.788448,0.208329,5.44923,20064,19968,12893,10983,3196,83,84
1789636498346682475,merge,1.71498,1.6675,0.978647,0.792945,0.178525,5.42309,20064,19968,13126,10871,3197,83,84
1789636498446742638,merge,1.7672,1.65555,0.966253,0.778136,0.174593,5.4264,19968,19968,13093,10872,3198,83,84
1789636498546705421,merge,2.07208,1.78218,0.938344,0.803747,0.17171,5.87114,20064,19968,12764,10997,3199,83,84
1789636498646722466,merge,1.70189,1.61604,0.95654,0.793444,0.239245,5.39099,19872,20064,13088,11013,3200,83,84
1789636498746692736,merge,1.70419,1.56852,0.950086,0.779246,0.236324,5.3196,20160,19872,12929,10769,3201,83,84
1789636498846689680,merge,1.77124,1.59961,0.938593,0.791695,0.179267,5.36919,19968,20064,13000,10831,3202,83,84
1789636498946713978,merge,1.77186,1.6097,0.954591,0.793095,0.177773,5.3937,19968,20064,13009,10980,3203,83,84
1789636499046771532,merge,1.77355,1.65969,0.939278,0.780965,0.216508,5.45479,19968,19968,12978,10855,3204,83,84
1789636499146626544,merge,2.17627,1.74326,0.954814,0.795171,0.180627,5.96572,19968,19968,12849,10923,3205,83,84
1789636499346743412,merge,1.71638,1.58401,0.946326,0.784593,0.242924,5.3615,20064,19872,13077,10838,3206,83,84
1789636499446664689,merge,1.70621,1.65226,0.93648,0.785359,0.171668,5.3368,20064,19968,12970,10850,3207,83,84
1789636499546691853,merge,1.78963,1.60543,1.01103,0.799931,0.184458,5.4778,19968,20064,13327,11054,3208,83,84
1789636499646758396,merge,1.76811,1.6815,0.94066,0.804887,0.174523,5.45935,19968,19968,12884,10920,3209,83,84
1789636499746602937,merge,1.71129,1.65199,0.956752,0.796742,0.180734,5.38631,20064,19968,13090,10736,3210,83,84
1789636499846614619,merge,1.80926,1.5856,0.985368,0.794699,0.174576,5.43598,19968,20064,13317,10924,3211,83,84
1789636499946614353,merge,1.75818,1.67833,0.948032,0.795905,0.176444,5.44315,19968,19968,12806,10995,3212,83,84
1789636500046608657,merge,1.76074,1.66682,0.991314,0.789447,0.177453,5.47147,20064,19968,13480,10859,3213,83,84
1789636500146609299,merge,1.75138,1.57574,0.952395,0.78732,0.172729,5.32853,19968,20064,12901,10842,3214,83,84
1789636500246653018,merge,1.74298,1.6954,1.05427,0.802875,0.177507,5.57066,20064,20064,13253,11100,3215,83,84
1789636500347083701,merge,1.77747,1.67877,0.945865,0.794913,0.178204,5.45903,19968,19968,13066,10959,3216,83,84
1789636500446655418,merge,1.79334,1.58173,0.96154,0.790608,0.176093,5.38752,19968,20064,13181,10828,3217,83,84
1789636500546695845,merge,1.69425,1.66356,0.928847,0.777677,0.169307,5.32367,20064,19968,12905,10786,3218,83,84
1789636500647127511,merge,1.79541,1.68294,0.962304,0.788204,0.179308,5.48982,19968,19968,13185,10904,3219,83,84
1789636500747166522,merge,1.69816,1.64668,0.936439,0.78677,0.245846,5.39919,19872,19968,12937,10836,3220,83,84
1789636500846681130,merge,1.70912,1.66255,0.936227,0.779109,0.175132,5.35081,20160,19968,13051,10869,3221,83,84
1789636500946620263,merge,1.69285,1.59837,0.914537,0.794896,0.237624,5.32679,19872,20064,12754,10988,3222,83,84
1789636501047040587,merge,1.70753,1.59926,0.952025,0.798838,0.242133,5.38979,19872,20064,13160,11004,3223,83,84
1789636501146724654,merge,1.71345,1.65077,0.971568,0.797373,0.176071,5.39612,20064,19968,13009,10848,3224,83,84
1789636501246665575,merge,1.71378,1.66637,0.950262,0.789988,0.169858,5.3824,20064,19968,12985,10888,3225,83,84
1789636501347134966,merge,1.70069,1.65868,0.95642,0.794857,0.24074,5.44238,19872,19968,13048,10917,3226,83,84
1789636501446612274,merge,1.69295,1.59358,0.96001,0.771308,0.237847,5.34722,19872,20064,13066,10703,3227,83,84
1789636501546618865,merge,1.71611,1.6614,0.950382,0.789949,0.177345,5.38426,20256,19968,13054,10841,3228,83,84
1789636501647112719,merge,1.69526,1.6019,0.942066,0.79993,0.241836,5.36807,19872,20064,13030,11042,3229,83,84
1789636501746708530,merge,1.72344,1.6613,0.955762,0.804748,0.175415,5.41012,20064,19968,13219,10873,3230,83,84
1789636501846790973,merge,1.77321,1.64861,0.924501,0.777264,0.172099,5.38415,19968,19968,12786,10813,3231,83,84
1789636501947083713,merge,1.77472,1.59944,0.956034,0.802571,0.176887,5.40001,19968,20064,13156,11052,3232,83,84
1789636502046703786,merge,1.69256,1.60756,0.944636,0.785017,0.24125,5.35814,19872,20064,12976,11049,3233,83,84
1789636502146766841,merge,1.71278,1.65439,0.943687,0.782029,0.178063,5.35676,20160,19968,12980,10789,3234,83,84
1789636502246688142,merge,1.76995,1.57037,0.929084,0.770114,0.240459,5.36637,19968,19872,12985,10787,3235,83,84
1789636502346955669,merge,1.73,1.69486,0.983823,0.812515,0.179768,5.49649,20064,20064,13234,10832,3236,83,84
1789636502446717353,merge,1.76297,1.67011,0.922634,0.784033,0.171914,5.40645,19968,19968,12667,10839,3237,83,84
1789636502546952133,merge,1.76999,1.58346,0.96961,0.801518,0.181713,5.39352,19968,20064,13149,10947,3238,83,84
1789636502646642670,merge,1.70462,1.67831,0.930132,0.786322,0.173473,5.36571,20064,19968,13002,11011,3239,83,84
1789636502746675931,merge,1.7301,1.68163,0.940298,0.782317,0.178725,5.40247,20064,20064,12947,11018,3240,83,84
1789636502847095213,merge,1.68896,1.62719,0.93736,0.780999,0.248972,5.37305,19872,19968,12863,10829,3241,83,84
1789636502946624602,merge,1.70562,1.66299,0.969237,0.779644,0.178509,5.38074,20064,19968,13139,10865,3242,83,84
1789636503046646016,merge,1.76247,1.61087,0.922566,0.810306,0.175332,5.36563,19968,20160,12688,10992,3243,83,84
1789636503147199805,merge,1.71619,1.57485,0.962462,0.782754,0.245257,5.36827,20064,19872,13212,10736,3244,83,84
1789636503247029626,merge,1.74936,1.65959,0.949189,0.795076,0.178135,5.41838,19968,19968,12979,10773,3245,83,84
1789636503346653683,merge,1.76087,1.60203,0.923807,0.80844,0.177276,5.36062,19968,20064,12839,11074,3246,83,84
1789636503446870475,merge,1.71739,1.66796,0.976859,0.790484,0.176777,5.41488,20064,19968,13279,10863,3247,83,84
1789636503546898723,merge,1.75801,1.58397,0.95055,0.785034,0.176965,5.33949,19968,20064,12939,10862,3248,83,84
1789636503646873946,merge,1.71579,1.66321,0.930311,0.781059,0.17705,5.35391,20064,19968,13036,10871,3249,83,84
1789636503746916685,merge,1.76481,1.67751,0.962838,0.811333,0.185758,5.48448,19968,19968,13080,10958,3250,83,84
1789636503846870590,merge,1.77131,1.59328,0.949248,0.785146,0.177416,5.36261,19968,20064,12987,10909,3251,83,84
1789636503946862037,merge,1.7114,1.66055,0.951306,0.780642,0.174271,5.36488,20064,19968,12932,10792,3252,83,84
1789636504046957530,merge,1.7077,1.67616,0.949787,0.783208,0.181887,5.3853,20064,19968,13275,10886,3253,83,84
1789636504146993857,merge,1.75207,1.60597,0.937426,0.779232,0.172991,5.33611,19968,20064,12699,10829,3254,83,84
1789636504246958047,merge,1.71847,1.66964,0.972436,0.786104,0.184734,5.42636,20064,19968,13162,10847,3255,83,84
1789636504347845441,merge,1.67212,1.60198,0.937628,0.768898,0.237784,5.30991,19776,20064,12793,11056,3256,83,84
1789636504446617985,merge,1.71995,1.70729,0.960643,0.80421,0.189743,5.46973,20160,19968,12991,10921,3257,83,84
1789636504546859354,merge,1.7139,1.69692,0.953207,0.806746,0.200126,5.46176,20064,20064,13015,10923,3258,83,84
1789636504647034319,merge,1.69543,1.62853,0.945532,0.790762,0.2361,5.38599,19872,19968,13023,10854,3259,83,84
1789636504746565923,merge,1.84837,1.69149,0.937486,0.800455,0.177636,5.55604,20064,20064,12719,11023,3260,83,84
1789636504846987769,merge,1.85145,1.66813,0.979166,0.796314,0.175033,5.56894,20064,19968,13230,10792,3261,83,84
1789636504947818722,merge,1.76783,1.66315,0.952348,0.776119,0.18286,5.43,19968,19968,13064,10816,3262,83,84
1789636505046875495,merge,1.77036,1.68107,0.919768,0.785402,0.176268,5.41623,19968,19968,12741,10971,3263,83,84
1789636505146787545,merge,1.76977,1.64491,0.960665,0.802396,0.189464,5.45717,19968,20160,13124,11098,3264,83,84
1789636505247070628,merge,1.70403,1.70541,0.959044,0.789805,0.199165,5.4475,20064,19968,13228,10871,3265,83,84
1789636505346935855,merge,1.77749,1.6997,0.931951,0.778582,0.173958,5.45647,19968,19968,12819,10872,3266,83,84
1789636505446672275,merge,1.78031,1.61462,0.967367,0.793465,0.18514,5.43031,19968,20064,13076,11080,3267,83,84
1789636505547114250,merge,1.7126,1.70385,0.980923,0.776717,0.179752,5.44606,20064,19968,13228,10909,3268,83,84
1789636505646998808,merge,1.94422,1.69735,0.913519,0.784554,0.179293,5.61865,19968,19968,12708,10903,3269,83,84
1789636505746662321,merge,2.46739,1.69092,0.959797,0.771451,0.178245,6.19055,20064,20064,13260,10926,3270,83,84
1789636505847099210,merge,1.7652,1.67236,0.935958,0.770702,0.172612,5.40823,19968,19968,12926,10895,3271,83,84
1789636505946964664,merge,1.74074,1.65924,0.936774,0.783555,0.172689,5.38607,20064,19968,12967,10907,3272,83,84
1789636506046879037,merge,1.93875,1.6084,0.967865,0.794592,0.172984,5.57801,19968,20064,12983,11009,3273,83,84
1789636506147009016,merge,1.78042,1.67442,0.949021,0.769819,0.172288,5.42854,19968,19968,13010,10940,3274,83,84
1789636506246910351,merge,1.71006,1.66247,0.903673,0.781955,0.171453,5.31827,20064,19968,12801,10878,3275,83,84
1789636506346839644,merge,1.77543,1.59006,0.962108,0.769528,0.178305,5.37015,19968,20064,13156,10925,3276,83,84
1789636506446872430,merge,1.70288,1.61233,0.933555,0.778603,0.24317,5.35696,20064,19872,12784,11039,3277,83,84
1789636506547723305,merge,1.76793,1.63136,0.94791,0.788659,0.175003,5.39771,19968,20160,13003,11135,3278,83,84
1789636506648046824,merge,1.70287,1.7691,0.96042,0.807887,0.239467,5.57596,20064,19872,13075,10930,3279,83,84
1789636506747763181,merge,1.94265,1.6279,0.940783,0.799892,0.176022,5.5832,19968,20064,12831,10973,3280,83,84
1789636506846862082,merge,1.78352,1.69298,0.917463,0.804492,0.177115,5.46508,19968,19968,12922,11069,3281,83,84
1789636506946663284,merge,1.78594,1.60919,0.977188,0.784129,0.175249,5.42292,19968,20064,13085,11041,3282,83,84
1789636507046862845,merge,1.71594,1.68204,0.924509,0.780839,0.175443,5.36592,20064,19968,12878,10962,3283,83,84
1789636507146833161,merge,1.78165,1.62027,0.94649,0.804239,0.177229,5.41757,19968,20064,13051,11071,3284,83,84
1789636507247992885,merge,2.21237,1.70864,0.946599,0.810581,0.18407,5.96459,20064,19968,13263,11037,3285,83,84
1789636507346877319,merge,1.72453,1.67938,0.931545,0.797615,0.213045,5.43721,20064,19968,12823,10964,3286,83,84
1789636507447707473,merge,1.78394,1.67095,0.942629,0.790669,0.179186,5.46504,19968,19968,13182,11009,3287,83,84
1789636507547688653,merge,2.01038,1.60953,0.942702,0.783267,0.176988,5.63333,19968,20064,13084,11135,3288,83,84
1789636507646953896,merge,1.88556,1.69259,0.921267,0.796218,0.173747,5.57614,20064,19968,12857,11050,3289,83,84
1789636507747657621,merge,1.97803,1.66227,0.937287,0.77872,0.179591,5.6345,19968,19968,13050,10851,3290,83,84
1789636507846868266,merge,2.26878,1.67681,0.957379,0.786648,0.179619,5.97902,20064,20064,13244,10929,3291,83,84
1789636507947686584,merge,1.78116,1.68469,0.901522,0.948879,0.236563,5.6388,19968,19968,12658,10997,3292,83,84
1789636508046861720,merge,1.79574,1.67142,0.933107,0.775609,0.177321,5.44041,19968,19968,13175,10914,3293,83,84
1789636508146822158,merge,1.80426,1.61094,0.935018,0.784722,0.176417,5.41278,19968,20064,12985,10880,3294,83,84
1789636508246764790,merge,1.78229,1.70387,0.912769,0.797211,0.174979,5.46678,20064,20064,12844,11057,3295,83,84
1789636508347989855,merge,1.68923,1.73842,0.913706,0.784548,0.242445,5.47492,19872,19872,12868,10895,3296,83,84
1789636508446609689,merge,2.07998,1.66105,0.977892,0.844996,0.179094,5.83712,20160,19968,13265,10861,3297,83,84
1789636508547692117,merge,1.69871,1.67481,1.03949,1.1641,0.179423,5.84443,20064,20064,12793,10968,3298,83,84
1789636508647767038,merge,1.70624,1.65777,0.936738,0.769103,0.239988,5.39573,19872,19968,13094,10958,3299,83,84
1789636508746816606,merge,1.70478,1.66344,0.94308,0.822293,0.179842,5.39438,20064,19968,13003,10822,3300,83,84
1789636508847611005,merge,1.76636,1.58018,0.912409,0.785236,0.168668,5.29454,19968,20064,12837,10888,3301,83,84
1789636508947920888,merge,1.79377,1.67255,0.938578,0.770867,0.176253,5.43433,19968,19968,13209,10952,3302,83,84
1789636509047870292,merge,1.71271,1.73769,0.960331,0.791164,0.190976,5.48122,20064,19968,13036,10880,3303,83,84
1789636509147623110,merge,1.7758,1.73003,0.935946,0.786319,0.193035,5.52251,19968,19968,12956,10838,3304,83,84
1789636509246766377,merge,1.77846,1.68498,0.967293,0.822076,0.189801,5.53611,19968,20064,13141,11109,3305,83,84
1789636509347876479,merge,1.71561,1.60574,0.941726,0.78892,0.247531,5.38448,20064,19872,13089,10900,3306,83,84
1789636509446791501,merge,1.76949,1.77149,0.928816,0.771774,0.173944,5.50847,19968,20064,12910,10942,3307,83,84
1789636509546766985,merge,1.78716,1.6712,0.959517,0.769637,0.178927,5.45456,19968,20064,13251,10858,3308,83,84
1789636509647822716,merge,1.69924,1.65537,0.935747,0.800523,0.235054,5.413,20064,19872,12927,10864,3309,83,84
1789636509847902256,merge,1.73565,1.81951,0.953169,0.798637,0.180084,5.57835,20064,19968,13332,10880,3310,83,84
1789636509947850414,merge,1.75083,1.7599,0.92986,0.788444,0.176152,5.4947,19968,20064,12820,11011,3311,83,84
1789636510047506894,merge,1.80415,1.67404,0.943976,0.791897,0.177435,5.4766,19968,19968,13254,10887,3312,83,84
1789636510147879001,merge,1.71032,1.65837,0.943852,0.768987,0.173555,5.34137,20064,19968,12985,10845,3313,83,84
1789636510247795965,merge,1.78526,1.68275,0.948229,0.776591,0.176177,5.46335,19968,19968,13024,10918,3314,83,84
1789636510346727403,merge,1.80892,1.62623,0.956699,0.801657,0.177101,5.45703,19968,20064,13103,11057,3315,83,84
1789636510447802777,merge,1.71594,1.72,0.947282,0.752909,0.172205,5.39826,20064,19968,13097,10700,3316,83,84
1789636510547508902,merge,1.7159,1.63682,0.939995,0.765989,0.24253,5.39764,19872,19968,12996,10801,3317,83,84
1789636510646757200,merge,1.73493,1.68868,0.950972,0.773261,0.173409,5.40127,20064,19968,13109,10862,3318,83,84
1789636510746728784,merge,1.7926,1.65161,0.959155,0.782839,0.173775,5.45313,19968,20064,13097,10973,3319,83,84
1789636510847745179,merge,1.7738,1.65587,0.931074,0.781655,0.180126,5.40919,19968,19968,13025,10817,3320,83,84
1789636510946671566,merge,1.69935,1.59328,0.968937,0.797286,0.241522,5.38386,19872,20064,12775,10959,3321,83,84
1789636511047770416,merge,1.73701,1.71061,0.970185,0.775097,0.178157,5.45998,20064,19968,13305,10980,3322,83,84
1789636511147484476,merge,1.76974,1.58634,0.96791,0.77403,0.177691,5.35673,19968,20064,13084,10918,3323,83,84
1789636511247841635,merge,1.71812,1.58604,0.960439,0.796982,0.23947,5.39305,20064,19872,12910,10819,3324,83,84
1789636511346758547,merge,1.70238,1.61226,0.963867,0.788377,0.235059,5.38673,19872,20064,13147,10940,3325,83,84
1789636511446704095,merge,1.77948,1.59187,0.956649,0.783081,0.174951,5.37367,19968,20064,13095,10751,3326,83,84
1789636511547772425,merge,1.70983,1.65756,0.955612,0.795055,0.175789,5.38052,20064,19968,12907,10867,3327,83,84
1789636511647728131,merge,1.77157,1.6932,0.939273,0.791139,0.177617,5.46235,19968,19968,13067,10994,3328,83,84
1789636511747492103,merge,1.72339,1.66758,0.968346,0.809961,0.176985,5.43249,20064,19968,13208,10948,3329,83,84
1789636511847532408,merge,1.70735,1.6625,0.965874,0.788831,0.169885,5.38366,20064,20064,12743,10900,3330,83,84
1789636511947695247,merge,1.7871,1.6646,0.965549,0.793994,0.178765,5.47564,19968,19968,13194,10900,3331,83,84
1789636512047498449,merge,1.67912,1.60317,0.927138,0.803608,0.243912,5.34288,19872,20064,12827,11082,3332,83,84
1789636512147701672,merge,1.71553,1.66,0.955555,0.794589,0.174882,5.388,20064,19968,12902,10805,3333,83,84
1789636512247658425,merge,1.69851,1.64984,0.931339,0.777226,0.176373,5.31693,20064,19968,13012,10759,3334,83,84
1789636512347526578,merge,1.79392,1.70053,0.976828,0.799025,0.182968,5.55299,19968,19968,13200,10848,3335,83,84
1789636512447503204,merge,1.76272,1.60475,0.922192,0.797956,0.189286,5.36385,19968,20064,12618,10968,3336,83,84
1789636512547684526,merge,1.7938,1.59579,0.960972,0.779866,0.178944,5.40341,19968,20064,13113,10894,3337,83,84
1789636512647676741,merge,1.77305,1.65862,0.968066,0.787515,0.18295,5.46117,19968,19968,13096,10785,3338,83,84
1789636512747352496,merge,1.72011,1.68045,0.952634,0.785485,0.176847,5.40413,20064,19968,12842,10946,3339,83,84
1789636512847376276,merge,1.78697,1.59364,0.962786,0.783348,0.188102,5.40832,19968,20064,13159,10880,3340,83,84
1789636512947658374,merge,1.76848,1.65764,0.99135,0.783418,0.186154,5.47286,19968,19968,13096,10849,3341,83,84
1789636513047623516,merge,1.71248,1.66812,0.973754,0.789667,0.14695,5.37477,20064,20064,12925,10899,3342,83,84
1789636513147813726,merge,1.76849,1.66365,0.947868,0.776115,0.17868,5.42326,19968,19968,13089,10729,3343,83,84
1789636513247620699,merge,1.7219,1.6461,0.981029,0.79469,0.188753,5.41627,20064,19968,13241,10828,3344,83,84
1789636513347411030,merge,1.71686,1.66753,0.960167,0.791418,0.178337,5.39998,20064,19968,12835,10941,3345,83,84
1789636513447601247,merge,1.75981,1.60261,0.952292,0.794816,0.153297,5.34785,19968,20064,13186,11035,3346,83,84
1789636513547454403,merge,1.70168,1.63862,0.950238,0.777465,0.173578,5.3249,20064,19968,12957,10756,3347,83,84
1789636513647567548,merge,1.69257,1.59234,0.936947,0.801283,0.215942,5.32416,19872,20064,12826,10997,3348,83,84
1789636513747762183,merge,1.70874,1.67008,0.958475,0.791017,0.172949,5.38736,20064,19968,13109,10939,3349,83,84
1789636513847359907,merge,1.71704,1.66004,0.973534,0.780067,0.183516,5.39695,20064,19968,13044,10832,3350,83,84
1789636513947560624,merge,1.75424,1.65578,0.933753,0.779941,0.170512,5.37779,19968,19968,12746,10818,3351,83,84
1789636514047370549,merge,1.7577,1.60644,0.954995,0.781914,0.146656,5.33085,19968,20064,13144,10926,3352,83,84
1789636514147622484,merge,1.69747,1.58599,0.948736,0.781958,0.234566,5.33298,20064,19872,12848,10892,3353,83,84
1789636514247390442,merge,1.77273,1.59765,0.944004,0.817727,0.191467,5.40904,19968,20160,12964,10999,3354,83,84
1789636514347669033,merge,1.76818,1.66237,0.94834,0.78429,0.172648,5.4188,19968,19968,13010,10878,3355,83,84
1789636514447240721,merge,1.70768,1.67483,0.941162,0.796246,0.176063,5.3766,20064,19968,12933,10916,3356,83,84
1789636514547520223,merge,1.71073,1.67154,0.966467,0.793785,0.177265,5.4024,20064,20064,13077,10943,3357,83,84
1789636514647580620,merge,1.69951,1.59576,0.960501,0.787191,0.240101,5.36836,19872,20064,13010,10886,3358,83,84
1789636514747662235,merge,1.78757,1.67835,0.95505,0.817052,0.177104,5.50181,19968,19968,12948,10947,3359,83,84
1789636514847627146,merge,1.715,1.67389,0.958501,0.790614,0.171558,5.39829,20064,19968,13019,10868,3360,83,84
1789636514947581407,merge,1.77893,1.59405,0.951886,0.782258,0.184175,5.38002,19968,20064,13182,10856,3361,83,84
1789636515047606710,merge,1.71571,1.65465,0.941079,0.79484,0.171029,5.36036,20064,19968,12844,10883,3362,83,84
1789636515147556165,merge,1.71263,1.67589,0.964217,0.791277,0.174832,5.40224,20064,19968,13219,10962,3363,83,84
1789636515247555382,merge,1.71597,1.58918,0.960279,0.789512,0.237333,5.38193,19872,20064,12972,10942,3364,83,84
1789636515347645771,merge,1.72243,1.66228,0.939137,0.778911,0.173565,5.36192,20160,19968,12961,10849,3365,83,84
1789636515447560018,merge,1.76454,1.70495,0.952504,0.801079,0.175573,5.48525,19968,19968,13021,11001,3366,83,84
1789636515547511140,merge,1.79109,1.60432,0.956775,0.794797,0.177203,5.42144,19968,20064,13152,10999,3367,83,84
1789636515647553032,merge,1.75389,1.65844,0.909464,0.785281,0.168843,5.36115,19968,19968,12576,10900,3368,83,84
1789636515747508918,merge,1.72912,1.67073,0.973083,0.774836,0.174566,5.4362,20160,19968,13332,10871,3369,83,84
1789636515847515768,merge,1.69198,1.60556,0.951799,0.795956,0.2576,5.39087,19872,20064,12855,10900,3370,83,84
1789636515947524196,merge,1.71402,1.66107,0.923703,0.7792,0.167325,5.34209,20064,19968,12855,10871,3371,83,84
1789636516047474071,merge,2.21849,1.85914,0.922777,0.782997,0.183462,6.08174,19968,19968,13009,10894,3372,83,84
1789636516147497463,merge,1.80681,1.62781,0.957022,0.815588,0.158677,5.45736,19968,20064,13071,11085,3373,83,84
1789636516247481406,merge,2.52353,2.0568,0.990346,0.793883,0.185974,6.69542,20064,19968,12815,10875,3374,83,84
1789636516347482762,merge,1.71249,1.65877,0.961692,0.782793,0.173686,5.37367,20064,19968,13204,10935,3375,83,84
1789636516447442525,merge,1.78895,1.68343,0.948195,0.806517,0.179101,5.49111,19968,19968,12911,11005,3376,83,84
1789636516547425764,merge,1.79715,1.62168,0.921641,0.795088,0.176024,5.39842,19968,20064,12919,11129,3377,83,84
1789636516647464046,merge,1.71888,1.70615,0.94947,0.790179,0.179504,5.43698,20064,19968,13230,11041,3378,83,84
1789636516747442594,merge,1.76711,1.67806,0.938225,0.787334,0.175061,5.43485,19968,19968,12842,10947,3379,83,84
1789636516847375824,merge,1.71561,1.70511,0.950845,0.797823,0.17708,5.44087,20064,20064,13116,11067,3380,83,84
1789636516947497247,merge,1.70078,1.60722,0.922476,0.771881,0.241658,5.33711,19872,20064,12949,11003,3381,83,84
1789636517047472995,merge,1.7081,1.59987,0.943576,0.80761,0.245773,5.38917,20064,19872,12997,10941,3382,83,84
1789636517147390869,merge,1.70619,1.68346,0.933111,0.792918,0.176826,5.37863,20064,20064,13005,11046,3383,83,84
1789636517247455031,merge,1.78746,1.69162,0.959772,0.784574,0.175091,5.48763,19968,19968,13195,11030,3384,83,84
1789636517347374156,merge,1.69952,1.69699,0.899417,0.804213,0.172202,5.361,20064,20064,12704,11037,3385,83,84
1789636517447508868,merge,1.77345,1.67525,0.952988,0.783173,0.178552,5.45257,19968,19968,13155,10951,3386,83,84
1789636517547440876,merge,1.76638,1.68481,0.941557,0.800102,0.182029,5.46315,19968,19968,12938,10993,3387,83,84
1789636517647340992,merge,1.79465,1.62324,0.92299,0.798983,0.173273,5.40774,19968,20064,12843,11099,3388,83,84
1789636517747490858,merge,1.71263,1.67854,0.931712,0.781723,0.191824,5.38652,20064,19968,12964,10899,3389,83,84
1789636517847322082,merge,1.80662,1.67903,0.937166,0.792588,0.185114,5.49192,19968,19968,13129,10795,3390,83,84
1789636517947364921,merge,2.52002,2.52729,1.14817,0.819992,0.184183,7.35777,20064,20064,12733,11029,3391,83,84
1789636518047374133,merge,1.75554,1.61011,0.957203,0.784473,0.229452,5.42635,19872,20064,13019,10981,3392,83,84
1789636518147464372,merge,1.70656,1.65023,0.928776,0.768557,0.174412,5.31031,20064,19968,13129,10843,3393,83,84
1789636518247383387,merge,1.72096,1.58248,0.918627,0.777585,0.236987,5.32016,20064,19872,12836,10894,3394,83,84
1789636518347313191,merge,1.77939,1.61174,0.959223,0.792518,0.179004,5.41165,19968,20064,13188,11048,3395,83,84
1789636518447371949,merge,1.71125,1.66026,0.948913,0.78302,0.175069,5.36221,20064,19968,13170,10917,3396,83,84
1789636518547394360,merge,1.77059,1.66269,0.952286,0.799626,0.175461,5.44881,19968,19968,12812,10878,3397,83,84
1789636518647330173,merge,1.7858,1.61007,0.972873,0.803392,0.175679,5.43893,19968,20064,13129,10960,3398,83,84
1789636518747410350,merge,1.77599,1.58383,0.944978,0.781115,0.244226,5.41879,19968,19872,13158,10875,3399,83,84
1789636518847305690,merge,1.71566,1.6687,0.923232,0.794915,0.173564,5.36072,20064,20064,12856,10820,3400,83,84
1789636518947359030,merge,1.70074,1.59929,0.977648,0.801858,0.24809,5.41633,19872,20064,13134,11011,3401,83,84
1789636519047388382,merge,1.7295,1.59334,0.955463,0.784844,0.248723,5.40864,20160,19872,13126,10922,3402,83,84
1789636519147333091,merge,1.77691,1.58793,1.01279,0.78666,0.186732,5.43526,19968,20064,12866,10904,3403,83,84
1789636519247307757,merge,1.77907,1.66173,0.969554,0.800128,0.17577,5.47361,19968,19968,13081,10878,3404,83,84
1789636519347244822,merge,1.70588,1.68136,0.975276,0.81998,0.190967,5.46144,20064,19968,13135,10956,3405,83,84
1789636519447291151,merge,1.76097,1.66344,0.922832,0.767978,0.17635,5.3803,19968,19968,12709,10788,3406,83,84
1789636519547220876,merge,1.77592,1.58813,0.968439,0.789804,0.178598,5.38965,19968,20064,13232,10935,3407,83,84
1789636519647311398,merge,1.70556,1.67576,0.940926,0.932003,0.178278,5.52339,20064,19968,12953,10902,3408,83,84
1789636519747254284,merge,1.78671,1.68836,0.934312,0.788288,0.174361,5.47196,19968,19968,12923,10886,3409,83,84
1789636519847178915,merge,1.79549,1.59162,0.978053,0.783544,0.180337,5.42073,19968,20064,13262,10812,3410,83,84
1789636519947294656,merge,1.70722,1.67212,0.946038,0.79414,0.172292,5.38491,20064,19968,12905,10962,3411,83,84
1789636520047247931,merge,1.78482,1.68717,0.976545,0.805533,0.176958,5.53317,19968,19968,13049,10963,3412,83,84
1789636520147199241,merge,1.75463,1.66148,0.967119,0.803246,0.147806,5.43427,20064,20064,13300,10820,3413,83,84
1789636520247265326,merge,1.75751,1.66618,0.957177,0.792866,0.173526,5.43403,19968,19968,12947,10885,3414,83,84
1789636520347188902,merge,1.76335,1.69153,0.980498,0.809842,0.148316,5.49038,20064,20064,13398,11045,3415,83,84
1789636520447315051,merge,1.75585,1.67312,0.940285,0.80287,0.173732,5.43362,19968,19968,12934,10946,3416,83,84
1789636520547244743,merge,1.80853,1.64976,0.971623,0.773766,0.174356,5.46211,19968,19968,13299,10756,3417,83,84
1789636520647128677,merge,1.70849,1.686,0.952187,0.803381,0.198089,5.43898,20064,19968,13006,10912,3418,83,84
1789636520747151794,merge,1.72819,1.61032,0.966164,0.795247,0.247287,5.43794,19872,20064,13273,10955,3419,83,84
1789636520847195890,merge,1.75743,1.66029,0.94896,0.804874,0.171399,5.43523,19968,19968,12944,10811,3420,83,84
1789636520947157787,merge,1.72192,1.67166,0.969922,0.809039,0.175416,5.43365,20064,20064,12999,10959,3421,83,84
1789636521047180334,merge,1.71728,1.65587,0.958862,0.805543,0.237364,5.47355,19872,19968,13052,10937,3422,83,84
1789636521147241769,merge,1.74505,1.66668,0.961188,0.781422,0.173879,5.41056,20064,19968,13153,10843,3423,83,84
1789636521247136137,merge,1.74646,1.58576,0.93015,0.789139,0.148524,5.28229,19968,20064,12678,10949,3424,83,84
1789636521347232575,merge,1.77652,1.66306,0.960632,0.791173,0.172016,5.44847,19968,19968,13252,10937,3425,83,84
1789636521447159285,merge,1.68663,1.60477,0.937955,0.778964,0.250584,5.34679,19872,20064,12899,10850,3426,83,84
1789636521547266778,merge,1.70596,1.65506,0.943968,0.77278,0.168111,5.33376,20064,19968,12929,10690,3427,83,84
1789636521647134336,merge,1.7637,1.65866,0.957931,0.775709,0.173479,5.41651,19968,19968,12955,10856,3428,83,84
1789636521747112263,merge,1.71036,1.69044,1.10303,0.783125,0.179817,5.55467,20064,20064,13199,11072,3429,83,84
1789636521847209138,merge,1.68428,2.15479,0.956467,0.816139,0.253488,5.99038,19872,19968,12706,10787,3430,83,84
1789636521947149549,merge,1.75908,1.65663,0.955528,0.808599,0.169355,5.44743,20064,19968,13143,10883,3431,83,84
1789636522047103992,merge,1.77225,1.60774,0.949016,0.804971,0.161523,5.38028,19968,20064,13104,11039,3432,83,84
1789636522147203278,merge,1.76197,1.68013,0.960521,0.78986,0.175263,5.45819,19968,19968,12888,10937,3433,83,84
1789636522247130441,merge,1.71121,1.67728,0.965879,0.786997,0.178555,5.41254,20064,19968,13105,10840,3434,83,84
1789636522347055908,merge,1.75826,1.59282,0.954793,0.797467,0.165175,5.3571,19968,20064,13126,10818,3435,83,84
1789636522447141774,merge,1.71206,1.68213,0.937528,0.793168,0.172373,5.3828,20064,19968,12931,10944,3436,83,84
1789636522547080257,merge,1.78042,1.66749,0.966928,0.769723,0.178577,5.44685,19968,19968,13072,10846,3437,83,84
1789636522647097271,merge,1.77097,1.58875,0.968555,0.797633,0.156044,5.36669,19968,20064,13174,10954,3438,83,84
1789636522747182365,merge,1.7929,1.67505,0.939159,0.794382,0.176725,5.46752,19968,19968,12798,10923,3439,83,84
1789636522846981168,merge,1.71195,1.67474,0.959481,0.787872,0.171352,5.39183,20064,19968,13148,10895,3440,83,84
1789636522947063811,merge,1.75507,1.5802,0.958257,0.794077,0.157766,5.33393,19968,20064,13011,10921,3441,83,84
1789636523047121618,merge,1.77103,1.66197,0.947175,0.78798,0.173924,5.4279,19968,19968,12826,10926,3442,83,84
1789636523147049170,merge,1.74115,1.66916,0.950884,0.838591,0.178332,5.46707,20064,19968,13000,10881,3443,83,84
1789636523247010732,merge,1.77868,1.58708,0.961226,0.782937,0.171151,5.36424,19968,20064,13147,10754,3444,83,84
1789636523347098280,merge,1.69342,1.66559,0.912767,0.799268,0.167113,5.32166,20064,20064,12631,10937,3445,83,84
1789636523447118563,merge,1.78044,1.58641,0.985621,0.802775,0.250304,5.49544,19968,19872,13195,10909,3446,83,84
1789636523546996066,merge,1.77054,1.66384,0.962715,0.779253,0.168895,5.43176,19968,19968,12975,10837,3447,83,84
1789636523647001085,merge,1.72372,1.66508,0.942056,0.788541,0.169607,5.37569,20064,20160,12848,10954,3448,83,84
1789636523747114118,merge,1.76073,1.5754,0.928497,0.793704,0.242752,5.38609,19968,19872,13025,10832,3449,83,84
1789636523846932139,merge,1.78567,1.60554,0.968551,0.795811,0.171655,5.41455,19968,20064,13128,11069,3450,83,84
1789636523947119102,merge,1.71832,1.66945,0.938911,0.809298,0.176099,5.39524,20064,20064,12842,10893,3451,83,84
1789636524047041694,merge,1.76528,1.57898,0.959828,0.784635,0.246255,5.42409,19968,19872,13105,10801,3452,83,84
1789636524146924969,merge,1.72426,1.69376,0.960492,0.794069,0.175697,5.43605,20064,20064,13179,10942,3453,83,84
1789636524246983865,merge,1.76407,1.60248,0.924872,0.784757,0.170072,5.33083,19968,20064,12738,10948,3454,83,84
1789636524347079855,merge,1.77244,1.57387,0.958989,0.786419,0.242954,5.41954,19968,19872,13223,10833,3455,83,84
1789636524446865054,merge,1.70973,1.68879,0.957817,0.799258,0.195259,5.43767,20064,20064,13125,11139,3456,83,84
1789636524547049639,merge,1.77979,1.60559,0.969571,0.808841,0.176519,5.42996,19968,20064,12852,11005,3457,83,84
1789636524647033686,merge,1.76047,1.65085,0.959798,0.784013,0.175119,5.41649,19968,19968,13028,10831,3458,83,84
1789636524746998426,merge,1.71409,1.6624,0.965491,0.791097,0.171835,5.39092,20064,19968,13151,10876,3459,83,84
1789636524846902241,merge,1.76315,1.60835,0.954398,0.79258,0.17143,5.37617,19968,20064,12803,11080,3460,83,84
1789636524947007298,merge,1.72351,1.67949,0.975392,0.794434,0.191592,5.45148,20064,19968,13232,10832,3461,83,84
1789636525046990796,merge,1.74972,1.66105,0.937361,0.785014,0.172464,5.38797,19968,19968,12769,10830,3462,83,84
1789636525146884666,merge,1.75813,1.59544,0.938952,0.783276,0.172525,5.33386,19968,20064,12933,10974,3463,83,84
1789636525246845941,merge,1.70083,1.68903,0.968116,0.782926,0.18722,5.41979,20064,19968,13062,10987,3464,83,84
1789636525346954942,merge,1.76961,1.67583,0.95999,0.788663,0.173815,5.46671,19968,19968,12942,10875,3465,83,84
1789636525446877894,merge,1.69432,1.66398,0.960471,0.808031,0.177146,5.38897,20064,20064,12931,10920,3466,83,84
1789636525547011662,merge,1.76668,1.67562,0.985542,0.794795,0.175956,5.48607,19968,19968,13104,10965,3467,83,84
1789636525646919016,merge,1.76607,1.66538,0.937933,0.779231,0.170283,5.41153,19968,19968,12755,10904,3468,83,84
1789636525746852577,merge,1.72091,1.68482,0.962744,0.813376,0.197883,5.46853,20064,20064,13114,11006,3469,83,84
1789636525846893881,merge,1.78075,1.73107,0.974066,0.797608,0.176577,5.55318,19968,19968,13190,10978,3470,83,84
1789636525946891202,merge,1.76822,1.6755,0.915845,0.804065,0.173714,5.42077,19968,19968,12767,10867,3471,83,84
1789636526046780896,merge,1.73034,1.66845,0.972319,0.772367,0.176942,5.40913,20064,20064,13219,10872,3472,83,84
1789636526146901339,merge,1.77372,1.66372,0.947488,0.785184,0.178089,5.44059,19968,19968,13083,10905,3473,83,84
1789636526246846574,merge,1.71314,1.68554,0.913743,0.800165,0.17415,5.37035,20064,19968,12861,11014,3474,83,84
1789636526346846003,merge,1.77135,1.58815,0.955868,0.77284,0.179844,5.3602,19968,20064,13066,10889,3475,83,84
1789636526446901164,merge,1.7886,1.65791,0.965081,0.789812,0.179387,5.4754,19968,19968,13143,10864,3476,83,84
1789636526546820010,merge,1.70598,1.68577,0.936176,0.811115,0.173284,5.40303,20064,19968,12712,11015,3477,83,84
1789636526646833708,merge,1.77567,1.60819,0.956594,0.811162,0.180459,5.42521,19968,20064,13176,11114,3478,83,84
1789636526746865011,merge,1.71204,1.68125,0.954056,0.800089,0.177946,5.41991,20064,19968,13053,10987,3479,83,84
1789636526846826337,merge,1.77875,1.67076,0.937662,0.802644,0.17493,5.45507,19968,19968,12836,11004,3480,83,84
1789636526946785233,merge,1.76456,1.69415,0.940229,0.792781,0.179878,5.46196,19968,19968,12933,11074,3481,83,84
1789636527046725224,merge,1.72689,1.68877,0.950084,0.799475,0.177855,5.42862,20064,20064,13180,11063,3482,83,84
1789636527146802184,merge,1.76127,1.66941,0.930429,0.85908,0.173358,5.47967,19968,19968,12656,10934,3483,83,84
1789636527246751243,merge,1.71278,1.69057,0.985093,0.802121,0.180642,5.45854,20064,20064,13234,11033,3484,83,84
1789636527346851736,merge,1.77463,1.68775,0.927357,0.794035,0.177994,5.44869,19968,19968,12885,11045,3485,83,84
1789636527446794433,merge,1.80344,1.71861,0.934551,0.789791,0.179246,5.52014,19968,19968,12840,10941,3486,83,84
1789636527546751885,merge,1.80927,1.62468,0.937048,0.793098,0.177979,5.4394,19968,20064,13092,10998,3487,83,84
1789636527646793943,merge,1.72537,1.708,0.928974,0.802276,0.180555,5.43414,20064,19968,13047,11101,3488,83,84
1789636527746726752,merge,1.71964,1.68813,0.930507,0.799063,0.177036,5.40227,20064,19968,13009,11076,3489,83,84
1789636527846717498,merge,1.77744,1.59122,0.94406,0.780409,0.172937,5.35623,19968,20064,13105,10848,3490,83,84
1789636527946765149,merge,1.77068,1.65726,0.956958,0.781619,0.174277,5.4268,19968,19968,13042,10808,3491,83,84
1789636528046665187,merge,1.7175,1.6885,0.957605,0.788839,0.173414,5.41649,20064,20064,12935,11038,3492,83,84
1789636528146843274,merge,1.79038,1.66751,0.958119,0.780245,0.17939,5.46359,19968,19968,13198,10909,3493,83,84
1789636528246703800,merge,1.77784,1.66073,0.927878,0.773793,0.176124,5.41157,19968,19968,12910,10865,3494,83,84
1789636528346741222,merge,1.72528,1.67735,0.947287,0.787027,0.179896,5.40952,20064,20064,13079,11014,3495,83,84
1789636528446732357,merge,1.77667,1.68394,0.937534,0.800627,0.17449,5.45995,19968,19968,13018,11030,3496,83,84
1789636528546778588,merge,1.71929,1.65773,0.958117,0.769655,0.171905,5.36465,20064,19968,12963,10886,3497,83,84
1789636528646780975,merge,1.77361,1.68871,0.949481,0.796788,0.173938,5.48165,19968,19968,12923,10913,3498,83,84
1789636528746702623,merge,1.78391,1.68722,0.960186,0.782494,0.174149,5.48276,19968,19968,13167,10954,3499,83,84
1789636528846702655,merge,1.69737,1.65981,0.933733,0.774271,0.164269,5.30771,20064,19968,12741,10782,3500,83,84
1789636528946794319,merge,1.7827,1.66327,0.962971,0.799694,0.171609,5.46434,19968,19968,13158,10802,3501,83,84
1789636529046642089,merge,1.77486,1.60481,0.944162,0.804404,0.17716,5.39136,19968,20160,12986,11030,3502,83,84
1789636529146782078,merge,1.71073,1.59055,0.932691,0.782405,0.236185,5.33911,20064,19872,12878,10854,3503,83,84
1789636529246711149,merge,1.73041,1.6626,0.951235,0.802537,0.172702,5.41714,20064,19968,13131,10863,3504,83,84
1789636529346806548,merge,1.70497,1.59884,0.960973,0.806457,0.25402,5.42047,19872,20160,13037,11055,3505,83,84
1789636529446724288,merge,1.71109,1.59382,0.933633,0.776252,0.236199,5.33611,20160,19872,12897,10910,3506,83,84
1789636529547248406,merge,1.80853,1.66806,0.968648,0.788352,0.171289,5.5026,19968,19968,13183,10848,3507,83,84
1789636529647257594,merge,1.78494,1.58629,0.959688,0.797503,0.173721,5.39307,19968,20064,13154,10954,3508,83,84
1789636529746645332,merge,1.76596,1.66719,0.904771,0.785193,0.170844,5.37592,19968,19968,12792,10846,3509,83,84
1789636529846731859,merge,1.73449,1.66845,0.965263,0.761464,0.171739,5.38458,20064,19968,13308,10791,3510,83,84
1789636529947215262,merge,1.79161,1.58916,0.926551,0.790589,0.173521,5.36468,19968,20064,13105,10861,3511,83,84
1789636530046723261,merge,1.77378,1.66767,0.931953,0.78821,0.172855,5.42162,19968,19968,12865,11002,3512,83,84
1789636530146660046,merge,1.7562,1.6864,0.988845,0.798135,0.190435,5.50753,20064,19968,13479,10982,3513,83,84
1789636530246740788,merge,1.78165,1.80554,0.957864,0.849613,0.185245,5.6823,19968,20160,12848,10892,3514,83,84
1789636530346715359,merge,1.77317,1.62405,0.959787,0.788278,0.24983,5.49276,20064,19872,13228,10807,3515,83,84
1789636530447308539,merge,1.81329,1.72156,0.939602,0.81763,0.177843,5.56603,19968,19968,13081,10985,3516,83,84
1789636530546723901,merge,1.83354,1.78961,1.0046,0.831896,0.182167,5.75079,19968,20064,13249,10931,3517,83,84
1789636530646618837,merge,1.73836,1.88933,0.950544,0.802431,0.174654,5.66374,20064,20064,12880,10776,3518,83,84
1789636530747319838,merge,1.84388,1.70417,0.960756,0.800783,0.18005,5.58995,19968,19968,13240,10841,3519,83,84
1789636530847163108,merge,1.74721,1.68415,0.945648,0.812718,0.255348,5.53683,19872,19968,12991,10928,3520,83,84
1789636531047226826,merge,1.74619,1.59178,0.955161,0.792416,0.231538,5.42107,19872,19872,12964,10786,3521,87,88
1789636531147329229,merge,1.73364,1.61329,0.947196,0.791743,0.103595,5.28498,19968,20064,13192,10998,3522,87,88
1789636531246770958,merge,1.68643,1.60541,0.934214,0.781962,0.179546,5.27334,19968,20064,12703,10951,3523,87,88
1789636531346759445,merge,1.71636,1.56407,0.970805,0.773465,0.049258,5.16036,19968,19872,13137,10728,3524,87,88
1789636531446589615,merge,1.71852,1.60648,0.963203,0.796167,0.061817,5.23607,19968,20064,13147,11042,3525,87,88
1789636531546684225,merge,1.69962,1.5934,0.935111,0.792926,0.050632,5.15549,19968,19968,12948,10837,3526,87,88
1789636531646613205,merge,1.75935,1.59604,0.963561,0.785236,0.049342,5.25731,19968,20064,13012,10733,3527,87,88
1789636531746635896,merge,1.72121,1.58707,0.97369,0.774033,0.051067,5.19858,20064,19968,13228,10873,3528,87,88
1789636531846724171,merge,1.72299,1.60586,0.956619,0.801549,0.052945,5.2311,19872,20064,13010,11074,3529,87,88
1789636531946683828,merge,1.72687,1.58082,0.968651,0.771736,0.048967,5.19086,20064,19968,12933,10802,3530,87,88
1789636532046706715,merge,1.72086,1.59168,0.96756,0.780605,0.050026,5.1998,19968,20064,13174,10963,3531,87,88
1789636532146727842,merge,1.7055,1.59502,0.944648,0.793194,0.049932,5.17671,19968,19968,12935,10963,3532,87,88
1789636532246637592,merge,1.7216,1.58859,0.948589,0.900567,0.0509,5.2983,20064,19968,12973,10883,3533,87,88
1789636532346623839,merge,1.69355,1.57905,0.963492,0.778157,0.051686,5.15656,19968,20064,13009,10800,3534,87,88
1789636532446683257,merge,1.70688,1.58244,0.950795,0.791958,0.052522,5.17858,19968,19968,13052,10809,3535,87,88
1789636532546611750,merge,1.71354,1.60643,0.93938,0.793649,0.050057,5.19109,20064,20064,12789,10958,3536,87,88
1789636532646659414,merge,1.72992,1.56368,0.974481,0.780396,0.048963,5.17827,20064,19872,13252,10710,3537,87,88
1789636532746632621,merge,1.69877,1.5918,0.931107,0.804059,0.050389,5.15764,20064,20064,12744,10990,3538,87,88
1789636532847111721,merge,1.71959,1.59438,0.932423,0.779871,0.051827,5.1643,19968,19968,13089,10910,3539,87,88
1789636532947102321,merge,1.69775,1.59352,0.989245,0.792815,0.049749,5.21324,19872,20064,12902,10906,3540,87,88
1789636533046636656,merge,1.715,1.57424,0.925388,0.791673,0.048914,5.13648,20064,19968,12968,10845,3541,87,88
1789636533146613371,merge,1.70226,1.60403,0.961695,0.809281,0.052578,5.22001,19968,20064,12933,11030,3542,87,88
1789636533246644329,merge,1.71172,1.58637,0.967204,0.788056,0.05365,5.18776,20064,19872,13212,10907,3543,87,88
1789636533346643099,merge,1.71389,1.60807,0.931772,0.785111,0.056665,5.18742,20064,20064,12884,10746,3544,87,88
1789636533447102848,merge,1.69244,1.59049,0.9499,0.799133,0.053187,5.17282,19872,20064,12973,10933,3545,87,88
1789636533546608374,merge,1.73134,1.59065,0.962813,0.780061,0.051395,5.20537,20064,19968,13291,10940,3546,87,88
1789636533646614105,merge,1.73295,1.59632,0.913056,0.791246,0.05223,5.17043,20064,19968,12828,10852,3547,87,88
1789636533747006986,merge,1.71802,1.60096,0.93484,0.795763,0.050716,5.18941,19968,20064,13173,10889,3548,87,88
1789636533846597359,merge,1.7185,1.60779,0.929044,0.797538,0.053319,5.18952,19968,19968,13071,11035,3549,87,88
1789636533946615957,merge,1.74077,1.62214,0.930426,0.80602,0.058684,5.24512,20064,19968,12848,10952,3550,87,88
1789636534046970147,merge,1.71992,1.61273,0.946994,0.794828,0.051579,5.2145,19968,20160,13007,10943,3551,87,88
1789636534146742821,merge,1.76349,1.56895,0.953776,0.790362,0.050509,5.22085,20064,19872,13284,10801,3552,87,88
1789636534247024105,merge,1.6965,1.60298,0.916402,0.787488,0.048767,5.14298,19968,19968,12612,10917,3553,87,88
1789636534346719061,merge,1.72859,1.59294,0.967524,0.801172,0.052295,5.23394,20064,20064,13267,10876,3554,87,88
1789636534447016803,merge,1.68155,1.5942,0.938723,0.799033,0.0485,5.15925,19872,20064,12843,10947,3555,87,88
1789636534546658111,merge,1.71196,1.58793,0.923505,0.788855,0.049602,5.14949,20064,19968,12846,10953,3556,87,88
1789636534646714124,merge,1.69319,1.60599,0.940154,0.791241,0.049764,5.16433,19968,20064,12973,10981,3557,87,88
1789636534746640484,merge,1.72023,1.56617,0.971705,0.78482,0.048979,5.17457,20064,19872,13206,10758,3558,87,88
1789636534846613208,merge,1.709,1.592,0.909029,0.769455,0.049577,5.12304,20064,20064,12780,10929,3559,87,88
1789636534946964987,merge,1.69234,1.60693,0.958748,0.819797,0.050604,5.21246,19872,20064,13023,10986,3560,87,88
1789636535046645706,merge,1.7271,1.58199,0.936743,0.801489,0.051337,5.18321,20064,19968,13086,10812,3561,87,88
1789636535146704028,merge,1.7065,1.58709,0.944836,0.782101,0.054357,5.17997,20064,19968,12925,10814,3562,87,88
1789636535247051686,merge,1.71686,1.60071,0.962971,0.802594,0.049544,5.22761,19968,20064,13201,11008,3563,87,88
1789636535346630348,merge,1.70562,1.59451,0.949405,0.781817,0.053262,5.1716,19968,19968,12981,10948,3564,87,88
1789636535446603645,merge,1.71192,1.57711,0.962564,0.780334,0.049491,5.1665,20064,19968,13014,10911,3565,87,88
1789636535546933844,merge,1.69594,1.59141,0.956784,0.801485,0.050935,5.18612,19968,20064,13085,10958,3566,87,88
1789636535646882720,merge,1.72695,1.59926,0.932831,0.784261,0.049342,5.17996,20064,19968,12938,11014,3567,87,88
1789636535746921127,merge,1.69214,1.59338,0.954216,0.797538,0.048641,5.1718,19968,19968,12949,10942,3568,87,88
1789636535846935146,merge,1.71717,1.59252,0.968185,0.787464,0.0488,5.19792,20064,20064,13268,10955,3569,87,88
1789636535947005313,merge,1.69425,1.59477,0.927585,0.794479,0.047353,5.1448,19968,19968,12653,10936,3570,87,88
1789636536046929008,merge,1.70302,1.61766,0.956536,0.789032,0.047946,5.21092,19968,19968,13116,10846,3571,87,88
1789636536146619601,merge,1.6908,1.59674,0.950419,0.799343,0.051052,5.17745,19968,20160,12999,10992,3572,87,88
1789636536246691016,merge,1.72022,1.58802,0.9433,0.798766,0.048608,5.18089,20064,19872,12866,11006,3573,87,88
1789636536346874589,merge,1.68434,1.60577,0.942657,0.801671,0.048881,5.16559,19968,20064,12979,11015,3574,87,88
1789636536446670388,merge,1.70728,1.57816,0.961956,0.78171,0.050479,5.16364,19968,19968,13105,10897,3575,87,88
1789636536546617112,merge,1.70843,1.59342,0.911103,0.786522,0.049185,5.13561,20064,20064,12696,10963,3576,87,88
1789636536646858494,merge,1.72636,1.60462,0.974827,0.808133,0.051423,5.25204,20064,19872,13245,11008,3577,87,88
1789636536746968943,merge,1.6931,1.61639,0.951207,0.812959,0.052611,5.20683,19968,20064,13068,11129,3578,87,88
1789636536846824070,merge,1.69964,1.60259,0.931255,0.812388,0.050156,5.18978,19968,20064,12729,10920,3579,87,88
1789636536946811784,merge,1.73528,1.6002,0.962797,0.810163,0.051463,5.24444,20064,19968,13219,11036,3580,87,88
1789636537046870203,merge,1.70288,1.60573,0.953383,0.800625,0.050445,5.19569,19968,19968,13080,11034,3581,87,88
1789636537146814524,merge,1.72668,1.6116,0.94534,0.808642,0.050503,5.22815,19968,20064,12801,11055,3582,87,88
1789636537246634962,merge,1.70447,1.59025,0.952006,0.793833,0.052871,5.18253,20064,20064,13148,10944,3583,87,88
1789636537346840472,merge,1.72957,1.60826,0.930404,0.779624,0.051024,5.1835,20064,19872,13146,11099,3584,87,88
1789636537446919955,merge,1.69063,1.6137,0.933565,0.801639,0.050393,5.17598,19968,19968,12837,11081,3585,87,88
1789636537546848326,merge,1.71216,1.60206,0.973457,0.802443,0.052086,5.22528,19968,20160,13176,10989,3586,87,88
1789636537646803217,merge,1.70874,1.59584,0.940857,0.791292,0.051484,5.17071,20064,19872,12955,10982,3587,87,88
1789636537747776055,merge,1.7084,1.61934,0.939348,0.813857,0.049274,5.21809,19968,20064,12969,11128,3588,87,88
1789636537846785099,merge,1.69593,1.61352,0.954147,0.793568,0.049986,5.19126,19968,19968,13018,11065,3589,87,88
1789636537946727164,merge,1.7036,1.58585,0.963414,0.793507,0.049601,5.1798,19968,20064,13068,10880,3590,87,88
1789636538046673025,merge,1.70913,1.58704,0.928847,0.791451,0.048307,5.1483,20064,20064,12784,10968,3591,87,88
1789636538146941677,merge,1.71383,1.5989,0.952818,0.801035,0.049201,5.19971,19968,19968,13152,10992,3592,87,88
1789636538246777797,merge,1.6963,1.58094,0.929579,0.797554,0.051604,5.14593,20064,19968,12837,10910,3593,87,88
1789636538346748473,merge,1.7058,1.58535,0.948714,0.793077,0.050152,5.17224,19968,19968,12995,10876,3594,87,88
1789636538446740505,merge,1.68972,1.61015,0.942252,0.800528,0.050409,5.18424,19968,20064,12957,11117,3595,87,88
1789636538546743948,merge,1.71049,1.59793,0.952702,0.781097,0.050804,5.17917,20064,19968,13006,11041,3596,87,88
1789636538646649673,merge,1.69347,1.57694,0.940661,0.781868,0.048959,5.13265,19968,19968,12921,10860,3597,87,88
1789636538746759765,merge,1.71813,1.57843,0.983615,0.77664,0.050006,5.19482,20064,19968,13221,10823,3598,87,88
1789636538847722739,merge,1.70344,1.60405,0.940678,0.788956,0.050447,5.17096,19968,19968,12923,10946,3599,87,88
1789636538946665337,merge,1.7017,1.58881,0.944202,0.788955,0.049797,5.16049,19968,19968,13025,10849,3600,87,88
1789636539046749056,merge,1.72601,1.57711,0.969521,0.798839,0.050121,5.20573,20064,19968,13273,10845,3601,87,88
1789636539146712088,merge,1.70805,1.60509,0.950859,0.815004,0.04982,5.21005,20064,20064,12839,11063,3602,87,88
1789636539247786444,merge,1.7104,1.60454,0.946997,0.773321,0.049147,5.17143,19872,20064,13126,10920,3603,87,88
1789636539346923997,merge,1.72151,1.57956,0.962121,0.781242,0.050548,5.18123,20064,19968,13212,10868,3604,87,88
1789636539446873720,merge,1.70512,1.58346,0.94226,0.798411,0.048363,5.16004,20064,19968,12889,10957,3605,87,88
1789636539547771740,merge,1.70675,1.61097,0.932559,0.788542,0.049596,5.18836,19872,20064,13006,11085,3606,87,88
1789636539646896504,merge,1.74355,1.57802,0.954428,0.783541,0.050169,5.19483,20064,19968,13264,10758,3607,87,88
1789636539746871185,merge,1.69442,1.59119,0.928537,0.796292,0.050432,5.14287,19968,20064,12730,10834,3608,87,88
1789636539847832635,merge,1.76192,1.59535,0.953609,0.796958,0.050755,5.25812,20064,19968,13198,10969,3609,87,88
1789636539947682505,merge,1.7056,1.59214,0.937367,0.781799,0.04999,5.15036,19968,19968,13038,10893,3610,87,88
1789636540047808450,merge,1.6932,1.57815,0.941567,0.784585,0.049471,5.13054,19968,19968,12850,10861,3611,87,88
1789636540146638280,merge,2.57753,2.37934,1.36292,1.11487,0.058029,7.64893,20064,20064,13258,11039,3612,87,88
1789636540247762165,merge,1.71228,1.59975,0.930709,0.793636,0.048506,5.16266,19968,19968,13020,10994,3613,87,88
1789636540346844819,merge,1.69575,1.58824,0.953615,0.796449,0.0498,5.16843,19968,20064,13009,10949,3614,87,88
1789636540447745821,merge,1.7312,1.58419,0.960982,0.779835,0.050083,5.1972,19968,19968,13235,10934,3615,87,88
1789636540546840995,merge,1.70916,1.60739,0.942093,0.783734,0.049933,5.17925,20064,19968,13022,10911,3616,87,88
1789636540646715810,merge,1.71316,1.59597,0.952842,0.774081,0.04919,5.17297,19968,20064,13101,10745,3617,87,88
1789636540746785499,merge,1.72491,1.57672,0.9583,0.793878,0.050682,5.19461,19968,19968,13154,10813,3618,87,88
1789636540846806911,merge,1.72163,1.60052,0.949991,0.787121,0.049321,5.19496,19968,19968,13273,10997,3619,87,88
1789636540946774092,merge,1.70241,1.6074,0.922752,0.796449,0.049734,5.17798,20160,19968,12866,10945,3620,87,88
1789636541047660962,merge,1.72412,1.57974,0.956411,0.7827,0.049563,5.17746,19776,20064,13126,10842,3621,87,88
1789636541146848809,merge,1.71677,1.58652,0.950216,0.803392,0.051091,5.19657,19872,20064,13096,10966,3622,87,88
1789636541246909851,merge,1.72443,1.5935,0.953752,0.790817,0.05054,5.20209,20160,19968,13051,10952,3623,87,88
1789636541347738340,merge,1.71447,1.58837,0.942342,0.783422,0.051484,5.17115,19968,19968,13004,10842,3624,87,88
1789636541447567510,merge,1.7161,1.58428,0.95688,0.777015,0.048343,5.16535,19968,19968,13171,10822,3625,87,88
1789636541546747323,merge,1.7009,1.59732,0.924472,0.798103,0.049191,5.15781,20064,19968,12881,10870,3626,87,88
1789636541646749013,merge,1.71073,1.60372,0.973385,0.776302,0.049843,5.20665,19968,20064,13066,10865,3627,87,88
1789636541747548584,merge,1.69727,1.57659,0.967508,0.784443,0.050304,5.16123,19872,20064,12933,10917,3628,87,88
1789636541947609412,merge,1.67931,1.60222,0.922343,0.792355,0.048499,5.13291,19872,20064,12711,11003,3629,88,89
1789636542047698570,merge,1.71064,1.57675,0.956413,0.778278,0.049617,5.16256,19968,19968,13177,10816,3630,88,89
1789636542146833199,merge,1.697,1.59225,0.921245,0.796343,0.050253,5.14635,20064,20064,12908,11008,3631,88,89
1789636542247820867,merge,1.71566,1.59506,0.941027,0.779685,0.049869,5.17057,19968,19968,12925,10866,3632,88,89
1789636542347732969,merge,1.88649,1.5918,0.940337,0.792862,0.050163,5.3724,19968,19968,13031,10791,3633,88,89
1789636542446801933,merge,1.7074,1.58605,0.958187,0.786585,0.054468,5.17936,20064,20064,13124,10850,3634,88,89
1789636542547816618,merge,1.70201,1.59824,0.923058,0.804026,0.047467,5.17351,19968,19968,12804,10971,3635,88,89
1789636542647659842,merge,1.69828,1.60946,0.963541,0.805358,0.051516,5.21732,19968,19968,13130,10966,3636,88,89
1789636542747667634,merge,1.73364,1.57192,0.965507,0.786998,0.050413,5.19283,20160,19968,13127,10833,3637,88,89
1789636542847561150,merge,1.69213,1.59923,0.936423,0.794221,0.049935,5.1589,19872,20064,12823,10943,3638,88,89
1789636542946861581,merge,1.72766,1.59399,0.980361,0.799118,0.050687,5.23414,20160,19968,13388,10980,3639,88,89
1789636543047723259,merge,1.68588,1.60523,0.93602,0.795506,0.049957,5.15854,19872,20064,12850,10943,3640,88,89
1789636543147772349,merge,1.71347,1.56684,0.940226,0.775217,0.049007,5.13198,20064,19872,13014,10771,3641,88,89
1789636543247567182,merge,1.6963,1.59924,0.968015,0.783217,0.051029,5.18522,19968,19968,13080,10912,3642,88,89
1789636543347479323,merge,1.71633,1.60695,0.988666,0.800717,0.04906,5.24117,20064,20064,12980,10883,3643,88,89
1789636543447586220,merge,1.70019,1.58769,0.942738,0.792649,0.050951,5.16201,19872,20064,12815,10944,3644,88,89
1789636543547581362,merge,1.69619,1.58245,0.970199,0.778047,0.050573,5.16621,19968,19968,13182,10892,3645,88,89
1789636543646726161,merge,1.69152,1.60478,0.944993,0.795824,0.050631,5.17087,20064,20064,12872,11011,3646,88,89
1789636543747618586,merge,1.71735,1.58119,0.942401,0.781121,0.050388,5.16089,19968,19968,13008,10884,3647,88,89
1789636543846770244,merge,1.69343,1.58749,0.943639,0.785925,0.051669,5.14877,20064,20064,13047,10946,3648,88,89
1789636543947724986,merge,1.7127,1.58584,0.954632,0.790151,0.05005,5.17646,20064,19872,12927,10885,3649,88,89
1789636544047493979,merge,1.68536,1.60457,0.941743,0.798284,0.05063,5.16408,19968,20064,12924,10873,3650,88,89
1789636544147456468,merge,1.71991,1.57709,0.972863,0.787142,0.050004,5.19236,20064,19968,13240,10787,3651,88,89
1789636544247502317,merge,1.70009,1.60352,0.924093,0.776834,0.04969,5.13491,19968,19968,12697,10858,3652,88,89
1789636544347477238,merge,1.70997,1.61024,0.959236,0.807926,0.051102,5.22931,20064,20064,13215,11063,3653,88,89
1789636544447604090,merge,1.69794,1.57898,0.965085,0.778746,0.050362,5.15733,19968,19968,13102,10825,3654,88,89
1789636544547449234,merge,1.70525,1.592,0.919603,0.767416,0.048423,5.12386,19968,20064,12701,10883,3655,88,89
1789636544647568688,merge,1.70396,1.60091,0.967944,0.802243,0.051734,5.21339,20064,19968,13222,10997,3656,88,89
1789636544747516180,merge,1.72071,1.58536,0.971659,0.789215,0.049112,5.2041,19968,19968,13144,10847,3657,88,89
1789636544847439224,merge,1.71273,1.58881,0.937885,0.787017,0.053262,5.16464,20064,20064,12906,10971,3658,88,89
1789636544947602631,merge,1.68813,1.63375,0.96054,0.782857,0.050351,5.20207,19872,20064,12964,10901,3659,88,89
1789636545047646307,merge,1.71126,1.59449,0.958507,0.78172,0.050096,5.18246,20064,19968,13282,10929,3660,88,89
1789636545147656131,merge,1.69221,1.58723,0.927133,0.783631,0.049265,5.12674,19968,20064,12648,10961,3661,88,89
1789636545247624342,merge,1.70952,1.58798,0.985716,0.787629,0.050461,5.20834,20064,19968,13251,10890,3662,88,89
1789636545347508677,merge,1.69094,1.60049,0.937584,0.837249,0.050791,5.20355,20064,19968,12944,10977,3663,88,89
1789636545447568703,merge,1.70325,1.58564,0.953823,0.798444,0.050622,5.18136,19968,19968,12916,10842,3664,88,89
1789636545547510862,merge,1.69602,1.58333,0.954202,0.792065,0.050229,5.17006,19968,19968,12988,10913,3665,88,89
1789636545647403134,merge,1.72459,1.6156,0.965454,0.816157,0.052262,5.26674,20064,20064,13065,11131,3666,88,89
1789636545747568130,merge,1.67955,1.60161,0.932066,0.791797,0.048684,5.14016,19968,19968,12772,11006,3667,88,89
1789636545847454921,merge,1.70866,1.59193,0.943279,0.780729,0.050242,5.16086,19968,20064,13156,10910,3668,88,89
1789636545947530338,merge,1.70117,1.58004,0.95069,0.781271,0.04915,5.14514,20064,19968,12803,10851,3669,88,89
1789636546047530685,merge,1.69322,1.59959,0.940963,0.786053,0.049608,5.15687,19968,19968,13016,10948,3670,88,89
1789636546147457215,merge,1.69108,1.59088,0.93051,0.792992,0.050407,5.13966,19968,20064,13042,10912,3671,88,89
1789636546247486108,merge,1.71212,1.58344,0.920588,0.778151,0.053545,5.13646,20064,19968,12923,10908,3672,88,89
1789636546347530962,merge,1.70229,1.60655,0.935387,0.792195,0.050059,5.17182,19968,20064,12992,11071,3673,88,89
1789636546447517626,merge,1.71786,1.60232,1.04882,0.787714,0.048763,5.29526,19968,19968,13120,10966,3674,88,89
1789636546547388578,merge,1.72144,1.58235,0.94557,0.798148,0.04902,5.18051,20064,19968,12935,10914,3675,88,89
1789636546647401270,merge,1.70523,1.59224,0.945593,0.790629,0.048465,5.16654,20064,19968,13165,10960,3676,88,89
1789636546747557373,merge,1.70295,1.6118,1.00218,0.803181,0.050123,5.25945,19968,19968,13184,11083,3677,88,89
1789636546847328571,merge,1.69839,1.6037,1.14246,0.795587,0.048888,5.3707,19968,20064,12692,10973,3678,88,89
1789636546947381001,merge,1.72258,1.58862,0.953548,0.793726,0.052062,5.19579,20064,19968,13239,10914,3679,88,89
1789636547047375489,merge,1.68695,1.60967,0.963072,0.817514,0.051998,5.21563,19968,20064,13060,11077,3680,88,89
1789636547147398424,merge,1.71558,1.63726,0.940483,0.810901,0.048623,5.23834,20064,19968,12894,11044,3681,88,89
1789636547247453459,merge,1.6955,1.60652,0.946828,0.804115,0.048292,5.18591,19968,19968,13016,11042,3682,88,89
1789636547347309946,merge,1.72559,1.61842,0.953145,0.813863,0.052058,5.25345,20064,20064,13184,11053,3683,88,89
1789636547447535463,merge,1.71716,1.63997,0.928004,0.780368,0.049547,5.20692,19872,19968,12556,11032,3684,88,89
1789636547547245502,merge,1.74863,1.60317,0.968132,0.802426,0.050201,5.27256,20064,19968,13259,11029,3685,88,89
1789636547647343146,merge,1.7006,1.59037,0.951989,0.795699,0.048203,5.17602,19968,20064,12950,10960,3686,88,89
1789636547747336032,merge,1.71777,1.60737,0.939918,0.795762,0.050539,5.2002,20064,19968,12860,11071,3687,88,89
1789636547847445973,merge,2.51905,1.94849,0.968527,0.825928,0.049447,6.45794,19968,20064,13002,11064,3688,88,89
1789636547947426318,merge,1.70039,1.59446,0.957952,0.80054,0.048938,5.18743,19968,19968,13104,10937,3689,88,89
1789636548047344674,merge,1.70749,1.59371,0.927058,0.797276,0.049206,5.1616,20064,20064,12790,10955,3690,88,89
1789636548147535348,merge,1.71241,1.59273,0.984053,0.784994,0.052834,5.2194,20064,19872,13206,10970,3691,88,89
1789636548247482715,merge,1.70988,1.61637,0.936133,0.803932,0.055423,5.22407,19968,20064,13000,11056,3692,88,89
1789636548347391055,merge,1.71572,1.58907,0.937503,0.800827,0.050589,5.18502,19968,20064,12851,10937,3693,88,89
1789636548447489967,merge,1.7258,1.57106,0.960481,0.793031,0.051138,5.18257,20064,19872,13292,10828,3694,88,89
1789636548547396849,merge,1.71085,1.61621,0.937086,0.817284,0.048931,5.21578,19968,20064,12946,11147,3695,88,89
1789636548647391080,merge,1.72124,1.59181,0.949314,0.774578,0.049386,5.18108,20064,19968,13058,10918,3696,88,89
1789636548747462585,merge,1.70648,1.57698,0.954633,0.797841,0.048082,5.1658,19968,19968,13110,10821,3697,88,89
1789636548847402824,merge,1.71452,1.61506,0.942798,0.79634,0.049564,5.20684,19968,20064,12987,10963,3698,88,89
1789636548947284071,merge,1.70325,1.59927,0.933556,0.795663,0.048032,5.16451,19968,19968,12845,10981,3699,88,89
1789636549047231704,merge,1.73829,1.57835,0.972932,0.777018,0.051297,5.19905,19968,19968,13195,10831,3700,88,89
1789636549147159527,merge,1.71432,1.59569,0.943502,0.803742,0.049175,5.1909,20064,20064,12888,10972,3701,88,89
1789636549247222133,merge,1.70631,1.60053,1.11958,0.800813,0.050224,5.36617,19968,19968,13013,10940,3702,88,89
1789636549347252547,merge,1.71346,1.57995,0.930772,0.777969,0.049984,5.13537,20064,19872,13097,10823,3703,88,89
1789636549447381389,merge,1.69623,1.59053,0.945349,0.812168,0.05207,5.18308,19968,20064,12920,10980,3704,88,89
1789636549547136985,merge,1.71156,1.59303,0.948362,0.809874,0.050101,5.20523,20064,19968,12947,11003,3705,88,89
1789636549647359765,merge,1.72713,1.59447,0.963198,0.786473,0.049401,5.20491,19968,19968,13198,10900,3706,88,89
1789636549747349754,merge,1.70168,1.58843,0.924783,0.780268,0.048045,5.12428,19968,20064,12784,10790,3707,88,89
1789636549847316837,merge,1.75835,1.59597,0.95621,0.782929,0.048191,5.22493,20064,19968,13065,10840,3708,88,89
1789636549947369952,merge,1.73477,1.60318,0.966568,0.788778,0.049938,5.23191,20064,19968,13247,10932,3709,88,89
1789636550047387593,merge,1.70641,1.58041,0.927459,0.787928,0.048237,5.13188,19968,20064,12781,10901,3710,88,89
1789636550147456440,merge,1.74028,1.5901,0.963161,0.786218,0.049502,5.21399,19968,19968,13231,10940,3711,88,89
1789636550247309306,merge,1.72814,1.59633,0.959541,0.794623,0.049662,5.21142,19968,20064,13141,10960,3712,88,89
1789636550347307622,merge,1.70687,1.59374,0.936191,0.787889,0.048756,5.15887,19968,19968,12887,10875,3713,88,89
1789636550447246672,merge,1.7714,1.58008,0.974465,0.789985,0.051081,5.2501,20064,19968,13512,10878,3714,88,89
1789636550547176468,merge,1.695,1.59592,0.927495,0.793255,0.066588,5.16166,19968,19968,12866,10986,3715,88,89
1789636550647324434,merge,1.72579,1.6203,0.967521,0.81498,0.05047,5.27143,20064,20064,13245,10932,3716,88,89
1789636550747378338,merge,1.73693,1.57737,0.945421,0.783903,0.051096,5.18119,19968,19968,13100,10783,3717,88,89
1789636550847298244,merge,1.73206,1.58983,0.956643,0.800913,0.051485,5.21162,19968,20064,13235,10933,3718,88,89
1789636550947290835,merge,1.68789,1.60029,0.934071,0.801166,0.04802,5.15226,20064,19968,12834,10984,3719,88,89
1789636551047296159,merge,1.71329,1.59185,0.972009,0.793628,0.050433,5.20777,19872,20064,13193,10873,3720,88,89
1789636551147248200,merge,1.70913,1.57818,0.944931,0.782186,0.050354,5.14737,19968,19968,13063,10830,3721,88,89
1789636551247247378,merge,1.70149,1.60238,0.93939,0.800823,0.049482,5.17669,20064,19968,12963,10956,3722,88,89
1789636551347109547,merge,1.69459,1.60296,0.922495,0.804319,0.049741,5.15858,19872,19968,12773,10976,3723,88,89
1789636551447235605,merge,1.7248,1.63269,0.974064,0.783875,0.051199,5.25025,20064,20064,13338,10869,3724,88,89
1789636551547357231,merge,1.69394,1.58801,0.946277,0.79288,0.048209,5.15991,19968,19968,12766,10834,3725,88,89
1789636551647267500,merge,1.71563,1.63735,0.942776,0.799002,0.04896,5.22854,19968,20064,12986,10902,3726,88,89
1789636551747337568,merge,1.70005,1.58571,0.960784,0.850186,0.050242,5.22842,19968,19968,13054,10838,3727,88,89
1789636551847286709,merge,1.71167,1.58054,0.966204,0.806731,0.05009,5.19534,20064,19968,13093,10886,3728,88,89
1789636551947308270,merge,1.69252,1.64003,0.925152,0.803733,0.050667,5.19757,19872,20064,12790,11032,3729,88,89
1789636552047305127,merge,1.70931,1.59486,0.93867,0.792824,0.052078,5.1705,19968,19968,13127,10931,3730,88,89
1789636552147179668,merge,1.74351,1.61873,0.954308,0.79877,0.05138,5.25498,20064,19968,13178,10856,3731,88,89
1789636552247252382,merge,1.75385,1.66321,0.9356,0.795267,0.052016,5.2989,19968,19968,12800,10932,3732,88,89
1789636552347203800,merge,1.74699,1.64762,0.956205,0.812393,0.053345,5.3086,20064,20064,13291,10972,3733,88,89
1789636552447225092,merge,1.72611,1.65117,0.950407,0.778268,0.046779,5.26574,19872,19968,12996,10698,3734,88,89
1789636552747267793,merge,1.72456,1.58382,1.09212,0.770649,0.106942,5.36174,20064,19872,13197,10765,3735,89,90
1789636552847111348,merge,1.69087,1.62434,0.940805,0.795344,0.260392,5.39953,19968,19968,12697,10822,3736,89,90
1789636552947151332,merge,1.72148,1.65583,0.966899,0.814201,0.246479,5.49002,20064,20064,13260,11033,3737,89,90
1789636553047232947,merge,1.68223,1.60544,0.948982,0.810631,0.259715,5.3937,19968,20064,12878,11070,3738,89,90
1789636553147125157,merge,1.72709,1.63364,0.952016,0.785601,0.243013,5.43133,20064,19968,12942,10819,3739,89,90
1789636553247284381,merge,1.68599,1.63683,0.920775,0.787045,0.249547,5.36972,19968,19968,12985,10821,3740,89,90
1789636553347184715,merge,1.73337,1.65281,0.941421,0.774372,0.251768,5.45093,20064,19968,13053,10867,3741,89,90
1789636553447226018,merge,1.69849,1.59041,0.945358,0.783036,0.240651,5.34131,19872,19968,12701,10777,3742,89,90
1789636553547105883,merge,1.75411,1.64993,0.959826,0.802565,0.269392,5.51777,20064,20064,13230,10981,3743,89,90
1789636553647201950,merge,1.68923,1.60872,0.938469,0.804775,0.247973,5.37551,19968,20064,12892,11111,3744,89,90
1789636553747092869,merge,1.69756,1.64244,0.939469,0.807005,0.25367,5.43026,19968,19968,12881,10921,3745,89,90
1789636553847167411,merge,1.70909,1.65088,1.20853,0.803428,0.303856,5.76489,20064,20064,13230,10944,3746,89,90
1789636553947144285,merge,1.70041,1.63874,0.943639,0.799282,0.294765,5.46388,19968,19968,12940,10920,3747,89,90
1789636554047096446,merge,1.71197,1.65218,0.939764,0.790114,0.247875,5.42744,20064,19968,13051,10981,3748,89,90
1789636554147128279,merge,1.69609,1.63095,0.965789,0.780125,0.248707,5.40942,19968,19968,13076,10767,3749,89,90
1789636554247085226,merge,1.70707,1.6409,0.944578,0.792171,0.249274,5.41655,20064,20064,12993,10791,3750,89,90
1789636554347212024,merge,1.69429,1.68284,0.947926,0.791737,0.2457,5.45018,19968,19968,12964,10980,3751,89,90
1789636554447115618,merge,1.7024,1.64875,0.950022,0.778798,0.249959,5.41665,19968,19968,13151,10891,3752,89,90
1789636554547073747,merge,1.70227,1.58402,0.936471,0.773143,0.240493,5.32536,19968,20064,12787,10926,3753,89,90
1789636554647192354,merge,1.70714,1.62993,0.953064,0.789877,0.242548,5.40669,20064,19968,13105,10851,3754,89,90
1789636554747030672,merge,1.73568,1.69435,0.935299,0.805608,0.254698,5.51833,20064,19968,13111,10980,3755,89,90
1789636554947087598,merge,1.7674,1.69312,0.946214,0.783581,0.248909,5.53884,19968,19968,12964,10854,3756,89,90
1789636555047023080,merge,1.81606,1.72015,0.951872,0.8039,0.260517,5.64273,19968,19968,13162,10964,3757,89,90
1789636555147014553,merge,1.7323,1.67404,0.918405,0.803553,0.232893,5.46602,20064,19968,12672,10838,3758,89,90
1789636555247049580,merge,1.69673,1.59471,0.963148,0.80355,0.217869,5.36391,19968,20160,13107,10907,3759,89,90
1789636555347045225,merge,1.69337,1.66735,0.958513,0.797424,0.244119,5.44948,20064,19968,13054,10969,3760,89,90
1789636555447105175,merge,1.70785,1.62076,0.89831,0.767896,0.242174,5.32144,19968,19968,12769,10962,3761,89,90
1789636555547064121,merge,1.76551,1.65919,0.94084,0.78919,0.24618,5.48838,19968,19968,13079,10858,3762,89,90
1789636555646958917,merge,1.76183,1.71232,0.931768,0.801723,0.271596,5.56691,20064,20064,13199,10946,3763,89,90
1789636555747108140,merge,1.74009,1.66361,0.915799,0.806455,0.254167,5.4742,19968,19968,12744,11038,3764,89,90
1789636555846948078,merge,1.83255,1.73592,0.933133,0.809293,0.270049,5.67232,19968,19968,13112,10887,3765,89,90
1789636555946956041,merge,1.74184,1.69176,0.953912,0.801975,0.24785,5.53874,20064,20064,13186,10924,3766,89,90
1789636556046993169,merge,1.70023,1.61848,0.947385,0.799775,0.237311,5.38914,19968,19968,12783,10980,3767,89,90
1789636556147008162,merge,1.71799,1.68008,0.964337,0.790887,0.249516,5.48772,20064,19968,13267,10921,3768,89,90
1789636556247045395,merge,1.70288,1.58445,0.968604,0.804256,0.242568,5.39002,19968,20064,12957,10973,3769,89,90
1789636556347049868,merge,1.78298,1.66809,0.946239,0.810062,0.242881,5.53996,19968,19968,12902,10940,3770,89,90
1789636556446920146,merge,1.89908,2.1063,0.960433,0.788527,0.243814,6.14383,20064,19968,13115,10994,3771,89,90
1789636556547070421,merge,1.70597,1.64481,0.971645,0.788649,0.246961,5.45,19968,20064,12980,10910,3772,89,90
1789636556646977211,merge,1.7731,1.65912,0.953198,0.790878,0.238892,5.50308,19968,19968,12835,10904,3773,89,90
1789636556746883982,merge,1.72557,1.69796,0.974494,0.785643,0.245627,5.52003,20064,19968,13259,11065,3774,89,90
1789636556846948278,merge,1.70566,1.67627,0.912464,0.796524,0.23872,5.41816,20064,20064,12744,11108,3775,89,90
1789636556947022806,merge,1.72043,1.61044,0.943945,0.797518,0.246102,5.40531,19968,19968,13076,10976,3776,89,90
1789636557046966750,merge,1.76639,1.59138,0.929213,0.790844,0.228727,5.39147,19968,20064,12946,11012,3777,89,90
1789636557146949015,merge,1.79441,1.69144,0.946308,0.810524,0.239912,5.57361,19968,19968,12896,11054,3778,89,90
1789636557246989000,merge,1.71073,1.68274,0.967619,0.795196,0.245822,5.49064,20064,19968,12940,11049,3779,89,90
1789636557346932007,merge,1.7195,1.58832,0.952107,0.792223,0.245445,5.38736,19968,20064,13119,10968,3780,89,90
1789636557446919337,merge,1.71548,1.6891,0.942146,0.783148,0.243398,5.45949,20064,19968,12778,11030,3781,89,90
1789636557546957099,merge,1.70936,1.64644,0.95893,0.806554,0.262167,5.47369,19968,19968,13097,11093,3782,89,90
1789636557646869572,merge,1.73205,1.6886,0.999097,0.790309,0.243341,5.54799,20064,20064,13247,11001,3783,89,90
1789636557747001699,merge,1.71405,1.60982,0.94481,0.795409,0.240145,5.38918,19872,19968,12714,10987,3784,89,90
1789636557846967727,merge,1.71839,1.68174,0.958864,0.793873,0.24455,5.47902,20064,19968,13208,11063,3785,89,90
1789636557946866394,merge,1.71256,1.66322,0.956174,0.79595,0.247021,5.45929,20064,19968,13161,10991,3786,89,90
1789636558046912264,merge,1.70493,1.58148,0.912226,0.787879,0.239405,5.31234,19968,20064,12793,10868,3787,89,90
1789636558146927738,merge,1.76441,1.67463,0.956659,0.794718,0.243033,5.51835,19968,19968,13075,10938,3788,89,90
1789636558246799794,merge,1.73873,1.68853,0.97244,0.808966,0.24263,5.54475,20064,19968,13274,10990,3789,89,90
1789636558346908433,merge,1.71173,1.65135,0.946519,0.789845,0.24108,5.42909,20064,20064,12714,10955,3790,89,90
1789636558446971881,merge,1.71371,1.60004,0.97328,0.796654,0.250886,5.42273,19968,19968,13192,10913,3791,89,90
1789636558546948099,merge,1.75967,1.67985,0.946521,0.782802,0.250111,5.50739,19968,19968,13000,11035,3792,89,90
1789636558646920747,merge,1.77042,1.61652,0.907003,0.787339,0.239216,5.41262,19968,20064,12758,11167,3793,89,90
1789636558746770397,merge,1.69961,1.66229,0.954582,0.796428,0.247477,5.44478,20064,19968,13067,10873,3794,89,90
1789636558846909914,merge,1.70242,1.61012,0.959853,0.793685,0.25061,5.40244,19968,19968,13147,10850,3795,89,90
1789636558946884997,merge,1.74838,1.69196,0.92406,0.808366,0.237426,5.49967,19968,19968,12634,10936,3796,89,90
1789636559046816919,merge,1.71721,1.6777,1.01953,0.781556,0.242273,5.5278,20064,20064,13264,10888,3797,89,90
1789636559146897725,merge,1.70158,1.59921,0.920701,0.78943,0.225862,5.32304,19968,19968,13007,10848,3798,89,90
1789636559246818264,merge,1.75564,1.60457,0.935381,0.804379,0.238873,5.42597,19968,20064,12756,11048,3799,89,90
1789636559346776513,merge,1.77758,1.69817,1.00644,0.841303,0.252904,5.66102,19968,19872,13189,10941,3800,89,90
1789636559446729259,merge,1.72403,1.65082,0.971801,0.786692,0.241704,5.46182,20064,19968,13110,10822,3801,89,90
1789636559546767033,merge,1.71818,1.60391,0.935137,0.814542,0.249178,5.4093,19968,20064,12871,11059,3802,89,90
1789636559646751557,merge,1.7748,1.6276,0.967938,0.81163,0.225776,5.51045,19968,20064,13191,11143,3803,89,90
1789636559746838876,merge,1.72511,1.65098,0.972875,0.788888,0.250597,5.47247,20064,19872,13181,10808,3804,89,90
1789636559846742584,merge,1.70447,1.59809,0.930611,0.785394,0.207985,5.31242,19968,20064,12848,10841,3805,89,90
1789636559946741393,merge,1.78607,1.67708,0.970167,0.779738,0.242376,5.53969,19968,19968,13248,10901,3806,89,90
1789636560046695524,merge,1.71495,1.66886,0.959466,0.776273,0.239638,5.44365,20064,19968,13025,10850,3807,89,90
1789636560146745422,merge,1.7276,1.58334,0.929626,0.779729,0.209173,5.31087,19968,20064,12924,10944,3808,89,90
1789636560246715811,merge,1.77762,1.67001,1.10101,0.79057,0.245525,5.67606,20064,19968,13381,10993,3809,89,90
1789636560346799753,merge,1.69449,1.6132,0.958684,0.789062,0.255524,5.3943,19968,19968,12828,10949,3810,89,90
1789636560446698681,merge,1.78987,1.58402,0.949274,0.771964,0.22636,5.41275,19968,20064,13159,10891,3811,89,90
1789636560546695299,merge,1.72613,1.65569,0.957598,0.789711,0.246982,5.45915,20160,19968,13092,10932,3812,89,90
1789636560647446703,merge,1.69787,1.62049,0.954715,0.801272,0.246631,5.40435,19872,19968,12997,10976,3813,89,90
1789636560746666557,merge,1.73275,1.6756,0.960173,0.804696,0.239056,5.50559,20064,20064,13176,10835,3814,89,90
1789636560846744086,merge,1.71791,1.58701,0.979335,0.81086,0.20642,5.38845,19968,20064,13076,10809,3815,89,90
1789636560946789504,merge,1.7156,1.65586,0.968461,0.789622,0.241736,5.45769,20064,19872,13009,10877,3816,89,90
1789636561046779528,merge,1.725,1.61486,0.930123,0.789763,0.248371,5.39332,19968,20064,13144,11119,3817,89,90
1789636561146840348,merge,1.80235,1.64724,0.959913,0.774619,0.243637,5.5185,19872,19872,13085,10759,3818,89,90
1789636561346902717,merge,1.77272,1.67214,0.948467,0.781858,0.240731,5.50511,19872,19872,12927,10908,3819,89,90
1789636561446791894,merge,1.77827,1.66011,0.973562,0.803092,0.241479,5.54148,19872,19968,13141,10882,3820,89,90
1789636561546699004,merge,1.71858,1.65137,0.953763,0.777043,0.243838,5.42931,20064,19968,13181,10859,3821,89,90
1789636561646711987,merge,1.69977,1.61447,0.942173,0.792244,0.247065,5.38534,19968,20064,12822,10949,3822,89,90
1789636561746685613,merge,1.78069,1.67905,0.960161,0.780396,0.245561,5.53132,19872,19968,13154,10896,3823,89,90
1789636561846610229,merge,1.71801,1.65722,0.960237,0.781709,0.247836,5.46049,20064,20064,13150,10850,3824,89,90
1789636561946742730,merge,1.70751,1.60045,0.916252,0.770814,0.243061,5.32785,19968,19968,12865,10905,3825,89,90
1789636562046729047,merge,1.7802,1.67927,0.954594,0.789922,0.241671,5.53788,19968,19968,13023,10926,3826,89,90
1789636562146678753,merge,1.7887,1.58316,0.95057,0.8001,0.244899,5.45363,19968,20064,13202,10898,3827,89,90
1789636562246736583,merge,1.69314,1.66291,0.92437,0.777677,0.241854,5.38956,20064,19968,12744,10879,3828,89,90
1789636562346601849,merge,2.5433,1.61283,0.952546,0.814213,0.245191,6.33558,19968,20064,13128,11053,3829,89,90
1789636562446758365,merge,1.76509,1.66559,0.953192,0.788401,0.238936,5.49527,19968,19968,12969,10845,3830,89,90
1789636562546658388,merge,1.7057,1.65566,0.953449,0.78195,0.23626,5.41997,20064,19968,12916,10749,3831,89,90
1789636562646677718,merge,1.687,1.60203,0.94902,0.785527,0.251925,5.36559,19968,19968,12915,10824,3832,89,90
1789636562746645197,merge,1.73166,1.68393,0.991475,0.819562,0.244596,5.5613,20064,20064,13248,11035,3833,89,90
1789636562846662157,merge,1.69373,1.59982,0.923346,0.783014,0.238821,5.32621,19968,19968,12609,10809,3834,89,90
1789636562946635891,merge,1.79196,1.65436,0.95282,0.781293,0.243356,5.51252,19968,19968,13134,10897,3835,89,90
1789636563146667471,merge,1.72073,1.68273,0.936951,0.803162,0.248175,5.48667,20064,19872,12809,10752,3836,89,90
1789636563246610027,merge,1.71449,1.59371,0.951434,0.788636,0.234898,5.36921,19968,20064,13123,10955,3837,89,90
1789636563346642654,merge,1.7791,1.68052,0.967065,0.807653,0.264369,5.59013,19968,19968,13096,10911,3838,89,90
1789636563446618103,merge,1.70762,1.67335,0.948875,0.836963,0.208356,5.46336,20064,19968,12912,10879,3839,89,90
1789636563546616322,merge,1.70173,1.5892,0.956736,0.781268,0.236662,5.3528,19968,20064,13114,10862,3840,89,90
1789636563646630368,merge,1.71431,1.66159,0.96315,0.787818,0.238969,5.44903,20064,19968,13249,10906,3841,89,90
1789636563746636544,merge,1.68892,1.60729,0.945641,0.81675,0.234101,5.37978,19968,20064,12695,11063,3842,89,90
1789636563846688574,merge,1.71779,1.65868,0.981872,0.78242,0.236683,5.46021,20064,19968,13265,10800,3843,89,90
1789636563946735846,merge,1.69928,1.58684,0.956202,0.795028,0.237991,5.36885,19968,20064,13034,10992,3844,89,90
1789636564046646717,merge,1.70795,1.6788,0.952191,0.801173,0.273831,5.50286,20064,19968,12893,11009,3845,89,90
1789636564146736130,merge,1.68144,1.62151,0.937767,0.802333,0.246835,5.37319,19968,19968,13002,10941,3846,89,90
1789636564246687852,merge,1.77272,1.5867,0.956932,0.777329,0.236244,5.41483,19968,20064,13138,10797,3847,89,90
1789636564346664569,merge,1.69773,1.65645,0.95052,0.78583,0.233056,5.41175,20064,19872,12686,10795,3848,89,90
1789636564446677070,merge,1.69317,1.62117,0.962627,0.797484,0.247974,5.41364,19872,20064,13089,10975,3849,89,90
1789636564546606109,merge,1.70246,1.68075,0.948352,0.790162,0.23646,5.44485,20160,19968,13020,10892,3850,89,90
1789636564646728508,merge,1.68532,1.58289,0.925252,0.795185,0.219276,5.29541,19872,20064,12786,10931,3851,89,90
1789636564746610550,merge,1.70283,1.66934,0.937504,0.77703,0.206718,5.38346,20064,20064,13083,11018,3852,89,90
1789636564846612922,merge,1.71789,1.66165,0.943258,0.791033,0.229648,5.43114,20064,19968,13031,10962,3853,89,90
1789636564946674265,merge,1.70846,1.58476,0.936375,0.796882,0.212777,5.32578,19968,20064,12911,10953,3854,89,90
1789636565046613932,merge,1.78317,1.65623,0.979332,0.790031,0.240834,5.5389,19968,19968,13118,10866,3855,89,90
1789636565146688897,merge,1.71342,1.6611,0.951405,0.800621,0.238255,5.44983,20064,19872,13014,10905,3856,89,90
1789636565246633013,merge,1.69565,1.59382,0.94564,0.783271,0.230328,5.33755,19968,20064,12950,10834,3857,89,90
1789636565346621226,merge,1.71994,1.66081,0.957836,0.795677,0.207551,5.43058,20064,20064,13263,10899,3858,89,90
1789636565446668081,merge,1.69538,1.62118,0.927713,0.805219,0.24436,5.38121,19968,19968,12813,11010,3859,89,90
1789636565546652399,merge,1.71112,1.67377,0.984433,0.782099,0.214907,5.45585,20064,20064,13171,10938,3860,89,90
1789636565646658191,merge,1.68396,1.59798,0.952155,0.789043,0.248809,5.36107,19872,19968,12988,10877,3861,89,90
1789636565746617000,merge,1.71781,1.66227,0.952703,0.816791,0.21132,5.44535,20064,20064,12919,11051,3862,89,90
1789636565846722064,merge,1.70282,1.65704,1.01909,0.802857,0.239336,5.51171,20064,19968,13117,11039,3863,89,90
1789636565946706315,merge,1.70519,1.59685,0.960955,0.787937,0.253869,5.38962,19968,19968,13189,10911,3864,89,90
1789636566046592890,merge,1.70003,1.66601,0.930622,0.788952,0.240124,5.41771,20064,19968,12729,10844,3865,89,90
1789636566146714093,merge,1.6949,1.62145,0.961781,0.789389,0.232477,5.38404,19968,20064,13119,10928,3866,89,90
1789636566246602523,merge,1.74789,1.6033,0.961632,0.780288,0.218212,5.40357,19968,20064,12994,10931,3867,89,90
1789636566346730911,merge,1.70494,1.66066,0.956389,0.795245,0.246718,5.45527,20064,19968,12854,10923,3868,89,90
1789636566446635973,merge,1.68382,1.61726,0.954709,0.790376,0.243116,5.37589,19968,19968,12958,11016,3869,89,90
1789636566546622610,merge,1.72188,1.67465,0.939178,0.78874,0.240922,5.45596,20064,19968,13136,10946,3870,89,90
1789636566646638302,merge,1.68102,1.59135,0.909402,0.796318,0.237383,5.30643,19872,20064,12601,11005,3871,89,90
1789636566746608625,merge,1.7244,1.68222,0.98957,0.80378,0.247562,5.54033,20064,20064,13233,11044,3872,89,90
1789636566847170310,merge,1.70999,1.66386,0.944361,0.806005,0.23717,5.45191,20064,19968,13041,11058,3873,89,90
1789636566947143318,merge,1.72242,1.6021,0.94975,0.784861,0.249572,5.39781,19968,20064,12867,10949,3874,89,90
1789636567047142563,merge,1.71555,1.66408,0.972791,0.803184,0.245138,5.48514,20064,19872,13266,10935,3875,89,90
1789636567146609047,merge,1.71069,1.63046,0.95642,0.81041,0.246765,5.44416,19968,19968,12970,11052,3876,89,90
1789636567246602860,merge,1.70961,1.68995,0.953423,0.807537,0.235322,5.48614,20064,20064,13051,11051,3877,89,90
1789636567346741410,merge,1.71574,1.61777,0.957546,0.808931,0.25853,5.45026,19968,19968,13086,11002,3878,89,90
1789636567446656365,merge,1.7675,1.59239,0.943627,0.804732,0.244295,5.43757,19968,20064,12957,10918,3879,89,90
1789636567546631195,merge,1.72291,1.6863,0.938022,0.798976,0.241869,5.47398,20064,19968,12961,11046,3880,89,90
1789636567646736417,merge,1.71743,1.62739,0.966759,0.818274,0.253311,5.46818,19968,19968,13153,11055,3881,89,90
1789636567746632038,merge,1.70357,1.66904,0.941581,0.789815,0.216353,5.4084,20064,19968,12807,10944,3882,89,90
1789636567847048390,merge,1.71133,1.60708,0.955775,0.804456,0.24488,5.40742,19968,20064,13121,11069,3883,89,90
1789636567946600061,merge,1.77255,1.61586,0.95204,0.806818,0.240082,5.47334,19968,20064,13011,11062,3884,89,90
1789636568046748361,merge,1.77936,1.66679,0.943296,0.796039,0.2402,5.51274,19968,19968,12913,10928,3885,89,90
1789636568247116272,merge,1.70747,1.59543,0.950724,0.796416,0.128388,5.26994,19872,20064,13027,11040,3886,93,94
1789636568346619123,merge,1.70257,1.60064,0.919271,0.793042,0.063093,5.1726,20064,19968,12698,10979,3887,93,94
1789636568446614215,merge,1.71325,1.58636,0.939653,0.784814,0.096167,5.20764,19968,20064,13087,10948,3888,93,94
1789636568547078819,merge,1.69971,1.64164,0.960977,0.779347,0.172341,5.33888,19968,19968,13060,10931,3889,93,94
1789636568646624178,merge,1.71858,1.61827,0.941029,0.791254,0.052879,5.21061,20064,20064,12837,11110,3890,93,94
1789636568747167369,merge,1.71267,1.60389,0.953475,0.798907,0.04848,5.20302,20064,19968,13178,10840,3891,93,94
1789636568847183449,merge,1.72101,1.58133,0.960384,0.784621,0.049691,5.18087,19968,19968,13076,10822,3892,93,94
1789636568947127040,merge,1.70482,1.59562,0.933719,0.787812,0.049372,5.16082,19968,19968,12802,10916,3893,93,94
1789636569046655061,merge,1.72509,1.58764,0.954659,0.79756,0.083527,5.23363,20064,19776,13224,10982,3894,93,94
1789636569147032522,merge,1.72229,1.59133,0.960407,0.782962,0.090901,5.23676,19968,20160,13160,10886,3895,93,94
1789636569246716294,merge,1.70649,1.59129,0.916557,0.792438,0.174463,5.27354,19968,20064,12743,10977,3896,93,94
1789636569346618481,merge,1.7299,1.60018,0.95687,0.807568,0.051171,5.23754,19968,19968,13205,10920,3897,93,94
1789636569446604006,merge,1.71597,1.58649,0.943644,0.793524,0.052329,5.18075,20064,19968,13082,10905,3898,93,94
1789636569546734233,merge,2.34639,2.23168,1.50323,1.25748,0.061201,7.53898,20064,19968,12914,10881,3899,93,94
1789636569646997881,merge,1.69744,1.61287,0.961829,0.798873,0.049403,5.20981,19872,20064,13008,11110,3900,93,94
1789636569747022671,merge,1.7108,1.60146,0.973666,0.789421,0.050472,5.21164,20160,19968,13192,10940,3901,93,94
1789636569847053012,merge,1.71819,1.58685,0.925046,0.775664,0.047999,5.15277,19968,19968,12768,10791,3902,93,94
1789636569946960275,merge,1.71412,1.58542,0.953428,0.783066,0.049321,5.17192,19968,19968,13194,10831,3903,93,94
1789636570046980720,merge,1.67738,1.62859,0.936411,0.795075,0.049168,5.17494,19968,20064,12885,11035,3904,93,94
1789636570146600909,merge,1.7441,1.63245,0.965469,0.783325,0.053101,5.27317,20064,19968,12925,10876,3905,93,94
1789636570246961501,merge,1.76014,1.61811,0.943471,0.799934,0.064522,5.27957,19968,20064,13223,10931,3906,93,94
1789636570346938495,merge,1.75198,1.63329,0.932654,0.791983,0.051563,5.2566,19968,19872,12895,10888,3907,93,94
1789636570446613584,merge,1.75649,1.65061,0.921001,0.791991,0.05158,5.2679,20064,20160,13075,11037,3908,93,94
1789636570547050427,merge,1.7575,1.62072,0.978312,0.784922,0.052188,5.29082,19968,20064,13223,10926,3909,93,94
1789636570647202889,merge,1.74318,1.62061,0.959945,0.806404,0.052224,5.26924,19968,19968,12993,10845,3910,93,94
1789636570747101122,merge,1.75632,1.60298,0.924693,0.768905,0.049681,5.19752,20064,19968,13310,10886,3911,93,94
1789636570847021170,merge,1.7156,1.59,0.952767,0.768698,0.05051,5.17003,19968,20064,12972,10809,3912,93,94
1789636570947153563,merge,1.74827,1.58249,0.946505,0.777391,0.051062,5.19284,19968,19968,13329,10911,3913,93,94
1789636571047082157,merge,1.70483,1.61322,0.914486,0.784281,0.050076,5.15876,19968,19968,12860,10999,3914,93,94
1789636571146926909,merge,1.7569,1.59297,0.95443,0.769817,0.05111,5.22306,19968,19968,13376,10800,3915,93,94
1789636571246890765,merge,1.70757,1.58331,0.941715,0.771767,0.050645,5.14517,19968,19968,12986,10806,3916,93,94
1789636571346629668,merge,1.72588,1.61578,0.912792,0.787292,0.0491,5.17622,20064,20064,12973,11059,3917,93,94
1789636571446975702,merge,1.74212,1.60724,0.95196,0.802859,0.049816,5.2441,19968,19968,13126,10992,3918,93,94
1789636571547052377,merge,1.7065,1.59384,0.940227,0.772296,0.049065,5.14884,19872,19968,13079,10826,3919,93,94
1789636571746939838,merge,1.72228,1.62252,0.934031,0.795399,0.050662,5.21814,19872,20160,13142,10963,3920,94,95
1789636571847881666,merge,1.71317,1.58905,0.927406,0.785011,0.048266,5.16015,19872,19968,12887,10842,3921,94,95
1789636572046792582,merge,1.68897,1.61037,0.914209,0.802629,0.048474,5.14889,19872,20160,12882,11123,3922,95,96
1789636572147010061,merge,1.73431,1.59903,0.964041,0.797334,0.049923,5.23668,20064,19968,13248,10939,3923,95,96
1789636572246902875,merge,1.70393,1.57737,0.933021,0.792644,0.049463,5.14629,20064,19968,12696,10816,3924,95,96
1789636572346885477,merge,1.70483,1.588,0.9628,0.784055,0.050423,5.17782,19968,19968,13131,10898,3925,95,96
1789636572446888747,merge,1.69535,1.60146,0.963358,0.797335,0.050936,5.19225,19968,20064,13056,10877,3926,95,96
1789636572546935813,merge,1.70731,1.58052,0.938197,0.767755,0.050415,5.12667,19968,19968,12870,10729,3927,95,96
1789636572646739826,merge,1.69977,1.58723,0.957659,0.796468,0.049987,5.1805,19968,20064,13056,10921,3928,95,96
1789636572746936811,merge,1.72421,1.608,0.970551,0.803756,0.049902,5.24109,20064,20064,13219,11052,3929,95,96
1789636572847856661,merge,1.71731,1.58783,0.944237,0.783858,0.049758,5.16875,20064,19968,12897,10854,3930,95,96
1789636572946962650,merge,1.70138,1.57609,0.950536,0.780374,0.050759,5.14095,19872,19968,12980,10826,3931,95,96
1789636573147887455,merge,1.68087,1.61299,0.935566,0.808732,0.048998,5.17363,19872,20064,12682,11047,3932,96,97
1789636573347811098,merge,1.71599,1.58122,0.951781,0.784638,0.050884,5.16706,19968,19968,13033,10793,3933,97,98
1789636573447787217,merge,1.70125,1.61044,0.937682,0.803209,0.049824,5.19106,19872,20064,12735,10975,3934,97,98
1789636573546939176,merge,1.70389,1.59317,0.962541,0.801118,0.04979,5.20219,20064,19968,13048,10835,3935,97,98
1789636573646880134,merge,1.7081,1.58031,0.963654,0.795717,0.052481,5.18882,20064,19968,13219,10841,3936,97,98
1789636573746849506,merge,1.69586,1.59146,0.905518,0.776205,0.0497,5.10372,19968,20064,12592,10965,3937,97,98
1789636573847774260,merge,1.70805,1.59699,0.962287,0.793937,0.050731,5.18546,19968,19968,13147,10938,3938,97,98
1789636573946775537,merge,1.70344,1.6037,0.950812,0.795994,0.050509,5.18667,20064,19968,13052,10860,3939,97,98
1789636574046906469,merge,1.71086,1.59308,0.925855,0.804856,0.04987,5.16473,19968,20064,12760,10989,3940,97,98
1789636574146868977,merge,1.70698,1.60584,0.957073,0.786718,0.051076,5.19536,20064,19968,13075,10905,3941,97,98
1789636574247690243,merge,1.71154,1.58454,0.950893,0.78372,0.053795,5.1718,19968,19968,13118,10761,3942,97,98
1789636574346862779,merge,1.72085,1.58739,0.942654,0.778522,0.051063,5.16891,20064,20064,12813,10847,3943,97,98
1789636574447759461,merge,1.71277,1.59108,0.945856,0.79903,0.049784,5.18901,19872,19968,13013,10969,3944,97,98
1789636574546745960,merge,1.7136,1.60836,0.955705,0.812107,0.051909,5.22564,20064,20064,13163,11043,3945,97,98
1789636574646986549,merge,1.69875,1.58053,0.94616,0.782928,0.050034,5.14569,19968,20064,12771,10857,3946,97,98
1789636574747872230,merge,1.71663,1.58614,0.946341,0.788433,0.05149,5.16993,19968,19968,13178,10902,3947,97,98
1789636574847847624,merge,1.71263,1.59839,0.960124,0.783964,0.0512,5.18811,20064,19968,13091,10968,3948,97,98
1789636574946925443,merge,1.71409,1.58271,0.953458,0.778924,0.051009,5.16721,20064,19968,12991,10862,3949,97,98
1789636575047633957,merge,1.70564,1.5768,0.962742,0.795988,0.052756,5.17638,19968,19968,13055,10817,3950,97,98
1789636575147676974,merge,1.71381,1.60373,0.938664,0.787883,0.053035,5.18086,20064,19968,12992,10929,3951,97,98
1789636575247662666,merge,1.69434,1.59956,0.935183,0.77526,0.051999,5.13986,19968,20064,12878,10891,3952,97,98
1789636575347632332,merge,1.71335,1.58403,0.945648,0.797285,0.051538,5.17573,19968,20064,13132,10955,3953,97,98
1789636575447760559,merge,1.71225,1.59665,0.93364,0.784633,0.057475,5.1788,20064,19968,12797,10934,3954,97,98
1789636575547690036,merge,1.73126,1.59731,0.9521,0.784215,0.053795,5.20151,19968,19968,13065,10945,3955,97,98
1789636575646777664,merge,1.72996,1.58789,0.94259,0.77962,0.049194,5.18253,20064,19968,13060,10877,3956,97,98
1789636575747723312,merge,1.69803,1.60151,0.936694,0.77151,0.049849,5.14079,19968,20064,12786,10997,3957,97,98
1789636575847589138,merge,1.7214,1.61876,0.949542,0.824121,0.050699,5.25034,19968,20064,12904,11101,3958,97,98
1789636575947765048,merge,1.71239,1.57932,0.948397,0.7903,0.050132,5.16205,20064,19872,13203,10853,3959,97,98
1789636576047628170,merge,1.69371,1.59228,0.883049,0.782164,0.049655,5.08357,19968,20064,12594,10848,3960,97,98
1789636576147622308,merge,1.69492,1.59527,0.974992,0.793239,0.050009,5.19456,19968,20064,13120,10972,3961,97,98
1789636576247716580,merge,1.69991,1.59752,0.9492,0.794674,0.050525,5.17751,19968,19968,13089,10968,3962,97,98
1789636576347676570,merge,1.71118,1.57615,0.93081,0.789852,0.049008,5.14029,20064,19968,12812,10882,3963,97,98
1789636576447583457,merge,1.70503,1.58897,0.958854,0.788833,0.050792,5.17707,19968,20064,13142,10933,3964,97,98
1789636576547644335,merge,1.71383,1.59825,0.960477,0.80405,0.050153,5.21202,20064,19872,13189,10967,3965,97,98
1789636576647625512,merge,1.70818,1.58636,0.925664,0.787885,0.049137,5.14249,19968,20064,12784,10892,3966,97,98
1789636576746746786,merge,1.70118,1.60023,0.955389,0.785909,0.051832,5.18303,19968,20064,13090,11048,3967,97,98
1789636576847676939,merge,1.72314,1.60527,0.966932,0.801924,0.050726,5.23102,20064,19968,13227,11031,3968,97,98
1789636576947601816,merge,1.69845,1.60704,0.927809,1.00419,0.048051,5.37531,19968,19872,12682,11035,3969,97,98
1789636577147559962,merge,1.70176,1.58522,0.93738,0.77296,0.115767,5.1952,19968,19968,12944,10929,3970,97,98
1789636577247506072,merge,1.78668,1.69538,0.961974,0.79589,0.175126,5.50273,20064,19968,12975,11051,3971,97,98
1789636577347603421,merge,1.68825,1.67815,0.940694,0.995671,0.313089,5.70101,19872,20064,12870,11055,3972,97,98
1789636577547627180,merge,1.69331,1.61414,0.931773,0.793256,0.179399,5.30011,19968,19968,12765,11060,3973,99,100
1789636577647567001,merge,1.7065,1.60508,0.956679,0.795924,0.0578,5.20386,19968,19968,13161,11051,3974,99,100
1789636577746705834,merge,1.69286,1.60943,0.938602,0.800081,0.049088,5.17658,20064,20064,12822,11082,3975,99,100
1789636577847582573,merge,1.70172,1.58962,0.949564,0.792368,0.048737,5.16403,19968,19968,12971,10980,3976,99,100
1789636577947533187,merge,1.70005,1.606,0.949463,0.81052,0.050113,5.19947,19968,19968,13066,11041,3977,99,100
1789636578046654706,merge,1.7085,1.61803,0.944973,0.807876,0.049395,5.22051,20064,20064,12930,11041,3978,99,100
1789636578147580188,merge,1.70136,1.61864,0.982322,0.787716,0.084284,5.25767,19968,20064,12999,10912,3979,99,100
1789636578247671127,merge,1.704,1.58976,0.967597,0.784817,0.049999,5.17923,19968,19968,13078,10960,3980,99,100
1789636578347530210,merge,1.72502,1.59572,0.951441,0.789538,0.051324,5.19836,20064,19872,13018,10968,3981,99,100
1789636578547555459,merge,1.71135,1.5841,0.9673,0.794915,0.116251,5.25542,19968,19968,13171,10901,3982,99,100
1789636578647527815,merge,1.70401,1.67196,0.939581,0.81382,0.175115,5.39198,20064,19968,12886,10987,3983,99,100
1789636578747487757,merge,1.78379,1.68091,0.95831,0.784994,0.175201,5.46558,19968,19968,13100,11032,3984,99,100
1789636578846725291,merge,1.77426,1.59949,0.953745,0.78415,0.173038,5.37274,19968,20064,13033,10831,3985,99,100
1789636578947670545,merge,1.7045,1.58634,0.956279,0.787827,0.244257,5.36668,20064,19872,12935,10852,3986,99,100
1789636579047402124,merge,1.72654,1.7033,0.957996,0.798602,0.180684,5.45777,20064,20064,13050,10992,3987,99,100
1789636579147577303,merge,1.78309,1.66681,0.963043,0.791764,0.176817,5.4745,19968,19968,13126,10874,3988,99,100
1789636579247558818,merge,1.69679,1.65466,0.939794,0.788131,0.172055,5.33755,20064,19968,12686,10891,3989,99,100
1789636579347645379,merge,1.82815,1.60522,0.969664,0.79404,0.181435,5.47481,19968,20064,13170,10982,3990,99,100
1789636579447535306,merge,1.70234,1.68221,0.965998,0.795296,0.175023,5.41258,20064,19968,12991,11029,3991,99,100
1789636579547693725,merge,1.75853,1.65462,0.935893,0.785682,0.171307,5.38963,19968,19968,12840,10918,3992,99,100
1789636579647624238,merge,1.69961,1.64484,0.963417,0.804835,0.245113,5.44552,19872,19968,12993,10914,3993,99,100
1789636579746632708,merge,1.71565,1.71492,0.971001,0.787527,0.179428,5.45707,20064,20064,13154,11053,3994,99,100
1789636579847569055,merge,1.7682,1.65971,0.905704,0.773245,0.174337,5.36995,19968,19968,12793,10760,3995,99,100
1789636579947460437,merge,2.11065,1.66255,0.969448,0.785264,0.180298,5.80625,19968,19968,13142,10753,3996,99,100
1789636580047349721,merge,1.72928,1.68198,1.21175,1.15905,0.180346,6.04497,20064,20064,13217,10988,3997,99,100
1789636580147464060,merge,1.76665,1.67017,0.937492,0.793389,0.172532,5.42626,19968,19968,12789,10933,3998,99,100
1789636580247461822,merge,1.76454,1.64893,0.957442,0.792135,0.18285,5.43088,20064,19968,13358,10791,3999,99,100
1789636580347504644,merge,1.71973,1.66981,0.95554,0.770235,0.177549,5.38108,20064,20064,13068,10904,4000,99,100
1789636580447580948,merge,1.76389,1.68716,0.914459,0.774905,0.173335,5.40866,19968,19968,12906,10958,4001,99,100
1789636580547459985,merge,1.94621,1.65404,0.970202,0.764393,0.180438,5.6101,19968,19968,13465,10825,4002,99,100
1789636580647380741,merge,1.74697,1.60557,1.374,1.01339,0.179516,6.00212,19968,20064,12843,10975,4003,99,100
1789636580747329311,merge,1.79209,1.68515,0.964953,0.777884,0.182275,5.49366,20064,19968,13259,10887,4004,99,100
1789636580847451793,merge,1.69161,1.60106,0.955824,0.780927,0.240928,5.35428,19872,20064,13030,10810,4005,99,100
1789636580947466460,merge,1.72801,1.64733,0.969919,0.79004,0.176282,5.3997,20064,19968,13172,10822,4006,99,100
1789636581047388942,merge,1.76629,1.65831,0.938454,0.798547,0.177669,5.42315,19968,19968,12887,10908,4007,99,100
1789636581147370620,merge,1.79309,1.60728,0.97078,0.784897,0.178522,5.43411,19968,20064,13324,11067,4008,99,100
1789636581247365486,merge,1.70313,1.64936,0.947476,0.774752,0.170423,5.3267,20064,19968,12924,10768,4009,99,100
1789636581347414218,merge,1.70735,1.66036,0.945861,0.787639,0.173631,5.35534,20064,19968,13011,10910,4010,99,100
1789636581447379219,merge,1.70354,1.61267,0.930122,0.818097,0.248619,5.3997,19776,20064,12861,11071,4011,99,100
1789636581547450912,merge,1.73081,1.66284,0.982894,0.775971,0.178334,5.42283,20064,19968,13268,10843,4012,99,100
1789636581647389879,merge,1.74314,1.60877,0.897075,0.765916,0.173971,5.27895,19968,20064,12683,10752,4013,99,100
1789636581747474714,merge,1.7372,1.67068,0.948271,0.767437,0.177094,5.3866,20064,19968,13265,10889,4014,99,100
1789636581847510888,merge,1.7642,1.67948,0.956981,0.803196,0.205581,5.49968,19968,19968,13040,10935,4015,99,100
1789636581947422885,merge,1.70369,1.67942,0.924262,0.773204,0.175356,5.35002,20064,19968,12863,10844,4016,99,100
1789636582047583799,merge,1.69888,1.59038,1.01304,0.793109,0.247227,5.43097,19776,20064,12996,10983,4017,99,100
1789636582147372334,merge,1.80841,1.61182,0.962425,0.806473,0.180119,5.46366,19968,20064,13132,11029,4018,99,100
1789636582247536092,merge,2.32775,1.95524,0.926859,0.781161,0.17492,6.27591,20064,20064,13050,10885,4019,99,100
1789636582347628082,merge,1.71935,1.57034,0.925536,0.777465,0.248941,5.33185,20064,19872,13023,10787,4020,99,100
1789636582447499052,merge,1.70266,1.67287,0.942808,0.790273,0.249595,5.45637,19872,20064,13071,10931,4021,99,100
1789636582547468482,merge,1.79534,1.68995,0.933687,0.835812,0.179739,5.52402,19968,19968,12941,10774,4022,99,100
1789636582747441600,merge,1.70181,1.59621,0.957541,0.793008,0.182036,5.32428,19968,19968,13000,10919,4023,101,102
1789636582847389592,merge,1.69856,1.60736,0.958176,0.807101,0.086509,5.24372,19968,20064,12974,11034,4024,101,102
1789636582947349451,merge,1.71699,1.63395,1.12604,0.756086,0.174283,5.49521,20064,19968,12934,10819,4025,101,102
1789636583047515108,merge,1.72767,1.59081,1.17298,0.802191,0.0789,5.46283,19872,20064,13051,10978,4026,101,102
1789636583147388989,merge,1.71403,1.60546,0.898789,0.80857,0.055806,5.18007,20160,19968,12797,10958,4027,101,102
1789636583247454681,merge,1.71298,1.61526,0.951877,0.793081,0.055204,5.22825,19968,19968,13086,10870,4028,101,102
1789636583347462044,merge,1.68325,1.59664,0.946209,0.782316,0.081344,5.17556,19968,20064,12955,10824,4029,101,102
1789636583447369457,merge,1.70263,1.59222,0.930428,0.790781,0.048998,5.1476,19968,19968,12877,10867,4030,101,102
1789636583547302442,merge,1.70557,1.6003,0.949119,0.789041,0.048467,5.17997,20064,19968,12954,10914,4031,101,102
1789636583647465644,merge,1.99073,1.60177,0.943469,0.782719,0.050019,5.47503,19872,20064,13039,10935,4032,101,102
1789636583747330437,merge,1.71698,1.60413,0.936256,0.780548,0.049933,5.1769,20064,20064,12904,10927,4033,101,102
1789636583847405838,merge,1.73789,1.61539,0.946131,0.819145,0.050265,5.25922,20064,19872,13103,10914,4034,101,102
1789636583947397953,merge,1.73259,1.61484,0.949897,0.799413,0.052439,5.23391,20064,20064,13243,10963,4035,101,102
1789636584047517923,merge,1.71545,1.59844,0.911876,0.77922,0.047971,5.14049,19968,19968,12731,10847,4036,101,102
1789636584147418523,merge,1.74176,1.60901,0.947621,0.799887,0.049545,5.23486,20064,19968,13284,10971,4037,101,102
1789636584247466021,merge,1.72145,1.66451,0.95393,0.777298,0.051468,5.26042,19872,20064,12983,10915,4038,101,102
1789636584347316156,merge,1.74734,1.59395,0.948191,0.786352,0.048952,5.21281,20064,19968,12889,10754,4039,101,102
1789636584447353740,merge,1.71967,1.60106,0.950907,0.798708,0.052344,5.20549,19968,19968,13061,10854,4040,101,102
1789636584547344864,merge,1.74185,1.62043,0.945925,0.815764,0.050784,5.26453,20064,19968,13251,10976,4041,101,102
1789636584647361534,merge,1.70827,1.63373,0.916028,0.794897,0.050477,5.19337,19872,20160,12528,10951,4042,101,102
1789636584747277752,merge,1.74487,1.59856,0.962412,0.788491,0.053406,5.23048,20064,19968,13269,10863,4043,101,102
1789636584847387812,merge,1.72945,1.61343,0.940114,0.802531,0.049552,5.22055,20064,19968,13056,10985,4044,101,102
1789636584947331776,merge,1.73376,1.6198,0.937091,0.794042,0.050574,5.22331,20064,19968,12869,10908,4045,101,102
1789636585047431496,merge,1.7195,1.60625,0.926747,0.784331,0.073863,5.20162,19968,20064,12978,10925,4046,101,102
1789636585147360795,merge,1.73704,1.60486,0.930887,0.778526,0.04969,5.19753,19968,19968,13065,10799,4047,101,102
1789636585247303621,merge,1.71123,1.63383,0.909643,0.788623,0.049543,5.17604,19968,20064,12618,10980,4048,101,102
1789636585347372193,merge,1.7347,1.60733,0.945611,0.787338,0.052232,5.21043,20064,19968,13221,10903,4049,101,102
1789636585447308224,merge,1.71791,1.60426,0.935255,0.785427,0.054151,5.19105,19968,20064,12899,10926,4050,101,102
1789636585547427491,merge,1.73586,1.61035,0.937716,0.788284,0.050607,5.21321,20064,19872,12931,10923,4051,101,102
1789636585647352010,merge,1.72183,1.62014,0.930641,0.784446,0.058561,5.20652,19968,20064,13083,10940,4052,101,102
1789636585747321744,merge,1.72878,1.61085,0.914707,0.792469,0.050796,5.20088,19968,20064,12955,11018,4053,101,102
1789636585847347329,merge,1.70826,1.58959,0.941129,0.784435,0.049631,5.15774,20064,19968,13050,10948,4054,101,102
1789636585947316424,merge,1.70805,1.59838,0.961458,0.795744,0.050445,5.20597,19968,19968,13111,10971,4055,101,102
1789636586047251008,merge,1.71303,1.58322,0.962715,0.796168,0.051567,5.19635,20064,19968,12960,10838,4056,101,102
1789636586147344523,merge,1.71059,1.59962,0.956631,0.784366,0.051774,5.19306,19968,20064,13035,10863,4057,101,102
1789636586247315737,merge,1.71761,1.60266,0.974626,0.800554,0.052971,5.23218,19968,19968,13139,11001,4058,101,102
1789636586347251523,merge,1.70073,1.59536,0.92064,0.79323,0.053589,5.15163,20064,19968,12766,10913,4059,101,102
1789636586447398149,merge,1.70984,1.58316,0.954562,0.783876,0.051053,5.16553,19968,19968,13126,10913,4060,101,102
1789636586547235227,merge,1.70192,1.61451,0.96901,0.818742,0.058283,5.25125,19968,20160,12990,11079,4061,101,102
1789636586647335300,merge,1.70929,1.60424,0.936582,0.792352,0.050281,5.17655,20064,19968,12863,10973,4062,101,102
1789636586747257694,merge,1.70633,1.59693,0.946382,0.786848,0.050263,5.1765,20064,19968,13064,10905,4063,101,102
1789636586847402271,merge,1.71135,1.58922,0.981286,0.788621,0.051525,5.21074,19968,19968,13150,10942,4064,101,102
1789636586947282655,merge,1.68537,1.61251,0.912179,0.800419,0.051574,5.14454,19968,19968,12561,11119,4065,101,102
1789636587147341446,merge,1.73993,1.61129,0.936698,0.805287,0.139193,5.32628,20064,19872,13055,10934,4066,101,102
1789636587247217893,merge,2.03312,1.96957,0.952327,0.792451,0.182083,6.0832,19968,20064,12776,11068,4067,101,102
1789636587347209758,merge,1.6982,1.6917,0.977451,0.810108,0.209202,5.47378,20064,19968,13185,11059,4068,101,102
1789636587447245605,merge,1.77764,1.68801,0.96856,0.80605,0.179037,5.50718,19968,19968,13077,11086,4069,101,102
1789636587547212245,merge,1.76109,1.67851,0.931413,0.795153,0.176524,5.43045,19968,19968,12781,10949,4070,101,102
1789636587647161889,merge,1.74387,1.73365,0.947892,0.821104,0.189343,5.52999,20064,20064,13207,11091,4071,101,102
1789636587747228564,merge,1.75595,1.73595,0.944109,0.807271,0.189128,5.52935,20064,19968,13138,11082,4072,101,102
1789636587847281562,merge,1.71905,1.63304,0.920913,0.799619,0.256056,5.42042,19872,20064,12757,10967,4073,101,102
1789636587947248434,merge,1.7614,1.7225,0.950596,0.860611,0.205751,5.5952,20064,19968,13292,11044,4074,101,102
1789636588047213303,merge,1.69556,1.69319,0.940332,0.812057,0.176519,5.40106,20064,19968,12955,11046,4075,101,102
1789636588147272974,merge,1.77025,1.68237,0.96194,0.810827,0.174991,5.48856,19968,19968,12952,11009,4076,101,102
1789636588247251957,merge,1.76635,1.6792,0.967329,0.796753,0.184699,5.48499,19968,19968,13015,10911,4077,101,102
1789636588347181077,merge,1.75082,1.70559,0.946322,0.806756,0.187463,5.48867,20064,20064,13077,10944,4078,101,102
1789636588447223961,merge,1.8,1.64682,0.935105,0.807467,0.182731,5.46404,19968,20064,12825,11049,4079,101,102
1789636588547177951,merge,1.82783,1.70626,0.937811,0.796924,0.183882,5.54604,19968,19968,13146,10913,4080,101,102
1789636588647139980,merge,1.74562,1.69646,0.922716,0.808242,0.182495,5.45068,20064,19968,12831,10888,4081,101,102
1789636588747126056,merge,1.76987,1.615,0.930042,0.809724,0.152512,5.36842,19968,20064,12983,11130,4082,101,102
1789636588847132629,merge,1.74657,1.61534,0.963978,0.80068,0.152838,5.37138,19968,20064,12944,10910,4083,101,102
1789636588947256521,merge,1.76284,1.57096,0.963691,0.784298,0.242853,5.41301,19968,19872,13018,10771,4084,101,102
1789636589047160081,merge,1.75388,1.59451,0.95118,0.801173,0.191329,5.37905,19968,20064,12809,10916,4085,101,102
1789636589147024250,merge,1.70674,1.70005,0.963937,0.79805,0.181777,5.43828,20064,20064,13242,11035,4086,101,102
1789636589247153737,merge,1.70488,1.56316,0.950707,0.77533,0.232712,5.31493,20064,19776,12931,10707,4087,101,102
1789636589347165030,merge,1.76994,1.66348,0.967014,0.796119,0.179216,5.45977,19968,19968,12986,10914,4088,101,102
1789636589447104958,merge,1.77358,1.61304,0.946797,0.808362,0.159002,5.38446,19968,20160,13184,11098,4089,101,102
1789636589547086328,merge,1.70157,1.57808,0.937486,0.777038,0.242227,5.32136,20064,19776,12873,10764,4090,101,102
1789636589647101607,merge,1.7796,1.58719,0.956937,0.79584,0.182939,5.38742,19968,20064,13155,10910,4091,101,102
1789636589747091416,merge,1.80204,1.6758,0.962643,0.795923,0.178913,5.50333,19968,19968,13150,10975,4092,101,102
1789636589847048662,merge,1.77948,1.6259,0.954512,0.79934,0.181805,5.42726,19968,20064,12929,11089,4093,101,102
1789636589947095575,merge,1.70988,1.65409,0.945715,0.787476,0.174497,5.35874,20064,19968,13043,10773,4094,101,102
1789636590047057166,merge,1.73281,1.66919,0.965993,0.789603,0.176202,5.42168,20064,20064,13276,10800,4095,101,102
1789636590147063486,merge,1.76303,1.68031,0.937144,0.788826,0.176836,5.43537,19968,19968,12706,10995,4096,101,102
1789636590247091511,merge,1.78557,1.595,0.958871,0.804307,0.178269,5.41747,19968,20064,13122,10943,4097,101,102
1789636590347122644,merge,1.78421,1.57854,0.950376,0.791353,0.174769,5.36939,19968,20064,13116,10873,4098,101,102
1789636590447153463,merge,1.70528,1.58717,0.951663,0.796971,0.240321,5.36862,20064,19872,12832,10858,4099,101,102
1789636590547074214,merge,1.74908,1.67674,0.966374,0.790083,0.176574,5.45164,20064,19968,13268,10950,4100,101,102
1789636590647135371,merge,1.78298,1.60127,0.953171,0.800644,0.199004,5.43081,19968,20064,12961,10933,4101,101,102
1789636590747029614,merge,1.70312,1.67014,0.959203,0.798909,0.173107,5.38908,20064,19968,13021,10923,4102,101,102
1789636590847129110,merge,1.73353,1.614,0.961744,0.806222,0.248787,5.4561,19872,20064,13222,10917,4103,101,102
1789636590947074901,merge,1.70495,1.66244,0.95985,0.77551,0.175545,5.36742,20064,19968,12988,10754,4104,101,102
1789636591047141863,merge,1.80015,1.66336,0.973254,0.799749,0.181264,5.50677,19968,19968,13093,10876,4105,101,102
1789636591146994825,merge,1.71848,1.68045,0.948992,0.806121,0.181529,5.42506,20064,19968,13140,10980,4106,101,102
1789636591246979366,merge,1.72897,1.60556,0.973713,0.796985,0.246459,5.43737,19776,20064,13240,11004,4107,101,102
1789636591347059370,merge,1.72568,1.64917,0.951557,0.785729,0.173593,5.37908,20256,19968,12923,10797,4108,101,102
1789636591447725237,merge,1.72755,1.64558,0.95701,0.791983,0.241714,5.45016,19872,19968,13164,10958,4109,101,102
1789636591546945578,merge,1.69722,1.66132,0.94893,0.796608,0.241137,5.43321,19776,19968,13030,10988,4110,101,102
1789636591646964912,merge,1.71724,1.66199,0.977083,0.795853,0.177768,5.42001,20064,20064,13086,10891,4111,101,102
1789636591747005341,merge,1.77958,1.67029,0.952435,0.791306,0.180736,5.4651,19968,19968,12925,10802,4112,101,102
1789636591846962619,merge,1.80623,1.61217,0.970677,0.802243,0.178873,5.46697,19968,20064,13175,10889,4113,101,102
1789636591946982759,merge,1.76411,1.59383,0.953227,0.803341,0.166928,5.36956,19968,20064,13002,10932,4114,101,102
1789636592047100781,merge,1.72189,1.56731,0.955993,0.783437,0.251743,5.36446,20064,19872,12967,10747,4115,101,102
1789636592146945841,merge,1.68757,1.6042,0.945483,0.800856,0.241102,5.36787,19872,20064,12968,11055,4116,101,102
1789636592347029062,merge,1.68979,1.5926,0.926822,0.80145,0.194191,5.29304,19872,20064,12684,10937,4117,103,104
1789636592446996870,merge,1.713,1.59164,0.965832,0.793976,0.073743,5.22174,19968,19968,13163,10906,4118,103,104
1789636592546949299,merge,1.72815,1.61081,0.945234,0.79912,0.050385,5.21882,20064,19968,12979,10967,4119,103,104
1789636592646976503,merge,1.73141,1.59844,0.931423,0.780473,0.050229,5.18083,20064,20064,12957,10753,4120,103,104
1789636592747049083,merge,1.69541,1.57992,0.942406,0.784257,0.04797,5.13314,19968,19968,12931,10806,4121,103,104
1789636592846933205,merge,1.70087,1.61077,0.918614,0.777195,0.050522,5.14201,19872,20064,13060,11057,4122,103,104
1789636592946936039,merge,1.70464,1.59591,0.92979,0.804255,0.048551,5.1727,20064,19968,12693,10921,4123,103,104
1789636593046999932,merge,1.74371,1.58683,0.986701,0.795751,0.087365,5.28752,19968,20064,13141,10910,4124,103,104
1789636593146980374,merge,1.72402,1.57547,0.947058,0.795,0.233194,5.36292,20160,19872,13136,10782,4125,103,104
1789636593246996990,merge,1.75915,1.60777,0.926488,0.804283,0.048263,5.23959,19872,20064,12799,11056,4126,103,104
1789636593346904637,merge,1.71126,1.58916,0.964714,0.790591,0.063059,5.20874,20064,19968,13278,10884,4127,103,104
1789636593446916380,merge,1.72347,1.59176,0.937751,0.777234,0.049179,5.16439,20064,20064,13023,10792,4128,103,104
1789636593547027298,merge,1.71691,1.59811,0.94518,0.797347,0.048431,5.19098,19968,19968,13003,10874,4129,103,104
1789636593646960756,merge,1.70863,1.59285,0.953878,0.778671,0.046474,5.15993,19968,19968,13100,10852,4130,103,104
1789636593746904380,merge,1.70232,1.58665,0.965734,0.795474,0.084797,5.21253,19968,20064,13027,10941,4131,103,104
1789636593846883167,merge,1.70031,1.58061,0.926303,0.778194,0.047771,5.11379,19968,19968,12791,10909,4132,103,104
1789636593946825778,merge,1.73433,1.59784,0.968596,0.797464,0.049027,5.2425,20064,19968,13245,10910,4133,103,104
1789636594046862933,merge,1.68917,1.58319,0.956176,0.789339,0.048555,5.15149,19968,20064,12887,10921,4134,103,104
1789636594146905863,merge,1.71425,1.58668,0.954539,0.804792,0.048652,5.19106,20064,19968,12989,10895,4135,103,104
1789636594246870860,merge,1.70106,1.60268,0.950977,0.796387,0.04949,5.18335,19968,19968,12997,11013,4136,103,104
1789636594346821517,merge,1.72094,1.60106,0.949701,0.784278,0.050728,5.19333,20064,20064,12962,10826,4137,103,104
1789636594446870301,merge,1.69064,1.57722,0.934256,0.771863,0.049268,5.10654,19968,19968,12822,10755,4138,103,104
1789636594546835355,merge,1.71326,1.59877,0.956127,0.797934,0.054014,5.2054,19968,20064,13168,11017,4139,103,104
1789636594646928284,merge,1.71399,1.5971,0.912093,0.780536,0.048717,5.13551,19968,19968,12745,10963,4140,103,104
1789636594746854045,merge,1.70902,1.58149,0.960021,0.801003,0.048924,5.18592,19968,19968,12983,10860,4141,103,104
1789636594846815251,merge,1.73869,1.58916,0.980958,0.797036,0.050779,5.25979,20064,20064,13152,10897,4142,103,104
1789636594946836949,merge,1.72618,1.59549,0.936632,0.773576,0.04899,5.16502,20064,19872,12895,10918,4143,103,104
1789636595046840967,merge,1.70038,1.59658,1.10403,0.802996,0.049232,5.33775,19968,20160,13058,11018,4144,103,104
1789636595146914715,merge,1.70214,1.57458,1.13169,0.785438,0.050244,5.32984,19968,19968,13086,10854,4145,103,104
1789636595246838602,merge,1.72951,1.59642,0.962875,0.7945,0.050265,5.2173,20160,19968,13025,10920,4146,103,104
1789636595346933636,merge,1.69665,1.60591,0.946454,0.785319,0.05034,5.173,19872,20064,12969,10936,4147,103,104
1789636595446857406,merge,1.71854,1.57992,0.964843,0.792637,0.051063,5.19094,20064,19968,13306,10926,4148,103,104
1789636595546835636,merge,1.71571,1.58017,0.920389,0.779383,0.050097,5.12756,19968,19968,12730,10860,4149,103,104
1789636595646791977,merge,1.71721,1.60332,0.959188,0.790787,0.056631,5.21661,20064,19968,13243,11015,4150,103,104
1789636595746839515,merge,1.68356,1.5899,0.938705,0.791096,0.055421,5.14666,19872,20064,12916,10920,4151,103,104
1789636595846772249,merge,1.71421,1.58274,0.945859,0.789007,0.050078,5.16966,20160,19968,12968,10874,4152,103,104
1789636595946877045,merge,1.72111,1.61459,0.941063,0.791817,0.052899,5.20662,19968,20064,13029,11132,4153,103,104
1789636596046807327,merge,1.70233,1.58735,0.965807,0.775657,0.052506,5.16219,19968,19872,13116,10859,4154,103,104
1789636596146735095,merge,1.68666,1.59273,0.90611,0.797831,0.051354,5.11818,19968,20064,12597,10996,4155,103,104
1789636596246714590,merge,1.70621,1.59279,0.983279,0.800096,0.051826,5.21978,19968,20064,13180,10921,4156,103,104
1789636596346782564,merge,1.71137,1.59578,0.926001,0.79515,0.05131,5.17086,20064,19968,12943,10919,4157,103,104
1789636596446713723,merge,1.70847,1.57863,0.951141,0.794751,0.051053,5.16608,20064,19968,12932,10890,4158,103,104
1789636596546828105,merge,1.69805,1.58416,0.953161,0.788392,0.052026,5.15687,19968,19968,13010,10912,4159,103,104
1789636596646730350,merge,1.70996,1.60349,0.940796,0.792629,0.052703,5.18677,19968,20064,12974,11078,4160,103,104
1789636596746709825,merge,1.7052,1.60006,0.955253,0.789458,0.053986,5.21539,20064,19968,12965,10914,4161,103,104
1789636596846728555,merge,1.71005,1.59165,0.954536,0.798706,0.052331,5.19224,19968,20064,13117,10981,4162,103,104
1789636596946766807,merge,1.71053,1.59485,0.941525,0.773063,0.05003,5.15463,20064,19968,12960,11006,4163,103,104
1789636597046793736,merge,1.73095,1.6107,0.939702,0.802094,0.051246,5.22422,19968,19968,13025,11101,4164,103,104
1789636597146770353,merge,1.72441,1.59693,0.984439,0.792454,0.053787,5.23954,20064,19968,13276,10952,4165,103,104
1789636597246775055,merge,1.73137,1.58851,0.941545,0.779451,0.054406,5.19178,19968,20064,12802,10947,4166,103,104
1789636597346775197,merge,1.71561,1.61178,0.970875,0.809179,0.050426,5.24894,19968,19968,13097,11056,4167,103,104
1789636597446696904,merge,1.69415,1.61007,0.957802,0.806282,0.051158,5.21122,19968,20064,13055,11059,4168,103,104
1789636597546692718,merge,1.74893,1.5949,0.929228,0.781095,0.050399,5.19068,20064,19968,12923,10959,4169,103,104
1789636597646723033,merge,1.91105,1.61749,0.981252,0.798966,0.051295,5.47003,20064,19968,13066,11047,4170,103,104
1789636597746772790,merge,1.69895,1.60976,0.958864,0.798099,0.050072,5.19984,19872,20064,13072,11055,4171,103,104
1789636597846671207,merge,1.68851,1.6074,0.940439,0.813557,0.047116,5.18227,20064,19968,12694,11073,4172,103,104
1789636597946679688,merge,1.70313,1.58876,0.947816,0.797168,0.048687,5.16992,19968,20064,13149,10962,4173,103,104
1789636598046759533,merge,1.68668,1.60418,0.955786,0.80675,0.049545,5.19086,19968,19968,12954,11075,4174,103,104
1789636598146690673,merge,1.76526,1.61132,0.945155,0.795697,0.048369,5.25558,20064,19968,12871,11055,4175,103,104
1789636598246642839,merge,1.69047,1.59474,0.938355,0.803386,0.05247,5.16798,19968,20064,13007,10906,4176,103,104
1789636598346736990,merge,1.72146,1.5773,0.960008,0.787828,0.05086,5.181,20064,19872,13219,10860,4177,103,104
1789636598446669655,merge,1.68469,1.6006,0.931206,0.799482,0.048895,5.14958,19968,20064,12627,11040,4178,103,104
1789636598546644252,merge,1.71378,1.6046,0.947067,0.79784,0.050114,5.20055,19968,20064,13123,11023,4179,103,104
1789636598646657204,merge,1.73116,1.57955,0.981906,0.784367,0.049231,5.2118,20064,19968,13266,10882,4180,103,104
1789636598746630087,merge,1.73249,1.5822,0.927727,0.801313,0.049354,5.18458,20064,19968,12785,10910,4181,103,104
1789636598846700202,merge,1.72646,1.62041,0.970364,0.818543,0.055865,5.28505,19968,20064,13219,11166,4182,103,104
1789636598946701602,merge,1.72018,1.58633,0.965112,0.787184,0.048865,5.19426,19968,19968,13118,10896,4183,103,104
1789636599046609797,merge,1.71548,1.58582,0.939372,0.793212,0.047953,5.1739,20064,19968,12904,10805,4184,103,104
1789636599146683335,merge,1.71081,1.60595,0.946826,0.789147,0.049347,5.18863,19968,19968,13114,10956,4185,103,104
1789636599246663193,merge,1.70605,1.60349,0.957719,0.803803,0.049454,5.2096,19968,20064,13127,10956,4186,103,104
1789636599346654236,merge,1.69296,1.5835,0.941457,0.811717,0.05104,5.16488,19968,19968,12664,10908,4187,103,104
1789636599446610219,merge,1.71013,1.59569,0.946287,0.799177,0.051353,5.1869,19968,19968,13220,10950,4188,103,104
1789636599546625646,merge,1.71064,1.60446,0.960001,0.806076,0.054645,5.22335,20064,19968,13038,10989,4189,103,104
1789636599646630011,merge,1.71888,1.57444,0.931344,0.776737,0.048581,5.14623,20064,19968,12940,10812,4190,103,104
1789636599746655266,merge,1.69285,1.58731,0.960553,0.783847,0.048656,5.15905,19968,19968,13026,10927,4191,103,104
1789636599846629300,merge,1.70635,1.60992,0.928593,0.800906,0.050323,5.17941,19968,20064,13056,11109,4192,103,104
1789636599946615029,merge,1.70834,1.58374,0.926719,0.794306,0.050767,5.14798,20064,19968,12789,10871,4193,103,104
1789636600046628621,merge,1.71605,1.58815,0.957518,0.786858,0.050306,5.1848,19968,20064,13219,10785,4194,103,104
1789636600146630299,merge,1.6923,1.59588,0.917245,0.983153,0.049522,5.3209,19968,20064,12934,10928,4195,103,104
1789636600246701012,merge,1.72701,1.59027,0.970149,0.768074,0.049867,5.19287,20064,19872,12956,10894,4196,103,104
1789636600346677897,merge,1.72993,1.57287,0.978952,0.78457,0.049678,5.20512,19968,19968,13250,10849,4197,103,104
1789636600446624678,merge,1.69676,1.59418,0.933242,0.801888,0.049136,5.16098,20064,20064,12829,11003,4198,103,104
1789636600546596569,merge,1.72068,1.59962,0.960823,0.821315,0.0494,5.23684,19968,20064,13125,10986,4199,103,104
1789636600646677674,merge,1.73077,1.58188,0.975105,0.784319,0.051177,5.21642,20064,19968,13150,10831,4200,103,104
1789636600746769426,merge,1.69584,1.58719,0.933778,0.796457,0.050038,5.14559,19968,20064,12969,10993,4201,103,104
1789636600846766924,merge,1.74393,1.59714,0.979155,0.80171,0.05029,5.25852,20064,19968,13328,10937,4202,103,104
1789636600946717039,merge,1.73316,1.63654,0.940896,0.795427,0.049778,5.24575,19968,20064,12952,10845,4203,103,104
1789636601046775192,merge,1.76937,1.59986,0.947597,0.780755,0.049735,5.23645,19968,19872,13270,10757,4204,103,104
1789636601146604824,merge,1.73496,1.59128,0.937005,0.792775,0.050605,5.19764,20064,20064,13067,10986,4205,103,104
1789636601247219471,merge,1.72739,1.59119,0.970384,0.806469,0.050993,5.23394,19776,19968,13219,10954,4206,103,104
1789636601346600373,merge,1.74256,1.61291,0.927057,0.790024,0.049374,5.2151,20064,19968,12975,10835,4207,103,104
1789636601546747554,merge,1.71454,1.58481,0.981081,0.782556,0.105131,5.25175,19968,19872,13177,10863,4208,103,104
1789636601646670320,merge,1.76827,1.63137,0.930265,0.801275,0.177895,5.39815,19968,20064,13058,11006,4209,103,104
1789636601746724054,merge,1.69789,1.65278,0.933279,0.773233,0.1743,5.32052,20064,19968,12819,10769,4210,103,104
1789636601846618195,merge,1.70977,1.60298,0.966662,0.788202,0.24571,5.39737,19872,20064,13147,10832,4211,103,104
1789636601946726999,merge,1.69607,1.67579,0.951108,0.769108,0.177226,5.35619,20064,19968,13020,10935,4212,103,104
1789636602046622984,merge,1.76844,1.65356,0.956383,0.777959,0.176977,5.41882,19968,19968,12827,10818,4213,103,104
1789636602146617682,merge,1.75615,1.6604,0.952971,0.777418,0.176323,5.40941,19968,19968,13025,10887,4214,103,104
1789636602246600734,merge,1.73475,1.67816,0.974485,0.794284,0.17852,5.45212,20064,19968,13188,10971,4215,103,104
1789636602346642521,merge,1.7627,1.60804,0.927263,0.802324,0.178169,5.36418,19968,20160,12616,10996,4216,103,104
1789636602446781360,merge,1.79744,1.65414,0.959652,0.793732,0.186487,5.48401,19968,19968,13198,10841,4217,103,104
1789636602546646260,merge,1.75616,1.58301,0.947261,0.791063,0.243311,5.40683,19968,19872,12969,10849,4218,103,104
1789636602746799914,merge,1.70031,1.6761,0.962544,0.780361,0.239575,5.44377,19872,19968,13026,10761,4219,103,104
1789636602846631244,merge,1.79378,1.663,0.953591,0.799561,0.172454,5.47293,20064,19968,13213,10917,4220,103,104
1789636602946616000,merge,1.76859,1.68696,0.937681,0.785073,0.171487,5.43783,20064,19968,12857,10971,4221,103,104
1789636603046615028,merge,1.77755,1.59409,0.948528,0.801828,0.173371,5.37701,19968,20064,13103,10881,4222,103,104
1789636603146700548,merge,1.81854,1.69708,0.970699,0.796941,0.163174,5.53162,20064,19968,13315,10844,4223,103,104
1789636603246651087,merge,1.77109,1.6751,0.920828,0.804527,0.173602,5.4271,19968,19968,12716,10963,4224,103,104
1789636603346643821,merge,1.78645,1.61607,0.945743,0.797007,0.174102,5.40692,19968,20064,13176,11056,4225,103,104
1789636603446609363,merge,1.80105,1.61865,0.964265,0.794373,0.173477,5.4364,19968,20064,13102,10819,4226,103,104
1789636603546662432,merge,1.80586,1.57866,0.945883,0.757198,0.234794,5.41174,20064,19872,12870,10812,4227,103,104
1789636603646636726,merge,1.77511,1.72147,0.967589,0.795846,0.17286,5.52083,20064,20064,13115,10909,4228,103,104
1789636603746694084,merge,1.76235,1.65709,0.950446,0.804788,0.17414,5.43904,19968,19968,13104,10856,4229,103,104
1789636603846666559,merge,1.74439,1.59027,0.907332,0.797814,0.174908,5.29904,19968,20064,12629,10964,4230,103,104
1789636603946653088,merge,1.80945,1.67652,0.967582,0.796187,0.172291,5.51036,20064,19968,13240,10964,4231,103,104
1789636604046621973,merge,1.75844,1.60763,0.932498,0.837232,0.174875,5.3992,19968,20064,12867,10983,4232,103,104
1789636604146620420,merge,1.80011,1.65938,0.941979,0.801946,0.168316,5.45829,19968,19968,12860,10871,4233,103,104
1789636604246627942,merge,1.76798,1.66525,0.956876,0.780598,0.175452,5.43277,20064,19968,13079,10903,4234,103,104
1789636604346703528,merge,1.78246,1.68155,0.947744,0.785362,0.172937,5.46013,20064,19968,13028,10942,4235,103,104
1789636604447088493,merge,1.75587,1.58786,0.918525,0.775475,0.174811,5.30574,19968,20064,12821,10724,4236,103,104
1789636604546717383,merge,1.81509,1.65648,0.959409,0.778751,0.190752,5.48525,19968,19968,13121,10827,4237,103,104
1789636604646625469,merge,1.79926,1.6975,0.94168,0.79125,0.177839,5.49363,20064,20064,13020,11108,4238,103,104
1789636604747067805,merge,1.77213,1.66596,0.937938,0.785219,0.174504,5.42416,19968,19968,12920,10857,4239,103,104
1789636604846627447,merge,1.78163,1.58295,0.977793,0.775044,0.17529,5.38799,19968,20064,13133,10861,4240,103,104
1789636604946693376,merge,1.80697,1.66575,0.945316,0.793298,0.173456,5.46857,20064,19968,12950,10953,4241,103,104
1789636605046998809,merge,1.77869,1.68364,0.951775,0.805839,0.179633,5.4945,19968,19968,13082,10992,4242,103,104
1789636605146604242,merge,1.76169,1.5922,0.959722,0.784192,0.180033,5.36425,19968,20064,13088,10922,4243,103,104
1789636605246596053,merge,1.79998,1.67101,0.958524,0.779029,0.175671,5.47125,20064,20064,12945,10816,4244,103,104
1789636605347136930,merge,1.75113,1.67595,0.954048,0.802205,0.173623,5.44226,19968,19968,12944,10937,4245,103,104
1789636605446754699,merge,1.78184,1.67281,0.976753,0.786649,0.179085,5.48774,20064,19968,13263,10900,4246,103,104
1789636605546702821,merge,1.75819,1.59515,0.925667,0.792282,0.178046,5.34004,19968,20064,12675,10937,4247,103,104
1789636605647090015,merge,1.80421,1.59386,0.955125,0.797464,0.248482,5.48874,20064,19872,13193,10917,4248,103,104
1789636605746995782,merge,1.7587,1.60086,0.929381,0.80189,0.181873,5.36294,19968,20064,12961,10999,4249,103,104
1789636605846650031,merge,1.79581,1.58596,0.935065,0.788662,0.175822,5.36525,19968,20064,12735,10980,4250,103,104
1789636605947018702,merge,1.78304,1.58564,0.940546,0.783744,0.242756,5.42318,20064,19872,13055,10805,4251,103,104
1789636606046952130,merge,1.76516,1.61035,0.932842,0.790749,0.160883,5.34503,19968,20064,13127,11101,4252,103,104
1789636606146645444,merge,1.78626,1.66517,0.931793,0.798125,0.173547,5.44531,20064,19968,12693,10855,4253,103,104
1789636606247002986,merge,1.68836,1.63863,0.943262,0.789049,0.206489,5.34812,19872,20064,12995,10811,4254,103,104
1789636606346619067,merge,1.77936,1.67476,0.967582,0.807614,0.184373,5.50173,20160,19968,13169,10962,4255,103,104
1789636606447020681,merge,1.7772,1.5996,0.941973,0.77459,0.152085,5.33079,19968,20064,12838,10961,4256,103,104
1789636606547025902,merge,1.80491,1.66257,0.973974,0.802433,0.191817,5.52266,19968,19968,13146,10941,4257,103,104
1789636606646598928,merge,1.76578,1.65786,0.962827,0.790794,0.173925,5.43322,20064,19968,13056,10939,4258,103,104
1789636606747032507,merge,1.77694,1.60201,0.947056,0.78845,0.16794,5.3692,19968,20064,12960,10990,4259,103,104
1789636606846890658,merge,1.79458,1.67301,0.951682,0.801157,0.173598,5.48086,19968,19968,13082,10901,4260,103,104
1789636606946613053,merge,1.77713,1.66093,0.968575,0.79203,0.17446,5.46102,20064,19968,13050,10932,4261,103,104
1789636607046963390,merge,1.76491,1.62577,0.962142,0.794864,0.180966,5.41548,19968,20064,12882,11101,4262,103,104
1789636607147044590,merge,1.80195,1.68972,0.972026,0.800865,0.177847,5.52871,20064,19968,13246,11022,4263,103,104
1789636607246980326,merge,1.76405,1.59957,0.928474,0.798233,0.173068,5.35459,19968,20064,12777,10952,4264,103,104
1789636607346922811,merge,1.79093,1.69808,0.948776,0.799606,0.188034,5.51712,19968,19968,13020,11015,4265,103,104
1789636607446627425,merge,1.77438,1.68667,0.952873,0.811323,0.174114,5.48486,20064,19968,13078,11050,4266,103,104
1789636607546933592,merge,1.76104,1.6062,0.92501,0.791148,0.177167,5.34901,19968,20064,12858,11021,4267,103,104
1789636607646930687,merge,1.7859,1.68389,0.937282,0.797813,0.172999,5.47151,19968,19968,12859,10945,4268,103,104
1789636607746615951,merge,1.7895,1.69189,0.959422,0.803996,0.174958,5.50681,20064,19968,13253,11098,4269,103,104
1789636607846915419,merge,1.76479,1.68968,0.919485,0.801058,0.175453,5.44184,20064,19968,12652,11107,4270,103,104
1789636607946970035,merge,1.77051,1.60062,0.963856,0.798064,0.177308,5.3991,19968,20064,13154,10969,4271,103,104
1789636608046910624,merge,1.78169,1.67557,0.976412,0.798541,0.176077,5.4963,20064,19968,13113,11032,4272,103,104
1789636608147000281,merge,1.69963,1.66961,0.927153,0.800173,0.234567,5.42064,19872,20064,12696,11054,4273,103,104
1789636608246713645,merge,1.77221,1.67594,0.971279,0.799772,0.173823,5.48145,20064,19968,13134,11031,4274,103,104
1789636608346844271,merge,1.77282,1.58736,0.97883,0.800545,0.176327,5.40431,19968,20064,13136,10929,4275,103,104
1789636608446967993,merge,1.79845,1.67877,0.979144,0.793214,0.186002,5.52332,20064,19968,12891,10975,4276,103,104
1789636608546922474,merge,1.7592,1.68211,0.968185,0.801201,0.183418,5.48544,19968,19968,13109,10982,4277,103,104
1789636608646881520,merge,1.76455,1.60041,0.955452,0.788781,0.173099,5.37055,19968,20064,13181,10961,4278,103,104
1789636608746965207,merge,1.79766,1.66881,0.930744,0.796042,0.170343,5.45068,20064,19968,12767,10901,4279,103,104
1789636608846888953,merge,1.80079,1.68018,0.980012,0.814531,0.176724,5.53723,20064,19968,13256,11043,4280,103,104
1789636608947944433,merge,1.68159,1.67022,0.958245,0.792278,0.24366,5.43307,19872,20064,12926,11029,4281,103,104
1789636609046981028,merge,1.78253,1.58215,0.950298,0.79284,0.236149,5.43039,20160,19872,12988,10810,4282,103,104
1789636609147948464,merge,1.75625,1.59184,0.984746,0.775702,0.17637,5.37347,19968,20064,13002,10871,4283,103,104
1789636609247958570,merge,1.79109,1.68404,0.974567,0.78262,0.172717,5.4936,19968,19968,13133,11001,4284,103,104
1789636609346905671,merge,1.75987,1.67082,0.921571,0.785766,0.172166,5.39998,19968,19968,12651,10899,4285,103,104
1789636609446878484,merge,1.80006,1.65929,0.955052,0.787319,0.177612,5.46587,20064,19968,13264,10878,4286,103,104
1789636609547929019,merge,1.7586,1.60236,0.950774,0.80105,0.176227,5.37817,19968,20064,12879,11026,4287,103,104
1789636609646830869,merge,1.78918,1.676,0.938809,0.801885,0.171192,5.46632,19968,19968,12836,10948,4288,103,104
1789636609746775007,merge,1.78769,1.65861,0.956591,0.799529,0.180024,5.47254,20064,19968,13100,10872,4289,103,104
1789636609847959179,merge,1.76356,1.59567,0.949574,0.797846,0.178464,5.37503,19968,20064,13037,11041,4290,103,104
1789636609947800559,merge,1.7931,1.67902,0.935535,0.782554,0.169823,5.44703,20064,19968,12920,10908,4291,103,104
1789636610047920025,merge,1.77471,1.65729,0.957866,0.791865,0.177342,5.44529,19968,19968,13167,10738,4292,103,104
1789636610147886374,merge,1.76947,1.59269,0.96023,0.793558,0.178438,5.38535,19968,20064,13022,10917,4293,103,104
1789636610246903119,merge,1.8113,1.6808,0.951277,0.791814,0.172838,5.50001,20064,19968,12924,10993,4294,103,104
1789636610347898839,merge,1.79383,1.67453,0.970053,0.778274,0.1751,5.48118,19968,19968,13282,10863,4295,103,104
1789636610446940198,merge,1.78097,1.58269,0.943443,0.786641,0.170973,5.35277,19968,20064,12888,10871,4296,103,104
1789636610546929522,merge,1.79333,1.67351,1.11126,0.785119,0.177487,5.62669,20064,19968,13025,10956,4297,103,104
1789636610647883162,merge,1.82129,1.60619,0.981018,0.817261,0.187783,5.50448,19968,20064,13364,11068,4298,103,104
1789636610747017246,merge,1.78361,1.66407,0.936037,0.781194,0.17281,5.42329,20064,19968,12847,10850,4299,103,104
1789636610847901619,merge,1.83186,1.66349,0.988921,0.794727,0.179407,5.54554,19968,19968,13409,10878,4300,103,104
1789636610947839929,merge,1.76259,1.6777,0.935947,1.05287,0.175822,5.69063,19968,19968,12913,10857,4301,103,104
1789636611046923495,merge,1.78964,1.67228,0.947946,0.774673,0.172218,5.44082,20064,20064,13198,10803,4302,103,104
1789636611147875391,merge,1.77709,1.66167,0.958819,0.784121,0.193856,5.46312,19968,19968,13044,10862,4303,103,104
1789636611246963692,merge,1.73172,1.65753,0.968009,0.799361,0.239596,5.48525,19872,20064,13167,11060,4304,103,104
1789636611346936904,merge,1.70753,1.6423,0.948304,0.803643,0.239116,5.43197,19872,19968,12932,10847,4305,103,104
1789636611446722564,merge,1.78761,1.66074,0.948025,0.784502,0.173685,5.44735,20160,20064,13053,10942,4306,103,104
1789636611547770953,merge,1.70969,1.62913,0.942576,0.792002,0.277158,5.43434,19872,19872,12957,10806,4307,103,104
1789636611646882240,merge,1.80937,1.69463,0.946667,0.80754,0.175729,5.52557,20064,20064,13170,11088,4308,103,104
1789636611746793732,merge,1.75956,1.65634,0.912291,0.775208,0.169807,5.36013,19968,19968,12663,10767,4309,103,104
1789636611846698290,merge,1.78544,1.58967,0.958449,0.775736,0.17541,5.37902,19968,20064,13247,10768,4310,103,104
1789636611946883873,merge,1.79634,1.67288,0.920312,0.791805,0.17051,5.44013,19968,19968,12942,10911,4311,103,104
1789636612046783795,merge,1.78847,1.66562,0.948903,0.783086,0.172337,5.44954,20064,19968,12969,10893,4312,103,104
1789636612147887113,merge,1.71992,1.64076,0.95997,0.797562,0.241526,5.45318,19872,20064,13082,10928,4313,103,104
1789636612246756830,merge,1.77817,1.66278,0.947649,0.797542,0.171622,5.44343,20064,19968,13135,10911,4314,103,104
1789636612347783945,merge,1.75421,1.60215,0.94211,0.796908,0.166114,5.35186,19968,20064,12890,11025,4315,103,104
1789636612447752845,merge,1.7835,1.65952,0.955806,0.796311,0.18087,5.46739,19968,20064,13118,10909,4316,103,104
1789636612547848250,merge,1.82604,1.57596,0.975785,0.791587,0.254016,5.50941,20064,19872,13245,10755,4317,103,104
1789636612647793426,merge,1.7753,1.61564,0.933166,0.805198,0.178921,5.40056,19968,20064,12774,10925,4318,103,104
1789636612747775097,merge,1.81523,1.66769,0.978536,0.788563,0.172278,5.50913,20064,19968,13218,10732,4319,103,104
1789636612847771445,merge,1.69719,1.64118,0.961029,0.79337,0.243115,5.42501,19872,20064,12969,10922,4320,103,104
1789636612947680436,merge,1.76548,1.67166,0.934384,0.794475,0.175176,5.42457,20064,19968,12912,10976,4321,103,104
1789636613047667439,merge,1.75334,1.60826,0.951247,0.813545,0.179203,5.4013,19968,20064,12957,11006,4322,103,104
1789636613147743626,merge,1.79811,1.56838,0.955686,0.777081,0.280251,5.47337,20064,19872,13218,10725,4323,103,104
1789636613247752241,merge,1.74409,1.59352,0.923431,0.784385,0.160945,5.29361,19968,20064,12601,10988,4324,103,104
1789636613346823455,merge,1.80154,1.73017,1.17383,0.807599,0.17708,5.7838,20064,19968,13221,10957,4325,103,104
1789636613447770082,merge,1.76013,1.66231,0.948377,0.789723,0.175675,5.42706,19968,19968,12988,10813,4326,103,104
1789636613547745119,merge,1.77461,1.66859,0.931482,0.783209,0.178667,5.42972,20064,20064,12863,10791,4327,103,104
1789636613647790222,merge,1.76303,1.67773,0.950636,0.786999,0.194841,5.46553,19968,19968,12996,10903,4328,103,104
1789636613747741956,merge,1.77639,1.68034,0.948978,0.795677,0.177758,5.47725,19968,19968,13106,10956,4329,103,104
1789636613846783392,merge,1.7451,1.58704,0.920528,0.806124,0.164802,5.31267,19968,20064,12696,10948,4330,103,104
1789636613946818542,merge,1.79463,1.59314,0.951445,0.788214,0.178791,5.39581,19968,20064,13121,10924,4331,103,104
1789636614047686243,merge,1.80938,1.6836,0.963903,0.807523,0.175509,5.5247,20160,19968,13272,10978,4332,103,104
1789636614147817240,merge,1.70483,1.64291,0.923946,0.789397,0.242556,5.39946,19872,19968,12718,10856,4333,103,104
1789636614246767690,merge,1.77322,1.65395,0.982716,0.957798,0.226521,5.67988,20064,19968,13266,10839,4334,103,104
1789636614346736679,merge,1.76454,1.61356,0.961598,0.805429,0.179452,5.41671,19968,20160,13094,10959,4335,103,104
1789636614447824498,merge,1.79819,1.58368,0.923967,0.779118,0.243384,5.41548,20064,19872,12884,10790,4336,103,104
1789636614547725223,merge,1.75736,1.65493,0.942282,0.776793,0.177743,5.40118,19968,19968,13046,10822,4337,103,104
1789636614647686863,merge,1.77337,1.66918,0.955439,0.807573,0.177771,5.47734,20064,19968,13138,10946,4338,103,104
1789636614747694365,merge,1.86743,1.66379,0.941456,0.800509,0.24345,5.61934,19872,20064,12650,11055,4339,103,104
1789636614846780724,merge,1.77504,1.68951,0.96999,0.771074,0.160425,5.45947,20160,20064,13383,10871,4340,103,104
1789636614947785976,merge,2.97653,2.07775,0.951006,0.77745,0.179697,7.12093,19968,19968,12851,10896,4341,103,104
1789636615047720456,merge,1.7976,1.6452,0.952551,0.777036,0.179781,5.44846,19968,20064,12941,11112,4342,103,104
1789636615147639235,merge,2.77896,2.52312,1.35665,1.11695,0.276299,8.22006,19968,19968,12965,10888,4343,103,104
1789636615247594440,merge,2.62673,1.66329,0.94842,0.795571,0.182707,6.32726,19968,19968,13024,10792,4344,103,104
1789636615346717682,merge,2.18278,1.66577,0.936928,0.782747,0.172913,5.84438,20064,19968,12770,10852,4345,103,104
1789636615446684969,merge,1.76947,1.68276,0.972187,0.781709,0.174094,5.46782,20064,19968,13258,10924,4346,103,104
1789636615547713022,merge,1.75913,1.59306,0.937938,0.794924,0.181895,5.36282,19968,20064,12791,10917,4347,103,104
1789636615647622132,merge,1.78147,1.59635,0.944977,0.791352,0.180745,5.38496,19968,20064,13003,10967,4348,103,104
1789636615747610968,merge,1.79459,1.67014,0.948547,0.88595,0.18345,5.57382,20064,19968,13212,10930,4349,103,104
1789636615847637844,merge,1.765,1.66482,0.929359,0.803495,0.166266,5.41478,19968,19968,12784,10892,4350,103,104
1789636615947599203,merge,1.78195,1.6228,0.948064,0.786205,0.180366,5.40858,19968,20064,13124,11007,4351,103,104
1789636616047540172,merge,1.80445,1.67693,0.960149,0.7857,0.173591,5.48756,20064,19968,13202,10998,4352,103,104
1789636616147647305,merge,1.76259,1.66495,0.940067,0.790643,0.166613,5.40918,19968,19968,12799,10935,4353,103,104
1789636616246653931,merge,1.91979,1.66182,0.981583,0.775479,0.179515,5.60247,20064,19968,13164,10854,4354,103,104
1789636616347707871,merge,1.76689,1.58951,0.970363,0.793637,0.177926,5.38741,19968,20064,13127,10845,4355,103,104
1789636616447475538,merge,1.79415,1.60927,0.912392,0.784896,0.175196,5.36144,19968,20064,12664,11037,4356,103,104
1789636616547572658,merge,1.82339,1.58045,0.979309,0.792897,0.249485,5.51856,20064,19872,13278,10836,4357,103,104
1789636616647608575,merge,1.74833,1.65686,0.950182,0.797384,0.178466,5.41613,19968,19968,13001,10878,4358,103,104
1789636616747570189,merge,1.75834,1.61628,0.937699,0.793565,0.176531,5.37438,19968,20160,12754,11108,4359,103,104
1789636616847601445,merge,1.78363,1.67985,0.94886,0.810166,0.176831,5.48297,19968,19968,12977,10985,4360,103,104
1789636617047728908,merge,1.68194,1.59266,0.909544,0.794344,0.074285,5.13522,19872,19968,12591,11026,4361,106,107
1789636617146605995,merge,1.72388,1.61943,0.969076,0.80685,0.079655,5.28909,20064,20064,13219,11044,4362,106,107
1789636617247554679,merge,1.6902,1.59564,0.93799,0.803359,0.052831,5.16341,19968,19968,12916,10971,4363,106,107
1789636617346630796,merge,1.71615,1.58523,1.21964,0.781556,0.055019,5.44231,20064,19968,12891,10914,4364,106,107
1789636617447564064,merge,1.69864,1.60712,0.960727,0.807878,0.08618,5.24509,19968,20064,13070,11065,4365,106,107
1789636617547438281,merge,1.71151,1.65135,0.95954,0.805789,0.177211,5.38708,19968,19968,13007,11063,4366,106,107
1789636617646619042,merge,1.72763,1.60248,0.942801,0.7798,0.050755,5.19517,20064,20064,12931,10952,4367,106,107
1789636617747543993,merge,1.71553,1.59267,0.952207,0.797248,0.052816,5.19862,19968,19968,13061,11025,4368,106,107
1789636617847413907,merge,1.7671,1.62112,0.940515,0.79736,0.055025,5.27522,20064,20064,13059,11113,4369,106,107
1789636617947633031,merge,1.70865,1.60694,0.954222,0.802529,0.078098,5.24005,19968,20064,12952,11048,4370,106,107
1789636618047769518,merge,1.7207,1.58513,0.971189,0.793428,0.050545,5.20841,19968,19872,13190,10937,4371,106,107
1789636618147402693,merge,1.71418,1.6158,0.938594,0.794369,0.051282,5.20544,20064,20064,12927,11077,4372,106,107
1789636618247529886,merge,1.71648,1.614,0.934826,0.800926,0.0503,5.20196,20064,19968,13117,11079,4373,106,107
1789636618347577566,merge,1.70059,1.60607,0.958539,0.793076,0.048928,5.1896,19968,19968,13024,10913,4374,106,107
1789636618447572168,merge,1.7137,1.59644,0.9456,0.788545,0.049561,5.18288,19968,20064,12907,10938,4375,106,107
1789636618547589918,merge,1.70444,1.5903,0.930687,0.796754,0.050018,5.15457,19968,19968,12871,10982,4376,106,107
1789636618647370183,merge,1.73162,1.61133,0.965231,0.813005,0.053742,5.2626,20064,20064,13243,11048,4377,106,107
1789636618747659391,merge,1.68026,1.58405,0.9217,0.797854,0.049335,5.11376,19968,19968,12671,10902,4378,106,107
1789636618847593692,merge,1.72329,1.57787,0.967436,0.786317,0.052748,5.18928,20064,19872,13159,10845,4379,106,107
1789636618947537285,merge,1.67546,1.61406,0.936043,0.828453,0.062051,5.20535,19872,20064,12865,11084,4380,106,107
1789636619047382378,merge,1.72482,1.58776,0.951278,0.787668,0.050903,5.18984,20160,19968,12904,10853,4381,106,107
1789636619147513890,merge,1.72992,1.58868,0.945971,0.791854,0.049195,5.18988,19968,20064,12990,10829,4382,106,107
1789636619247544659,merge,1.69973,1.5904,0.964399,0.803869,0.050712,5.19652,19968,19968,13108,10954,4383,106,107
1789636619347463810,merge,1.70422,1.59871,0.950518,0.807788,0.052141,5.19892,20064,19968,12804,10964,4384,106,107
1789636619447558844,merge,1.71535,1.5784,0.960622,0.802284,0.050615,5.19388,19968,20064,13148,10904,4385,106,107
1789636619547609824,merge,1.7074,1.58924,0.966165,0.785184,0.049806,5.18559,19968,19968,13125,10898,4386,106,107
1789636619647416162,merge,1.70732,1.65002,0.930471,0.797564,0.050104,5.22401,20064,20064,12822,11112,4387,106,107
1789636619747627565,merge,1.70434,1.58647,0.948855,0.824157,0.052096,5.20503,19968,19968,13200,10914,4388,106,107
1789636619847677453,merge,1.70014,1.58119,0.953883,0.782829,0.05139,5.158,19968,19968,13047,10867,4389,106,107
1789636619947435557,merge,1.71303,1.60162,0.937491,0.784295,0.052635,5.17408,20064,19968,12889,10939,4390,106,107
1789636620047564942,merge,1.75329,1.6406,0.982069,0.794781,0.049375,5.31621,19968,19968,13166,10838,4391,106,107
1789636620147483901,merge,1.72001,1.58267,0.943962,0.78323,0.050732,5.16384,19968,20064,13132,10822,4392,106,107
1789636620247546395,merge,1.70662,1.59468,0.927191,0.793603,0.049784,5.15751,20064,19968,12801,11012,4393,106,107
1789636620347528943,merge,1.71384,1.60114,0.971137,0.800513,0.05058,5.2205,19968,19968,13266,10983,4394,106,107
1789636620447477326,merge,1.72774,1.57875,0.943389,0.790645,0.049235,5.1878,19968,20064,12990,10862,4395,106,107
1789636620547386537,merge,1.70112,1.58223,0.939836,0.78962,0.050214,5.14562,20064,19968,12875,10891,4396,106,107
1789636620647529193,merge,1.72545,1.61022,0.978389,0.804116,0.058279,5.2622,19968,20064,13253,11088,4397,106,107
1789636620747555271,merge,1.71002,1.57545,0.941513,0.770353,0.205193,5.28829,20064,19872,12953,10744,4398,106,107
1789636620847394528,merge,1.70412,1.58956,0.96771,0.79243,0.094111,5.23607,19968,20064,13031,10909,4399,106,107
1789636620947449820,merge,1.71866,1.5943,0.962051,0.791279,0.049851,5.20234,19968,19968,13170,10896,4400,106,107
1789636621047336943,merge,1.70998,1.61074,0.964919,0.789349,0.049963,5.22475,20064,19968,13009,10841,4401,106,107
1789636621247562186,merge,1.71149,1.57263,0.977637,0.771605,0.134878,5.25198,20064,19872,13144,10759,4402,106,107
1789636621347438557,merge,1.78927,1.6736,0.957588,0.786945,0.175343,5.47408,19968,19968,13162,10956,4403,106,107
1789636621447440513,merge,1.76195,1.57987,0.943688,0.783156,0.173411,5.33219,19968,20064,12984,10819,4404,106,107
1789636621547390490,merge,1.72868,1.58755,0.957741,0.801283,0.245186,5.4069,19872,20064,13216,10983,4405,106,107
1789636621647484903,merge,1.70548,1.58822,0.9575,0.784409,0.246147,5.37232,20064,19872,13109,10877,4406,106,107
1789636621747309140,merge,1.75884,1.60092,0.951339,0.781682,0.175188,5.35769,19968,20064,12948,10932,4407,106,107
1789636621847451558,merge,1.69787,1.57833,0.948223,0.764602,0.244249,5.3159,19872,20064,13075,10729,4408,106,107
1789636621947462176,merge,1.72946,1.58618,0.95482,0.775721,0.250685,5.38564,20064,19872,13217,10841,4409,106,107
1789636622047298150,merge,1.77723,1.60796,0.933827,0.802352,0.174181,5.386,19968,20064,12852,10986,4410,106,107
1789636622147499754,merge,1.77537,1.58764,0.937386,0.791559,0.176313,5.35499,19968,20064,13072,10932,4411,106,107
1789636622247515774,merge,1.77752,1.65375,0.962399,0.78122,0.17562,5.43501,19968,19968,13058,10834,4412,106,107
1789636622347333067,merge,1.72148,1.69475,0.936763,0.793159,0.159157,5.39732,20064,20064,12943,11049,4413,106,107
1789636622447527678,merge,1.69207,1.63808,0.921994,0.789723,0.238201,5.365,19872,19968,12843,10855,4414,106,107
1789636622547424955,merge,1.74408,1.65373,0.961358,0.782013,0.176535,5.40268,20064,19968,13270,10879,4415,106,107
1789636622647374065,merge,1.74263,1.62263,0.918329,0.790505,0.176734,5.33733,19968,20064,12759,10942,4416,106,107
1789636622747497840,merge,1.71133,1.67655,0.957908,0.785718,0.178395,5.39769,20064,19968,13078,10850,4417,106,107
1789636622847417014,merge,1.75166,1.65272,0.947239,0.785291,0.187545,5.41044,19968,19968,12917,10781,4418,106,107
1789636622947482457,merge,1.71696,1.67055,0.945395,0.788606,0.174174,5.38863,20064,20064,12971,10972,4419,106,107
1789636623047439275,merge,1.69722,1.64707,0.956918,0.794711,0.235901,5.42352,19872,19968,12836,10970,4420,106,107
1789636623147356608,merge,1.72221,1.67395,0.971149,0.789525,0.174674,5.42076,20064,20064,13252,10904,4421,106,107
1789636623247522966,merge,1.76111,1.65167,0.931432,0.787943,0.19663,5.41454,19968,19968,12862,10846,4422,106,107
1789636623347411541,merge,1.77139,1.6684,0.943754,0.805548,0.174371,5.45939,19968,19968,12919,10970,4423,106,107
1789636623447374122,merge,1.72348,1.68332,0.966307,0.804852,0.17746,5.43918,20064,20064,13273,10937,4424,106,107
1789636623547405628,merge,1.77224,1.65085,0.938642,0.788441,0.170162,5.41041,19968,19968,12871,10749,4425,106,107
1789636623647387901,merge,1.77177,1.65637,0.947685,0.771301,0.172695,5.40941,19968,19968,13065,10784,4426,106,107
1789636623747308175,merge,1.73137,1.69296,0.97171,0.803613,0.147387,5.44546,20064,20064,13190,11039,4427,106,107
1789636623847416098,merge,1.93514,1.6559,0.936453,0.785548,0.173841,5.582,19968,19968,12891,10824,4428,106,107
1789636623947377291,merge,1.72271,1.66467,0.935632,0.80654,0.172362,5.40011,20064,20064,12992,10913,4429,106,107
1789636624047378794,merge,1.84427,1.59133,0.989105,0.796776,0.244194,5.56332,20064,19872,13252,10876,4430,106,107
1789636624147439289,merge,2.49577,2.2405,0.940937,0.806038,0.17917,6.80409,19872,20064,12648,10952,4431,106,107
1789636624247407821,merge,1.71378,1.65782,0.962709,0.784794,0.175249,5.3808,20064,19968,13160,10813,4432,106,107
1789636624347307444,merge,1.69598,1.66516,0.955136,0.800087,0.181648,5.38451,20064,19968,13072,10893,4433,106,107
1789636624447420416,merge,2.39831,2.27362,1.46902,0.913311,0.252501,7.43324,19872,20064,12726,10858,4434,106,107
1789636624547341389,merge,1.68857,1.67386,0.946349,0.791274,0.177248,5.37876,20064,19968,12940,10733,4435,106,107
1789636624647287106,merge,1.71914,1.65578,0.973194,0.779502,0.175991,5.38779,20064,19968,13244,10893,4436,106,107
1789636624747360844,merge,1.74553,1.60404,1.04427,0.80388,0.172676,5.45749,19968,20064,12588,11048,4437,106,107
1789636624847323365,merge,2.31303,2.33028,0.959295,0.80132,0.186317,6.72213,19968,19968,13131,10887,4438,106,107
1789636624947266881,merge,1.7387,1.71619,0.931466,0.779395,0.177812,5.43125,20064,20064,13168,10910,4439,106,107
1789636625047350119,merge,1.83508,1.67914,0.912017,0.788227,0.176115,5.4814,19968,19968,12699,10989,4440,106,107
1789636625147324729,merge,1.71772,1.67979,0.988559,0.799058,0.179176,5.44918,20064,19968,13236,10979,4441,106,107
1789636625247319129,merge,1.68867,1.5943,0.930087,0.782002,0.221237,5.30193,19872,20064,13015,10887,4442,106,107
1789636625347317959,merge,1.72463,1.66661,0.911862,0.798836,0.170311,5.36111,20064,20064,12898,10792,4443,106,107
1789636625447413123,merge,1.79309,1.68353,0.957358,0.804409,0.17672,5.50474,19968,19968,13120,10995,4444,106,107
1789636625547345387,merge,1.70906,1.66976,0.976875,0.792826,0.172565,5.40709,20064,19968,13189,10864,4445,106,107
1789636625647237252,merge,1.74859,1.66048,0.94539,0.778562,0.174015,5.39358,19968,19968,12764,10857,4446,106,107
1789636625747214737,merge,1.72612,1.67518,1.3497,1.14001,0.284707,6.26412,20064,20064,13259,11024,4447,106,107
1789636625847261686,merge,2.20045,1.62277,0.944398,0.80627,0.170406,5.8512,19968,20064,12888,11060,4448,106,107
1789636625947380219,merge,1.71254,1.57726,0.959434,0.781211,0.247523,5.36026,20064,19872,12995,10814,4449,106,107
1789636626047260075,merge,1.73476,1.59665,0.942099,0.799876,0.155788,5.3158,19968,20064,12968,11012,4450,106,107
1789636626147283707,merge,1.76417,1.68115,0.938529,0.858844,0.174057,5.50436,19968,19968,12938,10972,4451,106,107
1789636626247242149,merge,1.69464,1.66213,0.926222,0.787236,0.175317,5.33241,20064,19968,12818,10829,4452,106,107
1789636626347305897,merge,1.76252,1.60492,0.982071,0.788901,0.181929,5.41375,19968,20064,13161,10856,4453,106,107
1789636626447253609,merge,1.76107,1.67603,0.910379,0.789727,0.176237,5.407,19968,19968,12752,10972,4454,106,107
1789636626547186148,merge,1.70249,1.67557,0.959117,0.80226,0.175004,5.39719,20064,19968,13091,10942,4455,106,107
1789636626647230510,merge,1.75735,1.59095,0.957948,0.792399,0.178451,5.3624,19968,20064,13009,10974,4456,106,107
1789636626747230601,merge,1.75744,1.58904,0.929923,0.769297,0.177311,5.30986,19968,20064,12835,10933,4457,106,107
1789636626847311620,merge,1.71426,1.70833,0.954686,0.792635,0.177617,5.43557,20064,19968,13111,11037,4458,106,107
1789636626947334874,merge,1.76287,1.67406,0.95684,0.786024,0.176663,5.43916,19968,19968,13139,10896,4459,106,107
1789636627047245235,merge,1.7215,1.65186,0.935104,0.787265,0.171924,5.35158,20064,19968,12862,10872,4460,106,107
1789636627147184941,merge,1.77143,1.77763,0.944754,0.800985,0.177696,5.56372,19968,19968,13126,11046,4461,106,107
1789636627247196613,merge,1.76767,1.60976,0.951074,0.797646,0.175358,5.39052,19968,20064,13168,10985,4462,106,107
1789636627347183052,merge,1.75255,1.66311,0.929054,0.801736,0.173631,5.40439,19968,19968,12717,10984,4463,106,107
1789636627447116460,merge,1.84845,1.67341,0.968074,0.798592,0.175444,5.55649,20064,20064,13234,10975,4464,106,107
1789636627547238531,merge,1.7543,1.68397,0.919068,0.779147,0.175442,5.39612,19968,19968,13048,11061,4465,106,107
1789636627647272934,merge,1.72352,1.68349,0.944229,0.786361,0.174016,5.4,20064,19968,12895,11060,4466,106,107
1789636627747120876,merge,1.74948,1.67138,0.954515,0.787958,0.173916,5.42352,19968,19968,12976,10951,4467,106,107
1789636627847097295,merge,1.77333,1.61332,0.944315,0.810406,0.177596,5.41074,19968,20064,13169,11062,4468,106,107
1789636627947226408,merge,1.69396,1.686,0.909489,0.798459,0.171796,5.34819,20064,19968,12692,11094,4469,106,107
1789636628047146698,merge,1.71176,1.68602,0.954768,0.788083,0.175552,5.40517,20064,19968,13238,10993,4470,106,107
1789636628147213531,merge,1.74712,1.5989,0.965206,0.786292,0.182292,5.37779,19968,20064,12887,10986,4471,106,107
1789636628247145291,merge,1.76922,1.62055,0.953345,0.807277,0.179935,5.42548,19968,20064,12835,11047,4472,106,107
1789636628347219555,merge,1.75374,1.60952,0.953374,0.799469,0.244938,5.44878,19968,19872,12962,11011,4473,106,107
1789636628447081547,merge,1.71383,1.67117,0.973857,0.785812,0.173658,5.40503,20064,20064,13140,10887,4474,106,107
1789636628547180696,merge,1.74884,1.66673,0.937356,0.802307,0.170625,5.41602,19968,19968,12700,10976,4475,106,107
1789636628647076229,merge,1.72914,1.68233,0.967074,0.80474,0.175917,5.44627,20064,20064,13198,11027,4476,106,107
1789636628747143552,merge,1.79705,1.60894,0.961395,0.80969,0.177703,5.44572,19968,20064,12984,11060,4477,106,107
1789636628847781109,merge,1.77008,1.5738,1.05766,0.77869,0.239423,5.50891,19968,19872,12839,10812,4478,106,107
1789636628947104881,merge,1.72302,1.69127,0.964313,0.808617,0.1753,5.45367,20064,20064,13271,11072,4479,106,107
1789636629047187368,merge,2.37009,1.69446,0.929482,0.795481,0.173811,6.07411,19968,19968,12966,10991,4480,106,107
1789636629147186813,merge,1.77091,1.65664,0.950778,0.781279,0.175107,5.42129,19968,19968,12931,10807,4481,106,107
1789636629247044238,merge,1.76002,1.59049,0.955512,0.777632,0.177238,5.35071,19968,20064,13124,10900,4482,106,107
1789636629347119979,merge,1.7262,1.59885,0.971248,0.78933,0.241606,5.41793,20160,19872,13106,10945,4483,106,107
1789636629447160346,merge,1.68622,1.5952,0.948153,0.800819,0.24005,5.35727,19872,20064,12842,10943,4484,106,107
1789636629547095883,merge,1.72159,1.65909,0.976868,0.805073,0.178936,5.42697,20064,19968,13279,10891,4485,106,107
1789636629647140866,merge,1.69297,1.67867,0.935805,0.80776,0.172083,5.37662,20064,20064,12833,11011,4486,106,107
1789636629747039517,merge,1.77716,1.59976,1.0971,0.791056,0.246665,5.59889,19968,19872,13106,10962,4487,106,107
1789636629847109856,merge,1.75667,1.65141,0.95143,0.788275,0.174441,5.40966,19968,19968,13012,10896,4488,106,107
1789636629947046767,merge,1.70723,1.67261,0.9464,0.804121,0.178491,5.39553,20064,20064,12937,11012,4489,106,107
1789636630047102845,merge,1.68796,1.65423,0.95177,0.795725,0.235617,5.40949,19872,19968,12811,10955,4490,106,107
1789636630146976035,merge,1.71451,1.6802,0.961362,0.787093,0.170177,5.40874,20064,19968,13278,10816,4491,106,107
1789636630247026692,merge,1.74462,1.58618,0.9132,0.795538,0.175799,5.30363,19968,20064,12734,10808,4492,106,107
1789636630347074006,merge,1.7659,1.67761,0.95591,0.791029,0.174348,5.45064,19968,19968,12995,10977,4493,106,107
1789636630547103772,merge,1.70613,1.5885,0.943602,0.783302,0.19063,5.30713,19968,20064,12750,10895,4494,108,109
1789636630647101527,merge,1.71141,1.59222,0.952498,0.802719,0.058212,5.20379,19968,20064,13193,10989,4495,108,109
1789636630747039529,merge,1.72054,1.60624,0.959561,0.794962,0.053045,5.22106,19968,19968,13162,10968,4496,108,109
1789636630847073936,merge,1.68489,1.57627,0.942919,0.776218,0.051035,5.11883,20064,19968,12908,10838,4497,108,109
1789636630947022405,merge,1.74976,1.58767,0.976491,0.795031,0.05848,5.25587,19968,20064,13450,10872,4498,108,109
1789636631047059038,merge,1.69032,1.5891,0.93947,0.792835,0.050429,5.14976,20064,19872,12907,10906,4499,108,109
1789636631147083457,merge,1.72562,1.59827,0.976447,0.78337,0.051866,5.22657,19968,20064,13280,10765,4500,108,109
1789636631247023649,merge,1.69612,1.57563,0.947541,0.79997,0.051375,5.16274,19872,19968,13024,10857,4501,108,109
1789636631346936504,merge,1.73549,1.59646,0.951683,0.786909,0.050944,5.21041,20064,20064,13257,11068,4502,108,109
1789636631447031539,merge,1.7338,1.64502,0.957431,0.789583,0.050036,5.26662,19968,19968,12848,10948,4503,108,109
1789636631547031596,merge,1.77902,1.62832,0.96025,0.786696,0.052582,5.29772,20064,19968,13249,10788,4504,108,109
1789636631647035529,merge,1.72004,1.62596,0.929214,0.789684,0.051369,5.20903,19776,20064,12930,11020,4505,108,109
1789636631846958222,merge,1.70571,1.59029,0.929699,0.791941,0.052043,5.1609,19776,19968,12772,10837,4506,109,110
1789636631946925924,merge,1.72015,1.58213,0.96826,0.799166,0.05258,5.21373,19968,20064,13209,10770,4507,109,110
1789636632047039688,merge,1.68446,1.59314,0.94408,0.804341,0.051797,5.16595,19968,19968,12850,10874,4508,109,110
1789636632146939208,merge,1.70603,1.59915,0.949802,0.802248,0.050441,5.19613,20064,19968,12999,10955,4509,109,110
1789636632246943827,merge,1.70158,1.61116,0.966019,0.800627,0.052119,5.23243,19872,20064,12901,10935,4510,109,110
1789636632346979983,merge,1.76154,1.58265,0.961746,0.785952,0.051316,5.257,20064,19968,13169,10875,4511,109,110
1789636632446893074,merge,1.71924,1.60277,0.965766,0.798679,0.049738,5.23414,19968,19968,12735,10978,4512,109,110
1789636632546856943,merge,1.71444,1.58761,0.961704,0.796726,0.050468,5.19871,19968,20064,13188,10928,4513,109,110
1789636632646926037,merge,1.71342,1.58173,0.969582,0.799609,0.050517,5.20761,20064,19968,13167,10873,4514,109,110
1789636632746888388,merge,1.70908,1.59495,0.930133,0.794412,0.053437,5.16885,19968,19968,12786,10918,4515,109,110
1789636632846865437,merge,1.70917,1.60024,0.956854,0.783142,0.053105,5.18912,19968,20064,13159,10819,4516,109,110
1789636632946941966,merge,1.7171,1.57395,0.962884,0.797706,0.050903,5.18893,19968,19968,13068,10817,4517,109,110
1789636633046898660,merge,1.70794,1.59048,0.941845,0.801607,0.051625,5.18179,20064,19968,12885,10951,4518,109,110
1789636633146831730,merge,1.71012,1.60957,0.96011,0.778729,0.050446,5.19874,19968,20064,13097,11021,4519,109,110
1789636633246875994,merge,1.71664,1.58588,0.945721,0.789965,0.05241,5.18145,20064,20064,13188,10905,4520,109,110
1789636633346931763,merge,1.71055,1.5835,0.946508,0.773652,0.049619,5.1537,19968,19872,12695,10780,4521,109,110
1789636633446853392,merge,1.71299,1.61143,0.97861,0.807917,0.050481,5.24776,19968,20064,13152,11094,4522,109,110
1789636633546867489,merge,1.71561,1.60832,0.980944,0.991698,0.055708,5.4435,20064,20064,13042,10892,4523,109,110
1789636633646947577,merge,1.70964,1.5736,0.942161,0.779158,0.049668,5.14106,19968,19968,12807,10733,4524,109,110
1789636633746963520,merge,1.70588,1.59199,0.960148,0.781928,0.053463,5.18493,19968,19968,12942,10869,4525,109,110
1789636633946946088,merge,1.69214,1.57984,0.923364,0.777975,0.050778,5.11061,19968,19968,12773,10871,4526,110,111
1789636634046937481,merge,1.70053,1.58758,0.961017,0.797232,0.050658,5.1823,19872,20064,13058,10955,4527,110,111
1789636634146817152,merge,1.74095,1.63182,0.922107,0.805602,0.058169,5.25928,20064,20064,12933,11001,4528,110,111
1789636634246875154,merge,1.74456,1.61525,0.919574,0.790078,0.051163,5.21911,19968,19968,12863,10796,4529,110,111
1789636634346931251,merge,1.74092,1.618,0.948266,0.791359,0.051349,5.24847,20064,19968,13213,10894,4530,110,111
1789636634446861005,merge,1.71737,1.60369,0.922537,0.805873,0.048882,5.19234,19968,20064,12961,10987,4531,110,111
1789636634546884836,merge,1.71844,1.60032,0.936678,0.778064,0.049918,5.1713,20064,19968,13012,10869,4532,110,111
1789636634646904168,merge,1.70229,1.57689,0.95474,0.786561,0.048847,5.15524,19968,19968,13108,10773,4533,110,111
1789636634746816326,merge,1.70883,1.58743,0.956616,0.783715,0.050012,5.17301,19968,19968,13022,10892,4534,110,111
1789636634846802824,merge,1.7082,1.60066,0.944678,0.776821,0.050331,5.16496,20064,19968,12964,11009,4535,110,111
1789636634946860097,merge,1.71056,1.59286,0.948418,0.791088,0.051472,5.18356,19968,20064,13167,10964,4536,110,111
1789636635046785042,merge,1.70507,1.58271,0.955128,0.791172,0.049558,5.17774,19968,20064,12837,10832,4537,110,111
1789636635146808970,merge,1.72686,1.60466,0.964688,0.804015,0.050238,5.24143,20064,19968,13083,11008,4538,110,111
1789636635246841282,merge,1.70774,1.597,0.965493,0.793716,0.050048,5.20244,19968,19968,13004,10916,4539,110,111
1789636635346783973,merge,1.71514,1.58352,0.960094,0.783889,0.049963,5.18003,20064,20064,12906,10878,4540,110,111
1789636635446830632,merge,1.70679,1.58334,0.943822,0.795256,0.051144,5.17033,19968,19968,12967,10828,4541,110,111
1789636635546785719,merge,1.7036,1.6108,0.962147,0.788712,0.05147,5.20508,19968,20064,13167,10981,4542,110,111
1789636635646865854,merge,1.70842,1.59011,0.92178,0.790636,0.049191,5.14966,20064,19968,12711,10863,4543,110,111
1789636635746793562,merge,1.70794,1.58111,0.959906,0.784226,0.051102,5.17028,19968,19968,13176,10911,4544,110,111
1789636635846767972,merge,1.70832,1.5991,0.952137,0.79974,0.050262,5.19945,20064,19968,13050,10983,4545,110,111
1789636635946822608,merge,1.71319,1.59773,0.927643,0.789949,0.049748,5.16989,19968,20064,12788,10929,4546,110,111
1789636636046735500,merge,1.68834,1.58386,0.929136,0.797549,0.051375,5.13324,19968,19968,12956,10898,4547,110,111
1789636636146758585,merge,1.7185,1.58811,0.959099,0.790233,0.051994,5.19683,20064,19968,13220,10937,4548,110,111
1789636636246778625,merge,1.70437,1.60992,0.91622,0.811495,0.050923,5.1827,19968,20064,12661,11090,4549,110,111
1789636636346735051,merge,1.71304,1.57755,0.963096,0.788377,0.049651,5.17549,19968,19968,13111,10823,4550,110,111
1789636636446698343,merge,1.70721,1.59014,0.954873,0.790205,0.051845,5.18553,19968,20064,13082,10850,4551,110,111
1789636636546811969,merge,1.77095,1.60695,0.944397,0.794418,0.051012,5.26351,20064,19968,12839,10987,4552,110,111
1789636636646705871,merge,2.26471,1.59645,0.976897,0.798949,0.052032,5.80661,20064,19968,13260,10889,4553,110,111
1789636636746715597,merge,1.69352,1.57975,0.949235,0.779685,0.053416,5.14056,19872,19968,13032,10911,4554,110,111
1789636636946771174,merge,1.70662,1.60057,0.962065,0.799564,0.052166,5.21078,19968,19968,13065,10952,4555,111,112
1789636637046787922,merge,1.7253,1.58558,0.958899,0.805731,0.050566,5.21196,19968,20064,12986,11001,4556,111,112
1789636637146777857,merge,1.70085,1.59037,0.937301,0.791161,0.051275,5.15248,19968,19968,12843,10962,4557,111,112
1789636637246698943,merge,1.73187,1.61636,0.951014,0.810881,0.052036,5.24983,20064,19968,13279,11099,4558,111,112
1789636637346667739,merge,1.69304,1.63934,0.937875,0.78141,0.055851,5.19673,19968,20064,12806,10945,4559,111,112
1789636637446793243,merge,1.70825,1.58082,0.938733,0.77421,0.051308,5.13809,19968,19968,12970,10911,4560,111,112
1789636637546653216,merge,1.70316,1.60771,0.936079,0.871565,0.069104,5.27734,20064,20064,13078,11075,4561,111,112
1789636637646789347,merge,1.72723,1.60773,0.915981,0.808405,0.06103,5.20795,19968,19968,12930,11046,4562,111,112
1789636637746719265,merge,1.7169,1.60079,0.945264,0.809263,0.051973,5.21237,20064,19968,12923,11044,4563,111,112
1789636637846674298,merge,1.72531,1.60334,0.952721,0.802083,0.049708,5.2212,19968,20064,13146,11017,4564,111,112
1789636637946794725,merge,1.72417,1.62295,0.893022,0.799843,0.052295,5.17451,20064,19872,12673,11066,4565,111,112
1789636638046747044,merge,1.7265,1.62489,0.929996,0.80286,0.056462,5.22241,19968,20064,13109,11089,4566,111,112
1789636638146715634,merge,1.72661,1.59572,0.945557,0.821209,0.052773,5.22864,19968,19968,13032,10957,4567,111,112
1789636638246624200,merge,1.74988,1.64755,0.931142,0.799516,0.052882,5.27366,20064,20064,12801,11034,4568,111,112
1789636638346734514,merge,1.74781,1.6823,0.967941,0.796504,0.053412,5.33338,20064,19968,13198,11073,4569,111,112
1789636638446793851,merge,1.82859,1.59985,0.956332,0.808483,0.053167,5.34505,19872,20064,13018,10970,4570,111,112
1789636638546700497,merge,1.98263,1.63354,0.935151,0.794918,0.064637,5.52043,20064,19968,12825,10936,4571,111,112
1789636638646674832,merge,1.73321,1.59086,0.985432,0.7912,0.051028,5.23474,19968,19968,13122,11002,4572,111,112
1789636638746649686,merge,1.94383,1.64179,0.930618,0.771437,0.052848,5.44321,19968,20064,13157,11039,4573,111,112
1789636638846704042,merge,1.70007,1.58711,0.961143,0.792533,0.051986,5.17718,20064,20064,12799,11002,4574,111,112
1789636638947375288,merge,1.70413,1.60732,0.960754,0.785706,0.050144,5.19091,19968,19872,13182,10846,4575,111,112
1789636639046632836,merge,1.70558,1.60115,0.95422,0.79206,0.050566,5.18553,20064,19968,13179,11034,4576,111,112
1789636639146619332,merge,1.7154,1.5927,0.976853,0.778643,0.049733,5.19727,20064,19968,12869,10948,4577,111,112
1789636639246732795,merge,1.70517,1.5942,0.96045,0.789066,0.049449,5.19279,19968,20064,13124,10798,4578,111,112
1789636639346702171,merge,1.71971,1.63228,0.930596,0.801379,0.051149,5.22416,19968,19968,13149,10929,4579,111,112
1789636639446650827,merge,1.69877,1.59678,0.937058,0.805003,0.049249,5.17111,19968,19968,12666,10982,4580,111,112
1789636639546682846,merge,1.7209,1.58177,0.973878,0.780439,0.051357,5.18961,20064,20064,13309,10896,4581,111,112
1789636639646661081,merge,1.69841,1.5805,0.917169,0.776261,0.050948,5.10377,19968,19968,12928,10882,4582,111,112
1789636639746741973,merge,1.70051,1.63146,0.934302,0.796076,0.050056,5.20548,19968,19968,12841,10937,4583,111,112
1789636639846680951,merge,1.7068,1.59445,0.953256,0.792324,0.05125,5.1867,19968,20064,12991,10969,4584,111,112
1789636639946661738,merge,1.71416,1.57665,0.977603,0.797015,0.051222,5.20253,20064,19968,13184,10874,4585,111,112
1789636640046725878,merge,1.97571,1.60307,0.931984,0.80599,0.048952,5.4771,19968,19968,12684,10959,4586,111,112
1789636640146653508,merge,1.71836,1.59315,0.970213,0.832147,0.052413,5.25281,20064,19968,13268,10924,4587,111,112
1789636640246654650,merge,1.71513,1.57309,0.931178,0.785477,0.051478,5.14633,20064,19968,12956,10756,4588,111,112
1789636640346730274,merge,1.69382,1.59797,0.928304,0.832443,0.050984,5.19552,19872,20064,12776,10872,4589,111,112
1789636640446657325,merge,1.75699,1.60165,0.991619,0.803017,0.052268,5.30005,20064,19968,13385,11012,4590,111,112
1789636640546637714,merge,1.69956,1.57667,0.92589,0.761318,0.04945,5.10241,20064,19968,12841,10833,4591,111,112
1789636640646638505,merge,1.72096,1.58592,0.960218,0.787273,0.051318,5.19419,19968,20064,13074,10930,4592,111,112
1789636640746685808,merge,1.74165,1.60288,0.962603,0.80294,0.053271,5.25675,20064,20064,13338,11009,4593,111,112
1789636640846647934,merge,1.69932,1.59593,0.933235,0.794009,0.051567,5.15964,19968,19968,12887,10918,4594,111,112
1789636640946694957,merge,1.74744,1.57415,0.967327,0.783242,0.054327,5.21458,19968,19968,13433,10870,4595,111,112
1789636641046600668,merge,1.71805,1.59931,0.916417,0.805216,0.049133,5.18491,20064,20064,12933,10956,4596,111,112
1789636641146683328,merge,1.73728,1.59248,0.969707,0.784988,0.050746,5.22234,20064,19872,13248,10897,4597,111,112
1789636641246699278,merge,1.70922,1.58393,0.953068,0.781326,0.050809,5.16926,19776,20064,12935,10731,4598,111,112
1789636641446731939,merge,1.69917,1.60915,1.21822,0.803707,0.050147,5.46638,19968,20064,12866,11097,4599,112,113
1789636641546667461,merge,1.73456,1.59502,0.967606,0.784419,0.050394,5.22309,19872,20064,13050,10878,4600,112,113
1789636641646781241,merge,1.7059,1.57294,0.942676,0.788454,0.05003,5.14983,19872,19968,12990,10864,4601,112,113
1789636641746620311,merge,1.70827,1.59239,0.968175,0.79948,0.056613,5.21347,19968,19968,13148,10963,4602,112,113
1789636641946789289,merge,1.71162,1.57431,0.93857,0.760219,0.050571,5.12117,19872,19968,13162,10710,4603,113,114
1789636642046665070,merge,1.69596,1.57923,0.951257,0.774812,0.04981,5.13731,19968,19968,12940,10777,4604,113,114
1789636642246724335,merge,2.52738,2.35491,1.3354,1.10661,0.103555,7.58239,19872,19968,13030,10813,4605,114,115
1789636642346656485,merge,2.53566,2.36736,1.34687,1.12755,0.106767,7.64531,19968,20064,13118,10987,4606,114,115
1789636642446596156,merge,2.53245,2.36895,1.31233,1.12145,0.092629,7.57064,20064,19968,12802,10933,4607,114,115
1789636642546631837,merge,2.32572,1.61897,0.952561,0.79391,0.050512,5.84827,19872,20064,13067,11033,4608,114,115
1789636642646621886,merge,1.72386,1.57029,0.964026,0.775279,0.050612,5.16492,20064,19968,13242,10806,4609,114,115
1789636642746610670,merge,1.7142,1.58217,0.950916,0.801108,0.049752,5.18888,20064,19968,12832,10933,4610,114,115
1789636642846677451,merge,1.7033,1.60266,0.9407,0.792841,0.051234,5.18153,19968,20064,13167,10898,4611,114,115
1789636642946644702,merge,1.71991,1.57689,0.954223,0.776113,0.050474,5.16165,19968,19968,13100,10729,4612,114,115
1789636643046664312,merge,1.70001,1.58513,0.9377,0.784341,0.049635,5.13916,19968,20064,12831,10883,4613,114,115
1789636643146659274,merge,1.72014,1.59223,0.968437,1.16793,0.118681,5.65258,20064,19968,13064,10967,4614,114,115
1789636643246725164,merge,1.9774,1.60624,0.954484,0.794406,0.049772,5.50041,19968,20064,13177,10981,4615,114,115
1789636643346679773,merge,1.70471,1.57493,0.933578,0.794679,0.025849,5.10261,20064,19968,12728,10875,4616,114,115
1789636643446712740,merge,1.70448,1.59044,0.965115,0.797126,0.050088,5.19232,19968,19968,13148,10967,4617,114,115
1789636643546605826,merge,1.69434,1.60328,0.921888,0.791277,0.050063,5.14191,19968,20064,12984,11043,4618,114,115
1789636643646643328,merge,1.71543,1.57587,0.938895,0.784803,0.048712,5.14618,20064,19968,12834,10784,4619,114,115
1789636643746635874,merge,1.68666,1.58739,0.941241,0.789553,0.050254,5.13764,19968,20064,12949,10778,4620,114,115
1789636643846767937,merge,1.70721,1.59229,0.960373,0.783959,0.050079,5.17689,19968,19968,13115,10933,4621,114,115
1789636643946652351,merge,1.70221,1.58014,0.915144,0.773396,0.049931,5.10251,20064,19968,12682,10831,4622,114,115
1789636644046683778,merge,1.74464,1.57508,0.967876,0.769281,0.05098,5.19623,20064,19968,13220,10870,4623,114,115
1789636644146770168,merge,1.68937,1.59709,0.959776,0.826069,0.051137,5.21515,19872,20064,13006,10982,4624,114,115
1789636644246618294,merge,1.70898,1.60402,0.94453,0.793178,0.049289,5.18438,20064,20064,12821,11022,4625,114,115
1789636644347115452,merge,1.70292,1.57113,0.94114,0.7703,0.048052,5.12075,19968,19968,13116,10835,4626,114,115
1789636644446675923,merge,1.711,1.57893,0.976663,0.79209,0.049094,5.19897,20064,19968,13113,10920,4627,114,115
1789636644546619780,merge,1.72325,1.59854,0.949164,0.788217,0.050596,5.19501,20064,19968,12953,10928,4628,114,115
1789636644646764107,merge,1.70674,1.57989,0.96486,0.784576,0.049159,5.16885,19968,19968,13096,10757,4629,114,115
1789636644746678777,merge,1.70767,1.57995,0.943848,0.783122,0.049571,5.14461,19968,20064,13049,10826,4630,114,115
1789636644846614436,merge,1.70624,1.5953,0.93457,0.789366,0.048951,5.15512,20064,19968,12840,10988,4631,114,115
1789636644946709327,merge,1.70778,1.60177,0.967349,0.79736,0.050302,5.20517,19968,20064,13175,11030,4632,114,115
1789636645046662072,merge,1.70507,1.57003,1.01876,0.807551,0.052847,5.24355,20064,19968,12889,10785,4633,114,115
1789636645146783690,merge,1.70366,1.59444,0.953692,0.788079,0.050586,5.17771,19968,20064,13027,10971,4634,114,115
1789636645247056115,merge,1.69452,1.59219,0.963242,0.798857,0.050749,5.18723,19968,19872,12985,10893,4635,114,115
1789636645346601432,merge,1.70533,1.58471,0.930976,0.795282,0.050348,5.15877,20064,20064,12961,10922,4636,114,115
1789636645446668754,merge,1.68751,1.58046,0.941042,0.788869,0.050086,5.13579,19968,19968,12859,10810,4637,114,115
1789636645546619342,merge,1.73186,1.60451,0.965368,0.776181,0.052643,5.224,20064,20064,13239,10919,4638,114,115
1789636645646738658,merge,1.69115,1.59638,0.914211,0.779614,0.050038,5.11658,19968,19968,12654,10901,4639,114,115
1789636645746636137,merge,1.71511,1.58452,1.00605,0.792044,0.051716,5.23724,20064,20064,13158,10953,4640,114,115
1789636645846972354,merge,1.69369,1.59107,0.953488,0.781374,0.051627,5.16059,19968,19968,13041,10953,4641,114,115
1789636645946673046,merge,1.6972,1.59909,1.11169,0.789966,0.049666,5.33443,19968,19968,12753,10960,4642,114,115
1789636646046642070,merge,1.71412,1.58714,0.955883,0.790596,0.05008,5.18814,20064,20064,13172,10960,4643,114,115
1789636646146694656,merge,1.70493,1.58498,0.931998,0.788293,0.050829,5.14801,19968,19968,13116,10915,4644,114,115
1789636646246692195,merge,1.69794,1.61058,0.934554,0.797875,0.051197,5.17663,19968,20064,12777,11094,4645,114,115
1789636646346930980,merge,1.75101,1.59273,0.962475,0.781831,0.050205,5.22767,20064,19968,13190,10849,4646,114,115
1789636646446742650,merge,1.77175,1.58593,1.05333,0.776626,0.052639,5.33231,19968,19968,13178,10840,4647,114,115
1789636646546620910,merge,1.68777,1.60042,0.929473,0.80156,0.049568,5.15123,19968,20064,12690,10979,4648,114,115
1789636646646655162,merge,1.71858,1.59828,0.96126,0.78277,0.05197,5.20142,20064,19968,13262,10954,4649,114,115
1789636646746901527,merge,1.71551,1.58192,0.961405,0.800085,0.050707,5.19725,19968,19968,13063,10894,4650,114,115
1789636646846603069,merge,1.70628,1.58487,0.928386,0.794237,0.050159,5.14827,19968,20064,12783,10943,4651,114,115
1789636646946623816,merge,1.68813,1.61186,0.955843,0.797348,0.051186,5.19432,19968,20064,12997,11069,4652,114,115
1789636647047056009,merge,1.73522,1.58356,0.957316,0.782903,0.049696,5.19663,20160,19968,13173,10897,4653,114,115
1789636647147000194,merge,1.68938,1.58724,0.9082,0.797609,0.04884,5.11728,19968,19968,12760,10958,4654,114,115
1789636647246917433,merge,1.72142,1.5984,0.973344,0.795233,0.051718,5.22646,20064,19968,13244,11007,4655,114,115
1789636647346885105,merge,1.67026,1.61692,0.94196,0.804669,0.051014,5.17563,19872,20064,12732,11014,4656,114,115
1789636647446885841,merge,1.7258,1.58272,0.918629,0.774185,0.050538,5.14008,20064,19968,12956,10961,4657,114,115
1789636647546656919,merge,1.70666,1.58853,0.936836,0.797059,0.049455,5.16628,20064,19968,13075,10949,4658,114,115
1789636647646764304,merge,1.69125,1.61178,0.9203,0.794556,0.048527,5.15147,19872,20064,12887,11059,4659,114,115
1789636647746897644,merge,1.70423,1.61039,0.917686,0.78008,0.050343,5.15123,20064,19968,12863,11057,4660,114,115
1789636647846626030,merge,1.71368,1.59285,0.960629,0.792528,0.050604,5.20005,19968,20064,13126,10930,4661,114,115
1789636647946936068,merge,1.70664,1.60497,0.947884,0.790587,0.05014,5.18886,20064,19968,12901,11080,4662,114,115
1789636648046670177,merge,1.71351,1.60908,0.972988,0.786636,0.050859,5.2227,20064,19968,13116,11099,4663,114,115
1789636648146704011,merge,1.71246,1.60611,0.944536,0.784111,0.04996,5.18793,19968,19968,13182,11076,4664,114,115
1789636648246608900,merge,1.69686,1.6147,0.930635,0.807124,0.049486,5.18671,19968,20064,12794,10963,4665,114,115
1789636648346830038,merge,1.72703,1.60985,0.96405,0.799991,0.050841,5.24,20064,19968,13216,11040,4666,114,115
1789636648446667035,merge,1.6944,1.61254,0.947317,0.809598,0.049409,5.2007,19968,19968,13094,11058,4667,114,115
1789636648546600903,merge,1.71157,1.59269,0.931221,0.78418,0.050693,5.15837,20064,20064,12841,10936,4668,114,115
1789636648646930419,merge,1.68542,1.59329,1.01722,0.808781,0.052591,5.24699,19968,19968,13036,10936,4669,114,115
1789636648746850805,merge,1.70118,1.6716,0.963419,0.798947,0.048593,5.28098,19968,20064,13165,11000,4670,114,115
1789636648846889651,merge,1.69338,1.59777,0.930266,0.780093,0.049289,5.13687,20064,19968,12744,10990,4671,114,115
1789636648946826595,merge,1.72625,1.58054,0.97758,0.797749,0.05066,5.21632,20064,19968,13266,10906,4672,114,115
1789636649047907714,merge,1.69538,1.58615,0.940493,0.782746,0.049316,5.13706,19968,19968,13018,10967,4673,114,115
1789636649146886557,merge,1.7115,1.61226,0.932776,0.79442,0.050506,5.19303,19968,20064,12764,11050,4674,114,115
1789636649246864046,merge,1.69745,1.58077,0.939461,0.786509,0.049383,5.14052,20064,19968,13043,10830,4675,114,115
1789636649347892334,merge,1.70399,1.58347,0.961631,0.787644,0.049157,5.17391,19968,19968,13121,10830,4676,114,115
1789636649446728829,merge,1.70381,1.59651,0.923265,0.791745,0.049894,5.15309,20064,19968,12678,10975,4677,114,115
1789636649546918290,merge,2.53312,1.67651,0.964851,0.794361,0.049886,6.15961,19872,20064,13088,10940,4678,114,115
1789636649646771178,merge,1.74473,1.62182,0.970489,0.780736,0.050783,5.25626,20064,19968,13117,10833,4679,114,115
1789636649746625308,merge,1.87752,1.61951,0.927986,0.778165,0.052481,5.36454,19968,19968,12797,10934,4680,114,115
1789636649846636753,merge,1.8842,1.64089,0.952036,0.784337,0.051966,5.42072,19968,20064,13193,11085,4681,114,115
1789636649947821112,merge,1.92491,1.5978,0.974675,0.787416,0.050532,5.44673,20160,19872,13106,10778,4682,114,115
1789636650047841723,merge,1.69175,1.59317,0.927905,0.788926,0.051956,5.1415,19776,20064,12796,11015,4683,114,115
1789636650247831150,merge,1.70476,1.59339,0.949286,0.774213,0.050602,5.15947,19968,20064,13037,10776,4684,115,116
1789636650347766682,merge,1.69753,1.589,0.945826,0.797296,0.048004,5.16258,19968,19968,12848,10819,4685,115,116
1789636650446791688,merge,1.73144,1.59181,0.946807,0.794717,0.050841,5.19796,20064,19968,13319,10957,4686,115,116
1789636650546839678,merge,1.69509,1.60762,0.941838,0.805096,0.048567,5.18439,19872,20064,12892,11069,4687,115,116
1789636650646874130,merge,1.70511,1.57449,0.958163,0.788699,0.050125,5.16315,20160,19968,13015,10830,4688,115,116
1789636650746905677,merge,2.5722,2.33116,1.00146,0.80699,0.051988,6.91357,19968,20064,13273,10989,4689,115,116
1789636650846843230,merge,1.70684,1.59602,0.948649,0.790857,0.048422,5.17846,20064,19872,12868,10867,4690,115,116
1789636650947865136,merge,1.71728,1.58867,0.969903,0.799297,0.051441,5.21741,19968,20064,13240,10969,4691,115,116
1789636651046815080,merge,1.71442,1.58375,0.935577,0.794155,0.050328,5.16173,19968,19968,13023,10883,4692,115,116
1789636651146828848,merge,1.70289,1.60557,0.941687,0.797144,0.051777,5.18573,20064,20064,12998,10906,4693,115,116
1789636651247767306,merge,1.72072,1.60151,0.966013,0.782496,0.051571,5.20834,19968,19968,13170,10837,4694,115,116
1789636651347014552,merge,1.69517,1.58742,0.968961,0.795064,0.050382,5.18647,19872,20064,13025,10947,4695,115,116
1789636651447755490,merge,1.72066,1.59361,0.954778,0.7864,0.049787,5.19127,20064,19968,13036,10995,4696,115,116
1789636651547703923,merge,1.70036,1.60677,0.959163,0.795324,0.050739,5.19443,19968,20064,13060,11001,4697,115,116
1789636651647766458,merge,1.72366,1.57661,0.954706,0.784626,0.051593,5.17899,19968,19968,13214,10823,4698,115,116
1789636651746825267,merge,1.69874,1.5859,0.959883,0.77653,0.050509,5.16166,19968,19968,13041,10895,4699,115,116
1789636651846897316,merge,1.72204,1.60955,0.962293,0.819134,0.049598,5.25933,20064,19968,12917,10990,4700,115,116
1789636651946748275,merge,1.72055,1.59879,0.95698,0.773836,0.050924,5.19407,19872,20064,13124,10849,4701,115,116
1789636652046803288,merge,1.71293,1.57866,0.974448,0.783365,0.049942,5.18423,19968,19968,13157,10732,4702,115,116
1789636652146887501,merge,1.70514,1.59807,0.943237,0.796393,0.051026,5.18368,19968,19968,12838,10849,4703,115,116
1789636652246649509,merge,1.74119,1.59902,0.931078,0.774701,0.053926,5.19016,20064,19968,13233,10961,4704,115,116
1789636652346873971,merge,1.71632,1.58194,0.926686,0.795056,0.050709,5.16483,19968,20064,13049,10918,4705,115,116
1789636652446925468,merge,1.71898,1.57762,0.959541,0.790847,0.050739,5.18848,20064,19968,12917,10840,4706,115,116
1789636652546934921,merge,1.69074,1.6102,0.935164,0.793728,0.051314,5.16585,19872,20064,12947,11052,4707,115,116
1789636652646758278,merge,1.73004,1.58911,0.939586,0.791524,0.051268,5.19344,20064,19968,13226,10844,4708,115,116
1789636652746847537,merge,1.70547,1.58313,0.909306,0.78148,0.051516,5.11737,20064,19968,12733,10875,4709,115,116
1789636652847732062,merge,1.71993,1.59706,0.966627,0.804726,0.054494,5.22758,19968,20064,13175,10922,4710,115,116
1789636652947767456,merge,1.71702,1.59232,0.955064,0.792229,0.051658,5.20079,19968,19968,12945,10841,4711,115,116
1789636653047741712,merge,1.72119,1.57319,0.943949,0.780102,0.04978,5.1524,20064,19968,12924,10751,4712,115,116
1789636653147727011,merge,1.71651,1.59262,0.941078,0.782618,0.052053,5.17926,19968,20064,12990,11011,4713,115,116
1789636653247715937,merge,1.72198,1.60204,0.972213,0.799012,0.051824,5.23496,19968,19968,13124,10977,4714,115,116
1789636653347766634,merge,1.72181,1.59114,0.942684,0.787781,0.052331,5.1913,20064,20064,12730,10886,4715,115,116
1789636653447759817,merge,1.71974,1.58508,0.953723,0.761069,0.051498,5.15722,19968,19968,13119,10834,4716,115,116
1789636653547840907,merge,1.69876,1.59273,0.953906,0.789852,0.053041,5.17859,19968,19968,13142,10955,4717,115,116
1789636653646807541,merge,2.5609,2.40274,1.02908,0.800932,0.050941,7.00861,20064,20064,12817,11000,4718,115,116
1789636653747825882,merge,1.92711,1.59523,0.957752,0.756861,0.05162,5.39485,19968,19968,13181,10745,4719,115,116
1789636653846815792,merge,1.88226,1.61206,0.944016,0.765057,0.053317,5.3572,19968,19968,13095,10863,4720,115,116
1789636653946724285,merge,1.92332,1.62721,0.931738,0.778896,0.052742,5.42079,20064,20064,12913,11016,4721,115,116
1789636654047617028,merge,1.91222,1.59926,0.943874,0.768309,0.052947,5.37881,19968,19968,13091,10853,4722,115,116
1789636654147764744,merge,1.91017,1.60658,0.954906,0.788947,0.055783,5.42677,20064,20064,13201,10924,4723,115,116
1789636654247636592,merge,1.90605,1.62419,0.915829,0.773741,0.052626,5.37618,19968,19968,12679,10988,4724,115,116
1789636654347750826,merge,1.92606,1.63053,0.966738,0.772961,0.054555,5.46447,19968,20064,13151,10955,4725,115,116
1789636654447618948,merge,1.89102,1.5894,0.942124,0.763324,0.050975,5.33644,20064,19872,13028,10768,4726,115,116
1789636654547712359,merge,1.88626,1.62797,0.933444,0.780036,0.051357,5.38794,19968,20064,12847,11039,4727,115,116
1789636654647771132,merge,1.90229,1.64485,0.953122,0.778185,0.051806,5.43085,19968,20064,12986,10846,4728,115,116
1789636654747725183,merge,1.88951,1.59095,0.985732,0.78863,0.050262,5.41656,20064,19872,13128,10784,4729,115,116
1789636654847708811,merge,1.67723,1.59619,0.92787,0.790324,0.052272,5.13321,19968,20064,12682,10948,4730,115,116
1789636654947597641,merge,1.71562,1.59867,0.962634,0.793128,0.052528,5.21237,20064,19968,13257,10966,4731,115,116
1789636655047642958,merge,1.69616,1.59124,0.951792,0.776815,0.050336,5.15615,19968,19968,12846,10864,4732,115,116
1789636655147681888,merge,1.69947,1.59355,0.927014,0.792296,0.050468,5.15162,19968,20160,12857,10994,4733,115,116
1789636655247638731,merge,1.71546,1.58352,0.962821,0.790816,0.051181,5.18968,20064,19872,13123,10880,4734,115,116
1789636655347703958,merge,1.71129,1.61118,0.955991,0.800877,0.050303,5.21573,19968,20064,12925,11013,4735,115,116
1789636655447642386,merge,1.70783,1.58172,0.947742,0.79187,0.051467,5.16488,19968,20064,12989,10840,4736,115,116
1789636655547617260,merge,1.71869,1.57866,0.959546,0.789932,0.052218,5.18751,20064,19872,13193,10832,4737,115,116
1789636655647721249,merge,1.72833,1.62067,0.952958,0.801717,0.050193,5.23687,20064,20064,12986,10972,4738,115,116
1789636655747693883,merge,1.68409,1.5963,0.953957,0.789365,0.051003,5.16093,19872,20064,12932,10971,4739,115,116
1789636655847603969,merge,1.71968,1.58006,0.961058,0.781489,0.050676,5.17815,20064,19968,13271,10856,4740,115,116
1789636655947685394,merge,1.70331,1.60007,0.946014,0.800307,0.051698,5.19011,19968,20064,12805,10998,4741,115,116
1789636656047648350,merge,1.72185,1.59637,0.965922,0.792683,0.049479,5.21102,20064,19968,13165,10913,4742,115,116
1789636656147621258,merge,1.70933,1.59905,0.927584,0.782785,0.050189,5.15397,19968,20064,13040,11043,4743,115,116
1789636656247705007,merge,1.70941,1.58479,0.964129,0.793623,0.049174,5.19117,19968,19872,12826,10929,4744,115,116
1789636656346638029,merge,1.70087,1.60714,0.959847,0.804779,0.050819,5.21335,20064,20064,13085,11060,4745,115,116
1789636656447627955,merge,1.72139,1.58664,0.964487,0.778451,0.049194,5.19192,20064,19968,13243,10847,4746,115,116
1789636656547640581,merge,1.68433,1.59796,0.921738,0.784875,0.05098,5.12928,19872,20064,12493,10902,4747,115,116
1789636656647614664,merge,1.72574,1.60859,0.961308,0.797581,0.04943,5.23303,20064,20064,13259,11010,4748,115,116
1789636656747742965,merge,1.69015,1.57984,0.950134,0.786061,0.050305,5.1428,19968,19872,12937,10827,4749,115,116
1789636656847556836,merge,1.71598,1.58359,0.932287,0.791315,0.049626,5.16193,20064,19968,12862,10911,4750,115,116
1789636656947577402,merge,1.68774,1.60254,0.955105,0.816981,0.0506,5.197,19968,20064,12980,11086,4751,115,116
1789636657047507386,merge,2.56734,2.38801,1.34758,1.13181,0.110528,7.70556,20064,19968,13111,11016,4752,115,116
1789636657147610687,merge,2.5137,1.60404,0.910757,0.803454,0.042867,6.00934,19968,20064,12787,11035,4753,115,116
1789636657247538500,merge,1.70674,1.58499,0.934187,0.780664,0.050963,5.14101,19968,19968,13112,10949,4754,115,116
1789636657347515710,merge,1.72166,1.60964,0.945659,0.785501,0.053043,5.20119,20064,19968,13118,11013,4755,115,116
1789636657447591528,merge,1.70087,1.6065,0.933436,0.799576,0.050087,5.17373,19968,20064,12869,10959,4756,115,116
1789636657547555969,merge,1.71969,1.58712,0.960109,0.773843,0.04936,5.173,20064,19968,13294,10958,4757,115,116
1789636657647627288,merge,1.70118,1.59967,0.950746,0.797363,0.051412,5.18185,19968,19968,12946,11037,4758,115,116
1789636657747586825,merge,1.70393,1.6061,0.939133,0.793429,0.051216,5.17652,19968,20064,12949,11048,4759,115,116
1789636657847524389,merge,1.724,1.60462,0.979102,0.796826,0.052828,5.24166,20064,19968,13205,11034,4760,115,116
1789636657947600487,merge,1.71433,1.58689,0.955259,0.790479,0.051079,5.18198,20064,19968,12965,10979,4761,115,116
1789636658047618153,merge,1.69325,1.61312,0.933345,0.798133,0.054076,5.17797,19872,20064,12846,11100,4762,115,116
1789636658147482969,merge,1.76212,1.61176,1.01664,0.821212,0.051884,5.35225,20064,19968,13272,11097,4763,115,116
1789636658247530975,merge,1.69688,1.58666,0.942228,0.771975,0.051521,5.13277,20064,19968,12733,10923,4764,115,116
1789636658347543809,merge,1.7047,1.61262,0.949773,0.792435,0.059498,5.20588,19968,20064,13090,11073,4765,115,116
1789636658447558297,merge,1.69692,1.60589,0.934397,0.814889,0.051449,5.19307,19968,20064,12940,11078,4766,115,116
1789636658547612415,merge,1.71386,1.59687,0.954042,0.774334,0.051106,5.17499,20064,19872,12921,10989,4767,115,116
1789636658647531276,merge,1.68891,1.58847,0.950466,0.801709,0.053627,5.16589,19968,19968,12938,10930,4768,115,116
1789636658747569308,merge,1.70501,1.59286,0.962038,0.797345,0.052648,5.19198,19968,20064,13101,11030,4769,115,116
1789636658847407728,merge,1.71058,1.60174,0.923871,0.791729,0.05474,5.16676,20064,19968,12748,11016,4770,115,116
1789636658947506572,merge,1.71158,1.57957,0.943898,0.796098,0.052731,5.16576,19968,19968,13090,10884,4771,115,116
1789636659047502070,merge,1.7026,1.6054,0.96124,0.818236,0.052359,5.22775,19968,20160,13141,11114,4772,115,116
1789636659147607260,merge,1.69967,1.59253,0.930108,0.792927,0.059129,5.16596,20064,19872,12786,10930,4773,115,116
1789636659247490320,merge,1.70595,1.60854,0.972369,0.804383,0.051933,5.23742,19968,20064,13178,10931,4774,115,116
1789636659347486860,merge,1.72154,1.58152,0.96225,0.778448,0.05437,5.18419,19968,19968,13106,10849,4775,115,116
1789636659447323993,merge,1.93193,1.60515,0.91944,0.791753,0.050852,5.40839,20064,20064,12908,11015,4776,115,116
1789636659547491205,merge,1.71758,1.60156,0.963883,0.789325,0.049771,5.21398,19968,19968,13151,11030,4777,115,116
1789636659647518607,merge,1.70987,1.57872,0.957902,0.792132,0.05315,5.1753,19968,19968,13152,10892,4778,115,116
1789636659747558337,merge,1.70084,1.58621,0.9002,0.769535,0.050304,5.09025,20064,20064,12774,10909,4779,115,116
1789636659847495877,merge,1.7101,1.59949,0.965314,0.80539,0.060392,5.22934,19968,19968,13231,11002,4780,115,116
1789636659947435695,merge,1.70806,1.58977,0.929428,0.76995,0.049732,5.13732,20064,19872,13076,10825,4781,115,116
1789636660047419428,merge,1.70733,1.58858,0.930558,0.814505,0.060866,5.18974,19968,20064,12827,10990,4782,115,116
1789636660147529520,merge,1.71175,1.60158,0.947186,0.790742,0.050775,5.19721,19968,20064,13044,10996,4783,115,116
1789636660247643626,merge,1.72617,1.58881,0.958345,0.779995,0.050129,5.19961,20064,19872,13192,10902,4784,115,116
1789636660347405796,merge,1.68175,1.58642,0.923609,0.783467,0.05189,5.11204,19968,20064,12650,10760,4785,115,116
1789636660447506133,merge,1.72248,1.58148,0.963061,0.779381,0.050347,5.18084,19968,19968,13235,10868,4786,115,116
1789636660547417703,merge,1.71407,1.59934,0.965862,0.815005,0.049452,5.22762,20064,19968,13073,10979,4787,115,116
1789636660647415601,merge,1.69798,1.59269,0.928041,0.790164,0.05167,5.14883,19968,20064,12784,10924,4788,115,116
1789636660747497921,merge,1.71444,1.59391,1.00348,0.794888,0.052023,5.25071,19968,20064,13264,10912,4789,115,116
1789636660847507537,merge,1.71746,1.58426,0.967706,0.788363,0.050982,5.19189,20064,19872,13007,10911,4790,115,116
1789636660947367213,merge,1.70578,1.60153,0.947451,0.79438,0.050172,5.18216,19968,20064,12943,10999,4791,115,116
1789636661047468442,merge,1.74818,1.57253,0.971258,0.773555,0.049962,5.20033,20064,19968,13465,10833,4792,115,116
1789636661147531087,merge,1.68908,1.58972,0.942244,0.792775,0.049671,5.14856,19968,19968,12895,10872,4793,115,116
1789636661247337187,merge,1.74666,1.62309,0.9668,0.784263,0.051545,5.26546,19968,20064,13316,10908,4794,115,116
1789636661347462212,merge,1.70089,1.58063,0.956229,0.779909,0.048924,5.15014,20064,19968,13057,10814,4795,115,116
1789636661447513572,merge,1.74445,1.58081,0.958229,0.793459,0.049903,5.21177,19968,19968,13321,10900,4796,115,116
1789636661547265854,merge,2.54393,2.21118,0.980585,0.802899,0.050167,6.73279,20064,20064,12988,11020,4797,115,116
1789636661647457414,merge,1.72788,1.6156,0.94373,0.761829,0.049646,5.18554,19776,19968,13224,10833,4798,115,116
1789636661747218712,merge,2.54207,2.35404,1.33433,1.11687,0.111035,7.61346,20064,19968,12988,10892,4799,115,116
1789636661847218515,merge,2.53609,2.28117,0.955356,0.800864,0.043289,6.75737,19968,19968,12970,10961,4800,115,116
1789636662047532999,merge,1.71914,1.56437,0.965325,0.780381,0.129071,5.24666,20064,19872,13206,10708,4801,115,116
1789636662147313941,merge,1.74702,1.65571,0.920065,0.774234,0.170212,5.35299,19968,19968,12679,10784,4802,115,116
1789636662247264861,merge,1.78146,1.6072,0.964662,0.785918,0.176722,5.40416,19968,20064,13218,10979,4803,115,116
1789636662347398703,merge,1.76539,1.66376,0.941123,0.791731,0.177884,5.4271,19968,19968,12928,10853,4804,115,116
1789636662447408990,merge,1.71978,1.67082,0.927127,0.80549,0.177316,5.38947,20064,20064,12925,10939,4805,115,116
1789636662547285761,merge,1.72087,1.63578,0.944415,0.821794,0.189671,5.39679,19872,19968,12960,10927,4806,115,116
1789636662647450292,merge,1.77857,1.60528,0.954012,0.800915,0.180646,5.40426,19968,20064,13172,11028,4807,115,116
1789636662847488668,merge,1.69329,1.58944,0.957572,0.790407,0.196787,5.31244,19872,20064,13060,10900,4808,117,118
1789636662947447903,merge,1.71463,1.61138,0.958273,0.784448,0.098252,5.24984,19968,20064,13176,10895,4809,117,118
1789636663047542020,merge,1.71156,1.56871,0.93957,0.772924,0.223645,5.30482,20064,19872,12927,10713,4810,117,118
1789636663147341980,merge,1.71441,1.58764,0.958816,0.787492,0.069881,5.20779,19968,19968,13098,10862,4811,117,118
1789636663247255631,merge,1.70037,1.60621,0.953013,0.800678,0.091224,5.24419,19968,20064,13087,11076,4812,117,118
1789636663347459920,merge,1.70008,1.65425,0.93363,0.796116,0.17717,5.35105,20064,20064,12938,11037,4813,117,118
1789636663447426427,merge,1.71152,1.57292,0.951931,0.778612,0.052295,5.1511,19968,19968,12995,10831,4814,117,118
1789636663547374453,merge,1.70941,1.58946,0.969981,0.793559,0.051638,5.19982,20064,19968,13250,10918,4815,117,118
1789636663647433206,merge,1.69041,1.60659,0.942013,0.797271,0.081433,5.20356,19968,20064,12700,11006,4816,117,118
1789636663747364292,merge,1.70261,1.57966,0.950584,0.775454,0.051048,5.14422,19968,19968,13107,10716,4817,117,118
1789636663847352748,merge,1.7117,1.58287,0.954469,0.801476,0.052259,5.19097,20064,19968,13093,10774,4818,117,118
1789636663947426984,merge,1.69995,1.60522,0.939832,0.789976,0.052198,5.17129,19968,20064,12799,11013,4819,117,118
1789636664047349986,merge,1.69599,1.59548,0.929442,0.800692,0.050793,5.15605,19968,19968,12908,10902,4820,117,118
1789636664147365434,merge,2.54553,1.74309,0.981997,0.803564,0.05089,6.26251,19968,19968,13146,10879,4821,117,118
1789636664247295360,merge,1.69918,1.60099,0.928131,0.82648,0.048727,5.18962,19968,20064,12679,11015,4822,117,118
1789636664347270828,merge,1.72272,1.59905,0.955098,0.92053,0.049153,5.33537,20064,19968,13126,10978,4823,117,118
1789636664447352434,merge,1.70378,1.59201,0.957065,0.802848,0.057541,5.20033,19968,20064,13058,10962,4824,117,118
1789636664547419452,merge,1.71313,1.58282,0.939544,0.78737,0.049677,5.16419,19968,19968,12808,10851,4825,117,118
1789636664647216868,merge,1.71245,1.59309,1.13179,0.778909,0.05106,5.3592,20064,19968,13127,10852,4826,117,118
1789636664747310049,merge,1.70662,1.59008,0.967698,0.789075,0.049352,5.18969,19968,19968,13109,10782,4827,117,118
1789636664847273655,merge,1.71002,1.5915,0.942018,0.791147,0.047685,5.16637,20064,20064,12870,10909,4828,117,118
1789636664947347940,merge,1.69523,1.59642,0.946071,0.808255,0.048924,5.18568,19968,19968,13111,10974,4829,117,118
1789636665047308262,merge,1.70955,1.59431,0.952367,0.799531,0.051151,5.191,19968,19968,13194,10954,4830,117,118
1789636665147262206,merge,1.70541,1.57678,0.923658,0.781405,0.049104,5.1217,20064,20064,12774,10849,4831,117,118
1789636665247333989,merge,1.7125,1.58095,0.970942,0.806741,0.056857,5.2128,20064,19968,13255,10893,4832,117,118
1789636665347290357,merge,1.70072,1.60174,0.961424,0.79589,0.054216,5.1992,19968,19968,13020,10970,4833,117,118
1789636665447313019,merge,1.71373,1.60983,0.926826,0.793767,0.04968,5.17755,19968,20160,12793,10942,4834,117,118
1789636665547392866,merge,1.70105,1.57426,0.949767,0.778258,0.049551,5.13446,20064,19872,13125,10830,4835,117,118
1789636665647334965,merge,1.7009,1.59737,0.986285,0.78969,0.0492,5.21031,19968,20064,13103,10889,4836,117,118
1789636665747339214,merge,1.68994,1.59702,0.923237,0.808579,0.048137,5.1508,19968,19968,12654,10989,4837,117,118
1789636665847302555,merge,1.71997,1.59118,0.96518,0.809619,0.04947,5.22231,20064,20064,13281,10943,4838,117,118
1789636665947361131,merge,1.68982,1.58585,0.957851,0.803883,0.056567,5.17925,19968,19968,12865,10896,4839,117,118
1789636666047293616,merge,1.72623,1.60602,0.937729,0.804023,0.049826,5.21094,20064,20064,12970,11032,4840,117,118
1789636666147308376,merge,1.68586,1.58416,0.941733,0.783046,0.048755,5.12673,19968,19968,12997,10874,4841,117,118
1789636666247356005,merge,1.70825,1.58265,0.943579,0.787075,0.049057,5.1531,19968,19968,12995,10874,4842,117,118
1789636666347258149,merge,1.71439,1.61104,0.949529,0.798289,0.050572,5.21527,20064,20064,12906,11066,4843,117,118
1789636666447332827,merge,1.72452,1.59921,0.942357,0.779835,0.050124,5.1837,19968,19968,13135,10846,4844,117,118
1789636666547358972,merge,1.71011,1.57947,0.937216,0.751407,0.049194,5.11153,19968,19968,12932,10828,4845,117,118
1789636666647251525,merge,1.71716,1.59548,0.941465,0.785789,0.052465,5.18704,20064,20064,13006,10984,4846,117,118
1789636666747298165,merge,1.71865,1.64322,0.958521,0.799554,0.049603,5.26441,19968,19968,13148,10996,4847,117,118
1789636666847305588,merge,1.71591,1.58833,0.951472,0.782066,0.048973,5.17461,19968,19968,12842,10915,4848,117,118
1789636666947216273,merge,1.7188,1.58998,1.08683,0.778687,0.049614,5.30867,20064,20064,13195,10939,4849,117,118
1789636667047262282,merge,1.69772,1.60481,0.948963,0.8075,0.050999,5.19262,19968,19968,13097,11012,4850,117,118
1789636667147270237,merge,1.7259,1.5961,0.926663,0.78887,0.049484,5.17353,20064,19968,12869,10943,4851,117,118
1789636667247203562,merge,1.69835,1.58643,0.942184,0.788849,0.048872,5.15087,19968,19968,13052,10935,4852,117,118
1789636667347230093,merge,1.72106,1.60744,0.962149,0.805724,0.052204,5.23981,20064,20064,13236,11032,4853,117,118
1789636667447259924,merge,1.68926,1.61054,0.919651,0.776221,0.047346,5.1295,19968,19968,12621,11019,4854,117,118
1789636667547224278,merge,1.70657,1.58819,0.963531,0.779317,0.050569,5.17651,19968,19968,13185,10961,4855,117,118
1789636667647152323,merge,1.70703,1.59145,0.94095,0.785618,0.050649,5.16605,20064,20064,13046,10939,4856,117,118
1789636667747213095,merge,1.69946,1.61297,0.939201,0.802553,0.049278,5.18898,19968,19968,12773,11083,4857,117,118
1789636667847215125,merge,1.70581,1.61369,0.948412,0.803391,0.050042,5.21174,20064,20064,13050,11079,4858,117,118
1789636667947260261,merge,1.71995,2.23034,1.36371,1.12426,0.107387,6.67545,19968,19968,13151,10967,4859,117,118
1789636668047266831,merge,2.51138,2.37845,1.05125,0.818638,0.040235,6.9486,19968,19968,12633,11019,4860,117,118
1789636668147169570,merge,1.71178,1.61438,0.971644,0.818439,0.049392,5.25257,20064,20064,13224,11086,4861,117,118
1789636668247274906,merge,1.69439,1.61249,0.948613,0.799026,0.050373,5.19287,19968,19968,12994,11057,4862,117,118
1789636668347197993,merge,1.71621,1.58815,0.982629,0.785009,0.050705,5.21523,19968,19968,12801,10960,4863,117,118
1789636668447197123,merge,1.70942,1.61235,0.97249,0.808269,0.051015,5.24095,20064,19968,13259,11054,4864,117,118
1789636668547163809,merge,1.71505,1.60391,0.944587,0.802017,0.051752,5.20264,20064,19968,13001,11014,4865,117,118
1789636668647213475,merge,1.70521,1.59632,0.921274,0.81353,0.050829,5.17563,19872,20064,12842,10886,4866,117,118
1789636668747133960,merge,1.71144,1.59079,0.969665,0.804703,0.048841,5.21205,20064,19968,13186,10956,4867,117,118
1789636668847134061,merge,1.74365,1.60193,0.956246,0.807017,0.058386,5.2508,20064,20160,13069,11034,4868,117,118
1789636668947279002,merge,1.70193,1.66786,0.953812,0.804554,0.173718,5.38949,19968,19968,12897,11077,4869,117,118
1789636669047236630,merge,1.71979,1.57665,0.97005,0.779025,0.057169,5.1869,19968,19968,13175,10868,4870,117,118
1789636669147117780,merge,1.70247,1.59287,0.938373,0.791749,0.050364,5.16379,20064,19968,12949,10990,4871,117,118
1789636669247151762,merge,1.70482,1.61329,0.954036,0.803786,0.081475,5.24616,19968,20064,12985,11010,4872,117,118
1789636669347246807,merge,1.71032,1.6381,0.963497,0.824834,0.189066,5.41322,19968,19968,13008,10879,4873,117,118
1789636669447104987,merge,1.7136,1.58173,0.964039,0.782177,0.049797,5.18086,20064,19968,13017,10828,4874,117,118
1789636669547103762,merge,1.69984,1.60352,0.935475,0.799557,0.074159,5.1979,19968,20064,12822,11001,4875,117,118
1789636669647158027,merge,1.71341,1.59897,0.953685,0.802995,0.051362,5.20421,19968,19968,13169,10967,4876,117,118
1789636669747191539,merge,1.6996,1.57115,1.02252,0.782829,0.049448,5.20911,20064,19872,12780,10803,4877,117,118
1789636669847134644,merge,1.71488,1.59174,0.94691,0.795629,0.05821,5.19844,19968,20064,13049,10946,4878,117,118
1789636669947138891,merge,1.70688,1.59428,0.976331,0.797265,0.207618,5.37071,20064,19872,13134,10913,4879,117,118
1789636670047153737,merge,1.69457,1.57855,0.929189,0.799463,0.069176,5.15846,19968,19968,12832,10872,4880,117,118
1789636670147104776,merge,1.70637,1.59151,1.00745,0.788991,0.087547,5.27007,19968,20064,13030,10997,4881,117,118
1789636670247090356,merge,1.71254,1.61031,0.958165,0.805488,0.158021,5.33323,19968,20064,13148,11009,4882,117,118
1789636670347141030,merge,1.71045,1.58166,0.952749,0.795311,0.207672,5.33508,20160,19872,12973,10785,4883,117,118
1789636670447168175,merge,1.69947,1.59021,0.941734,0.782345,0.054652,5.15699,19872,20064,13065,10757,4884,117,118
1789636670547089665,merge,1.72629,1.60267,0.955833,0.803486,0.071,5.24822,20064,20064,13235,11045,4885,117,118
1789636670647138151,merge,1.69631,1.60893,0.937274,0.803077,0.048518,5.1815,19968,19968,12838,10979,4886,117,118
1789636670747133051,merge,1.71405,1.57658,0.977723,0.794299,0.049668,5.20036,19968,19968,13126,10822,4887,117,118
1789636670847090233,merge,1.73209,1.58434,0.964881,0.800713,0.084019,5.25244,19968,20064,13218,10929,4888,117,118
1789636670947043088,merge,1.6914,1.65566,0.943842,0.797382,0.162171,5.33733,20064,19968,12855,11001,4889,117,118
1789636671047093813,merge,1.74453,1.58484,0.992342,0.784031,0.058832,5.25239,19968,19968,13418,10832,4890,117,118
1789636671147055654,merge,1.68735,1.58669,0.931358,0.799106,0.074451,5.16726,19968,20064,12897,10909,4891,117,118
1789636671247027440,merge,1.7269,1.59687,0.963368,0.793071,0.050762,5.21566,20064,19968,13130,10895,4892,117,118
1789636671347119076,merge,1.71936,1.60219,0.954745,0.801926,0.048809,5.21265,19968,19968,13121,10883,4893,117,118
1789636671447035741,merge,1.78319,1.58764,0.968588,0.782531,0.050671,5.28039,20064,20064,13059,10898,4894,117,118
1789636671547076224,merge,1.69565,1.58727,0.950327,0.786542,0.049837,5.15464,19968,19968,12940,10879,4895,117,118
1789636671647086852,merge,1.715,1.6038,0.980882,0.800349,0.050341,5.24196,19968,19968,13191,10997,4896,117,118
1789636671747004095,merge,1.70265,1.58484,0.94897,0.800039,0.050503,5.17034,19872,20064,13042,10860,4897,117,118
1789636671946912985,merge,1.6991,1.63766,0.948351,0.801662,0.060322,5.23528,19776,20064,12985,11036,4898,118,119
1789636672046961148,merge,1.70519,1.61345,0.954846,0.805452,0.192302,5.35749,19872,20064,13153,11004,4899,118,119
1789636672147077744,merge,1.71495,1.56914,0.977254,0.792343,0.051332,5.18911,20256,19872,12990,10765,4900,118,119
1789636672246864340,merge,1.70614,1.60563,0.950072,0.783336,0.051551,5.1895,19872,20064,13032,10878,4901,118,119
1789636672346958515,merge,2.32203,1.60161,0.945452,0.798532,0.051732,5.83042,19872,19968,13123,10961,4902,118,119
1789636672446924931,merge,1.733,1.59228,0.951875,0.797164,0.071227,5.24412,20064,20064,13043,10942,4903,118,119
1789636672547008104,merge,1.72176,1.58486,0.962812,0.793727,0.049883,5.19765,19968,19968,12993,10899,4904,118,119
1789636672646950805,merge,1.70458,1.60256,0.96225,0.799672,0.050933,5.20435,19968,19968,13126,10983,4905,118,119
1789636672747023153,merge,1.71053,1.60944,0.954597,0.792233,0.050552,5.20609,20064,20064,13099,10944,4906,118,119
1789636672846935007,merge,1.69417,1.57935,0.947427,0.792387,0.054746,5.1669,19968,19968,12808,10843,4907,118,119
1789636672946923060,merge,2.41271,1.58875,0.957175,0.798425,0.049987,5.91215,19968,19968,13185,10960,4908,118,119
1789636673047052582,merge,1.68547,1.62252,0.948067,0.800796,0.059226,5.21028,19872,20064,12900,10858,4909,118,119
1789636673146918766,merge,1.71884,1.6383,0.92833,0.788783,0.055632,5.23924,20160,19968,12969,10728,4910,118,119
1789636673246895822,merge,1.71145,1.60072,0.963402,0.806301,0.05612,5.23909,19872,20064,12861,10983,4911,118,119
1789636673346996094,merge,1.72065,1.60054,0.961683,0.799574,0.056895,5.23173,20160,19968,13237,10991,4912,118,119
1789636673446934357,merge,1.68601,1.59017,0.927845,0.792152,0.049504,5.13285,19968,19968,12698,10840,4913,118,119
1789636673547030060,merge,1.71105,1.59477,0.943803,0.800051,0.091212,5.23124,19968,20064,13157,10990,4914,118,119
1789636673646967989,merge,2.52999,1.71491,0.951994,0.793587,0.181086,6.31106,20064,19968,12912,10982,4915,118,119
1789636673746973522,merge,1.69991,1.63818,0.930841,0.808954,0.051707,5.21778,19968,19968,12871,10953,4916,118,119
1789636673846946511,merge,2.54891,2.3626,1.32743,1.10922,0.148593,7.67617,19872,20064,12939,10823,4917,118,119
1789636673946924193,merge,2.57937,2.35531,1.34935,1.10862,0.10692,7.6673,20064,19968,13150,10787,4918,118,119
1789636674046913412,merge,2.55125,2.3945,1.23107,0.823719,0.054907,7.22578,20064,20064,12918,10980,4919,118,119
1789636674147004163,merge,1.70293,1.59092,0.95623,0.795224,0.052102,5.19173,19872,19968,13013,10873,4920,118,119
1789636674246912480,merge,1.70565,1.58114,0.95923,0.789737,0.053226,5.17825,20064,19968,13150,10850,4921,118,119
1789636674346853329,merge,1.69919,1.6037,0.940449,0.805079,0.086329,5.22474,19968,20064,12785,10986,4922,118,119
1789636674446897146,merge,1.70609,1.59355,0.963614,0.784089,0.053097,5.19202,20064,19968,13275,10905,4923,118,119
1789636674546903931,merge,1.70314,1.58359,0.954318,0.789079,0.051353,5.16802,19968,19968,12962,10898,4924,118,119
1789636674646847317,merge,1.70989,1.60184,0.948785,0.801785,0.054043,5.20601,20064,20064,12982,11029,4925,118,119
1789636674746852402,merge,1.70248,1.63372,0.976009,0.79863,0.05368,5.25633,19968,19968,13056,10900,4926,118,119
1789636674846916752,merge,1.69682,1.58506,0.957593,0.781124,0.052008,5.16225,19968,19968,13010,10773,4927,118,119
1789636674946843303,merge,1.71403,1.59465,0.941992,0.794999,0.050776,5.18762,20064,20064,12866,10893,4928,118,119
1789636675046952658,merge,1.70584,1.60003,0.948448,0.781041,0.064028,5.18754,19968,19968,13127,10953,4929,118,119
1789636675146861031,merge,1.69144,1.59901,0.919967,0.754258,0.0502,5.10459,19968,19968,12765,10867,4930,118,119
1789636675246826089,merge,1.71024,1.59302,0.959463,0.802803,0.066816,5.23122,20064,20160,13029,10941,4931,118,119
1789636675347526370,merge,2.57134,2.37228,1.31171,0.85032,0.233151,7.51252,19968,19872,12956,10907,4932,118,119
1789636675446855231,merge,1.70897,1.60067,0.938629,0.801776,0.0678,5.20749,20064,19968,12934,10949,4933,118,119
1789636675546865252,merge,1.71954,1.59049,0.931061,0.793879,0.091551,5.21419,19968,20064,12922,10959,4934,118,119
1789636675646798922,merge,1.70763,1.58808,0.973044,0.788573,0.053856,5.19767,20064,19968,13211,10835,4935,118,119
1789636675746940506,merge,1.71866,1.60911,0.96075,0.811075,0.052498,5.2417,20064,19968,12787,10941,4936,118,119
1789636675846942007,merge,1.68777,1.6004,0.932849,0.778036,0.050185,5.13441,19872,20064,13006,10876,4937,118,119
1789636675946825758,merge,1.72636,1.59148,0.969853,0.783594,0.052444,5.20993,20064,20064,13283,10963,4938,118,119
1789636676046948660,merge,1.70508,1.5924,0.90844,0.796179,0.048271,5.13454,19968,19968,12723,10982,4939,118,119
1789636676146902253,merge,1.73204,1.59217,0.951633,0.770424,0.049515,5.17976,20064,19968,13236,10906,4940,118,119
1789636676246887430,merge,1.70865,1.59046,0.950147,0.774559,0.055765,5.16416,19968,20064,13088,10993,4941,118,119
1789636676346932619,merge,1.70647,1.58877,0.925487,0.79263,0.050281,5.15004,19968,19968,12775,10955,4942,118,119
1789636676446837156,merge,1.6972,1.61368,0.924255,0.847225,0.054957,5.22278,19968,20064,13074,11091,4943,118,119
1789636676546902763,merge,1.71298,1.58302,0.970874,0.779882,0.048859,5.18103,20064,19968,13196,10788,4944,118,119
1789636676646885945,merge,1.69678,1.58666,0.940161,0.773203,0.048804,5.12874,19968,19968,12693,10854,4945,118,119
1789636676746892788,merge,1.70798,1.60658,0.969943,0.799936,0.050682,5.22414,20064,20064,13263,11006,4946,118,119
1789636676846914762,merge,1.69468,1.62027,0.963399,0.761687,0.049335,5.17815,19968,19968,12921,10889,4947,118,119
1789636676946894443,merge,1.69687,1.58177,0.920788,0.78254,0.049285,5.1187,19968,19968,12837,10921,4948,118,119
1789636677046818417,merge,1.69701,1.58962,0.949787,0.766725,0.048354,5.1359,20064,19968,13059,10957,4949,118,119
1789636677146792606,merge,1.7127,1.6082,0.952311,0.805794,0.048826,5.21535,19968,20064,13001,11075,4950,118,119
1789636677246859878,merge,1.69564,1.58725,0.921322,0.795255,0.052788,5.13604,19968,19968,12674,10938,4951,118,119
1789636677346785856,merge,1.72469,1.58379,0.961632,0.78454,0.050845,5.19258,20064,19968,13260,10950,4952,118,119
1789636677446741455,merge,1.70985,1.60979,0.940484,0.80289,0.049893,5.19611,20064,19968,12821,11057,4953,118,119
1789636677546827616,merge,1.7096,1.60575,0.949596,0.798665,0.049535,5.19927,19968,19968,12982,10988,4954,118,119
1789636677646772192,merge,1.78444,1.5995,0.926298,0.777348,0.049446,5.23675,19968,20064,13061,10962,4955,118,119
1789636677746737271,merge,1.71499,1.60586,0.937661,0.798128,0.050306,5.19334,20064,19968,12915,11067,4956,118,119
1789636677846845492,merge,1.7082,1.60986,0.956493,0.796581,0.051834,5.20796,19968,20064,13088,11051,4957,118,119
1789636677946807624,merge,1.69511,1.6062,0.971195,0.800021,0.049289,5.20771,19968,19968,13122,11030,4958,118,119
1789636678046721609,merge,1.72812,1.5925,0.937719,0.795526,0.050445,5.19181,20160,19968,12948,10948,4959,118,119
1789636678146811856,merge,1.68319,1.6178,0.953393,0.803219,0.050819,5.19458,19872,20064,12972,11077,4960,118,119
1789636678246773410,merge,1.70965,1.60761,0.971762,0.804352,0.049088,5.22729,19968,19968,13182,11062,4961,118,119
1789636678346745434,merge,1.70771,1.60004,0.93417,0.787621,0.050267,5.16447,20064,20064,12779,10971,4962,118,119
1789636678446758700,merge,1.72663,1.60237,0.9584,0.795398,0.051297,5.22353,19968,19968,13149,11019,4963,118,119
1789636678546682548,merge,1.76283,1.61245,0.949255,0.782406,0.05211,5.25299,20064,19968,13099,11063,4964,118,119
1789636678646753455,merge,1.69997,1.60709,0.938219,0.800005,0.052086,5.18557,19968,20064,12786,11013,4965,118,119
1789636678746794279,merge,1.69714,1.58456,0.941126,0.801211,0.051326,5.16031,19968,19968,12983,10904,4966,118,119
1789636678846721541,merge,1.73291,1.58628,0.944204,0.778497,0.051905,5.17828,20064,19968,13270,10929,4967,118,119
1789636678946671202,merge,1.67671,1.60391,0.911514,0.799172,0.050855,5.12746,19968,20064,12567,10996,4968,118,119
1789636679046697782,merge,1.70166,1.58799,0.939412,0.783397,0.051411,5.14749,19968,19968,13165,10919,4969,118,119
1789636679146645018,merge,1.69124,1.59087,0.920413,0.797257,0.055044,5.13954,19968,20064,12963,10970,4970,118,119
1789636679246724097,merge,1.70657,1.59025,0.94474,0.782417,0.051257,5.15735,20064,19872,12856,10939,4971,118,119
1789636679346619676,merge,1.72365,1.60157,0.938393,0.801263,0.051252,5.20437,20064,19968,13186,11040,4972,118,119
1789636679446709415,merge,1.70193,1.59208,0.95039,0.790939,0.050406,5.16573,19968,20160,13094,10852,4973,118,119
1789636679546793215,merge,1.70937,1.57105,0.932432,0.787666,0.051999,5.13585,20064,19872,12861,10831,4974,118,119
1789636679646672312,merge,1.68948,1.60586,0.932882,0.79464,0.051473,5.15809,19872,19968,13031,10950,4975,118,119
1789636679846807063,merge,1.69842,1.56938,0.93898,0.78838,0.102442,5.18174,19968,19872,12799,10814,4976,118,119
1789636679946734224,merge,1.70404,1.65008,0.959288,0.787648,0.244862,5.43196,19872,19968,13121,10952,4977,118,119
1789636680046661263,merge,1.78596,1.67514,0.956248,0.7934,0.180063,5.48009,20160,19968,13139,10877,4978,118,119
1789636680146807325,merge,1.77148,1.65801,0.951046,0.768907,0.174641,5.40934,19968,19968,12914,10931,4979,118,119
1789636680246688030,merge,1.70606,1.7136,0.949597,0.805698,0.24693,5.51628,19872,20064,13000,11080,4980,118,119
1789636680346695248,merge,1.80424,1.69476,0.974798,0.811308,0.190457,5.56766,20160,20064,13194,11045,4981,118,119
1789636680446782577,merge,1.7536,1.56754,0.937981,0.781871,0.243102,5.37191,19968,19872,12781,10785,4982,118,119
1789636680546652286,merge,1.79282,1.67613,0.968199,0.776043,0.175001,5.47783,19968,20064,13224,10824,4983,118,119
1789636680646649354,merge,1.75056,1.67632,0.958168,0.796178,0.173923,5.44552,20064,19968,12861,10977,4984,118,119
1789636680746676741,merge,1.76948,1.6719,0.926454,0.783227,0.176084,5.41236,19968,19968,12954,10845,4985,118,119
1789636680846683515,merge,1.80513,1.66598,0.998759,0.799494,0.177604,5.53488,19968,20064,13208,10972,4986,118,119
1789636680946682193,merge,1.76179,1.66826,0.939648,0.800052,0.174729,5.43219,19968,20064,12862,11002,4987,118,119
1789636681046672384,merge,1.78493,1.68127,0.957838,0.784849,0.178448,5.47497,20064,19968,13128,10992,4988,118,119
1789636681146619550,merge,1.77483,1.65297,0.940199,0.783589,0.175701,5.41373,19968,19968,13075,10839,4989,118,119
1789636681246635936,merge,1.77297,1.67498,0.937215,0.802146,0.172238,5.44787,19968,20064,12978,10949,4990,118,119
1789636681346611050,merge,1.83876,1.5895,0.967298,0.789954,0.247806,5.51833,20160,19872,13384,10892,4991,118,119
1789636681446699255,merge,1.75278,1.66783,0.931975,0.794702,0.172942,5.40768,19968,20064,12974,10743,4992,118,119
1789636681546650027,merge,1.79768,1.65429,0.965076,0.783014,0.176551,5.46801,20064,19968,13232,10801,4993,118,119
1789636681646713270,merge,1.69482,1.65384,0.9531,0.804975,0.242278,5.43769,19872,20064,13019,11072,4994,118,119
1789636681746657608,merge,1.72916,1.64495,0.959547,0.785851,0.242613,5.45567,19872,19968,13263,10953,4995,118,119
1789636681846610431,merge,1.77106,1.6549,0.936781,0.796827,0.172663,5.41737,20160,20064,12948,10846,4996,118,119
1789636681946604436,merge,1.78528,1.65827,0.953001,0.8029,0.174221,5.46035,19968,19968,13101,10918,4997,118,119
1789636682046651925,merge,1.7285,1.64609,0.946431,0.910807,0.243896,5.56285,19872,19968,13094,10982,4998,118,119
1789636682146757774,merge,1.78923,1.66124,0.949955,0.768651,0.147143,5.42174,20064,20064,13091,10916,4999,118,119
1789636682246700515,merge,1.75979,1.56845,0.929132,0.781458,0.238762,5.36314,20064,19872,12856,10753,5000,118,119
1789636682347316062,merge,1.71309,1.66174,0.971067,0.792975,0.285046,5.51774,19872,20064,13116,10865,5001,118,119
1789636682446717207,merge,1.76272,1.68553,0.927153,0.772433,0.176441,5.42066,19968,19968,12934,10847,5002,118,119
1789636682546661725,merge,1.78855,1.66989,0.947021,0.78701,0.173351,5.45587,20064,20064,12954,10964,5003,118,119
1789636682646618743,merge,1.69255,1.63567,0.934693,0.782659,0.240256,5.37041,19872,19968,12881,10961,5004,118,119
1789636682746600885,merge,1.78278,1.67789,0.926997,0.799943,0.181814,5.45417,20064,20064,13199,10991,5005,118,119
1789636682846682408,merge,1.75354,1.66036,0.938717,0.811564,0.175501,5.42229,19968,20064,12595,10934,5006,118,119
1789636682946766409,merge,1.77099,1.56708,0.93826,0.784134,0.245172,5.38864,19968,19872,13159,10796,5007,118,119
1789636683046622358,merge,1.75622,1.68253,0.92666,0.796002,0.171756,5.42221,19968,20064,12940,10983,5008,118,119
1789636683146682457,merge,1.78418,1.66479,0.9368,0.757667,0.170089,5.39801,20160,19968,12980,10728,5009,118,119
1789636683246704998,merge,1.69404,1.6346,0.953931,0.790716,0.250004,5.41512,19872,19968,12980,10768,5010,118,119
1789636683346644284,merge,1.7688,1.68219,0.951354,0.803232,0.185022,5.47917,19968,20064,13130,11071,5011,118,119
1789636683446612182,merge,1.7535,1.68362,0.925482,0.805871,0.170275,5.42941,20064,20064,12878,11039,5012,118,119
1789636683546695611,merge,1.69359,1.6174,0.932577,0.772745,0.237971,5.34442,19872,19968,12999,10799,5013,118,119
1789636683646635595,merge,1.78665,1.65533,0.984516,0.794136,0.174558,5.47724,20160,19968,13389,10899,5014,118,119
1789636683746635182,merge,1.76405,1.68202,0.917896,0.801936,0.175308,5.43117,19968,19968,12716,10985,5015,118,119
1789636683846648863,merge,1.78266,1.67195,0.973038,0.76582,0.176468,5.45922,20064,20064,13277,10946,5016,118,119
1789636683946767119,merge,1.7798,1.66461,0.948427,0.778018,0.172332,5.43566,19968,19968,13069,10761,5017,118,119
1789636684046716859,merge,1.77191,1.6838,0.937128,0.786569,0.17268,5.43828,19968,20064,12784,10872,5018,118,119
1789636684146704759,merge,1.76054,1.58505,0.946566,0.778805,0.242652,5.3985,19968,19872,13041,10815,5019,118,119
1789636684246633015,merge,1.77157,1.67394,0.955132,0.808962,0.175476,5.46979,19968,20160,13185,11061,5020,118,119
1789636684346684469,merge,1.76511,1.57558,0.918162,0.779217,0.235686,5.35718,20064,19872,12713,10822,5021,118,119
1789636684446654398,merge,1.77364,1.68463,0.946928,0.785744,0.175508,5.45186,19968,20064,13158,10961,5022,118,119
1789636684546603147,merge,1.77394,1.65136,0.948834,0.781624,0.170147,5.41063,20064,19968,13005,10800,5023,118,119
1789636684646602779,merge,1.76272,1.6733,0.910114,0.797274,0.170149,5.39545,19968,20064,12788,10979,5024,118,119
1789636684746677513,merge,1.75211,1.67561,0.93309,0.783823,0.176133,5.40798,19968,19968,12944,10958,5025,118,119
1789636684846596529,merge,1.77174,1.65232,0.95768,0.788399,0.142874,5.40984,20064,19968,13152,10813,5026,118,119
1789636684946594971,merge,1.75396,1.6673,0.923577,0.787662,0.174639,5.39107,19968,20064,12703,10821,5027,118,119
1789636685046629325,merge,1.76907,1.67244,0.950439,0.80426,0.172472,5.45969,19968,19968,13120,10981,5028,118,119
1789636685146603282,merge,1.77046,1.68803,0.929889,0.808748,0.190994,5.47794,20064,20064,13023,11071,5029,118,119
1789636685246665617,merge,1.77156,1.65857,0.949358,0.785735,0.17394,5.42384,20064,19968,12933,10853,5030,118,119
1789636685346777663,merge,1.78594,1.66483,0.933441,0.779836,0.177737,5.43312,19968,20064,13153,10934,5031,118,119
1789636685446604228,merge,1.77143,1.68186,0.934904,0.794878,0.175775,5.44699,20064,19968,12960,10988,5032,118,119
1789636685547062236,merge,1.78942,1.67331,0.956085,0.781728,0.177523,5.46864,20064,19968,13142,10876,5033,118,119
1789636685646771000,merge,1.68598,1.65021,0.950727,0.797712,0.243738,5.41476,19872,20064,12980,10923,5034,118,119
1789636685746656342,merge,1.79281,1.6694,0.971979,0.792158,0.177091,5.49288,20064,19968,13025,10924,5035,118,119
1789636685846670420,merge,1.75976,1.67416,0.934909,0.781192,0.177633,5.41631,19968,19968,12943,10902,5036,118,119
1789636685946619594,merge,1.76381,1.66031,0.944225,0.783727,0.178471,5.41667,19968,20064,13181,10856,5037,118,119
1789636686046683229,merge,1.76535,1.67228,0.903331,0.786531,0.17605,5.39181,19968,20064,12762,10985,5038,118,119
1789636686147091562,merge,1.79801,1.6106,0.961941,0.797603,0.256666,5.52193,20160,19872,13214,10932,5039,118,119
1789636686246732826,merge,1.68127,1.6405,0.924048,0.785263,0.239019,5.35416,19872,20064,12879,10879,5040,118,119
1789636686346605271,merge,1.77893,1.66255,0.94406,0.767289,0.182355,5.42106,20064,19968,12871,10908,5041,118,119
1789636686446646173,merge,1.7498,1.68843,0.940743,0.805024,0.176347,5.44756,19968,20064,12940,11101,5042,118,119
1789636686546699820,merge,1.77546,1.68134,0.974682,0.790233,0.182906,5.4904,19968,19968,13170,10998,5043,118,119
1789636686646589109,merge,1.7675,1.67083,0.909301,0.813091,0.172842,5.42068,20064,20064,12673,10845,5044,118,119
1789636686747117993,merge,1.92754,1.58006,0.961729,0.8019,0.195763,5.56665,20064,19872,13221,10872,5045,118,119
1789636686846655491,merge,1.77699,1.68847,0.965614,0.804109,0.177482,5.50139,20064,20064,13051,10989,5046,118,119
1789636686946728246,merge,1.68517,1.65028,0.927895,0.805845,0.23636,5.39271,19872,20064,12739,10969,5047,118,119
1789636687047012510,merge,1.77758,1.60435,0.960894,0.780726,0.24755,5.45206,20064,19872,13200,10813,5048,118,119
1789636687146640833,merge,1.75934,1.68342,0.952312,0.796672,0.174569,5.45655,19968,20064,13067,11026,5049,118,119
1789636687246621984,merge,1.77466,1.68245,0.928996,0.804182,0.176826,5.46314,20064,20064,12914,10982,5050,118,119
1789636687347076803,merge,1.69209,1.67007,0.944596,0.796339,0.240254,5.43305,19872,19968,13016,10928,5051,118,119
1789636687546678934,merge,1.69258,1.62212,0.93741,0.808413,0.189182,5.33968,19872,20064,12785,11050,5052,120,121
1789636687746696977,merge,1.69954,1.60007,0.939943,0.78315,0.072358,5.18436,19968,19968,12813,10954,5053,121,122
1789636687846723581,merge,1.69738,1.60966,0.949719,0.792824,0.087451,5.22417,19968,20064,13014,11027,5054,121,122
1789636687946732390,merge,1.69978,1.6618,0.94604,0.805592,0.175658,5.37488,19968,19968,12979,11068,5055,121,122
1789636688046614858,merge,1.71578,1.61868,0.950767,0.810868,0.049242,5.24484,20064,19968,13018,10994,5056,121,122
1789636688146662339,merge,1.70292,1.59583,0.956065,0.815821,0.049212,5.20941,20064,19968,12949,11043,5057,121,122
1789636688246716334,merge,1.71647,1.61068,0.958283,0.801594,0.086342,5.26366,19968,20064,13149,11070,5058,121,122
1789636688346726884,merge,1.68102,1.6148,0.919582,0.913123,0.175214,5.38937,19968,20064,12684,11079,5059,121,122
1789636688446955756,merge,1.71222,1.58684,0.938961,0.783902,0.050061,5.15885,19968,19968,13012,10951,5060,121,122
1789636688546694411,merge,1.70499,1.6008,0.946815,0.805553,0.049444,5.19376,20064,19968,13101,11062,5061,121,122
1789636688646689720,merge,1.70385,1.60824,0.930917,0.804277,0.04789,5.18183,20064,19968,12816,11070,5062,121,122
1789636688746749186,merge,1.70385,1.59369,0.950238,0.801058,0.056989,5.19438,19968,20064,13105,10914,5063,121,122
1789636688846952062,merge,1.75056,1.61414,0.92452,0.800442,0.050602,5.23207,19968,19968,13118,10918,5064,121,122
1789636688946652479,merge,1.7505,1.63043,0.923789,0.803063,0.054893,5.25605,20064,19968,12881,10982,5065,121,122
1789636689047039810,merge,1.75718,1.64153,0.938849,0.801749,0.05117,5.28475,20064,20064,13207,11055,5066,121,122
1789636689147172155,merge,1.74836,1.62341,0.938403,0.800654,0.050551,5.24952,19872,20064,13069,10972,5067,121,122
1789636689247047792,merge,1.75936,1.61943,0.948315,0.781904,0.055304,5.24949,20160,19872,12879,10880,5068,121,122
1789636689347152603,merge,1.76346,1.64176,0.932473,0.809184,0.055569,5.29786,19968,20064,13166,11110,5069,121,122
1789636689447116658,merge,1.74374,1.60455,0.920691,0.797648,0.050744,5.21243,19872,19872,12982,10869,5070,121,122
1789636689647143983,merge,1.6861,1.60795,0.937075,0.805758,0.048104,5.18464,19872,20064,12935,10983,5071,122,123
1789636689746601230,merge,1.70719,1.59504,0.9851,0.788413,0.050713,5.20989,20064,19872,13213,10967,5072,122,123
1789636689846696949,merge,1.70351,1.58101,0.936183,0.784566,0.052987,5.1467,20064,19968,12706,10857,5073,122,123
1789636689947078819,merge,1.72254,1.59818,0.949788,0.797192,0.051106,5.20966,19872,20160,13104,10996,5074,122,123
1789636690046601477,merge,1.70149,1.59106,0.957353,0.797978,0.051761,5.19175,20064,19872,12979,10916,5075,122,123
1789636690146591743,merge,1.72563,1.5892,0.938886,0.795621,0.049479,5.18677,20064,19968,12962,10916,5076,122,123
1789636690247122989,merge,1.70254,1.59543,0.938995,0.799206,0.049808,5.17253,19968,20064,13056,10988,5077,122,123
1789636690347014231,merge,1.69813,1.60843,0.955505,0.79506,0.049734,5.19662,19968,20064,13036,11028,5078,122,123
1789636690447019372,merge,1.76406,1.61514,0.935247,0.790709,0.050468,5.24927,20064,19872,12856,10867,5079,122,123
1789636690547062819,merge,1.74264,1.60939,0.956344,0.78801,0.055362,5.25,19968,20064,13167,10792,5080,122,123
1789636690647052430,merge,1.69768,1.59081,0.954669,0.791229,0.051739,5.18843,19968,20064,13051,10946,5081,122,123
1789636690746965663,merge,1.69938,1.60956,0.933469,0.792614,0.052182,5.18537,19968,19968,12817,10968,5082,122,123
1789636690846909332,merge,1.73931,1.57951,0.982916,0.787632,0.050932,5.22419,20064,19968,13391,10826,5083,122,123
1789636690946984134,merge,1.69714,1.57833,0.938716,0.79097,0.049765,5.1405,19968,19968,12949,10865,5084,122,123
1789636691046675810,merge,1.70302,1.6106,0.94772,0.799025,0.049323,5.19384,19968,20064,12943,11052,5085,122,123
1789636691146670237,merge,1.75991,1.58943,0.985439,0.775059,0.051158,5.24756,20064,19968,13467,10865,5086,122,123
1789636691246967561,merge,1.68919,1.5858,0.927679,0.790678,0.051144,5.13206,19968,20064,12816,10924,5087,122,123
1789636691346905626,merge,1.74093,1.59676,0.98896,0.796646,0.055372,5.26485,20064,19968,13363,10894,5088,122,123
1789636691446976493,merge,1.69499,1.63219,0.949078,0.794591,0.047674,5.21495,19968,19968,12932,10881,5089,122,123
1789636691546885267,merge,1.73267,1.58376,0.967205,0.778198,0.050689,5.19946,19968,20064,13241,10834,5090,122,123
1789636691647045272,merge,1.70817,1.58025,0.944952,0.790202,0.050234,5.15709,20064,19968,13011,10905,5091,122,123
1789636691746982392,merge,1.71109,1.60399,0.974698,0.805383,0.051995,5.23496,19872,20064,13158,11034,5092,122,123
1789636691846881351,merge,1.68854,1.59835,0.967838,0.778499,0.049103,5.17834,19776,19968,12935,10830,5093,122,123
1789636692046945532,merge,1.6999,1.59999,0.933251,0.807455,0.048782,5.18095,19872,20064,12945,11054,5094,123,124
1789636692146929754,merge,1.70649,1.58577,0.961163,0.78861,0.05229,5.18183,19968,19872,13156,10857,5095,123,124
1789636692246611764,merge,1.68658,1.59875,0.922552,0.77405,0.048817,5.11359,20064,20160,12661,10838,5096,123,124
1789636692347986281,merge,2.59035,1.99446,0.984429,0.780968,0.051016,6.54842,19968,19968,13238,10830,5097,123,124
1789636692447918993,merge,1.72042,1.60941,0.941597,0.812418,0.047715,5.21709,19872,19968,12888,10960,5098,123,124
1789636692546912736,merge,1.7164,1.58479,0.941943,0.787111,0.051622,5.16853,20160,20064,12993,10884,5099,123,124
1789636692646996697,merge,1.70391,1.58036,0.958029,0.812925,0.049249,5.18987,19872,19968,13068,10847,5100,123,124
1789636692746954582,merge,1.71342,1.59806,0.965383,0.790276,0.050556,5.20944,20064,19968,13161,10957,5101,123,124
1789636692846926005,merge,1.70594,1.59034,0.943379,0.78178,0.048844,5.15085,20064,19968,12892,10914,5102,123,124
1789636692946984245,merge,1.71378,1.58521,0.94665,0.793432,0.050293,5.17361,19872,20064,13046,10942,5103,123,124
1789636693046897368,merge,1.72135,1.6239,0.956037,0.80583,0.050798,5.249,19968,19968,13193,10898,5104,123,124
1789636693146827536,merge,1.70233,1.60793,0.940415,0.802685,0.050306,5.19033,20064,20064,12877,10856,5105,123,124
1789636693246976002,merge,1.73097,1.57856,0.962031,0.767463,0.050857,5.18545,20064,19968,13217,10815,5106,123,124
1789636693346960940,merge,2.00874,1.57939,0.958625,0.78255,0.049973,5.48863,19872,19968,12983,10896,5107,123,124
1789636693547007831,merge,1.69666,1.59827,0.928111,0.787088,0.050135,5.14518,19872,20064,12931,10900,5108,124,125
1789636693646822706,merge,1.71254,1.57671,0.978739,0.775546,0.051883,5.18268,20064,19968,13279,10847,5109,124,125
1789636693746895382,merge,1.71372,1.59435,0.924182,0.795137,0.052326,5.17261,19968,19968,12612,10969,5110,124,125
1789636693846867784,merge,1.72699,1.61886,0.951223,0.801068,0.057993,5.24509,20064,20160,13248,11090,5111,124,125
1789636693947978811,merge,1.69602,1.5671,0.934482,0.785856,0.05116,5.12542,19968,19872,12930,10732,5112,124,125
1789636694046929695,merge,1.71437,1.5887,0.904911,0.76413,0.050377,5.11165,19968,20064,12786,10813,5113,124,125
1789636694146954939,merge,1.74654,1.63302,0.960362,0.788195,0.05081,5.26939,20064,19968,13048,10937,5114,124,125
1789636694246947811,merge,1.76603,1.62066,0.95013,0.783869,0.052324,5.27008,19968,19968,13177,10835,5115,124,125
1789636694346803011,merge,1.73694,1.61962,0.922431,0.797306,0.052374,5.21643,19968,20064,12567,10927,5116,124,125
1789636694446932946,merge,1.76827,1.62654,0.977757,0.787985,0.052398,5.30047,20064,19968,13236,10927,5117,124,125
1789636694546813906,merge,1.73005,1.63747,0.943462,0.784717,0.053489,5.23984,19968,20064,12965,11028,5118,124,125
1789636694647876712,merge,1.76585,1.6118,0.955295,0.778904,0.051222,5.25014,20064,19968,12836,10843,5119,124,125
1789636694746885603,merge,1.76339,1.62366,0.949807,0.794264,0.051594,5.27525,19968,19968,13103,10876,5120,124,125
1789636694846812257,merge,1.7581,1.63807,0.943582,0.783555,0.050503,5.2661,19968,20064,13110,10883,5121,124,125
1789636694947874058,merge,1.75767,1.60631,0.949056,0.774913,0.050292,5.2342,20064,19872,12846,10743,5122,124,125
1789636695046872483,merge,1.73798,1.6265,0.957007,0.786363,0.051726,5.24283,19968,20064,13092,10873,5123,124,125
1789636695146773432,merge,1.76919,1.64216,0.946181,0.798163,0.053567,5.298,19968,20064,13151,11109,5124,124,125
1789636695247860331,merge,1.75632,1.62432,0.954205,0.791972,0.049826,5.2812,20064,19968,12825,10893,5125,124,125
1789636695346796692,merge,1.70668,1.57363,0.968641,0.771274,0.049241,5.15423,20064,19968,13265,10796,5126,124,125
1789636695447782243,merge,1.68206,1.59997,0.956156,0.805345,0.049213,5.1778,19872,20064,12884,11028,5127,124,125
1789636695547834162,merge,2.54965,2.37908,1.32927,1.13169,0.105451,7.6563,20064,19968,12931,11018,5128,124,125
1789636695646892430,merge,2.55862,2.2239,0.971117,0.793006,0.054137,6.74716,20064,19968,13146,10893,5129,124,125
1789636695747827073,merge,1.70456,1.59788,0.940923,0.787631,0.059472,5.1895,19968,20064,12981,10849,5130,124,125
1789636695847763737,merge,1.72104,1.62574,0.975352,0.786388,0.048374,5.2626,20064,19968,12888,10921,5131,124,125
1789636695947797253,merge,1.71469,1.59722,0.959876,0.782899,0.050095,5.19276,19968,19968,13159,10863,5132,124,125
1789636696047779018,merge,1.72115,1.59916,0.911486,0.810061,0.050056,5.18002,20064,20064,12694,10963,5133,124,125
1789636696147830433,merge,1.7249,1.60189,0.976148,0.828545,0.049155,5.2497,19968,19968,13105,11040,5134,124,125
1789636696247758634,merge,1.70813,1.61174,0.967657,0.77462,0.04909,5.20322,20064,20064,13086,10978,5135,124,125
1789636696347874538,merge,1.70793,1.59945,0.932017,0.795982,0.049994,5.17289,19872,20064,12731,11019,5136,124,125
1789636696447861248,merge,1.70003,1.5791,0.958337,0.781455,0.052546,5.15734,20064,19872,13051,10849,5137,124,125
1789636696547739930,merge,1.7172,1.61465,0.959501,0.80156,0.050766,5.23417,19968,20064,13135,11124,5138,124,125
1789636696647754163,merge,1.72196,1.5933,0.927616,0.915253,0.051065,5.29191,20064,19968,12858,10824,5139,124,125
1789636696747787299,merge,1.68676,1.59116,0.953554,0.794478,0.04936,5.16154,19872,20064,12976,10863,5140,124,125
1789636696846926416,merge,1.72814,1.60311,0.968907,0.79012,0.052695,5.22996,20160,19968,13361,10980,5141,124,125
1789636696947778347,merge,1.69597,1.60662,0.912475,0.798744,0.048676,5.1484,19872,20064,12620,11010,5142,124,125
1789636697047867918,merge,1.71697,1.5806,0.960716,0.789185,0.049924,5.18607,20064,19968,13276,10875,5143,124,125
1789636697146894706,merge,1.71266,1.58995,0.954458,0.781952,0.050694,5.17648,20064,19968,13098,10903,5144,124,125
1789636697247803612,merge,1.71436,1.60644,0.927103,0.801784,0.050674,5.18401,19968,19968,12841,10984,5145,124,125
1789636697347709889,merge,1.71238,1.59293,0.955668,0.800923,0.0495,5.20609,19968,20064,13026,10959,5146,124,125
1789636697447737486,merge,1.70564,1.57921,0.947882,0.78828,0.050592,5.15736,19968,19968,13171,10896,5147,124,125
1789636697546787880,merge,1.71024,1.62301,0.936125,0.793992,0.050487,5.20375,20064,19968,12737,11031,5148,124,125
1789636697647711730,merge,1.71188,1.61412,0.962705,0.80838,0.050852,5.23176,19968,20064,13171,10992,5149,124,125
1789636697746858242,merge,1.69819,1.57839,0.940189,1.08231,0.052124,5.44068,20064,19968,12910,10932,5150,124,125
1789636697847683737,merge,1.70709,1.59704,0.959493,0.797996,0.04968,5.20093,19968,20064,12925,11013,5151,124,125
1789636697947814067,merge,1.6989,1.60869,0.927875,0.786591,0.048957,5.15594,19968,19968,12964,11071,5152,124,125
1789636698047755676,merge,1.70703,1.6087,0.946748,0.798381,0.051151,5.20113,20064,20064,13043,11070,5153,124,125
1789636698147857932,merge,1.69794,1.58835,0.944973,0.796236,0.049385,5.16134,19968,19968,12814,10915,5154,124,125
1789636698247741244,merge,1.71593,1.60597,0.9483,0.802892,0.052308,5.2086,20064,19872,13231,11061,5155,124,125
1789636698347726430,merge,1.71429,1.60898,0.934512,0.803627,0.050099,5.20315,19968,20064,12902,11100,5156,124,125
1789636698446727844,merge,1.70652,1.59979,0.949558,0.799878,0.05006,5.19094,19968,20064,12941,11001,5157,124,125
1789636698547761096,merge,1.72762,1.60383,0.968197,0.79377,0.050654,5.23474,20064,19968,13275,11071,5158,124,125
1789636698647676523,merge,1.71928,1.61421,0.960383,0.80459,0.051327,5.23906,20064,19968,12874,11080,5159,124,125
1789636698747784891,merge,1.70571,1.60675,0.951187,0.811125,0.051315,5.21955,19872,20064,13042,11053,5160,124,125
1789636698947878433,merge,1.69752,1.58874,0.931152,0.792573,0.051739,5.14991,19872,19968,12830,10954,5161,125,126
1789636699046704150,merge,1.72307,1.60349,0.955655,0.794029,0.049225,5.21003,20064,20064,13013,11029,5162,125,126
1789636699147761624,merge,1.70975,1.59334,0.958923,0.797169,0.051714,5.1939,19968,19968,13142,10931,5163,125,126
1789636699247678861,merge,2.52546,2.36802,1.10668,0.802587,0.048819,7.0126,20064,19968,12729,10884,5164,125,126
1789636699347694240,merge,1.69906,1.60543,0.940946,0.792668,0.05173,5.18021,19872,20064,13060,11114,5165,125,126
1789636699447786656,merge,1.7282,1.61219,0.959431,0.782315,0.051433,5.22326,20064,19968,13100,10978,5166,125,126
1789636699547650706,merge,1.71373,1.58433,0.915392,0.791098,0.050514,5.14501,19968,19968,12851,10804,5167,125,126
1789636699647666972,merge,1.69046,1.58474,0.925348,0.782767,0.050627,5.11381,19968,20064,12865,10878,5168,125,126
1789636699747711146,merge,1.73627,1.6086,0.984504,0.792044,0.051289,5.25198,20064,19968,13262,11003,5169,125,126
1789636699847607095,merge,1.71684,1.58064,0.90029,0.763467,0.050732,5.08225,20064,19872,12726,10839,5170,125,126
1789636699947614245,merge,1.73039,1.59093,0.94932,0.782514,0.052445,5.18758,19968,20160,13140,10969,5171,125,126
1789636700047727262,merge,1.72606,1.59616,0.958311,0.79074,0.052444,5.20697,20064,19776,13134,10898,5172,125,126
1789636700147645510,merge,1.73721,1.59968,0.917385,0.779643,0.047524,5.15226,19968,20064,12788,10980,5173,125,126
1789636700247628108,merge,1.73193,1.58149,0.958551,0.787033,0.051319,5.17731,20064,19968,13319,10876,5174,125,126
1789636700347761314,merge,1.73075,1.59283,0.951402,0.791882,0.051223,5.21383,19968,19968,13074,10950,5175,125,126
1789636700447703844,merge,1.70234,1.6079,0.945893,0.818739,0.055578,5.21975,19968,20064,12832,11047,5176,125,126
1789636700547626498,merge,1.72741,1.58951,0.97053,0.779094,0.05181,5.20715,19968,20064,13186,10758,5177,125,126
1789636700647698620,merge,2.55086,2.34939,1.35659,1.11227,0.104628,7.63077,20064,19872,13174,10820,5178,125,126
1789636700747635746,merge,2.52644,2.39535,1.35452,1.14471,0.114044,7.69975,19968,20064,12773,10991,5179,125,126
1789636700847607794,merge,2.56894,2.36654,1.3622,1.11811,0.109188,7.67771,19968,19968,13271,10910,5180,125,126
1789636700946680514,merge,1.99442,1.58333,0.945775,0.78763,0.052147,5.48478,19968,20064,13068,10924,5181,125,126
1789636701046728010,merge,1.70297,1.58537,0.941217,0.789721,0.051649,5.15892,20160,19968,12973,10951,5182,125,126
1789636701147769447,merge,1.73176,1.59747,0.972225,0.797038,0.049681,5.23062,19968,19968,13281,10999,5183,125,126
1789636701247598507,merge,1.69254,1.58534,0.927589,0.800344,0.051154,5.142,19968,20064,12906,10973,5184,125,126
1789636701347640643,merge,1.72569,1.58668,0.920958,0.792104,0.052195,5.16425,19968,20064,13108,10876,5185,125,126
1789636701447749779,merge,1.71412,1.59697,0.938424,0.777382,0.049668,5.16143,19968,19968,13094,10875,5186,125,126
1789636701547625814,merge,2.53837,2.35199,1.26003,0.812184,0.054,7.1765,20064,19968,13040,10756,5187,125,126
1789636701647631239,merge,1.69533,1.57834,0.949354,0.783502,0.050754,5.14083,19872,19968,12954,10843,5188,125,126
1789636701747549342,merge,1.72582,1.60392,0.952368,0.810941,0.051263,5.23621,20064,20064,13171,11080,5189,125,126
1789636701847664255,merge,1.7221,1.59373,0.966072,0.790036,0.04962,5.20519,19968,19968,13069,10926,5190,125,126
1789636701946753170,merge,1.7028,1.57899,0.947598,0.796065,0.049371,5.15928,19968,20064,12950,10861,5191,125,126
1789636702047689665,merge,1.7212,1.58873,0.95631,0.788096,0.050784,5.19127,19872,19968,12986,10895,5192,125,126
1789636702247504518,merge,1.71052,1.57799,0.940689,0.779052,0.045169,5.13831,20064,19968,12900,10810,5193,126,127
1789636702347629967,merge,1.68928,1.59252,0.95516,0.782688,0.051247,5.15785,19680,20064,12945,10796,5194,126,127
1789636702447566819,merge,1.73023,1.59992,0.969339,0.790915,0.052924,5.22874,20064,19968,13258,10911,5195,126,127
1789636702547543037,merge,1.71241,1.59507,0.945442,0.788644,0.049933,5.1753,20064,19968,12914,10913,5196,126,127
1789636702646634153,merge,1.70783,1.58062,0.951964,0.793743,0.05189,5.1797,19968,20064,13132,10935,5197,126,127
1789636702746669159,merge,1.71402,1.58136,0.952185,0.774297,0.051121,5.16012,19968,19968,13130,10902,5198,126,127
1789636702847497407,merge,1.69633,1.60552,0.938672,0.792018,0.049902,5.16687,19968,20064,12953,11038,5199,126,127
1789636702947598008,merge,1.7223,1.57601,0.957487,0.787756,0.050603,5.17943,20064,19968,12969,10795,5200,126,127
1789636703047529812,merge,1.70907,1.58003,0.958104,0.788827,0.050431,5.16908,19968,19968,13171,10898,5201,126,127
1789636703147497855,merge,1.69586,1.6146,0.931849,0.794043,0.050325,5.17079,19968,20064,12837,10948,5202,126,127
1789636703247537921,merge,1.7166,1.59004,0.952216,0.776727,0.052292,5.17053,20064,19968,13072,10759,5203,126,127
1789636703347474454,merge,1.6961,1.57755,0.963781,0.788097,0.052505,5.16167,19968,19968,12980,10798,5204,126,127
1789636703447492604,merge,2.03569,1.60229,0.94617,0.809315,0.050653,5.55056,20064,20064,12991,11068,5205,126,127
1789636703547551548,merge,1.69263,1.59413,0.94245,0.793126,0.050715,5.1558,19968,19968,12827,10955,5206,126,127
1789636703647497502,merge,1.70945,1.58336,0.954907,0.796607,0.052226,5.18132,19968,20064,13180,10896,5207,126,127
1789636703747636929,merge,1.70061,1.58119,0.950202,0.797434,0.051183,5.16645,20064,19968,12762,10894,5208,126,127
1789636703847531145,merge,1.7108,1.59707,0.956859,0.793974,0.052059,5.19531,19968,19968,13031,10932,5209,126,127
1789636703947517492,merge,1.70509,1.59591,0.950635,0.785308,0.05045,5.17233,19968,20064,13046,10899,5210,126,127
1789636704047571040,merge,1.71602,1.58084,0.945052,0.786612,0.051475,5.16468,20064,19968,12912,10751,5211,126,127
1789636704147591154,merge,1.70706,1.60451,0.956677,0.795507,0.049772,5.20187,19968,20064,13092,10995,5212,126,127
1789636704247568086,merge,1.72192,1.61483,0.95433,0.779249,0.050463,5.21964,19968,19968,13099,10927,5213,126,127
1789636704347631617,merge,2.37919,1.91403,0.928446,0.772934,0.049218,6.15811,20064,19968,12916,10856,5214,126,127
1789636704447556012,merge,1.70849,1.58523,0.969398,0.794302,0.051501,5.19612,19968,19968,13067,10891,5215,126,127
1789636704547559767,merge,1.99471,1.60811,0.932119,0.77992,0.052301,5.47362,20064,20064,13258,11032,5216,126,127
1789636704647544331,merge,1.84743,1.58728,0.919797,0.763043,0.050146,5.27627,19968,19968,12748,10854,5217,126,127
1789636704747540108,merge,1.70449,1.5884,0.965931,0.776365,0.051563,5.17369,19968,20064,13150,10961,5218,126,127
1789636704847512148,merge,1.70462,1.59866,0.969725,0.811177,0.052222,5.21668,20064,19968,13100,10931,5219,126,127
1789636704947561907,merge,1.71953,1.59829,0.921755,0.77713,0.049327,5.16303,20064,19968,12884,10845,5220,126,127
1789636705047679839,merge,1.69469,1.57843,0.950559,0.785201,0.04885,5.14057,19968,19968,13018,10765,5221,126,127
1789636705147515698,merge,1.71889,1.59359,0.961068,0.790753,0.05143,5.20655,19968,20064,13136,10976,5222,126,127
1789636705247517189,merge,1.71636,1.59811,0.917534,0.784242,0.049893,5.15094,20064,19968,12677,11006,5223,126,127
1789636705347654654,merge,1.69389,1.58687,0.971664,0.784967,0.050568,5.1743,19872,20064,13093,10878,5224,126,127
1789636705447418072,merge,1.70572,1.58082,0.957086,0.783231,0.051463,5.16299,20160,19968,13090,10844,5225,126,127
1789636705547658021,merge,1.69739,1.60375,0.922248,0.794361,0.049722,5.15264,19872,20064,12762,11095,5226,126,127
1789636705647628954,merge,1.71366,1.58663,0.944672,0.796786,0.048938,5.17683,20064,19872,13076,10850,5227,126,127
1789636705747417126,merge,2.54566,2.36817,1.34557,1.1181,0.112185,7.64303,20064,20064,13084,10912,5228,126,127
1789636705847626207,merge,2.51591,2.3733,1.31586,1.11498,0.10837,7.58364,19968,20064,12852,10870,5229,126,127
1789636705947622470,merge,1.8122,1.6066,0.951989,0.813584,0.053651,5.34488,19872,19968,13040,10983,5230,126,127
1789636706047526933,merge,1.73374,1.58446,0.963633,0.786068,0.048602,5.20215,20160,19968,13188,10909,5231,126,127
1789636706147546212,merge,1.70477,1.61616,0.933654,0.786108,0.048481,5.17588,19968,19968,12861,10875,5232,126,127
1789636706247537515,merge,1.71287,1.60417,0.965654,0.791198,0.052172,5.21538,20064,20064,13295,11020,5233,126,127
1789636706347587963,merge,1.68608,1.59247,0.940231,0.779338,0.048147,5.13476,19968,19968,12838,10882,5234,126,127
1789636706447505069,merge,1.7453,1.6269,0.935962,0.802705,0.050716,5.24796,19968,20064,12988,11012,5235,126,127
1789636706547540936,merge,2.54479,2.36807,1.35204,1.13003,0.107633,7.66248,20064,19968,13160,11009,5236,126,127
1789636706647584715,merge,2.52486,2.38029,1.32913,1.12577,0.112703,7.63282,19968,19968,12880,10973,5237,126,127
1789636706747405182,merge,1.7017,1.59334,0.94213,0.785844,0.049205,5.16542,19968,20064,12911,10811,5238,126,127
1789636706847561797,merge,1.75098,1.61907,0.950113,0.794212,0.051179,5.25516,20064,19968,13231,10869,5239,126,127
1789636706947522976,merge,1.73017,1.64155,0.93747,0.785961,0.048728,5.2361,19968,20064,12653,11035,5240,126,127
1789636707047465215,merge,1.78244,1.61814,0.94346,0.798397,0.053536,5.28328,19968,19968,13085,10905,5241,126,127
1789636707147511477,merge,2.53689,2.31895,0.971098,0.798741,0.053881,6.82162,20064,19968,13067,10913,5242,126,127
1789636707247514410,merge,1.73545,1.64095,0.917901,0.799591,0.051752,5.24396,19968,20064,12793,11026,5243,126,127
1789636707347540498,merge,1.74573,1.63543,0.939398,0.800674,0.061226,5.27265,19968,19968,12963,10957,5244,126,127
1789636707447508990,merge,2.555,1.65779,0.958903,0.792257,0.052077,6.15349,20064,19968,13229,10952,5245,126,127
1789636707547454856,merge,1.71311,1.60319,0.930204,0.802937,0.049905,5.19231,19968,20064,12701,11017,5246,126,127
1789636707647523086,merge,1.73834,1.61395,0.955197,0.798418,0.049,5.26226,19968,19968,13146,10987,5247,126,127
1789636707747557069,merge,1.73496,1.59562,0.974964,0.791162,0.050703,5.24639,20160,19968,13299,10914,5248,126,127
1789636707847548037,merge,1.699,1.58937,0.926708,0.810064,0.057489,5.17209,19872,20064,12719,10930,5249,126,127
1789636707947503240,merge,1.71893,1.60569,0.964907,0.806388,0.050947,5.23594,20064,19968,13241,11065,5250,126,127
1789636708047480558,merge,1.69867,1.61635,0.946355,0.79355,0.05034,5.1974,19968,20064,13077,11075,5251,126,127
1789636708147628277,merge,1.72901,1.59863,0.942603,0.794688,0.049535,5.19942,20064,19872,12884,11012,5252,126,127
1789636708247391098,merge,1.71599,1.58654,0.95486,0.793755,0.050591,5.19006,20064,20064,13166,10930,5253,126,127
1789636708347643805,merge,1.72534,1.60538,0.955103,0.802145,0.050268,5.22616,19968,19968,13038,11040,5254,126,127
1789636708447549735,merge,1.69824,1.61282,0.942382,0.81171,0.049933,5.20599,19968,19968,12800,11088,5255,126,127
1789636708547351431,merge,1.72361,1.59919,0.942888,0.79805,0.049999,5.1997,19968,20160,13192,10945,5256,126,127
1789636708647546127,merge,1.7356,1.60428,0.955754,0.812512,0.04916,5.24712,20064,19872,12906,11063,5257,126,127
1789636708747486985,merge,1.71141,1.60788,0.948242,0.790389,0.051036,5.19654,19968,20064,12954,11054,5258,126,127
1789636708847356055,merge,2.52599,2.38614,1.34548,1.1398,0.108384,7.66195,20064,19968,13056,11010,5259,126,127
1789636708947487276,merge,2.53922,2.36732,1.33248,0.909936,0.054434,7.359,19968,19968,12962,10916,5260,126,127
1789636709047463716,merge,1.701,1.59942,0.940202,0.803018,0.052952,5.1852,19968,20064,12724,11000,5261,126,127
1789636709147433568,merge,1.73154,1.60062,0.941676,0.788785,0.055029,5.20355,19968,19968,13142,10992,5262,126,127
1789636709247423728,merge,1.71162,1.59879,0.934044,0.804354,0.049615,5.18994,20064,20064,12910,10995,5263,126,127
1789636709347546072,merge,1.71336,1.5843,0.940297,0.786919,0.050328,5.15878,20064,19872,13044,10824,5264,126,127
1789636709447472112,merge,1.72578,1.62451,0.941391,0.799287,0.050687,5.22871,19872,20064,13017,11139,5265,126,127
1789636709647506884,merge,1.71608,1.58627,0.951895,0.768705,0.055137,5.17149,19968,19968,13102,10787,5266,127,128
1789636709747454794,merge,1.7162,1.60854,0.975852,0.798551,0.050067,5.23501,19968,20064,13122,10993,5267,127,128
1789636709847438580,merge,1.71956,1.60952,0.935733,0.795921,0.050811,5.20008,19968,19968,12952,10999,5268,127,128
1789636709947281439,merge,1.71192,1.5764,0.959522,0.777136,0.05126,5.16418,20064,19872,13084,10806,5269,127,128
1789636710047421525,merge,1.71817,1.61899,0.952462,0.800229,0.04889,5.23171,19968,20064,13179,10980,5270,127,128
1789636710147452982,merge,1.72,1.61705,0.924514,0.785396,0.048,5.18267,20064,19968,12808,10975,5271,127,128
1789636710247419058,merge,1.7352,1.62525,0.975493,0.814788,0.051537,5.30145,19968,19968,13211,10898,5272,127,128
1789636710347432028,merge,2.03333,1.62272,0.935446,0.802805,0.0512,5.55532,19872,20064,12967,10994,5273,127,128
1789636710447375429,merge,2.05445,1.64026,0.950357,0.810773,0.056457,5.6217,20160,19968,12967,10980,5274,127,128
1789636710547387388,merge,1.81384,1.63214,1.15937,1.13852,0.114011,5.95787,19968,19968,13050,11001,5275,127,128
1789636710647410060,merge,2.06731,1.58804,0.940142,0.79152,0.049938,5.54491,19968,20064,13195,10790,5276,127,128
1789636710747412670,merge,1.70044,1.60286,0.919649,0.791452,0.050234,5.15724,19968,20064,12683,10946,5277,127,128
1789636710847372117,merge,1.72148,1.58526,0.962847,0.796691,0.050714,5.19906,20064,19872,13174,10886,5278,127,128
1789636710947365890,merge,1.70339,1.58441,0.952001,0.77871,0.051202,5.15634,20064,20064,13037,10929,5279,127,128
1789636711047496511,merge,1.6826,1.58712,0.927836,0.786467,0.049879,5.12068,19872,20064,12770,10898,5280,127,128
1789636711147413349,merge,1.71432,1.5898,0.950577,0.788824,0.050299,5.17555,20064,19872,13211,10844,5281,127,128
1789636711247339947,merge,1.71674,1.61172,0.96212,0.797046,0.053132,5.22521,19968,20064,13058,11044,5282,127,128
1789636711347339176,merge,1.72481,1.59398,0.955454,0.807651,0.050923,5.21881,19968,20064,12941,10971,5283,127,128
1789636711447330648,merge,1.74638,1.59545,0.967309,0.798116,0.050316,5.24603,19968,19968,13341,10913,5284,127,128
1789636711547370262,merge,1.69499,1.60386,0.946355,0.788071,0.050579,5.1737,20160,19968,12951,10911,5285,127,128
1789636711647492185,merge,1.7251,1.58366,0.968893,0.792842,0.050891,5.20887,19872,19968,13249,10781,5286,127,128
1789636711747137959,merge,1.71585,1.5904,0.956438,0.804277,0.052099,5.20195,19968,20064,13093,10984,5287,127,128
1789636711847353873,merge,1.72932,1.59212,0.9749,0.779939,0.05047,5.21361,19968,19872,13332,10928,5288,127,128
1789636711947091517,merge,1.6762,1.60425,0.945361,0.805259,0.04928,5.16811,20160,20160,12827,10960,5289,127,128
1789636712047407218,merge,1.72322,1.56204,0.957995,0.776745,0.051367,5.15683,19872,19872,13241,10750,5290,127,128
1789636712147136491,merge,1.69663,1.60157,0.959898,0.804342,0.051827,5.20452,19872,20064,13118,11072,5291,127,128
1789636712247281101,merge,1.71639,1.6105,0.928718,0.792335,0.050829,5.18791,20160,20064,12959,11077,5292,127,128
1789636712347360010,merge,2.20458,1.56723,0.941277,0.77582,0.053328,5.65064,19872,19872,12948,10741,5293,127,128
1789636712447080864,merge,1.72516,1.59663,0.979299,0.796685,0.051225,5.23594,20064,20064,13280,10790,5294,127,128
1789636712547426706,merge,1.68772,1.60733,0.937331,0.803436,0.051044,5.17568,19968,20064,12768,10975,5295,127,128
1789636712647374338,merge,1.70739,1.59092,0.950085,0.785399,0.05007,5.16846,19968,19968,13046,10852,5296,127,128
1789636712747304528,merge,1.70775,1.58279,0.941875,0.785332,0.049306,5.1515,19968,19968,12978,10895,5297,127,128
1789636712847332362,merge,1.7124,1.60339,0.931533,0.782922,0.050592,5.17664,19968,20064,13024,11019,5298,127,128
1789636712947322249,merge,1.70901,1.59349,0.925948,0.789296,0.048839,5.15524,20064,19968,12807,10911,5299,127,128
1789636713047357514,merge,1.70814,1.58398,0.950104,0.784092,0.051041,5.15934,19968,19968,13185,10866,5300,127,128
1789636713147373761,merge,1.68846,1.58663,0.955533,0.801872,0.049514,5.1683,19968,19968,12874,10896,5301,127,128
1789636713247250989,merge,1.70263,1.60459,0.948796,0.787597,0.049594,5.18134,19968,20064,12871,10924,5302,127,128
1789636713347278866,merge,1.69686,1.59195,0.947892,0.767026,0.049629,5.14206,19968,20064,13090,10720,5303,127,128
1789636713447322271,merge,1.70457,1.57954,0.965854,0.788544,0.051589,5.17743,19968,19968,13118,10862,5304,127,128
1789636713547249814,merge,1.70375,1.60619,0.926582,0.791529,0.05083,5.16718,20064,20064,12894,11028,5305,127,128
1789636713647400444,merge,1.70381,1.59447,0.970905,0.804692,0.050638,5.21355,19968,19968,13124,10867,5306,127,128
1789636713747362595,merge,1.71451,1.58889,0.947399,0.793242,0.048775,5.18479,20064,20064,13137,10926,5307,127,128
1789636713847396761,merge,1.70145,1.57802,0.952188,0.784021,0.049001,5.1463,19968,19872,12855,10826,5308,127,128
1789636713947221703,merge,1.71252,1.6022,0.963205,0.790525,0.05129,5.20724,20064,19968,13245,10957,5309,127,128
1789636714047307025,merge,1.70384,1.59753,0.952015,0.792478,0.051381,5.18106,19968,20064,12933,10907,5310,127,128
1789636714147319776,merge,1.705,1.58366,0.944507,0.795802,0.048396,5.16038,20064,19968,12999,10793,5311,127,128
1789636714247265169,merge,1.70368,1.60575,0.948678,0.794162,0.052041,5.19866,19872,20064,12910,10944,5312,127,128
1789636714347294441,merge,1.70727,1.59983,0.961384,0.799006,0.050589,5.20553,20064,20064,13077,10969,5313,127,128
1789636714447363854,merge,1.7006,1.56326,0.92471,0.781708,0.048747,5.10117,20064,19872,12857,10760,5314,127,128
1789636714547295057,merge,1.7126,1.59751,0.943134,0.796213,0.050131,5.18772,19872,20064,13038,11030,5315,127,128
1789636714647188875,merge,1.69182,1.59896,0.961272,0.797767,0.049671,5.1823,19968,19968,12863,10945,5316,127,128
1789636714747185821,merge,1.7318,1.58726,0.944082,0.787653,0.052407,5.19973,20064,20064,12965,10938,5317,127,128
1789636714847370898,merge,1.69424,1.57353,0.939566,0.788581,0.053083,5.13092,20064,19872,13060,10811,5318,127,128
1789636714947213903,merge,1.70632,1.61205,0.940663,0.796668,0.053079,5.1947,19968,20064,12934,11079,5319,127,128
1789636715047182178,merge,1.68478,1.59522,0.935198,0.779317,0.050227,5.13274,19968,20064,12890,10772,5320,127,128
1789636715147311814,merge,1.70536,1.61155,0.957411,0.786017,0.049565,5.19632,19968,19968,13130,10824,5321,127,128
1789636715347241123,merge,1.71026,1.60033,0.948442,0.803745,0.054983,5.20611,19968,19968,13061,10955,5322,128,129
1789636715447283424,merge,1.72452,1.58659,0.953603,0.790849,0.049736,5.19063,19968,20064,13187,10861,5323,128,129
1789636715547187125,merge,1.69794,1.58518,0.936779,0.800743,0.050639,5.15902,19872,19968,12795,10875,5324,128,129
1789636715647141843,merge,1.72762,1.61557,0.966091,0.808158,0.052101,5.26851,20160,19968,13177,10950,5325,128,129
1789636715747166489,merge,1.70092,1.60359,0.95158,0.796753,0.051479,5.19125,19872,20064,12992,10931,5326,128,129
1789636715847135937,merge,1.73824,1.58781,0.946447,0.786765,0.05245,5.19912,20160,19968,12967,10815,5327,128,129
1789636715947177365,merge,1.69765,1.60133,0.944198,0.762141,0.049339,5.13689,19968,19968,13040,10918,5328,128,129
1789636716047157870,merge,1.7457,1.60716,0.961728,0.778165,0.051284,5.23978,19968,20064,13191,10848,5329,128,129
1789636716147136676,merge,1.69732,1.5961,0.913472,0.787856,0.052281,5.13479,19968,20064,12596,10936,5330,128,129
1789636716247141770,merge,1.75077,1.59878,0.963014,0.792854,0.054984,5.25156,20064,19968,13254,10973,5331,128,129
1789636716347205833,merge,1.71559,1.60979,0.968995,0.79892,0.057439,5.24033,20064,19968,13019,10985,5332,128,129
1789636716447179977,merge,1.71422,1.59724,0.932738,0.773688,0.052126,5.1572,19872,20064,12705,10964,5333,128,129
1789636716547134591,merge,1.72518,1.58506,0.944853,0.787625,0.052078,5.19101,20064,19968,13061,10909,5334,128,129
1789636716647137121,merge,1.71285,1.60629,0.944498,0.789367,0.052502,5.19415,20064,19968,13143,11027,5335,128,129
1789636716747178528,merge,1.71264,1.59929,0.93759,0.787948,0.049635,5.17329,19968,19968,12704,10925,5336,128,129
1789636716847170841,merge,1.69907,1.59459,0.956049,0.787546,0.053358,5.18157,19968,20064,13128,10899,5337,128,129
1789636716947134977,merge,1.72282,1.59468,0.962316,0.806106,0.050936,5.22701,19968,19968,13056,10975,5338,128,129
1789636717047089392,merge,1.70831,1.59825,0.933409,0.803224,0.049885,5.18026,19968,20064,12756,11005,5339,128,129
1789636717147088076,merge,1.71978,1.5875,0.952613,0.777043,0.05232,5.17416,20064,19968,13220,10911,5340,128,129
1789636717247134502,merge,1.718,1.58959,0.953412,0.78759,0.051878,5.19447,20064,19968,13003,10932,5341,128,129
1789636717347179051,merge,1.71824,1.6134,0.956456,0.804089,0.049443,5.23088,19968,20064,13011,11050,5342,128,129
1789636717447091157,merge,1.69939,1.58954,0.955924,0.780057,0.053961,5.16477,19968,19968,13090,10899,5343,128,129
1789636717547124835,merge,1.71493,1.58559,0.953044,0.809965,0.051173,5.20283,19968,19968,13031,10944,5344,128,129
1789636717647074393,merge,1.70907,1.61661,0.953675,0.804674,0.050276,5.23075,20064,20064,12887,11122,5345,128,129
1789636717747185579,merge,1.72466,1.60671,0.961449,0.791273,0.053801,5.2288,20064,19872,13255,11017,5346,128,129
1789636717847095755,merge,1.69898,1.59739,0.93089,0.803966,0.048058,5.16818,19968,20064,12730,10976,5347,128,129
1789636717947063064,merge,1.70893,1.59131,0.949987,0.799294,0.050428,5.1912,20064,19968,13145,10931,5348,128,129
1789636718047114700,merge,1.69449,1.61612,0.942301,0.805331,0.05098,5.19704,19968,20160,12968,11071,5349,128,129
1789636718147175468,merge,1.71131,1.60951,0.950547,0.804152,0.0496,5.21317,19968,19872,12851,11037,5350,128,129
1789636718247055995,merge,1.7044,1.60682,0.958646,0.797034,0.04952,5.20545,20064,19968,12938,10958,5351,128,129
1789636718347091659,merge,1.71216,1.60929,0.974096,0.811395,0.048726,5.24414,19968,20064,13198,11052,5352,128,129
1789636718447082785,merge,1.69602,1.61114,0.933507,0.808919,0.049251,5.18271,19968,19968,12624,11049,5353,128,129
1789636718547047892,merge,2.549,2.1469,0.977351,0.811003,0.053162,6.68246,20064,19968,13188,11040,5354,128,129
1789636718647061760,merge,1.7059,1.60985,0.956912,0.815813,0.050599,5.21983,19968,20160,13060,10979,5355,128,129
1789636718747168515,merge,1.69546,1.61514,0.932027,0.797502,0.049162,5.17825,19968,19968,12748,11088,5356,128,129
1789636718847202011,merge,1.71776,1.60806,0.960919,0.779975,0.050335,5.20494,20064,19968,13225,11023,5357,128,129
1789636718947030817,merge,1.70972,1.58833,0.97037,0.792112,0.050872,5.20124,19968,19968,13063,10875,5358,128,129
1789636719047019138,merge,1.71455,1.59393,0.935301,0.789403,0.047358,5.16291,20064,20064,12882,10927,5359,128,129
1789636719147125229,merge,2.12873,1.60071,0.92537,0.777287,0.049678,5.5916,19968,19968,13105,10989,5360,128,129
1789636719247145495,merge,1.71572,1.61604,0.96628,0.792878,0.048961,5.22387,19968,20064,13192,11028,5361,128,129
1789636719347159348,merge,1.69976,1.5969,0.93402,0.788896,0.048548,5.15442,20064,19872,12801,10837,5362,128,129
1789636719447033623,merge,1.70946,1.61044,0.966543,0.803206,0.049341,5.2255,19968,20064,13167,11118,5363,128,129
1789636719547057436,merge,1.69574,1.61318,0.953335,0.792215,0.052595,5.19569,19968,19968,13039,11061,5364,128,129
1789636719647050207,merge,1.71722,1.5875,0.925487,0.77823,0.05032,5.14761,20064,19968,12874,10879,5365,128,129
1789636719747072756,merge,1.70505,1.59404,0.97474,0.77551,0.049366,5.19119,19968,20064,13013,10837,5366,128,129
1789636719847044333,merge,1.73794,1.61199,0.957218,0.79427,0.049456,5.23906,20064,19872,13176,10955,5367,128,129
1789636719946975182,merge,1.72597,1.60141,0.982717,0.805351,0.052083,5.25448,20064,19968,12760,10845,5368,128,129
1789636720047075971,merge,1.71486,1.59411,0.944278,0.774466,0.051482,5.17285,19872,20160,13115,10998,5369,128,129
1789636720147092294,merge,1.70806,1.58693,0.944584,0.799444,0.047703,5.18288,19968,19872,12919,10918,5370,128,129
1789636720246998438,merge,1.71598,1.60128,0.950622,0.778212,0.051055,5.17896,20064,19968,12924,11001,5371,128,129
1789636720346973021,merge,1.70835,1.58368,0.972934,0.77581,0.051522,5.17831,20064,20064,13101,10910,5372,128,129
1789636720447075333,merge,1.69675,1.59032,0.926981,0.78201,0.049956,5.13209,19872,19968,12977,10892,5373,128,129
1789636720547001206,merge,1.70816,1.60416,0.902067,0.778817,0.050513,5.12788,20064,19968,12850,11014,5374,128,129
1789636720646950407,merge,1.72059,1.59346,0.961059,0.790499,0.051022,5.19941,19968,20064,13152,10883,5375,128,129
1789636720747019796,merge,1.71262,1.58415,0.958221,0.7782,0.051227,5.16838,19968,19968,13038,10802,5376,128,129
1789636720846978725,merge,1.71402,1.59791,0.944709,0.802812,0.049503,5.19212,20064,19968,12898,10906,5377,128,129
1789636720946942933,merge,1.73071,1.60767,0.963585,0.813787,0.050206,5.25148,19968,20064,13322,11048,5378,128,129
1789636721046942576,merge,1.70566,1.57207,0.952794,0.780567,0.050102,5.15052,19968,19968,12996,10832,5379,128,129
1789636721146959763,merge,2.5302,2.36581,1.33308,0.824368,0.052449,7.26645,20064,19968,12971,10939,5380,128,129
1789636721246936236,merge,1.75914,1.6034,0.976837,0.793029,0.053858,5.26784,20064,20064,13456,10986,5381,128,129
1789636721347002355,merge,1.69797,1.57811,0.935252,0.787444,0.051763,5.13518,19968,19968,12823,10786,5382,128,129
1789636721446943431,merge,1.74519,1.5771,0.944606,0.770008,0.050063,5.17738,19872,19968,13305,10882,5383,128,129
1789636721546914441,merge,1.71865,1.60769,0.942798,0.776436,0.049848,5.19607,20064,20064,13031,11015,5384,128,129
1789636721646883102,merge,1.73321,1.59132,0.963489,0.791322,0.055938,5.22357,20064,19968,13223,10802,5385,128,129
1789636721746916913,merge,1.7249,1.57945,0.972263,0.775917,0.051077,5.19066,20160,19968,13100,10773,5386,128,129
1789636721847742785,merge,1.72348,1.6032,0.964771,0.799134,0.057195,5.23151,19776,20064,13146,11033,5387,128,129
1789636721946937510,merge,1.72337,1.59827,0.949414,0.797858,0.055701,5.21369,20064,19968,12926,10960,5388,128,129
1789636722046887160,merge,1.7368,1.57136,0.980944,0.768163,0.051817,5.19222,20064,19968,13169,10818,5389,128,129
1789636722146915677,merge,1.68778,1.57858,0.943729,0.786695,0.050836,5.13373,19776,20064,12846,10895,5390,128,129
1789636722246960510,merge,1.70365,1.59743,0.966731,0.792073,0.052585,5.19878,19968,19968,13099,10975,5391,128,129
1789636722346886572,merge,1.7027,1.59472,0.996587,0.781656,0.057657,5.22075,20160,19968,12802,10870,5392,128,129
1789636722446994229,merge,1.7066,1.58694,0.983169,0.790378,0.051078,5.20515,19872,20064,13139,10876,5393,128,129
1789636722546962719,merge,1.70629,1.59603,0.940954,0.799902,0.050306,5.17665,19872,19968,12932,10887,5394,128,129
1789636722646893032,merge,1.71944,1.60899,0.921178,0.787827,0.050229,5.17611,20064,20064,12874,10952,5395,128,129
1789636722746983504,merge,1.71562,1.58014,0.967333,0.787717,0.050691,5.18732,19968,19968,13146,10817,5396,128,129
1789636722846888846,merge,1.70712,1.58917,0.957962,0.799305,0.050149,5.19071,19968,19968,13109,10900,5397,128,129
1789636722946844795,merge,1.73794,1.60351,0.928777,0.790243,0.05022,5.1994,20064,19968,12922,10978,5398,128,129
1789636723046910450,merge,1.7144,1.59018,0.952724,0.777217,0.049895,5.1719,19872,20064,13063,10912,5399,128,129
1789636723146886401,merge,1.7332,1.57837,0.975903,0.81903,0.051597,5.25141,20160,19968,13329,10851,5400,128,129
1789636723246962761,merge,1.70376,1.59746,0.942796,0.785866,0.04951,5.16094,19968,19968,12734,10973,5401,128,129
1789636723346935433,merge,1.69504,1.60075,0.961576,0.791353,0.049392,5.18297,19872,20064,13059,10913,5402,128,129
1789636723446865444,merge,1.71585,1.57071,0.974821,0.773887,0.050016,5.1721,20064,19968,13136,10732,5403,128,129
1789636723546951391,merge,1.71872,1.60807,0.940118,0.810356,0.048628,5.21138,19968,20064,12904,10918,5404,128,129
1789636723646873760,merge,1.6956,1.60192,0.952035,0.79041,0.048549,5.1745,19968,19968,12927,10953,5405,128,129
1789636723746817639,merge,1.71193,1.57532,0.938407,0.794702,0.059296,5.16792,20064,19968,13249,10813,5406,128,129
1789636723846900573,merge,1.67836,1.58388,0.913983,0.77838,0.048972,5.09187,19968,20064,12621,10906,5407,128,129
1789636723946827390,merge,1.70465,1.58953,0.963378,0.799281,0.049229,5.1895,19968,19968,13096,10920,5408,128,129
1789636724046808366,merge,1.6995,1.59176,0.94501,0.766074,0.050224,5.13562,20064,19968,13052,10884,5409,128,129
1789636724146803555,merge,1.69137,1.58949,0.918436,0.789664,0.049443,5.12353,19968,20064,12782,10899,5410,128,129
1789636724246789098,merge,1.69597,1.58283,0.936703,0.791077,0.04916,5.14018,20064,19872,12990,10900,5411,128,129
1789636724346845354,merge,1.72132,1.62002,0.969427,0.790734,0.049926,5.24214,19968,20160,13159,10920,5412,128,129
1789636724446953023,merge,1.69242,1.57919,0.918291,0.804713,0.046971,5.12482,19968,19968,12601,10883,5413,128,129
1789636724546802590,merge,1.70968,1.58035,0.959587,0.785873,0.05161,5.1703,19968,19968,13128,10889,5414,128,129
1789636724746857002,merge,1.71068,1.59517,0.933511,0.789981,0.049384,5.16131,19968,20064,12774,10901,5415,129,130
1789636724846851250,merge,1.7024,1.58092,0.961162,0.785633,0.051165,5.16437,19968,19968,13135,10901,5416,129,130
1789636724946795123,merge,1.70636,1.59855,0.962566,0.807362,0.05266,5.21399,20064,19968,13143,11023,5417,129,130
1789636725046818068,merge,1.70287,1.61059,0.916815,0.814863,0.050159,5.18029,19872,20064,12754,11039,5418,129,130
1789636725146757437,merge,1.71373,1.57357,0.966825,0.754977,0.049433,5.14469,20064,19968,13187,10760,5419,129,130
1789636725246762330,merge,1.71493,1.59379,0.947069,0.795818,0.05021,5.18887,19968,20064,13165,10842,5420,129,130
1789636725346891121,merge,1.7128,1.6,0.941445,0.792134,0.051173,5.18108,20064,19968,12812,10997,5421,129,130
1789636725446838768,merge,1.71208,1.58955,0.946769,0.786265,0.050766,5.16878,19968,19968,13162,10879,5422,129,130
1789636725546751687,merge,1.71515,1.5746,0.937324,0.775771,0.050573,5.13723,20064,19968,13007,10857,5423,129,130
1789636725646774841,merge,1.7096,1.60469,0.947451,0.79885,0.050825,5.20645,19968,20160,12894,11095,5424,129,130
1789636725746867793,merge,1.74377,1.61325,0.93151,0.788669,0.050618,5.22034,20064,19872,13131,10823,5425,129,130
1789636725846818553,merge,1.73062,1.61827,0.944599,0.788873,0.051144,5.22434,19968,20064,12968,10939,5426,129,130
1789636725946801826,merge,1.71821,1.61953,0.9146,0.792599,0.049456,5.18749,19968,20064,12733,10895,5427,129,130
1789636726046833574,merge,2.56214,2.36742,1.36268,1.119,0.105857,7.67594,20064,19872,13250,10922,5428,129,130
1789636726146816616,merge,2.50721,1.68194,0.947382,0.801387,0.04442,6.1186,19968,20064,12744,10819,5429,129,130
1789636726246760247,merge,1.70563,1.58467,0.94503,0.788182,0.04813,5.15063,19968,20064,12982,10907,5430,129,130
1789636726346733194,merge,1.70706,1.60243,0.940482,0.788178,0.049647,5.18056,20064,19968,13100,11013,5431,129,130
1789636726446811767,merge,1.73153,1.62271,0.935435,0.793301,0.050595,5.22323,19968,19968,12835,10924,5432,129,130
1789636726546749839,merge,1.74003,1.58644,0.971765,0.796878,0.048187,5.23831,20064,19968,13104,10839,5433,129,130
1789636726646764667,merge,1.69236,1.58577,0.950002,0.804698,0.050889,5.16812,19968,19968,13095,10959,5434,129,130
1789636726746746359,merge,1.71043,1.61647,0.935506,0.806456,0.04943,5.20541,19968,20064,12860,11107,5435,129,130
1789636726846711484,merge,1.72001,1.58384,0.948459,0.794908,0.051604,5.18806,20064,19968,13121,10898,5436,129,130
1789636726946732301,merge,1.70185,1.59076,0.963004,0.798274,0.049523,5.18616,19968,20064,13214,10878,5437,129,130
1789636727046773034,merge,1.704,1.59912,0.936829,0.806634,0.049487,5.18312,19968,19968,12708,10947,5438,129,130
1789636727146712238,merge,1.7164,1.59528,0.945865,0.793633,0.050167,5.19519,19968,20064,13148,10921,5439,129,130
1789636727246696987,merge,1.72113,1.58028,0.948902,0.781904,0.049873,5.17058,20064,19872,13151,10884,5440,129,130
1789636727346683446,merge,1.71189,1.60491,0.929028,0.824073,0.050178,5.209,19968,20064,12752,11119,5441,129,130
1789636727446714407,merge,2.20545,1.60758,0.958078,0.798382,0.050429,5.71493,19968,20064,13023,10989,5442,129,130
1789636727546717359,merge,1.71444,1.5798,0.958393,0.784926,0.051929,5.17333,20064,19968,13240,10884,5443,129,130
1789636727646710765,merge,1.68713,1.59258,0.933771,0.794192,0.04923,5.14034,19968,19968,12595,10966,5444,129,130
1789636727746694675,merge,1.71528,1.61641,0.97731,0.801282,0.054504,5.25129,20064,20064,13260,11162,5445,129,130
1789636727846777955,merge,1.72729,1.59615,0.937864,0.797978,0.05042,5.20721,20064,19872,12942,10982,5446,129,130
1789636727946706297,merge,1.79297,1.59833,0.95443,0.797208,0.051442,5.29701,19968,20064,12894,10931,5447,129,130
1789636728046636290,merge,1.69824,1.60274,0.941699,0.802569,0.049141,5.18982,19968,20064,12992,11041,5448,129,130
1789636728146755627,merge,1.72431,1.60882,0.943136,0.797382,0.049842,5.22269,20064,19872,13087,11063,5449,129,130
1789636728246660625,merge,1.71596,1.61933,0.924421,0.795769,0.048729,5.1957,19968,20064,12740,11058,5450,129,130
1789636728346701443,merge,1.70205,1.60357,0.959266,0.789722,0.049484,5.20569,19968,19968,13138,10980,5451,129,130
1789636728446627460,merge,1.70477,1.62894,0.955284,0.787292,0.049955,5.2135,20064,19968,13060,11019,5452,129,130
1789636728546650502,merge,1.69133,1.61008,0.942376,0.787497,0.049424,5.16852,19968,20064,12862,11041,5453,129,130
1789636728646655867,merge,1.7325,1.59738,0.96711,0.795751,0.05126,5.23071,20064,19968,13255,10978,5454,129,130
1789636728746638096,merge,1.68972,1.61806,0.961884,0.803676,0.04983,5.2165,19968,20064,12900,11087,5455,129,130
1789636728846638882,merge,1.71867,1.60503,0.945026,0.803284,0.050065,5.20467,19968,19968,13003,11062,5456,129,130
1789636728946653100,merge,1.71034,1.62608,0.960995,0.808647,0.049479,5.25616,19968,20064,13073,11021,5457,129,130
1789636729046630562,merge,1.74479,1.58504,0.96246,0.791567,0.049021,5.23111,20160,19968,13044,10855,5458,129,130
1789636729146716091,merge,1.69329,1.58429,0.955424,0.77967,0.049462,5.145,19968,19968,12978,10937,5459,129,130
1789636729246654998,merge,1.71009,1.60074,0.964928,0.79434,0.049687,5.20523,19968,19968,13180,11020,5460,129,130
1789636729346644351,merge,1.69716,1.58763,0.919947,0.786347,0.047776,5.1366,20064,20064,12770,10893,5461,129,130
1789636729446695954,merge,1.71259,1.57662,0.960606,0.802258,0.049521,5.18218,19968,19968,13109,10846,5462,129,130
1789636729546604898,merge,1.71809,1.60964,0.958976,0.816628,0.049139,5.2528,19968,20064,12974,11101,5463,129,130
1789636729646745453,merge,1.71219,1.60782,0.966403,0.793713,0.049283,5.22441,20064,19872,12898,10929,5464,129,130
1789636729746713721,merge,1.68717,1.58812,0.945455,0.794067,0.050163,5.15412,19872,20064,12817,10968,5465,129,130
1789636729846614813,merge,1.74241,1.58306,1.00321,0.793787,0.052015,5.26551,20160,19968,13361,10871,5466,129,130
1789636729946753736,merge,1.69047,1.60098,0.945743,0.805792,0.047865,5.17372,20064,19968,12679,10951,5467,129,130
1789636730046764219,merge,1.70245,1.58512,0.957504,0.803846,0.049112,5.18297,19872,19968,13060,10859,5468,129,130
1789636730146702447,merge,1.70356,1.59412,0.955148,0.784609,0.050115,5.17022,19968,20160,13024,10981,5469,129,130
1789636730246640229,merge,1.71331,1.58995,0.925723,0.790684,0.050653,5.15677,20064,19872,12815,10901,5470,129,130
1789636730346664484,merge,1.70824,1.59503,0.976728,0.790006,0.049709,5.20529,19968,19968,13173,10923,5471,129,130
1789636730446614724,merge,1.7149,1.57595,0.955467,0.797597,0.050826,5.20481,20064,20064,13169,10886,5472,129,130
1789636730546615782,merge,2.56124,2.38567,1.00499,0.804984,0.052118,6.98173,19968,19968,12840,11012,5473,129,130
1789636730646713600,merge,1.70192,1.60793,0.967876,0.814341,0.051981,5.23428,19968,19968,13173,10985,5474,129,130
1789636730746596212,merge,1.70313,1.58745,0.950146,0.784744,0.050956,5.16752,19968,20064,13188,10872,5475,129,130
1789636730846618149,merge,1.70117,1.5817,0.955743,0.794236,0.051357,5.1699,20064,19968,12832,10816,5476,129,130
1789636730946603244,merge,1.72913,1.59971,0.966054,0.795745,0.050291,5.22252,20064,19968,13330,10885,5477,129,130
1789636731046737901,merge,1.70679,1.59801,0.934787,0.801571,0.050035,5.1749,19872,20064,12965,10944,5478,129,130
1789636731146639153,merge,1.69779,1.58061,0.959101,0.789641,0.047981,5.16079,20160,19968,12919,10867,5479,129,130
1789636731246766517,merge,1.72979,1.60221,0.97263,0.800317,0.051548,5.24926,19872,20064,13334,11006,5480,129,130
1789636731346794932,merge,1.69373,1.62905,0.935679,0.798435,0.051226,5.19435,20064,19968,12890,10934,5481,129,130
1789636731446644589,merge,1.72879,1.57029,0.950329,0.793765,0.051024,5.18242,20064,19968,13158,10827,5482,129,130
1789636731546757922,merge,1.70343,1.58429,1.1123,0.794207,0.05079,5.3308,19968,19968,13067,10917,5483,129,130
1789636731646692594,merge,1.711,1.61205,0.954255,0.791794,0.051491,5.2079,20064,20064,13064,11023,5484,129,130
1789636731746794872,merge,1.70684,1.62071,0.959375,0.77542,0.048577,5.19724,19968,20064,13012,10723,5485,129,130
1789636731847283177,merge,1.71504,1.57396,0.963095,0.794001,0.05056,5.18152,20064,19872,13156,10799,5486,129,130
1789636731947398295,merge,1.70712,1.61552,0.965268,0.801643,0.049935,5.22842,19968,20160,13022,11101,5487,129,130
1789636732047327940,merge,1.703,1.57366,0.966608,0.77566,0.049766,5.15505,19968,19776,13038,10741,5488,129,130
1789636732146608349,merge,1.72255,1.58613,0.9455,0.804932,0.050611,5.19865,19872,20064,13069,10956,5489,129,130
1789636732246669938,merge,1.69703,1.59705,0.971637,0.807354,0.050095,5.20826,19872,20064,13107,11035,5490,129,130
1789636732346613590,merge,1.71111,1.60261,0.946439,0.791951,0.050169,5.18968,20160,19968,12872,11006,5491,129,130
1789636732446648004,merge,1.71228,1.62389,0.966697,0.78714,0.051786,5.23174,19872,20064,13134,10944,5492,129,130
1789636732546681529,merge,1.71374,1.58335,0.960778,0.782474,0.049342,5.17173,19872,20064,13113,10811,5493,129,130
1789636732646772927,merge,1.75059,1.62356,0.935946,0.794184,0.053077,5.25659,20064,19872,12963,10883,5494,129,130
1789636732746604477,merge,1.71874,1.59515,0.945921,0.791821,0.052785,5.19179,20064,20064,13165,10819,5495,129,130
1789636732846730854,merge,1.694,1.58171,0.935517,0.793405,0.051249,5.14578,19872,20064,13032,10947,5496,129,130
1789636732946778711,merge,1.74521,1.61788,0.949832,0.79471,0.04947,5.2483,20064,19872,12989,10871,5497,129,130
1789636733046617961,merge,1.72663,1.63097,0.922522,0.801271,0.055664,5.23582,19968,20064,12873,11031,5498,129,130
1789636733146651453,merge,1.75163,1.61068,0.95544,0.79442,0.062614,5.26973,20064,19968,13246,10830,5499,129,130
1789636733246647358,merge,1.71248,1.62281,0.982978,0.796381,0.054272,5.26295,19968,19968,12782,10916,5500,129,130
1789636733346604358,merge,1.73994,1.6366,0.950738,0.812082,0.050459,5.28292,19968,20064,13028,11077,5501,129,130
1789636733446620633,merge,1.73752,1.6393,0.978021,0.779156,0.048321,5.27875,19968,20064,12996,10754,5502,129,130
1789636733546697963,merge,1.73782,1.61481,0.98749,0.795423,0.050141,5.27596,19968,19968,12994,10766,5503,129,130
1789636733646624156,merge,1.73605,1.64681,0.949779,0.808641,0.051926,5.28551,20064,20064,12803,11043,5504,129,130
1789636733746721815,merge,1.74181,1.62324,0.977633,0.78707,0.051512,5.28431,20064,19872,13240,10874,5505,129,130
1789636733846704461,merge,1.7119,1.61181,0.902205,0.792414,0.054438,5.16735,19872,20064,12742,10905,5506,129,130
1789636733946625282,merge,1.7415,1.63312,0.954332,0.800051,0.051736,5.2721,20064,20064,13009,10961,5507,129,130
1789636734046698738,merge,1.73685,1.63413,0.983257,0.786986,0.051648,5.28598,20064,19872,13200,10868,5508,129,130
1789636734146659266,merge,1.73138,1.61758,0.921258,0.792759,0.049214,5.20307,19968,19968,12827,10834,5509,129,130
1789636734246622652,merge,1.74397,1.63457,0.96079,0.798284,0.052448,5.28346,20064,20064,13151,10924,5510,129,130
1789636734346679072,merge,2.47497,1.6049,0.932474,0.787069,0.051066,5.96211,19872,20064,13020,10855,5511,129,130
1789636734446638451,merge,1.70656,1.59401,0.951215,0.785726,0.050577,5.17452,20064,19968,12985,10805,5512,129,130
1789636734546638586,merge,1.69869,1.58565,0.93449,0.808179,0.050037,5.16564,19872,20064,12922,10967,5513,129,130
1789636734646630702,merge,1.71087,1.59109,0.968078,0.807549,0.051967,5.2161,20064,19968,13261,10942,5514,129,130
1789636734746646261,merge,1.7044,1.59738,0.951517,0.794433,0.051052,5.18787,20064,19968,12811,10937,5515,129,130
1789636734846656126,merge,1.69981,1.58452,0.947162,0.787185,0.050601,5.15506,19968,20064,13105,10922,5516,129,130
1789636734946626243,merge,1.68888,1.58544,0.98683,0.791459,0.050237,5.19229,19968,19968,13000,10855,5517,129,130
1789636735046638162,merge,1.71748,1.59861,0.957937,0.796645,0.05519,5.21253,20160,19968,12960,10986,5518,129,130
1789636735146731284,merge,1.71914,1.63365,0.937286,0.795662,0.049609,5.23126,19968,19968,12957,10874,5519,129,130
1789636735246625005,merge,2.13197,1.59263,0.950479,0.773542,0.049202,5.6108,19968,20064,13159,10785,5520,129,130
1789636735346619141,merge,1.69609,1.59146,0.911568,0.84125,0.055762,5.18376,20064,19968,12663,10932,5521,129,130
1789636735446655243,merge,1.72036,1.59954,0.962116,0.843111,0.055065,5.27529,19968,19968,13164,10949,5522,129,130
1789636735546609695,merge,1.6994,1.58895,0.941936,0.794397,0.054369,5.16432,19968,20160,12967,10987,5523,129,130
1789636735646704067,merge,1.71124,1.57839,0.959159,0.783225,0.05027,5.16985,20064,19872,12816,10808,5524,129,130
1789636735846977397,merge,1.72674,1.57706,0.974153,0.779756,0.123876,5.26694,20064,19872,13142,10763,5525,129,130
1789636735946698806,merge,1.69584,1.5885,0.935619,0.798787,0.217134,5.32268,19872,20064,12748,10942,5526,129,130
1789636736046633130,merge,1.72386,1.66678,0.987667,0.7929,0.188153,5.4482,20160,19968,13295,10912,5527,129,130
1789636736146746991,merge,1.78342,1.60779,0.946748,0.795859,0.175697,5.40438,19968,20064,13057,10906,5528,129,130
1789636736246762171,merge,1.95157,1.66721,0.946261,0.79353,0.181411,5.64775,19968,19968,12834,10875,5529,129,130
1789636736346628087,merge,1.7736,1.59069,0.941265,0.782651,0.183613,5.36933,19968,20064,13189,10948,5530,129,130
1789636736446641103,merge,1.72362,1.59786,0.916641,0.770603,0.241592,5.34585,20064,19872,12991,10929,5531,129,130
1789636736546632950,merge,1.76493,1.59056,0.913593,0.781639,0.181212,5.31792,19968,20064,12946,10894,5532,129,130
1789636736646613699,merge,1.71529,1.66523,0.991147,0.791175,0.19391,5.44879,20064,19968,13159,10887,5533,129,130
1789636736746665184,merge,1.78154,1.60929,0.921175,0.78387,0.177019,5.36411,19968,20064,12966,11112,5534,129,130
1789636736846664361,merge,1.71519,1.68582,0.955802,0.80732,0.177385,5.43035,20064,19968,12968,10972,5535,129,130
1789636736946681537,merge,1.77408,1.58331,0.936147,0.792517,0.17423,5.34475,19968,20064,13156,10859,5536,129,130
1789636737046711796,merge,1.75534,1.66702,0.909842,0.777775,0.174122,5.36718,19968,19968,12698,10897,5537,129,130
1789636737146622704,merge,1.77563,1.66695,0.958929,0.802297,0.152041,5.46085,19968,19968,13040,10948,5538,129,130
1789636737246605305,merge,2.55163,2.50258,1.34288,1.11956,0.284482,7.97384,20064,20064,13055,10941,5539,129,130
1789636737346698912,merge,2.56191,2.49099,1.32279,1.11788,0.277241,7.93302,20064,19968,12860,10909,5540,129,130
1789636737446756468,merge,2.62631,2.51889,1.33438,1.12728,0.280565,8.04817,19968,19968,13010,11006,5541,129,130
1789636737546615007,merge,2.62835,2.38187,1.35417,1.12244,0.280041,7.93016,19968,20064,13144,10929,5542,129,130
1789636737646621161,merge,2.53876,2.15345,0.938731,0.795213,0.236545,6.8095,20064,19872,12747,10894,5543,129,130
1789636737846845531,merge,1.72362,1.59851,0.954962,0.791541,0.243003,5.40214,20064,19872,13232,10993,5544,129,130
1789636737946644698,merge,1.68999,1.61049,0.911036,0.791036,0.211717,5.30107,19872,20064,12639,10972,5545,129,130
1789636738046666155,merge,1.72935,1.66718,0.93865,0.790056,0.176051,5.38778,20160,19968,13340,10953,5546,129,130
1789636738146736357,merge,1.77695,1.70357,0.951898,0.800779,0.181812,5.507,19968,19968,13041,11053,5547,129,130
1789636738346842407,merge,1.79964,1.67851,0.947796,0.79426,0.175173,5.48484,19968,19968,13094,10923,5548,129,130
1789636738446723446,merge,1.72249,1.59973,0.964541,0.800664,0.240778,5.41883,20064,19872,13186,11046,5549,129,130
1789636738546611373,merge,1.74163,1.72913,0.917892,0.809912,0.180308,5.47317,20064,20064,12823,11072,5550,129,130
1789636738647064694,merge,1.81135,1.72448,1.02456,0.81308,0.19339,5.65633,19968,19968,13196,11059,5551,129,130
1789636738746715049,merge,1.74095,1.59552,0.932812,0.799994,0.157176,5.31132,19968,20064,12879,10970,5552,129,130
1789636738846702372,merge,2.55357,2.51982,1.35329,1.151,0.279399,8.02414,20064,19968,12961,11055,5553,129,130
1789636738947004139,merge,2.36161,1.69244,0.945098,0.79296,0.148736,6.04188,19968,19968,12963,11020,5554,129,130
1789636739046622129,merge,1.75052,1.72818,0.957379,0.791466,0.181435,5.49645,20064,20064,12992,10918,5555,129,130
1789636739146778723,merge,2.60554,2.49979,1.31306,1.1152,0.278779,7.97492,19968,19968,12786,10927,5556,129,130
1789636739246607566,merge,2.6398,2.38801,1.35417,0.815252,0.187985,7.56077,19968,20064,13156,11021,5557,129,130
1789636739346687448,merge,1.70056,1.68396,0.95241,0.805984,0.168244,5.40122,20064,19968,12830,10988,5558,129,130
1789636739446670164,merge,1.77192,1.6623,0.951002,0.793975,0.171324,5.43446,19968,19968,12985,10863,5559,129,130
1789636739546635749,merge,1.76571,1.59561,0.977668,0.807824,0.172179,5.40541,19968,20064,13087,11022,5560,129,130
1789636739747111167,merge,1.69983,1.58629,0.950547,0.788338,0.199728,5.31247,19872,19968,13033,10907,5561,133,134
1789636739846595158,merge,1.71229,1.58597,0.956066,0.790147,0.100994,5.23288,19968,20064,13115,10799,5562,133,134
1789636739946842944,merge,1.71565,1.59205,0.968197,0.809831,0.049038,5.22284,20064,19872,12963,10935,5563,133,134
1789636740046660542,merge,1.69675,1.60358,0.952588,0.800768,0.050721,5.18782,19968,19968,13036,10940,5564,133,134
1789636740146623391,merge,1.71254,1.57612,1.19291,0.775169,0.057523,5.39998,19968,20064,13189,10871,5565,133,134
1789636740246674247,merge,1.7002,1.59494,0.940213,0.807459,0.050056,5.17943,20064,20064,12817,11040,5566,133,134
1789636740346599399,merge,1.71747,1.59293,0.94886,0.795518,0.055272,5.19474,19968,19968,13171,10975,5567,133,134
1789636740446666025,merge,1.72268,1.57014,0.945421,0.774911,0.051173,5.1543,20064,19872,13078,10822,5568,133,134
1789636740546726419,merge,1.70046,1.60173,0.940289,0.808278,0.051251,5.183,19968,20160,12896,11113,5569,133,134
1789636740647799743,merge,1.70044,1.60102,0.940952,0.802042,0.051497,5.17836,19968,19968,13014,11025,5570,133,134
1789636740747768385,merge,1.70866,1.58152,0.962721,0.77076,0.05297,5.16965,20064,19872,13256,10815,5571,133,134
1789636740846678450,merge,1.68154,1.59545,0.933857,0.776935,0.04963,5.12572,19968,20160,12664,10801,5572,133,134
1789636740947781406,merge,1.70943,1.60314,0.964818,0.796439,0.050326,5.22401,19968,19968,13174,10933,5573,133,134
1789636741046770924,merge,1.70424,1.60223,0.960946,0.799715,0.054065,5.20814,19968,19968,13108,10986,5574,133,134
1789636741146713633,merge,1.69207,1.58046,0.959032,0.789665,0.050003,5.15347,20064,19968,12774,10828,5575,133,134
1789636741246609785,merge,1.72632,1.59131,0.961427,0.793641,0.058785,5.22064,19968,20064,13216,10962,5576,133,134
1789636741346708105,merge,1.73953,1.60415,0.953707,0.797329,0.051465,5.23248,20064,19968,13093,10964,5577,133,134
1789636741446889306,merge,1.699,1.58497,0.957081,0.789161,0.052053,5.16661,19968,19968,12981,10860,5578,133,134
1789636741546612583,merge,1.75295,1.57749,0.969193,0.793714,0.051274,5.23653,20064,19968,13386,10902,5579,133,134
1789636741646938437,merge,1.70171,1.60568,0.957088,0.798721,0.052188,5.20835,19968,20064,12971,11016,5580,133,134
1789636741746935414,merge,1.74105,1.60525,0.964539,0.782921,0.051514,5.23479,19968,20064,13245,10858,5581,133,134
1789636741846870407,merge,1.72862,1.57384,0.950823,0.775605,0.052652,5.17037,19968,19968,13090,10772,5582,133,134
1789636741946886491,merge,1.74683,1.58891,0.969221,0.79248,0.051747,5.23758,19968,19968,13332,10927,5583,133,134
1789636742046658781,merge,1.69825,1.60523,0.956049,0.796018,0.051217,5.19732,20064,20064,12832,11049,5584,133,134
1789636742146974248,merge,1.73521,1.57551,0.987351,0.785934,0.05327,5.2242,19968,19968,13273,10746,5585,133,134
1789636742246996702,merge,1.71252,1.57857,0.966745,0.790162,0.052431,5.18999,19968,19968,13095,10862,5586,133,134
1789636742346745425,merge,1.71027,1.60431,0.943366,0.80437,0.055699,5.20788,19872,20064,12967,11065,5587,133,134
1789636742447719800,merge,1.71668,1.59593,0.94531,0.78736,0.053028,5.18408,20064,19968,12947,10923,5588,133,134
1789636742546902333,merge,1.70646,1.57402,0.967833,0.795995,0.050754,5.18289,19968,19968,13222,10803,5589,133,134
1789636742646855877,merge,1.68884,1.59486,0.929177,0.791758,0.051718,5.13992,19872,20064,12785,10821,5590,133,134
1789636742747686571,merge,1.73269,1.6004,0.959863,0.784976,0.053445,5.22153,20160,19968,13089,10906,5591,133,134
1789636742846880355,merge,1.68175,1.61071,0.959684,0.798575,0.049802,5.18697,19872,20064,12919,10929,5592,133,134
1789636742947727638,merge,1.74818,1.61764,0.959318,0.789894,0.052445,5.25955,20064,19968,13095,10852,5593,133,134
1789636743046694666,merge,1.72931,1.63076,0.914932,0.80007,0.050246,5.21216,19968,19968,12805,10913,5594,133,134
1789636743146638558,merge,1.75941,1.59882,0.948211,0.792253,0.050165,5.25131,19968,20064,13194,10949,5595,133,134
1789636743246823945,merge,1.70507,1.57255,0.955137,0.787971,0.048591,5.15181,20064,19968,12958,10836,5596,133,134
1789636743346837802,merge,1.70123,1.58641,0.934991,0.784147,0.050567,5.14505,19968,19968,12928,10936,5597,133,134
1789636743446823332,merge,1.72071,1.60017,0.961102,0.780155,0.050279,5.19617,20064,19968,13227,10896,5598,133,134
1789636743546989484,merge,1.70158,1.59638,0.965595,0.769796,0.049349,5.1681,19968,20064,12953,10739,5599,133,134
1789636743647831217,merge,1.72053,1.57983,0.967419,0.791922,0.049491,5.19754,20064,19968,13055,10833,5600,133,134
1789636743747854324,merge,1.73287,1.64557,0.942552,0.811675,0.051919,5.272,19872,20064,13008,11079,5601,133,134
1789636743846818174,merge,1.72617,1.60367,0.94736,0.779618,0.050591,5.19236,20064,19968,13078,10832,5602,133,134
1789636743946636663,merge,1.73753,1.60618,0.927021,0.783259,0.053612,5.19701,19968,19968,12894,10803,5603,133,134
1789636744046869804,merge,1.7445,1.6403,0.932466,0.807143,0.051809,5.26505,19968,20064,13162,11074,5604,133,134
1789636744146742940,merge,1.74547,1.64566,1.30176,1.18009,0.10708,6.07751,20064,19968,12884,10947,5605,133,134
1789636744246623263,merge,2.54599,2.35842,1.34033,1.12449,0.106629,7.62832,20064,20064,13077,10825,5606,133,134
1789636744346966762,merge,2.5261,2.35793,1.33676,1.15402,0.097562,7.63364,19968,19968,12996,10828,5607,133,134
1789636744446879757,merge,2.59492,1.6099,0.941843,0.797356,0.048631,6.09917,20064,19968,12919,10871,5608,133,134
1789636744547854190,merge,1.71858,1.63117,0.932861,0.795898,0.054551,5.2193,19872,20064,12817,10880,5609,133,134
1789636744647619829,merge,1.75659,1.61424,0.965469,0.793048,0.051007,5.27159,20064,19968,13256,10878,5610,133,134
1789636744746811566,merge,1.7177,1.63305,0.901241,0.797684,0.052453,5.18559,19968,20064,12701,10987,5611,133,134
1789636744847713372,merge,1.75562,1.62145,0.944593,0.787453,0.051719,5.24733,20064,19872,13112,10842,5612,133,134
1789636744946883778,merge,1.73308,1.61915,0.943136,0.799114,0.06063,5.25395,19968,20064,12991,10943,5613,133,134
1789636745046876380,merge,1.71943,1.58906,0.951197,0.794382,0.049079,5.18585,20064,19968,12843,10984,5614,133,134
1789636745147817923,merge,1.69488,1.61044,0.959282,0.807531,0.050959,5.20879,19968,20064,13069,10958,5615,133,134
1789636745246854161,merge,1.70643,1.58938,0.950991,0.777806,0.050008,5.16301,19968,20064,13114,10800,5616,133,134
1789636745347741573,merge,1.73357,1.57045,0.940991,0.782483,0.048678,5.1677,20064,19872,12879,10795,5617,133,134
1789636745446927230,merge,1.70509,1.60732,0.973759,0.80507,0.0514,5.23279,19968,20064,13129,11071,5618,133,134
1789636745547597292,merge,1.72501,1.59135,0.966354,0.777247,0.049283,5.19365,20064,19968,13278,10877,5619,133,134
1789636745646892614,merge,1.69877,1.585,0.922551,0.796087,0.049419,5.13644,19968,20064,12721,10912,5620,133,134
1789636745747585932,merge,1.72289,1.58534,0.970815,0.805268,0.048889,5.22279,19968,19968,13137,10997,5621,133,134
1789636745846738909,merge,1.70723,1.59816,0.952804,0.794154,0.050744,5.19264,20064,19968,13167,10980,5622,133,134
1789636745947805989,merge,1.69809,1.58148,0.916857,0.802642,0.051027,5.13824,19968,19968,12775,10855,5623,133,134
1789636746046786342,merge,1.69722,1.59601,0.940251,0.794434,0.049486,5.16124,19968,20160,13021,10912,5624,133,134
1789636746147716326,merge,1.72141,1.59695,0.969217,0.800133,0.050706,5.22407,20064,19968,13236,10936,5625,133,134
1789636746247706302,merge,1.70866,1.59007,0.947136,0.787907,0.049402,5.17019,20064,19968,12732,10890,5626,133,134
1789636746347859196,merge,1.71077,1.58188,0.968794,0.775634,0.049531,5.17311,19968,19968,13183,10855,5627,133,134
1789636746447735158,merge,1.675,1.60253,0.946116,0.805609,0.050695,5.16671,19872,20064,12870,11055,5628,133,134
1789636746547557440,merge,1.73022,1.60617,0.9514,0.799514,0.049227,5.22961,20160,19968,12964,10915,5629,133,134
1789636746647798708,merge,1.68391,1.58048,0.974599,0.796085,0.050049,5.16993,19968,19968,12969,10879,5630,133,134
1789636746747718771,merge,1.70631,1.59603,0.954814,0.800765,0.05071,5.20763,19968,20064,13018,10990,5631,133,134
1789636746847547937,merge,1.70225,1.5976,0.939998,0.795236,0.049602,5.16815,20064,19968,12902,10987,5632,133,134
1789636746947710925,merge,1.71083,1.58816,0.958559,0.798512,0.050122,5.19085,19968,20064,13144,10851,5633,133,134
1789636747047641189,merge,1.71338,1.58072,0.950102,0.838633,0.055633,5.23339,19968,19968,12907,10842,5634,133,134
1789636747147671569,merge,1.72747,1.59591,0.937175,0.793661,0.051177,5.18816,20064,19968,13031,10943,5635,133,134
1789636747247736475,merge,1.71588,1.59143,0.962772,0.813086,0.050704,5.22059,19968,20064,13196,10932,5636,133,134
1789636747347545148,merge,1.71456,1.58096,0.94032,0.79219,0.049417,5.16359,20064,19968,12850,10909,5637,133,134
1789636747447785421,merge,1.72346,1.59017,0.963057,0.794114,0.048397,5.20468,20064,19968,13221,10911,5638,133,134
1789636747547821150,merge,1.69609,1.6035,0.952619,0.820995,0.050254,5.21322,19872,20064,12998,11049,5639,133,134
1789636747647561075,merge,1.71601,1.5823,0.943429,0.801623,0.049348,5.18086,19968,19968,12871,10921,5640,133,134
1789636747747487431,merge,1.71471,1.5928,0.965087,0.795595,0.049703,5.20748,20064,20064,13063,11017,5641,133,134
1789636747847643033,merge,1.69857,1.60504,0.94689,0.810036,0.051526,5.19979,19968,19968,13168,11020,5642,133,134
1789636747947626532,merge,1.70218,1.59683,0.928894,0.792646,0.049705,5.1517,20064,19872,12731,10992,5643,133,134
1789636748147569386,merge,1.68594,1.59608,0.953612,0.814445,0.117323,5.25319,19968,19968,12990,11019,5644,133,134
1789636748246879410,merge,1.7186,1.69305,0.942343,0.813308,0.176151,5.43174,20064,20064,12898,11055,5645,133,134
1789636748347650289,merge,1.74995,1.69078,0.952077,0.799376,0.179913,5.45943,19968,19968,12944,11067,5646,133,134
1789636748447573002,merge,1.78029,1.66634,0.98518,0.803474,0.17598,5.50066,19968,19968,13180,10948,5647,133,134
1789636748547614940,merge,1.71053,1.69016,0.910324,0.802037,0.174503,5.37604,20064,19968,12694,11086,5648,133,134
1789636748646752774,merge,1.73005,1.69316,0.986053,0.795608,0.182584,5.47948,20064,19968,13244,11097,5649,133,134
1789636748747681149,merge,1.77441,1.60472,0.962827,0.811375,0.180802,5.42799,19968,20064,12991,10987,5650,133,134
1789636748847484227,merge,1.71733,1.67949,0.947742,0.80117,0.173772,5.40174,20064,19968,12893,11031,5651,133,134
1789636748947742258,merge,1.69433,1.60827,0.944817,0.800885,0.246549,5.37837,19872,20064,13006,11059,5652,133,134
1789636749047570448,merge,1.72813,1.68623,0.97373,0.807127,0.180219,5.46623,20064,19968,13155,11035,5653,133,134
1789636749147515268,merge,1.71242,1.66268,0.971204,0.77852,0.172342,5.38145,20064,19968,12955,10898,5654,133,134
1789636749247698644,merge,1.76977,1.66278,0.95737,0.782688,0.178169,5.44286,19968,19968,13089,10968,5655,133,134
1789636749347423888,merge,1.77682,1.61058,0.939966,0.785117,0.190373,5.39017,19968,20064,13143,11030,5656,133,134
1789636749447536839,merge,1.70827,1.67536,0.942163,0.800539,0.169975,5.38298,20064,20064,12872,11016,5657,133,134
1789636749547667357,merge,1.78624,1.65774,0.965865,0.798306,0.175144,5.46803,19968,19968,13186,10883,5658,133,134
1789636749647636927,merge,1.7673,1.6734,0.949743,0.796251,0.177465,5.45479,19968,19968,12947,11029,5659,133,134
1789636749747451478,merge,1.72116,1.69741,0.953491,0.797586,0.175537,5.43025,20064,20064,12972,11059,5660,133,134
1789636749847720682,merge,1.76313,1.59671,0.936697,0.777343,0.249756,5.41284,19968,19872,13007,10791,5661,133,134
1789636749947453617,merge,1.70643,1.66676,0.940626,0.776924,0.174346,5.35482,20064,19968,13032,10884,5662,133,134
1789636750046847103,merge,1.76535,1.67958,0.92367,0.802168,0.175734,5.43881,19968,19968,12852,10938,5663,133,134
1789636750146833385,merge,1.78666,1.66021,0.947206,0.76595,0.176245,5.42281,19968,19968,13194,10817,5664,133,134
1789636750246795073,merge,1.74634,1.58646,0.935386,0.785274,0.174543,5.31728,19968,20064,12803,10925,5665,133,134
1789636750346698680,merge,1.78213,1.60674,0.977718,0.798684,0.195395,5.45115,19968,20064,12979,10997,5666,133,134
1789636750446782939,merge,1.71227,1.68322,0.964189,0.813837,0.191943,5.45489,20064,19968,13100,10967,5667,133,134
1789636750547572004,merge,1.76385,1.65494,0.964774,0.848472,0.143312,5.46414,19968,19968,12969,10887,5668,133,134
1789636750647440119,merge,1.77211,1.72267,0.97379,0.813947,0.145863,5.5342,20064,19968,13024,10947,5669,133,134
1789636750747438252,merge,1.75893,1.71934,0.972184,0.774082,0.211767,5.52946,20064,19968,13198,11018,5670,133,134
1789636750847590272,merge,1.80049,1.6209,0.937422,0.785806,0.177755,5.42222,19968,20064,12914,10813,5671,133,134
1789636750947638080,merge,1.81967,1.70117,0.956146,0.772482,0.175561,5.51853,19968,19968,13054,10808,5672,133,134
1789636751047383207,merge,1.7473,1.71801,0.998965,0.802852,0.158492,5.53066,20064,19968,13348,10876,5673,133,134
1789636751147677542,merge,1.75765,1.60034,0.945743,0.789207,0.175268,5.35773,19968,20064,12831,10964,5674,133,134
1789636751247565834,merge,1.77899,1.65002,0.952292,0.787536,0.174868,5.42697,19968,19968,13136,10858,5675,133,134
1789636751347457547,merge,1.73781,1.66469,0.97881,0.795393,0.177008,5.43896,20064,19968,13240,10922,5676,133,134
1789636751447647305,merge,1.67456,1.61065,0.935542,0.803961,0.236457,5.34493,19872,20064,12827,11048,5677,133,134
1789636751547373646,merge,1.7578,1.65823,0.985666,0.775805,0.177792,5.44182,20064,19968,13476,10834,5678,133,134
1789636751646753142,merge,1.75691,1.59994,0.948378,0.807645,0.184324,5.38631,19968,20064,12880,10966,5679,133,134
1789636751747477315,merge,1.79926,1.66729,0.961422,0.811145,0.149549,5.48991,19968,19968,13195,10890,5680,133,134
1789636751847324168,merge,1.78591,1.58762,0.933642,0.761981,0.17625,5.33187,19968,20064,13069,10793,5681,133,134
1789636751947513827,merge,1.78177,1.65704,0.959277,0.783605,0.178095,5.44772,19968,19968,13154,10866,5682,133,134
1789636752047506772,merge,1.7572,1.69014,0.945821,0.800265,0.142267,5.43223,19968,19968,12919,10978,5683,133,134
1789636752147452673,merge,1.75034,1.71468,0.973749,0.811852,0.182863,5.52545,20256,19968,13211,10934,5684,133,134
1789636752247650389,merge,1.68176,1.60572,0.935593,0.781012,0.240829,5.34239,19680,20064,12854,10834,5685,133,134
1789636752347407762,merge,1.7405,1.70797,0.957492,0.780993,0.251227,5.54185,20160,19968,13082,10929,5686,133,134
1789636752447353123,merge,1.80015,1.73616,0.937611,0.799932,0.194447,5.55854,19968,19968,12882,10976,5687,133,134
1789636752547549301,merge,1.7397,1.60621,0.949551,0.773477,0.249334,5.41203,19872,20064,13154,10882,5688,133,134
1789636752647415254,merge,1.74577,1.68984,0.94912,0.782299,0.178233,5.43848,20064,19968,13018,10802,5689,133,134
1789636752747471017,merge,1.74718,1.71391,0.952982,0.770195,0.181106,5.45779,20064,19968,13028,10857,5690,133,134
1789636752847653285,merge,1.73003,1.63819,0.946477,0.787762,0.253834,5.44769,19776,20064,13017,10922,5691,133,134
1789636752947420938,merge,1.75383,1.67683,0.968448,0.775535,0.186422,5.46027,20160,19968,13163,10822,5692,133,134
1789636753047497811,merge,1.79902,1.63979,0.944228,0.80142,0.184032,5.45963,19968,20064,12966,11021,5693,133,134
1789636753147613467,merge,2.54247,1.64625,0.949009,0.7841,0.238554,6.27211,19872,19968,13039,10946,5694,133,134
1789636753247370558,merge,1.70908,1.64451,0.946784,0.770875,0.1659,5.32334,20064,19968,13190,10833,5695,133,134
1789636753347304491,merge,2.54696,2.48891,1.3216,1.10871,0.284452,7.91094,20064,19968,12846,10868,5696,133,134
1789636753447556638,merge,2.63597,2.39847,1.35238,1.13035,0.290284,7.97286,19968,20064,13141,10984,5697,133,134
1789636753547359082,merge,2.65644,2.48817,1.28724,0.805162,0.179866,7.57695,19968,19968,13005,10744,5698,133,134
1789636753647313042,merge,1.70438,1.6527,0.96359,0.760769,0.178064,5.34042,20064,19968,12905,10780,5699,133,134
1789636753747550523,merge,1.75575,1.60402,0.957166,0.783562,0.184743,5.37839,19968,20064,12966,11067,5700,133,134
1789636753847503544,merge,1.70775,1.67902,0.977898,0.787566,0.184605,5.42388,20064,19968,13161,10984,5701,133,134
1789636753947612086,merge,1.73859,1.57472,0.937842,0.794817,0.176615,5.30632,19968,20064,12657,10893,5702,133,134
1789636754047503740,merge,1.78386,1.66212,0.972753,0.785563,0.193815,5.48742,19968,19968,13173,10896,5703,133,134
1789636754147525723,merge,1.7532,1.61089,1.08286,0.780385,0.17806,5.49028,19968,20064,12950,11053,5704,133,134
1789636754247466378,merge,1.71001,1.66277,0.959605,0.775153,0.17318,5.37051,20064,19968,12874,10851,5705,133,134
1789636754347528044,merge,1.75733,1.64977,0.959857,0.79156,0.173193,5.41981,19968,19968,13036,10747,5706,133,134
1789636754447435026,merge,1.77224,1.59758,0.955214,0.784779,0.17573,5.37496,19968,20064,13065,10867,5707,133,134
1789636754547423541,merge,1.70316,1.58823,0.950005,0.780467,0.242346,5.35253,20064,19872,12862,10848,5708,133,134
1789636754647490287,merge,1.75938,1.59089,0.958324,0.802603,0.179238,5.37983,19968,20160,13086,11024,5709,133,134
1789636754747525737,merge,1.76517,1.65849,0.94934,0.786648,0.174147,5.42136,19968,19968,13095,10880,5710,133,134
1789636754847340445,merge,1.71166,1.69145,0.939882,0.786876,0.159248,5.37613,20064,19968,12920,10894,5711,133,134
1789636754947509771,merge,1.7807,1.65684,0.96635,0.785587,0.175691,5.45495,19968,19968,13176,10813,5712,133,134
1789636755047408574,merge,1.76158,1.59144,0.953297,0.799685,0.174824,5.36751,19968,20064,12975,10987,5713,133,134
1789636755147352012,merge,1.71094,1.67381,0.917652,0.785221,0.172891,5.34832,20064,19968,12994,11005,5714,133,134
1789636755247367468,merge,1.74819,1.59702,0.952284,0.774371,0.175535,5.33384,19968,20064,13027,10798,5715,133,134
1789636755347487950,merge,1.76143,1.64777,0.949503,0.786377,0.174928,5.40672,19968,19968,13003,10754,5716,133,134
1789636755447379445,merge,1.71128,1.68015,0.944124,0.806794,0.170974,5.40581,20064,20064,12848,11063,5717,133,134
1789636755547575924,merge,1.7051,1.58308,0.977835,0.787792,0.242591,5.38406,20064,19872,13261,10845,5718,133,134
1789636755647572672,merge,1.74356,1.58692,0.924882,0.778212,0.191132,5.32019,19968,20064,12709,10934,5719,133,134
1789636755747444629,merge,1.71023,1.65448,0.964945,0.785814,0.179677,5.38399,20064,19968,13129,10808,5720,133,134
1789636755847506588,merge,1.71175,1.64444,0.948223,0.793607,0.271786,5.46562,19872,20064,12854,11058,5721,133,134
1789636755947357428,merge,1.74329,1.71422,0.95282,0.764104,0.179249,5.44533,20064,19968,12973,10887,5722,133,134
1789636756047450984,merge,1.72345,1.68576,0.943618,0.773666,0.176874,5.39315,20064,19968,12981,10882,5723,133,134
1789636756147509526,merge,1.80334,1.70424,0.967188,0.78179,0.17875,5.52954,19968,19968,13156,10935,5724,133,134
1789636756247418969,merge,1.73736,1.71064,0.928623,0.772202,0.173907,5.42307,20064,19968,12763,10899,5725,133,134
1789636756447508702,merge,1.73924,1.68841,0.970437,0.767631,0.248314,5.50468,20064,19968,13251,10888,5726,133,134
1789636756547385808,merge,1.73009,1.63452,0.925314,0.793461,0.247822,5.42035,19968,20064,12714,11000,5727,133,134
1789636756647397996,merge,1.74619,1.68816,0.979223,0.77587,0.255761,5.53586,20064,19872,13266,10826,5728,133,134
1789636756747411558,merge,1.73847,1.61157,0.949033,0.789328,0.252618,5.43347,19968,20064,13116,10923,5729,133,134
1789636756847390845,merge,1.74258,1.70633,0.944983,0.781188,0.245334,5.50948,20064,19968,12877,11019,5730,133,134
1789636756947430235,merge,1.7289,1.6471,0.959282,0.782411,0.248912,5.4556,19968,19968,13078,10978,5731,133,134
1789636757047444596,merge,2.56473,2.4982,1.35268,1.11648,0.395431,8.09445,20064,20064,13150,10930,5732,133,134
1789636757147473944,merge,1.84543,1.60101,0.922308,0.787356,0.245881,5.51388,19968,19968,12801,10840,5733,133,134
1789636757247514509,merge,1.75371,1.71856,0.974828,0.803455,0.274303,5.62225,20064,19968,13276,10929,5734,133,134
1789636757347512202,merge,1.72678,1.62838,0.939886,0.798213,0.248448,5.44793,19872,20160,12859,11000,5735,133,134
1789636757447456550,merge,1.76549,1.70134,0.917146,0.788581,0.246948,5.50691,20064,19968,12937,10897,5736,133,134
1789636757547399043,merge,1.73482,1.63889,0.92925,0.805661,0.258514,5.45997,19968,19968,12970,10981,5737,133,134
1789636757647335731,merge,1.73315,1.66956,0.919812,0.773516,0.246596,5.43891,20064,19968,13014,10935,5738,133,134
1789636757747457545,merge,1.69346,1.59634,0.918878,0.788727,0.239168,5.32772,19968,20064,12794,10997,5739,133,134
1789636757847416415,merge,1.74019,1.65361,0.979174,0.797157,0.197905,5.4689,20064,19872,13258,10907,5740,133,134
1789636757947468278,merge,1.69973,1.63313,0.930423,0.806269,0.243606,5.41192,19968,20160,12715,11180,5741,133,134
1789636758047486388,merge,1.81238,1.69537,0.941528,0.794537,0.2447,5.58771,19968,19968,13001,10935,5742,133,134
1789636758147353740,merge,1.95244,1.67392,0.942381,0.79969,0.243291,5.72158,20064,19968,13078,10945,5743,133,134
1789636758247393955,merge,1.708,1.64069,0.938679,0.803016,0.239396,5.42598,19968,19968,12841,11028,5744,133,134
1789636758347341224,merge,1.71442,1.68151,0.960507,0.800413,0.243098,5.48922,20064,19968,12991,11053,5745,133,134
1789636758447406195,merge,1.74627,1.64735,0.941787,0.808377,0.2609,5.49747,19968,20160,13121,11030,5746,133,134
1789636758547475051,merge,1.80004,1.71586,0.925904,0.805161,0.243957,5.58363,19968,19968,12797,11072,5747,133,134
1789636758647363615,merge,1.74905,1.72611,0.940167,0.804744,0.253845,5.56962,20064,19968,13152,11080,5748,133,134
1789636758747444163,merge,1.73891,1.64255,0.961203,0.81794,0.200934,5.46284,19968,20064,13153,11134,5749,133,134
1789636758847401551,merge,1.74124,1.68668,0.933931,0.799639,0.259692,5.51826,20064,19776,12818,10948,5750,133,134
1789636758947403993,merge,1.74457,1.64033,0.970936,0.791172,0.245287,5.48295,19968,20064,13191,11085,5751,133,134
1789636759047370277,merge,1.79428,1.64577,0.940023,0.809206,0.243273,5.52644,19968,20064,13094,11032,5752,133,134
1789636759147365763,merge,1.74331,1.69837,0.941397,0.783341,0.257456,5.51502,20064,19968,12874,10900,5753,133,134
1789636759247374351,merge,1.69934,1.60446,0.944729,0.793957,0.244519,5.37122,19968,19968,13031,10877,5754,133,134
1789636759347324259,merge,1.77602,1.6003,0.961077,0.825096,0.24611,5.49503,19968,20064,13180,11048,5755,133,134
1789636759447294109,merge,1.70386,1.70926,0.934049,0.813424,0.239486,5.49955,20064,20064,12744,11064,5756,133,134
1789636759547362286,merge,1.71607,1.60381,0.967384,0.780534,0.250581,5.40854,19968,19968,13175,10888,5757,133,134
1789636759647309760,merge,1.75714,1.66839,1.00016,0.800912,0.239462,5.56082,19968,19968,12990,10888,5758,133,134
1789636759747308082,merge,1.70913,1.69708,0.948509,0.826386,0.246201,5.52318,20064,20064,12832,11151,5759,133,134
1789636759847334882,merge,1.69748,1.61206,0.944396,0.793093,0.241951,5.37887,19968,19968,12966,10876,5760,133,134
1789636759947276371,merge,1.74544,1.65332,0.977976,0.782988,0.23729,5.48239,20064,19872,13196,10788,5761,133,134
1789636760047290444,merge,1.72585,1.64421,0.918668,0.799118,0.24669,5.43796,19968,20064,12664,10928,5762,133,134
1789636760147347276,merge,1.81108,1.70466,0.963498,0.798595,0.195427,5.56721,19968,19968,13170,10966,5763,133,134
1789636760247252093,merge,1.71546,1.6662,0.946929,0.775485,0.246444,5.43998,20064,20064,13076,10894,5764,133,134
1789636760347397056,merge,1.70551,1.60606,0.952567,0.807954,0.235312,5.39753,19968,19968,12812,10945,5765,133,134
1789636760447293829,merge,1.81263,1.64349,0.95822,0.80597,0.213019,5.52376,19968,20064,13195,10991,5766,133,134
1789636760547317473,merge,1.70724,1.66093,0.941552,0.794169,0.240367,5.42866,20064,19968,13081,10886,5767,133,134
1789636760647392150,merge,1.71045,1.62206,0.939542,0.782172,0.24123,5.38949,19968,19968,12923,10925,5768,133,134
1789636760747261957,merge,1.76852,1.68672,0.950296,0.811213,0.238357,5.54334,19968,19968,13144,10989,5769,133,134
1789636760847227213,merge,1.72058,1.68548,0.9404,0.780146,0.240219,5.45969,20064,19968,13123,10929,5770,133,134
1789636760947304548,merge,1.7003,1.59376,0.959918,0.790736,0.242215,5.38219,19968,20064,12865,10759,5771,133,134
1789636761047381696,merge,1.78868,1.67724,0.979744,0.778468,0.237766,5.55001,19968,19968,13256,10905,5772,133,134
1789636761147303947,merge,1.71924,1.69025,0.959547,0.803673,0.234822,5.49433,20064,19968,12976,10993,5773,133,134
1789636761247325062,merge,1.7001,1.58538,0.941852,0.808229,0.216471,5.34068,19968,20064,12956,10955,5774,133,134
1789636761347307674,merge,1.72931,1.63771,0.984979,0.777132,0.241117,5.46019,20064,19776,13326,10684,5775,133,134
1789636761447295321,merge,1.69736,1.62048,0.925502,0.813384,0.243729,5.38806,19968,20256,12838,11137,5776,133,134
1789636761547336274,merge,1.77942,1.66686,0.961236,0.782734,0.252213,5.53125,19968,19968,13169,10869,5777,133,134
1789636761647223976,merge,2.54228,2.45232,1.34618,1.10293,0.360551,7.95881,20064,19872,13091,10775,5778,133,134
1789636761747333053,merge,2.53061,2.3878,1.34228,1.14543,0.302546,7.85073,19968,20064,12995,11132,5779,133,134
1789636761847258404,merge,2.67151,2.51002,1.34527,1.11746,0.370538,8.1715,19968,19968,13088,10884,5780,133,134
1789636761947028565,merge,2.62183,2.37805,0.952288,0.782408,0.243974,7.10964,19968,19968,13057,10720,5781,133,134
1789636762046944111,merge,1.71557,1.66174,0.955561,0.787277,0.241645,5.44668,20064,19968,13101,10809,5782,133,134
1789636762147021682,merge,1.71279,1.61124,0.948465,0.808702,0.225144,5.39327,19968,20064,13073,11069,5783,133,134
1789636762247066077,merge,1.79373,1.66179,0.964255,0.804495,0.196042,5.5072,19968,19968,13226,10867,5784,133,134
1789636762347308437,merge,1.72456,1.70908,0.946251,0.778827,0.321784,5.57629,20064,20064,12995,10875,5785,133,134
1789636762447079081,merge,1.7301,1.65743,0.949978,0.798402,0.244154,5.47958,19968,19968,12995,10975,5786,133,134
1789636762547318011,merge,1.76355,1.6097,0.958885,0.79498,0.243184,5.4587,19776,20064,13006,11012,5787,133,134
1789636762647192829,merge,1.72812,1.63642,0.967786,0.787159,0.244011,5.45105,20160,19872,13262,10731,5788,133,134
1789636762747249014,merge,1.70856,1.58844,0.944852,0.778999,0.239358,5.34902,19968,20064,12848,10864,5789,133,134
1789636762847267971,merge,1.76021,1.60769,0.962431,0.774982,0.238706,5.42771,19872,20064,13093,10882,5790,133,134
1789636762947197241,merge,1.77891,1.65046,0.953414,0.773619,0.243041,5.48575,19968,19968,13071,10786,5791,133,134
1789636763047182931,merge,1.70994,1.6745,0.931837,0.801526,0.246327,5.45434,20064,20064,12904,10982,5792,133,134
1789636763147293210,merge,1.69501,1.6211,0.948944,0.796085,0.247146,5.39808,19872,19968,12938,10961,5793,133,134
1789636763347279224,merge,1.67755,1.59609,1.01602,0.813701,0.195925,5.38574,19872,20160,12668,11020,5794,136,137
1789636763447189691,merge,1.7192,1.59008,0.965328,0.789457,0.079617,5.22964,20064,19968,13179,10977,5795,136,137
1789636763547209184,merge,1.67814,1.59478,0.967448,0.799491,0.051806,5.18205,19872,19968,12864,10890,5796,136,137
1789636763747206485,merge,1.69975,1.58819,0.952017,0.784611,0.05257,5.17154,19968,19968,12986,10825,5797,137,138
1789636763847252017,merge,1.71379,1.60535,0.952347,0.806844,0.093622,5.25455,19968,20064,13145,11035,5798,137,138
1789636763947273276,merge,1.68206,1.63632,0.92998,0.794011,0.173841,5.30097,19968,19968,12681,10866,5799,137,138
1789636764047158505,merge,1.71051,1.57361,0.953854,0.778846,0.059082,5.16077,19968,19968,13071,10810,5800,137,138
1789636764147107817,merge,1.75157,1.63905,0.947166,0.821587,0.05875,5.31965,20064,20064,13257,11077,5801,137,138
1789636764247190687,merge,1.73568,1.6299,0.948056,0.794496,0.05073,5.25223,19968,19968,12777,10941,5802,137,138
1789636764347121920,merge,1.75092,1.61455,0.965391,0.79232,0.053638,5.26217,20064,19968,13192,10836,5803,137,138
1789636764447193944,merge,1.74156,1.61811,0.943785,0.796645,0.088275,5.28187,19968,20064,13081,10837,5804,137,138
1789636764547254142,merge,1.74958,1.62881,0.928682,0.809415,0.051748,5.26147,19968,19968,12841,10877,5805,137,138
1789636764647114407,merge,1.75166,1.61538,0.952636,0.794963,0.059762,5.25188,20064,19968,13196,10818,5806,137,138
1789636764747219839,merge,1.74911,1.61111,0.955393,0.79751,0.061108,5.26475,19968,20064,13176,10936,5807,137,138
1789636764847223576,merge,1.74622,1.63012,0.914788,0.804413,0.052292,5.23434,19968,19968,12661,10975,5808,137,138
1789636764947148847,merge,1.75262,1.63014,0.951329,0.798069,0.052484,5.2869,20064,20064,13266,10938,5809,137,138
1789636765047171192,merge,1.7339,1.60962,0.956261,0.791407,0.053948,5.23868,19968,19968,13012,10874,5810,137,138
1789636765147109435,merge,1.7512,1.61944,0.934522,0.796007,0.050544,5.24696,20064,20064,12870,10975,5811,137,138
1789636765247227441,merge,1.72985,1.61905,0.940245,0.794865,0.057836,5.2343,19968,19872,12973,10882,5812,137,138
1789636765347074041,merge,1.70632,1.58967,0.962293,0.77622,0.052738,5.17153,19968,20064,13145,10784,5813,137,138
1789636765447140585,merge,1.68767,1.58407,0.912384,0.764615,0.049702,5.08297,20064,19968,12666,10790,5814,137,138
1789636765547167606,merge,1.70874,1.6122,0.962451,0.809657,0.051158,5.23958,19968,19968,13184,10977,5815,137,138
1789636765647111575,merge,1.70056,1.5999,0.946845,0.80451,0.051631,5.19257,20064,20064,12980,10952,5816,137,138
1789636765747181575,merge,1.71922,1.57275,0.932546,0.79871,0.050731,5.16713,19968,19968,12825,10844,5817,137,138
1789636765847103532,merge,1.70264,1.59594,0.960896,0.805578,0.051368,5.20346,19968,20064,13044,10978,5818,137,138
1789636765947137717,merge,1.7044,1.60038,0.953779,0.789858,0.05546,5.18898,19968,19968,13082,10969,5819,137,138
1789636766047087983,merge,1.73529,1.62903,0.941996,0.796095,0.04946,5.24833,20064,20064,12908,10953,5820,137,138
1789636766147106528,merge,1.74974,1.61267,0.944572,0.783935,0.053262,5.23769,20064,19968,13194,10837,5821,137,138
1789636766247184675,merge,1.74745,1.62591,0.929935,0.796529,0.055813,5.24662,19968,19968,12985,10903,5822,137,138
1789636766347141292,merge,1.74062,1.61272,0.939469,0.770124,0.049855,5.19983,19968,19968,12902,10817,5823,137,138
1789636766447032046,merge,2.54822,2.10041,0.988471,0.771258,0.054088,6.59946,20064,20064,13283,10876,5824,137,138
1789636766547142037,merge,1.73658,1.6296,0.921171,0.805567,0.0518,5.22962,19968,20064,12849,11070,5825,137,138
1789636766647143006,merge,1.73685,1.62671,0.948772,0.800443,0.051117,5.25051,19968,19968,13015,10987,5826,137,138
1789636766747063717,merge,1.74618,1.60871,0.951238,0.796366,0.049622,5.24126,20064,19968,13156,10870,5827,137,138
1789636766847170190,merge,1.74857,1.60688,0.934318,0.773646,0.05154,5.20638,19968,19968,12878,10895,5828,137,138
1789636766947027831,merge,1.72735,1.6402,0.936561,0.811069,0.053948,5.26269,19968,20064,12911,11090,5829,137,138
1789636767047086426,merge,1.74439,1.62817,0.963779,0.794476,0.05475,5.2836,20064,19968,13270,10902,5830,137,138
1789636767147058891,merge,1.7222,1.58716,0.927714,0.803349,0.046884,5.18016,19968,19968,12628,10822,5831,137,138
1789636767247061007,merge,1.75079,1.63366,0.948376,0.794755,0.050626,5.27144,20064,20064,13185,10946,5832,137,138
1789636767347093242,merge,1.7227,1.62999,0.932943,0.799842,0.056532,5.23833,19968,19968,12958,10937,5833,137,138
1789636767447059751,merge,1.7466,1.6206,0.923288,0.799877,0.05125,5.2378,19968,20064,12782,10963,5834,137,138
1789636767547105989,merge,1.71139,1.58533,0.951714,0.785659,0.051185,5.17094,20064,19968,13090,10896,5835,137,138
1789636767647063664,merge,1.73069,1.61105,0.938706,0.781322,0.051682,5.21622,19968,19968,13109,10964,5836,137,138
1789636767747070464,merge,1.75208,1.62303,0.940507,0.808613,0.04675,5.27481,20064,19968,12802,10899,5837,137,138
1789636767847075685,merge,1.70481,1.59257,0.969369,0.808792,0.049891,5.2105,19968,20064,13137,10991,5838,137,138
1789636767947053969,merge,1.7133,1.60229,0.97303,0.802216,0.049312,5.22476,20064,19968,13149,11037,5839,137,138
1789636768047118742,merge,1.7092,1.63498,0.938901,0.789502,0.04916,5.2118,19968,20064,12796,11055,5840,137,138
1789636768147113029,merge,1.71951,1.62062,0.959858,0.789929,0.051193,5.23367,19968,19968,13199,10904,5841,137,138
1789636768247010696,merge,1.76361,1.5884,0.959738,0.785597,0.050945,5.23839,20064,19968,13068,10956,5842,137,138
1789636768347110554,merge,1.70861,1.60872,0.935822,0.798512,0.04995,5.18788,19968,19968,12915,11078,5843,137,138
1789636768447008885,merge,1.7114,1.60512,0.976435,0.80931,0.05214,5.24409,19968,20064,13077,11037,5844,137,138
1789636768547011301,merge,1.72939,1.59954,0.952303,0.794502,0.05334,5.21727,20064,19968,13123,10942,5845,137,138
1789636768647076315,merge,1.68985,1.61278,0.903139,0.783822,0.049443,5.12527,19968,19968,12764,11095,5846,137,138
1789636768746987561,merge,1.72306,1.60944,0.974993,0.808963,0.050365,5.25105,20064,20064,13266,11034,5847,137,138
1789636768847105223,merge,1.69618,1.60168,0.943702,0.823163,0.049906,5.20083,19968,19968,12837,11009,5848,137,138
1789636768946971393,merge,1.71989,1.59751,0.944519,0.795101,0.05185,5.20624,19968,19968,12909,11040,5849,137,138
1789636769046928961,merge,1.71868,1.60238,0.943518,0.793337,0.050657,5.19902,20064,19968,13048,11108,5850,137,138
1789636769147082395,merge,1.71211,1.62699,0.958162,0.806616,0.051505,5.24783,19968,20064,12963,11081,5851,137,138
1789636769247001907,merge,1.69137,1.58655,0.943502,0.778191,0.049324,5.13113,19968,20064,12764,10898,5852,137,138
1789636769347024424,merge,1.7531,1.60733,1.01009,0.776035,0.050342,5.2848,20064,19968,13232,10926,5853,137,138
1789636769447036827,merge,1.69418,1.60965,0.920347,0.824924,0.048802,5.18334,19968,20064,12824,11017,5854,137,138
1789636769547039904,merge,1.71087,1.5902,0.943811,0.789375,0.048943,5.16585,19968,19968,12937,10912,5855,137,138
1789636769647027873,merge,1.75319,1.59587,0.955571,0.771997,0.050639,5.22859,20064,19872,13136,10792,5856,137,138
1789636769746988082,merge,1.73772,1.6365,0.924823,0.796194,0.055183,5.24533,19968,20064,12863,11091,5857,137,138
1789636769846916889,merge,1.74981,1.65229,0.936577,0.811168,0.051968,5.30043,20064,20064,13058,11153,5858,137,138
1789636769946994939,merge,1.74461,1.61169,0.96275,0.815089,0.047957,5.28623,19968,19968,13126,10844,5859,137,138
1789636770046929846,merge,1.71917,1.58187,0.955409,0.778446,0.047923,5.16356,19968,19968,12915,10846,5860,137,138
1789636770146962562,merge,1.72231,1.59635,0.952239,0.772091,0.050573,5.18444,20064,19872,13113,10948,5861,137,138
1789636770246966193,merge,1.71055,1.5877,1.00019,0.798558,0.051152,5.24008,19968,19968,13175,10811,5862,137,138
1789636770346887858,merge,1.71376,1.58972,0.933728,0.770395,0.049465,5.14414,19968,20160,12837,10925,5863,137,138
1789636770446948238,merge,1.71564,1.59935,0.941451,0.802667,0.050046,5.19044,20064,19968,13161,10974,5864,137,138
1789636770546989564,merge,1.71699,1.58994,0.94236,0.780916,0.04944,5.16551,20064,19872,13118,10904,5865,137,138
1789636770647036055,merge,1.69492,1.57374,0.937318,0.786009,0.050226,5.12865,19872,20064,12866,10880,5866,137,138
1789636770746894406,merge,1.71185,1.5987,0.977177,0.812226,0.048502,5.23935,20064,19968,13055,10909,5867,137,138
1789636770847016660,merge,1.72242,1.6092,0.9638,0.811505,0.058463,5.25445,19968,20064,13191,11098,5868,137,138
1789636770946896118,merge,1.68743,1.57931,0.935491,0.788348,0.049763,5.12776,19968,19968,12721,10797,5869,137,138
1789636771046888304,merge,1.72378,1.632,0.982521,0.782817,0.047618,5.2645,20064,19968,13219,10810,5870,137,138
1789636771146997230,merge,1.71804,1.60668,0.959344,0.780927,0.050111,5.20618,19968,20064,13029,10894,5871,137,138
1789636771246957057,merge,1.69076,1.62477,0.95129,0.803678,0.049036,5.22087,20064,19968,12818,10884,5872,137,138
1789636771346960121,merge,1.72268,1.58075,0.970168,0.79178,0.056321,5.20627,19968,20064,13221,10952,5873,137,138
1789636771446958790,merge,1.71833,1.59289,0.948823,0.795145,0.050526,5.19093,19968,19968,12996,10960,5874,137,138
1789636771546975057,merge,1.71261,1.59696,0.942021,0.786843,0.049626,5.17469,20064,19968,12987,10918,5875,137,138
1789636771646974690,merge,1.74428,1.5887,0.966151,0.799043,0.050889,5.23499,20064,20064,13293,10953,5876,137,138
1789636771746959482,merge,1.70518,1.57852,0.973195,0.797446,0.05022,5.19595,19872,19968,12993,10888,5877,137,138
1789636771846884690,merge,1.73843,1.60535,0.968256,0.781571,0.050173,5.23695,20064,19968,13186,10971,5878,137,138
1789636771946873724,merge,1.72061,1.59648,0.94633,0.779048,0.050709,5.18162,19968,20064,13084,10803,5879,137,138
1789636772046956314,merge,1.76081,1.58327,0.993679,0.792815,0.050182,5.27757,20064,19872,13356,10808,5880,137,138
1789636772146927567,merge,1.69514,1.59754,0.926875,0.791309,0.05001,5.14545,19968,20064,12870,10967,5881,137,138
1789636772246832361,merge,1.74097,1.59788,0.970452,0.799445,0.050645,5.24652,19872,19968,13276,10975,5882,137,138
1789636772346899460,merge,1.74757,1.59978,0.960007,0.776579,0.050731,5.23214,20064,19968,13145,10816,5883,137,138
1789636772446705520,merge,1.73292,1.62192,0.952282,0.792412,0.052267,5.24295,19968,20064,12924,10920,5884,137,138
1789636772546828938,merge,1.75234,1.63474,0.947461,0.798336,0.053287,5.28202,19968,20064,13067,11069,5885,137,138
1789636772646944661,merge,1.73379,1.62303,0.947275,0.776284,0.051727,5.2194,19872,19968,13120,10844,5886,137,138
1789636772746869102,merge,1.72274,1.59869,0.933624,0.78815,0.05061,5.17623,20064,19968,12826,10856,5887,137,138
1789636772846874128,merge,1.76106,1.64383,0.953539,0.779928,0.051568,5.27735,19968,20064,13104,10892,5888,137,138
1789636772946948739,merge,1.73438,1.61857,0.932722,0.78607,0.05364,5.21625,19872,19968,12923,10821,5889,137,138
1789636773046940175,merge,1.71116,1.57467,0.965136,0.79657,0.050572,5.18577,20064,19968,13096,10829,5890,137,138
1789636773146804807,merge,1.69598,1.59072,0.945526,0.798737,0.048939,5.1676,19968,20064,12707,11009,5891,137,138
1789636773246901584,merge,1.74584,1.59116,0.976385,0.80074,0.05041,5.2549,20064,19968,13257,10925,5892,137,138
1789636773346888657,merge,1.68699,1.57627,0.934248,0.77747,0.049355,5.10698,19968,19968,12824,10755,5893,137,138
1789636773446901209,merge,1.7358,1.61848,0.937118,0.817476,0.048177,5.25165,19968,20064,12899,10978,5894,137,138
1789636773546927857,merge,1.71115,1.59386,0.937476,0.788476,0.0506,5.1661,19968,19968,13047,10958,5895,137,138
1789636773646818466,merge,2.55317,2.20673,0.948414,0.788217,0.049406,6.68533,20064,19968,13104,10835,5896,137,138
1789636773746894653,merge,1.70746,1.58754,0.932508,0.780946,0.050243,5.14665,19968,20064,12877,10748,5897,137,138
1789636773846848425,merge,1.71573,1.58455,0.938146,0.774668,0.050527,5.14785,19968,19968,13081,10891,5898,137,138
1789636773946829436,merge,1.72262,1.59612,0.95923,0.78572,0.05039,5.20097,20064,19968,13160,10955,5899,137,138
1789636774046847896,merge,1.70275,1.58692,0.939113,0.794636,0.050168,5.15989,19968,20064,12860,10947,5900,137,138
1789636774146827030,merge,1.71435,1.58314,0.968857,0.791556,0.052294,5.19995,20064,19968,13256,10869,5901,137,138
1789636774246899166,merge,1.68763,1.59621,0.928584,0.798385,0.049313,5.14564,19872,19968,12919,10954,5902,137,138
1789636774346730859,merge,1.72528,1.60136,0.925153,0.777575,0.0498,5.16793,20064,20064,12959,10954,5903,137,138
1789636774446755118,merge,1.71001,1.57804,0.969306,0.793429,0.048863,5.1821,20064,19968,13136,10883,5904,137,138
1789636774546887563,merge,1.70586,1.60666,0.93708,0.799726,0.05136,5.18992,19968,20064,12974,10967,5905,137,138
1789636774646849629,merge,1.70309,1.5942,0.933697,0.803088,0.049737,5.1704,19968,19968,12840,10861,5906,137,138
1789636774746775152,merge,1.71148,1.57591,0.957471,0.776661,0.049985,5.15916,20064,19968,13244,10804,5907,137,138
1789636774846877855,merge,1.69205,1.58351,0.936383,0.78253,0.049434,5.12866,19968,19968,12771,10884,5908,137,138
1789636774946749854,merge,1.70392,1.60658,0.943639,0.803506,0.051707,5.19613,19968,20064,12997,11093,5909,137,138
1789636775046813877,merge,1.69033,1.59564,0.965114,0.786212,0.049264,5.18321,20064,19968,13043,10807,5910,137,138
1789636775146829362,merge,1.69979,1.576,1.23254,0.770174,0.050487,5.41376,19968,19968,12924,10840,5911,137,138
1789636775246726737,merge,1.68196,1.5961,0.924995,0.853491,0.051345,5.19462,19968,20064,12819,11068,5912,137,138
1789636775346691264,merge,1.71649,1.61453,0.984517,0.808137,0.050652,5.26533,20064,20064,13230,10982,5913,137,138
1789636775446838450,merge,1.69315,1.57215,0.959461,0.776114,0.048909,5.13211,19968,19968,12815,10753,5914,137,138
1789636775546821304,merge,1.71292,1.58366,0.946623,0.781425,0.048908,5.15517,20064,19968,13081,10820,5915,137,138
1789636775646838227,merge,1.70173,1.59754,0.962757,0.797072,0.050015,5.19479,19968,19968,13133,10917,5916,137,138
1789636775746715105,merge,1.70711,1.5899,0.91979,0.796619,0.049289,5.14882,19968,20064,12802,10952,5917,137,138
1789636775846829306,merge,1.71343,1.58269,0.955515,0.794581,0.050636,5.1834,20064,19968,13194,10842,5918,137,138
1789636775946794220,merge,1.69632,1.59901,0.952576,0.801419,0.050933,5.19238,19968,19968,13086,10981,5919,137,138
1789636776046738070,merge,1.71712,1.60181,0.936662,0.800326,0.048252,5.19092,20064,20064,12885,10928,5920,137,138
1789636776146772802,merge,1.70011,1.58568,0.953019,0.799768,0.050053,5.17714,19968,20064,13046,10961,5921,137,138
1789636776246797226,merge,1.7207,1.58082,0.971503,0.790942,0.052953,5.20725,19968,19872,13182,10833,5922,137,138
1789636776346656522,merge,1.70591,1.63768,0.94028,0.808293,0.048975,5.22702,20064,20064,12785,10989,5923,137,138
1789636776446815905,merge,1.72081,1.58563,0.972314,0.794789,0.050182,5.2115,19968,19968,13179,10820,5924,137,138
1789636776546748074,merge,1.71357,1.58722,0.965889,0.794755,0.0498,5.19823,19968,20064,13029,10899,5925,137,138
1789636776646753663,merge,1.70962,1.59768,0.940931,0.790531,0.049351,5.17586,20064,19968,12834,11007,5926,137,138
1789636776746688528,merge,1.7094,1.59787,0.936817,0.795361,0.053191,5.1811,19968,20064,12992,10953,5927,137,138
1789636776846765910,merge,1.71568,1.57885,0.960774,0.804171,0.04962,5.19496,20064,19968,13144,10845,5928,137,138
1789636776946752414,merge,1.68908,1.5964,0.932927,0.789173,0.050394,5.14435,19968,19968,12697,11004,5929,137,138
1789636777046703801,merge,1.70358,1.60721,1.01578,0.804314,0.050642,5.2718,19968,20064,13139,11102,5930,137,138
1789636777146766044,merge,1.71851,1.58199,0.9392,0.786271,0.050411,5.17244,20064,19968,12929,10929,5931,137,138
1789636777246721953,merge,1.71072,1.58399,0.950383,0.793529,0.053628,5.191,19968,19968,12879,10885,5932,137,138
1789636777346712112,merge,1.72127,1.60042,0.954047,0.7893,0.051172,5.20738,20064,19968,13183,10902,5933,137,138
1789636777446759362,merge,1.72125,1.59167,0.943639,0.781572,0.050546,5.18208,19968,20064,12938,10852,5934,137,138
1789636777546712201,merge,1.72606,1.57886,0.948262,0.781618,0.051517,5.17176,20064,19968,13107,10863,5935,137,138
1789636777646768475,merge,1.71458,1.60948,0.967246,0.805198,0.051143,5.23995,19968,20064,13131,11116,5936,137,138
1789636777746784687,merge,1.70908,1.59522,0.938891,0.792802,0.051224,5.17458,19968,19968,12930,10953,5937,137,138
1789636777846604648,merge,1.70829,1.5862,0.94004,0.796818,0.050808,5.17689,19968,19968,12959,10943,5938,137,138
1789636777946634771,merge,2.60576,1.87638,0.978049,0.801066,0.050971,6.46718,20064,20064,13248,10969,5939,137,138
1789636778046740898,merge,1.69928,1.61168,0.940991,0.807626,0.049027,5.19098,19968,19968,12774,11055,5940,137,138
1789636778146651867,merge,1.73056,1.61039,0.953439,0.812651,0.05043,5.24869,20064,20064,13172,11063,5941,137,138
1789636778246757346,merge,1.70719,1.59608,0.949694,0.795657,0.050737,5.19382,19968,19968,13008,10945,5942,137,138
1789636778346729092,merge,1.70467,1.60551,0.934922,0.809584,0.050267,5.19382,19968,20064,12844,11041,5943,137,138
1789636778446859909,merge,1.70233,1.60933,0.934889,0.794742,0.049782,5.17689,20064,19968,13025,11027,5944,137,138
1789636778546811143,merge,1.71284,1.59888,0.959777,0.804814,0.050081,5.21392,19968,19968,13168,11004,5945,137,138
1789636778646798639,merge,1.70561,1.59499,0.935992,0.801761,0.048028,5.17529,20064,20064,12643,11008,5946,137,138
1789636778746825682,merge,1.72933,1.60379,0.976791,0.796309,0.049826,5.24696,19968,19872,13166,11022,5947,137,138
1789636778846646521,merge,1.69975,1.60455,0.952369,0.799168,0.050526,5.19301,19968,20064,13000,11030,5948,137,138
1789636778946733777,merge,1.71755,1.59054,0.936811,0.797879,0.052457,5.18276,20064,19968,12829,10935,5949,137,138
1789636779046763202,merge,1.70391,1.59943,0.961618,0.823574,0.049791,5.22369,19968,19968,13089,11043,5950,137,138
1789636779146642436,merge,1.71846,1.62208,0.974709,0.798852,0.050307,5.25637,20064,20064,13179,11139,5951,137,138
1789636779246769619,merge,1.70444,1.59566,0.932928,0.790447,0.05254,5.17217,19968,19968,12761,10950,5952,137,138
1789636779346796592,merge,1.69559,1.5763,0.947055,0.774461,0.049263,5.13377,19968,19968,13103,10819,5953,137,138
1789636779446676089,merge,1.72566,1.59689,0.977685,0.806219,0.050479,5.24865,20064,20064,13260,11026,5954,137,138
1789636779546629452,merge,1.70483,1.61409,0.91537,0.797151,0.048145,5.16688,19968,20064,12738,11086,5955,137,138
1789636779646763289,merge,1.72152,1.57332,0.958517,0.776865,0.04995,5.16637,20064,19872,13297,10829,5956,137,138
1789636779746669691,merge,1.70704,1.58895,0.944009,0.781393,0.051678,5.16499,19968,20064,13028,10902,5957,137,138
1789636779846659209,merge,1.71724,1.60404,0.936204,0.794909,0.048602,5.18683,19968,19968,12817,10997,5958,137,138
1789636779946673907,merge,1.72129,1.60463,0.954909,0.801565,0.051184,5.22049,20064,20064,13138,11030,5959,137,138
1789636780046794516,merge,1.71939,1.57853,0.934881,0.777171,0.049936,5.1474,20064,19968,13078,10835,5960,137,138
1789636780146773700,merge,1.69297,1.60348,0.934414,0.795399,0.049177,5.15966,19968,19968,12816,10987,5961,137,138
1789636780246662873,merge,1.7218,1.60813,0.949536,0.79917,0.0495,5.22091,19968,19968,13191,10967,5962,137,138
1789636780346723079,merge,1.69159,1.5861,0.9407,0.781144,0.049222,5.12986,19968,19968,12839,10855,5963,137,138
1789636780446807108,merge,1.72101,1.58937,0.953101,0.808473,0.049339,5.20579,19968,20064,12917,10908,5964,137,138
1789636780546692824,merge,1.71533,1.60438,0.962249,0.805796,0.05226,5.22793,20064,19968,13120,10991,5965,137,138
1789636780646781626,merge,1.70054,1.58994,0.982881,0.79451,0.049436,5.20336,19968,19968,12963,10927,5966,137,138
1789636780746765965,merge,1.70726,1.57245,0.939233,0.780014,0.049389,5.13577,20064,19968,12914,10827,5967,137,138
1789636780846707060,merge,1.70982,1.60646,0.931921,0.801019,0.051242,5.18422,19968,20064,13113,11096,5968,137,138
1789636780946797917,merge,1.70403,1.59731,0.959076,0.802378,0.05125,5.19877,19968,19968,12968,10952,5969,137,138
1789636781046692447,merge,1.70906,1.58085,0.91794,0.765348,0.050514,5.10711,20064,19968,13007,10853,5970,137,138
1789636781146723096,merge,1.72785,1.59824,0.971417,0.781003,0.051093,5.2177,19968,20064,13306,10853,5971,137,138
1789636781246707991,merge,1.69667,1.59953,0.940419,0.792404,0.050114,5.16507,19968,19968,12841,10888,5972,137,138
1789636781346707882,merge,1.71935,1.58122,0.950369,0.784762,0.050408,5.17169,20064,19968,13121,10808,5973,137,138
1789636781446705951,merge,1.72552,1.5816,0.954442,0.795255,0.050923,5.19518,19968,19968,13310,10901,5974,137,138
1789636781546684026,merge,1.68747,1.60698,0.935801,0.794942,0.051396,5.16116,19968,20064,12843,11063,5975,137,138
1789636781646668151,merge,1.75993,1.58043,0.956226,0.790655,0.050109,5.22251,20064,19968,13461,10810,5976,137,138
1789636781746647583,merge,1.67832,1.58974,0.957825,0.794826,0.050032,5.15951,19872,20064,12890,10941,5977,137,138
1789636781846613276,merge,1.74196,1.603,0.972177,0.797481,0.053064,5.25962,20064,20064,13263,11103,5978,137,138
1789636781947160390,merge,1.72636,1.60644,0.943399,0.79147,0.049912,5.20055,20064,19968,13057,10943,5979,137,138
1789636782047144770,merge,1.72412,1.58068,0.967482,0.789245,0.04915,5.19567,19968,19968,13146,10750,5980,137,138
1789636782146728794,merge,1.71413,1.58103,0.948124,0.79267,0.049102,5.17639,20160,19968,12947,10819,5981,137,138
1789636782247425511,merge,1.72287,1.60002,1.10322,0.795981,0.051857,5.36105,19872,19968,13228,10934,5982,137,138
1789636782346737463,merge,1.74026,1.62893,0.933125,0.796516,0.051435,5.24673,19872,19968,12983,10894,5983,137,138
1789636782446651337,merge,1.76238,1.62736,0.959382,0.805734,0.053737,5.2909,20160,20064,13014,10973,5984,137,138
1789636782546630870,merge,1.70729,1.59434,0.927847,0.792804,0.050422,5.16093,19872,19968,12798,10931,5985,137,138
1789636782646685040,merge,1.74343,1.65015,0.951515,0.805932,0.050636,5.29542,19872,20064,13165,11085,5986,137,138
1789636782746641002,merge,1.73189,1.60214,0.935951,0.78163,0.049639,5.18915,20064,19968,12925,10829,5987,137,138
1789636782846717643,merge,1.71307,1.57965,0.956893,0.802003,0.05208,5.19024,20064,19968,13004,10906,5988,137,138
1789636782946677359,merge,1.69243,1.61022,0.969048,0.784492,0.050852,5.19343,19776,20064,12929,10897,5989,137,138
1789636783046671691,merge,1.72752,1.58147,0.979371,0.776058,0.050082,5.20108,20064,19968,13185,10745,5990,137,138
1789636783146693375,merge,1.70771,1.58031,0.938537,0.786331,0.050939,5.14863,20064,19968,12851,10857,5991,137,138
1789636783246669905,merge,1.70155,1.60572,0.953897,0.793689,0.0547,5.19451,19872,20064,13058,11061,5992,137,138
1789636783346620240,merge,1.75525,1.62145,0.953458,0.804833,0.05183,5.27927,19968,19968,13164,10921,5993,137,138
1789636783446614389,merge,1.76734,1.58192,0.937462,0.794231,0.050628,5.23852,20064,20064,12866,10933,5994,137,138
1789636783546708363,merge,1.76883,1.61118,0.945669,0.798289,0.059294,5.26791,20064,19968,13261,10873,5995,137,138
1789636783646665264,merge,1.73242,1.63148,0.957193,0.84451,0.055592,5.31223,19872,19968,12983,10960,5996,137,138
1789636783746604157,merge,1.74087,1.59086,0.92026,0.791157,0.054622,5.1932,20160,19968,12952,10801,5997,137,138
1789636783846662282,merge,1.75014,1.61747,0.951038,0.791986,0.05206,5.26099,19968,20064,13102,10797,5998,137,138
1789636783946752412,merge,1.7388,1.62745,0.940274,0.803343,0.05615,5.26725,19968,20064,13180,10982,5999,137,138
1789636784046673210,merge,1.75338,1.60703,0.919852,0.78749,0.056279,5.21403,19968,19872,12619,10768,6000,137,138
1789636784146678071,merge,2.55566,2.25626,0.994841,0.802233,0.05432,6.8097,20064,20064,13263,10954,6001,137,138
1789636784246636694,merge,1.7104,1.58326,0.952671,0.801656,0.05009,5.17765,19968,19968,13005,10913,6002,137,138
1789636784346662843,merge,1.71261,1.59407,0.947329,0.802946,0.053527,5.19539,20064,19968,12850,10934,6003,137,138
1789636784446615634,merge,1.67083,1.59354,0.935659,0.806889,0.051136,5.14407,19872,20160,12879,11025,6004,137,138
1789636784547057255,merge,1.72966,1.5801,0.953998,0.787672,0.050319,5.18737,20064,19968,13227,10847,6005,137,138
1789636784646613338,merge,1.70181,1.59108,0.919858,0.784948,0.050214,5.13449,20064,19968,12695,10873,6006,137,138
1789636784746676766,merge,1.7072,1.59041,0.952922,0.797146,0.050403,5.18763,19968,19968,13144,10754,6007,137,138
1789636784846608823,merge,1.70016,1.59354,0.935263,0.789332,0.049697,5.16006,19968,20064,12970,10915,6008,137,138
1789636784946615678,merge,1.70318,1.59136,0.928781,0.792414,0.05023,5.15285,19968,19968,12760,11026,6009,137,138
1789636785046619921,merge,1.71322,1.60177,0.959,0.807671,0.050869,5.22035,20064,20064,13210,11030,6010,137,138
1789636785146765591,merge,1.74549,1.59973,0.924984,0.795109,0.050262,5.2137,19968,19968,13011,10826,6011,137,138
1789636785246707950,merge,1.7582,1.61923,0.926558,0.806334,0.049848,5.25731,20064,20064,12917,10961,6012,137,138
1789636785347038747,merge,1.75168,1.62118,0.938965,0.801204,0.050856,5.25196,19968,19968,13106,10964,6013,137,138
1789636785447015569,merge,1.75698,1.61404,0.950432,0.784481,0.049817,5.24345,20064,19968,13096,10818,6014,137,138
1789636785546653819,merge,1.72743,1.59904,0.917735,0.781634,0.054331,5.17135,19968,19968,12892,10754,6015,137,138
1789636785646636039,merge,1.75748,1.61451,0.951402,0.794134,0.052311,5.26333,20064,19968,13266,10897,6016,137,138
1789636785746623213,merge,1.72539,1.64874,0.925643,0.806928,0.049979,5.24337,19872,20064,12839,10944,6017,137,138
1789636785846600976,merge,1.79031,1.57588,0.970822,0.781841,0.050344,5.26632,20160,19968,13135,10831,6018,137,138
1789636785946759187,merge,1.6984,1.59004,0.955954,0.788967,0.050125,5.16744,19872,20064,12960,10926,6019,137,138
1789636786046623375,merge,1.72304,1.59414,0.94687,0.776293,0.050074,5.17934,20064,19968,12949,10958,6020,137,138
1789636786146671929,merge,1.69528,1.58664,0.931476,1.04826,0.120418,5.47029,20064,20064,12951,10952,6021,137,138
1789636786246728006,merge,2.54092,2.36555,1.35264,1.13757,0.067636,7.6199,19968,20064,13156,10935,6022,137,138
1789636786347133072,merge,2.5115,2.3803,1.29707,1.12367,0.114893,7.58616,19968,19968,12645,10944,6023,137,138
1789636786447068070,merge,2.55158,2.3573,1.35195,1.11271,0.085401,7.60222,20064,19872,13202,10838,6024,137,138
1789636786546713048,merge,2.51574,2.27162,0.961129,0.793498,0.049556,6.73104,19968,20064,12991,10814,6025,137,138
1789636786646662716,merge,1.71679,1.57983,0.926214,0.767655,0.049173,5.12595,20064,19968,12858,10899,6026,137,138
1789636786746790395,merge,1.69935,1.59542,0.954559,0.797068,0.052431,5.18149,19968,19968,13079,10963,6027,137,138
1789636786846607874,merge,1.70796,1.59048,0.956169,0.79623,0.050629,5.1894,19968,20160,13133,10981,6028,137,138
1789636786947008168,merge,1.70393,1.58587,0.926527,0.787242,0.048923,5.14084,19968,19968,12759,10888,6029,137,138
1789636787046968935,merge,1.6922,1.59873,0.95009,0.788171,0.04941,5.16033,19968,19968,13077,11020,6030,137,138
1789636787146615596,merge,1.73168,1.58882,0.961388,0.783272,0.049583,5.20364,20160,19968,13287,10902,6031,137,138
1789636787246750748,merge,1.68147,1.59595,0.924802,0.797265,0.049612,5.13393,19872,20064,12683,11023,6032,137,138
1789636787347024112,merge,1.73796,1.5904,0.934209,0.801612,0.049414,5.1988,20160,19968,13367,10946,6033,137,138
1789636787446760650,merge,1.70778,1.60785,0.922592,0.797896,0.050014,5.17797,19968,19968,12942,10913,6034,137,138
1789636787546740078,merge,1.71958,1.57852,0.917583,0.771157,0.049706,5.11703,20064,19968,12990,10905,6035,137,138
1789636787646785334,merge,1.69723,1.61425,0.920931,0.790349,0.049806,5.15189,19872,20160,12928,11016,6036,137,138
1789636787747085956,merge,1.71699,1.59368,0.943101,0.774256,0.049284,5.16314,20064,19872,13105,10957,6037,137,138
1789636787846643590,merge,1.72588,1.60291,0.916746,0.774299,0.050846,5.16256,20064,20064,12885,10920,6038,137,138
1789636787946943074,merge,1.7015,1.59012,0.958625,0.791054,0.049183,5.17658,19872,20064,13069,10958,6039,137,138
1789636788047097878,merge,1.69575,1.60317,0.92897,0.797529,0.049787,5.16031,20064,19968,12846,11047,6040,137,138
1789636788147035748,merge,1.70801,1.6137,0.938989,0.811622,0.050127,5.21021,20064,19968,13083,11125,6041,137,138
1789636788246987531,merge,1.69309,1.60206,0.914986,0.766208,0.062546,5.11929,19968,20064,12946,10980,6042,137,138
1789636788347094586,merge,1.7049,1.62624,0.9196,0.793847,0.049046,5.18233,19968,19968,12890,10920,6043,137,138
1789636788446953052,merge,1.71553,1.63973,0.92487,0.792721,0.050605,5.2136,20064,19968,13023,11019,6044,137,138
1789636788546690053,merge,1.70141,1.63959,0.931861,0.789942,0.049255,5.19949,19968,19968,13112,11055,6045,137,138
1789636788646628920,merge,1.72455,1.62838,0.920426,0.784108,0.050302,5.20377,19968,20064,12830,10908,6046,137,138
1789636788746929191,merge,1.71463,1.65245,0.949586,0.793937,0.049547,5.25204,20064,19968,13121,11053,6047,137,138
1789636788846685812,merge,1.7092,1.61475,0.939756,0.793115,0.049994,5.19325,19968,20064,13195,11082,6048,137,138
1789636788947087810,merge,1.69644,1.63715,0.901236,0.78254,0.049783,5.14986,19968,19968,12790,11006,6049,137,138
1789636789046899650,merge,1.70276,1.61117,0.951984,0.791315,0.049417,5.20074,19968,19968,13079,10977,6050,137,138
1789636789146634618,merge,1.71337,1.60647,0.960033,0.808173,0.051552,5.22329,20064,20064,13177,11082,6051,137,138
1789636789247084870,merge,1.90753,1.64381,0.941844,0.794727,0.048137,5.44416,19968,19968,12830,11018,6052,137,138
1789636789346899959,merge,1.75099,1.62049,0.952933,0.792331,0.050486,5.26845,20064,19968,13048,10882,6053,137,138
1789636789446653939,merge,1.7634,1.62544,0.936835,0.800742,0.057618,5.27553,20064,19968,13279,10905,6054,137,138
1789636789546713501,merge,1.72687,1.63949,0.901443,0.810872,0.052748,5.22333,19968,20064,12599,11086,6055,137,138
1789636789646925984,merge,2.55912,2.3722,1.36494,0.826331,0.05251,7.3345,20064,19968,13257,10931,6056,137,138
1789636789746943663,merge,1.69607,1.58543,0.927052,0.77491,0.050174,5.11763,19872,20064,12906,10851,6057,137,138
1789636789847004667,merge,1.71516,1.60844,0.941569,0.79979,0.049659,5.19818,20160,19968,12946,11020,6058,137,138
1789636789946990458,merge,1.69345,1.60574,0.945446,0.803928,0.050789,5.18145,19968,19968,12968,11055,6059,137,138
1789636790047021532,merge,1.69379,1.58267,0.94079,0.802197,0.049112,5.15237,19872,19968,13010,10919,6060,137,138
1789636790146604334,merge,1.71375,1.58357,0.9362,0.795444,0.049826,5.16517,20160,19968,12821,10891,6061,137,138
1789636790246867730,merge,1.70269,1.60024,0.951104,0.780403,0.051744,5.17338,19968,19968,13140,10935,6062,137,138
1789636790346871440,merge,1.70911,1.59209,0.956767,0.786375,0.049779,5.17742,19968,19968,13058,10858,6063,137,138
1789636790446629843,merge,1.69724,1.58513,0.930226,0.808745,0.050381,5.15803,19968,20064,12811,10871,6064,137,138
1789636790546667324,merge,1.71651,1.59208,0.976238,0.791574,0.050235,5.21542,20064,19968,13300,10958,6065,137,138
1789636790646688446,merge,1.70706,1.60753,0.941214,0.789945,0.049082,5.19143,19968,19968,13037,10984,6066,137,138
1789636790746645043,merge,1.70704,1.57447,0.943542,0.831059,0.051705,5.19431,19968,20064,12885,10887,6067,137,138
1789636790846702220,merge,1.70563,1.57861,0.955254,0.776588,0.049183,5.15439,19968,19968,13173,10900,6068,137,138
1789636790946599828,merge,1.7164,1.60455,0.953822,0.811291,0.051607,5.22095,20064,20064,13154,11066,6069,137,138
1789636791046981734,merge,1.75087,1.58465,0.918971,0.790134,0.04843,5.1916,19968,19968,12811,10880,6070,137,138
1789636791146932178,merge,1.73331,1.57828,0.966318,0.762956,0.052483,5.18336,20064,19968,13347,10808,6071,137,138
1789636791246829938,merge,1.69534,1.60884,0.95403,0.781683,0.048473,5.17364,19968,20064,12906,10883,6072,137,138
1789636791346914066,merge,1.69855,1.59629,0.933826,0.789454,0.049473,5.15796,19968,19968,12941,10930,6073,137,138
1789636791446882771,merge,1.74612,1.57546,0.978008,0.790672,0.052887,5.22729,20064,19968,13362,10860,6074,137,138
1789636791546829203,merge,1.70528,1.58558,0.942598,0.781689,0.049612,5.16014,20064,19968,12859,10943,6075,137,138
1789636791647088734,merge,1.77,1.61004,0.973978,0.787411,0.058186,5.29743,19968,20160,13306,11068,6076,137,138
1789636791747838343,merge,1.69921,1.56416,0.965813,0.775821,0.05174,5.14739,19968,19872,12991,10713,6077,137,138
1789636791846600330,merge,1.71234,1.59484,0.945178,0.789521,0.051012,5.18108,20064,20064,13006,11040,6078,137,138
1789636791947056849,merge,1.72761,1.60296,0.967348,0.792725,0.05034,5.22947,19968,19968,13140,11001,6079,137,138
1789636792046845832,merge,1.74242,1.58856,0.965216,0.796779,0.050642,5.23303,20064,19968,13074,10835,6080,137,138
1789636792147152744,merge,1.71987,1.58176,0.952519,0.809115,0.0576,5.2129,19968,19968,13006,10761,6081,137,138
1789636792247087776,merge,1.76785,1.63927,0.973463,0.778997,0.049482,5.29942,20064,20064,13175,10903,6082,137,138
1789636792347197599,merge,2.54343,1.93385,0.957409,0.773016,0.051331,6.40536,19776,19968,13096,10950,6083,137,138
1789636792446625250,merge,1.71892,1.58668,0.945783,0.80046,0.05073,5.19505,20064,20064,13018,10939,6084,137,138
1789636792546660434,merge,1.72456,1.57892,0.950838,0.772359,0.048387,5.16057,20064,19968,13032,10833,6085,137,138
1789636792647198699,merge,1.69638,1.60628,0.946882,0.794399,0.050841,5.17882,19776,20064,13015,11067,6086,137,138
1789636792746780306,merge,1.71435,1.58861,0.970937,0.801056,0.053981,5.21805,19968,19968,13122,10868,6087,137,138
1789636792846796669,merge,1.69917,1.58909,0.968346,0.787691,0.050363,5.18281,20064,20064,12881,10902,6088,137,138
1789636792947807021,merge,1.71149,1.58978,0.979513,0.79323,0.050533,5.21611,19968,19872,13200,10904,6089,137,138
1789636793046603862,merge,1.69813,1.59694,0.946161,0.794687,0.056355,5.17952,19872,19968,13027,10892,6090,137,138
1789636793146619425,merge,1.71309,1.5856,0.946398,0.774835,0.055457,5.17012,20160,20064,12960,10790,6091,137,138
1789636793246662391,merge,1.69648,1.59224,0.952996,0.794693,0.054199,5.17924,19872,20064,12980,10958,6092,137,138
1789636793346784950,merge,1.70998,1.60208,0.967181,0.800054,0.057992,5.22595,19968,19968,13190,10936,6093,137,138
1789636793446738462,merge,1.6815,1.59106,0.937712,0.785322,0.049159,5.13015,19968,20064,12748,10912,6094,137,138
1789636793547772974,merge,1.92667,1.58215,0.961755,0.785203,0.05151,5.40831,20064,19968,13127,10854,6095,137,138
1789636793646764035,merge,1.69642,1.59327,0.950546,0.789398,0.051028,5.16674,20064,19968,13033,10963,6096,137,138
1789636793747020259,merge,1.70552,1.59376,0.932291,0.79076,0.050943,5.16049,20064,19968,12898,10920,6097,137,138
1789636793846744024,merge,1.71637,1.61117,0.93013,0.777866,0.052618,5.17782,19872,20064,12877,10702,6098,137,138
1789636793946756558,merge,1.71281,1.6011,0.934311,0.780366,0.053443,5.17491,20064,20064,13227,10896,6099,137,138
1789636794047839152,merge,2.52273,2.35882,1.30302,1.11671,0.105942,7.56067,20064,19872,12718,10834,6100,137,138
1789636794147032979,merge,2.52114,2.36702,1.34645,1.12304,0.111716,7.62724,19968,20064,13112,10928,6101,137,138
1789636794247068382,merge,2.5433,2.36745,1.37976,1.15073,0.093143,7.69436,19968,19968,13083,10864,6102,137,138
1789636794346710918,merge,2.53838,1.97348,0.922718,0.810126,0.050782,6.44874,19968,20064,12718,11085,6103,137,138
1789636794446843525,merge,1.7165,1.58381,0.951013,0.776731,0.052275,5.16674,20064,19968,13276,10831,6104,137,138
1789636794546829686,merge,2.53169,2.27713,0.973501,0.801874,0.051412,6.77817,19968,20064,13096,10916,6105,137,138
1789636794647742261,merge,1.72489,1.57892,0.957407,0.763224,0.052488,5.16518,20064,19872,12895,10856,6106,137,138
1789636794746732285,merge,1.71008,1.60402,0.929184,0.762509,0.052983,5.14898,20064,20064,13189,10845,6107,137,138
1789636794847065624,merge,1.69736,1.57791,0.943976,0.797088,0.051538,5.15454,19968,19968,13087,10782,6108,137,138
1789636794946989604,merge,1.69712,1.59682,0.913758,0.804922,0.051139,5.15326,19968,20064,12744,11012,6109,137,138
1789636795047020538,merge,1.70299,1.60273,0.973706,0.798443,0.057731,5.22298,19968,20064,13187,11001,6110,137,138
1789636795147801961,merge,1.69573,1.58589,0.941384,0.812082,0.051345,5.1768,19968,19968,13012,10856,6111,137,138
1789636795247770701,merge,1.69743,1.58044,0.930612,0.790128,0.050841,5.13577,19968,19968,12791,10895,6112,137,138
1789636795346730518,merge,1.70369,1.59673,0.971133,0.808281,0.051139,5.21631,20160,19968,13169,10969,6113,137,138
1789636795447028062,merge,1.69615,1.59908,0.948468,0.788881,0.051023,5.17004,19968,19968,13060,10949,6114,137,138
1789636795546935677,merge,1.67632,1.58974,0.916329,0.799195,0.05911,5.12756,19968,20064,12661,10870,6115,137,138
1789636795646848041,merge,1.71053,1.57719,0.956265,0.761541,0.050182,5.14411,20064,19968,13253,10774,6116,137,138
1789636795746981928,merge,1.70934,1.60819,0.927517,0.788273,0.047921,5.16515,19968,20064,12823,11011,6117,137,138
1789636795847701831,merge,1.69617,1.58984,0.91798,0.792229,0.050443,5.13805,19968,19968,12905,10884,6118,137,138
1789636795947704075,merge,1.69973,1.57432,0.960567,0.781345,0.05088,5.15475,20064,19968,13118,10821,6119,137,138
1789636796046928215,merge,1.69517,1.6085,0.940485,0.795331,0.049508,5.17563,19968,20064,12896,11022,6120,137,138
1789636796147706541,merge,1.70133,1.60248,0.955336,0.792769,0.051907,5.19248,20064,19968,12993,10950,6121,137,138
1789636796246955464,merge,1.74218,1.57114,0.963507,0.785409,0.049046,5.19866,19968,19968,13113,10816,6122,137,138
1789636796346938085,merge,1.70366,1.58235,0.951915,0.785008,0.049373,5.1592,19968,19968,12963,10887,6123,137,138
1789636796446632626,merge,1.70673,1.6116,0.95001,0.787736,0.049831,5.18982,20064,20064,13069,11010,6124,137,138
1789636796546962103,merge,1.72498,1.58474,0.970928,0.801776,0.049656,5.21731,19968,19968,13191,10818,6125,137,138
1789636796646942216,merge,1.70978,1.58574,0.959892,0.784261,0.048543,5.17419,20064,20064,12817,10847,6126,137,138
1789636796747008269,merge,1.7053,1.65036,0.964933,0.807048,0.053776,5.27566,19968,19968,13162,10991,6127,137,138
1789636796846934112,merge,1.69402,1.60216,0.962012,0.792602,0.050504,5.19221,19968,20064,13053,11000,6128,137,138
1789636796946735383,merge,1.70441,1.58194,0.94168,0.787391,0.049547,5.15245,20064,19968,12860,10860,6129,137,138
1789636797046911097,merge,1.68954,1.5876,0.952972,0.789384,0.050007,5.15496,19968,19968,13013,10917,6130,137,138
1789636797146658149,merge,1.71297,1.60866,0.9682,0.805776,0.050404,5.23591,20064,20064,13241,11101,6131,137,138
1789636797247651423,merge,1.70088,1.58225,0.935526,0.794282,0.048681,5.1492,19968,19968,12593,10903,6132,137,138
1789636797346926316,merge,1.70055,1.59518,0.96225,0.807157,0.050071,5.20707,19968,20064,13119,10946,6133,137,138
1789636797447694017,merge,1.69449,1.61186,0.954551,0.787966,0.050797,5.18366,20064,19968,13034,10958,6134,137,138
1789636797547013186,merge,1.70024,1.58642,0.926523,0.771306,0.049519,5.12352,19968,19968,12798,10846,6135,137,138
1789636797646641803,merge,1.70453,1.58808,0.94255,0.79296,0.049759,5.17116,19968,20064,12994,10966,6136,137,138
1789636797747703263,merge,1.71752,1.5993,0.952034,0.795296,0.053475,5.21375,20064,19968,13115,11033,6137,137,138
1789636797846963807,merge,1.77093,1.60458,0.926754,0.799078,0.050427,5.24134,20064,19968,12885,10981,6138,137,138
1789636797947039885,merge,1.7175,1.58777,0.953649,0.784916,0.051368,5.18694,19968,19968,13136,10959,6139,137,138
1789636798046988464,merge,1.70538,1.58811,0.971192,0.793191,0.05068,5.2059,19968,19968,13016,10963,6140,137,138
1789636798247707503,merge,1.72216,1.59743,0.954119,0.807093,0.140861,5.31121,20064,19872,13313,10976,6141,137,138
1789636798346868369,merge,1.76677,1.59449,0.948195,0.787818,0.185322,5.37227,19968,20064,12930,10924,6142,137,138
1789636798446904761,merge,1.71454,1.68759,0.952618,0.794378,0.174984,5.41518,20064,19968,13008,11062,6143,137,138
1789636798546974992,merge,1.80287,1.61366,0.942099,0.816888,0.181785,5.44836,19968,20064,13060,11084,6144,137,138
1789636798647655205,merge,1.71334,1.68626,0.975876,0.807453,0.176389,5.45094,20064,19968,12989,11031,6145,137,138
1789636798747877836,merge,1.75556,1.66967,0.954342,0.787788,0.174665,5.43044,19968,19968,12908,10929,6146,137,138
1789636798846904168,merge,1.77261,1.65363,0.960432,0.801878,0.183015,5.46314,19968,20064,13180,11050,6147,137,138
1789636798946865242,merge,1.7056,1.69897,0.937025,0.800244,0.167781,5.39581,20064,20064,12757,11092,6148,137,138
1789636799047707429,merge,1.78937,1.59054,0.957349,0.796906,0.244862,5.46709,19968,19872,13108,10950,6149,137,138
1789636799146886992,merge,1.76391,1.60887,0.93356,0.805213,0.178166,5.37653,19968,20064,12942,11103,6150,137,138
1789636799247649543,merge,1.73475,1.69807,0.94007,0.793843,0.176453,5.43749,20160,19968,12973,11077,6151,137,138
1789636799347882736,merge,1.68316,1.60285,0.942307,0.809742,0.240545,5.37739,19872,20064,12876,10948,6152,137,138
1789636799447635904,merge,1.71043,1.66622,0.95468,0.787788,0.175105,5.38356,20064,19968,13222,10862,6153,137,138
1789636799547637107,merge,1.70724,1.66617,0.927585,0.803224,0.170993,5.35892,20064,19968,12703,10956,6154,137,138
1789636799647871301,merge,1.69962,1.6017,0.950597,0.797765,0.236602,5.37112,19872,20064,13006,11016,6155,137,138
1789636799747602602,merge,1.78082,1.66377,0.947425,0.786562,0.178708,5.44568,19968,19968,13156,10888,6156,137,138
1789636799846878126,merge,1.709,1.66313,0.925208,0.783518,0.169921,5.33965,20064,19968,12795,10904,6157,137,138
1789636799946748474,merge,1.7756,1.60532,0.964547,0.80202,0.179124,5.41429,19968,20064,13151,11087,6158,137,138
1789636800047594396,merge,1.77306,1.58729,0.941201,0.789163,0.235705,5.41305,19968,19872,13099,10908,6159,137,138
1789636800146812873,merge,1.72477,1.66351,0.928635,0.7786,0.179891,5.3668,20160,19968,13014,10881,6160,137,138
1789636800247871261,merge,1.70941,1.60267,0.950844,0.794345,0.244378,5.39331,19872,20064,13042,11016,6161,137,138
1789636800346880050,merge,1.72988,1.60238,0.967687,0.798643,0.246136,5.43266,20064,19872,13240,10966,6162,137,138
1789636800446905175,merge,1.70004,1.67542,0.941639,0.798168,0.17229,5.37758,20064,20064,12801,10814,6163,137,138
1789636800547876813,merge,1.73357,1.58242,0.936966,0.866309,0.229221,5.43747,19872,20064,13129,10879,6164,137,138
1789636800647576109,merge,1.70935,1.67664,0.930061,0.775852,0.174003,5.36092,20064,19968,13058,10943,6165,137,138
1789636800746708709,merge,1.75511,1.59478,0.9369,0.785878,0.171182,5.33089,19968,20064,12819,10925,6166,137,138
1789636800847627632,merge,1.7664,1.6563,0.953841,0.796094,0.172913,5.42923,19968,19968,13065,10907,6167,137,138
1789636800947607430,merge,1.7289,1.69797,0.975812,0.810545,0.173302,5.48262,20160,19968,13205,10995,6168,137,138
1789636801047842721,merge,1.74309,1.67622,0.930981,0.788142,0.171803,5.39579,19968,19968,12729,10990,6169,137,138
1789636801147827880,merge,1.70054,1.59224,0.966194,0.794892,0.241818,5.38362,19872,20064,13135,10927,6170,137,138
1789636801247646985,merge,1.71777,1.65826,0.955823,0.804966,0.175313,5.40398,20064,19968,13043,10791,6171,137,138
1789636801346840374,merge,1.7584,1.68548,0.931377,0.784824,0.171897,5.41867,19968,19968,12768,10890,6172,137,138
1789636801446767299,merge,1.78899,1.60106,0.95707,0.791755,0.178864,5.40928,19968,20064,13277,10928,6173,137,138
1789636801547642836,merge,1.71893,1.66087,0.936673,0.798186,0.170242,5.37518,20064,19968,12968,10885,6174,137,138
1789636801647548880,merge,1.76249,1.6754,0.92794,0.797331,0.171412,5.42097,19968,19968,12977,10968,6175,137,138
1789636801746719395,merge,1.81127,1.59519,0.97245,0.787078,0.177497,5.4369,19968,20064,13384,10945,6176,137,138
1789636801847622197,merge,1.70483,1.65169,0.942507,0.793091,0.17306,5.35211,20064,19968,12922,10841,6177,137,138
1789636801947500262,merge,1.80365,1.601,0.975233,0.80194,0.180208,5.45725,19968,20064,13273,11029,6178,137,138
1789636802047551586,merge,1.76338,1.6743,0.954811,0.795069,0.173802,5.45013,19968,19968,13062,10934,6179,137,138
1789636802147556380,merge,1.73517,1.66029,0.978595,0.776395,0.176515,5.41569,20064,19968,13325,10750,6180,137,138
1789636802247465669,merge,1.67504,1.59458,0.931995,0.787563,0.241097,5.31538,19872,20064,12831,10866,6181,137,138
1789636802347630199,merge,1.8071,1.68218,0.96662,0.811674,0.190582,5.55225,19968,19968,13332,10987,6182,137,138
1789636802447569758,merge,1.76949,1.66449,0.953708,0.795008,0.176105,5.45142,19968,19968,13052,10860,6183,137,138
1789636802547466925,merge,1.73208,1.65967,0.943505,0.779538,0.173692,5.37614,20064,20064,12937,10884,6184,137,138
1789636802647592347,merge,1.76738,1.67636,0.96464,0.790358,0.176134,5.46576,19968,19968,13067,10944,6185,137,138
1789636802747550421,merge,1.75773,1.72761,0.966207,0.794743,0.197756,5.53573,20064,19968,13218,10982,6186,137,138
1789636802847503654,merge,1.79421,1.69811,0.927768,0.781629,0.177942,5.47222,19968,19968,12687,10819,6187,137,138
1789636802947441522,merge,2.35886,1.60704,0.961433,0.791385,0.175139,5.99433,19968,20064,13209,10943,6188,137,138
1789636803047527734,merge,1.68203,1.6484,0.953592,0.790462,0.241468,5.4016,19872,19968,12916,10873,6189,137,138
1789636803246752751,merge,1.70931,1.5887,0.95307,0.806945,0.194275,5.33821,19872,20064,12881,10922,6190,139,140
1789636803347475269,merge,1.71822,1.59765,0.967684,0.791176,0.068941,5.22675,20064,19968,13221,10988,6191,139,140
1789636803447482019,merge,1.69495,1.59884,0.945839,0.792396,0.050378,5.16267,19968,19968,12751,10955,6192,139,140
1789636803546680941,merge,1.70401,1.58579,0.958205,0.790148,0.086767,5.20969,19968,20064,13049,10901,6193,139,140
1789636803647431079,merge,1.72083,1.58643,0.969801,0.793196,0.049733,5.20672,20064,19968,13170,10901,6194,139,140
1789636803747433723,merge,1.70701,1.61202,0.939434,0.827819,0.050197,5.21924,19968,19968,12876,10950,6195,139,140
1789636803847693405,merge,1.72069,1.5994,0.950598,0.78592,0.047849,5.19666,19968,20064,13080,10820,6196,139,140
1789636803947412772,merge,1.71025,1.58216,0.963675,0.790597,0.052377,5.18099,19968,20064,13135,10739,6197,139,140
1789636804047502534,merge,1.7391,1.59013,0.940172,0.804838,0.052714,5.21627,20064,19872,12986,10893,6198,139,140
1789636804146667164,merge,1.70662,1.6008,0.950416,1.10915,0.057305,5.50898,19968,20064,13033,11009,6199,139,140
1789636804247411426,merge,1.7328,1.58021,0.955937,0.794441,0.054575,5.20578,20064,20064,13258,10909,6200,139,140
1789636804347464411,merge,1.695,1.57879,0.938902,0.785091,0.051757,5.13313,19968,19968,12762,10880,6201,139,140
1789636804447436327,merge,1.74069,1.63552,0.965408,0.790513,0.056454,5.28104,20064,19968,13189,10965,6202,139,140
1789636804547748427,merge,1.73116,1.62559,0.95016,0.797638,0.052017,5.25061,19872,20064,12959,10931,6203,139,140
1789636804647470982,merge,1.73892,1.61138,0.956683,0.767069,0.052097,5.21006,20160,19968,12948,10851,6204,139,140
1789636804747715680,merge,1.72468,1.6428,0.951218,0.787724,0.049969,5.24558,19872,20064,12912,10881,6205,139,140
1789636804847525342,merge,1.74675,1.62061,0.963108,0.771857,0.054275,5.24668,20064,19968,13244,10783,6206,139,140
1789636804947676546,merge,1.72269,1.6116,0.924414,0.79259,0.050672,5.18705,19968,19968,12589,10833,6207,139,140
1789636805047413748,merge,1.75379,1.62585,0.937891,0.789827,0.058293,5.25189,19968,19968,13161,10937,6208,139,140
1789636805147394607,merge,1.74919,1.63479,0.951117,0.799484,0.053068,5.28269,20064,20064,13059,11015,6209,139,140
1789636805247361258,merge,2.14693,1.58068,0.928755,0.794248,0.051525,5.61028,20064,19968,12881,10796,6210,139,140
1789636805347730349,merge,1.70807,1.57938,0.959868,0.782729,0.051607,5.16841,19968,19968,13079,10896,6211,139,140
1789636805447386374,merge,1.70609,1.60761,0.967587,0.807999,0.057789,5.23363,19968,20064,13126,11055,6212,139,140
1789636805547665427,merge,1.72341,1.59172,0.927818,0.794652,0.049204,5.17698,20064,19968,12832,10877,6213,139,140
1789636805647686830,merge,1.69368,1.58807,0.974045,0.787238,0.050464,5.18696,19872,20064,13017,10819,6214,139,140
1789636805747513487,merge,1.71556,1.59251,0.981782,0.795475,0.051621,5.22471,20064,19968,13297,10911,6215,139,140
1789636805847405617,merge,1.70174,1.61246,0.93636,0.802086,0.060888,5.20248,20064,20064,12774,11084,6216,139,140
1789636805947648888,merge,1.71805,1.5668,0.98044,0.787231,0.050698,5.1927,20064,19872,13271,10751,6217,139,140
1789636806047738932,merge,1.70077,1.59309,0.947307,0.806764,0.051383,5.18684,19872,20064,13002,10968,6218,139,140
1789636806147353277,merge,1.72551,1.59744,0.96645,0.787818,0.054815,5.21911,20160,19968,12992,10910,6219,139,140
1789636806247797166,merge,1.73132,1.63346,0.955672,0.794925,0.052472,5.26082,19872,20064,12950,10954,6220,139,140
1789636806347467076,merge,1.749,1.61362,0.950907,0.768279,0.052524,5.22957,20064,19968,13109,10847,6221,139,140
1789636806447625904,merge,1.79501,1.64258,0.921811,0.806702,0.051382,5.3099,19968,20064,12763,11075,6222,139,140
1789636806547621303,merge,1.69446,1.59535,0.960537,0.784436,0.0504,5.1736,19968,19968,13148,10905,6223,139,140
1789636806647444919,merge,1.68387,1.58238,0.956108,0.791123,0.049163,5.15287,19968,19968,12841,10851,6224,139,140
1789636806746598303,merge,1.7335,1.58519,0.952033,0.78225,0.051252,5.19553,20160,19968,13072,10864,6225,139,140
1789636806847751028,merge,1.73484,1.6343,0.942907,0.790718,0.05076,5.24504,19968,20064,12989,11016,6226,139,140
1789636806947672088,merge,1.72768,1.62129,0.958637,0.788814,0.051155,5.25008,19968,20064,12889,10944,6227,139,140
1789636807047625899,merge,1.71769,1.58174,0.954795,0.78353,0.051122,5.17551,20064,19872,12981,10839,6228,139,140
1789636807147663718,merge,1.69465,1.61146,0.956573,0.805705,0.052271,5.20907,19872,20064,13055,11034,6229,139,140
1789636807247334956,merge,1.73141,1.60705,0.963555,0.801989,0.054335,5.24306,20160,19968,12918,10955,6230,139,140
1789636807347731486,merge,1.72975,1.58205,0.948607,0.796203,0.050184,5.19314,19968,19968,13098,10915,6231,139,140
1789636807547610939,merge,1.70328,1.59982,0.917764,0.790391,0.110463,5.21265,19968,19968,12768,10918,6232,139,140
1789636807647571055,merge,1.72663,1.66054,0.958361,0.792898,0.174646,5.40029,20064,19968,13269,10870,6233,139,140
1789636807747568064,merge,1.77402,1.66061,0.964903,0.782668,0.177268,5.45128,19968,19968,13115,10905,6234,139,140
1789636807847622713,merge,1.72743,1.68439,0.949986,0.794215,0.17398,5.42093,20064,19968,12875,11044,6235,139,140
1789636807947601905,merge,1.68083,1.60113,0.964647,0.779484,0.2401,5.35174,19872,20064,12916,10927,6236,139,140
1789636808047399612,merge,1.71731,1.66785,0.95552,0.80488,0.176457,5.41091,20064,19968,13213,10939,6237,139,140
1789636808147268714,merge,1.75712,1.59737,0.928627,0.788324,0.172914,5.33241,19968,20064,12638,11082,6238,139,140
1789636808247419526,merge,1.73091,1.69435,0.979193,0.807262,0.192426,5.51129,20064,19968,13280,11103,6239,139,140
1789636808347582299,merge,1.70697,1.67962,0.949909,0.796241,0.18806,5.40961,20064,19968,12954,11054,6240,139,140
1789636808447675489,merge,1.88685,1.59267,0.916853,0.765327,0.236738,5.50783,19872,20064,12746,10929,6241,139,140
1789636808547418804,merge,1.71857,1.6905,0.943828,0.777234,0.175956,5.39836,20064,19968,13060,11048,6242,139,140
1789636808647304205,merge,1.72499,1.70279,0.949201,0.801108,0.177735,5.44372,20064,19968,13143,11042,6243,139,140
1789636808747625338,merge,1.74001,1.59942,0.924939,0.787905,0.169969,5.304,19968,20064,12748,10935,6244,139,140
1789636808847558325,merge,1.71616,1.6818,0.966116,0.8166,0.172786,5.44304,20064,19968,13199,11082,6245,139,140
1789636808947709630,merge,1.73669,1.60892,0.932753,0.801947,0.151378,5.31832,19968,20064,12899,11053,6246,139,140
1789636809047569338,merge,1.7649,1.72202,0.956881,0.798693,0.173612,5.5007,19968,19968,12894,11044,6247,139,140
1789636809147561505,merge,1.71929,1.58526,0.959476,0.794944,0.250604,5.3981,20064,19872,13254,10907,6248,139,140
1789636809247599424,merge,1.77128,1.61156,0.942066,0.807753,0.1742,5.39624,19968,20160,12938,11098,6249,139,140
1789636809347562285,merge,1.72128,1.60526,0.934269,0.79006,0.252359,5.39588,20064,19872,13076,11046,6250,139,140
1789636809447642681,merge,1.69933,1.60034,0.945202,0.77861,0.239485,5.35193,19872,20064,13035,10901,6251,139,140
1789636809647699444,merge,1.72739,1.60249,0.93426,0.791477,0.179708,5.32378,19968,19968,13006,10975,6252,141,142
1789636809747625135,merge,1.71221,1.60531,1.16859,0.793132,0.081018,5.44677,19968,20064,13153,11064,6253,141,142
1789636809847536965,merge,1.70224,1.61576,0.937131,0.777517,0.160626,5.2774,20064,19968,12847,10824,6254,141,142
1789636809947680034,merge,1.70292,1.59396,0.949396,0.796258,0.069627,5.19594,19872,20064,12994,10974,6255,141,142
1789636810047363417,merge,1.7143,1.63258,0.962464,0.799153,0.058189,5.25191,20064,19968,13136,11023,6256,141,142
1789636810147501620,merge,1.70512,1.58201,0.940008,0.789259,0.051838,5.15381,19968,19968,12932,10907,6257,141,142
1789636810247256972,merge,1.69179,1.58421,0.929412,0.797591,0.051066,5.13716,19968,19968,12844,10935,6258,141,142
1789636810346658026,merge,1.72405,1.60289,0.969267,0.798147,0.056738,5.23834,20064,19968,13251,10940,6259,141,142
1789636810447498500,merge,1.7189,1.59239,0.939168,0.788321,0.04901,5.17005,20064,19968,12671,10843,6260,141,142
1789636810547644782,merge,1.71858,1.58169,0.965794,0.773819,0.048944,5.16951,19968,19968,13155,10817,6261,141,142
1789636810647573698,merge,1.69903,1.59346,0.955267,0.796612,0.08605,5.21689,19968,20064,12994,10979,6262,141,142
1789636810747288233,merge,1.70474,1.65537,0.949555,0.802856,0.174983,5.37649,20064,19968,12863,11009,6263,141,142
1789636810847631392,merge,1.69703,1.58224,0.952233,0.796542,0.078419,5.1905,19872,20064,12993,10885,6264,141,142
1789636810947293370,merge,1.77336,1.56852,0.965194,0.781149,0.051817,5.22687,20160,19872,13280,10840,6265,141,142
1789636811047648628,merge,1.69456,1.60878,0.940458,0.810603,0.080191,5.2184,19968,20064,12801,11063,6266,141,142
1789636811147565924,merge,1.71307,1.58571,0.945621,0.791602,0.050204,5.17203,19968,19968,13145,10899,6267,141,142
1789636811247562769,merge,1.71053,1.59191,1.09494,0.800809,0.060348,5.34609,19968,20064,13197,10943,6268,141,142
1789636811347489191,merge,1.70125,1.63948,0.928195,0.799244,0.166784,5.32152,20064,19968,12797,10904,6269,141,142
1789636811447507782,merge,1.7206,1.60044,1.17273,0.786979,0.061076,5.42575,19968,19968,13253,10902,6270,141,142
1789636811547524774,merge,1.73213,1.5832,0.963453,0.791573,0.050433,5.21209,20064,20064,13166,10861,6271,141,142
1789636811647604248,merge,1.68789,1.58403,0.944123,0.788089,0.049846,5.14459,19968,19968,12837,10886,6272,141,142
1789636811747490600,merge,1.74902,1.60119,0.97839,0.78566,0.055226,5.25608,19968,19968,13448,10976,6273,141,142
1789636811847472884,merge,1.71255,1.59029,0.935577,0.786889,0.079469,5.19024,19968,20064,12892,10861,6274,141,142
1789636811947303992,merge,1.73478,1.57796,0.974046,0.770508,0.052398,5.19901,19968,19968,13227,10866,6275,141,142
1789636812047209715,merge,1.71387,1.60431,0.94665,0.800806,0.052148,5.20045,19968,19968,13089,11005,6276,141,142
1789636812147202475,merge,1.7267,1.61204,0.96543,0.798067,0.059324,5.25122,20064,20160,13169,10993,6277,141,142
1789636812247488297,merge,1.72875,1.56249,0.952914,0.758239,0.051439,5.13991,20064,19872,12932,10751,6278,141,142
1789636812347527098,merge,1.71169,1.59457,0.961956,0.775232,0.05078,5.18343,19776,20064,13186,10859,6279,141,142
1789636812447289716,merge,1.71273,1.60496,0.949075,0.769899,0.049701,5.17377,20064,19968,13052,10980,6280,141,142
1789636812547291515,merge,1.70409,1.58009,0.941418,0.78489,0.048617,5.14608,20160,19968,12946,10799,6281,141,142
1789636812647512038,merge,1.68404,1.58841,0.952337,0.79931,0.049431,5.15741,19776,20064,12852,10936,6282,141,142
1789636812747242224,merge,1.72538,1.58987,0.967479,0.781772,0.050309,5.20301,20064,19872,13278,10898,6283,141,142
1789636812847592796,merge,1.69204,1.60556,0.926177,0.795157,0.051371,5.15837,20064,20064,12754,10965,6284,141,142
1789636812947537030,merge,1.70487,1.58755,0.954829,0.791592,0.050264,5.17158,19872,20064,13074,10956,6285,141,142
1789636813047511677,merge,1.72071,1.58546,0.950641,0.80423,0.050836,5.20184,19968,19968,13096,10891,6286,141,142
1789636813147576036,merge,1.71124,1.60126,0.962494,0.785187,0.049096,5.19342,20064,19968,12994,10865,6287,141,142
1789636813247548873,merge,1.70099,1.58872,0.951504,0.770845,0.050774,5.1483,19872,20064,12937,10767,6288,141,142
1789636813347410517,merge,1.71189,1.58485,0.978144,0.804202,0.050345,5.21572,19968,19968,13135,10897,6289,141,142
1789636813447388770,merge,1.70865,1.60053,0.971751,0.804111,0.051286,5.22099,20064,19968,13147,10997,6290,141,142
1789636813547437250,merge,1.7082,1.60024,0.949674,0.800935,0.048851,5.19489,19968,20160,12847,10987,6291,141,142
1789636813647489814,merge,1.72224,1.56813,0.989479,0.780168,0.050781,5.19242,20064,19872,13258,10800,6292,141,142
1789636813747497772,merge,1.69968,1.59596,0.93813,0.793396,0.050726,5.16504,19968,19968,12896,10937,6293,141,142
1789636813847482562,merge,1.72216,1.59716,0.95286,0.79205,0.053247,5.20753,20064,19968,13004,10974,6294,141,142
1789636813947494796,merge,2.50953,2.35797,1.34184,1.11636,0.105167,7.58835,19968,20064,13018,10889,6295,141,142
1789636814047554676,merge,2.01864,1.59377,0.925161,0.803617,0.056065,5.50469,19968,20064,13049,10794,6296,141,142
1789636814147400188,merge,1.69256,1.61057,0.929341,0.814242,0.050626,5.18378,19968,20064,12707,11044,6297,141,142
1789636814247464640,merge,1.73214,1.57262,0.957114,0.775363,0.051505,5.17184,20064,19872,13247,10757,6298,141,142
1789636814347452702,merge,1.69564,1.5933,0.944642,0.791473,0.050352,5.16129,19968,20160,12818,11007,6299,141,142
1789636814447428680,merge,1.71002,1.59915,0.938364,0.807603,0.051325,5.18961,19968,19968,12943,10997,6300,141,142
1789636814547432107,merge,1.69096,1.58615,0.988362,0.793564,0.052094,5.19787,20064,19872,13050,10832,6301,141,142
1789636814647452029,merge,1.72749,1.62259,0.945715,0.807428,0.052433,5.25439,19968,20160,12973,11009,6302,141,142
1789636814747437979,merge,1.73021,1.60222,0.955078,0.789828,0.049817,5.22698,20064,19872,12967,10836,6303,141,142
1789636814847500132,merge,1.71361,1.59469,0.955483,0.781874,0.051096,5.18434,19968,19968,13141,10866,6304,141,142
1789636814947425653,merge,1.69524,1.59961,0.953428,0.813027,0.052405,5.19795,19968,20160,12942,10846,6305,141,142
1789636815047387478,merge,1.7048,1.58142,0.936878,0.80105,0.050942,5.16313,19968,19968,12925,10890,6306,141,142
1789636815147394405,merge,1.71582,1.60826,0.955277,0.786246,0.051275,5.20572,20064,19968,13279,11003,6307,141,142
1789636815247404339,merge,1.71566,1.58628,0.951671,0.783985,0.050802,5.17361,20064,19968,12872,10833,6308,141,142
1789636815347474574,merge,1.70683,1.57066,0.964611,0.786182,0.053349,5.16661,19968,19968,13077,10756,6309,141,142
1789636815447416272,merge,1.6969,1.596,0.955152,0.798952,0.053046,5.18964,19968,20064,13081,11049,6310,141,142
1789636815547406192,merge,1.71382,1.58798,0.93899,0.796485,0.052017,5.17628,20064,19872,12944,10855,6311,141,142
1789636815647455954,merge,1.69342,1.58374,0.95295,0.797381,0.050294,5.16303,19968,20064,12983,10923,6312,141,142
1789636815747398755,merge,1.70551,1.59027,0.993061,0.788803,0.051609,5.21466,19968,20064,13172,10833,6313,141,142
1789636815847334884,merge,1.70212,1.59996,0.950338,0.796564,0.050144,5.18452,20064,19968,12722,10897,6314,141,142
1789636815947432394,merge,1.71572,1.59617,0.97937,0.794637,0.050722,5.21995,19968,20064,13124,10947,6315,141,142
1789636816047326213,merge,1.69918,1.57936,0.946386,0.780473,0.05166,5.14046,19968,19968,12969,10865,6316,141,142
1789636816147302072,merge,2.01313,1.6067,0.989315,0.784164,0.051263,5.54901,20064,19968,12854,10988,6317,141,142
1789636816247350791,merge,1.69397,1.58929,0.949135,0.802548,0.052671,5.17172,20064,19968,13088,10911,6318,141,142
1789636816347430621,merge,1.7026,1.5911,0.965577,0.800826,0.054503,5.20429,19872,20160,13055,11025,6319,141,142
1789636816447329347,merge,2.54398,1.68145,0.950411,0.792657,0.048422,6.15998,20064,19968,12728,10903,6320,141,142
1789636816547358599,merge,1.70431,1.61401,0.971715,0.797753,0.049401,5.2272,19968,19968,13108,10962,6321,141,142
1789636816647319337,merge,1.73497,1.6013,0.96064,0.805117,0.051961,5.24269,20064,20064,13211,10840,6322,141,142
1789636816747416498,merge,1.69848,1.58134,0.945219,0.787848,0.052508,5.15223,19968,19968,12745,10834,6323,141,142
1789636816847363541,merge,1.71212,1.60795,0.985002,0.798167,0.0506,5.23998,20064,20064,13230,11062,6324,141,142
1789636816947416573,merge,1.69891,1.59052,0.944202,0.77755,0.049592,5.14696,19968,19872,13011,10792,6325,141,142
1789636817047366621,merge,1.70108,1.58762,0.944775,0.788119,0.049916,5.16105,19968,20064,12881,10979,6326,141,142
1789636817147290835,merge,1.71589,1.58676,0.963714,0.797886,0.05102,5.21127,20064,19872,13197,10910,6327,141,142
1789636817247433267,merge,1.70872,1.61229,0.966934,0.810508,0.051956,5.23881,19968,20160,13037,11096,6328,141,142
1789636817347324281,merge,1.69249,1.59123,0.938821,0.791901,0.048815,5.1462,19968,19968,12798,10922,6329,141,142
1789636817447298694,merge,1.75235,1.61814,0.968019,0.804052,0.068762,5.30108,20064,19968,13275,10935,6330,141,142
1789636817547344901,merge,1.69062,1.6111,0.962575,0.797773,0.048644,5.1959,19968,20064,12836,10945,6331,141,142
1789636817647312971,merge,1.71191,1.59282,0.955314,0.782874,0.051779,5.17972,20064,19968,13020,10830,6332,141,142
1789636817747388750,merge,1.725,1.62891,0.962216,0.799141,0.048656,5.26224,19968,20064,12986,10943,6333,141,142
1789636817847342138,merge,1.70871,1.59003,0.949668,0.798756,0.051773,5.18132,19968,19872,12916,10984,6334,141,142
1789636817947254575,merge,1.73485,1.62913,0.92501,0.80441,0.054311,5.24719,20064,20064,12880,11012,6335,141,142
1789636818047358603,merge,1.73807,1.61436,0.947713,0.785689,0.056847,5.23236,19968,19968,13150,10918,6336,141,142
1789636818147274346,merge,1.7351,1.61658,0.921535,0.793362,0.049635,5.21093,20064,19968,12737,10932,6337,141,142
1789636818247345600,merge,1.72464,1.63643,0.936373,0.811411,0.056671,5.26349,19968,20064,13117,11086,6338,141,142
1789636818347330332,merge,1.73799,1.63659,0.940629,0.80852,0.052654,5.27012,20064,19872,13095,11041,6339,141,142
1789636818547220306,merge,1.75118,1.6578,0.96851,0.783354,0.099012,5.34976,20064,19968,13158,10995,6340,141,142
1789636818647250090,merge,1.70336,1.61076,0.944045,0.805237,0.237282,5.38604,19968,20064,13109,11046,6341,141,142
1789636818747241468,merge,1.72879,1.6535,0.941851,0.793286,0.237587,5.44515,20064,19968,12877,11034,6342,141,142
1789636818847284597,merge,1.7091,1.64271,0.949562,0.792615,0.240648,5.42831,19968,19968,13124,10963,6343,141,142
1789636818947227299,merge,1.72937,1.6562,0.944183,0.786631,0.241761,5.45241,20064,19872,13257,11046,6344,141,142
1789636819047328005,merge,1.69465,1.62023,0.93945,0.797347,0.236554,5.38733,19968,20160,12713,11032,6345,141,142
1789636819147261511,merge,1.72875,1.63527,0.969538,0.806323,0.248212,5.47503,20064,19872,13269,10907,6346,141,142
1789636819247385072,merge,1.72569,1.62902,0.931097,0.806114,0.270594,5.45217,19968,20064,13022,11010,6347,141,142
1789636819347302449,merge,1.74419,1.69519,0.917758,0.81366,0.277939,5.54234,19968,19968,12792,11111,6348,141,142
1789636819447248970,merge,1.72329,1.65467,0.942372,0.813111,0.258698,5.4809,19968,20064,13016,11062,6349,141,142
1789636819547208605,merge,1.75217,1.66193,0.942377,0.796569,0.259342,5.491,20064,19968,13233,10830,6350,141,142
1789636819647188519,merge,1.73246,1.63318,0.90741,0.795277,0.252288,5.40356,19968,20064,12596,11028,6351,141,142
1789636819747249464,merge,1.73489,1.68155,0.950577,0.807964,0.253805,5.52195,19968,19968,13142,11051,6352,141,142
1789636819847242557,merge,2.5429,2.09261,0.954745,0.806589,0.240929,6.78635,20064,19968,13004,10895,6353,141,142
1789636819947157734,merge,1.71299,1.59069,0.934513,0.779216,0.237985,5.34703,19968,20064,12836,10884,6354,141,142
1789636820047244724,merge,1.71675,1.64005,0.950616,0.785071,0.235688,5.42079,20064,19872,13095,10917,6355,141,142
1789636820147250406,merge,1.71099,1.60764,0.959882,0.801338,0.242435,5.41248,19968,20064,13066,11033,6356,141,142
1789636820247167850,merge,1.72057,1.63281,0.944725,0.791232,0.242164,5.42289,20064,19968,12922,10880,6357,141,142
1789636820347303793,merge,1.74109,1.60261,0.948313,0.80151,0.249759,5.43692,19968,20064,13148,10994,6358,141,142
1789636820447242255,merge,1.70374,1.64314,0.950828,0.792084,0.24166,5.4193,19968,19872,13056,10925,6359,141,142
1789636820547234918,merge,1.70314,1.59289,0.941437,0.786091,0.240214,5.35583,19968,20064,12842,10811,6360,141,142
1789636820647241060,merge,1.73954,1.63598,0.967008,0.786508,0.247085,5.46546,20064,20064,13303,10889,6361,141,142
1789636820747241699,merge,1.71236,1.66523,0.937022,0.791,0.238778,5.43064,19968,19968,12948,10984,6362,141,142
1789636820847177098,merge,1.70983,1.63482,0.955296,0.800554,0.23943,5.43223,19968,19872,12936,10796,6363,141,142
1789636820947164226,merge,1.83231,1.63797,0.972725,0.795936,0.250551,5.5969,20064,20064,13239,10914,6364,141,142
1789636821047283799,merge,1.71951,1.64523,0.953932,0.794308,0.244074,5.44337,20064,19968,12985,10964,6365,141,142
1789636821147275954,merge,1.71434,1.65639,0.957,0.811659,0.239405,5.46723,19968,19968,12939,10971,6366,141,142
1789636821247327022,merge,1.72162,1.58239,0.956899,0.791893,0.248514,5.38755,19968,20064,13235,10940,6367,141,142
1789636821347204359,merge,1.71973,1.59356,0.934606,0.793753,0.233828,5.36272,19968,20064,12824,10872,6368,141,142
1789636821447176280,merge,1.71138,1.67654,0.966889,0.801248,0.279332,5.52366,19968,19968,12971,10902,6369,141,142
1789636821547168928,merge,1.73843,1.62898,0.977718,0.778938,0.246619,5.46719,20064,19968,13276,10748,6370,141,142
1789636821647157632,merge,1.69928,1.63062,0.936176,0.776327,0.234598,5.36269,19968,19968,12844,10874,6371,141,142
1789636821747126172,merge,1.74542,1.66129,0.97453,0.811185,0.2432,5.53258,20064,20064,13280,11063,6372,141,142
1789636821847274439,merge,1.70124,1.63253,0.954024,0.802469,0.2415,5.418,20064,19872,12956,10803,6373,141,142
1789636821947213770,merge,1.70409,1.63735,1.1331,0.787855,0.239794,5.58862,19968,19968,12990,10807,6374,141,142
1789636822047171729,merge,1.73323,1.60483,0.980912,0.804825,0.23673,5.44631,19968,20064,13231,10968,6375,141,142
1789636822146949679,merge,1.6988,1.61242,0.938149,0.806257,0.235278,5.38024,19968,20064,12976,11055,6376,141,142
1789636822247156528,merge,1.72649,1.62131,0.973812,0.791685,0.232389,5.43768,20064,19968,13142,10819,6377,141,142
1789636822347173153,merge,1.71616,1.64475,0.963528,0.786976,0.262116,5.46976,19968,19968,13170,10802,6378,141,142
1789636822446825659,merge,1.72639,1.61493,0.948594,0.786581,0.242282,5.40852,19872,20160,13144,10951,6379,141,142
1789636822547254035,merge,1.69583,1.61667,0.923152,0.792039,0.231263,5.34644,20160,19776,12946,10717,6380,141,142
1789636822647129252,merge,1.72112,1.58643,0.976898,0.800088,0.212091,5.38383,19872,20064,13112,10954,6381,141,142
1789636822746882489,merge,1.70078,1.60223,0.951334,0.814509,0.21562,5.37296,19872,20064,13070,11057,6382,141,142
1789636822847130280,merge,1.71788,1.6578,0.963139,0.791578,0.23986,5.466,20064,19968,13145,10950,6383,141,142
1789636822947217937,merge,1.70046,1.58832,0.951732,0.794459,0.227608,5.34891,19968,20064,12840,10935,6384,141,142
1789636823047181140,merge,1.71358,1.63055,0.970217,0.796456,0.2419,5.44153,19968,19968,13177,10878,6385,141,142
1789636823147202402,merge,1.69477,1.59841,0.937245,0.80795,0.241018,5.36573,19872,19968,12930,10971,6386,141,142
1789636823247061437,merge,1.72334,1.64671,0.96277,0.771282,0.269541,5.46758,20160,20064,12982,10753,6387,141,142
1789636823347163516,merge,1.70135,1.57827,0.966455,0.780896,0.241846,5.36374,19872,19968,12931,10771,6388,141,142
1789636823447068111,merge,1.72785,1.64605,0.967938,0.797631,0.203948,5.43985,20064,19968,13215,10977,6389,141,142
1789636823547168673,merge,1.6923,1.60463,0.935181,0.799561,0.212185,5.32637,19968,20064,12642,11058,6390,141,142
1789636823647215801,merge,1.72416,1.62123,0.971966,0.781125,0.241831,5.42939,19968,19968,13222,10809,6391,141,142
1789636823747088298,merge,1.69029,1.64548,0.958973,0.793626,0.2424,5.41614,20064,20064,12995,10962,6392,141,142
1789636823847187393,merge,1.71415,1.64037,0.946314,0.799364,0.23229,5.41861,20064,19968,12883,10963,6393,141,142
1789636823947223763,merge,1.69664,1.59328,0.951574,0.795953,0.200785,5.34044,19872,20064,12906,10886,6394,141,142
1789636824047141597,merge,1.71137,1.61808,0.969908,0.79443,0.241792,5.42065,19968,19872,13149,10810,6395,141,142
1789636824147134199,merge,1.70348,1.65268,0.929843,0.794093,0.244491,5.42206,20064,20064,12824,10846,6396,141,142
1789636824247071162,merge,1.71844,1.6547,0.94644,0.795283,0.265825,5.47538,19968,19968,13124,10869,6397,141,142
1789636824347104369,merge,2.50095,1.63956,0.980178,0.799967,0.270696,6.29953,20064,20064,13249,10949,6398,141,142
1789636824447200866,merge,1.70717,1.63771,0.936667,0.775938,0.239581,5.38483,19968,19968,12679,10903,6399,141,142
1789636824547101816,merge,1.72521,1.60277,0.963042,0.786073,0.251486,5.42014,19968,20064,13213,11006,6400,141,142
1789636824647052942,merge,1.70544,1.62878,0.975742,0.785536,0.197957,5.39736,19968,19968,13111,10828,6401,141,142
1789636824747032883,merge,1.7181,1.63929,0.937773,0.788402,0.239037,5.4101,20064,19968,12860,10856,6402,141,142
1789636824847072272,merge,1.71384,1.6016,0.952667,0.797367,0.264415,5.41787,19968,20064,13089,10984,6403,141,142
1789636824947044669,merge,1.71454,1.64171,0.979826,0.798108,0.243137,5.46615,20064,19968,13232,10800,6404,141,142
1789636825047154778,merge,1.69913,1.58704,0.946562,0.792764,0.236069,5.34912,19968,20064,12640,10860,6405,141,142
1789636825147113876,merge,1.7213,1.64057,0.988001,0.800329,0.25044,5.4874,20064,19872,13256,10887,6406,141,142
1789636825247157994,merge,1.68214,1.60742,0.937679,1.09341,0.246993,5.65658,19968,20064,12922,11063,6407,141,142
1789636825347094337,merge,1.7064,1.63652,0.938174,0.781504,0.256558,5.41028,19968,19968,12813,10843,6408,141,142
1789636825447033863,merge,1.69752,1.65068,0.949053,0.77655,0.244561,5.40362,20064,20064,13028,10883,6409,141,142
1789636825547156759,merge,1.70234,1.65329,0.967666,0.805667,0.252959,5.46661,19968,19968,13069,11004,6410,141,142
1789636825647060395,merge,1.70273,1.62973,0.926597,0.78648,0.192765,5.33466,19968,19968,12678,10873,6411,141,142
1789636825747002470,merge,2.57596,2.47015,1.41727,1.16226,0.357538,8.12874,20064,20064,13223,10887,6412,141,142
1789636825847074779,merge,2.52533,2.4681,1.36889,1.12591,0.375425,8.02801,19968,19968,12931,10925,6413,141,142
1789636825947044981,merge,2.52165,2.45514,1.31934,1.11685,0.368235,7.93791,19968,19968,12824,10865,6414,141,142
1789636826047006628,merge,2.55187,2.42819,1.36217,1.12145,0.337854,7.954,20064,20064,13231,10935,6415,141,142
1789636826147066620,merge,1.8574,1.6349,0.947984,0.791507,0.258929,5.59293,19968,19968,12945,10888,6416,141,142
1789636826246970916,merge,1.7171,1.65661,0.947804,0.811643,0.258809,5.47756,20064,19968,13059,10987,6417,141,142
1789636826347082472,merge,1.7081,1.59432,0.932636,0.770393,0.248517,5.33873,19968,20064,13097,10887,6418,141,142
1789636826447042312,merge,1.71348,1.64122,0.942919,0.783266,0.255997,5.44355,20064,20064,13003,10954,6419,141,142
1789636826547139978,merge,1.70503,1.65032,0.945692,0.80613,0.244124,5.43595,19968,19968,13010,11007,6420,141,142
1789636826647130050,merge,1.71613,1.65086,0.959066,0.792361,0.245069,5.44861,19968,19968,13176,10947,6421,141,142
1789636826746983846,merge,1.7016,1.62996,0.918931,0.792194,0.242566,5.37084,20064,19968,12758,10832,6422,141,142
1789636826847153348,merge,1.69983,1.59721,0.967895,0.789492,0.221903,5.36848,19968,20064,13109,10860,6423,141,142
1789636826947003836,merge,1.69996,1.64539,0.950172,0.795057,0.238498,5.41282,19968,19968,13028,10983,6424,141,142
1789636827046952143,merge,2.5669,2.44089,1.32768,1.1159,0.361139,7.96769,20064,19968,12884,10860,6425,141,142
1789636827147109087,merge,1.86563,1.62834,0.933341,0.78742,0.20829,5.52185,19968,20064,12939,10966,6426,141,142
1789636827247007070,merge,1.71444,1.63789,0.996139,0.78703,0.243045,5.4629,19968,19968,13182,10957,6427,141,142
1789636827346949471,merge,1.72492,1.65359,0.936277,0.808011,0.237345,5.44636,20064,19968,12661,10925,6428,141,142
1789636827447030040,merge,1.70319,1.58701,0.940964,0.799421,0.234396,5.35405,19968,20064,13117,11004,6429,141,142
1789636827546978137,merge,1.70321,1.64275,0.973388,0.796347,0.241708,5.4433,20064,19968,13133,11013,6430,141,142
1789636827647117691,merge,1.71181,1.65225,0.943316,0.835309,0.245712,5.47578,19968,19968,12753,10945,6431,141,142
1789636827747041133,merge,1.70323,1.59803,0.980826,0.780924,0.24124,5.3943,19968,20064,13129,10874,6432,141,142
1789636827846947506,merge,1.71675,1.63832,0.976255,0.806299,0.246624,5.47735,20064,20064,13177,10916,6433,141,142
1789636827947065001,merge,1.70903,1.63665,0.936541,0.789991,0.226278,5.39567,19968,19872,12794,10978,6434,141,142
1789636828046916918,merge,1.70647,1.59518,0.946997,0.78536,0.203807,5.32669,19968,20064,13120,10940,6435,141,142
1789636828146943598,merge,1.7314,1.6262,0.969254,0.788004,0.240167,5.44192,20064,19968,13234,10944,6436,141,142
1789636828246998734,merge,1.70145,1.60419,0.938746,0.810605,0.218998,5.36688,19968,20064,12784,11083,6437,141,142
1789636828346965949,merge,1.7209,1.66328,0.991925,0.79941,0.283077,5.54798,20064,19968,13262,11074,6438,141,142
1789636828447044773,merge,1.72965,1.65789,0.934045,0.792856,0.239724,5.43999,19968,19968,12963,11089,6439,141,142
1789636828546988551,merge,1.71067,1.58968,0.946525,0.794074,0.239837,5.36582,19968,20064,12911,10956,6440,141,142
1789636828646942659,merge,1.70822,1.65743,0.957872,0.813581,0.247826,5.46778,20064,19968,13104,11045,6441,141,142
1789636828746969396,merge,1.71086,1.61311,0.958902,0.808454,0.243287,5.42438,19968,20064,13011,11037,6442,141,142
1789636828846969433,merge,1.69453,1.67183,0.94375,0.808684,0.241539,5.45829,20064,19968,12861,10978,6443,141,142
1789636828947025981,merge,1.99642,1.66927,0.95985,0.787308,0.246074,5.76504,19968,19968,13156,11027,6444,141,142
1789636829046947467,merge,1.97244,1.67811,0.939435,0.805402,0.237567,5.73966,19968,19968,12766,11034,6445,141,142
1789636829146881967,merge,1.99202,1.65849,0.946209,0.799412,0.245392,5.74178,20064,19968,13072,11002,6446,141,142
1789636829247027308,merge,1.68985,1.5884,0.941043,0.781129,0.217452,5.30777,19968,20064,12977,10921,6447,141,142
1789636829346920205,merge,1.71646,1.64794,0.938781,0.801082,0.237562,5.43267,20064,19968,12926,11002,6448,141,142
1789636829447021627,merge,1.71446,1.6727,0.962602,0.793738,0.242779,5.47639,19968,19968,12928,11125,6449,141,142
1789636829546945434,merge,1.70245,1.60418,0.941481,0.785834,0.225288,5.34413,19968,20064,13106,10981,6450,141,142
1789636829646890784,merge,1.71522,1.63097,0.944085,0.784753,0.235938,5.39834,20064,19968,12856,10829,6451,141,142
1789636829747010956,merge,1.70637,1.59995,0.961809,0.79811,0.240837,5.3934,19968,20064,13050,10978,6452,141,142
1789636829846934352,merge,1.73334,1.65194,0.966676,0.79987,0.24136,5.48523,20064,20064,13203,11036,6453,141,142
1789636829947522073,merge,1.69595,1.62078,0.917797,0.778037,0.239013,5.33527,19968,19872,12769,10800,6454,141,142
1789636830047000282,merge,1.70567,1.63782,0.952977,0.789464,0.237973,5.41039,19968,19968,13137,10924,6455,141,142
1789636830146911989,merge,1.71868,1.66209,0.95625,0.797571,0.24681,5.47832,20064,20064,13172,11020,6456,141,142
1789636830246992026,merge,1.70928,1.59788,0.94444,0.777598,0.242807,5.36464,19968,20064,12803,11024,6457,141,142
1789636830347570914,merge,1.72031,1.61311,0.940442,0.771818,0.248335,5.38299,19968,19872,13142,10771,6458,141,142
1789636830446901628,merge,1.72469,1.65152,0.967077,0.816364,0.233303,5.48029,20064,19968,13275,11025,6459,141,142
1789636830547021912,merge,1.70167,1.64462,0.902251,0.780355,0.230785,5.34294,19968,19968,12758,10947,6460,141,142
1789636830646909699,merge,1.71675,1.58664,0.960075,0.787641,0.206196,5.34308,19968,20064,13171,10829,6461,141,142
1789636830746919419,merge,1.71372,1.62431,0.946769,0.77626,0.237517,5.38136,20064,19968,13088,10931,6462,141,142
1789636830847001519,merge,1.70064,1.64945,0.942547,0.801826,0.235533,5.41307,19968,19968,12874,10955,6463,141,142
1789636830946915284,merge,1.71054,1.62685,0.956719,0.80026,0.243636,5.42086,19968,19968,13082,10844,6464,141,142
1789636831046879434,merge,1.71946,1.62235,0.962098,0.772979,0.230411,5.39091,20064,19968,13217,10903,6465,141,142
1789636831146957154,merge,1.68852,1.60967,0.889098,0.784362,0.216408,5.27394,19968,20160,12641,11096,6466,141,142
1789636831246918127,merge,1.71867,1.63131,0.967885,0.78388,0.272206,5.45896,19968,19872,13222,10767,6467,141,142
1789636831346863662,merge,1.74426,1.66361,0.93749,0.789461,0.25759,5.48944,20064,20064,13043,10951,6468,141,142
1789636831446928018,merge,1.73096,1.69031,0.93526,0.793277,0.241674,5.48812,19968,19968,12780,10976,6469,141,142
1789636831546832520,merge,1.7154,1.6525,0.956239,0.799816,0.245064,5.4519,19968,19968,13249,10913,6470,141,142
1789636831646846224,merge,1.75389,1.66521,0.940964,0.772976,0.249021,5.48787,20064,20064,12982,10738,6471,141,142
1789636831746894498,merge,1.74228,1.67101,0.939626,0.780455,0.244653,5.47187,19968,19968,12990,10893,6472,141,142
1789636831846822761,merge,1.78394,1.6772,0.958281,0.807188,0.252179,5.57343,20064,19968,13318,10970,6473,141,142
1789636831946897099,merge,1.69928,1.6323,0.941683,0.789731,0.239291,5.38901,20064,20064,12950,10903,6474,141,142
1789636832046946692,merge,1.7528,1.58638,0.964434,0.780669,0.24599,5.42256,19968,20064,13307,10926,6475,141,142
1789636832146952430,merge,1.71294,1.63634,0.956608,0.788502,0.23561,5.41928,19968,19872,12983,10884,6476,141,142
1789636832246850816,merge,1.7417,1.60782,0.959595,0.803311,0.249555,5.45229,19968,20064,13340,11043,6477,141,142
1789636832346924486,merge,1.70243,1.62518,0.948594,0.778686,0.240055,5.39144,20064,19968,12910,10831,6478,141,142
1789636832446875347,merge,1.72177,1.5962,0.975527,0.79524,0.265643,5.4437,19872,20064,13270,10872,6479,141,142
1789636832546898029,merge,1.70348,1.6352,0.953522,0.796605,0.23947,5.41701,20064,19872,13043,10887,6480,141,142
1789636832646644256,merge,1.71113,1.59259,0.920098,0.790908,0.234524,5.33915,19872,20064,12917,10830,6481,141,142
1789636832746786371,merge,1.69794,1.62002,0.945965,0.790021,0.232569,5.37439,19968,19968,13041,10867,6482,141,142
1789636832846871828,merge,1.71554,1.6019,0.960663,0.81126,0.256555,5.43367,19968,20064,13171,11025,6483,141,142
1789636832946824336,merge,1.70048,1.63593,0.937765,0.787074,0.232864,5.38021,20064,19968,12765,10854,6484,141,142
1789636833046910912,merge,1.71414,1.58183,0.961601,0.788042,0.236663,5.3686,19872,19968,13099,10879,6485,141,142
1789636833146819459,merge,1.69862,1.60713,0.955957,0.799789,0.24072,5.39366,19968,20064,12993,11086,6486,141,142
1789636833246873515,merge,1.71315,1.63939,0.929044,0.795001,0.234618,5.40252,20064,19968,12985,10968,6487,141,142
1789636833346827544,merge,1.69679,1.62537,0.945268,0.777695,0.23685,5.37069,19968,19968,12847,10713,6488,141,142
1789636833446848962,merge,1.7079,1.59258,0.946819,0.792678,0.219243,5.34998,19968,20064,13170,10803,6489,141,142
1789636833546822742,merge,1.6907,1.64499,0.926697,0.787248,0.235207,5.36853,19968,19968,12836,10966,6490,141,142
1789636833646785803,merge,1.75716,1.68773,0.946686,0.795732,0.245696,5.52793,20064,20064,13012,10941,6491,141,142
1789636833746859968,merge,1.74359,1.66451,0.955864,0.775777,0.250288,5.48517,19968,19968,13090,10808,6492,141,142
1789636833846893452,merge,1.73488,1.6785,0.942487,0.783992,0.253777,5.48492,19968,19968,12977,10998,6493,141,142
1789636833946807620,merge,1.74996,1.69283,0.937949,0.797992,0.253232,5.52309,20064,20064,13048,11040,6494,141,142
1789636834046812198,merge,1.7426,1.58978,0.971757,0.79891,0.251736,5.46283,19872,19968,13029,10849,6495,141,142
1789636834246899810,merge,1.69229,1.61163,0.939586,0.794371,0.207027,5.32995,19872,20064,12860,10881,6496,143,144
1789636834346719430,merge,1.71461,1.58552,0.959516,0.779809,0.064698,5.19782,20064,19968,13240,10789,6497,143,144
1789636834446776511,merge,1.70602,1.58008,0.942827,0.800513,0.049148,5.17363,19968,19968,12873,10909,6498,143,144
1789636834546730595,merge,1.72529,1.60887,0.950546,0.80034,0.055725,5.23351,20064,20064,13045,11085,6499,143,144
1789636834646835688,merge,1.70479,1.59873,0.946729,0.840945,0.086527,5.26284,19968,20064,13034,10980,6500,143,144
1789636834746787064,merge,1.69885,1.56254,0.944841,0.78691,0.223569,5.30035,19968,19872,12934,10745,6501,143,144
1789636834846705936,merge,1.71324,1.59364,0.941552,0.79633,0.07199,5.20304,20064,20064,12898,10996,6502,143,144
1789636834946808419,merge,1.7105,1.59695,0.973461,0.814474,0.056436,5.23513,19968,19968,13169,10956,6503,143,144
1789636835046742329,merge,1.68679,1.5945,0.908138,0.775033,0.082594,5.13979,19968,20064,12722,10779,6504,143,144
1789636835146800326,merge,1.71709,1.57774,0.964524,0.779896,0.051368,5.17902,20064,19968,13097,10777,6505,143,144
1789636835246733623,merge,1.69461,1.60521,0.972582,0.80195,0.063521,5.22621,19968,20064,12991,11022,6506,143,144
1789636835346763856,merge,1.71061,1.5928,0.912156,0.798495,0.049162,5.16167,19968,19968,12874,10899,6507,143,144
1789636835446744564,merge,1.70696,1.58805,0.958793,0.804581,0.052082,5.19821,20064,19968,13061,10886,6508,143,144
1789636835546718458,merge,1.70328,1.60197,0.960679,0.810892,0.05096,5.21095,19968,20064,13103,11017,6509,143,144
1789636835646704446,merge,1.70896,1.59271,0.949368,0.799405,0.053384,5.19329,20064,19968,12831,10976,6510,143,144
1789636835746789802,merge,1.72136,1.61358,0.942855,0.831781,0.063651,5.26479,19968,19968,13067,10848,6511,143,144
1789636835846717331,merge,1.71956,1.6127,0.97512,0.805681,0.052588,5.26148,20064,19968,13227,10894,6512,143,144
1789636835946746463,merge,1.70381,1.61121,0.937211,0.798962,0.050337,5.1897,19968,20064,12708,10964,6513,143,144
1789636836046767806,merge,1.72453,1.5901,0.968143,0.76514,0.050769,5.18679,20064,19968,13277,10794,6514,143,144
1789636836146835444,merge,1.68285,1.58944,0.964855,0.936553,0.050452,5.30989,19872,20064,12966,10887,6515,143,144
1789636836246687255,merge,1.72584,1.59411,0.948542,0.805643,0.050903,5.21171,20064,19968,12890,11018,6516,143,144
1789636836346716296,merge,1.71026,1.59624,0.971459,0.798386,0.049685,5.21179,20064,19968,13105,10987,6517,143,144
1789636836446822989,merge,1.70801,1.57985,0.964749,0.79199,0.048979,5.17467,19968,20064,13158,10875,6518,143,144
1789636836546740023,merge,1.69672,1.58651,0.929205,0.800177,0.048716,5.14785,19968,20064,12608,10957,6519,143,144
1789636836646814771,merge,1.70646,1.59932,0.961131,0.796081,0.051197,5.2032,20064,19968,13240,10996,6520,143,144
1789636836746772061,merge,1.68029,1.59642,0.949927,0.845946,0.055828,5.21729,19968,19968,12898,10893,6521,143,144
1789636836846700050,merge,1.70361,1.59157,0.933249,0.787673,0.049327,5.15371,19968,19968,12844,10847,6522,143,144
1789636836946660167,merge,1.69388,1.59487,0.948492,0.78032,0.050419,5.15796,20064,20064,13075,10901,6523,143,144
1789636837046789529,merge,1.69769,1.59811,0.946159,0.816179,0.05208,5.19804,19968,20064,13009,11000,6524,143,144
1789636837146765347,merge,1.69862,1.57983,0.924783,0.786071,0.04981,5.12471,19968,19872,12684,10840,6525,143,144
1789636837246642938,merge,1.72576,1.59154,0.96703,0.792689,0.04891,5.22411,20064,20064,13216,10982,6526,143,144
1789636837346758095,merge,1.69936,1.60262,1.24837,0.787369,0.049386,5.47167,19968,20064,12930,11016,6527,143,144
1789636837446818214,merge,1.70803,1.57568,0.956446,0.794632,0.049359,5.17033,20064,19872,12993,10793,6528,143,144
1789636837546793507,merge,1.70326,1.59005,0.956001,0.798818,0.050654,5.18638,19968,20064,13147,10971,6529,143,144
1789636837646662837,merge,1.70019,1.59791,0.949563,0.799343,0.04956,5.18602,19968,19968,12889,11009,6530,143,144
1789636837746630439,merge,1.71657,1.60012,0.934044,0.786545,0.050503,5.17934,20064,20064,13105,10897,6531,143,144
1789636837846788984,merge,1.69468,1.57799,0.94029,0.790868,0.04982,5.14091,19968,19968,13087,10856,6532,143,144
1789636837946757509,merge,1.73125,1.59589,0.937766,0.802601,0.051051,5.20932,20064,20064,12898,10968,6533,143,144
1789636838046733894,merge,1.70017,1.60094,0.947153,0.968539,0.049748,5.34927,19968,19968,13037,11027,6534,143,144
1789636838146715100,merge,1.70913,1.58293,0.964831,0.786492,0.050592,5.18003,20064,19968,13246,10937,6535,143,144
1789636838246731611,merge,1.68921,1.59154,0.927492,0.791799,0.049943,5.1419,19968,20064,12643,10951,6536,143,144
1789636838346832352,merge,1.7069,1.60501,0.964672,0.796866,0.049682,5.21082,19968,19968,13186,11001,6537,143,144
1789636838446817887,merge,1.6959,1.60872,0.968176,0.805963,0.050117,5.21479,20064,19968,13092,11061,6538,143,144
1789636838546695728,merge,1.69182,1.60726,0.927921,0.803715,0.04907,5.17379,19968,20064,12778,11037,6539,143,144
1789636838646774503,merge,1.68167,1.60044,0.953678,0.799174,0.050245,5.16984,19968,19968,12969,11036,6540,143,144
1789636838746698565,merge,1.7777,1.65396,0.940954,0.81655,0.053742,5.34251,20064,19968,13248,11066,6541,143,144
1789636838846717573,merge,1.72822,1.64128,0.903025,0.803564,0.052502,5.22386,19968,20064,12588,11054,6542,143,144
1789636838946790027,merge,1.75412,1.62228,0.969116,0.804991,0.051493,5.29387,19968,19968,13160,10952,6543,143,144
1789636839146748220,merge,1.73947,1.64116,0.902677,0.805367,0.049856,5.23332,19872,19968,12752,11082,6544,144,145
1789636839246616242,merge,2.1081,1.60162,0.979746,0.809943,0.047776,5.65324,20064,20064,13212,10966,6545,144,145
1789636839346799264,merge,1.7506,1.59445,0.945285,0.795174,0.052293,5.23125,20064,19968,13068,10929,6546,144,145
1789636839446796235,merge,1.71192,1.60513,0.945024,0.80844,0.050071,5.21202,19872,20064,12854,11127,6547,144,145
1789636839546732195,merge,1.7166,1.60874,0.96052,0.796678,0.050789,5.21856,20064,19968,13195,11094,6548,144,145
1789636839646725214,merge,1.71544,1.58323,0.952246,0.778996,0.050612,5.17076,20064,19968,13111,10862,6549,144,145
1789636839746732000,merge,1.70305,1.59122,0.936842,0.78746,0.049002,5.15374,19968,19968,12845,10882,6550,144,145
1789636839846704605,merge,1.70507,1.60383,0.958874,0.808386,0.057092,5.22268,19968,20064,13193,10966,6551,144,145
1789636839946698622,merge,1.70511,1.58513,0.948999,0.804354,0.050897,5.17841,19968,20064,12974,10937,6552,144,145
1789636840047256124,merge,1.73253,1.58237,0.942366,0.78266,0.050569,5.17487,20160,19968,13067,10882,6553,144,145
1789636840147218849,merge,1.70851,1.59359,0.935879,0.796701,0.051337,5.17698,19872,19968,12961,10953,6554,144,145
1789636840246723240,merge,1.70899,1.59475,0.939678,0.79009,0.049656,5.17214,20064,19872,13052,10987,6555,144,145
1789636840346756683,merge,1.85307,1.5815,0.925075,0.795764,0.049057,5.30856,19968,20064,12838,10913,6556,144,145
1789636840446686689,merge,1.72194,1.59363,0.954398,0.810139,0.049674,5.21563,19968,20064,13198,11052,6557,144,145
1789636840546722832,merge,1.70452,1.60792,0.936083,0.804058,0.048779,5.18988,20064,19968,12780,11043,6558,144,145
1789636840646753672,merge,1.71469,1.5864,0.946052,0.777364,0.050684,5.16381,19968,19968,13021,10851,6559,144,145
1789636840746788788,merge,1.7016,1.59325,0.953898,0.777143,0.051828,5.16974,19968,19968,13009,10806,6560,144,145
1789636840846700963,merge,1.7079,1.63843,0.944069,0.790939,0.050884,5.22106,20064,19968,12953,10955,6561,144,145
1789636840946621766,merge,1.71288,1.61017,0.959773,0.790645,0.048438,5.28156,19968,20064,13049,11005,6562,144,145
1789636841047166047,merge,1.72418,1.56676,0.965987,0.782669,0.050187,5.17671,19968,19872,13138,10814,6563,144,145
1789636841146628955,merge,1.70704,1.59022,0.950714,0.824141,0.049841,5.21254,20064,20064,12959,10999,6564,144,145
1789636841347278030,merge,1.73075,1.56761,0.977804,0.773078,0.123796,5.26839,20064,19872,13310,10723,6565,144,145
1789636841446731569,merge,1.76648,1.66056,0.940183,0.785575,0.175356,5.41852,19968,19968,12840,10887,6566,144,145
1789636841546655536,merge,2.63544,1.61643,0.967364,0.796458,0.194051,6.36371,19968,20064,13077,10992,6567,144,145
1789636841646777511,merge,1.72827,1.6646,0.971239,0.766927,0.188351,5.40929,20064,19968,13288,10773,6568,144,145
1789636841746659792,merge,1.6888,1.59881,0.951999,0.781297,0.238785,5.35836,19872,20064,12823,10849,6569,144,145
1789636841846707486,merge,2.63415,2.51214,1.40907,0.985439,0.197329,7.90042,20064,19968,13464,10953,6570,144,145
1789636841946696870,merge,1.86687,1.68419,0.979475,0.792874,0.174838,5.60386,20064,19968,12900,10948,6571,144,145
1789636842046667003,merge,2.57265,2.4794,1.28673,0.806852,0.183838,7.48992,20064,20064,13180,10843,6572,144,145
1789636842146818658,merge,1.78264,1.59632,0.967677,0.791648,0.183029,5.41563,19968,20064,13092,11015,6573,144,145
1789636842247226262,merge,1.78793,1.59308,0.937528,0.788439,0.244044,5.43775,19968,19872,13163,10912,6574,144,145
1789636842346684063,merge,2.18728,2.49752,1.3279,0.990379,0.189382,7.38248,19968,19968,12912,10827,6575,144,145
1789636842446604314,merge,1.7345,1.66829,0.958795,0.776961,0.17746,5.40308,20064,20064,13206,10912,6576,144,145
1789636842546776685,merge,1.69345,1.6405,0.931158,0.939734,0.240233,5.53163,19776,19968,12955,10873,6577,144,145
1789636842646639495,merge,1.70839,1.67412,0.93066,0.776423,0.172859,5.3548,20256,19968,13035,10859,6578,144,145
1789636842746694220,merge,1.68876,1.58512,0.926986,0.783189,0.243124,5.32228,19776,20064,12809,10876,6579,144,145
1789636842846621620,merge,1.70884,1.63756,0.966228,0.796282,0.240758,5.43054,19872,19968,13181,10886,6580,144,145
1789636842946596588,merge,1.71044,1.68387,0.965381,0.806227,0.179388,5.42977,20064,20064,13037,11013,6581,144,145
1789636843046766974,merge,1.78416,1.65622,0.932686,0.767352,0.174145,5.40439,19968,19968,12921,10828,6582,144,145
1789636843146650924,merge,1.77857,1.6629,0.962696,0.791186,0.178272,5.46047,19968,19968,13143,10876,6583,144,145
1789636843246644365,merge,1.75577,1.60384,0.930393,0.792749,0.175167,5.34469,19968,20064,13066,11054,6584,144,145
1789636843346755194,merge,1.71008,1.67691,0.95665,0.797478,0.181609,5.41221,20064,19968,13001,10840,6585,144,145
1789636843446659961,merge,1.78289,1.65853,0.951657,0.779294,0.183948,5.45104,19968,19968,13140,10752,6586,144,145
1789636843546719454,merge,1.70829,1.66973,0.965417,0.786432,0.182602,5.3962,20064,20064,13166,10918,6587,144,145
1789636843646690829,merge,1.7033,1.64867,0.935695,0.809697,0.236091,5.4195,19872,19968,12696,10934,6588,144,145
1789636843746625168,merge,1.7105,1.66093,0.969855,0.78473,0.183334,5.39342,20064,19968,13271,10839,6589,144,145
1789636843846656891,merge,1.69211,1.59226,0.942303,0.785393,0.238509,5.33757,19872,20064,12921,10933,6590,144,145
1789636843946615936,merge,1.7024,1.67985,0.936522,0.797415,0.17905,5.381,20064,19968,12890,10984,6591,144,145
1789636844046621158,merge,1.69454,1.65845,0.952954,0.780605,0.175358,5.34865,20064,19968,13061,10842,6592,144,145
1789636844146676691,merge,1.77498,1.58362,0.959882,0.796244,0.180922,5.37992,19968,20064,13141,10921,6593,144,145
1789636844246616101,merge,1.70606,1.67455,0.922214,0.802124,0.242285,5.436,20064,19968,12692,10891,6594,144,145
1789636844346686659,merge,1.77329,1.67401,0.975399,0.790723,0.182527,5.48843,19968,19968,13182,10881,6595,144,145
1789636844446630926,merge,1.70222,1.65826,0.957853,0.780288,0.176356,5.35719,20064,20064,12980,10880,6596,144,145
1789636844546655087,merge,1.76836,1.65355,0.924673,0.790536,0.176893,5.40386,19968,19968,12844,10898,6597,144,145
1789636844646698360,merge,1.74446,1.60514,0.950311,0.799299,0.180822,5.37293,19968,20064,13021,11029,6598,144,145
1789636844746611240,merge,1.78111,1.65151,0.939888,0.795198,0.180987,5.43031,19968,19968,13077,10832,6599,144,145
1789636844846621265,merge,1.70573,1.65058,0.939419,0.7882,0.174492,5.3426,20064,19968,12889,10867,6600,144,145
1789636844946619369,merge,1.75167,1.67246,0.952069,0.797117,0.178999,5.43873,19968,19968,13091,10989,6601,144,145
1789636845046616606,merge,1.75945,1.60856,0.96072,0.793692,0.179155,5.38826,19968,20064,13096,11034,6602,144,145
1789636845146602577,merge,1.72881,1.69657,0.945766,0.785658,0.175086,5.42556,20064,19968,12881,10776,6603,144,145
1789636845246669931,merge,1.77151,1.59188,0.976784,0.785616,0.178403,5.38919,19968,20064,13188,10853,6604,144,145
1789636845346615564,merge,1.70685,1.67624,0.945022,0.801126,0.184845,5.39742,20064,19968,12991,10983,6605,144,145
1789636845446687024,merge,1.76873,1.59483,0.966577,0.819927,0.16035,5.40024,19968,20064,12943,10930,6606,144,145
1789636845546700226,merge,1.75175,1.64463,0.957745,0.778113,0.173837,5.39069,19968,19968,13033,10807,6607,144,145
1789636845646641829,merge,1.72366,1.66377,0.94288,0.799338,0.163889,5.3894,20064,19968,13048,10972,6608,144,145
1789636845746653701,merge,1.74673,1.60326,0.944852,0.801196,0.163407,5.34372,19968,20064,12860,10989,6609,144,145
1789636845847080179,merge,1.71049,1.56189,0.956815,0.788543,0.242347,5.34576,20064,19872,13245,10787,6610,144,145
1789636845946644907,merge,1.71547,1.67408,0.930962,0.800379,0.176489,5.38926,20064,20064,12759,11012,6611,144,145
1789636846046736463,merge,1.70099,1.60991,0.937392,0.788813,0.203518,5.33839,19872,20064,12985,10918,6612,144,145
1789636846147005743,merge,1.69431,1.65335,0.967607,0.783791,0.173846,5.35704,20064,19968,13059,10796,6613,144,145
1789636846246633987,merge,1.75171,1.58259,0.935861,0.803421,0.154549,5.31381,19968,20064,12860,10967,6614,144,145
1789636846347094953,merge,1.74815,1.66987,0.943846,0.781734,0.182398,5.40996,19968,19968,12876,10967,6615,144,145
1789636846446619811,merge,1.71557,1.6645,0.968631,0.794912,0.187281,5.41445,20064,19968,13239,10888,6616,144,145
1789636846546617306,merge,1.70456,1.65088,0.913373,0.780997,0.170287,5.30482,20064,19968,12724,10818,6617,144,145
1789636846646641041,merge,1.75539,1.59492,0.954285,0.793232,0.157477,5.33388,19968,20064,13111,11053,6618,144,145
1789636846746638841,merge,1.75337,1.60779,0.984987,0.807323,0.159823,5.40336,19968,20064,13150,11103,6619,144,145
1789636846847045229,merge,1.71068,1.65442,0.957722,0.791357,0.175328,5.37245,20064,19968,12823,10825,6620,144,145
1789636846947005022,merge,1.75738,1.58942,0.931077,0.778749,0.159263,5.30483,19968,20064,13155,10844,6621,144,145
1789636847047034252,merge,1.76858,1.67609,0.952358,0.794502,0.178968,5.4554,19968,19968,13130,10960,6622,144,145
1789636847146733738,merge,1.71405,1.57743,0.937459,0.795069,0.248923,5.36205,20064,19872,12912,10836,6623,144,145
1789636847246612072,merge,1.75215,1.59364,0.94066,0.800365,0.166635,5.34248,19968,20160,13115,11031,6624,144,145
1789636847347001717,merge,1.72606,1.58258,0.986289,0.805483,0.262223,5.44706,20064,19872,13181,10904,6625,144,145
1789636847446630270,merge,1.74884,1.66592,0.918103,0.802602,0.17315,5.39377,19968,19968,12744,10925,6626,144,145
1789636847546662204,merge,1.7468,1.71175,0.945499,0.810584,0.193102,5.50733,20064,20064,13248,10965,6627,144,145
1789636847646637587,merge,1.79391,1.69921,0.935364,0.810911,0.179704,5.50879,19968,19968,12882,10923,6628,144,145
1789636847746642425,merge,1.74492,1.72901,0.927623,0.812758,0.186779,5.49018,20064,20064,13003,11086,6629,144,145
1789636847846978129,merge,1.81048,1.69507,0.928005,0.796317,0.177156,5.50303,19968,19968,12986,10833,6630,144,145
1789636847946630618,merge,1.79811,1.63629,0.924553,0.79636,0.178675,5.42689,19968,20064,12977,10842,6631,144,145
1789636848046677951,merge,1.74359,1.76593,0.960082,0.82487,0.17027,5.5724,20064,19968,12854,11013,6632,144,145
1789636848146734784,merge,1.77236,1.68159,0.96386,0.786814,0.176541,5.46431,19968,19968,13152,10985,6633,144,145
1789636848246926349,merge,1.74507,1.59864,0.934494,0.792984,0.150076,5.31577,19968,20064,12777,10995,6634,144,145
1789636848346922178,merge,1.72043,1.66487,0.961494,0.803881,0.16799,5.40637,20064,19968,13045,10985,6635,144,145
1789636848446725204,merge,1.75371,1.60133,0.930072,0.791513,0.154979,5.31386,19968,20064,13081,11068,6636,144,145
1789636848547000656,merge,1.76527,1.6794,0.921446,0.789504,0.175198,5.42246,19968,19968,12879,11045,6637,144,145
1789636848646675215,merge,1.7049,1.6775,0.959401,0.798583,0.194086,5.41851,20064,19968,13101,10962,6638,144,145
1789636848746594891,merge,1.76405,1.63917,0.945662,0.791745,0.180384,5.40964,19968,20064,13115,11051,6639,144,145
1789636848846955077,merge,1.72031,1.60224,0.948636,0.77676,0.237347,5.37466,20064,19872,12914,11052,6640,144,145
1789636848946691589,merge,1.76677,1.69462,0.940571,0.790729,0.173603,5.4509,19968,19968,13069,11040,6641,144,145
1789636849046597560,merge,1.77193,1.714,0.939186,0.808541,0.205948,5.53977,20064,20064,13281,11028,6642,144,145
1789636849146714235,merge,1.78476,1.70477,0.904055,0.790578,0.183783,5.46392,19968,19968,12689,11031,6643,144,145
1789636849246649203,merge,1.81147,1.63085,0.937354,0.800863,0.182006,5.45559,19968,20064,13169,11034,6644,144,145
1789636849346604482,merge,1.73344,1.69013,0.927068,0.786208,0.179668,5.41036,20064,19968,13129,10934,6645,144,145
1789636849446624004,merge,1.78091,1.59418,0.904044,0.779822,0.149693,5.30882,19968,20064,12787,10990,6646,144,145
1789636849546893847,merge,1.71102,1.68675,0.957574,0.801606,0.180283,5.41773,20064,19968,13090,11106,6647,144,145
1789636849646866411,merge,1.77344,1.67635,0.944303,0.788944,0.180654,5.45316,19968,19968,13175,10968,6648,144,145
1789636849746609940,merge,1.70195,1.65607,0.945928,0.785021,0.146122,5.32204,20064,20064,12690,10841,6649,144,145
1789636849846963077,merge,1.78808,1.67016,0.953648,0.769539,0.175307,5.44326,19968,19968,13163,10950,6650,144,145
1789636849946728323,merge,1.74877,1.67839,0.951478,0.80928,0.174831,5.4526,19968,19968,12945,11002,6651,144,145
1789636850046851297,merge,1.7132,1.66028,0.945433,0.793539,0.174491,5.37105,20064,20064,12858,10899,6652,144,145
1789636850146965703,merge,1.78684,1.65112,0.953195,0.782764,0.175078,5.43945,19968,19968,12957,10846,6653,144,145
1789636850246919433,merge,1.77421,1.68197,0.95632,0.799499,0.184368,5.47726,19968,19968,13141,10997,6654,144,145
1789636850346629655,merge,1.7072,1.66321,0.918102,0.786488,0.171407,5.3321,20064,19968,12771,10868,6655,144,145
1789636850446713678,merge,1.77434,1.57927,0.962496,0.799347,0.180352,5.3878,19968,20064,13141,10949,6656,144,145
1789636850546695967,merge,1.71123,1.68115,0.966086,0.812598,0.241863,5.49439,20064,19968,13016,11037,6657,144,145
1789636850646757191,merge,1.69407,1.65909,0.94185,0.7966,0.238899,5.41703,19872,19968,12804,11014,6658,144,145
1789636850746871735,merge,1.7172,1.65506,0.964126,0.793223,0.176759,5.39156,20064,19968,13293,10798,6659,144,145
1789636850846604463,merge,1.74911,1.59858,0.954572,0.778236,0.174946,5.3431,19968,20064,12994,10904,6660,144,145
1789636850946643629,merge,1.75967,1.68203,0.9333,0.837921,0.174227,5.47412,19968,19968,12900,11018,6661,144,145
1789636851046823088,merge,1.73057,1.64868,0.965698,0.789889,0.175753,5.40237,20064,19968,13275,10834,6662,144,145
1789636851146895194,merge,1.81436,1.61961,0.935088,0.804126,0.193991,5.46485,19968,20064,13035,10987,6663,144,145
1789636851246837368,merge,1.74474,1.69284,0.965262,0.772722,0.177232,5.44371,20064,19968,12938,10888,6664,144,145
1789636851346661668,merge,1.8211,1.71871,0.946119,0.7983,0.200625,5.57658,19968,19968,13254,10931,6665,144,145
1789636851446664764,merge,1.76018,1.70356,0.931725,0.816933,0.182239,5.4914,20064,20064,12913,10956,6666,144,145
1789636851546875128,merge,1.73469,1.66529,0.927437,0.806072,0.233792,5.45837,19872,19968,12963,10971,6667,144,145
1789636851646606394,merge,1.79089,1.71709,0.981951,0.786937,0.178007,5.55547,20160,19968,13388,10927,6668,144,145
1789636851746744134,merge,1.79655,1.61239,0.929816,0.792744,0.181535,5.40699,19968,20064,12821,10757,6669,144,145
1789636851846937768,merge,1.83011,1.66265,0.98385,0.769674,0.176056,5.51684,19968,19968,13290,10883,6670,144,145
1789636851946860980,merge,1.75372,1.71099,0.935212,0.813496,0.177462,5.47932,20064,19968,12978,11022,6671,144,145
1789636852046802315,merge,1.74948,1.70194,0.923793,0.798,0.178019,5.44344,20064,19968,12999,10872,6672,144,145
1789636852147307469,merge,1.83736,1.6095,0.939812,0.799725,0.183406,5.47112,19968,20064,13205,10883,6673,144,145
1789636852247284623,merge,1.80961,1.70406,0.91545,0.798639,0.179106,5.50146,19968,19968,12992,10965,6674,144,145
1789636852346668819,merge,1.82858,1.6429,0.982486,0.808447,0.192179,5.55266,19968,20064,13080,11067,6675,144,145
1789636852446896616,merge,1.74684,1.68663,0.967553,0.787469,0.172936,5.44789,20064,19968,13173,10849,6676,144,145
1789636852547183334,merge,1.76279,1.63441,0.954749,0.771332,0.239829,5.4771,19776,19968,13071,10872,6677,144,145
1789636852646613305,merge,1.74642,1.73357,0.951566,0.789316,0.17711,5.48651,20160,20160,13032,10937,6678,144,145
1789636852747858476,merge,1.75955,1.62007,0.940809,0.76934,0.235306,5.42634,19872,19872,12971,10729,6679,144,145
1789636852846794645,merge,1.69458,1.59004,1.01263,0.798005,0.225618,5.41279,19872,20064,13112,10992,6680,144,145
1789636852946904328,merge,1.71533,1.66957,0.97202,0.764598,0.181768,5.39367,20064,19968,13179,10939,6681,144,145
1789636853046642807,merge,1.76021,1.60386,0.977629,0.803501,0.200666,5.44243,19968,20064,12823,10998,6682,144,145
1789636853147814421,merge,1.76786,1.65578,0.969424,0.781148,0.178907,5.44667,19968,19968,13187,10822,6683,144,145
1789636853246811785,merge,1.79204,1.65932,0.943728,0.774064,0.177774,5.43512,19968,19968,13060,10906,6684,144,145
1789636853346768289,merge,1.73228,1.678,0.944026,0.771684,0.177171,5.3961,20064,19968,12937,10955,6685,144,145
1789636853446757531,merge,1.6863,1.59494,0.950583,0.7805,0.241984,5.34279,19872,20064,12939,10823,6686,144,145
1789636853546826202,merge,1.72582,1.65713,1.01541,1.11733,0.311838,5.92464,20064,19968,13236,10748,6687,144,145
1789636853646762578,merge,2.00829,1.61257,0.928734,0.802652,0.159827,5.61912,19968,20064,12658,11034,6688,144,145
1789636853746914441,merge,1.72544,1.69043,1.00641,0.801899,0.202766,5.53063,20064,19968,13251,10910,6689,144,145
1789636853846888758,merge,1.7493,1.65222,0.947662,0.776371,0.180347,5.39354,19968,19968,12910,10850,6690,144,145
1789636853946672418,merge,1.76577,1.59363,0.89675,0.79343,0.175936,5.31443,19968,20064,12807,11015,6691,144,145
1789636854046862890,merge,1.70269,1.68125,0.968145,0.798902,0.187223,5.4273,20064,19968,13060,10966,6692,144,145
1789636854146812367,merge,1.78097,1.65189,0.972688,0.775853,0.180115,5.45138,19968,19968,13148,10837,6693,144,145
1789636854246724771,merge,1.6981,1.66572,1.21914,0.791495,0.176582,5.63751,20064,20064,12809,10883,6694,144,145
1789636854346877446,merge,2.65092,2.50338,0.991053,0.803831,0.176446,7.29201,19968,19968,13098,10860,6695,144,145
1789636854446747976,merge,1.82182,1.67079,0.957289,0.770533,0.174785,5.49614,19968,19968,13137,10751,6696,144,145
1789636854546708662,merge,1.7181,1.6925,0.935161,0.795756,0.172935,5.40454,20064,20064,12804,10937,6697,144,145
1789636854646842954,merge,1.75063,1.69562,0.967865,0.784456,0.184363,5.47774,20064,19968,13291,10971,6698,144,145
1789636854747119094,merge,2.56836,1.64173,0.942493,0.791071,0.243884,6.30971,19872,19968,12992,10911,6699,144,145
1789636854846596754,merge,2.53841,2.48561,1.33091,1.12599,0.26727,7.91468,20064,20064,12892,10898,6700,144,145
1789636854946813579,merge,2.63312,1.72029,0.94735,0.787999,0.190384,6.39257,19968,19968,13076,10921,6701,144,145
1789636855046804450,merge,1.80944,1.64386,0.972987,0.803725,0.183138,5.51333,19968,20064,13171,11076,6702,144,145
1789636855147765642,merge,1.72775,1.68543,0.929445,0.766195,0.179195,5.38297,20064,19968,12730,10769,6703,144,145
1789636855246790575,merge,2.57202,2.47029,1.36401,1.10512,0.297549,7.97281,20064,19968,13292,10779,6704,144,145
1789636855347048438,merge,2.52069,2.38189,1.32122,0.986717,0.254678,7.63824,19872,20064,12863,11003,6705,144,145
1789636855447768857,merge,1.70311,1.6713,0.950371,0.795709,0.181797,5.39209,20064,19968,12870,10932,6706,144,145
1789636855546858467,merge,1.68909,1.65711,0.937378,0.78325,0.177539,5.33134,20064,19968,13046,10856,6707,144,145
1789636855647070319,merge,1.77052,1.5888,0.951535,0.799729,0.177515,5.37754,19968,20064,13025,10928,6708,144,145
1789636855747729786,merge,1.70584,1.69183,0.931532,0.810579,0.177112,5.41764,20064,19968,12823,10977,6709,144,145
1789636855847064156,merge,1.76273,1.67559,0.966723,0.798392,0.220365,5.50822,19968,19968,13152,10830,6710,144,145
1789636855947029898,merge,1.6887,1.59482,0.948046,0.797629,0.239995,5.35625,19872,20064,12838,10957,6711,144,145
1789636856047697116,merge,1.71264,1.67078,0.934755,0.791609,0.172588,5.35843,20160,19968,12980,10900,6712,144,145
1789636856147065988,merge,1.7648,1.67582,0.964154,0.790187,0.179875,5.46467,19968,19968,13073,10835,6713,144,145
1789636856246746485,merge,1.76665,1.60875,0.97664,0.780255,0.178452,5.4076,19968,20064,12888,10867,6714,144,145
1789636856346799109,merge,1.72192,1.66139,0.968587,0.798481,0.176786,5.41705,20064,19968,13060,10944,6715,144,145
1789636856446788991,merge,1.7764,1.68456,0.957422,0.812716,0.178178,5.49541,19968,19968,13115,11001,6716,144,145
1789636856546758405,merge,1.72783,1.65582,0.934987,0.77751,0.171811,5.35308,20064,20064,12926,10875,6717,144,145
1789636856647074391,merge,1.69195,1.59928,0.921471,0.818526,0.244132,5.3656,19872,20064,12945,10980,6718,144,145
1789636856747751364,merge,1.72576,1.66985,1.01998,0.789905,0.179707,5.46939,20160,19968,13376,10970,6719,144,145
1789636856847686095,merge,1.75812,1.6705,0.912855,0.824365,0.182197,5.43247,19968,19968,12678,10924,6720,144,145
1789636856947074907,merge,1.83031,1.71485,0.956007,0.815361,0.205401,5.62085,20064,19968,13254,10869,6721,144,145
1789636857047074914,merge,1.87381,1.66503,0.950865,0.787922,0.181251,5.55341,19968,19968,13016,10879,6722,144,145
1789636857147069093,merge,1.75602,1.61508,0.942933,0.785889,0.179665,5.36617,19968,20064,12774,10938,6723,144,145
1789636857246713040,merge,1.76013,2.02238,1.09419,0.811018,0.17716,5.96649,19968,19968,12985,10872,6724,144,145
1789636857346597150,merge,1.72453,1.66731,0.978166,0.819248,0.178414,5.45952,20064,20064,13252,10967,6725,144,145
1789636857446994841,merge,1.75431,1.67616,0.891741,0.778957,0.172994,5.36379,19968,19968,12573,10951,6726,144,145
1789636857546668357,merge,1.76843,1.59372,0.941144,0.781952,0.174735,5.34554,19968,20064,13160,10953,6727,144,145
1789636857647689454,merge,1.69702,1.66154,0.944591,0.772601,0.173595,5.3359,20064,19968,13016,10921,6728,144,145
1789636857746804777,merge,1.75854,1.66809,0.91342,0.776659,0.172366,5.38084,19968,19968,12837,10983,6729,144,145
1789636857846718063,merge,1.7107,1.67683,0.945029,0.792652,0.173046,5.38264,20064,19968,13118,11027,6730,144,145
1789636857946722209,merge,1.76171,1.65258,0.925791,0.770629,0.174079,5.36869,19968,19968,12990,10864,6731,144,145
1789636858046688403,merge,1.70911,1.67252,0.937895,0.762312,0.174424,5.34514,20064,20064,12905,10893,6732,144,145
1789636858147012745,merge,1.70791,1.61115,0.95547,0.775369,0.24074,5.37915,19872,20064,13055,11074,6733,144,145
1789636858347109192,merge,1.69245,1.58781,0.920079,0.774435,0.174966,5.23672,19968,20064,12971,10957,6734,146,147
1789636858447042897,merge,1.71144,1.59734,0.954399,0.792873,0.056799,5.19918,19968,20064,13153,11021,6735,146,147
1789636858547629426,merge,1.71231,1.60526,0.91182,0.77637,0.04871,5.13899,20064,19968,12934,11042,6736,146,147
1789636858647125496,merge,1.7068,1.60696,0.930068,0.781074,0.049531,5.16108,19968,19968,13045,11066,6737,146,147
1789636858746951813,merge,1.70395,1.59501,0.939736,0.78917,0.051612,5.16653,19968,20064,13061,10966,6738,146,147
1789636858847641378,merge,1.71626,1.60998,0.918997,0.776225,0.051618,5.15775,20064,19968,12968,11051,6739,146,147
1789636858947013048,merge,1.68481,1.60609,0.953745,0.800358,0.050969,5.18172,19968,19968,12919,11062,6740,146,147
1789636859046630791,merge,1.71553,1.60492,0.950908,0.785847,0.051771,5.1893,19968,20064,13163,10970,6741,146,147
1789636859147668512,merge,1.6954,1.61236,0.906017,0.887427,0.052331,5.23962,20064,19968,12742,11041,6742,146,147
1789636859247025814,merge,1.72325,1.60651,0.949902,0.787523,0.05004,5.20487,19968,19872,13092,11050,6743,146,147
1789636859346622276,merge,1.69966,1.6052,0.949781,0.781325,0.048105,5.17387,20064,20160,13033,10987,6744,146,147
1789636859447648031,merge,1.6972,1.59278,0.923797,0.786108,0.048821,5.13453,19968,19968,12801,10941,6745,146,147
1789636859547588981,merge,1.73623,1.59573,0.949929,0.87291,0.049979,5.29467,20064,19968,13022,11050,6746,146,147
1789636859647093955,merge,1.88636,1.60689,0.95121,0.797202,0.052007,5.391,19968,19968,13163,11070,6747,146,147
1789636859747037622,merge,1.87288,1.58681,0.928238,0.780161,0.048989,5.31308,20064,19968,12787,10955,6748,146,147
1789636859847067753,merge,2.00428,1.58481,0.921348,0.763415,0.050973,5.43547,19968,19968,13120,10882,6749,146,147
1789636859947074809,merge,1.91759,1.60932,0.911966,0.770504,0.050931,5.36501,19968,20064,13119,10980,6750,146,147
1789636860046998586,merge,1.70984,1.59508,0.93392,0.763435,0.050418,5.14724,20064,20064,12802,10917,6751,146,147
1789636860147047354,merge,1.73199,1.58174,0.937825,0.774096,0.051198,5.16867,19968,19968,13238,10837,6752,146,147
1789636860247024966,merge,1.89599,1.59167,0.936571,0.776202,0.050932,5.35112,19968,19968,13067,10994,6753,146,147
1789636860346923262,merge,1.72406,1.60043,0.930554,0.789075,0.051016,5.18264,20064,19968,12902,11015,6754,146,147
1789636860447021093,merge,1.69718,1.58175,0.956818,0.893318,0.0507,5.26819,19872,20064,13048,10885,6755,146,147
1789636860546737005,merge,1.73237,1.58212,0.976453,0.784393,0.050903,5.21226,20064,19968,13229,10925,6756,146,147
1789636860646640155,merge,1.70245,1.60465,0.910597,0.806438,0.049799,5.15819,20064,19968,12772,11053,6757,146,147
1789636860747020235,merge,1.71461,1.58735,0.949728,0.777348,0.051794,5.17035,19968,19968,13235,10926,6758,146,147
1789636860847006793,merge,1.69918,1.58027,0.931058,0.797522,0.050485,5.14222,19968,19968,12943,10871,6759,146,147
1789636860946605878,merge,1.70642,1.60315,0.946362,0.782214,0.050694,5.1767,20064,20064,12892,10897,6760,146,147
1789636861047007177,merge,1.96537,1.59552,0.984561,0.791528,0.052963,5.49745,19968,19872,13038,10921,6761,146,147
1789636861247645949,merge,1.93744,1.58159,0.922931,0.757932,0.125278,5.43874,20064,19872,12757,10824,6762,146,147
1789636861346949015,merge,1.78268,1.63875,0.9625,0.794773,0.178262,5.44606,19968,20064,13189,11021,6763,146,147
1789636861446988324,merge,1.96522,1.66037,0.927076,0.80088,0.183119,5.63204,19968,19968,12959,10851,6764,146,147
1789636861546609993,merge,1.92101,1.67435,0.930388,0.785033,0.178193,5.58715,20064,20064,12909,10945,6765,146,147
1789636861646963068,merge,1.99373,1.67922,0.948282,0.789999,0.181829,5.69239,19968,19968,13312,10996,6766,146,147
1789636861746978642,merge,2.40776,2.09329,1.01844,0.806289,0.180133,6.62217,19968,20064,12901,10927,6767,146,147
1789636861847592702,merge,1.95886,1.65478,0.914628,0.77751,0.180351,5.58939,20064,19968,13036,10780,6768,146,147
1789636861946968814,merge,1.99279,1.66463,0.960826,0.762262,0.180712,5.66219,19968,19968,13352,10887,6769,146,147
1789636862046867242,merge,1.76574,1.62147,0.963554,0.786337,0.191566,5.41939,19968,20064,12881,11065,6770,146,147
1789636862147568635,merge,1.8325,1.65766,0.979907,0.785184,0.180314,5.52938,19968,19968,13351,10849,6771,146,147
1789636862246839165,merge,1.94274,1.66292,0.948368,0.765748,0.17712,5.60812,20160,20064,13053,10887,6772,146,147
1789636862347584925,merge,2.25692,1.68037,0.932992,0.797696,0.182012,5.96666,19968,19968,13249,10991,6773,146,147
1789636862447539624,merge,1.77749,1.58035,0.933811,0.801455,0.281996,5.46056,19968,19872,13014,10775,6774,146,147
1789636862546908842,merge,1.8001,1.58779,0.966003,0.836476,0.227316,5.50761,19968,20064,13288,10916,6775,146,147
1789636862646965237,merge,1.73383,1.59473,0.931771,0.774563,0.250665,5.3794,19872,20064,12889,10885,6776,146,147
1789636862847504110,merge,1.99396,1.79531,0.940058,0.842455,0.237362,5.91019,19872,20064,12944,10862,6777,148,149
1789636862947529061,merge,1.70609,1.58392,0.941075,0.77011,0.059612,5.14527,19872,19968,13075,10895,6778,148,149
1789636863046685292,merge,1.68957,1.59425,0.923755,0.775626,0.063036,5.12964,20064,19968,12693,10972,6779,148,149
1789636863146708943,merge,1.7233,1.66279,0.964798,0.768311,0.092326,5.29893,19968,20064,13253,10906,6780,148,149
1789636863247503733,merge,1.71343,1.62492,0.916962,0.776813,0.1733,5.29019,19968,19968,12949,10855,6781,148,149
1789636863347543157,merge,1.70951,1.77882,0.917347,0.794061,0.053737,5.3573,20064,19968,12910,10958,6782,148,149
1789636863446651127,merge,1.7328,1.60457,0.948224,0.784101,0.057312,5.21378,19968,19968,13059,11014,6783,148,149
1789636863546984191,merge,1.71987,1.59866,0.964822,0.763309,0.085338,5.23072,19968,20064,13157,10785,6784,148,149
1789636863647957593,merge,1.75656,1.58362,0.924876,0.76792,0.049008,5.1712,20064,19968,12868,10799,6785,148,149
1789636863746969968,merge,1.69795,1.67278,0.953495,0.786014,0.049363,5.24484,19872,20064,13048,11044,6786,148,149
1789636863847459436,merge,1.72462,1.61335,0.939656,0.765525,0.050743,5.1865,20064,19968,13249,10810,6787,148,149
1789636863946924171,merge,1.70475,1.75937,0.92851,0.780794,0.050092,5.31466,19968,20064,12864,10912,6788,148,149
1789636864047526328,merge,1.7105,1.59375,0.940521,0.774339,0.049844,5.15351,19968,19968,13100,10982,6789,148,149
1789636864146656487,merge,1.71144,1.79937,0.955887,0.776539,0.055117,5.4007,19968,20064,13132,11062,6790,148,149
1789636864247562519,merge,1.71128,2.10298,1.33636,1.11063,0.109441,6.50685,20064,19968,12967,10840,6791,148,149
1789636864347518290,merge,2.53348,2.38568,1.33348,1.112,0.109553,7.6302,19968,20064,12966,10850,6792,148,149
1789636864447630500,merge,2.55193,2.3797,1.35906,1.1166,0.105755,7.67187,20064,19872,13267,10875,6793,148,149
1789636864546869634,merge,2.50579,2.36086,1.29592,1.11441,0.103541,7.53992,19968,20064,12696,10856,6794,148,149
1789636864647511999,merge,2.55018,2.33635,1.34862,0.812759,0.053917,7.25777,20064,19872,13174,10767,6795,148,149
1789636864746870855,merge,1.68237,1.60643,0.952308,0.801674,0.051692,5.17961,19872,20064,12897,11093,6796,148,149
1789636864846604850,merge,1.72124,1.59635,0.930365,0.778875,0.051041,5.17321,20064,20064,12871,10914,6797,148,149
1789636864947465700,merge,1.7004,1.5761,0.944056,0.795601,0.049045,5.15049,20064,19968,13032,10869,6798,148,149
1789636865047928309,merge,1.70663,1.59856,0.959677,0.804883,0.050489,5.21629,19872,20064,13113,11063,6799,148,149
1789636865247477094,merge,1.72776,1.57759,0.949747,0.774106,0.049551,5.17432,19968,19968,13130,10748,6800,149,150
1789636865347945400,merge,1.7279,1.62202,0.95361,0.767305,0.052807,5.22368,19968,20064,13071,10838,6801,149,150
1789636865447596725,merge,1.69894,1.6013,0.935731,0.802945,0.049269,5.17153,19968,19968,12739,11026,6802,149,150
1789636865547473613,merge,1.70378,1.58876,0.958908,0.797349,0.051351,5.18408,20064,19968,13210,10834,6803,149,150
1789636865646877411,merge,1.69424,1.58548,0.945551,0.786552,0.051044,5.14516,19968,19968,13103,10881,6804,149,150
1789636865746763537,merge,1.72364,1.59678,0.948549,0.794423,0.050806,5.19957,20064,20064,12897,10991,6805,149,150
1789636865847473120,merge,1.70692,1.60969,0.95863,0.809478,0.050634,5.22582,20064,19968,13179,10997,6806,149,150
1789636865947985904,merge,1.70002,1.5721,0.95097,1.02344,0.109554,5.44152,19968,19968,13098,10870,6807,149,150
1789636866046890790,merge,2.55284,2.37809,1.17054,0.822764,0.05514,7.14384,20064,20064,12884,11038,6808,149,150
1789636866148036059,merge,1.69919,1.61241,0.952796,0.782025,0.048492,5.17605,19872,20064,13068,10892,6809,149,150
1789636866247574230,merge,1.70431,1.58256,0.966718,0.776783,0.049418,5.16461,19968,19968,13011,10793,6810,149,150
1789636866347472095,merge,2.55963,2.35744,1.32514,0.810518,0.057782,7.27564,20064,19968,12910,10863,6811,149,150
1789636866447398999,merge,2.50418,2.38292,1.37004,1.13237,0.110412,7.66864,19968,19968,12981,11002,6812,149,150
1789636866546761711,merge,2.55873,1.60907,0.944564,0.800888,0.053197,6.07402,20064,20064,13050,11026,6813,149,150
1789636866646843667,merge,1.7022,1.5769,0.928339,0.788004,0.049789,5.13764,19968,20064,12751,10892,6814,149,150
1789636866747556369,merge,1.71166,1.57736,0.982387,0.779843,0.053759,5.18983,20064,19968,13237,10880,6815,149,150
1789636866847452214,merge,1.70434,1.59774,0.929488,0.797187,0.051314,5.16293,20064,19968,12744,10984,6816,149,150
1789636866948029334,merge,1.70826,1.58807,0.951325,0.799333,0.049418,5.17813,19968,19968,13062,10946,6817,149,150
1789636867047887795,merge,1.69492,1.58495,0.94793,0.784809,0.050785,5.14738,19968,19968,13003,10885,6818,149,150
1789636867146811006,merge,1.71324,1.6103,0.943592,0.785278,0.053551,5.19298,19968,20064,12887,10905,6819,149,150
1789636867246789164,merge,1.70667,1.60804,0.953438,0.801039,0.051354,5.20407,20064,20064,13081,10957,6820,149,150
1789636867347533461,merge,1.71365,1.57769,0.977676,0.799612,0.056378,5.20875,20064,19968,13214,10897,6821,149,150
1789636867448000038,merge,1.69212,1.58909,0.910818,0.783188,0.04952,5.10788,19872,20064,12699,10957,6822,149,150
1789636867547471273,merge,1.71792,1.59582,0.948784,0.796034,0.058916,5.20432,19968,19968,13054,10988,6823,149,150
1789636867647485540,merge,1.7423,1.58282,0.954239,0.7945,0.056955,5.21974,20160,19968,13437,10884,6824,149,150
1789636867747968656,merge,1.70498,1.58207,0.935031,0.796586,0.048637,5.14995,19968,19968,12715,10929,6825,149,150
1789636867847921091,merge,1.72068,1.60882,0.935388,0.798118,0.053447,5.19572,19968,20064,13148,11118,6826,149,150
1789636867947473000,merge,1.70709,1.58684,0.956523,0.796148,0.050165,5.18231,19968,19968,13095,10845,6827,149,150
1789636868047405555,merge,1.69873,1.60492,0.921276,0.777264,0.050051,5.13639,19968,19968,12757,10853,6828,149,150
1789636868146689526,merge,1.89785,1.60528,0.929941,0.780213,0.051863,5.34723,20064,20064,13128,10997,6829,149,150
1789636868247432793,merge,1.71744,1.6032,0.959961,0.794216,0.053873,5.21397,20064,19968,13187,10995,6830,149,150
1789636868347890188,merge,1.74363,1.7617,0.897383,0.790968,0.04875,5.33898,19872,20064,12598,10967,6831,149,150
1789636868447453435,merge,1.71077,1.58208,0.944938,0.775662,0.051286,5.13812,20064,19968,13241,10936,6832,149,150
1789636868547376926,merge,1.69654,1.6114,0.926932,0.830447,0.055015,5.20855,20064,19968,12925,11059,6833,149,150
1789636868647368009,merge,1.74494,1.63464,0.953242,0.788662,0.052802,5.26548,20064,19968,12950,11085,6834,149,150
1789636868747986531,merge,1.72015,1.59745,0.913961,0.797445,0.047402,5.17674,19872,20064,12875,11018,6835,149,150
1789636868847395581,merge,1.70571,1.60109,0.97393,0.801393,0.051033,5.22181,20064,19968,13086,11024,6836,149,150
1789636868947389414,merge,1.70007,1.60531,0.902519,0.771912,0.049875,5.11984,20064,19968,12819,11037,6837,149,150
1789636869047886396,merge,1.71637,1.60835,0.964954,0.793174,0.050539,5.22461,19968,20064,13161,11075,6838,149,150
1789636869147891962,merge,1.70241,1.59823,0.940978,0.803066,0.050313,5.18105,20064,19968,12926,10980,6839,149,150
1789636869247906333,merge,1.70451,1.60763,0.952381,0.794607,0.048884,5.19146,19968,19968,12978,11054,6840,149,150
1789636869347882620,merge,1.70343,1.62834,0.970538,0.791998,0.048811,5.24211,19968,19968,13153,11073,6841,149,150
1789636869447822370,merge,1.71662,1.59687,0.959624,0.80611,0.04905,5.21854,20064,20064,12895,10963,6842,149,150
1789636869547929840,merge,1.71389,1.58716,0.928559,0.782926,0.04928,5.15009,19968,19968,13092,10948,6843,149,150
1789636869747809407,merge,1.70905,1.59533,0.954207,0.803616,0.124006,5.27262,20064,19872,12934,10959,6844,149,150
1789636869847878278,merge,1.68148,1.59044,0.935953,0.790348,0.240637,5.32802,19872,20064,12905,10920,6845,149,150
1789636869947493652,merge,1.72957,1.66843,0.961341,0.779783,0.178033,5.40401,20064,19968,13265,10938,6846,149,150
1789636870046782279,merge,1.74627,1.67996,0.947275,0.794608,0.172985,5.42725,19968,19968,12801,10958,6847,149,150
1789636870146627988,merge,1.78127,1.66473,0.93525,0.797201,0.174819,5.44559,19968,19968,12993,10894,6848,149,150
1789636870347963722,merge,1.68828,1.60762,0.938218,0.808055,0.14583,5.27974,19872,20064,12808,11053,6849,151,152
1789636870447446784,merge,1.70563,1.5829,0.938694,0.778061,0.049584,5.1396,20064,19872,12938,10829,6850,151,152
1789636870547816369,merge,1.70376,1.58474,0.949023,0.795027,0.058688,5.17552,19872,20064,13108,10903,6851,151,152
1789636870647357833,merge,1.70569,1.59157,0.953086,0.787945,0.062889,5.19177,20064,19968,12794,11001,6852,151,152
1789636870747347197,merge,1.71013,1.60373,0.959593,0.802425,0.057547,5.21898,20064,19968,13124,11043,6853,151,152
1789636870847778655,merge,1.71769,1.56903,0.94913,0.779689,0.050499,5.15156,20064,19872,13158,10776,6854,151,152
1789636870947834130,merge,1.68628,1.61108,0.932848,0.795664,0.083849,5.19862,19968,20160,12761,10862,6855,151,152
1789636871047794339,merge,1.73256,1.60708,0.950282,0.775414,0.050863,5.20308,19968,19872,13193,10916,6856,151,152
1789636871147321871,merge,1.71998,1.59726,0.950805,0.774757,0.048554,5.1836,20064,19968,13127,10826,6857,151,152
1789636871247833135,merge,1.72062,1.60283,0.909662,0.780089,0.051179,5.15024,19968,20064,12820,10950,6858,151,152
1789636871347821008,merge,1.75179,1.6126,0.963029,0.77946,0.058689,5.26013,19968,20064,13177,11005,6859,151,152
1789636871447755284,merge,1.72986,1.60318,0.949374,0.771725,0.051327,5.19503,20064,19968,13228,10961,6860,151,152
1789636871547880010,merge,1.71125,1.59834,0.926736,0.782439,0.049287,5.15313,19968,20064,12776,10925,6861,151,152
1789636871647759529,merge,1.74496,1.60116,0.948668,0.780843,0.050904,5.21682,19968,19968,13246,10905,6862,151,152
1789636871747770382,merge,1.7368,1.6091,0.949369,0.776592,0.050187,5.20753,20064,19968,13075,10959,6863,151,152
1789636871847757741,merge,1.70722,1.60627,0.915741,0.76272,0.048643,5.1266,19968,20064,12821,10784,6864,151,152
1789636871947786702,merge,1.76654,1.59108,0.953103,0.759728,0.050831,5.21243,19968,19968,13408,10785,6865,151,152
1789636872047729083,merge,1.72083,1.62912,0.942415,0.786772,0.050219,5.21953,19872,19968,12916,10968,6866,151,152
1789636872147354962,merge,1.751,1.62456,0.962721,0.816465,0.048499,5.29752,20160,19968,13078,10933,6867,151,152
1789636872247303330,merge,1.71613,1.58622,0.95945,0.786987,0.050959,5.18724,19872,20064,13179,10875,6868,151,152
1789636872346669570,merge,2.4918,1.58584,0.935588,0.789147,0.050788,5.96678,20064,19968,13039,10869,6869,151,152
1789636872447278716,merge,1.71333,1.61241,0.965474,0.812408,0.049698,5.24293,20064,20064,12987,11063,6870,151,152
1789636872547752632,merge,1.73206,1.5777,0.976173,0.771679,0.050169,5.19815,19968,19968,13196,10860,6871,151,152
1789636872647310364,merge,1.71652,1.5807,0.956023,0.799061,0.049183,5.18275,19968,19968,13070,10873,6872,151,152
1789636872747314240,merge,1.70618,1.59685,0.940594,0.780065,0.050796,5.16264,20064,19968,12951,10911,6873,151,152
1789636872847745248,merge,1.71901,1.61084,0.94519,0.779319,0.050012,5.19204,19872,20160,13088,10867,6874,151,152
1789636872947785760,merge,1.71474,1.5694,0.956922,0.822755,0.051838,5.2025,19968,19872,13198,10735,6875,151,152
1789636873047309130,merge,1.70155,1.58984,0.917437,0.796577,0.048981,5.1408,20064,19968,12895,10964,6876,151,152
1789636873147866152,merge,1.72006,1.59906,0.968813,0.801219,0.051368,5.22576,19968,20064,13134,11010,6877,151,152
1789636873247835611,merge,1.71672,1.57188,0.948032,0.788975,0.050011,5.15808,19872,19968,13113,10818,6878,151,152
1789636873347291691,merge,1.71715,1.58417,0.942679,0.796273,0.050042,5.18275,20064,19968,12912,10922,6879,151,152
1789636873447719596,merge,1.71767,1.61795,0.963803,0.812348,0.050035,5.24879,19968,20064,13056,11116,6880,151,152
1789636873547739601,merge,1.71017,1.5835,0.920016,0.783347,0.050842,5.13434,19968,19968,13112,10794,6881,151,152
1789636873747869158,merge,1.69324,1.60911,0.935539,0.775389,0.049537,5.15156,19872,20064,12878,10896,6882,152,153
1789636873847711725,merge,1.71178,1.59708,0.948082,0.795056,0.052273,5.19037,19968,19968,13217,10994,6883,152,153
1789636873947737351,merge,1.70888,1.58133,0.944616,0.784884,0.049017,5.15429,20064,20064,12844,10949,6884,152,153
1789636874047762822,merge,1.714,1.59179,0.948573,0.789779,0.050087,5.18516,19968,20064,13030,10963,6885,152,153
1789636874147767611,merge,1.6875,1.61582,0.96058,0.776528,0.055055,5.19253,19968,19872,12951,10864,6886,152,153
1789636874247699802,merge,2.13628,1.58221,0.934148,0.783232,0.049832,5.61083,20064,19968,13006,10810,6887,152,153
1789636874347735456,merge,1.69645,1.5829,0.940163,0.794725,0.051036,5.15765,19968,20064,12826,10950,6888,152,153
1789636874447779478,merge,1.70393,1.59623,0.958036,0.777172,0.049846,5.1707,19968,19968,13146,10892,6889,152,153
1789636874547699157,merge,1.69173,1.59954,0.943935,0.784149,0.048536,5.15665,20064,19968,12826,10824,6890,152,153
1789636874647744356,merge,1.71159,1.58128,0.912389,0.755792,0.049997,5.09629,19968,20064,12991,10818,6891,152,153
1789636874747822372,merge,1.70829,1.5921,0.972444,0.806633,0.048653,5.21467,19968,19968,13113,10993,6892,152,153
1789636874847665811,merge,1.71867,1.60551,0.935769,0.800574,0.049896,5.20077,20064,20064,12937,11067,6893,152,153
1789636874947845389,merge,1.72019,1.57803,0.950825,0.790778,0.049078,5.18729,19968,19968,13022,10824,6894,152,153
1789636875047694937,merge,1.71608,1.58178,0.96261,0.794511,0.049246,5.19312,19968,19968,13124,10902,6895,152,153
1789636875147730093,merge,1.73312,1.61097,0.93932,0.794521,0.049966,5.22029,20064,20064,13012,11084,6896,152,153
1789636875247736082,merge,1.71301,1.59139,0.947123,0.81613,0.050597,5.21028,19968,19968,13004,10879,6897,152,153
1789636875347745702,merge,2.55607,2.3637,1.39056,0.83756,0.055705,7.36644,19968,19968,13148,10796,6898,152,153
1789636875447155134,merge,1.70035,1.58591,0.925445,0.787079,0.049986,5.1357,20064,19968,12867,10846,6899,152,153
1789636875647638483,merge,1.70514,1.56567,0.970076,0.778172,0.118502,5.22191,20064,19872,13120,10732,6900,152,153
1789636875747855886,merge,1.75707,1.59,0.939949,0.781529,0.159966,5.31867,19968,20064,12822,10975,6901,152,153
1789636875847717525,merge,1.76797,1.68027,0.941687,0.783946,0.191016,5.46038,19968,19968,12949,10923,6902,152,153
1789636875947163143,merge,1.71138,1.65974,0.952653,0.788479,0.177256,5.37713,20064,19968,13261,10851,6903,152,153
1789636876047703702,merge,1.74059,1.58607,0.909159,0.796253,0.150462,5.26966,19968,20064,12541,10970,6904,152,153
1789636876147674243,merge,1.72009,1.67133,0.989727,0.792665,0.181891,5.44806,20064,19968,13262,10978,6905,152,153
1789636876247784781,merge,1.75263,1.68922,0.95938,0.795284,0.172563,5.45656,19968,19968,12978,10914,6906,152,153
1789636876347705650,merge,2.62063,2.35655,1.32778,1.01028,0.197306,7.67898,19968,20064,12755,10751,6907,152,153
1789636876447183811,merge,1.70253,1.66184,0.950527,0.769873,0.173284,5.35589,20064,19968,13088,10881,6908,152,153
1789636876547705041,merge,1.76579,1.61005,0.955664,0.824939,0.176306,5.41841,19968,20064,13117,11075,6909,152,153
1789636876647726758,merge,2.14129,1.87046,0.936791,0.813332,0.176096,6.08601,19968,20064,12725,10876,6910,152,153
1789636876747234082,merge,1.75398,1.65334,0.952519,0.789928,0.179217,5.41393,19968,19968,13077,10871,6911,152,153
1789636876847118600,merge,1.70718,1.67698,0.973182,0.804015,0.177977,5.42598,20064,19968,13217,10970,6912,152,153
1789636876947642294,merge,1.74877,1.67666,1.19501,0.78669,0.180037,5.67404,19968,19968,12739,10968,6913,152,153
1789636877047136759,merge,1.7177,1.65982,0.979048,0.785626,0.177642,5.40586,20064,19968,13324,10909,6914,152,153
1789636877147646173,merge,1.75371,1.59302,0.961456,0.796172,0.172777,5.36489,19968,20064,13011,10904,6915,152,153
1789636877247655720,merge,1.71098,1.68204,0.949219,0.781526,0.173929,5.38452,20064,19968,12952,10933,6916,152,153
1789636877347690846,merge,1.76794,1.59588,0.941049,0.768523,0.177414,5.34511,19968,20064,13061,10911,6917,152,153
1789636877447668516,merge,1.7095,1.6624,0.953884,0.798905,0.182142,5.3959,20064,19968,13023,10892,6918,152,153
1789636877547738223,merge,1.75876,1.68058,0.940416,0.795575,0.173745,5.43475,19968,19968,12873,11025,6919,152,153
1789636877647690825,merge,1.76278,1.60689,0.965618,0.795968,0.183519,5.40326,19968,20160,13137,10983,6920,152,153
1789636877747593946,merge,1.70193,1.58811,0.921046,0.768048,0.239595,5.31153,20064,19872,12785,10831,6921,152,153
1789636877847732205,merge,1.75397,1.67916,0.942763,0.790792,0.173385,5.4262,19968,19968,13064,11038,6922,152,153
1789636877947614611,merge,2.20151,1.68336,0.937289,0.777247,0.178836,5.87916,19968,19968,12973,10973,6923,152,153
1789636878047056563,merge,1.72218,1.67074,0.938561,0.786918,0.174549,5.37974,20064,20064,12911,10961,6924,152,153
1789636878147693823,merge,1.74698,1.59399,0.944897,0.775954,0.172777,5.31918,19968,20064,12936,10867,6925,152,153
1789636878247562540,merge,1.71166,1.68091,0.977249,0.77923,0.172682,5.40429,20064,19968,13207,11041,6926,152,153
1789636878347769029,merge,1.74801,1.67482,0.910501,0.784909,0.171599,5.373,19968,19968,12642,10939,6927,152,153
1789636878447591504,merge,1.75706,1.69909,0.933455,0.773295,0.167888,5.41992,19968,19968,13102,10943,6928,152,153
1789636878547567611,merge,1.71335,1.68122,0.964524,0.790674,0.175702,5.41349,20064,20064,13217,11019,6929,152,153
1789636878647627501,merge,1.75761,1.68572,0.924677,0.792135,0.171782,5.42216,19968,19968,12719,11055,6930,152,153
1789636878747624582,merge,1.72747,1.68848,0.962173,0.792385,0.175029,5.43082,20064,19968,13294,11043,6931,152,153
1789636878847688951,merge,1.76651,1.67365,0.952779,0.783103,0.178865,5.44322,19968,19968,13114,10972,6932,152,153
1789636878947706141,merge,1.76793,1.61593,0.928128,0.792212,0.179011,5.3761,19968,20064,12786,11084,6933,152,153
1789636879047181250,merge,1.71232,1.68696,0.947277,0.784351,0.184598,5.40152,20064,19968,13169,11034,6934,152,153
1789636879147695892,merge,1.7753,1.59362,0.964756,0.777802,0.181167,5.38001,19968,20064,13177,10954,6935,152,153
1789636879247526490,merge,1.74638,1.60911,0.919351,0.788798,0.179777,5.34337,19968,20064,12616,11062,6936,152,153
1789636879347544516,merge,1.71814,1.60063,0.972045,0.788363,0.253914,5.44066,20064,19872,13288,11031,6937,152,153
1789636879447654464,merge,1.7571,1.6854,0.946474,0.786413,0.185346,5.45355,19968,19968,12948,11058,6938,152,153
1789636879547046674,merge,1.76132,1.60364,0.949589,0.80315,0.1671,5.38371,19968,20160,12782,10969,6939,152,153
1789636879647175633,merge,1.70177,1.58798,0.961369,0.797549,0.248591,5.38441,20064,19872,13064,10960,6940,152,153
1789636879747600106,merge,1.77888,1.68764,0.953642,0.799907,0.178607,5.49457,19968,19968,13107,11063,6941,152,153
1789636879847025366,merge,1.68993,1.67136,0.924879,0.796191,0.176209,5.34617,20064,20064,12720,11041,6942,152,153
1789636879947619873,merge,1.76432,1.66476,0.968279,0.808556,0.18638,5.48457,19968,19968,13115,10907,6943,152,153
1789636880047551760,merge,1.69706,1.68946,0.95732,0.794637,0.172215,5.40089,20064,20064,12948,10931,6944,152,153
1789636880147694397,merge,1.76784,1.68195,1.02811,0.845726,0.151147,5.56254,19968,19968,12867,10920,6945,152,153
1789636880247560928,merge,1.7713,1.58795,0.963448,0.786311,0.177168,5.37736,19968,20064,13123,10883,6946,152,153
1789636880347560017,merge,1.71733,1.57174,0.966947,0.790878,0.249365,5.38505,20064,19872,13019,10830,6947,152,153
1789636880447630676,merge,1.76974,1.64243,0.944224,0.811603,0.177459,5.43171,19968,20064,12989,11080,6948,152,153
1789636880547596119,merge,1.77466,1.65958,0.936067,0.774218,0.174399,5.40903,19968,19968,13145,10868,6949,152,153
1789636880647540596,merge,1.71078,1.65322,0.954772,0.792522,0.1727,5.37292,20064,19968,13074,10875,6950,152,153
1789636880747624715,merge,1.7718,1.6117,0.948246,0.80575,0.178026,5.40773,19968,20064,12916,11110,6951,152,153
1789636880847554402,merge,1.78514,1.67544,0.964778,0.781483,0.179162,5.47178,19968,19968,13167,10932,6952,152,153
1789636880947540224,merge,1.70759,1.57106,0.955168,0.78558,0.266844,5.37741,20064,19872,12887,10784,6953,152,153
1789636881047522916,merge,1.78175,1.60146,0.959823,0.788108,0.176231,5.39247,19968,20064,13072,10948,6954,152,153
1789636881147582789,merge,1.75882,1.61281,0.957254,0.818936,0.174177,5.41252,19968,20064,13031,10943,6955,152,153
1789636881247501337,merge,1.71317,1.5672,0.938127,0.773851,0.237823,5.31598,20064,19872,12982,10759,6956,152,153
1789636881347596243,merge,1.76395,1.58864,0.949605,0.790898,0.180172,5.36707,19968,20064,12899,11015,6957,152,153
1789636881447523934,merge,1.72904,1.68851,0.955336,0.799053,0.177921,5.44176,20064,20064,13257,11063,6958,152,153
1789636881547586650,merge,1.74432,1.59021,0.927853,0.803139,0.172772,5.32365,19968,20064,12727,10900,6959,152,153
1789636881647626942,merge,1.76882,1.65985,0.957672,0.793535,0.176053,5.44403,19968,19968,13075,10888,6960,152,153
1789636881747540678,merge,1.7234,1.58062,0.955026,0.775909,0.247632,5.37188,20064,19872,13164,10858,6961,152,153
1789636881847554122,merge,1.75679,1.60842,0.938361,0.802221,0.17641,5.37268,19968,20064,12780,11120,6962,152,153
1789636881947518875,merge,1.79025,1.59228,0.952549,0.786954,0.174147,5.3894,19968,20064,13206,10755,6963,152,153
1789636882047475270,merge,1.7253,1.57547,0.952157,0.797292,0.242562,5.37675,20064,19872,13163,10830,6964,152,153
1789636882147575241,merge,1.75305,1.60429,0.934362,0.797159,0.177834,5.35688,19968,20064,12926,10981,6965,152,153
1789636882247509661,merge,1.83024,1.58799,0.963439,0.791221,0.181445,5.44679,19968,20064,13461,10901,6966,152,153
1789636882347475081,merge,1.73354,1.60322,0.936238,0.779111,0.280589,5.42893,20064,19872,12924,10782,6967,152,153
1789636882447536316,merge,1.8335,1.62817,0.969477,0.777282,0.18621,5.48873,19968,20064,13243,10981,6968,152,153
1789636882547554205,merge,1.81922,1.63734,0.930694,0.788539,0.185148,5.45539,19968,20064,13069,11038,6969,152,153
1789636882647467817,merge,1.76968,1.63216,0.966475,1.18207,0.392711,6.0337,19872,19872,13323,10710,6970,152,153
1789636882746912910,merge,2.06179,1.6825,0.933089,0.802396,0.17813,5.76946,20160,20064,12849,11056,6971,152,153
1789636882847014243,merge,1.73556,1.61361,0.967983,0.791822,0.238413,5.44555,19872,20064,13104,10899,6972,152,153
1789636882947542020,merge,1.79973,1.56878,0.966568,0.770839,0.247618,5.44322,19968,19872,13134,10743,6973,152,153
1789636883047531855,merge,1.77554,1.59247,0.951827,0.787839,0.178826,5.37879,19968,20064,13056,10895,6974,152,153
1789636883147478912,merge,1.75471,1.605,0.90045,0.794002,0.17437,5.32373,19968,20064,12734,11084,6975,152,153
1789636883247435593,merge,1.73255,1.59589,0.980365,0.774168,0.250293,5.42953,20064,19872,13321,10789,6976,152,153
1789636883347621636,merge,1.74864,1.65491,0.935064,0.772079,0.174698,5.37466,19968,19968,12841,10841,6977,152,153
1789636883447505974,merge,1.76301,1.61646,0.928726,0.801424,0.177842,5.37313,19968,20160,12920,11133,6978,152,153
1789636883547520589,merge,1.75673,1.66919,0.928775,0.807678,0.176208,5.42787,19968,19968,12966,10963,6979,152,153
1789636883647581125,merge,1.73064,1.65351,0.955556,0.775964,0.175501,5.38026,20064,19968,13144,10782,6980,152,153
1789636883747516091,merge,1.75107,1.65792,0.908411,0.774457,0.174998,5.35888,19968,19968,12715,10794,6981,152,153
1789636883847541792,merge,1.79181,1.61339,0.960334,0.789373,0.177938,5.42558,19968,20064,13166,10915,6982,152,153
1789636883947545140,merge,1.77029,1.665,0.948518,0.79406,0.17142,5.43759,19968,19968,13011,10834,6983,152,153
1789636884047543300,merge,1.7163,1.65554,0.937708,0.795353,0.175037,5.37072,20064,19968,12872,10865,6984,152,153
1789636884147583699,merge,1.7646,1.60614,0.956737,0.799435,0.182087,5.39885,19968,20064,13155,11043,6985,152,153
1789636884247481196,merge,1.77854,1.67536,0.952379,0.793276,0.173569,5.46734,19968,19968,13108,10946,6986,152,153
1789636884347522350,merge,1.70305,1.65604,0.911161,0.784453,0.171714,5.32003,20064,19968,12850,10841,6987,152,153
1789636884447565098,merge,1.77606,1.60025,0.969615,0.792571,0.152761,5.39809,19968,20064,13097,10991,6988,152,153
1789636884547580622,merge,1.74349,1.71018,0.976097,0.81318,0.182108,5.51643,20064,19968,13162,10921,6989,152,153
1789636884647524730,merge,1.72694,1.61529,0.931129,0.769741,0.265072,5.3901,19872,20064,12707,10739,6990,152,153
1789636884747439629,merge,1.79844,1.61907,0.944318,0.793933,0.1825,5.43578,19968,20064,13158,10940,6991,152,153
1789636884847358899,merge,1.73592,1.70713,0.93567,0.800528,0.181251,5.44015,20064,19968,13142,10971,6992,152,153
1789636884947396309,merge,1.81051,1.69783,0.944127,0.783256,0.181673,5.51669,19968,19968,12791,10889,6993,152,153
1789636885047363329,merge,1.7722,1.65444,0.959195,0.784804,0.148396,5.42675,20064,20064,13129,10875,6994,152,153
1789636885147520018,merge,2.2944,2.35479,1.3403,1.11045,0.357661,7.61912,20064,19872,13087,10836,6995,152,153
1789636885247525281,merge,1.78146,1.89454,0.918597,0.792072,0.181895,5.66928,19968,20064,12734,11030,6996,152,153
1789636885347576170,merge,2.36083,1.64604,0.964692,0.795908,0.183709,6.06834,19968,20064,13137,10887,6997,152,153
1789636885447360912,merge,1.7968,1.71544,0.947656,0.781378,0.18032,5.51171,19968,19968,12893,10797,6998,152,153
1789636885547408843,merge,2.01327,1.63639,0.961876,0.800282,0.253193,5.77771,20064,19872,12933,10914,6999,152,153
1789636885647530185,merge,1.99976,1.64879,0.967004,0.808693,0.18487,5.72329,19968,20064,12982,10842,7000,152,153
1789636885747395982,merge,1.76064,1.73476,0.950972,0.816278,0.179293,5.55062,20064,20064,13058,10953,7001,152,153
1789636885847472468,merge,1.80871,1.70275,0.942701,0.805455,0.181671,5.53836,19968,19968,12809,10985,7002,152,153
1789636885947415545,merge,1.82543,1.63779,0.962095,0.800101,0.189331,5.51377,19968,20064,13137,10969,7003,152,153
1789636886047402863,merge,1.7463,1.70481,0.936075,0.782785,0.181934,5.44978,20064,19968,13045,10847,7004,152,153
1789636886147540533,merge,1.79309,1.7606,0.934588,0.780755,0.180618,5.55535,19968,19968,12942,10888,7005,152,153
1789636886247412198,merge,1.75704,1.80059,1.15503,0.796315,0.191214,5.81746,20064,20064,13247,11047,7006,152,153
1789636886347525179,merge,1.8221,1.96653,0.918153,0.766316,0.175706,5.75861,19968,19968,12849,10778,7007,152,153
1789636886447491123,merge,1.80997,1.61066,0.945867,0.786843,0.180478,5.42365,19968,20064,13079,10807,7008,152,153
1789636886547347880,merge,1.80351,1.68294,0.972107,0.793339,0.145531,5.50274,19968,19968,13095,10964,7009,152,153
1789636886647313131,merge,1.71244,1.66708,0.960542,0.787796,0.170204,5.37548,20064,19968,12974,10975,7010,152,153
1789636886747386318,merge,1.75605,1.58718,0.949643,0.801246,0.174779,5.35783,19968,20064,12993,10896,7011,152,153
1789636886847381573,merge,1.74524,1.67764,1.10751,0.797601,0.176981,5.59291,20064,20064,13271,10990,7012,152,153
1789636886947473407,merge,1.79799,1.59491,0.923588,0.786805,0.236994,5.42638,19968,19872,12671,10907,7013,152,153
1789636887047382842,merge,1.77182,1.60508,0.962725,0.807261,0.178365,5.42343,19968,20064,13104,11016,7014,152,153
1789636887147372842,merge,1.74005,1.77549,0.961203,0.813022,0.182196,5.58194,20064,19968,13070,10888,7015,152,153
1789636887247438713,merge,1.77893,1.74907,0.985558,0.824663,0.182382,5.63286,20064,19968,12833,10922,7016,152,153
1789636887347524113,merge,1.72598,1.62366,0.942833,0.788312,0.255203,5.42728,19872,20064,12866,10872,7017,152,153
1789636887447290557,merge,2.14696,1.71685,0.961123,0.806296,0.177344,5.91779,20064,20064,13267,10923,7018,152,153
1789636887547372321,merge,1.70126,1.59226,0.923832,0.793867,0.238494,5.33378,20064,19872,12715,10872,7019,152,153
1789636887647488050,merge,1.76432,1.60864,0.974088,0.808253,0.165306,5.40802,19968,20064,13135,11059,7020,152,153
1789636887747491017,merge,1.76243,1.58681,0.935999,0.789786,0.162577,5.3236,19968,20064,13063,10937,7021,152,153
1789636887847312941,merge,1.76731,1.67224,0.936197,0.787224,0.17139,5.4195,19968,19968,12746,10927,7022,152,153
1789636887947311272,merge,1.71291,1.6824,0.955462,0.806167,0.175204,5.41732,20064,19968,13263,11032,7023,152,153
1789636888047323022,merge,1.75797,1.67675,0.954936,0.800038,0.178301,5.45428,19968,19968,13035,10937,7024,152,153
1789636888147326253,merge,1.72464,1.66508,0.942614,0.796622,0.179762,5.40046,20064,19968,12972,10948,7025,152,153
1789636888247427906,merge,1.77367,1.61146,0.944687,0.808528,0.181398,5.40843,19968,20064,13100,10972,7026,152,153
1789636888347390843,merge,1.71422,1.68412,0.950053,0.789004,0.17616,5.40127,20064,20064,13076,11009,7027,152,153
1789636888447418651,merge,1.80064,1.71617,0.929813,0.804346,0.179341,5.52238,19968,19968,12860,10949,7028,152,153
1789636888547398680,merge,1.82558,1.72196,0.963798,0.787058,0.196334,5.58963,19968,19968,13189,10968,7029,152,153
1789636888647291323,merge,1.75436,1.73784,0.942967,0.815008,0.186678,5.53706,20064,19968,12857,11034,7030,152,153
1789636888747408832,merge,1.80434,1.63657,0.971077,0.81066,0.187925,5.50718,19968,20064,13024,11079,7031,152,153
1789636888847327052,merge,1.8001,1.73071,0.968068,0.800684,0.18369,5.57158,19968,19968,12963,10939,7032,152,153
1789636888947278764,merge,1.75832,1.73292,0.960473,0.899386,0.197396,5.65335,20064,19968,12990,11067,7033,152,153
1789636889047357128,merge,1.72287,1.6484,0.960468,0.791557,0.31726,5.53433,20064,19872,12934,11055,7034,152,153
1789636889147442802,merge,1.73298,1.66268,0.973281,0.809322,0.266116,5.53772,19872,20160,13053,11076,7035,152,153
1789636889247265901,merge,1.72576,1.72087,0.937773,0.807853,0.178954,5.46054,20064,19968,12771,10939,7036,152,153
1789636889347337879,merge,1.74064,1.62456,0.979647,0.808232,0.252287,5.50462,20064,19872,13167,11036,7037,152,153
1789636889547406064,merge,1.8339,1.7128,0.92978,0.79581,0.188394,5.54281,19968,19968,12819,10925,7038,152,153
1789636889647322296,merge,1.75148,1.69809,0.961397,0.809995,0.180426,5.47854,20064,20064,13117,10953,7039,152,153
1789636889747422707,merge,2.66496,2.53072,1.3746,1.15849,0.305762,8.26498,19968,19968,13089,11023,7040,152,153
1789636889847360482,merge,2.66531,2.17902,0.936028,0.803268,0.183437,6.91627,19968,19968,12877,11037,7041,152,153
1789636889947316608,merge,1.71663,1.66115,0.952209,0.788702,0.182868,5.3887,20064,19968,13148,10876,7042,152,153
1789636890047390143,merge,1.77916,1.60281,0.96511,0.792682,0.177822,5.40517,19968,20064,13182,10958,7043,152,153
1789636890147359229,merge,1.69802,1.68845,0.940791,0.792712,0.169157,5.37174,20064,19968,12790,10975,7044,152,153
1789636890247362937,merge,1.77238,1.65234,0.964003,0.76216,0.183039,5.41746,19968,19968,13153,10848,7045,152,153
1789636890347393847,merge,1.76681,1.60804,0.959438,0.774321,0.179131,5.37236,19968,20160,13013,10976,7046,152,153
1789636890447628528,merge,1.74727,1.71055,0.942263,0.820962,0.172147,5.48583,20064,19968,12872,10992,7047,152,153
1789636890547360500,merge,1.80967,1.61579,1.00584,0.797324,0.195784,5.51523,19968,19776,13034,10852,7048,152,153
1789636890647372860,merge,1.77778,1.5858,0.970665,0.801157,0.176068,5.39946,19968,20064,13133,10907,7049,152,153
1789636890747292839,merge,1.74226,1.60806,0.916476,0.817296,0.176773,5.34623,19968,20160,12602,11162,7050,152,153
1789636890847655131,merge,1.72905,1.60192,0.970765,0.787808,0.247349,5.42033,20064,19872,13297,10953,7051,152,153
1789636890947353802,merge,1.76377,1.57601,0.979457,0.786347,0.238902,5.42962,19968,19872,12940,10846,7052,152,153
1789636891047240919,merge,1.77239,1.59008,0.934634,0.791136,0.170385,5.34467,19968,20064,12785,10977,7053,152,153
1789636891147242261,merge,1.7194,1.68286,0.95718,0.789015,0.171269,5.40401,20064,19968,13173,10934,7054,152,153
1789636891247321538,merge,1.7667,1.59815,0.945809,0.779076,0.156796,5.33477,19968,20064,13095,10783,7055,152,153
1789636891347294542,merge,2.53455,1.6579,0.939729,0.790087,0.17376,6.24037,20064,19968,12903,10849,7056,152,153
1789636891447310184,merge,1.78574,1.60191,1.00052,0.820371,0.176611,5.47118,19968,20064,13154,11087,7057,152,153
1789636891547323149,merge,1.77292,1.67467,0.952094,0.802096,0.174966,5.46871,19968,19968,13131,10927,7058,152,153
1789636891647230096,merge,1.76521,1.5928,0.940164,0.799334,0.177503,5.37144,19968,20064,12830,10866,7059,152,153
1789636891747209287,merge,1.73253,1.66302,0.96675,0.790294,0.173571,5.41166,20064,19968,13404,10921,7060,152,153
1789636891847344312,merge,1.71234,1.58977,0.946114,0.782757,0.240711,5.35329,20064,19872,13006,10900,7061,152,153
1789636892047183358,merge,1.78777,1.65095,0.988171,0.782964,0.245352,5.54353,20064,19872,13484,10798,7062,152,153
1789636892147260493,merge,1.69821,1.65168,0.93358,0.788172,0.238189,5.40198,20064,19968,12873,10889,7063,152,153
1789636892247242656,merge,1.76109,1.60789,0.96519,0.798669,0.248402,5.48312,19968,20064,13363,10930,7064,152,153
1789636892347259471,merge,2.53216,1.92581,0.968953,0.797792,0.247263,6.61445,20064,19968,12988,10832,7065,152,153
1789636892447263293,merge,1.73144,1.59263,0.966631,0.791673,0.216209,5.3868,19872,20064,13186,10981,7066,152,153
1789636892547188078,merge,1.72216,1.68824,0.940745,0.796947,0.250217,5.49424,20064,20064,12986,11005,7067,152,153
1789636892647298957,merge,1.72988,1.60285,0.97296,0.794803,0.245132,5.43476,19968,19968,13201,10875,7068,152,153
1789636892747327977,merge,1.7483,1.64931,0.949705,0.784115,0.236288,5.45239,20064,19872,12972,10790,7069,152,153
1789636892847180485,merge,1.71671,1.60662,1.23897,0.814755,0.240946,5.70221,19968,20064,13051,11072,7070,152,153
1789636892947340896,merge,1.75141,1.671,0.942777,0.784335,0.236222,5.47212,19776,19968,12848,10845,7071,152,153
1789636893047169516,merge,1.72986,1.65861,0.967815,0.780487,0.240832,5.46584,20064,20064,13231,10759,7072,152,153
1789636893147236370,merge,1.70321,1.6082,0.935733,0.787809,0.240446,5.36199,19968,19968,12668,10929,7073,152,153
1789636893247133839,merge,1.7823,1.67975,0.972414,0.798318,0.238958,5.56263,19968,19968,13195,10984,7074,152,153
1789636893347262392,merge,1.71984,1.66548,0.974841,0.789048,0.237781,5.47742,20064,20064,13137,10949,7075,152,153
1789636893447254292,merge,1.71356,1.60178,0.943324,0.806185,0.232112,5.38437,19968,19968,12862,10861,7076,152,153
1789636893547282609,merge,1.77657,1.60587,1.02754,0.805129,0.242141,5.54358,19872,20064,13109,11056,7077,152,153
1789636893647190167,merge,1.72874,1.67267,0.976378,0.786703,0.239675,5.49244,20064,19968,13210,10866,7078,152,153
1789636893747245451,merge,1.72162,1.63065,0.942252,0.798903,0.236639,5.42617,20064,19968,12957,10859,7079,152,153
1789636893847317033,merge,1.72381,1.60434,0.958912,0.800414,0.235058,5.41234,19872,20064,13003,10900,7080,152,153
1789636893947262427,merge,1.7232,1.66766,0.954373,0.795446,0.248395,5.4751,20064,19968,13211,10856,7081,152,153
1789636894047306991,merge,1.68407,1.58249,0.924303,0.785144,0.241134,5.30044,19872,19968,12812,10831,7082,152,153
1789636894147139093,merge,1.71271,1.67081,0.931636,0.784666,0.24241,5.42753,20064,20064,13026,11004,7083,152,153
1789636894247188136,merge,1.70782,1.61331,0.936078,0.788205,0.238336,5.37255,19968,19968,13021,10969,7084,152,153
1789636894347152300,merge,1.73036,1.68345,0.958402,0.803339,0.247932,5.51119,20064,20064,13029,10931,7085,152,153
1789636894447183420,merge,1.70443,1.59498,0.903861,0.766725,0.245848,5.30687,19968,19968,12862,10878,7086,152,153
1789636894547172751,merge,1.73089,1.67033,0.979877,0.797866,0.245655,5.51454,20064,19968,13253,10972,7087,152,153
1789636894647256367,merge,1.70219,1.60304,0.94157,0.789096,0.189278,5.32475,19968,19968,12685,10886,7088,152,153
1789636894747295533,merge,1.75589,1.7001,0.936629,0.779444,0.251827,5.51444,20064,20064,13147,10721,7089,152,153
1789636894847208782,merge,1.7306,1.61786,0.934022,0.777269,0.253435,5.41083,19968,19968,12951,10846,7090,152,153
1789636894947270302,merge,1.80781,1.64013,0.927856,0.823159,0.256895,5.55113,19968,20064,12820,11072,7091,152,153
1789636895047150589,merge,1.74768,1.68251,0.948021,0.776637,0.25283,5.50197,20064,19968,13039,10805,7092,152,153
1789636895147304454,merge,1.74137,1.60628,0.960049,0.775698,0.252327,5.42323,19968,20064,13124,10927,7093,152,153
1789636895247256317,merge,1.81627,1.70452,0.905806,0.792542,0.245508,5.56363,19968,19968,12682,10970,7094,152,153
1789636895347174325,merge,1.80141,1.69375,0.959278,0.775603,0.248324,5.56578,19968,19968,13083,10885,7095,152,153
1789636895447093910,merge,1.74475,1.7048,0.964262,0.796134,0.264596,5.57041,20064,20064,13238,10882,7096,152,153
1789636895547203431,merge,1.73991,1.63729,0.941605,0.795296,0.242064,5.45214,19968,19968,12731,10890,7097,152,153
1789636895647194459,merge,2.55541,2.50783,1.36128,0.928698,0.25529,7.76865,20064,19968,13254,10921,7098,152,153
1789636895747288834,merge,1.68986,1.59261,0.954964,0.777004,0.244396,5.34592,19968,19968,13076,10795,7099,152,153
1789636895847142836,merge,1.72543,1.67065,0.941551,0.803842,0.246402,5.47829,20064,20064,12887,10983,7100,152,153
1789636895947288072,merge,1.69889,1.62158,0.952613,0.804133,0.239411,5.4058,19968,19968,13044,10967,7101,152,153
1789636896047251372,merge,1.76295,1.5864,0.95513,0.785848,0.25029,5.42731,19968,20064,13147,10847,7102,152,153
1789636896147150208,merge,1.7033,1.66406,0.946198,0.803904,0.259548,5.46861,20064,19968,12718,10901,7103,152,153
1789636896247250226,merge,1.70531,1.60346,0.969729,0.795584,0.238628,5.40124,19968,19968,13167,11010,7104,152,153
1789636896347118404,merge,1.7573,1.67528,0.944263,0.795035,0.242174,5.50205,19968,19968,13008,10957,7105,152,153
1789636896447106667,merge,1.85952,1.68227,0.943064,0.788564,0.25111,5.63375,20064,20064,12851,10801,7106,152,153
1789636896547188740,merge,1.71287,1.59556,0.917432,0.968527,0.245963,5.52533,19968,19968,12959,10807,7107,152,153
1789636896647069527,merge,1.77734,1.60684,0.929002,0.795299,0.250314,5.44638,19968,20064,13123,11020,7108,152,153
1789636896747069914,merge,1.70037,1.66907,0.929724,0.795731,0.242832,5.42756,20064,19968,12708,10867,7109,152,153
1789636896847222544,merge,1.71319,1.59896,0.954402,0.774665,0.244769,5.37399,19968,19968,13154,10875,7110,152,153
1789636896947074511,merge,1.6943,1.68091,0.951973,0.807939,0.196097,5.42298,20064,20064,12864,10978,7111,152,153
1789636897047211573,merge,1.70154,1.61106,0.960402,0.799737,0.275277,5.43375,19968,19968,12944,10954,7112,152,153
1789636897147147588,merge,1.75998,1.65421,0.955215,0.786418,0.249978,5.48915,19968,19968,13034,10905,7113,152,153
1789636897247028352,merge,1.72189,1.66348,0.970042,0.828216,0.241865,5.51567,20064,20064,12982,11010,7114,152,153
1789636897347193999,merge,1.70283,1.62007,0.966776,0.794476,0.242901,5.41275,19968,19968,12929,10926,7115,152,153
1789636897447047020,merge,1.77341,1.5986,0.967188,0.802563,0.264835,5.49323,19968,20064,13119,10832,7116,152,153
1789636897547079458,merge,1.71139,1.66607,0.952357,0.78486,0.235294,5.43923,20064,19968,13011,10892,7117,152,153
1789636897647075444,merge,1.69783,1.60873,0.951956,0.784309,0.242116,5.3793,19968,19968,13000,10976,7118,152,153
1789636897747082290,merge,1.71581,1.67048,0.986689,0.79244,0.241886,5.4967,20064,19968,13296,10916,7119,152,153
1789636897847107954,merge,1.70213,1.57889,0.944689,0.792666,0.228912,5.33688,19968,20064,12750,10922,7120,152,153
1789636897947162893,merge,1.76961,1.59654,0.960932,0.802518,0.238063,5.45755,19968,20064,13083,10993,7121,152,153
1789636898047037107,merge,1.71101,1.6745,0.964666,0.794037,0.239828,5.47147,20064,19872,13179,10938,7122,152,153
1789636898147212468,merge,1.70851,1.59651,0.93339,0.798618,0.248264,5.37508,19968,20064,12781,10993,7123,152,153
1789636898247029565,merge,1.69811,1.66787,0.963506,0.770132,0.246821,5.43814,20064,19968,13134,10949,7124,152,153
1789636898347153383,merge,1.7003,1.62512,0.957496,0.807099,0.253339,5.43266,19968,19968,13157,10975,7125,152,153
1789636898447076713,merge,1.74199,1.6096,0.93248,0.809575,0.266015,5.44787,19968,20064,12606,10986,7126,152,153
1789636898547068898,merge,1.71816,1.66878,0.96115,0.795128,0.245625,5.47977,20064,19968,13217,10980,7127,152,153
1789636898647175939,merge,1.71544,1.59831,0.955949,0.809821,0.243655,5.41981,19968,20064,12953,11089,7128,152,153
1789636898747060597,merge,1.72879,1.69398,0.935154,0.792624,0.248676,5.49097,20064,19968,12871,11105,7129,152,153
1789636898847152396,merge,1.68368,1.62874,0.970954,0.816773,0.242569,5.43071,19968,19968,13016,11064,7130,152,153
1789636898947078723,merge,1.80832,1.61826,0.95722,0.802059,0.25967,5.54225,19968,20064,13101,10969,7131,152,153
1789636899047035490,merge,1.74559,1.74453,0.930657,0.808785,0.241866,5.56656,20064,19968,12805,11092,7132,152,153
1789636899147098996,merge,1.74081,1.64575,0.964094,0.795822,0.261779,5.50321,19968,19968,13117,11107,7133,152,153
1789636899247053529,merge,1.74502,1.72251,0.975046,0.803348,0.244522,5.58046,20064,20064,13128,10930,7134,152,153
1789636899347178383,merge,1.69739,1.62922,0.953978,0.809982,0.238798,5.41586,19968,19968,12862,11062,7135,152,153
1789636899447082097,merge,1.81081,1.66344,0.964843,0.807265,0.253871,5.59265,19968,20064,13202,11060,7136,152,153
1789636899547059766,merge,1.73983,1.72978,0.936445,0.799391,0.244379,5.53992,20064,19968,13019,11061,7137,152,153
1789636899647137807,merge,1.74455,1.62952,0.944391,0.78051,0.256685,5.44678,19968,19968,12909,10912,7138,152,153
1789636899747089726,merge,1.81614,1.69876,0.95777,0.782122,0.250693,5.59426,19968,19968,13078,10970,7139,152,153
1789636899847000920,merge,1.75371,1.71341,0.948812,0.797965,0.250567,5.56136,20064,20064,13106,11048,7140,152,153
1789636899947116733,merge,1.72668,1.62524,0.939683,0.780372,0.249232,5.41553,19968,19968,12808,10953,7141,152,153
1789636900047022713,merge,1.7463,1.70009,0.964056,0.822169,0.2051,5.52882,20064,19968,13254,10907,7142,152,153
1789636900147179193,merge,1.68442,1.62905,0.944388,0.814458,0.239048,5.40762,19968,19968,12827,11004,7143,152,153
1789636900247018975,merge,1.75774,1.6109,0.945345,0.793875,0.26914,5.46517,19968,20064,12972,10994,7144,152,153
1789636900347014092,merge,1.7688,1.65409,0.943787,0.775113,0.242263,5.4713,19968,19968,12982,10777,7145,152,153
1789636900446966087,merge,1.71043,1.67465,0.959395,0.798373,0.236788,5.46775,20064,20064,13037,10950,7146,152,153
1789636900547026210,merge,1.69545,1.61187,0.941253,0.793327,0.253525,5.38038,19968,19968,12810,11001,7147,152,153
1789636900646970889,merge,1.8045,1.68074,0.95142,0.776941,0.279614,5.58454,19968,19872,13112,10803,7148,152,153
1789636900746988102,merge,1.73112,1.69335,0.930939,0.795803,0.242745,5.48881,20064,20064,12865,10930,7149,152,153
1789636900846965357,merge,1.73744,1.64223,0.93832,0.807657,0.256124,5.47649,19968,20064,12997,11018,7150,152,153
1789636900947017675,merge,1.75552,1.69308,0.972235,0.800396,0.244302,5.56573,20064,19872,13236,10880,7151,152,153
1789636901047026092,merge,1.69606,1.59653,0.945809,0.800349,0.238464,5.37194,19968,19968,12828,10933,7152,152,153
1789636901146963188,merge,1.78028,1.59891,0.957242,0.801274,0.24342,5.47698,19968,20064,13095,11074,7153,152,153
1789636901246986323,merge,1.71056,1.68093,0.972237,0.80085,0.241643,5.49809,20064,19968,13201,10910,7154,152,153
1789636901346996265,merge,1.70122,1.59653,0.948217,0.784176,0.237259,5.35147,19968,19968,12938,10786,7155,152,153
1789636901447000112,merge,1.7759,1.59102,0.958935,0.788522,0.252748,5.4613,19968,20064,13025,10909,7156,152,153
1789636901546981502,merge,1.72586,1.6786,0.979422,0.791185,0.242334,5.50616,20064,19968,13269,10954,7157,152,153
1789636901647015096,merge,1.69148,1.59681,0.93712,0.803764,0.235903,5.35304,19968,20064,12827,10954,7158,152,153
1789636901746979081,merge,1.78812,1.58419,0.957572,0.794657,0.26203,5.48044,19968,20064,13128,10893,7159,152,153
1789636901846915655,merge,1.72562,1.68513,0.963855,0.791576,0.272191,5.52137,20064,19872,13207,10892,7160,152,153
1789636901947078399,merge,1.68727,1.66687,0.936343,0.809699,0.232838,5.42002,20064,20064,12844,11089,7161,152,153
1789636902047009058,merge,1.74249,1.58935,0.986721,0.789775,0.244167,5.44309,19872,19968,13345,10847,7162,152,153
1789636902146972461,merge,1.91224,1.67132,0.963799,0.80932,0.26153,5.72832,20064,19968,12916,10862,7163,152,153
1789636902247001492,merge,1.72173,1.65948,0.941595,0.792511,0.239399,5.44435,20064,20064,13020,10889,7164,152,153
1789636902347033180,merge,1.74371,1.61515,0.972963,0.775425,0.244402,5.4455,19968,19968,13185,10836,7165,152,153
1789636902447004175,merge,2.58817,2.02891,0.961417,0.809338,0.232808,6.76411,20064,20064,13047,10951,7166,152,153
1789636902547083494,merge,1.72446,1.60701,0.964032,0.79507,0.242538,5.42854,19968,19968,13021,10949,7167,152,153
1789636902646918264,merge,1.79443,1.59918,0.969641,0.797766,0.244373,5.49712,19872,20064,13186,10978,7168,152,153
1789636902746958931,merge,1.78602,1.63981,0.963185,0.789752,0.238148,5.50711,19968,19872,13086,10740,7169,152,153
1789636902946982566,merge,1.77745,1.63063,0.939521,0.791274,0.082762,5.32093,19872,19968,13129,10993,7170,156,157
1789636903047019019,merge,1.76324,1.61262,0.979279,0.797126,0.049606,5.29975,19872,20064,13142,10733,7171,156,157
1789636903147068090,merge,1.7083,1.5822,0.955324,0.778184,0.069216,5.18136,20064,19968,13000,10809,7172,156,157
1789636903246983995,merge,1.71348,1.5956,0.929405,0.782518,0.051112,5.16448,19872,19968,12916,10925,7173,156,157
1789636903346951386,merge,1.72354,1.59978,0.969592,0.796229,0.059555,5.23555,19968,19968,13206,10904,7174,156,157
1789636903446928427,merge,1.71328,1.58735,0.954432,0.791883,0.050836,5.1868,20064,20064,13047,10945,7175,156,157
1789636903547025175,merge,1.71622,1.5862,0.936078,0.788094,0.053355,5.17127,19968,19968,12920,10953,7176,156,157
1789636903646928718,merge,1.71883,1.61653,0.94569,0.805295,0.094854,5.26684,19968,20064,13114,11070,7177,156,157
1789636903747053356,merge,1.72128,1.61828,0.954214,0.821265,0.166035,5.37061,20064,19968,13089,10847,7178,156,157
1789636903846990759,merge,1.73365,1.59152,0.932897,0.796504,0.07815,5.22517,19968,20064,12756,10868,7179,156,157
1789636903947067550,merge,1.71252,1.5931,0.960574,0.790978,0.0542,5.19469,19968,19968,13167,10840,7180,156,157
1789636904046891530,merge,2.54515,1.68979,0.953905,0.779534,0.050321,6.16919,19968,19968,12947,10737,7181,156,157
1789636904146975597,merge,1.71245,1.59117,0.933569,0.792671,0.051211,5.16952,20064,20064,12879,10957,7182,156,157
1789636904246925201,merge,1.6986,1.59095,0.934292,0.787724,0.051853,5.1517,19968,19968,12962,11002,7183,156,157
1789636904347019762,merge,1.70947,1.60425,0.956283,0.792249,0.051879,5.2025,20064,20064,13165,11012,7184,156,157
1789636904446968808,merge,1.68939,1.57738,0.939641,0.778929,0.049024,5.12109,19968,19968,12674,10800,7185,156,157
1789636904546995791,merge,1.73108,1.58196,0.944913,0.78986,0.052854,5.19407,19968,19968,13165,10895,7186,156,157
1789636904646916413,merge,1.70816,1.60719,0.954155,0.799008,0.051821,5.21138,20064,20064,12984,11042,7187,156,157
1789636904746985666,merge,1.71475,1.58408,0.942599,0.774239,0.050133,5.15007,19968,19968,12871,10736,7188,156,157
1789636904846997745,merge,1.71025,1.58228,0.956746,0.779196,0.052295,5.16526,19968,19968,13137,10788,7189,156,157
1789636904946898720,merge,1.71955,1.60949,1.24323,0.789656,0.050552,5.49578,20064,20064,13050,11019,7190,156,157
1789636905046998929,merge,1.71146,1.59484,0.948988,0.801633,0.0501,5.19721,19968,19968,12927,10892,7191,156,157
1789636905146968736,merge,1.73456,1.57825,0.956347,0.781204,0.051047,5.19348,19968,19968,13126,10863,7192,156,157
1789636905246879959,merge,1.71669,1.59741,0.91979,0.779424,0.050354,5.1835,20064,20064,13105,10942,7193,156,157
1789636905347029290,merge,1.7068,1.60693,0.929907,0.81129,0.0524,5.19929,19968,19968,12889,10968,7194,156,157
1789636905446959188,merge,1.71261,1.58272,0.951714,0.799635,0.069111,5.20285,19968,20064,13141,10883,7195,156,157
1789636905546879039,merge,1.70314,1.65028,0.917802,0.766051,0.171365,5.29692,19968,19968,12916,10858,7196,156,157
1789636905646816304,merge,1.71733,1.59459,0.94537,0.78788,0.055315,5.18267,20064,19968,12973,10898,7197,156,157
1789636905746849556,merge,2.51835,2.37893,1.33586,1.09475,0.088648,7.58563,19968,20064,13007,10815,7198,156,157
1789636905846824202,merge,1.72138,1.58186,0.941407,0.788017,0.050124,5.16632,20064,19968,13016,10878,7199,156,157
1789636905946864141,merge,1.694,1.59146,0.926268,0.786688,0.049539,5.13281,19968,19968,12799,10945,7200,156,157
1789636906046838049,merge,1.71411,1.60085,0.975704,0.790743,0.049621,5.21437,20064,19968,13236,11002,7201,156,157
1789636906247273891,merge,1.70002,1.57877,0.947198,0.800697,0.11567,5.2333,19968,19968,12994,10902,7202,156,157
1789636906346849860,merge,1.71106,1.6845,0.955375,0.807479,0.178927,5.42388,20064,19968,13083,10970,7203,156,157
1789636906446886127,merge,1.76828,1.66954,0.939237,0.78578,0.173624,5.42528,19968,19968,12832,10885,7204,156,157
1789636906546831796,merge,1.76272,1.65837,0.953431,0.782561,0.175824,5.42132,19968,19968,13002,10790,7205,156,157
1789636906646780469,merge,1.71676,1.68939,0.979173,0.793073,0.178901,5.4452,20064,20064,13201,10948,7206,156,157
1789636906746876179,merge,1.76941,1.66948,0.935157,0.799398,0.171217,5.43368,19968,19968,12827,10997,7207,156,157
1789636906846773454,merge,1.76444,1.58047,0.962026,0.787788,0.17725,5.35841,19968,20064,13037,10963,7208,156,157
1789636906946801095,merge,1.74004,1.70294,0.946754,0.800446,0.198794,5.48234,20064,19968,13320,10879,7209,156,157
1789636907046835854,merge,1.79544,1.63218,0.918926,0.796821,0.181781,5.42346,19968,20064,12684,11010,7210,156,157
1789636907146826934,merge,1.75109,1.70311,0.971338,0.785884,0.183111,5.48246,20064,19968,13278,10896,7211,156,157
1789636907246889031,merge,1.80619,1.69249,0.943091,0.787557,0.17797,5.50756,19968,19968,13071,10876,7212,156,157
1789636907346880473,merge,1.75445,1.71485,0.935866,0.805105,0.206599,5.5126,20064,19968,12876,11018,7213,156,157
1789636907446919689,merge,1.78763,1.64378,0.940521,0.799012,0.175112,5.44026,19968,20064,13018,10925,7214,156,157
1789636907546885866,merge,1.76939,1.66108,0.978529,0.785909,0.177303,5.45717,19968,19968,13156,10835,7215,156,157
1789636907646753941,merge,1.69107,1.66468,0.936915,0.789264,0.169227,5.3358,20064,20064,12705,10900,7216,156,157
1789636907746970579,merge,1.7727,1.67661,0.987162,0.810563,0.176551,5.51701,19968,19968,13157,10942,7217,156,157
1789636907846808644,merge,1.75711,1.6619,0.946167,0.795063,0.204206,5.45562,19968,19968,12905,10900,7218,156,157
1789636907946790824,merge,1.70965,1.66557,0.95129,0.796134,0.174033,5.38011,20064,20064,12901,10910,7219,156,157
1789636908046864159,merge,1.78169,1.64996,0.951127,0.798727,0.160262,5.43766,19968,20064,12980,11126,7220,156,157
1789636908147317107,merge,1.7241,1.58485,0.948644,0.785282,0.242427,5.37082,20064,19872,13037,10848,7221,156,157
1789636908246898900,merge,1.75515,1.62637,0.92519,0.789327,0.17728,5.363,19968,20064,12840,11011,7222,156,157
1789636908347136402,merge,1.77967,1.66979,0.960787,0.803044,0.179588,5.48559,19968,19968,13120,10950,7223,156,157
1789636908446749268,merge,1.71555,1.68886,0.954179,0.812671,0.177559,5.4416,20064,19968,12992,11038,7224,156,157
1789636908546819113,merge,1.76948,1.58026,0.944293,0.815276,0.178173,5.37793,19968,20064,12940,10908,7225,156,157
1789636908646788538,merge,1.72324,1.66479,0.937366,0.788511,0.178931,5.38156,20064,19968,13235,10954,7226,156,157
1789636908746950525,merge,1.77122,1.69047,0.939627,0.813209,0.180352,5.48226,19968,19968,12841,11052,7227,156,157
1789636908846809125,merge,1.71503,1.69138,0.940455,0.785862,0.179331,5.40648,20064,19968,13175,11051,7228,156,157
1789636908946894823,merge,1.77,1.60629,0.930209,0.792719,0.182915,5.37364,19968,20064,13046,11020,7229,156,157
1789636909046892016,merge,1.76047,1.68014,0.947719,0.803787,0.176142,5.45398,19968,19968,12843,11067,7230,156,157
1789636909146782943,merge,1.71657,1.68878,0.959464,0.808414,0.17466,5.43845,20064,19968,13059,11106,7231,156,157
1789636909246885530,merge,1.81704,1.64968,0.944032,0.802524,0.194253,5.50733,19968,20064,13178,11090,7232,156,157
1789636909346871534,merge,1.79373,1.7085,0.915751,0.79896,0.178567,5.48744,19968,19968,12666,10943,7233,156,157
1789636909446747928,merge,1.74659,1.72148,0.943142,0.796399,0.180575,5.47382,20064,20064,13183,11047,7234,156,157
1789636909546873478,merge,1.79272,1.71728,0.953384,0.794814,0.179585,5.53512,19968,19968,12953,11041,7235,156,157
1789636909646809904,merge,1.72929,1.66884,0.898348,0.799102,0.173076,5.36372,20064,20064,12870,10898,7236,156,157
1789636909747170830,merge,1.78898,1.6218,0.93512,0.801596,0.256723,5.49712,19968,19872,12970,10941,7237,156,157
1789636909846851894,merge,1.77774,1.59838,0.966575,0.804031,0.183292,5.41345,19968,20064,13172,11044,7238,156,157
1789636909946806348,merge,1.70987,1.7013,0.92444,0.810295,0.174505,5.41646,20064,20064,12716,11099,7239,156,157
1789636910047122674,merge,1.75193,1.71884,0.972774,0.780683,0.187461,5.50047,20064,19968,13204,10912,7240,156,157
1789636910147169703,merge,1.71646,1.67155,0.940098,0.792782,0.257249,5.47838,19872,19968,12995,10945,7241,156,157
1789636910246751668,merge,1.74789,1.7328,0.927864,0.80006,0.196418,5.50115,20064,20064,12831,11005,7242,156,157
1789636910347062638,merge,1.81719,1.70359,0.94961,0.79505,0.176324,5.5371,19968,19968,13212,10854,7243,156,157
1789636910446802821,merge,1.92752,1.71558,0.949065,0.78587,0.189649,5.68739,20064,19968,13161,10823,7244,156,157
1789636910546861232,merge,1.78587,1.69118,0.934533,0.804569,0.180571,5.49986,19968,19968,12812,10977,7245,156,157
1789636910646858764,merge,1.79722,1.70394,0.984738,0.809512,0.179588,5.56679,19968,19968,13092,10918,7246,156,157
1789636910746800325,merge,1.74737,1.70373,0.954219,0.785006,0.182225,5.46928,20064,20064,13139,10891,7247,156,157
1789636910846842633,merge,1.79744,1.70403,0.91104,0.789523,0.180185,5.47143,19968,19968,12788,10924,7248,156,157
1789636910946831170,merge,1.81638,1.70998,0.952063,0.792726,0.183526,5.55616,19968,19968,13188,10981,7249,156,157
1789636911046767913,merge,2.36178,1.58878,0.971808,0.797731,0.181528,6.01018,19968,20064,12992,10955,7250,156,157
1789636911147234433,merge,1.71124,1.66385,0.953076,0.792722,0.17765,5.38511,20064,19968,12966,10892,7251,156,157
1789636911247078963,merge,2.09349,1.62363,0.944111,0.787393,0.251308,5.80648,19968,19872,13064,10889,7252,156,157
1789636911346765687,merge,2.54345,2.51492,1.36878,1.11977,0.296984,8.00314,20064,20064,13090,10834,7253,156,157
1789636911447050376,merge,2.58078,2.44385,1.30814,1.10295,0.252049,7.83404,19968,19968,12732,10747,7254,156,157
1789636911546844998,merge,2.63688,2.22247,0.974053,0.801678,0.189419,6.96289,19968,20064,13217,11038,7255,156,157
1789636911646774356,merge,1.701,1.6904,0.933094,0.821478,0.177689,5.4088,20064,20064,12900,11045,7256,156,157
1789636911747147587,merge,1.76927,1.64755,0.937311,0.783365,0.172412,5.40145,19968,19968,12907,10763,7257,156,157
1789636911846803069,merge,1.7891,1.66215,0.948024,0.771031,0.174424,5.43515,19968,19968,13272,10874,7258,156,157
1789636911946753653,merge,1.71508,1.68261,0.964453,0.784508,0.174303,5.41508,20160,19968,12869,10994,7259,156,157
1789636912047036003,merge,1.71127,1.62841,0.959708,0.771596,0.239075,5.39844,19872,19968,13099,10810,7260,156,157
1789636912146703384,merge,1.73068,1.66654,1.11636,0.78806,0.176918,5.56498,20064,20064,13228,10935,7261,156,157
1789636912246738721,merge,1.78305,1.60938,0.942691,0.795782,0.175314,5.39429,19968,20064,12943,10911,7262,156,157
1789636912347126682,merge,1.81416,1.67294,0.969154,0.792706,0.182575,5.52143,19968,19968,13401,10841,7263,156,157
1789636912446747260,merge,1.69543,1.64869,1.21066,0.77945,0.169521,5.58629,20064,19968,12981,10844,7264,156,157
1789636912646772521,merge,1.72646,1.595,0.946913,0.767134,0.154708,5.29287,20064,19968,13027,10895,7265,158,159
1789636912746823616,merge,1.9727,1.57777,0.933785,0.772706,0.056103,5.41801,20064,19968,13295,10825,7266,158,159
1789636912846754274,merge,1.72703,1.63111,0.938492,0.79766,0.085134,5.27655,19968,20064,12881,10983,7267,158,159
1789636912947018355,merge,2.53264,2.19698,0.965082,0.798664,0.051065,6.68831,19776,19968,12975,10944,7268,158,159
1789636913046705505,merge,1.78342,1.63369,0.951412,0.783975,0.053747,5.30627,19968,19968,13112,10820,7269,158,159
1789636913146806153,merge,1.7562,1.6261,1.04305,1.04905,0.087988,5.65853,19968,19968,13109,10756,7270,158,159
1789636913246742609,merge,1.90996,1.65845,0.948458,0.822649,0.051653,5.49472,20064,20064,12772,10958,7271,158,159
1789636913347014601,merge,1.89684,1.63752,0.960851,0.799234,0.059508,5.44696,19872,19968,13132,10948,7272,158,159
1789636913446666438,merge,1.76887,1.62558,0.956541,0.877411,0.055296,5.3851,19968,19968,12930,10831,7273,158,159
1789636913546684089,merge,1.76918,1.64197,0.935989,0.789939,0.059048,5.29009,20064,20064,12894,10942,7274,158,159
1789636913646710505,merge,2.01246,1.65324,0.981042,0.805965,0.060145,5.62023,19968,20064,12982,11062,7275,158,159
1789636913747073318,merge,1.74938,1.68955,0.962445,0.784808,0.18552,5.46411,19968,19968,13124,10824,7276,158,159
1789636913846993037,merge,1.764,1.6292,0.933127,0.795328,0.052938,5.26564,20064,19968,12701,10837,7277,158,159
1789636913946798097,merge,1.99045,1.7745,0.959146,0.792134,0.089688,5.72145,19968,20064,13161,10891,7278,158,159
1789636914047092250,merge,1.8604,1.64638,0.960078,0.799156,0.241769,5.6093,19872,19968,12990,10793,7279,158,159
1789636914146978665,merge,1.89495,1.63324,0.950265,0.804157,0.070163,5.45235,20064,20064,12926,10917,7280,158,159
1789636914247081385,merge,1.91139,1.64472,0.966946,0.800187,0.058681,5.48637,20064,19968,13137,10925,7281,158,159
1789636914347080261,merge,1.87574,1.64499,0.952616,0.816071,0.049505,5.44691,19872,19968,13002,10945,7282,158,159
1789636914446714819,merge,2.5593,2.36273,1.33766,1.11882,0.110761,7.65255,20064,20064,13009,10868,7283,158,159
1789636914547121951,merge,2.53774,2.20736,0.950562,0.798135,0.050844,6.68973,19968,19968,13000,10882,7284,158,159
1789636914647043245,merge,1.94018,1.63099,0.963337,0.783657,0.058098,5.48137,20064,19968,13253,10970,7285,158,159
1789636914746973184,merge,2.27533,1.811,0.913936,0.788847,0.083577,5.9846,19968,20064,12727,10823,7286,158,159
1789636914847081867,merge,1.73767,1.58218,0.936885,0.758358,0.053121,5.16167,20064,19968,13202,10739,7287,158,159
1789636914947027542,merge,1.69172,1.59224,0.939001,0.781946,0.050963,5.144,19968,19968,13007,10873,7288,158,159
1789636915046738720,merge,1.71111,1.59922,0.911554,0.775112,0.052011,5.13474,20064,19968,12861,10962,7289,158,159
1789636915146819899,merge,1.68695,1.59217,0.926096,0.782568,0.051336,5.12718,19872,20064,12912,10940,7290,158,159
1789636915247037889,merge,1.71799,1.58395,0.932561,0.790271,0.051914,5.16619,20064,19968,13275,10901,7291,158,159
1789636915346675780,merge,1.6994,1.60821,0.895939,0.778728,0.049827,5.11947,20064,20064,12638,11022,7292,158,159
1789636915447012320,merge,1.71774,1.58895,0.972327,0.791371,0.058399,5.21806,20064,19968,13257,10817,7293,158,159
1789636915547045100,merge,1.67664,1.5968,0.95514,0.788926,0.052708,5.17169,19872,19968,12866,10874,7294,158,159
1789636915646677060,merge,1.70849,1.59667,0.935475,0.796038,0.05276,5.17446,19968,19968,12739,10958,7295,158,159
1789636915746591518,merge,1.71678,1.6007,0.97291,0.803909,0.051425,5.24871,20160,20064,13216,10853,7296,158,159
1789636915847054560,merge,1.69109,1.57503,0.946295,0.784359,0.050361,5.1374,19872,19968,13039,10768,7297,158,159
1789636915946650481,merge,1.71895,1.59291,0.947787,0.792178,0.050743,5.19053,20064,20064,12840,10979,7298,158,159
1789636916047055710,merge,1.69872,1.59529,0.950814,0.797784,0.050368,5.17374,19968,19968,13110,10990,7299,158,159
1789636916146987292,merge,1.71208,1.58202,0.961519,0.784005,0.049458,5.17097,20064,19968,13145,10820,7300,158,159
1789636916246781370,merge,1.69563,1.58288,0.930099,0.785954,0.049937,5.13549,19968,20064,12771,10836,7301,158,159
1789636916346920905,merge,1.71093,1.59258,0.949489,0.793144,0.05142,5.17978,20064,19968,13251,10974,7302,158,159
1789636916447017326,merge,1.70347,1.62347,0.936972,0.794183,0.050664,5.19663,19872,20064,12960,11010,7303,158,159
1789636916547063054,merge,1.75292,1.6133,0.929585,0.782309,0.049973,5.21819,20064,19968,12892,10805,7304,158,159
1789636916646945289,merge,1.73571,1.62017,0.957136,0.78975,0.050965,5.24884,19968,19968,13065,10813,7305,158,159
1789636916746893191,merge,1.75518,1.67693,0.949393,0.854367,0.056165,5.39261,20064,20064,13103,10997,7306,158,159
1789636916847084907,merge,1.69079,1.57265,0.918033,0.795008,0.049165,5.10743,19968,19968,12781,10856,7307,158,159
1789636916946905701,merge,1.71794,1.57681,0.987765,0.780336,0.051603,5.19918,20160,19968,13335,10859,7308,158,159
1789636917046959961,merge,1.67927,1.59636,0.928764,0.829122,0.050258,5.1717,19872,20064,12659,10962,7309,158,159
1789636917146902911,merge,1.70855,1.59353,0.944438,0.791541,0.05096,5.17973,19968,19968,12973,10876,7310,158,159
1789636917246640281,merge,1.7023,1.59497,0.957895,0.797772,0.051994,5.19595,20064,20064,13034,10989,7311,158,159
1789636917347072307,merge,1.70119,1.59043,0.949702,0.808154,0.049795,5.18068,19968,19968,12879,11006,7312,158,159
1789636917446949154,merge,1.69825,1.60301,0.946453,0.814291,0.048324,5.19785,19968,19968,12871,10987,7313,158,159
1789636917546646212,merge,1.71441,1.58514,0.986124,0.788763,0.050259,5.20724,20064,20064,13224,10810,7314,158,159
1789636917646969679,merge,1.69502,1.58272,0.930571,0.782948,0.04996,5.12163,19968,19968,12727,10815,7315,158,159
1789636917746891969,merge,1.71874,1.59672,0.962227,0.79578,0.05069,5.21291,20064,19968,13153,10968,7316,158,159
1789636917846888519,merge,1.71634,1.58768,0.98024,0.779656,0.050166,5.19616,20064,19968,13277,10867,7317,158,159
1789636917946883118,merge,1.69816,1.58841,0.920616,0.793923,0.050441,5.13751,19872,20064,12628,10971,7318,158,159
1789636918046908391,merge,1.71104,1.59374,0.975487,0.797775,0.050778,5.21398,20064,19968,13255,10960,7319,158,159
1789636918146634591,merge,1.70918,1.60728,0.937532,0.805685,0.058952,5.20591,19968,20064,13078,11021,7320,158,159
1789636918247054105,merge,1.72454,1.59145,0.939832,0.830114,0.049397,5.22275,20064,19968,12871,10940,7321,158,159
1789636918346957186,merge,1.71476,1.59184,0.932939,0.779417,0.05208,5.15893,20064,19968,13163,10966,7322,158,159
1789636918446910017,merge,1.69999,1.61341,1.07799,0.78859,0.050848,5.31487,19968,19968,13105,11048,7323,158,159
1789636918546882203,merge,1.69127,1.59957,0.908978,0.785632,0.049457,5.12212,19872,20064,12617,10909,7324,158,159
1789636918646909905,merge,1.73856,1.58098,0.964568,0.801761,0.051217,5.22605,20064,19968,13280,10883,7325,158,159
1789636918746637421,merge,1.68531,1.61588,0.960632,0.805159,0.049549,5.2001,19968,20064,12983,11038,7326,158,159
1789636918846981197,merge,1.70998,1.60782,0.948056,0.800323,0.051591,5.20384,20064,19968,12886,11056,7327,158,159
1789636918946855273,merge,1.69577,1.59932,0.943113,0.796134,0.050896,5.17029,20064,19968,13051,10994,7328,158,159
1789636919046764682,merge,1.7164,1.59274,0.94316,0.794138,0.051374,5.18709,19968,19968,13035,10991,7329,158,159
1789636919146727358,merge,1.69269,1.60747,0.940761,0.797416,0.048603,5.17149,20064,20064,12781,11060,7330,158,159
1789636919246982500,merge,1.69633,1.60747,0.947841,0.798492,0.049674,5.18404,19872,19968,13022,11063,7331,158,159
1789636919346640152,merge,1.72024,1.58991,0.962844,0.800841,0.051131,5.21372,20160,19968,12969,10945,7332,158,159
1789636919446777305,merge,1.69099,1.61251,0.949131,0.785644,0.050302,5.17122,19872,20064,12913,11045,7333,158,159
1789636919546818281,merge,1.75487,1.60573,0.982799,0.798094,0.050474,5.27529,20064,19968,13199,11035,7334,158,159
1789636919646698892,merge,1.73613,1.61264,0.954198,0.788167,0.049868,5.23057,19968,20064,12906,10973,7335,158,159
1789636919746921905,merge,1.9127,1.73065,0.954229,0.801295,0.050374,5.54994,20064,19968,13077,10960,7336,158,159
1789636919846974927,merge,1.6934,1.60023,0.949257,0.798705,0.049664,5.17814,19968,20064,13066,11041,7337,158,159
1789636919946989283,merge,1.70988,1.64137,0.917367,0.83005,0.051278,5.23155,19968,19968,12985,10996,7338,158,159
1789636920046914714,merge,1.72922,1.58025,0.931329,0.790142,0.04925,5.16859,20064,19968,13017,10936,7339,158,159
1789636920146893859,merge,1.71439,1.58208,0.994405,0.799149,0.052564,5.22235,19968,19968,13176,10904,7340,158,159
1789636920246913118,merge,1.70411,1.60474,0.953849,0.773535,0.049982,5.17146,20064,19968,12810,11006,7341,158,159
1789636920346847984,merge,1.71114,1.62913,0.951148,0.807212,0.054146,5.23605,19968,20064,13118,10894,7342,158,159
1789636920446943760,merge,1.71528,1.61917,0.976957,0.772753,0.050583,5.23001,20064,19968,13106,10788,7343,158,159
1789636920546902068,merge,1.72158,1.62615,0.90601,0.785931,0.049974,5.17709,19968,19968,12827,10918,7344,158,159
1789636920646692336,merge,1.71108,1.61423,0.922597,0.808509,0.050859,5.19349,19968,19968,12948,10914,7345,158,159
1789636920746700334,merge,1.72535,1.61625,0.941818,0.784122,0.055465,5.21111,19968,20064,13177,10881,7346,158,159
1789636920846805505,merge,1.74131,1.57539,0.909497,0.782481,0.050746,5.1435,20064,19968,12676,10836,7347,158,159
1789636920946675004,merge,2.02708,1.59588,0.953981,0.800896,0.051625,5.52648,19968,19968,13147,10897,7348,158,159
1789636921046670334,merge,1.70107,1.59555,0.967284,0.768839,0.05103,5.16878,20160,19968,13075,10868,7349,158,159
1789636921146824581,merge,1.71043,1.57847,0.921574,0.77681,0.049192,5.11853,19872,19968,12742,10863,7350,158,159
1789636921246801496,merge,1.69567,1.61174,0.941352,0.779845,0.050837,5.16489,19872,20064,12994,11058,7351,158,159
1789636921346847355,merge,1.72007,1.59738,0.956113,0.779019,0.050531,5.19079,20160,19968,13236,10857,7352,158,159
1789636921446807609,merge,1.70561,1.57484,0.942495,0.78198,0.049625,5.14342,19968,19968,12810,10768,7353,158,159
1789636921546831134,merge,1.71494,1.59939,0.989855,0.789033,0.05119,5.2306,20064,20064,13244,10945,7354,158,159
1789636921646824721,merge,1.70845,1.88805,1.21612,0.781611,0.049927,5.73475,19968,19968,13122,10986,7355,158,159
1789636921746779369,merge,1.6975,1.58592,0.910701,0.766048,0.050038,5.09678,19968,20064,12799,10897,7356,158,159
1789636921846935554,merge,1.73104,1.58146,0.959613,0.758151,0.050673,5.16571,20064,19968,13351,10874,7357,158,159
1789636921946805488,merge,1.70729,1.59538,0.929402,0.819532,0.051052,5.18632,19968,19968,13065,10924,7358,158,159
1789636922046676687,merge,1.695,1.59249,0.925122,0.815595,0.056804,5.17064,20064,19968,12888,10877,7359,158,159
1789636922146805165,merge,1.74753,1.60462,0.989889,0.801408,0.058564,5.28624,19968,20064,13421,10981,7360,158,159
1789636922246778330,merge,1.69157,1.60159,0.935332,0.783797,0.049244,5.14996,19968,20064,12882,10985,7361,158,159
1789636922347818021,merge,2.19088,1.7885,0.977531,0.776972,0.052132,5.90109,20064,19968,13279,10899,7362,158,159
1789636922446922409,merge,1.69256,1.5705,0.954214,0.813023,0.050392,5.16487,19968,19968,13018,10737,7363,158,159
1789636922546776408,merge,1.73963,1.62329,0.950671,0.763227,0.051509,5.21995,20064,19968,13226,10859,7364,158,159
1789636922646749421,merge,1.69392,1.61143,0.944042,0.84324,0.052653,5.22936,19968,20064,12943,11054,7365,158,159
1789636922746875544,merge,1.73765,1.5836,0.964912,0.81083,0.058769,5.2433,19872,20064,13162,10857,7366,158,159
1789636922847817910,merge,1.73445,1.5701,0.937996,0.815543,0.053353,5.19476,20064,19968,13000,10851,7367,158,159
1789636922947771191,merge,1.72327,1.60012,0.953139,0.798174,0.051926,5.21329,19968,19968,12957,10986,7368,158,159
1789636923046862557,merge,1.73595,1.59657,0.936442,0.818164,0.051499,5.2158,19968,19968,13024,10963,7369,158,159
1789636923146786786,merge,1.70175,1.57268,0.948556,0.763493,0.051854,5.12959,19872,19968,13117,10776,7370,158,159
1789636923246642850,merge,1.69247,1.5887,0.941057,0.786985,0.051583,5.14785,20160,20064,12720,10807,7371,158,159
1789636923346850537,merge,1.8129,1.60797,0.942872,0.795734,0.053269,5.31752,19872,19968,13169,10902,7372,158,159
1789636923446804353,merge,1.86012,1.58081,0.932816,0.768976,0.050644,5.28275,19872,20064,13002,10890,7373,158,159
1789636923546859212,merge,1.72637,1.5793,0.932953,0.783827,0.052464,5.16154,20064,19968,13025,10871,7374,158,159
1789636923646782524,merge,1.71457,1.59197,0.939567,0.773247,0.049554,5.15489,19968,19968,13042,10913,7375,158,159
1789636923746721949,merge,1.72616,1.59427,0.937887,0.76696,0.051167,5.16895,19872,20064,13060,10952,7376,158,159
1789636923846812511,merge,1.72761,1.57678,0.935358,0.812573,0.059565,5.20294,20160,19968,13128,10804,7377,158,159
1789636923946776262,merge,1.72216,1.58368,0.930992,0.766426,0.049503,5.14275,19968,19968,12957,10895,7378,158,159
1789636924046782953,merge,1.71914,1.60571,0.954073,0.786103,0.049435,5.20307,19968,20064,13167,10858,7379,158,159
1789636924146879046,merge,1.75987,1.56938,0.90376,0.754641,0.051375,5.13469,20064,19968,12941,10694,7380,158,159
1789636924246747404,merge,1.87533,1.57368,0.940084,0.788401,0.050552,5.33497,20064,19968,13137,10801,7381,158,159
1789636924346798011,merge,1.72241,1.61056,0.921212,0.801148,0.051954,5.20559,19872,20064,12911,11049,7382,158,159
1789636924446780422,merge,1.75358,1.59841,0.929683,0.785907,0.049524,5.21073,20064,19968,13030,10870,7383,158,159
1789636924546742488,merge,1.6981,1.58726,0.917519,0.788168,0.049355,5.12317,19968,20064,12865,10912,7384,158,159
1789636924646857108,merge,1.8837,1.59594,0.953385,0.798594,0.051479,5.38413,20064,19968,13255,11001,7385,158,159
1789636924746831819,merge,1.69639,1.5966,0.923879,0.782872,0.049838,5.1388,19968,19968,12752,10940,7386,158,159
1789636924846697612,merge,1.68889,1.58455,0.927343,0.77767,0.050538,5.11238,19872,20064,12930,10845,7387,158,159
1789636924946809559,merge,1.71195,1.58822,0.933543,0.773137,0.049691,5.14105,20160,19968,13174,10818,7388,158,159
1789636925046829617,merge,1.77735,1.77486,0.935612,0.763327,0.050195,5.40504,19968,19968,12866,10875,7389,158,159
1789636925146740949,merge,1.70142,1.6377,0.92213,0.760067,0.050877,5.17225,19968,19968,12872,10797,7390,158,159
1789636925246607830,merge,1.74132,1.60263,0.935883,0.78624,0.049504,5.20961,20064,20064,13236,10937,7391,158,159
1789636925346781106,merge,1.88232,1.61244,0.923538,0.776278,0.049411,5.34751,19872,20064,12681,11006,7392,158,159
1789636925447717794,merge,1.71301,1.59915,0.92499,0.784012,0.049303,5.15808,19968,19968,12932,10933,7393,158,159
1789636925646845237,merge,2.00194,1.63832,0.913155,0.764307,0.048823,5.48419,19968,19968,12798,10872,7394,159,160
1789636925746664806,merge,1.696,1.82193,1.0061,0.778698,0.049595,5.46015,19968,20064,13086,10949,7395,159,160
1789636925847683978,merge,1.71864,1.60409,0.936556,0.770457,0.049453,5.17724,20064,19968,13200,10748,7396,159,160
1789636925946746241,merge,2.23333,1.58554,0.932451,0.791082,0.049283,5.68935,20064,19968,12867,10779,7397,159,160
1789636926046778307,merge,1.69421,1.61214,0.933474,0.794337,0.050079,5.16917,19872,20064,12999,11075,7398,159,160
1789636926147719107,merge,1.80563,1.5977,0.961327,0.780822,0.050846,5.30298,20160,19968,13376,10896,7399,159,160
1789636926246802200,merge,1.69834,1.8371,0.907326,0.791953,0.051432,5.38204,19872,20064,12606,10874,7400,159,160
1789636926347685266,merge,1.72949,1.796,0.967453,0.763026,0.049386,5.41024,20064,19968,13250,10917,7401,159,160
1789636926446750558,merge,1.68687,1.75971,0.948979,0.77825,0.049388,5.31888,19968,19968,13028,10979,7402,159,160
1789636926546789242,merge,1.86018,1.60337,0.91936,0.763687,0.048907,5.29084,20064,20064,12846,10904,7403,159,160
1789636926647681813,merge,1.82399,1.59985,0.928914,0.756694,0.047127,5.25723,19968,19968,12988,10771,7404,159,160
1789636926746748731,merge,1.85832,1.60251,0.931432,0.762387,0.050399,5.30613,20064,19968,13133,10894,7405,159,160
1789636926846736949,merge,1.88877,1.63481,1.15187,0.883921,0.04914,5.70644,19968,20064,12631,10840,7406,159,160
1789636926946788244,merge,1.71631,1.59331,0.972616,0.787839,0.048976,5.2024,20064,19968,13243,10835,7407,159,160
1789636927046785766,merge,1.68416,1.59455,0.937735,0.806539,0.049499,5.15583,19968,19968,12847,10993,7408,159,160
1789636927146732302,merge,2.21801,1.79632,0.917267,0.801474,0.049725,5.88541,19968,20064,12855,11010,7409,159,160
1789636927246700032,merge,1.71649,1.77896,0.969328,1.05787,0.06217,5.68793,20064,19968,13173,10855,7410,159,160
1789636927346774531,merge,1.70116,1.58177,0.934449,0.781069,0.050458,5.13462,19968,19968,12946,10897,7411,159,160
1789636927446710302,merge,2.35927,1.78365,0.935133,0.805452,0.049032,6.03931,20064,20064,13029,11077,7412,159,160
1789636927546811294,merge,1.70445,1.597,0.951733,0.786965,0.048875,5.17164,19968,19968,13103,10881,7413,159,160
1789636927646760546,merge,1.70434,1.59155,0.93056,0.778314,0.050023,5.13935,19968,20064,12970,10815,7414,159,160
1789636927746791563,merge,1.71217,1.60413,0.914637,0.785505,0.051325,5.15899,20064,19968,13010,10959,7415,159,160
1789636927846773692,merge,1.70829,1.61899,0.943996,0.79853,0.049991,5.2017,19968,19968,13173,10958,7416,159,160
1789636927946721968,merge,1.69394,1.58294,0.935165,0.78865,0.049444,5.13167,19968,19968,12767,10869,7417,159,160
1789636928046696058,merge,1.72742,1.58837,1.13927,0.79106,0.053178,5.39291,20064,20064,13152,10965,7418,159,160
1789636928146746974,merge,1.69971,1.60326,1.13376,0.79088,0.048291,5.35871,19968,19968,13012,10930,7419,159,160
1789636928246698154,merge,1.71176,1.58535,1.13393,0.777371,0.049088,5.34128,20064,19968,12890,10837,7420,159,160
1789636928346801799,merge,1.6936,1.59119,1.11709,0.820685,0.055777,5.36314,19968,20064,13014,10961,7421,159,160
1789636928446752457,merge,1.71247,1.60206,0.961543,0.784743,0.051633,5.19863,19968,19968,13146,11069,7422,159,160
1789636928546709266,merge,1.70197,1.61033,0.93122,0.781384,0.049153,5.1557,20064,19968,12653,11050,7423,159,160
1789636928646718381,merge,1.70608,1.59404,0.961676,0.769796,0.049789,5.16429,19968,20064,13147,10877,7424,159,160
1789636928746699957,merge,1.69844,1.59519,0.929611,0.773348,0.049186,5.12984,20064,19968,13037,10956,7425,159,160
1789636928846775734,merge,1.69941,1.60437,0.925761,0.781917,0.049676,5.14562,19968,20064,12751,11003,7426,159,160
1789636928946756385,merge,1.70357,1.60121,0.944817,0.792327,0.050379,5.17336,20064,19968,13081,11023,7427,159,160
1789636929046822555,merge,1.70504,1.58215,0.96352,0.77136,0.051477,5.1608,19968,19968,13092,10829,7428,159,160
1789636929146784441,merge,1.71247,1.60735,0.952932,0.947986,0.054893,5.3686,20064,20064,12861,11050,7429,159,160
1789636929247618194,merge,1.71374,1.63169,0.95813,1.00423,0.054768,5.45133,19968,19968,13096,11056,7430,159,160
1789636929346822991,merge,1.73723,1.60704,0.947356,0.874887,0.067478,5.31763,19968,19968,13041,11044,7431,159,160
1789636929446712737,merge,1.72091,1.59555,0.926074,0.787096,0.05067,5.17155,20064,20064,12901,11010,7432,159,160
1789636929547625422,merge,1.72558,1.60694,0.946205,0.79345,0.051186,5.20687,19968,19968,13240,11069,7433,159,160
1789636929646765414,merge,1.70061,1.60987,0.933319,0.813379,0.06194,5.19762,19968,19968,12962,11057,7434,159,160
1789636929746730401,merge,1.71611,1.59791,0.935767,0.833989,0.056925,5.22647,20064,20064,12979,10911,7435,159,160
1789636929847595164,merge,1.70108,1.58017,0.938544,0.79885,0.057704,5.15709,19968,19968,13053,10938,7436,159,160
1789636929946756498,merge,1.71559,1.59864,0.936335,0.794589,0.053095,5.18124,20064,19968,13057,10971,7437,159,160
1789636930046790379,merge,1.69889,1.58946,0.923458,0.792095,0.049653,5.13632,19968,19968,12872,10903,7438,159,160
1789636930146678029,merge,1.70624,1.5899,0.96233,0.804175,0.055806,5.20222,19968,20064,13177,10922,7439,159,160
1789636930246691259,merge,1.69925,1.59936,0.936706,0.786022,0.050632,5.15981,20064,19968,12840,10994,7440,159,160
1789636930346738918,merge,1.70529,1.77929,1.0817,0.811975,0.047851,5.51386,19968,19872,13029,10936,7441,159,160
1789636930547623594,merge,1.71546,1.57687,0.923154,0.792518,0.153945,5.25016,20064,19968,13004,10829,7442,159,160
1789636930646709646,merge,1.67208,1.68398,0.912063,0.837565,0.252778,5.44789,19872,20064,12761,10961,7443,159,160
1789636930747659733,merge,1.71487,1.58479,0.957299,0.781812,0.249893,5.37545,20064,19872,13239,10820,7444,159,160
1789636930846664049,merge,1.69928,1.66019,0.943028,0.778993,0.175917,5.34111,20064,20064,12831,10928,7445,159,160
1789636930947615664,merge,1.78241,1.67922,0.948591,0.796869,0.175162,5.47463,19968,19968,13052,10981,7446,159,160
1789636931046640008,merge,1.77727,1.66862,0.941692,0.771883,0.174556,5.41641,19968,19968,13134,10934,7447,159,160
1789636931147547332,merge,1.70371,1.65164,0.915131,0.76623,0.171972,5.29582,20064,19968,12870,10831,7448,159,160
1789636931246795306,merge,1.79979,1.66473,0.940717,0.779062,0.178703,5.44772,19968,19968,13126,10895,7449,159,160
1789636931346627783,merge,1.77674,1.61526,0.942979,0.791573,0.176386,5.38695,19968,20064,13154,11072,7450,159,160
1789636931447542196,merge,1.70582,1.64644,0.940254,0.786323,0.180286,5.34176,20064,19968,12938,10810,7451,159,160
1789636931546702645,merge,1.78193,1.59046,0.957907,0.770771,0.173513,5.36076,19968,20064,13070,10768,7452,159,160
1789636931647561172,merge,1.77024,1.58705,0.930388,0.770122,0.243799,5.38646,19968,19872,13176,10870,7453,159,160
1789636931746672783,merge,1.69377,1.67354,0.943594,0.790523,0.176667,5.36042,20064,20064,12808,10891,7454,159,160
1789636931846741257,merge,1.78589,1.58026,0.96505,0.783374,0.179025,5.37757,19968,20064,13169,10908,7455,159,160
1789636931946680765,merge,1.7339,1.66053,0.976332,0.78314,0.177405,5.41703,20064,19968,13173,10883,7456,159,160
1789636932046726769,merge,1.75004,1.66424,0.942831,0.789733,0.174706,5.40434,19968,19968,12826,10899,7457,159,160
1789636932146657860,merge,1.74289,1.64752,0.963907,0.766,0.180027,5.38447,20064,19968,13343,10822,7458,159,160
1789636932247033233,merge,1.75761,1.59104,0.92519,0.787217,0.176673,5.31976,19968,20064,12927,11002,7459,159,160
1789636932346662478,merge,1.78152,1.60479,0.938097,0.776781,0.183022,5.36782,19968,20064,13061,10961,7460,159,160
1789636932447548900,merge,1.78818,1.67603,0.94828,0.767501,0.172216,5.44114,19968,19968,13148,10771,7461,159,160
1789636932546637537,merge,1.71398,1.65126,0.966275,0.763053,0.178253,5.35711,20064,19968,13058,10788,7462,159,160
1789636932646621858,merge,1.77644,1.66764,0.934927,0.789899,0.175842,5.4227,19968,19968,12998,10993,7463,159,160
1789636932746623427,merge,1.71582,1.68231,0.928855,0.794698,0.17909,5.38949,20064,20064,13197,11058,7464,159,160
1789636932847013780,merge,1.71916,1.58496,0.940963,0.764242,0.238946,5.33442,19872,20064,13057,10860,7465,159,160
1789636932947629128,merge,1.69678,1.6641,0.938761,0.766263,0.176681,5.32845,20160,19968,12936,10898,7466,159,160
1789636933047549693,merge,1.71046,1.67731,0.931116,0.779897,0.237582,5.42085,19776,19872,13019,10888,7467,159,160
1789636933146691594,merge,1.70202,1.58624,0.958469,0.778011,0.249634,5.35912,19872,20064,13116,10913,7468,159,160
1789636933246627743,merge,1.71323,1.65463,0.939093,0.765462,0.174184,5.33005,20064,19968,13059,10823,7469,159,160
1789636933346708022,merge,1.71164,1.68512,0.923747,0.772358,0.176967,5.35673,20064,20064,13070,10850,7470,159,160
1789636933447488189,merge,2.34144,2.19025,1.03605,0.8095,0.248813,6.7477,19872,19968,13103,10847,7471,159,160
1789636933546663206,merge,1.69009,1.59901,0.957204,0.78866,0.247327,5.37053,19872,20064,12970,10910,7472,159,160
1789636933646676717,merge,1.75185,1.65674,0.927803,0.790749,0.174804,5.39015,20160,19968,13027,10933,7473,159,160
1789636933746608679,merge,1.7161,1.60252,0.943462,0.775028,0.24522,5.36764,19872,20064,12994,11001,7474,159,160
1789636933847530751,merge,1.74411,1.65169,0.947477,0.773612,0.177014,5.37737,20064,19968,13174,10806,7475,159,160
1789636933947478534,merge,1.79291,1.66232,0.935805,0.789062,0.177847,5.45308,19968,19968,12727,10900,7476,159,160
1789636934046611284,merge,1.8066,1.61324,0.977069,0.785825,0.182511,5.45942,19968,20064,13181,11001,7477,159,160
1789636934147550231,merge,1.73117,2.18263,0.920998,0.781832,0.176656,5.88952,20064,19968,12989,10753,7478,159,160
1789636934247460715,merge,1.74993,1.65051,0.919527,0.76612,0.175251,5.35143,20064,19968,12951,10734,7479,159,160
1789636934346652875,merge,1.70651,1.5897,0.937928,0.78349,0.242069,5.34908,19872,20064,12836,10981,7480,159,160
1789636934447522253,merge,1.73919,1.59501,0.945439,0.787883,0.245458,5.40133,20064,19872,13205,10853,7481,159,160
1789636934546609770,merge,1.73618,1.6819,0.940839,0.963735,0.226494,5.63356,20064,20064,12786,10903,7482,159,160
1789636934646677588,merge,1.72906,1.59887,0.927681,0.952136,0.323043,5.62326,19872,20064,13021,10921,7483,159,160
1789636934747501648,merge,1.72727,1.70169,0.93815,0.77629,0.184168,5.41353,20160,19968,13122,10968,7484,159,160
1789636934846808855,merge,1.71239,1.62001,0.932051,0.783691,0.245329,5.3813,19872,20064,12833,10934,7485,159,160
1789636934947578423,merge,1.73079,1.56714,0.993676,0.792305,0.250746,5.42741,20064,19872,13270,10754,7486,159,160
1789636935046625229,merge,1.77808,1.60894,0.956729,0.789508,0.197457,5.42021,19968,20064,12999,10905,7487,159,160
1789636935146668704,merge,1.73932,1.67812,0.935982,0.75825,0.179039,5.3796,20064,19968,13063,10857,7488,159,160
1789636935246616674,merge,1.69936,1.58061,0.958476,0.794549,0.245105,5.36819,19872,20064,13008,10929,7489,159,160
1789636935347472563,merge,1.7579,1.71036,0.957662,0.786471,0.187635,5.48958,20160,19968,13103,10905,7490,159,160
1789636935447446287,merge,1.72609,1.64454,0.931876,0.820057,0.214785,5.43218,19872,20064,12829,10999,7491,159,160
1789636935547529199,merge,1.72547,1.65638,0.993041,0.783276,0.180269,5.42303,20160,19968,13361,10839,7492,159,160
1789636935647471697,merge,1.67996,1.58494,0.922012,0.793588,0.200518,5.26453,19872,20064,12747,10956,7493,159,160
1789636935747610463,merge,1.71388,1.58282,0.952003,0.791166,0.243035,5.36934,20064,19872,13031,10898,7494,159,160
1789636935846591910,merge,1.73754,1.60093,0.930188,0.797252,0.147848,5.2974,19968,20064,12952,10976,7495,159,160
1789636935947471807,merge,1.72718,1.65167,0.936466,0.778139,0.175264,5.36159,20064,19968,12986,10758,7496,159,160
1789636936046659613,merge,1.74442,1.65999,0.938432,0.780317,0.169808,5.37918,19968,19968,12831,10794,7497,159,160
1789636936146616776,merge,1.77385,1.60347,0.951093,0.788175,0.176583,5.37822,19968,20064,13173,11038,7498,159,160
1789636936247454827,merge,1.7093,1.65316,0.916311,0.795652,0.187136,5.35118,20064,19968,12767,10840,7499,159,160
1789636936346615553,merge,1.8331,1.58686,0.951717,0.799506,0.184937,5.46088,19968,20064,13064,10902,7500,159,160
1789636936447435297,merge,1.70995,1.67281,0.951929,0.78507,0.182525,5.38541,20064,19968,13121,10960,7501,159,160
1789636936547405386,merge,1.6988,1.5971,0.929006,0.794021,0.205917,5.31022,19872,20064,12791,10941,7502,159,160
1789636936647520347,merge,1.71638,1.65008,0.953829,0.786288,0.173557,5.36372,20064,19968,13114,10849,7503,159,160
1789636936746678768,merge,1.71435,1.65802,0.926672,0.768479,0.177684,5.32852,20064,19968,13208,10932,7504,159,160
1789636936846668898,merge,1.78986,1.60809,0.94123,0.789912,0.17174,5.39457,19968,20064,12768,10930,7505,159,160
1789636936947483759,merge,1.70649,1.64729,0.933066,0.780224,0.176804,5.32758,20064,19968,13166,10798,7506,159,160
1789636937046721293,merge,1.76808,1.65238,0.957883,0.785219,0.188098,5.43949,19968,19968,13195,10831,7507,159,160
1789636937146593115,merge,1.78096,1.60563,0.939074,0.805576,0.172067,5.40305,19968,20064,12671,11032,7508,159,160
1789636937247384624,merge,1.78061,1.66653,0.940076,0.767597,0.176737,5.42189,19968,19968,13153,10844,7509,159,160
1789636937346605376,merge,1.70633,1.65622,0.939494,0.780844,0.183556,5.35517,20064,19968,13122,10868,7510,159,160
1789636937446595517,merge,1.70652,1.68352,0.916214,0.789277,0.174794,5.35582,20064,20064,12853,11055,7511,159,160
1789636937547437673,merge,1.69653,1.65911,0.94134,0.808506,0.235987,5.43348,19872,19968,12920,11031,7512,159,160
1789636937646602119,merge,1.71351,1.66599,0.960013,0.781473,0.177146,5.38319,20064,20064,13195,10909,7513,159,160
1789636937747511564,merge,1.74893,1.66471,0.9146,0.769083,0.173047,5.35949,19968,19968,12628,10843,7514,159,160
1789636937847408963,merge,1.70824,1.69491,0.969301,0.792837,0.177044,5.43006,20064,20064,13256,10956,7515,159,160
1789636937947527739,merge,1.74933,1.66688,0.947142,0.803702,0.175205,5.4315,19968,19968,12843,10889,7516,159,160
1789636938047497615,merge,1.71422,1.65423,0.953922,0.788773,0.17397,5.3748,20064,19968,12949,10882,7517,159,160
1789636938147387033,merge,1.70913,1.67254,0.96639,0.799366,0.169897,5.40174,20064,19968,13106,11028,7518,159,160
1789636938246829926,merge,1.6911,1.62676,0.947099,0.786499,0.245007,5.38278,19872,20064,12867,10979,7519,159,160
1789636938447398618,merge,1.72436,1.59105,0.937558,0.785659,0.18751,5.31123,19968,19968,13122,10989,7520,161,162
1789636938546760180,merge,1.71622,1.62085,0.951276,0.817193,0.049479,5.25395,19968,19968,12855,11041,7521,161,162
1789636938646616737,merge,1.69141,1.62627,0.951814,0.79774,0.07983,5.23303,19968,20064,13011,11003,7522,161,162
1789636938747349281,merge,1.7225,1.59167,0.950529,0.779947,0.050702,5.18185,20064,19968,13250,10955,7523,161,162
1789636938847353422,merge,1.70741,1.63354,0.920777,0.798482,0.050683,5.19742,19968,20064,12763,11041,7524,161,162
1789636938947455171,merge,1.72117,1.60977,0.967874,0.804951,0.051032,5.23803,20064,19968,13222,11066,7525,161,162
1789636939047449511,merge,1.69459,1.59871,0.950278,0.792288,0.049703,5.17206,19968,19968,13079,10997,7526,161,162
1789636939147355532,merge,1.75407,1.64309,0.930842,0.788545,0.050086,5.26081,20064,20064,12879,10922,7527,161,162
1789636939247478941,merge,1.72543,1.64976,0.95032,0.796054,0.050313,5.26556,19968,19968,13013,11020,7528,161,162
1789636939347375652,merge,1.74182,1.66235,0.960174,0.822508,0.071131,5.34788,19968,20064,13174,11086,7529,161,162
1789636939447508715,merge,1.69323,1.64786,0.934524,0.787832,0.179752,5.32722,19968,19968,12626,10939,7530,161,162
1789636939547370595,merge,1.72017,1.60307,0.964594,0.801155,0.054711,5.22604,20064,19968,13279,11018,7531,161,162
1789636939647419885,merge,1.69021,1.61673,0.955379,0.804607,0.08372,5.23332,19968,20064,12949,11047,7532,161,162
1789636939747446054,merge,1.69179,1.64187,0.935196,0.793075,0.170813,5.31967,19968,19968,12769,10894,7533,161,162
1789636939847405143,merge,2.52196,2.35512,1.33756,0.888852,0.061059,7.31786,20064,19968,13057,10894,7534,161,162
1789636939947398542,merge,1.71401,1.60464,0.958532,0.791301,0.087274,5.24316,19968,20064,13144,10993,7535,161,162
1789636940047489626,merge,1.68631,1.65318,0.924042,0.787924,0.175229,5.31565,19968,19968,12617,10970,7536,161,162
1789636940147357942,merge,1.71245,1.57983,0.963525,0.794307,0.057916,5.19228,20064,19968,13190,10865,7537,161,162
1789636940246632697,merge,1.7507,1.58946,0.935745,0.794251,0.049717,5.21975,20064,19968,13071,10840,7538,161,162
1789636940347310973,merge,1.70303,1.59871,0.921406,0.778748,0.050862,5.14013,19968,19968,12810,10965,7539,161,162
1789636940446623487,merge,1.71005,1.60931,0.977937,0.829357,0.09746,5.30717,19968,20064,13195,11072,7540,161,162
1789636940547410923,merge,1.70873,1.64308,0.961799,0.778433,0.175444,5.35033,19968,19968,13106,10823,7541,161,162
1789636940646604716,merge,1.7089,1.59142,0.943438,0.789269,0.049318,5.16344,20064,19968,12938,10931,7542,161,162
1789636940746646207,merge,1.70057,1.60777,0.950894,0.874681,0.085389,5.30382,19968,20064,13106,10985,7543,161,162
1789636940846732562,merge,1.71201,1.57359,0.953177,0.792286,0.207152,5.32594,20064,19872,13140,10787,7544,161,162
1789636940946697734,merge,1.69328,1.58678,0.934693,0.778785,0.096044,5.17907,19968,20064,12819,10971,7545,161,162
1789636941047363428,merge,1.71919,1.60565,0.976609,0.791055,0.051701,5.23255,20064,19968,13297,10977,7546,161,162
1789636941147455134,merge,1.69457,1.59943,0.955218,0.786753,0.050138,5.1706,19968,20064,12857,10944,7547,161,162
1789636941247412811,merge,1.70005,1.58427,0.944356,0.789921,0.048464,5.15216,19968,19968,12955,10851,7548,161,162
1789636941347361379,merge,1.71502,1.59368,0.982306,0.811855,0.049007,5.24054,20064,19968,13141,10974,7549,161,162
1789636941447391880,merge,1.70601,1.60169,0.936068,0.797694,0.049775,5.17464,19968,19968,12962,10991,7550,161,162
1789636941546702699,merge,1.69237,1.58239,0.942503,0.783787,0.049668,5.13801,19968,20064,12810,10811,7551,161,162
1789636941647462010,merge,1.75094,1.58778,0.964636,0.789263,0.050509,5.2322,20064,19968,13283,10826,7552,161,162
1789636941747343197,merge,1.68304,1.59953,0.936239,0.791444,0.049565,5.14079,19968,19968,12745,10882,7553,161,162
1789636941846607597,merge,1.72058,1.59351,0.954998,0.793349,0.050444,5.19532,20064,20064,13066,10915,7554,161,162
1789636941947828881,merge,1.72057,1.57887,0.957103,0.783381,0.054786,5.17933,19968,19968,13223,10860,7555,161,162
1789636942047355338,merge,1.68384,1.58965,0.943724,0.791891,0.049597,5.1429,20064,19968,12746,10935,7556,161,162
1789636942147798380,merge,1.72803,1.61429,0.966899,0.792784,0.060165,5.25413,19968,20064,13183,10972,7557,161,162
1789636942247375301,merge,1.72967,1.57357,0.960866,0.770894,0.050147,5.169,19968,19968,13213,10812,7558,161,162
1789636942347295964,merge,1.72484,1.62334,0.941113,0.770895,0.050762,5.2043,20064,19968,12949,10923,7559,161,162
1789636942447770197,merge,1.76594,1.6507,0.976814,0.802061,0.051836,5.33621,19872,20064,13368,10968,7560,161,162
1789636942547368898,merge,1.73493,1.62378,0.962575,0.768973,0.051124,5.2373,20064,19968,12972,10751,7561,161,162
1789636942647328455,merge,1.77329,1.63217,0.970485,0.791035,0.05119,5.31431,19968,20064,13296,10861,7562,161,162
1789636942747389512,merge,1.73523,1.63606,0.94106,0.788339,0.050958,5.24172,20064,19968,13065,10938,7563,161,162
1789636942847335581,merge,1.75847,1.63786,0.98249,0.786182,0.050696,5.30788,19872,19968,13318,10916,7564,161,162
1789636942947347023,merge,1.70834,1.60208,0.927917,0.776116,0.05244,5.15644,20160,20064,12832,10889,7565,161,162
1789636943047762985,merge,1.74768,1.62447,0.958138,0.780533,0.050257,5.24873,19872,19968,13123,10962,7566,161,162
1789636943147347331,merge,1.76042,1.63872,0.9602,0.782228,0.052223,5.28456,19968,19968,13099,10970,7567,161,162
1789636943247863640,merge,1.72288,1.61622,0.947091,0.782706,0.05194,5.21151,19968,20064,13047,10899,7568,161,162
1789636943347412402,merge,1.71259,1.61223,0.91968,0.761449,0.049763,5.14564,20064,19968,12851,10783,7569,161,162
1789636943447813683,merge,1.70339,1.60008,0.966616,0.78932,0.050138,5.19574,19872,19968,13109,10885,7570,161,162
1789636943547278951,merge,1.68572,1.60661,0.941363,0.800036,0.050011,5.17139,19968,20064,12907,10846,7571,161,162
1789636943647403504,merge,1.72142,1.57288,0.93809,0.774807,0.052726,5.14619,20064,19968,12958,10837,7572,161,162
1789636943747281360,merge,1.71094,1.58621,1.15015,0.7882,0.052692,5.38035,19968,19968,12976,10942,7573,161,162
1789636943847734343,merge,1.70965,1.59672,0.960191,0.799545,0.050999,5.20508,19968,20064,13090,11003,7574,161,162
1789636943947357988,merge,1.68917,1.57162,0.921553,0.78315,0.049412,5.10002,19968,19968,12675,10834,7575,161,162
1789636944047235332,merge,1.73902,1.63973,0.963856,0.78431,0.052361,5.27724,19968,20064,13170,10980,7576,161,162
1789636944147379175,merge,1.7357,1.64677,0.971405,0.777626,0.051027,5.28303,20064,19968,13167,10894,7577,161,162
1789636944247295877,merge,1.73685,1.63317,0.927433,0.773085,0.051708,5.2288,19968,19968,12734,10738,7578,161,162
1789636944347216628,merge,1.73591,1.63159,0.952926,0.778372,0.051141,5.2391,19968,20064,13160,10823,7579,161,162
1789636944447359918,merge,1.73944,1.62647,0.953987,0.78463,0.051699,5.24568,19968,19968,13108,10984,7580,161,162
1789636944547347244,merge,1.74261,1.62342,0.934159,0.798133,0.053813,5.24009,20160,19968,13003,11015,7581,161,162
1789636944647787839,merge,1.70911,1.60696,0.932784,0.777807,0.052327,5.16776,19872,20064,13013,10884,7582,161,162
1789636944747323504,merge,1.75464,1.62172,0.95982,0.781756,0.053309,5.25933,20064,19968,13242,10871,7583,161,162
1789636944847262105,merge,1.73183,1.63519,0.905961,0.805518,0.057782,5.22959,19968,19968,12650,10959,7584,161,162
1789636944947223126,merge,1.71024,1.59145,0.991815,0.803326,0.051005,5.23991,19968,20064,13167,10924,7585,161,162
1789636945047228458,merge,1.71813,1.57559,0.949044,0.774107,0.05156,5.16031,20064,19968,13107,10763,7586,161,162
1789636945147269549,merge,1.72568,1.59288,0.946122,0.795628,0.051288,5.20166,20064,19968,12891,10894,7587,161,162
1789636945247719582,merge,1.68311,1.60544,0.941466,0.800739,0.052186,5.1704,19872,20064,12865,10917,7588,161,162
1789636945347267192,merge,1.72066,1.57453,0.957222,0.79051,0.05073,5.18534,20064,19968,13191,10872,7589,161,162
1789636945447270958,merge,1.69823,1.57672,0.922436,0.785394,0.049025,5.11688,20064,19968,12715,10873,7590,161,162
1789636945547740156,merge,1.72385,1.6068,0.968862,0.802698,0.050222,5.23965,19968,20064,13114,10987,7591,161,162
1789636945647341961,merge,1.70072,1.582,0.959167,0.791879,0.049598,5.17106,19968,19968,12943,10836,7592,161,162
1789636945747254843,merge,1.70362,1.5769,0.936117,0.776118,0.048584,5.12664,20064,19968,12906,10874,7593,161,162
1789636945847771858,merge,1.69007,1.60722,0.957851,0.806631,0.050207,5.19973,19872,20064,12972,11070,7594,161,162
1789636945947206617,merge,1.72666,1.58988,0.948077,0.782022,0.050477,5.18656,20160,19968,13099,10831,7595,161,162
1789636946047822948,merge,1.70999,1.57429,0.946637,0.780584,0.05025,5.14346,19968,19968,12965,10743,7596,161,162
1789636946147191369,merge,1.70197,1.59692,0.967744,0.787882,0.049579,5.19386,19968,20064,13109,10914,7597,161,162
1789636946247314569,merge,1.71849,1.59941,0.927973,0.780014,0.051563,5.16506,20064,19968,13020,10980,7598,161,162
1789636946347707307,merge,1.6941,1.58983,0.944051,0.793923,0.048688,5.15364,19968,20064,12928,10889,7599,161,162
1789636946447714235,merge,1.7282,1.58013,0.957353,0.774652,0.050681,5.1756,19968,19968,13185,10795,7600,161,162
1789636946546718674,merge,1.71131,1.60991,0.943228,0.801595,0.050585,5.20364,20064,19968,12899,10961,7601,161,162
1789636946647784235,merge,1.70463,1.61962,0.958085,0.803764,0.048984,5.21976,19968,20064,13056,11022,7602,161,162
1789636946747347000,merge,1.71712,1.58653,0.967037,0.797377,0.050928,5.20637,20064,19968,13106,10903,7603,161,162
1789636946847828569,merge,1.70264,1.59683,0.917195,0.786033,0.048108,5.14317,19968,19968,12876,10972,7604,161,162
1789636946947190249,merge,1.69775,1.61025,0.943403,0.778137,0.049746,5.16363,20064,20064,13023,10910,7605,161,162
1789636947047841986,merge,1.7158,1.58549,0.974986,0.78941,0.048353,5.20059,19968,19968,13143,10876,7606,161,162
1789636947147668435,merge,1.69142,1.58722,0.921288,0.778467,0.048786,5.10859,19968,19968,12580,10887,7607,161,162
1789636947247161572,merge,1.70724,1.60959,0.953362,0.804869,0.05376,5.21933,20064,20064,13215,11069,7608,161,162
1789636947347703604,merge,1.68219,1.59144,0.938019,0.791211,0.050297,5.13607,19872,20064,12861,10906,7609,161,162
1789636947447269304,merge,1.71477,1.58047,0.938566,0.776906,0.048651,5.14349,20064,19872,12830,10819,7610,161,162
1789636947547131477,merge,1.69697,1.61904,0.946284,0.788399,0.048877,5.18518,20064,20064,13140,11104,7611,161,162
1789636947647764416,merge,1.70193,1.613,0.950644,0.804763,0.049847,5.20912,19872,20064,13039,11114,7612,161,162
1789636947747313035,merge,1.71993,1.57615,0.941734,0.783385,0.050059,5.15735,20160,19872,12897,10829,7613,161,162
1789636947847800433,merge,1.71057,1.58527,0.934288,0.806685,0.056609,5.18253,19968,20064,13118,10851,7614,161,162
1789636947947683624,merge,1.70549,1.60587,0.962949,0.796925,0.048958,5.20495,19968,20064,13154,10960,7615,161,162
1789636948047268458,merge,1.71198,1.58621,0.937341,0.795543,0.049449,5.16698,20064,19968,12857,10907,7616,161,162
1789636948147742063,merge,1.70844,1.58643,0.968875,0.790441,0.051724,5.18719,19968,19968,13191,10946,7617,161,162
1789636948247223544,merge,1.69225,1.59845,0.961237,0.793664,0.04866,5.17446,19968,19968,13019,10992,7618,161,162
1789636948346728947,merge,1.71508,1.59979,0.948897,0.796733,0.049904,5.19379,20064,20064,12950,10963,7619,161,162
1789636948447726712,merge,1.69259,1.58166,0.956053,0.798538,0.050654,5.16555,19968,19968,13072,10920,7620,161,162
1789636948547639174,merge,1.71088,1.60953,0.930877,0.787721,0.047855,5.169,20064,19968,13003,10987,7621,161,162
1789636948647731803,merge,1.69401,1.62044,0.938353,0.821414,0.049447,5.20898,19968,20064,12819,11149,7622,161,162
1789636948747662599,merge,1.71477,1.59491,0.960053,0.80461,0.049194,5.20973,20064,19968,13256,10932,7623,161,162
1789636948847712322,merge,1.69709,1.59307,0.945611,0.795587,0.050929,5.1701,19968,19968,12747,10903,7624,161,162
1789636948947763902,merge,1.70452,1.61535,0.937875,0.79457,0.049444,5.18512,19968,20160,13017,11053,7625,161,162
1789636949047636609,merge,1.70036,1.60349,0.95139,0.789271,0.049858,5.17692,20064,19872,13067,11051,7626,161,162
1789636949147703436,merge,1.70127,1.60593,0.929883,0.798763,0.050121,5.17709,19968,19968,12851,11017,7627,161,162
1789636949247627441,merge,2.36885,2.40956,1.36455,1.13443,0.10573,7.5366,20064,20064,12936,11006,7628,161,162
1789636949347766103,merge,2.52509,2.39798,1.34627,1.13251,0.103921,7.65793,19968,19968,13129,11055,7629,161,162
1789636949447697083,merge,2.5022,2.39358,1.30232,1.13532,0.100061,7.58753,19968,19968,12693,11098,7630,161,162
1789636949547172222,merge,2.54348,2.23111,0.977877,0.80096,0.050607,6.74522,20064,20064,13155,11019,7631,161,162
1789636949647780838,merge,1.69347,1.59696,1.02228,0.80522,0.050297,5.24579,19968,19968,13077,11024,7632,161,162
1789636949747638174,merge,1.70125,1.60997,1.00171,0.804398,0.052356,5.25457,20064,19968,12815,11004,7633,161,162
1789636949847786002,merge,1.70588,1.59653,0.954672,0.78742,0.052466,5.1788,19968,19968,13169,10929,7634,161,162
1789636949947685545,merge,1.70558,1.58488,0.954147,0.791638,0.050699,5.17024,19968,20064,13095,10884,7635,161,162
1789636950047625705,merge,1.72165,1.58772,0.953035,0.781576,0.050193,5.17516,20064,19968,12904,10996,7636,161,162
1789636950147795094,merge,1.69488,1.61076,0.963831,0.810545,0.052642,5.21712,19968,20064,13074,11059,7637,161,162
1789636950247678409,merge,2.17619,2.35176,0.954651,0.786458,0.04656,6.4619,19968,19968,13183,10891,7638,161,162
1789636950347593582,merge,1.70779,1.59287,0.932033,0.857018,0.055806,5.2285,20064,20064,12779,10954,7639,161,162
1789636950447708106,merge,1.71981,1.60654,0.956089,0.864959,0.053989,5.28456,19968,19968,13213,11055,7640,161,162
1789636950547688178,merge,1.69395,1.60285,0.957217,0.808709,0.051433,5.20166,19968,19968,13037,10935,7641,161,162
1789636950647663667,merge,1.69747,1.59186,0.923283,0.793607,0.050563,5.14005,19968,20064,12754,10833,7642,161,162
1789636950747161109,merge,1.7088,1.59013,0.923352,0.804587,0.064641,5.17683,20064,19872,13110,10909,7643,161,162
1789636950847636473,merge,1.69903,1.60248,0.966855,0.788226,0.051866,5.20872,19968,19968,13143,10946,7644,161,162
1789636950947187585,merge,1.68771,1.61643,0.907692,0.794886,0.054314,5.14708,20064,20064,12671,10872,7645,161,162
1789636951047700457,merge,1.70624,1.57968,0.968167,0.789245,0.04942,5.17506,19968,19872,13182,10839,7646,161,162
1789636951147682799,merge,1.68013,1.60634,0.962064,0.793924,0.051473,5.16132,19968,20064,12947,11051,7647,161,162
1789636951247142195,merge,1.71418,1.58679,0.930474,0.775986,0.053079,5.14367,20064,20064,12885,10874,7648,161,162
1789636951347628807,merge,1.70874,1.59371,0.972586,0.790574,0.048419,5.18531,19968,19968,13116,10890,7649,161,162
1789636951447677639,merge,1.70868,1.5952,0.947468,0.789128,0.050548,5.17092,20064,19968,13073,10986,7650,161,162
1789636951547597715,merge,1.70349,1.60209,0.919254,0.804719,0.0531,5.1629,19968,19968,12924,10981,7651,161,162
1789636951647660156,merge,1.70379,1.5889,0.954299,0.782994,0.049962,5.16226,19968,20064,13156,10853,7652,161,162
1789636951747676955,merge,1.71034,1.58645,0.959105,0.766769,0.049462,5.1563,20064,19968,13078,10867,7653,161,162
1789636951847659683,merge,1.69379,1.60524,0.931947,0.793704,0.048795,5.15941,19968,19968,12877,10931,7654,161,162
1789636951947697725,merge,1.71676,1.58811,0.952275,0.78103,0.048516,5.16993,19968,19968,13266,10861,7655,161,162
1789636952047621283,merge,1.71407,1.58544,0.965677,0.796696,0.048847,5.19076,20064,20064,13023,10966,7656,161,162
1789636952247640696,merge,1.7436,1.59105,0.990193,0.800467,0.11193,5.32436,19968,19872,13341,10844,7657,161,162
1789636952347195277,merge,1.70114,1.65674,0.930857,0.789505,0.174059,5.33317,20064,19968,12852,10840,7658,161,162
1789636952447652406,merge,1.79734,1.60417,0.965222,0.812859,0.156705,5.41806,19968,20064,13322,11092,7659,161,162
1789636952547144826,merge,1.70544,1.67479,0.952685,0.791012,0.191769,5.40076,20064,19968,12998,10909,7660,161,162
1789636952647710886,merge,1.7845,1.65184,0.949108,0.789957,0.186108,5.44526,19968,19968,13066,10726,7661,161,162
1789636952747672246,merge,1.77653,1.59472,0.93983,0.781213,0.154189,5.33089,19968,20064,13038,10881,7662,161,162
1789636952847169510,merge,1.72101,1.59095,0.953873,0.791932,0.241227,5.38218,20064,19872,13149,10890,7663,161,162
1789636952947702525,merge,1.71789,1.60066,0.965522,0.796874,0.2095,5.37388,19872,20064,13024,10946,7664,161,162
1789636953047118130,merge,1.72831,1.66477,0.952592,0.780279,0.1775,5.391,20064,20064,13090,10852,7665,161,162
1789636953147129152,merge,1.71685,1.64612,0.952387,0.811499,0.242591,5.45547,19872,19968,13001,10979,7666,161,162
1789636953247591587,merge,1.77793,1.67623,0.954593,0.798386,0.177349,5.46909,19968,19968,13084,10973,7667,161,162
1789636953347105103,merge,1.75911,1.58117,0.927052,0.786107,0.158163,5.29239,19968,20064,12822,10926,7668,161,162
1789636953447160118,merge,1.78629,1.66702,0.962713,0.781439,0.181179,5.46471,19968,19968,13189,10830,7669,161,162
1789636953547154816,merge,1.7859,1.68603,0.988144,0.808566,0.191902,5.55007,19968,19968,13132,10865,7670,161,162
1789636953647075642,merge,1.70706,1.65875,0.948619,0.779145,0.193761,5.37518,20064,19968,12859,10707,7671,161,162
1789636953746981904,merge,1.78722,1.65197,0.976164,0.789643,0.170203,5.46403,19968,19968,13196,10865,7672,161,162
1789636953847602982,merge,1.77054,1.61374,0.952997,0.80225,0.178931,5.4044,19968,20064,13102,11067,7673,161,162
1789636953947060616,merge,1.7166,1.69556,0.954158,0.809626,0.178439,5.44203,20064,20064,12896,11026,7674,161,162
1789636954047154193,merge,1.78784,1.66172,0.958231,0.786947,0.176655,5.45932,19968,19968,13074,10855,7675,161,162
1789636954147666818,merge,1.78445,1.657,0.965768,0.792765,0.175563,5.46263,19968,19968,13163,10890,7676,161,162
1789636954247529983,merge,1.74392,1.67698,0.912655,0.807219,0.173958,5.40408,19968,19968,12740,10999,7677,161,162
1789636954346973091,merge,1.71751,1.6736,0.972796,0.790395,0.177653,5.41474,20064,20064,13176,10820,7678,161,162
1789636954447649380,merge,1.8129,1.66559,0.951619,0.788593,0.205893,5.52159,19968,19968,12972,10767,7679,161,162
1789636954547635023,merge,1.71021,1.67928,0.946065,0.790834,0.178152,5.38982,20064,19968,12877,10904,7680,161,162
1789636954646935500,merge,1.68431,1.60782,0.937324,0.808156,0.206724,5.32951,19872,20160,12858,11105,7681,161,162
1789636954747577793,merge,1.72624,1.64409,0.957502,0.773628,0.175473,5.36063,20064,19968,13283,10793,7682,161,162
1789636954847571927,merge,1.69429,1.66234,0.93892,0.790227,0.173658,5.34508,20064,19968,12676,10940,7683,161,162
1789636954947600176,merge,1.68991,1.61497,0.958582,0.804085,0.220967,5.37806,19872,20064,13023,11041,7684,161,162
1789636955047527636,merge,1.71239,1.65247,0.953098,0.780327,0.17642,5.35648,20064,19968,13189,10833,7685,161,162
1789636955147567165,merge,1.75466,1.59638,0.946296,0.779369,0.152721,5.31645,19968,20064,12796,10830,7686,161,162
1789636955247477737,merge,1.76736,1.6787,0.959907,0.783496,0.178184,5.45236,19968,19968,13065,10908,7687,161,162
1789636955347481841,merge,1.71888,1.66791,0.954199,0.780178,0.172801,5.3785,20064,19968,13205,10816,7688,161,162
1789636955447638207,merge,1.77379,1.58811,0.94117,0.795836,0.175611,5.35792,19968,20064,12837,10968,7689,161,162
1789636955547473056,merge,1.71373,1.57689,0.969891,0.785309,0.252451,5.38533,20064,19872,13160,10886,7690,161,162
1789636955647649380,merge,1.72048,1.68512,0.965779,0.799218,0.180843,5.44201,20064,20064,13245,11006,7691,161,162
1789636955747609922,merge,1.79533,1.65743,0.922097,0.787639,0.169061,5.41656,19968,19968,12688,10832,7692,161,162
1789636955847606342,merge,1.75528,1.59051,0.948423,0.791333,0.159194,5.32745,19968,20064,13146,10999,7693,161,162
1789636955947605928,merge,1.70605,1.68292,0.956751,0.803704,0.173488,5.40799,20064,19968,13106,10987,7694,161,162
1789636956047620174,merge,1.76982,1.6578,0.923594,0.783395,0.172222,5.38775,19968,19968,12830,10791,7695,161,162
1789636956147547153,merge,1.75402,1.59351,0.945772,0.774012,0.156946,5.30903,19968,20064,12989,10790,7696,161,162
1789636956247541560,merge,1.71972,1.58539,0.977314,0.783454,0.24251,5.39329,20064,19872,13186,10897,7697,161,162
1789636956347592066,merge,1.7659,1.60839,0.922873,0.805031,0.174604,5.37005,19968,20064,12660,11044,7698,161,162
1789636956447610418,merge,1.72251,1.67162,0.983551,0.797227,0.182346,5.45076,20064,19968,13271,10883,7699,161,162
1789636956647439639,merge,1.72034,1.67928,0.934847,0.795914,0.236272,5.45495,20064,19968,12855,10979,7700,161,162
1789636956747459814,merge,1.7001,1.59698,0.945848,0.778867,0.250293,5.35949,19968,19968,13016,10878,7701,161,162
1789636956847468656,merge,1.71805,1.6523,0.952711,0.788991,0.252248,5.44761,20064,19968,13125,10838,7702,161,162
1789636956947538634,merge,1.70337,1.60636,0.92455,0.78994,0.206851,5.31741,19968,20064,12812,11010,7703,161,162
1789636957047498484,merge,1.71514,1.65656,0.977977,0.791025,0.240945,5.46611,20064,19872,13210,10851,7704,161,162
1789636957147533871,merge,1.70033,1.59223,0.943186,0.777572,0.206802,5.30259,19968,20064,12956,10864,7705,161,162
1789636957247523195,merge,1.70514,1.66423,0.950374,0.799161,0.240932,5.44347,20064,19968,12970,10924,7706,161,162
1789636957347583843,merge,1.70903,1.6001,1.04563,0.799213,0.22423,5.46556,19968,20064,13170,11040,7707,161,162
1789636957447521230,merge,1.76064,1.58249,0.925446,0.797647,0.214388,5.36241,19968,20064,12827,10929,7708,161,162
1789636957547499596,merge,1.72263,1.65822,0.947093,0.779952,0.238337,5.43417,20064,19872,13141,10873,7709,161,162
1789636957647584041,merge,1.69892,1.61003,0.964426,0.85057,0.245604,5.4506,19968,20064,13082,11109,7710,161,162
1789636957747528680,merge,1.7753,1.60084,0.942243,0.813326,0.237304,5.45255,19968,20064,12855,11025,7711,161,162
1789636957847426491,merge,1.71551,1.65485,0.9559,0.793059,0.237495,5.45088,20064,19968,13033,10856,7712,161,162
1789636957947553107,merge,1.70539,1.60963,0.968145,0.784686,0.242462,5.39786,19968,19968,13150,10896,7713,161,162
1789636958047530937,merge,2.08875,1.60368,0.929857,0.784145,0.240822,5.75113,19968,20064,12708,10957,7714,161,162
1789636958147427383,merge,1.7512,1.70957,0.94497,0.789254,0.264382,5.551,20064,19968,13176,10913,7715,161,162
1789636958247546660,merge,1.70938,1.63528,0.938252,0.782192,0.247348,5.40678,19968,19968,12972,10916,7716,161,162
1789636958347433851,merge,1.79765,1.63614,0.919928,0.786601,0.2484,5.48506,19968,20064,12779,11082,7717,161,162
1789636958447431057,merge,1.7206,1.71583,0.924961,0.796075,0.244378,5.49132,20064,20064,13011,10928,7718,161,162
1789636958547535343,merge,1.73244,1.63054,0.949766,0.789761,0.250998,5.44422,19968,19968,13158,10948,7719,161,162
1789636958647388048,merge,1.75182,1.68044,0.908411,0.789372,0.235816,5.46514,20064,19872,12673,11012,7720,161,162
1789636958747489237,merge,1.70266,1.62422,0.959516,0.849224,0.254014,5.48111,19968,20064,13144,11199,7721,161,162
1789636958847507699,merge,1.76233,1.60524,0.959911,0.824556,0.260446,5.50103,19968,20064,13092,11007,7722,161,162
1789636958947412735,merge,2.07602,2.27952,1.37182,1.11864,0.303786,7.27833,20064,19968,12830,10948,7723,161,162
1789636959047520857,merge,2.55376,2.47424,1.36554,1.13624,0.401642,8.094,20064,19872,13235,11079,7724,161,162
1789636959147522211,merge,2.5381,2.42493,1.34736,1.13886,0.408496,8.01783,19968,19968,13011,11062,7725,161,162
1789636959247563546,merge,2.53123,1.59967,0.936479,0.791547,0.249573,6.2157,19968,20160,12872,10940,7726,161,162
1789636959347410124,merge,1.76408,1.69463,0.953643,0.805344,0.243117,5.54837,19968,19968,13085,11061,7727,161,162
1789636959447449560,merge,1.71279,1.68689,0.959299,0.796899,0.243449,5.48405,20064,19872,13149,11082,7728,161,162
1789636959547424859,merge,1.69497,1.61945,0.928942,0.804213,0.245956,5.38221,19968,20160,12841,11109,7729,161,162
1789636959647481008,merge,1.76135,1.67072,0.953799,0.811822,0.227073,5.50995,19968,19968,13120,10984,7730,161,162
1789636959747393419,merge,1.69625,1.68509,0.940163,0.788967,0.238661,5.43418,20064,20064,12971,11014,7731,161,162
1789636959847418114,merge,1.70196,1.62433,0.929595,0.789314,0.240199,5.3691,19968,19968,12983,11052,7732,161,162
1789636959947388059,merge,1.70359,1.67098,0.951077,0.771944,0.238609,5.42262,20064,19968,13095,10920,7733,161,162
1789636960047554890,merge,1.70246,1.60494,0.929716,0.785213,0.236502,5.34557,19968,19968,12969,10876,7734,161,162
1789636960147361960,merge,1.69616,1.67596,0.958788,0.792546,0.240374,5.44861,20064,19968,12868,10975,7735,161,162
1789636960247523566,merge,1.70517,1.62824,0.965393,0.810413,0.242265,5.43862,19968,19968,13133,11015,7736,161,162
1789636960347463646,merge,1.70392,1.65962,0.93691,0.786881,0.237306,5.41245,20064,20064,12760,10892,7737,161,162
1789636960547775963,merge,1.70258,1.68511,0.977124,0.876419,0.239919,5.57588,20064,19872,13098,10894,7738,161,162
1789636960647516087,merge,1.70333,1.62661,0.953261,0.781128,0.236708,5.39013,20064,19872,12858,10817,7739,161,162
1789636960747464006,merge,1.69661,1.60833,0.962425,0.799514,0.24197,5.39381,19872,20256,12960,10976,7740,161,162
1789636960847336906,merge,1.71334,1.66718,0.930902,0.768402,0.243059,5.40955,20064,19776,13236,10967,7741,161,162
1789636960947416917,merge,1.72629,1.65682,0.954396,0.785161,0.241433,5.45613,20064,19872,12926,10876,7742,161,162
1789636961047448047,merge,1.70471,1.5825,0.96094,0.781668,0.242823,5.35641,19968,20064,13104,10807,7743,161,162
1789636961147437756,merge,1.79655,1.60063,0.956111,0.789407,0.240935,5.47438,19968,20064,13168,10995,7744,161,162
1789636961247362375,merge,1.69501,1.66907,0.956497,0.785814,0.236643,5.4274,20064,19872,12821,10943,7745,161,162
1789636961347418578,merge,1.72548,1.59023,0.957338,0.795683,0.249708,5.40716,19968,20064,13194,10918,7746,161,162
1789636961447506475,merge,1.77266,1.65707,0.967841,0.799638,0.253586,5.53362,19968,19968,13080,10876,7747,161,162
1789636961546801527,merge,1.71766,1.69153,0.940638,0.80379,0.2593,5.50038,20064,20064,12903,11063,7748,161,162
1789636961647424073,merge,1.7168,1.61747,0.972052,0.799388,0.242663,5.43815,19968,19968,13061,10900,7749,161,162
1789636961747446301,merge,1.72565,1.65231,0.953979,0.798701,0.239707,5.45773,20064,19968,13216,10875,7750,161,162
1789636961847451995,merge,1.67567,1.62115,0.928791,0.800274,0.21897,5.33428,19872,20160,12685,10939,7751,161,162
1789636961947328235,merge,1.7303,1.6783,0.976072,0.797797,0.242017,5.51138,20064,19968,13204,10954,7752,161,162
1789636962047483484,merge,1.71071,1.61747,0.915985,0.797192,0.233117,5.36021,20064,19968,13033,10824,7753,161,162
1789636962147448552,merge,1.69853,1.60449,0.913383,0.775611,0.246809,5.32838,19968,19968,12826,10908,7754,161,162
1789636962247481466,merge,1.76968,1.62143,0.977646,0.805588,0.220162,5.47904,19968,20160,13243,11086,7755,161,162
1789636962347408884,merge,2.5374,2.38981,0.949782,0.777917,0.249474,7.04955,20064,19872,13011,10761,7756,161,162
1789636962447474050,merge,1.71209,1.60149,0.92398,0.780017,0.24489,5.35515,19968,19968,12970,10895,7757,161,162
1789636962547500758,merge,1.81105,1.61752,1.00107,0.831543,0.255171,5.6087,19968,20064,13336,11078,7758,161,162
1789636962647426360,merge,1.71459,1.66747,0.944811,0.789882,0.238101,5.44217,20064,19872,13004,10834,7759,161,162
1789636962747500399,merge,1.71597,1.59614,0.96445,0.771146,0.246174,5.38211,19968,20160,13061,10781,7760,161,162
1789636962847478380,merge,1.77553,1.66248,0.949413,0.786348,0.239105,5.50156,19968,19968,13188,10893,7761,161,162
1789636962947360775,merge,1.79024,1.66839,0.968768,0.785813,0.243735,5.5449,19872,19872,13220,10861,7762,161,162
1789636963046802929,merge,1.71019,1.66494,0.953698,0.799847,0.247977,5.46335,20160,20064,12930,10930,7763,161,162
1789636963146888996,merge,1.72849,1.60356,0.93287,0.779123,0.248477,5.38364,19872,20064,13151,10938,7764,161,162
1789636963247354616,merge,1.7765,1.68471,0.944239,0.784076,0.246517,5.51799,19872,19968,13115,10996,7765,161,162
1789636963447274951,merge,1.71483,1.57748,0.968513,0.77396,0.132938,5.25191,19968,19968,13085,10882,7766,165,166
1789636963547475846,merge,1.70361,1.59857,0.959191,0.797168,0.052603,5.19572,19872,20064,13107,10981,7767,165,166
1789636963647464374,merge,1.69283,1.60882,0.940868,0.789254,0.051091,5.16815,19968,19968,12915,10880,7768,165,166
1789636963746872761,merge,1.73481,1.57465,0.946233,0.778521,0.05031,5.17397,20064,19968,13044,10723,7769,165,166
1789636963847327849,merge,1.70427,1.59408,0.955372,0.787721,0.048578,5.18038,19872,20064,12959,10977,7770,165,166
1789636963947372384,merge,1.71944,1.59476,0.983596,0.794666,0.057393,5.23886,20064,19968,13138,10977,7771,165,166
1789636964046827277,merge,1.70845,1.60811,0.937456,0.78507,0.047803,5.17508,20064,19968,12857,10796,7772,165,166
1789636964147474428,merge,1.6975,1.60799,0.961834,0.808604,0.049809,5.20939,19872,20064,13122,10973,7773,165,166
1789636964247370668,merge,1.70494,1.58875,0.934007,0.797136,0.050363,5.16123,20064,19968,12990,10989,7774,165,166
1789636964347304033,merge,1.70868,1.60863,0.947446,0.802654,0.049853,5.21553,20064,19968,13018,10982,7775,165,166
1789636964447418847,merge,1.68166,1.5938,0.934686,0.778991,0.04935,5.12133,19872,20160,12837,10832,7776,165,166
1789636964647428744,merge,1.69992,1.60347,0.933187,0.796893,0.054613,5.17651,19968,19968,12776,10882,7777,166,167
1789636964747447941,merge,1.71405,1.59527,0.966586,0.801456,0.092829,5.25446,19968,20064,13133,10996,7778,166,167
1789636964847462611,merge,1.68765,1.58546,0.951464,0.79864,0.180558,5.28944,19968,20064,12912,10921,7779,166,167
1789636964947269239,merge,1.71783,1.59252,0.93162,0.799525,0.049681,5.17634,20064,19968,12969,10970,7780,166,167
1789636965047430554,merge,1.69759,1.59259,0.935616,0.787163,0.048973,5.14231,19872,19968,13020,10933,7781,166,167
1789636965147278911,merge,1.71352,1.58766,0.936004,0.809018,0.057689,5.19439,20064,20160,13039,10984,7782,166,167
1789636965247270413,merge,1.7278,1.57117,0.959295,0.781258,0.049592,5.17351,20064,19872,13045,10819,7783,166,167
1789636965347410508,merge,1.69937,1.60374,0.968255,0.787494,0.050183,5.19356,19872,20064,13027,10862,7784,166,167
1789636965547484977,merge,1.68849,1.59716,0.94689,0.793441,0.0483,5.15613,19872,20160,12911,11027,7785,167,168
1789636965647380339,merge,1.70905,1.60223,0.973179,0.807454,0.051101,5.22891,20064,19968,13253,11013,7786,167,168
1789636965747317241,merge,1.69773,1.58914,0.92772,0.78624,0.048048,5.13541,19968,19968,12812,10815,7787,167,168
1789636965847348722,merge,1.71503,1.58683,0.954286,0.783851,0.04914,5.17616,20064,20064,13098,10941,7788,167,168
1789636965947346747,merge,1.69002,1.6014,0.967829,0.810641,0.050008,5.2122,19968,19968,13004,10977,7789,167,168
1789636966047316026,merge,1.72146,1.60014,0.946271,0.809442,0.052334,5.21625,19968,19968,12912,10975,7790,167,168
1789636966147312354,merge,1.70908,1.58445,0.951865,0.792202,0.050562,5.1734,20064,20064,12932,10823,7791,167,168
1789636966247433193,merge,1.71968,1.61502,0.952438,0.801721,0.0504,5.22386,19968,19968,13160,10811,7792,167,168
1789636966347258541,merge,1.70804,1.60083,0.937884,0.785525,0.049511,5.17886,19968,19968,12713,10940,7793,167,168
1789636966447232929,merge,1.72735,1.59253,0.957512,0.78158,0.051397,5.20111,20064,20064,13146,10914,7794,167,168
1789636966547345734,merge,1.68264,1.57861,0.956739,0.802217,0.049898,5.15796,19968,19968,12971,10880,7795,167,168
1789636966647224553,merge,1.75115,1.59892,0.934396,0.789086,0.050076,5.21778,20064,19968,12853,10975,7796,167,168
1789636966747395809,merge,1.70346,1.60547,0.964532,0.790039,0.049534,5.20427,19968,20064,13046,11033,7797,167,168
1789636966847387455,merge,1.70577,1.58366,0.942733,0.782185,0.05034,5.15815,19968,19968,13148,10892,7798,167,168
1789636966947237132,merge,1.70963,1.58026,0.926453,0.779082,0.048068,5.12937,20064,19968,12844,10902,7799,167,168
1789636967047306192,merge,1.70593,1.61145,0.960224,0.789949,0.055713,5.20851,19968,20064,13122,11016,7800,167,168
1789636967147288149,merge,1.70827,2.18479,1.03692,0.808192,0.049496,5.91683,20064,19968,13272,10886,7801,167,168
1789636967247386591,merge,1.70085,1.5785,0.923924,0.789436,0.04946,5.12414,19968,19968,12725,10800,7802,167,168
1789636967347307121,merge,1.70657,1.61101,0.967059,0.801998,0.055587,5.22949,19968,20160,13197,11124,7803,167,168
1789636967447244465,merge,1.7033,1.58085,0.944511,0.795725,0.050048,5.16044,20064,19776,13092,10825,7804,167,168
1789636967547378511,merge,1.71198,1.58961,0.931894,0.817252,0.050104,5.19232,19968,20160,12836,10992,7805,167,168
1789636967647290889,merge,1.69886,1.59178,0.940836,0.79291,0.050273,5.1664,19968,19968,13075,10917,7806,167,168
1789636967747206810,merge,1.72005,1.60091,0.945892,0.796343,0.049858,5.19599,20064,19968,13155,11001,7807,167,168
1789636967847319355,merge,1.69913,1.60281,0.920585,0.796691,0.049537,5.15509,19968,20064,12741,11036,7808,167,168
1789636967947206044,merge,1.71223,1.58461,0.955635,0.780762,0.049766,5.16643,20064,19968,13240,10903,7809,167,168
1789636968047325720,merge,1.68823,1.60776,0.944538,0.80468,0.049712,5.18897,19968,19968,12820,10966,7810,167,168
1789636968147368221,merge,1.7086,1.5993,0.934311,0.776209,0.049172,5.16072,19968,20064,12961,10883,7811,167,168
1789636968247289019,merge,1.71016,1.59734,0.940172,0.786702,0.050137,5.17478,20064,19968,13048,10899,7812,167,168
1789636968347331897,merge,1.72204,1.59518,0.959299,0.78655,0.04974,5.20002,19968,19968,12962,10997,7813,167,168
1789636968447293885,merge,1.71183,1.61042,0.938671,0.793948,0.049463,5.18657,20064,20064,12921,11005,7814,167,168
1789636968547395089,merge,1.70271,1.58552,0.963344,0.792423,0.050486,5.18061,19968,19968,13157,10938,7815,167,168
1789636968647280226,merge,1.70491,1.59865,0.938773,0.797453,0.049064,5.17727,20064,20064,12744,10963,7816,167,168
1789636968747418725,merge,1.70236,1.61827,0.95214,0.808155,0.052144,5.21939,19872,19968,12998,11101,7817,167,168
1789636968847174532,merge,1.72541,1.6068,0.957389,0.777617,0.051599,5.20757,20064,19968,13230,11083,7818,167,168
1789636968947163727,merge,1.70631,1.59693,0.931475,0.779244,0.0494,5.14733,19968,19968,12840,10972,7819,167,168
1789636969047266102,merge,1.72165,1.63467,0.960911,0.793905,0.048922,5.2485,20064,19968,13177,10991,7820,167,168
1789636969147257286,merge,1.71251,1.6159,0.945766,0.804379,0.050979,5.21726,19968,20064,13109,11074,7821,167,168
1789636969247258147,merge,1.72653,1.61888,0.938894,0.799382,0.049615,5.2186,20064,19968,12919,11051,7822,167,168
1789636969347305950,merge,1.70809,1.59306,0.940038,0.789604,0.049761,5.1635,19968,20064,13098,10953,7823,167,168
1789636969447325604,merge,1.72114,1.60784,0.973657,0.779196,0.051039,5.21707,19968,19968,13187,11079,7824,167,168
1789636969547180435,merge,1.71084,1.61049,0.938187,0.803737,0.04977,5.20384,20064,19968,12743,11058,7825,167,168
1789636969647386868,merge,1.71881,1.59848,0.940367,0.782481,0.049053,5.16949,19968,20064,13194,10948,7826,167,168
1789636969747287129,merge,1.71061,1.59223,0.96206,0.813544,0.049155,5.2123,20064,19968,13094,11000,7827,167,168
1789636969847321531,merge,1.71596,1.62151,0.935414,0.806224,0.050059,5.2135,19968,19968,12768,11137,7828,167,168
1789636969947276720,merge,1.70312,1.61752,0.950128,0.81636,0.050794,5.22389,19968,20064,12937,11088,7829,167,168
1789636970047220066,merge,1.71715,1.5793,0.954006,0.779424,0.051231,5.16939,19968,19968,13140,10811,7830,167,168
1789636970147199126,merge,1.68853,1.59478,0.925528,0.778359,0.049696,5.12244,20064,20064,12657,11031,7831,167,168
1789636970247198449,merge,1.72497,1.59312,0.956248,0.796786,0.049205,5.20568,19968,19872,13123,10969,7832,167,168
1789636970347152550,merge,1.71346,1.58845,0.954292,0.77307,0.049916,5.16882,20064,20064,13122,10973,7833,167,168
1789636970447179823,merge,1.70915,1.57644,0.94217,0.786985,0.051203,5.14519,20064,19872,12847,10834,7834,167,168
1789636970547377407,merge,1.69848,1.60937,0.946078,0.801053,0.050389,5.19511,19872,20160,13034,11084,7835,167,168
1789636970647139489,merge,1.70754,1.60311,0.961076,0.78605,0.05067,5.19557,20064,19968,13124,10976,7836,167,168
1789636970747130488,merge,1.70968,1.57441,0.943229,0.787602,0.04911,5.14806,19968,19968,12851,10869,7837,167,168
1789636970847117844,merge,1.72114,1.59236,0.958681,0.774045,0.055512,5.18799,20064,20064,13217,10977,7838,167,168
1789636970947307200,merge,1.71839,1.58822,0.958625,0.802059,0.056124,5.21051,20064,19776,13077,10925,7839,167,168
1789636971047281493,merge,1.69924,1.59157,0.930632,0.842242,0.05021,5.20009,19872,20064,12825,10848,7840,167,168
1789636971147165607,merge,1.72911,1.59222,0.954124,0.799937,0.051053,5.21658,20064,20064,13265,10861,7841,167,168
1789636971247286561,merge,1.7058,1.60105,0.944538,0.785792,0.051655,5.176,20064,19968,12923,10976,7842,167,168
1789636971347258482,merge,1.70157,1.59263,0.944752,0.801569,0.051972,5.17907,19872,19968,12925,10927,7843,167,168
1789636971447145167,merge,1.70577,1.58224,0.969806,0.766721,0.050526,5.16332,19968,20064,13092,10849,7844,167,168
1789636971547108575,merge,1.70863,1.61115,0.955701,0.806402,0.050183,5.21704,20064,20064,13094,11080,7845,167,168
1789636971647149778,merge,1.71128,1.59428,0.922135,0.794397,0.048872,5.1675,19968,19872,12770,10890,7846,167,168
1789636971747100566,merge,1.73131,1.58355,0.965573,0.78116,0.051225,5.19694,19968,20064,13227,10919,7847,167,168
1789636971847133619,merge,1.7023,1.58522,0.934132,0.783624,0.052344,5.14557,20064,19968,12838,10865,7848,167,168
1789636971947100067,merge,1.71591,1.60004,0.970921,0.798493,0.051039,5.2235,19968,19968,12947,10933,7849,167,168
1789636972047086936,merge,1.73263,1.5805,0.967209,0.780651,0.050633,5.19401,20064,19968,13296,10743,7850,167,168
1789636972147281852,merge,1.69606,1.60024,0.939414,0.801764,0.050628,5.17584,19968,20064,12778,10971,7851,167,168
1789636972247204028,merge,1.70935,1.58903,0.959914,0.801023,0.051017,5.19419,19968,19968,13104,10967,7852,167,168
1789636972347102307,merge,1.7366,1.59431,0.979508,0.79705,0.053553,5.2459,20064,19968,13234,10994,7853,167,168
1789636972447246208,merge,1.70133,1.58609,0.950003,0.787793,0.053753,5.16458,19968,20160,12948,10926,7854,167,168
1789636972547096819,merge,1.75976,1.58892,0.986988,0.780952,0.056864,5.26074,20064,19968,13409,10934,7855,167,168
1789636972647173054,merge,1.70001,1.59499,0.930359,0.791257,0.049576,5.14823,19968,19968,12898,11001,7856,167,168
1789636972747195557,merge,1.72841,1.58145,0.961163,0.772716,0.051298,5.17437,19968,19968,13332,10820,7857,167,168
1789636972847074209,merge,1.71477,1.63091,1.1921,0.798237,0.055239,5.48865,20064,19968,13055,10775,7858,167,168
1789636972947177466,merge,1.7432,1.6103,0.973153,0.780988,0.052476,5.24465,19872,20064,13317,10924,7859,167,168
1789636973047198353,merge,1.93286,1.58876,0.897963,0.760235,0.054634,5.33644,19968,19872,12876,10839,7860,167,168
1789636973146635446,merge,1.94776,1.73813,1.29569,0.926433,0.060196,6.08363,20064,20064,13104,10923,7861,167,168
1789636973247079750,merge,1.70474,1.60503,0.969075,0.802553,0.05355,5.23872,19872,20064,13032,10996,7862,167,168
1789636973347117511,merge,1.72033,1.58719,0.935514,0.764132,0.053233,5.14746,20064,19872,13129,10867,7863,167,168
1789636973446629780,merge,1.69579,1.5845,0.93855,0.794202,0.05045,5.1471,20064,20064,12822,10917,7864,167,168
1789636973547175743,merge,1.70383,1.58835,0.924933,0.782862,0.052521,5.14119,19776,20064,13075,10977,7865,167,168
1789636973647137104,merge,1.7066,1.58924,0.945597,0.772629,0.052611,5.15222,20160,19872,13041,10915,7866,167,168
1789636973747078436,merge,1.72096,1.60729,0.951596,0.974986,0.05096,5.39783,19968,20160,12900,10811,7867,167,168
1789636973847149960,merge,1.67488,1.591,0.917169,0.780044,0.052248,5.09917,19776,19968,12811,10796,7868,167,168
1789636973947061587,merge,1.71391,1.58616,0.98431,0.796176,0.062376,5.23189,20160,19968,13282,10951,7869,167,168
1789636974047138029,merge,1.68257,1.59569,0.936309,0.792175,0.049679,5.1439,19968,19968,12644,10937,7870,167,168
1789636974147060108,merge,1.75751,1.58203,0.931941,0.791512,0.04985,5.19699,19968,20064,13173,10923,7871,167,168
1789636974247175023,merge,1.69998,1.57845,0.919316,0.802194,0.051164,5.13843,20064,19968,13141,10892,7872,167,168
1789636974347218365,merge,1.69866,1.6065,0.934055,0.797904,0.049352,5.17449,19968,20064,12781,11064,7873,167,168
1789636974447113646,merge,1.70033,1.58603,0.976087,0.783992,0.053066,5.18555,19968,19968,13147,10823,7874,167,168
1789636974547119398,merge,1.70839,1.57693,0.949737,0.791668,0.049953,5.15944,19968,19968,13110,10807,7875,167,168
1789636974647215154,merge,1.70412,1.60444,0.936432,0.794128,0.050363,5.17648,20064,20064,12885,10878,7876,167,168
1789636974747061614,merge,1.70849,1.59725,0.951137,0.805666,0.050124,5.19983,19872,19968,13003,10939,7877,167,168
1789636974847081976,merge,1.76594,1.57265,0.983989,0.778396,0.051156,5.24432,20064,19968,13256,10833,7878,167,168
1789636974947064377,merge,1.69314,1.58624,0.935716,0.804561,0.051307,5.16084,19968,20064,12760,10968,7879,167,168
1789636975047059337,merge,1.71822,1.59562,0.954913,0.796126,0.050332,5.19835,20064,19968,13204,10966,7880,167,168
1789636975147095708,merge,2.2763,2.24448,1.3159,1.18834,0.069304,7.20676,19968,20064,13029,10931,7881,167,168
1789636975247129715,merge,2.28228,2.17712,1.31942,1.18727,0.067607,7.15016,20064,19968,12895,10866,7882,167,168
1789636975347214265,merge,2.1688,2.05247,1.33169,1.07676,0.129739,6.87504,19968,20064,12997,10967,7883,167,168
1789636975447147538,merge,2.21785,1.60358,0.957599,0.785436,0.05177,5.72022,20064,19872,13212,10806,7884,167,168
1789636975547026971,merge,1.70678,1.61767,0.918089,0.778286,0.048371,5.15207,19968,20064,12575,10733,7885,167,168
1789636975647194567,merge,1.72191,1.60084,0.940879,0.767771,0.05214,5.16826,19968,19968,13143,10919,7886,167,168
1789636975747045047,merge,1.72679,1.62279,0.951534,0.815236,0.049266,5.25324,20064,19968,13012,10935,7887,167,168
1789636975847116491,merge,1.70749,1.58305,0.934907,0.788492,0.050061,5.15084,19968,20064,12783,10921,7888,167,168
1789636975947051042,merge,1.69382,1.58509,0.931461,0.790437,0.05113,5.13606,19968,20064,12987,10949,7889,167,168
1789636976047071306,merge,1.70902,1.59251,0.972495,0.782261,0.05107,5.19095,20064,19872,13177,10904,7890,167,168
1789636976147177595,merge,1.72847,1.59779,0.939312,0.781718,0.050792,5.18023,19968,20064,12775,10959,7891,167,168
1789636976247083781,merge,1.70649,1.58712,0.962274,0.791956,0.050465,5.18436,19968,20064,13114,10864,7892,167,168
1789636976347039239,merge,1.71427,1.57851,0.958952,0.793088,0.052137,5.18697,20064,19872,13149,10861,7893,167,168
1789636976447090444,merge,1.69914,1.61458,0.924115,0.785891,0.050234,5.15496,19968,20064,12804,10892,7894,167,168
1789636976547019581,merge,1.71786,1.57577,0.966277,0.7842,0.049589,5.17504,20064,19968,13283,10839,7895,167,168
1789636976647178213,merge,1.69606,1.59354,0.955902,0.788946,0.049761,5.16937,19968,20064,12950,11014,7896,167,168
1789636976747077825,merge,1.72362,1.6035,0.951187,0.796345,0.049698,5.21534,20064,19968,13020,10975,7897,167,168
1789636976847093864,merge,1.69852,1.5918,0.963773,0.798147,0.050847,5.18697,19968,20064,13031,10898,7898,167,168
1789636976947079333,merge,1.71187,1.57561,0.958347,0.781082,0.050533,5.16296,19968,19968,12993,10848,7899,167,168
1789636977047080470,merge,1.70145,1.59374,0.947145,0.789583,0.049491,5.16135,20064,19968,12930,10990,7900,167,168
1789636977147137804,merge,1.71785,1.61182,0.946686,0.787279,0.05086,5.19703,19968,20064,13181,11090,7901,167,168
1789636977247119036,merge,1.70429,1.57961,0.934181,0.784044,0.049801,5.13611,19968,19968,12770,10835,7902,167,168
1789636977347034499,merge,1.70959,1.58752,0.951734,0.793372,0.050345,5.17697,20064,19968,13110,10859,7903,167,168
1789636977447141553,merge,1.68725,1.60162,1.12256,0.783339,0.050949,5.33334,19968,20064,12949,11005,7904,167,168
1789636977547022949,merge,1.71416,1.58385,0.946433,0.800902,0.049812,5.18796,19968,19968,12880,10895,7905,167,168
1789636977646998710,merge,1.69912,1.58371,0.946542,0.798174,0.04986,5.1605,20064,19968,12941,10855,7906,167,168
1789636977747049985,merge,1.71032,1.60655,0.9643,0.805237,0.050216,5.21932,19968,20064,13165,11053,7907,167,168
1789636977847035096,merge,1.70099,1.60203,0.935847,0.812682,0.049563,5.18395,20064,19968,12676,10991,7908,167,168
1789636977947057597,merge,1.70538,1.57987,0.969367,0.791476,0.051645,5.18407,19968,19968,13146,10903,7909,167,168
1789636978047071833,merge,1.68418,1.59839,0.943313,0.803549,0.049973,5.1646,19968,20064,13004,11048,7910,167,168
1789636978147005207,merge,1.71313,1.5951,0.946799,0.789543,0.050749,5.18494,20064,19968,12805,10902,7911,167,168
1789636978247075192,merge,1.70571,1.59486,0.948051,0.776504,0.050478,5.15926,19968,20064,13110,10866,7912,167,168
1789636978346958726,merge,1.70873,1.58334,0.960415,0.77919,0.048911,5.16165,19968,19968,13126,10931,7913,167,168
1789636978446991319,merge,1.71078,1.60463,0.941662,0.79724,0.050651,5.18855,20064,19968,12864,11038,7914,167,168
1789636978547001326,merge,1.70648,1.59517,0.949689,0.797682,0.050613,5.1815,19968,19968,13151,10956,7915,167,168
1789636978647053865,merge,1.71726,1.58355,0.956948,0.7905,0.052668,5.19254,20064,20064,13199,10952,7916,167,168
1789636978747141029,merge,1.68966,1.59356,0.940284,0.801999,0.050464,5.16673,19968,19968,12763,10995,7917,167,168
1789636978847111434,merge,1.71305,1.60805,0.969068,0.802496,0.051928,5.22943,20064,19968,13234,11073,7918,167,168
1789636978947069729,merge,1.69123,1.6171,0.955145,0.788837,0.050837,5.19061,19872,20064,12956,11077,7919,167,168
1789636979046943207,merge,1.71618,1.61313,0.95476,0.791408,0.049443,5.2058,20064,19968,12947,10912,7920,167,168
1789636979146940741,merge,1.70288,1.60976,0.963695,0.809526,0.050658,5.23208,20064,19968,13110,11057,7921,167,168
1789636979247101192,merge,1.69632,1.61197,0.963522,0.800184,0.048093,5.20731,19968,20064,13023,11077,7922,167,168
1789636979346956346,merge,1.71924,1.59908,0.933644,0.777482,0.047827,5.16132,20064,19968,12864,10976,7923,167,168
1789636979447077349,merge,1.74652,1.60081,0.954256,0.783437,0.051481,5.22762,19968,20064,13181,11037,7924,167,168
1789636979547099813,merge,1.69519,1.6126,0.936124,0.799065,0.049863,5.1811,19968,19968,12751,11088,7925,167,168
1789636979646929926,merge,1.72404,1.60385,0.960109,0.808798,0.050645,5.23065,20064,19968,13051,11080,7926,167,168
1789636979747072863,merge,1.68964,1.58405,1.10834,0.784144,0.048865,5.29689,19968,19968,12982,10898,7927,167,168
1789636979847060462,merge,1.7132,1.60058,0.938983,0.797021,0.052316,5.18945,20064,20064,12941,11045,7928,167,168
1789636979947078041,merge,1.69776,1.61199,0.94342,0.803173,0.050369,5.19186,19968,19968,12949,11136,7929,167,168
1789636980047083533,merge,1.70876,1.60029,0.955105,0.805008,0.04979,5.2111,19968,20064,13125,10953,7930,167,168
1789636980147009904,merge,1.71519,1.5771,0.917352,0.772885,0.049273,5.11785,20064,19968,12970,10796,7931,167,168
1789636980247055078,merge,1.69711,1.60165,0.94811,0.810386,0.051252,5.19713,19968,20064,13038,11005,7932,167,168
1789636980347056208,merge,1.71536,1.59967,0.959867,0.796866,0.048595,5.20825,19968,19968,13172,11022,7933,167,168
1789636980446955648,merge,1.70578,1.57916,0.951673,0.790347,0.048708,5.15751,20064,19968,12863,10878,7934,167,168
1789636980546996987,merge,1.71311,1.58535,0.952321,0.81673,0.051187,5.20224,19968,19968,13153,10878,7935,167,168
1789636980647026521,merge,2.35991,1.60705,0.974047,0.801259,0.050007,5.8961,19968,19968,13079,11008,7936,167,168
1789636980746980738,merge,1.72153,1.59534,0.938949,0.801716,0.048832,5.19742,20064,20064,12927,10971,7937,167,168
1789636980847009354,merge,1.72263,1.59068,0.943405,0.796401,0.04989,5.19332,19968,19968,12971,10893,7938,167,168
1789636980946983843,merge,1.71464,1.60391,0.965604,0.786454,0.049145,5.20336,19968,19968,13185,11030,7939,167,168
1789636981046929114,merge,1.6926,1.59765,0.934816,0.789872,0.050907,5.14546,20064,19968,12706,10909,7940,167,168
1789636981146997192,merge,1.71105,1.58393,0.947179,0.779158,0.048697,5.15458,19968,19968,13161,10834,7941,167,168
1789636981247011889,merge,1.6978,1.59666,0.94145,0.790057,0.050277,5.17252,20064,20064,12991,10927,7942,167,168
1789636981346980115,merge,1.70468,1.59853,0.943807,0.787503,0.050546,5.17832,19968,19968,12847,10952,7943,167,168
1789636981446950274,merge,1.70035,1.57847,0.94926,0.783327,0.049654,5.14461,19968,19968,13028,10821,7944,167,168
1789636981547014096,merge,1.72388,1.58194,0.945968,0.791366,0.050051,5.17531,20064,20064,13186,10942,7945,167,168
1789636981646948013,merge,1.72786,1.6103,0.918943,0.817739,0.048598,5.21306,19968,20064,12778,11095,7946,167,168
1789636981747256973,merge,1.7115,1.57758,0.964738,0.774373,0.049794,5.16022,19968,19872,13166,10780,7947,167,168
1789636981847021489,merge,1.71616,1.58949,0.958291,0.797475,0.050316,5.19706,20064,20064,13219,10955,7948,167,168
1789636981946925808,merge,1.70336,1.61452,0.963212,0.78918,0.047924,5.22365,19968,20064,12755,10914,7949,167,168
1789636982047255037,merge,1.7497,1.59196,0.961246,0.798857,0.050897,5.2473,19968,19872,13306,10935,7950,167,168
1789636982146962393,merge,1.72309,1.584,0.957528,0.778105,0.051095,5.18409,20064,20064,13128,10784,7951,167,168
1789636982247013437,merge,1.68291,1.58783,0.939003,0.783155,0.050485,5.12921,19968,19968,12832,10925,7952,167,168
1789636982346932235,merge,1.74646,1.60823,1.00761,0.789327,0.067595,5.30612,19968,20064,13518,11066,7953,167,168
1789636982446896851,merge,1.69265,1.59153,0.930882,0.812184,0.048811,5.16952,20064,19968,12854,10786,7954,167,168
1789636982547024933,merge,1.73284,1.58532,1.02693,0.793973,0.049654,5.27302,19968,20064,13199,10972,7955,167,168
1789636982646875458,merge,1.71586,1.59487,0.953756,0.794313,0.049533,5.1909,19968,19968,13088,11006,7956,167,168
1789636982746879145,merge,1.72994,1.5975,0.968572,0.800146,0.050583,5.23797,20064,19968,13229,10969,7957,167,168
1789636982847004448,merge,1.6945,1.57987,0.914729,0.755707,0.047614,5.08095,19968,20064,12878,10798,7958,167,168
1789636982946974810,merge,1.7352,1.58743,0.983879,0.77667,0.052068,5.2164,20064,19968,13336,10825,7959,167,168
1789636983046968644,merge,1.70069,1.59901,0.927256,0.786246,0.049446,5.14459,19872,19968,12949,10949,7960,167,168
1789636983146744951,merge,1.70774,1.59608,0.942886,0.80252,0.049223,5.18424,20160,20064,13052,10953,7961,167,168
1789636983247008014,merge,1.70328,1.59602,0.935407,0.823768,0.050827,5.20016,19776,19968,12862,10870,7962,167,168
1789636983346942798,merge,1.70973,1.59268,1.02592,1.07416,0.105895,5.59619,19968,19968,13205,10906,7963,167,168
1789636983446877525,merge,1.70467,1.59343,0.915324,0.783304,0.049529,5.13261,20064,19968,12710,10915,7964,167,168
1789636983546853573,merge,1.71583,1.58083,0.940887,0.77983,0.049069,5.15016,19872,20064,13079,10947,7965,167,168
1789636983646858020,merge,1.71387,1.58312,0.929819,0.79745,0.051111,5.16222,19968,19968,13077,10897,7966,167,168
1789636983846979508,merge,1.6971,1.58175,0.932768,0.779314,0.049204,5.12043,19776,20064,12925,10735,7967,168,169
1789636983946864699,merge,1.71344,1.57946,0.968224,0.777785,0.049793,5.17193,20064,19968,13222,10840,7968,168,169
1789636984046973889,merge,1.706,1.61672,0.940486,0.794811,0.050903,5.19379,19968,20064,13000,11110,7969,168,169
1789636984146859489,merge,1.7069,1.584,0.936276,0.790958,0.048915,5.15078,20064,19968,12983,10833,7970,168,169
1789636984246974415,merge,1.74262,1.58041,0.931746,0.788157,0.04832,5.171,19968,20064,13175,10897,7971,168,169
1789636984346923961,merge,1.71035,1.60308,0.926199,0.792728,0.04798,5.17727,19968,19968,12964,10970,7972,168,169
1789636984446976769,merge,1.70519,1.59737,0.955682,0.789025,0.049808,5.18044,20064,19968,12987,10960,7973,168,169
1789636984546876188,merge,1.70307,1.59569,0.963459,0.799453,0.048808,5.19844,19872,20064,12961,10869,7974,168,169
1789636984746968139,merge,1.68294,1.59555,0.943424,0.792455,0.050478,5.15245,19872,19968,12776,10879,7975,169,170
1789636984846810035,merge,1.74089,1.6023,0.967321,0.80184,0.052026,5.25801,20064,20064,13250,10903,7976,169,170
1789636984946906003,merge,1.68387,1.57911,0.942246,0.778042,0.050239,5.1212,19968,19968,12823,10872,7977,169,170
1789636985046794699,merge,1.71243,1.59058,0.947915,0.792656,0.051072,5.17713,20064,19968,13034,10976,7978,169,170
1789636985146921659,merge,1.6921,1.61827,0.92882,0.785379,0.050209,5.16599,19872,20064,12855,11018,7979,169,170
1789636985246805738,merge,1.72166,1.57664,0.926567,0.773502,0.053236,5.13741,20160,19968,13067,10873,7980,169,170
1789636985346982067,merge,1.69023,1.58252,0.931874,0.79421,0.0515,5.1356,19968,19968,12879,10893,7981,169,170
1789636985446911874,merge,1.70729,1.6064,0.966421,0.796335,0.052599,5.21314,19968,20064,13123,10969,7982,169,170
1789636985546833731,merge,1.684,1.57105,0.921627,0.780465,0.050655,5.09639,19968,19968,12742,10724,7983,169,170
1789636985646786737,merge,1.71545,1.58842,0.923698,0.771538,0.051839,5.14053,20064,19968,13049,10811,7984,169,170
1789636985746970895,merge,1.71181,1.60261,0.947956,0.802879,0.051821,5.20543,19968,20064,13131,11082,7985,169,170
1789636985846942639,merge,1.70516,1.58198,0.932152,0.820564,0.049724,5.17671,19968,19968,12838,10882,7986,169,170
1789636985946831540,merge,1.71587,1.57497,0.955973,0.795905,0.052414,5.178,20064,19968,13118,10867,7987,169,170
1789636986046950553,merge,1.70358,1.61077,0.978197,0.808319,0.05,5.24248,19968,20064,13090,11048,7988,169,170
1789636986146847807,merge,1.70284,1.60054,0.94003,0.794286,0.04965,5.17493,19968,19968,12907,10965,7989,169,170
1789636986246781494,merge,1.7043,1.58128,0.952736,0.790457,0.051854,5.16826,20064,19968,13069,10866,7990,169,170
1789636986346846206,merge,1.71069,1.59494,0.951151,0.790582,0.052,5.18372,19968,20160,13153,10916,7991,169,170
1789636986447308192,merge,1.71189,1.59565,0.924372,0.785831,0.050826,5.15691,20064,19872,12774,10938,7992,169,170
1789636986546928815,merge,1.70997,1.59519,0.953358,0.796683,0.051336,5.19834,19968,20064,13175,10864,7993,169,170
1789636986646863724,merge,1.71233,1.5754,0.951216,0.785728,0.049254,5.15797,20064,19968,13111,10837,7994,169,170
1789636986746883956,merge,1.72069,1.59973,0.928903,0.806013,0.050904,5.19888,19968,20064,12750,11074,7995,169,170
1789636986846849578,merge,1.68727,1.5899,0.943551,0.78488,0.050727,5.14221,19968,19968,12997,10909,7996,169,170
1789636986946792502,merge,1.71071,1.58491,0.960709,0.801078,0.053889,5.20964,19968,20064,13130,10941,7997,169,170
1789636987047188650,merge,1.7013,1.58159,0.895543,0.766907,0.049849,5.08036,20064,19968,12697,10868,7998,169,170
1789636987146831386,merge,1.70616,1.60043,0.98751,0.816159,0.051271,5.24954,19968,19968,13156,11003,7999,169,170
1789636987246790785,merge,1.70594,1.59708,0.954345,0.789318,0.052391,5.18704,20064,19968,13040,10872,8000,169,170
1789636987346866767,merge,1.70761,1.58536,0.939299,0.787491,0.04861,5.15411,19968,19968,12796,10844,8001,169,170
1789636987446864417,merge,1.72299,1.60342,0.948814,0.783474,0.050088,5.19884,20064,20064,13136,10943,8002,169,170
1789636987546864976,merge,1.70391,1.60586,0.941968,0.800627,0.051599,5.19461,19968,20064,13025,11014,8003,169,170
1789636987646933261,merge,1.7136,1.57859,0.942129,0.779789,0.050945,5.14745,20064,19968,12974,10891,8004,169,170
1789636987746934500,merge,1.74685,1.58421,0.940967,0.786818,0.049526,5.20266,19872,19968,13009,10881,8005,169,170
1789636987846806148,merge,1.76337,1.60943,0.952357,0.799004,0.049248,5.26823,20064,20064,13101,11036,8006,169,170
1789636987947145813,merge,1.70112,1.58167,0.942187,0.795426,0.050219,5.15162,19968,19968,12872,10887,8007,169,170
1789636988046818421,merge,1.72192,1.58149,0.955372,0.782517,0.048944,5.18259,20064,19968,13265,10902,8008,169,170
1789636988146781145,merge,1.69493,1.60454,0.938539,0.810728,0.050098,5.18236,19968,19968,12876,11040,8009,169,170
1789636988246875661,merge,1.70461,1.60203,0.964909,0.791941,0.050888,5.20573,20064,20064,13047,10853,8010,169,170
1789636988346836831,merge,1.709,1.58667,0.949603,0.7947,0.050657,5.17776,19968,19968,13069,10857,8011,169,170
1789636988446904019,merge,1.737,1.60671,0.946424,0.79743,0.049817,5.22481,20064,20064,12914,11031,8012,169,170
1789636988547113232,merge,1.68856,1.60315,0.93228,0.803051,0.047932,5.15589,19872,19968,12859,11019,8013,169,170
1789636988646730466,merge,1.71949,1.60639,0.952135,0.787879,0.049568,5.19963,20064,19968,13252,10968,8014,169,170
1789636988746749143,merge,1.68778,1.58756,0.892778,0.782932,0.047271,5.08301,19968,19968,12635,10898,8015,169,170
1789636988846715699,merge,1.71614,1.60509,0.958198,0.802672,0.049889,5.21574,20064,20064,13147,11014,8016,169,170
1789636988946804210,merge,1.70835,1.60237,0.955511,0.805545,0.050067,5.21339,20064,19968,13044,11048,8017,169,170
1789636989046856979,merge,1.70917,1.6029,0.940581,0.794742,0.049782,5.1802,19968,19968,12788,11015,8018,169,170
1789636989146845394,merge,1.69315,1.60825,0.947555,0.798232,0.050838,5.19022,19968,20064,13038,11054,8019,169,170
1789636989246803046,merge,1.71756,1.61012,0.96058,0.809815,0.050914,5.23329,20064,19968,13215,11048,8020,169,170
1789636989346890935,merge,1.69643,1.61548,0.918397,0.832924,0.050163,5.19951,19968,20064,12737,11056,8021,169,170
1789636989446857718,merge,1.69816,1.5863,0.960804,0.788281,0.050038,5.16921,19968,19968,13103,10952,8022,169,170
1789636989546771158,merge,1.72075,1.60762,0.970675,0.797419,0.050085,5.22814,20064,19968,13265,11071,8023,169,170
1789636989646798938,merge,1.6874,1.60922,0.980462,0.81658,0.049477,5.22894,19968,19968,12695,11084,8024,169,170
1789636989746752302,merge,1.70426,1.59605,1.05555,0.807536,0.050367,5.3011,19968,20064,13197,10943,8025,169,170
1789636989846761648,merge,1.71451,1.5995,0.957784,0.785905,0.050263,5.19168,20064,20064,13148,11008,8026,169,170
1789636989947128250,merge,1.72858,1.61197,0.944478,0.812151,0.049707,5.22872,19968,19968,12803,11124,8027,169,170
1789636990046823120,merge,1.70245,1.60712,0.963333,0.800214,0.049574,5.20584,20064,19968,13147,11022,8028,169,170
1789636990146892089,merge,1.71117,1.60018,0.964262,0.780703,0.049842,5.19084,19968,20064,13150,10846,8029,169,170
1789636990247176273,merge,1.68098,1.58005,0.916346,0.789964,0.049853,5.10897,19968,19968,12627,10839,8030,169,170
1789636990346740031,merge,1.69907,1.60482,0.973423,0.803172,0.051095,5.21735,19968,19968,13143,10988,8031,169,170
1789636990446695900,merge,1.72655,1.59284,0.928229,0.793627,0.049252,5.18462,20064,20064,12971,10934,8032,169,170
1789636990547161718,merge,1.71302,1.57903,0.945358,0.788021,0.04969,5.16256,20064,19968,12936,10850,8033,169,170
1789636990647071323,merge,1.69037,1.59681,0.949105,0.80048,0.049712,5.16752,19872,19968,12878,10971,8034,169,170
1789636990846865694,merge,1.69826,1.58908,0.946592,0.805438,0.049907,5.17327,19968,20064,12879,10970,8035,170,171
1789636990947046447,merge,1.7007,1.58924,0.942015,0.803415,0.05001,5.16436,19872,19968,13023,10989,8036,170,171
1789636991046751562,merge,1.71854,1.60313,0.949803,0.793674,0.051225,5.19894,20160,19968,13097,11001,8037,170,171
1789636991147085744,merge,1.69887,1.58892,0.948948,0.784564,0.04918,5.1576,19872,19968,12883,10857,8038,170,171
1789636991247037632,merge,1.73784,1.57581,0.96296,0.782091,0.050242,5.19753,19968,19968,13201,10832,8039,170,171
1789636991346723280,merge,1.70399,1.59689,0.936465,0.949595,0.052057,5.32206,20064,19968,13013,10942,8040,170,171
1789636991446699361,merge,1.73748,1.62388,0.950888,0.793704,0.051706,5.24564,20064,20064,13077,10992,8041,170,171
1789636991547087052,merge,1.71037,1.57807,0.95751,0.787352,0.051903,5.16899,19872,19968,13093,10881,8042,170,171
1789636991646681481,merge,1.71481,1.58776,0.95186,0.780017,0.051644,5.16727,20064,20064,13055,10964,8043,170,171
1789636991746799014,merge,1.71377,1.6066,0.949307,0.792949,0.059022,5.22147,20064,19968,12988,10998,8044,170,171
1789636991847040261,merge,1.71634,1.57709,0.989138,0.782121,0.050503,5.20464,20064,19968,13311,10841,8045,170,171
1789636991947088671,merge,1.68116,1.59658,0.945436,0.78735,0.051871,5.14656,19872,20064,12759,10956,8046,170,171
1789636992047069387,merge,1.72003,1.58966,0.940615,0.783707,0.050819,5.16894,20064,19872,13086,10898,8047,170,171
1789636992146823037,merge,1.75904,1.62885,0.940432,0.781942,0.052582,5.25244,19968,20064,13174,10750,8048,170,171
1789636992246752508,merge,1.72933,1.62095,0.924258,0.777216,0.05869,5.20173,19968,20064,12846,10875,8049,170,171
1789636992346763378,merge,1.78239,1.63315,0.980662,0.798512,0.056877,5.34737,20064,19968,13295,10997,8050,170,171
1789636992447032305,merge,1.77014,1.59765,0.915338,0.777973,0.049529,5.21022,19968,19968,12932,10977,8051,170,171
1789636992546708545,merge,1.71642,1.57561,0.946052,0.78975,0.050302,5.16614,20064,20064,12980,10841,8052,170,171
1789636992646828402,merge,1.73282,1.58823,0.977316,0.798046,0.049526,5.23469,19968,19968,13214,10911,8053,170,171
1789636992746808452,merge,1.70283,1.64841,0.958073,0.805471,0.050913,5.25754,19968,20064,13032,11076,8054,170,171
1789636992847022961,merge,1.72143,1.58734,0.955874,0.784011,0.050737,5.1835,19968,19968,13039,10830,8055,170,171
1789636992946758108,merge,1.74358,1.57862,0.954026,0.787318,0.051254,5.19974,20064,19968,13167,10799,8056,170,171
1789636993046662162,merge,1.73325,1.59378,0.945185,0.777229,0.049886,5.1809,19872,19968,13183,10865,8057,170,171
1789636993146789625,merge,1.70748,1.59573,0.94096,0.799137,0.049321,5.17411,20256,19968,12902,10901,8058,170,171
1789636993247626635,merge,1.70718,1.59429,0.950305,0.792668,0.061168,5.2044,19680,20064,12990,10926,8059,170,171
1789636993346722681,merge,1.70728,1.59367,0.97868,0.791409,0.054153,5.21552,19968,20064,13217,10943,8060,170,171
1789636993446777678,merge,1.72062,1.61661,0.960255,0.799379,0.055118,5.24312,20160,19968,13127,10946,8061,170,171
1789636993547001096,merge,1.69821,1.58106,0.941363,0.784522,0.049839,5.14639,19872,19968,12875,10831,8062,170,171
1789636993646720093,merge,1.72357,1.57932,0.959657,0.786415,0.050411,5.18704,19968,19968,13197,10855,8063,170,171
1789636993746636825,merge,1.71054,1.60264,0.959871,0.792545,0.050162,5.1979,20064,20064,13023,11010,8064,170,171
1789636993846979153,merge,1.71187,1.59539,0.939877,0.774644,0.049848,5.15733,19968,19968,12918,10855,8065,170,171
1789636993946997987,merge,1.69261,1.58288,0.963845,0.790494,0.049248,5.16376,19872,20064,12960,10796,8066,170,171
1789636994047015211,merge,1.72259,1.59282,0.96462,0.798776,0.050196,5.2167,20064,19968,13193,10985,8067,170,171
1789636994147047887,merge,1.69257,1.60662,0.910276,0.813197,0.050225,5.15881,19968,20064,12639,11061,8068,170,171
1789636994247098261,merge,1.72315,1.5754,0.989196,0.789137,0.052555,5.21196,20064,19968,13254,10814,8069,170,171
1789636994347014413,merge,1.68114,1.5762,0.92749,0.792681,0.052889,5.11993,19872,19968,12833,10875,8070,170,171
1789636994446714383,merge,1.72338,1.61103,0.912998,0.784179,0.04966,5.17634,20064,20064,12901,11099,8071,170,171
1789636994547117368,merge,1.68976,1.58738,0.948337,0.785144,0.050447,5.14741,19968,19968,12964,10837,8072,170,171
1789636994646723201,merge,1.7182,1.584,1.12173,0.794907,0.049037,5.35473,19968,20064,13142,10772,8073,170,171
1789636994747141003,merge,1.70426,1.59552,0.929134,0.791175,0.049431,5.16033,20064,19968,12746,10858,8074,170,171
1789636994847135864,merge,1.71162,1.59357,0.960356,0.784257,0.050912,5.19043,19968,19968,13132,10921,8075,170,171
1789636994946972389,merge,1.69613,1.58197,1.13388,0.772468,0.051097,5.32313,19968,19968,13140,10828,8076,170,171
1789636995046643383,merge,1.70704,1.5854,0.941333,0.77716,0.05269,5.1521,20064,20064,12783,10955,8077,170,171
1789636995147128561,merge,1.70554,1.6043,0.941079,0.789617,0.056065,5.18788,19968,19968,13219,10915,8078,170,171
1789636995246706721,merge,1.71467,1.58772,0.935207,0.76928,0.050927,5.14787,20064,19968,13172,10839,8079,170,171
1789636995346668552,merge,1.71191,1.59274,0.908124,0.78505,0.049531,5.13596,19968,20064,12832,10989,8080,170,171
1789636995446959968,merge,1.70855,1.59319,0.924523,0.790046,0.050645,5.14974,19968,19968,13095,10993,8081,170,171
1789636995546948971,merge,1.70158,1.59905,0.949112,0.770267,0.051785,5.15998,20064,19968,13170,10860,8082,170,171
1789636995646630154,merge,1.70208,1.5872,0.940627,0.779262,0.04886,5.14506,19968,20064,12732,10755,8083,170,171
1789636995747057718,merge,1.71931,1.5877,0.982969,0.800338,0.052122,5.23201,19968,19968,13174,10885,8084,170,171
1789636995846947082,merge,1.70836,1.59519,0.951392,0.770832,0.050921,5.16515,20064,19968,13047,10962,8085,170,171
1789636995946693596,merge,1.74834,1.62723,0.933184,0.789225,0.051796,5.23627,20064,20064,12936,10963,8086,170,171
1789636996046931101,merge,1.72359,1.60234,0.930036,0.769714,0.053986,5.17117,19872,19968,12885,10775,8087,170,171
1789636996146710434,merge,1.75317,1.63027,0.939993,0.785773,0.051411,5.25074,20064,19968,13141,10960,8088,170,171
1789636996246672584,merge,1.72598,1.64133,0.921084,0.78801,0.048858,5.21375,20064,20064,12761,11009,8089,170,171
1789636996347043853,merge,1.73485,1.61542,0.947229,0.789784,0.050545,5.22739,19968,19968,13150,10866,8090,170,171
1789636996446725152,merge,1.71872,1.59542,0.93769,0.78005,0.049111,5.17797,19968,20064,12857,10887,8091,170,171
1789636996547059204,merge,1.74048,1.59931,0.959584,0.786861,0.051133,5.22639,20160,19968,13114,10874,8092,170,171
1789636996647068543,merge,1.69585,1.58869,0.949465,0.793674,0.050254,5.15952,19872,20064,12963,10903,8093,170,171
1789636996747101789,merge,1.70168,1.57761,0.942514,0.770637,0.05349,5.13437,19968,19968,12958,10871,8094,170,171
1789636996847067129,merge,1.70149,1.59692,0.926018,0.798165,0.050264,5.16445,20064,19968,12984,10994,8095,170,171
1789636996946906296,merge,1.69594,1.58664,0.962181,0.781131,0.051485,5.16588,19968,20064,13094,10878,8096,170,171
1789636997047033830,merge,1.7341,1.57332,0.934174,0.776498,0.050388,5.15454,20064,19968,12990,10836,8097,170,171
1789636997146988718,merge,1.71853,1.59558,0.951818,0.800744,0.051931,5.20416,20064,19968,13112,10975,8098,170,171
1789636997246959714,merge,1.69288,1.61068,0.947322,0.806007,0.050757,5.197,19872,20064,13101,11067,8099,170,171
1789636997347020001,merge,1.70226,1.58323,0.942391,0.776937,0.048842,5.13989,19968,19968,12824,10849,8100,170,171
1789636997446995102,merge,1.71601,1.58197,0.953883,0.779875,0.05092,5.17024,20160,19968,13176,10829,8101,170,171
1789636997546910344,merge,1.68475,1.60101,0.9502,0.806871,0.05044,5.17873,19872,20064,12935,11001,8102,170,171
1789636997646929311,merge,1.71022,1.5828,0.933501,0.789125,0.050345,5.15229,20064,19968,12861,10902,8103,170,171
1789636997746707373,merge,1.69808,1.5843,0.952012,0.785711,0.049734,5.15721,19968,19968,13032,10922,8104,170,171
1789636997846690014,merge,1.71681,1.59977,0.961693,0.804878,0.052067,5.2254,20064,20064,13251,11018,8105,170,171
1789636997946975300,merge,1.69531,1.59488,0.914924,0.800317,0.048752,5.1382,19968,19968,12580,10965,8106,170,171
1789636998046900694,merge,1.7203,1.58184,0.971509,0.780032,0.051171,5.18653,20064,19968,13266,10918,8107,170,171
1789636998146901674,merge,1.68086,1.5999,0.940854,0.799169,0.048584,5.1514,19872,20064,12838,11036,8108,170,171
1789636998246996294,merge,1.71253,1.60248,0.930383,0.787221,0.049116,5.16705,20064,19968,12835,11016,8109,170,171
1789636998346947436,merge,1.68911,1.59399,0.951629,0.910329,0.05002,5.28388,19968,20064,12981,10848,8110,170,171
1789636998447064957,merge,1.72291,1.58011,0.954448,0.775071,0.050454,5.17363,20064,19968,13137,10862,8111,170,171
1789636998546932831,merge,1.69809,1.60021,0.92791,0.796275,0.051487,5.15882,19968,19968,12830,11013,8112,170,171
1789636998646870351,merge,1.68928,1.59831,0.962998,0.80298,0.049087,5.18874,19968,20064,13091,10969,8113,170,171
1789636998747052873,merge,1.71531,1.58158,0.94447,0.907001,0.050302,5.29421,20064,19968,13132,10944,8114,170,171
1789636998846899463,merge,1.69729,1.59281,0.94326,0.795988,0.050473,5.1707,19968,19968,12838,11016,8115,170,171
1789636998946666082,merge,1.72952,1.60691,0.973852,0.809551,0.049979,5.25661,20064,20064,13285,11086,8116,170,171
1789636999047038792,merge,1.71202,1.60782,0.960473,0.806622,0.048542,5.22252,19968,19968,12951,11114,8117,170,171
1789636999146885731,merge,1.71503,1.58871,0.944248,0.787615,0.049485,5.17302,20064,19968,13028,10951,8118,170,171
1789636999246667663,merge,1.69555,1.61256,0.954386,0.812134,0.050899,5.21208,19968,20064,13060,11047,8119,170,171
1789636999347049899,merge,1.71356,1.6085,0.94456,0.789905,0.048855,5.19361,19968,19968,12989,11075,8120,170,171
1789636999446962701,merge,1.68861,1.60194,0.955757,0.777925,0.049189,5.15813,19968,19968,12824,10966,8121,170,171
1789636999546666626,merge,1.77014,1.5953,0.973396,0.811915,0.049119,5.29979,20064,19968,13254,11047,8122,170,171
1789636999646624190,merge,1.76338,1.61714,0.939964,0.811017,0.047324,5.26994,20064,20064,12735,11051,8123,170,171
1789636999746868638,merge,1.71369,1.60396,0.952501,0.799945,0.049957,5.20324,19968,19968,13098,11024,8124,170,171
1789636999846651610,merge,1.69091,1.59433,0.947701,0.8105,0.047582,5.17088,19968,20064,12947,10941,8125,170,171
1789636999947013388,merge,1.72,1.59666,0.959153,0.80196,0.049246,5.21129,20160,19968,12940,11027,8126,170,171
1789637000046993109,merge,1.70005,1.60075,0.935678,0.802717,0.049009,5.16714,19968,19968,13003,11079,8127,170,171
1789637000146945987,merge,1.70666,1.59828,0.966097,0.795939,0.047254,5.19917,19968,19968,13133,10969,8128,170,171
1789637000246901189,merge,1.69449,1.61815,0.947681,0.790661,0.047359,5.19456,19968,20064,12701,10825,8129,170,171
1789637000346964336,merge,1.7488,1.59861,0.972112,0.781737,0.048872,5.23827,20064,19968,13180,10949,8130,170,171
1789637000446895878,merge,1.73261,1.60357,0.932626,0.801045,0.049491,5.21875,19968,19968,13182,10995,8131,170,171
1789637000546918393,merge,1.73863,1.58607,0.918119,0.764575,0.048994,5.15873,20064,20064,12803,10897,8132,170,171
1789637000646989837,merge,1.72406,1.59076,0.936617,0.76975,0.048849,5.16277,19968,19968,13166,10878,8133,170,171
1789637000746979182,merge,1.69797,1.59991,0.938257,0.785228,0.050659,5.15327,19968,19968,13085,10978,8134,170,171
1789637000846714198,merge,1.70356,1.6304,1.23058,0.787375,0.049342,5.48637,19968,19968,12773,10887,8135,170,171
1789637000946635592,merge,1.6987,1.6373,1.25756,0.798883,0.051313,5.52798,19968,20064,13110,10973,8136,170,171
1789637001046828202,merge,1.70415,1.63612,1.27348,0.781139,0.051388,5.53222,19968,19968,13166,11019,8137,170,171
1789637001146923604,merge,1.69846,1.65196,1.25141,0.790334,0.050899,5.53163,20064,19968,12768,10972,8138,170,171
1789637001246911826,merge,1.72662,1.58007,0.951166,0.795635,0.051422,5.19288,19968,19968,13225,10812,8139,170,171
1789637001346874816,merge,1.73158,1.62364,0.953705,0.795004,0.050597,5.25142,20064,20064,13073,10840,8140,170,171
1789637001447001028,merge,1.72332,1.63821,1.25252,0.790319,0.055139,5.54532,20064,19872,12910,10934,8141,170,171
1789637001546711588,merge,1.6867,1.6224,0.927813,0.771064,0.049449,5.14293,19872,20064,12934,10941,8142,170,171
1789637001646904737,merge,1.72457,1.61716,1.20042,0.879073,0.053841,5.56662,20160,20064,13214,10936,8143,170,171
1789637001746923475,merge,1.6885,1.60488,0.914588,0.787133,0.049959,5.13621,19872,19968,12619,10959,8144,170,171
1789637001846842283,merge,1.72043,1.59687,0.941966,0.783688,0.051476,5.18513,19968,19968,13228,10962,8145,170,171
1789637001946846722,merge,1.70837,1.58569,0.950404,0.801806,0.051163,5.18058,20064,20064,13055,10974,8146,170,171
1789637002047988889,merge,1.70805,1.65009,0.923817,0.786266,0.049255,5.20263,19968,19968,12791,10993,8147,170,171
1789637002146927398,merge,1.73832,1.59486,0.961929,0.784041,0.052452,5.2152,20064,19968,13402,10876,8148,170,171
1789637002246788435,merge,1.71281,2.0689,0.916654,0.784058,0.052512,5.62793,20064,19968,12914,10734,8149,170,171
1789637002346847364,merge,2.15309,2.00998,1.18691,0.987653,0.069535,6.52969,19968,20064,13039,10903,8150,170,171
1789637002446855034,merge,1.73784,1.63202,0.972623,0.795302,0.049515,5.27102,19872,19968,13331,11016,8151,170,171
1789637002646847506,merge,1.7496,1.6098,0.976308,0.769931,0.05232,5.24896,19872,20064,13326,10868,8152,171,172
1789637002746642062,merge,1.7053,1.59128,0.951954,0.798431,0.051652,5.18593,20064,19968,13066,10962,8153,171,172
1789637002846668966,merge,1.93215,1.88882,0.989683,0.803904,0.053694,5.77826,20160,19968,13352,10968,8154,171,172
1789637002947430645,merge,1.70358,1.61666,0.933176,0.780674,0.050057,5.17381,19872,20064,12968,10908,8155,171,172
1789637003046787617,merge,1.73857,1.59101,0.972154,0.787296,0.053575,5.22881,19968,19968,13288,10864,8156,171,172
1789637003146848633,merge,1.70486,1.60406,0.958414,0.783825,0.049155,5.19642,20064,20064,12902,10874,8157,171,172
1789637003246899423,merge,1.71891,1.58446,0.96755,0.789016,0.050239,5.1963,19968,19968,13095,10854,8158,171,172
1789637003346844615,merge,1.68233,1.57662,0.941167,0.784299,0.051317,5.12266,19776,19968,12922,10882,8159,171,172
1789637003446794144,merge,1.72534,2.04076,1.02957,0.800354,0.053201,5.74856,20064,20064,13200,11055,8160,171,172
1789637003546915555,merge,1.69827,1.58583,0.916758,0.797451,0.050967,5.13829,20064,19968,12689,10878,8161,171,172
1789637003646792216,merge,1.70898,1.57805,0.953444,0.789427,0.051294,5.16782,19872,20064,13132,10908,8162,171,172
1789637003746925221,merge,1.68248,1.58627,0.978748,0.787842,0.052593,5.17781,19968,19968,12903,10884,8163,171,172
1789637003846844507,merge,1.73117,1.59928,0.988714,0.77659,0.05099,5.23152,20256,19968,13066,11010,8164,171,172
1789637003947441341,merge,1.6793,1.58524,0.951617,0.777322,0.051535,5.13116,19776,19968,12852,10754,8165,171,172
1789637004046786276,merge,1.71349,2.09646,0.969245,0.756182,0.049985,5.6784,19968,19968,13128,10742,8166,171,172
1789637004146641481,merge,1.6952,1.60727,0.939436,0.80762,0.049907,5.18554,20064,20064,12749,10965,8167,171,172
1789637004246809989,merge,1.71029,1.59188,0.988858,0.788747,0.050736,5.21685,19968,19968,13159,10910,8168,171,172
1789637004346767747,merge,1.6971,1.57795,0.956382,0.789249,0.050318,5.1658,19968,20064,13097,10892,8169,171,172
1789637004446822368,merge,1.71099,1.57702,0.927843,0.786181,0.049641,5.13477,20064,19968,12837,10914,8170,171,172
1789637004546772665,merge,1.71248,1.60752,0.940098,0.789776,0.050232,5.18345,19872,20064,13091,11042,8171,171,172
1789637004646848499,merge,2.08207,1.72096,0.965528,0.785234,0.048423,5.70496,20064,19968,13164,10829,8172,171,172
1789637004746817690,merge,1.80156,1.57853,0.910167,0.781586,0.051255,5.22052,20160,19968,12965,10850,8173,171,172
1789637004846785798,merge,1.69585,1.59906,0.934839,0.785797,0.051148,5.15192,19872,19968,13017,10920,8174,171,172
1789637004946797250,merge,1.70986,1.60161,0.935341,0.81223,0.053512,5.19867,19968,20064,13140,10802,8175,171,172
1789637005046765406,merge,1.70377,1.57468,0.938469,0.808202,0.052769,5.16248,20064,19968,12716,10822,8176,171,172
1789637005146796052,merge,1.70377,1.58651,0.944336,0.778259,0.058457,5.15321,19968,19968,13161,10964,8177,171,172
1789637005246748368,merge,1.71664,1.61383,0.959439,0.790637,0.048998,5.21352,20064,20064,13109,10984,8178,171,172
1789637005346790495,merge,1.69822,1.58279,0.971371,1.28936,0.061481,5.68754,19872,20064,12716,10895,8179,171,172
1789637005447924644,merge,1.70297,1.58179,0.95034,0.792287,0.054035,5.16495,20064,19968,13021,10897,8180,171,172
1789637005546881459,merge,1.70296,1.59302,0.978005,0.794101,0.050554,5.20219,19968,19968,13158,10958,8181,171,172
1789637005646745319,merge,1.68747,1.59509,0.896595,0.774516,0.049107,5.09108,19968,20064,12579,10783,8182,171,172
1789637005747887360,merge,1.7261,1.57812,0.973228,0.773113,0.053112,5.19157,20064,19872,13243,10785,8183,171,172
1789637005846741180,merge,1.86566,1.59768,0.93401,0.782528,0.049133,5.32511,19968,20064,12972,10932,8184,171,172
1789637005946779450,merge,1.7058,1.59922,0.943013,0.791324,0.04948,5.17576,19968,19968,12761,10993,8185,171,172
1789637006046723976,merge,1.70745,1.57531,0.941889,0.766912,0.051799,5.12893,20064,19968,13182,10868,8186,171,172
1789637006146734065,merge,1.70919,1.59544,0.947234,0.786537,0.051547,5.1815,19968,20064,13095,10929,8187,171,172
1789637006246703223,merge,1.71202,1.59828,0.929499,0.799703,0.048449,5.17154,20064,19968,12864,10978,8188,171,172
1789637006346665054,merge,1.728,1.58385,0.949963,0.766908,0.051623,5.17858,19968,19968,13091,10827,8189,171,172
1789637006446713330,merge,1.73223,1.58724,0.958958,0.799563,0.052547,5.21893,20064,20064,13245,10980,8190,171,172
1789637006546739998,merge,1.69791,1.84644,1.26932,0.792158,0.055414,5.7564,19872,20064,12676,10954,8191,171,172
1789637006746746353,merge,1.73004,1.58207,0.92982,0.770979,0.050141,5.15842,19968,20064,12977,10819,8192,172,173
1789637006846742611,merge,1.76816,1.59915,0.911656,0.799565,0.050125,5.22096,19968,20064,12891,11114,8193,172,173
1789637006947893928,merge,1.70162,1.59508,0.931993,0.818252,0.062167,5.19349,20064,19968,13106,10978,8194,172,173
1789637007046854639,merge,1.71636,1.58594,0.928729,0.782103,0.050799,5.15285,19968,20064,13010,10876,8195,172,173
1789637007146836707,merge,1.75012,1.72025,0.974169,0.777906,0.048405,5.37139,19968,19968,12734,10897,8196,172,173
1789637007246744088,merge,1.92012,1.59671,0.955027,0.790572,0.050845,5.41266,20064,19968,13269,10987,8197,172,173
1789637007346831859,merge,1.76774,1.60088,0.91288,0.786315,0.049447,5.21496,19872,20064,12776,10995,8198,172,173
1789637007447888262,merge,1.72437,1.57813,0.962243,0.771084,0.049912,5.17357,20160,19968,13076,10825,8199,172,173
1789637007546818782,merge,1.8081,1.64528,0.946419,0.779885,0.050277,5.3461,19968,19968,12986,10930,8200,172,173
1789637007646776758,merge,1.7069,1.60391,0.927305,0.789882,0.050493,5.17306,19968,20064,12874,10956,8201,172,173
1789637007747851970,merge,1.79592,2.07829,0.940478,0.79758,0.050762,5.77126,20064,19968,13005,10857,8202,172,173
1789637007846681131,merge,1.71981,1.58972,0.959038,0.785141,0.050959,5.19366,19968,19968,13132,10914,8203,172,173
1789637007946735507,merge,1.72119,1.60156,0.916039,0.789517,0.04991,5.16873,19872,20064,12860,11037,8204,172,173
1789637008046754999,merge,1.8115,1.5877,0.960361,0.782578,0.049976,5.28365,20160,19968,13103,10884,8205,172,173
1789637008146713556,merge,1.72044,1.5808,0.953104,0.775106,0.049988,5.16777,19968,19968,13188,10920,8206,172,173
1789637008246749917,merge,1.71681,1.61383,0.922066,0.788942,0.049512,5.18773,19968,20064,12759,11095,8207,172,173
1789637008346769345,merge,1.80591,1.60056,0.95851,0.802726,0.050527,5.3169,20064,19968,13219,10948,8208,172,173
1789637008446763342,merge,1.79778,1.60044,0.919882,0.768368,0.050103,5.22806,19968,19968,13086,10863,8209,172,173
1789637008546728583,merge,1.75058,1.59956,0.923931,0.76808,0.049832,5.18349,20064,20064,12869,10878,8210,172,173
1789637008646791516,merge,1.71564,1.60601,0.945533,0.806515,0.049557,5.22301,19872,19968,12949,11031,8211,172,173
1789637008746600310,merge,1.76532,1.58842,0.955147,0.773768,0.051163,5.21857,20160,19968,13339,10934,8212,172,173
1789637008846778457,merge,1.72332,1.59741,0.919606,0.792625,0.047434,5.16639,19872,20064,12573,10956,8213,172,173
1789637008946729722,merge,1.74166,1.61102,0.975342,0.787379,0.049767,5.24866,20064,19968,13246,11046,8214,172,173
1789637009046697277,merge,1.70506,1.61064,0.938774,0.796754,0.051038,5.19052,19968,20064,12949,11086,8215,172,173
1789637009147835568,merge,1.7336,1.59753,0.902319,0.783555,0.049125,5.15167,19968,19968,12761,11029,8216,172,173
1789637009247823233,merge,1.72158,1.60103,0.938228,0.792811,0.050267,5.19529,20160,19968,13136,11013,8217,172,173
1789637009346728026,merge,1.70681,1.61105,0.937334,0.813058,0.050958,5.21914,19872,20064,13031,11055,8218,172,173
1789637009546814160,merge,1.73592,1.8299,0.942771,0.80398,0.050635,5.46477,19968,19968,13116,10966,8219,173,174
1789637009646777499,merge,1.71791,1.64181,0.947081,0.825673,0.05043,5.26759,19968,20064,12928,11023,8220,173,174
1789637009747843562,merge,1.74212,1.61836,0.921703,0.770793,0.048389,5.18535,20064,19968,12968,11026,8221,173,174
1789637009846800681,merge,1.72971,1.61718,0.934533,0.806886,0.049069,5.22423,19968,19968,13181,11024,8222,173,174
1789637009946684444,merge,1.71622,1.62724,0.912885,0.787148,0.048163,5.18409,19968,20064,12948,10993,8223,173,174
1789637010047858547,merge,1.75578,1.60156,0.941731,0.808228,0.050289,5.24208,20064,19872,13055,11050,8224,173,174
1789637010146813012,merge,1.72177,1.61935,0.926686,0.809725,0.050683,5.21948,19968,20064,13085,11158,8225,173,174
1789637010246731859,merge,1.73718,1.68915,0.977705,0.767543,0.047823,5.31614,20064,19968,13001,10963,8226,173,174
1789637010346712718,merge,1.71611,1.62917,0.976055,0.774145,0.051944,5.24594,19968,20064,12956,10854,8227,173,174
1789637010446763538,merge,1.7364,1.65754,0.952659,0.789876,0.047767,5.28508,19968,19968,13187,10989,8228,173,174
1789637010546696848,merge,1.72644,1.64554,0.931573,0.767441,0.04687,5.21049,20064,19968,12821,10915,8229,173,174
1789637010646670115,merge,1.73931,1.58836,0.981811,0.783671,0.050526,5.23678,19968,20064,13085,10889,8230,173,174
1789637010746722173,merge,1.7209,1.67304,0.991475,0.798468,0.048323,5.32953,19968,19968,13015,10984,8231,173,174
1789637010846747412,merge,1.73383,1.60676,0.959126,0.786405,0.050883,5.23332,20064,19968,12924,11001,8232,173,174
1789637010946634469,merge,1.71948,1.62903,0.937015,0.769758,0.046925,5.19369,19968,19968,12893,10822,8233,173,174
1789637011046600334,merge,1.73403,1.60642,1.1386,0.792962,0.050174,5.41348,19968,20064,13171,11018,8234,173,174
1789637011146702119,merge,1.72369,1.60529,0.90745,0.791319,0.050155,5.16151,20064,19968,12697,11041,8235,173,174
1789637011247779988,merge,1.72906,1.586,0.946363,0.787437,0.049733,5.18173,19968,19968,13127,10893,8236,173,174
1789637011347793000,merge,1.70488,1.5923,0.994253,0.857067,0.062532,5.30391,19968,19968,13045,10830,8237,173,174
1789637011446734348,merge,1.74852,1.61735,0.985307,0.788254,0.04977,5.2794,20064,19968,12848,10905,8238,173,174
1789637011546728140,merge,1.75946,1.6092,0.957826,0.777607,0.051427,5.23837,20064,19968,13213,10838,8239,173,174
1789637011646796491,merge,1.72423,1.58953,1.00835,0.794237,0.054931,5.25337,19968,20064,13044,10939,8240,173,174
1789637011746780577,merge,1.74116,1.58589,0.974225,0.779334,0.051659,5.22562,20064,19968,12912,10968,8241,173,174
1789637011847204919,merge,1.71898,1.60781,0.943046,0.824703,0.054925,5.23475,19872,20064,13068,11001,8242,173,174
1789637011946638684,merge,1.75154,1.62536,0.964535,0.785172,0.049499,5.27298,20064,19968,13252,10818,8243,173,174
1789637012046804441,merge,1.71531,1.58429,0.916226,0.770639,0.051542,5.12569,19968,19968,12791,10900,8244,173,174
1789637012146709576,merge,1.7431,1.61262,1.06184,0.799038,0.05193,5.35777,19968,20064,13241,11054,8245,173,174
1789637012246688262,merge,1.74641,1.59126,1.01023,0.80558,0.052149,5.2905,20064,19968,13115,10797,8246,173,174
1789637012346785111,merge,1.72159,1.57757,0.93817,0.78076,0.053961,5.15875,20064,19968,12900,10784,8247,173,174
1789637012446823265,merge,1.78255,1.61109,0.988062,0.889144,0.059331,5.42472,19968,20064,13388,11016,8248,173,174
1789637012547768652,merge,1.72798,1.59228,0.947807,0.842997,0.053739,5.24915,19968,19968,12889,10959,8249,173,174
1789637012646750943,merge,1.75207,1.58403,0.942194,0.831629,0.056811,5.24751,20064,20064,13223,10940,8250,173,174
1789637012747197584,merge,1.73296,1.57523,0.939555,0.822832,0.054485,5.20744,19968,19968,13093,10826,8251,173,174
1789637012846717444,merge,1.73815,1.60869,0.957678,0.977432,0.064128,5.4346,19968,20064,13099,11081,8252,173,174
1789637012947808976,merge,1.72294,1.57055,0.948234,0.764544,0.051122,5.14117,19968,19872,12930,10730,8253,173,174
1789637013046620606,merge,1.77661,1.60483,0.96594,0.936519,0.067628,5.44108,20064,20064,13205,10966,8254,173,174
1789637013146733890,merge,1.73191,1.59487,0.944536,0.800522,0.054344,5.21151,19776,19968,13021,10942,8255,173,174
1789637013347303324,merge,1.87305,1.57789,0.950478,0.755608,0.054099,5.30778,19872,19968,13030,10806,8256,174,175
1789637013446762574,merge,1.87509,1.58353,0.939485,0.765104,0.059371,5.31417,19872,19968,13151,10882,8257,174,175
1789637013546711982,merge,1.8587,1.60617,0.948179,0.773018,0.052283,5.33577,20064,20064,12833,11051,8258,174,175
1789637013647175603,merge,1.87229,1.57903,0.949334,0.767629,0.05278,5.31366,19968,19968,13142,10823,8259,174,175
1789637013746644575,merge,1.87352,1.58197,0.934818,0.782042,0.050892,5.3113,19968,19968,13145,10864,8260,174,175
1789637014047170029,merge,1.7045,1.5737,1.52215,0.858258,0.0604,5.80972,19872,19968,13031,10751,8261,176,177
1789637014146692946,merge,1.7304,1.5834,0.9366,0.769022,0.050483,5.154,20064,19968,13011,10822,8262,176,177
1789637014246679146,merge,1.70382,1.60119,0.927709,0.796386,0.050153,5.16774,19968,20064,12925,10963,8263,176,177
1789637014346728334,merge,1.70816,1.5695,0.962146,0.771018,0.049476,5.14237,19968,19968,13172,10788,8264,176,177
1789637014446737245,merge,1.70113,1.58255,0.937846,0.77921,0.051185,5.14081,19968,19968,12910,10930,8265,176,177
1789637014546698252,merge,1.71449,1.60511,0.914916,0.773406,0.051898,5.14144,20064,20064,12999,11036,8266,176,177
1789637014646655822,merge,1.70178,2.08345,0.995774,0.812337,0.057748,5.74474,19968,19968,12987,10889,8267,176,177
1789637014746756061,merge,1.70768,1.58,0.938299,0.787217,0.050849,5.14729,20064,20064,13045,10930,8268,176,177
1789637014846675972,merge,1.69448,1.59152,0.92824,0.784353,0.048953,5.13015,19968,19968,12804,10966,8269,176,177
1789637014946680667,merge,1.71807,1.60021,0.946845,0.78636,0.04887,5.18504,19968,19968,13198,10879,8270,176,177
1789637015046631076,merge,1.69312,1.59592,0.93985,0.7822,0.05082,5.14906,20064,20064,12837,10809,8271,176,177
1789637015146629247,merge,1.72444,1.59994,0.929504,0.774459,0.049287,5.16108,19968,19968,12967,10892,8272,176,177
1789637015246624161,merge,1.70427,1.60474,0.970133,0.80444,0.048887,5.21417,20064,20064,13091,11059,8273,176,177
1789637015346791123,merge,1.70615,1.58484,0.933669,0.773047,0.049897,5.13615,19968,19968,12865,10834,8274,176,177
1789637015446686873,merge,1.7214,1.58127,0.944514,0.774053,0.050558,5.15979,20064,20064,13099,10920,8275,176,177
1789637015547753584,merge,1.71798,1.62953,0.935319,0.782953,0.051258,5.20255,19872,19872,13023,10899,8276,176,177
1789637015646715738,merge,1.73382,1.63212,0.928146,0.797754,0.050059,5.22768,20160,20064,12958,11039,8277,176,177
1789637015747167011,merge,1.69572,1.58755,0.934702,0.772307,0.050078,5.12309,19872,19968,13006,10824,8278,176,177
1789637015846701922,merge,1.70546,1.59925,0.957081,0.770711,0.050791,5.16811,19968,20064,13181,10812,8279,176,177
1789637015946714572,merge,1.7063,1.59687,0.942597,0.766163,0.049918,5.14879,20064,19968,12867,10935,8280,176,177
1789637016046753924,merge,1.72855,1.58177,0.930045,0.770525,0.049826,5.1463,20064,19968,13179,10874,8281,176,177
1789637016147124861,merge,1.68855,1.5937,0.934414,0.798056,0.050173,5.14815,19872,20064,12968,10964,8282,176,177
1789637016246702255,merge,1.75591,1.58785,0.923076,0.797106,0.050819,5.19849,20064,19968,12932,10963,8283,176,177
1789637016346702969,merge,1.73158,1.59822,0.935891,0.788001,0.050653,5.19436,20064,20064,13044,10958,8284,176,177
1789637016447751499,merge,1.73548,1.56966,0.933353,0.767642,0.050146,5.13943,19968,19872,13127,10756,8285,176,177
1789637016546684134,merge,1.87813,1.59836,0.912504,0.787558,0.047872,5.32807,19968,20064,12580,11054,8286,176,177
1789637016646671184,merge,1.89801,1.60265,0.94802,0.7841,0.049721,5.37919,20064,19968,13210,10936,8287,176,177
1789637016746645019,merge,1.86677,1.58459,0.932718,0.758929,0.050087,5.2857,20064,20064,13037,10743,8288,176,177
1789637016847111050,merge,1.84092,1.57176,0.932787,0.782958,0.050185,5.27279,19968,19968,12771,10785,8289,176,177
1789637016946741622,merge,1.83831,1.59882,0.929059,0.790504,0.049622,5.30041,19968,19968,13012,10992,8290,176,177
1789637017046721530,merge,1.89123,1.69468,0.94096,0.778035,0.049646,5.45161,19968,19968,13144,10885,8291,176,177
1789637017146605495,merge,1.88244,1.5952,0.905545,0.798822,0.046868,5.32525,19968,20160,12589,10972,8292,176,177
1789637017246730872,merge,1.89627,1.58462,0.952705,0.78987,0.051656,5.37285,20064,19968,13218,10925,8293,176,177
1789637017346633985,merge,1.89486,1.60123,0.924084,0.782683,0.050032,5.35301,20064,19968,13112,11013,8294,176,177
1789637017447103385,merge,1.88372,1.59508,0.938693,0.782516,0.050236,5.35035,19968,19968,12837,10944,8295,176,177
1789637017546681859,merge,1.89417,1.59995,0.934557,0.784932,0.048108,5.36286,19968,20064,13085,10972,8296,176,177
1789637017647657352,merge,1.89865,1.60547,0.959612,0.788024,0.050156,5.40112,20064,19968,13060,10920,8297,176,177
1789637017747082358,merge,2.18998,1.60099,0.968362,0.77566,0.049989,5.68485,19968,20064,12967,10896,8298,176,177
1789637017847726409,merge,1.8271,1.59749,0.922232,0.76281,0.050268,5.25044,19968,20064,13098,10950,8299,176,177
1789637017947795141,merge,1.723,1.61784,0.939016,0.776213,0.050387,5.19442,20064,19872,13034,10960,8300,176,177
1789637018046656582,merge,1.70226,1.61052,0.919617,0.788511,0.050022,5.15395,19968,20064,12896,11030,8301,176,177
1789637018147618818,merge,1.71622,1.58816,0.950381,0.774839,0.050575,5.16204,19968,20064,13166,10971,8302,176,177
1789637018247813591,merge,1.72815,1.57288,0.927162,0.775363,0.048124,5.13459,20064,19872,12870,10859,8303,176,177
1789637018346683985,merge,1.70758,1.60321,0.945773,0.792584,0.050844,5.18782,19968,19968,13033,11042,8304,176,177
1789637018446611548,merge,1.71349,1.60403,0.928207,0.800605,0.050223,5.19196,20064,20064,13101,10982,8305,176,177
1789637018546691967,merge,2.05444,1.58573,0.939794,0.795498,0.049559,5.51644,19968,19968,12836,10861,8306,176,177
1789637018646672589,merge,1.87873,1.60342,0.945916,0.798838,0.051709,5.37357,20064,20064,12998,10963,8307,176,177
1789637018747613723,merge,1.86755,1.60191,0.926902,0.781078,0.049711,5.31888,19968,19968,13151,11004,8308,176,177
1789637018847660524,merge,1.84912,1.592,0.928874,0.79852,0.050384,5.31301,19968,20064,12620,10975,8309,176,177
1789637019147742306,merge,1.88119,1.60327,0.899631,0.780501,0.049069,5.30878,19968,19872,12748,11024,8310,176,177
1789637019246638071,merge,1.75107,1.62766,0.959494,0.784503,0.051802,5.26661,20064,20064,13212,10950,8311,176,177
1789637019347611994,merge,1.73455,1.62507,0.938094,0.788902,0.050743,5.22511,19968,19968,13119,11069,8312,176,177
1789637019447604237,merge,2.55263,2.25117,0.970043,0.809161,0.049643,6.78171,20064,20064,12864,11039,8313,176,177
1789637019547646664,merge,1.69305,1.60994,0.956506,0.801904,0.052001,5.20315,19968,19968,13114,11053,8314,176,177
1789637019647615901,merge,1.76145,1.59397,0.971234,0.802417,0.051158,5.27939,20064,19968,13252,11012,8315,176,177
1789637019746762457,merge,1.70781,1.60942,0.935924,0.802382,0.050059,5.19425,19968,20064,12795,11026,8316,176,177
1789637019847783303,merge,1.70219,1.60336,0.956813,0.819392,0.051226,5.21918,19872,19968,13064,11035,8317,176,177
1789637020146647989,merge,1.69708,1.60566,0.942084,0.808327,0.051054,5.19851,19968,20064,13017,11069,8318,177,178
1789637020246679021,merge,1.71253,1.60463,0.957124,0.797428,0.050043,5.21009,20064,19968,13156,11018,8319,177,178
1789637020346653371,merge,1.68495,1.57101,0.933556,0.8195,0.048981,5.14574,19968,19872,12709,10845,8320,177,178
1789637020446626217,merge,2.11355,1.61275,0.954382,0.809893,0.049277,5.63385,19968,20160,13152,11051,8321,177,178
1789637020546693398,merge,2.32847,2.35235,1.5355,1.30239,0.061558,7.6876,19968,20064,12913,10974,8322,177,178
1789637020647753070,merge,1.78036,1.62031,0.962062,0.824571,0.050964,5.33989,20160,19968,12987,10873,8323,177,178
1789637020747668524,merge,1.71895,1.60069,0.916158,0.783724,0.051101,5.16031,19968,19968,12978,10887,8324,177,178
1789637020847690829,merge,1.73803,1.63519,0.965114,0.816581,0.052843,5.29694,19968,19968,12956,11013,8325,177,178
1789637020946659413,merge,1.72803,1.63287,0.922544,0.789137,0.050187,5.21382,19968,20064,12791,10927,8326,177,178
1789637021047679965,merge,1.75927,1.60766,0.952685,0.790628,0.050816,5.25483,19968,19968,13129,10848,8327,177,178
1789637021147619092,merge,2.30739,1.5951,0.96686,0.794451,0.048116,5.82113,20160,19968,13016,11003,8328,177,178
1789637021247620189,merge,1.71417,1.61169,0.940508,0.804444,0.048813,5.23207,19872,19968,12928,11068,8329,177,178
1789637021347679984,merge,1.7678,1.60754,0.948524,0.796512,0.051039,5.2569,19968,19968,13214,10868,8330,177,178
1789637021447696006,merge,1.76842,1.61269,0.929064,0.787272,0.053716,5.24259,20160,19968,12980,10809,8331,177,178
1789637021547082214,merge,1.75663,1.64055,0.936463,0.799311,0.050053,5.27868,19872,20064,13022,10917,8332,177,178
1789637021647740230,merge,1.76446,1.60025,0.957783,0.757681,0.052811,5.21883,20064,19872,13210,10763,8333,177,178
1789637021746707349,merge,1.72188,1.58946,0.931361,0.793599,0.051173,5.17605,19968,20064,12930,10957,8334,177,178
1789637021847634636,merge,1.69529,1.60838,0.917138,0.78429,0.049365,5.14501,19968,20064,12925,11069,8335,177,178
1789637021946727510,merge,1.73479,1.5952,0.951403,0.775033,0.049091,5.19426,19968,19968,13253,10828,8336,177,178
1789637022046610460,merge,1.70582,1.56999,0.942562,0.795247,0.049654,5.15259,20160,19968,12862,10814,8337,177,178
1789637022147533780,merge,1.7186,1.62309,0.936842,0.790572,0.050174,5.20527,19872,20064,13053,11040,8338,177,178
1789637022247544302,merge,1.71859,1.60831,0.93744,0.77602,0.049424,5.17508,19968,19968,13219,10976,8339,177,178
1789637022346639009,merge,2.0279,1.58937,0.949962,0.791329,0.049489,5.50668,20064,20064,12853,10790,8340,177,178
1789637022447652891,merge,1.93154,1.58686,0.957554,0.771839,0.050602,5.4107,19968,19968,13271,10814,8341,177,178
1789637022547577051,merge,1.89037,1.61156,0.924315,0.776674,0.050199,5.35192,19968,19968,12974,10922,8342,177,178
1789637022646620023,merge,1.86793,1.59284,0.951314,0.792969,0.049816,5.35216,20160,19968,13007,10928,8343,177,178
1789637022747544207,merge,1.77633,1.60671,0.94508,0.783481,0.052973,5.26452,19872,20064,13173,10971,8344,177,178
1789637022846665966,merge,1.74372,1.62759,0.936404,0.77395,0.048852,5.21664,20064,19968,12979,10925,8345,177,178
1789637022947531225,merge,1.73925,1.64251,0.939131,0.811101,0.049906,5.27239,20064,20064,13058,11077,8346,177,178
1789637023047691344,merge,1.71836,1.57317,0.936126,0.78616,0.049489,5.14994,19968,19968,13181,10849,8347,177,178
1789637023147648322,merge,1.75404,1.58198,0.959306,0.793339,0.051215,5.2292,19872,19968,13158,10885,8348,177,178
1789637023247570331,merge,1.69795,1.64011,0.922126,0.794189,0.049218,5.19754,20160,20064,12867,10964,8349,177,178
1789637023347594341,merge,1.70915,1.61819,0.924602,0.757115,0.04924,5.14403,19776,19968,13066,10763,8350,177,178
1789637023447584956,merge,1.71134,1.60154,0.949551,0.778493,0.049656,5.17739,19968,19968,13202,10791,8351,177,178
1789637023546627815,merge,2.01363,1.60571,0.968072,0.804004,0.052606,5.5323,19968,20064,13059,11067,8352,177,178
1789637023647653877,merge,1.70902,1.59773,0.940242,0.835056,0.052973,5.21418,20064,19968,12935,10977,8353,177,178
1789637023747042217,merge,1.71494,1.57607,0.958301,0.775747,0.049769,5.15853,19968,19968,13177,10783,8354,177,178
1789637023847574241,merge,1.6959,1.58047,0.962613,0.790825,0.048869,5.15801,19968,19968,13011,10913,8355,177,178
1789637023946610352,merge,1.71953,1.6201,0.957708,0.793698,0.051037,5.22793,20160,20064,13065,11084,8356,177,178
1789637024047520275,merge,1.6874,1.61909,0.915645,0.765739,0.052278,5.12326,19872,19968,12945,10838,8357,177,178
1789637024147511739,merge,1.6949,1.59878,0.94302,0.774782,0.05058,5.14793,19872,20064,13051,10838,8358,177,178
1789637024247595025,merge,1.71896,1.62687,0.94882,0.768172,0.048218,5.19766,20160,19968,12842,10862,8359,177,178
1789637024347483258,merge,1.69163,1.59955,0.966075,0.807085,0.049608,5.1999,19872,20064,13054,11038,8360,177,178
1789637024447679534,merge,1.68948,1.56185,0.951075,0.778243,0.048874,5.11474,19968,19872,12933,10745,8361,177,178
1789637024546555412,merge,2.18157,1.6121,0.946041,0.791099,0.049334,5.68144,20160,20064,12995,10977,8362,177,178
1789637024647107640,merge,1.67501,1.59711,0.933929,0.794955,0.048893,5.13505,19872,20064,12860,11037,8363,177,178
1789637024747653694,merge,1.70342,1.58345,1.07214,0.790675,0.049245,5.28836,19968,19968,13142,10865,8364,177,178
1789637024847576631,merge,1.7068,1.5736,0.942994,0.783381,0.049011,5.14109,20160,19968,12896,10844,8365,177,178
1789637024947126655,merge,1.67963,1.60505,0.942488,0.789414,0.049804,5.15164,19776,20064,12952,10927,8366,177,178
1789637025047623849,merge,1.71372,1.5936,0.960985,0.771345,0.04931,5.1728,20064,19968,13245,10818,8367,177,178
1789637025147572651,merge,2.13056,1.5862,0.926282,0.769357,0.055185,5.57183,20064,20064,12812,10875,8368,177,178
1789637025247607464,merge,1.70673,1.59201,0.967078,0.786891,0.050331,5.18817,19968,19968,13207,10952,8369,177,178
1789637025347619568,merge,1.69956,1.59492,0.954442,0.801149,0.049655,5.18252,20064,19968,13084,10960,8370,177,178
1789637025447493860,merge,1.71076,1.58006,0.932734,0.780882,0.047056,5.1368,20064,19968,12943,10810,8371,177,178
1789637025546981007,merge,1.68589,1.59303,0.945659,0.803956,0.049998,5.15931,19872,20064,13002,10942,8372,177,178
1789637025647587851,merge,1.71413,1.59612,0.969869,0.793131,0.050116,5.20607,20160,19968,13145,10965,8373,177,178
1789637025747535003,merge,1.71942,1.60932,0.915871,0.78145,0.048402,5.16968,19872,20064,12746,10904,8374,177,178
1789637025847718137,merge,1.7332,1.59072,0.946431,0.800507,0.049796,5.20463,20064,19968,13252,10769,8375,177,178
1789637025947597526,merge,1.70448,1.60633,1.09884,1.06666,0.064759,5.62645,19968,19968,12873,10879,8376,177,178
1789637026047543433,merge,1.72633,1.6242,0.932777,0.777715,0.051107,5.19395,19968,19968,12906,10908,8377,177,178
1789637026146611895,merge,1.70414,1.62167,0.931812,0.785774,0.049908,5.1677,19968,20064,12972,10973,8378,177,178
1789637026247604403,merge,1.73439,1.60099,0.951056,0.785971,0.050976,5.21183,20064,19968,13109,10866,8379,177,178
1789637026347522148,merge,1.69924,1.59704,0.928675,0.792158,0.050602,5.15375,20064,19968,12845,10981,8380,177,178
1789637026446922419,merge,1.73836,1.61289,0.943481,0.768317,0.051879,5.20058,20064,20064,13239,10859,8381,177,178
1789637026547526044,merge,1.6877,1.58338,0.930908,0.779898,0.049354,5.11412,19968,19968,12708,10885,8382,177,178
1789637026647536261,merge,1.70569,1.59007,0.96578,0.805845,0.048794,5.20101,19968,19968,13050,10958,8383,177,178
1789637026746941936,merge,1.71267,1.60355,0.950945,0.797294,0.050629,5.20383,19968,20064,13146,10932,8384,177,178
1789637026847591833,merge,1.6978,1.57774,0.946551,0.777121,0.048526,5.13303,20064,19968,12860,10766,8385,177,178
1789637026947427423,merge,1.70478,1.59577,0.95445,0.798434,0.057414,5.19825,19968,20064,13107,10930,8386,177,178
1789637027047521484,merge,2.21244,1.60096,0.982583,0.798382,0.049821,5.73292,20064,19968,13188,11011,8387,177,178
1789637027147518111,merge,1.79722,1.71415,0.940437,0.837619,0.058043,5.45525,19968,19968,12823,10836,8388,177,178
1789637027247443280,merge,1.71655,1.59313,0.96754,0.787424,0.051264,5.20103,20064,20064,13164,10884,8389,177,178
1789637027347464100,merge,1.69787,1.59846,0.948327,0.784355,0.051574,5.16583,19968,19968,13164,10992,8390,177,178
1789637027447490018,merge,1.70958,1.60378,0.927319,0.799352,0.049176,5.17717,19968,20064,12620,11032,8391,177,178
1789637027547581834,merge,1.70907,1.58324,0.964571,0.781817,0.051027,5.17244,20064,19968,13246,10936,8392,177,178
1789637027647511238,merge,1.98692,1.59302,0.958736,0.795143,0.049527,5.46861,19968,19968,13028,10942,8393,177,178
1789637027747436134,merge,1.68993,1.61005,0.943456,0.794721,0.048888,5.17318,19872,20064,12671,10942,8394,177,178
1789637027847678866,merge,1.70055,1.58701,0.948002,0.794165,0.050365,5.1659,20064,19968,13060,10865,8395,177,178
1789637027946624083,merge,1.70997,1.5802,0.960257,0.795903,0.050296,5.18258,20064,19968,13210,10873,8396,177,178
1789637028047449013,merge,1.85624,1.60937,0.912762,0.805736,0.047588,5.32703,19968,20064,12580,11022,8397,177,178
1789637028147594164,merge,1.73747,1.62618,0.954347,0.779579,0.049924,5.23419,20064,19968,13249,10887,8398,177,178
1789637028247427354,merge,1.87268,1.58439,0.935784,0.783272,0.04988,5.33157,19968,19968,12900,10911,8399,177,178
1789637028347431678,merge,1.73127,1.62332,0.925205,0.791852,0.053793,5.21593,20064,20064,12906,11096,8400,177,178
1789637028447591852,merge,1.68564,1.60208,0.957245,0.798738,0.048772,5.17498,19872,19968,12984,11004,8401,177,178
1789637028547382829,merge,1.7198,1.58308,0.94229,0.793558,0.049106,5.1733,20064,19968,13081,10939,8402,177,178
1789637028647423251,merge,1.7158,1.59669,0.95912,0.792718,0.050619,5.2048,19968,20064,12894,10900,8403,177,178
1789637028747549044,merge,1.71055,1.60946,0.967759,0.811701,0.049916,5.23275,20064,19968,13185,11067,8404,177,178
1789637028846702471,merge,2.13573,1.60273,0.93809,0.805664,0.049538,5.6288,20064,19968,13002,10944,8405,177,178
1789637028947387376,merge,1.73607,1.59352,0.938636,0.868419,0.05097,5.27925,19968,20064,12973,10976,8406,177,178
1789637029047533280,merge,1.71674,1.59829,0.979991,0.807958,0.051006,5.24149,20064,19968,13279,11014,8407,177,178
1789637029147455983,merge,1.692,1.60139,0.92565,0.805165,0.048531,5.15689,19968,19968,12771,11044,8408,177,178
1789637029247397342,merge,1.7433,1.63078,0.954923,0.789195,0.054023,5.26503,20064,20064,13161,11028,8409,177,178
1789637029347484880,merge,1.72327,1.62606,0.946423,0.784543,0.050785,5.22265,19968,19968,13019,11010,8410,177,178
1789637029447888839,merge,1.73596,1.64274,0.939763,0.791428,0.05337,5.25347,19968,19968,12823,11050,8411,177,178
1789637029546911815,merge,1.75014,1.64724,0.942438,0.795014,0.052861,5.27622,20064,20064,13062,11082,8412,177,178
1789637029647566580,merge,1.74204,1.63076,0.974385,0.785419,0.05058,5.27628,19968,19968,13166,10954,8413,177,178
1789637029747451629,merge,1.73357,1.63853,0.917005,0.796038,0.05049,5.22659,20064,19968,12659,11036,8414,177,178
1789637029847882536,merge,1.7398,1.63815,0.941194,0.79767,0.049041,5.24456,19872,20064,13065,11051,8415,177,178
1789637029947502416,merge,1.72902,1.63672,0.959598,0.791214,0.052711,5.26786,20064,19968,13022,10999,8416,177,178
1789637030047458498,merge,1.73515,1.61464,0.92256,0.781182,0.050061,5.19763,19968,20064,12764,10925,8417,177,178
1789637030147485466,merge,1.73947,1.63511,0.953297,0.797478,0.050476,5.26703,20064,19968,13100,10999,8418,177,178
1789637030247506779,merge,1.74718,1.63238,0.950605,0.795181,0.050879,5.2636,19968,19968,13112,11050,8419,177,178
1789637030347372401,merge,1.73569,1.62187,0.936548,0.820949,0.05156,5.25821,20064,19968,12802,10983,8420,177,178
1789637030447426884,merge,1.69501,1.59556,0.942125,0.794141,0.049926,5.16267,19872,20064,13032,10943,8421,177,178
1789637030547455591,merge,1.71158,1.60913,1.00326,0.800669,0.050603,5.26592,20064,19968,13226,10943,8422,177,178
1789637030646615683,merge,1.72176,1.59981,0.947528,0.79215,0.048928,5.19801,20064,19968,12780,10940,8423,177,178
1789637030747010964,merge,1.71429,1.57941,0.953762,0.777136,0.05006,5.15789,19968,19968,13209,10824,8424,177,178
1789637030847409169,merge,1.70503,1.59039,0.964899,0.81089,0.048729,5.20512,19968,20064,13078,10993,8425,177,178
1789637030947344717,merge,1.72058,1.60348,0.944018,0.814629,0.049244,5.21987,20064,19968,12900,11007,8426,177,178
1789637031047448568,merge,1.69795,1.57325,0.962822,0.7833,0.050441,5.15282,19968,19872,13126,10822,8427,177,178
1789637031147385380,merge,1.72508,1.59199,0.951782,0.794499,0.049891,5.19987,20064,20160,13144,10970,8428,177,178
1789637031247405673,merge,1.97724,1.65857,0.94093,0.806433,0.050669,5.52948,19968,19968,12756,11049,8429,177,178
1789637031347476133,merge,1.72023,1.60445,1.07031,1.27812,0.068505,5.83235,19968,19968,13201,10931,8430,177,178
1789637031447521516,merge,1.70297,1.6372,0.929588,0.795781,0.049204,5.20471,19968,20064,12958,10896,8431,177,178
1789637031647910990,merge,1.68733,1.77617,0.953181,0.795841,0.047434,5.35674,19872,19968,12900,10914,8432,178,179
1789637031747327240,merge,1.7022,1.58875,0.949101,0.781175,0.048744,5.15328,19968,20064,13063,10848,8433,178,179
1789637031847416976,merge,1.70392,1.58261,0.920046,0.792562,0.048761,5.13017,20160,19968,12876,10902,8434,178,179
1789637031947909313,merge,1.71725,1.65057,1.50723,0.804859,0.056625,5.82495,19968,19968,13240,11003,8435,178,179
1789637032047855860,merge,1.69232,1.57946,0.926979,0.78605,0.048709,5.11668,19872,20064,12786,10861,8436,178,179
1789637032146815576,merge,1.8016,1.59149,0.973681,0.804674,0.050123,5.32257,20064,19968,12965,10896,8437,178,179
1789637032247348875,merge,1.72265,1.6073,0.982078,0.792638,0.050911,5.24085,20064,19968,13373,10966,8438,178,179
1789637032347315738,merge,1.70722,1.62248,0.911085,0.799386,0.052283,5.18191,19968,20064,12794,11126,8439,178,179
1789637032447376403,merge,1.70423,1.58066,0.9528,0.801593,0.052971,5.18082,19968,20064,13122,10765,8440,178,179
1789637032547476517,merge,1.7432,1.60844,0.967003,0.786451,0.050125,5.24351,20064,19968,13277,10859,8441,178,179
1789637032647473321,merge,1.69839,1.59637,0.937811,0.771558,0.04938,5.13896,19968,19968,12882,10919,8442,178,179
1789637032747820331,merge,1.75411,1.578,0.98948,0.784157,0.049146,5.24093,19968,19968,13452,10820,8443,178,179
1789637032847383972,merge,1.69649,1.59007,0.946928,0.79466,0.052305,5.16954,20064,20064,12913,10944,8444,178,179
1789637032947343582,merge,2.27435,1.5982,0.954446,0.783851,0.052185,5.76779,19968,19968,13308,10895,8445,178,179
1789637033047324263,merge,1.70408,1.5963,0.952989,0.781178,0.052188,5.17464,19968,19968,13033,10904,8446,178,179
1789637033147401422,merge,2.355,1.73152,0.97202,0.805287,0.054812,6.05595,19968,20064,13268,10975,8447,178,179
1789637033247483496,merge,1.76174,1.59884,0.936102,0.798073,0.050579,5.23381,19776,20064,12860,11006,8448,178,179
1789637033347458132,merge,1.72776,1.58963,1.07916,0.908705,0.052922,5.44801,20256,19872,13156,10887,8449,178,179
1789637033447321479,merge,2.37293,2.07664,1.2845,1.00841,0.055114,6.92265,19872,20064,12972,10749,8450,178,179
1789637033547375965,merge,1.69583,1.58757,1.00927,0.797295,0.053778,5.2337,19872,19968,13040,10862,8451,178,179
1789637033647327948,merge,1.68486,1.72944,0.918986,0.788801,0.051008,5.26274,20064,20064,12673,11102,8452,178,179
1789637033747462430,merge,1.77362,1.5857,0.953028,0.772579,0.052854,5.22659,20064,19968,13343,10856,8453,178,179
1789637033847394055,merge,1.83749,1.57213,0.942494,0.761643,0.049611,5.25781,19968,19968,12883,10812,8454,178,179
1789637033947289815,merge,1.70677,1.60933,0.925274,0.796457,0.052174,5.1843,20064,20064,12931,11067,8455,178,179
1789637034047469192,merge,1.71859,1.63687,0.930954,0.785962,0.050786,5.21664,19872,19968,12951,10958,8456,178,179
1789637034147419194,merge,2.14435,2.11601,1.24108,0.774791,0.049618,6.44428,19968,19968,13116,10822,8457,178,179
1789637034247310572,merge,2.32757,2.17383,1.08964,0.794816,0.050997,6.55411,20160,20064,12947,10844,8458,178,179
1789637034347922551,merge,1.78453,1.59698,0.939218,0.792933,0.056362,5.27257,19872,19968,13084,10885,8459,178,179
1789637034447813124,merge,1.84764,1.62167,0.94713,0.773918,0.054313,5.33326,19968,19968,13123,10796,8460,178,179
1789637034547281831,merge,2.43197,2.25262,1.48027,1.27915,0.06582,7.62484,20064,20064,12840,10995,8461,178,179
1789637034647437126,merge,1.90393,1.79343,0.971278,0.803385,0.052531,5.62165,19968,19968,13164,10968,8462,178,179
1789637034747809647,merge,1.70009,1.59258,0.941787,0.78858,0.050769,5.16006,19968,19968,13076,10885,8463,178,179
1789637034847853460,merge,2.26012,2.15895,1.32241,1.12196,0.065631,7.04843,20064,20064,12862,10907,8464,178,179
1789637034947370798,merge,2.29628,2.10101,1.39931,1.15475,0.062406,7.11508,19872,19968,12973,10901,8465,178,179
1789637035047321676,merge,2.31334,2.00185,0.97145,0.793247,0.051962,6.24229,20064,19968,13260,10980,8466,178,179
1789637035147269591,merge,1.78114,1.58748,0.930371,0.789854,0.049051,5.23427,20064,20064,12686,10728,8467,178,179
1789637035247343944,merge,1.80049,1.6148,0.936315,0.791261,0.056164,5.31059,19872,20064,13049,10907,8468,178,179
1789637035347416467,merge,1.8936,1.76516,1.05048,1.07669,0.063506,5.94598,20064,19872,13057,10889,8469,178,179
1789637035447283081,merge,2.41555,2.23038,1.29749,1.17474,0.071128,7.33363,20064,20064,12858,11005,8470,178,179
1789637035547409452,merge,1.6769,1.58127,0.942596,0.8245,0.05021,5.15984,19872,20064,12855,10910,8471,178,179
1789637035747232185,merge,2.25124,2.16717,1.41368,1.27618,0.069713,7.29863,19968,20064,12637,11075,8472,179,180
1789637035847472882,merge,1.82485,1.58812,0.940694,0.798378,0.052948,5.29391,19872,20064,13055,10978,8473,179,180
1789637035947410794,merge,1.7039,1.57531,0.957239,0.782261,0.049381,5.14863,20064,19968,13133,10775,8474,179,180
1789637036047431389,merge,1.71721,1.59644,0.893384,0.76779,0.049477,5.10431,20064,19968,12842,10900,8475,179,180
1789637036147879184,merge,1.9342,1.89784,0.954668,0.796729,0.05247,5.73341,19968,20064,13150,10884,8476,179,180
1789637036247433106,merge,1.7148,1.57621,0.960758,0.775462,0.048749,5.15929,20064,19872,13120,10775,8477,179,180
1789637036347787816,merge,1.69992,1.60008,0.937305,0.796189,0.049472,5.16541,19968,20064,12861,11135,8478,179,180
1789637036447389011,merge,1.69289,1.61332,0.945632,0.774546,0.049914,5.16,19968,20064,13088,10979,8479,179,180
1789637036547354037,merge,1.72038,1.57611,1.07188,0.777727,0.049395,5.27801,20064,19968,13181,10847,8480,179,180
1789637036647393791,merge,1.69888,1.57829,0.926757,0.79481,0.050239,5.13658,19968,19968,12811,10901,8481,179,180
1789637036747317864,merge,1.81178,1.66262,0.94958,0.802559,0.050395,5.37548,19968,20064,13152,11096,8482,179,180
1789637036947864815,merge,1.71469,1.58035,0.98203,0.758962,0.049277,5.17483,19968,19968,13018,10800,8483,180,181
1789637037047808258,merge,1.76308,1.59667,0.94102,0.796807,0.049736,5.2338,19968,20064,13000,10939,8484,180,181
1789637037147832210,merge,2.37757,2.10472,0.938248,0.783689,0.049259,6.35421,20064,19968,12954,10976,8485,180,181
1789637037247830224,merge,1.68839,1.57286,0.939005,0.789813,0.048617,5.12523,19968,19968,12851,10874,8486,180,181
1789637037347766544,merge,1.70671,1.58881,0.961445,0.798292,0.048557,5.18863,19968,20064,13171,10932,8487,180,181
1789637037447744220,merge,1.68471,2.12521,0.933572,0.783865,0.049537,5.67392,20064,19968,12708,10972,8488,180,181
1789637037547832668,merge,1.72118,1.61347,0.928496,0.775091,0.051936,5.17824,19968,19968,13061,10918,8489,180,181
1789637037647740133,merge,1.72533,1.60987,0.94404,0.775021,0.048491,5.18659,20064,20064,13120,10962,8490,180,181
1789637037747846714,merge,1.73591,1.62686,0.904966,0.782914,0.047246,5.18429,19968,19968,12763,11005,8491,180,181
1789637037847867732,merge,1.70648,1.59238,0.938152,0.784731,0.050747,5.15496,20064,19968,13203,10832,8492,180,181
1789637037947850503,merge,1.72075,1.60949,0.933474,0.77147,0.049905,5.1691,19968,20064,13106,10867,8493,180,181
1789637038047862192,merge,1.81916,1.76483,0.933995,0.796198,0.048431,5.45518,19968,19968,12749,10944,8494,180,181
1789637038147796137,merge,1.71308,1.59821,0.951731,0.780341,0.049982,5.17857,19968,19968,13125,10972,8495,180,181
1789637038247763714,merge,1.73015,1.59595,0.961168,0.786438,0.05043,5.20264,20064,20064,13310,10977,8496,180,181
1789637038347802642,merge,1.70036,1.57676,0.898859,0.78754,0.048495,5.08662,19968,19968,12692,10885,8497,180,181
1789637038447801940,merge,1.72625,1.59722,0.960146,0.774814,0.049445,5.19458,20064,19968,13246,10986,8498,180,181
1789637038547867693,merge,1.70004,1.59687,0.92016,0.765853,0.049755,5.1167,19968,20064,13010,10998,8499,180,181
1789637038647853908,merge,1.71168,1.58158,0.909262,0.785983,0.049382,5.11964,19968,19968,12826,10967,8500,180,181
1789637038747745620,merge,1.69929,1.61441,0.975082,0.795721,0.051826,5.22544,20064,20064,13108,11029,8501,180,181
1789637038847855301,merge,1.69793,1.6119,0.95182,0.80617,0.049932,5.20094,19968,19968,13060,11023,8502,180,181
1789637038947710924,merge,1.68604,1.58926,0.923784,0.800357,0.050312,5.13284,19968,19968,12696,10972,8503,180,181
1789637039047720543,merge,1.74277,1.58799,0.956102,0.795538,0.050041,5.2183,20064,19968,13293,10948,8504,180,181
1789637039147791703,merge,1.69584,1.60597,0.94235,0.797786,0.048718,5.17556,19968,20064,12896,11044,8505,180,181
1789637039247362595,merge,1.70328,1.60325,0.944532,0.789274,0.048925,5.17368,20064,19968,12987,11067,8506,180,181
1789637039347798375,merge,1.68294,1.61103,0.940245,0.791539,0.051097,5.16425,19968,19968,12954,10929,8507,180,181
1789637039447767742,merge,1.71406,1.60619,0.95298,0.806074,0.050044,5.20931,20064,20064,13007,11056,8508,180,181
1789637039547852645,merge,1.69401,1.61253,0.939115,0.793659,0.049967,5.17792,19968,19968,12837,11092,8509,180,181
1789637039647750895,merge,1.70922,1.61438,0.96691,0.802707,0.049958,5.24311,19968,19968,13179,11049,8510,180,181
1789637039747758592,merge,1.68313,1.59093,0.929741,0.794042,0.047823,5.12981,19968,20064,12784,10957,8511,180,181
1789637039847363906,merge,1.70657,1.60865,0.963234,0.808066,0.049049,5.22214,20064,19968,13044,11073,8512,180,181
1789637039947767758,merge,1.69363,1.60321,0.945186,0.802506,0.049376,5.17621,19968,19968,12993,11023,8513,180,181
1789637040047684271,merge,1.72128,1.59421,0.945219,0.792798,0.046125,5.17873,19968,20064,12879,10950,8514,180,181
1789637040147696904,merge,1.71117,1.59181,0.959322,0.81082,0.051948,5.21259,20064,19968,13094,10955,8515,180,181
1789637040247726156,merge,1.70248,1.59851,0.998841,0.830748,0.056033,5.27428,20064,19968,13179,10984,8516,180,181
1789637040347878361,merge,1.72804,1.6004,0.928328,0.80129,0.048498,5.19096,19968,20064,12832,11053,8517,180,181
1789637040447810210,merge,1.69483,1.57879,0.934441,0.788718,0.049811,5.13072,19968,19968,13040,10896,8518,180,181
1789637040547727777,merge,2.28263,1.63662,0.978784,0.7996,0.049963,5.85152,19968,20064,13218,11055,8519,180,181
1789637040647345096,merge,1.76609,1.63533,0.953497,0.877356,0.049719,5.37351,20064,19968,12845,10970,8520,180,181
1789637040747724012,merge,1.79771,1.6295,0.96278,0.778831,0.05012,5.32023,19968,19968,13130,10851,8521,180,181
1789637040847261923,merge,1.71992,1.59265,0.96547,0.776675,0.049798,5.19449,20064,20064,13165,10877,8522,180,181
1789637040947855374,merge,1.69681,1.59942,0.928927,0.796675,0.049534,5.15671,19968,19968,12810,10970,8523,180,181
1789637041047231984,merge,1.69523,1.5955,0.916106,0.782316,0.049324,5.12173,19968,19872,12990,10935,8524,180,181
1789637041147275364,merge,2.20826,1.61746,0.957613,0.793568,0.048287,5.7311,20064,20160,13221,10972,8525,180,181
1789637041247809232,merge,1.70058,1.58614,0.923985,0.784781,0.04904,5.13181,19968,19872,12572,10922,8526,180,181
1789637041347134329,merge,1.71105,1.61516,0.96612,0.817598,0.049975,5.24597,19968,20064,13176,11113,8527,180,181
1789637041447668435,merge,1.70703,1.5696,0.971146,0.76688,0.049438,5.14848,20064,19872,13037,10832,8528,180,181
1789637041547751888,merge,1.71092,1.59327,0.932826,0.799933,0.048854,5.17037,19968,20064,12841,11006,8529,180,181
1789637041647223803,merge,1.70813,1.60264,0.948992,0.786845,0.049148,5.18475,19968,20064,13077,10954,8530,180,181
1789637041747654523,merge,1.71201,1.57586,0.951143,0.765482,0.049619,5.13628,20064,19872,13152,10777,8531,180,181
1789637041847772008,merge,1.68963,1.58532,0.944876,0.788099,0.049277,5.14217,19968,20064,12765,10805,8532,180,181
1789637041947697364,merge,1.73612,1.59971,0.964946,0.797464,0.051326,5.23566,19968,20064,13204,11073,8533,180,181
1789637042047660789,merge,1.71212,1.59035,0.968302,0.793125,0.04953,5.19684,20064,19872,13240,10894,8534,180,181
1789637042147796243,merge,1.69545,1.62451,0.951702,0.797128,0.048966,5.20523,19968,20160,12793,10948,8535,180,181
1789637042247669574,merge,1.72443,1.57069,0.960403,0.76704,0.051424,5.1571,19968,19872,13299,10791,8536,180,181
1789637042347136253,merge,2.51526,1.64441,0.95731,0.792268,0.051998,6.07468,20064,19968,13117,10993,8537,180,181
1789637042447713917,merge,1.69647,1.60196,0.933318,0.7938,0.049137,5.16443,19968,20160,12847,11011,8538,180,181
1789637042547664907,merge,1.75233,1.57015,0.974396,0.792271,0.049723,5.22229,20064,19872,13499,10832,8539,180,181
1789637042647710596,merge,1.68572,1.59972,0.927071,0.788595,0.047985,5.13475,19968,19968,12883,10893,8540,180,181
1789637042747752255,merge,1.73642,1.60693,0.972481,0.792467,0.048975,5.24192,19968,20064,13290,10864,8541,180,181
1789637042847241390,merge,1.70297,1.57726,0.963555,0.790604,0.05007,5.16815,20064,19968,13061,10845,8542,180,181
1789637042947711265,merge,1.73166,1.59123,0.94542,0.794881,0.050908,5.20379,19968,19968,13162,10919,8543,180,181
1789637043047671255,merge,1.68683,1.60546,0.936313,0.813965,0.050004,5.17809,19872,20064,12905,11045,8544,180,181
1789637043147157322,merge,1.73111,1.57904,0.972012,0.786504,0.051064,5.2098,20160,19968,13267,10786,8545,180,181
1789637043247776063,merge,1.70008,1.58665,0.949353,0.78572,0.050671,5.15868,19776,19968,12984,10904,8546,180,181
1789637043347122312,merge,1.71311,1.609,0.948414,0.791453,0.050469,5.19764,20160,20064,12968,11064,8547,180,181
1789637043447195017,merge,1.69261,1.60189,0.959327,0.786749,0.049844,5.17682,19776,19968,12860,10938,8548,180,181
1789637043547162960,merge,1.71812,1.58458,0.970051,0.783215,0.049354,5.19058,20064,20064,13290,10748,8549,180,181
1789637043647253079,merge,1.69112,1.59399,0.933369,0.775288,0.048975,5.1357,20064,19968,12761,10901,8550,180,181
1789637043747709327,merge,1.7154,1.5952,0.963255,0.798973,0.050296,5.20886,19872,19968,13099,10974,8551,180,181
1789637043847177831,merge,1.72233,1.58561,0.934418,0.80042,0.048445,5.17759,19968,20064,13142,10925,8552,180,181
1789637043947235125,merge,1.70464,1.6171,0.983676,0.791211,0.049756,5.23473,20064,19968,12990,10855,8553,180,181
1789637044047131259,merge,1.70852,1.5918,0.950441,0.791308,0.04809,5.17252,19968,19968,13082,10994,8554,180,181
1789637044147658879,merge,1.70637,1.59443,0.957296,0.790404,0.049039,5.18182,19968,20064,13137,10937,8555,180,181
1789637044247659525,merge,1.71343,1.59785,0.969555,0.780763,0.050003,5.20128,20064,19968,13021,10853,8556,180,181
1789637044347637920,merge,1.72507,1.61253,0.932034,0.779839,0.049846,5.18423,19968,19968,13020,10947,8557,180,181
1789637044447654242,merge,1.73491,1.65953,0.94591,0.782573,0.052863,5.26078,19968,20160,13169,10896,8558,180,181
1789637044547638762,merge,1.75128,1.57852,0.941056,0.77278,0.049498,5.18667,19968,19872,12889,10748,8559,180,181
1789637044647710769,merge,1.71402,1.59083,0.96701,0.791176,0.048978,5.19591,20064,19968,13105,10882,8560,180,181
1789637044747612159,merge,1.68964,1.60703,0.953016,0.792714,0.049711,5.17654,19968,20064,13014,11086,8561,180,181
1789637044847729464,merge,1.723,1.60009,0.941307,0.771091,0.052686,5.17643,20064,19968,13001,10829,8562,180,181
1789637044947669939,merge,1.75079,1.61458,0.925231,0.790988,0.049394,5.21949,19968,20064,12875,10939,8563,180,181
1789637045047712553,merge,1.73558,1.5947,0.940312,0.783425,0.050031,5.19111,19968,19968,13183,10983,8564,180,181
1789637045147694625,merge,1.71356,1.59333,0.916434,0.785703,0.048623,5.1354,20064,19968,12775,10953,8565,180,181
1789637045347658417,merge,1.7643,1.59532,0.931168,0.793474,0.119286,5.28722,19968,19968,13015,10887,8566,180,181
1789637045447642227,merge,1.75673,1.61231,0.933564,0.776062,0.249469,5.41695,20064,19872,12954,10891,8567,180,181
1789637045547712926,merge,1.83917,1.61338,0.937105,0.795235,0.180883,5.45801,19968,20064,13014,10931,8568,180,181
1789637045647707502,merge,1.81331,1.86105,1.12031,0.776216,0.17737,5.85595,19968,19968,13146,10889,8569,180,181
1789637045747607974,merge,1.82778,1.84713,1.20824,0.788967,0.179038,5.96929,20064,19968,12902,10921,8570,180,181
1789637045847744843,merge,1.9527,1.6956,1.33099,0.805166,0.181876,6.07117,19968,19968,13046,10878,8571,180,181
1789637045947630128,merge,1.98317,1.81672,1.08625,0.829654,0.199693,6.02897,19968,20256,13202,11049,8572,180,181
1789637046047600186,merge,1.83712,1.61617,1.27908,0.794385,0.245212,5.87746,20064,19776,12867,10894,8573,180,181
1789637046147675497,merge,1.96907,1.60676,0.947165,0.779551,0.178897,5.58179,19968,20064,13173,10921,8574,180,181
1789637046247577367,merge,1.84019,1.67222,0.95614,0.780486,0.17793,5.52327,20064,19968,13160,10783,8575,180,181
1789637046347694461,merge,1.95253,1.61059,0.939224,0.809737,0.181709,5.60233,19968,20160,12744,11074,8576,180,181
1789637046447653762,merge,1.75578,1.5757,0.955103,0.773989,0.252559,5.39867,19968,19776,13023,10776,8577,180,181
1789637046547024219,merge,2.54591,2.51174,1.36306,1.12487,0.297552,7.99411,20064,20160,13257,10973,8578,180,181
1789637046647678428,merge,2.61192,1.5688,0.916967,0.778095,0.250776,6.23669,19968,19872,12634,10774,8579,180,181
1789637046747602288,merge,1.70992,1.68384,0.959727,0.80563,0.177229,5.42065,20064,20064,13244,11103,8580,180,181
1789637046847686354,merge,1.76544,1.67336,0.951084,0.795616,0.166423,5.43117,19968,19968,12952,10963,8581,180,181
1789637046947607013,merge,1.76563,1.59605,0.934782,0.789073,0.176784,5.34957,19968,20160,12768,10889,8582,180,181
1789637047047576743,merge,1.70529,1.57915,0.938907,0.786252,0.245473,5.3378,20064,19872,13051,10815,8583,180,181
1789637047147640036,merge,1.7932,1.68187,0.960318,0.773413,0.180613,5.47932,19968,19968,13131,10932,8584,180,181
1789637047247585755,merge,1.74369,1.60891,0.960736,0.82255,0.175425,5.39937,19968,20160,12619,11025,8585,180,181
1789637047347580818,merge,1.70815,1.57709,0.975695,0.800972,0.245928,5.39153,20064,19872,13203,10783,8586,180,181
1789637047447677506,merge,1.77394,1.596,0.95166,0.795543,0.160297,5.36722,19968,20064,13056,11013,8587,180,181
1789637047547551317,merge,1.7081,1.66964,0.940445,0.824059,0.177794,5.4098,20064,19968,12894,10936,8588,180,181
1789637047647696689,merge,1.78439,1.65583,0.948913,0.790306,0.19156,5.45465,19968,19968,13191,10890,8589,180,181
1789637047747545730,merge,1.76325,1.59285,0.945571,0.81318,0.161231,5.36031,19968,20064,12998,11011,8590,180,181
1789637047847592660,merge,1.71662,1.67949,0.946534,0.813375,0.176979,5.4186,20064,19968,13025,11020,8591,180,181
1789637047947681422,merge,1.77151,1.65141,0.945621,0.776898,0.177456,5.40537,19968,19968,13100,10814,8592,180,181
1789637048047570173,merge,1.77763,1.66257,0.931349,0.782342,0.174545,5.41884,19968,19968,12992,10826,8593,180,181
1789637048147017081,merge,2.46549,1.70549,0.942049,0.789943,0.179579,6.19318,20064,20064,12940,11004,8594,180,181
1789637048247675385,merge,1.77514,1.6036,0.969103,0.798596,0.173852,5.40826,19968,20064,13179,10979,8595,180,181
1789637048347559474,merge,1.75409,1.58355,0.929044,0.795687,0.176698,5.3278,19968,20064,12783,10934,8596,180,181
1789637048447537848,merge,1.71507,1.58074,0.946726,0.782189,0.240013,5.3591,20064,19872,13100,10939,8597,180,181
1789637048547566639,merge,1.77109,1.62827,0.967571,0.801379,0.177823,5.44427,19968,20064,12990,11087,8598,180,181
1789637048647584780,merge,1.71515,1.57987,0.951098,0.777242,0.245179,5.35864,20064,19872,12895,10854,8599,180,181
1789637048747594379,merge,1.79248,1.63074,0.923912,0.81308,0.187787,5.44101,19968,20160,12929,11068,8600,180,181
1789637048847601703,merge,1.75635,1.62918,0.969198,0.787789,0.26393,5.49475,20064,19872,13239,10996,8601,180,181
1789637048947678645,merge,1.80396,1.63922,0.915825,0.779798,0.181625,5.41867,19968,20064,12580,10941,8602,180,181
1789637049047632450,merge,1.78906,1.67326,0.946914,0.802804,0.181279,5.4864,19968,19968,13147,10991,8603,180,181
1789637049147153243,merge,1.71469,1.6885,0.964601,0.812589,0.18095,5.45554,20064,19968,13119,11072,8604,180,181
1789637049247609154,merge,1.78047,1.69055,0.925862,0.797181,0.17496,5.4582,19968,19968,12706,11078,8605,180,181
1789637049347597079,merge,1.72054,1.69368,0.961892,0.805204,0.176923,5.44722,20064,20064,13217,11088,8606,180,181
1789637049447658572,merge,1.78159,1.67254,0.965925,0.807832,0.178127,5.49723,19968,19968,13143,10934,8607,180,181
1789637049547637314,merge,1.72121,1.68906,0.933696,0.803216,0.178209,5.41168,20064,19968,12888,11056,8608,180,181
1789637049647664447,merge,1.78239,1.60765,0.97165,0.796379,0.180351,5.43313,19968,20064,13128,11065,8609,180,181
1789637049747619009,merge,1.76914,1.60372,0.970336,0.805791,0.183617,5.42217,19968,20064,13163,10967,8610,180,181
1789637049847530482,merge,1.77223,1.68432,0.949158,0.802164,0.186735,5.50681,19968,19968,12739,11053,8611,180,181
1789637049947085946,merge,1.73794,1.69291,0.98093,0.796328,0.183336,5.4809,20064,19968,13271,11044,8612,180,181
1789637050047608110,merge,1.77951,1.60461,0.965446,0.798548,0.180041,5.42252,19968,20064,13014,11020,8613,180,181
1789637050147498622,merge,1.79606,1.66041,0.928695,0.777404,0.17515,5.42853,19968,19968,12836,10896,8614,180,181
1789637050247164125,merge,1.72008,1.66806,0.980474,0.793457,0.176508,5.4272,20064,19968,13100,10940,8615,180,181
1789637050347541358,merge,1.98267,1.61233,0.934249,0.787927,0.17899,5.60322,19968,20064,13114,10997,8616,180,181
1789637050447537045,merge,1.70285,1.5873,0.943258,0.754967,0.244657,5.31906,20064,19872,12791,10882,8617,180,181
1789637050547561193,merge,1.87636,1.58973,0.951469,0.79795,0.183159,5.49456,19968,20064,13173,10940,8618,180,181
1789637050647533853,merge,1.71126,1.68805,0.937631,0.791208,0.176126,5.39239,20064,19968,12875,11020,8619,180,181
1789637050747673014,merge,1.78237,1.6746,0.943051,0.79044,0.177157,5.45359,19968,19968,12951,11005,8620,180,181
1789637050847548293,merge,1.76774,1.58862,0.934453,0.76291,0.17283,5.3209,19968,20064,12983,10801,8621,180,181
1789637050947533810,merge,1.71202,1.66805,0.93928,0.789762,0.177895,5.3747,20064,19968,13013,10934,8622,180,181
1789637051047649561,merge,1.77094,1.67948,0.956445,0.794502,0.177115,5.46143,19968,19968,12918,11005,8623,180,181
1789637051147529031,merge,1.78119,1.59077,1.13198,0.993445,0.180895,5.7744,19968,20064,13101,10937,8624,180,181
1789637051247575863,merge,1.99517,1.57534,0.927985,0.775697,0.243032,5.62325,20064,19872,12971,10823,8625,180,181
1789637051347642850,merge,1.79801,1.69092,1.23905,1.17563,0.185392,6.18747,19968,20064,12979,10970,8626,180,181
1789637051447526307,merge,1.83708,1.68169,0.943498,0.798106,0.178522,5.52954,19968,19968,13241,10941,8627,180,181
1789637051547472653,merge,1.75985,1.77869,0.936233,0.796735,0.178234,5.55342,20064,19968,12961,10916,8628,180,181
1789637051647514676,merge,1.91914,2.39559,1.3522,1.12598,0.284491,7.21792,19968,19968,13089,10998,8629,180,181
1789637051747528925,merge,2.65336,2.40845,1.32091,0.845662,0.190861,7.60848,19968,20064,13175,11066,8630,180,181
1789637051847477826,merge,1.7317,1.6519,0.94464,0.775704,0.171429,5.37228,20064,19968,12955,10782,8631,180,181
1789637051947506628,merge,1.75855,1.60218,0.952688,0.786295,0.156156,5.33993,19968,20064,12974,10824,8632,180,181
1789637052047562254,merge,1.77772,1.70346,0.966453,0.792676,0.174867,5.5007,19968,19968,13248,11002,8633,180,181
1789637052147024509,merge,1.70052,1.6643,0.926924,0.781327,0.172558,5.33055,20064,19968,12812,10866,8634,180,181
1789637052247491228,merge,1.76294,1.5898,0.959344,0.800524,0.159015,5.3636,19968,20064,13114,10901,8635,180,181
1789637052347507953,merge,1.75844,1.71824,0.947619,0.809224,0.186369,5.5137,20064,19968,13204,10931,8636,180,181
1789637052447628879,merge,1.80411,1.68978,0.94128,0.784399,0.189601,5.5157,19968,19968,12825,10973,8637,180,181
1789637052547584352,merge,1.78961,1.65986,0.928855,0.762175,0.174214,5.40407,19968,19968,13242,10817,8638,180,181
1789637052647471327,merge,1.71095,1.65963,0.960729,0.773571,0.150257,5.34282,20064,20064,12988,10996,8639,180,181
1789637052747604256,merge,1.76771,1.67434,0.952236,0.804395,0.173799,5.45513,19968,19968,13000,10921,8640,180,181
1789637052847535344,merge,1.78781,1.60733,0.962169,0.798295,0.152773,5.38991,19968,20160,13232,10861,8641,180,181
1789637052947527251,merge,1.70369,1.57137,0.956071,0.773743,0.230354,5.31435,20064,19872,12993,10746,8642,180,181
1789637053047608678,merge,1.72802,1.64773,0.960587,0.813075,0.246495,5.48594,19872,19968,13147,10955,8643,180,181
1789637053146992205,merge,1.71945,1.66361,0.959964,0.803117,0.155568,5.3885,20064,20064,13145,11000,8644,180,181
1789637053247552722,merge,1.79702,1.65432,0.972234,0.79171,0.180968,5.48394,19968,19968,13259,10776,8645,180,181
1789637053346999773,merge,1.6926,1.64437,0.944026,0.792372,0.248064,5.40636,19872,19968,12860,10949,8646,180,181
1789637053446967955,merge,1.78281,1.67626,0.953816,0.80803,0.183026,5.48731,19968,19968,13030,11004,8647,180,181
1789637053546886233,merge,1.76865,1.59332,0.951326,0.808748,0.15901,5.36443,19968,20064,13188,10916,8648,180,181
1789637053647003791,merge,1.71714,1.64995,0.952032,0.785212,0.179444,5.37203,20064,19968,13096,10788,8649,180,181
1789637053746887779,merge,1.70413,1.60172,0.948602,0.796626,0.203012,5.33945,19872,20064,12786,10869,8650,180,181
1789637053847092376,merge,1.72588,1.66662,0.985391,0.787537,0.184849,5.43565,20064,19968,13298,10911,8651,180,181
1789637053947057750,merge,1.78018,1.58841,0.944656,0.81079,0.1502,5.35633,19968,20064,12990,10943,8652,180,181
1789637054047484180,merge,1.71574,1.66247,0.961067,0.787095,0.177493,5.3861,20064,19968,12975,10963,8653,180,181
1789637054147478325,merge,1.69539,1.65364,0.936386,0.780256,0.248341,5.39269,19872,19968,12943,10966,8654,180,181
1789637054246978898,merge,1.73053,1.66943,0.980835,0.805035,0.203186,5.47751,20160,20064,13225,10930,8655,180,181
1789637054347490190,merge,1.75861,1.65622,0.935002,0.792591,0.176983,5.40438,19968,19968,12718,10872,8656,180,181
1789637054447619588,merge,1.78563,1.68133,0.964362,0.810528,0.182152,5.52109,19968,19968,13203,10913,8657,180,181
1789637054547470619,merge,1.74657,1.59302,1.14768,0.782849,0.154114,5.50854,19968,20064,12943,10759,8658,180,181
1789637054647555305,merge,1.70982,1.6501,0.968031,0.924684,0.182846,5.51816,20064,19968,12904,10788,8659,180,181
1789637054747526787,merge,1.67791,1.61422,0.955514,0.803362,0.21675,5.36749,19872,20064,12913,11083,8660,180,181
1789637054847415028,merge,1.71967,1.66631,0.980329,0.804728,0.181138,5.43421,20064,19968,13262,10947,8661,180,181
1789637054947552219,merge,1.76528,1.65897,0.933826,0.776786,0.175645,5.39539,19968,19968,12783,10798,8662,180,181
1789637055046908212,merge,1.77511,1.66592,0.953522,0.807893,0.181591,5.47358,19968,19968,13099,10917,8663,180,181
1789637055146931396,merge,1.72215,1.68868,0.963438,0.808008,0.210902,5.48059,20064,20064,13232,11063,8664,180,181
1789637055247065883,merge,1.7561,1.6634,0.929539,0.785152,0.181988,5.40569,19968,19968,12739,10872,8665,180,181
1789637055346894347,merge,1.76275,1.66486,0.980332,0.800502,0.190971,5.48939,19968,19968,13198,10777,8666,180,181
1789637055446891945,merge,1.71667,1.67317,0.963056,0.793844,0.185736,5.42119,20064,19968,13175,10881,8667,180,181
1789637055547412198,merge,1.72229,1.67967,0.937276,0.764911,0.183511,5.378,20064,20064,12930,10844,8668,180,181
1789637055647560355,merge,1.7639,1.65023,0.949506,0.794543,0.183593,5.43093,19968,19968,13061,10845,8669,180,181
1789637055747492379,merge,1.76005,1.59706,0.949467,0.796345,0.199859,5.39103,19968,20064,13097,10996,8670,180,181
1789637055847411352,merge,1.7198,1.68902,0.928354,0.800555,0.177449,5.40134,20064,20064,12826,10994,8671,180,181
1789637055947525832,merge,1.78177,1.5685,0.951742,0.794784,0.247238,5.43164,19968,19872,13187,10702,8672,180,181
1789637056047501414,merge,1.89186,2.24593,1.43444,1.20003,0.259157,7.17489,19968,19968,12868,10885,8673,180,181
1789637056147428352,merge,1.73498,1.7161,0.966866,0.815851,0.191695,5.52291,20064,20064,12983,11044,8674,180,181
1789637056247528892,merge,1.84435,1.60733,0.95035,0.824561,0.224096,5.54639,19968,20064,12966,10901,8675,180,181
1789637056347401763,merge,1.72474,1.67761,0.954223,0.783325,0.181108,5.40617,20064,19968,13080,10753,8676,180,181
1789637056447502918,merge,1.75732,1.60915,0.94316,0.803863,0.150717,5.34901,19968,20064,12859,11032,8677,180,181
1789637056547498508,merge,1.76869,1.67548,0.95775,0.804889,0.177945,5.47103,19968,19968,13117,11004,8678,180,181
1789637056647471263,merge,1.73784,1.70066,0.94442,0.808634,0.163912,5.45047,20064,19968,12888,10871,8679,180,181
1789637056747489160,merge,1.76789,1.65474,0.947161,0.7909,0.173124,5.4174,19968,19968,12981,10809,8680,180,181
1789637056847453798,merge,1.73554,1.7259,0.956579,0.796411,0.205382,5.51736,20064,20064,13195,11061,8681,180,181
1789637056947488207,merge,1.80534,1.70373,0.939566,0.799113,0.17405,5.51854,19968,19968,12803,10867,8682,180,181
1789637057047497977,merge,2.0233,1.60934,0.936277,0.789819,0.167495,5.63306,19968,20160,13097,10937,8683,180,181
1789637057147383707,merge,1.7146,1.58252,0.958948,0.7884,0.240807,5.36816,20064,19872,13192,10925,8684,180,181
1789637057247568795,merge,1.77387,1.67838,0.945433,0.790566,0.176707,5.45245,19968,19968,12862,10924,8685,180,181
1789637057347406031,merge,1.88342,1.60143,0.945791,0.788033,0.245644,5.58395,19968,20160,13023,10950,8686,180,181
1789637057447406043,merge,1.73856,1.57467,0.969027,0.778119,0.240247,5.39836,20064,19872,13267,10834,8687,180,181
1789637057547467128,merge,1.76962,1.68901,0.927433,0.799234,0.172453,5.44459,19968,19968,12666,10997,8688,180,181
1789637057647452445,merge,1.72058,1.67503,1.2556,0.798978,0.18235,5.72089,20064,20064,13245,10900,8689,180,181
1789637057747482450,merge,1.76131,1.66085,0.971807,0.791088,0.175173,5.4509,19968,19968,13035,10878,8690,180,181
1789637057847531676,merge,1.71342,1.67749,0.94775,0.8041,0.175161,5.40213,20064,19968,12863,11000,8691,180,181
1789637057947526298,merge,1.7493,1.60874,0.929044,0.801999,0.175026,5.34962,19968,20064,12990,11087,8692,180,181
1789637058047481653,merge,1.76778,1.66747,0.947343,0.784664,0.173075,5.42326,19968,19968,13155,10842,8693,180,181
1789637058147455045,merge,1.75036,1.59981,0.933081,0.802608,0.174701,5.34935,19968,20064,12578,10904,8694,180,181
1789637058247398386,merge,1.71759,1.67727,0.964875,0.787418,0.175617,5.40431,20064,19968,13250,10969,8695,180,181
1789637058347429525,merge,1.76485,1.59831,0.944027,0.785839,0.177585,5.35885,19968,20064,12955,10925,8696,180,181
1789637058447360989,merge,1.71464,1.57366,0.950877,0.803433,0.238134,5.3614,20064,19872,12914,10866,8697,180,181
1789637058647454027,merge,1.72054,1.60763,0.9762,0.803022,0.253222,5.44706,20064,19872,13033,10907,8698,180,181
1789637058747526251,merge,1.76183,1.66656,0.934207,0.78734,0.176578,5.41073,19968,19968,12804,10921,8699,180,181
1789637058847487082,merge,1.78189,1.67874,0.957433,0.800221,0.180685,5.48616,19968,19968,13128,11007,8700,180,181
1789637058947427903,merge,1.71907,1.71248,0.947056,0.826969,0.175548,5.48247,20064,20064,12995,11161,8701,180,181
1789637059047464721,merge,1.69186,1.60526,0.944393,0.787018,0.211882,5.32541,19872,20064,12870,10984,8702,180,181
1789637059147358901,merge,1.7133,1.65978,0.971143,0.798937,0.177154,5.40399,20064,19968,13252,10920,8703,180,181
1789637059247378444,merge,1.72004,1.68386,0.95158,0.816963,0.173952,5.43242,20064,19968,12964,11061,8704,180,181
1789637059347476503,merge,1.77024,1.60621,0.954549,0.786241,0.160342,5.36424,19968,20064,13091,11057,8705,180,181
