sensor,frame_index,header_ns,arrival_system_ns,arrival_steady_ns,points
rear,1,1789636614047686243,1789636614149064303,2934461675766098,19968
front,1,1789636614147817240,1789636614247596816,2934461774298289,19872
rear,2,1789636614147622812,1789636614248154977,2934461774855900,19968
front,2,1789636614246648844,1789636614347737783,2934461874439157,20064
rear,3,1789636614246767690,1789636614348262546,2934461874963517,19968
front,3,1789636614346736679,1789636614448922070,2934461975623470,19968
front,4,1789636614447668612,1789636614548507160,2934462075208539,20064
rear,4,1789636614447824498,1789636614549184408,2934462075885418,19872
front,5,1789636614547725223,1789636614648054624,2934462174755942,19968
rear,5,1789636614547560531,1789636614648708016,2934462175409012,19968
front,6,1789636614647686863,1789636614748185903,2934462274887316,20064
rear,6,1789636614646620011,1789636614748857124,2934462275558148,19968
front,7,1789636614747694365,1789636614847840659,2934462374542178,19872
rear,7,1789636614746576041,1789636614848477324,2934462375178355,20064
front,8,1789636614846591076,1789636614948161874,2934462474863453,20160
rear,8,1789636614846780724,1789636614948744588,2934462475445542,20064
front,9,1789636614947785976,1789636615048030061,2934462574731112,19968
rear,9,1789636614947602919,1789636615048572009,2934462575272922,19968
front,10,1789636615047720456,1789636615147809000,2934462674510109,19968
rear,10,1789636615047528261,1789636615148326948,2934462675027979,20064
front,11,1789636615146654959,1789636615247961661,2934462774662950,19968
rear,11,1789636615147639235,1789636615248468569,2934462775169579,19968
front,12,1789636615246642530,1789636615347706105,2934462874407564,19968
rear,12,1789636615247594440,1789636615348219495,2934462874920472,19968
front,13,1789636615346533210,1789636615447843249,2934462974544660,20064
rear,13,1789636615346717682,1789636615448351880,2934462975052833,19968
front,14,1789636615446663587,1789636615547962282,2934463074663622,20064
rear,14,1789636615446684969,1789636615548490149,2934463075191086,19968
front,15,1789636615547713022,1789636615647762086,2934463174463527,19968
rear,15,1789636615546551208,1789636615648288477,2934463174989359,20064
front,16,1789636615647622132,1789636615748121226,2934463274822646,19968
rear,16,1789636615646512261,1789636615748614916,2934463275315895,20064
front,17,1789636615747610968,1789636615848156511,2934463374857831,20064
rear,17,1789636615746862382,1789636615848673795,2934463375374918,19968
front,18,1789636615847637844,1789636615947604771,2934463474305916,19968
rear,18,1789636615847514842,1789636615948077569,2934463474778435,19968
front,19,1789636615947599203,1789636616047735384,2934463574436646,19968
rear,19,1789636615946511365,1789636616048338163,2934463575039103,20064
front,20,1789636616046572708,1789636616148118340,2934463674820102,20064
rear,20,1789636616047540172,1789636616148677069,2934463675377984,19968
front,21,1789636616147647305,1789636616247526709,2934463774228389,19968
rear,21,1789636616147537794,1789636616248077078,2934463774778041,19968
front,22,1789636616246517667,1789636616347723552,2934463874425106,20064
rear,22,1789636616246653931,1789636616348267595,2934463874968588,19968
front,23,1789636616347707871,1789636616447479603,2934463974181049,19968
rear,23,1789636616346564394,1789636616448016893,2934463974717861,20064
front,24,1789636616446629511,1789636616547718709,2934464074420015,19968
rear,24,1789636616447475538,1789636616548248395,2934464074949344,20064
front,25,1789636616547552365,1789636616647874488,2934464174575848,20064
rear,25,1789636616547572658,1789636616648411218,2934464175112099,19872
front,26,1789636616647608575,1789636616747498626,2934464274200177,19968
rear,26,1789636616646512193,1789636616748042963,2934464274743823,19968
front,27,1789636616747570189,1789636616847511455,2934464374212888,19968
front,28,1789636616846494800,1789636616947645679,2934464474347121,19968
rear,27,1789636616847601445,1789636616948179417,2934464474880303,19968
rear,28,1789636616947460708,1789636617048239066,2934464574940227,19968
front,29,1789636617047728908,1789636617147714052,2934464674415840,19872
rear,29,1789636617047444654,1789636617148445790,2934464675146786,19968
front,30,1789636617146479343,1789636617247947714,2934464774649071,20064
rear,30,1789636617146605995,1789636617248652552,2934464775353528,20064
front,31,1789636617247554679,1789636617347687743,2934464874388841,19968
rear,31,1789636617246776659,1789636617348227813,2934464874928736,19968
front,32,1789636617346490545,1789636617447623595,2934464974324814,20064
rear,32,1789636617346630796,1789636617448165791,2934464974866724,19968
front,33,1789636617447564064,1789636617547442274,2934465074143784,19968
rear,33,1789636617446479754,1789636617547980550,2934465074681473,20064
front,34,1789636617546500493,1789636617647632086,2934465174333524,19968
rear,34,1789636617547438281,1789636617648189967,2934465174890909,19968
front,35,1789636617646474966,1789636617747591781,2934465274293511,20064
rear,35,1789636617646619042,1789636617748142021,2934465274842919,20064
front,36,1789636617747524216,1789636617847599257,2934465374301009,19968
rear,36,1789636617747543993,1789636617848133386,2934465374834371,19968
front,37,1789636617846521693,1789636617948980244,2934465475681710,20064
rear,37,1789636617847413907,1789636617949694635,2934465476395622,20064
front,38,1789636617947500802,1789636618048774666,2934465575476436,19968
rear,38,1789636617947633031,1789636618049365185,2934465576066205,20064
front,39,1789636618047550626,1789636618147582724,2934465674284204,19968
rear,39,1789636618047769518,1789636618148196431,2934465674897358,19872
front,40,1789636618146425553,1789636618247674658,2934465774376015,20064
rear,40,1789636618147402693,1789636618248197346,2934465774898297,20064
front,41,1789636618247529886,1789636618347814462,2934465874515712,20064
rear,41,1789636618247509028,1789636618348351831,2934465875052757,19968
front,42,1789636618347577566,1789636618447422872,2934465974124460,19968
rear,42,1789636618347535004,1789636618447998599,2934465974699527,19968
front,43,1789636618447572168,1789636618548400971,2934466075102862,19968
rear,43,1789636618447457147,1789636618548980360,2934466075681270,20064
front,44,1789636618547462507,1789636618647734371,2934466174435707,19968
rear,44,1789636618547589918,1789636618648263771,2934466174964697,19968
front,45,1789636618646512453,1789636618748683176,2934466275384810,20064
rear,45,1789636618647370183,1789636618749226071,2934466275926934,20064
front,46,1789636618747500459,1789636618848538801,2934466375240132,19968
rear,46,1789636618747659391,1789636618849058717,2934466375759694,19968
front,47,1789636618847465085,1789636618947508444,2934466474209859,20064
rear,47,1789636618847593692,1789636618948044740,2934466474745615,19872
front,48,1789636618947537285,1789636619047357267,2934466574058320,19872
rear,48,1789636618946425181,1789636619047882996,2934466574583916,20064
rear,49,1789636619047382378,1789636619148158630,2934466674859777,19968
front,49,1789636619147513890,1789636619247505787,2934466774207078,19968
rear,50,1789636619147375010,1789636619247997961,2934466774698845,20064
front,50,1789636619247544659,1789636619347691979,2934466874393563,19968
rear,51,1789636619247405667,1789636619348182641,2934466874883704,19968
front,51,1789636619347463810,1789636619448386910,2934466975088261,20064
rear,52,1789636619346756617,1789636619448921207,2934466975622170,19968
front,52,1789636619447558844,1789636619548454613,2934467075156170,19968
rear,53,1789636619447537147,1789636619549001093,2934467075701961,20064
front,53,1789636619547475614,1789636619647644466,2934467174345746,19968
rear,54,1789636619547609824,1789636619648142818,2934467174843820,19968
front,54,1789636619647416162,1789636619748485220,2934467275186631,20064
rear,55,1789636619646765119,1789636619748982741,2934467275683639,20064
front,55,1789636619747528110,1789636619848553425,2934467375255100,19968
rear,56,1789636619747627565,1789636619849065179,2934467375766179,19968
front,56,1789636619847474106,1789636619947479812,2934467474181107,19968
rear,57,1789636619847677453,1789636619948037292,2934467474738215,19968
front,57,1789636619947418208,1789636620048402100,2934467575103549,20064
rear,58,1789636619947435557,1789636620048928350,2934467575629236,19968
front,58,1789636620047564942,1789636620147360691,2934467674062003,19968
rear,59,1789636620047506706,1789636620147868760,2934467674569717,19968
front,59,1789636620147483901,1789636620248267436,2934467774968689,19968
rear,60,1789636620147465376,1789636620248824425,2934467775525326,20064
front,60,1789636620247408892,1789636620347979947,2934467874681519,20064
rear,61,1789636620247546395,1789636620348732897,2934467875433945,19968
front,61,1789636620347528943,1789636620447524466,2934467974225596,19968
rear,62,1789636620347403442,1789636620448091409,2934467974792360,19968
front,62,1789636620447477326,1789636620547597356,2934468074298773,19968
rear,63,1789636620447375422,1789636620548107755,2934468074808746,20064
front,63,1789636620547372291,1789636620648498914,2934468175200262,20064
rear,64,1789636620547386537,1789636620648998107,2934468175699102,19968
front,64,1789636620647529193,1789636620748298725,2934468275004247,19968
rear,65,1789636620647467228,1789636620748805000,2934468275505912,20064
front,65,1789636620747437578,1789636620847749052,2934468374450408,20064
rear,66,1789636620747555271,1789636620848271416,2934468374972482,19872
front,66,1789636620847394528,1789636620948152851,2934468474854310,19968
rear,67,1789636620846528467,1789636620948674007,2934468475374957,20064
front,67,1789636620947410777,1789636621047852662,2934468574553855,19968
rear,68,1789636620947449820,1789636621048369981,2934468575070988,19968
front,68,1789636621046628346,1789636621147906510,2934468674608053,20064
rear,69,1789636621047336943,1789636621148456396,2934468675157400,19968
front,69,1789636621147379241,1789636621248497788,2934468775199241,19968
rear,70,1789636621147257070,1789636621248999825,2934468775700763,20160
front,70,1789636621247439424,1789636621348031251,2934468874732922,20064
rear,71,1789636621247562186,1789636621348595414,2934468875296399,19872
front,71,1789636621347438557,1789636621447378634,2934468974079871,19968
rear,72,1789636621347273233,1789636621447929174,2934468974630059,19968
front,72,1789636621447440513,1789636621547423120,2934469074124270,19968
rear,73,1789636621446430351,1789636621547940811,2934469074641780,20064
front,73,1789636621546685737,1789636621648402257,2934469175103627,19872
rear,74,1789636621547390490,1789636621648929618,2934469175630517,20064
front,74,1789636621647451353,1789636621748132329,2934469274833882,20064
rear,75,1789636621647484903,1789636621748854559,2934469275555593,19872
front,75,1789636621746719104,1789636621848207170,2934469374908406,19968
rear,76,1789636621747309140,1789636621848752187,2934469375453105,20064
front,76,1789636621847451558,1789636621948313289,2934469475014345,19872
rear,77,1789636621847416786,1789636621948805681,2934469475506656,20064
front,77,1789636621947338616,1789636622047810757,2934469574512026,20064
rear,78,1789636621947462176,1789636622048361504,2934469575062432,19872
front,78,1789636622047298150,1789636622148636314,2934469675338007,19968
rear,79,1789636622047231867,1789636622149361951,2934469676063022,20064
front,79,1789636622147499754,1789636622248916690,2934469775618147,19968
rear,80,1789636622147307952,1789636622249609738,2934469776310746,20064
front,80,1789636622247414122,1789636622347933313,2934469874635149,19968
rear,81,1789636622247515774,1789636622348617791,2934469875318727,19968
front,81,1789636622347314535,1789636622448702449,2934469975404003,20064
rear,82,1789636622347333067,1789636622449411486,2934469976112459,20064
front,82,1789636622447314625,1789636622548582128,2934470075283395,19872
rear,83,1789636622447527678,1789636622549166499,2934470075867496,19968
front,83,1789636622547248639,1789636622648340498,2934470175041753,20064
rear,84,1789636622547424955,1789636622648872992,2934470175573979,19968
front,84,1789636622647290110,1789636622748349593,2934470275050849,19968
rear,85,1789636622647374065,1789636622748857073,2934470275558009,20064
front,85,1789636622747303195,1789636622848491466,2934470375192595,20064
rear,86,1789636622747497840,1789636622849031413,2934470375732304,19968
front,86,1789636622847395687,1789636622948201146,2934470474902457,19968
rear,87,1789636622847417014,1789636622948752638,2934470475453599,19968
front,87,1789636622947482457,1789636623048271381,2934470574972706,20064
rear,88,1789636622947271622,1789636623048964387,2934470575665436,20064
front,88,1789636623047417880,1789636623148309896,2934470675011138,19872
rear,89,1789636623047439275,1789636623148856337,2934470675557262,19968
front,89,1789636623147281026,1789636623248403123,2934470775104385,20064
rear,90,1789636623147356608,1789636623248918542,2934470775619504,20064
front,90,1789636623247362264,1789636623348293676,2934470874994790,19968
rear,91,1789636623247522966,1789636623348873826,2934470875574716,19968
front,91,1789636623347259267,1789636623448123268,2934470974824578,19968
rear,92,1789636623347411541,1789636623448656133,2934470975357222,19968
front,92,1789636623447290387,1789636623548222388,2934471074923415,20064
rear,93,1789636623447374122,1789636623548809271,2934471075510267,20064
front,93,1789636623547312899,1789636623648354473,2934471175055662,19968
rear,94,1789636623547405628,1789636623648867471,2934471175568370,19968
front,94,1789636623647287993,1789636623748215226,2934471274916825,19968
rear,95,1789636623647387901,1789636623748774601,2934471275475576,19968
front,95,1789636623747213032,1789636623848260953,2934471374962183,20064
rear,96,1789636623747308175,1789636623848877933,2934471375578891,20064
front,96,1789636623847387044,1789636623948339088,2934471475040690,19968
rear,97,1789636623847416098,1789636623948896095,2934471475597109,19968
front,97,1789636623947232483,1789636624048230513,2934471574932271,20064
rear,98,1789636623947377291,1789636624048981658,2934471575682623,20064
front,98,1789636624047335045,1789636624148827390,2934471675529105,20064
rear,99,1789636624047378794,1789636624149350342,2934471676051306,19872
front,99,1789636624147439289,1789636624248591530,2934471775293036,19872
rear,100,1789636624147234451,1789636624249240910,2934471775941846,20064
front,100,1789636624247209285,1789636624348730820,2934471875431853,20064
rear,101,1789636624247407821,1789636624349226385,2934471875927284,19968
front,101,1789636624347283089,1789636624448582095,2934471975283178,20064
rear,102,1789636624347307444,1789636624449111289,2934471975812215,19968
front,102,1789636624447420416,1789636624548419168,2934472075120560,19872
rear,103,1789636624447216022,1789636624548974943,2934472075675881,20064
front,103,1789636624547153781,1789636624648669589,2934472175370835,20064
rear,104,1789636624547341389,1789636624649195636,2934472175896537,19968
front,104,1789636624647233714,1789636624748565865,2934472275267011,20064
rear,105,1789636624647287106,1789636624749079656,2934472275780577,19968
front,105,1789636624747360844,1789636624848322996,2934472375024460,19968
rear,106,1789636624747160960,1789636624848853107,2934472375554055,20064
front,106,1789636624847282739,1789636624948496051,2934472475197556,19968
rear,107,1789636624847323365,1789636624949043743,2934472475744666,19968
front,107,1789636624947174864,1789636625048467028,2934472575168318,20064
rear,108,1789636624947266881,1789636625049078567,2934472575779613,20064
front,108,1789636625047298530,1789636625148517182,2934472675218227,19968
rear,109,1789636625047350119,1789636625149017754,2934472675718917,19968
front,109,1789636625147239515,1789636625248455261,2934472775156575,20064
rear,110,1789636625147324729,1789636625248997608,2934472775698629,19968
front,110,1789636625247319129,1789636625348165880,2934472874867280,19872
rear,111,1789636625247256693,1789636625348709261,2934472875410187,20064
front,111,1789636625347115419,1789636625448428402,2934472975129983,20064
rear,112,1789636625347317959,1789636625448985721,2934472975686660,20064
front,112,1789636625447216598,1789636625548261592,2934473074963081,19968
rear,113,1789636625447413123,1789636625548830701,2934473075531661,19968
front,113,1789636625547206030,1789636625648235182,2934473174936356,20064
rear,114,1789636625547345387,1789636625648758976,2934473175459951,19968
front,114,1789636625647200595,1789636625748000514,2934473274702071,19968
rear,115,1789636625647237252,1789636625748526758,2934473275227673,19968
front,115,1789636625747183956,1789636625848118837,2934473374820386,20064
rear,116,1789636625747214737,1789636625848643931,2934473375344846,20064
front,116,1789636625847240882,1789636625948440911,2934473475142266,19968
rear,117,1789636625847261686,1789636625948985066,2934473475685961,20064
front,117,1789636625947203446,1789636626048178908,2934473574880092,20064
rear,118,1789636625947380219,1789636626048668772,2934473575369664,19872
front,118,1789636626047260075,1789636626148049415,2934473674750470,19968
rear,119,1789636626047208122,1789636626148541132,2934473675242083,20064
front,119,1789636626147230993,1789636626248141278,2934473774842346,19968
rear,120,1789636626147283707,1789636626248644854,2934473775345771,19968
front,120,1789636626247123675,1789636626348112039,2934473874813164,20064
rear,121,1789636626247242149,1789636626348689101,2934473875390083,19968
front,121,1789636626347305897,1789636626447974652,2934473974675717,19968
rear,122,1789636626347103646,1789636626448511960,2934473975212943,20064
front,122,1789636626447218509,1789636626548030419,2934474074731430,19968
rear,123,1789636626447253609,1789636626548606914,2934474075308065,19968
front,123,1789636626547102011,1789636626647983720,2934474174684734,20064
rear,124,1789636626547186148,1789636626648452587,2934474175153520,19968
front,124,1789636626647230510,1789636626748041062,2934474274742264,19968
rear,125,1789636626647156420,1789636626748589140,2934474275290071,20064
front,125,1789636626747139924,1789636626848162030,2934474374863378,19968
rear,126,1789636626747230601,1789636626848680875,2934474375382397,20064
front,126,1789636626847104856,1789636626948413412,2934474475114818,20064
rear,127,1789636626847311620,1789636626949006029,2934474475706953,19968
front,127,1789636626947160648,1789636627048015117,2934474574716582,19968
rear,128,1789636626947334874,1789636627048566194,2934474575267111,19968
front,128,1789636627047138392,1789636627148087104,2934474674788228,20064
rear,129,1789636627047245235,1789636627148577741,2934474675278710,19968
front,129,1789636627147184941,1789636627247926328,2934474774627484,19968
rear,130,1789636627147152539,1789636627248469499,2934474775170487,19968
front,130,1789636627247196613,1789636627347896803,2934474874597806,19968
rear,131,1789636627247143473,1789636627348407080,2934474875108096,20064
front,131,1789636627347045131,1789636627448052860,2934474974753987,19968
rear,132,1789636627347183052,1789636627448593607,2934474975294574,19968
front,132,1789636627447041892,1789636627548100512,2934475074801750,20064
rear,133,1789636627447116460,1789636627548663061,2934475075364137,20064
front,133,1789636627547034267,1789636627648178503,2934475174880016,19968
rear,134,1789636627547238531,1789636627648683151,2934475175384081,19968
front,134,1789636627647048580,1789636627748023947,2934475274725170,20064
rear,135,1789636627647272934,1789636627748534477,2934475275235400,19968
front,135,1789636627747088384,1789636627847873045,2934475374574258,19968
rear,136,1789636627747120876,1789636627848367941,2934475375068860,19968
front,136,1789636627847044802,1789636627947926605,2934475474627742,19968
rear,137,1789636627847097295,1789636627948457893,2934475475158791,20064
front,137,1789636627946992757,1789636628048251274,2934475574952448,20064
rear,138,1789636627947226408,1789636628048786889,2934475575487778,19968
front,138,1789636628047086465,1789636628148103788,2934475674805051,20064
rear,139,1789636628047146698,1789636628148619432,2934475675320289,19968
front,139,1789636628147213531,1789636628247909170,2934475774610325,19968
rear,140,1789636628147004750,1789636628248420351,2934475775121294,20064
front,140,1789636628247103374,1789636628348111200,2934475874812596,19968
rear,141,1789636628247145291,1789636628348650386,2934475875351362,20064
front,141,1789636628347025923,1789636628447933337,2934475974634417,19968
rear,142,1789636628347219555,1789636628448458965,2934475975159843,19872
front,142,1789636628446994830,1789636628548039669,2934476074741414,20064
rear,143,1789636628447081547,1789636628548595323,2934476075296230,20064
front,143,1789636628547009535,1789636628648024368,2934476174725573,19968
rear,144,1789636628547180696,1789636628648557990,2934476175258924,19968
front,144,1789636628646979243,1789636628747954614,2934476274655843,20064
rear,145,1789636628647076229,1789636628748451785,2934476275152788,20064
front,145,1789636628747143552,1789636628848150422,2934476374851666,19968
rear,146,1789636628747118235,1789636628848689252,2934476375390160,20064
front,146,1789636628847001894,1789636628948327014,2934476475028365,19968
rear,147,1789636628847781109,1789636628949074846,2934476475775853,19872
front,147,1789636628946967520,1789636629048292620,2934476574993870,20064
rear,148,1789636628947104881,1789636629048944587,2934476575645599,20064
front,148,1789636629047123734,1789636629148396366,2934476675097522,19968
rear,149,1789636629047187368,1789636629148900253,2934476675601144,19968
front,149,1789636629146984711,1789636629248008915,2934476774710120,19968
rear,150,1789636629147186813,1789636629248525013,2934476775225914,19968
front,150,1789636629246953422,1789636629348208251,2934476874909471,19968
rear,151,1789636629247044238,1789636629348795420,2934476875496418,20064
front,151,1789636629346911563,1789636629448451883,2934476975152955,20160
rear,152,1789636629347119979,1789636629448951007,2934476975651933,19872
front,152,1789636629447160346,1789636629548044060,2934477074745420,19872
rear,153,1789636629446953896,1789636629548568006,2934477075268878,20064
front,153,1789636629546930192,1789636629648555681,2934477175256725,20064
rear,154,1789636629547095883,1789636629649055930,2934477175756846,19968
front,154,1789636629647099468,1789636629748146370,2934477274847470,20064
rear,155,1789636629647140866,1789636629748752465,2934477275453404,20064
front,155,1789636629747039517,1789636629848403696,2934477375105017,19968
rear,156,1789636629747018012,1789636629848940177,2934477375641075,19872
front,156,1789636629847088737,1789636629948040942,2934477474742359,19968
rear,157,1789636629847109856,1789636629948599792,2934477475300721,19968
front,157,1789636629947026149,1789636630048198490,2934477574900211,20064
rear,158,1789636629947046767,1789636630048746434,2934477575447386,20064
front,158,1789636630047050001,1789636630148109968,2934477674811348,19872
rear,159,1789636630047102845,1789636630148652278,2934477675353144,19968
front,159,1789636630146885722,1789636630248045277,2934477774746867,20064
rear,160,1789636630146976035,1789636630248618169,2934477775319067,19968
front,160,1789636630246940775,1789636630347846867,2934477874548150,19968
rear,161,1789636630247026692,1789636630348367983,2934477875068941,20064
front,161,1789636630346930889,1789636630447840083,2934477974541364,19968
rear,162,1789636630347074006,1789636630448358891,2934477975059748,19968
front,162,1789636630446874279,1789636630547941826,2934478074643528,20160
rear,163,1789636630446978308,1789636630548446834,2934478075147875,19968
front,163,1789636630547103772,1789636630647871289,2934478174572534,19968
rear,164,1789636630546915149,1789636630648428745,2934478175129670,20064
front,164,1789636630646983083,1789636630747967167,2934478274668437,19968
rear,165,1789636630647101527,1789636630748483677,2934478275184782,20064
front,165,1789636630746961947,1789636630848081148,2934478374782566,19968
rear,166,1789636630747039529,1789636630848633650,2934478375334607,19968
front,166,1789636630846910957,1789636630947993672,2934478474694953,20064
rear,167,1789636630847073936,1789636630948508939,2934478475209873,19968
front,167,1789636630946947185,1789636631047850910,2934478574552248,19968
rear,168,1789636630947022405,1789636631048356833,2934478575057771,20064
front,168,1789636631046923716,1789636631148143227,2934478674844524,20064
rear,169,1789636631047059038,1789636631148671016,2934478675371920,19872
front,169,1789636631147083457,1789636631248053666,2934478774754845,19968
rear,170,1789636631146865853,1789636631248601220,2934478775302160,20064
front,170,1789636631247023649,1789636631348180693,2934478874881879,19872
rear,171,1789636631246992273,1789636631348705633,2934478875406546,19968
front,171,1789636631346824365,1789636631448211469,2934478974912708,20064
rear,172,1789636631346936504,1789636631448864005,2934478975564922,20064
front,172,1789636631446952797,1789636631548201702,2934479074902949,19968
rear,173,1789636631447031539,1789636631548717557,2934479075418497,19968
front,173,1789636631546865284,1789636631648190625,2934479174892019,20064
rear,174,1789636631547031596,1789636631648704778,2934479175405699,19968
front,174,1789636631647035529,1789636631747975964,2934479274677439,19776
rear,175,1789636631646837310,1789636631748490027,2934479275190980,20064
front,175,1789636631746826197,1789636631848140883,2934479374842057,20256
rear,176,1789636631747031282,1789636631848653382,2934479375354345,19968
front,176,1789636631846872228,1789636631947646063,2934479474347708,19776
rear,177,1789636631846958222,1789636631948185307,2934479474886255,19968
front,177,1789636631946925924,1789636632047827959,2934479574529128,19968
rear,178,1789636631946884669,1789636632048341438,2934479575042332,20064
front,178,1789636632046850492,1789636632147821386,2934479674522989,19968
rear,179,1789636632047039688,1789636632148355590,2934479675056513,19968
front,179,1789636632146845256,1789636632247814485,2934479774515706,20064
rear,180,1789636632146939208,1789636632248366770,2934479775067695,19968
front,180,1789636632246922111,1789636632347776392,2934479874477781,19872
rear,181,1789636632246943827,1789636632348306990,2934479875008043,20064
front,181,1789636632346787979,1789636632448193415,2934479974894902,20064
rear,182,1789636632346979983,1789636632448777787,2934479975478722,19968
front,182,1789636632446841095,1789636632547667487,2934480074368834,19968
rear,183,1789636632446893074,1789636632548278965,2934480074979984,19968
front,183,1789636632546774198,1789636632647769478,2934480174471177,19968
rear,184,1789636632546856943,1789636632648341399,2934480175042325,20064
front,184,1789636632646898754,1789636632747956604,2934480274658164,20064
rear,185,1789636632646926037,1789636632748506951,2934480275208050,19968
front,185,1789636632746866798,1789636632847651508,2934480374353133,19968
rear,186,1789636632746888388,1789636632848181313,2934480374882306,19968
front,186,1789636632846865437,1789636632947751103,2934480474452443,19968
rear,187,1789636632846844595,1789636632948268865,2934480474969821,20064
front,187,1789636632946766449,1789636633047824139,2934480574525524,19968
rear,188,1789636632946941966,1789636633048380096,2934480575081066,19968
front,188,1789636633046846378,1789636633148014662,2934480674716127,20064
rear,189,1789636633046898660,1789636633148543344,2934480675244286,19968
front,189,1789636633146771487,1789636633248115122,2934480774816434,19968
rear,190,1789636633146831730,1789636633248820622,2934480775521670,20064
front,190,1789636633246801240,1789636633348243649,2934480874945038,20064
rear,191,1789636633246875994,1789636633348848834,2934480875549827,20064
front,191,1789636633346800911,1789636633448084849,2934480974786204,19968
rear,192,1789636633346931763,1789636633448627390,2934480975328337,19872
front,192,1789636633446853392,1789636633548112290,2934481074813674,19968
rear,193,1789636633446810313,1789636633548822010,2934481075523001,20064
front,193,1789636633546736404,1789636633648005238,2934481174706548,20064
rear,194,1789636633546867489,1789636633648564556,2934481175265580,20064
front,194,1789636633646842255,1789636633747885932,2934481274587542,19968
rear,195,1789636633646947577,1789636633748407059,2934481275107999,19968
front,195,1789636633746762691,1789636633847734182,2934481374435588,19968
rear,196,1789636633746963520,1789636633848250980,2934481374951888,19968
front,196,1789636633846715879,1789636633947844013,2934481474545460,20160
rear,197,1789636633846884462,1789636633948433930,2934481475134886,19968
front,197,1789636633946946088,1789636634047784318,2934481574485497,19968
rear,198,1789636633946735603,1789636634048281310,2934481574982206,19968
front,198,1789636634046937481,1789636634147601621,2934481674302886,19872
rear,199,1789636634046741662,1789636634148131358,2934481674832264,20064
front,199,1789636634146698036,1789636634247967013,2934481774668458,20064
rear,200,1789636634146817152,1789636634248500641,2934481775201518,20064
front,200,1789636634246793898,1789636634347856653,2934481874557852,19968
rear,201,1789636634246875154,1789636634348359464,2934481875060348,19968
front,201,1789636634346769919,1789636634447750886,2934481974452417,20064
rear,202,1789636634346931251,1789636634448278913,2934481974979953,19968
front,202,1789636634446791348,1789636634547598890,2934482074300278,19968
rear,203,1789636634446861005,1789636634548147301,2934482074848202,20064
front,203,1789636634546797937,1789636634647877095,2934482174578439,20064
rear,204,1789636634546884836,1789636634648404985,2934482175105933,19968
front,204,1789636634646813711,1789636634747625799,2934482274327363,19968
rear,205,1789636634646904168,1789636634748149425,2934482274850379,19968
front,205,1789636634746762967,1789636634847597998,2934482374299384,19968
rear,206,1789636634746816326,1789636634848166893,2934482374867852,19968
front,206,1789636634846691263,1789636634947748137,2934482474449342,20064
rear,207,1789636634846802824,1789636634948264764,2934482474965738,19968
front,207,1789636634946860097,1789636635047517439,2934482574218787,19968
rear,208,1789636634946662860,1789636635048023016,2934482574723963,20064
front,208,1789636635046710216,1789636635147771199,2934482674472528,19968
rear,209,1789636635046785042,1789636635148267766,2934482674968705,20064
front,209,1789636635146689501,1789636635247882390,2934482774584236,20064
rear,210,1789636635146808970,1789636635248443641,2934482775144629,19968
front,210,1789636635246735097,1789636635347548876,2934482874250265,19968
rear,211,1789636635246841282,1789636635348110263,2934482874811269,19968
front,211,1789636635346691980,1789636635447731162,2934482974432683,20064
rear,212,1789636635346783973,1789636635448256404,2934482974957331,20064
front,212,1789636635446830632,1789636635547691248,2934483074392840,19968
rear,213,1789636635446809250,1789636635548248214,2934483074949148,19968
front,213,1789636635546733248,1789636635647642729,2934483174344164,19968
rear,214,1789636635546785719,1789636635648196394,2934483174897311,20064
front,214,1789636635646655353,1789636635747838013,2934483274539403,20064
rear,215,1789636635646865854,1789636635748376452,2934483275077473,19968
front,215,1789636635746793562,1789636635847589290,2934483374290473,19968
rear,216,1789636635746772552,1789636635848079005,2934483374779905,19968
front,216,1789636635846668028,1789636635947715138,2934483474416510,20064
rear,217,1789636635846767972,1789636635948257223,2934483474958102,19968
front,217,1789636635946822608,1789636636047498583,2934483574200006,19968
rear,218,1789636635946631696,1789636636047986150,2934483574687059,20064
front,218,1789636636046735500,1789636636147972917,2934483674674175,19968
rear,219,1789636636046709747,1789636636148538264,2934483675239204,19968
front,219,1789636636146654137,1789636636247799287,2934483774500619,20064
rear,220,1789636636146758585,1789636636248350623,2934483775051504,19968
front,220,1789636636246778625,1789636636347748655,2934483874450096,19968
rear,221,1789636636246676192,1789636636348278394,2934483874979299,20064
front,221,1789636636346669819,1789636636447707897,2934483974409042,19968
rear,222,1789636636346735051,1789636636448278075,2934483974979144,19968
front,222,1789636636446643006,1789636636547626193,2934484074327455,19968
rear,223,1789636636446698343,1789636636548160963,2934484074861923,20064
front,223,1789636636546578012,1789636636647802941,2934484174504291,20064
rear,224,1789636636546811969,1789636636648368652,2934484175069625,19968
front,224,1789636636646705871,1789636636747643121,2934484274344490,20064
rear,225,1789636636646676997,1789636636748138335,2934484274839323,19968
front,225,1789636636746715597,1789636636847750710,2934484374452070,19872
rear,226,1789636636746685248,1789636636848441053,2934484375142045,19968
rear,227,1789636636846651861,1789636636948484110,2934484475185424,20064
front,226,1789636636946771174,1789636637047826358,2934484574527510,19968
rear,228,1789636636946564304,1789636637048347038,2934484575047983,19968
front,227,1789636637046787922,1789636637147595165,2934484674296887,19968
rear,229,1789636637046592263,1789636637148157876,2934484674858806,20064
front,228,1789636637146593007,1789636637247953637,2934484774655152,19968
rear,230,1789636637146777857,1789636637248683179,2934484775384179,19968
front,229,1789636637246576346,1789636637347800495,2934484874501658,20064
rear,231,1789636637246698943,1789636637348353146,2934484875054071,19968
front,230,1789636637346635026,1789636637447598509,2934484974299657,19968
rear,232,1789636637346667739,1789636637448109017,2934484974809988,20064
front,231,1789636637446581726,1789636637547618873,2934485074320190,19968
rear,233,1789636637446793243,1789636637548140000,2934485074840944,19968
front,232,1789636637546544848,1789636637647680487,2934485174381750,20064
rear,234,1789636637546653216,1789636637648224960,2934485174925853,20064
front,233,1789636637646654883,1789636637747626596,2934485274327809,19968
rear,235,1789636637646789347,1789636637748119769,2934485274820665,19968
front,234,1789636637746529893,1789636637847585987,2934485374287488,20064
rear,236,1789636637746719265,1789636637848084543,2934485374785481,19968
front,235,1789636637846615315,1789636637947595124,2934485474296606,19968
rear,237,1789636637846674298,1789636637948190859,2934485474891861,20064
front,236,1789636637946598734,1789636638047763337,2934485574464764,20064
rear,238,1789636637946794725,1789636638048272940,2934485574973853,19872
front,237,1789636638046747044,1789636638147446269,2934485674147962,19968
rear,239,1789636638046582033,1789636638147959499,2934485674660481,20064
front,238,1789636638146547977,1789636638247538712,2934485774240151,19968
rear,240,1789636638146715634,1789636638248070980,2934485774771864,19968
front,239,1789636638246539797,1789636638347597911,2934485874299290,20064
rear,241,1789636638246624200,1789636638348144151,2934485874845196,20064
front,240,1789636638346675743,1789636638447823391,2934485974525075,20064
rear,242,1789636638346734514,1789636638448343028,2934485975043901,19968
front,241,1789636638446793851,1789636638547426021,2934486074127362,19872
rear,243,1789636638446599555,1789636638547964922,2934486074665809,20064
front,242,1789636638546496572,1789636638647736908,2934486174438108,20064
rear,244,1789636638546700497,1789636638648492613,2934486175193557,19968
front,243,1789636638646567832,1789636638747433697,2934486274135026,19968
rear,245,1789636638646674832,1789636638747953171,2934486274654232,19968
front,244,1789636638746523133,1789636638847482550,2934486374184041,19968
rear,246,1789636638746649686,1789636638848007640,2934486374708686,20064
front,245,1789636638846488214,1789636638947722503,2934486474423711,20064
rear,247,1789636638846704042,1789636638948247340,2934486474948328,20064
front,246,1789636638946505566,1789636639047522601,2934486574223800,19968
rear,248,1789636638947375288,1789636639048043958,2934486574744914,19872
front,247,1789636639046505160,1789636639147513790,2934486674215146,20064
rear,249,1789636639046632836,1789636639148051035,2934486674751942,19968
front,248,1789636639146590162,1789636639247581811,2934486774283300,20064
rear,250,1789636639146619332,1789636639248086641,2934486774787525,19968
front,249,1789636639246732795,1789636639347505789,2934486874206815,19968
rear,251,1789636639246565900,1789636639347999365,2934486874700356,20064
front,250,1789636639346702171,1789636639447642467,2934486974344120,19968
rear,252,1789636639346517078,1789636639448144815,2934486974845797,19968
front,251,1789636639446536817,1789636639547503346,2934487074204646,19968
rear,253,1789636639446650827,1789636639548016251,2934487074717188,19968
front,252,1789636639546504866,1789636639647564608,2934487174265948,20064
rear,254,1789636639546682846,1789636639648083842,2934487174784803,20064
front,253,1789636639646644416,1789636639747685227,2934487274386750,19968
rear,255,1789636639646661081,1789636639748226650,2934487274927625,19968
front,254,1789636639746536892,1789636639847509124,2934487374210607,19968
rear,256,1789636639746741973,1789636639848072723,2934487374773610,19968
front,255,1789636639846522389,1789636639947399796,2934487474101230,19968
rear,257,1789636639846680951,1789636639947919030,2934487474619931,20064
front,256,1789636639946443485,1789636640047732311,2934487574433507,20064
rear,258,1789636639946661738,1789636640048226336,2934487574927248,19968
front,257,1789636640046557987,1789636640147412947,2934487674114376,19968
rear,259,1789636640046725878,1789636640147933036,2934487674633931,19968
front,258,1789636640146455194,1789636640247497530,2934487774198564,20064
rear,260,1789636640146653508,1789636640248003684,2934487774704629,19968
front,259,1789636640246654650,1789636640347588077,2934487874289339,20064
rear,261,1789636640246544187,1789636640348099432,2934487874800350,19968
front,260,1789636640346730274,1789636640447353370,2934487974054551,19872
rear,262,1789636640346515742,1789636640447892844,2934487974594218,20064
front,261,1789636640446487275,1789636640547595593,2934488074296603,20064
rear,263,1789636640446657325,1789636640548069654,2934488074770571,19968
front,262,1789636640546637714,1789636640647828733,2934488174530043,20064
rear,264,1789636640546531618,1789636640648355675,2934488175056585,19968
front,263,1789636640646638505,1789636640747659134,2934488274360774,19968
rear,265,1789636640646458202,1789636640748188079,2934488274889014,20064
front,264,1789636640746685808,1789636640847956919,2934488374658545,20064
rear,266,1789636640746579898,1789636640848518673,2934488375219610,20064
front,265,1789636640846647934,1789636640947876429,2934488474577853,19968
rear,267,1789636640846532479,1789636640948436965,2934488475137962,19968
front,266,1789636640946520019,1789636641047405841,2934488574107140,19968
rear,268,1789636640946694957,1789636641047916769,2934488574617666,19968
front,267,1789636641046538625,1789636641147577090,2934488674278285,20064
rear,269,1789636641046600668,1789636641148124925,2934488674825804,20064
front,268,1789636641146518153,1789636641247773731,2934488774475204,20064
rear,270,1789636641146683328,1789636641248276214,2934488774977114,19872
front,269,1789636641246699278,1789636641347412515,2934488874114113,19776
rear,271,1789636641246484592,1789636641347978596,2934488874679487,20064
front,270,1789636641346389169,1789636641448105436,2934488974807041,20160
rear,272,1789636641346596635,1789636641448815296,2934488975516318,19968
front,271,1789636641446731939,1789636641547383160,2934489074084755,19968
rear,273,1789636641446547983,1789636641547923606,2934489074624623,20064
front,272,1789636641546501124,1789636641647984265,2934489174685430,19872
rear,274,1789636641546667461,1789636641648493161,2934489175194049,20064
front,273,1789636641646576774,1789636641747573644,2934489274275047,19872
rear,275,1789636641646781241,1789636641748100079,2934489274800968,19968
front,274,1789636641746449671,1789636641847473623,2934489374175144,19968
rear,276,1789636641746620311,1789636641848029077,2934489374729984,19968
front,275,1789636641846464203,1789636641947690125,2934489474391531,20160
rear,277,1789636641846668847,1789636641948224942,2934489474925929,20064
front,276,1789636641946592983,1789636642047668268,2934489574369883,19872
rear,278,1789636641946789289,1789636642048191085,2934489574892066,19968
front,277,1789636642046498723,1789636642147442759,2934489674144153,19968
rear,279,1789636642046665070,1789636642147951342,2934489674652251,19968
front,278,1789636642146482833,1789636642247635964,2934489774337289,20160
rear,280,1789636642146599406,1789636642248190658,2934489774891622,19968
front,279,1789636642246724335,1789636642347407426,2934489874108842,19872
rear,281,1789636642246568606,1789636642347901550,2934489874602525,19968
front,280,1789636642346656485,1789636642447482650,2934489974183945,19968
rear,282,1789636642346452868,1789636642448026907,2934489974727818,20064
front,281,1789636642446596156,1789636642547658810,2934490074359927,20064
rear,283,1789636642446574781,1789636642548142610,2934490074843570,19968
front,282,1789636642546631837,1789636642647307376,2934490174008730,19872
rear,284,1789636642546488300,1789636642647823931,2934490174524907,20064
front,283,1789636642646514452,1789636642747593716,2934490274294951,20064
rear,285,1789636642646621886,1789636642748089247,2934490274790207,19968
front,284,1789636642746610670,1789636642847596503,2934490374297808,20064
rear,286,1789636642746545401,1789636642848131824,2934490374832825,19968
front,285,1789636642846677451,1789636642947421753,2934490474123279,19968
rear,287,1789636642846472497,1789636642947949603,2934490474650536,20064
front,286,1789636642946644702,1789636643047667020,2934490574368458,19968
rear,288,1789636642946571081,1789636643048214764,2934490574915671,19968
front,287,1789636643046664312,1789636643147423275,2934490674124466,19968
rear,289,1789636643046476064,1789636643147966053,2934490674667017,20064
front,288,1789636643146491072,1789636643247861891,2934490774563550,20064
rear,290,1789636643146659274,1789636643248386588,2934490775087530,19968
front,289,1789636643246725164,1789636643347499294,2934490874200798,19968
rear,291,1789636643246577152,1789636643348036057,2934490874736954,20064
front,290,1789636643346519327,1789636643447790609,2934490974492086,20064
rear,292,1789636643346679773,1789636643448309567,2934490975010482,19968
front,291,1789636643446712740,1789636643547406988,2934491074108472,19968
rear,293,1789636643446563545,1789636643547906480,2934491074607475,19968
front,292,1789636643546605826,1789636643647425249,2934491174126614,19968
rear,294,1789636643546553351,1789636643647925313,2934491174626235,20064
front,293,1789636643646512867,1789636643747707403,2934491274408455,20064
rear,295,1789636643646643328,1789636643748209607,2934491274910554,19968
front,294,1789636643746635874,1789636643847505312,2934491374207058,19968
rear,296,1789636643746457161,1789636643848010593,2934491374711456,20064
front,295,1789636643846557404,1789636643947604184,2934491474305193,19968
rear,297,1789636643846767937,1789636643948147649,2934491474848563,19968
front,296,1789636643946450075,1789636644047654907,2934491574355946,20064
rear,298,1789636643946652351,1789636644048218689,2934491574919667,19968
front,297,1789636644046683778,1789636644147708715,2934491674410250,20064
rear,299,1789636644046581654,1789636644148241783,2934491674942741,19968
front,298,1789636644146770168,1789636644247344318,2934491774045628,19872
rear,300,1789636644146563174,1789636644247847444,2934491774548346,20064
front,299,1789636644246412112,1789636644347748351,2934491874450202,20064
rear,301,1789636644246618294,1789636644348346332,2934491875047212,20064
front,300,1789636644346578355,1789636644447552669,2934491974254175,19968
rear,302,1789636644347115452,1789636644448082796,2934491974783677,19968
front,301,1789636644446469728,1789636644547486744,2934492074187926,20064
rear,303,1789636644446675923,1789636644547987966,2934492074688884,19968
front,302,1789636644546586255,1789636644647665896,2934492174367234,20064
rear,304,1789636644546619780,1789636644648144937,2934492174845768,19968
front,303,1789636644646764107,1789636644747445909,2934492274147272,19968
rear,305,1789636644646576670,1789636644747950964,2934492274651896,19968
front,304,1789636644746678777,1789636644847456139,2934492374157363,19968
rear,306,1789636644746483192,1789636644847954635,2934492374655535,20064
front,305,1789636644846517450,1789636644947793910,2934492474495187,20064
rear,307,1789636644846614436,1789636644948283107,2934492474984114,19968
front,306,1789636644946709327,1789636645047481343,2934492574182800,19968
rear,308,1789636644946544206,1789636645048018678,2934492574719635,20064
front,307,1789636645046662072,1789636645147894891,2934492674596182,20064
rear,309,1789636645046587090,1789636645148409007,2934492675109933,19968
front,308,1789636645146783690,1789636645247400786,2934492774101943,19968
rear,310,1789636645146576487,1789636645247916672,2934492774617589,20064
front,309,1789636645246630637,1789636645347650200,2934492874351467,19968
rear,311,1789636645247056115,1789636645348191608,2934492874892537,19872
front,310,1789636645346601432,1789636645447524735,2934492974226398,20064
rear,312,1789636645346410423,1789636645448069785,2934492974770761,20064
front,311,1789636645446668754,1789636645547542601,2934493074244139,19968
rear,313,1789636645446542161,1789636645548076881,2934493074777876,19968
front,312,1789636645546619342,1789636645647688487,2934493174390535,20064
rear,314,1789636645546457707,1789636645648221572,2934493174922506,20064
front,313,1789636645646738658,1789636645747515058,2934493274216844,19968
rear,315,1789636645646550592,1789636645748031757,2934493274732636,19968
front,314,1789636645746636137,1789636645847548160,2934493374249287,20064
rear,316,1789636645746475901,1789636645848042308,2934493374743214,20064
front,315,1789636645846747930,1789636645947610168,2934493474311359,19968
rear,317,1789636645846972354,1789636645948175156,2934493474876036,19968
front,316,1789636645946673046,1789636646047421233,2934493574122750,19968
rear,318,1789636645946485771,1789636646047920203,2934493574621130,19968
front,317,1789636646046642070,1789636646147489406,2934493674191153,20064
rear,319,1789636646046490931,1789636646147984298,2934493674685268,20064
front,318,1789636646146694656,1789636646247625376,2934493774326628,19968
rear,320,1789636646146488823,1789636646248157767,2934493774858677,19968
front,319,1789636646246692195,1789636646347768819,2934493874470175,19968
rear,321,1789636646246505545,1789636646348435231,2934493875136224,20064
front,320,1789636646346563600,1789636646447801830,2934493974503624,20064
rear,322,1789636646346930980,1789636646448363348,2934493975064258,19968
front,321,1789636646446742650,1789636646547429908,2934494074131590,19968
rear,323,1789636646446568146,1789636646548005830,2934494074706906,19968
front,322,1789636646546620910,1789636646647417256,2934494174118676,19968
rear,324,1789636646546485748,1789636646647930560,2934494174631455,20064
front,323,1789636646646596152,1789636646747696553,2934494274397799,20064
rear,325,1789636646646655162,1789636646748197385,2934494274898393,19968
front,324,1789636646746606530,1789636646847461521,2934494374162680,19968
rear,326,1789636646746901527,1789636646847966812,2934494374667733,19968
front,325,1789636646846603069,1789636646947357823,2934494474059003,19968
rear,327,1789636646846408510,1789636646947924299,2934494474625267,20064
front,326,1789636646946492176,1789636647047628472,2934494574329973,19968
rear,328,1789636646946623816,1789636647048170664,2934494574871595,20064
front,327,1789636647046448459,1789636647147816484,2934494674517920,20160
rear,329,1789636647047056009,1789636647148372982,2934494675074015,19968
front,328,1789636647146754327,1789636647247514886,2934494774216230,19968
rear,330,1789636647147000194,1789636647248065783,2934494774766706,19968
front,329,1789636647246685961,1789636647347741147,2934494874442289,20064
rear,331,1789636647246917433,1789636647348296952,2934494874997966,19968
front,330,1789636647346785310,1789636647447432057,2934494974133550,19872
rear,332,1789636647346885105,1789636647447938412,2934494974639345,20064
front,331,1789636647446502378,1789636647547683130,2934495074384413,20064
rear,333,1789636647446885841,1789636647548230441,2934495074931348,19968
front,332,1789636647546583372,1789636647647670243,2934495174371440,20064
rear,334,1789636647546656919,1789636647648163274,2934495174864297,19968
front,333,1789636647646764304,1789636647747405052,2934495274106484,19872
rear,335,1789636647646555570,1789636647747910178,2934495274611147,20064
front,334,1789636647746473498,1789636647847673863,2934495374375275,20064
rear,336,1789636647746897644,1789636647848177317,2934495374878298,19968
front,335,1789636647846518210,1789636647947476822,2934495474178034,19968
rear,337,1789636647846626030,1789636647948002815,2934495474703680,20064
front,336,1789636647946499332,1789636648047689115,2934495574390451,20064
rear,338,1789636647946936068,1789636648048182050,2934495574883020,19968
front,337,1789636648046523156,1789636648147544929,2934495674246735,20064
rear,339,1789636648046670177,1789636648148040920,2934495674741768,19968
front,338,1789636648146704011,1789636648247431025,2934495774132228,19968
rear,340,1789636648146515575,1789636648247953323,2934495774654389,19968
front,339,1789636648246608900,1789636648347430868,2934495874131984,19968
rear,341,1789636648246540262,1789636648347962704,2934495874663706,20064
front,340,1789636648346508117,1789636648447750794,2934495974452259,20064
rear,342,1789636648346830038,1789636648448277310,2934495974978201,19968
front,341,1789636648446667035,1789636648547350872,2934496074052122,19968
rear,343,1789636648446560037,1789636648547860433,2934496074561406,19968
front,342,1789636648546600903,1789636648647560866,2934496174262029,20064
rear,344,1789636648546458827,1789636648648055867,2934496174756759,20064
front,343,1789636648646728024,1789636648747487569,2934496274188855,19968
rear,345,1789636648646930419,1789636648748004355,2934496274705305,19968
front,344,1789636648746607780,1789636648847354165,2934496374055535,19968
rear,346,1789636648746850805,1789636648847874936,2934496374575871,20064
front,345,1789636648846556493,1789636648947625308,2934496474326595,20064
rear,347,1789636648846889651,1789636648948184638,2934496474885505,19968
front,346,1789636648946659102,1789636649047591329,2934496574292586,20064
rear,348,1789636648946826595,1789636649048071730,2934496574772643,19968
front,347,1789636649047907714,1789636649147476316,2934496674177544,19968
rear,349,1789636649046872963,1789636649147982897,2934496674683895,19968
front,348,1789636649146886557,1789636649247441856,2934496774143449,19968
rear,350,1789636649146854353,1789636649247941002,2934496774641986,20064
front,349,1789636649246686880,1789636649347823163,2934496874524610,20064
rear,351,1789636649246864046,1789636649348354964,2934496875055973,19968
front,350,1789636649347892334,1789636649447527851,2934496974229078,19968
rear,352,1789636649346805308,1789636649448056140,2934496974757062,19968
front,351,1789636649446728829,1789636649547570440,2934497074271528,20064
rear,353,1789636649446534299,1789636649548118214,2934497074819142,19968
front,352,1789636649546918290,1789636649647462203,2934497174163475,19872
rear,354,1789636649546528701,1789636649647966350,2934497174667251,20064
front,353,1789636649646591444,1789636649747588471,2934497274289582,20064
rear,355,1789636649646771178,1789636649748073673,2934497274774534,19968
front,354,1789636649746625308,1789636649847524846,2934497374226286,19968
rear,356,1789636649746538644,1789636649848077285,2934497374778193,19968
front,355,1789636649846636753,1789636649947605104,2934497474306773,19968
rear,357,1789636649846449382,1789636649948145504,2934497474846387,20064
rear,358,1789636649947821112,1789636650048278671,2934497574979923,19872
front,356,1789636650047841723,1789636650147381013,2934497674082545,19776
rear,359,1789636650046761777,1789636650147869082,2934497674569994,20064
front,357,1789636650146399798,1789636650247797930,2934497774499452,20160
rear,360,1789636650146804631,1789636650248324969,2934497775025978,19968
front,358,1789636650247831150,1789636650347847508,2934497874549110,19968
rear,361,1789636650246733135,1789636650348436863,2934497875137852,20064
front,359,1789636650346746471,1789636650447651809,2934497974353146,19968
rear,362,1789636650347766682,1789636650448159431,2934497974860340,19968
front,360,1789636650446609765,1789636650547602642,2934498074304061,20064
rear,363,1789636650446791688,1789636650548144621,2934498074845504,19968
front,361,1789636650546839678,1789636650647492480,2934498174193750,19872
rear,364,1789636650546713429,1789636650647993814,2934498174694821,20064
front,362,1789636650646454068,1789636650747688203,2934498274389442,20160
rear,365,1789636650646874130,1789636650748176046,2934498274877026,19968
front,363,1789636650746905677,1789636650847376946,2934498374078441,19968
rear,366,1789636650746718434,1789636650847909494,2934498374610592,20064
front,364,1789636650846843230,1789636650947930944,2934498474632267,20064
rear,367,1789636650846821953,1789636650948466984,2934498475167974,19872
front,365,1789636650947865136,1789636651047542157,2934498574243449,19968
rear,368,1789636650946687865,1789636651048091178,2934498574792143,20064
front,366,1789636651046815080,1789636651147697791,2934498674399411,19968
rear,369,1789636651046708980,1789636651148209795,2934498674910721,19968
front,367,1789636651146828848,1789636651247631189,2934498774332407,20064
rear,370,1789636651146680530,1789636651248143865,2934498774844793,20064
front,368,1789636651247767306,1789636651348046886,2934498874748264,19968
rear,371,1789636651246776967,1789636651348587117,2934498875288144,19968
front,369,1789636651347014552,1789636651447644475,2934498974345907,19872
rear,372,1789636651346807495,1789636651448204510,2934498974905468,20064
front,370,1789636651446436753,1789636651547761508,2934499074462803,20064
rear,373,1789636651447755490,1789636651548293708,2934499074994610,19968
front,371,1789636651546706443,1789636651647481096,2934499174182487,19968
rear,374,1789636651547703923,1789636651647969660,2934499174670573,20064
front,372,1789636651646752439,1789636651747627933,2934499274329121,19968
rear,375,1789636651647766458,1789636651748124525,2934499274825433,19968
front,373,1789636651746825267,1789636651847854858,2934499374556354,19968
rear,376,1789636651746772478,1789636651848557591,2934499375258660,19968
front,374,1789636651846897316,1789636651947802782,2934499474504687,20064
rear,377,1789636651846760102,1789636651948501477,2934499475202488,19968
front,375,1789636651946748275,1789636652047660753,2934499574362396,19872
rear,378,1789636651946638818,1789636652048409576,2934499575110627,20064
front,376,1789636652046782695,1789636652147910954,2934499674612537,19968
rear,379,1789636652046803288,1789636652148686659,2934499675387778,19968
front,377,1789636652146887501,1789636652247338242,2934499774039607,19968
rear,380,1789636652146747122,1789636652247873005,2934499774574034,19968
front,378,1789636652246605419,1789636652347623628,2934499874325244,20064
rear,381,1789636652246649509,1789636652348182314,2934499874883355,19968
front,379,1789636652346873971,1789636652447566782,2934499974268297,19968
rear,382,1789636652346625991,1789636652448123647,2934499974824858,20064
front,380,1789636652446925468,1789636652547765532,2934500074467041,20064
rear,383,1789636652446705697,1789636652548347213,2934500075048155,19968
front,381,1789636652546934921,1789636652647435149,2934500174136561,19872
rear,384,1789636652546620272,1789636652647983614,2934500174684577,20064
front,382,1789636652646758278,1789636652747813402,2934500274515100,20064
rear,385,1789636652646731176,1789636652748367738,2934500275068798,19968
front,383,1789636652746847537,1789636652847623981,2934500374325551,20064
rear,386,1789636652746668854,1789636652848193380,2934500374894464,19968
front,384,1789636652847732062,1789636652947485611,2934500474187114,19968
rear,387,1789636652846586910,1789636652948045985,2934500474746965,20064
front,385,1789636652947767456,1789636653047651121,2934500574352196,19968
rear,388,1789636652946726431,1789636653048164179,2934500574865117,19968
front,386,1789636653047741712,1789636653147681715,2934500674383220,20064
rear,389,1789636653046666538,1789636653148215401,2934500674916276,19968
front,387,1789636653147727011,1789636653247419026,2934500774120211,19968
rear,390,1789636653146584357,1789636653247903482,2934500774604369,20064
front,388,1789636653247715937,1789636653347737697,2934500874439083,19968
rear,391,1789636653246709313,1789636653348359026,2934500875060021,19968
front,389,1789636653347766634,1789636653447627586,2934500974329024,20064
rear,392,1789636653346667340,1789636653448152089,2934500974853021,20064
front,390,1789636653447759817,1789636653547872976,2934501074574535,19968
rear,393,1789636653446745374,1789636653548483248,2934501075184237,19968
front,391,1789636653547840907,1789636653647470285,2934501174171441,19968
rear,394,1789636653546668374,1789636653647968010,2934501174668997,19968
front,392,1789636653646807541,1789636653747803520,2934501274504801,20064
rear,395,1789636653646550697,1789636653748337869,2934501275038849,20064
front,393,1789636653747825882,1789636653847535525,2934501374236636,19968
rear,396,1789636653747663153,1789636653848009346,2934501374710248,19968
front,394,1789636653846815792,1789636653947361891,2934501474063149,19968
rear,397,1789636653846608141,1789636653947874599,2934501474575514,19968
front,395,1789636653946724285,1789636654047611076,2934501574312591,20064
rear,398,1789636653946651277,1789636654048143985,2934501574844918,20064
front,396,1789636654047617028,1789636654147601673,2934501674303046,19968
rear,399,1789636654047580085,1789636654148144441,2934501674845319,19968
front,397,1789636654147764744,1789636654247697827,2934501774399116,20064
rear,400,1789636654146611380,1789636654248187769,2934501774888760,20064
front,398,1789636654247636592,1789636654347647530,2934501874348609,19968
rear,401,1789636654247629839,1789636654348142519,2934501874843423,19968
front,399,1789636654347750826,1789636654447741991,2934501974443092,19968
rear,402,1789636654347559467,1789636654448242169,2934501974943073,20064
front,400,1789636654447618948,1789636654547753730,2934502074455152,20064
rear,403,1789636654447613598,1789636654548282204,2934502074983125,19872
front,401,1789636654547712359,1789636654647478837,2934502174180242,19968
rear,404,1789636654546577757,1789636654647985133,2934502174686000,20064
front,402,1789636654647771132,1789636654747761276,2934502274462777,19968
rear,405,1789636654647594428,1789636654748324124,2934502275025049,20064
front,403,1789636654746724040,1789636654847693267,2934502374394482,20064
rear,406,1789636654747725183,1789636654848202042,2934502374902947,19872
front,404,1789636654847708811,1789636654947428232,2934502474129997,19968
rear,407,1789636654846585245,1789636654948063980,2934502474765028,20064
front,405,1789636654946745580,1789636655047706332,2934502574407462,20064
rear,408,1789636654947597641,1789636655048172043,2934502574873017,19968
front,406,1789636655047642958,1789636655147350080,2934502674051470,19968
rear,409,1789636655046605045,1789636655147892632,2934502674593625,19968
front,407,1789636655147681888,1789636655247487096,2934502774188358,19968
rear,410,1789636655146500286,1789636655247999506,2934502774700461,20160
front,408,1789636655247604444,1789636655347682030,2934502874383546,20064
rear,411,1789636655247638731,1789636655348190584,2934502874891433,19872
front,409,1789636655347703958,1789636655447596112,2934502974297469,19968
rear,412,1789636655346531571,1789636655448132761,2934502974833715,20064
front,410,1789636655447642386,1789636655547712501,2934503074413942,19968
rear,413,1789636655446759838,1789636655548233922,2934503074934916,20064
front,411,1789636655546614458,1789636655647827305,2934503174528846,20064
rear,414,1789636655547617260,1789636655648404895,2934503175106059,19872
front,412,1789636655647721249,1789636655747854501,2934503274555615,20064
rear,415,1789636655646534294,1789636655748374972,2934503275075924,20064
front,413,1789636655747693883,1789636655847689885,2934503374391201,19872
rear,416,1789636655747549615,1789636655848184033,2934503374884955,20064
front,414,1789636655846612500,1789636655947793997,2934503474495373,20064
rear,417,1789636655847603969,1789636655948373837,2934503475074765,19968
front,415,1789636655947685394,1789636656047603118,2934503574304367,19968
rear,418,1789636655946676280,1789636656048107951,2934503574808895,20064
front,416,1789636656047648350,1789636656147708765,2934503674410317,20064
rear,419,1789636656047641643,1789636656148213443,2934503674914386,19968
front,417,1789636656147621258,1789636656248581758,2934503775283247,19968
rear,420,1789636656147551473,1789636656249104062,2934503775804994,20064
front,418,1789636656247540924,1789636656347525781,2934503874227276,19968
rear,421,1789636656247705007,1789636656348078633,2934503874779571,19872
front,419,1789636656346476144,1789636656447527627,2934503974229334,20064
rear,422,1789636656346638029,1789636656448040618,2934503974741622,20064
front,420,1789636656447627955,1789636656547905054,2934504074606405,20064
rear,423,1789636656447557584,1789636656548465518,2934504075166427,19968
front,421,1789636656547640581,1789636656647405552,2934504174107126,19872
rear,424,1789636656547491932,1789636656647892852,2934504174593892,20064
front,422,1789636656646600487,1789636656748768905,2934504275470118,20064
rear,425,1789636656647614664,1789636656749276699,2934504275977617,20064
front,423,1789636656747545587,1789636656847595728,2934504374297443,19968
rear,426,1789636656747742965,1789636656848116830,2934504374817724,19872
front,424,1789636656847556836,1789636656947758740,2934504474460349,20064
rear,427,1789636656846632119,1789636656948437622,2934504475138648,19968
front,425,1789636656947577402,1789636657047752232,2934504574453658,19968
rear,428,1789636656946616784,1789636657048502604,2934504575203669,20064
front,426,1789636657047507386,1789636657147801964,2934504674503105,20064
rear,429,1789636657047489743,1789636657148316693,2934504675017670,19968
front,427,1789636657147610687,1789636657247684773,2934504774386277,19968
rear,430,1789636657147465113,1789636657248405764,2934504775106807,20064
front,428,1789636657247519486,1789636657347866207,2934504874567642,19968
rear,431,1789636657247538500,1789636657348556994,2934504875258016,19968
front,429,1789636657347509918,1789636657447807535,2934504974509006,20064
rear,432,1789636657347515710,1789636657448514627,2934504975215621,19968
front,430,1789636657447591528,1789636657547689004,2934505074390487,19968
rear,433,1789636657446661526,1789636657548362017,2934505075063043,20064
front,431,1789636657547555969,1789636657647788401,2934505174489771,20064
rear,434,1789636657547538340,1789636657648296170,2934505174997069,19968
front,432,1789636657647627288,1789636657747450174,2934505274151565,19968
rear,435,1789636657647448045,1789636657747955556,2934505274656480,19968
front,433,1789636657747586825,1789636657847465854,2934505374167429,19968
rear,436,1789636657746531645,1789636657848009623,2934505374710535,20064
front,434,1789636657847518676,1789636657947727115,2934505474428699,20064
rear,437,1789636657847524389,1789636657948236409,2934505474937317,19968
front,435,1789636657947600487,1789636658047710650,2934505574412056,20064
rear,438,1789636657947431704,1789636658048214172,2934505574915181,19968
front,436,1789636658047618153,1789636658147571826,2934505674273169,19872
rear,439,1789636658047399963,1789636658148092384,2934505674793289,20064
front,437,1789636658146459735,1789636658247771658,2934505774473006,20064
rear,440,1789636658147482969,1789636658248287455,2934505774988383,19968
front,438,1789636658247530975,1789636658347688049,2934505874389438,20064
rear,441,1789636658246713630,1789636658348199132,2934505874900105,19968
front,439,1789636658347543809,1789636658447420932,2934505974122297,19968
rear,442,1789636658347458901,1789636658447935552,2934505974636439,20064
front,440,1789636658447558297,1789636658548526669,2934506075227870,19968
rear,443,1789636658447539008,1789636658549076434,2934506075777366,20064
front,441,1789636658547439286,1789636658647864514,2934506174566074,20064
rear,444,1789636658547612415,1789636658648389828,2934506175090839,19872
front,442,1789636658647531276,1789636658747438971,2934506274140510,19968
rear,445,1789636658647408989,1789636658747950984,2934506274651912,19968
front,443,1789636658747569308,1789636658847697904,2934506374399278,19968
rear,446,1789636658746437833,1789636658848444126,2934506375145186,20064
front,444,1789636658847407728,1789636658947665734,2934506474367164,20064
rear,447,1789636658846650544,1789636658948191284,2934506474892203,19968
front,445,1789636658947506572,1789636659047456546,2934506574157915,19968
rear,448,1789636658946567876,1789636659048022301,2934506574723193,19968
front,446,1789636659047502070,1789636659148390195,2934506675091587,19968
rear,449,1789636659046402593,1789636659148963127,2934506675664036,20160
front,447,1789636659147424145,1789636659247727165,2934506774428752,20064
rear,450,1789636659147607260,1789636659248242947,2934506774943878,19872
front,448,1789636659247490320,1789636659347557644,2934506874259382,19968
rear,451,1789636659246612075,1789636659348079494,2934506874780395,20064
front,449,1789636659347486860,1789636659447642067,2934506974343529,19968
rear,452,1789636659347468335,1789636659448149517,2934506974850445,19968
front,450,1789636659446567920,1789636659547641688,2934507074342914,20064
rear,453,1789636659447323993,1789636659548145618,2934507074846505,20064
front,451,1789636659547491205,1789636659648403196,2934507175104355,19968
rear,454,1789636659547396281,1789636659648891970,2934507175592887,19968
front,452,1789636659647387091,1789636659748631483,2934507275332978,19968
rear,455,1789636659647518607,1789636659749356118,2934507276057202,19968
front,453,1789636659747371565,1789636659847624342,2934507374325590,20064
rear,456,1789636659747558337,1789636659848135696,2934507374836600,20064
front,454,1789636659847426761,1789636659947785210,2934507474486305,19968
rear,457,1789636659847495877,1789636659948276408,2934507474977300,19968
front,455,1789636659947379644,1789636660047521593,2934507574223185,20064
rear,458,1789636659947435695,1789636660048045197,2934507574746219,19872
front,456,1789636660047419428,1789636660148298440,2934507674999765,19968
rear,459,1789636660047370421,1789636660148817377,2934507675518289,20064
front,457,1789636660147393721,1789636660248584156,2934507775285460,19968
rear,460,1789636660147529520,1789636660249085500,2934507775786414,20064
front,458,1789636660247435992,1789636660347766008,2934507874467207,20064
rear,461,1789636660247643626,1789636660348297878,2934507874998813,19872
front,459,1789636660347400177,1789636660448369287,2934507975070606,19968
rear,462,1789636660347405796,1789636660448925019,2934507975626022,20064
front,460,1789636660447447683,1789636660547569891,2934508074271236,19968
rear,463,1789636660447506133,1789636660548080793,2934508074781790,19968
front,461,1789636660547417703,1789636660647529691,2934508174230939,20064
rear,464,1789636660547403567,1789636660648022459,2934508174723539,19968
front,462,1789636660647395495,1789636660748253222,2934508274954472,19968
rear,465,1789636660647415601,1789636660748758952,2934508275459827,20064
front,463,1789636660747324983,1789636660848429763,2934508375131134,19968
rear,466,1789636660747497921,1789636660848949590,2934508375650502,20064
front,464,1789636660847394130,1789636660947688438,2934508474389653,20064
rear,467,1789636660847507537,1789636660948250331,2934508474951310,19872
front,465,1789636660947367213,1789636661048595110,2934508575296464,19968
rear,468,1789636660947323719,1789636661049272649,2934508575973638,20064
front,466,1789636661047326658,1789636661148540681,2934508675241816,20064
rear,469,1789636661047468442,1789636661149047848,2934508675748763,19968
front,467,1789636661147531087,1789636661247435862,2934508774137179,19968
rear,470,1789636661147326931,1789636661247944878,2934508774645769,19968
front,468,1789636661247337187,1789636661348288437,2934508874989481,19968
rear,471,1789636661247262554,1789636661348814601,2934508875515494,20064
front,469,1789636661347308957,1789636661448627233,2934508975328533,20064
rear,472,1789636661347462212,1789636661449171543,2934508975872550,19968
front,470,1789636661447513572,1789636661547682343,2934509074383498,19968
rear,473,1789636661447297832,1789636661548234647,2934509074935576,19968
front,471,1789636661546738268,1789636661647702762,2934509174404349,20064
rear,474,1789636661547265854,1789636661648255341,2934509174956306,20064
front,472,1789636661647457414,1789636661747504619,2934509274206283,19776
rear,475,1789636661647392638,1789636661748054904,2934509274755971,19968
front,473,1789636661746413946,1789636661847732864,2934509374434169,20064
rear,476,1789636661747218712,1789636661848243785,2934509374944721,19968
front,474,1789636661846794357,1789636661947598888,2934509474300167,19968
rear,477,1789636661847218515,1789636661948149993,2934509474850964,19968
front,475,1789636661946740357,1789636662048567265,2934509575268745,19968
rear,478,1789636661947194185,1789636662049257019,2934509575958025,20160
front,476,1789636662047375258,1789636662147827824,2934509674528986,20064
rear,479,1789636662047532999,1789636662148358547,2934509675059453,19872
front,477,1789636662147313941,1789636662247417045,2934509774118332,19968
rear,480,1789636662147210442,1789636662247934946,2934509774635881,19968
front,478,1789636662247264861,1789636662347338814,2934509874040171,19968
rear,481,1789636662247181729,1789636662347912370,2934509874613222,20064
front,479,1789636662347398703,1789636662447938488,2934509974639886,19968
rear,482,1789636662347228476,1789636662448702099,2934509975403102,19968
front,480,1789636662447408990,1789636662547903578,2934510074604983,20064
rear,483,1789636662447183345,1789636662548619908,2934510075320912,20064
front,481,1789636662547237142,1789636662648573645,2934510175275103,19872
rear,484,1789636662547285761,1789636662649107905,2934510175808832,19968
front,482,1789636662647450292,1789636662748374757,2934510275076552,19968
rear,485,1789636662647285303,1789636662749019753,2934510275720663,20064
front,483,1789636662747290871,1789636662848773036,2934510375474964,20160
rear,486,1789636662747384135,1789636662849519296,2934510376220407,19968
front,484,1789636662847488668,1789636662948451663,2934510475153764,19872
rear,487,1789636662847278163,1789636662949169291,2934510475870339,20064
front,485,1789636662947354230,1789636663048438608,2934510575140003,19968
rear,488,1789636662947447903,1789636663048935892,2934510575636783,20064
front,486,1789636663047333210,1789636663147735757,2934510674436885,20064
rear,489,1789636663047542020,1789636663148244745,2934510674945732,19872
front,487,1789636663147341980,1789636663248160715,2934510774862224,19968
rear,490,1789636663147237429,1789636663248688721,2934510775389739,19968
front,488,1789636663247255631,1789636663348278441,2934510874979962,19968
rear,491,1789636663247166400,1789636663348810705,2934510875511695,20064
front,489,1789636663347459920,1789636663448520874,2934510975222544,20064
rear,492,1789636663347305198,1789636663449091489,2934510975792399,20064
front,490,1789636663447259653,1789636663548261160,2934511074962498,19968
rear,493,1789636663447426427,1789636663548792687,2934511075493692,19968
front,491,1789636663547316010,1789636663648339977,2934511175041365,20064
rear,494,1789636663547374453,1789636663648871222,2934511175572121,19968
front,492,1789636663647433206,1789636663748141434,2934511274843067,19968
rear,495,1789636663647281692,1789636663748686717,2934511275387648,20064
front,493,1789636663747273201,1789636663848239583,2934511374940997,19968
rear,496,1789636663747364292,1789636663848742235,2934511375443178,19968
front,494,1789636663847294639,1789636663948518184,2934511475219914,20064
rear,497,1789636663847352748,1789636663949152971,2934511475853961,19968
front,495,1789636663947426984,1789636664048348239,2934511575049575,19968
rear,498,1789636663947282282,1789636664049020778,2934511575721792,20064
front,496,1789636664047278163,1789636664148596339,2934511675297780,19968
rear,499,1789636664047349986,1789636664149279626,2934511675980590,19968
front,497,1789636664147309178,1789636664248050630,2934511774752283,19968
rear,500,1789636664147365434,1789636664248593977,2934511775294844,19968
front,498,1789636664247186735,1789636664347381703,2934511874082985,19968
rear,501,1789636664247295360,1789636664347868260,2934511874569191,20064
front,499,1789636664347187414,1789636664448632979,2934511975334315,20064
rear,502,1789636664347270828,1789636664449316861,2934511976017934,19968
front,500,1789636664447296855,1789636664548428488,2934512075129709,19968
rear,503,1789636664447352434,1789636664549138060,2934512075839063,20064
front,501,1789636664547219478,1789636664647865223,2934512174566526,19968
rear,504,1789636664547419452,1789636664648525178,2934512175226244,19968
front,502,1789636664647169335,1789636664748438530,2934512275139940,20064
rear,505,1789636664647216868,1789636664749096995,2934512275798028,19968
front,503,1789636664747237690,1789636664848047232,2934512374748627,19968
rear,506,1789636664747310049,1789636664848605677,2934512375306601,19968
front,504,1789636664847179210,1789636664948178847,2934512474880724,20064
rear,507,1789636664847273655,1789636664948752582,2934512475453567,20064
front,505,1789636664947201859,1789636665048154354,2934512574855929,19968
rear,508,1789636664947347940,1789636665048680114,2934512575381012,19968
front,506,1789636665047225247,1789636665147945033,2934512674646445,19968
rear,509,1789636665047308262,1789636665148470689,2934512675171589,19968
front,507,1789636665147104589,1789636665248221091,2934512774922497,20064
rear,510,1789636665147262206,1789636665248738270,2934512775439294,20064
front,508,1789636665247333989,1789636665348283069,2934512874984381,20064
rear,511,1789636665247137753,1789636665348825576,2934512875526575,19968
front,509,1789636665347290357,1789636665448109536,2934512974811133,19968
rear,512,1789636665347265471,1789636665448657054,2934512975357978,19968
front,510,1789636665447313019,1789636665548097301,2934513074799063,19968
rear,513,1789636665447159343,1789636665548621189,2934513075322086,20160
front,511,1789636665547231217,1789636665648355337,2934513175056601,20064
rear,514,1789636665547392866,1789636665648843695,2934513175544555,19872
front,512,1789636665647334965,1789636665748056947,2934513274758333,19968
rear,515,1789636665647177758,1789636665748557088,2934513275257957,20064
front,513,1789636665747207524,1789636665848203489,2934513374904755,19968
rear,516,1789636665747339214,1789636665848716800,2934513375417711,19968
front,514,1789636665847096851,1789636665948185019,2934513474886400,20064
rear,517,1789636665847302555,1789636665948736532,2934513475437506,20064
front,515,1789636665947179628,1789636666048565034,2934513575266283,19968
rear,518,1789636665947361131,1789636666049260291,2934513575961283,19968
front,516,1789636666047207077,1789636666148417073,2934513675118437,20064
rear,519,1789636666047293616,1789636666148959656,2934513675660649,20064
front,517,1789636666147200202,1789636666248271149,2934513774972634,19968
rear,520,1789636666147308376,1789636666248773781,2934513775474702,19968
front,518,1789636666247232013,1789636666348117867,2934513874819214,19968
rear,521,1789636666247356005,1789636666348637533,2934513875338467,19968
front,519,1789636666347159243,1789636666448341430,2934513975042637,20064
rear,522,1789636666347258149,1789636666448840467,2934513975541452,20064
front,520,1789636666447225937,1789636666548350306,2934514075051467,19968
rear,523,1789636666447332827,1789636666548859841,2934514075560822,19968
front,521,1789636666547227229,1789636666648009260,2934514174710617,19968
rear,524,1789636666547358972,1789636666648514532,2934514175215485,19968
front,522,1789636666647050767,1789636666748186668,2934514274887829,20064
rear,525,1789636666647251525,1789636666748683318,2934514275384289,20064
front,523,1789636666747207774,1789636666848256527,2934514374957735,19968
rear,526,1789636666747298165,1789636666848796849,2934514375498135,19968
front,524,1789636666847144068,1789636666947985541,2934514474686901,19968
rear,527,1789636666847305588,1789636666948517041,2934514475218051,19968
front,525,1789636666947104456,1789636667048183876,2934514574885290,20064
rear,528,1789636666947216273,1789636667048702786,2934514575403746,20064
front,526,1789636667047085983,1789636667148204250,2934514674905600,19968
rear,529,1789636667047262282,1789636667148740786,2934514675441750,19968
front,527,1789636667147166854,1789636667248175186,2934514774880835,20064
rear,530,1789636667147270237,1789636667248690498,2934514775391498,19968
front,528,1789636667247136696,1789636667348008702,2934514874709938,19968
rear,531,1789636667247203562,1789636667348563753,2934514875264729,19968
front,529,1789636667347230093,1789636667448429599,2934514975130959,20064
rear,532,1789636667347057622,1789636667449120223,2934514975821261,20064
front,530,1789636667447134868,1789636667548129877,2934515074831187,19968
rear,533,1789636667447259924,1789636667548666171,2934515075367053,19968
front,531,1789636667547172354,1789636667647998706,2934515174699998,19968
rear,534,1789636667547224278,1789636667648529716,2934515175230686,19968
front,532,1789636667647089446,1789636667748151291,2934515274852908,20064
rear,535,1789636667647152323,1789636667748706598,2934515275407567,20064
front,533,1789636667747140402,1789636667848173528,2934515374874647,19968
rear,536,1789636667747213095,1789636667848669765,2934515375370679,19968
front,534,1789636667847125362,1789636667948214904,2934515474916837,20064
rear,537,1789636667847215125,1789636667948767300,2934515475468331,20064
front,535,1789636667947143155,1789636668048185438,2934515574886750,19968
rear,538,1789636667947260261,1789636668048697563,2934515575398554,19968
front,536,1789636668047104236,1789636668147925147,2934515674626574,19968
rear,539,1789636668047266831,1789636668148447100,2934515675148086,19968
front,537,1789636668147060025,1789636668248222851,2934515774924127,20064
rear,540,1789636668147169570,1789636668248776575,2934515775477440,20064
front,538,1789636668247145100,1789636668348199205,2934515874900371,19968
rear,541,1789636668247274906,1789636668348755594,2934515875456606,19968
front,539,1789636668346993682,1789636668447962550,2934515974663825,19968
rear,542,1789636668347197993,1789636668448488125,2934515975189109,19968
front,540,1789636668446982002,1789636668548008049,2934516074709754,20064
rear,543,1789636668447197123,1789636668548573320,2934516075274221,19968
front,541,1789636668547163809,1789636668648035632,2934516174737612,20064
rear,544,1789636668547141967,1789636668648556736,2934516175257670,19968
front,542,1789636668647213475,1789636668747873105,2934516274574387,19872
rear,545,1789636668647007193,1789636668748400738,2934516275101725,20064
front,543,1789636668746972591,1789636668848135071,2934516374836482,20064
rear,546,1789636668747133960,1789636668848663838,2934516375364780,19968
front,544,1789636668847134061,1789636668948080645,2934516474782210,20064
rear,547,1789636668847081437,1789636668948673637,2934516475374612,20160
front,545,1789636668947126552,1789636669048140341,2934516574841680,19968
rear,548,1789636668947279002,1789636669048673191,2934516575374068,19968
front,546,1789636669047071113,1789636669147851782,2934516674553110,19968
rear,549,1789636669047236630,1789636669148368519,2934516675069449,19968
front,547,1789636669147096689,1789636669248011086,2934516774712186,20064
rear,550,1789636669147117780,1789636669248565450,2934516775266396,19968
front,548,1789636669247071808,1789636669347995893,2934516874697405,19968
rear,551,1789636669247151762,1789636669348580520,2934516875281580,20064
front,549,1789636669347096084,1789636669448019575,2934516974720730,19968
rear,552,1789636669347246807,1789636669448554730,2934516975255664,19968
front,550,1789636669447014704,1789636669547928368,2934517074629755,20064
rear,553,1789636669447104987,1789636669548455760,2934517075156664,19968
front,551,1789636669547044543,1789636669647946003,2934517174647383,19968
rear,554,1789636669547103762,1789636669648493308,2934517175194236,20064
front,552,1789636669647015424,1789636669748088881,2934517274789925,19968
rear,555,1789636669647158027,1789636669748613161,2934517275314083,19968
front,553,1789636669746991940,1789636669848074848,2934517374776333,20064
rear,556,1789636669747191539,1789636669848604013,2934517375304932,19872
front,554,1789636669847080240,1789636669948125608,2934517474826841,19968
rear,557,1789636669847134644,1789636669948802240,2934517475503259,20064
front,555,1789636669947003977,1789636670048371003,2934517575072418,20064
rear,558,1789636669947138891,1789636670049065097,2934517575766072,19872
front,556,1789636670047153737,1789636670148071450,2934517674773114,19968
rear,559,1789636670046964621,1789636670148782423,2934517675483365,19968
front,557,1789636670147104776,1789636670248070345,2934517774771919,19968
rear,560,1789636670146978405,1789636670248792368,2934517775493395,20064
front,558,1789636670246974602,1789636670348342728,2934517875044201,19968
rear,561,1789636670247090356,1789636670349075915,2934517875777022,20064
front,559,1789636670346999113,1789636670448422041,2934517975123314,20160
rear,562,1789636670347141030,1789636670449134676,2934517975835624,19872
front,560,1789636670447168175,1789636670548032539,2934518074733796,19872
rear,563,1789636670446970959,1789636670548757599,2934518075458564,20064
front,561,1789636670547029828,1789636670648481231,2934518175182671,20064
rear,564,1789636670547089665,1789636670649233518,2934518175934711,20064
front,562,1789636670647026013,1789636670748249549,2934518274951733,19968
rear,565,1789636670647138151,1789636670748990553,2934518275691609,19968
front,563,1789636670747020063,1789636670848063785,2934518374765505,19968
rear,566,1789636670747133051,1789636670848781693,2934518375482679,19968
front,564,1789636670846961531,1789636670948042150,2934518474743637,19968
rear,567,1789636670847090233,1789636670948732909,2934518475433914,20064
front,565,1789636670946896568,1789636671048112758,2934518574813899,20064
rear,568,1789636670947043088,1789636671048617495,2934518575318452,19968
front,566,1789636671047018478,1789636671147850224,2934518674551563,19968
rear,569,1789636671047093813,1789636671148372850,2934518675073848,19968
front,567,1789636671146892601,1789636671247989705,2934518774691043,19968
rear,570,1789636671147055654,1789636671248733312,2934518775434273,20064
front,568,1789636671246899846,1789636671348426657,2934518875128232,20064
rear,571,1789636671247027440,1789636671349240273,2934518875941291,19968
front,569,1789636671346977067,1789636671447957345,2934518974658873,19968
rear,572,1789636671347119076,1789636671448678334,2934518975379290,19968
front,570,1789636671446883812,1789636671547922804,2934519074624255,20064
rear,573,1789636671447035741,1789636671548527566,2934519075228513,20064
front,571,1789636671546950749,1789636671648325146,2934519175026797,19968
rear,574,1789636671547076224,1789636671649035431,2934519175736463,19968
front,572,1789636671646920909,1789636671747751659,2934519274453137,19968
rear,575,1789636671647086852,1789636671748248768,2934519274949731,19968
front,573,1789636671746833306,1789636671847835315,2934519374536945,19872
rear,576,1789636671747004095,1789636671848398778,2934519375099750,20064
rear,577,1789636671847100489,1789636671948120687,2934519474821865,19872
front,574,1789636671946912985,1789636672047789385,2934519574490671,19776
rear,578,1789636671946818613,1789636672048341291,2934519575042189,20064
front,575,1789636672046900839,1789636672148037893,2934519674739350,19872
rear,579,1789636672046961148,1789636672148558600,2934519675259534,20064
front,576,1789636672146953528,1789636672247847664,2934519774549094,20256
rear,580,1789636672147077744,1789636672248363610,2934519775064542,19872
front,577,1789636672246864340,1789636672347936109,2934519874637304,19872
rear,581,1789636672246859478,1789636672348452660,2934519875153572,20064
front,578,1789636672346958515,1789636672448431754,2934519975133176,19872
rear,582,1789636672346938511,1789636672449210866,2934519975911999,19968
front,579,1789636672446859878,1789636672547912062,2934520074613141,20064
rear,583,1789636672446924931,1789636672548402823,2934520075103728,20064
front,580,1789636672546802572,1789636672647916112,2934520174617267,19968
rear,584,1789636672547008104,1789636672648421693,2934520175122574,19968
front,581,1789636672646829130,1789636672748013949,2934520274715785,19968
rear,585,1789636672646950805,1789636672748527679,2934520275228605,19968
front,582,1789636672747023153,1789636672848150801,2934520374852025,20064
rear,586,1789636672746810404,1789636672848783104,2934520375483997,20064
front,583,1789636672846893537,1789636672948479774,2934520475181470,19968
rear,587,1789636672846935007,1789636672949031971,2934520475733004,19968
front,584,1789636672946923060,1789636673047992014,2934520574693448,19968
rear,588,1789636672946896901,1789636673048551181,2934520575252099,19968
front,585,1789636673047052582,1789636673148103786,2934520674805165,19872
rear,589,1789636673046848046,1789636673148928287,2934520675629436,20064
front,586,1789636673146896873,1789636673248412365,2934520775113892,20160
rear,590,1789636673146918766,1789636673249178793,2934520775879938,19968
front,587,1789636673246833979,1789636673347843563,2934520874544844,19872
rear,591,1789636673246895822,1789636673348426480,2934520875127641,20064
front,588,1789636673346807026,1789636673448057054,2934520974758387,20160
rear,592,1789636673346996094,1789636673448600086,2934520975301076,19968
front,589,1789636673446934357,1789636673547936557,2934521074638020,19968
rear,593,1789636673446913119,1789636673548505369,2934521075206363,19968
front,590,1789636673547030060,1789636673647870961,2934521174572435,19968
rear,594,1789636673546827241,1789636673648433572,2934521175134584,20064
front,591,1789636673646881186,1789636673748241948,2934521274943202,20064
rear,595,1789636673646967989,1789636673748769026,2934521275470032,19968
front,592,1789636673746973522,1789636673848064106,2934521374765618,19968
rear,596,1789636673746836280,1789636673848787515,2934521375488667,19968
front,593,1789636673846946511,1789636673948069252,2934521474770764,19872
rear,597,1789636673846751084,1789636673948781924,2934521475483199,20064
front,594,1789636673946781020,1789636674048313040,2934521575014511,20064
rear,598,1789636673946924193,1789636674049005374,2934521575706425,19968
front,595,1789636674046742149,1789636674148232758,2934521674934233,20064
rear,599,1789636674046913412,1789636674148845968,2934521675546997,20064
front,596,1789636674146845508,1789636674248390159,2934521775091708,19872
rear,600,1789636674147004163,1789636674249158622,2934521775859731,19968
front,597,1789636674246722531,1789636674347722115,2934521874423315,20064
rear,601,1789636674246912480,1789636674348247422,2934521874948359,19968
front,598,1789636674346690399,1789636674447724911,2934521974426779,19968
rear,602,1789636674346853329,1789636674448296471,2934521974997443,20064
front,599,1789636674446691658,1789636674548048652,2934522074750047,20064
rear,603,1789636674446897146,1789636674548799589,2934522075500625,19968
front,600,1789636674546878893,1789636674647797893,2934522174499218,19968
rear,604,1789636674546903931,1789636674648491957,2934522175192936,19968
front,601,1789636674646811604,1789636674747800710,2934522274502632,20064
rear,605,1789636674646847317,1789636674748345958,2934522275046901,20064
front,602,1789636674746830871,1789636674847860519,2934522374562047,19968
rear,606,1789636674746852402,1789636674848397612,2934522375098557,19968
front,603,1789636674846863252,1789636674947626732,2934522474328125,19968
rear,607,1789636674846916752,1789636674948171589,2934522474872539,19968
front,604,1789636674946729445,1789636675048009937,2934522574711429,20064
rear,608,1789636674946843303,1789636675048572467,2934522575273449,20064
front,605,1789636675046798698,1789636675147811048,2934522674512479,19968
rear,609,1789636675046952658,1789636675148330863,2934522675031786,19968
front,606,1789636675146695189,1789636675247752470,2934522774453731,19968
rear,610,1789636675146861031,1789636675248435527,2934522775136690,19968
front,607,1789636675246667746,1789636675347948182,2934522874649388,20064
rear,611,1789636675246826089,1789636675348498356,2934522875199422,20160
front,608,1789636675346790791,1789636675448095171,2934522974796831,19968
rear,612,1789636675347526370,1789636675448799975,2934522975501026,19872
front,609,1789636675446658791,1789636675547890146,2934523074591445,20064
rear,613,1789636675446855231,1789636675548424334,2934523075125250,19968
front,610,1789636675546865252,1789636675647586731,2934523174288367,19968
rear,614,1789636675546728332,1789636675648109172,2934523174810210,20064
front,611,1789636675646777591,1789636675748062138,2934523274763470,20064
rear,615,1789636675646798922,1789636675748562420,2934523275263351,19968
front,612,1789636675746940506,1789636675848123878,2934523374825502,20064
rear,616,1789636675746735697,1789636675848854878,2934523375556087,19968
front,613,1789636675846942007,1789636675947608155,2934523474309414,19872
rear,617,1789636675846731811,1789636675948132520,2934523474833469,20064
front,614,1789636675946741410,1789636676048092125,2934523574793572,20064
rear,618,1789636675946825758,1789636676048603395,2934523575304330,20064
front,615,1789636676046756721,1789636676147847614,2934523674549060,19968
rear,619,1789636676046948660,1789636676148381386,2934523675082430,19968
front,616,1789636676146723102,1789636676247810828,2934523774512523,20064
rear,620,1789636676146902253,1789636676248317565,2934523775018496,19968
front,617,1789636676246887430,1789636676347689890,2934523874391695,19968
rear,621,1789636676246677620,1789636676348241318,2934523874942246,20064
front,618,1789636676346764328,1789636676447778230,2934523974479785,19968
rear,622,1789636676346932619,1789636676448296032,2934523974996938,19968
front,619,1789636676446629326,1789636676547755126,2934524074456511,19968
rear,623,1789636676446837156,1789636676548315019,2934524075016004,20064
front,620,1789636676546712162,1789636676647918891,2934524174620057,20064
rear,624,1789636676546902763,1789636676648412878,2934524175113812,19968
front,621,1789636676646688934,1789636676747684272,2934524274385561,19968
rear,625,1789636676646885945,1789636676748210084,2934524274911035,19968
front,622,1789636676746679146,1789636676847860419,2934524374561813,20064
rear,626,1789636676746892788,1789636676848371851,2934524375072856,20064
front,623,1789636676846767844,1789636676947924483,2934524474625658,19968
rear,627,1789636676846914762,1789636676948446617,2934524475147576,19968
front,624,1789636676946750083,1789636677047626678,2934524574327996,19968
rear,628,1789636676946894443,1789636677048151736,2934524574852612,19968
front,625,1789636677046660721,1789636677147683798,2934524674385220,20064
rear,629,1789636677046818417,1789636677148209646,2934524674910732,19968
front,626,1789636677146792606,1789636677247574665,2934524774275973,19968
rear,630,1789636677146628380,1789636677248088017,2934524774788957,20064
front,627,1789636677246691614,1789636677347695556,2934524874396812,19968
rear,631,1789636677246859878,1789636677348251490,2934524874952446,19968
front,628,1789636677346577884,1789636677447578789,2934524974280109,20064
rear,632,1789636677346785856,1789636677448103416,2934524974804322,19968
front,629,1789636677446741455,1789636677547724090,2934525074425604,20064
rear,633,1789636677446720287,1789636677548257272,2934525074958171,19968
front,630,1789636677546827616,1789636677647522196,2934525174223457,19968
rear,634,1789636677546616987,1789636677648062288,2934525174763218,19968
front,631,1789636677646772192,1789636677747460152,2934525274161304,19968
rear,635,1789636677646618946,1789636677748003378,2934525274704331,20064
front,632,1789636677746637523,1789636677847830352,2934525374531577,20064
rear,636,1789636677746737271,1789636677848333697,2934525375034603,19968
front,633,1789636677846845492,1789636677947601723,2934525474303235,19968
rear,637,1789636677846635908,1789636677948176342,2934525474877343,20064
front,634,1789636677946652221,1789636678047642849,2934525574344230,19968
rear,638,1789636677946807624,1789636678048176313,2934525574877238,19968
front,635,1789636678046582704,1789636678147694248,2934525674395608,20160
rear,639,1789636678046721609,1789636678148236810,2934525674937683,19968
front,636,1789636678146811856,1789636678247488898,2934525774190091,19872
rear,640,1789636678146619431,1789636678248024802,2934525774725807,20064
front,637,1789636678246628687,1789636678347621488,2934525874322767,19968
rear,641,1789636678246773410,1789636678348142728,2934525874843617,19968
front,638,1789636678346536769,1789636678447667770,2934525974369239,20064
rear,642,1789636678346745434,1789636678448202076,2934525974903046,20064
front,639,1789636678446619117,1789636678547583798,2934526074285111,19968
rear,643,1789636678446758700,1789636678548105841,2934526074806794,19968
front,640,1789636678546601809,1789636678647655642,2934526174356913,20064
rear,644,1789636678546682548,1789636678648185354,2934526174886247,19968
front,641,1789636678646692021,1789636678747515066,2934526274216362,19968
rear,645,1789636678646753455,1789636678748065786,2934526274766810,20064
front,642,1789636678746602441,1789636678847579392,2934526374280491,19968
rear,646,1789636678746794279,1789636678848064187,2934526374765103,19968
front,643,1789636678846603159,1789636678947574187,2934526474275515,20064
rear,647,1789636678846721541,1789636678948159321,2934526474860219,19968
front,644,1789636678946626610,1789636679047445824,2934526574146977,19968
rear,648,1789636678946671202,1789636679047953538,2934526574654445,20064
front,645,1789636679046592815,1789636679147561998,2934526674263465,19968
rear,649,1789636679046697782,1789636679148060413,2934526674761377,19968
front,646,1789636679146561970,1789636679247488207,2934526774189620,19968
rear,650,1789636679146645018,1789636679248005209,2934526774706113,20064
front,647,1789636679246515808,1789636679347662904,2934526874363971,20064
rear,651,1789636679246724097,1789636679348155277,2934526874856216,19872
front,648,1789636679346547475,1789636679447565842,2934526974267135,20064
rear,652,1789636679346619676,1789636679448099214,2934526974800149,19968
front,649,1789636679446709415,1789636679547531476,2934527074232839,19968
rear,653,1789636679446509580,1789636679548061854,2934527074762838,20160
front,650,1789636679546626497,1789636679647722182,2934527174423522,20064
rear,654,1789636679546793215,1789636679648274156,2934527174975163,19872
front,651,1789636679646650947,1789636679747474011,2934527274175234,19872
rear,655,1789636679646672312,1789636679747960792,2934527274661669,19968
front,652,1789636679846620993,1789636679947740119,2934527474441744,19968
rear,656,1789636679846807063,1789636679948287819,2934527474988768,19872
front,653,1789636679946632321,1789636680047495422,2934527574196696,19872
rear,657,1789636679946734224,1789636680048031611,2934527574732546,19968
front,654,1789636680046455970,1789636680147788177,2934527674489759,20160
rear,658,1789636680046661263,1789636680148324151,2934527675025159,19968
front,655,1789636680146616989,1789636680247517756,2934527774219060,19968
rear,659,1789636680146807325,1789636680248087349,2934527774788319,19968
front,656,1789636680246688030,1789636680347457995,2934527874159324,19872
rear,660,1789636680246566106,1789636680347966040,2934527874666953,20064
front,657,1789636680346493839,1789636680447818803,2934527974519992,20160
rear,661,1789636680346695248,1789636680448316489,2934527975017357,20064
front,658,1789636680446583248,1789636680547565086,2934528074266882,19968
rear,662,1789636680446782577,1789636680548077438,2934528074778308,19872
front,659,1789636680546652286,1789636680647388846,2934528174090137,19968
rear,663,1789636680546591941,1789636680647911048,2934528174612023,20064
front,660,1789636680646586615,1789636680747739170,2934528274440888,20064
rear,664,1789636680646649354,1789636680748279935,2934528274980866,19968
front,661,1789636680746676741,1789636680847376777,2934528374078327,19968
rear,665,1789636680746588387,1789636680847904788,2934528374605673,19968
front,662,1789636680846683515,1789636680947448612,2934528474149903,19968
rear,666,1789636680846472682,1789636680947950488,2934528474651431,20064
front,663,1789636680946572978,1789636681047563464,2934528574264775,19968
rear,667,1789636680946682193,1789636681048067402,2934528574768285,20064
front,664,1789636681046530343,1789636681147657999,2934528674359466,20064
rear,668,1789636681046672384,1789636681148154964,2934528674855916,19968
front,665,1789636681146598398,1789636681247459333,2934528774160649,19968
rear,669,1789636681146619550,1789636681247960936,2934528774661894,19968
front,666,1789636681246531658,1789636681347381836,2934528874083188,19968
rear,670,1789636681246635936,1789636681347890818,2934528874591810,20064
front,667,1789636681346412414,1789636681447765696,2934528974467148,20160
rear,671,1789636681346611050,1789636681448274862,2934528974975766,19872
front,668,1789636681446699255,1789636681547392631,2934529074094249,19968
rear,672,1789636681446510553,1789636681547913427,2934529074614375,20064
front,669,1789636681546650027,1789636681647761472,2934529174462625,20064
rear,673,1789636681546596929,1789636681648247800,2934529174948800,19968
front,670,1789636681646713270,1789636681747375505,2934529274076618,19872
rear,674,1789636681646573218,1789636681747872467,2934529274573466,20064
front,671,1789636681746472982,1789636681847528051,2934529374229328,19872
rear,675,1789636681746657608,1789636681848060832,2934529374761918,19968
front,672,1789636681846487645,1789636681947458390,2934529474159678,20160
rear,676,1789636681846610431,1789636681948005236,2934529474706370,20064
front,673,1789636681946397187,1789636682047587037,2934529574288351,19968
rear,677,1789636681946604436,1789636682048124066,2934529574825052,19968
front,674,1789636682046528024,1789636682147490937,2934529674192457,19872
rear,678,1789636682046651925,1789636682148020322,2934529674721211,19968
front,675,1789636682146757774,1789636682247631772,2934529774333088,20064
rear,679,1789636682146565282,1789636682248167259,2934529774868269,20064
front,676,1789636682246516048,1789636682347670687,2934529874371954,20064
rear,680,1789636682246700515,1789636682348186263,2934529874887301,19872
front,677,1789636682347316062,1789636682447812559,2934529974513836,19872
rear,681,1789636682346415418,1789636682448517402,2934529975218433,20064
front,678,1789636682446717207,1789636682547845786,2934530074547161,19968
rear,682,1789636682446513326,1789636682548586885,2934530075288005,19968
front,679,1789636682546661725,1789636682647562311,2934530174263688,20064
rear,683,1789636682546466660,1789636682648113196,2934530174814162,20064
front,680,1789636682646593490,1789636682747523859,2934530274225395,19872
rear,684,1789636682646618743,1789636682748048383,2934530274749411,19968
front,681,1789636682746600885,1789636682847566348,2934530374267426,20064
rear,685,1789636682746493179,1789636682848057986,2934530374758907,20064
front,682,1789636682846580073,1789636682947633745,2934530474335273,19968
rear,686,1789636682846682408,1789636682948174481,2934530474875413,20064
front,683,1789636682946598640,1789636683047476165,2934530574177408,19968
rear,687,1789636682946766409,1789636683047979224,2934530574680116,19872
front,684,1789636683046622358,1789636683147524659,2934530674226237,19968
rear,688,1789636683046449773,1789636683148106744,2934530674807678,20064
front,685,1789636683146682457,1789636683247755147,2934530774456709,20160
rear,689,1789636683146576014,1789636683248281844,2934530774982758,19968
front,686,1789636683246704998,1789636683347364827,2934530874066138,19872
rear,690,1789636683246518310,1789636683347911337,2934530874612455,19968
front,687,1789636683346644284,1789636683447348976,2934530974050210,19968
rear,691,1789636683346437264,1789636683447844332,2934530974545371,20064
front,688,1789636683446612182,1789636683547765125,2934531074466355,20064
rear,692,1789636683446546194,1789636683548281579,2934531074982695,20064
front,689,1789636683546550206,1789636683647558271,2934531174259816,19872
rear,693,1789636683546695611,1789636683648084303,2934531174785210,19968
front,690,1789636683646460436,1789636683747511030,2934531274212621,20160
rear,694,1789636683646635595,1789636683748032907,2934531274733904,19968
front,691,1789636683746635182,1789636683847366182,2934531374067362,19968
rear,695,1789636683746465304,1789636683847846364,2934531374547246,19968
front,692,1789636683846648863,1789636683947696586,2934531474398248,20064
rear,696,1789636683846528335,1789636683948283112,2934531474984129,20064
front,693,1789636683946767119,1789636684047705239,2934531574406599,19968
rear,697,1789636683946569313,1789636684048282510,2934531574983532,19968
front,694,1789636684046716859,1789636684147431638,2934531674132859,19968
rear,698,1789636684046566390,1789636684147935399,2934531674636339,20064
front,695,1789636684146551632,1789636684247544941,2934531774246569,19968
rear,699,1789636684146704759,1789636684248063066,2934531774764187,19872
front,696,1789636684246633015,1789636684347444345,2934531874145785,19968
rear,700,1789636684246425404,1789636684347998622,2934531874699678,20160
front,697,1789636684346525701,1789636684447680491,2934531974381901,20064
rear,701,1789636684346684469,1789636684448195585,2934531974896518,19872
front,698,1789636684446654398,1789636684547317621,2934532074019091,19968
rear,702,1789636684446464354,1789636684547833311,2934532074534289,20064
front,699,1789636684546540256,1789636684647575878,2934532174277102,20064
rear,703,1789636684546603147,1789636684648085853,2934532174786828,19968
front,700,1789636684646602779,1789636684747436934,2934532274138141,19968
rear,704,1789636684646468949,1789636684747935233,2934532274636200,20064
front,701,1789636684746546971,1789636684847552628,2934532374254137,19968
rear,705,1789636684746677513,1789636684848060082,2934532374761033,19968
front,702,1789636684846529056,1789636684947470775,2934532474172024,20064
rear,706,1789636684846596529,1789636684948007751,2934532474708691,19968
front,703,1789636684946594971,1789636685047345072,2934532574046588,19968
rear,707,1789636684946415339,1789636685047857875,2934532574558758,20064
front,704,1789636685046507937,1789636685147516924,2934532674218174,19968
rear,708,1789636685046629325,1789636685148023500,2934532674724475,19968
front,705,1789636685146519924,1789636685247550657,2934532774252060,20064
rear,709,1789636685146603282,1789636685248046551,2934532774747520,20064
front,706,1789636685246582612,1789636685347810084,2934532874511263,20064
rear,710,1789636685246665617,1789636685348289827,2934532874990736,19968
front,707,1789636685346777663,1789636685447351753,2934532974052892,19968
rear,711,1789636685346584886,1789636685447854252,2934532974555295,20064
front,708,1789636685446582514,1789636685547819791,2934533074520999,20064
rear,712,1789636685446604228,1789636685548355535,2934533075056486,19968
front,709,1789636685546783538,1789636685647723439,2934533174424716,20064
rear,713,1789636685547062236,1789636685648234666,2934533174935570,19968
front,710,1789636685646771000,1789636685747430284,2934533274131653,19872
rear,714,1789636685646574283,1789636685747960061,2934533274660959,20064
front,711,1789636685746531180,1789636685847670110,2934533374371533,20064
rear,715,1789636685746656342,1789636685848157445,2934533374858364,19968
front,712,1789636685846670420,1789636685947372228,2934533474073629,19968
rear,716,1789636685846541528,1789636685947895886,2934533474596853,19968
front,713,1789636685946619594,1789636686047429081,2934533574130435,19968
rear,717,1789636685946585822,1789636686047952908,2934533574653847,20064
front,714,1789636686046486369,1789636686147518205,2934533674219560,19968
rear,718,1789636686046683229,1789636686148022245,2934533674723166,20064
front,715,1789636686146535945,1789636686247754932,2934533774456319,20160
rear,719,1789636686147091562,1789636686248270572,2934533774971615,19872
front,716,1789636686246732826,1789636686347371336,2934533874072624,19872
rear,720,1789636686246531194,1789636686347928793,2934533874629803,20064
front,717,1789636686346455402,1789636686447652368,2934533974353932,20064
rear,721,1789636686346605271,1789636686448164569,2934533974865505,19968
front,718,1789636686446646173,1789636686547425687,2934534074127131,19968
rear,722,1789636686446439378,1789636686547939883,2934534074640862,20064
front,719,1789636686546500163,1789636686647507416,2934534174208997,19968
rear,723,1789636686546699820,1789636686648033746,2934534174734666,19968
front,720,1789636686646403963,1789636686747836141,2934534274537670,20064
rear,724,1789636686646589109,1789636686748417977,2934534275118864,20064
front,721,1789636686746543342,1789636686848055998,2934534374757449,20064
rear,725,1789636686747117993,1789636686848564293,2934534375265216,19872
front,722,1789636686846655491,1789636686947814181,2934534474515321,20064
rear,726,1789636686846469072,1789636686948350130,2934534475051047,20064
front,723,1789636686946728246,1789636687047517601,2934534574218809,19872
rear,727,1789636686946538246,1789636687048023935,2934534574724841,20064
front,724,1789636687046595607,1789636687147612409,2934534674313839,20064
rear,728,1789636687047012510,1789636687148119254,2934534674820237,19872
front,725,1789636687146640833,1789636687247362280,2934534774063774,19968
rear,729,1789636687146429151,1789636687247844447,2934534774545335,20064
front,726,1789636687246621984,1789636687347624957,2934534874326117,20064
rear,730,1789636687246562526,1789636687348116488,2934534874817436,20064
front,727,1789636687346642839,1789636687447567221,2934534974268319,19872
rear,731,1789636687347076803,1789636687448126250,2934534974827122,19968
front,728,1789636687446475608,1789636687547526870,2934535074227983,20160
rear,732,1789636687446645449,1789636687548063079,2934535074764418,19968
front,729,1789636687546678934,1789636687647523322,2934535174224565,19872
rear,733,1789636687546548591,1789636687648042765,2934535174743689,20064
front,730,1789636687646508110,1789636687747717757,2934535274419235,20160
rear,734,1789636687646709925,1789636687748261095,2934535274962156,19968
front,731,1789636687746696977,1789636687847450176,2934535374151401,19968
rear,735,1789636687746589283,1789636687847957876,2934535374658901,19968
front,732,1789636687846723581,1789636687947512971,2934535474214258,19968
rear,736,1789636687846585653,1789636687948054924,2934535474755835,20064
front,733,1789636687946574987,1789636688047493466,2934535574195004,19968
rear,737,1789636687946732390,1789636688048019708,2934535574720604,19968
front,734,1789636688046559472,1789636688147510456,2934535674212063,20064
rear,738,1789636688046614858,1789636688148007487,2934535674708360,19968
front,735,1789636688146662339,1789636688247608744,2934535774310216,20064
rear,739,1789636688146498278,1789636688248117637,2934535774818527,19968
front,736,1789636688246716334,1789636688347428890,2934535874130144,19968
rear,740,1789636688246514932,1789636688347937310,2934535874638247,20064
front,737,1789636688346726884,1789636688447736917,2934535974438219,19968
rear,741,1789636688346598747,1789636688448232261,2934535974933208,20064
front,738,1789636688446551259,1789636688547597016,2934536074298264,19968
rear,742,1789636688446955756,1789636688548157739,2934536074858675,19968
front,739,1789636688546538965,1789636688647561150,2934536174262916,20064
rear,743,1789636688546694411,1789636688648084284,2934536174785222,19968
front,740,1789636688646689720,1789636688747602162,2934536274303300,20064
rear,744,1789636688646537271,1789636688748075246,2934536274776183,19968
front,741,1789636688746749186,1789636688847386231,2934536374087710,19968
rear,745,1789636688746553413,1789636688847893608,2934536374594535,20064
front,742,1789636688846629732,1789636688947524054,2934536474225605,19968
rear,746,1789636688846952062,1789636688948062668,2934536474763655,19968
front,743,1789636688946652479,1789636689047414924,2934536574116244,20064
rear,747,1789636688946570338,1789636689047913674,2934536574614623,19968
front,744,1789636689047039810,1789636689147653362,2934536674355024,20064
rear,748,1789636689046513643,1789636689148168175,2934536674869099,20064
front,745,1789636689147172155,1789636689247610537,2934536774311664,19872
rear,749,1789636689146950238,1789636689248122463,2934536774823406,20064
front,746,1789636689246546304,1789636689347831368,2934536874532700,20160
rear,750,1789636689247047792,1789636689348388734,2934536875089744,19872
front,747,1789636689347152603,1789636689447551026,2934536974252106,19968
rear,751,1789636689346899433,1789636689448061423,2934536974762335,20064
front,748,1789636689447116658,1789636689547623777,2934537074325027,19872
rear,752,1789636689446931110,1789636689548168371,2934537074869321,19872
front,749,1789636689546624535,1789636689647591783,2934537174293234,20160
rear,753,1789636689546459538,1789636689648101703,2934537174802593,20064
front,750,1789636689647143983,1789636689747510158,2934537274211510,19872
rear,754,1789636689646534763,1789636689748013745,2934537274714651,20064
front,751,1789636689746560391,1789636689847754025,2934537374455398,20064
rear,755,1789636689746601230,1789636689848266770,2934537374967675,19872
front,752,1789636689846696949,1789636689947711583,2934537474412887,20064
rear,756,1789636689846520423,1789636689948283584,2934537474984568,19968
front,753,1789636689947078819,1789636690047361428,2934537574062652,19872
rear,757,1789636689946574845,1789636690047893436,2934537574594394,20160
front,754,1789636690046514308,1789636690147653389,2934537674354573,20064
rear,758,1789636690046601477,1789636690148201395,2934537674902305,19872
front,755,1789636690146591743,1789636690247541157,2934537774242409,20064
rear,759,1789636690146570146,1789636690248053053,2934537774754008,19968
front,756,1789636690247122989,1789636690347465524,2934537874166582,19968
rear,760,1789636690246538144,1789636690347971849,2934537874672733,20064
front,757,1789636690347014231,1789636690447541668,2934537974242789,19968
rear,761,1789636690346961346,1789636690448046276,2934537974747185,20064
front,758,1789636690446956344,1789636690547745129,2934538074446319,20064
rear,762,1789636690447019372,1789636690548258968,2934538074959856,19872
front,759,1789636690547062819,1789636690647470143,2934538174171616,19968
rear,763,1789636690546838750,1789636690647983533,2934538174684369,20064
front,760,1789636690647052430,1789636690747564850,2934538274266078,19968
rear,764,1789636690646996734,1789636690748074502,2934538274775399,20064
front,761,1789636690746939511,1789636690847973157,2934538374674936,19968
rear,765,1789636690746965663,1789636690848764902,2934538375466086,19968
front,762,1789636690846547335,1789636690947658295,2934538474360106,20064
rear,766,1789636690846909332,1789636690948223950,2934538474924896,19968
front,763,1789636690946984134,1789636691047437967,2934538574139344,19968
rear,767,1789636690946931782,1789636691047951621,2934538574652582,19968
front,764,1789636691046675810,1789636691147416171,2934538674117409,19968
rear,768,1789636691046476619,1789636691147952200,2934538674653130,20064
front,765,1789636691146467718,1789636691247626417,2934538774327761,20064
rear,769,1789636691146670237,1789636691248128835,2934538774829785,19968
front,766,1789636691246967561,1789636691347279948,2934538873980992,19968
rear,770,1789636691246469471,1789636691347785805,2934538874486784,20064
front,767,1789636691346565100,1789636691447780246,2934538974481484,20064
rear,771,1789636691346905626,1789636691448336741,2934538975037656,19968
front,768,1789636691446976493,1789636691547371855,2934539074073430,19968
rear,772,1789636691446851930,1789636691547959633,2934539074660526,19968
front,769,1789636691546652616,1789636691647442936,2934539174144245,19968
rear,773,1789636691546885267,1789636691647967212,2934539174668189,20064
front,770,1789636691647045272,1789636691747741654,2934539274443154,20064
rear,774,1789636691646939229,1789636691748262605,2934539274963606,19968
front,771,1789636691746982392,1789636691847514582,2934539374215804,19872
rear,775,1789636691746889109,1789636691848049479,2934539374750401,20064
front,772,1789636691846544044,1789636691947507581,2934539474209081,19776
rear,776,1789636691846881351,1789636691948054153,2934539474755081,19968
front,773,1789636691946435003,1789636692047510752,2934539574212026,20256
rear,777,1789636691946874026,1789636692048031996,2934539574732962,19968
front,774,1789636692046945532,1789636692147451228,2934539674152815,19872
rear,778,1789636692046633113,1789636692147953591,2934539674654596,20064
front,775,1789636692146910332,1789636692247522270,2934539774223538,19968
rear,779,1789636692146929754,1789636692248025913,2934539774726805,19872
front,776,1789636692246611764,1789636692347937647,2934539874639066,20064
rear,780,1789636692246495299,1789636692348478639,2934539875179623,20160
front,777,1789636692346986037,1789636692447954430,2934539974655888,19968
rear,781,1789636692347986281,1789636692448521996,2934539975222897,19968
front,778,1789636692446949599,1789636692547374672,2934540074075958,19872
rear,782,1789636692447918993,1789636692547915848,2934540074616767,19968
front,779,1789636692546451360,1789636692647929887,2934540174630950,20160
rear,783,1789636692546912736,1789636692648448813,2934540175149726,20064
front,780,1789636692646996697,1789636692747644934,2934540274346198,19872
rear,784,1789636692646965071,1789636692748196089,2934540274896961,19968
front,781,1789636692746954582,1789636692847729771,2934540374431173,20064
rear,785,1789636692746856249,1789636692848239562,2934540374940452,19968
front,782,1789636692846926005,1789636692947577713,2934540474278799,20064
rear,786,1789636692846852272,1789636692948083820,2934540474784753,19968
front,783,1789636692946984245,1789636693047403845,2934540574104933,19872
rear,787,1789636692946789065,1789636693047891655,2934540574592557,20064
front,784,1789636693046897368,1789636693147562427,2934540674263921,19968
rear,788,1789636693046838581,1789636693148122900,2934540674823828,19968
front,785,1789636693146622941,1789636693247861982,2934540774563040,20064
rear,789,1789636693146827536,1789636693248353874,2934540775054803,20064
front,786,1789636693246848998,1789636693347792062,2934540874493350,20064
rear,790,1789636693246976002,1789636693348338749,2934540875039651,19968
front,787,1789636693346960940,1789636693447430777,2934540974132297,19872
rear,791,1789636693346805117,1789636693448008174,2934540974709098,19968
front,788,1789636693446633292,1789636693547612452,2934541074313631,20160
rear,792,1789636693446806290,1789636693548122867,2934541074823748,19968
front,789,1789636693547007831,1789636693647407709,2934541174109202,19872
rear,793,1789636693546762267,1789636693647940194,2934541174641111,20064
front,790,1789636693646822706,1789636693747673194,2934541274374722,20064
rear,794,1789636693646764613,1789636693748177785,2934541274878669,19968
front,791,1789636693746895382,1789636693847367132,2934541374068431,19968
rear,795,1789636693746719103,1789636693847916625,2934541374617500,19968
front,792,1789636693846867784,1789636693947939729,2934541474641328,20064
front,793,1789636693947001264,1789636694047675131,2934541574376600,19968
rear,796,1789636693947978811,1789636694048245606,2934541574946559,19872
front,794,1789636694046929695,1789636694147812473,2934541674514290,19968
rear,797,1789636694046717385,1789636694148382353,2934541675083255,20064
front,795,1789636694146822078,1789636694247771350,2934541774472802,20064
rear,798,1789636694146954939,1789636694248386705,2934541775087813,19968
front,796,1789636694246947811,1789636694347494497,2934541874196238,19968
rear,799,1789636694246776486,1789636694348050576,2934541874751584,19968
front,797,1789636694346803011,1789636694447747362,2934541974448950,19968
rear,800,1789636694346725550,1789636694448275580,2934541974976575,20064
front,798,1789636694446779835,1789636694547709662,2934542074411362,20064
rear,801,1789636694446932946,1789636694548285067,2934542074986042,19968
front,799,1789636694546813906,1789636694647541893,2934542174243707,19968
rear,802,1789636694546689646,1789636694648081234,2934542174782162,20064
front,800,1789636694646848400,1789636694747852206,2934542274553724,20064
rear,803,1789636694647876712,1789636694748410103,2934542275111085,19968
front,801,1789636694746885603,1789636694847783944,2934542374485174,19968
rear,804,1789636694746845593,1789636694848517260,2934542375218327,19968
front,802,1789636694846812257,1789636694947680595,2934542474381764,19968
rear,805,1789636694846700213,1789636694948244995,2934542474945837,20064
front,803,1789636694946835624,1789636695047806061,2934542574507182,20064
rear,806,1789636694947874058,1789636695048327662,2934542575028553,19872
front,804,1789636695046872483,1789636695147360282,2934542674061384,19968
rear,807,1789636695046686972,1789636695147890846,2934542674591818,20064
front,805,1789636695146773432,1789636695247783345,2934542774484522,19968
rear,808,1789636695146746668,1789636695248280199,2934542774981116,20064
front,806,1789636695246776474,1789636695347623784,2934542874325241,20064
rear,809,1789636695247860331,1789636695348113390,2934542874814332,19968
front,807,1789636695346796692,1789636695447629708,2934542974330985,20064
rear,810,1789636695346774944,1789636695448164865,2934542974865821,19968
front,808,1789636695447782243,1789636695547368676,2934543074070048,19872
rear,811,1789636695446629640,1789636695547872753,2934543074573678,20064
front,809,1789636695546490882,1789636695647993189,2934543174694433,20064
rear,812,1789636695547834162,1789636695648514827,2934543175215718,19968
front,810,1789636695646758600,1789636695747661377,2934543274362528,20064
rear,813,1789636695646892430,1789636695748167909,2934543274868843,19968
front,811,1789636695747827073,1789636695847362264,2934543374063418,19968
rear,814,1789636695746659886,1789636695847858186,2934543374559129,20064
front,812,1789636695846794626,1789636695948039747,2934543474741200,20064
rear,815,1789636695847763737,1789636695948590845,2934543475291877,19968
front,813,1789636695947797253,1789636696047472099,2934543574173651,19968
rear,816,1789636695946770831,1789636696047996020,2934543574696917,19968
front,814,1789636696047779018,1789636696147992134,2934543674693682,20064
rear,817,1789636696046660798,1789636696148528314,2934543675229249,20064
front,815,1789636696147830433,1789636696247857673,2934543774559221,19968
rear,818,1789636696147766307,1789636696248362836,2934543775063742,19968
front,816,1789636696247758634,1789636696348048707,2934543874749886,20064
rear,819,1789636696246742979,1789636696348594424,2934543875295366,20064
front,817,1789636696347874538,1789636696448175069,2934543974876369,19872
rear,820,1789636696347784973,1789636696448862534,2934543975563610,20064
front,818,1789636696446764001,1789636696548100430,2934544074801602,20064
rear,821,1789636696447861248,1789636696548591771,2934544075292660,19872
front,819,1789636696547739930,1789636696647590609,2934544174291897,19968
rear,822,1789636696546673275,1789636696648109603,2934544174810545,20064
front,820,1789636696647727729,1789636696748172715,2934544274874621,20064
rear,823,1789636696647754163,1789636696748729767,2934544275430657,19968
front,821,1789636696747787299,1789636696847648576,2934544374349968,19872
rear,824,1789636696746709324,1789636696848170581,2934544374871564,20064
front,822,1789636696846694481,1789636696948019676,2934544474721096,20160
rear,825,1789636696846926416,1789636696948545166,2934544475246090,19968
front,823,1789636696947778347,1789636697047567364,2934544574268881,19872
rear,826,1789636696946739794,1789636697048078424,2934544574779307,20064
front,824,1789636697046671344,1789636697147922918,2934544674624234,20064
rear,827,1789636697047867918,1789636697148486996,2934544675187918,19968
front,825,1789636697146714077,1789636697247863475,2934544774564672,20064
rear,828,1789636697146894706,1789636697248407326,2934544775108253,19968
front,826,1789636697247803612,1789636697347644824,2934544874345970,19968
rear,829,1789636697247724147,1789636697348175287,2934544874876270,19968
front,827,1789636697347709889,1789636697447626831,2934544974327954,19968
rear,830,1789636697346612760,1789636697448171930,2934544974872915,20064
front,828,1789636697446758165,1789636697548069449,2934545074770908,19968
rear,831,1789636697447737486,1789636697548833048,2934545075534331,19968
front,829,1789636697546668340,1789636697647784382,2934545174485682,20064
rear,832,1789636697546787880,1789636697648568771,2934545175269796,19968
front,830,1789636697647711730,1789636697747657970,2934545274359562,19968
rear,833,1789636697646667409,1789636697748226761,2934545274927668,20064
front,831,1789636697746697996,1789636697847992142,2934545374693456,20064
rear,834,1789636697746858242,1789636697848533162,2934545375234135,19968
front,832,1789636697846897413,1789636697947649243,2934545474350630,19968
rear,835,1789636697847683737,1789636697948222473,2934545474923376,20064
front,833,1789636697946726442,1789636698047584629,2934545574286020,19968
rear,836,1789636697947814067,1789636698048093515,2934545574794446,19968
front,834,1789636698046424041,1789636698147870851,2934545674572201,20064
rear,837,1789636698047755676,1789636698148428946,2934545675129955,20064
front,835,1789636698146810569,1789636698248056128,2934545774757586,19968
rear,838,1789636698147857932,1789636698248741780,2934545775442798,19968
front,836,1789636698246671895,1789636698347780077,2934545874481468,20064
rear,839,1789636698247741244,1789636698348502372,2934545875203392,19872
front,837,1789636698347726430,1789636698447652436,2934545974353741,19968
rear,840,1789636698346524023,1789636698448160782,2934545974861717,20064
front,838,1789636698446620002,1789636698547800338,2934546074501794,19968
rear,841,1789636698446727844,1789636698548315120,2934546075016046,20064
front,839,1789636698546646303,1789636698647857451,2934546174558738,20064
rear,842,1789636698547761096,1789636698648411190,2934546175112225,19968
front,840,1789636698647651665,1789636698747755695,2934546274457045,20064
rear,843,1789636698647676523,1789636698748237510,2934546274938479,19968
front,841,1789636698747784891,1789636698847586374,2934546374287868,19872
rear,844,1789636698746644881,1789636698848098241,2934546374799219,20064
front,842,1789636698846618627,1789636698948965470,2934546475666815,20160
rear,845,1789636698847733160,1789636698949489472,2934546476190470,19968
front,843,1789636698947878433,1789636699047524539,2934546574226123,19872
rear,846,1789636698947753759,1789636699048088705,2934546574789631,19968
front,844,1789636699046509026,1789636699147952236,2934546674653693,20064
rear,847,1789636699046704150,1789636699148657204,2934546675358219,20064
front,845,1789636699147660769,1789636699247880590,2934546774581783,19968
rear,848,1789636699147761624,1789636699248548596,2934546775249658,19968
front,846,1789636699246715835,1789636699347642311,2934546874343502,20064
rear,849,1789636699247678861,1789636699348157705,2934546874858650,19968
front,847,1789636699347694240,1789636699447542263,2934546974243723,19872
rear,850,1789636699347664709,1789636699448111664,2934546974812604,20064
front,848,1789636699446602789,1789636699547910881,2934547074612093,20064
rear,851,1789636699447786656,1789636699548432343,2934547075133492,19968
front,849,1789636699546725430,1789636699647506042,2934547174207528,19968
rear,852,1789636699547650706,1789636699648071677,2934547174772589,19968
front,850,1789636699646578038,1789636699747532334,2934547274233880,19968
rear,853,1789636699647666972,1789636699748057225,2934547274758137,20064
front,851,1789636699746575337,1789636699847819141,2934547374520272,20064
rear,854,1789636699747711146,1789636699848337096,2934547375038018,19968
front,852,1789636699846655452,1789636699947840552,2934547474542003,20064
rear,855,1789636699847607095,1789636699948431482,2934547475132384,19872
front,853,1789636699946806302,1789636700047495257,2934547574196491,19968
rear,856,1789636699947614245,1789636700047993323,2934547574694282,20160
front,854,1789636700047616336,1789636700148192823,2934547674894007,20064
rear,857,1789636700047727262,1789636700148696097,2934547675396989,19776
front,855,1789636700147645510,1789636700247830210,2934547774531576,19968
rear,858,1789636700146569982,1789636700248369667,2934547775070599,20064
front,856,1789636700246824214,1789636700348311725,2934547875013543,20064
rear,859,1789636700247628108,1789636700348848255,2934547875549212,19968
front,857,1789636700347761314,1789636700447434760,2934547974136561,19968
rear,860,1789636700347582407,1789636700447951573,2934547974652502,19968
front,858,1789636700447703844,1789636700547404285,2934548074105822,19968
rear,861,1789636700446456944,1789636700547961725,2934548074662656,20064
front,859,1789636700547592422,1789636700647660920,2934548174362213,19968
rear,862,1789636700547626498,1789636700648212783,2934548174913703,20064
front,860,1789636700647568233,1789636700747720544,2934548274422038,20064
rear,863,1789636700647698620,1789636700748244489,2934548274945397,19872
front,861,1789636700747635746,1789636700847551317,2934548374252476,19968
rear,864,1789636700746553644,1789636700848099369,2934548374800280,20064
front,862,1789636700846742978,1789636700947516590,2934548474218104,19968
rear,865,1789636700847607794,1789636700948045028,2934548474745939,19968
front,863,1789636700946680514,1789636701047449569,2934548574150945,19968
rear,866,1789636700946604241,1789636701047960293,2934548574661232,20064
front,864,1789636701046573042,1789636701148755616,2934548675456806,20160
rear,867,1789636701046728010,1789636701149252783,2934548675953706,19968
front,865,1789636701147769447,1789636701247580983,2934548774282520,19968
rear,868,1789636701147562474,1789636701248121208,2934548774822196,19968
front,866,1789636701247598507,1789636701347462444,2934548874163751,19968
rear,869,1789636701247559520,1789636701348008692,2934548874709596,20064
front,867,1789636701347640643,1789636701448698331,2934548975399442,19968
rear,870,1789636701346703527,1789636701449201261,2934548975902178,20064
front,868,1789636701447541493,1789636701547593642,2934549074294821,19968
rear,871,1789636701447749779,1789636701548086204,2934549074787215,19968
front,869,1789636701546638240,1789636701647481179,2934549174182549,20064
rear,872,1789636701547625814,1789636701647969361,2934549174670352,19968
front,870,1789636701647631239,1789636701747425468,2934549274126594,19872
rear,873,1789636701646614233,1789636701747919380,2934549274620261,19968
front,871,1789636701746697093,1789636701847565584,2934549374267130,20064
rear,874,1789636701747549342,1789636701848092620,2934549374793528,20064
front,872,1789636701846622553,1789636701947640388,2934549474342071,19968
rear,875,1789636701847664255,1789636701948177970,2934549474878922,19968
front,873,1789636701946753170,1789636702047469704,2934549574171415,19968
rear,876,1789636701946587983,1789636702048019269,2934549574720192,20064
front,874,1789636702046616233,1789636702147549577,2934549674251164,19872
rear,877,1789636702047689665,1789636702148085057,2934549674785988,19968
front,875,1789636702146582461,1789636702247587265,2934549774288799,20160
rear,878,1789636702147620929,1789636702248092014,2934549774793075,19968
front,876,1789636702246663322,1789636702347750994,2934549874452123,20064
rear,879,1789636702247504518,1789636702348247409,2934549874948404,19968
front,877,1789636702347629967,1789636702447426800,2934549974128277,19680
rear,880,1789636702347510416,1789636702447968564,2934549974669573,20064
front,878,1789636702446551657,1789636702547699325,2934550074400595,20064
rear,881,1789636702447566819,1789636702548216324,2934550074917328,19968
front,879,1789636702546471887,1789636702647441035,2934550174142195,20064
rear,882,1789636702547543037,1789636702647938648,2934550174639570,19968
front,880,1789636702646634153,1789636702747451601,2934550274153061,19968
rear,883,1789636702646534149,1789636702747974111,2934550274675032,20064
front,881,1789636702746669159,1789636702847569311,2934550374270412,19968
rear,884,1789636702746586143,1789636702848082422,2934550374783335,19968
front,882,1789636702847477658,1789636702947460099,2934550474161352,19968
rear,885,1789636702847497407,1789636702948002262,2934550474703168,20064
front,883,1789636702946432687,1789636703047938006,2934550574639478,20064
rear,886,1789636702947598008,1789636703048480858,2934550575181846,19968
front,884,1789636703047529812,1789636703147503894,2934550674205230,19968
rear,887,1789636703047500524,1789636703148011253,2934550674712150,19968
front,885,1789636703147497855,1789636703247455342,2934550774156757,19968
rear,888,1789636703147477197,1789636703247990383,2934550774691290,20064
front,886,1789636703247462818,1789636703347802957,2934550874504258,20064
rear,889,1789636703247537921,1789636703348326830,2934550875027718,19968
front,887,1789636703346732307,1789636703447520581,2934550974222174,19968
rear,890,1789636703347474454,1789636703448094773,2934550974795645,19968
front,888,1789636703447492604,1789636703547564816,2934551074266570,20064
rear,891,1789636703447459549,1789636703548132949,2934551074833892,20064
front,889,1789636703547530037,1789636703647636682,2934551174337805,19968
rear,892,1789636703547551548,1789636703648136174,2934551174837121,19968
front,890,1789636703647497502,1789636703747377877,2934551274079252,19968
rear,893,1789636703647482476,1789636703747900179,2934551274601154,20064
front,891,1789636703747512798,1789636703847666537,2934551374367727,20064
rear,894,1789636703747636929,1789636703848158634,2934551374859514,19968
front,892,1789636703847516649,1789636703947418119,2934551474119418,19968
rear,895,1789636703847531145,1789636703947975858,2934551474676772,19968
front,893,1789636703947517492,1789636704047394972,2934551574096557,19968
rear,896,1789636703946500151,1789636704047909517,2934551574610365,20064
front,894,1789636704047516723,1789636704147723159,2934551674424977,20064
rear,897,1789636704047571040,1789636704148239797,2934551674940725,19968
front,895,1789636704147591154,1789636704247517025,2934551774218762,19968
rear,898,1789636704147508457,1789636704248014050,2934551774714980,20064
front,896,1789636704247476753,1789636704348532193,2934551875233669,19968
rear,899,1789636704247568086,1789636704349095207,2934551875796289,19968
front,897,1789636704347426073,1789636704447561047,2934551974262192,20064
rear,900,1789636704347631617,1789636704448072554,2934551974773534,19968
front,898,1789636704447556012,1789636704547421821,2934552074123230,19968
rear,901,1789636704447490547,1789636704547923407,2934552074624387,19968
front,899,1789636704547559767,1789636704647686905,2934552174388496,20064
rear,902,1789636704546527868,1789636704648421206,2934552175122151,20064
front,900,1789636704647544331,1789636704747774767,2934552274476060,19968
rear,903,1789636704647517444,1789636704748550851,2934552275251917,19968
front,901,1789636704747540108,1789636704847503417,2934552374204534,19968
rear,904,1789636704747525338,1789636704848026189,2934552374727115,20064
front,902,1789636704846553631,1789636704947740340,2934552474441839,20064
rear,905,1789636704847512148,1789636704948352662,2934552475053657,19968
front,903,1789636704947561907,1789636705048570588,2934552575271838,20064
rear,906,1789636704947546447,1789636705049094527,2934552575795442,19968
front,904,1789636705047679839,1789636705147508600,2934552674210122,19968
rear,907,1789636705047474438,1789636705148061421,2934552674762422,19968
front,905,1789636705147515698,1789636705247423883,2934552774125374,19968
rear,908,1789636705146542524,1789636705247998455,2934552774699438,20064
front,906,1789636705247500820,1789636705348717741,2934552875419024,20064
rear,909,1789636705247517189,1789636705349213824,2934552875914707,19968
front,907,1789636705347654654,1789636705447474152,2934552974175814,19872
rear,910,1789636705347495949,1789636705448056746,2934552974757773,20064
front,908,1789636705446511362,1789636705548715166,2934553075416678,20160
rear,911,1789636705447418072,1789636705549225161,2934553075926170,19968
front,909,1789636705547658021,1789636705648400306,2934553175101595,19872
rear,912,1789636705547459110,1789636705648938836,2934553175639766,20064
front,910,1789636705647438568,1789636705747658263,2934553274359811,20064
rear,913,1789636705647628954,1789636705748212297,2934553274913292,19872
front,911,1789636705747417126,1789636705848538120,2934553375239474,20064
rear,914,1789636705746487070,1789636705849057582,2934553375758490,20064
front,912,1789636705847626207,1789636705948585825,2934553475287370,19968
rear,915,1789636705847420861,1789636705949146484,2934553475847460,20064
front,913,1789636705947511109,1789636706047833822,2934553574535095,19872
rear,916,1789636705947622470,1789636706048354732,2934553575055672,19968
front,914,1789636706046373825,1789636706148739660,2934553675440936,20160
rear,917,1789636706047526933,1789636706149235593,2934553675936652,19968
front,915,1789636706147546212,1789636706248319087,2934553775020307,19968
rear,918,1789636706147355919,1789636706248839247,2934553775540189,19968
front,916,1789636706247537515,1789636706348492100,2934553875193586,20064
rear,919,1789636706247356510,1789636706349007158,2934553875708109,20064
front,917,1789636706347587963,1789636706447599978,2934553974301467,19968
rear,920,1789636706347409457,1789636706448135070,2934553974836043,19968
front,918,1789636706447505069,1789636706548236654,2934554074938061,19968
rear,921,1789636706447350631,1789636706548784052,2934554075485052,20064
front,919,1789636706547436409,1789636706648600899,2934554175302527,20064
rear,922,1789636706547540936,1789636706649101987,2934554175802879,19968
front,920,1789636706647584715,1789636706747396031,2934554274097653,19968
rear,923,1789636706647374238,1789636706747912624,2934554274613558,19968
front,921,1789636706747405182,1789636706848347413,2934554375049055,19968
rear,924,1789636706747385759,1789636706848860219,2934554375561212,20064
front,922,1789636706847423141,1789636706948522598,2934554475224222,20064
rear,925,1789636706847561797,1789636706949060712,2934554475761829,19968
front,923,1789636706947522976,1789636707047416962,2934554574118360,19968
rear,926,1789636706947329726,1789636707047945777,2934554574646765,20064
front,924,1789636707047436935,1789636707148422078,2934554675123565,19968
rear,927,1789636707047465215,1789636707148952083,2934554675653053,19968
front,925,1789636707147313260,1789636707248503949,2934554775205102,20064
rear,928,1789636707147511477,1789636707248988254,2934554775689234,19968
front,926,1789636707247514410,1789636707348266959,2934554874968339,19968
rear,929,1789636707247356340,1789636707348854668,2934554875555591,20064
front,927,1789636707347386343,1789636707448410279,2934554975111607,19968
rear,930,1789636707347540498,1789636707448902625,2934554975603642,19968
front,928,1789636707447335777,1789636707547503121,2934555074204553,20064
rear,931,1789636707447508990,1789636707548028230,2934555074729194,19968
front,929,1789636707547454856,1789636707648285053,2934555174986596,19968
rear,932,1789636707547370968,1789636707648835075,2934555175536009,20064
front,930,1789636707647352435,1789636707748441573,2934555275142946,19968
rear,933,1789636707647523086,1789636707748976644,2934555275677524,19968
front,931,1789636707747320866,1789636707848563325,2934555375264532,20160
rear,934,1789636707747557069,1789636707849081859,2934555375782783,19968
front,932,1789636707847548037,1789636707948254098,2934555474955267,19872
rear,935,1789636707847348743,1789636707948768439,2934555475469451,20064
front,933,1789636707947339634,1789636708048506031,2934555575207434,20064
rear,936,1789636707947503240,1789636708049028266,2934555575729239,19968
front,934,1789636708047420580,1789636708148315563,2934555675017111,19968
rear,937,1789636708047480558,1789636708148828154,2934555675529162,20064
front,935,1789636708147398426,1789636708247652384,2934555774353768,20064
rear,938,1789636708147628277,1789636708248188578,2934555774889468,19872
front,936,1789636708247391098,1789636708348531335,2934555875232767,20064
rear,939,1789636708247267043,1789636708349068475,2934555875769389,20064
front,937,1789636708347643805,1789636708448460428,2934555975162018,19968
rear,940,1789636708347434301,1789636708448995400,2934555975696304,19968
front,938,1789636708447549735,1789636708547406688,2934556074107978,19968
rear,941,1789636708447346776,1789636708547919344,2934556074620302,19968
front,939,1789636708547351431,1789636708648232284,2934556174933417,19968
rear,942,1789636708547248932,1789636708648746878,2934556175447832,20160
front,940,1789636708647371260,1789636708748514770,2934556275216384,20064
rear,943,1789636708647546127,1789636708749046954,2934556275747880,19872
front,941,1789636708747486985,1789636708847331835,2934556374033842,19968
rear,944,1789636708747281117,1789636708847838844,2934556374539760,20064
front,942,1789636708847333040,1789636708948529076,2934556475230426,20064
rear,945,1789636708847356055,1789636708949115963,2934556475816988,19968
front,943,1789636708947487276,1789636709048160816,2934556574862145,19968
rear,946,1789636708947346324,1789636709048675655,2934556575376669,19968
front,944,1789636709047463716,1789636709148117028,2934556674818589,19968
rear,947,1789636709047271008,1789636709148653072,2934556675353992,20064
front,945,1789636709147263616,1789636709248310083,2934556775011465,19968
rear,948,1789636709147433568,1789636709248862448,2934556775563434,19968
front,946,1789636709247267903,1789636709348431209,2934556875132722,20064
rear,949,1789636709247423728,1789636709348963953,2934556875664940,20064
front,947,1789636709347343930,1789636709448489784,2934556975191412,20064
rear,950,1789636709347546072,1789636709448992046,2934556975692986,19872
front,948,1789636709447472112,1789636709548124567,2934557074825816,19872
rear,951,1789636709447276089,1789636709548666491,2934557075367469,20064
front,949,1789636709547255027,1789636709648510031,2934557175211522,20160
rear,952,1789636709547433970,1789636709649023979,2934557175724976,19968
front,950,1789636709647506884,1789636709748155575,2934557274856863,19968
rear,953,1789636709647317685,1789636709748697718,2934557275398637,19968
front,951,1789636709747454794,1789636709848147924,2934557374849209,19968
rear,954,1789636709747258479,1789636709848669318,2934557375370228,20064
front,952,1789636709847438580,1789636709947517414,2934557474219000,19968
rear,955,1789636709847308585,1789636709948067694,2934557474768713,19968
front,953,1789636709947281439,1789636710048257612,2934557574959031,20064
rear,956,1789636709947261815,1789636710048818941,2934557575519862,19872
front,954,1789636710047421525,1789636710148143785,2934557674844926,19968
rear,957,1789636710047253739,1789636710148632403,2934557675333327,20064
front,955,1789636710147452982,1789636710248495214,2934557775196606,20064
rear,958,1789636710147322151,1789636710249047974,2934557775748849,19968
front,956,1789636710247419058,1789636710348200209,2934557874901426,19968
rear,959,1789636710247211148,1789636710348772896,2934557875473812,19968
front,957,1789636710347432028,1789636710448197013,2934557974898557,19872
rear,960,1789636710347233172,1789636710448945635,2934557975646665,20064
front,958,1789636710447163679,1789636710548562138,2934558075263593,20160
rear,961,1789636710447375429,1789636710549326111,2934558076027140,19968
front,959,1789636710547387388,1789636710648217858,2934558174919282,19968
rear,962,1789636710547183656,1789636710648924048,2934558175625089,19968
front,960,1789636710647410060,1789636710748146291,2934558274847527,19968
rear,963,1789636710647293610,1789636710748681725,2934558275382676,20064
front,961,1789636710747322355,1789636710848295172,2934558374996563,19968
rear,964,1789636710747412670,1789636710848825352,2934558375526289,20064
front,962,1789636710847164509,1789636710948489693,2934558475190765,20064
rear,965,1789636710847372117,1789636710949023184,2934558475724066,19872
front,963,1789636710947365890,1789636711048374014,2934558575075492,20064
rear,966,1789636710947171794,1789636711048908798,2934558575609712,20064
front,964,1789636711047496511,1789636711148356664,2934558675058130,19872
rear,967,1789636711047288507,1789636711148906829,2934558675607756,20064
front,965,1789636711147202559,1789636711248363314,2934558775064502,20064
rear,968,1789636711147413349,1789636711248854678,2934558775555595,19872
front,966,1789636711247339947,1789636711348051134,2934558874752603,19968
rear,969,1789636711247152111,1789636711348566149,2934558875267087,20064
front,967,1789636711347235508,1789636711448714009,2934558975415372,19968
rear,970,1789636711347339176,1789636711449134174,2934558975835085,20064
front,968,1789636711447205424,1789636711548281863,2934559074983044,19968
rear,971,1789636711447330648,1789636711548789936,2934559075490905,19968
front,969,1789636711547173874,1789636711648385235,2934559175086698,20160
rear,972,1789636711547370262,1789636711648921255,2934559175622183,19968
front,970,1789636711647492185,1789636711747442859,2934559274144193,19872
rear,973,1789636711647259119,1789636711747994501,2934559274695460,19968
front,971,1789636711746675862,1789636711848180672,2934559374882046,19968
rear,974,1789636711747137959,1789636711848746859,2934559375447803,20064
front,972,1789636711847173972,1789636711947525242,2934559474226457,19968
rear,975,1789636711847353873,1789636711948059774,2934559474760668,19872
front,973,1789636711946603013,1789636712048289770,2934559574990913,20160
rear,976,1789636711947091517,1789636712048792566,2934559575493555,20160
front,974,1789636712047407218,1789636712147617943,2934559674319192,19872
rear,977,1789636712047253518,1789636712148162848,2934559674863794,19872
front,975,1789636712147136491,1789636712248064006,2934559774765688,19872
rear,978,1789636712147103458,1789636712248604117,2934559775305039,20064
front,976,1789636712247205155,1789636712348760480,2934559875462230,20160
rear,979,1789636712247281101,1789636712349472066,2934559876173173,20064
front,977,1789636712347164306,1789636712447649843,2934559974351253,19872
rear,980,1789636712347360010,1789636712448193079,2934559974894035,19872
front,978,1789636712446624704,1789636712548289544,2934560074990948,20064
rear,981,1789636712447080864,1789636712548876948,2934560075577835,20064
front,979,1789636712547426706,1789636712648200351,2934560174901479,19968
rear,982,1789636712547217120,1789636712648712466,2934560175413400,20064
front,980,1789636712647160241,1789636712748155704,2934560274856899,19968
rear,983,1789636712647374338,1789636712748673153,2934560275374031,19968
front,981,1789636712747231077,1789636712848375572,2934560375076937,19968
rear,984,1789636712747304528,1789636712848890929,2934560375591884,19968
front,982,1789636712847332362,1789636712948252632,2934560474954064,19968
rear,985,1789636712847171135,1789636712948788195,2934560475489167,20064
front,983,1789636712947197233,1789636713048407766,2934560575109177,20064
rear,986,1789636712947322249,1789636713048926917,2934560575627818,19968
front,984,1789636713047357514,1789636713148081060,2934560674782892,19968
rear,987,1789636713047206107,1789636713148624709,2934560675325666,19968
front,985,1789636713147373761,1789636713247970809,2934560774672055,19968
rear,988,1789636713147162141,1789636713248472831,2934560775173813,19968
front,986,1789636713247250989,1789636713347992812,2934560874694569,19968
rear,989,1789636713247050950,1789636713348515017,2934560875216043,20064
front,987,1789636713347196145,1789636713448194385,2934560974896122,19968
rear,990,1789636713347278866,1789636713448725121,2934560975426051,20064
front,988,1789636713447165365,1789636713548209470,2934561074910767,19968
rear,991,1789636713447322271,1789636713548748126,2934561075449040,19968
front,989,1789636713547249814,1789636713648317129,2934561175018784,20064
rear,992,1789636713547212242,1789636713649354445,2934561176055711,20064
front,990,1789636713647195842,1789636713748668269,2934561275369546,19968
rear,993,1789636713647400444,1789636713749167321,2934561275868219,19968
front,991,1789636713747168289,1789636713848559835,2934561375261442,20064
rear,994,1789636713747362595,1789636713849128778,2934561375829705,20064
front,992,1789636713847189052,1789636713948375028,2934561475076430,19968
rear,995,1789636713847396761,1789636713948946929,2934561475647841,19872
front,993,1789636713947169314,1789636714048219699,2934561574921102,20064
rear,996,1789636713947221703,1789636714048795484,2934561575496456,19968
front,994,1789636714047307025,1789636714148077070,2934561674778196,19968
rear,997,1789636714047144196,1789636714148613920,2934561675314983,20064
front,995,1789636714147319776,1789636714248400555,2934561775101911,20064
rear,998,1789636714147159839,1789636714248898921,2934561775599852,19968
front,996,1789636714247265169,1789636714348344592,2934561875046080,19872
rear,999,1789636714247108897,1789636714349060541,2934561875761578,20064
front,997,1789636714347077630,1789636714448629727,2934561975330899,20064
rear,1000,1789636714347294441,1789636714449335003,2934561976036042,20064
front,998,1789636714447166530,1789636714548762825,2934562075463978,20064
rear,1001,1789636714447363854,1789636714549250520,2934562075951389,19872
front,999,1789636714547295057,1789636714648090064,2934562174791235,19872
rear,1002,1789636714547157231,1789636714648649003,2934562175349922,20064
front,1000,1789636714647015182,1789636714748159034,2934562274860156,19968
rear,1003,1789636714647188875,1789636714748694609,2934562275395604,19968
front,1001,1789636714746977364,1789636714848292696,2934562374993760,20064
rear,1004,1789636714747185821,1789636714848835205,2934562375536082,20064
front,1002,1789636714847145932,1789636714948296115,2934562474997549,20064
rear,1005,1789636714847370898,1789636714948854620,2934562475555684,19872
front,1003,1789636714947213903,1789636715047954740,2934562574656371,19968
rear,1006,1789636714947048278,1789636715048496601,2934562575197524,20064
front,1004,1789636715047182178,1789636715148273327,2934562674974807,19968
rear,1007,1789636715047063107,1789636715148831627,2934562675532552,20064
front,1005,1789636715147092762,1789636715248176695,2934562774877819,19968
rear,1008,1789636715147311814,1789636715248730401,2934562775431323,19968
front,1006,1789636715247054759,1789636715348234513,2934562874935915,20160
rear,1009,1789636715247226071,1789636715348792006,2934562875492923,19968
front,1007,1789636715347241123,1789636715448354777,2934562975056151,19968
rear,1010,1789636715347087195,1789636715449101950,2934562975802970,19968
front,1008,1789636715447283424,1789636715547995130,2934563074696466,19968
rear,1011,1789636715447082651,1789636715548587207,2934563075288120,20064
front,1009,1789636715547187125,1789636715648087567,2934563174788997,19872
rear,1012,1789636715547029932,1789636715648645902,2934563175346964,19968
front,1010,1789636715646937221,1789636715748158650,2934563274859863,20160
rear,1013,1789636715647141843,1789636715748684377,2934563275385283,19968
front,1011,1789636715747166489,1789636715848034456,2934563374736033,19872
rear,1014,1789636715747035801,1789636715848614561,2934563375315562,20064
front,1012,1789636715846934127,1789636715948257110,2934563474958598,20160
rear,1015,1789636715847135937,1789636715948840166,2934563475541085,19968
front,1013,1789636715947177365,1789636716047985613,2934563574686865,19968
rear,1016,1789636715946968129,1789636716048529361,2934563575230349,19968
front,1014,1789636716047157870,1789636716147887578,2934563674588964,19968
rear,1017,1789636716046990134,1789636716148462445,2934563675163494,20064
front,1015,1789636716147028195,1789636716248106643,2934563774808079,19968
rear,1018,1789636716147136676,1789636716248623747,2934563775324774,20064
front,1016,1789636716246970663,1789636716348336470,2934563875038006,20064
rear,1019,1789636716247141770,1789636716348881880,2934563875582847,19968
front,1017,1789636716347039399,1789636716448097443,2934563974798966,20064
rear,1020,1789636716347205833,1789636716448647993,2934563975348953,19968
front,1018,1789636716447179977,1789636716547935857,2934564074637012,19872
rear,1021,1789636716447064244,1789636716548502859,2934564075203831,20064
front,1019,1789636716546933872,1789636716648196770,2934564174898256,20064
rear,1022,1789636716547134591,1789636716648726813,2934564175427722,19968
front,1020,1789636716647005166,1789636716748018388,2934564274720121,20064
rear,1023,1789636716647137121,1789636716748547665,2934564275248786,19968
front,1021,1789636716747178528,1789636716847949760,2934564374651307,19968
rear,1024,1789636716747007927,1789636716848463999,2934564375165050,19968
front,1022,1789636716847170841,1789636716947868189,2934564474569383,19968
rear,1025,1789636716846996877,1789636716948384823,2934564475085717,20064
front,1023,1789636716946998290,1789636717047997949,2934564574699689,19968
rear,1026,1789636716947134977,1789636717048507793,2934564575208805,19968
front,1024,1789636717046888806,1789636717147810960,2934564674512968,19968
rear,1027,1789636717047089392,1789636717148328283,2934564675029169,20064
front,1025,1789636717146919103,1789636717248180597,2934564774882736,20064
rear,1028,1789636717147088076,1789636717248717462,2934564775418385,19968
front,1026,1789636717246978847,1789636717348053395,2934564874754856,20064
rear,1029,1789636717247134502,1789636717348576658,2934564875277548,19968
front,1027,1789636717347179051,1789636717447828722,2934564974529928,19968
rear,1030,1789636717347003108,1789636717448339735,2934564975040703,20064
front,1028,1789636717447034951,1789636717548040312,2934565074741593,19968
rear,1031,1789636717447091157,1789636717548546192,2934565075247115,19968
front,1029,1789636717547000321,1789636717647797640,2934565174498979,19968
rear,1032,1789636717547124835,1789636717648306643,2934565175007571,19968
front,1030,1789636717646863576,1789636717747973677,2934565274675009,20064
rear,1033,1789636717647074393,1789636717748482665,2934565275183604,20064
front,1031,1789636717747022890,1789636717848220010,2934565374921338,20064
rear,1034,1789636717747185579,1789636717848744879,2934565375445797,19872
front,1032,1789636717847095755,1789636717947850870,2934565474552527,19968
rear,1035,1789636717846897844,1789636717948426781,2934565475127805,20064
front,1033,1789636717946945109,1789636718048189935,2934565574891183,20064
rear,1036,1789636717947063064,1789636718048727775,2934565575428757,19968
front,1034,1789636718047114700,1789636718147916097,2934565674617781,19968
rear,1037,1789636718046922689,1789636718148416236,2934565675117113,20160
front,1035,1789636718146983429,1789636718247931686,2934565774632836,19968
rear,1038,1789636718147175468,1789636718248485264,2934565775186199,19872
front,1036,1789636718247003559,1789636718347972904,2934565874674098,20064
rear,1039,1789636718247055995,1789636718348496798,2934565875197699,19968
front,1037,1789636718347091659,1789636718447854412,2934565974555593,19968
rear,1040,1789636718346935549,1789636718448387801,2934565975088697,20064
front,1038,1789636718447011144,1789636718547967401,2934566074668883,19968
rear,1041,1789636718447082785,1789636718548531483,2934566075232426,19968
front,1039,1789636718546940587,1789636718647922586,2934566174623852,20064
rear,1042,1789636718547047892,1789636718648434107,2934566175135018,19968
front,1040,1789636718647061760,1789636718747887422,2934566274588837,19968
front,1041,1789636718746965223,1789636718848117568,2934566374818771,19968
rear,1043,1789636718747168515,1789636718848681374,2934566375382316,19968
front,1042,1789636718846965583,1789636718947912411,2934566474613889,20064
rear,1044,1789636718847202011,1789636718948434630,2934566475135609,19968
front,1043,1789636718946956806,1789636719047819505,2934566574520570,19968
rear,1045,1789636718947030817,1789636719048343242,2934566575044124,19968
front,1044,1789636719046940030,1789636719147981959,2934566674683049,20064
rear,1046,1789636719047019138,1789636719148491179,2934566675192122,20064
front,1045,1789636719146985490,1789636719248088286,2934566774789512,19968
rear,1047,1789636719147125229,1789636719248622239,2934566775323236,19968
front,1046,1789636719246934067,1789636719347892630,2934566874594410,19968
rear,1048,1789636719247145495,1789636719348461344,2934566875162368,20064
front,1047,1789636719346932393,1789636719448403308,2934566975104779,20064
rear,1049,1789636719347159348,1789636719449103324,2934566975804305,19872
front,1048,1789636719447033623,1789636719548080869,2934567074782432,19968
rear,1050,1789636719446842941,1789636719548741348,2934567075442375,20064
front,1049,1789636719546902333,1789636719648181965,2934567174883455,19968
rear,1051,1789636719547057436,1789636719648870852,2934567175571879,19968
front,1050,1789636719646925334,1789636719748188606,2934567274890530,20064
rear,1052,1789636719647050207,1789636719748835102,2934567275536114,19968
front,1051,1789636719746887898,1789636719848013428,2934567374714798,19968
rear,1053,1789636719747072756,1789636719848742595,2934567375443676,20064
front,1052,1789636719846892543,1789636719948327840,2934567475029540,20064
rear,1054,1789636719847044333,1789636719949016497,2934567475717455,19872
front,1053,1789636719946975182,1789636720048101055,2934567574802297,20064
rear,1055,1789636719946916518,1789636720048799748,2934567575500816,19968
front,1054,1789636720047075971,1789636720148207090,2934567674908487,19872
front,1055,1789636720146898563,1789636720248170471,2934567774872135,19968
rear,1056,1789636720147092294,1789636720248893718,2934567775594688,19872
front,1056,1789636720246798484,1789636720347848273,2934567874549463,20064
rear,1057,1789636720246998438,1789636720348379928,2934567875080824,19968
front,1057,1789636720346973021,1789636720447998874,2934567974700143,20064
rear,1058,1789636720346824624,1789636720448551044,2934567975252042,20064
front,1058,1789636720447075333,1789636720547881160,2934568074582403,19872
rear,1059,1789636720446875059,1789636720548392894,2934568075093883,19968
front,1059,1789636720546789540,1789636720647859755,2934568174561249,20064
rear,1060,1789636720547001206,1789636720648383891,2934568175084852,19968
front,1060,1789636720646920855,1789636720747863236,2934568274564679,19968
rear,1061,1789636720646950407,1789636720748401571,2934568275102484,20064
front,1061,1789636720746852194,1789636720848032690,2934568374734148,19968
rear,1062,1789636720747019796,1789636720848574806,2934568375275730,19968
front,1062,1789636720846782524,1789636720947840735,2934568474542243,20064
rear,1063,1789636720846978725,1789636720948379327,2934568475080261,19968
front,1063,1789636720946942933,1789636721048085683,2934568574786998,19968
rear,1064,1789636720946844331,1789636721048770027,2934568575471159,20064
front,1064,1789636721046869595,1789636721147953927,2934568674655376,19968
rear,1065,1789636721046942576,1789636721148493731,2934568675194801,19968
front,1065,1789636721146777834,1789636721247770009,2934568774471589,20064
rear,1066,1789636721146959763,1789636721248266505,2934568774967518,19968
front,1066,1789636721246827469,1789636721347821995,2934568874523570,20064
rear,1067,1789636721246936236,1789636721348353865,2934568875054845,20064
front,1067,1789636721347002355,1789636721447899351,2934568974600715,19968
rear,1068,1789636721346860202,1789636721448477928,2934568975178884,19968
front,1068,1789636721446856772,1789636721547914956,2934569074616148,19872
rear,1069,1789636721446943431,1789636721548602171,2934569075303180,19968
front,1069,1789636721546705210,1789636721647753638,2934569174455283,20064
rear,1070,1789636721546914441,1789636721648316500,2934569175017537,20064
front,1070,1789636721646786147,1789636721747950750,2934569274652303,20064
rear,1071,1789636721646883102,1789636721748496749,2934569275197666,19968
front,1071,1789636721746739305,1789636721847983873,2934569374685401,20160
rear,1072,1789636721746916913,1789636721848537132,2934569375238123,19968
front,1072,1789636721847742785,1789636721947696901,2934569474398674,19776
rear,1073,1789636721846827169,1789636721948198227,2934569474899137,20064
front,1073,1789636721946808084,1789636722047938107,2934569574639587,20064
rear,1074,1789636721946937510,1789636722048462649,2934569575163589,19968
front,1074,1789636722046722394,1789636722147789055,2934569674490383,20064
rear,1075,1789636722046887160,1789636722148330792,2934569675031705,19968
front,1075,1789636722146915677,1789636722247781734,2934569774482979,19776
rear,1076,1789636722146734755,1789636722248285353,2934569774986272,20064
front,1076,1789636722246802194,1789636722347839360,2934569874540602,19968
rear,1077,1789636722246960510,1789636722348352007,2934569875053001,19968
front,1077,1789636722346755261,1789636722448262554,2934569974964218,20160
rear,1078,1789636722346886572,1789636722448817889,2934569975518879,19968
front,1078,1789636722446994229,1789636722547962154,2934570074663549,19872
rear,1079,1789636722446799185,1789636722548513969,2934570075214958,20064
front,1079,1789636722546828952,1789636722648071540,2934570174773053,19872
rear,1080,1789636722546962719,1789636722648576727,2934570175277675,19968
front,1080,1789636722646765254,1789636722748155401,2934570274856783,20064
rear,1081,1789636722646893032,1789636722748743912,2934570275444840,20064
front,1081,1789636722746783600,1789636722848119827,2934570374821465,19968
rear,1082,1789636722746983504,1789636722848671888,2934570375372775,19968
front,1082,1789636722846805052,1789636722947816608,2934570474517842,19968
rear,1083,1789636722846888846,1789636722948335362,2934570475036296,19968
front,1083,1789636722946811012,1789636723048029549,2934570574730992,20064
rear,1084,1789636722946844795,1789636723048557411,2934570575258332,19968
front,1084,1789636723046910450,1789636723147638346,2934570674339730,19872
rear,1085,1789636723046776982,1789636723148155763,2934570674856714,20064
front,1085,1789636723146726277,1789636723247987759,2934570774689131,20160
rear,1086,1789636723146886401,1789636723248532640,2934570775233555,19968
front,1086,1789636723246962761,1789636723347725833,2934570874427190,19968
rear,1087,1789636723246763868,1789636723348247319,2934570874948263,19968
front,1087,1789636723346935433,1789636723447853624,2934570974555247,19872
rear,1088,1789636723346726888,1789636723448661055,2934570975362130,20064
front,1088,1789636723446658198,1789636723548027549,2934571074729231,20064
rear,1089,1789636723446865444,1789636723548601068,2934571075302070,19968
front,1089,1789636723546951391,1789636723647645543,2934571174346756,19968
rear,1090,1789636723546774135,1789636723648149002,2934571174849906,20064
front,1090,1789636723646703891,1789636723747825636,2934571274526903,19968
rear,1091,1789636723646873760,1789636723748402540,2934571275103544,19968
front,1091,1789636723746704572,1789636723847781642,2934571374483191,20064
rear,1092,1789636723746817639,1789636723848297980,2934571374998965,19968
front,1092,1789636723846900573,1789636723947619248,2934571474320734,19968
rear,1093,1789636723846752971,1789636723948198972,2934571474899993,20064
front,1093,1789636723946738938,1789636724047719206,2934571574420784,19968
rear,1094,1789636723946827390,1789636724048271795,2934571574972789,19968
front,1094,1789636724046642425,1789636724147661363,2934571674362658,20064
rear,1095,1789636724046808366,1789636724148154837,2934571674855797,19968
front,1095,1789636724146736296,1789636724247584346,2934571774285509,19968
rear,1096,1789636724146803555,1789636724248123025,2934571774823956,20064
front,1096,1789636724246692680,1789636724348242769,2934571874944302,20064
rear,1097,1789636724246789098,1789636724348810726,2934571875511722,19872
front,1097,1789636724346845354,1789636724447995936,2934571974697433,19968
rear,1098,1789636724346636572,1789636724448504929,2934571975205859,20160
front,1098,1789636724446743164,1789636724548006721,2934572074707903,19968
rear,1099,1789636724446953023,1789636724548565875,2934572075266777,19968
front,1099,1789636724546647684,1789636724647671268,2934572174372676,19968
rear,1100,1789636724546802590,1789636724648178137,2934572174879051,19968
front,1100,1789636724646588833,1789636724747838695,2934572274541078,20160
rear,1101,1789636724646788576,1789636724748414049,2934572275115009,19968
front,1101,1789636724746857002,1789636724847648836,2934572374350298,19968
rear,1102,1789636724746702820,1789636724848141841,2934572374842810,20064
front,1102,1789636724846851250,1789636724947740083,2934572474441780,19968
rear,1103,1789636724846672972,1789636724948248409,2934572474949336,19968
front,1103,1789636724946703174,1789636725047722292,2934572574423527,20064
rear,1104,1789636724946795123,1789636725048230110,2934572574931042,19968
front,1104,1789636725046818068,1789636725147500988,2934572674202517,19872
rear,1105,1789636725046697796,1789636725148040590,2934572674741560,20064
front,1105,1789636725146590784,1789636725247788808,2934572774490118,20064
rear,1106,1789636725146757437,1789636725248313562,2934572775014781,19968
front,1106,1789636725246741094,1789636725347622393,2934572874323656,19968
rear,1107,1789636725246762330,1789636725348142777,2934572874843885,20064
front,1107,1789636725346661409,1789636725447853979,2934572974555122,20064
rear,1108,1789636725346891121,1789636725448382384,2934572975083321,19968
front,1108,1789636725446838768,1789636725547542602,2934573074244015,19968
rear,1109,1789636725446688710,1789636725548070232,2934573074771167,19968
front,1109,1789636725546638840,1789636725647646500,2934573174347800,20064
rear,1110,1789636725546751687,1789636725648174797,2934573174875771,19968
front,1110,1789636725646774841,1789636725747715872,2934573274417144,19968
rear,1111,1789636725646638489,1789636725748218244,2934573274919136,20160
front,1111,1789636725746676201,1789636725847906773,2934573374608023,20064
rear,1112,1789636725746867793,1789636725848413464,2934573375114383,19872
front,1112,1789636725846818553,1789636725947662067,2934573474363424,19968
rear,1113,1789636725846623831,1789636725948192010,2934573474893033,20064
front,1113,1789636725946674052,1789636726047748898,2934573574450185,19968
rear,1114,1789636725946801826,1789636726048247427,2934573574948429,20064
front,1114,1789636726046660234,1789636726147903434,2934573674604940,20064
rear,1115,1789636726046833574,1789636726148411299,2934573675112308,19872
front,1115,1789636726146816616,1789636726247555162,2934573774256761,19968
rear,1116,1789636726146650960,1789636726248091407,2934573774792364,20064
front,1116,1789636726246674847,1789636726347686530,2934573874387761,19968
rear,1117,1789636726246760247,1789636726348211801,2934573874912727,20064
front,1117,1789636726346606864,1789636726447905589,2934573974606898,20064
rear,1118,1789636726346733194,1789636726448467067,2934573975167961,19968
front,1118,1789636726446654902,1789636726547621571,2934574074322840,19968
rear,1119,1789636726446811767,1789636726548141942,2934574074842875,19968
front,1119,1789636726546638945,1789636726647699802,2934574174401029,20064
rear,1120,1789636726546749839,1789636726648182797,2934574174883697,19968
front,1120,1789636726646764667,1789636726747607283,2934574274308481,19968
rear,1121,1789636726646575920,1789636726748121793,2934574274822679,19968
front,1121,1789636726746746359,1789636726847500705,2934574374202001,19968
rear,1122,1789636726746548739,1789636726848059833,2934574374760776,20064
front,1122,1789636726846544622,1789636726947849443,2934574474550811,20064
rear,1123,1789636726846711484,1789636726948369474,2934574475070415,19968
front,1123,1789636726946732301,1789636727047551241,2934574574252746,19968
rear,1124,1789636726946549635,1789636727048068279,2934574574769187,20064
front,1124,1789636727046613970,1789636727147691522,2934574674393449,19968
rear,1125,1789636727046773034,1789636727148232656,2934574674933653,19968
front,1125,1789636727146606700,1789636727247550855,2934574774252455,19968
rear,1126,1789636727146712238,1789636727248095430,2934574774796365,20064
front,1126,1789636727246485275,1789636727347801700,2934574874503488,20064
rear,1127,1789636727246696987,1789636727348313578,2934574875014582,19872
front,1127,1789636727346683446,1789636727447604252,2934574974306122,19968
rear,1128,1789636727346513331,1789636727448139438,2934574974840436,20064
front,1128,1789636727446520595,1789636727547674294,2934575074375938,19968
rear,1129,1789636727446714407,1789636727548198784,2934575074899695,20064
front,1129,1789636727546509430,1789636727647742535,2934575174443681,20064
rear,1130,1789636727546717359,1789636727648280731,2934575174981765,19968
front,1130,1789636727646542837,1789636727747439608,2934575274140940,19968
rear,1131,1789636727646710765,1789636727747939153,2934575274640143,19968
front,1131,1789636727746482328,1789636727847711971,2934575374413226,20064
rear,1132,1789636727746694675,1789636727848258264,2934575374959247,20064
front,1132,1789636727846616096,1789636727947751953,2934575474453509,20064
rear,1133,1789636727846777955,1789636727948305437,2934575475006395,19872
front,1133,1789636727946706297,1789636728047498081,2934575574199339,19968
rear,1134,1789636727946543766,1789636728048075903,2934575574776833,20064
front,1134,1789636728046614835,1789636728147841667,2934575674543422,19968
rear,1135,1789636728046636290,1789636728148525452,2934575675226515,20064
front,1135,1789636728146536145,1789636728247661363,2934575774362448,20064
rear,1136,1789636728146755627,1789636728248162135,2934575774863098,19872
front,1136,1789636728246660625,1789636728347442542,2934575874143846,19968
rear,1137,1789636728246463629,1789636728347979312,2934575874680219,20064
front,1137,1789636728346517904,1789636728447590263,2934575974291493,19968
rear,1138,1789636728346701443,1789636728448104411,2934575974805349,19968
front,1138,1789636728446514796,1789636728547528802,2934576074230007,20064
rear,1139,1789636728446627460,1789636728548006433,2934576074707358,19968
front,1139,1789636728546650502,1789636728647428294,2934576174129422,19968
rear,1140,1789636728546442857,1789636728647938305,2934576174639281,20064
front,1140,1789636728646532239,1789636728747811485,2934576274512809,20064
rear,1141,1789636728646655867,1789636728748355266,2934576275056188,19968
front,1141,1789636728746638096,1789636728847444429,2934576374145801,19968
rear,1142,1789636728746573400,1789636728847957576,2934576374658556,20064
front,1142,1789636728846560695,1789636728947656018,2934576474357381,19968
rear,1143,1789636728846638882,1789636728948180644,2934576474881589,19968
front,1143,1789636728946471399,1789636729047382000,2934576574083406,19968
rear,1144,1789636728946653100,1789636729047936402,2934576574637288,20064
front,1144,1789636729046448087,1789636729147751443,2934576674452892,20160
rear,1145,1789636729046630562,1789636729148271386,2934576674972287,19968
front,1145,1789636729146716091,1789636729247449228,2934576774150558,19968
rear,1146,1789636729146598759,1789636729247966111,2934576774667249,19968
front,1146,1789636729246654998,1789636729347691989,2934576874393370,19968
rear,1147,1789636729246527641,1789636729348203902,2934576874904855,19968
front,1147,1789636729346644351,1789636729447822719,2934576974523964,20064
rear,1148,1789636729346438080,1789636729448357659,2934576975058663,20064
front,1148,1789636729446695954,1789636729547566904,2934577074268275,19968
rear,1149,1789636729446593262,1789636729548086499,2934577074787531,19968
front,1149,1789636729546604898,1789636729647783664,2934577174485419,19968
rear,1150,1789636729546461444,1789636729648359672,2934577175060646,20064
front,1150,1789636729646556661,1789636729747989517,2934577274690757,20064
rear,1151,1789636729646745453,1789636729748493772,2934577275194706,19872
front,1151,1789636729746713721,1789636729847311775,2934577374012763,19872
rear,1152,1789636729746489667,1789636729847808438,2934577374509337,20064
rear,1153,1789636729846614813,1789636729948216365,2934577474917686,19968
front,1152,1789636729946753736,1789636730047588502,2934577574289612,20064
rear,1154,1789636729946582305,1789636730048115902,2934577574817057,19968
front,1153,1789636730046764219,1789636730147548852,2934577674250194,19872
rear,1155,1789636730046586402,1789636730148061380,2934577674762280,19968
front,1154,1789636730146543132,1789636730247446503,2934577774147822,19968
rear,1156,1789636730146702447,1789636730247967208,2934577774668115,20160
front,1155,1789636730246440844,1789636730347762113,2934577874463258,20064
rear,1157,1789636730246640229,1789636730348269730,2934577874970806,19872
front,1156,1789636730346569404,1789636730447430483,2934577974131599,19968
rear,1158,1789636730346664484,1789636730447950808,2934577974651696,19968
front,1157,1789636730446508358,1789636730547484194,2934578074185579,20064
rear,1159,1789636730446614724,1789636730548006257,2934578074707188,20064
front,1158,1789636730546615782,1789636730647903207,2934578174604671,19968
rear,1160,1789636730546444630,1789636730648468414,2934578175169311,19968
front,1159,1789636730646507833,1789636730747272075,2934578273973184,19968
rear,1161,1789636730646713600,1789636730747764624,2934578274465565,19968
front,1160,1789636730746575227,1789636730847369569,2934578374070920,19968
rear,1162,1789636730746596212,1789636730847877368,2934578374578299,20064
front,1161,1789636730846460540,1789636730947649998,2934578474351140,20064
rear,1163,1789636730846618149,1789636730948184236,2934578474885216,19968
front,1162,1789636730946566167,1789636731047625736,2934578574326861,20064
rear,1164,1789636730946603244,1789636731048171396,2934578574872315,19968
front,1163,1789636731046737901,1789636731147386796,2934578674087839,19872
rear,1165,1789636731046541234,1789636731147898709,2934578674599649,20064
front,1164,1789636731146466335,1789636731247754221,2934578774455454,20160
rear,1166,1789636731146639153,1789636731248353279,2934578775054286,19968
front,1165,1789636731246766517,1789636731347576497,2934578874278065,19872
rear,1167,1789636731246571937,1789636731348129995,2934578874830911,20064
front,1166,1789636731346587973,1789636731447673550,2934578974374791,20064
rear,1168,1789636731346794932,1789636731448204946,2934578974905931,19968
front,1167,1789636731446644589,1789636731547684237,2934579074385659,20064
rear,1169,1789636731446541048,1789636731548228003,2934579074928948,19968
front,1168,1789636731546757922,1789636731647354156,2934579174055255,19968
rear,1170,1789636731546595904,1789636731647862704,2934579174563651,19968
front,1169,1789636731646692594,1789636731747705063,2934579274406205,20064
rear,1171,1789636731646549160,1789636731748218372,2934579274919269,20064
front,1170,1789636731746794872,1789636731847642583,2934579374343700,19968
rear,1172,1789636731746594534,1789636731848312677,2934579375013642,20064
front,1171,1789636731847283177,1789636731947709245,2934579474410473,20064
rear,1173,1789636731846763515,1789636731948251958,2934579474952888,19872
front,1172,1789636731947398295,1789636732047463832,2934579574165066,19968
rear,1174,1789636731946484446,1789636732048000161,2934579574701121,20160
front,1173,1789636732047327940,1789636732147524272,2934579674225693,19968
rear,1175,1789636732046780508,1789636732148029000,2934579674729968,19776
front,1174,1789636732146608349,1789636732247354840,2934579774056163,19872
rear,1176,1789636732146399542,1789636732247857438,2934579774558336,20064
front,1175,1789636732246669938,1789636732347507409,2934579874208701,19872
rear,1177,1789636732246461914,1789636732348038231,2934579874739122,20064
front,1176,1789636732346613590,1789636732448037802,2934579974739122,20160
rear,1178,1789636732346507945,1789636732448736917,2934579975437936,19968
front,1177,1789636732446648004,1789636732547661889,2934580074363043,19872
rear,1179,1789636732446564420,1789636732548162814,2934580074863744,20064
front,1178,1789636732546549891,1789636732647897585,2934580174599027,19872
rear,1180,1789636732546681529,1789636732648412373,2934580175113290,20064
front,1179,1789636732646565537,1789636732747692036,2934580274393639,20064
rear,1181,1789636732646772927,1789636732748221017,2934580274922004,19872
front,1180,1789636732746604477,1789636732847676063,2934580374377296,20064
rear,1182,1789636732746500951,1789636732848176642,2934580374877572,20064
front,1181,1789636732846730854,1789636732947711940,2934580474413036,19872
rear,1183,1789636732846582544,1789636732948270004,2934580474971007,20064
front,1182,1789636732946592968,1789636733047666104,2934580574367360,20064
rear,1184,1789636732946778711,1789636733048186649,2934580574887593,19872
front,1183,1789636733046617961,1789636733147548393,2934580674249593,19968
rear,1185,1789636733046477212,1789636733148109728,2934580674810627,20064
front,1184,1789636733146580987,1789636733247759349,2934580774460553,20064
rear,1186,1789636733146651453,1789636733248371664,2934580775072641,19968
front,1185,1789636733246647358,1789636733347406295,2934580874107789,19968
rear,1187,1789636733246509873,1789636733347950813,2934580874651735,19968
front,1186,1789636733346604358,1789636733447543585,2934580974245128,19968
rear,1188,1789636733346450191,1789636733448073860,2934580974774806,20064
front,1187,1789636733446465592,1789636733547698360,2934581074400014,19968
rear,1189,1789636733446620633,1789636733548257347,2934581074958429,20064
front,1188,1789636733546565659,1789636733647938743,2934581174640130,19968
rear,1190,1789636733546697963,1789636733648473866,2934581175174802,19968
front,1189,1789636733646417852,1789636733748119198,2934581274820490,20064
rear,1191,1789636733646624156,1789636733748855528,2934581275556559,20064
front,1190,1789636733746537653,1789636733848224578,2934581374925793,20064
rear,1192,1789636733746721815,1789636733848752422,2934581375453401,19872
front,1191,1789636733846704461,1789636733947675535,2934581474376990,19872
rear,1193,1789636733846496108,1789636733948226184,2934581474927099,20064
front,1192,1789636733946462214,1789636734048149994,2934581574851221,20064
rear,1194,1789636733946625282,1789636734048736935,2934581575437907,20064
front,1193,1789636734046541880,1789636734148050966,2934581674752359,20064
rear,1195,1789636734046698738,1789636734148568945,2934581675269857,19872
front,1194,1789636734146659266,1789636734247687763,2934581774389141,19968
rear,1196,1789636734146465331,1789636734248188471,2934581774889402,19968
front,1195,1789636734246622652,1789636734347830054,2934581874531112,20064
rear,1197,1789636734246413540,1789636734348438795,2934581875139777,20064
front,1196,1789636734346679072,1789636734447862386,2934581974564069,19872
rear,1198,1789636734346481175,1789636734448417090,2934581975118026,20064
front,1197,1789636734446532243,1789636734548098743,2934582074800239,20064
rear,1199,1789636734446638451,1789636734548671933,2934582075372953,19968
front,1198,1789636734546564239,1789636734647431788,2934582174133313,19872
rear,1200,1789636734546638586,1789636734647968733,2934582174669644,20064
front,1199,1789636734646430878,1789636734747719491,2934582274420754,20064
rear,1201,1789636734646630702,1789636734748210708,2934582274911586,19968
front,1200,1789636734746448484,1789636734847692475,2934582374393814,20064
rear,1202,1789636734746646261,1789636734848232268,2934582374933171,19968
front,1201,1789636734846656126,1789636734947434770,2934582474136552,19968
rear,1203,1789636734846585197,1789636734947997104,2934582474698026,20064
front,1202,1789636734946480702,1789636735047661758,2934582574363057,19968
rear,1204,1789636734946626243,1789636735048199741,2934582574900664,19968
front,1203,1789636735046444593,1789636735147868581,2934582674569994,20160
rear,1205,1789636735046638162,1789636735148539242,2934582675240265,19968
front,1204,1789636735146731284,1789636735247510201,2934582774211674,19968
rear,1206,1789636735146571525,1789636735248066852,2934582774767882,19968
front,1205,1789636735246625005,1789636735347758952,2934582874460561,19968
rear,1207,1789636735246420620,1789636735348537888,2934582875238927,20064
front,1206,1789636735346497483,1789636735447787958,2934582974489384,20064
rear,1208,1789636735346619141,1789636735448343614,2934582975044688,19968
front,1207,1789636735446655243,1789636735547425218,2934583074126805,19968
rear,1209,1789636735446553114,1789636735547998132,2934583074699130,19968
front,1208,1789636735546609695,1789636735647510890,2934583174212341,19968
rear,1210,1789636735546439467,1789636735648090440,2934583174791445,20160
front,1209,1789636735646554813,1789636735747715842,2934583274417151,20064
rear,1211,1789636735646704067,1789636735748278090,2934583274979086,19872
front,1210,1789636735746678681,1789636735847425405,2934583374126878,19968
rear,1212,1789636735746548422,1789636735847967113,2934583374668034,20160
front,1211,1789636735846541276,1789636735947746922,2934583474448236,20064
rear,1213,1789636735846977397,1789636735948253910,2934583474954865,19872
front,1212,1789636735946698806,1789636736047442152,2934583574143740,19872
rear,1214,1789636735946501446,1789636736047974533,2934583574675528,20064
front,1213,1789636736046437024,1789636736147712031,2934583674413570,20160
rear,1215,1789636736046633130,1789636736148205457,2934583674906392,19968
front,1214,1789636736146746991,1789636736247550585,2934583774251902,19968
rear,1216,1789636736146541859,1789636736248076606,2934583774777507,20064
front,1215,1789636736246591895,1789636736347548164,2934583874249464,19968
rear,1217,1789636736246762171,1789636736348094720,2934583874795798,19968
front,1216,1789636736346589134,1789636736447445347,2934583974146652,19968
rear,1218,1789636736346628087,1789636736447935302,2934583974636275,20064
front,1217,1789636736446444313,1789636736547699090,2934584074400640,20064
rear,1219,1789636736446641103,1789636736548210803,2934584074911744,19872
front,1218,1789636736546632950,1789636736647393876,2934584174095243,19968
rear,1220,1789636736546433498,1789636736647910482,2934584174611434,20064
front,1219,1789636736646554980,1789636736747809525,2934584274510681,20064
rear,1221,1789636736646613699,1789636736748345290,2934584275046355,19968
front,1220,1789636736746665184,1789636736847674603,2934584374375910,19968
rear,1222,1789636736746462056,1789636736848212882,2934584374913776,20064
front,1221,1789636736846548327,1789636736948020248,2934584474721762,20064
rear,1223,1789636736846664361,1789636736948523315,2934584475224259,19968
front,1222,1789636736946681537,1789636737047450177,2934584574151662,19968
rear,1224,1789636736946568752,1789636737047962107,2934584574663018,20064
front,1223,1789636737046602192,1789636737147565069,2934584674266208,19968
rear,1225,1789636737046711796,1789636737148093141,2934584674794109,19968
front,1224,1789636737146542068,1789636737247494160,2934584774195407,19968
rear,1226,1789636737146622704,1789636737248016914,2934584774717824,19968
front,1225,1789636737246430153,1789636737347595297,2934584874296730,20064
rear,1227,1789636737246605305,1789636737348099280,2934584874800256,20064
front,1226,1789636737346596516,1789636737447832292,2934584974533602,20064
rear,1228,1789636737346698912,1789636737448403288,2934584975104209,19968
front,1227,1789636737446756468,1789636737547374374,2934585074075526,19968
rear,1229,1789636737446585396,1789636737547880379,2934585074581287,19968
front,1228,1789636737546615007,1789636737647387295,2934585174088394,19968
rear,1230,1789636737546552018,1789636737647877047,2934585174577902,20064
front,1229,1789636737646589025,1789636737747708426,2934585274409964,20064
rear,1231,1789636737646621161,1789636737748246757,2934585274947641,19872
front,1230,1789636737746629741,1789636737847490693,2934585374191787,19968
rear,1232,1789636737746427119,1789636737848007853,2934585374708833,20160
front,1231,1789636737846558249,1789636737947723511,2934585474425130,20064
rear,1233,1789636737846845531,1789636737948254145,2934585474955018,19872
front,1232,1789636737946644698,1789636738047473327,2934585574174723,19872
rear,1234,1789636737946481610,1789636738047963230,2934585574664166,20064
front,1233,1789636738046454716,1789636738147767080,2934585674468222,20160
rear,1235,1789636738046666155,1789636738148278594,2934585674979503,19968
front,1234,1789636738146736357,1789636738247472486,2934585774173676,19968
rear,1236,1789636738146576248,1789636738248000129,2934585774701062,19968
front,1235,1789636738246648208,1789636738347753293,2934585874454725,19968
rear,1237,1789636738246523285,1789636738348524834,2934585875225922,20160
front,1236,1789636738346580408,1789636738447781519,2934585974482902,19968
rear,1238,1789636738346842407,1789636738448436017,2934585975137116,19968
front,1237,1789636738446527272,1789636738547594580,2934586074295618,20064
rear,1239,1789636738446723446,1789636738548159779,2934586074860746,19872
front,1238,1789636738546611373,1789636738647571448,2934586174272742,20064
rear,1240,1789636738546496512,1789636738648068389,2934586174769287,20064
front,1239,1789636738647064694,1789636738747670001,2934586274371478,19968
rear,1241,1789636738646540690,1789636738748211469,2934586274912366,19968
front,1240,1789636738746715049,1789636738847537279,2934586374238607,19968
rear,1242,1789636738746507996,1789636738848049220,2934586374750211,20064
front,1241,1789636738846541078,1789636738947616271,2934586474318010,20064
rear,1243,1789636738846702372,1789636738948180553,2934586474881528,19968
front,1242,1789636738947004139,1789636739047465518,2934586574166792,19968
rear,1244,1789636738946523494,1789636739048009081,2934586574709998,19968
front,1243,1789636739046622129,1789636739147759103,2934586674460438,20064
rear,1245,1789636739046415085,1789636739148285132,2934586674986045,20064
front,1244,1789636739146778723,1789636739247678471,2934586774379816,19968
rear,1246,1789636739146586469,1789636739248315060,2934586775016289,19968
front,1245,1789636739246607566,1789636739347451875,2934586874153332,19968
rear,1247,1789636739246461809,1789636739347967659,2934586874668593,20064
front,1246,1789636739346577828,1789636739447775347,2934586974476653,20064
rear,1248,1789636739346687448,1789636739448329620,2934586975030641,19968
front,1247,1789636739446670164,1789636739547385009,2934587074086518,19968
rear,1249,1789636739446513887,1789636739547920849,2934587074622072,19968
front,1248,1789636739546534291,1789636739647410786,2934587174112050,19968
rear,1250,1789636739546635749,1789636739647894863,2934587174595753,20064
rear,1251,1789636739646771280,1789636739748383108,2934587275084578,19968
front,1249,1789636739747111167,1789636739847411149,2934587374112343,19872
rear,1252,1789636739746765489,1789636739847915336,2934587374616243,19968
front,1250,1789636739846531008,1789636739947481504,2934587474182792,19968
rear,1253,1789636739846595158,1789636739948005852,2934587474706783,20064
front,1251,1789636739946538165,1789636740047773987,2934587574475569,20064
rear,1254,1789636739946842944,1789636740048285890,2934587574986801,19872
front,1252,1789636740046660542,1789636740147428521,2934587674129637,19968
rear,1255,1789636740046474295,1789636740147952015,2934587674652928,19968
front,1253,1789636740146533159,1789636740247481897,2934587774183329,19968
rear,1256,1789636740146623391,1789636740248018519,2934587774719452,20064
front,1254,1789636740246473817,1789636740347654443,2934587874355942,20064
rear,1257,1789636740246674247,1789636740348179436,2934587874880335,20064
front,1255,1789636740346599399,1789636740447597381,2934587974298748,19968
rear,1258,1789636740346577848,1789636740448131918,2934587974832857,19968
front,1256,1789636740446512891,1789636740547648122,2934588074349594,20064
rear,1259,1789636740446666025,1789636740548198060,2934588074898987,19872
front,1257,1789636740546726419,1789636740647503134,2934588174204782,19968
rear,1260,1789636740546517631,1789636740648030239,2934588174731154,20160
front,1258,1789636740646579805,1789636740747624052,2934588274325769,19968
rear,1261,1789636740647799743,1789636740748115296,2934588274816207,19968
front,1259,1789636740746482425,1789636740847638077,2934588374339403,20064
rear,1262,1789636740747768385,1789636740848184095,2934588374885112,19872
front,1260,1789636740846678450,1789636740947716789,2934588474418358,19968
rear,1263,1789636740846471720,1789636740948232843,2934588474933785,20160
front,1261,1789636740946546407,1789636741048049713,2934588574751089,19968
rear,1264,1789636740947781406,1789636741048623625,2934588575324581,19968
front,1262,1789636741046489782,1789636741147666554,2934588674368088,19968
rear,1265,1789636741046770924,1789636741148204375,2934588674905438,19968
front,1263,1789636741146468238,1789636741247782503,2934588774483735,20064
rear,1266,1789636741146713633,1789636741248328644,2934588775029636,19968
front,1264,1789636741246609785,1789636741347537858,2934588874238889,19968
rear,1267,1789636741246556520,1789636741348047167,2934588874748091,20064
front,1265,1789636741346450682,1789636741447745509,2934588974446687,20064
rear,1268,1789636741346708105,1789636741448265236,2934588974966158,19968
front,1266,1789636741446889306,1789636741547452063,2934589074153492,19968
rear,1269,1789636741446639498,1789636741547966309,2934589074667262,19968
front,1267,1789636741546612583,1789636741648075346,2934589174776853,20064
rear,1270,1789636741546423175,1789636741648570741,2934589175271709,19968
front,1268,1789636741646938437,1789636741747441463,2934589274142727,19968
rear,1271,1789636741646470449,1789636741747931904,2934589274632819,20064
front,1269,1789636741746935414,1789636741847662546,2934589374363953,19968
rear,1272,1789636741746595625,1789636741848170323,2934589374871316,20064
front,1270,1789636741846870407,1789636741947634959,2934589474336270,19968
rear,1273,1789636741846782878,1789636741948192040,2934589474892962,19968
front,1271,1789636741946886491,1789636742047433979,2934589574135489,19968
rear,1274,1789636741946758507,1789636742047924001,2934589574624913,19968
front,1272,1789636742046658781,1789636742147695123,2934589674396701,20064
rear,1275,1789636742046585751,1789636742148244219,2934589674945127,20064
front,1273,1789636742146974248,1789636742247584000,2934589774285277,19968
rear,1276,1789636742146889953,1789636742248101008,2934589774802065,19968
front,1274,1789636742246996702,1789636742347510782,2934589874212124,19968
rear,1277,1789636742246774637,1789636742348023744,2934589874724648,19968
front,1275,1789636742346745425,1789636742447480901,2934589974182272,19872
rear,1278,1789636742346589457,1789636742448010277,2934589974711264,20064
front,1276,1789636742446492641,1789636742547784285,2934590074486044,20064
rear,1279,1789636742447719800,1789636742548342852,2934590075043797,19968
front,1277,1789636742546902333,1789636742647382203,2934590174083530,19968
rear,1280,1789636742546807825,1789636742647891202,2934590174592156,19968
front,1278,1789636742646855877,1789636742747397601,2934590274099353,19872
rear,1281,1789636742646496300,1789636742747917608,2934590274618509,20064
front,1279,1789636742746423873,1789636742847690668,2934590374392080,20160
rear,1282,1789636742747686571,1789636742848206179,2934590374907192,19968
front,1280,1789636742846880355,1789636742947563837,2934590474265467,19872
rear,1283,1789636742846767564,1789636742948146306,2934590474847228,20064
front,1281,1789636742946551838,1789636743047696093,2934590574397561,20064
rear,1284,1789636742947727638,1789636743048222487,2934590574923539,19968
front,1282,1789636743046586156,1789636743147430295,2934590674131826,19968
rear,1285,1789636743046694666,1789636743147940425,2934590674641365,19968
front,1283,1789636743146638558,1789636743247452752,2934590774154138,19968
rear,1286,1789636743146581793,1789636743247980361,2934590774681264,20064
front,1284,1789636743246487226,1789636743347746504,2934590874447827,20064
rear,1287,1789636743246823945,1789636743348264768,2934590874965677,19968
front,1285,1789636743346837802,1789636743447419869,2934590974121501,19968
rear,1288,1789636743346700778,1789636743447935012,2934590974635931,19968
front,1286,1789636743446823332,1789636743547501939,2934591074202992,20064
rear,1289,1789636743446534490,1789636743548039521,2934591074740437,19968
front,1287,1789636743546989484,1789636743647722934,2934591174424380,19968
rear,1290,1789636743546472405,1789636743648261869,2934591174962828,20064
front,1288,1789636743647831217,1789636743747818684,2934591274520350,20064
rear,1291,1789636743646720706,1789636743748369179,2934591275070129,19968
front,1289,1789636743747854324,1789636743847491831,2934591374193071,19872
rear,1292,1789636743746553448,1789636743847996474,2934591374697467,20064
front,1290,1789636743846818174,1789636743947698768,2934591474400087,20064
rear,1293,1789636743846785789,1789636743948231845,2934591474932847,19968
front,1291,1789636743946636663,1789636744047386651,2934591574087802,19968
rear,1294,1789636743946604578,1789636744047874891,2934591574575793,19968
front,1292,1789636744046869804,1789636744147363712,2934591674064787,19968
rear,1295,1789636744046452540,1789636744147856468,2934591674557309,20064
front,1293,1789636744146407458,1789636744247718373,2934591774419784,20064
rear,1296,1789636744146742940,1789636744248264104,2934591774965043,19968
front,1294,1789636744246623263,1789636744347594757,2934591874296247,20064
rear,1297,1789636744246601559,1789636744348136701,2934591874837655,20064
front,1295,1789636744346966762,1789636744447612954,2934591974314441,19968
rear,1298,1789636744346839835,1789636744448141889,2934591974842779,19968
front,1296,1789636744446879757,1789636744547670097,2934592074371439,20064
rear,1299,1789636744446772531,1789636744548175407,2934592074876325,19968
front,1297,1789636744547854190,1789636744647427156,2934592174128759,19872
rear,1300,1789636744546606066,1789636744647953111,2934592174654055,20064
front,1298,1789636744646798730,1789636744747767959,2934592274469741,20064
rear,1301,1789636744647619829,1789636744748279958,2934592274980890,19968
front,1299,1789636744746811566,1789636744847423767,2934592374124946,19968
rear,1302,1789636744746773903,1789636744847915515,2934592374616478,20064
front,1300,1789636744846759004,1789636744947778849,2934592474480132,20064
rear,1303,1789636744847713372,1789636744948346264,2934592475047212,19872
front,1301,1789636744946883778,1789636745047354366,2934592574055461,19968
rear,1304,1789636744946497072,1789636745047837640,2934592574538512,20064
front,1302,1789636745046876380,1789636745147740187,2934592674441243,20064
rear,1305,1789636745046754363,1789636745148238400,2934592674939345,19968
front,1303,1789636745147817923,1789636745247444893,2934592774146530,19968
rear,1306,1789636745146562708,1789636745247968074,2934592774669017,20064
front,1304,1789636745246854161,1789636745347860419,2934592874561810,19968
rear,1307,1789636745246794270,1789636745348388161,2934592875089071,20064
front,1305,1789636745346795144,1789636745447688504,2934592974389718,20064
rear,1308,1789636745347741573,1789636745448208425,2934592974909380,19872
front,1306,1789636745446927230,1789636745547378917,2934593074080326,19968
rear,1309,1789636745446612457,1789636745547886969,2934593074587883,20064
front,1307,1789636745546792934,1789636745647673035,2934593174374589,20064
rear,1310,1789636745547597292,1789636745648190170,2934593174891078,19968
front,1308,1789636745646892614,1789636745747419623,2934593274121087,19968
rear,1311,1789636745646621787,1789636745747954860,2934593274655793,20064
front,1309,1789636745746888136,1789636745847556027,2934593374257378,19968
rear,1312,1789636745747585932,1789636745848051180,2934593374752081,19968
front,1310,1789636745846476266,1789636745947605293,2934593474306583,20064
rear,1313,1789636745846738909,1789636745948140900,2934593474841831,19968
front,1311,1789636745947805989,1789636746047360334,2934593574061552,19968
rear,1314,1789636745946723745,1789636746047862040,2934593574562907,19968
front,1312,1789636746046786342,1789636746147686848,2934593674388124,19968
rear,1315,1789636746046396320,1789636746148209864,2934593674910794,20160
front,1313,1789636746146748418,1789636746247834014,2934593774535529,20064
rear,1316,1789636746147716326,1789636746248373953,2934593775074930,19968
front,1314,1789636746246828122,1789636746347923533,2934593874624715,20064
rear,1317,1789636746247706302,1789636746348467569,2934593875168983,19968
front,1315,1789636746347859196,1789636746447399616,2934593974100934,19968
rear,1318,1789636746347607439,1789636746447935172,2934593974636089,19968
front,1316,1789636746447735158,1789636746547365071,2934594074066268,19872
rear,1319,1789636746446696317,1789636746547896965,2934594074597902,20064
front,1317,1789636746546433317,1789636746648104441,2934594174806250,20160
rear,1320,1789636746547557440,1789636746648655257,2934594175356229,19968
front,1318,1789636746647798708,1789636746747401333,2934594274102610,19968
rear,1321,1789636746647540438,1789636746747899771,2934594274600696,19968
front,1319,1789636746747718771,1789636746847423490,2934594374124701,19968
rear,1322,1789636746746622839,1789636746847946344,2934594374647252,20064
front,1320,1789636746846778326,1789636746948034800,2934594474735990,20064
rear,1323,1789636746847547937,1789636746948605192,2934594475306168,19968
front,1321,1789636746947710925,1789636747047656284,2934594574357587,19968
rear,1324,1789636746947560178,1789636747048225012,2934594574926185,20064
front,1322,1789636747046861068,1789636747147636718,2934594674338042,19968
rear,1325,1789636747047641189,1789636747148198559,2934594674899478,19968
front,1323,1789636747146708941,1789636747247766146,2934594774467824,20064
rear,1326,1789636747147671569,1789636747248288822,2934594774989693,19968
front,1324,1789636747247736475,1789636747347644923,2934594874346240,19968
rear,1327,1789636747247529606,1789636747348154811,2934594874855713,20064
front,1325,1789636747346766449,1789636747447937070,2934594974638241,20064
rear,1328,1789636747347545148,1789636747448460658,2934594975161588,19968
front,1326,1789636747447785421,1789636747547989183,2934595074690763,20064
rear,1329,1789636747447590383,1789636747548557336,2934595075258229,19968
front,1327,1789636747547821150,1789636747647641863,2934595174343249,19872
rear,1330,1789636747547508424,1789636747648173495,2934595174874421,20064
front,1328,1789636747646792737,1789636747747581578,2934595274283097,19968
rear,1331,1789636747647561075,1789636747748074549,2934595274775507,19968
front,1329,1789636747746397106,1789636747847797439,2934595374498865,20064
rear,1332,1789636747747487431,1789636747848308154,2934595375009085,20064
front,1330,1789636747846774330,1789636747947762415,2934595474463597,19968
rear,1333,1789636747847643033,1789636747948332314,2934595475033338,19968
front,1331,1789636747946662653,1789636748047515418,2934595574216769,20064
rear,1334,1789636747947626532,1789636748048032791,2934595574733737,19872
front,1332,1789636748047695165,1789636748147670276,2934595674371809,19968
rear,1335,1789636748046444789,1789636748148170241,2934595674871251,20160
front,1333,1789636748146755542,1789636748247825505,2934595774526977,19968
rear,1336,1789636748147569386,1789636748248344683,2934595775045695,19968
front,1334,1789636748246673849,1789636748347837886,2934595874539049,20064
rear,1337,1789636748246879410,1789636748348343389,2934595875044281,20064
front,1335,1789636748346742917,1789636748447790490,2934595974491652,19968
rear,1338,1789636748347650289,1789636748448291264,2934595974992194,19968
front,1336,1789636748446693548,1789636748547414366,2934596074115456,19968
rear,1339,1789636748447573002,1789636748547931935,2934596074632851,19968
front,1337,1789636748546652749,1789636748647673439,2934596174374724,20064
rear,1340,1789636748547614940,1789636748648229311,2934596174930287,19968
front,1338,1789636748646714978,1789636748747920991,2934596274622462,20064
rear,1341,1789636748646752774,1789636748748486427,2934596275187295,19968
front,1339,1789636748747681149,1789636748847624299,2934596374325368,19968
rear,1342,1789636748747482962,1789636748848163862,2934596374864793,20064
front,1340,1789636748846684237,1789636748948078890,2934596474780153,20064
rear,1343,1789636748847484227,1789636748948601720,2934596475302669,19968
front,1341,1789636748947742258,1789636749047628297,2934596574329655,19872
rear,1344,1789636748947448101,1789636749048166458,2934596574867375,20064
front,1342,1789636749046682888,1789636749147796940,2934596674498377,20064
rear,1345,1789636749047570448,1789636749148319950,2934596675020902,19968
front,1343,1789636749146665093,1789636749247769241,2934596774470699,20064
rear,1346,1789636749147515268,1789636749248332524,2934596775033437,19968
front,1344,1789636749247698644,1789636749347626795,2934596874328014,19968
rear,1347,1789636749246706591,1789636749348125856,2934596874826766,19968
front,1345,1789636749346867461,1789636749447441205,2934596974142382,19968
rear,1348,1789636749347423888,1789636749447937884,2934596974638812,20064
front,1346,1789636749446628307,1789636749547983307,2934597074684908,20064
rear,1349,1789636749447536839,1789636749548547618,2934597075248614,20064
front,1347,1789636749547667357,1789636749648559316,2934597175260681,19968
rear,1350,1789636749547583587,1789636749649101220,2934597175802219,19968
front,1348,1789636749647609359,1789636749747545904,2934597274247292,19968
rear,1351,1789636749647636927,1789636749748072877,2934597274773881,19968
front,1349,1789636749746638682,1789636749848559893,2934597375261120,20064
rear,1352,1789636749747451478,1789636749849076938,2934597375777864,20064
front,1350,1789636749847635089,1789636749947685380,2934597474386355,19968
rear,1353,1789636749847720682,1789636749948220925,2934597474921842,19872
front,1351,1789636749946805784,1789636750047573088,2934597574274355,20064
rear,1354,1789636749947453617,1789636750048126477,2934597574827367,19968
front,1352,1789636750046847103,1789636750147615952,2934597674317039,19968
rear,1355,1789636750046498482,1789636750148103779,2934597674804830,19968
front,1353,1789636750146833385,1789636750247574291,2934597774275477,19968
rear,1356,1789636750146631849,1789636750248079790,2934597774780880,19968
front,1354,1789636750246795073,1789636750347743229,2934597874444579,19968
rear,1357,1789636750246588639,1789636750348252475,2934597874953415,20064
front,1355,1789636750346585316,1789636750448068317,2934597974769546,19968
rear,1358,1789636750346698680,1789636750448607287,2934597975308185,20064
front,1356,1789636750446607142,1789636750548106760,2934598074808003,20064
rear,1359,1789636750446782939,1789636750548688779,2934598075390353,19968
front,1357,1789636750546687661,1789636750647339479,2934598174040704,19968
rear,1360,1789636750547572004,1789636750647836985,2934598174537915,19968
front,1358,1789636750646540431,1789636750747711729,2934598274412902,20064
rear,1361,1789636750647440119,1789636750748247202,2934598274948077,19968
front,1359,1789636750746815221,1789636750847786341,2934598374487420,20064
rear,1362,1789636750747438252,1789636750848331704,2934598375032654,19968
front,1360,1789636750847590272,1789636750947484088,2934598474185759,19968
rear,1363,1789636750847374136,1789636750948040299,2934598474741258,20064
front,1361,1789636750947638080,1789636751047671647,2934598574372905,19968
rear,1364,1789636750947517328,1789636751048186658,2934598574887622,19968
front,1362,1789636751046778535,1789636751147604470,2934598674305491,20064
rear,1365,1789636751047383207,1789636751148106579,2934598674807491,19968
front,1363,1789636751147677542,1789636751247511592,2934598774212891,19968
rear,1366,1789636751147381198,1789636751248030674,2934598774731661,20064
front,1364,1789636751247565834,1789636751347675856,2934598874377313,19968
rear,1367,1789636751247546145,1789636751348197225,2934598874898214,19968
front,1365,1789636751346765040,1789636751447759430,2934598974460955,20064
rear,1368,1789636751347457547,1789636751448284948,2934598974985853,19968
front,1366,1789636751447647305,1789636751547431446,2934599074133213,19872
rear,1369,1789636751447352430,1789636751547940758,2934599074641664,20064
front,1367,1789636751546511494,1789636751647802312,2934599174504057,20064
rear,1370,1789636751547373646,1789636751648329081,2934599175029997,19968
front,1368,1789636751646753142,1789636751747351290,2934599274052671,19968
rear,1371,1789636751646552141,1789636751747911602,2934599274612640,20064
front,1369,1789636751746586087,1789636751847535263,2934599374236397,19968
rear,1372,1789636751747477315,1789636751848070166,2934599374771141,19968
front,1370,1789636751846632019,1789636751947546239,2934599474247792,19968
rear,1373,1789636751847324168,1789636751948113779,2934599474814687,20064
front,1371,1789636751946574197,1789636752047532896,2934599574234101,19968
rear,1374,1789636751947513827,1789636752048073716,2934599574774680,19968
front,1372,1789636752046616719,1789636752147428090,2934599674129637,19968
rear,1375,1789636752047506772,1789636752147937925,2934599674638858,19968
front,1373,1789636752146501116,1789636752247823574,2934599774525052,20256
rear,1376,1789636752147452673,1789636752248384872,2934599775085723,19968
front,1374,1789636752247650389,1789636752347392494,2934599874093879,19680
rear,1377,1789636752247447939,1789636752347907877,2934599874608795,20064
front,1375,1789636752346532990,1789636752447724404,2934599974425702,20160
rear,1378,1789636752347407762,1789636752448259784,2934599974960782,19968
front,1376,1789636752446573256,1789636752547671165,2934600074372460,19968
rear,1379,1789636752447353123,1789636752548399944,2934600075100957,19968
front,1377,1789636752547549301,1789636752647671859,2934600174373116,19872
rear,1380,1789636752547302917,1789636752648334988,2934600175036011,20064
front,1378,1789636752646657415,1789636752747740012,2934600274441217,20064
rear,1381,1789636752647415254,1789636752748251865,2934600274952819,19968
front,1379,1789636752746765459,1789636752847726851,2934600374428292,20064
rear,1382,1789636752747471017,1789636752848276916,2934600374977811,19968
front,1380,1789636752847653285,1789636752947414092,2934600474115616,19776
rear,1383,1789636752847396562,1789636752947970117,2934600474671113,20064
front,1381,1789636752946560114,1789636753047951608,2934600574653194,20160
rear,1384,1789636752947420938,1789636753048483573,2934600575184515,19968
front,1382,1789636753047497811,1789636753147453708,2934600674154834,19968
rear,1385,1789636753047366992,1789636753147986308,2934600674687384,20064
front,1383,1789636753147613467,1789636753247606257,2934600774307607,19872
rear,1386,1789636753147480435,1789636753248134758,2934600774835785,19968
front,1384,1789636753246587175,1789636753347536142,2934600874237439,20064
rear,1387,1789636753247370558,1789636753348052737,2934600874753683,19968
front,1385,1789636753346661965,1789636753447743073,2934600974444225,20064
rear,1388,1789636753347304491,1789636753448252262,2934600974953203,19968
front,1386,1789636753447556638,1789636753547486972,2934601074187986,19968
rear,1389,1789636753447294442,1789636753548002136,2934601074703082,20064
front,1387,1789636753546749818,1789636753647727759,2934601174429098,19968
rear,1390,1789636753547359082,1789636753648258286,2934601174959264,19968
front,1388,1789636753646739787,1789636753747548129,2934601274249234,20064
rear,1391,1789636753647313042,1789636753748057999,2934601274758925,19968
front,1389,1789636753747550523,1789636753847595315,2934601374296511,19968
rear,1392,1789636753747267079,1789636753848119082,2934601374820038,20064
front,1390,1789636753847503544,1789636753947705916,2934601474407097,20064
rear,1393,1789636753847349922,1789636753948248311,2934601474949247,19968
front,1391,1789636753947612086,1789636754047580189,2934601574281921,19968
rear,1394,1789636753947304106,1789636754048092369,2934601574793273,20064
front,1392,1789636754047503740,1789636754147825015,2934601674526498,19968
rear,1395,1789636754047409974,1789636754148360963,2934601675061887,19968
front,1393,1789636754147525723,1789636754247421253,2934601774122827,19968
rear,1396,1789636754147273614,1789636754247943575,2934601774644500,20064
front,1394,1789636754247466378,1789636754347766573,2934601874468036,20064
rear,1397,1789636754247387834,1789636754348289854,2934601874990886,19968
front,1395,1789636754347528044,1789636754447465202,2934601974166548,19968
rear,1398,1789636754347386194,1789636754447969109,2934601974670226,19968
front,1396,1789636754447435026,1789636754547463008,2934602074164233,19968
rear,1399,1789636754447266699,1789636754547972711,2934602074673663,20064
front,1397,1789636754546481825,1789636754647680356,2934602174381413,20064
rear,1400,1789636754547423541,1789636754648171583,2934602174872512,19872
front,1398,1789636754647490287,1789636754748329737,2934602275031168,19968
rear,1401,1789636754647229776,1789636754748844000,2934602275544942,20160
front,1399,1789636754747461086,1789636754847681111,2934602374382510,19968
rear,1402,1789636754747525737,1789636754848216586,2934602374917471,19968
front,1400,1789636754846447646,1789636754947565164,2934602474266541,20064
rear,1403,1789636754847340445,1789636754948109789,2934602474810769,19968
front,1401,1789636754947509771,1789636755047405339,2934602574106657,19968
rear,1404,1789636754947372485,1789636755047914717,2934602574615726,19968
front,1402,1789636755047408574,1789636755147450528,2934602674151589,19968
rear,1405,1789636755046477971,1789636755147945879,2934602674646798,20064
front,1403,1789636755146544465,1789636755247679886,2934602774381003,20064
rear,1406,1789636755147352012,1789636755248181051,2934602774882048,19968
front,1404,1789636755246605314,1789636755348280040,2934602874981212,19968
rear,1407,1789636755247367468,1789636755348804813,2934602875505748,20064
front,1405,1789636755347414573,1789636755447564379,2934602974265650,19968
rear,1408,1789636755347487950,1789636755448080855,2934602974781780,19968
front,1406,1789636755446436849,1789636755548453187,2934603075154381,20064
rear,1409,1789636755447379445,1789636755548960236,2934603075661119,20064
front,1407,1789636755547432094,1789636755647747725,2934603174449189,20064
rear,1410,1789636755547575924,1789636755648263312,2934603174964240,19872
front,1408,1789636755647572672,1789636755747524678,2934603274226190,19968
rear,1411,1789636755647257685,1789636755748041275,2934603274742168,20064
front,1409,1789636755747444629,1789636755847752911,2934603374454237,20064
rear,1412,1789636755747294673,1789636755848284494,2934603374985411,19968
front,1410,1789636755847506588,1789636755947387065,2934603474088323,19872
rear,1413,1789636755847303970,1789636755947970084,2934603474671022,20064
front,1411,1789636755946474624,1789636756047662052,2934603574363703,20064
rear,1414,1789636755947357428,1789636756048187684,2934603574888600,19968
front,1412,1789636756047450984,1789636756147607955,2934603674309069,20064
rear,1415,1789636756047230438,1789636756148119578,2934603674820493,19968
front,1413,1789636756147509526,1789636756247450211,2934603774151878,19968
rear,1416,1789636756147267624,1789636756247993428,2934603774694416,19968
front,1414,1789636756247418969,1789636756347666373,2934603874368036,20064
rear,1417,1789636756247261308,1789636756348294437,2934603874995329,19968
front,1415,1789636756347505122,1789636756448253330,2934603974954842,19872
rear,1418,1789636756347146392,1789636756448759743,2934603975460677,20160
front,1416,1789636756447385318,1789636756547687459,2934604074388943,20064
rear,1419,1789636756447508702,1789636756548218483,2934604074919502,19968
front,1417,1789636756547385808,1789636756648189763,2934604174891008,19968
rear,1420,1789636756547269601,1789636756648700493,2934604175401420,20064
front,1418,1789636756647343204,1789636756747687721,2934604274389102,20064
rear,1421,1789636756647397996,1789636756748234473,2934604274935410,19872
front,1419,1789636756747411558,1789636756848357759,2934604375059299,19968
rear,1422,1789636756747193588,1789636756849074572,2934604375775769,20064
front,1420,1789636756847360356,1789636756947712124,2934604474413362,20064
rear,1423,1789636756847390845,1789636756948317826,2934604475018785,19968
front,1421,1789636756947430235,1789636757047404456,2934604574106073,19968
rear,1424,1789636756947176111,1789636757047960073,2934604574660986,19968
front,1422,1789636757047444596,1789636757147599974,2934604674301439,20064
rear,1425,1789636757047227824,1789636757148149490,2934604674850470,20064
front,1423,1789636757147473944,1789636757247536512,2934604774237655,19968
rear,1426,1789636757147303482,1789636757248061529,2934604774762416,19968
front,1424,1789636757247514509,1789636757347612468,2934604874313688,20064
rear,1427,1789636757247294116,1789636757348129742,2934604874830676,19968
front,1425,1789636757347512202,1789636757448256410,2934604974958152,19872
rear,1428,1789636757347126122,1789636757448780647,2934604975481699,20160
front,1426,1789636757447322912,1789636757548475240,2934605075176844,20064
rear,1429,1789636757447456550,1789636757549021717,2934605075722824,19968
front,1427,1789636757547399043,1789636757648109784,2934605174810947,19968
rear,1430,1789636757547357237,1789636757648670386,2934605175371337,19968
front,1428,1789636757647305816,1789636757747556935,2934605274258384,20064
rear,1431,1789636757647335731,1789636757748138572,2934605274839480,19968
front,1429,1789636757747457545,1789636757848253498,2934605374954745,19968
rear,1432,1789636757747199204,1789636757848776565,2934605375477456,20064
front,1430,1789636757847346310,1789636757947742651,2934605474444204,20064
rear,1433,1789636757847416415,1789636757948329259,2934605475030226,19872
front,1431,1789636757947468278,1789636758048270775,2934605574971930,19968
rear,1434,1789636757947090602,1789636758048842291,2934605575543312,20160
front,1432,1789636758047360968,1789636758148269843,2934605674971157,19968
rear,1435,1789636758047486388,1789636758148826461,2934605675527469,19968
front,1433,1789636758147334064,1789636758247561314,2934605774262865,20064
rear,1436,1789636758147353740,1789636758248121278,2934605774822186,19968
front,1434,1789636758247393955,1789636758348066383,2934605874767834,19968
rear,1437,1789636758247270598,1789636758348597296,2934605875298392,19968
front,1435,1789636758347341224,1789636758447465240,2934605974167042,20064
rear,1438,1789636758347319991,1789636758447984624,2934605974685613,19968
front,1436,1789636758447406195,1789636758548247550,2934606074948725,19968
rear,1439,1789636758447088613,1789636758548760225,2934606075461168,20160
front,1437,1789636758547415766,1789636758648234884,2934606174936041,19968
rear,1440,1789636758547475051,1789636758648745009,2934606175445930,19968
front,1438,1789636758647324584,1789636758748174865,2934606274876239,20064
rear,1441,1789636758647363615,1789636758748674410,2934606275375307,19968
front,1439,1789636758747444163,1789636758848207221,2934606374908712,19968
rear,1442,1789636758747356416,1789636758848738098,2934606375439091,20064
front,1440,1789636758847341747,1789636758947781561,2934606474483024,20064
rear,1443,1789636758847401551,1789636758948315051,2934606475015982,19776
front,1441,1789636758947403993,1789636759047367898,2934606574069506,19968
rear,1444,1789636758947065487,1789636759047924428,2934606574625481,20064
front,1442,1789636759047370277,1789636759148319552,2934606675020954,19968
rear,1445,1789636759047244566,1789636759148840930,2934606675541869,20064
front,1443,1789636759147330386,1789636759247760658,2934606774461855,20064
rear,1446,1789636759147365763,1789636759248298888,2934606774999882,19968
front,1444,1789636759247374351,1789636759347388805,2934606874090166,19968
rear,1447,1789636759247112986,1789636759347918231,2934606874619210,19968
front,1445,1789636759347324259,1789636759448040514,2934606974741958,19968
rear,1448,1789636759347113642,1789636759448555784,2934606975256714,20064
front,1446,1789636759447294109,1789636759548347051,2934607075048552,20064
rear,1449,1789636759447268543,1789636759548873801,2934607075574805,20064
front,1447,1789636759547362286,1789636759648203693,2934607174904724,19968
rear,1450,1789636759547341166,1789636759648742898,2934607175443792,19968
front,1448,1789636759647288270,1789636759748058177,2934607274759393,19968
rear,1451,1789636759647309760,1789636759748581553,2934607275282618,19968
front,1449,1789636759747286784,1789636759848210761,2934607374911838,20064
rear,1452,1789636759747308082,1789636759848797450,2934607375498490,20064
front,1450,1789636759847306524,1789636759948133671,2934607474835091,19968
rear,1453,1789636759847334882,1789636759948714301,2934607475415233,19968
front,1451,1789636759947276371,1789636760047581807,2934607574282902,20064
rear,1454,1789636759947242328,1789636760048097641,2934607574798594,19872
front,1452,1789636760047290444,1789636760148050095,2934607674751644,19968
rear,1455,1789636760047066821,1789636760148573486,2934607675274423,20064
front,1453,1789636760147347276,1789636760247521737,2934607774223332,19968
rear,1456,1789636760147325979,1789636760248065595,2934607774766511,19968
front,1454,1789636760247252093,1789636760348140991,2934607874842441,20064
rear,1457,1789636760247196953,1789636760348685036,2934607875385957,20064
front,1455,1789636760347397056,1789636760448174880,2934607974876432,19968
rear,1458,1789636760347281553,1789636760448692222,2934607975393171,19968
front,1456,1789636760447293829,1789636760547990610,2934608074691980,19968
rear,1459,1789636760447250019,1789636760548522658,2934608075223610,20064
front,1457,1789636760547224705,1789636760648358722,2934608175059995,20064
rear,1460,1789636760547317473,1789636760648879247,2934608175580144,19968
front,1458,1789636760647296249,1789636760747911571,2934608274612656,19968
rear,1461,1789636760647392150,1789636760748404587,2934608275105550,19968
front,1459,1789636760747261957,1789636760847967351,2934608374668824,19968
rear,1462,1789636760747240242,1789636760848471379,2934608375172323,19968
front,1460,1789636760847227213,1789636760948136574,2934608474838045,20064
rear,1463,1789636760847205831,1789636760948681296,2934608475382259,19968
front,1461,1789636760947304548,1789636761048143919,2934608574845048,19968
rear,1464,1789636760947251167,1789636761048678941,2934608575379913,20064
front,1462,1789636761047288966,1789636761148260386,2934608674961463,19968
rear,1465,1789636761047381696,1789636761148782197,2934608675483117,19968
front,1463,1789636761147204730,1789636761248184066,2934608774885828,20064
rear,1466,1789636761147303947,1789636761248695670,2934608775396607,19968
front,1464,1789636761247303105,1789636761348057650,2934608874758979,19968
rear,1467,1789636761247325062,1789636761348552401,2934608875253398,20064
front,1465,1789636761347264857,1789636761447724773,2934608974426379,20064
rear,1468,1789636761347307674,1789636761448254882,2934608974955887,19776
front,1466,1789636761447295321,1789636761548059071,2934609074760321,19968
rear,1469,1789636761446959699,1789636761548592156,2934609075293103,20256
front,1467,1789636761547269710,1789636761648152600,2934609174853701,19968
rear,1470,1789636761547336274,1789636761648685049,2934609175386014,19968
front,1468,1789636761647202664,1789636761747583795,2934609274285079,20064
rear,1471,1789636761647223976,1789636761748087630,2934609274788509,19872
front,1469,1789636761747333053,1789636761848089411,2934609374791005,19968
rear,1472,1789636761746963196,1789636761848615153,2934609375316125,20064
front,1470,1789636761847258404,1789636761947590805,2934609474291974,19968
rear,1473,1789636761847220569,1789636761948115267,2934609474816226,19968
front,1471,1789636761946617292,1789636762047367527,2934609574068720,19968
rear,1474,1789636761947028565,1789636762047884008,2934609574584923,19968
front,1472,1789636762046615220,1789636762147667561,2934609674369086,20064
rear,1475,1789636762046944111,1789636762148170254,2934609674871190,19968
front,1473,1789636762146770663,1789636762247360128,2934609774061540,19968
rear,1476,1789636762147021682,1789636762247840535,2934609774541469,20064
front,1474,1789636762246617985,1789636762347747726,2934609874448797,19968
rear,1477,1789636762247066077,1789636762348274340,2934609874975264,19968
front,1475,1789636762347308437,1789636762447650603,2934609974352080,20064
rear,1478,1789636762347081286,1789636762448181488,2934609974882516,20064
front,1476,1789636762446742360,1789636762547568820,2934610074270479,19968
rear,1479,1789636762447079081,1789636762548088814,2934610074789695,19968
front,1477,1789636762547318011,1789636762647947526,2934610174648932,19776
rear,1480,1789636762547026477,1789636762648482173,2934610175183178,20064
rear,1481,1789636762647192829,1789636762748201845,2934610274903248,19872
front,1478,1789636762747249014,1789636762847513093,2934610374214621,19968
rear,1482,1789636762746958964,1789636762848100215,2934610374801078,20064
front,1479,1789636762847267971,1789636762948136904,2934610474838264,19872
rear,1483,1789636762847063930,1789636762948700606,2934610475401536,20064
front,1480,1789636762947138280,1789636763048057229,2934610574758239,19968
rear,1484,1789636762947197241,1789636763048565232,2934610575266184,19968
front,1481,1789636763047182931,1789636763148211030,2934610674912263,20064
rear,1485,1789636763047149872,1789636763148713447,2934610675414377,20064
front,1482,1789636763147200965,1789636763248150513,2934610774851876,19872
rear,1486,1789636763147293210,1789636763248663085,2934610775363994,19968
front,1483,1789636763247140570,1789636763347528082,2934610874229285,20160
rear,1487,1789636763247248027,1789636763348026933,2934610874727895,19872
front,1484,1789636763347279224,1789636763447918886,2934610974620328,19872
rear,1488,1789636763346928784,1789636763448463361,2934610975164352,20160
front,1485,1789636763447108127,1789636763548211143,2934611074912620,20064
rear,1489,1789636763447189691,1789636763548747073,2934611075448089,19968
front,1486,1789636763547209184,1789636763647881200,2934611174582293,19872
rear,1490,1789636763547147596,1789636763648390986,2934611175091904,19968
front,1487,1789636763647151055,1789636763748074581,2934611274775924,20160
rear,1491,1789636763647129431,1789636763748579944,2934611275280971,20064
front,1488,1789636763747206485,1789636763848105537,2934611374806671,19968
rear,1492,1789636763747178829,1789636763848623584,2934611375324507,19968
front,1489,1789636763847252017,1789636763948035632,2934611474737082,19968
rear,1493,1789636763847195635,1789636763948583198,2934611475284116,20064
front,1490,1789636763947183451,1789636764048084832,2934611574786431,19968
rear,1494,1789636763947273276,1789636764048625160,2934611575326116,19968
front,1491,1789636764047136631,1789636764147828568,2934611674529762,19968
rear,1495,1789636764047158505,1789636764148335570,2934611675036502,19968
front,1492,1789636764147107817,1789636764248057781,2934611774758976,20064
rear,1496,1789636764147087276,1789636764248568732,2934611775269651,20064
front,1493,1789636764247148493,1789636764347981877,2934611874683260,19968
rear,1497,1789636764247190687,1789636764348516932,2934611875217934,19968
front,1494,1789636764347121920,1789636764447966344,2934611974667792,20064
rear,1498,1789636764347100737,1789636764448483456,2934611975184345,19968
front,1495,1789636764447193944,1789636764548010453,2934612074712279,19968
rear,1499,1789636764447074542,1789636764548557521,2934612075258608,20064
front,1496,1789636764547179349,1789636764647945597,2934612174647200,19968
rear,1500,1789636764547254142,1789636764648505877,2934612175206789,19968
front,1497,1789636764647114407,1789636764748016952,2934612274718583,20064
rear,1501,1789636764647094469,1789636764748556643,2934612275257591,19968
front,1498,1789636764747219839,1789636764847968639,2934612374670135,19968
rear,1502,1789636764747136554,1789636764848507058,2934612375208074,20064
front,1499,1789636764847095467,1789636764948062836,2934612474764096,19968
rear,1503,1789636764847223576,1789636764948655710,2934612475356784,19968
front,1500,1789636764947047940,1789636765047979042,2934612574680632,20064
rear,1504,1789636764947148847,1789636765048521791,2934612575222704,20064
front,1501,1789636765047149877,1789636765147969304,2934612674670594,19968
rear,1505,1789636765047171192,1789636765148505772,2934612675206688,19968
front,1502,1789636765147073419,1789636765248129208,2934612774831121,20064
rear,1506,1789636765147109435,1789636765248703376,2934612775404378,20064
front,1503,1789636765247227441,1789636765348030603,2934612874731975,19968
rear,1507,1789636765247205440,1789636765348566876,2934612875267957,19872
front,1504,1789636765347074041,1789636765447965233,2934612974666502,19968
rear,1508,1789636765347040591,1789636765448517228,2934612975218242,20064
front,1505,1789636765447050138,1789636765548233707,2934613074935142,20064
rear,1509,1789636765447140585,1789636765548772322,2934613075473275,19968
front,1506,1789636765547084576,1789636765647839876,2934613174541447,19968
rear,1510,1789636765547167606,1789636765648400424,2934613175101385,19968
front,1507,1789636765647111575,1789636765748053847,2934613274755636,20064
rear,1511,1789636765647047038,1789636765748602327,2934613275303342,20064
front,1508,1789636765747181575,1789636765847986656,2934613374687890,19968
rear,1512,1789636765747119501,1789636765848509532,2934613375210543,19968
front,1509,1789636765847103532,1789636765947871741,2934613474573273,19968
rear,1513,1789636765847082865,1789636765948429982,2934613475130985,20064
front,1510,1789636765947042935,1789636766048011736,2934613574713691,19968
rear,1514,1789636765947137717,1789636766048555555,2934613575256600,19968
front,1511,1789636766046999170,1789636766148019717,2934613674720928,20064
rear,1515,1789636766047087983,1789636766148551891,2934613675252784,20064
front,1512,1789636766147024472,1789636766248147773,2934613774849290,20064
rear,1516,1789636766147106528,1789636766248693208,2934613775394141,19968
front,1513,1789636766247184675,1789636766347902214,2934613874603919,19968
rear,1517,1789636766247155656,1789636766348430501,2934613875131414,19968
front,1514,1789636766347061190,1789636766447739284,2934613974440777,19968
rear,1518,1789636766347141292,1789636766448270477,2934613974971405,19968
front,1515,1789636766447032046,1789636766548009147,2934614074710312,20064
rear,1519,1789636766447008385,1789636766548615050,2934614075316052,20064
front,1516,1789636766547108261,1789636766648059474,2934614174765228,19968
rear,1520,1789636766547142037,1789636766648576463,2934614175277398,20064
front,1517,1789636766647073511,1789636766748009279,2934614274710823,19968
rear,1521,1789636766647143006,1789636766748558653,2934614275259608,19968
front,1518,1789636766746990395,1789636766848068239,2934614374769733,20064
rear,1522,1789636766747063717,1789636766848600154,2934614375301139,19968
front,1519,1789636766847170190,1789636766947729057,2934614474430245,19968
rear,1523,1789636766847154174,1789636766948264542,2934614474965498,19968
front,1520,1789636766947027831,1789636767047832782,2934614574534119,19968
rear,1524,1789636766946997388,1789636767048342051,2934614575042963,20064
front,1521,1789636767046973334,1789636767148110680,2934614674812057,20064
rear,1525,1789636767047086426,1789636767148651774,2934614675352725,19968
front,1522,1789636767147058891,1789636767247833317,2934614774534604,19968
rear,1526,1789636767147037874,1789636767248412938,2934614775114108,19968
front,1523,1789636767247029379,1789636767347993211,2934614874694358,20064
rear,1527,1789636767247061007,1789636767348493335,2934614875194266,20064
front,1524,1789636767347061066,1789636767447982642,2934614974683811,19968
rear,1528,1789636767347093242,1789636767448513172,2934614975214104,19968
front,1525,1789636767447059751,1789636767547899114,2934615074600563,19968
rear,1529,1789636767447032814,1789636767548408586,2934615075109612,20064
front,1526,1789636767546962478,1789636767648143687,2934615174845033,20064
rear,1530,1789636767547105989,1789636767648689732,2934615175390773,19968
front,1527,1789636767647063664,1789636767747856369,2934615274557731,19968
rear,1531,1789636767647041778,1789636767748355664,2934615275056586,19968
front,1528,1789636767747013657,1789636767847880485,2934615374582092,20064
rear,1532,1789636767747070464,1789636767848439864,2934615375140765,19968
front,1529,1789636767847075685,1789636767947724092,2934615474425464,19968
rear,1533,1789636767846944435,1789636767948267715,2934615474968645,20064
front,1530,1789636767947053969,1789636768047918769,2934615574620112,20064
rear,1534,1789636767947032546,1789636768048422670,2934615575123647,19968
front,1531,1789636768047118742,1789636768147924568,2934615674626017,19968
rear,1535,1789636768046940429,1789636768148437522,2934615675138499,20064
front,1532,1789636768147074487,1789636768248002804,2934615774704153,19968
rear,1536,1789636768147113029,1789636768248515778,2934615775216755,19968
front,1533,1789636768246936451,1789636768347938659,2934615874639880,20064
rear,1537,1789636768247010696,1789636768348499900,2934615875200884,19968
front,1534,1789636768347110554,1789636768447778667,2934615974479886,19968
rear,1538,1789636768346977205,1789636768448269879,2934615974970748,19968
front,1535,1789636768446973903,1789636768547796245,2934616074497504,19968
rear,1539,1789636768447008885,1789636768548317829,2934616075018751,20064
front,1536,1789636768546925889,1789636768647961452,2934616174662614,20064
rear,1540,1789636768547011301,1789636768648448137,2934616175149074,19968
front,1537,1789636768647076315,1789636768747743639,2934616274445123,19968
rear,1541,1789636768646939187,1789636768748289959,2934616274990911,19968
front,1538,1789636768746987561,1789636768848023250,2934616374724731,20064
rear,1542,1789636768746961728,1789636768848543566,2934616375244578,20064
front,1539,1789636768847041533,1789636768947897013,2934616474598260,19968
rear,1543,1789636768847105223,1789636768948439990,2934616475141075,19968
front,1540,1789636768946971393,1789636769047686119,2934616574387702,19968
rear,1544,1789636768946950007,1789636769048236079,2934616574937024,19968
front,1541,1789636769046928961,1789636769147802853,2934616674504396,20064
rear,1545,1789636769046897266,1789636769148365705,2934616675066674,19968
front,1542,1789636769147082395,1789636769247820233,2934616774521454,19968
rear,1546,1789636769146915451,1789636769248372902,2934616775073871,20064
front,1543,1789636769246980626,1789636769347967275,2934616874668596,19968
rear,1547,1789636769247001907,1789636769348534224,2934616875235112,20064
front,1544,1789636769346936088,1789636769448141594,2934616974842885,20064
rear,1548,1789636769347024424,1789636769448657171,2934616975358184,19968
front,1545,1789636769447036827,1789636769547850227,2934617074551650,19968
rear,1549,1789636769447015556,1789636769548365242,2934617075066143,20064
front,1546,1789636769546921758,1789636769647964479,2934617174665647,19968
rear,1550,1789636769547039904,1789636769648487000,2934617175187916,19968
front,1547,1789636769646884535,1789636769747808008,2934617274509459,20064
rear,1551,1789636769647027873,1789636769748335566,2934617275036483,19872
front,1548,1789636769746988082,1789636769847712082,2934617374413620,19968
rear,1552,1789636769746863240,1789636769848234721,2934617374935747,20064
front,1549,1789636769846864452,1789636769947953426,2934617474654930,20064
rear,1553,1789636769846916889,1789636769948512956,2934617475213912,20064
front,1550,1789636769946994939,1789636770047835268,2934617574536493,19968
rear,1554,1789636769946913462,1789636770048331176,2934617575032142,19968
front,1551,1789636770046929846,1789636770147742354,2934617674443867,19968
rear,1555,1789636770046908375,1789636770148244590,2934617674945575,19968
front,1552,1789636770146895186,1789636770247828417,2934617774529784,20064
rear,1556,1789636770146962562,1789636770248410759,2934617775111759,19872
front,1553,1789636770246966193,1789636770347848361,2934617874549871,19968
rear,1557,1789636770246848767,1789636770348377690,2934617875078586,19968
front,1554,1789636770346866622,1789636770447789517,2934617974490946,19968
rear,1558,1789636770346887858,1789636770448334959,2934617975036057,20160
front,1555,1789636770446860760,1789636770548284193,2934618074985861,20064
rear,1559,1789636770446948238,1789636770549014370,2934618075715388,19968
front,1556,1789636770546989564,1789636770647667996,2934618174369319,20064
rear,1560,1789636770546967822,1789636770648158488,2934618174859352,19872
front,1557,1789636770647036055,1789636770747640801,2934618274342179,19872
rear,1561,1789636770646844911,1789636770748167694,2934618274868609,20064
front,1558,1789636770746861007,1789636770847881858,2934618374582903,20064
rear,1562,1789636770746894406,1789636770848390984,2934618375091925,19968
front,1559,1789636770847016660,1789636770947634315,2934618474335566,19968
rear,1563,1789636770846826251,1789636770948176927,2934618474877798,20064
front,1560,1789636770946874786,1789636771047818266,2934618574519260,19968
rear,1564,1789636770946896118,1789636771048357731,2934618575058643,19968
front,1561,1789636771046822540,1789636771147767714,2934618674469293,20064
rear,1565,1789636771046888304,1789636771148349602,2934618675050517,19968
front,1562,1789636771146997230,1789636771247760422,2934618774461717,19968
rear,1566,1789636771146848640,1789636771248274160,2934618774975067,20064
front,1563,1789636771246840175,1789636771347979597,2934618874680924,20064
rear,1567,1789636771246957057,1789636771348752266,2934618875453519,19968
front,1564,1789636771346960121,1789636771447814391,2934618974515631,19968
rear,1568,1789636771346893683,1789636771448315654,2934618975016576,20064
front,1565,1789636771446917966,1789636771547860254,2934619074561348,19968
rear,1569,1789636771446958790,1789636771548353900,2934619075054905,19968
front,1566,1789636771546901369,1789636771647708675,2934619174409856,20064
rear,1570,1789636771546975057,1789636771648241073,2934619174942000,19968
front,1567,1789636771646974690,1789636771747777216,2934619274478892,20064
rear,1571,1789636771646832718,1789636771748310097,2934619275011008,20064
front,1568,1789636771746959482,1789636771847766922,2934619374468538,19872
rear,1572,1789636771746900883,1789636771848274575,2934619374975453,19968
front,1569,1789636771846884690,1789636771947772799,2934619474474234,20064
rear,1573,1789636771846833685,1789636771948278751,2934619474979703,19968
front,1570,1789636771946844737,1789636772047699841,2934619574401101,19968
rear,1574,1789636771946873724,1789636772048195943,2934619574896845,20064
front,1571,1789636772046840306,1789636772147780701,2934619674482241,20064
rear,1575,1789636772046956314,1789636772148290125,2934619674991047,19872
front,1572,1789636772146927567,1789636772247681891,2934619774383132,19968
rear,1576,1789636772146663887,1789636772248194504,2934619774895391,20064
front,1573,1789636772246810708,1789636772347736505,2934619874437877,19872
rear,1577,1789636772246832361,1789636772348284333,2934619874985258,19968
front,1574,1789636772346899460,1789636772447702422,2934619974403581,20064
rear,1578,1789636772346795385,1789636772448258518,2934619974959497,19968
front,1575,1789636772446705520,1789636772547577051,2934620074278881,19968
rear,1579,1789636772446683931,1789636772548097903,2934620074798821,20064
front,1576,1789636772546828938,1789636772647927985,2934620174629183,19968
rear,1580,1789636772546776466,1789636772648463226,2934620175164184,20064
front,1577,1789636772646944661,1789636772747774391,2934620274475456,19872
rear,1581,1789636772646922719,1789636772748283908,2934620274984942,19968
front,1578,1789636772746847792,1789636772847727695,2934620374428751,20064
rear,1582,1789636772746869102,1789636772848231636,2934620374932560,19968
front,1579,1789636772846853141,1789636772947681796,2934620474383062,19968
rear,1583,1789636772846874128,1789636772948193740,2934620474894653,20064
front,1580,1789636772946928089,1789636773047821538,2934620574523153,19872
rear,1584,1789636772946948739,1789636773048330573,2934620575031568,19968
front,1581,1789636773046796115,1789636773147725347,2934620674426654,20064
rear,1585,1789636773046940175,1789636773148214797,2934620674915708,19968
front,1582,1789636773146762860,1789636773247729678,2934620774430711,19968
rear,1586,1789636773146804807,1789636773248253775,2934620774954758,20064
front,1583,1789636773246765881,1789636773347901636,2934620874602861,20064
rear,1587,1789636773246901584,1789636773348421775,2934620875122702,19968
front,1584,1789636773346867211,1789636773447580948,2934620974282325,19968
rear,1588,1789636773346888657,1789636773448146842,2934620974847749,19968
front,1585,1789636773446901209,1789636773547645087,2934621074346252,19968
rear,1589,1789636773446820196,1789636773548177470,2934621074878395,20064
front,1586,1789636773546776161,1789636773647786478,2934621174487738,19968
rear,1590,1789636773546927857,1789636773648287592,2934621174988524,19968
front,1587,1789636773646734189,1789636773747657324,2934621274358399,20064
rear,1591,1789636773646818466,1789636773748168332,2934621274869245,19968
front,1588,1789636773746894653,1789636773847698680,2934621374400306,19968
rear,1592,1789636773746784831,1789636773848236915,2934621374937865,20064
front,1589,1789636773846745907,1789636773947769577,2934621474470651,19968
rear,1593,1789636773846848425,1789636773948295837,2934621474996837,19968
front,1590,1789636773946766910,1789636774047665556,2934621574366748,20064
rear,1594,1789636773946829436,1789636774048189862,2934621574890942,19968
front,1591,1789636774046847896,1789636774147646296,2934621674347660,19968
rear,1595,1789636774046765586,1789636774148229264,2934621674930200,20064
front,1592,1789636774146805533,1789636774247913834,2934621774615020,20064
rear,1596,1789636774146827030,1789636774248444748,2934621775145764,19968
front,1593,1789636774246899166,1789636774347476767,2934621874177905,19872
rear,1597,1789636774246846504,1789636774347986310,2934621874687225,19968
front,1594,1789636774346730859,1789636774447710195,2934621974411411,20064
rear,1598,1789636774346709297,1789636774448234660,2934621974935575,20064
front,1595,1789636774446733507,1789636774547823826,2934622074525474,20064
rear,1599,1789636774446755118,1789636774548328308,2934622075029249,19968
front,1596,1789636774546887563,1789636774647583709,2934622174285146,19968
rear,1600,1789636774546690786,1789636774648093221,2934622174794117,20064
front,1597,1789636774646780997,1789636774747741724,2934622274443150,19968
rear,1601,1789636774646849629,1789636774748272193,2934622274973089,19968
front,1598,1789636774746746422,1789636774847916180,2934622374617573,20064
rear,1602,1789636774746775152,1789636774848620434,2934622375321625,19968
front,1599,1789636774846877855,1789636774947462391,2934622474163773,19968
rear,1603,1789636774846705409,1789636774948050845,2934622474751739,19968
front,1600,1789636774946749854,1789636775047577478,2934622574278781,19968
rear,1604,1789636774946705699,1789636775048086345,2934622574787316,20064
front,1601,1789636775046737980,1789636775147826330,2934622674527586,20064
rear,1605,1789636775046813877,1789636775148351544,2934622675052420,19968
front,1602,1789636775146829362,1789636775247521965,2934622774223312,19968
rear,1606,1789636775146807734,1789636775248033221,2934622774734105,19968
front,1603,1789636775246726737,1789636775347467874,2934622874168950,19968
rear,1607,1789636775246683191,1789636775347982394,2934622874683298,20064
front,1604,1789636775346670406,1789636775447885565,2934622974586799,20064
rear,1608,1789636775346691264,1789636775448374627,2934622975075527,20064
front,1605,1789636775446735624,1789636775547754763,2934623074456250,19968
rear,1609,1789636775446838450,1789636775548285885,2934623074986837,19968
front,1606,1789636775546695399,1789636775647689259,2934623174390646,20064
rear,1610,1789636775546821304,1789636775648232289,2934623174933232,19968
front,1607,1789636775646838227,1789636775747489945,2934623274191138,19968
rear,1611,1789636775646816856,1789636775747980307,2934623274681198,19968
front,1608,1789636775746715105,1789636775847683803,2934623374385194,19968
rear,1612,1789636775746692767,1789636775848245443,2934623374946418,20064
front,1609,1789636775846692704,1789636775947871804,2934623474573038,20064
rear,1613,1789636775846829306,1789636775948416217,2934623475117177,19968
front,1610,1789636775946762358,1789636776047797242,2934623574498709,19968
rear,1614,1789636775946794220,1789636776048383978,2934623575084936,19968
front,1611,1789636776046706097,1789636776147859498,2934623674560649,20064
rear,1615,1789636776046738070,1789636776148428449,2934623675129377,20064
front,1612,1789636776146772802,1789636776248096712,2934623774798031,19968
rear,1616,1789636776146720113,1789636776248653700,2934623775354612,20064
front,1613,1789636776246732247,1789636776347953104,2934623874654382,19968
rear,1617,1789636776246797226,1789636776348528312,2934623875229261,19872
front,1614,1789636776346626909,1789636776448019399,2934623974720733,20064
rear,1618,1789636776346656522,1789636776448607893,2934623975308926,20064
front,1615,1789636776446815905,1789636776547975871,2934624074677312,19968
rear,1619,1789636776446783497,1789636776548543626,2934624075244673,19968
front,1616,1789636776546662444,1789636776647703237,2934624174404720,19968
rear,1620,1789636776546748074,1789636776648274992,2934624174975926,20064
front,1617,1789636776646622346,1789636776748083169,2934624274784398,20064
rear,1621,1789636776646753663,1789636776748676323,2934624275377264,19968
front,1618,1789636776746688528,1789636776847906671,2934624374608316,19968
rear,1622,1789636776746667078,1789636776848655202,2934624375356193,20064
front,1619,1789636776846666646,1789636776948081067,2934624474782244,20064
rear,1623,1789636776846765910,1789636776948579696,2934624475280615,19968
front,1620,1789636776946752414,1789636777047752075,2934624574453704,19968
rear,1624,1789636776946649175,1789636777048343842,2934624575044768,19968
front,1621,1789636777046703801,1789636777147839981,2934624674541545,19968
rear,1625,1789636777046645039,1789636777148411292,2934624675112362,20064
front,1622,1789636777146621762,1789636777247880451,2934624774582159,20064
rear,1626,1789636777146766044,1789636777248480898,2934624775181970,19968
front,1623,1789636777246721953,1789636777347521724,2934624874223697,19968
rear,1627,1789636777246700537,1789636777348108145,2934624874809046,19968
front,1624,1789636777346659081,1789636777447742423,2934624974444232,20064
rear,1628,1789636777346712112,1789636777448322916,2934624975023891,19968
front,1625,1789636777446759362,1789636777547484425,2934625074186093,19968
rear,1629,1789636777446696261,1789636777548047132,2934625074748114,20064
front,1626,1789636777546712201,1789636777647776408,2934625174477464,20064
rear,1630,1789636777546643343,1789636777648327379,2934625175028319,19968
front,1627,1789636777646768475,1789636777747560076,2934625274261662,19968
rear,1631,1789636777646644439,1789636777748124532,2934625274825505,20064
front,1628,1789636777746784687,1789636777847649659,2934625374351450,19968
rear,1632,1789636777746702317,1789636777848239698,2934625374940580,19968
front,1629,1789636777846582916,1789636777947456603,2934625474158227,19968
rear,1633,1789636777846604648,1789636777948017150,2934625474718046,19968
front,1630,1789636777946634771,1789636778047692778,2934625574394353,20064
rear,1634,1789636777946613956,1789636778048255818,2934625574956708,20064
front,1631,1789636778046681023,1789636778147624499,2934625674326464,19968
rear,1635,1789636778046740898,1789636778148193016,2934625674893992,19968
front,1632,1789636778146651867,1789636778247621799,2934625774323500,20064
rear,1636,1789636778146607608,1789636778248200321,2934625774901259,20064
front,1633,1789636778246757346,1789636778347724597,2934625874426298,19968
rear,1637,1789636778246736554,1789636778348327625,2934625875028564,19968
front,1634,1789636778346638727,1789636778447627447,2934625974328807,19968
rear,1638,1789636778346729092,1789636778448166172,2934625974867290,20064
front,1635,1789636778446628848,1789636778547888731,2934626074590352,20064
rear,1639,1789636778446859909,1789636778548428764,2934626075129731,19968
front,1636,1789636778546655120,1789636778647613268,2934626174314529,19968
rear,1640,1789636778546811143,1789636778648146089,2934626174847043,19968
front,1637,1789636778646600161,1789636778747775327,2934626274476634,20064
rear,1641,1789636778646798639,1789636778748283432,2934626274984312,20064
front,1638,1789636778746665594,1789636778847665649,2934626374366684,19968
rear,1642,1789636778746825682,1789636778848141884,2934626374842826,19872
front,1639,1789636778846614916,1789636778947634040,2934626474335411,19968
rear,1643,1789636778846646521,1789636778948202514,2934626474903444,20064
front,1640,1789636778946545789,1789636779047888876,2934626574590540,20064
rear,1644,1789636778946733777,1789636779048439566,2934626575140477,19968
front,1641,1789636779046604930,1789636779147472471,2934626674173783,19968
rear,1645,1789636779046763202,1789636779147974001,2934626674674943,19968
front,1642,1789636779146553187,1789636779247699504,2934626774400841,20064
rear,1646,1789636779146642436,1789636779248246719,2934626774947626,20064
front,1643,1789636779246654892,1789636779347743656,2934626874445263,19968
rear,1647,1789636779246769619,1789636779348276886,2934626874977803,19968
front,1644,1789636779346637642,1789636779447522705,2934626974224025,19968
rear,1648,1789636779346796592,1789636779448070617,2934626974771491,19968
front,1645,1789636779446528943,1789636779547556158,2934627074257408,20064
rear,1649,1789636779446676089,1789636779548087252,2934627074788236,20064
front,1646,1789636779546541219,1789636779647701733,2934627174403234,19968
rear,1650,1789636779546629452,1789636779648249287,2934627174950175,20064
front,1647,1789636779646635014,1789636779747753836,2934627274455308,20064
rear,1651,1789636779646763289,1789636779748246079,2934627274947040,19872
front,1648,1789636779746669691,1789636779847482300,2934627374183810,19968
rear,1652,1789636779746637623,1789636779847976584,2934627374677589,20064
front,1649,1789636779846546154,1789636779947626105,2934627474327336,19968
rear,1653,1789636779846659209,1789636779948146002,2934627474846887,19968
front,1650,1789636779946546507,1789636780047723763,2934627574425004,20064
rear,1654,1789636779946673907,1789636780048275815,2934627574976712,20064
front,1651,1789636780046684729,1789636780147889487,2934627674590726,20064
rear,1655,1789636780046794516,1789636780148391165,2934627675092048,19968
front,1652,1789636780146773700,1789636780247442313,2934627774143511,19968
rear,1656,1789636780146565886,1789636780247961919,2934627774662813,19968
front,1653,1789636780246662873,1789636780347502997,2934627874204206,19968
rear,1657,1789636780246641484,1789636780348027164,2934627874728088,19968
front,1654,1789636780346646548,1789636780447555868,2934627974257343,19968
rear,1658,1789636780346723079,1789636780448070863,2934627974771766,19968
front,1655,1789636780446600158,1789636780547541918,2934628074243190,19968
rear,1659,1789636780446807108,1789636780548089453,2934628074790326,20064
front,1656,1789636780546493513,1789636780647910662,2934628174612155,20064
rear,1660,1789636780546692824,1789636780648438573,2934628175139548,19968
front,1657,1789636780646643536,1789636780747621731,2934628274323225,19968
rear,1661,1789636780646781626,1789636780748138318,2934628274839220,19968
front,1658,1789636780746560695,1789636780847644722,2934628374345949,20064
rear,1662,1789636780746765965,1789636780848150755,2934628374851698,19968
front,1659,1789636780846707060,1789636780947562598,2934628474263651,19968
rear,1663,1789636780846504948,1789636780948102061,2934628474803013,20064
front,1660,1789636780946649498,1789636781047740851,2934628574442298,19968
rear,1664,1789636780946797917,1789636781048269910,2934628574970824,19968
front,1661,1789636781046520896,1789636781147930891,2934628674632334,20064
rear,1665,1789636781046692447,1789636781148629186,2934628675330185,19968
front,1662,1789636781146723096,1789636781247793337,2934628774494603,19968
rear,1666,1789636781146529413,1789636781248477626,2934628775178640,20064
front,1663,1789636781246653451,1789636781347654159,2934628874355290,19968
rear,1667,1789636781246707991,1789636781348175909,2934628874876866,19968
front,1664,1789636781346520296,1789636781447627375,2934628974328439,20064
rear,1668,1789636781346707882,1789636781448145506,2934628974846395,19968
front,1665,1789636781446705951,1789636781547784434,2934629074485842,19968
rear,1669,1789636781446535034,1789636781548506933,2934629075207933,19968
front,1666,1789636781546684026,1789636781647487670,2934629174188913,19968
rear,1670,1789636781546580592,1789636781648023687,2934629174724603,20064
front,1667,1789636781646500596,1789636781747804173,2934629274505764,20064
rear,1671,1789636781646668151,1789636781748362180,2934629275063124,19968
front,1668,1789636781746529091,1789636781847403087,2934629374104344,19872
rear,1672,1789636781746647583,1789636781847930134,2934629374630997,20064
front,1669,1789636781846450644,1789636781947858546,2934629474559971,20064
rear,1673,1789636781846613276,1789636781948444427,2934629475145421,20064
front,1670,1789636781946542012,1789636782047849443,2934629574550946,20064
rear,1674,1789636781947160390,1789636782048379667,2934629575080616,19968
front,1671,1789636782046595168,1789636782147557296,2934629674258872,19968
rear,1675,1789636782047144770,1789636782148109367,2934629674810236,19968
front,1672,1789636782146536327,1789636782247637542,2934629774338850,20160
rear,1676,1789636782146728794,1789636782248148141,2934629774849100,19968
front,1673,1789636782247425511,1789636782347768750,2934629874469827,19872
rear,1677,1789636782246591606,1789636782348257733,2934629874958645,19968
front,1674,1789636782346737463,1789636782447673637,2934629974375007,19872
rear,1678,1789636782346537121,1789636782448195342,2934629974896450,19968
front,1675,1789636782446651337,1789636782547773692,2934630074475001,20160
rear,1679,1789636782446476885,1789636782548360923,2934630075061872,20064
front,1676,1789636782546488685,1789636782647660865,2934630174361979,19872
rear,1680,1789636782546630870,1789636782648181282,2934630174882171,19968
front,1677,1789636782646685040,1789636782747464186,2934630274165294,19872
rear,1681,1789636782646478251,1789636782748017048,2934630274718031,20064
front,1678,1789636782746493803,1789636782847784621,2934630374485646,20064
rear,1682,1789636782746641002,1789636782848305351,2934630375006337,19968
front,1679,1789636782846717643,1789636782947640893,2934630474342200,20064
rear,1683,1789636782846562980,1789636782948169349,2934630474870303,19968
front,1680,1789636782946677359,1789636783047478942,2934630574180331,19776
rear,1684,1789636782946469816,1789636783048012937,2934630574713868,20064
front,1681,1789636783046480135,1789636783147759948,2934630674461465,20064
rear,1685,1789636783046671691,1789636783148314548,2934630675015662,19968
front,1682,1789636783146693375,1789636783247620525,2934630774321915,20064
rear,1686,1789636783146541446,1789636783248166479,2934630774867500,19968
front,1683,1789636783246669905,1789636783347466829,2934630874168518,19872
rear,1687,1789636783246536047,1789636783348004075,2934630874704987,20064
front,1684,1789636783346581983,1789636783447628377,2934630974329967,19968
rear,1688,1789636783346620240,1789636783448124783,2934630974825744,19968
front,1685,1789636783446423533,1789636783547665647,2934631074366895,20064
rear,1689,1789636783446614389,1789636783548203251,2934631074904137,20064
front,1686,1789636783546557659,1789636783647816117,2934631174517373,20064
rear,1690,1789636783546708363,1789636783648373458,2934631175074408,19968
front,1687,1789636783646665264,1789636783747480850,2934631274182328,19872
rear,1691,1789636783646582452,1789636783748012749,2934631274713697,19968
rear,1692,1789636783746604157,1789636783848069972,2934631374771191,19968
front,1688,1789636783846662282,1789636783947583449,2934631474284466,19968
rear,1693,1789636783846451212,1789636783948145435,2934631474846336,20064
front,1689,1789636783946752412,1789636784047922894,2934631574624201,19968
rear,1694,1789636783946544658,1789636784048624417,2934631575325396,20064
front,1690,1789636784046532256,1789636784147953750,2934631674654920,19968
rear,1695,1789636784046673210,1789636784148652693,2934631675353693,19872
front,1691,1789636784146678071,1789636784247606166,2934631774307506,20064
rear,1696,1789636784146481168,1789636784248130770,2934631774831743,20064
front,1692,1789636784246636694,1789636784347961946,2934631874663469,19968
rear,1697,1789636784246546366,1789636784348689335,2934631875390357,19968
front,1693,1789636784346662843,1789636784447740258,2934631974441505,20064
rear,1698,1789636784346464092,1789636784448463849,2934631975165038,19968
front,1694,1789636784446615634,1789636784547490737,2934632074192139,19872
front,1695,1789636784546424251,1789636784647745090,2934632174446539,20064
rear,1699,1789636784547057255,1789636784648323491,2934632175024491,19968
front,1696,1789636784646613338,1789636784747603290,2934632274304683,20064
rear,1700,1789636784646554001,1789636784748128314,2934632274829251,19968
front,1697,1789636784746676766,1789636784847457720,2934632374159303,19968
rear,1701,1789636784746577144,1789636784848006384,2934632374707358,19968
front,1698,1789636784846608823,1789636784947706878,2934632474408422,19968
rear,1702,1789636784846444080,1789636784948422445,2934632475123445,20064
front,1699,1789636784946462803,1789636785047829824,2934632574531078,19968
rear,1703,1789636784946615678,1789636785048533752,2934632575234783,19968
front,1700,1789636785046566844,1789636785147704942,2934632674406090,20064
rear,1704,1789636785046619921,1789636785148227827,2934632674928738,20064
front,1701,1789636785146573601,1789636785247601214,2934632774303099,19968
rear,1705,1789636785146765591,1789636785248129290,2934632774830210,19968
front,1702,1789636785246533414,1789636785347587592,2934632874289024,20064
rear,1706,1789636785246707950,1789636785348118649,2934632874819653,20064
front,1703,1789636785346556059,1789636785447603449,2934632974304751,19968
rear,1707,1789636785347038747,1789636785448115136,2934632974816025,19968
front,1704,1789636785446572332,1789636785547585291,2934633074286601,20064
rear,1708,1789636785447015569,1789636785548120208,2934633074821125,19968
front,1705,1789636785546653819,1789636785647386548,2934633174088201,19968
rear,1709,1789636785546532988,1789636785647941671,2934633174642694,19968
front,1706,1789636785646636039,1789636785747455029,2934633274156511,20064
rear,1710,1789636785646518019,1789636785747964005,2934633274665004,19968
front,1707,1789636785746623213,1789636785847351571,2934633374052775,19872
rear,1711,1789636785746429924,1789636785847876465,2934633374577362,20064
front,1708,1789636785846394217,1789636785947800254,2934633474501569,20160
rear,1712,1789636785846600976,1789636785948335342,2934633475036296,19968
front,1709,1789636785946759187,1789636786047318972,2934633574020450,19872
rear,1713,1789636785946563156,1789636786047824014,2934633574525068,20064
front,1710,1789636786046469641,1789636786147636769,2934633674338163,20064
rear,1714,1789636786046623375,1789636786148135790,2934633674836790,19968
front,1711,1789636786146565791,1789636786247623189,2934633774324401,20064
rear,1715,1789636786146671929,1789636786248130466,2934633774831372,20064
front,1712,1789636786246728006,1789636786347738513,2934633874439894,19968
rear,1716,1789636786246586884,1789636786348297664,2934633874998559,20064
front,1713,1789636786346579578,1789636786447641453,2934633974342778,19968
rear,1717,1789636786347133072,1789636786448220848,2934633974921778,19968
front,1714,1789636786446566179,1789636786547733150,2934634074434545,20064
rear,1718,1789636786447068070,1789636786548275020,2934634074975900,19872
front,1715,1789636786546713048,1789636786647430488,2934634174131824,19968
rear,1719,1789636786546491113,1789636786647915265,2934634174616287,20064
front,1716,1789636786646571443,1789636786747822185,2934634274523708,20064
rear,1720,1789636786646662716,1789636786748332643,2934634275033579,19968
front,1717,1789636786746790395,1789636786847351567,2934634374053009,19968
rear,1721,1789636786746585722,1789636786847856261,2934634374557201,19968
front,1718,1789636786846607874,1789636786947410974,2934634474112514,19968
rear,1722,1789636786846411973,1789636786947934642,2934634474635666,20160
front,1719,1789636786946547765,1789636787047546464,2934634574247808,19968
rear,1723,1789636786947008168,1789636787048043808,2934634574744765,19968
front,1720,1789636787046411637,1789636787147334569,2934634674035811,19968
rear,1724,1789636787046968935,1789636787147828042,2934634674528933,19968
front,1721,1789636787146407222,1789636787247671040,2934634774372570,20160
rear,1725,1789636787146615596,1789636787248181923,2934634774882877,19968
front,1722,1789636787246750748,1789636787347343416,2934634874044975,19872
rear,1726,1789636787246596523,1789636787347840606,2934634874541577,20064
front,1723,1789636787346392065,1789636787447778148,2934634974479620,20160
rear,1727,1789636787347024112,1789636787448404098,2934634975105081,19968
front,1724,1789636787446760650,1789636787547454087,2934635074155279,19968
rear,1728,1789636787446595729,1789636787547997872,2934635074698787,19968
front,1725,1789636787546740078,1789636787647676549,2934635174377870,20064
rear,1729,1789636787546585091,1789636787648189328,2934635174890343,19968
front,1726,1789636787646785334,1789636787747433645,2934635274134787,19872
rear,1730,1789636787646589762,1789636787747918278,2934635274619192,20160
front,1727,1789636787746551593,1789636787847695704,2934635374396849,20064
rear,1731,1789636787747085956,1789636787848217272,2934635374918298,19872
front,1728,1789636787846643590,1789636787947656926,2934635474358134,20064
rear,1732,1789636787846440346,1789636787948225683,2934635474926585,20064
front,1729,1789636787946777370,1789636788047652479,2934635574353451,19872
rear,1733,1789636787946943074,1789636788048164776,2934635574865672,20064
front,1730,1789636788046487615,1789636788147697441,2934635674398951,20064
rear,1734,1789636788047097878,1789636788148238929,2934635674939843,19968
front,1731,1789636788146616196,1789636788247638037,2934635774339323,20064
rear,1735,1789636788147035748,1789636788248199863,2934635774900739,19968
front,1732,1789636788246717128,1789636788347474747,2934635874176151,19968
rear,1736,1789636788246987531,1789636788348025190,2934635874726163,20064
front,1733,1789636788346584273,1789636788447588116,2934635974289652,19968
rear,1737,1789636788347094586,1789636788448119333,2934635974820288,19968
front,1734,1789636788446563838,1789636788547684003,2934636074385532,20064
rear,1738,1789636788446953052,1789636788548255918,2934636074956822,19968
front,1735,1789636788546690053,1789636788647373949,2934636174075208,19968
rear,1739,1789636788546576767,1789636788647882996,2934636174583981,19968
front,1736,1789636788646628920,1789636788747430121,2934636274131322,19968
rear,1740,1789636788646457747,1789636788747914423,2934636274615467,20064
front,1737,1789636788746502995,1789636788847709980,2934636374411157,20064
rear,1741,1789636788746929191,1789636788848213948,2934636374914876,19968
front,1738,1789636788846685812,1789636788947398768,2934636474100077,19968
rear,1742,1789636788846544834,1789636788947892597,2934636474593532,20064
front,1739,1789636788946546316,1789636789047605717,2934636574306780,19968
rear,1743,1789636788947087810,1789636789048106343,2934636574807280,19968
front,1740,1789636789046486076,1789636789147342731,2934636674044252,19968
rear,1744,1789636789046899650,1789636789147854419,2934636674555349,19968
front,1741,1789636789146429654,1789636789247556565,2934636774257991,20064
rear,1745,1789636789146634618,1789636789248121260,2934636774822204,20064
front,1742,1789636789246521678,1789636789347575812,2934636874277223,19968
rear,1746,1789636789247084870,1789636789348090046,2934636874791044,19968
front,1743,1789636789346452215,1789636789447499647,2934636974200685,20064
rear,1747,1789636789346899959,1789636789448034268,2934636974735198,19968
front,1744,1789636789446562547,1789636789547610846,2934637074312624,20064
rear,1748,1789636789446653939,1789636789548134501,2934637074835422,19968
front,1745,1789636789546713501,1789636789647379106,2934637174080753,19968
rear,1749,1789636789546518022,1789636789647884845,2934637174585781,20064
front,1746,1789636789646634505,1789636789747758004,2934637274459461,20064
rear,1750,1789636789646925984,1789636789748250514,2934637274951537,19968
front,1747,1789636789746727866,1789636789847392241,2934637374093884,19872
rear,1751,1789636789746943663,1789636789847921905,2934637374622803,20064
front,1748,1789636789846458200,1789636789947767246,2934637474468867,20160
rear,1752,1789636789847004667,1789636789948347667,2934637475048633,19968
front,1749,1789636789946756807,1789636790047452009,2934637574153606,19968
rear,1753,1789636789946990458,1789636790047980354,2934637574681246,19968
front,1750,1789636790046707894,1789636790147283439,2934637673985272,19872
rear,1754,1789636790047021532,1789636790147795819,2934637674496776,19968
front,1751,1789636790146440305,1789636790247606039,2934637774307779,20160
rear,1755,1789636790146604334,1789636790248123410,2934637774824282,19968
front,1752,1789636790246783882,1789636790347401167,2934637874102716,19968
rear,1756,1789636790246867730,1789636790347905024,2934637874605977,19968
front,1753,1789636790346689026,1789636790447400524,2934637974102069,19968
rear,1757,1789636790346871440,1789636790447928563,2934637974629469,19968
front,1754,1789636790446629843,1789636790547460112,2934638074161384,19968
rear,1758,1789636790446564001,1789636790548032013,2934638074732997,20064
front,1755,1789636790546544316,1789636790647735077,2934638174436411,20064
rear,1759,1789636790546667324,1789636790648251768,2934638174952684,19968
front,1756,1789636790646688446,1789636790747432649,2934638274134070,19968
rear,1760,1789636790646562380,1789636790747952280,2934638274653274,19968
front,1757,1789636790746645043,1789636790847477534,2934638374178892,19968
rear,1761,1789636790746562874,1789636790848012081,2934638374713116,20064
front,1758,1789636790846539038,1789636790947514236,2934638474215587,19968
rear,1762,1789636790846702220,1789636790948081937,2934638474782949,19968
front,1759,1789636790946489565,1789636791047584858,2934638574286244,20064
rear,1763,1789636790946599828,1789636791048119205,2934638574820201,20064
front,1760,1789636791046506759,1789636791147619146,2934638674320862,19968
rear,1764,1789636791046981734,1789636791148126483,2934638674827397,19968
front,1761,1789636791146531623,1789636791247564616,2934638774265812,20064
rear,1765,1789636791146932178,1789636791248127162,2934638774828092,19968
front,1762,1789636791246669621,1789636791347470090,2934638874171535,19968
rear,1766,1789636791246829938,1789636791347976650,2934638874677643,20064
front,1763,1789636791346583843,1789636791447530367,2934638974232039,19968
rear,1767,1789636791346914066,1789636791448068299,2934638974769218,19968
front,1764,1789636791446521366,1789636791547527033,2934639074228363,20064
rear,1768,1789636791446882771,1789636791548095171,2934639074796142,19968
front,1765,1789636791546636837,1789636791647512016,2934639174213354,20064
rear,1769,1789636791546829203,1789636791648030265,2934639174731171,19968
front,1766,1789636791647088734,1789636791747487384,2934639274189146,19968
rear,1770,1789636791646462002,1789636791747997745,2934639274698650,20160
front,1767,1789636791746596387,1789636791847451940,2934639374153013,19968
rear,1771,1789636791747838343,1789636791847967298,2934639374668332,19872
front,1768,1789636791846428431,1789636791947537331,2934639474238576,20064
rear,1772,1789636791846600330,1789636791948073946,2934639474774946,20064
front,1769,1789636791947056849,1789636792047555546,2934639574256686,19968
rear,1773,1789636791946859923,1789636792048047372,2934639574748332,19968
front,1770,1789636792046632901,1789636792147634214,2934639674335581,20064
rear,1774,1789636792046845832,1789636792148161465,2934639674862436,19968
front,1771,1789636792147152744,1789636792247356371,2934639774057561,19968
rear,1775,1789636792146810244,1789636792247845798,2934639774546680,19968
front,1772,1789636792247087776,1789636792347639132,2934639874340772,20064
rear,1776,1789636792246423641,1789636792348181851,2934639874882835,20064
front,1773,1789636792347197599,1789636792447547276,2934639974248462,19776
rear,1777,1789636792346823409,1789636792448104188,2934639974805256,19968
front,1774,1789636792446625250,1789636792547580321,2934640074281672,20064
rear,1778,1789636792446437834,1789636792548113827,2934640074814760,20064
front,1775,1789636792546565274,1789636792647777425,2934640174478630,20064
rear,1779,1789636792546660434,1789636792648312071,2934640175012999,19968
front,1776,1789636792647198699,1789636792747472854,2934640274174114,19776
rear,1780,1789636792646560533,1789636792748043204,2934640274744156,20064
front,1777,1789636792746586723,1789636792847525886,2934640374227444,19968
rear,1781,1789636792746780306,1789636792848054975,2934640374755887,19968
front,1778,1789636792846491114,1789636792948000277,2934640474701483,20064
rear,1782,1789636792846796669,1789636792948549901,2934640475250834,20064
front,1779,1789636792947066837,1789636793047533396,2934640574234794,19968
rear,1783,1789636792947807021,1789636793048068217,2934640574769268,19872
front,1780,1789636793046603862,1789636793147612748,2934640674313892,19872
rear,1784,1789636793046401750,1789636793148137653,2934640674838664,19968
front,1781,1789636793146619425,1789636793248159580,2934640774860907,20160
rear,1785,1789636793146411690,1789636793248906981,2934640775608098,20064
front,1782,1789636793246662391,1789636793348239271,2934640874940616,19872
rear,1786,1789636793246474080,1789636793348951805,2934640875652869,20064
front,1783,1789636793346556278,1789636793448132003,2934640974833480,19968
rear,1787,1789636793346784950,1789636793448799224,2934640975500215,19968
front,1784,1789636793446385226,1789636793547592378,2934641074293791,19968
rear,1788,1789636793446738462,1789636793548111885,2934641074812757,20064
front,1785,1789636793546483177,1789636793647702119,2934641174403379,20064
rear,1789,1789636793547772974,1789636793648210281,2934641174911185,19968
front,1786,1789636793646531066,1789636793747590862,2934641274292208,20064
rear,1790,1789636793646764035,1789636793748092260,2934641274793222,19968
front,1787,1789636793747020259,1789636793847730300,2934641374431517,20064
rear,1791,1789636793746768179,1789636793848259175,2934641374960105,19968
front,1788,1789636793846744024,1789636793947407238,2934641474108267,19872
rear,1792,1789636793846722425,1789636793947935140,2934641474636065,20064
front,1789,1789636793946497959,1789636794047864920,2934641574566039,20064
rear,1793,1789636793946756558,1789636794048413189,2934641575114118,20064
front,1790,1789636794046567664,1789636794147848633,2934641674549826,20064
rear,1794,1789636794047839152,1789636794148399988,2934641675100893,19872
front,1791,1789636794147032979,1789636794247608657,2934641774310084,19968
rear,1795,1789636794146738145,1789636794248116119,2934641774817077,20064
front,1792,1789636794247068382,1789636794347677382,2934641874378806,19968
rear,1796,1789636794246777736,1789636794348181598,2934641874882595,19968
front,1793,1789636794346689948,1789636794447523040,2934641974224369,19968
rear,1797,1789636794346710918,1789636794448047477,2934641974748383,20064
front,1794,1789636794446580433,1789636794547853486,2934642074554609,20064
rear,1798,1789636794446843525,1789636794548428127,2934642075129116,19968
front,1795,1789636794546714031,1789636794647413705,2934642174114799,19968
rear,1799,1789636794546829686,1789636794647938648,2934642174639530,20064
front,1796,1789636794646576642,1789636794747774646,2934642274475895,20064
rear,1800,1789636794647742261,1789636794748295341,2934642274996244,19872
front,1797,1789636794746732285,1789636794847743714,2934642374444909,20064
rear,1801,1789636794746696534,1789636794848270978,2934642374971966,20064
front,1798,1789636794847065624,1789636794947705867,2934642474407155,19968
rear,1802,1789636794846721301,1789636794948217712,2934642474918606,19968
front,1799,1789636794946989604,1789636795047508817,2934642574210063,19968
rear,1803,1789636794946702205,1789636795048024691,2934642574725641,20064
front,1800,1789636795047020538,1789636795147708536,2934642674409643,19968
rear,1804,1789636795046853614,1789636795148245477,2934642674946391,20064
front,1801,1789636795146577082,1789636795247679228,2934642774380452,19968
rear,1805,1789636795147801961,1789636795248209059,2934642774909994,19968
front,1802,1789636795246557381,1789636795347419275,2934642874120503,19968
rear,1806,1789636795247770701,1789636795347942937,2934642874643925,19968
front,1803,1789636795346468911,1789636795447703629,2934642974404844,20160
rear,1807,1789636795346730518,1789636795448234542,2934642974935531,19968
front,1804,1789636795447028062,1789636795547455350,2934643074156693,19968
rear,1808,1789636795446760893,1789636795547980348,2934643074681295,19968
front,1805,1789636795546935677,1789636795647361122,2934643174062419,19968
rear,1809,1789636795546685610,1789636795647869356,2934643174570280,20064
front,1806,1789636795646601651,1789636795747821833,2934643274523143,20064
rear,1810,1789636795646848041,1789636795748352217,2934643275053336,19968
front,1807,1789636795746981928,1789636795847766352,2934643374467951,19968
rear,1811,1789636795746729448,1789636795848289538,2934643374990429,20064
front,1808,1789636795846963897,1789636795947493875,2934643474195420,19968
rear,1812,1789636795847701831,1789636795948005298,2934643474706209,19968
front,1809,1789636795946507119,1789636796047876127,2934643574577714,20064
rear,1813,1789636795947704075,1789636796048411710,2934643575112595,19968
front,1810,1789636796046928215,1789636796147546639,2934643674247743,19968
rear,1814,1789636796046728867,1789636796148052088,2934643674753103,20064
front,1811,1789636796146549576,1789636796247965749,2934643774666828,20064
rear,1815,1789636796147706541,1789636796248458736,2934643775159648,19968
front,1812,1789636796246955464,1789636796347552982,2934643874254194,19968
rear,1816,1789636796246639427,1789636796348061153,2934643874762122,19968
front,1813,1789636796346938085,1789636796447514274,2934643974215425,19968
rear,1817,1789636796346629693,1789636796448005186,2934643974706112,19968
front,1814,1789636796446611179,1789636796547766212,2934644074467370,20064
rear,1818,1789636796446632626,1789636796548408301,2934644075109322,20064
front,1815,1789636796546962103,1789636796647793610,2934644174494766,19968
rear,1819,1789636796546781150,1789636796648317675,2934644175018642,19968
front,1816,1789636796646942216,1789636796747948940,2934644274650153,20064
rear,1820,1789636796646691632,1789636796748551962,2934644275252891,20064
front,1817,1789636796747008269,1789636796847947613,2934644374648985,19968
rear,1821,1789636796746608384,1789636796848491189,2934644375192119,19968
front,1818,1789636796846934112,1789636796947584224,2934644474285635,19968
rear,1822,1789636796846496314,1789636796948114719,2934644474815656,20064
front,1819,1789636796946604535,1789636797047944118,2934644574645384,20064
rear,1823,1789636796946735383,1789636797048442301,2934644575143227,19968
front,1820,1789636797046911097,1789636797147503269,2934644674204564,19968
rear,1824,1789636797046626215,1789636797148075802,2934644674776674,19968
front,1821,1789636797146636488,1789636797247763640,2934644774465185,20064
rear,1825,1789636797146658149,1789636797248348793,2934644775049736,20064
front,1822,1789636797246957516,1789636797347665682,2934644874367563,19968
rear,1826,1789636797247651423,1789636797348240533,2934644874941441,19968
front,1823,1789636797346926316,1789636797447728864,2934644974430197,19968
rear,1827,1789636797346677860,1789636797448265019,2934644974965974,20064
front,1824,1789636797446879352,1789636797548184436,2934645074885768,20064
rear,1828,1789636797447694017,1789636797548686581,2934645075387513,19968
front,1825,1789636797547013186,1789636797647562633,2934645174263846,19968
rear,1829,1789636797546707629,1789636797648062132,2934645174763049,19968
front,1826,1789636797646620264,1789636797747595354,2934645274296647,19968
rear,1830,1789636797646641803,1789636797748111594,2934645274812557,20064
front,1827,1789636797746500315,1789636797847978724,2934645374680192,20064
rear,1831,1789636797747703263,1789636797848504316,2934645375205434,19968
front,1828,1789636797846963807,1789636797947608922,2934645474310630,20064
rear,1832,1789636797846757806,1789636797948202998,2934645474904006,19968
front,1829,1789636797947039885,1789636798047506043,2934645574207337,19968
rear,1833,1789636797946684800,1789636798048036244,2934645574737173,19968
front,1830,1789636798046988464,1789636798147314535,2934645674015656,19968
rear,1834,1789636798046611105,1789636798147834804,2934645674535755,19968
front,1831,1789636798146865063,1789636798247845856,2934645774547193,19968
rear,1835,1789636798146572773,1789636798248365706,2934645775066660,20160
front,1832,1789636798246849406,1789636798347608375,2934645874310093,20064
rear,1836,1789636798247707503,1789636798348161520,2934645874862499,19872
front,1833,1789636798346868369,1789636798447506083,2934645974207135,19968
rear,1837,1789636798346414151,1789636798447997178,2934645974698064,20064
front,1834,1789636798446904761,1789636798547681662,2934646074382837,20064
rear,1838,1789636798446795091,1789636798548214669,2934646074915621,19968
front,1835,1789636798546974992,1789636798647386008,2934646174087527,19968
rear,1839,1789636798546707049,1789636798647960494,2934646174661427,20064
front,1836,1789636798646963807,1789636798747849883,2934646274551342,20064
rear,1840,1789636798647655205,1789636798748445375,2934646275146319,19968
front,1837,1789636798747877836,1789636798847511579,2934646374212726,19968
rear,1841,1789636798746727474,1789636798848044577,2934646374745518,19968
front,1838,1789636798846904168,1789636798947680377,2934646474381477,19968
rear,1842,1789636798846574786,1789636798948271807,2934646474972859,20064
front,1839,1789636798946865242,1789636799048144551,2934646574845894,20064
rear,1843,1789636798946805650,1789636799048705822,2934646575406868,20064
front,1840,1789636799047010413,1789636799147700348,2934646674401509,19968
rear,1844,1789636799047707429,1789636799148241004,2934646674941997,19872
front,1841,1789636799146886992,1789636799247694385,2934646774395708,19968
rear,1845,1789636799146589716,1789636799248220952,2934646774921895,20064
rear,1846,1789636799247649543,1789636799349107470,2934646875809016,19968
front,1842,1789636799347882736,1789636799447658605,2934646974359902,19872
rear,1847,1789636799347587816,1789636799448201852,2934646974902790,20064
front,1843,1789636799446881673,1789636799548113434,2934647074815114,20064
rear,1848,1789636799447635904,1789636799548650861,2934647075351818,19968
front,1844,1789636799547056736,1789636799648046677,2934647174748174,20064
rear,1849,1789636799547637107,1789636799648574458,2934647175275443,19968
front,1845,1789636799647871301,1789636799747622031,2934647274323251,19872
rear,1850,1789636799647584946,1789636799748096692,2934647274797605,20064
front,1846,1789636799746823472,1789636799847809471,2934647374510963,19968
rear,1851,1789636799747602602,1789636799848327412,2934647375028384,19968
front,1847,1789636799846803575,1789636799947646529,2934647474347938,20064
rear,1852,1789636799846878126,1789636799948180823,2934647474881791,19968
front,1848,1789636799946581336,1789636800047624235,2934647574325449,19968
rear,1853,1789636799946748474,1789636800048113959,2934647574814866,20064
front,1849,1789636800046813217,1789636800147735656,2934647674437263,19968
rear,1854,1789636800047594396,1789636800148253375,2934647674954324,19872
front,1850,1789636800146780572,1789636800247718617,2934647774420062,20160
rear,1855,1789636800146812873,1789636800248231126,2934647774932036,19968
front,1851,1789636800247871261,1789636800347546887,2934647874248205,19872
rear,1856,1789636800246570585,1789636800348077772,2934647874778706,20064
front,1852,1789636800346880050,1789636800447730133,2934647974431347,20064
rear,1857,1789636800346718235,1789636800448263582,2934647974964499,19872
front,1853,1789636800446905175,1789636800547783186,2934648074484230,20064
rear,1858,1789636800446545602,1789636800548325425,2934648075026309,20064
front,1854,1789636800547876813,1789636800647654874,2934648174356279,19872
rear,1859,1789636800546615038,1789636800648176224,2934648174877103,20064
front,1855,1789636800646841716,1789636800747811210,2934648274512541,20064
rear,1860,1789636800647576109,1789636800748308644,2934648275009590,19968
front,1856,1789636800746708709,1789636800847945196,2934648374646697,19968
rear,1861,1789636800746599317,1789636800848648814,2934648375349793,20064
front,1857,1789636800846870287,1789636800947925653,2934648474626869,19968
rear,1862,1789636800847627632,1789636800948599617,2934648475300587,19968
front,1858,1789636800946825278,1789636801047961407,2934648574662535,20160
rear,1863,1789636800947607430,1789636801048480797,2934648575181729,19968
front,1859,1789636801047842721,1789636801147739644,2934648674440846,19968
rear,1864,1789636801047565620,1789636801148239567,2934648674940484,19968
front,1860,1789636801147827880,1789636801247545910,2934648774247154,19872
rear,1865,1789636801147591021,1789636801248085331,2934648774786337,20064
front,1861,1789636801246821357,1789636801347805708,2934648874506956,20064
rear,1866,1789636801247646985,1789636801348305995,2934648875006992,19968
front,1862,1789636801346840374,1789636801447544508,2934648974246054,19968
rear,1867,1789636801346788076,1789636801448079754,2934648974780687,19968
front,1863,1789636801446745766,1789636801547603104,2934649074304464,19968
rear,1868,1789636801446767299,1789636801548127588,2934649074828566,20064
front,1864,1789636801546800847,1789636801647763711,2934649174465049,20064
rear,1869,1789636801547642836,1789636801648311461,2934649175012454,19968
front,1865,1789636801646762411,1789636801747514085,2934649274215700,19968
rear,1870,1789636801647548880,1789636801748028834,2934649274729744,19968
front,1866,1789636801746519242,1789636801847475322,2934649374177282,19968
rear,1871,1789636801746719395,1789636801847991982,2934649374692953,20064
front,1867,1789636801846840045,1789636801947602876,2934649474304301,20064
rear,1872,1789636801847622197,1789636801948156405,2934649474857332,19968
front,1868,1789636801946728605,1789636802047687594,2934649574388696,19968
rear,1873,1789636801947500262,1789636802048216759,2934649574917642,20064
front,1869,1789636802046899377,1789636802147661927,2934649674363334,19968
rear,1874,1789636802047551586,1789636802148174422,2934649674875401,19968
front,1870,1789636802146883141,1789636802247608915,2934649774310476,20064
rear,1875,1789636802147556380,1789636802248115943,2934649774816855,19968
front,1871,1789636802246878306,1789636802347484980,2934649874186329,19872
rear,1876,1789636802247465669,1789636802347994855,2934649874695810,20064
front,1872,1789636802346748417,1789636802447720146,2934649974421737,19968
rear,1877,1789636802347630199,1789636802448289803,2934649974990784,19968
front,1873,1789636802446779150,1789636802547418430,2934650074119478,19968
rear,1878,1789636802447569758,1789636802547929863,2934650074630805,19968
front,1874,1789636802546468781,1789636802647647519,2934650174349092,20064
rear,1879,1789636802547466925,1789636802648169370,2934650174870272,20064
front,1875,1789636802646570073,1789636802747630120,2934650274331275,19968
rear,1880,1789636802647592347,1789636802748122243,2934650274823182,19968
front,1876,1789636802746771666,1789636802847839155,2934650374540261,20064
rear,1881,1789636802747550421,1789636802848332102,2934650375033063,19968
front,1877,1789636802846994512,1789636802947508050,2934650474209379,19968
rear,1882,1789636802847503654,1789636802948075505,2934650474776427,19968
front,1878,1789636802946807335,1789636803047479732,2934650574181151,19968
rear,1883,1789636802947441522,1789636803047989899,2934650574690828,20064
front,1879,1789636803046836433,1789636803147509815,2934650674211230,19872
rear,1884,1789636803047527734,1789636803147998513,2934650674699473,19968
front,1880,1789636803146790292,1789636803247476943,2934650774178151,20160
rear,1885,1789636803147439103,1789636803248030342,2934650774731336,19968
front,1881,1789636803246752751,1789636803347468552,2934650874169974,19872
rear,1886,1789636803246488495,1789636803347972626,2934650874673599,20064
front,1882,1789636803346707906,1789636803447972961,2934650974674506,20064
rear,1887,1789636803347475269,1789636803448553271,2934650975254283,19968
front,1883,1789636803446892323,1789636803547358139,2934651074059640,19968
rear,1888,1789636803447482019,1789636803547888773,2934651074589697,19968
front,1884,1789636803546680941,1789636803647355511,2934651174056727,19968
rear,1889,1789636803546435743,1789636803647865981,2934651174566931,20064
front,1885,1789636803646746103,1789636803747995650,2934651274696899,20064
rear,1890,1789636803647431079,1789636803748516084,2934651275217051,19968
front,1886,1789636803746972304,1789636803847388589,2934651374089625,19968
rear,1891,1789636803747433723,1789636803847881453,2934651374582386,19968
front,1887,1789636803847693405,1789636803947361926,2934651474063429,19968
rear,1892,1789636803846449134,1789636803947939834,2934651474640754,20064
front,1888,1789636803946749660,1789636804047749303,2934651574450746,19968
rear,1893,1789636803947412772,1789636804048287137,2934651574988043,20064
front,1889,1789636804046766723,1789636804147716442,2934651674417931,20064
rear,1894,1789636804047502534,1789636804148266438,2934651674967378,19872
front,1890,1789636804146667164,1789636804247669744,2934651774371207,19968
rear,1895,1789636804146458320,1789636804248209698,2934651774910600,20064
front,1891,1789636804246886496,1789636804347778009,2934651874479837,20064
rear,1896,1789636804247411426,1789636804348291484,2934651874992464,20064
front,1892,1789636804346830846,1789636804447510524,2934651974212121,19968
rear,1897,1789636804347464411,1789636804448025269,2934651974726251,19968
front,1893,1789636804446816164,1789636804547832960,2934652074534098,20064
rear,1898,1789636804447436327,1789636804548332940,2934652075033969,19968
front,1894,1789636804547748427,1789636804647551261,2934652174252717,19872
rear,1899,1789636804547383197,1789636804648073146,2934652174774083,20064
front,1895,1789636804646736747,1789636804748018411,2934652274719720,20160
rear,1900,1789636804647470982,1789636804748524329,2934652275225279,19968
front,1896,1789636804747715680,1789636804847555612,2934652374257229,19872
rear,1901,1789636804747466962,1789636804848075819,2934652374776802,20064
front,1897,1789636804846755809,1789636804947778780,2934652474480088,20064
rear,1902,1789636804847525342,1789636804948273390,2934652474974358,19968
front,1898,1789636804947676546,1789636805047421513,2934652574122829,19968
rear,1903,1789636804947424427,1789636805047974244,2934652574675296,19968
front,1899,1789636805046753467,1789636805147463612,2934652674165592,19968
rear,1904,1789636805047413748,1789636805148009626,2934652674710627,19968
front,1900,1789636805146703140,1789636805247720357,2934652774422051,20064
rear,1905,1789636805147394607,1789636805248238386,2934652774939285,20064
front,1901,1789636805246710378,1789636805347924554,2934652874625948,20064
rear,1906,1789636805247361258,1789636805348446024,2934652875146965,19968
front,1902,1789636805347730349,1789636805447827527,2934652974528880,19968
rear,1907,1789636805347438360,1789636805448592144,2934652975293198,19968
front,1903,1789636805446863613,1789636805547525330,2934653074226508,19968
rear,1908,1789636805447386374,1789636805548127676,2934653074828623,20064
front,1904,1789636805547665427,1789636805647957745,2934653174659026,20064
rear,1909,1789636805547396153,1789636805648479490,2934653175180521,19968
front,1905,1789636805647686830,1789636805747532007,2934653274233475,19872
rear,1910,1789636805647433743,1789636805748048906,2934653274749806,20064
front,1906,1789636805746592833,1789636805847838420,2934653374539619,20064
rear,1911,1789636805747513487,1789636805848370536,2934653375071586,19968
front,1907,1789636805846683333,1789636805948532039,2934653475233401,20064
rear,1912,1789636805847405617,1789636805949088248,2934653475789261,20064
front,1908,1789636805947648888,1789636806048030907,2934653574732367,20064
rear,1913,1789636805947614154,1789636806048609113,2934653575310160,19872
front,1909,1789636806047738932,1789636806147466757,2934653674167981,19872
rear,1914,1789636806047327039,1789636806148008780,2934653674709758,20064
rear,1915,1789636806147353277,1789636806248514735,2934653775215997,19968
front,1910,1789636806247797166,1789636806347464825,2934653874166230,19872
rear,1916,1789636806247376677,1789636806348002543,2934653874703502,20064
front,1911,1789636806346661794,1789636806447889978,2934653974591730,20064
rear,1917,1789636806347467076,1789636806448445336,2934653975146257,19968
front,1912,1789636806447625904,1789636806548362544,2934654075063935,19968
rear,1918,1789636806447424003,1789636806548881826,2934654075582723,20064
front,1913,1789636806547621303,1789636806647633183,2934654174334401,19968
rear,1919,1789636806547569295,1789636806648189257,2934654174890157,19968
front,1914,1789636806646666529,1789636806747386311,2934654274087463,19968
rear,1920,1789636806647444919,1789636806747938349,2934654274639323,19968
front,1915,1789636806746576414,1789636806847773745,2934654374475279,20160
rear,1921,1789636806746598303,1789636806848371160,2934654375072229,19968
front,1916,1789636806847751028,1789636806947615247,2934654474316778,19968
rear,1922,1789636806847320157,1789636806948176222,2934654474877205,20064
front,1917,1789636806947672088,1789636807048632257,2934654575333642,19968
rear,1923,1789636806947387024,1789636807049164278,2934654575865161,20064
front,1918,1789636807047625899,1789636807147908461,2934654674610196,20064
rear,1924,1789636807047604459,1789636807148468169,2934654675169123,19872
front,1919,1789636807147663718,1789636807247383897,2934654774085122,19872
rear,1925,1789636807147293203,1789636807247922551,2934654774623429,20064
front,1920,1789636807246606368,1789636807347993668,2934654874694872,20160
rear,1926,1789636807247334956,1789636807348549172,2934654875250128,19968
front,1921,1789636807347731486,1789636807447663720,2934654974365281,19968
rear,1927,1789636807347301901,1789636807448207580,2934654974908490,19968
front,1922,1789636807447668608,1789636807548536675,2934655075238426,19968
rear,1928,1789636807447294348,1789636807549046149,2934655075747134,20160
front,1923,1789636807547589565,1789636807648006130,2934655174707434,19968
rear,1929,1789636807547610939,1789636807648523514,2934655175224419,19968
front,1924,1789636807647571055,1789636807747953629,2934655274654924,20064
rear,1930,1789636807647385936,1789636807748496033,2934655275197029,19968
front,1925,1789636807747568064,1789636807847525178,2934655374226513,19968
rear,1931,1789636807747428526,1789636807848034461,2934655374735378,19968
front,1926,1789636807847622713,1789636807947622390,2934655474323844,20064
rear,1932,1789636807847393886,1789636807948190705,2934655474891644,19968
front,1927,1789636807947601905,1789636808047348277,2934655574049483,19872
rear,1933,1789636807947354647,1789636808047879269,2934655574580226,20064
front,1928,1789636808046629126,1789636808147619062,2934655674320712,20064
rear,1934,1789636808047399612,1789636808148146061,2934655674847132,19968
front,1929,1789636808146668885,1789636808247553982,2934655774255523,19968
rear,1935,1789636808147268714,1789636808248078457,2934655774779421,20064
front,1930,1789636808246633166,1789636808347694285,2934655874395748,20064
rear,1936,1789636808247419526,1789636808348239653,2934655874940627,19968
front,1931,1789636808347582299,1789636808447846425,2934655974547845,20064
rear,1937,1789636808347397341,1789636808448395255,2934655975096184,19968
front,1932,1789636808447675489,1789636808547591228,2934656074292788,19872
rear,1938,1789636808447366041,1789636808548452547,2934656075153518,20064
front,1933,1789636808546519831,1789636808647693326,2934656174394646,20064
rear,1939,1789636808547418804,1789636808648201926,2934656174902829,19968
front,1934,1789636808646623480,1789636808747772253,2934656274473640,20064
rear,1940,1789636808647304205,1789636808748304811,2934656275005755,19968
front,1935,1789636808747625338,1789636808848259382,2934656374961280,19968
rear,1941,1789636808747315518,1789636808848795700,2934656375496619,20064
front,1936,1789636808847558325,1789636808947796883,2934656474498722,20064
rear,1942,1789636808847491750,1789636808948360234,2934656475061155,19968
front,1937,1789636808947709630,1789636809048280574,2934656574982156,19968
rear,1943,1789636808947352192,1789636809048794961,2934656575495972,20064
front,1938,1789636809047547954,1789636809147564689,2934656674266166,19968
rear,1944,1789636809047569338,1789636809148104805,2934656674805709,19968
front,1939,1789636809147561505,1789636809247648745,2934656774350084,20064
rear,1945,1789636809147387938,1789636809248139501,2934656774840414,19872
front,1940,1789636809247599424,1789636809348258811,2934656874960634,19968
rear,1946,1789636809247236861,1789636809348811769,2934656875512771,20160
front,1941,1789636809347524070,1789636809447899333,2934656974600573,20064
rear,1947,1789636809347562285,1789636809448473370,2934656975174508,19872
front,1942,1789636809447642681,1789636809547392055,2934657074093707,19872
rear,1948,1789636809447278659,1789636809547928512,2934657074629432,20064
front,1943,1789636809546573881,1789636809647798820,2934657174499947,20160
rear,1949,1789636809547240708,1789636809648317520,2934657175018470,19968
front,1944,1789636809647699444,1789636809747586791,2934657274288170,19968
rear,1950,1789636809647228302,1789636809748148918,2934657274849848,19968
front,1945,1789636809747625135,1789636809847564746,2934657374266004,19968
rear,1951,1789636809747259149,1789636809848093157,2934657374794087,20064
front,1946,1789636809847536965,1789636809947831812,2934657474533270,20064
rear,1952,1789636809847340166,1789636809948385428,2934657475086354,19968
front,1947,1789636809947680034,1789636810047441740,2934657574143196,19872
rear,1953,1789636809947298192,1789636810047960021,2934657574660971,20064
front,1948,1789636810046543613,1789636810147806149,2934657674507417,20064
rear,1954,1789636810047363417,1789636810148322577,2934657675023499,19968
front,1949,1789636810147501620,1789636810247387291,2934657774088901,19968
rear,1955,1789636810147312213,1789636810247911819,2934657774612768,19968
front,1950,1789636810246536382,1789636810347464826,2934657874166095,19968
rear,1956,1789636810247256972,1789636810347967791,2934657874668721,19968
front,1951,1789636810346530898,1789636810447620057,2934657974321533,20064
rear,1957,1789636810346658026,1789636810448151803,2934657974852723,19968
front,1952,1789636810447498500,1789636810547539249,2934658074240775,20064
rear,1958,1789636810447246212,1789636810548056054,2934658074757039,19968
front,1953,1789636810547644782,1789636810647474641,2934658174175833,19968
rear,1959,1789636810547315588,1789636810647976951,2934658174677840,19968
front,1954,1789636810647573698,1789636810747522748,2934658274224046,19968
rear,1960,1789636810646551274,1789636810748050826,2934658274751810,20064
front,1955,1789636810746722978,1789636810847798200,2934658374499686,20064
rear,1961,1789636810747288233,1789636810848322454,2934658375023368,19968
front,1956,1789636810847631392,1789636810947408476,2934658474109864,19872
rear,1962,1789636810847303457,1789636810947941644,2934658474642530,20064
front,1957,1789636810946506899,1789636811047865654,2934658574567217,20160
rear,1963,1789636810947293370,1789636811048378576,2934658575079556,19872
front,1958,1789636811047648628,1789636811147535028,2934658674236301,19968
rear,1964,1789636811047166184,1789636811148021589,2934658674722508,20064
front,1959,1789636811147565924,1789636811247771817,2934658774472883,19968
rear,1965,1789636811147311496,1789636811248316385,2934658775017322,19968
front,1960,1789636811247562769,1789636811348162848,2934658874864173,19968
rear,1966,1789636811247257764,1789636811348725400,2934658875426300,20064
front,1961,1789636811347489191,1789636811447892610,2934658974593974,20064
rear,1967,1789636811347392801,1789636811448417492,2934658975118416,19968
front,1962,1789636811447507782,1789636811547470932,2934659074172299,19968
rear,1968,1789636811447184625,1789636811548007276,2934659074708191,19968
front,1963,1789636811547524774,1789636811647984709,2934659174686259,20064
rear,1969,1789636811547183367,1789636811648604159,2934659175305078,20064
front,1964,1789636811647604248,1789636811748069268,2934659274770566,19968
rear,1970,1789636811647260158,1789636811748608874,2934659275309755,19968
front,1965,1789636811747490600,1789636811847601266,2934659374302746,19968
rear,1971,1789636811747217270,1789636811848115878,2934659374816849,19968
front,1966,1789636811847472884,1789636811947516258,2934659474217876,19968
rear,1972,1789636811846433830,1789636811948065841,2934659474766743,20064
front,1967,1789636811946722333,1789636812047622458,2934659574323601,19968
rear,1973,1789636811947303992,1789636812048146028,2934659574846969,19968
front,1968,1789636812046710251,1789636812147412115,2934659674113701,19968
rear,1974,1789636812047209715,1789636812147933983,2934659674634954,19968
front,1969,1789636812146612159,1789636812248443225,2934659775144528,20064
rear,1975,1789636812147202475,1789636812248965228,2934659775666227,20160
front,1970,1789636812247467222,1789636812347771571,2934659874473126,20064
rear,1976,1789636812247488297,1789636812348280917,2934659874981840,19872
front,1971,1789636812347527098,1789636812447404612,2934659974105951,19776
rear,1977,1789636812347121225,1789636812447936953,2934659974637918,20064
front,1972,1789636812446414125,1789636812547836808,2934660074538669,20064
rear,1978,1789636812447289716,1789636812548374514,2934660075075453,19968
front,1973,1789636812546791317,1789636812647589521,2934660174290956,20160
rear,1979,1789636812547291515,1789636812648090471,2934660174791340,19968
front,1974,1789636812647512038,1789636812747380008,2934660274081564,19776
rear,1980,1789636812647194038,1789636812747916844,2934660274617750,20064
front,1975,1789636812746630572,1789636812847841605,2934660374542755,20064
rear,1981,1789636812747242224,1789636812848369722,2934660375070712,19872
front,1976,1789636812847592796,1789636812947538745,2934660474240221,20064
rear,1982,1789636812847112111,1789636812948068718,2934660474769617,20064
front,1977,1789636812947537030,1789636813048259731,2934660574961128,19872
rear,1983,1789636812947177732,1789636813048785101,2934660575486043,20064
front,1978,1789636813047511677,1789636813147679676,2934660674380884,19968
rear,1984,1789636813047361400,1789636813148210212,2934660674911100,19968
front,1979,1789636813147576036,1789636813247668673,2934660774369999,20064
rear,1985,1789636813147185681,1789636813248161633,2934660774862530,19968
front,1980,1789636813247548873,1789636813348146553,2934660874847745,19872
rear,1986,1789636813247197972,1789636813348659454,2934660875360394,20064
front,1981,1789636813347410517,1789636813447637740,2934660974339052,19968
rear,1987,1789636813347353610,1789636813448164520,2934660974865398,19968
front,1982,1789636813447388770,1789636813547624616,2934661074326054,20064
rear,1988,1789636813447149335,1789636813548155107,2934661074856107,19968
front,1983,1789636813547437250,1789636813648292786,2934661174994227,19968
rear,1989,1789636813547198668,1789636813648838225,2934661175539159,20160
front,1984,1789636813647431401,1789636813747645832,2934661274347313,20064
rear,1990,1789636813647489814,1789636813748162653,2934661274863596,19872
front,1985,1789636813747497772,1789636813847390662,2934661374091854,19968
rear,1991,1789636813747185178,1789636813847963742,2934661374664646,19968
front,1986,1789636813847482562,1789636813947562586,2934661474264165,20064
rear,1992,1789636813847118024,1789636813948142868,2934661474843855,19968
front,1987,1789636813947494796,1789636814047466088,2934661574167334,19968
rear,1993,1789636813947073830,1789636814048000317,2934661574701232,20064
front,1988,1789636814047554676,1789636814148165367,2934661674866824,19968
rear,1994,1789636814047145925,1789636814148712483,2934661675413380,20064
front,1989,1789636814147400188,1789636814248344239,2934661775045728,19968
rear,1995,1789636814147286278,1789636814248870041,2934661775570970,20064
front,1990,1789636814247382383,1789636814347655235,2934661874356336,20064
rear,1996,1789636814247464640,1789636814348179956,2934661874880908,19872
front,1991,1789636814347452702,1789636814448173514,2934661974874872,19968
rear,1997,1789636814347072635,1789636814448716729,2934661975417649,20160
front,1992,1789636814447376463,1789636814548363757,2934662075065014,19968
rear,1998,1789636814447428680,1789636814548898694,2934662075599609,19968
front,1993,1789636814547348271,1789636814647480999,2934662174182306,20064
rear,1999,1789636814547432107,1789636814648001502,2934662174702409,19872
front,1994,1789636814647452029,1789636814748183842,2934662274885565,19968
rear,2000,1789636814647171621,1789636814748715420,2934662275416380,20160
front,1995,1789636814747358766,1789636814847677876,2934662374379013,20064
rear,2001,1789636814747437979,1789636814848188173,2934662374889108,19872
front,1996,1789636814847500132,1789636814947411285,2934662474112481,19968
rear,2002,1789636814847161351,1789636814947971058,2934662474672058,19968
front,1997,1789636814947425653,1789636815048056424,2934662574757634,19968
rear,2003,1789636814947050332,1789636815048582544,2934662575283567,20160
front,1998,1789636815047366657,1789636815148233967,2934662674935196,19968
rear,2004,1789636815047387478,1789636815148744293,2934662675445208,19968
front,1999,1789636815147332043,1789636815248171320,2934662774872586,20064
rear,2005,1789636815147394405,1789636815248714267,2934662775415179,19968
front,2000,1789636815247404339,1789636815347610122,2934662874311583,20064
rear,2006,1789636815247334692,1789636815348164031,2934662874864960,19968
front,2001,1789636815347474574,1789636815447281037,2934662973982543,19968
rear,2007,1789636815347195209,1789636815447818571,2934662974519517,19968
front,2002,1789636815447416272,1789636815548257895,2934663074959348,19968
rear,2008,1789636815447135737,1789636815549003447,2934663075704471,20064
front,2003,1789636815547406192,1789636815647702572,2934663174403898,20064
rear,2009,1789636815547297290,1789636815648257746,2934663174958666,19872
front,2004,1789636815647455954,1789636815747637647,2934663274339367,19968
rear,2010,1789636815647041060,1789636815748375575,2934663275076607,20064
front,2005,1789636815747398755,1789636815848227371,2934663374932805,19968
rear,2011,1789636815747094340,1789636815848729658,2934663375430602,20064
front,2006,1789636815847334884,1789636815947757305,2934663474458764,20064
rear,2012,1789636815847254869,1789636815948258022,2934663474959028,19968
front,2007,1789636815947432394,1789636816048139369,2934663574840838,19968
rear,2013,1789636815947127273,1789636816048680199,2934663575381180,20064
front,2008,1789636816047326213,1789636816148262884,2934663674964415,19968
rear,2014,1789636816047307397,1789636816148978109,2934663675679091,19968
front,2009,1789636816147302072,1789636816248125833,2934663774827106,20064
rear,2015,1789636816147269777,1789636816248860529,2934663775561507,19968
front,2010,1789636816247350791,1789636816347601421,2934663874302617,20064
rear,2016,1789636816247205350,1789636816348141553,2934663874842489,19968
front,2011,1789636816347430621,1789636816448186515,2934663974887622,19872
rear,2017,1789636816347091987,1789636816448747118,2934663975448093,20160
front,2012,1789636816447274739,1789636816548264352,2934664074965523,20064
rear,2018,1789636816447329347,1789636816548786291,2934664075487227,19968
front,2013,1789636816547358599,1789636816647996866,2934664174698437,19968
rear,2019,1789636816547229536,1789636816648506685,2934664175207652,19968
front,2014,1789636816647319337,1789636816748458328,2934664275159613,20064
rear,2020,1789636816647233018,1789636816749122851,2934664275823840,20064
front,2015,1789636816747416498,1789636816848156219,2934664374857543,19968
rear,2021,1789636816747347469,1789636816848681047,2934664375381961,19968
front,2016,1789636816847363541,1789636816948245975,2934664474947631,20064
rear,2022,1789636816847197346,1789636816948785984,2934664475486835,20064
front,2017,1789636816947416573,1789636817048101788,2934664574802929,19968
rear,2023,1789636816947363762,1789636817048619870,2934664575320763,19872
front,2018,1789636817047366621,1789636817148007948,2934664674709021,19968
rear,2024,1789636817047174619,1789636817148519372,2934664675220316,20064
front,2019,1789636817147290835,1789636817247747872,2934664774449142,20064
rear,2025,1789636817147269570,1789636817248256092,2934664774957063,19872
front,2020,1789636817247433267,1789636817348104257,2934664874805640,19968
rear,2026,1789636817247003092,1789636817348638400,2934664875339475,20160
front,2021,1789636817347290685,1789636817448126966,2934664974828111,19968
rear,2027,1789636817347324281,1789636817448661612,2934664975362520,19968
front,2022,1789636817447298694,1789636817548010784,2934665074712154,20064
rear,2028,1789636817447245366,1789636817548557010,2934665075257941,19968
front,2023,1789636817547344901,1789636817648182034,2934665174884513,19968
rear,2029,1789636817547183124,1789636817648682426,2934665175383379,20064
front,2024,1789636817647259117,1789636817748177009,2934665274878541,20064
rear,2030,1789636817647312971,1789636817748684849,2934665275385815,19968
front,2025,1789636817747388750,1789636817848049121,2934665374750849,19968
rear,2031,1789636817747174880,1789636817848594989,2934665375295837,20064
front,2026,1789636817847342138,1789636817948080427,2934665474781915,19968
rear,2032,1789636817847276690,1789636817948653760,2934665475354703,19872
front,2027,1789636817947254575,1789636818048259214,2934665574960765,20064
rear,2033,1789636817947156181,1789636818048804813,2934665575505810,20064
front,2028,1789636818047358603,1789636818148084088,2934665674785353,19968
rear,2034,1789636818047252259,1789636818148618656,2934665675319509,19968
front,2029,1789636818147274346,1789636818247876448,2934665774577569,20064
rear,2035,1789636818147167968,1789636818248458720,2934665775159759,19968
front,2030,1789636818247345600,1789636818348298073,2934665874999355,19968
rear,2036,1789636818247024241,1789636818348882510,2934665875583374,20064
front,2031,1789636818347330332,1789636818448079907,2934665974781226,20064
rear,2037,1789636818347182017,1789636818448640103,2934665975340999,19872
front,2032,1789636818447325709,1789636818548232481,2934666074933571,19872
rear,2038,1789636818446914742,1789636818548770616,2934666075471508,20160
front,2033,1789636818547220306,1789636818648620559,2934666175321879,20064
rear,2039,1789636818547199005,1789636818649168347,2934666175869377,19968
front,2034,1789636818647250090,1789636818748210511,2934666274911581,19968
rear,2040,1789636818647197832,1789636818748747813,2934666275448805,20064
front,2035,1789636818747219697,1789636818848700956,2934666375402031,20064
rear,2041,1789636818747241468,1789636818849222211,2934666375923270,19968
front,2036,1789636818847284597,1789636818948194390,2934666474895682,19968
rear,2042,1789636818847253906,1789636818948726137,2934666475427077,19968
front,2037,1789636818947227299,1789636819047746054,2934666574447462,20064
rear,2043,1789636818947172994,1789636819048287647,2934666574988564,19872
front,2038,1789636819047328005,1789636819148288042,2934666674989459,19968
rear,2044,1789636819046954914,1789636819148860155,2934666675561138,20160
front,2039,1789636819147240031,1789636819247726975,2934666774428413,20064
rear,2045,1789636819147261511,1789636819248244511,2934666774945559,19872
front,2040,1789636819247385072,1789636819348021317,2934666874722735,19968
rear,2046,1789636819246923024,1789636819348575655,2934666875276621,20064
front,2041,1789636819347302449,1789636819448038797,2934666974740296,19968
rear,2047,1789636819347112901,1789636819448576136,2934666975277062,19968
front,2042,1789636819447248970,1789636819548115773,2934667074816957,19968
rear,2048,1789636819447083083,1789636819548636962,2934667075337866,20064
front,2043,1789636819547176715,1789636819648213833,2934667174915030,20064
rear,2049,1789636819547208605,1789636819648714221,2934667175415063,19968
front,2044,1789636819647188519,1789636819747914966,2934667274616190,19968
rear,2050,1789636819647151324,1789636819748433970,2934667275134875,20064
front,2045,1789636819747249464,1789636819848192388,2934667374893896,19968
rear,2051,1789636819747111994,1789636819848725741,2934667375426653,19968
front,2046,1789636819847170885,1789636819948428435,2934667475129992,20064
rear,2052,1789636819847242557,1789636819949127588,2934667475828614,19968
front,2047,1789636819947157734,1789636820048151185,2934667574852431,19968
rear,2053,1789636819947131924,1789636820048700076,2934667575401008,20064
front,2048,1789636820047192119,1789636820147722308,2934667674423403,20064
rear,2054,1789636820047244724,1789636820148240543,2934667674941464,19872
front,2049,1789636820147250406,1789636820247979539,2934667774681184,19968
rear,2055,1789636820146878889,1789636820248499184,2934667775200132,20064
front,2050,1789636820247167850,1789636820348151908,2934667874853407,20064
rear,2056,1789636820247146607,1789636820348689143,2934667875390204,19968
front,2051,1789636820347303793,1789636820447836707,2934667974537849,19968
rear,2057,1789636820347066962,1789636820448360033,2934667975060998,20064
front,2052,1789636820447242255,1789636820548029675,2934668074731022,19968
rear,2058,1789636820447069991,1789636820548547892,2934668075248802,19872
front,2053,1789636820547234918,1789636820648074765,2934668174776164,19968
rear,2059,1789636820547063381,1789636820648623887,2934668175329174,20064
front,2054,1789636820647139899,1789636820748265021,2934668274966396,20064
rear,2060,1789636820647241060,1789636820748763712,2934668275464635,20064
front,2055,1789636820747241699,1789636820848146679,2934668374847991,19968
rear,2061,1789636820747186070,1789636820848689688,2934668375390609,19968
front,2056,1789636820847151558,1789636820947891148,2934668474592661,19968
rear,2062,1789636820847177098,1789636820948392538,2934668475093453,19872
front,2057,1789636820947164226,1789636821048220819,2934668574922003,20064
rear,2063,1789636820947069323,1789636821048742853,2934668575443781,20064
front,2058,1789636821047283799,1789636821147663691,2934668674365092,20064
rear,2064,1789636821047169734,1789636821148228819,2934668674929795,19968
front,2059,1789636821147275954,1789636821247881350,2934668774582685,19968
rear,2065,1789636821146968802,1789636821248397482,2934668775098412,19968
front,2060,1789636821247327022,1789636821348041496,2934668874742986,19968
rear,2066,1789636821247073627,1789636821348577761,2934668875278686,20064
front,2061,1789636821347182596,1789636821448131386,2934668974832981,19968
rear,2067,1789636821347204359,1789636821448642447,2934668975343426,20064
front,2062,1789636821447119386,1789636821548094390,2934669074795470,19968
rear,2068,1789636821447176280,1789636821548589472,2934669075290412,19968
front,2063,1789636821547141520,1789636821647924010,2934669174625211,20064
rear,2069,1789636821547168928,1789636821648429639,2934669175130569,19968
front,2064,1789636821647157632,1789636821747780116,2934669274481257,19968
rear,2070,1789636821647055884,1789636821748257310,2934669274958246,19968
front,2065,1789636821747126172,1789636821848333236,2934669375034596,20064
rear,2071,1789636821747046195,1789636821849010514,2934669375711484,20064
front,2066,1789636821847274439,1789636821948021558,2934669474722843,20064
rear,2072,1789636821847141523,1789636821948711489,2934669475412500,19872
front,2067,1789636821947213770,1789636822047788271,2934669574489604,19968
rear,2073,1789636821946844585,1789636822048509024,2934669575210005,19968
front,2068,1789636822047171729,1789636822147562052,2934669674263732,19968
rear,2074,1789636822046811480,1789636822148104919,2934669674805848,20064
front,2069,1789636822146693734,1789636822248458605,2934669775159969,19968
rear,2075,1789636822146949679,1789636822249161653,2934669775862672,20064
front,2070,1789636822247156528,1789636822347776979,2934669874478075,20064
rear,2076,1789636822247115993,1789636822348316236,2934669875017226,19968
front,2071,1789636822347173153,1789636822447857128,2934669974558484,19968
rear,2077,1789636822346912239,1789636822448410260,2934669975111222,19968
front,2072,1789636822446750048,1789636822548247485,2934670074949373,19872
front,2073,1789636822547254035,1789636822647868475,2934670174569854,20160
rear,2078,1789636822547193002,1789636822648376357,2934670175077262,19776
front,2074,1789636822647129252,1789636822747412761,2934670274114113,19872
rear,2079,1789636822646824230,1789636822747939768,2934670274640673,20064
front,2075,1789636822746623244,1789636822848121391,2934670374822498,19872
rear,2080,1789636822746882489,1789636822848735993,2934670375437114,20064
front,2076,1789636822847108583,1789636822948128002,2934670474829320,20064
rear,2081,1789636822847130280,1789636822948690401,2934670475391510,19968
front,2077,1789636822947217937,1789636823047910488,2934670574611618,19968
rear,2082,1789636822947067760,1789636823048495814,2934670575196750,20064
front,2078,1789636823047181140,1789636823147948943,2934670674650169,19968
rear,2083,1789636823047089058,1789636823148480935,2934670675181869,19968
front,2079,1789636823147202402,1789636823247770118,2934670774471400,19872
rear,2084,1789636823147085407,1789636823248311790,2934670775012714,19968
front,2080,1789636823247061437,1789636823348001831,2934670874703108,20160
rear,2085,1789636823247005484,1789636823348539956,2934670875240878,20064
front,2081,1789636823347163516,1789636823447911343,2934670974612809,19872
rear,2086,1789636823347072827,1789636823448426261,2934670975127227,19968
front,2082,1789636823447068111,1789636823547847113,2934671074548334,20064
rear,2087,1789636823446991581,1789636823548418318,2934671075119249,19968
front,2083,1789636823547168673,1789636823647828405,2934671174529836,19968
rear,2088,1789636823546983941,1789636823648364717,2934671175065825,20064
front,2084,1789636823647215801,1789636823747903430,2934671274605102,19968
rear,2089,1789636823647065667,1789636823748431619,2934671275132648,19968
front,2085,1789636823747088298,1789636823848035406,2934671374736665,20064
rear,2090,1789636823746965032,1789636823848556292,2934671375257252,20064
front,2086,1789636823847187393,1789636823947966030,2934671474667502,20064
rear,2091,1789636823847145789,1789636823948506627,2934671475207526,19968
front,2087,1789636823947223763,1789636824047835729,2934671574537193,19872
rear,2092,1789636823947013589,1789636824048393335,2934671575094302,20064
front,2088,1789636824047141597,1789636824147867565,2934671674569205,19968
rear,2093,1789636824047120194,1789636824148389661,2934671675090551,19872
front,2089,1789636824147134199,1789636824247884171,2934671774585552,20064
rear,2094,1789636824146942795,1789636824248451259,2934671775152219,20064
front,2090,1789636824247071162,1789636824347917121,2934671874618610,19968
rear,2095,1789636824246953044,1789636824348437351,2934671875138293,19968
front,2091,1789636824347104369,1789636824447877121,2934671974578489,20064
rear,2096,1789636824346938590,1789636824448381294,2934671975082249,20064
front,2092,1789636824447200866,1789636824547938882,2934672074640409,19968
rear,2097,1789636824447041526,1789636824548650593,2934672075351577,19968
front,2093,1789636824547101816,1789636824647729899,2934672174430982,19968
rear,2098,1789636824546977340,1789636824648245902,2934672174946810,20064
front,2094,1789636824647052942,1789636824747887518,2934672274588667,19968
rear,2099,1789636824647031231,1789636824748377629,2934672275078633,19968
front,2095,1789636824747032883,1789636824848177954,2934672374879481,20064
rear,2100,1789636824747011881,1789636824848911950,2934672375612955,19968
front,2096,1789636824847072272,1789636824947807629,2934672474509148,19968
rear,2101,1789636824847003821,1789636824948401059,2934672475101979,20064
front,2097,1789636824947044669,1789636825048006271,2934672574708154,20064
rear,2102,1789636824947002779,1789636825048574811,2934672575275715,19968
front,2098,1789636825047154778,1789636825147777140,2934672674478294,19968
rear,2103,1789636825047063165,1789636825148269644,2934672674970551,20064
front,2099,1789636825147113876,1789636825247904639,2934672774606268,20064
rear,2104,1789636825147092809,1789636825248425062,2934672775125971,19872
front,2100,1789636825247157994,1789636825347770491,2934672874471694,19968
rear,2105,1789636825246911828,1789636825348273386,2934672874974330,20064
front,2101,1789636825347094337,1789636825447832159,2934672974533609,19968
rear,2106,1789636825347051713,1789636825448352876,2934672975053794,19968
front,2102,1789636825447033863,1789636825547745668,2934673074447417,20064
rear,2107,1789636825446959281,1789636825548272858,2934673074973798,20064
front,2103,1789636825547156759,1789636825647924313,2934673174625741,19968
rear,2108,1789636825546912639,1789636825648470583,2934673175171601,19968
front,2104,1789636825647060395,1789636825747756067,2934673274457762,19968
rear,2109,1789636825647007843,1789636825748270444,2934673274971450,19968
front,2105,1789636825747002470,1789636825847942885,2934673374644045,20064
rear,2110,1789636825746981057,1789636825848484426,2934673375185501,20064
front,2106,1789636825847074779,1789636825947934413,2934673474635763,19968
rear,2111,1789636825847021575,1789636825948460890,2934673475161876,19968
front,2107,1789636825947023533,1789636826047644692,2934673574346019,19968
rear,2112,1789636825947044981,1789636826048137463,2934673574838383,19968
front,2108,1789636826047006628,1789636826147913587,2934673674615102,20064
rear,2113,1789636826046878051,1789636826148442376,2934673675143430,20064
front,2109,1789636826147045271,1789636826247840539,2934673774541677,19968
rear,2114,1789636826147066620,1789636826248434734,2934673775135758,19968
front,2110,1789636826246970916,1789636826347963072,2934673874664577,20064
rear,2115,1789636826246942894,1789636826348481982,2934673875182958,19968
front,2111,1789636826347082472,1789636826447751816,2934673974453241,19968
rear,2116,1789636826346930443,1789636826448260566,2934673974961482,20064
front,2112,1789636826447042312,1789636826548031849,2934674074733177,20064
rear,2117,1789636826446983824,1789636826548545314,2934674075246229,20064
front,2113,1789636826547139978,1789636826647921732,2934674174623182,19968
rear,2118,1789636826547028402,1789636826648432620,2934674175133704,19968
front,2114,1789636826647130050,1789636826747683129,2934674274384505,19968
rear,2119,1789636826646989404,1789636826748163233,2934674274864194,19968
front,2115,1789636826746983846,1789636826847774992,2934674374476173,20064
rear,2120,1789636826746925461,1789636826848287447,2934674374988370,19968
front,2116,1789636826847153348,1789636826947772425,2934674474473675,19968
rear,2121,1789636826846905391,1789636826948340952,2934674475041915,20064
front,2117,1789636826947003836,1789636827047823634,2934674574524874,19968
rear,2122,1789636826946971999,1789636827048352049,2934674575053085,19968
front,2118,1789636827046952143,1789636827147772975,2934674674474340,20064
rear,2123,1789636827046848323,1789636827148278157,2934674674979163,19968
front,2119,1789636827147109087,1789636827247783804,2934674774485322,19968
rear,2124,1789636827146911483,1789636827248330326,2934674775031326,20064
front,2120,1789636827246985570,1789636827347857070,2934674874558376,19968
rear,2125,1789636827247007070,1789636827348415889,2934674875116812,19968
front,2121,1789636827346949471,1789636827447754203,2934674974455451,20064
rear,2126,1789636827346928249,1789636827448234047,2934674974935036,19968
front,2122,1789636827447030040,1789636827547692231,2934675074393430,19968
rear,2127,1789636827446886349,1789636827548237197,2934675074938126,20064
front,2123,1789636827546978137,1789636827647944178,2934675174645614,20064
rear,2128,1789636827546925876,1789636827648473333,2934675175174297,19968
front,2124,1789636827647117691,1789636827747684289,2934675274385713,19968
rear,2129,1789636827646872233,1789636827748194167,2934675274895167,19968
front,2125,1789636827747041133,1789636827847629334,2934675374330591,19968
rear,2130,1789636827746858726,1789636827848118931,2934675374819925,20064
front,2126,1789636827846926559,1789636827947935076,2934675474636512,20064
rear,2131,1789636827846947506,1789636827948491494,2934675475192423,20064
front,2127,1789636827947065001,1789636828047707182,2934675574408587,19968
rear,2132,1789636827946948427,1789636828048237441,2934675574938383,19872
front,2128,1789636828046916918,1789636828147657024,2934675674358570,19968
rear,2133,1789636828046844538,1789636828148159541,2934675674860546,20064
front,2129,1789636828146914138,1789636828247905470,2934675774607041,20064
rear,2134,1789636828146943598,1789636828248448747,2934675775149692,19968
front,2130,1789636828246998734,1789636828347726335,2934675874427494,19968
rear,2135,1789636828246877939,1789636828348228615,2934675874929597,20064
front,2131,1789636828346965949,1789636828447995506,2934675974696649,20064
rear,2136,1789636828346944448,1789636828448522907,2934675975223863,19968
front,2132,1789636828447044773,1789636828547713900,2934676074415128,19968
rear,2137,1789636828446889621,1789636828548436788,2934676075137857,19968
front,2133,1789636828546988551,1789636828647677208,2934676174378575,19968
rear,2138,1789636828546822202,1789636828648169117,2934676174870029,20064
front,2134,1789636828646905366,1789636828747991012,2934676274692179,20064
rear,2139,1789636828646942659,1789636828748531068,2934676275231991,19968
front,2135,1789636828746969396,1789636828847854452,2934676374555794,19968
rear,2140,1789636828746892324,1789636828848551990,2934676375253051,20064
front,2136,1789636828846925223,1789636828947997184,2934676474698216,20064
rear,2141,1789636828846969433,1789636828948548658,2934676475249609,19968
front,2137,1789636828947025981,1789636829047748759,2934676574450168,19968
rear,2142,1789636828946934371,1789636829048509031,2934676575210046,19968
front,2138,1789636829046947467,1789636829147661725,2934676674362942,19968
rear,2143,1789636829046925746,1789636829148403738,2934676675104754,19968
front,2139,1789636829146881967,1789636829247712396,2934676774413887,20064
rear,2144,1789636829146853493,1789636829248446140,2934676775147132,19968
front,2140,1789636829247027308,1789636829347759555,2934676874460955,19968
rear,2145,1789636829246797609,1789636829348750746,2934676875451887,20064
front,2141,1789636829346920205,1789636829448298567,2934676974999794,20064
rear,2146,1789636829346898958,1789636829448900125,2934676975601055,19968
front,2142,1789636829447021627,1789636829547849091,2934677074550465,19968
rear,2147,1789636829446817683,1789636829548375478,2934677075076458,19968
front,2143,1789636829546945434,1789636829647635926,2934677174337230,19968
rear,2148,1789636829546828928,1789636829648168615,2934677174869536,20064
front,2144,1789636829646890784,1789636829747900293,2934677274601495,20064
rear,2149,1789636829646869324,1789636829748418228,2934677275119137,19968
front,2145,1789636829747010956,1789636829847679551,2934677374380931,19968
rear,2150,1789636829746849896,1789636829848192572,2934677374893486,20064
front,2146,1789636829846934352,1789636829947980655,2934677474681998,20064
rear,2151,1789636829846875734,1789636829948539249,2934677475240184,20064
front,2147,1789636829947001208,1789636830047833769,2934677574535469,19968
rear,2152,1789636829947522073,1789636830048365606,2934677575066532,19872
front,2148,1789636830047000282,1789636830147553618,2934677674254729,19968
rear,2153,1789636830046884631,1789636830148043533,2934677674744571,19968
front,2149,1789636830146911989,1789636830247867142,2934677774568684,20064
rear,2154,1789636830146796420,1789636830248423544,2934677775124445,20064
front,2150,1789636830246992026,1789636830347738911,2934677874440100,19968
rear,2155,1789636830246925053,1789636830348231677,2934677874932627,20064
front,2151,1789636830346916387,1789636830447661418,2934677974362886,19968
rear,2156,1789636830347570914,1789636830448175578,2934677974876589,19872
front,2152,1789636830446901628,1789636830547667063,2934678074368762,20064
rear,2157,1789636830446752642,1789636830548189021,2934678074889951,19968
front,2153,1789636830547021912,1789636830647539865,2934678174241137,19968
rear,2158,1789636830546822704,1789636830648036262,2934678174737180,19968
front,2154,1789636830646909699,1789636830747650800,2934678274352426,19968
rear,2159,1789636830646783655,1789636830748169614,2934678274870540,20064
front,2155,1789636830746848334,1789636830847798434,2934678374499906,20064
rear,2160,1789636830746919419,1789636830848317790,2934678375018683,19968
front,2156,1789636830847001519,1789636830947451874,2934678474153093,19968
rear,2161,1789636830846722954,1789636830947977105,2934678474677985,19968
front,2157,1789636830946915284,1789636831047467562,2934678574168844,19968
rear,2162,1789636830946724885,1789636831047997293,2934678574698206,19968
front,2158,1789636831046879434,1789636831147594452,2934678674295709,20064
rear,2163,1789636831046734007,1789636831148097414,2934678674798262,19968
front,2159,1789636831146957154,1789636831247649289,2934678774350750,19968
rear,2164,1789636831146709602,1789636831248185360,2934678774886291,20160
front,2160,1789636831246897031,1789636831347721872,2934678874423094,19968
rear,2165,1789636831246918127,1789636831348231007,2934678874931954,19872
front,2161,1789636831346863662,1789636831447700027,2934678974401450,20064
rear,2166,1789636831346764471,1789636831448205806,2934678974906744,20064
front,2162,1789636831446928018,1789636831547679869,2934679074381091,19968
rear,2167,1789636831446820147,1789636831548205856,2934679074906774,19968
front,2163,1789636831546832520,1789636831647527294,2934679174228564,19968
rear,2168,1789636831546728242,1789636831648097325,2934679174798245,19968
front,2164,1789636831646846224,1789636831747609058,2934679274310595,20064
rear,2169,1789636831646729492,1789636831748126985,2934679274828080,20064
front,2165,1789636831746894498,1789636831847589344,2934679374290910,19968
rear,2170,1789636831746748093,1789636831848129991,2934679374830958,19968
front,2166,1789636831846822761,1789636831947562616,2934679474264005,20064
rear,2171,1789636831846703432,1789636831948120700,2934679474821656,19968
front,2167,1789636831946897099,1789636832047649477,2934679574350839,20064
rear,2172,1789636831946733494,1789636832048179867,2934679574880761,20064
front,2168,1789636832046946692,1789636832147757501,2934679674458872,19968
rear,2173,1789636832046819255,1789636832148252704,2934679674953650,20064
front,2169,1789636832146952430,1789636832247586868,2934679774288285,19968
rear,2174,1789636832146855123,1789636832248141501,2934679774842498,19872
front,2170,1789636832246850816,1789636832347585131,2934679874286397,19968
rear,2175,1789636832246681744,1789636832348125958,2934679874826925,20064
front,2171,1789636832346924486,1789636832447757125,2934679974458683,20064
rear,2176,1789636832346813992,1789636832448284992,2934679974985924,19968
front,2172,1789636832446875347,1789636832547537147,2934680074238558,19872
rear,2177,1789636832446671764,1789636832548068722,2934680074769632,20064
front,2173,1789636832546898029,1789636832647678301,2934680174379488,20064
rear,2178,1789636832546856632,1789636832648185719,2934680174886649,19872
front,2174,1789636832646644256,1789636832747465017,2934680274166425,19872
rear,2179,1789636832646567236,1789636832747957932,2934680274658878,20064
front,2175,1789636832746786371,1789636832847551643,2934680374252941,19968
rear,2180,1789636832746759055,1789636832848076137,2934680374777050,19968
front,2176,1789636832846871828,1789636832947556039,2934680474257763,19968
rear,2181,1789636832846683481,1789636832948084019,2934680474784898,20064
front,2177,1789636832946824336,1789636833047688661,2934680574389915,20064
rear,2182,1789636832946782282,1789636833048183490,2934680574884440,19968
front,2178,1789636833046910912,1789636833147424225,2934680674125670,19872
rear,2183,1789636833046687703,1789636833147926278,2934680674627261,19968
front,2179,1789636833146819459,1789636833247592331,2934680774293581,19968
rear,2184,1789636833146673681,1789636833248117500,2934680774818465,20064
front,2180,1789636833246873515,1789636833347750316,2934680874451375,20064
rear,2185,1789636833246808917,1789636833348269360,2934680874970272,19968
front,2181,1789636833346827544,1789636833447395994,2934680974097162,19968
rear,2186,1789636833346721142,1789636833447929151,2934680974630074,19968
front,2182,1789636833446848962,1789636833547600615,2934681074302218,19968
rear,2187,1789636833446640732,1789636833548154948,2934681074855873,20064
front,2183,1789636833546822742,1789636833647647287,2934681174348670,19968
rear,2188,1789636833546801143,1789636833648163104,2934681174864037,19968
front,2184,1789636833646785803,1789636833747620599,2934681274322156,20064
rear,2189,1789636833646720543,1789636833748161371,2934681274862291,20064
front,2185,1789636833746859968,1789636833847609841,2934681374310930,19968
rear,2190,1789636833746742778,1789636833848129604,2934681374830485,19968
front,2186,1789636833846893452,1789636833947461539,2934681474162871,19968
rear,2191,1789636833846677441,1789636833948006723,2934681474707661,19968
front,2187,1789636833946807620,1789636834047603538,2934681574305070,20064
rear,2192,1789636833946694115,1789636834048155483,2934681574856447,20064
front,2188,1789636834046812198,1789636834147674099,2934681674375671,19872
rear,2193,1789636834046709084,1789636834148229529,2934681674930494,19968
rear,2194,1789636834146731669,1789636834247989191,2934681774690385,19968
front,2189,1789636834246899810,1789636834347514925,2934681874216623,19872
rear,2195,1789636834246619747,1789636834348052349,2934681874753368,20064
front,2190,1789636834346719430,1789636834447700261,2934681974401466,20064
rear,2196,1789636834346697731,1789636834448188579,2934681974889452,19968
front,2191,1789636834446776511,1789636834547624401,2934682074325776,19968
rear,2197,1789636834446619147,1789636834548193413,2934682074894408,19968
front,2192,1789636834546730595,1789636834647875802,2934682174577099,20064
rear,2198,1789636834546619358,1789636834648432978,2934682175133839,20064
front,2193,1789636834646835688,1789636834747705518,2934682274407009,19968
rear,2199,1789636834646698368,1789636834748247493,2934682274948483,20064
front,2194,1789636834746787064,1789636834847569766,2934682374271033,19968
rear,2200,1789636834746765885,1789636834848146245,2934682374847168,19872
front,2195,1789636834846705936,1789636834947637207,2934682474338515,20064
rear,2201,1789636834846601413,1789636834948231070,2934682474932075,20064
front,2196,1789636834946808419,1789636835047630193,2934682574331551,19968
rear,2202,1789636834946676069,1789636835048166820,2934682574867793,19968
front,2197,1789636835046742329,1789636835147607902,2934682674309095,19968
rear,2203,1789636835046650660,1789636835148151807,2934682674852705,20064
front,2198,1789636835146682822,1789636835247758181,2934682774459477,20064
rear,2204,1789636835146800326,1789636835248297286,2934682774998201,19968
front,2199,1789636835246733623,1789636835347492671,2934682874194022,19968
rear,2205,1789636835246619569,1789636835348039998,2934682874740945,20064
front,2200,1789636835346742369,1789636835447653356,2934682974354552,19968
rear,2206,1789636835346763856,1789636835448218008,2934682974918973,19968
front,2201,1789636835446673714,1789636835547585558,2934683074286790,20064
rear,2207,1789636835446744564,1789636835548107062,2934683074807969,19968
front,2202,1789636835546696980,1789636835647395047,2934683174096636,19968
rear,2208,1789636835546718458,1789636835647918691,2934683174619566,20064
front,2203,1789636835646682929,1789636835747777943,2934683274479309,20064
rear,2209,1789636835646704446,1789636835748275557,2934683274976498,19968
front,2204,1789636835746729373,1789636835847438168,2934683374139383,19968
rear,2210,1789636835746789802,1789636835847974393,2934683374675307,19968
front,2205,1789636835846717331,1789636835947549751,2934683474251177,20064
rear,2211,1789636835846695630,1789636835948128017,2934683474829070,19968
front,2206,1789636835946746463,1789636836047482505,2934683574183661,19968
rear,2212,1789636835946626226,1789636836047998251,2934683574699189,20064
front,2207,1789636836046767806,1789636836147617756,2934683674319226,20064
rear,2213,1789636836046714357,1789636836148134260,2934683674835283,19968
front,2208,1789636836146835444,1789636836247539572,2934683774241085,19872
rear,2214,1789636836146610008,1789636836248109834,2934683774810805,20064
front,2209,1789636836246647319,1789636836347804486,2934683874505946,20064
rear,2215,1789636836246687255,1789636836348351882,2934683875052885,19968
front,2210,1789636836346694946,1789636836447532449,2934683974233971,20064
rear,2216,1789636836346716296,1789636836448088275,2934683974789216,19968
front,2211,1789636836446822989,1789636836547357681,2934684074059191,19968
rear,2217,1789636836446642083,1789636836547906636,2934684074607558,20064
front,2212,1789636836546740023,1789636836647801967,2934684174503091,19968
rear,2218,1789636836546621624,1789636836648314634,2934684175015524,20064
front,2213,1789636836646700273,1789636836747805227,2934684274506602,20064
rear,2219,1789636836646814771,1789636836748344893,2934684275045891,19968
front,2214,1789636836746772061,1789636836847472455,2934684374173614,19968
rear,2220,1789636836746695169,1789636836847983092,2934684374684024,19968
front,2215,1789636836846700050,1789636836947456001,2934684474157218,19968
rear,2221,1789636836846604569,1789636836948031142,2934684474732084,19968
front,2216,1789636836946660167,1789636837047607609,2934684574308710,20064
rear,2222,1789636836946625865,1789636837048125796,2934684574826701,20064
front,2217,1789636837046789529,1789636837147614466,2934684674315739,19968
rear,2223,1789636837046761704,1789636837148129425,2934684674830403,20064
front,2218,1789636837146671551,1789636837247483335,2934684774184500,19968
rear,2224,1789636837146765347,1789636837247992189,2934684774693152,19872
front,2219,1789636837246642938,1789636837347626313,2934684874327825,20064
rear,2225,1789636837246621405,1789636837348136978,2934684874837933,20064
front,2220,1789636837346737720,1789636837447862506,2934684974563677,19968
rear,2226,1789636837346758095,1789636837448403622,2934684975104561,20064
front,2221,1789636837446629999,1789636837547693223,2934685074394668,20064
rear,2227,1789636837446818214,1789636837548199196,2934685074900079,19872
front,2222,1789636837546793507,1789636837647396877,2934685174098135,19968
rear,2228,1789636837546615707,1789636837647950180,2934685174651235,20064
front,2223,1789636837646662837,1789636837747584672,2934685274286204,19968
rear,2229,1789636837646641364,1789636837748099244,2934685274800216,19968
front,2224,1789636837746630439,1789636837847797323,2934685374498797,20064
rear,2230,1789636837746603240,1789636837848332247,2934685375033232,20064
front,2225,1789636837846716636,1789636837947714027,2934685474415539,19968
rear,2231,1789636837846788984,1789636837948264232,2934685474965121,19968
front,2226,1789636837946674117,1789636838047614525,2934685574315833,20064
rear,2232,1789636837946757509,1789636838048101158,2934685574802124,20064
front,2227,1789636838046733894,1789636838147624838,2934685674326353,19968
rear,2233,1789636838046712845,1789636838148151282,2934685674852210,19968
front,2228,1789636838146715100,1789636838247662546,2934685774364080,20064
rear,2234,1789636838146649174,1789636838248167952,2934685774868857,19968
front,2229,1789636838246731611,1789636838347623183,2934685874324434,19968
rear,2235,1789636838246710254,1789636838348149363,2934685874850228,20064
front,2230,1789636838346744225,1789636838447751639,2934685974452679,19968
rear,2236,1789636838346832352,1789636838448288247,2934685974989247,19968
front,2231,1789636838446605368,1789636838547435594,2934686074136692,20064
rear,2237,1789636838446817887,1789636838547952154,2934686074653054,19968
front,2232,1789636838546695728,1789636838647568941,2934686174270117,19968
rear,2238,1789636838546602353,1789636838648082730,2934686174783640,20064
front,2233,1789636838646646886,1789636838747859418,2934686274561011,19968
rear,2239,1789636838646774503,1789636838748361203,2934686275062155,19968
front,2234,1789636838746575731,1789636838847974193,2934686374675543,20064
rear,2240,1789636838746698565,1789636838848568195,2934686375269216,19968
front,2235,1789636838846695675,1789636838947768678,2934686474470159,19968
rear,2241,1789636838846717573,1789636838948331101,2934686475032039,20064
front,2236,1789636838946619242,1789636839047960068,2934686574661535,19968
rear,2242,1789636838946790027,1789636839048522469,2934686575223460,19968
front,2237,1789636839046587019,1789636839147860522,2934686674561763,20160
rear,2243,1789636839046735242,1789636839148358230,2934686675059159,19968
front,2238,1789636839146748220,1789636839247699582,2934686774400996,19872
rear,2244,1789636839146711336,1789636839248241041,2934686774941945,19968
front,2239,1789636839246616242,1789636839348045984,2934686874747127,20064
rear,2245,1789636839246595393,1789636839348610697,2934686875311583,20064
front,2240,1789636839346697749,1789636839448195716,2934686974897201,20064
rear,2246,1789636839346799264,1789636839448737419,2934686975438438,19968
front,2241,1789636839446796235,1789636839547745356,2934687074446923,19872
rear,2247,1789636839446591839,1789636839548308359,2934687075009299,20064
front,2242,1789636839546588689,1789636839647848126,2934687174549367,20064
rear,2248,1789636839546732195,1789636839648391471,2934687175092450,19968
front,2243,1789636839646682114,1789636839747613511,2934687274314956,20064
rear,2249,1789636839646725214,1789636839748131726,2934687274832713,19968
front,2244,1789636839746732000,1789636839847464092,2934687374165447,19968
rear,2250,1789636839746673798,1789636839848043584,2934687374744575,19968
front,2245,1789636839846704605,1789636839947596648,2934687474297702,19968
rear,2251,1789636839846608368,1789636839948163050,2934687474863930,20064
front,2246,1789636839946661962,1789636840047668629,2934687574369750,19968
rear,2252,1789636839946698622,1789636840048249129,2934687574950099,20064
rear,2253,1789636840047256124,1789636840148448513,2934687675149810,19968
front,2247,1789636840146872686,1789636840247519383,2934687774220659,19872
rear,2254,1789636840147218849,1789636840248071270,2934687774772236,19968
front,2248,1789636840246624801,1789636840347707533,2934687874408709,20064
rear,2255,1789636840246723240,1789636840348252015,2934687874952970,19872
front,2249,1789636840346756683,1789636840447405289,2934687974106583,19968
rear,2256,1789636840346569016,1789636840447957254,2934687974658144,20064
front,2250,1789636840446665396,1789636840547686642,2934688074387800,19968
rear,2257,1789636840446686689,1789636840548218927,2934688074919840,20064
front,2251,1789636840546616593,1789636840647878748,2934688174579845,20064
rear,2258,1789636840546722832,1789636840648399982,2934688175100974,19968
front,2252,1789636840646628749,1789636840747593034,2934688274294915,19968
rear,2259,1789636840646753672,1789636840748189180,2934688274890151,19968
front,2253,1789636840746669576,1789636840847590881,2934688374292367,19968
rear,2260,1789636840746788788,1789636840848160275,2934688374861192,19968
front,2254,1789636840846625443,1789636840947519173,2934688474220511,20064
rear,2261,1789636840846700963,1789636840948089814,2934688474790779,19968
front,2255,1789636840946600688,1789636841047554365,2934688574255702,19968
rear,2262,1789636840946621766,1789636841048110844,2934688574811830,20064
front,2256,1789636841046683990,1789636841147560287,2934688674261497,19968
rear,2263,1789636841047166047,1789636841148116087,2934688674816988,19872
front,2257,1789636841146608064,1789636841247670996,2934688774372210,20064
rear,2264,1789636841146628955,1789636841248188120,2934688774889041,20064
front,2258,1789636841246744350,1789636841347767820,2934688874469148,19968
rear,2265,1789636841246546484,1789636841348291697,2934688874992692,20160
front,2259,1789636841346636933,1789636841447782528,2934688974483804,20064
rear,2266,1789636841347278030,1789636841448289554,2934688974990458,19872
front,2260,1789636841446631657,1789636841547346306,2934689074047414,19968
rear,2267,1789636841446731569,1789636841547877615,2934689074578542,19968
front,2261,1789636841546655536,1789636841647600718,2934689174301999,19968
rear,2268,1789636841546603296,1789636841648119124,2934689174820064,20064
front,2262,1789636841646645261,1789636841747703213,2934689274404476,20064
rear,2269,1789636841646777511,1789636841748193069,2934689274893975,19968
front,2263,1789636841746638498,1789636841847480686,2934689374182130,19872
rear,2270,1789636841746659792,1789636841847988750,2934689374689721,20064
front,2264,1789636841846500065,1789636841947724912,2934689474426204,20064
rear,2271,1789636841846707486,1789636841948254902,2934689474955831,19968
front,2265,1789636841946492624,1789636842047615221,2934689574316624,20064
rear,2272,1789636841946696870,1789636842048174866,2934689574876011,19968
front,2266,1789636842046605016,1789636842147781592,2934689674482759,20064
rear,2273,1789636842046667003,1789636842148306385,2934689675007448,20064
front,2267,1789636842146618316,1789636842247827361,2934689774528539,19968
rear,2274,1789636842146818658,1789636842248377565,2934689775078531,20064
front,2268,1789636842246607995,1789636842347646787,2934689874348565,19968
rear,2275,1789636842247226262,1789636842348176623,2934689874877712,19872
front,2269,1789636842346631363,1789636842447412154,2934689974113777,19968
rear,2276,1789636842346684063,1789636842447967841,2934689974668822,19968
front,2270,1789636842446520953,1789636842547684195,2934690074385723,20064
rear,2277,1789636842446604314,1789636842548216767,2934690074917708,20064
front,2271,1789636842546577668,1789636842647537566,2934690174239089,19776
rear,2278,1789636842546776685,1789636842648055116,2934690174756037,19968
front,2272,1789636842646639495,1789636842747605993,2934690274307442,20256
rear,2279,1789636842646607421,1789636842748146415,2934690274847301,19968
front,2273,1789636842746694220,1789636842847349654,2934690374050837,19776
rear,2280,1789636842746487776,1789636842847860129,2934690374561028,20064
front,2274,1789636842846511899,1789636842947457845,2934690474159238,19872
rear,2281,1789636842846621620,1789636842948007002,2934690474707894,19968
front,2275,1789636842946553632,1789636843047705908,2934690574407370,20064
rear,2282,1789636842946596588,1789636843048279389,2934690574980375,20064
front,2276,1789636843046580217,1789636843147647757,2934690674349306,19968
rear,2283,1789636843046766974,1789636843148203956,2934690674904893,19968
front,2277,1789636843146619033,1789636843247420653,2934690774122153,19968
rear,2284,1789636843146650924,1789636843247937839,2934690774638774,19968
front,2278,1789636843246547306,1789636843347542119,2934690874243505,19968
rear,2285,1789636843246644365,1789636843348029496,2934690874730559,20064
front,2279,1789636843346591907,1789636843447727127,2934690974428690,20064
rear,2286,1789636843346755194,1789636843448220820,2934690974921830,19968
front,2280,1789636843446623376,1789636843547545226,2934691074246477,19968
rear,2287,1789636843446659961,1789636843548081623,2934691074782557,19968
front,2281,1789636843546719454,1789636843647573904,2934691174275067,20064
rear,2288,1789636843546533985,1789636843648074858,2934691174775825,20064
front,2282,1789636843646604230,1789636843747552806,2934691274254337,19872
rear,2289,1789636843646690829,1789636843748102540,2934691274803912,19968
front,2283,1789636843746432991,1789636843847560205,2934691374261560,20064
rear,2290,1789636843746625168,1789636843848066548,2934691374767399,19968
front,2284,1789636843846656891,1789636843947355530,2934691474057009,19872
rear,2291,1789636843846520726,1789636843947882450,2934691474583363,20064
front,2285,1789636843946420339,1789636844047665895,2934691574367809,20064
rear,2292,1789636843946615936,1789636844048205431,2934691574906446,19968
front,2286,1789636844046457167,1789636844147581773,2934691674283151,20064
rear,2293,1789636844046621158,1789636844148086805,2934691674787791,19968
front,2287,1789636844146676691,1789636844247417351,2934691774118767,19968
rear,2294,1789636844146484674,1789636844247969388,2934691774670268,20064
front,2288,1789636844246421856,1789636844347753680,2934691874455254,20064
rear,2295,1789636844246616101,1789636844348278138,2934691874979054,19968
front,2289,1789636844346686659,1789636844447471309,2934691974172779,19968
rear,2296,1789636844346580680,1789636844448019574,2934691974720568,19968
front,2290,1789636844446630926,1789636844547571383,2934692074272593,20064
rear,2297,1789636844446440101,1789636844548113741,2934692074814693,20064
front,2291,1789636844546655087,1789636844647648656,2934692174349915,19968
rear,2298,1789636844546573377,1789636844648148757,2934692174849690,19968
front,2292,1789636844646698360,1789636844747372441,2934692274073930,19968
rear,2299,1789636844646553402,1789636844747891109,2934692274592092,20064
front,2293,1789636844746579005,1789636844847622575,2934692374323931,19968
rear,2300,1789636844746611240,1789636844848115189,2934692374816149,19968
front,2294,1789636844846621265,1789636844947535254,2934692474236417,20064
rear,2301,1789636844846592076,1789636844948076107,2934692474777023,19968
front,2295,1789636844946619369,1789636845047390852,2934692574092386,19968
rear,2302,1789636844946552687,1789636845047928360,2934692574629290,19968
front,2296,1789636845046616606,1789636845147409639,2934692674111180,19968
rear,2303,1789636845046447655,1789636845147945518,2934692674646495,20064
front,2297,1789636845146408940,1789636845247745693,2934692774447053,20064
rear,2304,1789636845146602577,1789636845248275044,2934692774975995,19968
front,2298,1789636845246669931,1789636845347424231,2934692874125668,19968
rear,2305,1789636845246476555,1789636845347911735,2934692874612700,20064
front,2299,1789636845346509849,1789636845447691382,2934692974392915,20064
rear,2306,1789636845346615564,1789636845448186845,2934692974887760,19968
front,2300,1789636845446687024,1789636845547439709,2934693074141147,19968
rear,2307,1789636845446515905,1789636845547950344,2934693074651374,20064
front,2301,1789636845546514058,1789636845647618166,2934693174319554,19968
rear,2308,1789636845546700226,1789636845648133218,2934693174834134,19968
front,2302,1789636845646520457,1789636845747563281,2934693274264651,20064
rear,2309,1789636845646641829,1789636845748122366,2934693274823380,19968
front,2303,1789636845746511859,1789636845847381876,2934693374083287,19968
rear,2310,1789636845746653701,1789636845847918085,2934693374619032,20064
front,2304,1789636845846596364,1789636845947674419,2934693474376034,20064
rear,2311,1789636845847080179,1789636845948227479,2934693474928396,19872
front,2305,1789636845946644907,1789636846047640021,2934693574341425,20064
rear,2312,1789636845946416187,1789636846048178836,2934693574879827,20064
front,2306,1789636846046736463,1789636846147574611,2934693674276033,19872
rear,2313,1789636846046580455,1789636846148107994,2934693674808934,20064
front,2307,1789636846146475274,1789636846247714707,2934693774416011,20064
rear,2314,1789636846147005743,1789636846248253785,2934693774954789,19968
front,2308,1789636846246633987,1789636846347450048,2934693874151686,19968
rear,2315,1789636846246574450,1789636846347969502,2934693874670418,20064
front,2309,1789636846346534830,1789636846447560739,2934693974262385,19968
rear,2316,1789636846347094953,1789636846448135227,2934693974836154,19968
front,2310,1789636846446421513,1789636846547528687,2934694074230297,20064
rear,2317,1789636846446619811,1789636846548106407,2934694074807280,19968
front,2311,1789636846546617306,1789636846647552179,2934694174253693,20064
rear,2318,1789636846546497186,1789636846648121024,2934694174821900,19968
front,2312,1789636846646641041,1789636846747406444,2934694274107532,19968
rear,2319,1789636846646518247,1789636846747972849,2934694274673770,20064
front,2313,1789636846746638841,1789636846847641531,2934694374342720,19968
rear,2320,1789636846746546710,1789636846848200701,2934694374901618,20064
front,2314,1789636846846568443,1789636846947885315,2934694474587108,20064
rear,2321,1789636846847045229,1789636846948444382,2934694475145443,19968
front,2315,1789636846946750936,1789636847047568910,2934694574270429,19968
rear,2322,1789636846947005022,1789636847048088782,2934694574789761,20064
front,2316,1789636847046583967,1789636847147597316,2934694674298461,19968
rear,2323,1789636847047034252,1789636847148114152,2934694674815044,19968
front,2317,1789636847146571638,1789636847247482896,2934694774184085,20064
rear,2324,1789636847146733738,1789636847247996400,2934694774697396,19872
front,2318,1789636847246612072,1789636847347512321,2934694874213728,19968
front,2319,1789636847346590425,1789636847447685727,2934694974386942,20064
rear,2325,1789636847347001717,1789636847448188436,2934694974889302,19872
front,2320,1789636847446630270,1789636847547395898,2934695074097537,19968
rear,2326,1789636847446460759,1789636847547910821,2934695074611793,19968
front,2321,1789636847546662204,1789636847647543486,2934695174245089,20064
rear,2327,1789636847546455075,1789636847648100158,2934695174801106,20064
front,2322,1789636847646637587,1789636847747540638,2934695274242088,19968
rear,2328,1789636847646495015,1789636847748078166,2934695274779131,19968
front,2323,1789636847746642425,1789636847847615972,2934695374317278,20064
rear,2329,1789636847746435624,1789636847848182825,2934695374883716,20064
front,2324,1789636847846686256,1789636847947538815,2934695474240025,19968
rear,2330,1789636847846978129,1789636847948077787,2934695474778707,19968
front,2325,1789636847946630618,1789636848047438177,2934695574139671,19968
rear,2331,1789636847946468651,1789636848047925873,2934695574626799,20064
front,2326,1789636848046593935,1789636848147764134,2934695674465535,20064
rear,2332,1789636848046677951,1789636848148243515,2934695674944401,19968
front,2327,1789636848146734784,1789636848247403662,2934695774105335,19968
rear,2333,1789636848146539293,1789636848247919549,2934695774620457,19968
front,2328,1789636848246646547,1789636848347330317,2934695874031639,19968
rear,2334,1789636848246926349,1789636848347852551,2934695874553489,20064
front,2329,1789636848346558535,1789636848447780779,2934695974481929,20064
rear,2335,1789636848346922178,1789636848448347453,2934695975048405,19968
front,2330,1789636848446725204,1789636848547476562,2934696074177822,19968
rear,2336,1789636848446548640,1789636848548008787,2934696074709667,20064
front,2331,1789636848546525629,1789636848647580825,2934696174282271,19968
rear,2337,1789636848547000656,1789636848648074920,2934696174775836,19968
front,2332,1789636848646465800,1789636848747486515,2934696274187829,20064
rear,2338,1789636848646675215,1789636848747981307,2934696274682237,19968
front,2333,1789636848746594891,1789636848847492567,2934696374193887,19968
rear,2339,1789636848746517459,1789636848848034759,2934696374735734,20064
front,2334,1789636848846545407,1789636848947782726,2934696474484047,20064
rear,2340,1789636848846955077,1789636848948313846,2934696475014847,19872
front,2335,1789636848946691589,1789636849047404364,2934696574105886,19968
rear,2341,1789636848946491582,1789636849047962128,2934696574663131,19968
front,2336,1789636849046597560,1789636849147636931,2934696674338794,20064
rear,2342,1789636849046400473,1789636849148233503,2934696674934414,20064
front,2337,1789636849146714235,1789636849247555439,2934696774256631,19968
rear,2343,1789636849146532950,1789636849248070694,2934696774771617,19968
front,2338,1789636849246649203,1789636849347455796,2934696874157143,19968
rear,2344,1789636849246420061,1789636849348013621,2934696874714537,20064
front,2339,1789636849346533682,1789636849447720995,2934696974422561,20064
rear,2345,1789636849346604482,1789636849448222370,2934696974923267,19968
front,2340,1789636849446624004,1789636849547462624,2934697074164112,19968
rear,2346,1789636849446497790,1789636849547994025,2934697074694927,20064
front,2341,1789636849546643690,1789636849647837898,2934697174539394,20064
rear,2347,1789636849546893847,1789636849648381565,2934697175082555,19968
front,2342,1789636849646715230,1789636849748026946,2934697274728163,19968
rear,2348,1789636849646866411,1789636849748471068,2934697275171987,19968
front,2343,1789636849746609940,1789636849847998201,2934697374700136,20064
rear,2349,1789636849746411408,1789636849848737390,2934697375438441,20064
front,2344,1789636849846813649,1789636849947902137,2934697474603366,19968
rear,2350,1789636849846963077,1789636849948542207,2934697475243130,19968
front,2345,1789636849946728323,1789636850047706186,2934697574408064,19968
rear,2351,1789636849946524011,1789636850048252859,2934697574953845,19968
front,2346,1789636850046601741,1789636850147865284,2934697674566523,20064
rear,2352,1789636850046851297,1789636850148361053,2934697675062107,20064
front,2347,1789636850146682387,1789636850247726830,2934697774428205,19968
rear,2353,1789636850146965703,1789636850248306511,2934697775007447,19968
front,2348,1789636850246704417,1789636850347502586,2934697874203901,19968
rear,2354,1789636850246919433,1789636850348020981,2934697874721924,19968
front,2349,1789636850346629655,1789636850447661949,2934697974363083,20064
rear,2355,1789636850346495619,1789636850448162075,2934697974863012,19968
front,2350,1789636850446713678,1789636850547487993,2934698074189290,19968
rear,2356,1789636850446551731,1789636850548026802,2934698074727807,20064
front,2351,1789636850546695967,1789636850647768214,2934698174469369,20064
rear,2357,1789636850546571800,1789636850648289390,2934698174990367,19968
front,2352,1789636850646757191,1789636850747420557,2934698274122220,19872
rear,2358,1789636850646559655,1789636850747965045,2934698274665974,19968
front,2353,1789636850746470624,1789636850847515721,2934698374216987,20064
rear,2359,1789636850746871735,1789636850848049074,2934698374749983,19968
front,2354,1789636850846604463,1789636850947432866,2934698474134304,19968
rear,2360,1789636850846573553,1789636850948017705,2934698474718629,20064
front,2355,1789636850946552738,1789636851047623000,2934698574324325,19968
rear,2361,1789636850946643629,1789636851048174641,2934698574875565,19968
front,2356,1789636851046501221,1789636851147582936,2934698674284083,20064
rear,2362,1789636851046823088,1789636851148088850,2934698674789746,19968
front,2357,1789636851146711521,1789636851247502803,2934698774204041,19968
rear,2363,1789636851146895194,1789636851248063082,2934698774763974,20064
front,2358,1789636851246542716,1789636851347736481,2934698874438089,20064
rear,2364,1789636851246837368,1789636851348256525,2934698874957519,19968
front,2359,1789636851346661668,1789636851447462672,2934698974164105,19968
rear,2365,1789636851346555205,1789636851448018288,2934698974719179,19968
front,2360,1789636851446664764,1789636851547564403,2934699074265603,20064
rear,2366,1789636851446593073,1789636851548158936,2934699074859890,20064
front,2361,1789636851546697105,1789636851647583339,2934699174284692,19872
rear,2367,1789636851546875128,1789636851648097508,2934699174798492,19968
front,2362,1789636851646423015,1789636851747629916,2934699274331334,20160
rear,2368,1789636851646606394,1789636851748134895,2934699274835926,19968
front,2363,1789636851746744134,1789636851847708822,2934699374410181,19968
rear,2369,1789636851746529833,1789636851848469004,2934699375170014,20064
front,2364,1789636851846737353,1789636851947621544,2934699474322937,19968
rear,2370,1789636851846937768,1789636851948222051,2934699474922978,19968
front,2365,1789636851946708997,1789636852047542695,2934699574244136,20064
rear,2371,1789636851946860980,1789636852048106303,2934699574807233,19968
front,2366,1789636852046687193,1789636852147605340,2934699674306484,20064
rear,2372,1789636852046802315,1789636852148082742,2934699674783672,19968
front,2367,1789636852147307469,1789636852247420885,2934699774122249,19968
rear,2373,1789636852146822051,1789636852247943502,2934699774644430,20064
front,2368,1789636852247284623,1789636852347527557,2934699874228982,19968
rear,2374,1789636852246477954,1789636852348050449,2934699874751421,19968
front,2369,1789636852346668819,1789636852447629461,2934699974331060,19968
rear,2375,1789636852346469216,1789636852448214520,2934699974915396,20064
front,2370,1789636852446629025,1789636852548110824,2934700074812410,20064
rear,2376,1789636852446896616,1789636852548638127,2934700075339054,19968
front,2371,1789636852547183334,1789636852647531435,2934700174232821,19776
rear,2377,1789636852546536248,1789636852648063274,2934700174764216,19968
front,2372,1789636852747172021,1789636852847639839,2934700374341673,19872
rear,2378,1789636852747858476,1789636852848138741,2934700374839713,19872
front,2373,1789636852846687607,1789636852947379828,2934700474081139,19872
rear,2379,1789636852846794645,1789636852947903025,2934700474603977,20064
front,2374,1789636852946475044,1789636853047732235,2934700574433306,20064
rear,2380,1789636852946904328,1789636853048312943,2934700575013927,19968
front,2375,1789636853046642807,1789636853147742192,2934700674443428,19968
rear,2381,1789636853046576662,1789636853148295318,2934700674996300,20064
front,2376,1789636853146529860,1789636853247776657,2934700774477941,19968
rear,2382,1789636853147814421,1789636853248306283,2934700775007193,19968
front,2377,1789636853246507592,1789636853347652575,2934700874353822,19968
rear,2383,1789636853246811785,1789636853348310726,2934700875011766,19968
front,2378,1789636853346729938,1789636853447576828,2934700974278312,20064
rear,2384,1789636853346768289,1789636853448139203,2934700974840070,19968
front,2379,1789636853446632429,1789636853547394493,2934701074095502,19872
rear,2385,1789636853446757531,1789636853547956757,2934701074657728,20064
front,2380,1789636853546456097,1789636853647743184,2934701174444469,20064
rear,2386,1789636853546826202,1789636853648282414,2934701174983383,19968
front,2381,1789636853646643810,1789636853747469120,2934701274170452,19968
rear,2387,1789636853646762578,1789636853748042204,2934701274743153,20064
front,2382,1789636853746589527,1789636853847733178,2934701374434393,20064
rear,2388,1789636853746914441,1789636853848245279,2934701374946235,19968
front,2383,1789636853846642949,1789636853947542848,2934701474243845,19968
rear,2389,1789636853846888758,1789636853948126683,2934701474827613,19968
front,2384,1789636853946672418,1789636854047547111,2934701574248315,19968
rear,2390,1789636853946510795,1789636854048127015,2934701574827996,20064
front,2385,1789636854046455279,1789636854147887552,2934701674588901,20064
rear,2391,1789636854046862890,1789636854148474441,2934701675175927,19968
front,2386,1789636854146746263,1789636854247529601,2934701774230799,19968
rear,2392,1789636854146812367,1789636854248155730,2934701774856711,19968
front,2387,1789636854246649232,1789636854347532258,2934701874233380,20064
rear,2393,1789636854246724771,1789636854348039805,2934701874740798,20064
front,2388,1789636854346686610,1789636854447697673,2934701974398835,19968
rear,2394,1789636854346877446,1789636854448231350,2934701974932358,19968
front,2389,1789636854446711371,1789636854547394268,2934702074095589,19968
rear,2395,1789636854446747976,1789636854547944455,2934702074645545,19968
front,2390,1789636854546593238,1789636854647682291,2934702174383632,20064
rear,2396,1789636854546708662,1789636854648226984,2934702174927882,20064
front,2391,1789636854646784727,1789636854748280896,2934702274982049,20064
rear,2397,1789636854646842954,1789636854748798254,2934702275499162,19968
front,2392,1789636854747119094,1789636854847590009,2934702374291391,19872
rear,2398,1789636854746849254,1789636854848206814,2934702374907719,19968
front,2393,1789636854846596754,1789636854947765673,2934702474467034,20064
rear,2399,1789636854846462948,1789636854948436507,2934702475137419,20064
front,2394,1789636854946627316,1789636855047627014,2934702574328363,19968
rear,2400,1789636854946813579,1789636855048201057,2934702574901977,19968
front,2395,1789636855046610600,1789636855147737233,2934702674438376,19968
rear,2401,1789636855046804450,1789636855148290996,2934702674991930,20064
front,2396,1789636855146545108,1789636855248169111,2934702774870530,20064
rear,2402,1789636855147765642,1789636855248907191,2934702775608265,19968
front,2397,1789636855246650749,1789636855347960085,2934702874661381,20064
rear,2403,1789636855246790575,1789636855348607897,2934702875308837,19968
front,2398,1789636855347048438,1789636855447721864,2934702974423207,19872
rear,2404,1789636855346716236,1789636855448276184,2934702974977370,20064
front,2399,1789636855446517988,1789636855548010401,2934703074711667,20064
rear,2405,1789636855447768857,1789636855548538257,2934703075239183,19968
front,2400,1789636855546618330,1789636855648023194,2934703174724617,20064
rear,2406,1789636855546858467,1789636855648604655,2934703175305723,19968
front,2401,1789636855647070319,1789636855747598895,2934703274300355,19968
rear,2407,1789636855646731679,1789636855748129991,2934703274830941,20064
front,2402,1789636855746566597,1789636855848213843,2934703374915453,20064
rear,2408,1789636855747729786,1789636855848737188,2934703375438243,19968
front,2403,1789636855847064156,1789636855947650511,2934703474351730,19968
rear,2409,1789636855846687219,1789636855948173582,2934703474874506,19968
front,2404,1789636855947029898,1789636856047570385,2934703574272060,19872
rear,2410,1789636855946784923,1789636856048107691,2934703574808620,20064
front,2405,1789636856046395704,1789636856148180101,2934703674881546,20160
rear,2411,1789636856047697116,1789636856148752249,2934703675453206,19968
front,2406,1789636856147065988,1789636856247600650,2934703774301802,19968
rear,2412,1789636856146765573,1789636856248127480,2934703774828407,19968
front,2407,1789636856246605603,1789636856347536989,2934703874238246,19968
rear,2413,1789636856246746485,1789636856348047749,2934703874748664,20064
front,2408,1789636856346578265,1789636856448195946,2934703974897130,20064
rear,2414,1789636856346799109,1789636856448733866,2934703975434884,19968
front,2409,1789636856446727977,1789636856547586605,2934704074287901,19968
rear,2415,1789636856446788991,1789636856548145942,2934704074846946,19968
front,2410,1789636856546665723,1789636856647902354,2934704174603814,20064
rear,2416,1789636856546758405,1789636856648573544,2934704175274520,20064
front,2411,1789636856647074391,1789636856747926215,2934704274627266,19872
rear,2417,1789636856646686523,1789636856748444049,2934704275144962,20064
front,2412,1789636856746501452,1789636856848205048,2934704374906426,20160
rear,2418,1789636856747751364,1789636856848834736,2934704375535727,19968
front,2413,1789636856847044678,1789636856947568509,2934704474269552,19968
rear,2419,1789636856847686095,1789636856948099841,2934704474800760,19968
front,2414,1789636856947074907,1789636857047672421,2934704574373614,20064
rear,2420,1789636856946752264,1789636857048356600,2934704575057667,19968
front,2415,1789636857047074914,1789636857147556864,2934704674258006,19968
rear,2421,1789636857046702039,1789636857148260600,2934704674961802,19968
front,2416,1789636857147069093,1789636857247540399,2934704774241786,19968
rear,2422,1789636857146663464,1789636857248136265,2934704774837219,20064
front,2417,1789636857246713040,1789636857347544225,2934704874245864,19968
rear,2423,1789636857246632401,1789636857348082980,2934704874783982,19968
front,2418,1789636857346597150,1789636857447600502,2934704974301830,20064
rear,2424,1789636857346400304,1789636857448192199,2934704974893198,20064
front,2419,1789636857446994841,1789636857547599876,2934705074301289,19968
rear,2425,1789636857446814981,1789636857548129209,2934705074830210,19968
front,2420,1789636857546646351,1789636857647441154,2934705174142615,19968
rear,2426,1789636857546668357,1789636857647989798,2934705174690728,20064
front,2421,1789636857646538743,1789636857747747767,2934705274448973,20064
rear,2427,1789636857647689454,1789636857748269545,2934705274970473,19968
front,2422,1789636857746681858,1789636857847451300,2934705374152831,19968
rear,2428,1789636857746804777,1789636857848028726,2934705374729668,19968
front,2423,1789636857846637910,1789636857947540916,2934705474242448,20064
rear,2429,1789636857846718063,1789636857948086514,2934705474787417,19968
front,2424,1789636857946693353,1789636858047437855,2934705574139394,19968
rear,2430,1789636857946722209,1789636858047998124,2934705574699117,19968
front,2425,1789636858046688403,1789636858147628819,2934705674330610,20064
rear,2431,1789636858046667052,1789636858148196741,2934705674897660,20064
front,2426,1789636858147012745,1789636858247581861,2934705774283598,19872
rear,2432,1789636858146655875,1789636858248090655,2934705774791535,20064
front,2427,1789636858246506829,1789636858347818597,2934705874520157,20160
rear,2433,1789636858247685610,1789636858348348154,2934705875049127,19872
front,2428,1789636858347109192,1789636858447615351,2934705974316750,19968
rear,2434,1789636858346593253,1789636858448182889,2934705974883825,20064
front,2429,1789636858447042897,1789636858547562316,2934706074263530,19968
rear,2435,1789636858446688111,1789636858548099906,2934706074800815,20064
front,2430,1789636858546611940,1789636858647789500,2934706174491110,20064
rear,2436,1789636858547629426,1789636858648287279,2934706174988270,19968
front,2431,1789636858647125496,1789636858747549913,2934706274251297,19968
rear,2437,1789636858646708043,1789636858748137299,2934706274838219,19968
front,2432,1789636858746951813,1789636858847442820,2934706374144163,19968
rear,2438,1789636858746609679,1789636858848011259,2934706374712204,20064
front,2433,1789636858846659746,1789636858947744912,2934706474446125,20064
rear,2439,1789636858847641378,1789636858948281781,2934706474982675,19968
front,2434,1789636858947013048,1789636859047500838,2934706574202095,19968
rear,2440,1789636858946763712,1789636859048030609,2934706574731548,19968
front,2435,1789636859046630791,1789636859147362065,2934706674063737,19968
rear,2441,1789636859046598184,1789636859147872562,2934706674573482,20064
front,2436,1789636859146584253,1789636859247676160,2934706774377251,20064
rear,2442,1789636859147668512,1789636859248175287,2934706774876247,19968
front,2437,1789636859247025814,1789636859347510007,2934706874211384,19968
rear,2443,1789636859246736193,1789636859348028598,2934706874729567,19872
front,2438,1789636859346622276,1789636859447590520,2934706974291724,20064
rear,2444,1789636859346561291,1789636859448086923,2934706974787868,20160
front,2439,1789636859447038065,1789636859547457620,2934707074159056,19968
rear,2445,1789636859447648031,1789636859547980914,2934707074681813,19968
front,2440,1789636859546935942,1789636859647528627,2934707174229712,20064
rear,2446,1789636859547588981,1789636859648025904,2934707174726829,19968
front,2441,1789636859647093955,1789636859747614136,2934707274315822,19968
rear,2447,1789636859646608641,1789636859748164705,2934707274865672,19968
front,2442,1789636859747037622,1789636859847788269,2934707374489612,20064
rear,2448,1789636859746610880,1789636859848340560,2934707375041499,19968
front,2443,1789636859847067753,1789636859947662091,2934707474363497,19968
rear,2449,1789636859846611852,1789636859948448990,2934707475149934,19968
front,2444,1789636859947074809,1789636860047593077,2934707574294753,19968
rear,2450,1789636859946537984,1789636860048340267,2934707575041328,20064
front,2445,1789636860046998586,1789636860147887585,2934707674588747,20064
rear,2451,1789636860046597751,1789636860148416347,2934707675117290,20064
front,2446,1789636860147047354,1789636860247969158,2934707774670680,19968
rear,2452,1789636860146646469,1789636860248707932,2934707775409005,19968
front,2447,1789636860247024966,1789636860347446791,2934707874148120,19968
rear,2453,1789636860246630875,1789636860348049796,2934707874750731,19968
front,2448,1789636860346923262,1789636860447756279,2934707974457384,20064
rear,2454,1789636860346708842,1789636860448323152,2934707975024153,19968
front,2449,1789636860447021093,1789636860547479728,2934708074181083,19872
rear,2455,1789636860446556033,1789636860548059850,2934708074760773,20064
front,2450,1789636860546457565,1789636860647740972,2934708174442367,20064
rear,2456,1789636860546737005,1789636860648262830,2934708174963765,19968
front,2451,1789636860646618733,1789636860747644450,2934708274346109,20064
rear,2457,1789636860646640155,1789636860748210746,2934708274911743,19968
front,2452,1789636860747020235,1789636860847528669,2934708374230297,19968
rear,2458,1789636860746516624,1789636860848136525,2934708374837509,19968
front,2453,1789636860847006793,1789636860947666219,2934708474367686,19968
rear,2459,1789636860846588657,1789636860948251736,2934708474952659,19968
front,2454,1789636860946605878,1789636861047896996,2934708574598681,20064
rear,2460,1789636860946568513,1789636861048538700,2934708575239651,20064
front,2455,1789636861047007177,1789636861147854187,2934708674555621,19968
rear,2461,1789636861046617875,1789636861148608894,2934708675309878,19872
front,2456,1789636861147001570,1789636861247661778,2934708774363095,19968
rear,2462,1789636861146503101,1789636861248204946,2934708774905977,20160
front,2457,1789636861246904493,1789636861347824154,2934708874525312,20064
rear,2463,1789636861247645949,1789636861348580171,2934708875281136,19872
front,2458,1789636861346949015,1789636861447380109,2934708974081362,19968
rear,2464,1789636861346573082,1789636861447897080,2934708974598090,20064
front,2459,1789636861446988324,1789636861547481672,2934709074183643,19968
rear,2465,1789636861446566980,1789636861548017388,2934709074718305,19968
front,2460,1789636861546609993,1789636861647530453,2934709174232513,20064
rear,2466,1789636861546495045,1789636861648105512,2934709174806407,20064
front,2461,1789636861646963068,1789636861747558004,2934709274259393,19968
rear,2467,1789636861646673352,1789636861748103430,2934709274804345,19968
front,2462,1789636861746978642,1789636861847736666,2934709374437997,19968
rear,2468,1789636861746532842,1789636861848276553,2934709374977502,20064
front,2463,1789636861846866544,1789636861948029089,2934709474730526,20064
rear,2469,1789636861847592702,1789636861948815734,2934709475516679,19968
front,2464,1789636861946968814,1789636862047547844,2934709574248873,19968
rear,2470,1789636861946663003,1789636862048087631,2934709574788599,19968
front,2465,1789636862046867242,1789636862147810565,2934709674511850,19968
rear,2471,1789636862046547413,1789636862148425810,2934709675126812,20064
front,2466,1789636862146847458,1789636862247879382,2934709774580841,19968
rear,2472,1789636862147568635,1789636862248430200,2934709775131145,19968
front,2467,1789636862246839165,1789636862348367336,2934709875068509,20160
rear,2473,1789636862246719028,1789636862349153666,2934709875854663,20064
front,2468,1789636862347219956,1789636862447966985,2934709974668245,19968
rear,2474,1789636862347584925,1789636862448505833,2934709975206876,19968
front,2469,1789636862447004159,1789636862547566374,2934710074267904,19968
rear,2475,1789636862447539624,1789636862548155763,2934710074856712,19872
front,2470,1789636862546908842,1789636862647657858,2934710174359093,19968
rear,2476,1789636862546479971,1789636862648237641,2934710174938545,20064
front,2471,1789636862646965237,1789636862747716160,2934710274417495,19872
rear,2477,1789636862646476535,1789636862748242244,2934710274943207,20064
front,2472,1789636862746832523,1789636862847624158,2934710374325573,20160
rear,2478,1789636862747550322,1789636862848140674,2934710374841591,19968
front,2473,1789636862847014943,1789636862947585732,2934710474287384,19872
rear,2479,1789636862847504110,1789636862948157675,2934710474858687,20064
front,2474,1789636862947008846,1789636863047544749,2934710574246108,19872
rear,2480,1789636862947529061,1789636863048052466,2934710574753465,19968
front,2475,1789636863046494467,1789636863147606705,2934710674307842,20064
rear,2481,1789636863046685292,1789636863148106603,2934710674807498,19968
front,2476,1789636863146708943,1789636863247489407,2934710774190584,19968
rear,2482,1789636863146572339,1789636863248028986,2934710774729971,20064
front,2477,1789636863246877580,1789636863347600835,2934710874302020,19968
rear,2483,1789636863247503733,1789636863348151568,2934710874852486,19968
front,2478,1789636863346683588,1789636863447542185,2934710974243402,20064
rear,2484,1789636863347543157,1789636863448046102,2934710974747046,19968
front,2479,1789636863446651127,1789636863547432181,2934711074133527,19968
rear,2485,1789636863446564313,1789636863547948368,2934711074649261,19968
front,2480,1789636863546984191,1789636863647513531,2934711174215004,19968
rear,2486,1789636863546509409,1789636863648007056,2934711174707977,20064
front,2481,1789636863647957593,1789636863747740273,2934711274441717,20064
rear,2487,1789636863646579568,1789636863748261614,2934711274962571,19968
front,2482,1789636863746969968,1789636863847409371,2934711374111094,19872
rear,2488,1789636863746495785,1789636863847946158,2934711374647152,20064
front,2483,1789636863846792426,1789636863947666418,2934711474367772,20064
rear,2489,1789636863847459436,1789636863948197041,2934711474898021,19968
front,2484,1789636863946924171,1789636864047510431,2934711574211679,19968
rear,2490,1789636863946605824,1789636864048061164,2934711574762121,20064
front,2485,1789636864046862389,1789636864147592053,2934711674293156,19968
rear,2491,1789636864047526328,1789636864148119311,2934711674820242,19968
front,2486,1789636864146530538,1789636864247586599,2934711774287984,19968
rear,2492,1789636864146656487,1789636864248117857,2934711774818745,20064
front,2487,1789636864246861854,1789636864347730900,2934711874432160,20064
rear,2493,1789636864247562519,1789636864348241615,2934711874942534,19968
front,2488,1789636864346783982,1789636864447627659,2934711974328964,19968
rear,2494,1789636864347518290,1789636864448133112,2934711974834066,20064
front,2489,1789636864446849524,1789636864547672663,2934712074373954,20064
rear,2495,1789636864447630500,1789636864548197318,2934712074898221,19872
front,2490,1789636864546869634,1789636864647511721,2934712174212897,19968
rear,2496,1789636864546544360,1789636864648048494,2934712174749639,20064
front,2491,1789636864646892130,1789636864747665372,2934712274366602,20064
rear,2497,1789636864647511999,1789636864748168741,2934712274869809,19872
front,2492,1789636864746870855,1789636864847467917,2934712374169352,19872
rear,2498,1789636864746426247,1789636864848027391,2934712374728462,20064
front,2493,1789636864846407980,1789636864947623417,2934712474324914,20064
rear,2499,1789636864846604850,1789636864948168944,2934712474869945,20064
front,2494,1789636864946528028,1789636865047737646,2934712574439040,20064
rear,2500,1789636864947465700,1789636865048244855,2934712574945757,19968
front,2495,1789636865047928309,1789636865147583501,2934712674285061,19872
rear,2501,1789636865046527232,1789636865148084970,2934712674785893,20064
rear,2502,1789636865147472691,1789636865248234283,2934712774935669,19968
front,2496,1789636865246882721,1789636865347535991,2934712874237316,19968
rear,2503,1789636865247477094,1789636865348083838,2934712874784735,19968
front,2497,1789636865347945400,1789636865447560511,2934712974262035,19968
rear,2504,1789636865347408954,1789636865448092131,2934712974793110,20064
front,2498,1789636865446833135,1789636865547583120,2934713074284220,19968
rear,2505,1789636865447596725,1789636865548076273,2934713074777189,19968
front,2499,1789636865546779215,1789636865647528288,2934713174229889,20064
rear,2506,1789636865547473613,1789636865648060848,2934713174761725,19968
front,2500,1789636865646877411,1789636865747393869,2934713274095493,19968
rear,2507,1789636865646622711,1789636865747926525,2934713274627494,19968
front,2501,1789636865746763537,1789636865847518816,2934713374220016,20064
rear,2508,1789636865746601958,1789636865848034907,2934713374735793,20064
front,2502,1789636865846903664,1789636865948112804,2934713474813863,20064
rear,2509,1789636865847473120,1789636865948665747,2934713475366640,19968
front,2503,1789636865947985904,1789636866047617488,2934713574318921,19968
rear,2510,1789636865947385970,1789636866048130773,2934713574831716,19968
front,2504,1789636866046890790,1789636866148335357,2934713675036552,20064
rear,2511,1789636866046485307,1789636866148929445,2934713675630342,20064
front,2505,1789636866148036059,1789636866248012250,2934713774713472,19872
rear,2512,1789636866147442746,1789636866248552651,2934713775253686,20064
front,2506,1789636866246739624,1789636866347857849,2934713874559538,19968
rear,2513,1789636866247574230,1789636866348376273,2934713875077291,19968
front,2507,1789636866346474415,1789636866447724504,2934713974425690,20064
rear,2514,1789636866347472095,1789636866448286677,2934713974987588,19968
front,2508,1789636866446811876,1789636866547584863,2934714074286431,19968
rear,2515,1789636866447398999,1789636866548081104,2934714074782086,19968
front,2509,1789636866546761711,1789636866647604968,2934714174306390,20064
rear,2516,1789636866546601304,1789636866648144568,2934714174845534,20064
front,2510,1789636866646843667,1789636866747566730,2934714274268141,19968
rear,2517,1789636866646711414,1789636866748105136,2934714274806017,20064
front,2511,1789636866746786294,1789636866847984991,2934714374686327,20064
rear,2518,1789636866747556369,1789636866848510824,2934714375211811,19968
front,2512,1789636866846943311,1789636866947947152,2934714474648367,20064
rear,2519,1789636866847452214,1789636866948484948,2934714475185945,19968
front,2513,1789636866948029334,1789636867047685005,2934714574386154,19968
rear,2520,1789636866947429131,1789636867048221484,2934714574922447,19968
front,2514,1789636867047887795,1789636867147454682,2934714674155856,19968
rear,2521,1789636867047369758,1789636867147958411,2934714674659309,19968
front,2515,1789636867146811006,1789636867247437466,2934714774138730,19968
rear,2522,1789636867146468452,1789636867247974414,2934714774675403,20064
front,2516,1789636867246789164,1789636867347672687,2934714874374037,20064
rear,2523,1789636867246645442,1789636867348201439,2934714874902468,20064
front,2517,1789636867346821307,1789636867448051837,2934714974753268,20064
rear,2524,1789636867347533461,1789636867448566075,2934714975267019,19968
front,2518,1789636867448000038,1789636867547558981,2934715074260300,19872
rear,2525,1789636867447410986,1789636867548059911,2934715074760879,20064
front,2519,1789636867546719651,1789636867647595790,2934715174297324,19968
rear,2526,1789636867547471273,1789636867648180686,2934715174881648,19968
front,2520,1789636867646711396,1789636867747985462,2934715274686847,20160
rear,2527,1789636867647485540,1789636867748525395,2934715275226312,19968
front,2521,1789636867747968656,1789636867847753650,2934715374455475,19968
rear,2528,1789636867747403167,1789636867848273666,2934715374974608,19968
front,2522,1789636867847921091,1789636867947468020,2934715474169387,19968
rear,2529,1789636867847380791,1789636867948039327,2934715474740289,20064
front,2523,1789636867946802495,1789636868047868576,2934715574570249,19968
rear,2530,1789636867947473000,1789636868048392152,2934715575093212,19968
front,2524,1789636868046779006,1789636868147401283,2934715674102862,19968
rear,2531,1789636868047405555,1789636868147920667,2934715674621541,19968
front,2525,1789636868146689526,1789636868247549858,2934715774251259,20064
rear,2532,1789636868146657615,1789636868248092278,2934715774793226,20064
front,2526,1789636868246846254,1789636868347997013,2934715874698584,20064
rear,2533,1789636868247432793,1789636868348522433,2934715875223357,19968
front,2527,1789636868347890188,1789636868447462963,2934715974164146,19872
rear,2534,1789636868347460779,1789636868447950966,2934715974651906,20064
front,2528,1789636868446697448,1789636868547644403,2934716074346007,20064
rear,2535,1789636868447453435,1789636868548123853,2934716074824758,19968
front,2529,1789636868546713734,1789636868647818239,2934716174519690,20064
rear,2536,1789636868547376926,1789636868648378650,2934716175079580,19968
front,2530,1789636868646944509,1789636868747854405,2934716274555686,20064
rear,2537,1789636868647368009,1789636868748359073,2934716275060008,19968
front,2531,1789636868747986531,1789636868847403363,2934716374104562,19872
rear,2538,1789636868747325139,1789636868847903219,2934716374604197,20064
front,2532,1789636868846719592,1789636868947964974,2934716474666030,20064
rear,2539,1789636868847395581,1789636868948539066,2934716475239978,19968
front,2533,1789636868946885773,1789636869047790681,2934716574492002,20064
rear,2540,1789636868947389414,1789636869048285727,2934716574986600,19968
front,2534,1789636869047886396,1789636869147665642,2934716674367247,19968
rear,2541,1789636869047304149,1789636869148210113,2934716674910995,20064
front,2535,1789636869147891962,1789636869248049554,2934716774750770,20064
rear,2542,1789636869147549138,1789636869248622084,2934716775323044,19968
front,2536,1789636869247906333,1789636869347628324,2934716874329572,19968
rear,2543,1789636869247346733,1789636869348127300,2934716874828264,19968
front,2537,1789636869347882620,1789636869447370631,2934716974071896,19968
rear,2544,1789636869347339944,1789636869447885792,2934716974586769,19968
front,2538,1789636869447822370,1789636869547891607,2934717074593187,20064
rear,2545,1789636869446414436,1789636869548442656,2934717075143600,20064
front,2539,1789636869547929840,1789636869647857884,2934717174559181,19968
rear,2546,1789636869547278723,1789636869648429307,2934717175130268,19968
front,2540,1789636869647812875,1789636869748438688,2934717275139984,19968
front,2541,1789636869747809407,1789636869847951372,2934717374652789,20064
rear,2547,1789636869747659392,1789636869848537796,2934717375238770,19872
front,2542,1789636869847878278,1789636869947558864,2934717474260357,19872
rear,2548,1789636869847327041,1789636869948087721,2934717474788682,20064
front,2543,1789636869946684400,1789636870047813018,2934717574514307,20064
rear,2549,1789636869947493652,1789636870048366760,2934717575067700,19968
front,2544,1789636870046782279,1789636870147366325,2934717674067646,19968
rear,2550,1789636870046750109,1789636870147852146,2934717674553168,19968
front,2545,1789636870146459422,1789636870247350056,2934717774051310,19968
rear,2551,1789636870146627988,1789636870247898393,2934717774599378,19968
front,2546,1789636870246646706,1789636870347860503,2934717874561864,20160
rear,2552,1789636870246614240,1789636870348368805,2934717875069749,20064
front,2547,1789636870347963722,1789636870447732753,2934717974433960,19872
rear,2553,1789636870347369582,1789636870448243424,2934717974944315,20064
front,2548,1789636870446663243,1789636870547790154,2934718074491687,20064
rear,2554,1789636870447446784,1789636870548344030,2934718075044966,19872
front,2549,1789636870547816369,1789636870647371072,2934718174072259,19872
rear,2555,1789636870546710741,1789636870647935600,2934718174636570,20064
front,2550,1789636870646606370,1789636870747650889,2934718274352471,20064
rear,2556,1789636870647357833,1789636870748186654,2934718274887552,19968
front,2551,1789636870746592546,1789636870847556342,2934718374257637,20064
rear,2557,1789636870747347197,1789636870848055513,2934718374756391,19968
front,2552,1789636870847778655,1789636870947778702,2934718474480116,20064
rear,2558,1789636870847399333,1789636870948372009,2934718475072988,19872
front,2553,1789636870947834130,1789636871048356819,2934718575058000,19968
front,2554,1789636871047794339,1789636871147774364,2934718674475659,19968
rear,2559,1789636871047542492,1789636871148297998,2934718674998924,19872
front,2555,1789636871146837722,1789636871247696024,2934718774397544,20064
rear,2560,1789636871147321871,1789636871248200122,2934718774901053,19968
front,2556,1789636871247833135,1789636871347340937,2934718874042348,19968
rear,2561,1789636871247249972,1789636871347877829,2934718874578755,20064
front,2557,1789636871347821008,1789636871447630529,2934718974332019,19968
rear,2562,1789636871347344391,1789636871448158200,2934718974859077,20064
front,2558,1789636871447755284,1789636871547738879,2934719074440041,20064
rear,2563,1789636871447317475,1789636871548255467,2934719074956457,19968
front,2559,1789636871547880010,1789636871648248165,2934719174949451,19968
rear,2564,1789636871547391795,1789636871648794137,2934719175495141,20064
front,2560,1789636871647759529,1789636871747564414,2934719274265654,19968
rear,2565,1789636871647546678,1789636871748111415,2934719274812387,19968
front,2561,1789636871747770382,1789636871847763328,2934719374464698,20064
rear,2566,1789636871747351307,1789636871848315261,2934719375016255,19968
front,2562,1789636871847757741,1789636871948336706,2934719475037911,19968
rear,2567,1789636871847347520,1789636871948894033,2934719475595033,20064
front,2563,1789636871947786702,1789636872048346183,2934719575047482,19968
rear,2568,1789636871947536272,1789636872048869712,2934719575570619,19968
front,2564,1789636872047729083,1789636872147430726,2934719674132179,19872
rear,2569,1789636872047471365,1789636872147961775,2934719674662689,19968
front,2565,1789636872146568453,1789636872247753326,2934719774454939,20160
rear,2570,1789636872147354962,1789636872248330137,2934719775031090,19968
front,2566,1789636872246877557,1789636872347378121,2934719874079165,19872
rear,2571,1789636872247303330,1789636872347889153,2934719874590036,20064
front,2567,1789636872346646474,1789636872447903173,2934719974604656,20064
rear,2572,1789636872346669570,1789636872448477949,2934719975178992,19968
front,2568,1789636872446805217,1789636872548350993,2934720075052563,20064
rear,2573,1789636872447278716,1789636872548951762,2934720075652705,20064
front,2569,1789636872547752632,1789636872647716509,2934720174417857,19968
rear,2574,1789636872547483707,1789636872648241053,2934720174941958,19968
front,2570,1789636872646802945,1789636872747418630,2934720274120077,19968
rear,2575,1789636872647310364,1789636872747976031,2934720274676959,19968
front,2571,1789636872746658145,1789636872847564901,2934720374266280,20064
rear,2576,1789636872747314240,1789636872848132799,2934720374833699,19968
front,2572,1789636872847745248,1789636872948500436,2934720475201826,19872
front,2573,1789636872947785760,1789636873047867590,2934720574568767,19968
rear,2577,1789636872947585483,1789636873048460440,2934720575161356,19872
front,2574,1789636873046886288,1789636873147631311,2934720674332588,20064
rear,2578,1789636873047309130,1789636873148211827,2934720674912822,19968
front,2575,1789636873147866152,1789636873247627262,2934720774328272,19968
rear,2579,1789636873147260175,1789636873248199050,2934720774900021,20064
front,2576,1789636873247835611,1789636873347704841,2934720874405997,19872
rear,2580,1789636873247262583,1789636873348265908,2934720874966799,19968
front,2577,1789636873346756953,1789636873447554740,2934720974255973,20064
rear,2581,1789636873347291691,1789636873448054127,2934720974755058,19968
front,2578,1789636873447719596,1789636873548155937,2934721074857294,19968
rear,2582,1789636873447256867,1789636873548698463,2934721075399459,20064
front,2579,1789636873547739601,1789636873647782400,2934721174483577,19968
rear,2583,1789636873547373754,1789636873648327985,2934721175028966,19968
front,2580,1789636873647726894,1789636873747802828,2934721274503931,20160
rear,2584,1789636873647245006,1789636873748289713,2934721274990708,19968
front,2581,1789636873747869158,1789636873847568156,2934721374269430,19872
rear,2585,1789636873747165845,1789636873848112427,2934721374813382,20064
front,2582,1789636873847711725,1789636873947719111,2934721474420605,19968
rear,2586,1789636873847366182,1789636873948270539,2934721474971453,19968
front,2583,1789636873947737351,1789636874047754698,2934721574456404,20064
rear,2587,1789636873947227277,1789636874048334489,2934721575035425,20064
front,2584,1789636874047762822,1789636874148411746,2934721675113206,19968
rear,2588,1789636874047340675,1789636874148939431,2934721675640395,20064
front,2585,1789636874147767611,1789636874248055174,2934721774756959,19968
rear,2589,1789636874147517589,1789636874248574355,2934721775275301,19872
front,2586,1789636874247699802,1789636874347916778,2934721874617924,20064
rear,2590,1789636874247201338,1789636874348415383,2934721875116298,19968
front,2587,1789636874347735456,1789636874447785087,2934721974486118,19968
rear,2591,1789636874347140348,1789636874448274341,2934721974975233,20064
front,2588,1789636874447779478,1789636874547974980,2934722074676428,19968
rear,2592,1789636874447259593,1789636874548501826,2934722075202766,19968
front,2589,1789636874547699157,1789636874647924659,2934722174626208,20064
rear,2593,1789636874547173836,1789636874648496941,2934722175197933,19968
front,2590,1789636874647744356,1789636874747731632,2934722274433367,19968
rear,2594,1789636874647153172,1789636874748253698,2934722274954608,20064
front,2591,1789636874747822372,1789636874847929437,2934722374630768,19968
rear,2595,1789636874747253363,1789636874848518663,2934722375219575,19968
front,2592,1789636874847665811,1789636874947592790,2934722474294024,20064
rear,2596,1789636874847183098,1789636874948151149,2934722474852090,20064
front,2593,1789636874947845389,1789636875047741235,2934722574442411,19968
rear,2597,1789636874947226711,1789636875048314351,2934722575015299,19968
front,2594,1789636875047694937,1789636875147616655,2934722674317810,19968
rear,2598,1789636875047213322,1789636875148109594,2934722674810514,19968
front,2595,1789636875147730093,1789636875247676021,2934722774377309,20064
rear,2599,1789636875147165452,1789636875248249885,2934722774950816,20064
front,2596,1789636875247736082,1789636875347752056,2934722874453254,19968
rear,2600,1789636875247308345,1789636875348340848,2934722875041780,19968
front,2597,1789636875347745702,1789636875447518465,2934722974219785,19968
rear,2601,1789636875347225356,1789636875448023691,2934722974724697,19968
front,2598,1789636875446711844,1789636875547747473,2934723074448903,20064
rear,2602,1789636875447155134,1789636875548329141,2934723075030198,19968
front,2599,1789636875547829252,1789636875648188137,2934723174889286,19968
front,2600,1789636875647638483,1789636875747938690,2934723274640122,20064
rear,2603,1789636875647398064,1789636875748503236,2934723275204161,19872
front,2601,1789636875747855886,1789636875847558505,2934723374259798,19968
rear,2604,1789636875747165740,1789636875848079894,2934723374780810,20064
front,2602,1789636875847717525,1789636875947603401,2934723474304639,19968
rear,2605,1789636875847101759,1789636875948170788,2934723474871740,19968
front,2603,1789636875946672733,1789636876047696082,2934723574397305,20064
rear,2606,1789636875947163143,1789636876048184403,2934723574885278,19968
front,2604,1789636876047703702,1789636876147527826,2934723674229219,19968
rear,2607,1789636876047134892,1789636876148057042,2934723674757967,20064
front,2605,1789636876147674243,1789636876247814729,2934723774515853,20064
rear,2608,1789636876147298227,1789636876248374940,2934723775075900,19968
front,2606,1789636876247784781,1789636876347473329,2934723874174627,19968
rear,2609,1789636876247124372,1789636876348007727,2934723874708768,19968
front,2607,1789636876347705650,1789636876447649252,2934723974350551,19968
rear,2610,1789636876347141759,1789636876448189778,2934723974890652,20064
front,2608,1789636876446662489,1789636876548220519,2934724074921815,20064
rear,2611,1789636876447183811,1789636876548822604,2934724075523658,19968
front,2609,1789636876547705041,1789636876647738834,2934724174440094,19968
rear,2612,1789636876547137411,1789636876648338820,2934724175039755,20064
front,2610,1789636876647726758,1789636876747868722,2934724274569915,19968
rear,2613,1789636876647243948,1789636876748416295,2934724275117243,20064
front,2611,1789636876746609445,1789636876847995727,2934724374697142,19968
rear,2614,1789636876747234082,1789636876848593145,2934724375294057,19968
front,2612,1789636876846532569,1789636876947591250,2934724474292551,20064
rear,2615,1789636876847118600,1789636876948116680,2934724474817642,19968
front,2613,1789636876947642294,1789636877047729929,2934724574431253,19968
rear,2616,1789636876947242533,1789636877048473559,2934724575174660,19968
front,2614,1789636877046657545,1789636877147561028,2934724674262074,20064
rear,2617,1789636877047136759,1789636877148146283,2934724674847250,19968
front,2615,1789636877147646173,1789636877247725386,2934724774426763,19968
rear,2618,1789636877147065552,1789636877248474457,2934724775175600,20064
front,2616,1789636877247655720,1789636877348718442,2934724875419691,20064
rear,2619,1789636877247213051,1789636877349147768,2934724875848791,19968
front,2617,1789636877347690846,1789636877447847796,2934724974549187,19968
rear,2620,1789636877347050923,1789636877448296616,2934724974997583,20064
front,2618,1789636877447668516,1789636877547812874,2934725074514060,20064
rear,2621,1789636877447187629,1789636877548366932,2934725075068000,19968
front,2619,1789636877547738223,1789636877647501888,2934725174203206,19968
rear,2622,1789636877547152938,1789636877648091058,2934725174792008,19968
front,2620,1789636877647690825,1789636877748191078,2934725274892330,19968
rear,2623,1789636877647101872,1789636877748747843,2934725275448809,20160
front,2621,1789636877747593946,1789636877847805865,2934725374507226,20064
rear,2624,1789636877747388399,1789636877848345398,2934725375046552,19872
front,2622,1789636877847732205,1789636877947388270,2934725474089594,19968
rear,2625,1789636877847213400,1789636877947976921,2934725474677850,19968
front,2623,1789636877947614611,1789636878047398594,2934725574099678,19968
rear,2626,1789636877947107105,1789636878047912656,2934725574613589,19968
front,2624,1789636878046651464,1789636878147648120,2934725674349512,20064
rear,2627,1789636878047056563,1789636878148170454,2934725674871372,20064
front,2625,1789636878147693823,1789636878247499025,2934725774200224,19968
rear,2628,1789636878147167257,1789636878248054182,2934725774755095,20064
front,2626,1789636878247562540,1789636878347819508,2934725874520899,20064
rear,2629,1789636878247206274,1789636878348356414,2934725875057417,19968
front,2627,1789636878347769029,1789636878447429103,2934725974130389,19968
rear,2630,1789636878347087331,1789636878447984692,2934725974685612,19968
front,2628,1789636878447591504,1789636878547379165,2934726074080436,19968
rear,2631,1789636878447128128,1789636878547939844,2934726074640753,19968
front,2629,1789636878547567611,1789636878647541909,2934726174242972,20064
rear,2632,1789636878547084290,1789636878648074694,2934726174775609,20064
front,2630,1789636878647627501,1789636878747593876,2934726274295202,19968
rear,2633,1789636878647142341,1789636878748093444,2934726274794356,19968
front,2631,1789636878747624582,1789636878847694446,2934726374395760,20064
rear,2634,1789636878747177678,1789636878848218162,2934726374919036,19968
front,2632,1789636878847688951,1789636878947433034,2934726474134455,19968
rear,2635,1789636878847052523,1789636878948007276,2934726474708219,19968
front,2633,1789636878947706141,1789636879047335817,2934726574037187,19968
rear,2636,1789636878947012561,1789636879047905814,2934726574606739,20064
front,2634,1789636879046607015,1789636879147780044,2934726674481319,20064
rear,2637,1789636879047181250,1789636879148329184,2934726675030292,19968
front,2635,1789636879147695892,1789636879247404813,2934726774106020,19968
rear,2638,1789636879147043221,1789636879247942591,2934726774643528,20064
front,2636,1789636879247526490,1789636879348315177,2934726875016556,19968
rear,2639,1789636879247133522,1789636879348832704,2934726875533604,20064
front,2637,1789636879347544516,1789636879448008222,2934726974709471,20064
rear,2640,1789636879347395755,1789636879448688296,2934726975389294,19872
front,2638,1789636879447654464,1789636879547326249,2934727074027379,19968
rear,2641,1789636879447045833,1789636879547822395,2934727074523303,19968
front,2639,1789636879546600148,1789636879647457883,2934727174159237,19968
rear,2642,1789636879547046674,1789636879648029872,2934727174730775,20160
front,2640,1789636879646502951,1789636879747737262,2934727274438371,20064
rear,2643,1789636879647175633,1789636879748258583,2934727274959511,19872
front,2641,1789636879747600106,1789636879847462854,2934727374164267,19968
rear,2644,1789636879747033009,1789636879848056077,2934727374756976,19968
front,2642,1789636879846594621,1789636879947584056,2934727474285380,20064
rear,2645,1789636879847025366,1789636879948159375,2934727474860284,20064
front,2643,1789636879947619873,1789636880047609582,2934727574310918,19968
rear,2646,1789636879947166328,1789636880048126073,2934727574826985,19968
front,2644,1789636880047551760,1789636880147586728,2934727674288112,20064
rear,2647,1789636880047067564,1789636880148141695,2934727674842587,20064
front,2645,1789636880147694397,1789636880247697646,2934727774398887,19968
rear,2648,1789636880147023212,1789636880248241727,2934727774942628,19968
front,2646,1789636880247560928,1789636880347532545,2934727874233920,19968
rear,2649,1789636880247008782,1789636880348081551,2934727874782455,20064
front,2647,1789636880347560017,1789636880447803520,2934727974504834,20064
rear,2650,1789636880347106639,1789636880448403772,2934727975104747,19872
front,2648,1789636880447630676,1789636880547951618,2934728074652979,19968
rear,2651,1789636880446981363,1789636880548491827,2934728075192749,20064
front,2649,1789636880547596119,1789636880647549958,2934728174251407,19968
rear,2652,1789636880547230871,1789636880648088764,2934728174789673,19968
front,2650,1789636880647540596,1789636880747628005,2934728274329168,20064
rear,2653,1789636880647059804,1789636880748165529,2934728274866483,19968
front,2651,1789636880747624715,1789636880847444586,2934728374145948,19968
rear,2654,1789636880746998531,1789636880848007879,2934728374708784,20064
front,2652,1789636880847554402,1789636880948224892,2934728474926138,19968
rear,2655,1789636880847145692,1789636880948799058,2934728475500025,19968
front,2653,1789636880947540224,1789636881047667646,2934728574369044,20064
rear,2656,1789636880947233429,1789636881048242488,2934728574943388,19872
front,2654,1789636881047522916,1789636881148027007,2934728674728579,19968
rear,2657,1789636881046972129,1789636881148591248,2934728675292140,20064
front,2655,1789636881147582789,1789636881248224665,2934728774925897,19968
rear,2658,1789636881147210204,1789636881248768366,2934728775469308,20064
front,2656,1789636881247501337,1789636881347698958,2934728874400630,20064
rear,2659,1789636881247298705,1789636881348259651,2934728874960528,19872
front,2657,1789636881347596243,1789636881447361585,2934728974062656,19968
rear,2660,1789636881346952424,1789636881447916833,2934728974617887,20064
front,2658,1789636881447523934,1789636881547858818,2934729074560257,20064
rear,2661,1789636881447058748,1789636881548414188,2934729075115178,20064
front,2659,1789636881547586650,1789636881648230664,2934729174931928,19968
rear,2662,1789636881547035443,1789636881648865371,2934729175566442,20064
front,2660,1789636881647626942,1789636881748203860,2934729274905489,19968
rear,2663,1789636881647248241,1789636881748716039,2934729275416938,19968
front,2661,1789636881747540678,1789636881847738563,2934729374440011,20064
rear,2664,1789636881747254770,1789636881848293371,2934729374994283,19872
front,2662,1789636881847554122,1789636881947468604,2934729474170026,19968
rear,2665,1789636881846987938,1789636881948050662,2934729474751638,20064
front,2663,1789636881947518875,1789636882048140016,2934729574841717,19968
rear,2666,1789636881947013398,1789636882048688532,2934729575389561,20064
front,2664,1789636882047475270,1789636882147807145,2934729674508811,20064
rear,2667,1789636882047225593,1789636882148338371,2934729675039360,19872
front,2665,1789636882147575241,1789636882247432239,2934729774133269,19968
rear,2668,1789636882147015947,1789636882248005194,2934729774706168,20064
front,2666,1789636882247509661,1789636882348442981,2934729875144522,19968
rear,2669,1789636882247011675,1789636882349116358,2934729875817386,20064
front,2667,1789636882347475081,1789636882447937205,2934729974642734,20064
rear,2670,1789636882347194205,1789636882448470055,2934729975171048,19872
front,2668,1789636882447536316,1789636882547396128,2934730074097465,19968
rear,2671,1789636882446953993,1789636882547894620,2934730074595586,20064
front,2669,1789636882547554205,1789636882648150026,2934730174851605,19968
rear,2672,1789636882547077354,1789636882648743262,2934730175444221,20064
front,2670,1789636882647467817,1789636882747504925,2934730274206627,19872
rear,2673,1789636882647224009,1789636882748032746,2934730274733718,19872
front,2671,1789636882746625441,1789636882847641238,2934730374342517,20160
rear,2674,1789636882746912910,1789636882848160237,2934730374861198,20064
front,2672,1789636882846755062,1789636882948223881,2934730474924948,19872
rear,2675,1789636882847014243,1789636882948768733,2934730475469670,20064
front,2673,1789636882947542020,1789636883047789398,2934730574490770,19968
rear,2676,1789636882947231479,1789636883048344815,2934730575045709,19872
front,2674,1789636883047531855,1789636883147878082,2934730674579706,19968
rear,2677,1789636883046938235,1789636883148397885,2934730675098789,20064
front,2675,1789636883147478912,1789636883248114014,2934730774815847,19968
rear,2678,1789636883147104756,1789636883248671372,2934730775372333,20064
front,2676,1789636883247435593,1789636883347653860,2934730874355554,20064
rear,2679,1789636883247189773,1789636883348196777,2934730874897712,19872
front,2677,1789636883347621636,1789636883447368083,2934730974069284,19968
rear,2680,1789636883346874524,1789636883447908675,2934730974609612,19968
front,2678,1789636883447505974,1789636883548006579,2934731074708035,19968
rear,2681,1789636883446888628,1789636883548568600,2934731075269501,20160
front,2679,1789636883547520589,1789636883648040091,2934731174741573,19968
rear,2682,1789636883547227987,1789636883648620496,2934731175321389,19968
front,2680,1789636883647581125,1789636883747994949,2934731274696334,20064
rear,2683,1789636883647109756,1789636883748551104,2934731275252181,19968
front,2681,1789636883747516091,1789636883847457812,2934731374159202,19968
rear,2684,1789636883747078357,1789636883848007872,2934731374708731,19968
front,2682,1789636883847541792,1789636883948008412,2934731474709622,19968
rear,2685,1789636883846903396,1789636883948549072,2934731475250014,20064
front,2683,1789636883947545140,1789636884047600800,2934731574301952,19968
rear,2686,1789636883947148320,1789636884048164614,2934731574865574,19968
front,2684,1789636884047543300,1789636884147712579,2934731674414313,20064
rear,2687,1789636884046992421,1789636884148212921,2934731674913822,19968
front,2685,1789636884147583699,1789636884247487857,2934731774188956,19968
rear,2688,1789636884146922427,1789636884248030258,2934731774731210,20064
front,2686,1789636884247481196,1789636884347600384,2934731874301469,19968
rear,2689,1789636884247013450,1789636884348117215,2934731874818140,19968
front,2687,1789636884347522350,1789636884447530436,2934731974231826,20064
rear,2690,1789636884346976579,1789636884448049602,2934731974750680,19968
front,2688,1789636884447565098,1789636884547636315,2934732074337675,19968
rear,2691,1789636884446870604,1789636884548171688,2934732074872571,20064
front,2689,1789636884547580622,1789636884648017491,2934732174718922,20064
rear,2692,1789636884546984970,1789636884648580041,2934732175280981,19968
front,2690,1789636884647524730,1789636884747810837,2934732274512542,19872
rear,2693,1789636884646914433,1789636884748330867,2934732275031874,20064
front,2691,1789636884747439629,1789636884848088838,2934732374790218,19968
rear,2694,1789636884747074963,1789636884848581590,2934732375282507,20064
front,2692,1789636884847358899,1789636884948177113,2934732474878492,20064
rear,2695,1789636884847172494,1789636884948741418,2934732475442393,19968
front,2693,1789636884947396309,1789636885047781949,2934732574483436,19968
rear,2696,1789636884947154288,1789636885048351940,2934732575052923,19968
front,2694,1789636885047363329,1789636885147978084,2934732674679259,20064
rear,2697,1789636885047057017,1789636885148485180,2934732675186159,20064
front,2695,1789636885147520018,1789636885247672559,2934732774374066,20064
rear,2698,1789636885147100071,1789636885248244084,2934732774944998,19872
front,2696,1789636885247525281,1789636885347911950,2934732874613625,19968
rear,2699,1789636885246907989,1789636885348440046,2934732875140955,20064
front,2697,1789636885347576170,1789636885448059972,2934732974761260,19968
rear,2700,1789636885347084826,1789636885448636139,2934732975337117,20064
front,2698,1789636885447360912,1789636885548100651,2934733074801886,19968
rear,2701,1789636885447123448,1789636885548606781,2934733075307721,19968
front,2699,1789636885547408843,1789636885647537515,2934733174238717,20064
rear,2702,1789636885547163189,1789636885648047918,2934733174748831,19872
front,2700,1789636885647530185,1789636885747802403,2934733274503607,19968
rear,2703,1789636885646866331,1789636885748290121,2934733274991038,20064
front,2701,1789636885747395982,1789636885848162075,2934733374863573,20064
rear,2704,1789636885747051614,1789636885848713120,2934733375414144,20064
front,2702,1789636885847472468,1789636885947948093,2934733474649755,19968
rear,2705,1789636885847139798,1789636885948531944,2934733475232964,19968
front,2703,1789636885947415545,1789636886047798959,2934733574500631,19968
rear,2706,1789636885947041262,1789636886048394216,2934733575095174,20064
front,2704,1789636886047402863,1789636886148162752,2934733674864358,20064
rear,2707,1789636886047020478,1789636886148721658,2934733675422602,19968
front,2705,1789636886147540533,1789636886247768142,2934733774469535,19968
rear,2708,1789636886147119053,1789636886248363503,2934733775064444,19968
front,2706,1789636886247412198,1789636886348004834,2934733874706420,20064
rear,2709,1789636886247050062,1789636886348508010,2934733875208970,20064
front,2707,1789636886347525179,1789636886448059976,2934733974761246,19968
rear,2710,1789636886347120906,1789636886448647472,2934733975348403,19968
front,2708,1789636886447491123,1789636886547887286,2934734074588475,19968
rear,2711,1789636886447090618,1789636886548409941,2934734075110854,20064
front,2709,1789636886547347880,1789636886647961820,2934734174663031,19968
rear,2712,1789636886547160989,1789636886648462159,2934734175163158,19968
front,2710,1789636886647313131,1789636886748151125,2934734274852254,20064
rear,2713,1789636886647083490,1789636886748654848,2934734275355812,19968
front,2711,1789636886747386318,1789636886848011889,2934734374713379,19968
rear,2714,1789636886747017818,1789636886848538135,2934734375239106,20064
front,2712,1789636886847381573,1789636886948156728,2934734474858279,20064
rear,2715,1789636886847149753,1789636886948779305,2934734475480351,20064
front,2713,1789636886947473407,1789636887047900730,2934734574601968,19968
rear,2716,1789636886947095987,1789636887048428426,2934734575129392,19872
front,2714,1789636887047382842,1789636887147870204,2934734674571659,19968
rear,2717,1789636887047030281,1789636887148415123,2934734675116127,20064
front,2715,1789636887147372842,1789636887248092115,2934734774793525,20064
rear,2718,1789636887147131753,1789636887248703292,2934734775404261,19968
front,2716,1789636887247438713,1789636887347905119,2934734874606426,20064
rear,2719,1789636887247078936,1789636887348433429,2934734875134325,19968
front,2717,1789636887347524113,1789636887447846143,2934734974547276,19872
rear,2720,1789636887347032678,1789636887448381100,2934734975082131,20064
front,2718,1789636887447290557,1789636887548350076,2934735075051663,20064
rear,2721,1789636887447095663,1789636887548946789,2934735075647674,20064
front,2719,1789636887547372321,1789636887648021464,2934735174723024,20064
rear,2722,1789636887547139216,1789636887648545448,2934735175246418,19872
front,2720,1789636887647488050,1789636887747787559,2934735274488879,19968
rear,2723,1789636887647026470,1789636887748275470,2934735274976414,20064
front,2721,1789636887747491017,1789636887848044653,2934735374745945,19968
rear,2724,1789636887747065739,1789636887848558052,2934735375258979,20064
front,2722,1789636887847312941,1789636887948082035,2934735474783378,19968
rear,2725,1789636887847125241,1789636887948654372,2934735475355297,19968
front,2723,1789636887947311272,1789636888047976107,2934735574677400,20064
rear,2726,1789636887947155998,1789636888048489672,2934735575190593,19968
front,2724,1789636888047323022,1789636888147716951,2934735674418075,19968
rear,2727,1789636888047119315,1789636888148198325,2934735674899264,19968
front,2725,1789636888147326253,1789636888247920404,2934735774621800,20064
rear,2728,1789636888146974972,1789636888248449391,2934735775150286,19968
front,2726,1789636888247427906,1789636888347982938,2934735874684471,19968
rear,2729,1789636888246968991,1789636888348514130,2934735875215072,20064
front,2727,1789636888347390843,1789636888448231962,2934735974933328,20064
rear,2730,1789636888347007250,1789636888448747234,2934735975448180,20064
front,2728,1789636888447418651,1789636888547936933,2934736074638556,19968
rear,2731,1789636888447053810,1789636888548490676,2934736075191682,19968
front,2729,1789636888547398680,1789636888647770343,2934736174471284,19968
rear,2732,1789636888547055643,1789636888648281142,2934736174982055,19968
front,2730,1789636888647291323,1789636888747864107,2934736274565385,20064
rear,2733,1789636888647031889,1789636888748352748,2934736275053785,19968
front,2731,1789636888747408832,1789636888847855721,2934736374557131,19968
rear,2734,1789636888746974100,1789636888848381648,2934736375082637,20064
front,2732,1789636888847327052,1789636888948016399,2934736474717492,19968
rear,2735,1789636888847060247,1789636888948574524,2934736475275455,19968
front,2733,1789636888947278764,1789636889047774822,2934736574476010,20064
rear,2736,1789636888947108877,1789636889048255574,2934736574956556,19968
front,2734,1789636889047357128,1789636889147442780,2934736674144209,20064
rear,2737,1789636889046964596,1789636889147948497,2934736674649441,19872
front,2735,1789636889147442802,1789636889247773380,2934736774474841,19872
rear,2738,1789636889146730000,1789636889248333069,2934736775034128,20160
front,2736,1789636889247265901,1789636889348050569,2934736874751712,20064
rear,2739,1789636889247034220,1789636889348579959,2934736875281005,19968
front,2737,1789636889347337879,1789636889447451151,2934736974152476,20064
rear,2740,1789636889346959261,1789636889447933387,2934736974634350,19872
front,2738,1789636889447433404,1789636889547814194,2934737074515309,19968
rear,2741,1789636889446719838,1789636889548376576,2934737075077563,20160
front,2739,1789636889547406064,1789636889647894478,2934737174595583,19968
rear,2742,1789636889547088008,1789636889648416716,2934737175117654,19968
front,2740,1789636889647322296,1789636889747860986,2934737274562915,20064
rear,2743,1789636889647000739,1789636889748383346,2934737275084304,20064
front,2741,1789636889747422707,1789636889848352455,2934737375053963,19968
rear,2744,1789636889747020241,1789636889849091267,2934737375792414,19968
front,2742,1789636889847360482,1789636889947986911,2934737474688468,19968
rear,2745,1789636889847010967,1789636889948696677,2934737475397897,19968
front,2743,1789636889947316608,1789636890047801023,2934737574502394,20064
rear,2746,1789636889947001969,1789636890048325863,2934737575026870,19968
front,2744,1789636890047390143,1789636890147829337,2934737674530881,19968
rear,2747,1789636890046918436,1789636890148350901,2934737675051808,20064
front,2745,1789636890147359229,1789636890247973793,2934737774675155,20064
rear,2748,1789636890147073413,1789636890248526642,2934737775227549,19968
front,2746,1789636890247362937,1789636890347643951,2934737874345346,19968
rear,2749,1789636890246970583,1789636890348174992,2934737874875973,19968
front,2747,1789636890347393847,1789636890447849322,2934737974550437,19968
front,2748,1789636890447311449,1789636890548107111,2934738074808548,20064
rear,2750,1789636890447628528,1789636890548696884,2934738075397811,19968
front,2749,1789636890547360500,1789636890647694327,2934738174395488,19968
rear,2751,1789636890547014670,1789636890648251177,2934738174952148,19776
front,2750,1789636890647372860,1789636890747664998,2934738274366128,19968
rear,2752,1789636890646903717,1789636890748206993,2934738274907997,20064
front,2751,1789636890747292839,1789636890847886250,2934738374587637,19968
front,2752,1789636890847207684,1789636890948089236,2934738474790409,20064
rear,2753,1789636890847655131,1789636890948625802,2934738475326952,19872
front,2753,1789636890947353802,1789636891047606513,2934738574307666,19968
rear,2754,1789636890947011271,1789636891048115215,2934738574816214,19872
front,2754,1789636891047240919,1789636891147615236,2934738674316321,19968
rear,2755,1789636891046874995,1789636891148145441,2934738674846382,20064
front,2755,1789636891147242261,1789636891248023867,2934738774725018,20064
rear,2756,1789636891146855659,1789636891248587588,2934738775288504,19968
front,2756,1789636891247321538,1789636891347784176,2934738874485387,19968
rear,2757,1789636891246940668,1789636891348320757,2934738875021695,20064
front,2757,1789636891347294542,1789636891448376499,2934738975077708,20064
rear,2758,1789636891347045695,1789636891448899841,2934738975600799,19968
front,2758,1789636891447310184,1789636891547994891,2934739074696328,19968
rear,2759,1789636891446950009,1789636891548554150,2934739075255066,20064
front,2759,1789636891547323149,1789636891648105789,2934739174806968,19968
rear,2760,1789636891546993060,1789636891648606786,2934739175307750,19968
front,2760,1789636891647230096,1789636891747980897,2934739274682121,19968
rear,2761,1789636891646982926,1789636891748494555,2934739275195539,20064
front,2761,1789636891747209287,1789636891848294962,2934739374996458,20064
rear,2762,1789636891746981528,1789636891848863167,2934739375564172,19968
front,2762,1789636891847344312,1789636891947576287,2934739474277449,20064
rear,2763,1789636891847044566,1789636891948185500,2934739474886571,19872
front,2763,1789636891947295186,1789636892047803053,2934739574504193,19872
rear,2764,1789636891946760013,1789636892048289321,2934739574990232,20160
front,2764,1789636892047183358,1789636892147887444,2934739674589107,20064
rear,2765,1789636892047010837,1789636892148396231,2934739675097128,19872
front,2765,1789636892147260493,1789636892247533028,2934739774234317,20064
rear,2766,1789636892146892987,1789636892248087427,2934739774788417,19968
front,2766,1789636892247242656,1789636892347721921,2934739874423347,19968
rear,2767,1789636892246697945,1789636892348268086,2934739874968948,20064
front,2767,1789636892347259471,1789636892447892803,2934739974594131,20064
rear,2768,1789636892346918116,1789636892448464262,2934739975165201,19968
front,2768,1789636892447263293,1789636892547723096,2934740074424892,19872
rear,2769,1789636892446754215,1789636892548251856,2934740074952831,20064
front,2769,1789636892547188078,1789636892648008666,2934740174709979,20064
rear,2770,1789636892546921110,1789636892648540784,2934740175241692,20064
front,2770,1789636892647298957,1789636892747941082,2934740274642519,19968
rear,2771,1789636892646940578,1789636892748523423,2934740275224379,19968
front,2771,1789636892747327977,1789636892847604159,2934740374305256,20064
rear,2772,1789636892746986986,1789636892848146030,2934740374847008,19872
front,2772,1789636892847180485,1789636892947580840,2934740474282550,19968
rear,2773,1789636892846669662,1789636892948138556,2934740474839603,20064
front,2773,1789636892947340896,1789636893047845358,2934740574546744,19776
rear,2774,1789636892946818186,1789636893048394870,2934740575095856,19968
front,2774,1789636893047169516,1789636893147869981,2934740674571576,20064
rear,2775,1789636893046853621,1789636893148415550,2934740675116417,20064
front,2775,1789636893147236370,1789636893247823252,2934740774524765,19968
rear,2776,1789636893146987055,1789636893248399995,2934740775100971,19968
front,2776,1789636893247133839,1789636893347582104,2934740874283528,19968
rear,2777,1789636893246872725,1789636893348157848,2934740874858763,19968
front,2777,1789636893347262392,1789636893447740851,2934740974442699,20064
rear,2778,1789636893346830476,1789636893448313369,2934740975014422,20064
front,2778,1789636893447254292,1789636893547696666,2934741074398497,19968
rear,2779,1789636893446890250,1789636893548278472,2934741074979460,19968
front,2779,1789636893547282609,1789636893647736142,2934741174437618,19872
rear,2780,1789636893546809908,1789636893648271262,2934741174972291,20064
front,2780,1789636893647190167,1789636893747990165,2934741274691398,20064
rear,2781,1789636893646967648,1789636893748499960,2934741275200931,19968
front,2781,1789636893747245451,1789636893847802250,2934741374503601,20064
rear,2782,1789636893746913191,1789636893848311858,2934741375012827,19968
front,2782,1789636893847317033,1789636893947686323,2934741474387619,19872
rear,2783,1789636893846840999,1789636893948234280,2934741474935205,20064
front,2783,1789636893947262427,1789636894047892744,2934741574594102,20064
rear,2784,1789636893946942106,1789636894048399346,2934741575100287,19968
front,2784,1789636894047306991,1789636894147529575,2934741674230851,19872
rear,2785,1789636894046888346,1789636894148046985,2934741674747893,19968
front,2785,1789636894147139093,1789636894247812130,2934741774513333,20064
rear,2786,1789636894146797831,1789636894248361774,2934741775062665,20064
front,2786,1789636894247188136,1789636894347728298,2934741874429499,19968
rear,2787,1789636894246907799,1789636894348228217,2934741874929187,19968
front,2787,1789636894347152300,1789636894447973407,2934741974674962,20064
rear,2788,1789636894346808787,1789636894448593666,2934741975294592,20064
front,2788,1789636894447183420,1789636894547763379,2934742074464557,19968
rear,2789,1789636894446976329,1789636894548324005,2934742075024936,19968
front,2789,1789636894547172751,1789636894647634390,2934742174335695,20064
rear,2790,1789636894546863060,1789636894648141548,2934742174842499,19968
front,2790,1789636894647256367,1789636894747537518,2934742274238672,19968
rear,2791,1789636894646768300,1789636894748032841,2934742274733743,19968
front,2791,1789636894747295533,1789636894847754200,2934742374455521,20064
rear,2792,1789636894746772908,1789636894848259525,2934742374960476,20064
front,2792,1789636894847208782,1789636894947765178,2934742474466409,19968
rear,2793,1789636894846828183,1789636894948329829,2934742475030746,19968
front,2793,1789636894947270302,1789636895047758798,2934742574460083,19968
rear,2794,1789636894946845403,1789636895048270496,2934742574971401,20064
front,2794,1789636895047150589,1789636895147801043,2934742674502338,20064
rear,2795,1789636895046947695,1789636895148339259,2934742675040256,19968
front,2795,1789636895147304454,1789636895247629463,2934742774330774,19968
rear,2796,1789636895146796897,1789636895248143987,2934742774844967,20064
front,2796,1789636895247256317,1789636895347844547,2934742874546245,19968
rear,2797,1789636895246872663,1789636895348350851,2934742875051735,19968
front,2797,1789636895347174325,1789636895447632580,2934742974333968,19968
rear,2798,1789636895346925590,1789636895448184813,2934742974885767,19968
front,2798,1789636895447093910,1789636895547732100,2934743074433377,20064
rear,2799,1789636895446841728,1789636895548292430,2934743074993417,20064
front,2799,1789636895547203431,1789636895647973281,2934743174674583,19968
rear,2800,1789636895546874300,1789636895648463273,2934743175164177,19968
front,2800,1789636895647194459,1789636895748037138,2934743274738380,20064
rear,2801,1789636895646936365,1789636895748597114,2934743275298140,19968
front,2801,1789636895747288834,1789636895847631712,2934743374332971,19968
rear,2802,1789636895746846662,1789636895848180111,2934743374881102,19968
front,2802,1789636895847142836,1789636895947821642,2934743474523034,20064
rear,2803,1789636895846788329,1789636895948399223,2934743475100222,20064
front,2803,1789636895947288072,1789636896047969282,2934743574670471,19968
rear,2804,1789636895946907422,1789636896048668994,2934743575370011,19968
front,2804,1789636896047251372,1789636896147466976,2934743674168293,19968
rear,2805,1789636896046804293,1789636896148000941,2934743674701908,20064
front,2805,1789636896147150208,1789636896247899082,2934743774600425,20064
rear,2806,1789636896146761495,1789636896248460004,2934743775160972,19968
front,2806,1789636896247250226,1789636896347591467,2934743874292994,19968
rear,2807,1789636896246853099,1789636896348151282,2934743874852280,19968
front,2807,1789636896347118404,1789636896447558337,2934743974259565,19968
rear,2808,1789636896346798959,1789636896448112905,2934743974813846,19968
front,2808,1789636896447106667,1789636896547772411,2934744074473751,20064
rear,2809,1789636896446762644,1789636896548371518,2934744075072490,20064
front,2809,1789636896547188740,1789636896647634033,2934744174335305,19968
rear,2810,1789636896546826860,1789636896648170400,2934744174871309,19968
front,2810,1789636896647069527,1789636896747629050,2934744274330566,19968
rear,2811,1789636896646711861,1789636896748133713,2934744274834675,20064
front,2811,1789636896747069914,1789636896847791107,2934744374492419,20064
rear,2812,1789636896746863729,1789636896848326107,2934744375027054,19968
front,2812,1789636896847222544,1789636896947512954,2934744474214435,19968
rear,2813,1789636896846743657,1789636896948106489,2934744474807401,19968
front,2813,1789636896947074511,1789636897047562560,2934744574263790,20064
rear,2814,1789636896946732908,1789636897048140381,2934744574841272,20064
front,2814,1789636897047211573,1789636897147990763,2934744674692092,19968
rear,2815,1789636897046701346,1789636897148517263,2934744675218214,19968
front,2815,1789636897147147588,1789636897247648611,2934744774349667,19968
rear,2816,1789636897146788111,1789636897248224414,2934744774925327,19968
front,2816,1789636897247028352,1789636897347886318,2934744874587440,20064
rear,2817,1789636897246726089,1789636897348430390,2934744875131362,20064
front,2817,1789636897347193999,1789636897447978067,2934744974679575,19968
rear,2818,1789636897346802183,1789636897448504431,2934744975205331,19968
front,2818,1789636897447047020,1789636897547800692,2934745074502380,19968
rear,2819,1789636897446756221,1789636897548373270,2934745075074230,20064
front,2819,1789636897547079458,1789636897648075160,2934745174776421,20064
rear,2820,1789636897546828918,1789636897648609737,2934745175310737,19968
front,2820,1789636897647075444,1789636897747640805,2934745274341997,19968
rear,2821,1789636897646747140,1789636897748139709,2934745274840688,19968
front,2821,1789636897747082290,1789636897847760478,2934745374461672,20064
rear,2822,1789636897746762205,1789636897848268538,2934745374969506,19968
front,2822,1789636897847107954,1789636897947668018,2934745474369485,19968
rear,2823,1789636897846693649,1789636897948220597,2934745474921650,20064
front,2823,1789636897947162893,1789636898048031648,2934745574733122,19968
rear,2824,1789636897946707478,1789636898048591413,2934745575292313,20064
front,2824,1789636898047037107,1789636898148047065,2934745674748128,20064
rear,2825,1789636898046834101,1789636898148587793,2934745675289208,19872
front,2825,1789636898147212468,1789636898247539118,2934745774240319,19968
rear,2826,1789636898146698686,1789636898248087035,2934745774787956,20064
front,2826,1789636898247029565,1789636898347749926,2934745874451047,20064
rear,2827,1789636898246752830,1789636898348249653,2934745874950579,19968
front,2827,1789636898347153383,1789636898447515508,2934745974216674,19968
rear,2828,1789636898346710515,1789636898448057303,2934745974758303,19968
front,2828,1789636898447076713,1789636898547446048,2934746074147411,19968
rear,2829,1789636898446723963,1789636898548006309,2934746074707199,20064
front,2829,1789636898547068898,1789636898647840959,2934746174542150,20064
rear,2830,1789636898546680919,1789636898648410999,2934746175111891,19968
front,2830,1789636898647175939,1789636898747574475,2934746274275753,19968
rear,2831,1789636898646664365,1789636898748063276,2934746274764223,20064
front,2831,1789636898747060597,1789636898847805135,2934746374506549,20064
rear,2832,1789636898746793340,1789636898848297849,2934746374998824,19968
front,2832,1789636898847152396,1789636898947391021,2934746474092254,19968
rear,2833,1789636898846744310,1789636898947955648,2934746474656500,19968
front,2833,1789636898947078723,1789636899047662315,2934746574363633,19968
rear,2834,1789636898946656106,1789636899048145536,2934746574846463,20064
front,2834,1789636899047035490,1789636899147808730,2934746674509984,20064
rear,2835,1789636899046839690,1789636899148310592,2934746675011606,19968
front,2835,1789636899147098996,1789636899247462942,2934746774164166,19968
rear,2836,1789636899146775265,1789636899248046069,2934746774747002,19968
front,2836,1789636899247053529,1789636899347618123,2934746874319239,20064
rear,2837,1789636899246744074,1789636899348146822,2934746874847739,20064
front,2837,1789636899347178383,1789636899447519810,2934746974220963,19968
rear,2838,1789636899346755201,1789636899448033948,2934746974734872,19968
front,2838,1789636899447082097,1789636899547524307,2934747074225689,19968
rear,2839,1789636899446674182,1789636899548033610,2934747074734529,20064
front,2839,1789636899547059766,1789636899647784861,2934747174485939,20064
rear,2840,1789636899546798510,1789636899648291700,2934747174992645,19968
front,2840,1789636899647137807,1789636899747469064,2934747274170242,19968
rear,2841,1789636899646786179,1789636899748003689,2934747274704595,19968
front,2841,1789636899747089726,1789636899847537733,2934747374239056,19968
rear,2842,1789636899746732765,1789636899848065792,2934747374766698,19968
front,2842,1789636899847000920,1789636899947534828,2934747474235940,20064
rear,2843,1789636899846706936,1789636899948112538,2934747474813613,20064
front,2843,1789636899947116733,1789636900047546225,2934747574247453,19968
rear,2844,1789636899946696996,1789636900048075760,2934747574776736,19968
front,2844,1789636900047022713,1789636900147582980,2934747674284241,20064
rear,2845,1789636900046641566,1789636900148094594,2934747674795522,19968
front,2845,1789636900147179193,1789636900247442131,2934747774143447,19968
rear,2846,1789636900146671748,1789636900248006394,2934747774707394,19968
front,2846,1789636900247018975,1789636900347437163,2934747874138772,19968
rear,2847,1789636900246626684,1789636900347958570,2934747874659562,20064
front,2847,1789636900347014092,1789636900447639908,2934747974341291,19968
rear,2848,1789636900346641670,1789636900448167344,2934747974868311,19968
front,2848,1789636900446966087,1789636900547599014,2934748074300375,20064
rear,2849,1789636900446701390,1789636900548188709,2934748074889603,20064
front,2849,1789636900547026210,1789636900647630493,2934748174332163,19968
rear,2850,1789636900546751098,1789636900648148806,2934748174849767,19968
front,2850,1789636900646970889,1789636900747394539,2934748274095862,19968
rear,2851,1789636900646668899,1789636900747926363,2934748274627300,19872
front,2851,1789636900746988102,1789636900847657782,2934748374359078,20064
rear,2852,1789636900746603147,1789636900848169546,2934748374870436,20064
front,2852,1789636900846965357,1789636900947679459,2934748474380719,19968
rear,2853,1789636900846754072,1789636900948248327,2934748474949270,20064
front,2853,1789636900947017675,1789636901047680376,2934748574381788,20064
rear,2854,1789636900946623647,1789636901048196698,2934748574897546,19872
front,2854,1789636901047026092,1789636901147426296,2934748674127744,19968
rear,2855,1789636901046622083,1789636901147927090,2934748674628052,19968
front,2855,1789636901146963188,1789636901247528385,2934748774229913,19968
rear,2856,1789636901146673837,1789636901248125393,2934748774826337,20064
front,2856,1789636901246986323,1789636901347760229,2934748874461676,20064
rear,2857,1789636901246697208,1789636901348327952,2934748875028980,19968
front,2857,1789636901346996265,1789636901447419556,2934748974121347,19968
rear,2858,1789636901346674291,1789636901448000905,2934748974701844,19968
front,2858,1789636901447000112,1789636901547512713,2934749074214198,19968
rear,2859,1789636901446610685,1789636901548109323,2934749074810284,20064
front,2859,1789636901546981502,1789636901647761705,2934749174463191,20064
rear,2860,1789636901546691165,1789636901648342953,2934749175043975,19968
front,2860,1789636901647015096,1789636901747533772,2934749274235024,19968
rear,2861,1789636901646619935,1789636901748057638,2934749274758644,20064
front,2861,1789636901746979081,1789636901848002984,2934749374704476,19968
rear,2862,1789636901746715708,1789636901848723446,2934749375424566,20064
front,2862,1789636901846915655,1789636901947859990,2934749474561325,20064
rear,2863,1789636901846725344,1789636901948601245,2934749475302230,19872
front,2863,1789636901947078399,1789636902047788211,2934749574489478,20064
rear,2864,1789636901946653039,1789636902048481201,2934749575182277,20064
front,2864,1789636902047009058,1789636902147596745,2934749674298136,19872
rear,2865,1789636902046710286,1789636902148146039,2934749674846944,19968
front,2865,1789636902146972461,1789636902247495445,2934749774196933,20064
rear,2866,1789636902146689523,1789636902248006995,2934749774707973,19968
front,2866,1789636902247001492,1789636902347602607,2934749874304385,20064
rear,2867,1789636902246642419,1789636902348137153,2934749874838051,20064
front,2867,1789636902347033180,1789636902447671678,2934749974373096,19968
rear,2868,1789636902346744601,1789636902448247805,2934749974948720,19968
front,2868,1789636902447004175,1789636902547657677,2934750074358822,20064
rear,2869,1789636902446676367,1789636902548193361,2934750074894245,20064
front,2869,1789636902547083494,1789636902647660091,2934750174361414,19968
rear,2870,1789636902546796391,1789636902648169524,2934750174870598,19968
front,2870,1789636902646918264,1789636902747923602,2934750274625116,19872
rear,2871,1789636902646727377,1789636902748645397,2934750275346426,20064
front,2871,1789636902746958931,1789636902847612309,2934750374313637,19968
rear,2872,1789636902746766743,1789636902848187035,2934750374887949,19872
rear,2873,1789636902846570613,1789636902948246279,2934750474947736,20064
front,2872,1789636902946982566,1789636903047675765,2934750574377200,19872
rear,2874,1789636902946680410,1789636903048213446,2934750574914415,19968
front,2873,1789636903047019019,1789636903147856727,2934750674558036,19872
rear,2875,1789636903046677017,1789636903148604179,2934750675305180,20064
front,2874,1789636903147068090,1789636903248030620,2934750774732251,20064
rear,2876,1789636903146819663,1789636903248788958,2934750775490056,19968
front,2875,1789636903246983995,1789636903347701571,2934750874402981,19872
rear,2877,1789636903246711796,1789636903348320478,2934750875021363,19968
front,2876,1789636903346951386,1789636903447450795,2934750974152134,19968
rear,2878,1789636903346690325,1789636903448014813,2934750974715846,19968
front,2877,1789636903446928427,1789636903547561035,2934751074262281,20064
rear,2879,1789636903446599983,1789636903548139415,2934751074840345,20064
front,2878,1789636903547025175,1789636903647659865,2934751174361348,19968
rear,2880,1789636903546645511,1789636903648206539,2934751174907484,19968
front,2879,1789636903646928718,1789636903747841602,2934751274542992,19968
rear,2881,1789636903646625468,1789636903748539175,2934751275240230,20064
front,2880,1789636903747053356,1789636903847972771,2934751374673954,20064
rear,2882,1789636903746743752,1789636903848651184,2934751375352269,19968
front,2881,1789636903846990759,1789636903947765655,2934751474467066,19968
rear,2883,1789636903846616235,1789636903948449382,2934751475150395,20064
front,2882,1789636903947067550,1789636904047739131,2934751574440121,19968
rear,2884,1789636903946741967,1789636904048278228,2934751574979147,19968
front,2883,1789636904046891530,1789636904147506037,2934751674207321,19968
rear,2885,1789636904046735660,1789636904148050854,2934751674751840,19968
front,2884,1789636904146975597,1789636904247744872,2934751774446310,20064
rear,2886,1789636904146612553,1789636904248313921,2934751775014935,20064
front,2885,1789636904246925201,1789636904347695510,2934751874396730,19968
rear,2887,1789636904246753396,1789636904348203067,2934751874903979,19968
front,2886,1789636904347019762,1789636904447774016,2934751974475705,20064
rear,2888,1789636904346678634,1789636904448346172,2934751975047288,20064
front,2887,1789636904446968808,1789636904547834242,2934752074535526,19968
rear,2889,1789636904446798733,1789636904548397568,2934752075098497,19968
front,2888,1789636904546995791,1789636904647560480,2934752174262125,19968
rear,2890,1789636904546772392,1789636904648116565,2934752174817489,19968
front,2889,1789636904646916413,1789636904747765648,2934752274467102,20064
rear,2891,1789636904646720085,1789636904748313959,2934752275014928,20064
front,2890,1789636904746985666,1789636904847736272,2934752374437921,19968
rear,2892,1789636904746778027,1789636904848270558,2934752374971480,19968
front,2891,1789636904846997745,1789636904947440290,2934752474141888,19968
rear,2893,1789636904846672971,1789636904947999868,2934752474700794,19968
front,2892,1789636904946898720,1789636905047622789,2934752574324437,20064
rear,2894,1789636904946671541,1789636905048140314,2934752574841241,20064
front,2893,1789636905046998929,1789636905147557171,2934752674258388,19968
rear,2895,1789636905046800581,1789636905148062230,2934752674763172,19968
front,2894,1789636905146968736,1789636905247401473,2934752774103136,19968
rear,2896,1789636905146665229,1789636905247993665,2934752774694898,19968
front,2895,1789636905246879959,1789636905347614203,2934752874315586,20064
rear,2897,1789636905246597996,1789636905348128622,2934752874829733,20064
front,2896,1789636905347029290,1789636905447597519,2934752974299087,19968
rear,2898,1789636905346639515,1789636905448124813,2934752974825800,19968
front,2897,1789636905446959188,1789636905547569124,2934753074270894,19968
rear,2899,1789636905446710662,1789636905548156115,2934753074856996,20064
front,2898,1789636905546879039,1789636905647694632,2934753174396564,19968
rear,2900,1789636905546812667,1789636905648233065,2934753174934063,19968
front,2899,1789636905646816304,1789636905747481766,2934753274183387,20064
rear,2901,1789636905646784414,1789636905748008153,2934753274709093,19968
front,2900,1789636905746849556,1789636905847648086,2934753374349542,19968
rear,2902,1789636905746603412,1789636905848187989,2934753374888987,20064
front,2901,1789636905846802815,1789636905947846862,2934753474548374,20064
rear,2903,1789636905846824202,1789636905948424131,2934753475125062,19968
front,2902,1789636905946864141,1789636906047384939,2934753574086072,19968
rear,2904,1789636905946784824,1789636906047900237,2934753574601281,19968
front,2903,1789636906046838049,1789636906147475719,2934753674177104,20064
rear,2905,1789636906046607557,1789636906147977146,2934753674678035,19968
front,2904,1789636906147013246,1789636906247518042,2934753774219260,19968
rear,2906,1789636906146621085,1789636906248064897,2934753774765824,20160
front,2905,1789636906246883072,1789636906347662665,2934753874363887,19968
rear,2907,1789636906247273891,1789636906348146336,2934753874847240,19968
front,2906,1789636906346849860,1789636906447637727,2934753974339051,20064
rear,2908,1789636906346826161,1789636906448139114,2934753974840056,19968
front,2907,1789636906446886127,1789636906547486263,2934754074187852,19968
rear,2909,1789636906446809872,1789636906548003466,2934754074704373,19968
front,2908,1789636906546831796,1789636906647396141,2934754174097767,19968
rear,2910,1789636906546735607,1789636906647900387,2934754174601324,19968
front,2909,1789636906646780469,1789636906747562493,2934754274263877,20064
rear,2911,1789636906646616054,1789636906748061204,2934754274762135,20064
front,2910,1789636906746876179,1789636906847494190,2934754374195660,19968
rear,2912,1789636906746739387,1789636906848012590,2934754374713535,19968
front,2911,1789636906846773454,1789636906947475708,2934754474177329,19968
rear,2913,1789636906846607356,1789636906948045322,2934754474746242,20064
front,2912,1789636906946801095,1789636907047732710,2934754574434054,20064
rear,2914,1789636906946757638,1789636907048229437,2934754574930372,19968
front,2913,1789636907046835854,1789636907147534463,2934754674235711,19968
rear,2915,1789636907046725582,1789636907148026525,2934754674727488,20064
front,2914,1789636907146806128,1789636907247799523,2934754774500914,20064
rear,2916,1789636907146826934,1789636907248349995,2934754775051065,19968
front,2915,1789636907246889031,1789636907347539525,2934754874240706,19968
rear,2917,1789636907246711552,1789636907348078809,2934754874779785,19968
front,2916,1789636907346880473,1789636907447522933,2934754974224377,20064
rear,2918,1789636907346713889,1789636907448044404,2934754974745368,19968
front,2917,1789636907446919689,1789636907547472070,2934755074173636,19968
rear,2919,1789636907446646441,1789636907548013979,2934755074714851,20064
front,2918,1789636907546885866,1789636907647647491,2934755174349015,19968
rear,2920,1789636907546738018,1789636907648191267,2934755174892249,19968
front,2919,1789636907646753941,1789636907747656598,2934755274357771,20064
rear,2921,1789636907646660607,1789636907748165705,2934755274866690,20064
front,2920,1789636907746970579,1789636907847702717,2934755374404710,19968
rear,2922,1789636907746723374,1789636907848252056,2934755374952988,19968
front,2921,1789636907846808644,1789636907947494793,2934755474196527,19968
rear,2923,1789636907846726684,1789636907948066941,2934755474767850,19968
front,2922,1789636907946790824,1789636908047699831,2934755574401264,20064
rear,2924,1789636907946712717,1789636908048215402,2934755574916303,20064
front,2923,1789636908046864159,1789636908147669567,2934755674371035,19968
rear,2925,1789636908046809731,1789636908148160434,2934755674861328,20064
front,2924,1789636908146793776,1789636908247649879,2934755774351259,20064
rear,2926,1789636908147317107,1789636908248193107,2934755774894022,19872
front,2925,1789636908246898900,1789636908347587180,2934755874288494,19968
rear,2927,1789636908246621449,1789636908348094842,2934755874795833,20064
front,2926,1789636908346825490,1789636908447652252,2934755974353717,19968
rear,2928,1789636908347136402,1789636908448178453,2934755974879349,19968
front,2927,1789636908446749268,1789636908547497744,2934756074198954,20064
rear,2929,1789636908446728171,1789636908548066813,2934756074767798,19968
front,2928,1789636908546819113,1789636908647416515,2934756174118014,19968
rear,2930,1789636908546702285,1789636908647910350,2934756174611284,20064
front,2929,1789636908646788538,1789636908747651040,2934756274352298,20064
rear,2931,1789636908646729011,1789636908748148698,2934756274849707,19968
front,2930,1789636908746950525,1789636908847313552,2934756374014795,19968
rear,2932,1789636908746667868,1789636908847812346,2934756374513256,19968
front,2931,1789636908846809125,1789636908947519155,2934756474220289,20064
rear,2933,1789636908846606277,1789636908948051121,2934756474752035,19968
front,2932,1789636908946894823,1789636909047455723,2934756574157042,19968
rear,2934,1789636908946605390,1789636909047966574,2934756574667485,20064
front,2933,1789636909046892016,1789636909147528008,2934756674229752,19968
rear,2935,1789636909046741082,1789636909148049355,2934756674750277,19968
front,2934,1789636909146782943,1789636909247554095,2934756774255527,20064
rear,2936,1789636909146615784,1789636909248099186,2934756774800189,19968
front,2935,1789636909246885530,1789636909347520294,2934756874221367,19968
rear,2937,1789636909246618851,1789636909348061474,2934756874762423,20064
front,2936,1789636909346871534,1789636909447598782,2934756974300049,19968
rear,2938,1789636909346710998,1789636909448065517,2934756974766455,19968
front,2937,1789636909446747928,1789636909547642709,2934757074344403,20064
rear,2939,1789636909446674530,1789636909548161648,2934757074862645,20064
front,2938,1789636909546873478,1789636909647570352,2934757174271848,19968
rear,2940,1789636909546772639,1789636909648093117,2934757174794071,19968
front,2939,1789636909646809904,1789636909747644697,2934757274346411,20064
rear,2941,1789636909646635945,1789636909748224414,2934757274925432,20064
front,2940,1789636909746894255,1789636909847574918,2934757374276318,19968
rear,2942,1789636909747170830,1789636909848080310,2934757374781312,19872
front,2941,1789636909846851894,1789636909947413577,2934757474115087,19968
rear,2943,1789636909846593901,1789636909947980412,2934757474681274,20064
front,2942,1789636909946806348,1789636910047722410,2934757574423793,20064
rear,2944,1789636909946660733,1789636910048218920,2934757574919806,20064
front,2943,1789636910046830814,1789636910148125869,2934757674827108,20064
rear,2945,1789636910047122674,1789636910148633364,2934757675334281,19968
front,2944,1789636910147093429,1789636910247457474,2934757774158754,19872
rear,2946,1789636910147169703,1789636910247998443,2934757774699301,19968
front,2945,1789636910246751668,1789636910347662817,2934757874363961,20064
rear,2947,1789636910246649730,1789636910348159638,2934757874860593,20064
front,2946,1789636910346832048,1789636910447698900,2934757974399997,19968
rear,2948,1789636910347062638,1789636910448190177,2934757974891094,19968
front,2947,1789636910446770501,1789636910547482705,2934758074183865,20064
rear,2949,1789636910446802821,1789636910548023215,2934758074724210,19968
front,2948,1789636910546861232,1789636910647387979,2934758174088961,19968
rear,2950,1789636910546666322,1789636910647875622,2934758174576605,19968
front,2949,1789636910646858764,1789636910747490534,2934758274191907,19968
rear,2951,1789636910646712536,1789636910747998992,2934758274699935,19968
front,2950,1789636910746800325,1789636910847601649,2934758374302874,20064
rear,2952,1789636910746774040,1789636910848109772,2934758374810799,20064
front,2951,1789636910846842633,1789636910947661004,2934758474362213,19968
rear,2953,1789636910846686089,1789636910948234939,2934758474935881,19968
front,2952,1789636910946831170,1789636911047450076,2934758574151364,19968
rear,2954,1789636910946800896,1789636911047954369,2934758574655275,19968
front,2953,1789636911046735647,1789636911147518201,2934758674219761,19968
rear,2955,1789636911046767913,1789636911148057874,2934758674758776,20064
front,2954,1789636911146702848,1789636911247785566,2934758774486607,20064
rear,2956,1789636911147234433,1789636911248335117,2934758775036065,19968
front,2955,1789636911246765858,1789636911347379540,2934758874080904,19968
rear,2957,1789636911247078963,1789636911347930090,2934758874631115,19872
front,2956,1789636911346765687,1789636911447781310,2934758974482917,20064
rear,2958,1789636911346564189,1789636911448330041,2934758975030935,20064
front,2957,1789636911446902815,1789636911547502548,2934759074203657,19968
rear,2959,1789636911447050376,1789636911548054381,2934759074755300,19968
front,2958,1789636911546844998,1789636911647502765,2934759174204035,19968
rear,2960,1789636911546625064,1789636911648012962,2934759174713880,20064
front,2959,1789636911646753315,1789636911747884135,2934759274585793,20064
rear,2961,1789636911646774356,1789636911748435654,2934759275136548,20064
front,2960,1789636911746788935,1789636911847741846,2934759374443263,19968
rear,2962,1789636911747147587,1789636911848259573,2934759374960531,19968
front,2961,1789636911846803069,1789636911947424705,2934759474126385,19968
rear,2963,1789636911846750846,1789636911948015075,2934759474716065,19968
front,2962,1789636911946753653,1789636912047813763,2934759574515427,20160
rear,2964,1789636911946672499,1789636912048396742,2934759575097733,19968
front,2963,1789636912046938989,1789636912147403920,2934759674105244,19872
rear,2965,1789636912047036003,1789636912147924062,2934759674625007,19968
front,2964,1789636912146703384,1789636912247628974,2934759774330091,20064
rear,2966,1789636912146612615,1789636912248208189,2934759774909235,20064
front,2965,1789636912246738721,1789636912347735239,2934759874436804,19968
rear,2967,1789636912246672900,1789636912348276956,2934759874977910,20064
front,2966,1789636912346752434,1789636912447646674,2934759974348015,19968
rear,2968,1789636912347126682,1789636912448198033,2934759974898948,19968
front,2967,1789636912446631967,1789636912547536905,2934760074238503,20064
rear,2969,1789636912446747260,1789636912548129537,2934760074830442,19968
front,2968,1789636912546699987,1789636912647483069,2934760174184190,19968
rear,2970,1789636912546678546,1789636912647962351,2934760174663284,20064
front,2969,1789636912646690292,1789636912747768796,2934760274470394,20064
rear,2971,1789636912646772521,1789636912748294429,2934760274995307,19968
front,2970,1789636912746823616,1789636912847541149,2934760374242430,20064
rear,2972,1789636912746744650,1789636912848069571,2934760374770482,19968
front,2971,1789636912846754274,1789636912947819570,2934760474520971,19968
rear,2973,1789636912846638240,1789636912948563535,2934760475264628,20064
front,2972,1789636912946789249,1789636913047716047,2934760574417491,19776
rear,2974,1789636912947018355,1789636913048255799,2934760574956691,19968
front,2973,1789636913046662185,1789636913147463359,2934760674164521,19968
rear,2975,1789636913046705505,1789636913147964191,2934760674665072,19968
front,2974,1789636913146806153,1789636913247353178,2934760774054575,19968
rear,2976,1789636913146715930,1789636913247893873,2934760774594874,19968
front,2975,1789636913246742609,1789636913347724440,2934760874426021,20064
rear,2977,1789636913246602285,1789636913348279695,2934760874980661,20064
front,2976,1789636913346780732,1789636913447591202,2934760974292371,19872
rear,2978,1789636913347014601,1789636913448092938,2934760974793836,19968
front,2977,1789636913446666438,1789636913547394360,2934761074095711,19968
rear,2979,1789636913446645143,1789636913547988348,2934761074689319,19968
front,2978,1789636913546684089,1789636913647698918,2934761174400368,20064
rear,2980,1789636913546563820,1789636913648223369,2934761174924240,20064
front,2979,1789636913646689556,1789636913747822246,2934761274523604,19968
rear,2981,1789636913646710505,1789636913748540778,2934761275241857,20064
front,2980,1789636913746804004,1789636913847669412,2934761374370725,19968
rear,2982,1789636913747073318,1789636913848206919,2934761374907870,19968
front,2981,1789636913846668246,1789636913947481039,2934761474182595,20064
rear,2983,1789636913846993037,1789636913948042567,2934761474743460,19968
