front_frame_index,rear_frame_index,front_header_ns,rear_header_ns,signed_header_delta_ms,abs_header_delta_ms,front_arrival_system_ns,rear_arrival_system_ns,signed_arrival_delta_ms,abs_arrival_delta_ms
1,2,1789636614147817240,1789636614147622812,0.194428,0.194428,1789636614247596816,1789636614248154977,-0.557611,0.557611
2,3,1789636614246648844,1789636614246767690,-0.118846,0.118846,1789636614347737783,1789636614348262546,-0.52436,0.52436
4,4,1789636614447668612,1789636614447824498,-0.155886,0.155886,1789636614548507160,1789636614549184408,-0.676879,0.676879
5,5,1789636614547725223,1789636614547560531,0.164692,0.164692,1789636614648054624,1789636614648708016,-0.65307,0.65307
6,6,1789636614647686863,1789636614646620011,1.066852,1.066852,1789636614748185903,1789636614748857124,-0.670832,0.670832
7,7,1789636614747694365,1789636614746576041,1.118324,1.118324,1789636614847840659,1789636614848477324,-0.636177,0.636177
8,8,1789636614846591076,1789636614846780724,-0.189648,0.189648,1789636614948161874,1789636614948744588,-0.582089,0.582089
9,9,1789636614947785976,1789636614947602919,0.183057,0.183057,1789636615048030061,1789636615048572009,-0.54181,0.54181
10,10,1789636615047720456,1789636615047528261,0.192195,0.192195,1789636615147809000,1789636615148326948,-0.51787,0.51787
11,11,1789636615146654959,1789636615147639235,-0.984276,0.984276,1789636615247961661,1789636615248468569,-0.506629,0.506629
12,12,1789636615246642530,1789636615247594440,-0.95191,0.95191,1789636615347706105,1789636615348219495,-0.512908,0.512908
13,13,1789636615346533210,1789636615346717682,-0.184472,0.184472,1789636615447843249,1789636615448351880,-0.508173,0.508173
14,14,1789636615446663587,1789636615446684969,-0.021382,0.021382,1789636615547962282,1789636615548490149,-0.527464,0.527464
15,15,1789636615547713022,1789636615546551208,1.161814,1.161814,1789636615647762086,1789636615648288477,-0.525832,0.525832
16,16,1789636615647622132,1789636615646512261,1.109871,1.109871,1789636615748121226,1789636615748614916,-0.493249,0.493249
17,17,1789636615747610968,1789636615746862382,0.748586,0.748586,1789636615848156511,1789636615848673795,-0.517087,0.517087
18,18,1789636615847637844,1789636615847514842,0.123002,0.123002,1789636615947604771,1789636615948077569,-0.472519,0.472519
19,19,1789636615947599203,1789636615946511365,1.087838,1.087838,1789636616047735384,1789636616048338163,-0.602457,0.602457
20,20,1789636616046572708,1789636616047540172,-0.967464,0.967464,1789636616148118340,1789636616148677069,-0.557882,0.557882
21,21,1789636616147647305,1789636616147537794,0.109511,0.109511,1789636616247526709,1789636616248077078,-0.549652,0.549652
22,22,1789636616246517667,1789636616246653931,-0.136264,0.136264,1789636616347723552,1789636616348267595,-0.543482,0.543482
23,23,1789636616347707871,1789636616346564394,1.143477,1.143477,1789636616447479603,1789636616448016893,-0.536812,0.536812
24,24,1789636616446629511,1789636616447475538,-0.846027,0.846027,1789636616547718709,1789636616548248395,-0.529329,0.529329
25,25,1789636616547552365,1789636616547572658,-0.020293,0.020293,1789636616647874488,1789636616648411218,-0.536251,0.536251
26,26,1789636616647608575,1789636616646512193,1.096382,1.096382,1789636616747498626,1789636616748042963,-0.543646,0.543646
28,27,1789636616846494800,1789636616847601445,-1.106645,1.106645,1789636616947645679,1789636616948179417,-0.533182,0.533182
29,29,1789636617047728908,1789636617047444654,0.284254,0.284254,1789636617147714052,1789636617148445790,-0.730946,0.730946
30,30,1789636617146479343,1789636617146605995,-0.126652,0.126652,1789636617247947714,1789636617248652552,-0.704457,0.704457
31,31,1789636617247554679,1789636617246776659,0.77802,0.77802,1789636617347687743,1789636617348227813,-0.539895,0.539895
32,32,1789636617346490545,1789636617346630796,-0.140251,0.140251,1789636617447623595,1789636617448165791,-0.54191,0.54191
33,33,1789636617447564064,1789636617446479754,1.08431,1.08431,1789636617547442274,1789636617547980550,-0.537689,0.537689
34,34,1789636617546500493,1789636617547438281,-0.937788,0.937788,1789636617647632086,1789636617648189967,-0.557385,0.557385
35,35,1789636617646474966,1789636617646619042,-0.144076,0.144076,1789636617747591781,1789636617748142021,-0.549408,0.549408
36,36,1789636617747524216,1789636617747543993,-0.019777,0.019777,1789636617847599257,1789636617848133386,-0.533362,0.533362
37,37,1789636617846521693,1789636617847413907,-0.892214,0.892214,1789636617948980244,1789636617949694635,-0.713912,0.713912
38,38,1789636617947500802,1789636617947633031,-0.132229,0.132229,1789636618048774666,1789636618049365185,-0.589769,0.589769
39,39,1789636618047550626,1789636618047769518,-0.218892,0.218892,1789636618147582724,1789636618148196431,-0.613154,0.613154
40,40,1789636618146425553,1789636618147402693,-0.97714,0.97714,1789636618247674658,1789636618248197346,-0.522282,0.522282
41,41,1789636618247529886,1789636618247509028,0.020858,0.020858,1789636618347814462,1789636618348351831,-0.537045,0.537045
42,42,1789636618347577566,1789636618347535004,0.042562,0.042562,1789636618447422872,1789636618447998599,-0.575067,0.575067
43,43,1789636618447572168,1789636618447457147,0.115021,0.115021,1789636618548400971,1789636618548980360,-0.578408,0.578408
44,44,1789636618547462507,1789636618547589918,-0.127411,0.127411,1789636618647734371,1789636618648263771,-0.52899,0.52899
45,45,1789636618646512453,1789636618647370183,-0.85773,0.85773,1789636618748683176,1789636618749226071,-0.542124,0.542124
46,46,1789636618747500459,1789636618747659391,-0.158932,0.158932,1789636618848538801,1789636618849058717,-0.519562,0.519562
47,47,1789636618847465085,1789636618847593692,-0.128607,0.128607,1789636618947508444,1789636618948044740,-0.535756,0.535756
48,48,1789636618947537285,1789636618946425181,1.112104,1.112104,1789636619047357267,1789636619047882996,-0.525596,0.525596
49,50,1789636619147513890,1789636619147375010,0.13888,0.13888,1789636619247505787,1789636619247997961,-0.491767,0.491767
50,51,1789636619247544659,1789636619247405667,0.138992,0.138992,1789636619347691979,1789636619348182641,-0.490141,0.490141
51,52,1789636619347463810,1789636619346756617,0.707193,0.707193,1789636619448386910,1789636619448921207,-0.533909,0.533909
52,53,1789636619447558844,1789636619447537147,0.021697,0.021697,1789636619548454613,1789636619549001093,-0.545791,0.545791
53,54,1789636619547475614,1789636619547609824,-0.13421,0.13421,1789636619647644466,1789636619648142818,-0.498074,0.498074
54,55,1789636619647416162,1789636619646765119,0.651043,0.651043,1789636619748485220,1789636619748982741,-0.497008,0.497008
55,56,1789636619747528110,1789636619747627565,-0.099455,0.099455,1789636619848553425,1789636619849065179,-0.511079,0.511079
56,57,1789636619847474106,1789636619847677453,-0.203347,0.203347,1789636619947479812,1789636619948037292,-0.557108,0.557108
57,58,1789636619947418208,1789636619947435557,-0.017349,0.017349,1789636620048402100,1789636620048928350,-0.525687,0.525687
58,59,1789636620047564942,1789636620047506706,0.058236,0.058236,1789636620147360691,1789636620147868760,-0.507714,0.507714
59,60,1789636620147483901,1789636620147465376,0.018525,0.018525,1789636620248267436,1789636620248824425,-0.556637,0.556637
60,61,1789636620247408892,1789636620247546395,-0.137503,0.137503,1789636620347979947,1789636620348732897,-0.752426,0.752426
61,62,1789636620347528943,1789636620347403442,0.125501,0.125501,1789636620447524466,1789636620448091409,-0.566764,0.566764
62,63,1789636620447477326,1789636620447375422,0.101904,0.101904,1789636620547597356,1789636620548107755,-0.509973,0.509973
63,64,1789636620547372291,1789636620547386537,-0.014246,0.014246,1789636620648498914,1789636620648998107,-0.49884,0.49884
64,65,1789636620647529193,1789636620647467228,0.061965,0.061965,1789636620748298725,1789636620748805000,-0.501665,0.501665
65,66,1789636620747437578,1789636620747555271,-0.117693,0.117693,1789636620847749052,1789636620848271416,-0.522074,0.522074
66,67,1789636620847394528,1789636620846528467,0.866061,0.866061,1789636620948152851,1789636620948674007,-0.520647,0.520647
67,68,1789636620947410777,1789636620947449820,-0.039043,0.039043,1789636621047852662,1789636621048369981,-0.517133,0.517133
68,69,1789636621046628346,1789636621047336943,-0.708597,0.708597,1789636621147906510,1789636621148456396,-0.549347,0.549347
69,70,1789636621147379241,1789636621147257070,0.122171,0.122171,1789636621248497788,1789636621248999825,-0.501522,0.501522
70,71,1789636621247439424,1789636621247562186,-0.122762,0.122762,1789636621348031251,1789636621348595414,-0.563477,0.563477
71,72,1789636621347438557,1789636621347273233,0.165324,0.165324,1789636621447378634,1789636621447929174,-0.550188,0.550188
72,73,1789636621447440513,1789636621446430351,1.010162,1.010162,1789636621547423120,1789636621547940811,-0.51751,0.51751
73,74,1789636621546685737,1789636621547390490,-0.704753,0.704753,1789636621648402257,1789636621648929618,-0.52689,0.52689
74,75,1789636621647451353,1789636621647484903,-0.03355,0.03355,1789636621748132329,1789636621748854559,-0.721711,0.721711
75,76,1789636621746719104,1789636621747309140,-0.590036,0.590036,1789636621848207170,1789636621848752187,-0.544699,0.544699
76,77,1789636621847451558,1789636621847416786,0.034772,0.034772,1789636621948313289,1789636621948805681,-0.492311,0.492311
77,78,1789636621947338616,1789636621947462176,-0.12356,0.12356,1789636622047810757,1789636622048361504,-0.550406,0.550406
78,79,1789636622047298150,1789636622047231867,0.066283,0.066283,1789636622148636314,1789636622149361951,-0.725015,0.725015
79,80,1789636622147499754,1789636622147307952,0.191802,0.191802,1789636622248916690,1789636622249609738,-0.692599,0.692599
80,81,1789636622247414122,1789636622247515774,-0.101652,0.101652,1789636622347933313,1789636622348617791,-0.683578,0.683578
81,82,1789636622347314535,1789636622347333067,-0.018532,0.018532,1789636622448702449,1789636622449411486,-0.708456,0.708456
82,83,1789636622447314625,1789636622447527678,-0.213053,0.213053,1789636622548582128,1789636622549166499,-0.584101,0.584101
83,84,1789636622547248639,1789636622547424955,-0.176316,0.176316,1789636622648340498,1789636622648872992,-0.532226,0.532226
84,85,1789636622647290110,1789636622647374065,-0.083955,0.083955,1789636622748349593,1789636622748857073,-0.50716,0.50716
85,86,1789636622747303195,1789636622747497840,-0.194645,0.194645,1789636622848491466,1789636622849031413,-0.539709,0.539709
86,87,1789636622847395687,1789636622847417014,-0.021327,0.021327,1789636622948201146,1789636622948752638,-0.551142,0.551142
87,88,1789636622947482457,1789636622947271622,0.210835,0.210835,1789636623048271381,1789636623048964387,-0.69273,0.69273
88,89,1789636623047417880,1789636623047439275,-0.021395,0.021395,1789636623148309896,1789636623148856337,-0.546124,0.546124
89,90,1789636623147281026,1789636623147356608,-0.075582,0.075582,1789636623248403123,1789636623248918542,-0.515119,0.515119
90,91,1789636623247362264,1789636623247522966,-0.160702,0.160702,1789636623348293676,1789636623348873826,-0.579926,0.579926
91,92,1789636623347259267,1789636623347411541,-0.152274,0.152274,1789636623448123268,1789636623448656133,-0.532644,0.532644
92,93,1789636623447290387,1789636623447374122,-0.083735,0.083735,1789636623548222388,1789636623548809271,-0.586852,0.586852
93,94,1789636623547312899,1789636623547405628,-0.092729,0.092729,1789636623648354473,1789636623648867471,-0.512708,0.512708
94,95,1789636623647287993,1789636623647387901,-0.099908,0.099908,1789636623748215226,1789636623748774601,-0.558751,0.558751
95,96,1789636623747213032,1789636623747308175,-0.095143,0.095143,1789636623848260953,1789636623848877933,-0.616708,0.616708
96,97,1789636623847387044,1789636623847416098,-0.029054,0.029054,1789636623948339088,1789636623948896095,-0.556419,0.556419
97,98,1789636623947232483,1789636623947377291,-0.144808,0.144808,1789636624048230513,1789636624048981658,-0.750352,0.750352
98,99,1789636624047335045,1789636624047378794,-0.043749,0.043749,1789636624148827390,1789636624149350342,-0.522201,0.522201
99,100,1789636624147439289,1789636624147234451,0.204838,0.204838,1789636624248591530,1789636624249240910,-0.64881,0.64881
100,101,1789636624247209285,1789636624247407821,-0.198536,0.198536,1789636624348730820,1789636624349226385,-0.495431,0.495431
101,102,1789636624347283089,1789636624347307444,-0.024355,0.024355,1789636624448582095,1789636624449111289,-0.529037,0.529037
102,103,1789636624447420416,1789636624447216022,0.204394,0.204394,1789636624548419168,1789636624548974943,-0.555321,0.555321
103,104,1789636624547153781,1789636624547341389,-0.187608,0.187608,1789636624648669589,1789636624649195636,-0.525702,0.525702
104,105,1789636624647233714,1789636624647287106,-0.053392,0.053392,1789636624748565865,1789636624749079656,-0.513566,0.513566
105,106,1789636624747360844,1789636624747160960,0.199884,0.199884,1789636624848322996,1789636624848853107,-0.529595,0.529595
106,107,1789636624847282739,1789636624847323365,-0.040626,0.040626,1789636624948496051,1789636624949043743,-0.54711,0.54711
107,108,1789636624947174864,1789636624947266881,-0.092017,0.092017,1789636625048467028,1789636625049078567,-0.611295,0.611295
108,109,1789636625047298530,1789636625047350119,-0.051589,0.051589,1789636625148517182,1789636625149017754,-0.50069,0.50069
109,110,1789636625147239515,1789636625147324729,-0.085214,0.085214,1789636625248455261,1789636625248997608,-0.542054,0.542054
110,111,1789636625247319129,1789636625247256693,0.062436,0.062436,1789636625348165880,1789636625348709261,-0.542907,0.542907
111,112,1789636625347115419,1789636625347317959,-0.20254,0.20254,1789636625448428402,1789636625448985721,-0.556677,0.556677
112,113,1789636625447216598,1789636625447413123,-0.196525,0.196525,1789636625548261592,1789636625548830701,-0.56858,0.56858
113,114,1789636625547206030,1789636625547345387,-0.139357,0.139357,1789636625648235182,1789636625648758976,-0.523595,0.523595
114,115,1789636625647200595,1789636625647237252,-0.036657,0.036657,1789636625748000514,1789636625748526758,-0.525602,0.525602
115,116,1789636625747183956,1789636625747214737,-0.030781,0.030781,1789636625848118837,1789636625848643931,-0.52446,0.52446
116,117,1789636625847240882,1789636625847261686,-0.020804,0.020804,1789636625948440911,1789636625948985066,-0.543695,0.543695
117,118,1789636625947203446,1789636625947380219,-0.176773,0.176773,1789636626048178908,1789636626048668772,-0.489572,0.489572
118,119,1789636626047260075,1789636626047208122,0.051953,0.051953,1789636626148049415,1789636626148541132,-0.491613,0.491613
119,120,1789636626147230993,1789636626147283707,-0.052714,0.052714,1789636626248141278,1789636626248644854,-0.503425,0.503425
120,121,1789636626247123675,1789636626247242149,-0.118474,0.118474,1789636626348112039,1789636626348689101,-0.576919,0.576919
121,122,1789636626347305897,1789636626347103646,0.202251,0.202251,1789636626447974652,1789636626448511960,-0.537226,0.537226
122,123,1789636626447218509,1789636626447253609,-0.0351,0.0351,1789636626548030419,1789636626548606914,-0.576635,0.576635
123,124,1789636626547102011,1789636626547186148,-0.084137,0.084137,1789636626647983720,1789636626648452587,-0.468786,0.468786
124,125,1789636626647230510,1789636626647156420,0.07409,0.07409,1789636626748041062,1789636626748589140,-0.547807,0.547807
125,126,1789636626747139924,1789636626747230601,-0.090677,0.090677,1789636626848162030,1789636626848680875,-0.519019,0.519019
126,127,1789636626847104856,1789636626847311620,-0.206764,0.206764,1789636626948413412,1789636626949006029,-0.592135,0.592135
127,128,1789636626947160648,1789636626947334874,-0.174226,0.174226,1789636627048015117,1789636627048566194,-0.550529,0.550529
128,129,1789636627047138392,1789636627047245235,-0.106843,0.106843,1789636627148087104,1789636627148577741,-0.490482,0.490482
129,130,1789636627147184941,1789636627147152539,0.032402,0.032402,1789636627247926328,1789636627248469499,-0.543003,0.543003
130,131,1789636627247196613,1789636627247143473,0.05314,0.05314,1789636627347896803,1789636627348407080,-0.51029,0.51029
131,132,1789636627347045131,1789636627347183052,-0.137921,0.137921,1789636627448052860,1789636627448593607,-0.540587,0.540587
132,133,1789636627447041892,1789636627447116460,-0.074568,0.074568,1789636627548100512,1789636627548663061,-0.562387,0.562387
133,134,1789636627547034267,1789636627547238531,-0.204264,0.204264,1789636627648178503,1789636627648683151,-0.504065,0.504065
134,135,1789636627647048580,1789636627647272934,-0.224354,0.224354,1789636627748023947,1789636627748534477,-0.51023,0.51023
135,136,1789636627747088384,1789636627747120876,-0.032492,0.032492,1789636627847873045,1789636627848367941,-0.494602,0.494602
136,137,1789636627847044802,1789636627847097295,-0.052493,0.052493,1789636627947926605,1789636627948457893,-0.531049,0.531049
137,138,1789636627946992757,1789636627947226408,-0.233651,0.233651,1789636628048251274,1789636628048786889,-0.53533,0.53533
138,139,1789636628047086465,1789636628047146698,-0.060233,0.060233,1789636628148103788,1789636628148619432,-0.515238,0.515238
139,140,1789636628147213531,1789636628147004750,0.208781,0.208781,1789636628247909170,1789636628248420351,-0.510969,0.510969
140,141,1789636628247103374,1789636628247145291,-0.041917,0.041917,1789636628348111200,1789636628348650386,-0.538766,0.538766
141,142,1789636628347025923,1789636628347219555,-0.193632,0.193632,1789636628447933337,1789636628448458965,-0.525426,0.525426
142,143,1789636628446994830,1789636628447081547,-0.086717,0.086717,1789636628548039669,1789636628548595323,-0.554816,0.554816
143,144,1789636628547009535,1789636628547180696,-0.171161,0.171161,1789636628648024368,1789636628648557990,-0.533351,0.533351
144,145,1789636628646979243,1789636628647076229,-0.096986,0.096986,1789636628747954614,1789636628748451785,-0.496945,0.496945
145,146,1789636628747143552,1789636628747118235,0.025317,0.025317,1789636628848150422,1789636628848689252,-0.538494,0.538494
146,147,1789636628847001894,1789636628847781109,-0.779215,0.779215,1789636628948327014,1789636628949074846,-0.747488,0.747488
147,148,1789636628946967520,1789636628947104881,-0.137361,0.137361,1789636629048292620,1789636629048944587,-0.651729,0.651729
148,149,1789636629047123734,1789636629047187368,-0.063634,0.063634,1789636629148396366,1789636629148900253,-0.503622,0.503622
149,150,1789636629146984711,1789636629147186813,-0.202102,0.202102,1789636629248008915,1789636629248525013,-0.515794,0.515794
150,151,1789636629246953422,1789636629247044238,-0.090816,0.090816,1789636629348208251,1789636629348795420,-0.586947,0.586947
151,152,1789636629346911563,1789636629347119979,-0.208416,0.208416,1789636629448451883,1789636629448951007,-0.498978,0.498978
152,153,1789636629447160346,1789636629446953896,0.20645,0.20645,1789636629548044060,1789636629548568006,-0.523458,0.523458
153,154,1789636629546930192,1789636629547095883,-0.165691,0.165691,1789636629648555681,1789636629649055930,-0.500121,0.500121
154,155,1789636629647099468,1789636629647140866,-0.041398,0.041398,1789636629748146370,1789636629748752465,-0.605934,0.605934
155,156,1789636629747039517,1789636629747018012,0.021505,0.021505,1789636629848403696,1789636629848940177,-0.536058,0.536058
156,157,1789636629847088737,1789636629847109856,-0.021119,0.021119,1789636629948040942,1789636629948599792,-0.558362,0.558362
157,158,1789636629947026149,1789636629947046767,-0.020618,0.020618,1789636630048198490,1789636630048746434,-0.547175,0.547175
158,159,1789636630047050001,1789636630047102845,-0.052844,0.052844,1789636630148109968,1789636630148652278,-0.541796,0.541796
159,160,1789636630146885722,1789636630146976035,-0.090313,0.090313,1789636630248045277,1789636630248618169,-0.5722,0.5722
160,161,1789636630246940775,1789636630247026692,-0.085917,0.085917,1789636630347846867,1789636630348367983,-0.520791,0.520791
161,162,1789636630346930889,1789636630347074006,-0.143117,0.143117,1789636630447840083,1789636630448358891,-0.518384,0.518384
162,163,1789636630446874279,1789636630446978308,-0.104029,0.104029,1789636630547941826,1789636630548446834,-0.504347,0.504347
163,164,1789636630547103772,1789636630546915149,0.188623,0.188623,1789636630647871289,1789636630648428745,-0.557136,0.557136
164,165,1789636630646983083,1789636630647101527,-0.118444,0.118444,1789636630747967167,1789636630748483677,-0.516345,0.516345
165,166,1789636630746961947,1789636630747039529,-0.077582,0.077582,1789636630848081148,1789636630848633650,-0.552041,0.552041
166,167,1789636630846910957,1789636630847073936,-0.162979,0.162979,1789636630947993672,1789636630948508939,-0.51492,0.51492
167,168,1789636630946947185,1789636630947022405,-0.07522,0.07522,1789636631047850910,1789636631048356833,-0.505523,0.505523
168,169,1789636631046923716,1789636631047059038,-0.135322,0.135322,1789636631148143227,1789636631148671016,-0.527396,0.527396
169,170,1789636631147083457,1789636631146865853,0.217604,0.217604,1789636631248053666,1789636631248601220,-0.547315,0.547315
170,171,1789636631247023649,1789636631246992273,0.031376,0.031376,1789636631348180693,1789636631348705633,-0.524667,0.524667
171,172,1789636631346824365,1789636631346936504,-0.112139,0.112139,1789636631448211469,1789636631448864005,-0.652214,0.652214
172,173,1789636631446952797,1789636631447031539,-0.078742,0.078742,1789636631548201702,1789636631548717557,-0.515548,0.515548
173,174,1789636631546865284,1789636631547031596,-0.166312,0.166312,1789636631648190625,1789636631648704778,-0.51368,0.51368
174,175,1789636631647035529,1789636631646837310,0.198219,0.198219,1789636631747975964,1789636631748490027,-0.513541,0.513541
175,176,1789636631746826197,1789636631747031282,-0.205085,0.205085,1789636631848140883,1789636631848653382,-0.512288,0.512288
176,177,1789636631846872228,1789636631846958222,-0.085994,0.085994,1789636631947646063,1789636631948185307,-0.538547,0.538547
177,178,1789636631946925924,1789636631946884669,0.041255,0.041255,1789636632047827959,1789636632048341438,-0.513204,0.513204
178,179,1789636632046850492,1789636632047039688,-0.189196,0.189196,1789636632147821386,1789636632148355590,-0.533524,0.533524
179,180,1789636632146845256,1789636632146939208,-0.093952,0.093952,1789636632247814485,1789636632248366770,-0.551989,0.551989
180,181,1789636632246922111,1789636632246943827,-0.021716,0.021716,1789636632347776392,1789636632348306990,-0.530262,0.530262
181,182,1789636632346787979,1789636632346979983,-0.192004,0.192004,1789636632448193415,1789636632448777787,-0.58382,0.58382
182,183,1789636632446841095,1789636632446893074,-0.051979,0.051979,1789636632547667487,1789636632548278965,-0.61115,0.61115
183,184,1789636632546774198,1789636632546856943,-0.082745,0.082745,1789636632647769478,1789636632648341399,-0.571148,0.571148
184,185,1789636632646898754,1789636632646926037,-0.027283,0.027283,1789636632747956604,1789636632748506951,-0.549886,0.549886
185,186,1789636632746866798,1789636632746888388,-0.02159,0.02159,1789636632847651508,1789636632848181313,-0.529173,0.529173
186,187,1789636632846865437,1789636632846844595,0.020842,0.020842,1789636632947751103,1789636632948268865,-0.517378,0.517378
187,188,1789636632946766449,1789636632946941966,-0.175517,0.175517,1789636633047824139,1789636633048380096,-0.555542,0.555542
188,189,1789636633046846378,1789636633046898660,-0.052282,0.052282,1789636633148014662,1789636633148543344,-0.528159,0.528159
189,190,1789636633146771487,1789636633146831730,-0.060243,0.060243,1789636633248115122,1789636633248820622,-0.705236,0.705236
190,191,1789636633246801240,1789636633246875994,-0.074754,0.074754,1789636633348243649,1789636633348848834,-0.604789,0.604789
191,192,1789636633346800911,1789636633346931763,-0.130852,0.130852,1789636633448084849,1789636633448627390,-0.542133,0.542133
192,193,1789636633446853392,1789636633446810313,0.043079,0.043079,1789636633548112290,1789636633548822010,-0.709327,0.709327
193,194,1789636633546736404,1789636633546867489,-0.131085,0.131085,1789636633648005238,1789636633648564556,-0.559032,0.559032
194,195,1789636633646842255,1789636633646947577,-0.105322,0.105322,1789636633747885932,1789636633748407059,-0.520457,0.520457
195,196,1789636633746762691,1789636633746963520,-0.200829,0.200829,1789636633847734182,1789636633848250980,-0.5163,0.5163
196,197,1789636633846715879,1789636633846884462,-0.168583,0.168583,1789636633947844013,1789636633948433930,-0.589426,0.589426
197,198,1789636633946946088,1789636633946735603,0.210485,0.210485,1789636634047784318,1789636634048281310,-0.496709,0.496709
198,199,1789636634046937481,1789636634046741662,0.195819,0.195819,1789636634147601621,1789636634148131358,-0.529378,0.529378
199,200,1789636634146698036,1789636634146817152,-0.119116,0.119116,1789636634247967013,1789636634248500641,-0.53306,0.53306
200,201,1789636634246793898,1789636634246875154,-0.081256,0.081256,1789636634347856653,1789636634348359464,-0.502496,0.502496
201,202,1789636634346769919,1789636634346931251,-0.161332,0.161332,1789636634447750886,1789636634448278913,-0.527536,0.527536
202,203,1789636634446791348,1789636634446861005,-0.069657,0.069657,1789636634547598890,1789636634548147301,-0.547924,0.547924
203,204,1789636634546797937,1789636634546884836,-0.086899,0.086899,1789636634647877095,1789636634648404985,-0.527494,0.527494
204,205,1789636634646813711,1789636634646904168,-0.090457,0.090457,1789636634747625799,1789636634748149425,-0.523016,0.523016
205,206,1789636634746762967,1789636634746816326,-0.053359,0.053359,1789636634847597998,1789636634848166893,-0.568468,0.568468
206,207,1789636634846691263,1789636634846802824,-0.111561,0.111561,1789636634947748137,1789636634948264764,-0.516396,0.516396
207,208,1789636634946860097,1789636634946662860,0.197237,0.197237,1789636635047517439,1789636635048023016,-0.505176,0.505176
208,209,1789636635046710216,1789636635046785042,-0.074826,0.074826,1789636635147771199,1789636635148267766,-0.496177,0.496177
209,210,1789636635146689501,1789636635146808970,-0.119469,0.119469,1789636635247882390,1789636635248443641,-0.560393,0.560393
210,211,1789636635246735097,1789636635246841282,-0.106185,0.106185,1789636635347548876,1789636635348110263,-0.561004,0.561004
211,212,1789636635346691980,1789636635346783973,-0.091993,0.091993,1789636635447731162,1789636635448256404,-0.524648,0.524648
212,213,1789636635446830632,1789636635446809250,0.021382,0.021382,1789636635547691248,1789636635548248214,-0.556308,0.556308
213,214,1789636635546733248,1789636635546785719,-0.052471,0.052471,1789636635647642729,1789636635648196394,-0.553147,0.553147
214,215,1789636635646655353,1789636635646865854,-0.210501,0.210501,1789636635747838013,1789636635748376452,-0.53807,0.53807
215,216,1789636635746793562,1789636635746772552,0.02101,0.02101,1789636635847589290,1789636635848079005,-0.489432,0.489432
216,217,1789636635846668028,1789636635846767972,-0.099944,0.099944,1789636635947715138,1789636635948257223,-0.541592,0.541592
217,218,1789636635946822608,1789636635946631696,0.190912,0.190912,1789636636047498583,1789636636047986150,-0.487053,0.487053
218,219,1789636636046735500,1789636636046709747,0.025753,0.025753,1789636636147972917,1789636636148538264,-0.565029,0.565029
219,220,1789636636146654137,1789636636146758585,-0.104448,0.104448,1789636636247799287,1789636636248350623,-0.550885,0.550885
220,221,1789636636246778625,1789636636246676192,0.102433,0.102433,1789636636347748655,1789636636348278394,-0.529203,0.529203
221,222,1789636636346669819,1789636636346735051,-0.065232,0.065232,1789636636447707897,1789636636448278075,-0.570102,0.570102
222,223,1789636636446643006,1789636636446698343,-0.055337,0.055337,1789636636547626193,1789636636548160963,-0.534468,0.534468
223,224,1789636636546578012,1789636636546811969,-0.233957,0.233957,1789636636647802941,1789636636648368652,-0.565334,0.565334
224,225,1789636636646705871,1789636636646676997,0.028874,0.028874,1789636636747643121,1789636636748138335,-0.494833,0.494833
225,226,1789636636746715597,1789636636746685248,0.030349,0.030349,1789636636847750710,1789636636848441053,-0.689975,0.689975
226,228,1789636636946771174,1789636636946564304,0.20687,0.20687,1789636637047826358,1789636637048347038,-0.520473,0.520473
227,229,1789636637046787922,1789636637046592263,0.195659,0.195659,1789636637147595165,1789636637148157876,-0.561919,0.561919
228,230,1789636637146593007,1789636637146777857,-0.18485,0.18485,1789636637247953637,1789636637248683179,-0.729027,0.729027
229,231,1789636637246576346,1789636637246698943,-0.122597,0.122597,1789636637347800495,1789636637348353146,-0.552413,0.552413
230,232,1789636637346635026,1789636637346667739,-0.032713,0.032713,1789636637447598509,1789636637448109017,-0.510331,0.510331
231,233,1789636637446581726,1789636637446793243,-0.211517,0.211517,1789636637547618873,1789636637548140000,-0.520754,0.520754
232,234,1789636637546544848,1789636637546653216,-0.108368,0.108368,1789636637647680487,1789636637648224960,-0.544103,0.544103
233,235,1789636637646654883,1789636637646789347,-0.134464,0.134464,1789636637747626596,1789636637748119769,-0.492856,0.492856
234,236,1789636637746529893,1789636637746719265,-0.189372,0.189372,1789636637847585987,1789636637848084543,-0.497993,0.497993
235,237,1789636637846615315,1789636637846674298,-0.058983,0.058983,1789636637947595124,1789636637948190859,-0.595255,0.595255
236,238,1789636637946598734,1789636637946794725,-0.195991,0.195991,1789636638047763337,1789636638048272940,-0.509089,0.509089
237,239,1789636638046747044,1789636638046582033,0.165011,0.165011,1789636638147446269,1789636638147959499,-0.512519,0.512519
238,240,1789636638146547977,1789636638146715634,-0.167657,0.167657,1789636638247538712,1789636638248070980,-0.531713,0.531713
239,241,1789636638246539797,1789636638246624200,-0.084403,0.084403,1789636638347597911,1789636638348144151,-0.545906,0.545906
240,242,1789636638346675743,1789636638346734514,-0.058771,0.058771,1789636638447823391,1789636638448343028,-0.518826,0.518826
241,243,1789636638446793851,1789636638446599555,0.194296,0.194296,1789636638547426021,1789636638547964922,-0.538447,0.538447
242,244,1789636638546496572,1789636638546700497,-0.203925,0.203925,1789636638647736908,1789636638648492613,-0.755449,0.755449
243,245,1789636638646567832,1789636638646674832,-0.107,0.107,1789636638747433697,1789636638747953171,-0.519206,0.519206
244,246,1789636638746523133,1789636638746649686,-0.126553,0.126553,1789636638847482550,1789636638848007640,-0.524645,0.524645
245,247,1789636638846488214,1789636638846704042,-0.215828,0.215828,1789636638947722503,1789636638948247340,-0.524617,0.524617
246,248,1789636638946505566,1789636638947375288,-0.869722,0.869722,1789636639047522601,1789636639048043958,-0.521114,0.521114
247,249,1789636639046505160,1789636639046632836,-0.127676,0.127676,1789636639147513790,1789636639148051035,-0.536796,0.536796
248,250,1789636639146590162,1789636639146619332,-0.02917,0.02917,1789636639247581811,1789636639248086641,-0.504225,0.504225
249,251,1789636639246732795,1789636639246565900,0.166895,0.166895,1789636639347505789,1789636639347999365,-0.493541,0.493541
250,252,1789636639346702171,1789636639346517078,0.185093,0.185093,1789636639447642467,1789636639448144815,-0.501677,0.501677
251,253,1789636639446536817,1789636639446650827,-0.11401,0.11401,1789636639547503346,1789636639548016251,-0.512542,0.512542
252,254,1789636639546504866,1789636639546682846,-0.17798,0.17798,1789636639647564608,1789636639648083842,-0.518855,0.518855
253,255,1789636639646644416,1789636639646661081,-0.016665,0.016665,1789636639747685227,1789636639748226650,-0.540875,0.540875
254,256,1789636639746536892,1789636639746741973,-0.205081,0.205081,1789636639847509124,1789636639848072723,-0.563003,0.563003
255,257,1789636639846522389,1789636639846680951,-0.158562,0.158562,1789636639947399796,1789636639947919030,-0.518701,0.518701
256,258,1789636639946443485,1789636639946661738,-0.218253,0.218253,1789636640047732311,1789636640048226336,-0.493741,0.493741
257,259,1789636640046557987,1789636640046725878,-0.167891,0.167891,1789636640147412947,1789636640147933036,-0.519555,0.519555
258,260,1789636640146455194,1789636640146653508,-0.198314,0.198314,1789636640247497530,1789636640248003684,-0.506065,0.506065
259,261,1789636640246654650,1789636640246544187,0.110463,0.110463,1789636640347588077,1789636640348099432,-0.511011,0.511011
260,262,1789636640346730274,1789636640346515742,0.214532,0.214532,1789636640447353370,1789636640447892844,-0.539667,0.539667
261,263,1789636640446487275,1789636640446657325,-0.17005,0.17005,1789636640547595593,1789636640548069654,-0.473968,0.473968
262,264,1789636640546637714,1789636640546531618,0.106096,0.106096,1789636640647828733,1789636640648355675,-0.526542,0.526542
263,265,1789636640646638505,1789636640646458202,0.180303,0.180303,1789636640747659134,1789636640748188079,-0.52824,0.52824
264,266,1789636640746685808,1789636640746579898,0.10591,0.10591,1789636640847956919,1789636640848518673,-0.561065,0.561065
265,267,1789636640846647934,1789636640846532479,0.115455,0.115455,1789636640947876429,1789636640948436965,-0.560109,0.560109
266,268,1789636640946520019,1789636640946694957,-0.174938,0.174938,1789636641047405841,1789636641047916769,-0.510526,0.510526
267,269,1789636641046538625,1789636641046600668,-0.062043,0.062043,1789636641147577090,1789636641148124925,-0.547519,0.547519
268,270,1789636641146518153,1789636641146683328,-0.165175,0.165175,1789636641247773731,1789636641248276214,-0.50191,0.50191
269,271,1789636641246699278,1789636641246484592,0.214686,0.214686,1789636641347412515,1789636641347978596,-0.565374,0.565374
270,272,1789636641346389169,1789636641346596635,-0.207466,0.207466,1789636641448105436,1789636641448815296,-0.709277,0.709277
271,273,1789636641446731939,1789636641446547983,0.183956,0.183956,1789636641547383160,1789636641547923606,-0.539868,0.539868
272,274,1789636641546501124,1789636641546667461,-0.166337,0.166337,1789636641647984265,1789636641648493161,-0.508619,0.508619
273,275,1789636641646576774,1789636641646781241,-0.204467,0.204467,1789636641747573644,1789636641748100079,-0.525921,0.525921
274,276,1789636641746449671,1789636641746620311,-0.17064,0.17064,1789636641847473623,1789636641848029077,-0.55484,0.55484
275,277,1789636641846464203,1789636641846668847,-0.204644,0.204644,1789636641947690125,1789636641948224942,-0.534398,0.534398
276,278,1789636641946592983,1789636641946789289,-0.196306,0.196306,1789636642047668268,1789636642048191085,-0.522183,0.522183
277,279,1789636642046498723,1789636642046665070,-0.166347,0.166347,1789636642147442759,1789636642147951342,-0.508098,0.508098
278,280,1789636642146482833,1789636642146599406,-0.116573,0.116573,1789636642247635964,1789636642248190658,-0.554333,0.554333
279,281,1789636642246724335,1789636642246568606,0.155729,0.155729,1789636642347407426,1789636642347901550,-0.493683,0.493683
280,282,1789636642346656485,1789636642346452868,0.203617,0.203617,1789636642447482650,1789636642448026907,-0.543873,0.543873
281,283,1789636642446596156,1789636642446574781,0.021375,0.021375,1789636642547658810,1789636642548142610,-0.483643,0.483643
282,284,1789636642546631837,1789636642546488300,0.143537,0.143537,1789636642647307376,1789636642647823931,-0.516177,0.516177
283,285,1789636642646514452,1789636642646621886,-0.107434,0.107434,1789636642747593716,1789636642748089247,-0.495256,0.495256
284,286,1789636642746610670,1789636642746545401,0.065269,0.065269,1789636642847596503,1789636642848131824,-0.535017,0.535017
285,287,1789636642846677451,1789636642846472497,0.204954,0.204954,1789636642947421753,1789636642947949603,-0.527257,0.527257
286,288,1789636642946644702,1789636642946571081,0.073621,0.073621,1789636643047667020,1789636643048214764,-0.547213,0.547213
287,289,1789636643046664312,1789636643046476064,0.188248,0.188248,1789636643147423275,1789636643147966053,-0.542551,0.542551
288,290,1789636643146491072,1789636643146659274,-0.168202,0.168202,1789636643247861891,1789636643248386588,-0.52398,0.52398
289,291,1789636643246725164,1789636643246577152,0.148012,0.148012,1789636643347499294,1789636643348036057,-0.536156,0.536156
290,292,1789636643346519327,1789636643346679773,-0.160446,0.160446,1789636643447790609,1789636643448309567,-0.518396,0.518396
291,293,1789636643446712740,1789636643446563545,0.149195,0.149195,1789636643547406988,1789636643547906480,-0.499003,0.499003
292,294,1789636643546605826,1789636643546553351,0.052475,0.052475,1789636643647425249,1789636643647925313,-0.499621,0.499621
293,295,1789636643646512867,1789636643646643328,-0.130461,0.130461,1789636643747707403,1789636643748209607,-0.502099,0.502099
294,296,1789636643746635874,1789636643746457161,0.178713,0.178713,1789636643847505312,1789636643848010593,-0.504398,0.504398
295,297,1789636643846557404,1789636643846767937,-0.210533,0.210533,1789636643947604184,1789636643948147649,-0.54337,0.54337
296,298,1789636643946450075,1789636643946652351,-0.202276,0.202276,1789636644047654907,1789636644048218689,-0.563721,0.563721
297,299,1789636644046683778,1789636644046581654,0.102124,0.102124,1789636644147708715,1789636644148241783,-0.532491,0.532491
298,300,1789636644146770168,1789636644146563174,0.206994,0.206994,1789636644247344318,1789636644247847444,-0.502718,0.502718
299,301,1789636644246412112,1789636644246618294,-0.206182,0.206182,1789636644347748351,1789636644348346332,-0.59701,0.59701
300,302,1789636644346578355,1789636644347115452,-0.537097,0.537097,1789636644447552669,1789636644448082796,-0.529502,0.529502
301,303,1789636644446469728,1789636644446675923,-0.206195,0.206195,1789636644547486744,1789636644547987966,-0.500958,0.500958
302,304,1789636644546586255,1789636644546619780,-0.033525,0.033525,1789636644647665896,1789636644648144937,-0.478534,0.478534
303,305,1789636644646764107,1789636644646576670,0.187437,0.187437,1789636644747445909,1789636644747950964,-0.504624,0.504624
304,306,1789636644746678777,1789636644746483192,0.195585,0.195585,1789636644847456139,1789636644847954635,-0.498172,0.498172
305,307,1789636644846517450,1789636644846614436,-0.096986,0.096986,1789636644947793910,1789636644948283107,-0.488927,0.488927
306,308,1789636644946709327,1789636644946544206,0.165121,0.165121,1789636645047481343,1789636645048018678,-0.536835,0.536835
307,309,1789636645046662072,1789636645046587090,0.074982,0.074982,1789636645147894891,1789636645148409007,-0.513751,0.513751
308,310,1789636645146783690,1789636645146576487,0.207203,0.207203,1789636645247400786,1789636645247916672,-0.515646,0.515646
309,311,1789636645246630637,1789636645247056115,-0.425478,0.425478,1789636645347650200,1789636645348191608,-0.54107,0.54107
310,312,1789636645346601432,1789636645346410423,0.191009,0.191009,1789636645447524735,1789636645448069785,-0.544363,0.544363
311,313,1789636645446668754,1789636645446542161,0.126593,0.126593,1789636645547542601,1789636645548076881,-0.533737,0.533737
312,314,1789636645546619342,1789636645546457707,0.161635,0.161635,1789636645647688487,1789636645648221572,-0.531971,0.531971
313,315,1789636645646738658,1789636645646550592,0.188066,0.188066,1789636645747515058,1789636645748031757,-0.515792,0.515792
314,316,1789636645746636137,1789636645746475901,0.160236,0.160236,1789636645847548160,1789636645848042308,-0.493927,0.493927
315,317,1789636645846747930,1789636645846972354,-0.224424,0.224424,1789636645947610168,1789636645948175156,-0.564677,0.564677
316,318,1789636645946673046,1789636645946485771,0.187275,0.187275,1789636646047421233,1789636646047920203,-0.49838,0.49838
317,319,1789636646046642070,1789636646046490931,0.151139,0.151139,1789636646147489406,1789636646147984298,-0.494115,0.494115
318,320,1789636646146694656,1789636646146488823,0.205833,0.205833,1789636646247625376,1789636646248157767,-0.532049,0.532049
319,321,1789636646246692195,1789636646246505545,0.18665,0.18665,1789636646347768819,1789636646348435231,-0.666049,0.666049
320,322,1789636646346563600,1789636646346930980,-0.36738,0.36738,1789636646447801830,1789636646448363348,-0.560634,0.560634
321,323,1789636646446742650,1789636646446568146,0.174504,0.174504,1789636646547429908,1789636646548005830,-0.575316,0.575316
322,324,1789636646546620910,1789636646546485748,0.135162,0.135162,1789636646647417256,1789636646647930560,-0.512779,0.512779
323,325,1789636646646596152,1789636646646655162,-0.05901,0.05901,1789636646747696553,1789636646748197385,-0.500594,0.500594
324,326,1789636646746606530,1789636646746901527,-0.294997,0.294997,1789636646847461521,1789636646847966812,-0.505053,0.505053
325,327,1789636646846603069,1789636646846408510,0.194559,0.194559,1789636646947357823,1789636646947924299,-0.566264,0.566264
326,328,1789636646946492176,1789636646946623816,-0.13164,0.13164,1789636647047628472,1789636647048170664,-0.541622,0.541622
327,329,1789636647046448459,1789636647047056009,-0.60755,0.60755,1789636647147816484,1789636647148372982,-0.556095,0.556095
328,330,1789636647146754327,1789636647147000194,-0.245867,0.245867,1789636647247514886,1789636647248065783,-0.550476,0.550476
329,331,1789636647246685961,1789636647246917433,-0.231472,0.231472,1789636647347741147,1789636647348296952,-0.555677,0.555677
330,332,1789636647346785310,1789636647346885105,-0.099795,0.099795,1789636647447432057,1789636647447938412,-0.505795,0.505795
331,333,1789636647446502378,1789636647446885841,-0.383463,0.383463,1789636647547683130,1789636647548230441,-0.546935,0.546935
332,334,1789636647546583372,1789636647546656919,-0.073547,0.073547,1789636647647670243,1789636647648163274,-0.492857,0.492857
333,335,1789636647646764304,1789636647646555570,0.208734,0.208734,1789636647747405052,1789636647747910178,-0.504663,0.504663
334,336,1789636647746473498,1789636647746897644,-0.424146,0.424146,1789636647847673863,1789636647848177317,-0.503023,0.503023
335,337,1789636647846518210,1789636647846626030,-0.10782,0.10782,1789636647947476822,1789636647948002815,-0.525646,0.525646
336,338,1789636647946499332,1789636647946936068,-0.436736,0.436736,1789636648047689115,1789636648048182050,-0.492569,0.492569
337,339,1789636648046523156,1789636648046670177,-0.147021,0.147021,1789636648147544929,1789636648148040920,-0.495033,0.495033
338,340,1789636648146704011,1789636648146515575,0.188436,0.188436,1789636648247431025,1789636648247953323,-0.522161,0.522161
339,341,1789636648246608900,1789636648246540262,0.068638,0.068638,1789636648347430868,1789636648347962704,-0.531722,0.531722
340,342,1789636648346508117,1789636648346830038,-0.321921,0.321921,1789636648447750794,1789636648448277310,-0.525942,0.525942
341,343,1789636648446667035,1789636648446560037,0.106998,0.106998,1789636648547350872,1789636648547860433,-0.509284,0.509284
342,344,1789636648546600903,1789636648546458827,0.142076,0.142076,1789636648647560866,1789636648648055867,-0.49473,0.49473
343,345,1789636648646728024,1789636648646930419,-0.202395,0.202395,1789636648747487569,1789636648748004355,-0.51645,0.51645
344,346,1789636648746607780,1789636648746850805,-0.243025,0.243025,1789636648847354165,1789636648847874936,-0.520336,0.520336
345,347,1789636648846556493,1789636648846889651,-0.333158,0.333158,1789636648947625308,1789636648948184638,-0.55891,0.55891
346,348,1789636648946659102,1789636648946826595,-0.167493,0.167493,1789636649047591329,1789636649048071730,-0.480057,0.480057
347,349,1789636649047907714,1789636649046872963,1.034751,1.034751,1789636649147476316,1789636649147982897,-0.506351,0.506351
348,350,1789636649146886557,1789636649146854353,0.032204,0.032204,1789636649247441856,1789636649247941002,-0.498537,0.498537
349,351,1789636649246686880,1789636649246864046,-0.177166,0.177166,1789636649347823163,1789636649348354964,-0.531363,0.531363
350,352,1789636649347892334,1789636649346805308,1.087026,1.087026,1789636649447527851,1789636649448056140,-0.527984,0.527984
351,353,1789636649446728829,1789636649446534299,0.19453,0.19453,1789636649547570440,1789636649548118214,-0.547614,0.547614
352,354,1789636649546918290,1789636649546528701,0.389589,0.389589,1789636649647462203,1789636649647966350,-0.503776,0.503776
353,355,1789636649646591444,1789636649646771178,-0.179734,0.179734,1789636649747588471,1789636649748073673,-0.484952,0.484952
354,356,1789636649746625308,1789636649746538644,0.086664,0.086664,1789636649847524846,1789636649848077285,-0.551907,0.551907
355,357,1789636649846636753,1789636649846449382,0.187371,0.187371,1789636649947605104,1789636649948145504,-0.539614,0.539614
356,359,1789636650047841723,1789636650046761777,1.079946,1.079946,1789636650147381013,1789636650147869082,-0.487449,0.487449
357,360,1789636650146399798,1789636650146804631,-0.404833,0.404833,1789636650247797930,1789636650248324969,-0.526526,0.526526
358,361,1789636650247831150,1789636650246733135,1.098015,1.098015,1789636650347847508,1789636650348436863,-0.588742,0.588742
359,362,1789636650346746471,1789636650347766682,-1.020211,1.020211,1789636650447651809,1789636650448159431,-0.507194,0.507194
360,363,1789636650446609765,1789636650446791688,-0.181923,0.181923,1789636650547602642,1789636650548144621,-0.541443,0.541443
361,364,1789636650546839678,1789636650546713429,0.126249,0.126249,1789636650647492480,1789636650647993814,-0.501071,0.501071
362,365,1789636650646454068,1789636650646874130,-0.420062,0.420062,1789636650747688203,1789636650748176046,-0.487584,0.487584
363,366,1789636650746905677,1789636650746718434,0.187243,0.187243,1789636650847376946,1789636650847909494,-0.532151,0.532151
364,367,1789636650846843230,1789636650846821953,0.021277,0.021277,1789636650947930944,1789636650948466984,-0.535707,0.535707
365,368,1789636650947865136,1789636650946687865,1.177271,1.177271,1789636651047542157,1789636651048091178,-0.548694,0.548694
366,369,1789636651046815080,1789636651046708980,0.1061,0.1061,1789636651147697791,1789636651148209795,-0.51131,0.51131
367,370,1789636651146828848,1789636651146680530,0.148318,0.148318,1789636651247631189,1789636651248143865,-0.512386,0.512386
368,371,1789636651247767306,1789636651246776967,0.990339,0.990339,1789636651348046886,1789636651348587117,-0.53988,0.53988
369,372,1789636651347014552,1789636651346807495,0.207057,0.207057,1789636651447644475,1789636651448204510,-0.559561,0.559561
370,373,1789636651446436753,1789636651447755490,-1.318737,1.318737,1789636651547761508,1789636651548293708,-0.531807,0.531807
371,374,1789636651546706443,1789636651547703923,-0.99748,0.99748,1789636651647481096,1789636651647969660,-0.488086,0.488086
372,375,1789636651646752439,1789636651647766458,-1.014019,1.014019,1789636651747627933,1789636651748124525,-0.496312,0.496312
373,376,1789636651746825267,1789636651746772478,0.052789,0.052789,1789636651847854858,1789636651848557591,-0.702306,0.702306
374,377,1789636651846897316,1789636651846760102,0.137214,0.137214,1789636651947802782,1789636651948501477,-0.697801,0.697801
375,378,1789636651946748275,1789636651946638818,0.109457,0.109457,1789636652047660753,1789636652048409576,-0.748231,0.748231
376,379,1789636652046782695,1789636652046803288,-0.020593,0.020593,1789636652147910954,1789636652148686659,-0.775241,0.775241
377,380,1789636652146887501,1789636652146747122,0.140379,0.140379,1789636652247338242,1789636652247873005,-0.534427,0.534427
378,381,1789636652246605419,1789636652246649509,-0.04409,0.04409,1789636652347623628,1789636652348182314,-0.558111,0.558111
379,382,1789636652346873971,1789636652346625991,0.24798,0.24798,1789636652447566782,1789636652448123647,-0.556561,0.556561
380,383,1789636652446925468,1789636652446705697,0.219771,0.219771,1789636652547765532,1789636652548347213,-0.581114,0.581114
381,384,1789636652546934921,1789636652546620272,0.314649,0.314649,1789636652647435149,1789636652647983614,-0.548016,0.548016
382,385,1789636652646758278,1789636652646731176,0.027102,0.027102,1789636652747813402,1789636652748367738,-0.553698,0.553698
383,386,1789636652746847537,1789636652746668854,0.178683,0.178683,1789636652847623981,1789636652848193380,-0.568913,0.568913
384,387,1789636652847732062,1789636652846586910,1.145152,1.145152,1789636652947485611,1789636652948045985,-0.559851,0.559851
385,388,1789636652947767456,1789636652946726431,1.041025,1.041025,1789636653047651121,1789636653048164179,-0.512921,0.512921
386,389,1789636653047741712,1789636653046666538,1.075174,1.075174,1789636653147681715,1789636653148215401,-0.533056,0.533056
387,390,1789636653147727011,1789636653146584357,1.142654,1.142654,1789636653247419026,1789636653247903482,-0.484158,0.484158
388,391,1789636653247715937,1789636653246709313,1.006624,1.006624,1789636653347737697,1789636653348359026,-0.620938,0.620938
389,392,1789636653347766634,1789636653346667340,1.099294,1.099294,1789636653447627586,1789636653448152089,-0.523997,0.523997
390,393,1789636653447759817,1789636653446745374,1.014443,1.014443,1789636653547872976,1789636653548483248,-0.609702,0.609702
391,394,1789636653547840907,1789636653546668374,1.172533,1.172533,1789636653647470285,1789636653647968010,-0.497556,0.497556
392,395,1789636653646807541,1789636653646550697,0.256844,0.256844,1789636653747803520,1789636653748337869,-0.534048,0.534048
393,396,1789636653747825882,1789636653747663153,0.162729,0.162729,1789636653847535525,1789636653848009346,-0.473612,0.473612
394,397,1789636653846815792,1789636653846608141,0.207651,0.207651,1789636653947361891,1789636653947874599,-0.512365,0.512365
395,398,1789636653946724285,1789636653946651277,0.073008,0.073008,1789636654047611076,1789636654048143985,-0.532327,0.532327
396,399,1789636654047617028,1789636654047580085,0.036943,0.036943,1789636654147601673,1789636654148144441,-0.542273,0.542273
397,400,1789636654147764744,1789636654146611380,1.153364,1.153364,1789636654247697827,1789636654248187769,-0.489644,0.489644
398,401,1789636654247636592,1789636654247629839,0.006753,0.006753,1789636654347647530,1789636654348142519,-0.494814,0.494814
399,402,1789636654347750826,1789636654347559467,0.191359,0.191359,1789636654447741991,1789636654448242169,-0.499981,0.499981
400,403,1789636654447618948,1789636654447613598,0.00535,0.00535,1789636654547753730,1789636654548282204,-0.527973,0.527973
401,404,1789636654547712359,1789636654546577757,1.134602,1.134602,1789636654647478837,1789636654647985133,-0.505758,0.505758
402,405,1789636654647771132,1789636654647594428,0.176704,0.176704,1789636654747761276,1789636654748324124,-0.562272,0.562272
403,406,1789636654746724040,1789636654747725183,-1.001143,1.001143,1789636654847693267,1789636654848202042,-0.508465,0.508465
404,407,1789636654847708811,1789636654846585245,1.123566,1.123566,1789636654947428232,1789636654948063980,-0.635031,0.635031
405,408,1789636654946745580,1789636654947597641,-0.852061,0.852061,1789636655047706332,1789636655048172043,-0.465555,0.465555
406,409,1789636655047642958,1789636655046605045,1.037913,1.037913,1789636655147350080,1789636655147892632,-0.542155,0.542155
407,410,1789636655147681888,1789636655146500286,1.181602,1.181602,1789636655247487096,1789636655247999506,-0.512103,0.512103
408,411,1789636655247604444,1789636655247638731,-0.034287,0.034287,1789636655347682030,1789636655348190584,-0.507887,0.507887
409,412,1789636655347703958,1789636655346531571,1.172387,1.172387,1789636655447596112,1789636655448132761,-0.536246,0.536246
410,413,1789636655447642386,1789636655446759838,0.882548,0.882548,1789636655547712501,1789636655548233922,-0.520974,0.520974
411,414,1789636655546614458,1789636655547617260,-1.002802,1.002802,1789636655647827305,1789636655648404895,-0.577213,0.577213
412,415,1789636655647721249,1789636655646534294,1.186955,1.186955,1789636655747854501,1789636655748374972,-0.520309,0.520309
413,416,1789636655747693883,1789636655747549615,0.144268,0.144268,1789636655847689885,1789636655848184033,-0.493754,0.493754
414,417,1789636655846612500,1789636655847603969,-0.991469,0.991469,1789636655947793997,1789636655948373837,-0.579392,0.579392
415,418,1789636655947685394,1789636655946676280,1.009114,1.009114,1789636656047603118,1789636656048107951,-0.504528,0.504528
416,419,1789636656047648350,1789636656047641643,0.006707,0.006707,1789636656147708765,1789636656148213443,-0.504069,0.504069
417,420,1789636656147621258,1789636656147551473,0.069785,0.069785,1789636656248581758,1789636656249104062,-0.521747,0.521747
418,421,1789636656247540924,1789636656247705007,-0.164083,0.164083,1789636656347525781,1789636656348078633,-0.552295,0.552295
419,422,1789636656346476144,1789636656346638029,-0.161885,0.161885,1789636656447527627,1789636656448040618,-0.512288,0.512288
420,423,1789636656447627955,1789636656447557584,0.070371,0.070371,1789636656547905054,1789636656548465518,-0.560022,0.560022
421,424,1789636656547640581,1789636656547491932,0.148649,0.148649,1789636656647405552,1789636656647892852,-0.486766,0.486766
422,425,1789636656646600487,1789636656647614664,-1.014177,1.014177,1789636656748768905,1789636656749276699,-0.507499,0.507499
423,426,1789636656747545587,1789636656747742965,-0.197378,0.197378,1789636656847595728,1789636656848116830,-0.520281,0.520281
424,427,1789636656847556836,1789636656846632119,0.924717,0.924717,1789636656947758740,1789636656948437622,-0.678299,0.678299
425,428,1789636656947577402,1789636656946616784,0.960618,0.960618,1789636657047752232,1789636657048502604,-0.750011,0.750011
426,429,1789636657047507386,1789636657047489743,0.017643,0.017643,1789636657147801964,1789636657148316693,-0.514565,0.514565
427,430,1789636657147610687,1789636657147465113,0.145574,0.145574,1789636657247684773,1789636657248405764,-0.72053,0.72053
428,431,1789636657247519486,1789636657247538500,-0.019014,0.019014,1789636657347866207,1789636657348556994,-0.690374,0.690374
429,432,1789636657347509918,1789636657347515710,-0.005792,0.005792,1789636657447807535,1789636657448514627,-0.706615,0.706615
430,433,1789636657447591528,1789636657446661526,0.930002,0.930002,1789636657547689004,1789636657548362017,-0.672556,0.672556
431,434,1789636657547555969,1789636657547538340,0.017629,0.017629,1789636657647788401,1789636657648296170,-0.507298,0.507298
432,435,1789636657647627288,1789636657647448045,0.179243,0.179243,1789636657747450174,1789636657747955556,-0.504915,0.504915
433,436,1789636657747586825,1789636657746531645,1.05518,1.05518,1789636657847465854,1789636657848009623,-0.543106,0.543106
434,437,1789636657847518676,1789636657847524389,-0.005713,0.005713,1789636657947727115,1789636657948236409,-0.508618,0.508618
435,438,1789636657947600487,1789636657947431704,0.168783,0.168783,1789636658047710650,1789636658048214172,-0.503125,0.503125
436,439,1789636658047618153,1789636658047399963,0.21819,0.21819,1789636658147571826,1789636658148092384,-0.52012,0.52012
437,440,1789636658146459735,1789636658147482969,-1.023234,1.023234,1789636658247771658,1789636658248287455,-0.515377,0.515377
438,441,1789636658247530975,1789636658246713630,0.817345,0.817345,1789636658347688049,1789636658348199132,-0.510667,0.510667
439,442,1789636658347543809,1789636658347458901,0.084908,0.084908,1789636658447420932,1789636658447935552,-0.514142,0.514142
440,443,1789636658447558297,1789636658447539008,0.019289,0.019289,1789636658548526669,1789636658549076434,-0.549496,0.549496
441,444,1789636658547439286,1789636658547612415,-0.173129,0.173129,1789636658647864514,1789636658648389828,-0.524765,0.524765
442,445,1789636658647531276,1789636658647408989,0.122287,0.122287,1789636658747438971,1789636658747950984,-0.511402,0.511402
443,446,1789636658747569308,1789636658746437833,1.131475,1.131475,1789636658847697904,1789636658848444126,-0.745908,0.745908
444,447,1789636658847407728,1789636658846650544,0.757184,0.757184,1789636658947665734,1789636658948191284,-0.525039,0.525039
445,448,1789636658947506572,1789636658946567876,0.938696,0.938696,1789636659047456546,1789636659048022301,-0.565278,0.565278
446,449,1789636659047502070,1789636659046402593,1.099477,1.099477,1789636659148390195,1789636659148963127,-0.572449,0.572449
447,450,1789636659147424145,1789636659147607260,-0.183115,0.183115,1789636659247727165,1789636659248242947,-0.515126,0.515126
448,451,1789636659247490320,1789636659246612075,0.878245,0.878245,1789636659347557644,1789636659348079494,-0.521013,0.521013
449,452,1789636659347486860,1789636659347468335,0.018525,0.018525,1789636659447642067,1789636659448149517,-0.506916,0.506916
450,453,1789636659446567920,1789636659447323993,-0.756073,0.756073,1789636659547641688,1789636659548145618,-0.503591,0.503591
451,454,1789636659547491205,1789636659547396281,0.094924,0.094924,1789636659648403196,1789636659648891970,-0.488532,0.488532
452,455,1789636659647387091,1789636659647518607,-0.131516,0.131516,1789636659748631483,1789636659749356118,-0.724224,0.724224
453,456,1789636659747371565,1789636659747558337,-0.186772,0.186772,1789636659847624342,1789636659848135696,-0.51101,0.51101
454,457,1789636659847426761,1789636659847495877,-0.069116,0.069116,1789636659947785210,1789636659948276408,-0.490995,0.490995
455,458,1789636659947379644,1789636659947435695,-0.056051,0.056051,1789636660047521593,1789636660048045197,-0.523034,0.523034
456,459,1789636660047419428,1789636660047370421,0.049007,0.049007,1789636660148298440,1789636660148817377,-0.518524,0.518524
457,460,1789636660147393721,1789636660147529520,-0.135799,0.135799,1789636660248584156,1789636660249085500,-0.500954,0.500954
458,461,1789636660247435992,1789636660247643626,-0.207634,0.207634,1789636660347766008,1789636660348297878,-0.531606,0.531606
459,462,1789636660347400177,1789636660347405796,-0.005619,0.005619,1789636660448369287,1789636660448925019,-0.555416,0.555416
460,463,1789636660447447683,1789636660447506133,-0.05845,0.05845,1789636660547569891,1789636660548080793,-0.510554,0.510554
461,464,1789636660547417703,1789636660547403567,0.014136,0.014136,1789636660647529691,1789636660648022459,-0.4926,0.4926
462,465,1789636660647395495,1789636660647415601,-0.020106,0.020106,1789636660748253222,1789636660748758952,-0.505355,0.505355
463,466,1789636660747324983,1789636660747497921,-0.172938,0.172938,1789636660848429763,1789636660848949590,-0.519368,0.519368
464,467,1789636660847394130,1789636660847507537,-0.113407,0.113407,1789636660947688438,1789636660948250331,-0.561657,0.561657
465,468,1789636660947367213,1789636660947323719,0.043494,0.043494,1789636661048595110,1789636661049272649,-0.677174,0.677174
466,469,1789636661047326658,1789636661047468442,-0.141784,0.141784,1789636661148540681,1789636661149047848,-0.506947,0.506947
467,470,1789636661147531087,1789636661147326931,0.204156,0.204156,1789636661247435862,1789636661247944878,-0.50859,0.50859
468,471,1789636661247337187,1789636661247262554,0.074633,0.074633,1789636661348288437,1789636661348814601,-0.526013,0.526013
469,472,1789636661347308957,1789636661347462212,-0.153255,0.153255,1789636661448627233,1789636661449171543,-0.544017,0.544017
470,473,1789636661447513572,1789636661447297832,0.21574,0.21574,1789636661547682343,1789636661548234647,-0.552078,0.552078
471,474,1789636661546738268,1789636661547265854,-0.527586,0.527586,1789636661647702762,1789636661648255341,-0.551957,0.551957
472,475,1789636661647457414,1789636661647392638,0.064776,0.064776,1789636661747504619,1789636661748054904,-0.549688,0.549688
473,476,1789636661746413946,1789636661747218712,-0.804766,0.804766,1789636661847732864,1789636661848243785,-0.510552,0.510552
474,477,1789636661846794357,1789636661847218515,-0.424158,0.424158,1789636661947598888,1789636661948149993,-0.550797,0.550797
475,478,1789636661946740357,1789636661947194185,-0.453828,0.453828,1789636662048567265,1789636662049257019,-0.68928,0.68928
476,479,1789636662047375258,1789636662047532999,-0.157741,0.157741,1789636662147827824,1789636662148358547,-0.530467,0.530467
477,480,1789636662147313941,1789636662147210442,0.103499,0.103499,1789636662247417045,1789636662247934946,-0.517549,0.517549
478,481,1789636662247264861,1789636662247181729,0.083132,0.083132,1789636662347338814,1789636662347912370,-0.573051,0.573051
479,482,1789636662347398703,1789636662347228476,0.170227,0.170227,1789636662447938488,1789636662448702099,-0.763216,0.763216
480,483,1789636662447408990,1789636662447183345,0.225645,0.225645,1789636662547903578,1789636662548619908,-0.715929,0.715929
481,484,1789636662547237142,1789636662547285761,-0.048619,0.048619,1789636662648573645,1789636662649107905,-0.533729,0.533729
482,485,1789636662647450292,1789636662647285303,0.164989,0.164989,1789636662748374757,1789636662749019753,-0.644111,0.644111
483,486,1789636662747290871,1789636662747384135,-0.093264,0.093264,1789636662848773036,1789636662849519296,-0.745443,0.745443
484,487,1789636662847488668,1789636662847278163,0.210505,0.210505,1789636662948451663,1789636662949169291,-0.716575,0.716575
485,488,1789636662947354230,1789636662947447903,-0.093673,0.093673,1789636663048438608,1789636663048935892,-0.49678,0.49678
486,489,1789636663047333210,1789636663047542020,-0.20881,0.20881,1789636663147735757,1789636663148244745,-0.508847,0.508847
487,490,1789636663147341980,1789636663147237429,0.104551,0.104551,1789636663248160715,1789636663248688721,-0.527515,0.527515
488,491,1789636663247255631,1789636663247166400,0.089231,0.089231,1789636663348278441,1789636663348810705,-0.531733,0.531733
489,492,1789636663347459920,1789636663347305198,0.154722,0.154722,1789636663448520874,1789636663449091489,-0.569855,0.569855
490,493,1789636663447259653,1789636663447426427,-0.166774,0.166774,1789636663548261160,1789636663548792687,-0.531194,0.531194
491,494,1789636663547316010,1789636663547374453,-0.058443,0.058443,1789636663648339977,1789636663648871222,-0.530756,0.530756
492,495,1789636663647433206,1789636663647281692,0.151514,0.151514,1789636663748141434,1789636663748686717,-0.544581,0.544581
493,496,1789636663747273201,1789636663747364292,-0.091091,0.091091,1789636663848239583,1789636663848742235,-0.502181,0.502181
494,497,1789636663847294639,1789636663847352748,-0.058109,0.058109,1789636663948518184,1789636663949152971,-0.634047,0.634047
495,498,1789636663947426984,1789636663947282282,0.144702,0.144702,1789636664048348239,1789636664049020778,-0.672217,0.672217
496,499,1789636664047278163,1789636664047349986,-0.071823,0.071823,1789636664148596339,1789636664149279626,-0.68281,0.68281
497,500,1789636664147309178,1789636664147365434,-0.056256,0.056256,1789636664248050630,1789636664248593977,-0.542561,0.542561
498,501,1789636664247186735,1789636664247295360,-0.108625,0.108625,1789636664347381703,1789636664347868260,-0.486206,0.486206
499,502,1789636664347187414,1789636664347270828,-0.083414,0.083414,1789636664448632979,1789636664449316861,-0.683619,0.683619
500,503,1789636664447296855,1789636664447352434,-0.055579,0.055579,1789636664548428488,1789636664549138060,-0.709354,0.709354
501,504,1789636664547219478,1789636664547419452,-0.199974,0.199974,1789636664647865223,1789636664648525178,-0.659718,0.659718
502,505,1789636664647169335,1789636664647216868,-0.047533,0.047533,1789636664748438530,1789636664749096995,-0.658088,0.658088
503,506,1789636664747237690,1789636664747310049,-0.072359,0.072359,1789636664848047232,1789636664848605677,-0.557974,0.557974
504,507,1789636664847179210,1789636664847273655,-0.094445,0.094445,1789636664948178847,1789636664948752582,-0.572843,0.572843
505,508,1789636664947201859,1789636664947347940,-0.146081,0.146081,1789636665048154354,1789636665048680114,-0.525083,0.525083
506,509,1789636665047225247,1789636665047308262,-0.083015,0.083015,1789636665147945033,1789636665148470689,-0.525144,0.525144
507,510,1789636665147104589,1789636665147262206,-0.157617,0.157617,1789636665248221091,1789636665248738270,-0.516797,0.516797
508,511,1789636665247333989,1789636665247137753,0.196236,0.196236,1789636665348283069,1789636665348825576,-0.542194,0.542194
509,512,1789636665347290357,1789636665347265471,0.024886,0.024886,1789636665448109536,1789636665448657054,-0.546845,0.546845
510,513,1789636665447313019,1789636665447159343,0.153676,0.153676,1789636665548097301,1789636665548621189,-0.523023,0.523023
511,514,1789636665547231217,1789636665547392866,-0.161649,0.161649,1789636665648355337,1789636665648843695,-0.487954,0.487954
512,515,1789636665647334965,1789636665647177758,0.157207,0.157207,1789636665748056947,1789636665748557088,-0.499624,0.499624
513,516,1789636665747207524,1789636665747339214,-0.13169,0.13169,1789636665848203489,1789636665848716800,-0.512956,0.512956
514,517,1789636665847096851,1789636665847302555,-0.205704,0.205704,1789636665948185019,1789636665948736532,-0.551106,0.551106
515,518,1789636665947179628,1789636665947361131,-0.181503,0.181503,1789636666048565034,1789636666049260291,-0.695,0.695
516,519,1789636666047207077,1789636666047293616,-0.086539,0.086539,1789636666148417073,1789636666148959656,-0.542212,0.542212
517,520,1789636666147200202,1789636666147308376,-0.108174,0.108174,1789636666248271149,1789636666248773781,-0.502068,0.502068
518,521,1789636666247232013,1789636666247356005,-0.123992,0.123992,1789636666348117867,1789636666348637533,-0.519253,0.519253
519,522,1789636666347159243,1789636666347258149,-0.098906,0.098906,1789636666448341430,1789636666448840467,-0.498815,0.498815
520,523,1789636666447225937,1789636666447332827,-0.10689,0.10689,1789636666548350306,1789636666548859841,-0.509355,0.509355
521,524,1789636666547227229,1789636666547358972,-0.131743,0.131743,1789636666648009260,1789636666648514532,-0.504868,0.504868
522,525,1789636666647050767,1789636666647251525,-0.200758,0.200758,1789636666748186668,1789636666748683318,-0.49646,0.49646
523,526,1789636666747207774,1789636666747298165,-0.090391,0.090391,1789636666848256527,1789636666848796849,-0.5404,0.5404
524,527,1789636666847144068,1789636666847305588,-0.16152,0.16152,1789636666947985541,1789636666948517041,-0.53115,0.53115
525,528,1789636666947104456,1789636666947216273,-0.111817,0.111817,1789636667048183876,1789636667048702786,-0.518456,0.518456
526,529,1789636667047085983,1789636667047262282,-0.176299,0.176299,1789636667148204250,1789636667148740786,-0.53615,0.53615
527,530,1789636667147166854,1789636667147270237,-0.103383,0.103383,1789636667248175186,1789636667248690498,-0.510663,0.510663
528,531,1789636667247136696,1789636667247203562,-0.066866,0.066866,1789636667348008702,1789636667348563753,-0.554791,0.554791
529,532,1789636667347230093,1789636667347057622,0.172471,0.172471,1789636667448429599,1789636667449120223,-0.690302,0.690302
530,533,1789636667447134868,1789636667447259924,-0.125056,0.125056,1789636667548129877,1789636667548666171,-0.535866,0.535866
531,534,1789636667547172354,1789636667547224278,-0.051924,0.051924,1789636667647998706,1789636667648529716,-0.530688,0.530688
532,535,1789636667647089446,1789636667647152323,-0.062877,0.062877,1789636667748151291,1789636667748706598,-0.554659,0.554659
533,536,1789636667747140402,1789636667747213095,-0.072693,0.072693,1789636667848173528,1789636667848669765,-0.496032,0.496032
534,537,1789636667847125362,1789636667847215125,-0.089763,0.089763,1789636667948214904,1789636667948767300,-0.551494,0.551494
535,538,1789636667947143155,1789636667947260261,-0.117106,0.117106,1789636668048185438,1789636668048697563,-0.511804,0.511804
536,539,1789636668047104236,1789636668047266831,-0.162595,0.162595,1789636668147925147,1789636668148447100,-0.521512,0.521512
537,540,1789636668147060025,1789636668147169570,-0.109545,0.109545,1789636668248222851,1789636668248776575,-0.553313,0.553313
538,541,1789636668247145100,1789636668247274906,-0.129806,0.129806,1789636668348199205,1789636668348755594,-0.556235,0.556235
539,542,1789636668346993682,1789636668347197993,-0.204311,0.204311,1789636668447962550,1789636668448488125,-0.525284,0.525284
540,543,1789636668446982002,1789636668447197123,-0.215121,0.215121,1789636668548008049,1789636668548573320,-0.564467,0.564467
541,544,1789636668547163809,1789636668547141967,0.021842,0.021842,1789636668648035632,1789636668648556736,-0.520058,0.520058
542,545,1789636668647213475,1789636668647007193,0.206282,0.206282,1789636668747873105,1789636668748400738,-0.527338,0.527338
543,546,1789636668746972591,1789636668747133960,-0.161369,0.161369,1789636668848135071,1789636668848663838,-0.528298,0.528298
544,547,1789636668847134061,1789636668847081437,0.052624,0.052624,1789636668948080645,1789636668948673637,-0.592402,0.592402
545,548,1789636668947126552,1789636668947279002,-0.15245,0.15245,1789636669048140341,1789636669048673191,-0.532388,0.532388
546,549,1789636669047071113,1789636669047236630,-0.165517,0.165517,1789636669147851782,1789636669148368519,-0.516339,0.516339
547,550,1789636669147096689,1789636669147117780,-0.021091,0.021091,1789636669248011086,1789636669248565450,-0.55421,0.55421
548,551,1789636669247071808,1789636669247151762,-0.079954,0.079954,1789636669347995893,1789636669348580520,-0.584175,0.584175
549,552,1789636669347096084,1789636669347246807,-0.150723,0.150723,1789636669448019575,1789636669448554730,-0.534934,0.534934
550,553,1789636669447014704,1789636669447104987,-0.090283,0.090283,1789636669547928368,1789636669548455760,-0.526909,0.526909
551,554,1789636669547044543,1789636669547103762,-0.059219,0.059219,1789636669647946003,1789636669648493308,-0.546853,0.546853
552,555,1789636669647015424,1789636669647158027,-0.142603,0.142603,1789636669748088881,1789636669748613161,-0.524158,0.524158
553,556,1789636669746991940,1789636669747191539,-0.199599,0.199599,1789636669848074848,1789636669848604013,-0.528599,0.528599
554,557,1789636669847080240,1789636669847134644,-0.054404,0.054404,1789636669948125608,1789636669948802240,-0.676418,0.676418
555,558,1789636669947003977,1789636669947138891,-0.134914,0.134914,1789636670048371003,1789636670049065097,-0.693654,0.693654
556,559,1789636670047153737,1789636670046964621,0.189116,0.189116,1789636670148071450,1789636670148782423,-0.710251,0.710251
557,560,1789636670147104776,1789636670146978405,0.126371,0.126371,1789636670248070345,1789636670248792368,-0.721476,0.721476
558,561,1789636670246974602,1789636670247090356,-0.115754,0.115754,1789636670348342728,1789636670349075915,-0.732821,0.732821
559,562,1789636670346999113,1789636670347141030,-0.141917,0.141917,1789636670448422041,1789636670449134676,-0.71231,0.71231
560,563,1789636670447168175,1789636670446970959,0.197216,0.197216,1789636670548032539,1789636670548757599,-0.724768,0.724768
561,564,1789636670547029828,1789636670547089665,-0.059837,0.059837,1789636670648481231,1789636670649233518,-0.75204,0.75204
562,565,1789636670647026013,1789636670647138151,-0.112138,0.112138,1789636670748249549,1789636670748990553,-0.739876,0.739876
563,566,1789636670747020063,1789636670747133051,-0.112988,0.112988,1789636670848063785,1789636670848781693,-0.717174,0.717174
564,567,1789636670846961531,1789636670847090233,-0.128702,0.128702,1789636670948042150,1789636670948732909,-0.690277,0.690277
565,568,1789636670946896568,1789636670947043088,-0.14652,0.14652,1789636671048112758,1789636671048617495,-0.504553,0.504553
566,569,1789636671047018478,1789636671047093813,-0.075335,0.075335,1789636671147850224,1789636671148372850,-0.522285,0.522285
567,570,1789636671146892601,1789636671147055654,-0.163053,0.163053,1789636671247989705,1789636671248733312,-0.74323,0.74323
568,571,1789636671246899846,1789636671247027440,-0.127594,0.127594,1789636671348426657,1789636671349240273,-0.813059,0.813059
569,572,1789636671346977067,1789636671347119076,-0.142009,0.142009,1789636671447957345,1789636671448678334,-0.720417,0.720417
570,573,1789636671446883812,1789636671447035741,-0.151929,0.151929,1789636671547922804,1789636671548527566,-0.604258,0.604258
571,574,1789636671546950749,1789636671547076224,-0.125475,0.125475,1789636671648325146,1789636671649035431,-0.709666,0.709666
572,575,1789636671646920909,1789636671647086852,-0.165943,0.165943,1789636671747751659,1789636671748248768,-0.496594,0.496594
573,576,1789636671746833306,1789636671747004095,-0.170789,0.170789,1789636671847835315,1789636671848398778,-0.562805,0.562805
574,578,1789636671946912985,1789636671946818613,0.094372,0.094372,1789636672047789385,1789636672048341291,-0.551518,0.551518
575,579,1789636672046900839,1789636672046961148,-0.060309,0.060309,1789636672148037893,1789636672148558600,-0.520184,0.520184
576,580,1789636672146953528,1789636672147077744,-0.124216,0.124216,1789636672247847664,1789636672248363610,-0.515448,0.515448
577,581,1789636672246864340,1789636672246859478,0.004862,0.004862,1789636672347936109,1789636672348452660,-0.516268,0.516268
578,582,1789636672346958515,1789636672346938511,0.020004,0.020004,1789636672448431754,1789636672449210866,-0.778823,0.778823
579,583,1789636672446859878,1789636672446924931,-0.065053,0.065053,1789636672547912062,1789636672548402823,-0.490587,0.490587
580,584,1789636672546802572,1789636672547008104,-0.205532,0.205532,1789636672647916112,1789636672648421693,-0.505307,0.505307
581,585,1789636672646829130,1789636672646950805,-0.121675,0.121675,1789636672748013949,1789636672748527679,-0.51282,0.51282
582,586,1789636672747023153,1789636672746810404,0.212749,0.212749,1789636672848150801,1789636672848783104,-0.631972,0.631972
583,587,1789636672846893537,1789636672846935007,-0.04147,0.04147,1789636672948479774,1789636672949031971,-0.551534,0.551534
584,588,1789636672946923060,1789636672946896901,0.026159,0.026159,1789636673047992014,1789636673048551181,-0.558651,0.558651
585,589,1789636673047052582,1789636673046848046,0.204536,0.204536,1789636673148103786,1789636673148928287,-0.824271,0.824271
586,590,1789636673146896873,1789636673146918766,-0.021893,0.021893,1789636673248412365,1789636673249178793,-0.766046,0.766046
587,591,1789636673246833979,1789636673246895822,-0.061843,0.061843,1789636673347843563,1789636673348426480,-0.582797,0.582797
588,592,1789636673346807026,1789636673346996094,-0.189068,0.189068,1789636673448057054,1789636673448600086,-0.542689,0.542689
589,593,1789636673446934357,1789636673446913119,0.021238,0.021238,1789636673547936557,1789636673548505369,-0.568343,0.568343
590,594,1789636673547030060,1789636673546827241,0.202819,0.202819,1789636673647870961,1789636673648433572,-0.562149,0.562149
591,595,1789636673646881186,1789636673646967989,-0.086803,0.086803,1789636673748241948,1789636673748769026,-0.52683,0.52683
592,596,1789636673746973522,1789636673746836280,0.137242,0.137242,1789636673848064106,1789636673848787515,-0.723049,0.723049
593,597,1789636673846946511,1789636673846751084,0.195427,0.195427,1789636673948069252,1789636673948781924,-0.712435,0.712435
594,598,1789636673946781020,1789636673946924193,-0.143173,0.143173,1789636674048313040,1789636674049005374,-0.691914,0.691914
595,599,1789636674046742149,1789636674046913412,-0.171263,0.171263,1789636674148232758,1789636674148845968,-0.612764,0.612764
596,600,1789636674146845508,1789636674147004163,-0.158655,0.158655,1789636674248390159,1789636674249158622,-0.768023,0.768023
597,601,1789636674246722531,1789636674246912480,-0.189949,0.189949,1789636674347722115,1789636674348247422,-0.525044,0.525044
598,602,1789636674346690399,1789636674346853329,-0.16293,0.16293,1789636674447724911,1789636674448296471,-0.570664,0.570664
599,603,1789636674446691658,1789636674446897146,-0.205488,0.205488,1789636674548048652,1789636674548799589,-0.750578,0.750578
600,604,1789636674546878893,1789636674546903931,-0.025038,0.025038,1789636674647797893,1789636674648491957,-0.693718,0.693718
601,605,1789636674646811604,1789636674646847317,-0.035713,0.035713,1789636674747800710,1789636674748345958,-0.544269,0.544269
602,606,1789636674746830871,1789636674746852402,-0.021531,0.021531,1789636674847860519,1789636674848397612,-0.53651,0.53651
603,607,1789636674846863252,1789636674846916752,-0.0535,0.0535,1789636674947626732,1789636674948171589,-0.544414,0.544414
604,608,1789636674946729445,1789636674946843303,-0.113858,0.113858,1789636675048009937,1789636675048572467,-0.56202,0.56202
605,609,1789636675046798698,1789636675046952658,-0.15396,0.15396,1789636675147811048,1789636675148330863,-0.519307,0.519307
606,610,1789636675146695189,1789636675146861031,-0.165842,0.165842,1789636675247752470,1789636675248435527,-0.682959,0.682959
607,611,1789636675246667746,1789636675246826089,-0.158343,0.158343,1789636675347948182,1789636675348498356,-0.550034,0.550034
608,612,1789636675346790791,1789636675347526370,-0.735579,0.735579,1789636675448095171,1789636675448799975,-0.704195,0.704195
609,613,1789636675446658791,1789636675446855231,-0.19644,0.19644,1789636675547890146,1789636675548424334,-0.533805,0.533805
610,614,1789636675546865252,1789636675546728332,0.13692,0.13692,1789636675647586731,1789636675648109172,-0.521843,0.521843
611,615,1789636675646777591,1789636675646798922,-0.021331,0.021331,1789636675748062138,1789636675748562420,-0.499881,0.499881
612,616,1789636675746940506,1789636675746735697,0.204809,0.204809,1789636675848123878,1789636675848854878,-0.730585,0.730585
613,617,1789636675846942007,1789636675846731811,0.210196,0.210196,1789636675947608155,1789636675948132520,-0.524055,0.524055
614,618,1789636675946741410,1789636675946825758,-0.084348,0.084348,1789636676048092125,1789636676048603395,-0.510758,0.510758
615,619,1789636676046756721,1789636676046948660,-0.191939,0.191939,1789636676147847614,1789636676148381386,-0.53337,0.53337
616,620,1789636676146723102,1789636676146902253,-0.179151,0.179151,1789636676247810828,1789636676248317565,-0.505973,0.505973
617,621,1789636676246887430,1789636676246677620,0.20981,0.20981,1789636676347689890,1789636676348241318,-0.550551,0.550551
618,622,1789636676346764328,1789636676346932619,-0.168291,0.168291,1789636676447778230,1789636676448296032,-0.517153,0.517153
619,623,1789636676446629326,1789636676446837156,-0.20783,0.20783,1789636676547755126,1789636676548315019,-0.559493,0.559493
620,624,1789636676546712162,1789636676546902763,-0.190601,0.190601,1789636676647918891,1789636676648412878,-0.493755,0.493755
621,625,1789636676646688934,1789636676646885945,-0.197011,0.197011,1789636676747684272,1789636676748210084,-0.525474,0.525474
622,626,1789636676746679146,1789636676746892788,-0.213642,0.213642,1789636676847860419,1789636676848371851,-0.511043,0.511043
623,627,1789636676846767844,1789636676846914762,-0.146918,0.146918,1789636676947924483,1789636676948446617,-0.521918,0.521918
624,628,1789636676946750083,1789636676946894443,-0.14436,0.14436,1789636677047626678,1789636677048151736,-0.524616,0.524616
625,629,1789636677046660721,1789636677046818417,-0.157696,0.157696,1789636677147683798,1789636677148209646,-0.525512,0.525512
626,630,1789636677146792606,1789636677146628380,0.164226,0.164226,1789636677247574665,1789636677248088017,-0.512984,0.512984
627,631,1789636677246691614,1789636677246859878,-0.168264,0.168264,1789636677347695556,1789636677348251490,-0.555634,0.555634
628,632,1789636677346577884,1789636677346785856,-0.207972,0.207972,1789636677447578789,1789636677448103416,-0.524213,0.524213
629,633,1789636677446741455,1789636677446720287,0.021168,0.021168,1789636677547724090,1789636677548257272,-0.532567,0.532567
630,634,1789636677546827616,1789636677546616987,0.210629,0.210629,1789636677647522196,1789636677648062288,-0.539761,0.539761
631,635,1789636677646772192,1789636677646618946,0.153246,0.153246,1789636677747460152,1789636677748003378,-0.543027,0.543027
632,636,1789636677746637523,1789636677746737271,-0.099748,0.099748,1789636677847830352,1789636677848333697,-0.503026,0.503026
633,637,1789636677846845492,1789636677846635908,0.209584,0.209584,1789636677947601723,1789636677948176342,-0.574108,0.574108
634,638,1789636677946652221,1789636677946807624,-0.155403,0.155403,1789636678047642849,1789636678048176313,-0.533008,0.533008
635,639,1789636678046582704,1789636678046721609,-0.138905,0.138905,1789636678147694248,1789636678148236810,-0.542075,0.542075
636,640,1789636678146811856,1789636678146619431,0.192425,0.192425,1789636678247488898,1789636678248024802,-0.535716,0.535716
637,641,1789636678246628687,1789636678246773410,-0.144723,0.144723,1789636678347621488,1789636678348142728,-0.52085,0.52085
638,642,1789636678346536769,1789636678346745434,-0.208665,0.208665,1789636678447667770,1789636678448202076,-0.533807,0.533807
639,643,1789636678446619117,1789636678446758700,-0.139583,0.139583,1789636678547583798,1789636678548105841,-0.521683,0.521683
640,644,1789636678546601809,1789636678546682548,-0.080739,0.080739,1789636678647655642,1789636678648185354,-0.529334,0.529334
641,645,1789636678646692021,1789636678646753455,-0.061434,0.061434,1789636678747515066,1789636678748065786,-0.550448,0.550448
642,646,1789636678746602441,1789636678746794279,-0.191838,0.191838,1789636678847579392,1789636678848064187,-0.484612,0.484612
643,647,1789636678846603159,1789636678846721541,-0.118382,0.118382,1789636678947574187,1789636678948159321,-0.584704,0.584704
644,648,1789636678946626610,1789636678946671202,-0.044592,0.044592,1789636679047445824,1789636679047953538,-0.507468,0.507468
645,649,1789636679046592815,1789636679046697782,-0.104967,0.104967,1789636679147561998,1789636679148060413,-0.497912,0.497912
646,650,1789636679146561970,1789636679146645018,-0.083048,0.083048,1789636679247488207,1789636679248005209,-0.516493,0.516493
647,651,1789636679246515808,1789636679246724097,-0.208289,0.208289,1789636679347662904,1789636679348155277,-0.492245,0.492245
648,652,1789636679346547475,1789636679346619676,-0.072201,0.072201,1789636679447565842,1789636679448099214,-0.533014,0.533014
649,653,1789636679446709415,1789636679446509580,0.199835,0.199835,1789636679547531476,1789636679548061854,-0.529999,0.529999
650,654,1789636679546626497,1789636679546793215,-0.166718,0.166718,1789636679647722182,1789636679648274156,-0.551641,0.551641
651,655,1789636679646650947,1789636679646672312,-0.021365,0.021365,1789636679747474011,1789636679747960792,-0.486435,0.486435
652,656,1789636679846620993,1789636679846807063,-0.18607,0.18607,1789636679947740119,1789636679948287819,-0.547024,0.547024
653,657,1789636679946632321,1789636679946734224,-0.101903,0.101903,1789636680047495422,1789636680048031611,-0.53585,0.53585
654,658,1789636680046455970,1789636680046661263,-0.205293,0.205293,1789636680147788177,1789636680148324151,-0.5354,0.5354
655,659,1789636680146616989,1789636680146807325,-0.190336,0.190336,1789636680247517756,1789636680248087349,-0.569259,0.569259
656,660,1789636680246688030,1789636680246566106,0.121924,0.121924,1789636680347457995,1789636680347966040,-0.507629,0.507629
657,661,1789636680346493839,1789636680346695248,-0.201409,0.201409,1789636680447818803,1789636680448316489,-0.497365,0.497365
658,662,1789636680446583248,1789636680446782577,-0.199329,0.199329,1789636680547565086,1789636680548077438,-0.511426,0.511426
659,663,1789636680546652286,1789636680546591941,0.060345,0.060345,1789636680647388846,1789636680647911048,-0.521886,0.521886
660,664,1789636680646586615,1789636680646649354,-0.062739,0.062739,1789636680747739170,1789636680748279935,-0.539978,0.539978
661,665,1789636680746676741,1789636680746588387,0.088354,0.088354,1789636680847376777,1789636680847904788,-0.527346,0.527346
662,666,1789636680846683515,1789636680846472682,0.210833,0.210833,1789636680947448612,1789636680947950488,-0.501528,0.501528
663,667,1789636680946572978,1789636680946682193,-0.109215,0.109215,1789636681047563464,1789636681048067402,-0.50351,0.50351
664,668,1789636681046530343,1789636681046672384,-0.142041,0.142041,1789636681147657999,1789636681148154964,-0.49645,0.49645
665,669,1789636681146598398,1789636681146619550,-0.021152,0.021152,1789636681247459333,1789636681247960936,-0.501245,0.501245
666,670,1789636681246531658,1789636681246635936,-0.104278,0.104278,1789636681347381836,1789636681347890818,-0.508622,0.508622
667,671,1789636681346412414,1789636681346611050,-0.198636,0.198636,1789636681447765696,1789636681448274862,-0.508618,0.508618
668,672,1789636681446699255,1789636681446510553,0.188702,0.188702,1789636681547392631,1789636681547913427,-0.520126,0.520126
669,673,1789636681546650027,1789636681546596929,0.053098,0.053098,1789636681647761472,1789636681648247800,-0.486175,0.486175
670,674,1789636681646713270,1789636681646573218,0.140052,0.140052,1789636681747375505,1789636681747872467,-0.496848,0.496848
671,675,1789636681746472982,1789636681746657608,-0.184626,0.184626,1789636681847528051,1789636681848060832,-0.53259,0.53259
672,676,1789636681846487645,1789636681846610431,-0.122786,0.122786,1789636681947458390,1789636681948005236,-0.546692,0.546692
673,677,1789636681946397187,1789636681946604436,-0.207249,0.207249,1789636682047587037,1789636682048124066,-0.536701,0.536701
674,678,1789636682046528024,1789636682046651925,-0.123901,0.123901,1789636682147490937,1789636682148020322,-0.528754,0.528754
675,679,1789636682146757774,1789636682146565282,0.192492,0.192492,1789636682247631772,1789636682248167259,-0.535181,0.535181
676,680,1789636682246516048,1789636682246700515,-0.184467,0.184467,1789636682347670687,1789636682348186263,-0.515347,0.515347
677,681,1789636682347316062,1789636682346415418,0.900644,0.900644,1789636682447812559,1789636682448517402,-0.704597,0.704597
678,682,1789636682446717207,1789636682446513326,0.203881,0.203881,1789636682547845786,1789636682548586885,-0.740844,0.740844
679,683,1789636682546661725,1789636682546466660,0.195065,0.195065,1789636682647562311,1789636682648113196,-0.550474,0.550474
680,684,1789636682646593490,1789636682646618743,-0.025253,0.025253,1789636682747523859,1789636682748048383,-0.524016,0.524016
681,685,1789636682746600885,1789636682746493179,0.107706,0.107706,1789636682847566348,1789636682848057986,-0.491481,0.491481
682,686,1789636682846580073,1789636682846682408,-0.102335,0.102335,1789636682947633745,1789636682948174481,-0.54014,0.54014
683,687,1789636682946598640,1789636682946766409,-0.167769,0.167769,1789636683047476165,1789636683047979224,-0.502708,0.502708
684,688,1789636683046622358,1789636683046449773,0.172585,0.172585,1789636683147524659,1789636683148106744,-0.581441,0.581441
685,689,1789636683146682457,1789636683146576014,0.106443,0.106443,1789636683247755147,1789636683248281844,-0.526049,0.526049
686,690,1789636683246704998,1789636683246518310,0.186688,0.186688,1789636683347364827,1789636683347911337,-0.546317,0.546317
687,691,1789636683346644284,1789636683346437264,0.20702,0.20702,1789636683447348976,1789636683447844332,-0.495161,0.495161
688,692,1789636683446612182,1789636683446546194,0.065988,0.065988,1789636683547765125,1789636683548281579,-0.51634,0.51634
689,693,1789636683546550206,1789636683546695611,-0.145405,0.145405,1789636683647558271,1789636683648084303,-0.525394,0.525394
690,694,1789636683646460436,1789636683646635595,-0.175159,0.175159,1789636683747511030,1789636683748032907,-0.521283,0.521283
691,695,1789636683746635182,1789636683746465304,0.169878,0.169878,1789636683847366182,1789636683847846364,-0.479884,0.479884
692,696,1789636683846648863,1789636683846528335,0.120528,0.120528,1789636683947696586,1789636683948283112,-0.585881,0.585881
693,697,1789636683946767119,1789636683946569313,0.197806,0.197806,1789636684047705239,1789636684048282510,-0.576933,0.576933
694,698,1789636684046716859,1789636684046566390,0.150469,0.150469,1789636684147431638,1789636684147935399,-0.50348,0.50348
695,699,1789636684146551632,1789636684146704759,-0.153127,0.153127,1789636684247544941,1789636684248063066,-0.517618,0.517618
696,700,1789636684246633015,1789636684246425404,0.207611,0.207611,1789636684347444345,1789636684347998622,-0.553893,0.553893
697,701,1789636684346525701,1789636684346684469,-0.158768,0.158768,1789636684447680491,1789636684448195585,-0.514617,0.514617
698,702,1789636684446654398,1789636684446464354,0.190044,0.190044,1789636684547317621,1789636684547833311,-0.515198,0.515198
699,703,1789636684546540256,1789636684546603147,-0.062891,0.062891,1789636684647575878,1789636684648085853,-0.509726,0.509726
700,704,1789636684646602779,1789636684646468949,0.13383,0.13383,1789636684747436934,1789636684747935233,-0.498059,0.498059
701,705,1789636684746546971,1789636684746677513,-0.130542,0.130542,1789636684847552628,1789636684848060082,-0.506896,0.506896
702,706,1789636684846529056,1789636684846596529,-0.067473,0.067473,1789636684947470775,1789636684948007751,-0.536667,0.536667
703,707,1789636684946594971,1789636684946415339,0.179632,0.179632,1789636685047345072,1789636685047857875,-0.51217,0.51217
704,708,1789636685046507937,1789636685046629325,-0.121388,0.121388,1789636685147516924,1789636685148023500,-0.506301,0.506301
705,709,1789636685146519924,1789636685146603282,-0.083358,0.083358,1789636685247550657,1789636685248046551,-0.49546,0.49546
706,710,1789636685246582612,1789636685246665617,-0.083005,0.083005,1789636685347810084,1789636685348289827,-0.479473,0.479473
707,711,1789636685346777663,1789636685346584886,0.192777,0.192777,1789636685447351753,1789636685447854252,-0.502403,0.502403
708,712,1789636685446582514,1789636685446604228,-0.021714,0.021714,1789636685547819791,1789636685548355535,-0.535487,0.535487
709,713,1789636685546783538,1789636685547062236,-0.278698,0.278698,1789636685647723439,1789636685648234666,-0.510854,0.510854
710,714,1789636685646771000,1789636685646574283,0.196717,0.196717,1789636685747430284,1789636685747960061,-0.529306,0.529306
711,715,1789636685746531180,1789636685746656342,-0.125162,0.125162,1789636685847670110,1789636685848157445,-0.486831,0.486831
712,716,1789636685846670420,1789636685846541528,0.128892,0.128892,1789636685947372228,1789636685947895886,-0.523224,0.523224
713,717,1789636685946619594,1789636685946585822,0.033772,0.033772,1789636686047429081,1789636686047952908,-0.523412,0.523412
714,718,1789636686046486369,1789636686046683229,-0.19686,0.19686,1789636686147518205,1789636686148022245,-0.503606,0.503606
715,719,1789636686146535945,1789636686147091562,-0.555617,0.555617,1789636686247754932,1789636686248270572,-0.515296,0.515296
716,720,1789636686246732826,1789636686246531194,0.201632,0.201632,1789636686347371336,1789636686347928793,-0.557179,0.557179
717,721,1789636686346455402,1789636686346605271,-0.149869,0.149869,1789636686447652368,1789636686448164569,-0.511573,0.511573
718,722,1789636686446646173,1789636686446439378,0.206795,0.206795,1789636686547425687,1789636686547939883,-0.513731,0.513731
719,723,1789636686546500163,1789636686546699820,-0.199657,0.199657,1789636686647507416,1789636686648033746,-0.525669,0.525669
720,724,1789636686646403963,1789636686646589109,-0.185146,0.185146,1789636686747836141,1789636686748417977,-0.581194,0.581194
721,725,1789636686746543342,1789636686747117993,-0.574651,0.574651,1789636686848055998,1789636686848564293,-0.507767,0.507767
722,726,1789636686846655491,1789636686846469072,0.186419,0.186419,1789636686947814181,1789636686948350130,-0.535726,0.535726
723,727,1789636686946728246,1789636686946538246,0.19,0.19,1789636687047517601,1789636687048023935,-0.506032,0.506032
724,728,1789636687046595607,1789636687047012510,-0.416903,0.416903,1789636687147612409,1789636687148119254,-0.506398,0.506398
725,729,1789636687146640833,1789636687146429151,0.211682,0.211682,1789636687247362280,1789636687247844447,-0.481561,0.481561
726,730,1789636687246621984,1789636687246562526,0.059458,0.059458,1789636687347624957,1789636687348116488,-0.491319,0.491319
727,731,1789636687346642839,1789636687347076803,-0.433964,0.433964,1789636687447567221,1789636687448126250,-0.558803,0.558803
728,732,1789636687446475608,1789636687446645449,-0.169841,0.169841,1789636687547526870,1789636687548063079,-0.536435,0.536435
729,733,1789636687546678934,1789636687546548591,0.130343,0.130343,1789636687647523322,1789636687648042765,-0.519124,0.519124
730,734,1789636687646508110,1789636687646709925,-0.201815,0.201815,1789636687747717757,1789636687748261095,-0.542921,0.542921
731,735,1789636687746696977,1789636687746589283,0.107694,0.107694,1789636687847450176,1789636687847957876,-0.5075,0.5075
732,736,1789636687846723581,1789636687846585653,0.137928,0.137928,1789636687947512971,1789636687948054924,-0.541577,0.541577
733,737,1789636687946574987,1789636687946732390,-0.157403,0.157403,1789636688047493466,1789636688048019708,-0.5256,0.5256
734,738,1789636688046559472,1789636688046614858,-0.055386,0.055386,1789636688147510456,1789636688148007487,-0.496297,0.496297
735,739,1789636688146662339,1789636688146498278,0.164061,0.164061,1789636688247608744,1789636688248117637,-0.508311,0.508311
736,740,1789636688246716334,1789636688246514932,0.201402,0.201402,1789636688347428890,1789636688347937310,-0.508103,0.508103
737,741,1789636688346726884,1789636688346598747,0.128137,0.128137,1789636688447736917,1789636688448232261,-0.494989,0.494989
738,742,1789636688446551259,1789636688446955756,-0.404497,0.404497,1789636688547597016,1789636688548157739,-0.560411,0.560411
739,743,1789636688546538965,1789636688546694411,-0.155446,0.155446,1789636688647561150,1789636688648084284,-0.522306,0.522306
740,744,1789636688646689720,1789636688646537271,0.152449,0.152449,1789636688747602162,1789636688748075246,-0.472883,0.472883
741,745,1789636688746749186,1789636688746553413,0.195773,0.195773,1789636688847386231,1789636688847893608,-0.506825,0.506825
742,746,1789636688846629732,1789636688846952062,-0.32233,0.32233,1789636688947524054,1789636688948062668,-0.53805,0.53805
743,747,1789636688946652479,1789636688946570338,0.082141,0.082141,1789636689047414924,1789636689047913674,-0.498379,0.498379
744,748,1789636689047039810,1789636689046513643,0.526167,0.526167,1789636689147653362,1789636689148168175,-0.514075,0.514075
745,749,1789636689147172155,1789636689146950238,0.221917,0.221917,1789636689247610537,1789636689248122463,-0.511742,0.511742
746,750,1789636689246546304,1789636689247047792,-0.501488,0.501488,1789636689347831368,1789636689348388734,-0.557044,0.557044
747,751,1789636689347152603,1789636689346899433,0.25317,0.25317,1789636689447551026,1789636689448061423,-0.510229,0.510229
748,752,1789636689447116658,1789636689446931110,0.185548,0.185548,1789636689547623777,1789636689548168371,-0.544294,0.544294
749,753,1789636689546624535,1789636689546459538,0.164997,0.164997,1789636689647591783,1789636689648101703,-0.509359,0.509359
750,754,1789636689647143983,1789636689646534763,0.60922,0.60922,1789636689747510158,1789636689748013745,-0.503141,0.503141
751,755,1789636689746560391,1789636689746601230,-0.040839,0.040839,1789636689847754025,1789636689848266770,-0.512277,0.512277
752,756,1789636689846696949,1789636689846520423,0.176526,0.176526,1789636689947711583,1789636689948283584,-0.571681,0.571681
753,757,1789636689947078819,1789636689946574845,0.503974,0.503974,1789636690047361428,1789636690047893436,-0.531742,0.531742
754,758,1789636690046514308,1789636690046601477,-0.087169,0.087169,1789636690147653389,1789636690148201395,-0.547732,0.547732
755,759,1789636690146591743,1789636690146570146,0.021597,0.021597,1789636690247541157,1789636690248053053,-0.511599,0.511599
756,760,1789636690247122989,1789636690246538144,0.584845,0.584845,1789636690347465524,1789636690347971849,-0.506151,0.506151
757,761,1789636690347014231,1789636690346961346,0.052885,0.052885,1789636690447541668,1789636690448046276,-0.504396,0.504396
758,762,1789636690446956344,1789636690447019372,-0.063028,0.063028,1789636690547745129,1789636690548258968,-0.513537,0.513537
759,763,1789636690547062819,1789636690546838750,0.224069,0.224069,1789636690647470143,1789636690647983533,-0.512753,0.512753
760,764,1789636690647052430,1789636690646996734,0.055696,0.055696,1789636690747564850,1789636690748074502,-0.509321,0.509321
761,765,1789636690746939511,1789636690746965663,-0.026152,0.026152,1789636690847973157,1789636690848764902,-0.79115,0.79115
762,766,1789636690846547335,1789636690846909332,-0.361997,0.361997,1789636690947658295,1789636690948223950,-0.56479,0.56479
763,767,1789636690946984134,1789636690946931782,0.052352,0.052352,1789636691047437967,1789636691047951621,-0.513238,0.513238
764,768,1789636691046675810,1789636691046476619,0.199191,0.199191,1789636691147416171,1789636691147952200,-0.535721,0.535721
765,769,1789636691146467718,1789636691146670237,-0.202519,0.202519,1789636691247626417,1789636691248128835,-0.502024,0.502024
766,770,1789636691246967561,1789636691246469471,0.49809,0.49809,1789636691347279948,1789636691347785805,-0.505792,0.505792
767,771,1789636691346565100,1789636691346905626,-0.340526,0.340526,1789636691447780246,1789636691448336741,-0.556172,0.556172
768,772,1789636691446976493,1789636691446851930,0.124563,0.124563,1789636691547371855,1789636691547959633,-0.587096,0.587096
769,773,1789636691546652616,1789636691546885267,-0.232651,0.232651,1789636691647442936,1789636691647967212,-0.523944,0.523944
770,774,1789636691647045272,1789636691646939229,0.106043,0.106043,1789636691747741654,1789636691748262605,-0.520452,0.520452
771,775,1789636691746982392,1789636691746889109,0.093283,0.093283,1789636691847514582,1789636691848049479,-0.534597,0.534597
772,776,1789636691846544044,1789636691846881351,-0.337307,0.337307,1789636691947507581,1789636691948054153,-0.546,0.546
773,777,1789636691946435003,1789636691946874026,-0.439023,0.439023,1789636692047510752,1789636692048031996,-0.520936,0.520936
774,778,1789636692046945532,1789636692046633113,0.312419,0.312419,1789636692147451228,1789636692147953591,-0.501781,0.501781
775,779,1789636692146910332,1789636692146929754,-0.019422,0.019422,1789636692247522270,1789636692248025913,-0.503267,0.503267
776,780,1789636692246611764,1789636692246495299,0.116465,0.116465,1789636692347937647,1789636692348478639,-0.540557,0.540557
777,781,1789636692346986037,1789636692347986281,-1.000244,1.000244,1789636692447954430,1789636692448521996,-0.567009,0.567009
778,782,1789636692446949599,1789636692447918993,-0.969394,0.969394,1789636692547374672,1789636692547915848,-0.540809,0.540809
779,783,1789636692546451360,1789636692546912736,-0.461376,0.461376,1789636692647929887,1789636692648448813,-0.518776,0.518776
780,784,1789636692646996697,1789636692646965071,0.031626,0.031626,1789636692747644934,1789636692748196089,-0.550763,0.550763
781,785,1789636692746954582,1789636692746856249,0.098333,0.098333,1789636692847729771,1789636692848239562,-0.509279,0.509279
782,786,1789636692846926005,1789636692846852272,0.073733,0.073733,1789636692947577713,1789636692948083820,-0.505954,0.505954
783,787,1789636692946984245,1789636692946789065,0.19518,0.19518,1789636693047403845,1789636693047891655,-0.487624,0.487624
784,788,1789636693046897368,1789636693046838581,0.058787,0.058787,1789636693147562427,1789636693148122900,-0.559907,0.559907
785,789,1789636693146622941,1789636693146827536,-0.204595,0.204595,1789636693247861982,1789636693248353874,-0.491763,0.491763
786,790,1789636693246848998,1789636693246976002,-0.127004,0.127004,1789636693347792062,1789636693348338749,-0.546301,0.546301
787,791,1789636693346960940,1789636693346805117,0.155823,0.155823,1789636693447430777,1789636693448008174,-0.576801,0.576801
788,792,1789636693446633292,1789636693446806290,-0.172998,0.172998,1789636693547612452,1789636693548122867,-0.510117,0.510117
789,793,1789636693547007831,1789636693546762267,0.245564,0.245564,1789636693647407709,1789636693647940194,-0.531909,0.531909
790,794,1789636693646822706,1789636693646764613,0.058093,0.058093,1789636693747673194,1789636693748177785,-0.503947,0.503947
791,795,1789636693746895382,1789636693746719103,0.176279,0.176279,1789636693847367132,1789636693847916625,-0.549069,0.549069
793,796,1789636693947001264,1789636693947978811,-0.977547,0.977547,1789636694047675131,1789636694048245606,-0.569959,0.569959
794,797,1789636694046929695,1789636694046717385,0.21231,0.21231,1789636694147812473,1789636694148382353,-0.568965,0.568965
795,798,1789636694146822078,1789636694146954939,-0.132861,0.132861,1789636694247771350,1789636694248386705,-0.615011,0.615011
796,799,1789636694246947811,1789636694246776486,0.171325,0.171325,1789636694347494497,1789636694348050576,-0.555346,0.555346
797,800,1789636694346803011,1789636694346725550,0.077461,0.077461,1789636694447747362,1789636694448275580,-0.527625,0.527625
798,801,1789636694446779835,1789636694446932946,-0.153111,0.153111,1789636694547709662,1789636694548285067,-0.57468,0.57468
799,802,1789636694546813906,1789636694546689646,0.12426,0.12426,1789636694647541893,1789636694648081234,-0.538455,0.538455
800,803,1789636694646848400,1789636694647876712,-1.028312,1.028312,1789636694747852206,1789636694748410103,-0.557361,0.557361
801,804,1789636694746885603,1789636694746845593,0.04001,0.04001,1789636694847783944,1789636694848517260,-0.733153,0.733153
802,805,1789636694846812257,1789636694846700213,0.112044,0.112044,1789636694947680595,1789636694948244995,-0.564073,0.564073
803,806,1789636694946835624,1789636694947874058,-1.038434,1.038434,1789636695047806061,1789636695048327662,-0.521371,0.521371
804,807,1789636695046872483,1789636695046686972,0.185511,0.185511,1789636695147360282,1789636695147890846,-0.530434,0.530434
805,808,1789636695146773432,1789636695146746668,0.026764,0.026764,1789636695247783345,1789636695248280199,-0.496594,0.496594
806,809,1789636695246776474,1789636695247860331,-1.083857,1.083857,1789636695347623784,1789636695348113390,-0.489091,0.489091
807,810,1789636695346796692,1789636695346774944,0.021748,0.021748,1789636695447629708,1789636695448164865,-0.534836,0.534836
808,811,1789636695447782243,1789636695446629640,1.152603,1.152603,1789636695547368676,1789636695547872753,-0.50363,0.50363
809,812,1789636695546490882,1789636695547834162,-1.34328,1.34328,1789636695647993189,1789636695648514827,-0.521285,0.521285
810,813,1789636695646758600,1789636695646892430,-0.13383,0.13383,1789636695747661377,1789636695748167909,-0.506315,0.506315
811,814,1789636695747827073,1789636695746659886,1.167187,1.167187,1789636695847362264,1789636695847858186,-0.495711,0.495711
812,815,1789636695846794626,1789636695847763737,-0.969111,0.969111,1789636695948039747,1789636695948590845,-0.550677,0.550677
813,816,1789636695947797253,1789636695946770831,1.026422,1.026422,1789636696047472099,1789636696047996020,-0.523266,0.523266
814,817,1789636696047779018,1789636696046660798,1.11822,1.11822,1789636696147992134,1789636696148528314,-0.535567,0.535567
815,818,1789636696147830433,1789636696147766307,0.064126,0.064126,1789636696247857673,1789636696248362836,-0.504521,0.504521
816,819,1789636696247758634,1789636696246742979,1.015655,1.015655,1789636696348048707,1789636696348594424,-0.54548,0.54548
817,820,1789636696347874538,1789636696347784973,0.089565,0.089565,1789636696448175069,1789636696448862534,-0.687241,0.687241
818,821,1789636696446764001,1789636696447861248,-1.097247,1.097247,1789636696548100430,1789636696548591771,-0.491058,0.491058
819,822,1789636696547739930,1789636696546673275,1.066655,1.066655,1789636696647590609,1789636696648109603,-0.518648,0.518648
820,823,1789636696647727729,1789636696647754163,-0.026434,0.026434,1789636696748172715,1789636696748729767,-0.556036,0.556036
821,824,1789636696747787299,1789636696746709324,1.077975,1.077975,1789636696847648576,1789636696848170581,-0.521596,0.521596
822,825,1789636696846694481,1789636696846926416,-0.231935,0.231935,1789636696948019676,1789636696948545166,-0.524994,0.524994
823,826,1789636696947778347,1789636696946739794,1.038553,1.038553,1789636697047567364,1789636697048078424,-0.510426,0.510426
824,827,1789636697046671344,1789636697047867918,-1.196574,1.196574,1789636697147922918,1789636697148486996,-0.563684,0.563684
825,828,1789636697146714077,1789636697146894706,-0.180629,0.180629,1789636697247863475,1789636697248407326,-0.543581,0.543581
826,829,1789636697247803612,1789636697247724147,0.079465,0.079465,1789636697347644824,1789636697348175287,-0.5303,0.5303
827,830,1789636697347709889,1789636697346612760,1.097129,1.097129,1789636697447626831,1789636697448171930,-0.544961,0.544961
828,831,1789636697446758165,1789636697447737486,-0.979321,0.979321,1789636697548069449,1789636697548833048,-0.763423,0.763423
829,832,1789636697546668340,1789636697546787880,-0.11954,0.11954,1789636697647784382,1789636697648568771,-0.784114,0.784114
830,833,1789636697647711730,1789636697646667409,1.044321,1.044321,1789636697747657970,1789636697748226761,-0.568106,0.568106
831,834,1789636697746697996,1789636697746858242,-0.160246,0.160246,1789636697847992142,1789636697848533162,-0.540679,0.540679
832,835,1789636697846897413,1789636697847683737,-0.786324,0.786324,1789636697947649243,1789636697948222473,-0.572746,0.572746
833,836,1789636697946726442,1789636697947814067,-1.087625,1.087625,1789636698047584629,1789636698048093515,-0.508426,0.508426
834,837,1789636698046424041,1789636698047755676,-1.331635,1.331635,1789636698147870851,1789636698148428946,-0.557754,0.557754
835,838,1789636698146810569,1789636698147857932,-1.047363,1.047363,1789636698248056128,1789636698248741780,-0.685212,0.685212
836,839,1789636698246671895,1789636698247741244,-1.069349,1.069349,1789636698347780077,1789636698348502372,-0.721924,0.721924
837,840,1789636698347726430,1789636698346524023,1.202407,1.202407,1789636698447652436,1789636698448160782,-0.507976,0.507976
838,841,1789636698446620002,1789636698446727844,-0.107842,0.107842,1789636698547800338,1789636698548315120,-0.514252,0.514252
839,842,1789636698546646303,1789636698547761096,-1.114793,1.114793,1789636698647857451,1789636698648411190,-0.553487,0.553487
840,843,1789636698647651665,1789636698647676523,-0.024858,0.024858,1789636698747755695,1789636698748237510,-0.481434,0.481434
841,844,1789636698747784891,1789636698746644881,1.14001,1.14001,1789636698847586374,1789636698848098241,-0.511351,0.511351
842,845,1789636698846618627,1789636698847733160,-1.114533,1.114533,1789636698948965470,1789636698949489472,-0.523655,0.523655
843,846,1789636698947878433,1789636698947753759,0.124674,0.124674,1789636699047524539,1789636699048088705,-0.563508,0.563508
844,847,1789636699046509026,1789636699046704150,-0.195124,0.195124,1789636699147952236,1789636699148657204,-0.704526,0.704526
845,848,1789636699147660769,1789636699147761624,-0.100855,0.100855,1789636699247880590,1789636699248548596,-0.667875,0.667875
846,849,1789636699246715835,1789636699247678861,-0.963026,0.963026,1789636699347642311,1789636699348157705,-0.515148,0.515148
847,850,1789636699347694240,1789636699347664709,0.029531,0.029531,1789636699447542263,1789636699448111664,-0.568881,0.568881
848,851,1789636699446602789,1789636699447786656,-1.183867,1.183867,1789636699547910881,1789636699548432343,-0.521399,0.521399
849,852,1789636699546725430,1789636699547650706,-0.925276,0.925276,1789636699647506042,1789636699648071677,-0.565061,0.565061
850,853,1789636699646578038,1789636699647666972,-1.088934,1.088934,1789636699747532334,1789636699748057225,-0.524257,0.524257
851,854,1789636699746575337,1789636699747711146,-1.135809,1.135809,1789636699847819141,1789636699848337096,-0.517746,0.517746
852,855,1789636699846655452,1789636699847607095,-0.951643,0.951643,1789636699947840552,1789636699948431482,-0.590381,0.590381
853,856,1789636699946806302,1789636699947614245,-0.807943,0.807943,1789636700047495257,1789636700047993323,-0.497791,0.497791
854,857,1789636700047616336,1789636700047727262,-0.110926,0.110926,1789636700148192823,1789636700148696097,-0.502982,0.502982
855,858,1789636700147645510,1789636700146569982,1.075528,1.075528,1789636700247830210,1789636700248369667,-0.539023,0.539023
856,859,1789636700246824214,1789636700247628108,-0.803894,0.803894,1789636700348311725,1789636700348848255,-0.535669,0.535669
857,860,1789636700347761314,1789636700347582407,0.178907,0.178907,1789636700447434760,1789636700447951573,-0.515941,0.515941
858,861,1789636700447703844,1789636700446456944,1.2469,1.2469,1789636700547404285,1789636700547961725,-0.556834,0.556834
859,862,1789636700547592422,1789636700547626498,-0.034076,0.034076,1789636700647660920,1789636700648212783,-0.55149,0.55149
860,863,1789636700647568233,1789636700647698620,-0.130387,0.130387,1789636700747720544,1789636700748244489,-0.523359,0.523359
861,864,1789636700747635746,1789636700746553644,1.082102,1.082102,1789636700847551317,1789636700848099369,-0.547804,0.547804
862,865,1789636700846742978,1789636700847607794,-0.864816,0.864816,1789636700947516590,1789636700948045028,-0.527835,0.527835
863,866,1789636700946680514,1789636700946604241,0.076273,0.076273,1789636701047449569,1789636701047960293,-0.510287,0.510287
864,867,1789636701046573042,1789636701046728010,-0.154968,0.154968,1789636701148755616,1789636701149252783,-0.4969,0.4969
865,868,1789636701147769447,1789636701147562474,0.206973,0.206973,1789636701247580983,1789636701248121208,-0.539676,0.539676
866,869,1789636701247598507,1789636701247559520,0.038987,0.038987,1789636701347462444,1789636701348008692,-0.545845,0.545845
867,870,1789636701347640643,1789636701346703527,0.937116,0.937116,1789636701448698331,1789636701449201261,-0.502736,0.502736
868,871,1789636701447541493,1789636701447749779,-0.208286,0.208286,1789636701547593642,1789636701548086204,-0.492394,0.492394
869,872,1789636701546638240,1789636701547625814,-0.987574,0.987574,1789636701647481179,1789636701647969361,-0.487803,0.487803
870,873,1789636701647631239,1789636701646614233,1.017006,1.017006,1789636701747425468,1789636701747919380,-0.493667,0.493667
871,874,1789636701746697093,1789636701747549342,-0.852249,0.852249,1789636701847565584,1789636701848092620,-0.526398,0.526398
872,875,1789636701846622553,1789636701847664255,-1.041702,1.041702,1789636701947640388,1789636701948177970,-0.536851,0.536851
873,876,1789636701946753170,1789636701946587983,0.165187,0.165187,1789636702047469704,1789636702048019269,-0.548777,0.548777
874,877,1789636702046616233,1789636702047689665,-1.073432,1.073432,1789636702147549577,1789636702148085057,-0.534824,0.534824
875,878,1789636702146582461,1789636702147620929,-1.038468,1.038468,1789636702247587265,1789636702248092014,-0.504276,0.504276
876,879,1789636702246663322,1789636702247504518,-0.841196,0.841196,1789636702347750994,1789636702348247409,-0.496281,0.496281
877,880,1789636702347629967,1789636702347510416,0.119551,0.119551,1789636702447426800,1789636702447968564,-0.541296,0.541296
878,881,1789636702446551657,1789636702447566819,-1.015162,1.015162,1789636702547699325,1789636702548216324,-0.516733,0.516733
879,882,1789636702546471887,1789636702547543037,-1.07115,1.07115,1789636702647441035,1789636702647938648,-0.497375,0.497375
880,883,1789636702646634153,1789636702646534149,0.100004,0.100004,1789636702747451601,1789636702747974111,-0.521971,0.521971
881,884,1789636702746669159,1789636702746586143,0.083016,0.083016,1789636702847569311,1789636702848082422,-0.512923,0.512923
882,885,1789636702847477658,1789636702847497407,-0.019749,0.019749,1789636702947460099,1789636702948002262,-0.541816,0.541816
883,886,1789636702946432687,1789636702947598008,-1.165321,1.165321,1789636703047938006,1789636703048480858,-0.542368,0.542368
884,887,1789636703047529812,1789636703047500524,0.029288,0.029288,1789636703147503894,1789636703148011253,-0.50692,0.50692
885,888,1789636703147497855,1789636703147477197,0.020658,0.020658,1789636703247455342,1789636703247990383,-0.534533,0.534533
886,889,1789636703247462818,1789636703247537921,-0.075103,0.075103,1789636703347802957,1789636703348326830,-0.52346,0.52346
887,890,1789636703346732307,1789636703347474454,-0.742147,0.742147,1789636703447520581,1789636703448094773,-0.573471,0.573471
888,891,1789636703447492604,1789636703447459549,0.033055,0.033055,1789636703547564816,1789636703548132949,-0.567322,0.567322
889,892,1789636703547530037,1789636703547551548,-0.021511,0.021511,1789636703647636682,1789636703648136174,-0.499316,0.499316
890,893,1789636703647497502,1789636703647482476,0.015026,0.015026,1789636703747377877,1789636703747900179,-0.521902,0.521902
891,894,1789636703747512798,1789636703747636929,-0.124131,0.124131,1789636703847666537,1789636703848158634,-0.491787,0.491787
892,895,1789636703847516649,1789636703847531145,-0.014496,0.014496,1789636703947418119,1789636703947975858,-0.557354,0.557354
893,896,1789636703947517492,1789636703946500151,1.017341,1.017341,1789636704047394972,1789636704047909517,-0.513808,0.513808
894,897,1789636704047516723,1789636704047571040,-0.054317,0.054317,1789636704147723159,1789636704148239797,-0.515748,0.515748
895,898,1789636704147591154,1789636704147508457,0.082697,0.082697,1789636704247517025,1789636704248014050,-0.496218,0.496218
896,899,1789636704247476753,1789636704247568086,-0.091333,0.091333,1789636704348532193,1789636704349095207,-0.56262,0.56262
897,900,1789636704347426073,1789636704347631617,-0.205544,0.205544,1789636704447561047,1789636704448072554,-0.511342,0.511342
898,901,1789636704447556012,1789636704447490547,0.065465,0.065465,1789636704547421821,1789636704547923407,-0.501157,0.501157
899,902,1789636704547559767,1789636704546527868,1.031899,1.031899,1789636704647686905,1789636704648421206,-0.733655,0.733655
900,903,1789636704647544331,1789636704647517444,0.026887,0.026887,1789636704747774767,1789636704748550851,-0.775857,0.775857
901,904,1789636704747540108,1789636704747525338,0.01477,0.01477,1789636704847503417,1789636704848026189,-0.522581,0.522581
902,905,1789636704846553631,1789636704847512148,-0.958517,0.958517,1789636704947740340,1789636704948352662,-0.611818,0.611818
903,906,1789636704947561907,1789636704947546447,0.01546,0.01546,1789636705048570588,1789636705049094527,-0.523604,0.523604
904,907,1789636705047679839,1789636705047474438,0.205401,0.205401,1789636705147508600,1789636705148061421,-0.5523,0.5523
905,908,1789636705147515698,1789636705146542524,0.973174,0.973174,1789636705247423883,1789636705247998455,-0.574064,0.574064
906,909,1789636705247500820,1789636705247517189,-0.016369,0.016369,1789636705348717741,1789636705349213824,-0.495683,0.495683
907,910,1789636705347654654,1789636705347495949,0.158705,0.158705,1789636705447474152,1789636705448056746,-0.581959,0.581959
908,911,1789636705446511362,1789636705447418072,-0.90671,0.90671,1789636705548715166,1789636705549225161,-0.509492,0.509492
909,912,1789636705547658021,1789636705547459110,0.198911,0.198911,1789636705648400306,1789636705648938836,-0.538171,0.538171
910,913,1789636705647438568,1789636705647628954,-0.190386,0.190386,1789636705747658263,1789636705748212297,-0.553481,0.553481
911,914,1789636705747417126,1789636705746487070,0.930056,0.930056,1789636705848538120,1789636705849057582,-0.519016,0.519016
912,915,1789636705847626207,1789636705847420861,0.205346,0.205346,1789636705948585825,1789636705949146484,-0.56009,0.56009
913,916,1789636705947511109,1789636705947622470,-0.111361,0.111361,1789636706047833822,1789636706048354732,-0.520577,0.520577
914,917,1789636706046373825,1789636706047526933,-1.153108,1.153108,1789636706148739660,1789636706149235593,-0.495716,0.495716
915,918,1789636706147546212,1789636706147355919,0.190293,0.190293,1789636706248319087,1789636706248839247,-0.519882,0.519882
916,919,1789636706247537515,1789636706247356510,0.181005,0.181005,1789636706348492100,1789636706349007158,-0.514523,0.514523
917,920,1789636706347587963,1789636706347409457,0.178506,0.178506,1789636706447599978,1789636706448135070,-0.534576,0.534576
918,921,1789636706447505069,1789636706447350631,0.154438,0.154438,1789636706548236654,1789636706548784052,-0.546991,0.546991
919,922,1789636706547436409,1789636706547540936,-0.104527,0.104527,1789636706648600899,1789636706649101987,-0.500352,0.500352
920,923,1789636706647584715,1789636706647374238,0.210477,0.210477,1789636706747396031,1789636706747912624,-0.515905,0.515905
921,924,1789636706747405182,1789636706747385759,0.019423,0.019423,1789636706848347413,1789636706848860219,-0.512157,0.512157
922,925,1789636706847423141,1789636706847561797,-0.138656,0.138656,1789636706948522598,1789636706949060712,-0.537607,0.537607
923,926,1789636706947522976,1789636706947329726,0.19325,0.19325,1789636707047416962,1789636707047945777,-0.528405,0.528405
924,927,1789636707047436935,1789636707047465215,-0.02828,0.02828,1789636707148422078,1789636707148952083,-0.529488,0.529488
925,928,1789636707147313260,1789636707147511477,-0.198217,0.198217,1789636707248503949,1789636707248988254,-0.484132,0.484132
926,929,1789636707247514410,1789636707247356340,0.15807,0.15807,1789636707348266959,1789636707348854668,-0.587252,0.587252
927,930,1789636707347386343,1789636707347540498,-0.154155,0.154155,1789636707448410279,1789636707448902625,-0.492035,0.492035
928,931,1789636707447335777,1789636707447508990,-0.173213,0.173213,1789636707547503121,1789636707548028230,-0.524641,0.524641
929,932,1789636707547454856,1789636707547370968,0.083888,0.083888,1789636707648285053,1789636707648835075,-0.549413,0.549413
930,933,1789636707647352435,1789636707647523086,-0.170651,0.170651,1789636707748441573,1789636707748976644,-0.534578,0.534578
931,934,1789636707747320866,1789636707747557069,-0.236203,0.236203,1789636707848563325,1789636707849081859,-0.518251,0.518251
932,935,1789636707847548037,1789636707847348743,0.199294,0.199294,1789636707948254098,1789636707948768439,-0.514184,0.514184
933,936,1789636707947339634,1789636707947503240,-0.163606,0.163606,1789636708048506031,1789636708049028266,-0.521805,0.521805
934,937,1789636708047420580,1789636708047480558,-0.059978,0.059978,1789636708148315563,1789636708148828154,-0.512051,0.512051
935,938,1789636708147398426,1789636708147628277,-0.229851,0.229851,1789636708247652384,1789636708248188578,-0.5357,0.5357
936,939,1789636708247391098,1789636708247267043,0.124055,0.124055,1789636708348531335,1789636708349068475,-0.536622,0.536622
937,940,1789636708347643805,1789636708347434301,0.209504,0.209504,1789636708448460428,1789636708448995400,-0.534286,0.534286
938,941,1789636708447549735,1789636708447346776,0.202959,0.202959,1789636708547406688,1789636708547919344,-0.512324,0.512324
939,942,1789636708547351431,1789636708547248932,0.102499,0.102499,1789636708648232284,1789636708648746878,-0.514415,0.514415
940,943,1789636708647371260,1789636708647546127,-0.174867,0.174867,1789636708748514770,1789636708749046954,-0.531496,0.531496
941,944,1789636708747486985,1789636708747281117,0.205868,0.205868,1789636708847331835,1789636708847838844,-0.505918,0.505918
942,945,1789636708847333040,1789636708847356055,-0.023015,0.023015,1789636708948529076,1789636708949115963,-0.586562,0.586562
943,946,1789636708947487276,1789636708947346324,0.140952,0.140952,1789636709048160816,1789636709048675655,-0.514524,0.514524
944,947,1789636709047463716,1789636709047271008,0.192708,0.192708,1789636709148117028,1789636709148653072,-0.535403,0.535403
945,948,1789636709147263616,1789636709147433568,-0.169952,0.169952,1789636709248310083,1789636709248862448,-0.551969,0.551969
946,949,1789636709247267903,1789636709247423728,-0.155825,0.155825,1789636709348431209,1789636709348963953,-0.532218,0.532218
947,950,1789636709347343930,1789636709347546072,-0.202142,0.202142,1789636709448489784,1789636709448992046,-0.501574,0.501574
948,951,1789636709447472112,1789636709447276089,0.196023,0.196023,1789636709548124567,1789636709548666491,-0.541653,0.541653
949,952,1789636709547255027,1789636709547433970,-0.178943,0.178943,1789636709648510031,1789636709649023979,-0.513454,0.513454
950,953,1789636709647506884,1789636709647317685,0.189199,0.189199,1789636709748155575,1789636709748697718,-0.541774,0.541774
951,954,1789636709747454794,1789636709747258479,0.196315,0.196315,1789636709848147924,1789636709848669318,-0.521019,0.521019
952,955,1789636709847438580,1789636709847308585,0.129995,0.129995,1789636709947517414,1789636709948067694,-0.549713,0.549713
953,956,1789636709947281439,1789636709947261815,0.019624,0.019624,1789636710048257612,1789636710048818941,-0.560831,0.560831
954,957,1789636710047421525,1789636710047253739,0.167786,0.167786,1789636710148143785,1789636710148632403,-0.488401,0.488401
955,958,1789636710147452982,1789636710147322151,0.130831,0.130831,1789636710248495214,1789636710249047974,-0.552243,0.552243
956,959,1789636710247419058,1789636710247211148,0.20791,0.20791,1789636710348200209,1789636710348772896,-0.572386,0.572386
957,960,1789636710347432028,1789636710347233172,0.198856,0.198856,1789636710448197013,1789636710448945635,-0.748108,0.748108
958,961,1789636710447163679,1789636710447375429,-0.21175,0.21175,1789636710548562138,1789636710549326111,-0.763547,0.763547
959,962,1789636710547387388,1789636710547183656,0.203732,0.203732,1789636710648217858,1789636710648924048,-0.705807,0.705807
960,963,1789636710647410060,1789636710647293610,0.11645,0.11645,1789636710748146291,1789636710748681725,-0.535149,0.535149
961,964,1789636710747322355,1789636710747412670,-0.090315,0.090315,1789636710848295172,1789636710848825352,-0.529726,0.529726
962,965,1789636710847164509,1789636710847372117,-0.207608,0.207608,1789636710948489693,1789636710949023184,-0.533301,0.533301
963,966,1789636710947365890,1789636710947171794,0.194096,0.194096,1789636711048374014,1789636711048908798,-0.53422,0.53422
964,967,1789636711047496511,1789636711047288507,0.208004,0.208004,1789636711148356664,1789636711148906829,-0.549626,0.549626
965,968,1789636711147202559,1789636711147413349,-0.21079,0.21079,1789636711248363314,1789636711248854678,-0.491093,0.491093
966,969,1789636711247339947,1789636711247152111,0.187836,0.187836,1789636711348051134,1789636711348566149,-0.514484,0.514484
967,970,1789636711347235508,1789636711347339176,-0.103668,0.103668,1789636711448714009,1789636711449134174,-0.419713,0.419713
968,971,1789636711447205424,1789636711447330648,-0.125224,0.125224,1789636711548281863,1789636711548789936,-0.507861,0.507861
969,972,1789636711547173874,1789636711547370262,-0.196388,0.196388,1789636711648385235,1789636711648921255,-0.535485,0.535485
970,973,1789636711647492185,1789636711647259119,0.233066,0.233066,1789636711747442859,1789636711747994501,-0.551267,0.551267
971,974,1789636711746675862,1789636711747137959,-0.462097,0.462097,1789636711848180672,1789636711848746859,-0.565757,0.565757
972,975,1789636711847173972,1789636711847353873,-0.179901,0.179901,1789636711947525242,1789636711948059774,-0.534211,0.534211
973,976,1789636711946603013,1789636711947091517,-0.488504,0.488504,1789636712048289770,1789636712048792566,-0.502642,0.502642
974,977,1789636712047407218,1789636712047253518,0.1537,0.1537,1789636712147617943,1789636712148162848,-0.544602,0.544602
975,978,1789636712147136491,1789636712147103458,0.033033,0.033033,1789636712248064006,1789636712248604117,-0.539351,0.539351
976,979,1789636712247205155,1789636712247281101,-0.075946,0.075946,1789636712348760480,1789636712349472066,-0.710943,0.710943
977,980,1789636712347164306,1789636712347360010,-0.195704,0.195704,1789636712447649843,1789636712448193079,-0.542782,0.542782
978,981,1789636712446624704,1789636712447080864,-0.45616,0.45616,1789636712548289544,1789636712548876948,-0.586887,0.586887
979,982,1789636712547426706,1789636712547217120,0.209586,0.209586,1789636712648200351,1789636712648712466,-0.511921,0.511921
980,983,1789636712647160241,1789636712647374338,-0.214097,0.214097,1789636712748155704,1789636712748673153,-0.517132,0.517132
981,984,1789636712747231077,1789636712747304528,-0.073451,0.073451,1789636712848375572,1789636712848890929,-0.514947,0.514947
982,985,1789636712847332362,1789636712847171135,0.161227,0.161227,1789636712948252632,1789636712948788195,-0.535103,0.535103
983,986,1789636712947197233,1789636712947322249,-0.125016,0.125016,1789636713048407766,1789636713048926917,-0.518641,0.518641
984,987,1789636713047357514,1789636713047206107,0.151407,0.151407,1789636713148081060,1789636713148624709,-0.542774,0.542774
985,988,1789636713147373761,1789636713147162141,0.21162,0.21162,1789636713247970809,1789636713248472831,-0.501758,0.501758
986,989,1789636713247250989,1789636713247050950,0.200039,0.200039,1789636713347992812,1789636713348515017,-0.521474,0.521474
987,990,1789636713347196145,1789636713347278866,-0.082721,0.082721,1789636713448194385,1789636713448725121,-0.529929,0.529929
988,991,1789636713447165365,1789636713447322271,-0.156906,0.156906,1789636713548209470,1789636713548748126,-0.538273,0.538273
989,992,1789636713547249814,1789636713547212242,0.037572,0.037572,1789636713648317129,1789636713649354445,-1.036927,1.036927
990,993,1789636713647195842,1789636713647400444,-0.204602,0.204602,1789636713748668269,1789636713749167321,-0.498673,0.498673
991,994,1789636713747168289,1789636713747362595,-0.194306,0.194306,1789636713848559835,1789636713849128778,-0.568263,0.568263
992,995,1789636713847189052,1789636713847396761,-0.207709,0.207709,1789636713948375028,1789636713948946929,-0.571411,0.571411
993,996,1789636713947169314,1789636713947221703,-0.052389,0.052389,1789636714048219699,1789636714048795484,-0.575354,0.575354
994,997,1789636714047307025,1789636714047144196,0.162829,0.162829,1789636714148077070,1789636714148613920,-0.536787,0.536787
995,998,1789636714147319776,1789636714147159839,0.159937,0.159937,1789636714248400555,1789636714248898921,-0.497941,0.497941
996,999,1789636714247265169,1789636714247108897,0.156272,0.156272,1789636714348344592,1789636714349060541,-0.715498,0.715498
997,1000,1789636714347077630,1789636714347294441,-0.216811,0.216811,1789636714448629727,1789636714449335003,-0.705143,0.705143
998,1001,1789636714447166530,1789636714447363854,-0.197324,0.197324,1789636714548762825,1789636714549250520,-0.487411,0.487411
999,1002,1789636714547295057,1789636714547157231,0.137826,0.137826,1789636714648090064,1789636714648649003,-0.558687,0.558687
1000,1003,1789636714647015182,1789636714647188875,-0.173693,0.173693,1789636714748159034,1789636714748694609,-0.535448,0.535448
1001,1004,1789636714746977364,1789636714747185821,-0.208457,0.208457,1789636714848292696,1789636714848835205,-0.542322,0.542322
1002,1005,1789636714847145932,1789636714847370898,-0.224966,0.224966,1789636714948296115,1789636714948854620,-0.558135,0.558135
1003,1006,1789636714947213903,1789636714947048278,0.165625,0.165625,1789636715047954740,1789636715048496601,-0.541153,0.541153
1004,1007,1789636715047182178,1789636715047063107,0.119071,0.119071,1789636715148273327,1789636715148831627,-0.557745,0.557745
1005,1008,1789636715147092762,1789636715147311814,-0.219052,0.219052,1789636715248176695,1789636715248730401,-0.553504,0.553504
1006,1009,1789636715247054759,1789636715247226071,-0.171312,0.171312,1789636715348234513,1789636715348792006,-0.557008,0.557008
1007,1010,1789636715347241123,1789636715347087195,0.153928,0.153928,1789636715448354777,1789636715449101950,-0.746819,0.746819
1008,1011,1789636715447283424,1789636715447082651,0.200773,0.200773,1789636715547995130,1789636715548587207,-0.591654,0.591654
1009,1012,1789636715547187125,1789636715547029932,0.157193,0.157193,1789636715648087567,1789636715648645902,-0.557967,0.557967
1010,1013,1789636715646937221,1789636715647141843,-0.204622,0.204622,1789636715748158650,1789636715748684377,-0.52542,0.52542
1011,1014,1789636715747166489,1789636715747035801,0.130688,0.130688,1789636715848034456,1789636715848614561,-0.579529,0.579529
1012,1015,1789636715846934127,1789636715847135937,-0.20181,0.20181,1789636715948257110,1789636715948840166,-0.582487,0.582487
1013,1016,1789636715947177365,1789636715946968129,0.209236,0.209236,1789636716047985613,1789636716048529361,-0.543484,0.543484
1014,1017,1789636716047157870,1789636716046990134,0.167736,0.167736,1789636716147887578,1789636716148462445,-0.57453,0.57453
1015,1018,1789636716147028195,1789636716147136676,-0.108481,0.108481,1789636716248106643,1789636716248623747,-0.516695,0.516695
1016,1019,1789636716246970663,1789636716247141770,-0.171107,0.171107,1789636716348336470,1789636716348881880,-0.544841,0.544841
1017,1020,1789636716347039399,1789636716347205833,-0.166434,0.166434,1789636716448097443,1789636716448647993,-0.549987,0.549987
1018,1021,1789636716447179977,1789636716447064244,0.115733,0.115733,1789636716547935857,1789636716548502859,-0.566819,0.566819
1019,1022,1789636716546933872,1789636716547134591,-0.200719,0.200719,1789636716648196770,1789636716648726813,-0.529466,0.529466
1020,1023,1789636716647005166,1789636716647137121,-0.131955,0.131955,1789636716748018388,1789636716748547665,-0.528665,0.528665
1021,1024,1789636716747178528,1789636716747007927,0.170601,0.170601,1789636716847949760,1789636716848463999,-0.513743,0.513743
1022,1025,1789636716847170841,1789636716846996877,0.173964,0.173964,1789636716947868189,1789636716948384823,-0.516334,0.516334
1023,1026,1789636716946998290,1789636716947134977,-0.136687,0.136687,1789636717047997949,1789636717048507793,-0.509116,0.509116
1024,1027,1789636717046888806,1789636717047089392,-0.200586,0.200586,1789636717147810960,1789636717148328283,-0.516201,0.516201
1025,1028,1789636717146919103,1789636717147088076,-0.168973,0.168973,1789636717248180597,1789636717248717462,-0.535649,0.535649
1026,1029,1789636717246978847,1789636717247134502,-0.155655,0.155655,1789636717348053395,1789636717348576658,-0.522692,0.522692
1027,1030,1789636717347179051,1789636717347003108,0.175943,0.175943,1789636717447828722,1789636717448339735,-0.510775,0.510775
1028,1031,1789636717447034951,1789636717447091157,-0.056206,0.056206,1789636717548040312,1789636717548546192,-0.505522,0.505522
1029,1032,1789636717547000321,1789636717547124835,-0.124514,0.124514,1789636717647797640,1789636717648306643,-0.508592,0.508592
1030,1033,1789636717646863576,1789636717647074393,-0.210817,0.210817,1789636717747973677,1789636717748482665,-0.508595,0.508595
1031,1034,1789636717747022890,1789636717747185579,-0.162689,0.162689,1789636717848220010,1789636717848744879,-0.524459,0.524459
1032,1035,1789636717847095755,1789636717846897844,0.197911,0.197911,1789636717947850870,1789636717948426781,-0.575278,0.575278
1033,1036,1789636717946945109,1789636717947063064,-0.117955,0.117955,1789636718048189935,1789636718048727775,-0.537574,0.537574
1034,1037,1789636718047114700,1789636718046922689,0.192011,0.192011,1789636718147916097,1789636718148416236,-0.499332,0.499332
1035,1038,1789636718146983429,1789636718147175468,-0.192039,0.192039,1789636718247931686,1789636718248485264,-0.553363,0.553363
1036,1039,1789636718247003559,1789636718247055995,-0.052436,0.052436,1789636718347972904,1789636718348496798,-0.523601,0.523601
1037,1040,1789636718347091659,1789636718346935549,0.15611,0.15611,1789636718447854412,1789636718448387801,-0.533104,0.533104
1038,1041,1789636718447011144,1789636718447082785,-0.071641,0.071641,1789636718547967401,1789636718548531483,-0.563543,0.563543
1039,1042,1789636718546940587,1789636718547047892,-0.107305,0.107305,1789636718647922586,1789636718648434107,-0.511166,0.511166
1041,1043,1789636718746965223,1789636718747168515,-0.203292,0.203292,1789636718848117568,1789636718848681374,-0.563545,0.563545
1042,1044,1789636718846965583,1789636718847202011,-0.236428,0.236428,1789636718947912411,1789636718948434630,-0.52172,0.52172
1043,1045,1789636718946956806,1789636718947030817,-0.074011,0.074011,1789636719047819505,1789636719048343242,-0.523554,0.523554
1044,1046,1789636719046940030,1789636719047019138,-0.079108,0.079108,1789636719147981959,1789636719148491179,-0.509073,0.509073
1045,1047,1789636719146985490,1789636719147125229,-0.139739,0.139739,1789636719248088286,1789636719248622239,-0.533724,0.533724
1046,1048,1789636719246934067,1789636719247145495,-0.211428,0.211428,1789636719347892630,1789636719348461344,-0.567958,0.567958
1047,1049,1789636719346932393,1789636719347159348,-0.226955,0.226955,1789636719448403308,1789636719449103324,-0.699526,0.699526
1048,1050,1789636719447033623,1789636719446842941,0.190682,0.190682,1789636719548080869,1789636719548741348,-0.659943,0.659943
1049,1051,1789636719546902333,1789636719547057436,-0.155103,0.155103,1789636719648181965,1789636719648870852,-0.688424,0.688424
1050,1052,1789636719646925334,1789636719647050207,-0.124873,0.124873,1789636719748188606,1789636719748835102,-0.645584,0.645584
1051,1053,1789636719746887898,1789636719747072756,-0.184858,0.184858,1789636719848013428,1789636719848742595,-0.728878,0.728878
1052,1054,1789636719846892543,1789636719847044333,-0.15179,0.15179,1789636719948327840,1789636719949016497,-0.687915,0.687915
1053,1055,1789636719946975182,1789636719946916518,0.058664,0.058664,1789636720048101055,1789636720048799748,-0.698519,0.698519
1055,1056,1789636720146898563,1789636720147092294,-0.193731,0.193731,1789636720248170471,1789636720248893718,-0.722553,0.722553
1056,1057,1789636720246798484,1789636720246998438,-0.199954,0.199954,1789636720347848273,1789636720348379928,-0.531361,0.531361
1057,1058,1789636720346973021,1789636720346824624,0.148397,0.148397,1789636720447998874,1789636720448551044,-0.551899,0.551899
1058,1059,1789636720447075333,1789636720446875059,0.200274,0.200274,1789636720547881160,1789636720548392894,-0.51148,0.51148
1059,1060,1789636720546789540,1789636720547001206,-0.211666,0.211666,1789636720647859755,1789636720648383891,-0.523603,0.523603
1060,1061,1789636720646920855,1789636720646950407,-0.029552,0.029552,1789636720747863236,1789636720748401571,-0.537805,0.537805
1061,1062,1789636720746852194,1789636720747019796,-0.167602,0.167602,1789636720848032690,1789636720848574806,-0.541582,0.541582
1062,1063,1789636720846782524,1789636720846978725,-0.196201,0.196201,1789636720947840735,1789636720948379327,-0.538018,0.538018
1063,1064,1789636720946942933,1789636720946844331,0.098602,0.098602,1789636721048085683,1789636721048770027,-0.684161,0.684161
1064,1065,1789636721046869595,1789636721046942576,-0.072981,0.072981,1789636721147953927,1789636721148493731,-0.539425,0.539425
1065,1066,1789636721146777834,1789636721146959763,-0.181929,0.181929,1789636721247770009,1789636721248266505,-0.495929,0.495929
1066,1067,1789636721246827469,1789636721246936236,-0.108767,0.108767,1789636721347821995,1789636721348353865,-0.531275,0.531275
1067,1068,1789636721347002355,1789636721346860202,0.142153,0.142153,1789636721447899351,1789636721448477928,-0.578169,0.578169
1068,1069,1789636721446856772,1789636721446943431,-0.086659,0.086659,1789636721547914956,1789636721548602171,-0.687032,0.687032
1069,1070,1789636721546705210,1789636721546914441,-0.209231,0.209231,1789636721647753638,1789636721648316500,-0.562254,0.562254
1070,1071,1789636721646786147,1789636721646883102,-0.096955,0.096955,1789636721747950750,1789636721748496749,-0.545363,0.545363
1071,1072,1789636721746739305,1789636721746916913,-0.177608,0.177608,1789636721847983873,1789636721848537132,-0.552722,0.552722
1072,1073,1789636721847742785,1789636721846827169,0.915616,0.915616,1789636721947696901,1789636721948198227,-0.500463,0.500463
1073,1074,1789636721946808084,1789636721946937510,-0.129426,0.129426,1789636722047938107,1789636722048462649,-0.524002,0.524002
1074,1075,1789636722046722394,1789636722046887160,-0.164766,0.164766,1789636722147789055,1789636722148330792,-0.541322,0.541322
1075,1076,1789636722146915677,1789636722146734755,0.180922,0.180922,1789636722247781734,1789636722248285353,-0.503293,0.503293
1076,1077,1789636722246802194,1789636722246960510,-0.158316,0.158316,1789636722347839360,1789636722348352007,-0.512399,0.512399
1077,1078,1789636722346755261,1789636722346886572,-0.131311,0.131311,1789636722448262554,1789636722448817889,-0.554661,0.554661
1078,1079,1789636722446994229,1789636722446799185,0.195044,0.195044,1789636722547962154,1789636722548513969,-0.551409,0.551409
1079,1080,1789636722546828952,1789636722546962719,-0.133767,0.133767,1789636722648071540,1789636722648576727,-0.504622,0.504622
1080,1081,1789636722646765254,1789636722646893032,-0.127778,0.127778,1789636722748155401,1789636722748743912,-0.588057,0.588057
1081,1082,1789636722746783600,1789636722746983504,-0.199904,0.199904,1789636722848119827,1789636722848671888,-0.55131,0.55131
1082,1083,1789636722846805052,1789636722846888846,-0.083794,0.083794,1789636722947816608,1789636722948335362,-0.518454,0.518454
1083,1084,1789636722946811012,1789636722946844795,-0.033783,0.033783,1789636723048029549,1789636723048557411,-0.52734,0.52734
1084,1085,1789636723046910450,1789636723046776982,0.133468,0.133468,1789636723147638346,1789636723148155763,-0.516984,0.516984
1085,1086,1789636723146726277,1789636723146886401,-0.160124,0.160124,1789636723247987759,1789636723248532640,-0.544424,0.544424
1086,1087,1789636723246962761,1789636723246763868,0.198893,0.198893,1789636723347725833,1789636723348247319,-0.521073,0.521073
1087,1088,1789636723346935433,1789636723346726888,0.208545,0.208545,1789636723447853624,1789636723448661055,-0.806883,0.806883
1088,1089,1789636723446658198,1789636723446865444,-0.207246,0.207246,1789636723548027549,1789636723548601068,-0.572839,0.572839
1089,1090,1789636723546951391,1789636723546774135,0.177256,0.177256,1789636723647645543,1789636723648149002,-0.50315,0.50315
1090,1091,1789636723646703891,1789636723646873760,-0.169869,0.169869,1789636723747825636,1789636723748402540,-0.576641,0.576641
1091,1092,1789636723746704572,1789636723746817639,-0.113067,0.113067,1789636723847781642,1789636723848297980,-0.515774,0.515774
1092,1093,1789636723846900573,1789636723846752971,0.147602,0.147602,1789636723947619248,1789636723948198972,-0.579259,0.579259
1093,1094,1789636723946738938,1789636723946827390,-0.088452,0.088452,1789636724047719206,1789636724048271795,-0.552005,0.552005
1094,1095,1789636724046642425,1789636724046808366,-0.165941,0.165941,1789636724147661363,1789636724148154837,-0.493139,0.493139
1095,1096,1789636724146736296,1789636724146803555,-0.067259,0.067259,1789636724247584346,1789636724248123025,-0.538447,0.538447
1096,1097,1789636724246692680,1789636724246789098,-0.096418,0.096418,1789636724348242769,1789636724348810726,-0.56742,0.56742
1097,1098,1789636724346845354,1789636724346636572,0.208782,0.208782,1789636724447995936,1789636724448504929,-0.508426,0.508426
1098,1099,1789636724446743164,1789636724446953023,-0.209859,0.209859,1789636724548006721,1789636724548565875,-0.558874,0.558874
1099,1100,1789636724546647684,1789636724546802590,-0.154906,0.154906,1789636724647671268,1789636724648178137,-0.506375,0.506375
1100,1101,1789636724646588833,1789636724646788576,-0.199743,0.199743,1789636724747838695,1789636724748414049,-0.573931,0.573931
1101,1102,1789636724746857002,1789636724746702820,0.154182,0.154182,1789636724847648836,1789636724848141841,-0.492512,0.492512
1102,1103,1789636724846851250,1789636724846672972,0.178278,0.178278,1789636724947740083,1789636724948248409,-0.507556,0.507556
1103,1104,1789636724946703174,1789636724946795123,-0.091949,0.091949,1789636725047722292,1789636725048230110,-0.507515,0.507515
1104,1105,1789636725046818068,1789636725046697796,0.120272,0.120272,1789636725147500988,1789636725148040590,-0.539043,0.539043
1105,1106,1789636725146590784,1789636725146757437,-0.166653,0.166653,1789636725247788808,1789636725248313562,-0.524663,0.524663
1106,1107,1789636725246741094,1789636725246762330,-0.021236,0.021236,1789636725347622393,1789636725348142777,-0.520229,0.520229
1107,1108,1789636725346661409,1789636725346891121,-0.229712,0.229712,1789636725447853979,1789636725448382384,-0.528199,0.528199
1108,1109,1789636725446838768,1789636725446688710,0.150058,0.150058,1789636725547542602,1789636725548070232,-0.527152,0.527152
1109,1110,1789636725546638840,1789636725546751687,-0.112847,0.112847,1789636725647646500,1789636725648174797,-0.527971,0.527971
1110,1111,1789636725646774841,1789636725646638489,0.136352,0.136352,1789636725747715872,1789636725748218244,-0.501992,0.501992
1111,1112,1789636725746676201,1789636725746867793,-0.191592,0.191592,1789636725847906773,1789636725848413464,-0.50636,0.50636
1112,1113,1789636725846818553,1789636725846623831,0.194722,0.194722,1789636725947662067,1789636725948192010,-0.529609,0.529609
1113,1114,1789636725946674052,1789636725946801826,-0.127774,0.127774,1789636726047748898,1789636726048247427,-0.498244,0.498244
1114,1115,1789636726046660234,1789636726046833574,-0.17334,0.17334,1789636726147903434,1789636726148411299,-0.507368,0.507368
1115,1116,1789636726146816616,1789636726146650960,0.165656,0.165656,1789636726247555162,1789636726248091407,-0.535603,0.535603
1116,1117,1789636726246674847,1789636726246760247,-0.0854,0.0854,1789636726347686530,1789636726348211801,-0.524966,0.524966
1117,1118,1789636726346606864,1789636726346733194,-0.12633,0.12633,1789636726447905589,1789636726448467067,-0.561063,0.561063
1118,1119,1789636726446654902,1789636726446811767,-0.156865,0.156865,1789636726547621571,1789636726548141942,-0.520035,0.520035
1119,1120,1789636726546638945,1789636726546749839,-0.110894,0.110894,1789636726647699802,1789636726648182797,-0.482668,0.482668
1120,1121,1789636726646764667,1789636726646575920,0.188747,0.188747,1789636726747607283,1789636726748121793,-0.514198,0.514198
1121,1122,1789636726746746359,1789636726746548739,0.19762,0.19762,1789636726847500705,1789636726848059833,-0.558775,0.558775
1122,1123,1789636726846544622,1789636726846711484,-0.166862,0.166862,1789636726947849443,1789636726948369474,-0.519604,0.519604
1123,1124,1789636726946732301,1789636726946549635,0.182666,0.182666,1789636727047551241,1789636727048068279,-0.516441,0.516441
1124,1125,1789636727046613970,1789636727046773034,-0.159064,0.159064,1789636727147691522,1789636727148232656,-0.540204,0.540204
1125,1126,1789636727146606700,1789636727146712238,-0.105538,0.105538,1789636727247550855,1789636727248095430,-0.54391,0.54391
1126,1127,1789636727246485275,1789636727246696987,-0.211712,0.211712,1789636727347801700,1789636727348313578,-0.511094,0.511094
1127,1128,1789636727346683446,1789636727346513331,0.170115,0.170115,1789636727447604252,1789636727448139438,-0.534314,0.534314
1128,1129,1789636727446520595,1789636727446714407,-0.193812,0.193812,1789636727547674294,1789636727548198784,-0.523757,0.523757
1129,1130,1789636727546509430,1789636727546717359,-0.207929,0.207929,1789636727647742535,1789636727648280731,-0.538084,0.538084
1130,1131,1789636727646542837,1789636727646710765,-0.167928,0.167928,1789636727747439608,1789636727747939153,-0.499203,0.499203
1131,1132,1789636727746482328,1789636727746694675,-0.212347,0.212347,1789636727847711971,1789636727848258264,-0.546021,0.546021
1132,1133,1789636727846616096,1789636727846777955,-0.161859,0.161859,1789636727947751953,1789636727948305437,-0.552886,0.552886
1133,1134,1789636727946706297,1789636727946543766,0.162531,0.162531,1789636728047498081,1789636728048075903,-0.577494,0.577494
1134,1135,1789636728046614835,1789636728046636290,-0.021455,0.021455,1789636728147841667,1789636728148525452,-0.683093,0.683093
1135,1136,1789636728146536145,1789636728146755627,-0.219482,0.219482,1789636728247661363,1789636728248162135,-0.50065,0.50065
1136,1137,1789636728246660625,1789636728246463629,0.196996,0.196996,1789636728347442542,1789636728347979312,-0.536373,0.536373
1137,1138,1789636728346517904,1789636728346701443,-0.183539,0.183539,1789636728447590263,1789636728448104411,-0.513856,0.513856
1138,1139,1789636728446514796,1789636728446627460,-0.112664,0.112664,1789636728547528802,1789636728548006433,-0.477351,0.477351
1139,1140,1789636728546650502,1789636728546442857,0.207645,0.207645,1789636728647428294,1789636728647938305,-0.509859,0.509859
1140,1141,1789636728646532239,1789636728646655867,-0.123628,0.123628,1789636728747811485,1789636728748355266,-0.543379,0.543379
1141,1142,1789636728746638096,1789636728746573400,0.064696,0.064696,1789636728847444429,1789636728847957576,-0.512755,0.512755
1142,1143,1789636728846560695,1789636728846638882,-0.078187,0.078187,1789636728947656018,1789636728948180644,-0.524208,0.524208
1143,1144,1789636728946471399,1789636728946653100,-0.181701,0.181701,1789636729047382000,1789636729047936402,-0.553882,0.553882
1144,1145,1789636729046448087,1789636729046630562,-0.182475,0.182475,1789636729147751443,1789636729148271386,-0.519395,0.519395
1145,1146,1789636729146716091,1789636729146598759,0.117332,0.117332,1789636729247449228,1789636729247966111,-0.516691,0.516691
1146,1147,1789636729246654998,1789636729246527641,0.127357,0.127357,1789636729347691989,1789636729348203902,-0.511485,0.511485
1147,1148,1789636729346644351,1789636729346438080,0.206271,0.206271,1789636729447822719,1789636729448357659,-0.534699,0.534699
1148,1149,1789636729446695954,1789636729446593262,0.102692,0.102692,1789636729547566904,1789636729548086499,-0.519256,0.519256
1149,1150,1789636729546604898,1789636729546461444,0.143454,0.143454,1789636729647783664,1789636729648359672,-0.575227,0.575227
1150,1151,1789636729646556661,1789636729646745453,-0.188792,0.188792,1789636729747989517,1789636729748493772,-0.503949,0.503949
1151,1152,1789636729746713721,1789636729746489667,0.224054,0.224054,1789636729847311775,1789636729847808438,-0.496574,0.496574
1152,1154,1789636729946753736,1789636729946582305,0.171431,0.171431,1789636730047588502,1789636730048115902,-0.527445,0.527445
1153,1155,1789636730046764219,1789636730046586402,0.177817,0.177817,1789636730147548852,1789636730148061380,-0.512086,0.512086
1154,1156,1789636730146543132,1789636730146702447,-0.159315,0.159315,1789636730247446503,1789636730247967208,-0.520293,0.520293
1155,1157,1789636730246440844,1789636730246640229,-0.199385,0.199385,1789636730347762113,1789636730348269730,-0.507548,0.507548
1156,1158,1789636730346569404,1789636730346664484,-0.09508,0.09508,1789636730447430483,1789636730447950808,-0.520097,0.520097
1157,1159,1789636730446508358,1789636730446614724,-0.106366,0.106366,1789636730547484194,1789636730548006257,-0.521609,0.521609
1158,1160,1789636730546615782,1789636730546444630,0.171152,0.171152,1789636730647903207,1789636730648468414,-0.56464,0.56464
1159,1161,1789636730646507833,1789636730646713600,-0.205767,0.205767,1789636730747272075,1789636730747764624,-0.492381,0.492381
1160,1162,1789636730746575227,1789636730746596212,-0.020985,0.020985,1789636730847369569,1789636730847877368,-0.507379,0.507379
1161,1163,1789636730846460540,1789636730846618149,-0.157609,0.157609,1789636730947649998,1789636730948184236,-0.534076,0.534076
1162,1164,1789636730946566167,1789636730946603244,-0.037077,0.037077,1789636731047625736,1789636731048171396,-0.545454,0.545454
1163,1165,1789636731046737901,1789636731046541234,0.196667,0.196667,1789636731147386796,1789636731147898709,-0.51181,0.51181
1164,1166,1789636731146466335,1789636731146639153,-0.172818,0.172818,1789636731247754221,1789636731248353279,-0.598832,0.598832
1165,1167,1789636731246766517,1789636731246571937,0.19458,0.19458,1789636731347576497,1789636731348129995,-0.552846,0.552846
1166,1168,1789636731346587973,1789636731346794932,-0.206959,0.206959,1789636731447673550,1789636731448204946,-0.53114,0.53114
1167,1169,1789636731446644589,1789636731446541048,0.103541,0.103541,1789636731547684237,1789636731548228003,-0.543289,0.543289
1168,1170,1789636731546757922,1789636731546595904,0.162018,0.162018,1789636731647354156,1789636731647862704,-0.508396,0.508396
1169,1171,1789636731646692594,1789636731646549160,0.143434,0.143434,1789636731747705063,1789636731748218372,-0.513064,0.513064
1170,1172,1789636731746794872,1789636731746594534,0.200338,0.200338,1789636731847642583,1789636731848312677,-0.669942,0.669942
1171,1173,1789636731847283177,1789636731846763515,0.519662,0.519662,1789636731947709245,1789636731948251958,-0.542415,0.542415
1172,1174,1789636731947398295,1789636731946484446,0.913849,0.913849,1789636732047463832,1789636732048000161,-0.536055,0.536055
1173,1175,1789636732047327940,1789636732046780508,0.547432,0.547432,1789636732147524272,1789636732148029000,-0.504275,0.504275
1174,1176,1789636732146608349,1789636732146399542,0.208807,0.208807,1789636732247354840,1789636732247857438,-0.502173,0.502173
1175,1177,1789636732246669938,1789636732246461914,0.208024,0.208024,1789636732347507409,1789636732348038231,-0.530421,0.530421
1176,1178,1789636732346613590,1789636732346507945,0.105645,0.105645,1789636732448037802,1789636732448736917,-0.698814,0.698814
1177,1179,1789636732446648004,1789636732446564420,0.083584,0.083584,1789636732547661889,1789636732548162814,-0.500701,0.500701
1178,1180,1789636732546549891,1789636732546681529,-0.131638,0.131638,1789636732647897585,1789636732648412373,-0.514263,0.514263
1179,1181,1789636732646565537,1789636732646772927,-0.20739,0.20739,1789636732747692036,1789636732748221017,-0.528365,0.528365
1180,1182,1789636732746604477,1789636732746500951,0.103526,0.103526,1789636732847676063,1789636732848176642,-0.500276,0.500276
1181,1183,1789636732846730854,1789636732846582544,0.14831,0.14831,1789636732947711940,1789636732948270004,-0.557971,0.557971
1182,1184,1789636732946592968,1789636732946778711,-0.185743,0.185743,1789636733047666104,1789636733048186649,-0.520233,0.520233
1183,1185,1789636733046617961,1789636733046477212,0.140749,0.140749,1789636733147548393,1789636733148109728,-0.561034,0.561034
1184,1186,1789636733146580987,1789636733146651453,-0.070466,0.070466,1789636733247759349,1789636733248371664,-0.612088,0.612088
1185,1187,1789636733246647358,1789636733246509873,0.137485,0.137485,1789636733347406295,1789636733347950813,-0.543946,0.543946
1186,1188,1789636733346604358,1789636733346450191,0.154167,0.154167,1789636733447543585,1789636733448073860,-0.529678,0.529678
1187,1189,1789636733446465592,1789636733446620633,-0.155041,0.155041,1789636733547698360,1789636733548257347,-0.558415,0.558415
1188,1190,1789636733546565659,1789636733546697963,-0.132304,0.132304,1789636733647938743,1789636733648473866,-0.534672,0.534672
1189,1191,1789636733646417852,1789636733646624156,-0.206304,0.206304,1789636733748119198,1789636733748855528,-0.736069,0.736069
1190,1192,1789636733746537653,1789636733746721815,-0.184162,0.184162,1789636733848224578,1789636733848752422,-0.527608,0.527608
1191,1193,1789636733846704461,1789636733846496108,0.208353,0.208353,1789636733947675535,1789636733948226184,-0.550109,0.550109
1192,1194,1789636733946462214,1789636733946625282,-0.163068,0.163068,1789636734048149994,1789636734048736935,-0.586686,0.586686
1193,1195,1789636734046541880,1789636734046698738,-0.156858,0.156858,1789636734148050966,1789636734148568945,-0.517498,0.517498
1194,1196,1789636734146659266,1789636734146465331,0.193935,0.193935,1789636734247687763,1789636734248188471,-0.500261,0.500261
1195,1197,1789636734246622652,1789636734246413540,0.209112,0.209112,1789636734347830054,1789636734348438795,-0.608665,0.608665
1196,1198,1789636734346679072,1789636734346481175,0.197897,0.197897,1789636734447862386,1789636734448417090,-0.553957,0.553957
1197,1199,1789636734446532243,1789636734446638451,-0.106208,0.106208,1789636734548098743,1789636734548671933,-0.572714,0.572714
1198,1200,1789636734546564239,1789636734546638586,-0.074347,0.074347,1789636734647431788,1789636734647968733,-0.536331,0.536331
1199,1201,1789636734646430878,1789636734646630702,-0.199824,0.199824,1789636734747719491,1789636734748210708,-0.490832,0.490832
1200,1202,1789636734746448484,1789636734746646261,-0.197777,0.197777,1789636734847692475,1789636734848232268,-0.539357,0.539357
1201,1203,1789636734846656126,1789636734846585197,0.070929,0.070929,1789636734947434770,1789636734947997104,-0.561474,0.561474
1202,1204,1789636734946480702,1789636734946626243,-0.145541,0.145541,1789636735047661758,1789636735048199741,-0.537607,0.537607
1203,1205,1789636735046444593,1789636735046638162,-0.193569,0.193569,1789636735147868581,1789636735148539242,-0.670271,0.670271
1204,1206,1789636735146731284,1789636735146571525,0.159759,0.159759,1789636735247510201,1789636735248066852,-0.556208,0.556208
1205,1207,1789636735246625005,1789636735246420620,0.204385,0.204385,1789636735347758952,1789636735348537888,-0.778366,0.778366
1206,1208,1789636735346497483,1789636735346619141,-0.121658,0.121658,1789636735447787958,1789636735448343614,-0.555304,0.555304
1207,1209,1789636735446655243,1789636735446553114,0.102129,0.102129,1789636735547425218,1789636735547998132,-0.572325,0.572325
1208,1210,1789636735546609695,1789636735546439467,0.170228,0.170228,1789636735647510890,1789636735648090440,-0.579104,0.579104
1209,1211,1789636735646554813,1789636735646704067,-0.149254,0.149254,1789636735747715842,1789636735748278090,-0.561935,0.561935
1210,1212,1789636735746678681,1789636735746548422,0.130259,0.130259,1789636735847425405,1789636735847967113,-0.541156,0.541156
1211,1213,1789636735846541276,1789636735846977397,-0.436121,0.436121,1789636735947746922,1789636735948253910,-0.506629,0.506629
1212,1214,1789636735946698806,1789636735946501446,0.19736,0.19736,1789636736047442152,1789636736047974533,-0.531788,0.531788
1213,1215,1789636736046437024,1789636736046633130,-0.196106,0.196106,1789636736147712031,1789636736148205457,-0.492822,0.492822
1214,1216,1789636736146746991,1789636736146541859,0.205132,0.205132,1789636736247550585,1789636736248076606,-0.525605,0.525605
1215,1217,1789636736246591895,1789636736246762171,-0.170276,0.170276,1789636736347548164,1789636736348094720,-0.546334,0.546334
1216,1218,1789636736346589134,1789636736346628087,-0.038953,0.038953,1789636736447445347,1789636736447935302,-0.489623,0.489623
1217,1219,1789636736446444313,1789636736446641103,-0.19679,0.19679,1789636736547699090,1789636736548210803,-0.511104,0.511104
1218,1220,1789636736546632950,1789636736546433498,0.199452,0.199452,1789636736647393876,1789636736647910482,-0.516191,0.516191
1219,1221,1789636736646554980,1789636736646613699,-0.058719,0.058719,1789636736747809525,1789636736748345290,-0.535674,0.535674
1220,1222,1789636736746665184,1789636736746462056,0.203128,0.203128,1789636736847674603,1789636736848212882,-0.537866,0.537866
1221,1223,1789636736846548327,1789636736846664361,-0.116034,0.116034,1789636736948020248,1789636736948523315,-0.502497,0.502497
1222,1224,1789636736946681537,1789636736946568752,0.112785,0.112785,1789636737047450177,1789636737047962107,-0.511356,0.511356
1223,1225,1789636737046602192,1789636737046711796,-0.109604,0.109604,1789636737147565069,1789636737148093141,-0.527901,0.527901
1224,1226,1789636737146542068,1789636737146622704,-0.080636,0.080636,1789636737247494160,1789636737248016914,-0.522417,0.522417
1225,1227,1789636737246430153,1789636737246605305,-0.175152,0.175152,1789636737347595297,1789636737348099280,-0.503526,0.503526
1226,1228,1789636737346596516,1789636737346698912,-0.102396,0.102396,1789636737447832292,1789636737448403288,-0.570607,0.570607
1227,1229,1789636737446756468,1789636737446585396,0.171072,0.171072,1789636737547374374,1789636737547880379,-0.505761,0.505761
1228,1230,1789636737546615007,1789636737546552018,0.062989,0.062989,1789636737647387295,1789636737647877047,-0.489508,0.489508
1229,1231,1789636737646589025,1789636737646621161,-0.032136,0.032136,1789636737747708426,1789636737748246757,-0.537677,0.537677
1230,1232,1789636737746629741,1789636737746427119,0.202622,0.202622,1789636737847490693,1789636737848007853,-0.517046,0.517046
1231,1233,1789636737846558249,1789636737846845531,-0.287282,0.287282,1789636737947723511,1789636737948254145,-0.529888,0.529888
1232,1234,1789636737946644698,1789636737946481610,0.163088,0.163088,1789636738047473327,1789636738047963230,-0.489443,0.489443
1233,1235,1789636738046454716,1789636738046666155,-0.211439,0.211439,1789636738147767080,1789636738148278594,-0.511281,0.511281
1234,1236,1789636738146736357,1789636738146576248,0.160109,0.160109,1789636738247472486,1789636738248000129,-0.527386,0.527386
1235,1237,1789636738246648208,1789636738246523285,0.124923,0.124923,1789636738347753293,1789636738348524834,-0.771197,0.771197
1236,1238,1789636738346580408,1789636738346842407,-0.261999,0.261999,1789636738447781519,1789636738448436017,-0.654214,0.654214
1237,1239,1789636738446527272,1789636738446723446,-0.196174,0.196174,1789636738547594580,1789636738548159779,-0.565128,0.565128
1238,1240,1789636738546611373,1789636738546496512,0.114861,0.114861,1789636738647571448,1789636738648068389,-0.496545,0.496545
1239,1241,1789636738647064694,1789636738646540690,0.524004,0.524004,1789636738747670001,1789636738748211469,-0.540888,0.540888
1240,1242,1789636738746715049,1789636738746507996,0.207053,0.207053,1789636738847537279,1789636738848049220,-0.511604,0.511604
1241,1243,1789636738846541078,1789636738846702372,-0.161294,0.161294,1789636738947616271,1789636738948180553,-0.563518,0.563518
1242,1244,1789636738947004139,1789636738946523494,0.480645,0.480645,1789636739047465518,1789636739048009081,-0.543206,0.543206
1243,1245,1789636739046622129,1789636739046415085,0.207044,0.207044,1789636739147759103,1789636739148285132,-0.525607,0.525607
1244,1246,1789636739146778723,1789636739146586469,0.192254,0.192254,1789636739247678471,1789636739248315060,-0.636473,0.636473
1245,1247,1789636739246607566,1789636739246461809,0.145757,0.145757,1789636739347451875,1789636739347967659,-0.515261,0.515261
1246,1248,1789636739346577828,1789636739346687448,-0.10962,0.10962,1789636739447775347,1789636739448329620,-0.553988,0.553988
1247,1249,1789636739446670164,1789636739446513887,0.156277,0.156277,1789636739547385009,1789636739547920849,-0.535554,0.535554
1248,1250,1789636739546534291,1789636739546635749,-0.101458,0.101458,1789636739647410786,1789636739647894863,-0.483703,0.483703
1249,1252,1789636739747111167,1789636739746765489,0.345678,0.345678,1789636739847411149,1789636739847915336,-0.5039,0.5039
1250,1253,1789636739846531008,1789636739846595158,-0.06415,0.06415,1789636739947481504,1789636739948005852,-0.523991,0.523991
1251,1254,1789636739946538165,1789636739946842944,-0.304779,0.304779,1789636740047773987,1789636740048285890,-0.511232,0.511232
1252,1255,1789636740046660542,1789636740046474295,0.186247,0.186247,1789636740147428521,1789636740147952015,-0.523291,0.523291
1253,1256,1789636740146533159,1789636740146623391,-0.090232,0.090232,1789636740247481897,1789636740248018519,-0.536123,0.536123
1254,1257,1789636740246473817,1789636740246674247,-0.20043,0.20043,1789636740347654443,1789636740348179436,-0.524393,0.524393
1255,1258,1789636740346599399,1789636740346577848,0.021551,0.021551,1789636740447597381,1789636740448131918,-0.534109,0.534109
1256,1259,1789636740446512891,1789636740446666025,-0.153134,0.153134,1789636740547648122,1789636740548198060,-0.549393,0.549393
1257,1260,1789636740546726419,1789636740546517631,0.208788,0.208788,1789636740647503134,1789636740648030239,-0.526372,0.526372
1258,1261,1789636740646579805,1789636740647799743,-1.219938,1.219938,1789636740747624052,1789636740748115296,-0.490438,0.490438
1259,1262,1789636740746482425,1789636740747768385,-1.28596,1.28596,1789636740847638077,1789636740848184095,-0.545709,0.545709
1260,1263,1789636740846678450,1789636740846471720,0.20673,0.20673,1789636740947716789,1789636740948232843,-0.515427,0.515427
1261,1264,1789636740946546407,1789636740947781406,-1.234999,1.234999,1789636741048049713,1789636741048623625,-0.573492,0.573492
1262,1265,1789636741046489782,1789636741046770924,-0.281142,0.281142,1789636741147666554,1789636741148204375,-0.53735,0.53735
1263,1266,1789636741146468238,1789636741146713633,-0.245395,0.245395,1789636741247782503,1789636741248328644,-0.545901,0.545901
1264,1267,1789636741246609785,1789636741246556520,0.053265,0.053265,1789636741347537858,1789636741348047167,-0.509202,0.509202
1265,1268,1789636741346450682,1789636741346708105,-0.257423,0.257423,1789636741447745509,1789636741448265236,-0.519471,0.519471
1266,1269,1789636741446889306,1789636741446639498,0.249808,0.249808,1789636741547452063,1789636741547966309,-0.51377,0.51377
1267,1270,1789636741546612583,1789636741546423175,0.189408,0.189408,1789636741648075346,1789636741648570741,-0.494856,0.494856
1268,1271,1789636741646938437,1789636741646470449,0.467988,0.467988,1789636741747441463,1789636741747931904,-0.490092,0.490092
1269,1272,1789636741746935414,1789636741746595625,0.339789,0.339789,1789636741847662546,1789636741848170323,-0.507363,0.507363
1270,1273,1789636741846870407,1789636741846782878,0.087529,0.087529,1789636741947634959,1789636741948192040,-0.556692,0.556692
1271,1274,1789636741946886491,1789636741946758507,0.127984,0.127984,1789636742047433979,1789636742047924001,-0.489424,0.489424
1272,1275,1789636742046658781,1789636742046585751,0.07303,0.07303,1789636742147695123,1789636742148244219,-0.548426,0.548426
1273,1276,1789636742146974248,1789636742146889953,0.084295,0.084295,1789636742247584000,1789636742248101008,-0.516788,0.516788
1274,1277,1789636742246996702,1789636742246774637,0.222065,0.222065,1789636742347510782,1789636742348023744,-0.512524,0.512524
1275,1278,1789636742346745425,1789636742346589457,0.155968,0.155968,1789636742447480901,1789636742448010277,-0.528992,0.528992
1276,1279,1789636742446492641,1789636742447719800,-1.227159,1.227159,1789636742547784285,1789636742548342852,-0.557753,0.557753
1277,1280,1789636742546902333,1789636742546807825,0.094508,0.094508,1789636742647382203,1789636742647891202,-0.508626,0.508626
1278,1281,1789636742646855877,1789636742646496300,0.359577,0.359577,1789636742747397601,1789636742747917608,-0.519156,0.519156
1279,1282,1789636742746423873,1789636742747686571,-1.262698,1.262698,1789636742847690668,1789636742848206179,-0.515112,0.515112
1280,1283,1789636742846880355,1789636742846767564,0.112791,0.112791,1789636742947563837,1789636742948146306,-0.581761,0.581761
1281,1284,1789636742946551838,1789636742947727638,-1.1758,1.1758,1789636743047696093,1789636743048222487,-0.525978,0.525978
1282,1285,1789636743046586156,1789636743046694666,-0.10851,0.10851,1789636743147430295,1789636743147940425,-0.509539,0.509539
1283,1286,1789636743146638558,1789636743146581793,0.056765,0.056765,1789636743247452752,1789636743247980361,-0.527126,0.527126
1284,1287,1789636743246487226,1789636743246823945,-0.336719,0.336719,1789636743347746504,1789636743348264768,-0.51785,0.51785
1285,1288,1789636743346837802,1789636743346700778,0.137024,0.137024,1789636743447419869,1789636743447935012,-0.51443,0.51443
1286,1289,1789636743446823332,1789636743446534490,0.288842,0.288842,1789636743547501939,1789636743548039521,-0.537445,0.537445
1287,1290,1789636743546989484,1789636743546472405,0.517079,0.517079,1789636743647722934,1789636743648261869,-0.538448,0.538448
1288,1291,1789636743647831217,1789636743646720706,1.110511,1.110511,1789636743747818684,1789636743748369179,-0.549779,0.549779
1289,1292,1789636743747854324,1789636743746553448,1.300876,1.300876,1789636743847491831,1789636743847996474,-0.504396,0.504396
1290,1293,1789636743846818174,1789636743846785789,0.032385,0.032385,1789636743947698768,1789636743948231845,-0.53276,0.53276
1291,1294,1789636743946636663,1789636743946604578,0.032085,0.032085,1789636744047386651,1789636744047874891,-0.487991,0.487991
1292,1295,1789636744046869804,1789636744046452540,0.417264,0.417264,1789636744147363712,1789636744147856468,-0.492522,0.492522
1293,1296,1789636744146407458,1789636744146742940,-0.335482,0.335482,1789636744247718373,1789636744248264104,-0.545259,0.545259
1294,1297,1789636744246623263,1789636744246601559,0.021704,0.021704,1789636744347594757,1789636744348136701,-0.541408,0.541408
1295,1298,1789636744346966762,1789636744346839835,0.126927,0.126927,1789636744447612954,1789636744448141889,-0.528338,0.528338
1296,1299,1789636744446879757,1789636744446772531,0.107226,0.107226,1789636744547670097,1789636744548175407,-0.504886,0.504886
1297,1300,1789636744547854190,1789636744546606066,1.248124,1.248124,1789636744647427156,1789636744647953111,-0.525296,0.525296
1298,1301,1789636744646798730,1789636744647619829,-0.821099,0.821099,1789636744747767959,1789636744748279958,-0.511149,0.511149
1299,1302,1789636744746811566,1789636744746773903,0.037663,0.037663,1789636744847423767,1789636744847915515,-0.491532,0.491532
1300,1303,1789636744846759004,1789636744847713372,-0.954368,0.954368,1789636744947778849,1789636744948346264,-0.56708,0.56708
1301,1304,1789636744946883778,1789636744946497072,0.386706,0.386706,1789636745047354366,1789636745047837640,-0.483051,0.483051
1302,1305,1789636745046876380,1789636745046754363,0.122017,0.122017,1789636745147740187,1789636745148238400,-0.498102,0.498102
1303,1306,1789636745147817923,1789636745146562708,1.255215,1.255215,1789636745247444893,1789636745247968074,-0.522487,0.522487
1304,1307,1789636745246854161,1789636745246794270,0.059891,0.059891,1789636745347860419,1789636745348388161,-0.527261,0.527261
1305,1308,1789636745346795144,1789636745347741573,-0.946429,0.946429,1789636745447688504,1789636745448208425,-0.519662,0.519662
1306,1309,1789636745446927230,1789636745446612457,0.314773,0.314773,1789636745547378917,1789636745547886969,-0.507557,0.507557
1307,1310,1789636745546792934,1789636745547597292,-0.804358,0.804358,1789636745647673035,1789636745648190170,-0.516489,0.516489
1308,1311,1789636745646892614,1789636745646621787,0.270827,0.270827,1789636745747419623,1789636745747954860,-0.534706,0.534706
1309,1312,1789636745746888136,1789636745747585932,-0.697796,0.697796,1789636745847556027,1789636745848051180,-0.494703,0.494703
1310,1313,1789636745846476266,1789636745846738909,-0.262643,0.262643,1789636745947605293,1789636745948140900,-0.535248,0.535248
1311,1314,1789636745947805989,1789636745946723745,1.082244,1.082244,1789636746047360334,1789636746047862040,-0.501355,0.501355
1312,1315,1789636746046786342,1789636746046396320,0.390022,0.390022,1789636746147686848,1789636746148209864,-0.52267,0.52267
1313,1316,1789636746146748418,1789636746147716326,-0.967908,0.967908,1789636746247834014,1789636746248373953,-0.539401,0.539401
1314,1317,1789636746246828122,1789636746247706302,-0.87818,0.87818,1789636746347923533,1789636746348467569,-0.544268,0.544268
1315,1318,1789636746347859196,1789636746347607439,0.251757,0.251757,1789636746447399616,1789636746447935172,-0.535155,0.535155
1316,1319,1789636746447735158,1789636746446696317,1.038841,1.038841,1789636746547365071,1789636746547896965,-0.531634,0.531634
1317,1320,1789636746546433317,1789636746547557440,-1.124123,1.124123,1789636746648104441,1789636746648655257,-0.549979,0.549979
1318,1321,1789636746647798708,1789636746647540438,0.25827,0.25827,1789636746747401333,1789636746747899771,-0.498086,0.498086
1319,1322,1789636746747718771,1789636746746622839,1.095932,1.095932,1789636746847423490,1789636746847946344,-0.522551,0.522551
1320,1323,1789636746846778326,1789636746847547937,-0.769611,0.769611,1789636746948034800,1789636746948605192,-0.570178,0.570178
1321,1324,1789636746947710925,1789636746947560178,0.150747,0.150747,1789636747047656284,1789636747048225012,-0.568598,0.568598
1322,1325,1789636747046861068,1789636747047641189,-0.780121,0.780121,1789636747147636718,1789636747148198559,-0.561436,0.561436
1323,1326,1789636747146708941,1789636747147671569,-0.962628,0.962628,1789636747247766146,1789636747248288822,-0.521869,0.521869
1324,1327,1789636747247736475,1789636747247529606,0.206869,0.206869,1789636747347644923,1789636747348154811,-0.509473,0.509473
1325,1328,1789636747346766449,1789636747347545148,-0.778699,0.778699,1789636747447937070,1789636747448460658,-0.523347,0.523347
1326,1329,1789636747447785421,1789636747447590383,0.195038,0.195038,1789636747547989183,1789636747548557336,-0.567466,0.567466
1327,1330,1789636747547821150,1789636747547508424,0.312726,0.312726,1789636747647641863,1789636747648173495,-0.531172,0.531172
1328,1331,1789636747646792737,1789636747647561075,-0.768338,0.768338,1789636747747581578,1789636747748074549,-0.49241,0.49241
1329,1332,1789636747746397106,1789636747747487431,-1.090325,1.090325,1789636747847797439,1789636747848308154,-0.51022,0.51022
1330,1333,1789636747846774330,1789636747847643033,-0.868703,0.868703,1789636747947762415,1789636747948332314,-0.569741,0.569741
1331,1334,1789636747946662653,1789636747947626532,-0.963879,0.963879,1789636748047515418,1789636748048032791,-0.516968,0.516968
1332,1335,1789636748047695165,1789636748046444789,1.250376,1.250376,1789636748147670276,1789636748148170241,-0.499442,0.499442
1333,1336,1789636748146755542,1789636748147569386,-0.813844,0.813844,1789636748247825505,1789636748248344683,-0.518718,0.518718
1334,1337,1789636748246673849,1789636748246879410,-0.205561,0.205561,1789636748347837886,1789636748348343389,-0.505232,0.505232
1335,1338,1789636748346742917,1789636748347650289,-0.907372,0.907372,1789636748447790490,1789636748448291264,-0.500542,0.500542
1336,1339,1789636748446693548,1789636748447573002,-0.879454,0.879454,1789636748547414366,1789636748547931935,-0.517395,0.517395
1337,1340,1789636748546652749,1789636748547614940,-0.962191,0.962191,1789636748647673439,1789636748648229311,-0.555563,0.555563
1338,1341,1789636748646714978,1789636748646752774,-0.037796,0.037796,1789636748747920991,1789636748748486427,-0.564833,0.564833
1339,1342,1789636748747681149,1789636748747482962,0.198187,0.198187,1789636748847624299,1789636748848163862,-0.539425,0.539425
1340,1343,1789636748846684237,1789636748847484227,-0.79999,0.79999,1789636748948078890,1789636748948601720,-0.522516,0.522516
1341,1344,1789636748947742258,1789636748947448101,0.294157,0.294157,1789636749047628297,1789636749048166458,-0.53772,0.53772
1342,1345,1789636749046682888,1789636749047570448,-0.88756,0.88756,1789636749147796940,1789636749148319950,-0.522525,0.522525
1343,1346,1789636749146665093,1789636749147515268,-0.850175,0.850175,1789636749247769241,1789636749248332524,-0.562738,0.562738
1344,1347,1789636749247698644,1789636749246706591,0.992053,0.992053,1789636749347626795,1789636749348125856,-0.498752,0.498752
1345,1348,1789636749346867461,1789636749347423888,-0.556427,0.556427,1789636749447441205,1789636749447937884,-0.49643,0.49643
1346,1349,1789636749446628307,1789636749447536839,-0.908532,0.908532,1789636749547983307,1789636749548547618,-0.563706,0.563706
1347,1350,1789636749547667357,1789636749547583587,0.08377,0.08377,1789636749648559316,1789636749649101220,-0.541538,0.541538
1348,1351,1789636749647609359,1789636749647636927,-0.027568,0.027568,1789636749747545904,1789636749748072877,-0.526589,0.526589
1349,1352,1789636749746638682,1789636749747451478,-0.812796,0.812796,1789636749848559893,1789636749849076938,-0.516744,0.516744
1350,1353,1789636749847635089,1789636749847720682,-0.085593,0.085593,1789636749947685380,1789636749948220925,-0.535487,0.535487
1351,1354,1789636749946805784,1789636749947453617,-0.647833,0.647833,1789636750047573088,1789636750048126477,-0.553012,0.553012
1352,1355,1789636750046847103,1789636750046498482,0.348621,0.348621,1789636750147615952,1789636750148103779,-0.487791,0.487791
1353,1356,1789636750146833385,1789636750146631849,0.201536,0.201536,1789636750247574291,1789636750248079790,-0.505403,0.505403
1354,1357,1789636750246795073,1789636750246588639,0.206434,0.206434,1789636750347743229,1789636750348252475,-0.508836,0.508836
1355,1358,1789636750346585316,1789636750346698680,-0.113364,0.113364,1789636750448068317,1789636750448607287,-0.538639,0.538639
1356,1359,1789636750446607142,1789636750446782939,-0.175797,0.175797,1789636750548106760,1789636750548688779,-0.58235,0.58235
1357,1360,1789636750546687661,1789636750547572004,-0.884343,0.884343,1789636750647339479,1789636750647836985,-0.497211,0.497211
1358,1361,1789636750646540431,1789636750647440119,-0.899688,0.899688,1789636750747711729,1789636750748247202,-0.535175,0.535175
1359,1362,1789636750746815221,1789636750747438252,-0.623031,0.623031,1789636750847786341,1789636750848331704,-0.545234,0.545234
1360,1363,1789636750847590272,1789636750847374136,0.216136,0.216136,1789636750947484088,1789636750948040299,-0.555499,0.555499
1361,1364,1789636750947638080,1789636750947517328,0.120752,0.120752,1789636751047671647,1789636751048186658,-0.514717,0.514717
1362,1365,1789636751046778535,1789636751047383207,-0.604672,0.604672,1789636751147604470,1789636751148106579,-0.502,0.502
1363,1366,1789636751147677542,1789636751147381198,0.296344,0.296344,1789636751247511592,1789636751248030674,-0.51877,0.51877
1364,1367,1789636751247565834,1789636751247546145,0.019689,0.019689,1789636751347675856,1789636751348197225,-0.520901,0.520901
1365,1368,1789636751346765040,1789636751347457547,-0.692507,0.692507,1789636751447759430,1789636751448284948,-0.524898,0.524898
1366,1369,1789636751447647305,1789636751447352430,0.294875,0.294875,1789636751547431446,1789636751547940758,-0.508451,0.508451
1367,1370,1789636751546511494,1789636751547373646,-0.862152,0.862152,1789636751647802312,1789636751648329081,-0.52594,0.52594
1368,1371,1789636751646753142,1789636751646552141,0.201001,0.201001,1789636751747351290,1789636751747911602,-0.559969,0.559969
1369,1372,1789636751746586087,1789636751747477315,-0.891228,0.891228,1789636751847535263,1789636751848070166,-0.534744,0.534744
1370,1373,1789636751846632019,1789636751847324168,-0.692149,0.692149,1789636751947546239,1789636751948113779,-0.566895,0.566895
1371,1374,1789636751946574197,1789636751947513827,-0.93963,0.93963,1789636752047532896,1789636752048073716,-0.540579,0.540579
1372,1375,1789636752046616719,1789636752047506772,-0.890053,0.890053,1789636752147428090,1789636752147937925,-0.509221,0.509221
1373,1376,1789636752146501116,1789636752147452673,-0.951557,0.951557,1789636752247823574,1789636752248384872,-0.560671,0.560671
1374,1377,1789636752247650389,1789636752247447939,0.20245,0.20245,1789636752347392494,1789636752347907877,-0.514916,0.514916
1375,1378,1789636752346532990,1789636752347407762,-0.874772,0.874772,1789636752447724404,1789636752448259784,-0.53508,0.53508
1376,1379,1789636752446573256,1789636752447353123,-0.779867,0.779867,1789636752547671165,1789636752548399944,-0.728497,0.728497
1377,1380,1789636752547549301,1789636752547302917,0.246384,0.246384,1789636752647671859,1789636752648334988,-0.662895,0.662895
1378,1381,1789636752646657415,1789636752647415254,-0.757839,0.757839,1789636752747740012,1789636752748251865,-0.511602,0.511602
1379,1382,1789636752746765459,1789636752747471017,-0.705558,0.705558,1789636752847726851,1789636752848276916,-0.549519,0.549519
1380,1383,1789636752847653285,1789636752847396562,0.256723,0.256723,1789636752947414092,1789636752947970117,-0.555497,0.555497
1381,1384,1789636752946560114,1789636752947420938,-0.860824,0.860824,1789636753047951608,1789636753048483573,-0.531321,0.531321
1382,1385,1789636753047497811,1789636753047366992,0.130819,0.130819,1789636753147453708,1789636753147986308,-0.53255,0.53255
1383,1386,1789636753147613467,1789636753147480435,0.133032,0.133032,1789636753247606257,1789636753248134758,-0.528178,0.528178
1384,1387,1789636753246587175,1789636753247370558,-0.783383,0.783383,1789636753347536142,1789636753348052737,-0.516244,0.516244
1385,1388,1789636753346661965,1789636753347304491,-0.642526,0.642526,1789636753447743073,1789636753448252262,-0.508978,0.508978
1386,1389,1789636753447556638,1789636753447294442,0.262196,0.262196,1789636753547486972,1789636753548002136,-0.515096,0.515096
1387,1390,1789636753546749818,1789636753547359082,-0.609264,0.609264,1789636753647727759,1789636753648258286,-0.530166,0.530166
1388,1391,1789636753646739787,1789636753647313042,-0.573255,0.573255,1789636753747548129,1789636753748057999,-0.509691,0.509691
1389,1392,1789636753747550523,1789636753747267079,0.283444,0.283444,1789636753847595315,1789636753848119082,-0.523527,0.523527
1390,1393,1789636753847503544,1789636753847349922,0.153622,0.153622,1789636753947705916,1789636753948248311,-0.54215,0.54215
1391,1394,1789636753947612086,1789636753947304106,0.30798,0.30798,1789636754047580189,1789636754048092369,-0.511352,0.511352
1392,1395,1789636754047503740,1789636754047409974,0.093766,0.093766,1789636754147825015,1789636754148360963,-0.535389,0.535389
1393,1396,1789636754147525723,1789636754147273614,0.252109,0.252109,1789636754247421253,1789636754247943575,-0.521673,0.521673
1394,1397,1789636754247466378,1789636754247387834,0.078544,0.078544,1789636754347766573,1789636754348289854,-0.52285,0.52285
1395,1398,1789636754347528044,1789636754347386194,0.14185,0.14185,1789636754447465202,1789636754447969109,-0.503678,0.503678
1396,1399,1789636754447435026,1789636754447266699,0.168327,0.168327,1789636754547463008,1789636754547972711,-0.50943,0.50943
1397,1400,1789636754546481825,1789636754547423541,-0.941716,0.941716,1789636754647680356,1789636754648171583,-0.491099,0.491099
1398,1401,1789636754647490287,1789636754647229776,0.260511,0.260511,1789636754748329737,1789636754748844000,-0.513774,0.513774
1399,1402,1789636754747461086,1789636754747525737,-0.064651,0.064651,1789636754847681111,1789636754848216586,-0.534961,0.534961
1400,1403,1789636754846447646,1789636754847340445,-0.892799,0.892799,1789636754947565164,1789636754948109789,-0.544228,0.544228
1401,1404,1789636754947509771,1789636754947372485,0.137286,0.137286,1789636755047405339,1789636755047914717,-0.509069,0.509069
1402,1405,1789636755047408574,1789636755046477971,0.930603,0.930603,1789636755147450528,1789636755147945879,-0.495209,0.495209
1403,1406,1789636755146544465,1789636755147352012,-0.807547,0.807547,1789636755247679886,1789636755248181051,-0.501045,0.501045
1404,1407,1789636755246605314,1789636755247367468,-0.762154,0.762154,1789636755348280040,1789636755348804813,-0.524536,0.524536
1405,1408,1789636755347414573,1789636755347487950,-0.073377,0.073377,1789636755447564379,1789636755448080855,-0.51613,0.51613
1406,1409,1789636755446436849,1789636755447379445,-0.942596,0.942596,1789636755548453187,1789636755548960236,-0.506738,0.506738
1407,1410,1789636755547432094,1789636755547575924,-0.14383,0.14383,1789636755647747725,1789636755648263312,-0.515051,0.515051
1408,1411,1789636755647572672,1789636755647257685,0.314987,0.314987,1789636755747524678,1789636755748041275,-0.515978,0.515978
1409,1412,1789636755747444629,1789636755747294673,0.149956,0.149956,1789636755847752911,1789636755848284494,-0.531174,0.531174
1410,1413,1789636755847506588,1789636755847303970,0.202618,0.202618,1789636755947387065,1789636755947970084,-0.582699,0.582699
1411,1414,1789636755946474624,1789636755947357428,-0.882804,0.882804,1789636756047662052,1789636756048187684,-0.524897,0.524897
1412,1415,1789636756047450984,1789636756047230438,0.220546,0.220546,1789636756147607955,1789636756148119578,-0.511424,0.511424
1413,1416,1789636756147509526,1789636756147267624,0.241902,0.241902,1789636756247450211,1789636756247993428,-0.542538,0.542538
1414,1417,1789636756247418969,1789636756247261308,0.157661,0.157661,1789636756347666373,1789636756348294437,-0.627293,0.627293
1415,1418,1789636756347505122,1789636756347146392,0.35873,0.35873,1789636756448253330,1789636756448759743,-0.505835,0.505835
1416,1419,1789636756447385318,1789636756447508702,-0.123384,0.123384,1789636756547687459,1789636756548218483,-0.530559,0.530559
1417,1420,1789636756547385808,1789636756547269601,0.116207,0.116207,1789636756648189763,1789636756648700493,-0.510412,0.510412
1418,1421,1789636756647343204,1789636756647397996,-0.054792,0.054792,1789636756747687721,1789636756748234473,-0.546308,0.546308
1419,1422,1789636756747411558,1789636756747193588,0.21797,0.21797,1789636756848357759,1789636756849074572,-0.71647,0.71647
1420,1423,1789636756847360356,1789636756847390845,-0.030489,0.030489,1789636756947712124,1789636756948317826,-0.605423,0.605423
1421,1424,1789636756947430235,1789636756947176111,0.254124,0.254124,1789636757047404456,1789636757047960073,-0.554913,0.554913
1422,1425,1789636757047444596,1789636757047227824,0.216772,0.216772,1789636757147599974,1789636757148149490,-0.549031,0.549031
1423,1426,1789636757147473944,1789636757147303482,0.170462,0.170462,1789636757247536512,1789636757248061529,-0.524761,0.524761
1424,1427,1789636757247514509,1789636757247294116,0.220393,0.220393,1789636757347612468,1789636757348129742,-0.516988,0.516988
1425,1428,1789636757347512202,1789636757347126122,0.38608,0.38608,1789636757448256410,1789636757448780647,-0.523547,0.523547
1426,1429,1789636757447322912,1789636757447456550,-0.133638,0.133638,1789636757548475240,1789636757549021717,-0.54598,0.54598
1427,1430,1789636757547399043,1789636757547357237,0.041806,0.041806,1789636757648109784,1789636757648670386,-0.56039,0.56039
1428,1431,1789636757647305816,1789636757647335731,-0.029915,0.029915,1789636757747556935,1789636757748138572,-0.581096,0.581096
1429,1432,1789636757747457545,1789636757747199204,0.258341,0.258341,1789636757848253498,1789636757848776565,-0.522711,0.522711
1430,1433,1789636757847346310,1789636757847416415,-0.070105,0.070105,1789636757947742651,1789636757948329259,-0.586022,0.586022
1431,1434,1789636757947468278,1789636757947090602,0.377676,0.377676,1789636758048270775,1789636758048842291,-0.571382,0.571382
1432,1435,1789636758047360968,1789636758047486388,-0.12542,0.12542,1789636758148269843,1789636758148826461,-0.556312,0.556312
1433,1436,1789636758147334064,1789636758147353740,-0.019676,0.019676,1789636758247561314,1789636758248121278,-0.559321,0.559321
1434,1437,1789636758247393955,1789636758247270598,0.123357,0.123357,1789636758348066383,1789636758348597296,-0.530558,0.530558
1435,1438,1789636758347341224,1789636758347319991,0.021233,0.021233,1789636758447465240,1789636758447984624,-0.518571,0.518571
1436,1439,1789636758447406195,1789636758447088613,0.317582,0.317582,1789636758548247550,1789636758548760225,-0.512443,0.512443
1437,1440,1789636758547415766,1789636758547475051,-0.059285,0.059285,1789636758648234884,1789636758648745009,-0.509889,0.509889
1438,1441,1789636758647324584,1789636758647363615,-0.039031,0.039031,1789636758748174865,1789636758748674410,-0.499068,0.499068
1439,1442,1789636758747444163,1789636758747356416,0.087747,0.087747,1789636758848207221,1789636758848738098,-0.530379,0.530379
1440,1443,1789636758847341747,1789636758847401551,-0.059804,0.059804,1789636758947781561,1789636758948315051,-0.532958,0.532958
1441,1444,1789636758947403993,1789636758947065487,0.338506,0.338506,1789636759047367898,1789636759047924428,-0.555975,0.555975
1442,1445,1789636759047370277,1789636759047244566,0.125711,0.125711,1789636759148319552,1789636759148840930,-0.520915,0.520915
1443,1446,1789636759147330386,1789636759147365763,-0.035377,0.035377,1789636759247760658,1789636759248298888,-0.538027,0.538027
1444,1447,1789636759247374351,1789636759247112986,0.261365,0.261365,1789636759347388805,1789636759347918231,-0.529044,0.529044
1445,1448,1789636759347324259,1789636759347113642,0.210617,0.210617,1789636759448040514,1789636759448555784,-0.514756,0.514756
1446,1449,1789636759447294109,1789636759447268543,0.025566,0.025566,1789636759548347051,1789636759548873801,-0.526253,0.526253
1447,1450,1789636759547362286,1789636759547341166,0.02112,0.02112,1789636759648203693,1789636759648742898,-0.539068,0.539068
1448,1451,1789636759647288270,1789636759647309760,-0.02149,0.02149,1789636759748058177,1789636759748581553,-0.523225,0.523225
1449,1452,1789636759747286784,1789636759747308082,-0.021298,0.021298,1789636759848210761,1789636759848797450,-0.586652,0.586652
1450,1453,1789636759847306524,1789636759847334882,-0.028358,0.028358,1789636759948133671,1789636759948714301,-0.580142,0.580142
1451,1454,1789636759947276371,1789636759947242328,0.034043,0.034043,1789636760047581807,1789636760048097641,-0.515692,0.515692
1452,1455,1789636760047290444,1789636760047066821,0.223623,0.223623,1789636760148050095,1789636760148573486,-0.522779,0.522779
1453,1456,1789636760147347276,1789636760147325979,0.021297,0.021297,1789636760247521737,1789636760248065595,-0.543179,0.543179
1454,1457,1789636760247252093,1789636760247196953,0.05514,0.05514,1789636760348140991,1789636760348685036,-0.543516,0.543516
1455,1458,1789636760347397056,1789636760347281553,0.115503,0.115503,1789636760448174880,1789636760448692222,-0.516739,0.516739
1456,1459,1789636760447293829,1789636760447250019,0.04381,0.04381,1789636760547990610,1789636760548522658,-0.53163,0.53163
1457,1460,1789636760547224705,1789636760547317473,-0.092768,0.092768,1789636760648358722,1789636760648879247,-0.520149,0.520149
1458,1461,1789636760647296249,1789636760647392150,-0.095901,0.095901,1789636760747911571,1789636760748404587,-0.492894,0.492894
1459,1462,1789636760747261957,1789636760747240242,0.021715,0.021715,1789636760847967351,1789636760848471379,-0.503499,0.503499
1460,1463,1789636760847227213,1789636760847205831,0.021382,0.021382,1789636760948136574,1789636760948681296,-0.544214,0.544214
1461,1464,1789636760947304548,1789636760947251167,0.053381,0.053381,1789636761048143919,1789636761048678941,-0.534865,0.534865
1462,1465,1789636761047288966,1789636761047381696,-0.09273,0.09273,1789636761148260386,1789636761148782197,-0.521654,0.521654
1463,1466,1789636761147204730,1789636761147303947,-0.099217,0.099217,1789636761248184066,1789636761248695670,-0.510779,0.510779
1464,1467,1789636761247303105,1789636761247325062,-0.021957,0.021957,1789636761348057650,1789636761348552401,-0.494419,0.494419
1465,1468,1789636761347264857,1789636761347307674,-0.042817,0.042817,1789636761447724773,1789636761448254882,-0.529508,0.529508
1466,1469,1789636761447295321,1789636761446959699,0.335622,0.335622,1789636761548059071,1789636761548592156,-0.532782,0.532782
1467,1470,1789636761547269710,1789636761547336274,-0.066564,0.066564,1789636761648152600,1789636761648685049,-0.532313,0.532313
1468,1471,1789636761647202664,1789636761647223976,-0.021312,0.021312,1789636761747583795,1789636761748087630,-0.50343,0.50343
1469,1472,1789636761747333053,1789636761746963196,0.369857,0.369857,1789636761848089411,1789636761848615153,-0.52512,0.52512
1470,1473,1789636761847258404,1789636761847220569,0.037835,0.037835,1789636761947590805,1789636761948115267,-0.524252,0.524252
1471,1474,1789636761946617292,1789636761947028565,-0.411273,0.411273,1789636762047367527,1789636762047884008,-0.516203,0.516203
1472,1475,1789636762046615220,1789636762046944111,-0.328891,0.328891,1789636762147667561,1789636762148170254,-0.502104,0.502104
1473,1476,1789636762146770663,1789636762147021682,-0.251019,0.251019,1789636762247360128,1789636762247840535,-0.479929,0.479929
1474,1477,1789636762246617985,1789636762247066077,-0.448092,0.448092,1789636762347747726,1789636762348274340,-0.526467,0.526467
1475,1478,1789636762347308437,1789636762347081286,0.227151,0.227151,1789636762447650603,1789636762448181488,-0.530436,0.530436
1476,1479,1789636762446742360,1789636762447079081,-0.336721,0.336721,1789636762547568820,1789636762548088814,-0.519216,0.519216
1477,1480,1789636762547318011,1789636762547026477,0.291534,0.291534,1789636762647947526,1789636762648482173,-0.534246,0.534246
1478,1482,1789636762747249014,1789636762746958964,0.29005,0.29005,1789636762847513093,1789636762848100215,-0.586457,0.586457
1479,1483,1789636762847267971,1789636762847063930,0.204041,0.204041,1789636762948136904,1789636762948700606,-0.563272,0.563272
1480,1484,1789636762947138280,1789636762947197241,-0.058961,0.058961,1789636763048057229,1789636763048565232,-0.507945,0.507945
1481,1485,1789636763047182931,1789636763047149872,0.033059,0.033059,1789636763148211030,1789636763148713447,-0.502114,0.502114
1482,1486,1789636763147200965,1789636763147293210,-0.092245,0.092245,1789636763248150513,1789636763248663085,-0.512118,0.512118
1483,1487,1789636763247140570,1789636763247248027,-0.107457,0.107457,1789636763347528082,1789636763348026933,-0.49861,0.49861
1484,1488,1789636763347279224,1789636763346928784,0.35044,0.35044,1789636763447918886,1789636763448463361,-0.544024,0.544024
1485,1489,1789636763447108127,1789636763447189691,-0.081564,0.081564,1789636763548211143,1789636763548747073,-0.535469,0.535469
1486,1490,1789636763547209184,1789636763547147596,0.061588,0.061588,1789636763647881200,1789636763648390986,-0.509611,0.509611
1487,1491,1789636763647151055,1789636763647129431,0.021624,0.021624,1789636763748074581,1789636763748579944,-0.505047,0.505047
1488,1492,1789636763747206485,1789636763747178829,0.027656,0.027656,1789636763848105537,1789636763848623584,-0.517836,0.517836
1489,1493,1789636763847252017,1789636763847195635,0.056382,0.056382,1789636763948035632,1789636763948583198,-0.547034,0.547034
1490,1494,1789636763947183451,1789636763947273276,-0.089825,0.089825,1789636764048084832,1789636764048625160,-0.539685,0.539685
1491,1495,1789636764047136631,1789636764047158505,-0.021874,0.021874,1789636764147828568,1789636764148335570,-0.50674,0.50674
1492,1496,1789636764147107817,1789636764147087276,0.020541,0.020541,1789636764248057781,1789636764248568732,-0.510675,0.510675
1493,1497,1789636764247148493,1789636764247190687,-0.042194,0.042194,1789636764347981877,1789636764348516932,-0.534674,0.534674
1494,1498,1789636764347121920,1789636764347100737,0.021183,0.021183,1789636764447966344,1789636764448483456,-0.516553,0.516553
1495,1499,1789636764447193944,1789636764447074542,0.119402,0.119402,1789636764548010453,1789636764548557521,-0.546329,0.546329
1496,1500,1789636764547179349,1789636764547254142,-0.074793,0.074793,1789636764647945597,1789636764648505877,-0.559589,0.559589
1497,1501,1789636764647114407,1789636764647094469,0.019938,0.019938,1789636764748016952,1789636764748556643,-0.539008,0.539008
1498,1502,1789636764747219839,1789636764747136554,0.083285,0.083285,1789636764847968639,1789636764848507058,-0.537939,0.537939
1499,1503,1789636764847095467,1789636764847223576,-0.128109,0.128109,1789636764948062836,1789636764948655710,-0.592688,0.592688
1500,1504,1789636764947047940,1789636764947148847,-0.100907,0.100907,1789636765047979042,1789636765048521791,-0.542072,0.542072
1501,1505,1789636765047149877,1789636765047171192,-0.021315,0.021315,1789636765147969304,1789636765148505772,-0.536094,0.536094
1502,1506,1789636765147073419,1789636765147109435,-0.036016,0.036016,1789636765248129208,1789636765248703376,-0.573257,0.573257
1503,1507,1789636765247227441,1789636765247205440,0.022001,0.022001,1789636765348030603,1789636765348566876,-0.535982,0.535982
1504,1508,1789636765347074041,1789636765347040591,0.03345,0.03345,1789636765447965233,1789636765448517228,-0.55174,0.55174
1505,1509,1789636765447050138,1789636765447140585,-0.090447,0.090447,1789636765548233707,1789636765548772322,-0.538133,0.538133
1506,1510,1789636765547084576,1789636765547167606,-0.08303,0.08303,1789636765647839876,1789636765648400424,-0.559938,0.559938
1507,1511,1789636765647111575,1789636765647047038,0.064537,0.064537,1789636765748053847,1789636765748602327,-0.547706,0.547706
1508,1512,1789636765747181575,1789636765747119501,0.062074,0.062074,1789636765847986656,1789636765848509532,-0.522653,0.522653
1509,1513,1789636765847103532,1789636765847082865,0.020667,0.020667,1789636765947871741,1789636765948429982,-0.557712,0.557712
1510,1514,1789636765947042935,1789636765947137717,-0.094782,0.094782,1789636766048011736,1789636766048555555,-0.542909,0.542909
1511,1515,1789636766046999170,1789636766047087983,-0.088813,0.088813,1789636766148019717,1789636766148551891,-0.531856,0.531856
1512,1516,1789636766147024472,1789636766147106528,-0.082056,0.082056,1789636766248147773,1789636766248693208,-0.544851,0.544851
1513,1517,1789636766247184675,1789636766247155656,0.029019,0.029019,1789636766347902214,1789636766348430501,-0.527495,0.527495
1514,1518,1789636766347061190,1789636766347141292,-0.080102,0.080102,1789636766447739284,1789636766448270477,-0.530628,0.530628
1515,1519,1789636766447032046,1789636766447008385,0.023661,0.023661,1789636766548009147,1789636766548615050,-0.60574,0.60574
1516,1520,1789636766547108261,1789636766547142037,-0.033776,0.033776,1789636766648059474,1789636766648576463,-0.51217,0.51217
1517,1521,1789636766647073511,1789636766647143006,-0.069495,0.069495,1789636766748009279,1789636766748558653,-0.548785,0.548785
1518,1522,1789636766746990395,1789636766747063717,-0.073322,0.073322,1789636766848068239,1789636766848600154,-0.531406,0.531406
1519,1523,1789636766847170190,1789636766847154174,0.016016,0.016016,1789636766947729057,1789636766948264542,-0.535253,0.535253
1520,1524,1789636766947027831,1789636766946997388,0.030443,0.030443,1789636767047832782,1789636767048342051,-0.508844,0.508844
1521,1525,1789636767046973334,1789636767047086426,-0.113092,0.113092,1789636767148110680,1789636767148651774,-0.540668,0.540668
1522,1526,1789636767147058891,1789636767147037874,0.021017,0.021017,1789636767247833317,1789636767248412938,-0.579504,0.579504
1523,1527,1789636767247029379,1789636767247061007,-0.031628,0.031628,1789636767347993211,1789636767348493335,-0.499908,0.499908
1524,1528,1789636767347061066,1789636767347093242,-0.032176,0.032176,1789636767447982642,1789636767448513172,-0.530293,0.530293
1525,1529,1789636767447059751,1789636767447032814,0.026937,0.026937,1789636767547899114,1789636767548408586,-0.509049,0.509049
1526,1530,1789636767546962478,1789636767547105989,-0.143511,0.143511,1789636767648143687,1789636767648689732,-0.54574,0.54574
1527,1531,1789636767647063664,1789636767647041778,0.021886,0.021886,1789636767747856369,1789636767748355664,-0.498855,0.498855
1528,1532,1789636767747013657,1789636767747070464,-0.056807,0.056807,1789636767847880485,1789636767848439864,-0.558673,0.558673
1529,1533,1789636767847075685,1789636767846944435,0.13125,0.13125,1789636767947724092,1789636767948267715,-0.543181,0.543181
1530,1534,1789636767947053969,1789636767947032546,0.021423,0.021423,1789636768047918769,1789636768048422670,-0.503535,0.503535
1531,1535,1789636768047118742,1789636768046940429,0.178313,0.178313,1789636768147924568,1789636768148437522,-0.512482,0.512482
1532,1536,1789636768147074487,1789636768147113029,-0.038542,0.038542,1789636768248002804,1789636768248515778,-0.512602,0.512602
1533,1537,1789636768246936451,1789636768247010696,-0.074245,0.074245,1789636768347938659,1789636768348499900,-0.561004,0.561004
1534,1538,1789636768347110554,1789636768346977205,0.133349,0.133349,1789636768447778667,1789636768448269879,-0.490862,0.490862
1535,1539,1789636768446973903,1789636768447008885,-0.034982,0.034982,1789636768547796245,1789636768548317829,-0.521247,0.521247
1536,1540,1789636768546925889,1789636768547011301,-0.085412,0.085412,1789636768647961452,1789636768648448137,-0.48646,0.48646
1537,1541,1789636768647076315,1789636768646939187,0.137128,0.137128,1789636768747743639,1789636768748289959,-0.545788,0.545788
1538,1542,1789636768746987561,1789636768746961728,0.025833,0.025833,1789636768848023250,1789636768848543566,-0.519847,0.519847
1539,1543,1789636768847041533,1789636768847105223,-0.06369,0.06369,1789636768947897013,1789636768948439990,-0.542815,0.542815
1540,1544,1789636768946971393,1789636768946950007,0.021386,0.021386,1789636769047686119,1789636769048236079,-0.549322,0.549322
1541,1545,1789636769046928961,1789636769046897266,0.031695,0.031695,1789636769147802853,1789636769148365705,-0.562278,0.562278
1542,1546,1789636769147082395,1789636769146915451,0.166944,0.166944,1789636769247820233,1789636769248372902,-0.552417,0.552417
1543,1547,1789636769246980626,1789636769247001907,-0.021281,0.021281,1789636769347967275,1789636769348534224,-0.566516,0.566516
1544,1548,1789636769346936088,1789636769347024424,-0.088336,0.088336,1789636769448141594,1789636769448657171,-0.515299,0.515299
1545,1549,1789636769447036827,1789636769447015556,0.021271,0.021271,1789636769547850227,1789636769548365242,-0.514493,0.514493
1546,1550,1789636769546921758,1789636769547039904,-0.118146,0.118146,1789636769647964479,1789636769648487000,-0.522269,0.522269
1547,1551,1789636769646884535,1789636769647027873,-0.143338,0.143338,1789636769747808008,1789636769748335566,-0.527024,0.527024
1548,1552,1789636769746988082,1789636769746863240,0.124842,0.124842,1789636769847712082,1789636769848234721,-0.522127,0.522127
1549,1553,1789636769846864452,1789636769846916889,-0.052437,0.052437,1789636769947953426,1789636769948512956,-0.558982,0.558982
1550,1554,1789636769946994939,1789636769946913462,0.081477,0.081477,1789636770047835268,1789636770048331176,-0.495649,0.495649
1551,1555,1789636770046929846,1789636770046908375,0.021471,0.021471,1789636770147742354,1789636770148244590,-0.501708,0.501708
1552,1556,1789636770146895186,1789636770146962562,-0.067376,0.067376,1789636770247828417,1789636770248410759,-0.581975,0.581975
1553,1557,1789636770246966193,1789636770246848767,0.117426,0.117426,1789636770347848361,1789636770348377690,-0.528715,0.528715
1554,1558,1789636770346866622,1789636770346887858,-0.021236,0.021236,1789636770447789517,1789636770448334959,-0.545111,0.545111
1555,1559,1789636770446860760,1789636770446948238,-0.087478,0.087478,1789636770548284193,1789636770549014370,-0.729527,0.729527
1556,1560,1789636770546989564,1789636770546967822,0.021742,0.021742,1789636770647667996,1789636770648158488,-0.490033,0.490033
1557,1561,1789636770647036055,1789636770646844911,0.191144,0.191144,1789636770747640801,1789636770748167694,-0.52643,0.52643
1558,1562,1789636770746861007,1789636770746894406,-0.033399,0.033399,1789636770847881858,1789636770848390984,-0.509022,0.509022
1559,1563,1789636770847016660,1789636770846826251,0.190409,0.190409,1789636770947634315,1789636770948176927,-0.542232,0.542232
1560,1564,1789636770946874786,1789636770946896118,-0.021332,0.021332,1789636771047818266,1789636771048357731,-0.539383,0.539383
1561,1565,1789636771046822540,1789636771046888304,-0.065764,0.065764,1789636771147767714,1789636771148349602,-0.581224,0.581224
1562,1566,1789636771146997230,1789636771146848640,0.14859,0.14859,1789636771247760422,1789636771248274160,-0.51335,0.51335
1563,1567,1789636771246840175,1789636771246957057,-0.116882,0.116882,1789636771347979597,1789636771348752266,-0.772595,0.772595
1564,1568,1789636771346960121,1789636771346893683,0.066438,0.066438,1789636771447814391,1789636771448315654,-0.500945,0.500945
1565,1569,1789636771446917966,1789636771446958790,-0.040824,0.040824,1789636771547860254,1789636771548353900,-0.493557,0.493557
1566,1570,1789636771546901369,1789636771546975057,-0.073688,0.073688,1789636771647708675,1789636771648241073,-0.532144,0.532144
1567,1571,1789636771646974690,1789636771646832718,0.141972,0.141972,1789636771747777216,1789636771748310097,-0.532116,0.532116
1568,1572,1789636771746959482,1789636771746900883,0.058599,0.058599,1789636771847766922,1789636771848274575,-0.506915,0.506915
1569,1573,1789636771846884690,1789636771846833685,0.051005,0.051005,1789636771947772799,1789636771948278751,-0.505469,0.505469
1570,1574,1789636771946844737,1789636771946873724,-0.028987,0.028987,1789636772047699841,1789636772048195943,-0.495744,0.495744
1571,1575,1789636772046840306,1789636772046956314,-0.116008,0.116008,1789636772147780701,1789636772148290125,-0.508806,0.508806
1572,1576,1789636772146927567,1789636772146663887,0.26368,0.26368,1789636772247681891,1789636772248194504,-0.512259,0.512259
1573,1577,1789636772246810708,1789636772246832361,-0.021653,0.021653,1789636772347736505,1789636772348284333,-0.547381,0.547381
1574,1578,1789636772346899460,1789636772346795385,0.104075,0.104075,1789636772447702422,1789636772448258518,-0.555916,0.555916
1575,1579,1789636772446705520,1789636772446683931,0.021589,0.021589,1789636772547577051,1789636772548097903,-0.51994,0.51994
1576,1580,1789636772546828938,1789636772546776466,0.052472,0.052472,1789636772647927985,1789636772648463226,-0.535001,0.535001
1577,1581,1789636772646944661,1789636772646922719,0.021942,0.021942,1789636772747774391,1789636772748283908,-0.509486,0.509486
1578,1582,1789636772746847792,1789636772746869102,-0.02131,0.02131,1789636772847727695,1789636772848231636,-0.503809,0.503809
1579,1583,1789636772846853141,1789636772846874128,-0.020987,0.020987,1789636772947681796,1789636772948193740,-0.511591,0.511591
1580,1584,1789636772946928089,1789636772946948739,-0.02065,0.02065,1789636773047821538,1789636773048330573,-0.508415,0.508415
1581,1585,1789636773046796115,1789636773046940175,-0.14406,0.14406,1789636773147725347,1789636773148214797,-0.489054,0.489054
1582,1586,1789636773146762860,1789636773146804807,-0.041947,0.041947,1789636773247729678,1789636773248253775,-0.524047,0.524047
1583,1587,1789636773246765881,1789636773246901584,-0.135703,0.135703,1789636773347901636,1789636773348421775,-0.519841,0.519841
1584,1588,1789636773346867211,1789636773346888657,-0.021446,0.021446,1789636773447580948,1789636773448146842,-0.565424,0.565424
1585,1589,1789636773446901209,1789636773446820196,0.081013,0.081013,1789636773547645087,1789636773548177470,-0.532143,0.532143
1586,1590,1789636773546776161,1789636773546927857,-0.151696,0.151696,1789636773647786478,1789636773648287592,-0.500786,0.500786
1587,1591,1789636773646734189,1789636773646818466,-0.084277,0.084277,1789636773747657324,1789636773748168332,-0.510846,0.510846
1588,1592,1789636773746894653,1789636773746784831,0.109822,0.109822,1789636773847698680,1789636773848236915,-0.537559,0.537559
1589,1593,1789636773846745907,1789636773846848425,-0.102518,0.102518,1789636773947769577,1789636773948295837,-0.526186,0.526186
1590,1594,1789636773946766910,1789636773946829436,-0.062526,0.062526,1789636774047665556,1789636774048189862,-0.524194,0.524194
1591,1595,1789636774046847896,1789636774046765586,0.08231,0.08231,1789636774147646296,1789636774148229264,-0.58254,0.58254
1592,1596,1789636774146805533,1789636774146827030,-0.021497,0.021497,1789636774247913834,1789636774248444748,-0.530744,0.530744
1593,1597,1789636774246899166,1789636774246846504,0.052662,0.052662,1789636774347476767,1789636774347986310,-0.50932,0.50932
1594,1598,1789636774346730859,1789636774346709297,0.021562,0.021562,1789636774447710195,1789636774448234660,-0.524164,0.524164
1595,1599,1789636774446733507,1789636774446755118,-0.021611,0.021611,1789636774547823826,1789636774548328308,-0.503775,0.503775
1596,1600,1789636774546887563,1789636774546690786,0.196777,0.196777,1789636774647583709,1789636774648093221,-0.508971,0.508971
1597,1601,1789636774646780997,1789636774646849629,-0.068632,0.068632,1789636774747741724,1789636774748272193,-0.529939,0.529939
1598,1602,1789636774746746422,1789636774746775152,-0.02873,0.02873,1789636774847916180,1789636774848620434,-0.704052,0.704052
1599,1603,1789636774846877855,1789636774846705409,0.172446,0.172446,1789636774947462391,1789636774948050845,-0.587966,0.587966
1600,1604,1789636774946749854,1789636774946705699,0.044155,0.044155,1789636775047577478,1789636775048086345,-0.508535,0.508535
1601,1605,1789636775046737980,1789636775046813877,-0.075897,0.075897,1789636775147826330,1789636775148351544,-0.524834,0.524834
1602,1606,1789636775146829362,1789636775146807734,0.021628,0.021628,1789636775247521965,1789636775248033221,-0.510793,0.510793
1603,1607,1789636775246726737,1789636775246683191,0.043546,0.043546,1789636775347467874,1789636775347982394,-0.514348,0.514348
1604,1608,1789636775346670406,1789636775346691264,-0.020858,0.020858,1789636775447885565,1789636775448374627,-0.488728,0.488728
1605,1609,1789636775446735624,1789636775446838450,-0.102826,0.102826,1789636775547754763,1789636775548285885,-0.530587,0.530587
1606,1610,1789636775546695399,1789636775546821304,-0.125905,0.125905,1789636775647689259,1789636775648232289,-0.542586,0.542586
1607,1611,1789636775646838227,1789636775646816856,0.021371,0.021371,1789636775747489945,1789636775747980307,-0.49006,0.49006
1608,1612,1789636775746715105,1789636775746692767,0.022338,0.022338,1789636775847683803,1789636775848245443,-0.561224,0.561224
1609,1613,1789636775846692704,1789636775846829306,-0.136602,0.136602,1789636775947871804,1789636775948416217,-0.544139,0.544139
1610,1614,1789636775946762358,1789636775946794220,-0.031862,0.031862,1789636776047797242,1789636776048383978,-0.586227,0.586227
1611,1615,1789636776046706097,1789636776046738070,-0.031973,0.031973,1789636776147859498,1789636776148428449,-0.568728,0.568728
1612,1616,1789636776146772802,1789636776146720113,0.052689,0.052689,1789636776248096712,1789636776248653700,-0.556581,0.556581
1613,1617,1789636776246732247,1789636776246797226,-0.064979,0.064979,1789636776347953104,1789636776348528312,-0.574879,0.574879
1614,1618,1789636776346626909,1789636776346656522,-0.029613,0.029613,1789636776448019399,1789636776448607893,-0.588193,0.588193
1615,1619,1789636776446815905,1789636776446783497,0.032408,0.032408,1789636776547975871,1789636776548543626,-0.567361,0.567361
1616,1620,1789636776546662444,1789636776546748074,-0.08563,0.08563,1789636776647703237,1789636776648274992,-0.571206,0.571206
1617,1621,1789636776646622346,1789636776646753663,-0.131317,0.131317,1789636776748083169,1789636776748676323,-0.592866,0.592866
1618,1622,1789636776746688528,1789636776746667078,0.02145,0.02145,1789636776847906671,1789636776848655202,-0.747877,0.747877
1619,1623,1789636776846666646,1789636776846765910,-0.099264,0.099264,1789636776948081067,1789636776948579696,-0.498371,0.498371
1620,1624,1789636776946752414,1789636776946649175,0.103239,0.103239,1789636777047752075,1789636777048343842,-0.591064,0.591064
1621,1625,1789636777046703801,1789636777046645039,0.058762,0.058762,1789636777147839981,1789636777148411292,-0.570817,0.570817
1622,1626,1789636777146621762,1789636777146766044,-0.144282,0.144282,1789636777247880451,1789636777248480898,-0.599811,0.599811
1623,1627,1789636777246721953,1789636777246700537,0.021416,0.021416,1789636777347521724,1789636777348108145,-0.585349,0.585349
1624,1628,1789636777346659081,1789636777346712112,-0.053031,0.053031,1789636777447742423,1789636777448322916,-0.579659,0.579659
1625,1629,1789636777446759362,1789636777446696261,0.063101,0.063101,1789636777547484425,1789636777548047132,-0.562021,0.562021
1626,1630,1789636777546712201,1789636777546643343,0.068858,0.068858,1789636777647776408,1789636777648327379,-0.550855,0.550855
1627,1631,1789636777646768475,1789636777646644439,0.124036,0.124036,1789636777747560076,1789636777748124532,-0.563843,0.563843
1628,1632,1789636777746784687,1789636777746702317,0.08237,0.08237,1789636777847649659,1789636777848239698,-0.58913,0.58913
1629,1633,1789636777846582916,1789636777846604648,-0.021732,0.021732,1789636777947456603,1789636777948017150,-0.559819,0.559819
1630,1634,1789636777946634771,1789636777946613956,0.020815,0.020815,1789636778047692778,1789636778048255818,-0.562355,0.562355
1631,1635,1789636778046681023,1789636778046740898,-0.059875,0.059875,1789636778147624499,1789636778148193016,-0.567528,0.567528
1632,1636,1789636778146651867,1789636778146607608,0.044259,0.044259,1789636778247621799,1789636778248200321,-0.577759,0.577759
1633,1637,1789636778246757346,1789636778246736554,0.020792,0.020792,1789636778347724597,1789636778348327625,-0.602266,0.602266
1634,1638,1789636778346638727,1789636778346729092,-0.090365,0.090365,1789636778447627447,1789636778448166172,-0.538483,0.538483
1635,1639,1789636778446628848,1789636778446859909,-0.231061,0.231061,1789636778547888731,1789636778548428764,-0.539379,0.539379
1636,1640,1789636778546655120,1789636778546811143,-0.156023,0.156023,1789636778647613268,1789636778648146089,-0.532514,0.532514
1637,1641,1789636778646600161,1789636778646798639,-0.198478,0.198478,1789636778747775327,1789636778748283432,-0.507678,0.507678
1638,1642,1789636778746665594,1789636778746825682,-0.160088,0.160088,1789636778847665649,1789636778848141884,-0.476142,0.476142
1639,1643,1789636778846614916,1789636778846646521,-0.031605,0.031605,1789636778947634040,1789636778948202514,-0.568033,0.568033
1640,1644,1789636778946545789,1789636778946733777,-0.187988,0.187988,1789636779047888876,1789636779048439566,-0.549937,0.549937
1641,1645,1789636779046604930,1789636779046763202,-0.158272,0.158272,1789636779147472471,1789636779147974001,-0.50116,0.50116
1642,1646,1789636779146553187,1789636779146642436,-0.089249,0.089249,1789636779247699504,1789636779248246719,-0.546785,0.546785
1643,1647,1789636779246654892,1789636779246769619,-0.114727,0.114727,1789636779347743656,1789636779348276886,-0.53254,0.53254
1644,1648,1789636779346637642,1789636779346796592,-0.15895,0.15895,1789636779447522705,1789636779448070617,-0.547466,0.547466
1645,1649,1789636779446528943,1789636779446676089,-0.147146,0.147146,1789636779547556158,1789636779548087252,-0.530828,0.530828
1646,1650,1789636779546541219,1789636779546629452,-0.088233,0.088233,1789636779647701733,1789636779648249287,-0.546941,0.546941
1647,1651,1789636779646635014,1789636779646763289,-0.128275,0.128275,1789636779747753836,1789636779748246079,-0.491732,0.491732
1648,1652,1789636779746669691,1789636779746637623,0.032068,0.032068,1789636779847482300,1789636779847976584,-0.493779,0.493779
1649,1653,1789636779846546154,1789636779846659209,-0.113055,0.113055,1789636779947626105,1789636779948146002,-0.519551,0.519551
1650,1654,1789636779946546507,1789636779946673907,-0.1274,0.1274,1789636780047723763,1789636780048275815,-0.551708,0.551708
1651,1655,1789636780046684729,1789636780046794516,-0.109787,0.109787,1789636780147889487,1789636780148391165,-0.501322,0.501322
1652,1656,1789636780146773700,1789636780146565886,0.207814,0.207814,1789636780247442313,1789636780247961919,-0.519302,0.519302
1653,1657,1789636780246662873,1789636780246641484,0.021389,0.021389,1789636780347502997,1789636780348027164,-0.523882,0.523882
1654,1658,1789636780346646548,1789636780346723079,-0.076531,0.076531,1789636780447555868,1789636780448070863,-0.514423,0.514423
1655,1659,1789636780446600158,1789636780446807108,-0.20695,0.20695,1789636780547541918,1789636780548089453,-0.547136,0.547136
1656,1660,1789636780546493513,1789636780546692824,-0.199311,0.199311,1789636780647910662,1789636780648438573,-0.527393,0.527393
1657,1661,1789636780646643536,1789636780646781626,-0.13809,0.13809,1789636780747621731,1789636780748138318,-0.515995,0.515995
1658,1662,1789636780746560695,1789636780746765965,-0.20527,0.20527,1789636780847644722,1789636780848150755,-0.505749,0.505749
1659,1663,1789636780846707060,1789636780846504948,0.202112,0.202112,1789636780947562598,1789636780948102061,-0.539362,0.539362
1660,1664,1789636780946649498,1789636780946797917,-0.148419,0.148419,1789636781047740851,1789636781048269910,-0.528526,0.528526
1661,1665,1789636781046520896,1789636781046692447,-0.171551,0.171551,1789636781147930891,1789636781148629186,-0.697851,0.697851
1662,1666,1789636781146723096,1789636781146529413,0.193683,0.193683,1789636781247793337,1789636781248477626,-0.684037,0.684037
1663,1667,1789636781246653451,1789636781246707991,-0.05454,0.05454,1789636781347654159,1789636781348175909,-0.521576,0.521576
1664,1668,1789636781346520296,1789636781346707882,-0.187586,0.187586,1789636781447627375,1789636781448145506,-0.517956,0.517956
1665,1669,1789636781446705951,1789636781446535034,0.170917,0.170917,1789636781547784434,1789636781548506933,-0.722091,0.722091
1666,1670,1789636781546684026,1789636781546580592,0.103434,0.103434,1789636781647487670,1789636781648023687,-0.53569,0.53569
1667,1671,1789636781646500596,1789636781646668151,-0.167555,0.167555,1789636781747804173,1789636781748362180,-0.55736,0.55736
1668,1672,1789636781746529091,1789636781746647583,-0.118492,0.118492,1789636781847403087,1789636781847930134,-0.526653,0.526653
1669,1673,1789636781846450644,1789636781846613276,-0.162632,0.162632,1789636781947858546,1789636781948444427,-0.58545,0.58545
1670,1674,1789636781946542012,1789636781947160390,-0.618378,0.618378,1789636782047849443,1789636782048379667,-0.52967,0.52967
1671,1675,1789636782046595168,1789636782047144770,-0.549602,0.549602,1789636782147557296,1789636782148109367,-0.551364,0.551364
1672,1676,1789636782146536327,1789636782146728794,-0.192467,0.192467,1789636782247637542,1789636782248148141,-0.51025,0.51025
1673,1677,1789636782247425511,1789636782246591606,0.833905,0.833905,1789636782347768750,1789636782348257733,-0.488818,0.488818
1674,1678,1789636782346737463,1789636782346537121,0.200342,0.200342,1789636782447673637,1789636782448195342,-0.521443,0.521443
1675,1679,1789636782446651337,1789636782446476885,0.174452,0.174452,1789636782547773692,1789636782548360923,-0.586871,0.586871
1676,1680,1789636782546488685,1789636782546630870,-0.142185,0.142185,1789636782647660865,1789636782648181282,-0.520192,0.520192
1677,1681,1789636782646685040,1789636782646478251,0.206789,0.206789,1789636782747464186,1789636782748017048,-0.552737,0.552737
1678,1682,1789636782746493803,1789636782746641002,-0.147199,0.147199,1789636782847784621,1789636782848305351,-0.520691,0.520691
1679,1683,1789636782846717643,1789636782846562980,0.154663,0.154663,1789636782947640893,1789636782948169349,-0.528103,0.528103
1680,1684,1789636782946677359,1789636782946469816,0.207543,0.207543,1789636783047478942,1789636783048012937,-0.533537,0.533537
1681,1685,1789636783046480135,1789636783046671691,-0.191556,0.191556,1789636783147759948,1789636783148314548,-0.554197,0.554197
1682,1686,1789636783146693375,1789636783146541446,0.151929,0.151929,1789636783247620525,1789636783248166479,-0.545585,0.545585
1683,1687,1789636783246669905,1789636783246536047,0.133858,0.133858,1789636783347466829,1789636783348004075,-0.536469,0.536469
1684,1688,1789636783346581983,1789636783346620240,-0.038257,0.038257,1789636783447628377,1789636783448124783,-0.495777,0.495777
1685,1689,1789636783446423533,1789636783446614389,-0.190856,0.190856,1789636783547665647,1789636783548203251,-0.537242,0.537242
1686,1690,1789636783546557659,1789636783546708363,-0.150704,0.150704,1789636783647816117,1789636783648373458,-0.557035,0.557035
1687,1691,1789636783646665264,1789636783646582452,0.082812,0.082812,1789636783747480850,1789636783748012749,-0.531369,0.531369
1688,1693,1789636783846662282,1789636783846451212,0.21107,0.21107,1789636783947583449,1789636783948145435,-0.56187,0.56187
1689,1694,1789636783946752412,1789636783946544658,0.207754,0.207754,1789636784047922894,1789636784048624417,-0.701195,0.701195
1690,1695,1789636784046532256,1789636784046673210,-0.140954,0.140954,1789636784147953750,1789636784148652693,-0.698773,0.698773
1691,1696,1789636784146678071,1789636784146481168,0.196903,0.196903,1789636784247606166,1789636784248130770,-0.524237,0.524237
1692,1697,1789636784246636694,1789636784246546366,0.090328,0.090328,1789636784347961946,1789636784348689335,-0.726888,0.726888
1693,1698,1789636784346662843,1789636784346464092,0.198751,0.198751,1789636784447740258,1789636784448463849,-0.723533,0.723533
1695,1699,1789636784546424251,1789636784547057255,-0.633004,0.633004,1789636784647745090,1789636784648323491,-0.577952,0.577952
1696,1700,1789636784646613338,1789636784646554001,0.059337,0.059337,1789636784747603290,1789636784748128314,-0.524568,0.524568
1697,1701,1789636784746676766,1789636784746577144,0.099622,0.099622,1789636784847457720,1789636784848006384,-0.548055,0.548055
1698,1702,1789636784846608823,1789636784846444080,0.164743,0.164743,1789636784947706878,1789636784948422445,-0.715023,0.715023
1699,1703,1789636784946462803,1789636784946615678,-0.152875,0.152875,1789636785047829824,1789636785048533752,-0.703705,0.703705
1700,1704,1789636785046566844,1789636785046619921,-0.053077,0.053077,1789636785147704942,1789636785148227827,-0.522648,0.522648
1701,1705,1789636785146573601,1789636785146765591,-0.19199,0.19199,1789636785247601214,1789636785248129290,-0.527111,0.527111
1702,1706,1789636785246533414,1789636785246707950,-0.174536,0.174536,1789636785347587592,1789636785348118649,-0.530629,0.530629
1703,1707,1789636785346556059,1789636785347038747,-0.482688,0.482688,1789636785447603449,1789636785448115136,-0.511274,0.511274
1704,1708,1789636785446572332,1789636785447015569,-0.443237,0.443237,1789636785547585291,1789636785548120208,-0.534524,0.534524
1705,1709,1789636785546653819,1789636785546532988,0.120831,0.120831,1789636785647386548,1789636785647941671,-0.554493,0.554493
1706,1710,1789636785646636039,1789636785646518019,0.11802,0.11802,1789636785747455029,1789636785747964005,-0.508493,0.508493
1707,1711,1789636785746623213,1789636785746429924,0.193289,0.193289,1789636785847351571,1789636785847876465,-0.524587,0.524587
1708,1712,1789636785846394217,1789636785846600976,-0.206759,0.206759,1789636785947800254,1789636785948335342,-0.534727,0.534727
1709,1713,1789636785946759187,1789636785946563156,0.196031,0.196031,1789636786047318972,1789636786047824014,-0.504618,0.504618
1710,1714,1789636786046469641,1789636786046623375,-0.153734,0.153734,1789636786147636769,1789636786148135790,-0.498627,0.498627
1711,1715,1789636786146565791,1789636786146671929,-0.106138,0.106138,1789636786247623189,1789636786248130466,-0.506971,0.506971
1712,1716,1789636786246728006,1789636786246586884,0.141122,0.141122,1789636786347738513,1789636786348297664,-0.558665,0.558665
1713,1717,1789636786346579578,1789636786347133072,-0.553494,0.553494,1789636786447641453,1789636786448220848,-0.579,0.579
1714,1718,1789636786446566179,1789636786447068070,-0.501891,0.501891,1789636786547733150,1789636786548275020,-0.541355,0.541355
1715,1719,1789636786546713048,1789636786546491113,0.221935,0.221935,1789636786647430488,1789636786647915265,-0.484463,0.484463
1716,1720,1789636786646571443,1789636786646662716,-0.091273,0.091273,1789636786747822185,1789636786748332643,-0.509871,0.509871
1717,1721,1789636786746790395,1789636786746585722,0.204673,0.204673,1789636786847351567,1789636786847856261,-0.504192,0.504192
1718,1722,1789636786846607874,1789636786846411973,0.195901,0.195901,1789636786947410974,1789636786947934642,-0.523152,0.523152
1719,1723,1789636786946547765,1789636786947008168,-0.460403,0.460403,1789636787047546464,1789636787048043808,-0.496957,0.496957
1720,1724,1789636787046411637,1789636787046968935,-0.557298,0.557298,1789636787147334569,1789636787147828042,-0.493122,0.493122
1721,1725,1789636787146407222,1789636787146615596,-0.208374,0.208374,1789636787247671040,1789636787248181923,-0.510307,0.510307
1722,1726,1789636787246750748,1789636787246596523,0.154225,0.154225,1789636787347343416,1789636787347840606,-0.496602,0.496602
1723,1727,1789636787346392065,1789636787347024112,-0.632047,0.632047,1789636787447778148,1789636787448404098,-0.625461,0.625461
1724,1728,1789636787446760650,1789636787446595729,0.164921,0.164921,1789636787547454087,1789636787547997872,-0.543508,0.543508
1725,1729,1789636787546740078,1789636787546585091,0.154987,0.154987,1789636787647676549,1789636787648189328,-0.512473,0.512473
1726,1730,1789636787646785334,1789636787646589762,0.195572,0.195572,1789636787747433645,1789636787747918278,-0.484405,0.484405
1727,1731,1789636787746551593,1789636787747085956,-0.534363,0.534363,1789636787847695704,1789636787848217272,-0.521449,0.521449
1728,1732,1789636787846643590,1789636787846440346,0.203244,0.203244,1789636787947656926,1789636787948225683,-0.568451,0.568451
1729,1733,1789636787946777370,1789636787946943074,-0.165704,0.165704,1789636788047652479,1789636788048164776,-0.512221,0.512221
1730,1734,1789636788046487615,1789636788047097878,-0.610263,0.610263,1789636788147697441,1789636788148238929,-0.540892,0.540892
1731,1735,1789636788146616196,1789636788147035748,-0.419552,0.419552,1789636788247638037,1789636788248199863,-0.561416,0.561416
1732,1736,1789636788246717128,1789636788246987531,-0.270403,0.270403,1789636788347474747,1789636788348025190,-0.550012,0.550012
1733,1737,1789636788346584273,1789636788347094586,-0.510313,0.510313,1789636788447588116,1789636788448119333,-0.530636,0.530636
1734,1738,1789636788446563838,1789636788446953052,-0.389214,0.389214,1789636788547684003,1789636788548255918,-0.57129,0.57129
1735,1739,1789636788546690053,1789636788546576767,0.113286,0.113286,1789636788647373949,1789636788647882996,-0.508773,0.508773
1736,1740,1789636788646628920,1789636788646457747,0.171173,0.171173,1789636788747430121,1789636788747914423,-0.484145,0.484145
1737,1741,1789636788746502995,1789636788746929191,-0.426196,0.426196,1789636788847709980,1789636788848213948,-0.503719,0.503719
1738,1742,1789636788846685812,1789636788846544834,0.140978,0.140978,1789636788947398768,1789636788947892597,-0.493455,0.493455
1739,1743,1789636788946546316,1789636788947087810,-0.541494,0.541494,1789636789047605717,1789636789048106343,-0.5005,0.5005
1740,1744,1789636789046486076,1789636789046899650,-0.413574,0.413574,1789636789147342731,1789636789147854419,-0.511097,0.511097
1741,1745,1789636789146429654,1789636789146634618,-0.204964,0.204964,1789636789247556565,1789636789248121260,-0.564213,0.564213
1742,1746,1789636789246521678,1789636789247084870,-0.563192,0.563192,1789636789347575812,1789636789348090046,-0.513821,0.513821
1743,1747,1789636789346452215,1789636789346899959,-0.447744,0.447744,1789636789447499647,1789636789448034268,-0.534513,0.534513
1744,1748,1789636789446562547,1789636789446653939,-0.091392,0.091392,1789636789547610846,1789636789548134501,-0.522798,0.522798
1745,1749,1789636789546713501,1789636789546518022,0.195479,0.195479,1789636789647379106,1789636789647884845,-0.505028,0.505028
1746,1750,1789636789646634505,1789636789646925984,-0.291479,0.291479,1789636789747758004,1789636789748250514,-0.492076,0.492076
1747,1751,1789636789746727866,1789636789746943663,-0.215797,0.215797,1789636789847392241,1789636789847921905,-0.528919,0.528919
1748,1752,1789636789846458200,1789636789847004667,-0.546467,0.546467,1789636789947767246,1789636789948347667,-0.579766,0.579766
1749,1753,1789636789946756807,1789636789946990458,-0.233651,0.233651,1789636790047452009,1789636790047980354,-0.52764,0.52764
1750,1754,1789636790046707894,1789636790047021532,-0.313638,0.313638,1789636790147283439,1789636790147795819,-0.511504,0.511504
1751,1755,1789636790146440305,1789636790146604334,-0.164029,0.164029,1789636790247606039,1789636790248123410,-0.516503,0.516503
1752,1756,1789636790246783882,1789636790246867730,-0.083848,0.083848,1789636790347401167,1789636790347905024,-0.503261,0.503261
1753,1757,1789636790346689026,1789636790346871440,-0.182414,0.182414,1789636790447400524,1789636790447928563,-0.5274,0.5274
1754,1758,1789636790446629843,1789636790446564001,0.065842,0.065842,1789636790547460112,1789636790548032013,-0.571613,0.571613
1755,1759,1789636790546544316,1789636790546667324,-0.123008,0.123008,1789636790647735077,1789636790648251768,-0.516273,0.516273
1756,1760,1789636790646688446,1789636790646562380,0.126066,0.126066,1789636790747432649,1789636790747952280,-0.519204,0.519204
1757,1761,1789636790746645043,1789636790746562874,0.082169,0.082169,1789636790847477534,1789636790848012081,-0.534224,0.534224
1758,1762,1789636790846539038,1789636790846702220,-0.163182,0.163182,1789636790947514236,1789636790948081937,-0.567362,0.567362
1759,1763,1789636790946489565,1789636790946599828,-0.110263,0.110263,1789636791047584858,1789636791048119205,-0.533957,0.533957
1760,1764,1789636791046506759,1789636791046981734,-0.474975,0.474975,1789636791147619146,1789636791148126483,-0.506535,0.506535
1761,1765,1789636791146531623,1789636791146932178,-0.400555,0.400555,1789636791247564616,1789636791248127162,-0.56228,0.56228
1762,1766,1789636791246669621,1789636791246829938,-0.160317,0.160317,1789636791347470090,1789636791347976650,-0.506108,0.506108
1763,1767,1789636791346583843,1789636791346914066,-0.330223,0.330223,1789636791447530367,1789636791448068299,-0.537179,0.537179
1764,1768,1789636791446521366,1789636791446882771,-0.361405,0.361405,1789636791547527033,1789636791548095171,-0.567779,0.567779
1765,1769,1789636791546636837,1789636791546829203,-0.192366,0.192366,1789636791647512016,1789636791648030265,-0.517817,0.517817
1766,1770,1789636791647088734,1789636791646462002,0.626732,0.626732,1789636791747487384,1789636791747997745,-0.509504,0.509504
1767,1771,1789636791746596387,1789636791747838343,-1.241956,1.241956,1789636791847451940,1789636791847967298,-0.515319,0.515319
1768,1772,1789636791846428431,1789636791846600330,-0.171899,0.171899,1789636791947537331,1789636791948073946,-0.53637,0.53637
1769,1773,1789636791947056849,1789636791946859923,0.196926,0.196926,1789636792047555546,1789636792048047372,-0.491646,0.491646
1770,1774,1789636792046632901,1789636792046845832,-0.212931,0.212931,1789636792147634214,1789636792148161465,-0.526855,0.526855
1771,1775,1789636792147152744,1789636792146810244,0.3425,0.3425,1789636792247356371,1789636792247845798,-0.489119,0.489119
1772,1776,1789636792247087776,1789636792246423641,0.664135,0.664135,1789636792347639132,1789636792348181851,-0.542063,0.542063
1773,1777,1789636792347197599,1789636792346823409,0.37419,0.37419,1789636792447547276,1789636792448104188,-0.556794,0.556794
1774,1778,1789636792446625250,1789636792446437834,0.187416,0.187416,1789636792547580321,1789636792548113827,-0.533088,0.533088
1775,1779,1789636792546565274,1789636792546660434,-0.09516,0.09516,1789636792647777425,1789636792648312071,-0.534369,0.534369
1776,1780,1789636792647198699,1789636792646560533,0.638166,0.638166,1789636792747472854,1789636792748043204,-0.570042,0.570042
1777,1781,1789636792746586723,1789636792746780306,-0.193583,0.193583,1789636792847525886,1789636792848054975,-0.528443,0.528443
1778,1782,1789636792846491114,1789636792846796669,-0.305555,0.305555,1789636792948000277,1789636792948549901,-0.549351,0.549351
1779,1783,1789636792947066837,1789636792947807021,-0.740184,0.740184,1789636793047533396,1789636793048068217,-0.534474,0.534474
1780,1784,1789636793046603862,1789636793046401750,0.202112,0.202112,1789636793147612748,1789636793148137653,-0.524772,0.524772
1781,1785,1789636793146619425,1789636793146411690,0.207735,0.207735,1789636793248159580,1789636793248906981,-0.747191,0.747191
1782,1786,1789636793246662391,1789636793246474080,0.188311,0.188311,1789636793348239271,1789636793348951805,-0.712253,0.712253
1783,1787,1789636793346556278,1789636793346784950,-0.228672,0.228672,1789636793448132003,1789636793448799224,-0.666735,0.666735
1784,1788,1789636793446385226,1789636793446738462,-0.353236,0.353236,1789636793547592378,1789636793548111885,-0.518966,0.518966
1785,1789,1789636793546483177,1789636793547772974,-1.289797,1.289797,1789636793647702119,1789636793648210281,-0.507806,0.507806
1786,1790,1789636793646531066,1789636793646764035,-0.232969,0.232969,1789636793747590862,1789636793748092260,-0.501014,0.501014
1787,1791,1789636793747020259,1789636793746768179,0.25208,0.25208,1789636793847730300,1789636793848259175,-0.528588,0.528588
1788,1792,1789636793846744024,1789636793846722425,0.021599,0.021599,1789636793947407238,1789636793947935140,-0.527798,0.527798
1789,1793,1789636793946497959,1789636793946756558,-0.258599,0.258599,1789636794047864920,1789636794048413189,-0.548079,0.548079
1790,1794,1789636794046567664,1789636794047839152,-1.271488,1.271488,1789636794147848633,1789636794148399988,-0.551067,0.551067
1791,1795,1789636794147032979,1789636794146738145,0.294834,0.294834,1789636794247608657,1789636794248116119,-0.506993,0.506993
1792,1796,1789636794247068382,1789636794246777736,0.290646,0.290646,1789636794347677382,1789636794348181598,-0.503789,0.503789
1793,1797,1789636794346689948,1789636794346710918,-0.02097,0.02097,1789636794447523040,1789636794448047477,-0.524014,0.524014
1794,1798,1789636794446580433,1789636794446843525,-0.263092,0.263092,1789636794547853486,1789636794548428127,-0.574507,0.574507
1795,1799,1789636794546714031,1789636794546829686,-0.115655,0.115655,1789636794647413705,1789636794647938648,-0.524731,0.524731
1796,1800,1789636794646576642,1789636794647742261,-1.165619,1.165619,1789636794747774646,1789636794748295341,-0.520349,0.520349
1797,1801,1789636794746732285,1789636794746696534,0.035751,0.035751,1789636794847743714,1789636794848270978,-0.527057,0.527057
1798,1802,1789636794847065624,1789636794846721301,0.344323,0.344323,1789636794947705867,1789636794948217712,-0.511451,0.511451
1799,1803,1789636794946989604,1789636794946702205,0.287399,0.287399,1789636795047508817,1789636795048024691,-0.515578,0.515578
1800,1804,1789636795047020538,1789636795046853614,0.166924,0.166924,1789636795147708536,1789636795148245477,-0.536748,0.536748
1801,1805,1789636795146577082,1789636795147801961,-1.224879,1.224879,1789636795247679228,1789636795248209059,-0.529542,0.529542
1802,1806,1789636795246557381,1789636795247770701,-1.21332,1.21332,1789636795347419275,1789636795347942937,-0.523422,0.523422
1803,1807,1789636795346468911,1789636795346730518,-0.261607,0.261607,1789636795447703629,1789636795448234542,-0.530687,0.530687
1804,1808,1789636795447028062,1789636795446760893,0.267169,0.267169,1789636795547455350,1789636795547980348,-0.524602,0.524602
1805,1809,1789636795546935677,1789636795546685610,0.250067,0.250067,1789636795647361122,1789636795647869356,-0.507861,0.507861
1806,1810,1789636795646601651,1789636795646848041,-0.24639,0.24639,1789636795747821833,1789636795748352217,-0.530193,0.530193
1807,1811,1789636795746981928,1789636795746729448,0.25248,0.25248,1789636795847766352,1789636795848289538,-0.522478,0.522478
1808,1812,1789636795846963897,1789636795847701831,-0.737934,0.737934,1789636795947493875,1789636795948005298,-0.510789,0.510789
1809,1813,1789636795946507119,1789636795947704075,-1.196956,1.196956,1789636796047876127,1789636796048411710,-0.534881,0.534881
1810,1814,1789636796046928215,1789636796046728867,0.199348,0.199348,1789636796147546639,1789636796148052088,-0.50536,0.50536
1811,1815,1789636796146549576,1789636796147706541,-1.156965,1.156965,1789636796247965749,1789636796248458736,-0.49282,0.49282
1812,1816,1789636796246955464,1789636796246639427,0.316037,0.316037,1789636796347552982,1789636796348061153,-0.507928,0.507928
1813,1817,1789636796346938085,1789636796346629693,0.308392,0.308392,1789636796447514274,1789636796448005186,-0.490687,0.490687
1814,1818,1789636796446611179,1789636796446632626,-0.021447,0.021447,1789636796547766212,1789636796548408301,-0.641952,0.641952
1815,1819,1789636796546962103,1789636796546781150,0.180953,0.180953,1789636796647793610,1789636796648317675,-0.523876,0.523876
1816,1820,1789636796646942216,1789636796646691632,0.250584,0.250584,1789636796747948940,1789636796748551962,-0.602738,0.602738
1817,1821,1789636796747008269,1789636796746608384,0.399885,0.399885,1789636796847947613,1789636796848491189,-0.543134,0.543134
1818,1822,1789636796846934112,1789636796846496314,0.437798,0.437798,1789636796947584224,1789636796948114719,-0.530021,0.530021
1819,1823,1789636796946604535,1789636796946735383,-0.130848,0.130848,1789636797047944118,1789636797048442301,-0.497843,0.497843
1820,1824,1789636797046911097,1789636797046626215,0.284882,0.284882,1789636797147503269,1789636797148075802,-0.57211,0.57211
1821,1825,1789636797146636488,1789636797146658149,-0.021661,0.021661,1789636797247763640,1789636797248348793,-0.584551,0.584551
1822,1826,1789636797246957516,1789636797247651423,-0.693907,0.693907,1789636797347665682,1789636797348240533,-0.573878,0.573878
1823,1827,1789636797346926316,1789636797346677860,0.248456,0.248456,1789636797447728864,1789636797448265019,-0.535777,0.535777
1824,1828,1789636797446879352,1789636797447694017,-0.814665,0.814665,1789636797548184436,1789636797548686581,-0.501745,0.501745
1825,1829,1789636797547013186,1789636797546707629,0.305557,0.305557,1789636797647562633,1789636797648062132,-0.499203,0.499203
1826,1830,1789636797646620264,1789636797646641803,-0.021539,0.021539,1789636797747595354,1789636797748111594,-0.51591,0.51591
1827,1831,1789636797746500315,1789636797747703263,-1.202948,1.202948,1789636797847978724,1789636797848504316,-0.525242,0.525242
1828,1832,1789636797846963807,1789636797846757806,0.206001,0.206001,1789636797947608922,1789636797948202998,-0.593376,0.593376
1829,1833,1789636797947039885,1789636797946684800,0.355085,0.355085,1789636798047506043,1789636798048036244,-0.529836,0.529836
1830,1834,1789636798046988464,1789636798046611105,0.377359,0.377359,1789636798147314535,1789636798147834804,-0.520099,0.520099
1831,1835,1789636798146865063,1789636798146572773,0.29229,0.29229,1789636798247845856,1789636798248365706,-0.519467,0.519467
1832,1836,1789636798246849406,1789636798247707503,-0.858097,0.858097,1789636798347608375,1789636798348161520,-0.552406,0.552406
1833,1837,1789636798346868369,1789636798346414151,0.454218,0.454218,1789636798447506083,1789636798447997178,-0.490929,0.490929
1834,1838,1789636798446904761,1789636798446795091,0.10967,0.10967,1789636798547681662,1789636798548214669,-0.532784,0.532784
1835,1839,1789636798546974992,1789636798546707049,0.267943,0.267943,1789636798647386008,1789636798647960494,-0.5739,0.5739
1836,1840,1789636798646963807,1789636798647655205,-0.691398,0.691398,1789636798747849883,1789636798748445375,-0.594977,0.594977
1837,1841,1789636798747877836,1789636798746727474,1.150362,1.150362,1789636798847511579,1789636798848044577,-0.532792,0.532792
1838,1842,1789636798846904168,1789636798846574786,0.329382,0.329382,1789636798947680377,1789636798948271807,-0.591382,0.591382
1839,1843,1789636798946865242,1789636798946805650,0.059592,0.059592,1789636799048144551,1789636799048705822,-0.560974,0.560974
1840,1844,1789636799047010413,1789636799047707429,-0.697016,0.697016,1789636799147700348,1789636799148241004,-0.540488,0.540488
1841,1845,1789636799146886992,1789636799146589716,0.297276,0.297276,1789636799247694385,1789636799248220952,-0.526187,0.526187
1842,1847,1789636799347882736,1789636799347587816,0.29492,0.29492,1789636799447658605,1789636799448201852,-0.542888,0.542888
1843,1848,1789636799446881673,1789636799447635904,-0.754231,0.754231,1789636799548113434,1789636799548650861,-0.536704,0.536704
1844,1849,1789636799547056736,1789636799547637107,-0.580371,0.580371,1789636799648046677,1789636799648574458,-0.527269,0.527269
1845,1850,1789636799647871301,1789636799647584946,0.286355,0.286355,1789636799747622031,1789636799748096692,-0.474354,0.474354
1846,1851,1789636799746823472,1789636799747602602,-0.77913,0.77913,1789636799847809471,1789636799848327412,-0.517421,0.517421
1847,1852,1789636799846803575,1789636799846878126,-0.074551,0.074551,1789636799947646529,1789636799948180823,-0.533853,0.533853
1848,1853,1789636799946581336,1789636799946748474,-0.167138,0.167138,1789636800047624235,1789636800048113959,-0.489417,0.489417
1849,1854,1789636800046813217,1789636800047594396,-0.781179,0.781179,1789636800147735656,1789636800148253375,-0.517061,0.517061
1850,1855,1789636800146780572,1789636800146812873,-0.032301,0.032301,1789636800247718617,1789636800248231126,-0.511974,0.511974
1851,1856,1789636800247871261,1789636800246570585,1.300676,1.300676,1789636800347546887,1789636800348077772,-0.530501,0.530501
1852,1857,1789636800346880050,1789636800346718235,0.161815,0.161815,1789636800447730133,1789636800448263582,-0.533152,0.533152
1853,1858,1789636800446905175,1789636800446545602,0.359573,0.359573,1789636800547783186,1789636800548325425,-0.542079,0.542079
1854,1859,1789636800547876813,1789636800546615038,1.261775,1.261775,1789636800647654874,1789636800648176224,-0.520824,0.520824
1855,1860,1789636800646841716,1789636800647576109,-0.734393,0.734393,1789636800747811210,1789636800748308644,-0.497049,0.497049
1856,1861,1789636800746708709,1789636800746599317,0.109392,0.109392,1789636800847945196,1789636800848648814,-0.703096,0.703096
1857,1862,1789636800846870287,1789636800847627632,-0.757345,0.757345,1789636800947925653,1789636800948599617,-0.673718,0.673718
1858,1863,1789636800946825278,1789636800947607430,-0.782152,0.782152,1789636801047961407,1789636801048480797,-0.519194,0.519194
1859,1864,1789636801047842721,1789636801047565620,0.277101,0.277101,1789636801147739644,1789636801148239567,-0.499638,0.499638
1860,1865,1789636801147827880,1789636801147591021,0.236859,0.236859,1789636801247545910,1789636801248085331,-0.539183,0.539183
1861,1866,1789636801246821357,1789636801247646985,-0.825628,0.825628,1789636801347805708,1789636801348305995,-0.500036,0.500036
1862,1867,1789636801346840374,1789636801346788076,0.052298,0.052298,1789636801447544508,1789636801448079754,-0.534633,0.534633
1863,1868,1789636801446745766,1789636801446767299,-0.021533,0.021533,1789636801547603104,1789636801548127588,-0.524102,0.524102
1864,1869,1789636801546800847,1789636801547642836,-0.841989,0.841989,1789636801647763711,1789636801648311461,-0.547405,0.547405
1865,1870,1789636801646762411,1789636801647548880,-0.786469,0.786469,1789636801747514085,1789636801748028834,-0.514044,0.514044
1866,1871,1789636801746519242,1789636801746719395,-0.200153,0.200153,1789636801847475322,1789636801847991982,-0.515671,0.515671
1867,1872,1789636801846840045,1789636801847622197,-0.782152,0.782152,1789636801947602876,1789636801948156405,-0.553031,0.553031
1868,1873,1789636801946728605,1789636801947500262,-0.771657,0.771657,1789636802047687594,1789636802048216759,-0.528946,0.528946
1869,1874,1789636802046899377,1789636802047551586,-0.652209,0.652209,1789636802147661927,1789636802148174422,-0.512067,0.512067
1870,1875,1789636802146883141,1789636802147556380,-0.673239,0.673239,1789636802247608915,1789636802248115943,-0.506379,0.506379
1871,1876,1789636802246878306,1789636802247465669,-0.587363,0.587363,1789636802347484980,1789636802347994855,-0.509481,0.509481
1872,1877,1789636802346748417,1789636802347630199,-0.881782,0.881782,1789636802447720146,1789636802448289803,-0.569047,0.569047
1873,1878,1789636802446779150,1789636802447569758,-0.790608,0.790608,1789636802547418430,1789636802547929863,-0.511327,0.511327
1874,1879,1789636802546468781,1789636802547466925,-0.998144,0.998144,1789636802647647519,1789636802648169370,-0.52118,0.52118
1875,1880,1789636802646570073,1789636802647592347,-1.022274,1.022274,1789636802747630120,1789636802748122243,-0.491907,0.491907
1876,1881,1789636802746771666,1789636802747550421,-0.778755,0.778755,1789636802847839155,1789636802848332102,-0.492802,0.492802
1877,1882,1789636802846994512,1789636802847503654,-0.509142,0.509142,1789636802947508050,1789636802948075505,-0.567048,0.567048
1878,1883,1789636802946807335,1789636802947441522,-0.634187,0.634187,1789636803047479732,1789636803047989899,-0.509677,0.509677
1879,1884,1789636803046836433,1789636803047527734,-0.691301,0.691301,1789636803147509815,1789636803147998513,-0.488243,0.488243
1880,1885,1789636803146790292,1789636803147439103,-0.648811,0.648811,1789636803247476943,1789636803248030342,-0.553185,0.553185
1881,1886,1789636803246752751,1789636803246488495,0.264256,0.264256,1789636803347468552,1789636803347972626,-0.503625,0.503625
1882,1887,1789636803346707906,1789636803347475269,-0.767363,0.767363,1789636803447972961,1789636803448553271,-0.579777,0.579777
1883,1888,1789636803446892323,1789636803447482019,-0.589696,0.589696,1789636803547358139,1789636803547888773,-0.530057,0.530057
1884,1889,1789636803546680941,1789636803546435743,0.245198,0.245198,1789636803647355511,1789636803647865981,-0.510204,0.510204
1885,1890,1789636803646746103,1789636803647431079,-0.684976,0.684976,1789636803747995650,1789636803748516084,-0.520152,0.520152
1886,1891,1789636803746972304,1789636803747433723,-0.461419,0.461419,1789636803847388589,1789636803847881453,-0.492761,0.492761
1887,1892,1789636803847693405,1789636803846449134,1.244271,1.244271,1789636803947361926,1789636803947939834,-0.577325,0.577325
1888,1893,1789636803946749660,1789636803947412772,-0.663112,0.663112,1789636804047749303,1789636804048287137,-0.537297,0.537297
1889,1894,1789636804046766723,1789636804047502534,-0.735811,0.735811,1789636804147716442,1789636804148266438,-0.549447,0.549447
1890,1895,1789636804146667164,1789636804146458320,0.208844,0.208844,1789636804247669744,1789636804248209698,-0.539393,0.539393
1891,1896,1789636804246886496,1789636804247411426,-0.52493,0.52493,1789636804347778009,1789636804348291484,-0.512627,0.512627
1892,1897,1789636804346830846,1789636804347464411,-0.633565,0.633565,1789636804447510524,1789636804448025269,-0.51413,0.51413
1893,1898,1789636804446816164,1789636804447436327,-0.620163,0.620163,1789636804547832960,1789636804548332940,-0.499871,0.499871
1894,1899,1789636804547748427,1789636804547383197,0.36523,0.36523,1789636804647551261,1789636804648073146,-0.521366,0.521366
1895,1900,1789636804646736747,1789636804647470982,-0.734235,0.734235,1789636804748018411,1789636804748524329,-0.505559,0.505559
1896,1901,1789636804747715680,1789636804747466962,0.248718,0.248718,1789636804847555612,1789636804848075819,-0.519573,0.519573
1897,1902,1789636804846755809,1789636804847525342,-0.769533,0.769533,1789636804947778780,1789636804948273390,-0.49427,0.49427
1898,1903,1789636804947676546,1789636804947424427,0.252119,0.252119,1789636805047421513,1789636805047974244,-0.552467,0.552467
1899,1904,1789636805046753467,1789636805047413748,-0.660281,0.660281,1789636805147463612,1789636805148009626,-0.545035,0.545035
1900,1905,1789636805146703140,1789636805147394607,-0.691467,0.691467,1789636805247720357,1789636805248238386,-0.517234,0.517234
1901,1906,1789636805246710378,1789636805247361258,-0.65088,0.65088,1789636805347924554,1789636805348446024,-0.521017,0.521017
1902,1907,1789636805347730349,1789636805347438360,0.291989,0.291989,1789636805447827527,1789636805448592144,-0.764318,0.764318
1903,1908,1789636805446863613,1789636805447386374,-0.522761,0.522761,1789636805547525330,1789636805548127676,-0.602115,0.602115
1904,1909,1789636805547665427,1789636805547396153,0.269274,0.269274,1789636805647957745,1789636805648479490,-0.521495,0.521495
1905,1910,1789636805647686830,1789636805647433743,0.253087,0.253087,1789636805747532007,1789636805748048906,-0.516331,0.516331
1906,1911,1789636805746592833,1789636805747513487,-0.920654,0.920654,1789636805847838420,1789636805848370536,-0.531967,0.531967
1907,1912,1789636805846683333,1789636805847405617,-0.722284,0.722284,1789636805948532039,1789636805949088248,-0.55586,0.55586
1908,1913,1789636805947648888,1789636805947614154,0.034734,0.034734,1789636806048030907,1789636806048609113,-0.577793,0.577793
1909,1914,1789636806047738932,1789636806047327039,0.411893,0.411893,1789636806147466757,1789636806148008780,-0.541777,0.541777
1910,1916,1789636806247797166,1789636806247376677,0.420489,0.420489,1789636806347464825,1789636806348002543,-0.537272,0.537272
1911,1917,1789636806346661794,1789636806347467076,-0.805282,0.805282,1789636806447889978,1789636806448445336,-0.554527,0.554527
1912,1918,1789636806447625904,1789636806447424003,0.201901,0.201901,1789636806548362544,1789636806548881826,-0.518788,0.518788
1913,1919,1789636806547621303,1789636806547569295,0.052008,0.052008,1789636806647633183,1789636806648189257,-0.555756,0.555756
1914,1920,1789636806646666529,1789636806647444919,-0.77839,0.77839,1789636806747386311,1789636806747938349,-0.55186,0.55186
1915,1921,1789636806746576414,1789636806746598303,-0.021889,0.021889,1789636806847773745,1789636806848371160,-0.59695,0.59695
1916,1922,1789636806847751028,1789636806847320157,0.430871,0.430871,1789636806947615247,1789636806948176222,-0.560427,0.560427
1917,1923,1789636806947672088,1789636806947387024,0.285064,0.285064,1789636807048632257,1789636807049164278,-0.531519,0.531519
1918,1924,1789636807047625899,1789636807047604459,0.02144,0.02144,1789636807147908461,1789636807148468169,-0.558927,0.558927
1919,1925,1789636807147663718,1789636807147293203,0.370515,0.370515,1789636807247383897,1789636807247922551,-0.538307,0.538307
1920,1926,1789636807246606368,1789636807247334956,-0.728588,0.728588,1789636807347993668,1789636807348549172,-0.555256,0.555256
1921,1927,1789636807347731486,1789636807347301901,0.429585,0.429585,1789636807447663720,1789636807448207580,-0.543209,0.543209
1922,1928,1789636807447668608,1789636807447294348,0.37426,0.37426,1789636807548536675,1789636807549046149,-0.508708,0.508708
1923,1929,1789636807547589565,1789636807547610939,-0.021374,0.021374,1789636807648006130,1789636807648523514,-0.516985,0.516985
1924,1930,1789636807647571055,1789636807647385936,0.185119,0.185119,1789636807747953629,1789636807748496033,-0.542105,0.542105
1925,1931,1789636807747568064,1789636807747428526,0.139538,0.139538,1789636807847525178,1789636807848034461,-0.508865,0.508865
1926,1932,1789636807847622713,1789636807847393886,0.228827,0.228827,1789636807947622390,1789636807948190705,-0.5678,0.5678
1927,1933,1789636807947601905,1789636807947354647,0.247258,0.247258,1789636808047348277,1789636808047879269,-0.530743,0.530743
1928,1934,1789636808046629126,1789636808047399612,-0.770486,0.770486,1789636808147619062,1789636808148146061,-0.52642,0.52642
1929,1935,1789636808146668885,1789636808147268714,-0.599829,0.599829,1789636808247553982,1789636808248078457,-0.523898,0.523898
1930,1936,1789636808246633166,1789636808247419526,-0.78636,0.78636,1789636808347694285,1789636808348239653,-0.544879,0.544879
1931,1937,1789636808347582299,1789636808347397341,0.184958,0.184958,1789636808447846425,1789636808448395255,-0.548339,0.548339
1932,1938,1789636808447675489,1789636808447366041,0.309448,0.309448,1789636808547591228,1789636808548452547,-0.86073,0.86073
1933,1939,1789636808546519831,1789636808547418804,-0.898973,0.898973,1789636808647693326,1789636808648201926,-0.508183,0.508183
1934,1940,1789636808646623480,1789636808647304205,-0.680725,0.680725,1789636808747772253,1789636808748304811,-0.532115,0.532115
1935,1941,1789636808747625338,1789636808747315518,0.30982,0.30982,1789636808848259382,1789636808848795700,-0.535339,0.535339
1936,1942,1789636808847558325,1789636808847491750,0.066575,0.066575,1789636808947796883,1789636808948360234,-0.562433,0.562433
1937,1943,1789636808947709630,1789636808947352192,0.357438,0.357438,1789636809048280574,1789636809048794961,-0.513816,0.513816
1938,1944,1789636809047547954,1789636809047569338,-0.021384,0.021384,1789636809147564689,1789636809148104805,-0.539543,0.539543
1939,1945,1789636809147561505,1789636809147387938,0.173567,0.173567,1789636809247648745,1789636809248139501,-0.49033,0.49033
1940,1946,1789636809247599424,1789636809247236861,0.362563,0.362563,1789636809348258811,1789636809348811769,-0.552137,0.552137
1941,1947,1789636809347524070,1789636809347562285,-0.038215,0.038215,1789636809447899333,1789636809448473370,-0.573935,0.573935
1942,1948,1789636809447642681,1789636809447278659,0.364022,0.364022,1789636809547392055,1789636809547928512,-0.535725,0.535725
1943,1949,1789636809546573881,1789636809547240708,-0.666827,0.666827,1789636809647798820,1789636809648317520,-0.518523,0.518523
1944,1950,1789636809647699444,1789636809647228302,0.471142,0.471142,1789636809747586791,1789636809748148918,-0.561678,0.561678
1945,1951,1789636809747625135,1789636809747259149,0.365986,0.365986,1789636809847564746,1789636809848093157,-0.528083,0.528083
1946,1952,1789636809847536965,1789636809847340166,0.196799,0.196799,1789636809947831812,1789636809948385428,-0.553084,0.553084
1947,1953,1789636809947680034,1789636809947298192,0.381842,0.381842,1789636810047441740,1789636810047960021,-0.517775,0.517775
1948,1954,1789636810046543613,1789636810047363417,-0.819804,0.819804,1789636810147806149,1789636810148322577,-0.516082,0.516082
1949,1955,1789636810147501620,1789636810147312213,0.189407,0.189407,1789636810247387291,1789636810247911819,-0.523867,0.523867
1950,1956,1789636810246536382,1789636810247256972,-0.72059,0.72059,1789636810347464826,1789636810347967791,-0.502626,0.502626
1951,1957,1789636810346530898,1789636810346658026,-0.127128,0.127128,1789636810447620057,1789636810448151803,-0.53119,0.53119
1952,1958,1789636810447498500,1789636810447246212,0.252288,0.252288,1789636810547539249,1789636810548056054,-0.516264,0.516264
1953,1959,1789636810547644782,1789636810547315588,0.329194,0.329194,1789636810647474641,1789636810647976951,-0.502007,0.502007
1954,1960,1789636810647573698,1789636810646551274,1.022424,1.022424,1789636810747522748,1789636810748050826,-0.527764,0.527764
1955,1961,1789636810746722978,1789636810747288233,-0.565255,0.565255,1789636810847798200,1789636810848322454,-0.523682,0.523682
1956,1962,1789636810847631392,1789636810847303457,0.327935,0.327935,1789636810947408476,1789636810947941644,-0.532666,0.532666
1957,1963,1789636810946506899,1789636810947293370,-0.786471,0.786471,1789636811047865654,1789636811048378576,-0.512339,0.512339
1958,1964,1789636811047648628,1789636811047166184,0.482444,0.482444,1789636811147535028,1789636811148021589,-0.486207,0.486207
1959,1965,1789636811147565924,1789636811147311496,0.254428,0.254428,1789636811247771817,1789636811248316385,-0.544439,0.544439
1960,1966,1789636811247562769,1789636811247257764,0.305005,0.305005,1789636811348162848,1789636811348725400,-0.562127,0.562127
1961,1967,1789636811347489191,1789636811347392801,0.09639,0.09639,1789636811447892610,1789636811448417492,-0.524442,0.524442
1962,1968,1789636811447507782,1789636811447184625,0.323157,0.323157,1789636811547470932,1789636811548007276,-0.535892,0.535892
1963,1969,1789636811547524774,1789636811547183367,0.341407,0.341407,1789636811647984709,1789636811648604159,-0.618819,0.618819
1964,1970,1789636811647604248,1789636811647260158,0.34409,0.34409,1789636811748069268,1789636811748608874,-0.539189,0.539189
1965,1971,1789636811747490600,1789636811747217270,0.27333,0.27333,1789636811847601266,1789636811848115878,-0.514103,0.514103
1966,1972,1789636811847472884,1789636811846433830,1.039054,1.039054,1789636811947516258,1789636811948065841,-0.548867,0.548867
1967,1973,1789636811946722333,1789636811947303992,-0.581659,0.581659,1789636812047622458,1789636812048146028,-0.523368,0.523368
1968,1974,1789636812046710251,1789636812047209715,-0.499464,0.499464,1789636812147412115,1789636812147933983,-0.521253,0.521253
1969,1975,1789636812146612159,1789636812147202475,-0.590316,0.590316,1789636812248443225,1789636812248965228,-0.521699,0.521699
1970,1976,1789636812247467222,1789636812247488297,-0.021075,0.021075,1789636812347771571,1789636812348280917,-0.508714,0.508714
1971,1977,1789636812347527098,1789636812347121225,0.405873,0.405873,1789636812447404612,1789636812447936953,-0.531967,0.531967
1972,1978,1789636812446414125,1789636812447289716,-0.875591,0.875591,1789636812547836808,1789636812548374514,-0.536784,0.536784
1973,1979,1789636812546791317,1789636812547291515,-0.500198,0.500198,1789636812647589521,1789636812648090471,-0.500384,0.500384
1974,1980,1789636812647512038,1789636812647194038,0.318,0.318,1789636812747380008,1789636812747916844,-0.536186,0.536186
1975,1981,1789636812746630572,1789636812747242224,-0.611652,0.611652,1789636812847841605,1789636812848369722,-0.527957,0.527957
1976,1982,1789636812847592796,1789636812847112111,0.480685,0.480685,1789636812947538745,1789636812948068718,-0.529396,0.529396
1977,1983,1789636812947537030,1789636812947177732,0.359298,0.359298,1789636813048259731,1789636813048785101,-0.524915,0.524915
1978,1984,1789636813047511677,1789636813047361400,0.150277,0.150277,1789636813147679676,1789636813148210212,-0.530216,0.530216
1979,1985,1789636813147576036,1789636813147185681,0.390355,0.390355,1789636813247668673,1789636813248161633,-0.492531,0.492531
1980,1986,1789636813247548873,1789636813247197972,0.350901,0.350901,1789636813348146553,1789636813348659454,-0.512649,0.512649
1981,1987,1789636813347410517,1789636813347353610,0.056907,0.056907,1789636813447637740,1789636813448164520,-0.526346,0.526346
1982,1988,1789636813447388770,1789636813447149335,0.239435,0.239435,1789636813547624616,1789636813548155107,-0.530053,0.530053
1983,1989,1789636813547437250,1789636813547198668,0.238582,0.238582,1789636813648292786,1789636813648838225,-0.544932,0.544932
1984,1990,1789636813647431401,1789636813647489814,-0.058413,0.058413,1789636813747645832,1789636813748162653,-0.516283,0.516283
1985,1991,1789636813747497772,1789636813747185178,0.312594,0.312594,1789636813847390662,1789636813847963742,-0.572792,0.572792
1986,1992,1789636813847482562,1789636813847118024,0.364538,0.364538,1789636813947562586,1789636813948142868,-0.57969,0.57969
1987,1993,1789636813947494796,1789636813947073830,0.420966,0.420966,1789636814047466088,1789636814048000317,-0.533898,0.533898
1988,1994,1789636814047554676,1789636814047145925,0.408751,0.408751,1789636814148165367,1789636814148712483,-0.546556,0.546556
1989,1995,1789636814147400188,1789636814147286278,0.11391,0.11391,1789636814248344239,1789636814248870041,-0.525242,0.525242
1990,1996,1789636814247382383,1789636814247464640,-0.082257,0.082257,1789636814347655235,1789636814348179956,-0.524572,0.524572
1991,1997,1789636814347452702,1789636814347072635,0.380067,0.380067,1789636814448173514,1789636814448716729,-0.542777,0.542777
1992,1998,1789636814447376463,1789636814447428680,-0.052217,0.052217,1789636814548363757,1789636814548898694,-0.534595,0.534595
1993,1999,1789636814547348271,1789636814547432107,-0.083836,0.083836,1789636814647480999,1789636814648001502,-0.520103,0.520103
1994,2000,1789636814647452029,1789636814647171621,0.280408,0.280408,1789636814748183842,1789636814748715420,-0.530815,0.530815
1995,2001,1789636814747358766,1789636814747437979,-0.079213,0.079213,1789636814847677876,1789636814848188173,-0.510095,0.510095
1996,2002,1789636814847500132,1789636814847161351,0.338781,0.338781,1789636814947411285,1789636814947971058,-0.559577,0.559577
1997,2003,1789636814947425653,1789636814947050332,0.375321,0.375321,1789636815048056424,1789636815048582544,-0.525933,0.525933
1998,2004,1789636815047366657,1789636815047387478,-0.020821,0.020821,1789636815148233967,1789636815148744293,-0.510012,0.510012
1999,2005,1789636815147332043,1789636815147394405,-0.062362,0.062362,1789636815248171320,1789636815248714267,-0.542593,0.542593
2000,2006,1789636815247404339,1789636815247334692,0.069647,0.069647,1789636815347610122,1789636815348164031,-0.553377,0.553377
2001,2007,1789636815347474574,1789636815347195209,0.279365,0.279365,1789636815447281037,1789636815447818571,-0.536974,0.536974
2002,2008,1789636815447416272,1789636815447135737,0.280535,0.280535,1789636815548257895,1789636815549003447,-0.745123,0.745123
2003,2009,1789636815547406192,1789636815547297290,0.108902,0.108902,1789636815647702572,1789636815648257746,-0.554768,0.554768
2004,2010,1789636815647455954,1789636815647041060,0.414894,0.414894,1789636815747637647,1789636815748375575,-0.73724,0.73724
2005,2011,1789636815747398755,1789636815747094340,0.304415,0.304415,1789636815848227371,1789636815848729658,-0.497797,0.497797
2006,2012,1789636815847334884,1789636815847254869,0.080015,0.080015,1789636815947757305,1789636815948258022,-0.500264,0.500264
2007,2013,1789636815947432394,1789636815947127273,0.305121,0.305121,1789636816048139369,1789636816048680199,-0.540342,0.540342
2008,2014,1789636816047326213,1789636816047307397,0.018816,0.018816,1789636816148262884,1789636816148978109,-0.714676,0.714676
2009,2015,1789636816147302072,1789636816147269777,0.032295,0.032295,1789636816248125833,1789636816248860529,-0.734401,0.734401
2010,2016,1789636816247350791,1789636816247205350,0.145441,0.145441,1789636816347601421,1789636816348141553,-0.539872,0.539872
2011,2017,1789636816347430621,1789636816347091987,0.338634,0.338634,1789636816448186515,1789636816448747118,-0.560471,0.560471
2012,2018,1789636816447274739,1789636816447329347,-0.054608,0.054608,1789636816548264352,1789636816548786291,-0.521704,0.521704
2013,2019,1789636816547358599,1789636816547229536,0.129063,0.129063,1789636816647996866,1789636816648506685,-0.509215,0.509215
2014,2020,1789636816647319337,1789636816647233018,0.086319,0.086319,1789636816748458328,1789636816749122851,-0.664227,0.664227
2015,2021,1789636816747416498,1789636816747347469,0.069029,0.069029,1789636816848156219,1789636816848681047,-0.524418,0.524418
2016,2022,1789636816847363541,1789636816847197346,0.166195,0.166195,1789636816948245975,1789636816948785984,-0.539204,0.539204
2017,2023,1789636816947416573,1789636816947363762,0.052811,0.052811,1789636817048101788,1789636817048619870,-0.517834,0.517834
2018,2024,1789636817047366621,1789636817047174619,0.192002,0.192002,1789636817148007948,1789636817148519372,-0.511295,0.511295
2019,2025,1789636817147290835,1789636817147269570,0.021265,0.021265,1789636817247747872,1789636817248256092,-0.507921,0.507921
2020,2026,1789636817247433267,1789636817247003092,0.430175,0.430175,1789636817348104257,1789636817348638400,-0.533835,0.533835
2021,2027,1789636817347290685,1789636817347324281,-0.033596,0.033596,1789636817448126966,1789636817448661612,-0.534409,0.534409
2022,2028,1789636817447298694,1789636817447245366,0.053328,0.053328,1789636817548010784,1789636817548557010,-0.545787,0.545787
2023,2029,1789636817547344901,1789636817547183124,0.161777,0.161777,1789636817648182034,1789636817648682426,-0.498866,0.498866
2024,2030,1789636817647259117,1789636817647312971,-0.053854,0.053854,1789636817748177009,1789636817748684849,-0.507274,0.507274
2025,2031,1789636817747388750,1789636817747174880,0.21387,0.21387,1789636817848049121,1789636817848594989,-0.544988,0.544988
2026,2032,1789636817847342138,1789636817847276690,0.065448,0.065448,1789636817948080427,1789636817948653760,-0.572788,0.572788
2027,2033,1789636817947254575,1789636817947156181,0.098394,0.098394,1789636818048259214,1789636818048804813,-0.545045,0.545045
2028,2034,1789636818047358603,1789636818047252259,0.106344,0.106344,1789636818148084088,1789636818148618656,-0.534156,0.534156
2029,2035,1789636818147274346,1789636818147167968,0.106378,0.106378,1789636818247876448,1789636818248458720,-0.58219,0.58219
2030,2036,1789636818247345600,1789636818247024241,0.321359,0.321359,1789636818348298073,1789636818348882510,-0.584019,0.584019
2031,2037,1789636818347330332,1789636818347182017,0.148315,0.148315,1789636818448079907,1789636818448640103,-0.559773,0.559773
2032,2038,1789636818447325709,1789636818446914742,0.410967,0.410967,1789636818548232481,1789636818548770616,-0.537937,0.537937
2033,2039,1789636818547220306,1789636818547199005,0.021301,0.021301,1789636818648620559,1789636818649168347,-0.547498,0.547498
2034,2040,1789636818647250090,1789636818647197832,0.052258,0.052258,1789636818748210511,1789636818748747813,-0.537224,0.537224
2035,2041,1789636818747219697,1789636818747241468,-0.021771,0.021771,1789636818848700956,1789636818849222211,-0.521239,0.521239
2036,2042,1789636818847284597,1789636818847253906,0.030691,0.030691,1789636818948194390,1789636818948726137,-0.531395,0.531395
2037,2043,1789636818947227299,1789636818947172994,0.054305,0.054305,1789636819047746054,1789636819048287647,-0.541102,0.541102
2038,2044,1789636819047328005,1789636819046954914,0.373091,0.373091,1789636819148288042,1789636819148860155,-0.571679,0.571679
2039,2045,1789636819147240031,1789636819147261511,-0.02148,0.02148,1789636819247726975,1789636819248244511,-0.517146,0.517146
2040,2046,1789636819247385072,1789636819246923024,0.462048,0.462048,1789636819348021317,1789636819348575655,-0.553886,0.553886
2041,2047,1789636819347302449,1789636819347112901,0.189548,0.189548,1789636819448038797,1789636819448576136,-0.536766,0.536766
2042,2048,1789636819447248970,1789636819447083083,0.165887,0.165887,1789636819548115773,1789636819548636962,-0.520909,0.520909
2043,2049,1789636819547176715,1789636819547208605,-0.03189,0.03189,1789636819648213833,1789636819648714221,-0.500033,0.500033
2044,2050,1789636819647188519,1789636819647151324,0.037195,0.037195,1789636819747914966,1789636819748433970,-0.518685,0.518685
2045,2051,1789636819747249464,1789636819747111994,0.13747,0.13747,1789636819848192388,1789636819848725741,-0.532757,0.532757
2046,2052,1789636819847170885,1789636819847242557,-0.071672,0.071672,1789636819948428435,1789636819949127588,-0.698622,0.698622
2047,2053,1789636819947157734,1789636819947131924,0.02581,0.02581,1789636820048151185,1789636820048700076,-0.548577,0.548577
2048,2054,1789636820047192119,1789636820047244724,-0.052605,0.052605,1789636820147722308,1789636820148240543,-0.518061,0.518061
2049,2055,1789636820147250406,1789636820146878889,0.371517,0.371517,1789636820247979539,1789636820248499184,-0.518948,0.518948
2050,2056,1789636820247167850,1789636820247146607,0.021243,0.021243,1789636820348151908,1789636820348689143,-0.536797,0.536797
2051,2057,1789636820347303793,1789636820347066962,0.236831,0.236831,1789636820447836707,1789636820448360033,-0.523149,0.523149
2052,2058,1789636820447242255,1789636820447069991,0.172264,0.172264,1789636820548029675,1789636820548547892,-0.51778,0.51778
2053,2059,1789636820547234918,1789636820547063381,0.171537,0.171537,1789636820648074765,1789636820648623887,-0.55301,0.55301
2054,2060,1789636820647139899,1789636820647241060,-0.101161,0.101161,1789636820748265021,1789636820748763712,-0.498239,0.498239
2055,2061,1789636820747241699,1789636820747186070,0.055629,0.055629,1789636820848146679,1789636820848689688,-0.542618,0.542618
2056,2062,1789636820847151558,1789636820847177098,-0.02554,0.02554,1789636820947891148,1789636820948392538,-0.500792,0.500792
2057,2063,1789636820947164226,1789636820947069323,0.094903,0.094903,1789636821048220819,1789636821048742853,-0.521778,0.521778
2058,2064,1789636821047283799,1789636821047169734,0.114065,0.114065,1789636821147663691,1789636821148228819,-0.564703,0.564703
2059,2065,1789636821147275954,1789636821146968802,0.307152,0.307152,1789636821247881350,1789636821248397482,-0.515727,0.515727
2060,2066,1789636821247327022,1789636821247073627,0.253395,0.253395,1789636821348041496,1789636821348577761,-0.5357,0.5357
2061,2067,1789636821347182596,1789636821347204359,-0.021763,0.021763,1789636821448131386,1789636821448642447,-0.510445,0.510445
2062,2068,1789636821447119386,1789636821447176280,-0.056894,0.056894,1789636821548094390,1789636821548589472,-0.494942,0.494942
2063,2069,1789636821547141520,1789636821547168928,-0.027408,0.027408,1789636821647924010,1789636821648429639,-0.505358,0.505358
2064,2070,1789636821647157632,1789636821647055884,0.101748,0.101748,1789636821747780116,1789636821748257310,-0.476989,0.476989
2065,2071,1789636821747126172,1789636821747046195,0.079977,0.079977,1789636821848333236,1789636821849010514,-0.676888,0.676888
2066,2072,1789636821847274439,1789636821847141523,0.132916,0.132916,1789636821948021558,1789636821948711489,-0.689657,0.689657
2067,2073,1789636821947213770,1789636821946844585,0.369185,0.369185,1789636822047788271,1789636822048509024,-0.720401,0.720401
2068,2074,1789636822047171729,1789636822046811480,0.360249,0.360249,1789636822147562052,1789636822148104919,-0.542116,0.542116
2069,2075,1789636822146693734,1789636822146949679,-0.255945,0.255945,1789636822248458605,1789636822249161653,-0.702703,0.702703
2070,2076,1789636822247156528,1789636822247115993,0.040535,0.040535,1789636822347776979,1789636822348316236,-0.539151,0.539151
2071,2077,1789636822347173153,1789636822346912239,0.260914,0.260914,1789636822447857128,1789636822448410260,-0.552738,0.552738
2073,2078,1789636822547254035,1789636822547193002,0.061033,0.061033,1789636822647868475,1789636822648376357,-0.507408,0.507408
2074,2079,1789636822647129252,1789636822646824230,0.305022,0.305022,1789636822747412761,1789636822747939768,-0.52656,0.52656
2075,2080,1789636822746623244,1789636822746882489,-0.259245,0.259245,1789636822848121391,1789636822848735993,-0.614616,0.614616
2076,2081,1789636822847108583,1789636822847130280,-0.021697,0.021697,1789636822948128002,1789636822948690401,-0.56219,0.56219
2077,2082,1789636822947217937,1789636822947067760,0.150177,0.150177,1789636823047910488,1789636823048495814,-0.585132,0.585132
2078,2083,1789636823047181140,1789636823047089058,0.092082,0.092082,1789636823147948943,1789636823148480935,-0.5317,0.5317
2079,2084,1789636823147202402,1789636823147085407,0.116995,0.116995,1789636823247770118,1789636823248311790,-0.541314,0.541314
2080,2085,1789636823247061437,1789636823247005484,0.055953,0.055953,1789636823348001831,1789636823348539956,-0.53777,0.53777
2081,2086,1789636823347163516,1789636823347072827,0.090689,0.090689,1789636823447911343,1789636823448426261,-0.514418,0.514418
2082,2087,1789636823447068111,1789636823446991581,0.07653,0.07653,1789636823547847113,1789636823548418318,-0.570915,0.570915
2083,2088,1789636823547168673,1789636823546983941,0.184732,0.184732,1789636823647828405,1789636823648364717,-0.535989,0.535989
2084,2089,1789636823647215801,1789636823647065667,0.150134,0.150134,1789636823747903430,1789636823748431619,-0.527546,0.527546
2085,2090,1789636823747088298,1789636823746965032,0.123266,0.123266,1789636823848035406,1789636823848556292,-0.520587,0.520587
2086,2091,1789636823847187393,1789636823847145789,0.041604,0.041604,1789636823947966030,1789636823948506627,-0.540024,0.540024
2087,2092,1789636823947223763,1789636823947013589,0.210174,0.210174,1789636824047835729,1789636824048393335,-0.557109,0.557109
2088,2093,1789636824047141597,1789636824047120194,0.021403,0.021403,1789636824147867565,1789636824148389661,-0.521346,0.521346
2089,2094,1789636824147134199,1789636824146942795,0.191404,0.191404,1789636824247884171,1789636824248451259,-0.566667,0.566667
2090,2095,1789636824247071162,1789636824246953044,0.118118,0.118118,1789636824347917121,1789636824348437351,-0.519683,0.519683
2091,2096,1789636824347104369,1789636824346938590,0.165779,0.165779,1789636824447877121,1789636824448381294,-0.50376,0.50376
2092,2097,1789636824447200866,1789636824447041526,0.15934,0.15934,1789636824547938882,1789636824548650593,-0.711168,0.711168
2093,2098,1789636824547101816,1789636824546977340,0.124476,0.124476,1789636824647729899,1789636824648245902,-0.515828,0.515828
2094,2099,1789636824647052942,1789636824647031231,0.021711,0.021711,1789636824747887518,1789636824748377629,-0.489966,0.489966
2095,2100,1789636824747032883,1789636824747011881,0.021002,0.021002,1789636824848177954,1789636824848911950,-0.733474,0.733474
2096,2101,1789636824847072272,1789636824847003821,0.068451,0.068451,1789636824947807629,1789636824948401059,-0.592831,0.592831
2097,2102,1789636824947044669,1789636824947002779,0.04189,0.04189,1789636825048006271,1789636825048574811,-0.567561,0.567561
2098,2103,1789636825047154778,1789636825047063165,0.091613,0.091613,1789636825147777140,1789636825148269644,-0.492257,0.492257
2099,2104,1789636825147113876,1789636825147092809,0.021067,0.021067,1789636825247904639,1789636825248425062,-0.519703,0.519703
2100,2105,1789636825247157994,1789636825246911828,0.246166,0.246166,1789636825347770491,1789636825348273386,-0.502636,0.502636
2101,2106,1789636825347094337,1789636825347051713,0.042624,0.042624,1789636825447832159,1789636825448352876,-0.520185,0.520185
2102,2107,1789636825447033863,1789636825446959281,0.074582,0.074582,1789636825547745668,1789636825548272858,-0.526381,0.526381
2103,2108,1789636825547156759,1789636825546912639,0.24412,0.24412,1789636825647924313,1789636825648470583,-0.54586,0.54586
2104,2109,1789636825647060395,1789636825647007843,0.052552,0.052552,1789636825747756067,1789636825748270444,-0.513688,0.513688
2105,2110,1789636825747002470,1789636825746981057,0.021413,0.021413,1789636825847942885,1789636825848484426,-0.541456,0.541456
2106,2111,1789636825847074779,1789636825847021575,0.053204,0.053204,1789636825947934413,1789636825948460890,-0.526113,0.526113
2107,2112,1789636825947023533,1789636825947044981,-0.021448,0.021448,1789636826047644692,1789636826048137463,-0.492364,0.492364
2108,2113,1789636826047006628,1789636826046878051,0.128577,0.128577,1789636826147913587,1789636826148442376,-0.528328,0.528328
2109,2114,1789636826147045271,1789636826147066620,-0.021349,0.021349,1789636826247840539,1789636826248434734,-0.594081,0.594081
2110,2115,1789636826246970916,1789636826246942894,0.028022,0.028022,1789636826347963072,1789636826348481982,-0.518381,0.518381
2111,2116,1789636826347082472,1789636826346930443,0.152029,0.152029,1789636826447751816,1789636826448260566,-0.508241,0.508241
2112,2117,1789636826447042312,1789636826446983824,0.058488,0.058488,1789636826548031849,1789636826548545314,-0.513052,0.513052
2113,2118,1789636826547139978,1789636826547028402,0.111576,0.111576,1789636826647921732,1789636826648432620,-0.510522,0.510522
2114,2119,1789636826647130050,1789636826646989404,0.140646,0.140646,1789636826747683129,1789636826748163233,-0.479689,0.479689
2115,2120,1789636826746983846,1789636826746925461,0.058385,0.058385,1789636826847774992,1789636826848287447,-0.512197,0.512197
2116,2121,1789636826847153348,1789636826846905391,0.247957,0.247957,1789636826947772425,1789636826948340952,-0.56824,0.56824
2117,2122,1789636826947003836,1789636826946971999,0.031837,0.031837,1789636827047823634,1789636827048352049,-0.528211,0.528211
2118,2123,1789636827046952143,1789636827046848323,0.10382,0.10382,1789636827147772975,1789636827148278157,-0.504823,0.504823
2119,2124,1789636827147109087,1789636827146911483,0.197604,0.197604,1789636827247783804,1789636827248330326,-0.546004,0.546004
2120,2125,1789636827246985570,1789636827247007070,-0.0215,0.0215,1789636827347857070,1789636827348415889,-0.558436,0.558436
2121,2126,1789636827346949471,1789636827346928249,0.021222,0.021222,1789636827447754203,1789636827448234047,-0.479585,0.479585
2122,2127,1789636827447030040,1789636827446886349,0.143691,0.143691,1789636827547692231,1789636827548237197,-0.544696,0.544696
2123,2128,1789636827546978137,1789636827546925876,0.052261,0.052261,1789636827647944178,1789636827648473333,-0.528683,0.528683
2124,2129,1789636827647117691,1789636827646872233,0.245458,0.245458,1789636827747684289,1789636827748194167,-0.509454,0.509454
2125,2130,1789636827747041133,1789636827746858726,0.182407,0.182407,1789636827847629334,1789636827848118931,-0.489334,0.489334
2126,2131,1789636827846926559,1789636827846947506,-0.020947,0.020947,1789636827947935076,1789636827948491494,-0.555911,0.555911
2127,2132,1789636827947065001,1789636827946948427,0.116574,0.116574,1789636828047707182,1789636828048237441,-0.529796,0.529796
2128,2133,1789636828046916918,1789636828046844538,0.07238,0.07238,1789636828147657024,1789636828148159541,-0.501976,0.501976
2129,2134,1789636828146914138,1789636828146943598,-0.02946,0.02946,1789636828247905470,1789636828248448747,-0.542651,0.542651
2130,2135,1789636828246998734,1789636828246877939,0.120795,0.120795,1789636828347726335,1789636828348228615,-0.502103,0.502103
2131,2136,1789636828346965949,1789636828346944448,0.021501,0.021501,1789636828447995506,1789636828448522907,-0.527214,0.527214
2132,2137,1789636828447044773,1789636828446889621,0.155152,0.155152,1789636828547713900,1789636828548436788,-0.722729,0.722729
2133,2138,1789636828546988551,1789636828546822202,0.166349,0.166349,1789636828647677208,1789636828648169117,-0.491454,0.491454
2134,2139,1789636828646905366,1789636828646942659,-0.037293,0.037293,1789636828747991012,1789636828748531068,-0.539812,0.539812
2135,2140,1789636828746969396,1789636828746892324,0.077072,0.077072,1789636828847854452,1789636828848551990,-0.697257,0.697257
2136,2141,1789636828846925223,1789636828846969433,-0.04421,0.04421,1789636828947997184,1789636828948548658,-0.551393,0.551393
2137,2142,1789636828947025981,1789636828946934371,0.09161,0.09161,1789636829047748759,1789636829048509031,-0.759878,0.759878
2138,2143,1789636829046947467,1789636829046925746,0.021721,0.021721,1789636829147661725,1789636829148403738,-0.741812,0.741812
2139,2144,1789636829146881967,1789636829146853493,0.028474,0.028474,1789636829247712396,1789636829248446140,-0.733245,0.733245
2140,2145,1789636829247027308,1789636829246797609,0.229699,0.229699,1789636829347759555,1789636829348750746,-0.990932,0.990932
2141,2146,1789636829346920205,1789636829346898958,0.021247,0.021247,1789636829448298567,1789636829448900125,-0.601261,0.601261
2142,2147,1789636829447021627,1789636829446817683,0.203944,0.203944,1789636829547849091,1789636829548375478,-0.525993,0.525993
2143,2148,1789636829546945434,1789636829546828928,0.116506,0.116506,1789636829647635926,1789636829648168615,-0.532306,0.532306
2144,2149,1789636829646890784,1789636829646869324,0.02146,0.02146,1789636829747900293,1789636829748418228,-0.517642,0.517642
2145,2150,1789636829747010956,1789636829746849896,0.16106,0.16106,1789636829847679551,1789636829848192572,-0.512555,0.512555
2146,2151,1789636829846934352,1789636829846875734,0.058618,0.058618,1789636829947980655,1789636829948539249,-0.558186,0.558186
2147,2152,1789636829947001208,1789636829947522073,-0.520865,0.520865,1789636830047833769,1789636830048365606,-0.531063,0.531063
2148,2153,1789636830047000282,1789636830046884631,0.115651,0.115651,1789636830147553618,1789636830148043533,-0.489842,0.489842
2149,2154,1789636830146911989,1789636830146796420,0.115569,0.115569,1789636830247867142,1789636830248423544,-0.555761,0.555761
2150,2155,1789636830246992026,1789636830246925053,0.066973,0.066973,1789636830347738911,1789636830348231677,-0.492527,0.492527
2151,2156,1789636830346916387,1789636830347570914,-0.654527,0.654527,1789636830447661418,1789636830448175578,-0.513703,0.513703
2152,2157,1789636830446901628,1789636830446752642,0.148986,0.148986,1789636830547667063,1789636830548189021,-0.521189,0.521189
2153,2158,1789636830547021912,1789636830546822704,0.199208,0.199208,1789636830647539865,1789636830648036262,-0.496043,0.496043
2154,2159,1789636830646909699,1789636830646783655,0.126044,0.126044,1789636830747650800,1789636830748169614,-0.518114,0.518114
2155,2160,1789636830746848334,1789636830746919419,-0.071085,0.071085,1789636830847798434,1789636830848317790,-0.518777,0.518777
2156,2161,1789636830847001519,1789636830846722954,0.278565,0.278565,1789636830947451874,1789636830947977105,-0.524892,0.524892
2157,2162,1789636830946915284,1789636830946724885,0.190399,0.190399,1789636831047467562,1789636831047997293,-0.529362,0.529362
2158,2163,1789636831046879434,1789636831046734007,0.145427,0.145427,1789636831147594452,1789636831148097414,-0.502553,0.502553
2159,2164,1789636831146957154,1789636831146709602,0.247552,0.247552,1789636831247649289,1789636831248185360,-0.535541,0.535541
2160,2165,1789636831246897031,1789636831246918127,-0.021096,0.021096,1789636831347721872,1789636831348231007,-0.50886,0.50886
2161,2166,1789636831346863662,1789636831346764471,0.099191,0.099191,1789636831447700027,1789636831448205806,-0.505294,0.505294
2162,2167,1789636831446928018,1789636831446820147,0.107871,0.107871,1789636831547679869,1789636831548205856,-0.525683,0.525683
2163,2168,1789636831546832520,1789636831546728242,0.104278,0.104278,1789636831647527294,1789636831648097325,-0.569681,0.569681
2164,2169,1789636831646846224,1789636831646729492,0.116732,0.116732,1789636831747609058,1789636831748126985,-0.517485,0.517485
2165,2170,1789636831746894498,1789636831746748093,0.146405,0.146405,1789636831847589344,1789636831848129991,-0.540048,0.540048
2166,2171,1789636831846822761,1789636831846703432,0.119329,0.119329,1789636831947562616,1789636831948120700,-0.557651,0.557651
2167,2172,1789636831946897099,1789636831946733494,0.163605,0.163605,1789636832047649477,1789636832048179867,-0.529922,0.529922
2168,2173,1789636832046946692,1789636832046819255,0.127437,0.127437,1789636832147757501,1789636832148252704,-0.494778,0.494778
2169,2174,1789636832146952430,1789636832146855123,0.097307,0.097307,1789636832247586868,1789636832248141501,-0.554213,0.554213
2170,2175,1789636832246850816,1789636832246681744,0.169072,0.169072,1789636832347585131,1789636832348125958,-0.540528,0.540528
2171,2176,1789636832346924486,1789636832346813992,0.110494,0.110494,1789636832447757125,1789636832448284992,-0.527241,0.527241
2172,2177,1789636832446875347,1789636832446671764,0.203583,0.203583,1789636832547537147,1789636832548068722,-0.531074,0.531074
2173,2178,1789636832546898029,1789636832546856632,0.041397,0.041397,1789636832647678301,1789636832648185719,-0.507161,0.507161
2174,2179,1789636832646644256,1789636832646567236,0.07702,0.07702,1789636832747465017,1789636832747957932,-0.492453,0.492453
2175,2180,1789636832746786371,1789636832746759055,0.027316,0.027316,1789636832847551643,1789636832848076137,-0.524109,0.524109
2176,2181,1789636832846871828,1789636832846683481,0.188347,0.188347,1789636832947556039,1789636832948084019,-0.527135,0.527135
2177,2182,1789636832946824336,1789636832946782282,0.042054,0.042054,1789636833047688661,1789636833048183490,-0.494525,0.494525
2178,2183,1789636833046910912,1789636833046687703,0.223209,0.223209,1789636833147424225,1789636833147926278,-0.501591,0.501591
2179,2184,1789636833146819459,1789636833146673681,0.145778,0.145778,1789636833247592331,1789636833248117500,-0.524884,0.524884
2180,2185,1789636833246873515,1789636833246808917,0.064598,0.064598,1789636833347750316,1789636833348269360,-0.518897,0.518897
2181,2186,1789636833346827544,1789636833346721142,0.106402,0.106402,1789636833447395994,1789636833447929151,-0.532912,0.532912
2182,2187,1789636833446848962,1789636833446640732,0.20823,0.20823,1789636833547600615,1789636833548154948,-0.553655,0.553655
2183,2188,1789636833546822742,1789636833546801143,0.021599,0.021599,1789636833647647287,1789636833648163104,-0.515367,0.515367
2184,2189,1789636833646785803,1789636833646720543,0.06526,0.06526,1789636833747620599,1789636833748161371,-0.540135,0.540135
2185,2190,1789636833746859968,1789636833746742778,0.11719,0.11719,1789636833847609841,1789636833848129604,-0.519555,0.519555
2186,2191,1789636833846893452,1789636833846677441,0.216011,0.216011,1789636833947461539,1789636833948006723,-0.54479,0.54479
2187,2192,1789636833946807620,1789636833946694115,0.113505,0.113505,1789636834047603538,1789636834048155483,-0.551377,0.551377
2188,2193,1789636834046812198,1789636834046709084,0.103114,0.103114,1789636834147674099,1789636834148229529,-0.554823,0.554823
2189,2195,1789636834246899810,1789636834246619747,0.280063,0.280063,1789636834347514925,1789636834348052349,-0.536745,0.536745
2190,2196,1789636834346719430,1789636834346697731,0.021699,0.021699,1789636834447700261,1789636834448188579,-0.487986,0.487986
2191,2197,1789636834446776511,1789636834446619147,0.157364,0.157364,1789636834547624401,1789636834548193413,-0.568632,0.568632
2192,2198,1789636834546730595,1789636834546619358,0.111237,0.111237,1789636834647875802,1789636834648432978,-0.55674,0.55674
2193,2199,1789636834646835688,1789636834646698368,0.13732,0.13732,1789636834747705518,1789636834748247493,-0.541474,0.541474
2194,2200,1789636834746787064,1789636834746765885,0.021179,0.021179,1789636834847569766,1789636834848146245,-0.576135,0.576135
2195,2201,1789636834846705936,1789636834846601413,0.104523,0.104523,1789636834947637207,1789636834948231070,-0.59356,0.59356
2196,2202,1789636834946808419,1789636834946676069,0.13235,0.13235,1789636835047630193,1789636835048166820,-0.536242,0.536242
2197,2203,1789636835046742329,1789636835046650660,0.091669,0.091669,1789636835147607902,1789636835148151807,-0.54361,0.54361
2198,2204,1789636835146682822,1789636835146800326,-0.117504,0.117504,1789636835247758181,1789636835248297286,-0.538724,0.538724
2199,2205,1789636835246733623,1789636835246619569,0.114054,0.114054,1789636835347492671,1789636835348039998,-0.546923,0.546923
2200,2206,1789636835346742369,1789636835346763856,-0.021487,0.021487,1789636835447653356,1789636835448218008,-0.564421,0.564421
2201,2207,1789636835446673714,1789636835446744564,-0.07085,0.07085,1789636835547585558,1789636835548107062,-0.521179,0.521179
2202,2208,1789636835546696980,1789636835546718458,-0.021478,0.021478,1789636835647395047,1789636835647918691,-0.52293,0.52293
2203,2209,1789636835646682929,1789636835646704446,-0.021517,0.021517,1789636835747777943,1789636835748275557,-0.497189,0.497189
2204,2210,1789636835746729373,1789636835746789802,-0.060429,0.060429,1789636835847438168,1789636835847974393,-0.535924,0.535924
2205,2211,1789636835846717331,1789636835846695630,0.021701,0.021701,1789636835947549751,1789636835948128017,-0.577893,0.577893
2206,2212,1789636835946746463,1789636835946626226,0.120237,0.120237,1789636836047482505,1789636836047998251,-0.515528,0.515528
2207,2213,1789636836046767806,1789636836046714357,0.053449,0.053449,1789636836147617756,1789636836148134260,-0.516057,0.516057
2208,2214,1789636836146835444,1789636836146610008,0.225436,0.225436,1789636836247539572,1789636836248109834,-0.56972,0.56972
2209,2215,1789636836246647319,1789636836246687255,-0.039936,0.039936,1789636836347804486,1789636836348351882,-0.546939,0.546939
2210,2216,1789636836346694946,1789636836346716296,-0.02135,0.02135,1789636836447532449,1789636836448088275,-0.555245,0.555245
2211,2217,1789636836446822989,1789636836446642083,0.180906,0.180906,1789636836547357681,1789636836547906636,-0.548367,0.548367
2212,2218,1789636836546740023,1789636836546621624,0.118399,0.118399,1789636836647801967,1789636836648314634,-0.512433,0.512433
2213,2219,1789636836646700273,1789636836646814771,-0.114498,0.114498,1789636836747805227,1789636836748344893,-0.539289,0.539289
2214,2220,1789636836746772061,1789636836746695169,0.076892,0.076892,1789636836847472455,1789636836847983092,-0.51041,0.51041
2215,2221,1789636836846700050,1789636836846604569,0.095481,0.095481,1789636836947456001,1789636836948031142,-0.574866,0.574866
2216,2222,1789636836946660167,1789636836946625865,0.034302,0.034302,1789636837047607609,1789636837048125796,-0.517991,0.517991
2217,2223,1789636837046789529,1789636837046761704,0.027825,0.027825,1789636837147614466,1789636837148129425,-0.514664,0.514664
2218,2224,1789636837146671551,1789636837146765347,-0.093796,0.093796,1789636837247483335,1789636837247992189,-0.508652,0.508652
2219,2225,1789636837246642938,1789636837246621405,0.021533,0.021533,1789636837347626313,1789636837348136978,-0.510108,0.510108
2220,2226,1789636837346737720,1789636837346758095,-0.020375,0.020375,1789636837447862506,1789636837448403622,-0.540884,0.540884
2221,2227,1789636837446629999,1789636837446818214,-0.188215,0.188215,1789636837547693223,1789636837548199196,-0.505411,0.505411
2222,2228,1789636837546793507,1789636837546615707,0.1778,0.1778,1789636837647396877,1789636837647950180,-0.5531,0.5531
2223,2229,1789636837646662837,1789636837646641364,0.021473,0.021473,1789636837747584672,1789636837748099244,-0.514012,0.514012
2224,2230,1789636837746630439,1789636837746603240,0.027199,0.027199,1789636837847797323,1789636837848332247,-0.534435,0.534435
2225,2231,1789636837846716636,1789636837846788984,-0.072348,0.072348,1789636837947714027,1789636837948264232,-0.549582,0.549582
2226,2232,1789636837946674117,1789636837946757509,-0.083392,0.083392,1789636838047614525,1789636838048101158,-0.486291,0.486291
2227,2233,1789636838046733894,1789636838046712845,0.021049,0.021049,1789636838147624838,1789636838148151282,-0.525857,0.525857
2228,2234,1789636838146715100,1789636838146649174,0.065926,0.065926,1789636838247662546,1789636838248167952,-0.504777,0.504777
2229,2235,1789636838246731611,1789636838246710254,0.021357,0.021357,1789636838347623183,1789636838348149363,-0.525794,0.525794
2230,2236,1789636838346744225,1789636838346832352,-0.088127,0.088127,1789636838447751639,1789636838448288247,-0.536568,0.536568
2231,2237,1789636838446605368,1789636838446817887,-0.212519,0.212519,1789636838547435594,1789636838547952154,-0.516362,0.516362
2232,2238,1789636838546695728,1789636838546602353,0.093375,0.093375,1789636838647568941,1789636838648082730,-0.513523,0.513523
2233,2239,1789636838646646886,1789636838646774503,-0.127617,0.127617,1789636838747859418,1789636838748361203,-0.501144,0.501144
2234,2240,1789636838746575731,1789636838746698565,-0.122834,0.122834,1789636838847974193,1789636838848568195,-0.593673,0.593673
2235,2241,1789636838846695675,1789636838846717573,-0.021898,0.021898,1789636838947768678,1789636838948331101,-0.56188,0.56188
2236,2242,1789636838946619242,1789636838946790027,-0.170785,0.170785,1789636839047960068,1789636839048522469,-0.561925,0.561925
2237,2243,1789636839046587019,1789636839046735242,-0.148223,0.148223,1789636839147860522,1789636839148358230,-0.497396,0.497396
2238,2244,1789636839146748220,1789636839146711336,0.036884,0.036884,1789636839247699582,1789636839248241041,-0.540949,0.540949
2239,2245,1789636839246616242,1789636839246595393,0.020849,0.020849,1789636839348045984,1789636839348610697,-0.564456,0.564456
2240,2246,1789636839346697749,1789636839346799264,-0.101515,0.101515,1789636839448195716,1789636839448737419,-0.541237,0.541237
2241,2247,1789636839446796235,1789636839446591839,0.204396,0.204396,1789636839547745356,1789636839548308359,-0.562376,0.562376
2242,2248,1789636839546588689,1789636839546732195,-0.143506,0.143506,1789636839647848126,1789636839648391471,-0.543083,0.543083
2243,2249,1789636839646682114,1789636839646725214,-0.0431,0.0431,1789636839747613511,1789636839748131726,-0.517757,0.517757
2244,2250,1789636839746732000,1789636839746673798,0.058202,0.058202,1789636839847464092,1789636839848043584,-0.579128,0.579128
2245,2251,1789636839846704605,1789636839846608368,0.096237,0.096237,1789636839947596648,1789636839948163050,-0.566228,0.566228
2246,2252,1789636839946661962,1789636839946698622,-0.03666,0.03666,1789636840047668629,1789636840048249129,-0.580349,0.580349
2247,2254,1789636840146872686,1789636840147218849,-0.346163,0.346163,1789636840247519383,1789636840248071270,-0.551577,0.551577
2248,2255,1789636840246624801,1789636840246723240,-0.098439,0.098439,1789636840347707533,1789636840348252015,-0.544261,0.544261
2249,2256,1789636840346756683,1789636840346569016,0.187667,0.187667,1789636840447405289,1789636840447957254,-0.551561,0.551561
2250,2257,1789636840446665396,1789636840446686689,-0.021293,0.021293,1789636840547686642,1789636840548218927,-0.53204,0.53204
2251,2258,1789636840546616593,1789636840546722832,-0.106239,0.106239,1789636840647878748,1789636840648399982,-0.521129,0.521129
2252,2259,1789636840646628749,1789636840646753672,-0.124923,0.124923,1789636840747593034,1789636840748189180,-0.595236,0.595236
2253,2260,1789636840746669576,1789636840746788788,-0.119212,0.119212,1789636840847590881,1789636840848160275,-0.568825,0.568825
2254,2261,1789636840846625443,1789636840846700963,-0.07552,0.07552,1789636840947519173,1789636840948089814,-0.570268,0.570268
2255,2262,1789636840946600688,1789636840946621766,-0.021078,0.021078,1789636841047554365,1789636841048110844,-0.556128,0.556128
2256,2263,1789636841046683990,1789636841047166047,-0.482057,0.482057,1789636841147560287,1789636841148116087,-0.555491,0.555491
2257,2264,1789636841146608064,1789636841146628955,-0.020891,0.020891,1789636841247670996,1789636841248188120,-0.516831,0.516831
2258,2265,1789636841246744350,1789636841246546484,0.197866,0.197866,1789636841347767820,1789636841348291697,-0.523544,0.523544
2259,2266,1789636841346636933,1789636841347278030,-0.641097,0.641097,1789636841447782528,1789636841448289554,-0.506654,0.506654
2260,2267,1789636841446631657,1789636841446731569,-0.099912,0.099912,1789636841547346306,1789636841547877615,-0.531128,0.531128
2261,2268,1789636841546655536,1789636841546603296,0.05224,0.05224,1789636841647600718,1789636841648119124,-0.518065,0.518065
2262,2269,1789636841646645261,1789636841646777511,-0.13225,0.13225,1789636841747703213,1789636841748193069,-0.489499,0.489499
2263,2270,1789636841746638498,1789636841746659792,-0.021294,0.021294,1789636841847480686,1789636841847988750,-0.507591,0.507591
2264,2271,1789636841846500065,1789636841846707486,-0.207421,0.207421,1789636841947724912,1789636841948254902,-0.529627,0.529627
2265,2272,1789636841946492624,1789636841946696870,-0.204246,0.204246,1789636842047615221,1789636842048174866,-0.559387,0.559387
2266,2273,1789636842046605016,1789636842046667003,-0.061987,0.061987,1789636842147781592,1789636842148306385,-0.524689,0.524689
2267,2274,1789636842146618316,1789636842146818658,-0.200342,0.200342,1789636842247827361,1789636842248377565,-0.549992,0.549992
2268,2275,1789636842246607995,1789636842247226262,-0.618267,0.618267,1789636842347646787,1789636842348176623,-0.529147,0.529147
2269,2276,1789636842346631363,1789636842346684063,-0.0527,0.0527,1789636842447412154,1789636842447967841,-0.555045,0.555045
2270,2277,1789636842446520953,1789636842446604314,-0.083361,0.083361,1789636842547684195,1789636842548216767,-0.531985,0.531985
2271,2278,1789636842546577668,1789636842546776685,-0.199017,0.199017,1789636842647537566,1789636842648055116,-0.516948,0.516948
2272,2279,1789636842646639495,1789636842646607421,0.032074,0.032074,1789636842747605993,1789636842748146415,-0.539859,0.539859
2273,2280,1789636842746694220,1789636842746487776,0.206444,0.206444,1789636842847349654,1789636842847860129,-0.510191,0.510191
2274,2281,1789636842846511899,1789636842846621620,-0.109721,0.109721,1789636842947457845,1789636842948007002,-0.548656,0.548656
2275,2282,1789636842946553632,1789636842946596588,-0.042956,0.042956,1789636843047705908,1789636843048279389,-0.573005,0.573005
2276,2283,1789636843046580217,1789636843046766974,-0.186757,0.186757,1789636843147647757,1789636843148203956,-0.555587,0.555587
2277,2284,1789636843146619033,1789636843146650924,-0.031891,0.031891,1789636843247420653,1789636843247937839,-0.516621,0.516621
2278,2285,1789636843246547306,1789636843246644365,-0.097059,0.097059,1789636843347542119,1789636843348029496,-0.487054,0.487054
2279,2286,1789636843346591907,1789636843346755194,-0.163287,0.163287,1789636843447727127,1789636843448220820,-0.49314,0.49314
2280,2287,1789636843446623376,1789636843446659961,-0.036585,0.036585,1789636843547545226,1789636843548081623,-0.53608,0.53608
2281,2288,1789636843546719454,1789636843546533985,0.185469,0.185469,1789636843647573904,1789636843648074858,-0.500758,0.500758
2282,2289,1789636843646604230,1789636843646690829,-0.086599,0.086599,1789636843747552806,1789636843748102540,-0.549575,0.549575
2283,2290,1789636843746432991,1789636843746625168,-0.192177,0.192177,1789636843847560205,1789636843848066548,-0.505839,0.505839
2284,2291,1789636843846656891,1789636843846520726,0.136165,0.136165,1789636843947355530,1789636843947882450,-0.526354,0.526354
2285,2292,1789636843946420339,1789636843946615936,-0.195597,0.195597,1789636844047665895,1789636844048205431,-0.538637,0.538637
2286,2293,1789636844046457167,1789636844046621158,-0.163991,0.163991,1789636844147581773,1789636844148086805,-0.50464,0.50464
2287,2294,1789636844146676691,1789636844146484674,0.192017,0.192017,1789636844247417351,1789636844247969388,-0.551501,0.551501
2288,2295,1789636844246421856,1789636844246616101,-0.194245,0.194245,1789636844347753680,1789636844348278138,-0.5238,0.5238
2289,2296,1789636844346686659,1789636844346580680,0.105979,0.105979,1789636844447471309,1789636844448019574,-0.547789,0.547789
2290,2297,1789636844446630926,1789636844446440101,0.190825,0.190825,1789636844547571383,1789636844548113741,-0.5421,0.5421
2291,2298,1789636844546655087,1789636844546573377,0.08171,0.08171,1789636844647648656,1789636844648148757,-0.499775,0.499775
2292,2299,1789636844646698360,1789636844646553402,0.144958,0.144958,1789636844747372441,1789636844747891109,-0.518162,0.518162
2293,2300,1789636844746579005,1789636844746611240,-0.032235,0.032235,1789636844847622575,1789636844848115189,-0.492218,0.492218
2294,2301,1789636844846621265,1789636844846592076,0.029189,0.029189,1789636844947535254,1789636844948076107,-0.540606,0.540606
2295,2302,1789636844946619369,1789636844946552687,0.066682,0.066682,1789636845047390852,1789636845047928360,-0.536904,0.536904
2296,2303,1789636845046616606,1789636845046447655,0.168951,0.168951,1789636845147409639,1789636845147945518,-0.535315,0.535315
2297,2304,1789636845146408940,1789636845146602577,-0.193637,0.193637,1789636845247745693,1789636845248275044,-0.528942,0.528942
2298,2305,1789636845246669931,1789636845246476555,0.193376,0.193376,1789636845347424231,1789636845347911735,-0.487032,0.487032
2299,2306,1789636845346509849,1789636845346615564,-0.105715,0.105715,1789636845447691382,1789636845448186845,-0.494845,0.494845
2300,2307,1789636845446687024,1789636845446515905,0.171119,0.171119,1789636845547439709,1789636845547950344,-0.510227,0.510227
2301,2308,1789636845546514058,1789636845546700226,-0.186168,0.186168,1789636845647618166,1789636845648133218,-0.51458,0.51458
2302,2309,1789636845646520457,1789636845646641829,-0.121372,0.121372,1789636845747563281,1789636845748122366,-0.558729,0.558729
2303,2310,1789636845746511859,1789636845746653701,-0.141842,0.141842,1789636845847381876,1789636845847918085,-0.535745,0.535745
2304,2311,1789636845846596364,1789636845847080179,-0.483815,0.483815,1789636845947674419,1789636845948227479,-0.552362,0.552362
2305,2312,1789636845946644907,1789636845946416187,0.22872,0.22872,1789636846047640021,1789636846048178836,-0.538402,0.538402
2306,2313,1789636846046736463,1789636846046580455,0.156008,0.156008,1789636846147574611,1789636846148107994,-0.532901,0.532901
2307,2314,1789636846146475274,1789636846147005743,-0.530469,0.530469,1789636846247714707,1789636846248253785,-0.538778,0.538778
2308,2315,1789636846246633987,1789636846246574450,0.059537,0.059537,1789636846347450048,1789636846347969502,-0.518732,0.518732
2309,2316,1789636846346534830,1789636846347094953,-0.560123,0.560123,1789636846447560739,1789636846448135227,-0.573769,0.573769
2310,2317,1789636846446421513,1789636846446619811,-0.198298,0.198298,1789636846547528687,1789636846548106407,-0.576983,0.576983
2311,2318,1789636846546617306,1789636846546497186,0.12012,0.12012,1789636846647552179,1789636846648121024,-0.568207,0.568207
2312,2319,1789636846646641041,1789636846646518247,0.122794,0.122794,1789636846747406444,1789636846747972849,-0.566238,0.566238
2313,2320,1789636846746638841,1789636846746546710,0.092131,0.092131,1789636846847641531,1789636846848200701,-0.558898,0.558898
2314,2321,1789636846846568443,1789636846847045229,-0.476786,0.476786,1789636846947885315,1789636846948444382,-0.558335,0.558335
2315,2322,1789636846946750936,1789636846947005022,-0.254086,0.254086,1789636847047568910,1789636847048088782,-0.519332,0.519332
2316,2323,1789636847046583967,1789636847047034252,-0.450285,0.450285,1789636847147597316,1789636847148114152,-0.516583,0.516583
2317,2324,1789636847146571638,1789636847146733738,-0.1621,0.1621,1789636847247482896,1789636847247996400,-0.513311,0.513311
2319,2325,1789636847346590425,1789636847347001717,-0.411292,0.411292,1789636847447685727,1789636847448188436,-0.50236,0.50236
2320,2326,1789636847446630270,1789636847446460759,0.169511,0.169511,1789636847547395898,1789636847547910821,-0.514256,0.514256
2321,2327,1789636847546662204,1789636847546455075,0.207129,0.207129,1789636847647543486,1789636847648100158,-0.556017,0.556017
2322,2328,1789636847646637587,1789636847646495015,0.142572,0.142572,1789636847747540638,1789636847748078166,-0.537043,0.537043
2323,2329,1789636847746642425,1789636847746435624,0.206801,0.206801,1789636847847615972,1789636847848182825,-0.566438,0.566438
2324,2330,1789636847846686256,1789636847846978129,-0.291873,0.291873,1789636847947538815,1789636847948077787,-0.538682,0.538682
2325,2331,1789636847946630618,1789636847946468651,0.161967,0.161967,1789636848047438177,1789636848047925873,-0.487128,0.487128
2326,2332,1789636848046593935,1789636848046677951,-0.084016,0.084016,1789636848147764134,1789636848148243515,-0.478866,0.478866
2327,2333,1789636848146734784,1789636848146539293,0.195491,0.195491,1789636848247403662,1789636848247919549,-0.515122,0.515122
2328,2334,1789636848246646547,1789636848246926349,-0.279802,0.279802,1789636848347330317,1789636848347852551,-0.52185,0.52185
2329,2335,1789636848346558535,1789636848346922178,-0.363643,0.363643,1789636848447780779,1789636848448347453,-0.566476,0.566476
2330,2336,1789636848446725204,1789636848446548640,0.176564,0.176564,1789636848547476562,1789636848548008787,-0.531845,0.531845
2331,2337,1789636848546525629,1789636848547000656,-0.475027,0.475027,1789636848647580825,1789636848648074920,-0.493565,0.493565
2332,2338,1789636848646465800,1789636848646675215,-0.209415,0.209415,1789636848747486515,1789636848747981307,-0.494408,0.494408
2333,2339,1789636848746594891,1789636848746517459,0.077432,0.077432,1789636848847492567,1789636848848034759,-0.541847,0.541847
2334,2340,1789636848846545407,1789636848846955077,-0.40967,0.40967,1789636848947782726,1789636848948313846,-0.5308,0.5308
2335,2341,1789636848946691589,1789636848946491582,0.200007,0.200007,1789636849047404364,1789636849047962128,-0.557245,0.557245
2336,2342,1789636849046597560,1789636849046400473,0.197087,0.197087,1789636849147636931,1789636849148233503,-0.59562,0.59562
2337,2343,1789636849146714235,1789636849146532950,0.181285,0.181285,1789636849247555439,1789636849248070694,-0.514986,0.514986
2338,2344,1789636849246649203,1789636849246420061,0.229142,0.229142,1789636849347455796,1789636849348013621,-0.557394,0.557394
2339,2345,1789636849346533682,1789636849346604482,-0.0708,0.0708,1789636849447720995,1789636849448222370,-0.500706,0.500706
2340,2346,1789636849446624004,1789636849446497790,0.126214,0.126214,1789636849547462624,1789636849547994025,-0.530815,0.530815
2341,2347,1789636849546643690,1789636849546893847,-0.250157,0.250157,1789636849647837898,1789636849648381565,-0.543161,0.543161
2342,2348,1789636849646715230,1789636849646866411,-0.151181,0.151181,1789636849748026946,1789636849748471068,-0.443824,0.443824
2343,2349,1789636849746609940,1789636849746411408,0.198532,0.198532,1789636849847998201,1789636849848737390,-0.738305,0.738305
2344,2350,1789636849846813649,1789636849846963077,-0.149428,0.149428,1789636849947902137,1789636849948542207,-0.639764,0.639764
2345,2351,1789636849946728323,1789636849946524011,0.204312,0.204312,1789636850047706186,1789636850048252859,-0.545781,0.545781
2346,2352,1789636850046601741,1789636850046851297,-0.249556,0.249556,1789636850147865284,1789636850148361053,-0.495584,0.495584
2347,2353,1789636850146682387,1789636850146965703,-0.283316,0.283316,1789636850247726830,1789636850248306511,-0.579242,0.579242
2348,2354,1789636850246704417,1789636850246919433,-0.215016,0.215016,1789636850347502586,1789636850348020981,-0.518023,0.518023
2349,2355,1789636850346629655,1789636850346495619,0.134036,0.134036,1789636850447661949,1789636850448162075,-0.499929,0.499929
2350,2356,1789636850446713678,1789636850446551731,0.161947,0.161947,1789636850547487993,1789636850548026802,-0.538517,0.538517
2351,2357,1789636850546695967,1789636850546571800,0.124167,0.124167,1789636850647768214,1789636850648289390,-0.520998,0.520998
2352,2358,1789636850646757191,1789636850646559655,0.197536,0.197536,1789636850747420557,1789636850747965045,-0.543754,0.543754
2353,2359,1789636850746470624,1789636850746871735,-0.401111,0.401111,1789636850847515721,1789636850848049074,-0.532996,0.532996
2354,2360,1789636850846604463,1789636850846573553,0.03091,0.03091,1789636850947432866,1789636850948017705,-0.584325,0.584325
2355,2361,1789636850946552738,1789636850946643629,-0.090891,0.090891,1789636851047623000,1789636851048174641,-0.55124,0.55124
2356,2362,1789636851046501221,1789636851046823088,-0.321867,0.321867,1789636851147582936,1789636851148088850,-0.505663,0.505663
2357,2363,1789636851146711521,1789636851146895194,-0.183673,0.183673,1789636851247502803,1789636851248063082,-0.559933,0.559933
2358,2364,1789636851246542716,1789636851246837368,-0.294652,0.294652,1789636851347736481,1789636851348256525,-0.51943,0.51943
2359,2365,1789636851346661668,1789636851346555205,0.106463,0.106463,1789636851447462672,1789636851448018288,-0.555074,0.555074
2360,2366,1789636851446664764,1789636851446593073,0.071691,0.071691,1789636851547564403,1789636851548158936,-0.594287,0.594287
2361,2367,1789636851546697105,1789636851546875128,-0.178023,0.178023,1789636851647583339,1789636851648097508,-0.5138,0.5138
2362,2368,1789636851646423015,1789636851646606394,-0.183379,0.183379,1789636851747629916,1789636851748134895,-0.504592,0.504592
2363,2369,1789636851746744134,1789636851746529833,0.214301,0.214301,1789636851847708822,1789636851848469004,-0.759833,0.759833
2364,2370,1789636851846737353,1789636851846937768,-0.200415,0.200415,1789636851947621544,1789636851948222051,-0.600041,0.600041
2365,2371,1789636851946708997,1789636851946860980,-0.151983,0.151983,1789636852047542695,1789636852048106303,-0.563097,0.563097
2366,2372,1789636852046687193,1789636852046802315,-0.115122,0.115122,1789636852147605340,1789636852148082742,-0.477188,0.477188
2367,2373,1789636852147307469,1789636852146822051,0.485418,0.485418,1789636852247420885,1789636852247943502,-0.522181,0.522181
2368,2374,1789636852247284623,1789636852246477954,0.806669,0.806669,1789636852347527557,1789636852348050449,-0.522439,0.522439
2369,2375,1789636852346668819,1789636852346469216,0.199603,0.199603,1789636852447629461,1789636852448214520,-0.584336,0.584336
2370,2376,1789636852446629025,1789636852446896616,-0.267591,0.267591,1789636852548110824,1789636852548638127,-0.526644,0.526644
2371,2377,1789636852547183334,1789636852546536248,0.647086,0.647086,1789636852647531435,1789636852648063274,-0.531395,0.531395
2372,2378,1789636852747172021,1789636852747858476,-0.686455,0.686455,1789636852847639839,1789636852848138741,-0.49804,0.49804
2373,2379,1789636852846687607,1789636852846794645,-0.107038,0.107038,1789636852947379828,1789636852947903025,-0.522838,0.522838
2374,2380,1789636852946475044,1789636852946904328,-0.429284,0.429284,1789636853047732235,1789636853048312943,-0.580621,0.580621
2375,2381,1789636853046642807,1789636853046576662,0.066145,0.066145,1789636853147742192,1789636853148295318,-0.552872,0.552872
2376,2382,1789636853146529860,1789636853147814421,-1.284561,1.284561,1789636853247776657,1789636853248306283,-0.529252,0.529252
2377,2383,1789636853246507592,1789636853246811785,-0.304193,0.304193,1789636853347652575,1789636853348310726,-0.657944,0.657944
2378,2384,1789636853346729938,1789636853346768289,-0.038351,0.038351,1789636853447576828,1789636853448139203,-0.561758,0.561758
2379,2385,1789636853446632429,1789636853446757531,-0.125102,0.125102,1789636853547394493,1789636853547956757,-0.562226,0.562226
2380,2386,1789636853546456097,1789636853546826202,-0.370105,0.370105,1789636853647743184,1789636853648282414,-0.538914,0.538914
2381,2387,1789636853646643810,1789636853646762578,-0.118768,0.118768,1789636853747469120,1789636853748042204,-0.572701,0.572701
2382,2388,1789636853746589527,1789636853746914441,-0.324914,0.324914,1789636853847733178,1789636853848245279,-0.511842,0.511842
2383,2389,1789636853846642949,1789636853846888758,-0.245809,0.245809,1789636853947542848,1789636853948126683,-0.583768,0.583768
2384,2390,1789636853946672418,1789636853946510795,0.161623,0.161623,1789636854047547111,1789636854048127015,-0.579681,0.579681
2385,2391,1789636854046455279,1789636854046862890,-0.407611,0.407611,1789636854147887552,1789636854148474441,-0.587026,0.587026
2386,2392,1789636854146746263,1789636854146812367,-0.066104,0.066104,1789636854247529601,1789636854248155730,-0.625912,0.625912
2387,2393,1789636854246649232,1789636854246724771,-0.075539,0.075539,1789636854347532258,1789636854348039805,-0.507418,0.507418
2388,2394,1789636854346686610,1789636854346877446,-0.190836,0.190836,1789636854447697673,1789636854448231350,-0.533523,0.533523
2389,2395,1789636854446711371,1789636854446747976,-0.036605,0.036605,1789636854547394268,1789636854547944455,-0.549956,0.549956
2390,2396,1789636854546593238,1789636854546708662,-0.115424,0.115424,1789636854647682291,1789636854648226984,-0.54425,0.54425
2391,2397,1789636854646784727,1789636854646842954,-0.058227,0.058227,1789636854748280896,1789636854748798254,-0.517113,0.517113
2392,2398,1789636854747119094,1789636854746849254,0.26984,0.26984,1789636854847590009,1789636854848206814,-0.616328,0.616328
2393,2399,1789636854846596754,1789636854846462948,0.133806,0.133806,1789636854947765673,1789636854948436507,-0.670385,0.670385
2394,2400,1789636854946627316,1789636854946813579,-0.186263,0.186263,1789636855047627014,1789636855048201057,-0.573614,0.573614
2395,2401,1789636855046610600,1789636855046804450,-0.19385,0.19385,1789636855147737233,1789636855148290996,-0.553554,0.553554
2396,2402,1789636855146545108,1789636855147765642,-1.220534,1.220534,1789636855248169111,1789636855248907191,-0.737735,0.737735
2397,2403,1789636855246650749,1789636855246790575,-0.139826,0.139826,1789636855347960085,1789636855348607897,-0.647456,0.647456
2398,2404,1789636855347048438,1789636855346716236,0.332202,0.332202,1789636855447721864,1789636855448276184,-0.554163,0.554163
2399,2405,1789636855446517988,1789636855447768857,-1.250869,1.250869,1789636855548010401,1789636855548538257,-0.527516,0.527516
2400,2406,1789636855546618330,1789636855546858467,-0.240137,0.240137,1789636855648023194,1789636855648604655,-0.581106,0.581106
2401,2407,1789636855647070319,1789636855646731679,0.33864,0.33864,1789636855747598895,1789636855748129991,-0.530586,0.530586
2402,2408,1789636855746566597,1789636855747729786,-1.163189,1.163189,1789636855848213843,1789636855848737188,-0.52279,0.52279
2403,2409,1789636855847064156,1789636855846687219,0.376937,0.376937,1789636855947650511,1789636855948173582,-0.522776,0.522776
2404,2410,1789636855947029898,1789636855946784923,0.244975,0.244975,1789636856047570385,1789636856048107691,-0.53656,0.53656
2405,2411,1789636856046395704,1789636856047697116,-1.301412,1.301412,1789636856148180101,1789636856148752249,-0.57166,0.57166
2406,2412,1789636856147065988,1789636856146765573,0.300415,0.300415,1789636856247600650,1789636856248127480,-0.526605,0.526605
2407,2413,1789636856246605603,1789636856246746485,-0.140882,0.140882,1789636856347536989,1789636856348047749,-0.510418,0.510418
2408,2414,1789636856346578265,1789636856346799109,-0.220844,0.220844,1789636856448195946,1789636856448733866,-0.537754,0.537754
2409,2415,1789636856446727977,1789636856446788991,-0.061014,0.061014,1789636856547586605,1789636856548145942,-0.559045,0.559045
2410,2416,1789636856546665723,1789636856546758405,-0.092682,0.092682,1789636856647902354,1789636856648573544,-0.670706,0.670706
2411,2417,1789636856647074391,1789636856646686523,0.387868,0.387868,1789636856747926215,1789636856748444049,-0.517696,0.517696
2412,2418,1789636856746501452,1789636856747751364,-1.249912,1.249912,1789636856848205048,1789636856848834736,-0.629301,0.629301
2413,2419,1789636856847044678,1789636856847686095,-0.641417,0.641417,1789636856947568509,1789636856948099841,-0.531208,0.531208
2414,2420,1789636856947074907,1789636856946752264,0.322643,0.322643,1789636857047672421,1789636857048356600,-0.684053,0.684053
2415,2421,1789636857047074914,1789636857046702039,0.372875,0.372875,1789636857147556864,1789636857148260600,-0.703796,0.703796
2416,2422,1789636857147069093,1789636857146663464,0.405629,0.405629,1789636857247540399,1789636857248136265,-0.595433,0.595433
2417,2423,1789636857246713040,1789636857246632401,0.080639,0.080639,1789636857347544225,1789636857348082980,-0.538118,0.538118
2418,2424,1789636857346597150,1789636857346400304,0.196846,0.196846,1789636857447600502,1789636857448192199,-0.591368,0.591368
2419,2425,1789636857446994841,1789636857446814981,0.17986,0.17986,1789636857547599876,1789636857548129209,-0.528921,0.528921
2420,2426,1789636857546646351,1789636857546668357,-0.022006,0.022006,1789636857647441154,1789636857647989798,-0.548113,0.548113
2421,2427,1789636857646538743,1789636857647689454,-1.150711,1.150711,1789636857747747767,1789636857748269545,-0.5215,0.5215
2422,2428,1789636857746681858,1789636857746804777,-0.122919,0.122919,1789636857847451300,1789636857848028726,-0.576837,0.576837
2423,2429,1789636857846637910,1789636857846718063,-0.080153,0.080153,1789636857947540916,1789636857948086514,-0.544969,0.544969
2424,2430,1789636857946693353,1789636857946722209,-0.028856,0.028856,1789636858047437855,1789636858047998124,-0.559723,0.559723
2425,2431,1789636858046688403,1789636858046667052,0.021351,0.021351,1789636858147628819,1789636858148196741,-0.56705,0.56705
2426,2432,1789636858147012745,1789636858146655875,0.35687,0.35687,1789636858247581861,1789636858248090655,-0.507937,0.507937
2427,2433,1789636858246506829,1789636858247685610,-1.178781,1.178781,1789636858347818597,1789636858348348154,-0.52897,0.52897
2428,2434,1789636858347109192,1789636858346593253,0.515939,0.515939,1789636858447615351,1789636858448182889,-0.567075,0.567075
2429,2435,1789636858447042897,1789636858446688111,0.354786,0.354786,1789636858547562316,1789636858548099906,-0.537285,0.537285
2430,2436,1789636858546611940,1789636858547629426,-1.017486,1.017486,1789636858647789500,1789636858648287279,-0.49716,0.49716
2431,2437,1789636858647125496,1789636858646708043,0.417453,0.417453,1789636858747549913,1789636858748137299,-0.586922,0.586922
2432,2438,1789636858746951813,1789636858746609679,0.342134,0.342134,1789636858847442820,1789636858848011259,-0.568041,0.568041
2433,2439,1789636858846659746,1789636858847641378,-0.981632,0.981632,1789636858947744912,1789636858948281781,-0.53655,0.53655
2434,2440,1789636858947013048,1789636858946763712,0.249336,0.249336,1789636859047500838,1789636859048030609,-0.529453,0.529453
2435,2441,1789636859046630791,1789636859046598184,0.032607,0.032607,1789636859147362065,1789636859147872562,-0.509745,0.509745
2436,2442,1789636859146584253,1789636859147668512,-1.084259,1.084259,1789636859247676160,1789636859248175287,-0.498996,0.498996
2437,2443,1789636859247025814,1789636859246736193,0.289621,0.289621,1789636859347510007,1789636859348028598,-0.518183,0.518183
2438,2444,1789636859346622276,1789636859346561291,0.060985,0.060985,1789636859447590520,1789636859448086923,-0.496144,0.496144
2439,2445,1789636859447038065,1789636859447648031,-0.609966,0.609966,1789636859547457620,1789636859547980914,-0.522757,0.522757
2440,2446,1789636859546935942,1789636859547588981,-0.653039,0.653039,1789636859647528627,1789636859648025904,-0.497117,0.497117
2441,2447,1789636859647093955,1789636859646608641,0.485314,0.485314,1789636859747614136,1789636859748164705,-0.54985,0.54985
2442,2448,1789636859747037622,1789636859746610880,0.426742,0.426742,1789636859847788269,1789636859848340560,-0.551887,0.551887
2443,2449,1789636859847067753,1789636859846611852,0.455901,0.455901,1789636859947662091,1789636859948448990,-0.786437,0.786437
2444,2450,1789636859947074809,1789636859946537984,0.536825,0.536825,1789636860047593077,1789636860048340267,-0.746575,0.746575
2445,2451,1789636860046998586,1789636860046597751,0.400835,0.400835,1789636860147887585,1789636860148416347,-0.528543,0.528543
2446,2452,1789636860147047354,1789636860146646469,0.400885,0.400885,1789636860247969158,1789636860248707932,-0.738325,0.738325
2447,2453,1789636860247024966,1789636860246630875,0.394091,0.394091,1789636860347446791,1789636860348049796,-0.602611,0.602611
2448,2454,1789636860346923262,1789636860346708842,0.21442,0.21442,1789636860447756279,1789636860448323152,-0.566769,0.566769
2449,2455,1789636860447021093,1789636860446556033,0.46506,0.46506,1789636860547479728,1789636860548059850,-0.57969,0.57969
2450,2456,1789636860546457565,1789636860546737005,-0.27944,0.27944,1789636860647740972,1789636860648262830,-0.521398,0.521398
2451,2457,1789636860646618733,1789636860646640155,-0.021422,0.021422,1789636860747644450,1789636860748210746,-0.565634,0.565634
2452,2458,1789636860747020235,1789636860746516624,0.503611,0.503611,1789636860847528669,1789636860848136525,-0.607212,0.607212
2453,2459,1789636860847006793,1789636860846588657,0.418136,0.418136,1789636860947666219,1789636860948251736,-0.584973,0.584973
2454,2460,1789636860946605878,1789636860946568513,0.037365,0.037365,1789636861047896996,1789636861048538700,-0.64097,0.64097
2455,2461,1789636861047007177,1789636861046617875,0.389302,0.389302,1789636861147854187,1789636861148608894,-0.754257,0.754257
2456,2462,1789636861147001570,1789636861146503101,0.498469,0.498469,1789636861247661778,1789636861248204946,-0.542882,0.542882
2457,2463,1789636861246904493,1789636861247645949,-0.741456,0.741456,1789636861347824154,1789636861348580171,-0.755824,0.755824
2458,2464,1789636861346949015,1789636861346573082,0.375933,0.375933,1789636861447380109,1789636861447897080,-0.516728,0.516728
2459,2465,1789636861446988324,1789636861446566980,0.421344,0.421344,1789636861547481672,1789636861548017388,-0.534662,0.534662
2460,2466,1789636861546609993,1789636861546495045,0.114948,0.114948,1789636861647530453,1789636861648105512,-0.573894,0.573894
2461,2467,1789636861646963068,1789636861646673352,0.289716,0.289716,1789636861747558004,1789636861748103430,-0.544952,0.544952
2462,2468,1789636861746978642,1789636861746532842,0.4458,0.4458,1789636861847736666,1789636861848276553,-0.539505,0.539505
2463,2469,1789636861846866544,1789636861847592702,-0.726158,0.726158,1789636861948029089,1789636861948815734,-0.786153,0.786153
2464,2470,1789636861946968814,1789636861946663003,0.305811,0.305811,1789636862047547844,1789636862048087631,-0.539726,0.539726
2465,2471,1789636862046867242,1789636862046547413,0.319829,0.319829,1789636862147810565,1789636862148425810,-0.614962,0.614962
2466,2472,1789636862146847458,1789636862147568635,-0.721177,0.721177,1789636862247879382,1789636862248430200,-0.550304,0.550304
2467,2473,1789636862246839165,1789636862246719028,0.120137,0.120137,1789636862348367336,1789636862349153666,-0.786154,0.786154
2468,2474,1789636862347219956,1789636862347584925,-0.364969,0.364969,1789636862447966985,1789636862448505833,-0.538631,0.538631
2469,2475,1789636862447004159,1789636862447539624,-0.535465,0.535465,1789636862547566374,1789636862548155763,-0.588808,0.588808
2470,2476,1789636862546908842,1789636862546479971,0.428871,0.428871,1789636862647657858,1789636862648237641,-0.579452,0.579452
2471,2477,1789636862646965237,1789636862646476535,0.488702,0.488702,1789636862747716160,1789636862748242244,-0.525712,0.525712
2472,2478,1789636862746832523,1789636862747550322,-0.717799,0.717799,1789636862847624158,1789636862848140674,-0.516018,0.516018
2473,2479,1789636862847014943,1789636862847504110,-0.489167,0.489167,1789636862947585732,1789636862948157675,-0.571303,0.571303
2474,2480,1789636862947008846,1789636862947529061,-0.520215,0.520215,1789636863047544749,1789636863048052466,-0.507357,0.507357
2475,2481,1789636863046494467,1789636863046685292,-0.190825,0.190825,1789636863147606705,1789636863148106603,-0.499656,0.499656
2476,2482,1789636863146708943,1789636863146572339,0.136604,0.136604,1789636863247489407,1789636863248028986,-0.539387,0.539387
2477,2483,1789636863246877580,1789636863247503733,-0.626153,0.626153,1789636863347600835,1789636863348151568,-0.550466,0.550466
2478,2484,1789636863346683588,1789636863347543157,-0.859569,0.859569,1789636863447542185,1789636863448046102,-0.503644,0.503644
2479,2485,1789636863446651127,1789636863446564313,0.086814,0.086814,1789636863547432181,1789636863547948368,-0.515734,0.515734
2480,2486,1789636863546984191,1789636863546509409,0.474782,0.474782,1789636863647513531,1789636863648007056,-0.492973,0.492973
2481,2487,1789636863647957593,1789636863646579568,1.378025,1.378025,1789636863747740273,1789636863748261614,-0.520854,0.520854
2482,2488,1789636863746969968,1789636863746495785,0.474183,0.474183,1789636863847409371,1789636863847946158,-0.536058,0.536058
2483,2489,1789636863846792426,1789636863847459436,-0.66701,0.66701,1789636863947666418,1789636863948197041,-0.530249,0.530249
2484,2490,1789636863946924171,1789636863946605824,0.318347,0.318347,1789636864047510431,1789636864048061164,-0.550442,0.550442
2485,2491,1789636864046862389,1789636864047526328,-0.663939,0.663939,1789636864147592053,1789636864148119311,-0.527086,0.527086
2486,2492,1789636864146530538,1789636864146656487,-0.125949,0.125949,1789636864247586599,1789636864248117857,-0.530761,0.530761
2487,2493,1789636864246861854,1789636864247562519,-0.700665,0.700665,1789636864347730900,1789636864348241615,-0.510374,0.510374
2488,2494,1789636864346783982,1789636864347518290,-0.734308,0.734308,1789636864447627659,1789636864448133112,-0.505102,0.505102
2489,2495,1789636864446849524,1789636864447630500,-0.780976,0.780976,1789636864547672663,1789636864548197318,-0.524267,0.524267
2490,2496,1789636864546869634,1789636864546544360,0.325274,0.325274,1789636864647511721,1789636864648048494,-0.536742,0.536742
2491,2497,1789636864646892130,1789636864647511999,-0.619869,0.619869,1789636864747665372,1789636864748168741,-0.503207,0.503207
2492,2498,1789636864746870855,1789636864746426247,0.444608,0.444608,1789636864847467917,1789636864848027391,-0.55911,0.55911
2493,2499,1789636864846407980,1789636864846604850,-0.19687,0.19687,1789636864947623417,1789636864948168944,-0.545031,0.545031
2494,2500,1789636864946528028,1789636864947465700,-0.937672,0.937672,1789636865047737646,1789636865048244855,-0.506717,0.506717
2495,2501,1789636865047928309,1789636865046527232,1.401077,1.401077,1789636865147583501,1789636865148084970,-0.500832,0.500832
2496,2503,1789636865246882721,1789636865247477094,-0.594373,0.594373,1789636865347535991,1789636865348083838,-0.547419,0.547419
2497,2504,1789636865347945400,1789636865347408954,0.536446,0.536446,1789636865447560511,1789636865448092131,-0.531075,0.531075
2498,2505,1789636865446833135,1789636865447596725,-0.76359,0.76359,1789636865547583120,1789636865548076273,-0.492969,0.492969
2499,2506,1789636865546779215,1789636865547473613,-0.694398,0.694398,1789636865647528288,1789636865648060848,-0.531836,0.531836
2500,2507,1789636865646877411,1789636865646622711,0.2547,0.2547,1789636865747393869,1789636865747926525,-0.532001,0.532001
2501,2508,1789636865746763537,1789636865746601958,0.161579,0.161579,1789636865847518816,1789636865848034907,-0.515777,0.515777
2502,2509,1789636865846903664,1789636865847473120,-0.569456,0.569456,1789636865948112804,1789636865948665747,-0.552777,0.552777
2503,2510,1789636865947985904,1789636865947385970,0.599934,0.599934,1789636866047617488,1789636866048130773,-0.512795,0.512795
2504,2511,1789636866046890790,1789636866046485307,0.405483,0.405483,1789636866148335357,1789636866148929445,-0.59379,0.59379
2505,2512,1789636866148036059,1789636866147442746,0.593313,0.593313,1789636866248012250,1789636866248552651,-0.540214,0.540214
2506,2513,1789636866246739624,1789636866247574230,-0.834606,0.834606,1789636866347857849,1789636866348376273,-0.517753,0.517753
2507,2514,1789636866346474415,1789636866347472095,-0.99768,0.99768,1789636866447724504,1789636866448286677,-0.561898,0.561898
2508,2515,1789636866446811876,1789636866447398999,-0.587123,0.587123,1789636866547584863,1789636866548081104,-0.495655,0.495655
2509,2516,1789636866546761711,1789636866546601304,0.160407,0.160407,1789636866647604968,1789636866648144568,-0.539144,0.539144
2510,2517,1789636866646843667,1789636866646711414,0.132253,0.132253,1789636866747566730,1789636866748105136,-0.537876,0.537876
2511,2518,1789636866746786294,1789636866747556369,-0.770075,0.770075,1789636866847984991,1789636866848510824,-0.525484,0.525484
2512,2519,1789636866846943311,1789636866847452214,-0.508903,0.508903,1789636866947947152,1789636866948484948,-0.537578,0.537578
2513,2520,1789636866948029334,1789636866947429131,0.600203,0.600203,1789636867047685005,1789636867048221484,-0.536293,0.536293
2514,2521,1789636867047887795,1789636867047369758,0.518037,0.518037,1789636867147454682,1789636867147958411,-0.503453,0.503453
2515,2522,1789636867146811006,1789636867146468452,0.342554,0.342554,1789636867247437466,1789636867247974414,-0.536673,0.536673
2516,2523,1789636867246789164,1789636867246645442,0.143722,0.143722,1789636867347672687,1789636867348201439,-0.528431,0.528431
2517,2524,1789636867346821307,1789636867347533461,-0.712154,0.712154,1789636867448051837,1789636867448566075,-0.513751,0.513751
2518,2525,1789636867448000038,1789636867447410986,0.589052,0.589052,1789636867547558981,1789636867548059911,-0.500579,0.500579
2519,2526,1789636867546719651,1789636867547471273,-0.751622,0.751622,1789636867647595790,1789636867648180686,-0.584324,0.584324
2520,2527,1789636867646711396,1789636867647485540,-0.774144,0.774144,1789636867747985462,1789636867748525395,-0.539465,0.539465
2521,2528,1789636867747968656,1789636867747403167,0.565489,0.565489,1789636867847753650,1789636867848273666,-0.519133,0.519133
2522,2529,1789636867847921091,1789636867847380791,0.5403,0.5403,1789636867947468020,1789636867948039327,-0.570902,0.570902
2523,2530,1789636867946802495,1789636867947473000,-0.670505,0.670505,1789636868047868576,1789636868048392152,-0.522963,0.522963
2524,2531,1789636868046779006,1789636868047405555,-0.626549,0.626549,1789636868147401283,1789636868147920667,-0.518679,0.518679
2525,2532,1789636868146689526,1789636868146657615,0.031911,0.031911,1789636868247549858,1789636868248092278,-0.541967,0.541967
2526,2533,1789636868246846254,1789636868247432793,-0.586539,0.586539,1789636868347997013,1789636868348522433,-0.524773,0.524773
2527,2534,1789636868347890188,1789636868347460779,0.429409,0.429409,1789636868447462963,1789636868447950966,-0.48776,0.48776
2528,2535,1789636868446697448,1789636868447453435,-0.755987,0.755987,1789636868547644403,1789636868548123853,-0.478751,0.478751
2529,2536,1789636868546713734,1789636868547376926,-0.663192,0.663192,1789636868647818239,1789636868648378650,-0.55989,0.55989
2530,2537,1789636868646944509,1789636868647368009,-0.4235,0.4235,1789636868747854405,1789636868748359073,-0.504322,0.504322
2531,2538,1789636868747986531,1789636868747325139,0.661392,0.661392,1789636868847403363,1789636868847903219,-0.499635,0.499635
2532,2539,1789636868846719592,1789636868847395581,-0.675989,0.675989,1789636868947964974,1789636868948539066,-0.573948,0.573948
2533,2540,1789636868946885773,1789636868947389414,-0.503641,0.503641,1789636869047790681,1789636869048285727,-0.494598,0.494598
2534,2541,1789636869047886396,1789636869047304149,0.582247,0.582247,1789636869147665642,1789636869148210113,-0.543748,0.543748
2535,2542,1789636869147891962,1789636869147549138,0.342824,0.342824,1789636869248049554,1789636869248622084,-0.572274,0.572274
2536,2543,1789636869247906333,1789636869247346733,0.5596,0.5596,1789636869347628324,1789636869348127300,-0.498692,0.498692
2537,2544,1789636869347882620,1789636869347339944,0.542676,0.542676,1789636869447370631,1789636869447885792,-0.514873,0.514873
2538,2545,1789636869447822370,1789636869446414436,1.407934,1.407934,1789636869547891607,1789636869548442656,-0.550413,0.550413
2539,2546,1789636869547929840,1789636869547278723,0.651117,0.651117,1789636869647857884,1789636869648429307,-0.571087,0.571087
2541,2547,1789636869747809407,1789636869747659392,0.150015,0.150015,1789636869847951372,1789636869848537796,-0.585981,0.585981
2542,2548,1789636869847878278,1789636869847327041,0.551237,0.551237,1789636869947558864,1789636869948087721,-0.528325,0.528325
2543,2549,1789636869946684400,1789636869947493652,-0.809252,0.809252,1789636870047813018,1789636870048366760,-0.553393,0.553393
2544,2550,1789636870046782279,1789636870046750109,0.03217,0.03217,1789636870147366325,1789636870147852146,-0.485522,0.485522
2545,2551,1789636870146459422,1789636870146627988,-0.168566,0.168566,1789636870247350056,1789636870247898393,-0.548068,0.548068
2546,2552,1789636870246646706,1789636870246614240,0.032466,0.032466,1789636870347860503,1789636870348368805,-0.507885,0.507885
2547,2553,1789636870347963722,1789636870347369582,0.59414,0.59414,1789636870447732753,1789636870448243424,-0.510355,0.510355
2548,2554,1789636870446663243,1789636870447446784,-0.783541,0.783541,1789636870547790154,1789636870548344030,-0.553279,0.553279
2549,2555,1789636870547816369,1789636870546710741,1.105628,1.105628,1789636870647371072,1789636870647935600,-0.564311,0.564311
2550,2556,1789636870646606370,1789636870647357833,-0.751463,0.751463,1789636870747650889,1789636870748186654,-0.535081,0.535081
2551,2557,1789636870746592546,1789636870747347197,-0.754651,0.754651,1789636870847556342,1789636870848055513,-0.498754,0.498754
2552,2558,1789636870847778655,1789636870847399333,0.379322,0.379322,1789636870947778702,1789636870948372009,-0.592872,0.592872
2554,2559,1789636871047794339,1789636871047542492,0.251847,0.251847,1789636871147774364,1789636871148297998,-0.523265,0.523265
2555,2560,1789636871146837722,1789636871147321871,-0.484149,0.484149,1789636871247696024,1789636871248200122,-0.503509,0.503509
2556,2561,1789636871247833135,1789636871247249972,0.583163,0.583163,1789636871347340937,1789636871347877829,-0.536407,0.536407
2557,2562,1789636871347821008,1789636871347344391,0.476617,0.476617,1789636871447630529,1789636871448158200,-0.527058,0.527058
2558,2563,1789636871447755284,1789636871447317475,0.437809,0.437809,1789636871547738879,1789636871548255467,-0.516416,0.516416
2559,2564,1789636871547880010,1789636871547391795,0.488215,0.488215,1789636871648248165,1789636871648794137,-0.54569,0.54569
2560,2565,1789636871647759529,1789636871647546678,0.212851,0.212851,1789636871747564414,1789636871748111415,-0.546733,0.546733
2561,2566,1789636871747770382,1789636871747351307,0.419075,0.419075,1789636871847763328,1789636871848315261,-0.551557,0.551557
2562,2567,1789636871847757741,1789636871847347520,0.410221,0.410221,1789636871948336706,1789636871948894033,-0.557122,0.557122
2563,2568,1789636871947786702,1789636871947536272,0.25043,0.25043,1789636872048346183,1789636872048869712,-0.523137,0.523137
2564,2569,1789636872047729083,1789636872047471365,0.257718,0.257718,1789636872147430726,1789636872147961775,-0.53051,0.53051
2565,2570,1789636872146568453,1789636872147354962,-0.786509,0.786509,1789636872247753326,1789636872248330137,-0.576151,0.576151
2566,2571,1789636872246877557,1789636872247303330,-0.425773,0.425773,1789636872347378121,1789636872347889153,-0.510871,0.510871
2567,2572,1789636872346646474,1789636872346669570,-0.023096,0.023096,1789636872447903173,1789636872448477949,-0.574336,0.574336
2568,2573,1789636872446805217,1789636872447278716,-0.473499,0.473499,1789636872548350993,1789636872548951762,-0.600142,0.600142
2569,2574,1789636872547752632,1789636872547483707,0.268925,0.268925,1789636872647716509,1789636872648241053,-0.524101,0.524101
2570,2575,1789636872646802945,1789636872647310364,-0.507419,0.507419,1789636872747418630,1789636872747976031,-0.556882,0.556882
2571,2576,1789636872746658145,1789636872747314240,-0.656095,0.656095,1789636872847564901,1789636872848132799,-0.567419,0.567419
2573,2577,1789636872947785760,1789636872947585483,0.200277,0.200277,1789636873047867590,1789636873048460440,-0.592589,0.592589
2574,2578,1789636873046886288,1789636873047309130,-0.422842,0.422842,1789636873147631311,1789636873148211827,-0.580234,0.580234
2575,2579,1789636873147866152,1789636873147260175,0.605977,0.605977,1789636873247627262,1789636873248199050,-0.571749,0.571749
2576,2580,1789636873247835611,1789636873247262583,0.573028,0.573028,1789636873347704841,1789636873348265908,-0.560802,0.560802
2577,2581,1789636873346756953,1789636873347291691,-0.534738,0.534738,1789636873447554740,1789636873448054127,-0.499085,0.499085
2578,2582,1789636873447719596,1789636873447256867,0.462729,0.462729,1789636873548155937,1789636873548698463,-0.542165,0.542165
2579,2583,1789636873547739601,1789636873547373754,0.365847,0.365847,1789636873647782400,1789636873648327985,-0.545389,0.545389
2580,2584,1789636873647726894,1789636873647245006,0.481888,0.481888,1789636873747802828,1789636873748289713,-0.486777,0.486777
2581,2585,1789636873747869158,1789636873747165845,0.703313,0.703313,1789636873847568156,1789636873848112427,-0.543952,0.543952
2582,2586,1789636873847711725,1789636873847366182,0.345543,0.345543,1789636873947719111,1789636873948270539,-0.550848,0.550848
2583,2587,1789636873947737351,1789636873947227277,0.510074,0.510074,1789636874047754698,1789636874048334489,-0.579021,0.579021
2584,2588,1789636874047762822,1789636874047340675,0.422147,0.422147,1789636874148411746,1789636874148939431,-0.527189,0.527189
2585,2589,1789636874147767611,1789636874147517589,0.250022,0.250022,1789636874248055174,1789636874248574355,-0.518342,0.518342
2586,2590,1789636874247699802,1789636874247201338,0.498464,0.498464,1789636874347916778,1789636874348415383,-0.498374,0.498374
2587,2591,1789636874347735456,1789636874347140348,0.595108,0.595108,1789636874447785087,1789636874448274341,-0.489115,0.489115
2588,2592,1789636874447779478,1789636874447259593,0.519885,0.519885,1789636874547974980,1789636874548501826,-0.526338,0.526338
2589,2593,1789636874547699157,1789636874547173836,0.525321,0.525321,1789636874647924659,1789636874648496941,-0.571725,0.571725
2590,2594,1789636874647744356,1789636874647153172,0.591184,0.591184,1789636874747731632,1789636874748253698,-0.521241,0.521241
2591,2595,1789636874747822372,1789636874747253363,0.569009,0.569009,1789636874847929437,1789636874848518663,-0.588807,0.588807
2592,2596,1789636874847665811,1789636874847183098,0.482713,0.482713,1789636874947592790,1789636874948151149,-0.558066,0.558066
2593,2597,1789636874947845389,1789636874947226711,0.618678,0.618678,1789636875047741235,1789636875048314351,-0.572888,0.572888
2594,2598,1789636875047694937,1789636875047213322,0.481615,0.481615,1789636875147616655,1789636875148109594,-0.492704,0.492704
2595,2599,1789636875147730093,1789636875147165452,0.564641,0.564641,1789636875247676021,1789636875248249885,-0.573507,0.573507
2596,2600,1789636875247736082,1789636875247308345,0.427737,0.427737,1789636875347752056,1789636875348340848,-0.588526,0.588526
2597,2601,1789636875347745702,1789636875347225356,0.520346,0.520346,1789636875447518465,1789636875448023691,-0.504912,0.504912
2598,2602,1789636875446711844,1789636875447155134,-0.44329,0.44329,1789636875547747473,1789636875548329141,-0.581295,0.581295
2600,2603,1789636875647638483,1789636875647398064,0.240419,0.240419,1789636875747938690,1789636875748503236,-0.564039,0.564039
2601,2604,1789636875747855886,1789636875747165740,0.690146,0.690146,1789636875847558505,1789636875848079894,-0.521012,0.521012
2602,2605,1789636875847717525,1789636875847101759,0.615766,0.615766,1789636875947603401,1789636875948170788,-0.567101,0.567101
2603,2606,1789636875946672733,1789636875947163143,-0.49041,0.49041,1789636876047696082,1789636876048184403,-0.487973,0.487973
2604,2607,1789636876047703702,1789636876047134892,0.56881,0.56881,1789636876147527826,1789636876148057042,-0.528748,0.528748
2605,2608,1789636876147674243,1789636876147298227,0.376016,0.376016,1789636876247814729,1789636876248374940,-0.560047,0.560047
2606,2609,1789636876247784781,1789636876247124372,0.660409,0.660409,1789636876347473329,1789636876348007727,-0.534141,0.534141
2607,2610,1789636876347705650,1789636876347141759,0.563891,0.563891,1789636876447649252,1789636876448189778,-0.540101,0.540101
2608,2611,1789636876446662489,1789636876447183811,-0.521322,0.521322,1789636876548220519,1789636876548822604,-0.601843,0.601843
2609,2612,1789636876547705041,1789636876547137411,0.56763,0.56763,1789636876647738834,1789636876648338820,-0.599661,0.599661
2610,2613,1789636876647726758,1789636876647243948,0.48281,0.48281,1789636876747868722,1789636876748416295,-0.547328,0.547328
2611,2614,1789636876746609445,1789636876747234082,-0.624637,0.624637,1789636876847995727,1789636876848593145,-0.596915,0.596915
2612,2615,1789636876846532569,1789636876847118600,-0.586031,0.586031,1789636876947591250,1789636876948116680,-0.525091,0.525091
2613,2616,1789636876947642294,1789636876947242533,0.399761,0.399761,1789636877047729929,1789636877048473559,-0.743407,0.743407
2614,2617,1789636877046657545,1789636877047136759,-0.479214,0.479214,1789636877147561028,1789636877148146283,-0.585176,0.585176
2615,2618,1789636877147646173,1789636877147065552,0.580621,0.580621,1789636877247725386,1789636877248474457,-0.748837,0.748837
2616,2619,1789636877247655720,1789636877247213051,0.442669,0.442669,1789636877348718442,1789636877349147768,-0.4291,0.4291
2617,2620,1789636877347690846,1789636877347050923,0.639923,0.639923,1789636877447847796,1789636877448296616,-0.448396,0.448396
2618,2621,1789636877447668516,1789636877447187629,0.480887,0.480887,1789636877547812874,1789636877548366932,-0.55394,0.55394
2619,2622,1789636877547738223,1789636877547152938,0.585285,0.585285,1789636877647501888,1789636877648091058,-0.588802,0.588802
2620,2623,1789636877647690825,1789636877647101872,0.588953,0.588953,1789636877748191078,1789636877748747843,-0.556479,0.556479
2621,2624,1789636877747593946,1789636877747388399,0.205547,0.205547,1789636877847805865,1789636877848345398,-0.539326,0.539326
2622,2625,1789636877847732205,1789636877847213400,0.518805,0.518805,1789636877947388270,1789636877947976921,-0.588256,0.588256
2623,2626,1789636877947614611,1789636877947107105,0.507506,0.507506,1789636878047398594,1789636878047912656,-0.513911,0.513911
2624,2627,1789636878046651464,1789636878047056563,-0.405099,0.405099,1789636878147648120,1789636878148170454,-0.52186,0.52186
2625,2628,1789636878147693823,1789636878147167257,0.526566,0.526566,1789636878247499025,1789636878248054182,-0.554871,0.554871
2626,2629,1789636878247562540,1789636878247206274,0.356266,0.356266,1789636878347819508,1789636878348356414,-0.536518,0.536518
2627,2630,1789636878347769029,1789636878347087331,0.681698,0.681698,1789636878447429103,1789636878447984692,-0.555223,0.555223
2628,2631,1789636878447591504,1789636878447128128,0.463376,0.463376,1789636878547379165,1789636878547939844,-0.560317,0.560317
2629,2632,1789636878547567611,1789636878547084290,0.483321,0.483321,1789636878647541909,1789636878648074694,-0.532637,0.532637
2630,2633,1789636878647627501,1789636878647142341,0.48516,0.48516,1789636878747593876,1789636878748093444,-0.499154,0.499154
2631,2634,1789636878747624582,1789636878747177678,0.446904,0.446904,1789636878847694446,1789636878848218162,-0.523276,0.523276
2632,2635,1789636878847688951,1789636878847052523,0.636428,0.636428,1789636878947433034,1789636878948007276,-0.573764,0.573764
2633,2636,1789636878947706141,1789636878947012561,0.69358,0.69358,1789636879047335817,1789636879047905814,-0.569552,0.569552
2634,2637,1789636879046607015,1789636879047181250,-0.574235,0.574235,1789636879147780044,1789636879148329184,-0.548973,0.548973
2635,2638,1789636879147695892,1789636879147043221,0.652671,0.652671,1789636879247404813,1789636879247942591,-0.537508,0.537508
2636,2639,1789636879247526490,1789636879247133522,0.392968,0.392968,1789636879348315177,1789636879348832704,-0.517048,0.517048
2637,2640,1789636879347544516,1789636879347395755,0.148761,0.148761,1789636879448008222,1789636879448688296,-0.679823,0.679823
2638,2641,1789636879447654464,1789636879447045833,0.608631,0.608631,1789636879547326249,1789636879547822395,-0.495924,0.495924
2639,2642,1789636879546600148,1789636879547046674,-0.446526,0.446526,1789636879647457883,1789636879648029872,-0.571538,0.571538
2640,2643,1789636879646502951,1789636879647175633,-0.672682,0.672682,1789636879747737262,1789636879748258583,-0.52114,0.52114
2641,2644,1789636879747600106,1789636879747033009,0.567097,0.567097,1789636879847462854,1789636879848056077,-0.592709,0.592709
2642,2645,1789636879846594621,1789636879847025366,-0.430745,0.430745,1789636879947584056,1789636879948159375,-0.574904,0.574904
2643,2646,1789636879947619873,1789636879947166328,0.453545,0.453545,1789636880047609582,1789636880048126073,-0.516067,0.516067
2644,2647,1789636880047551760,1789636880047067564,0.484196,0.484196,1789636880147586728,1789636880148141695,-0.554475,0.554475
2645,2648,1789636880147694397,1789636880147023212,0.671185,0.671185,1789636880247697646,1789636880248241727,-0.543741,0.543741
2646,2649,1789636880247560928,1789636880247008782,0.552146,0.552146,1789636880347532545,1789636880348081551,-0.548535,0.548535
2647,2650,1789636880347560017,1789636880347106639,0.453378,0.453378,1789636880447803520,1789636880448403772,-0.599913,0.599913
2648,2651,1789636880447630676,1789636880446981363,0.649313,0.649313,1789636880547951618,1789636880548491827,-0.53977,0.53977
2649,2652,1789636880547596119,1789636880547230871,0.365248,0.365248,1789636880647549958,1789636880648088764,-0.538266,0.538266
2650,2653,1789636880647540596,1789636880647059804,0.480792,0.480792,1789636880747628005,1789636880748165529,-0.537315,0.537315
2651,2654,1789636880747624715,1789636880746998531,0.626184,0.626184,1789636880847444586,1789636880848007879,-0.562836,0.562836
2652,2655,1789636880847554402,1789636880847145692,0.40871,0.40871,1789636880948224892,1789636880948799058,-0.573887,0.573887
2653,2656,1789636880947540224,1789636880947233429,0.306795,0.306795,1789636881047667646,1789636881048242488,-0.574344,0.574344
2654,2657,1789636881047522916,1789636881046972129,0.550787,0.550787,1789636881148027007,1789636881148591248,-0.563561,0.563561
2655,2658,1789636881147582789,1789636881147210204,0.372585,0.372585,1789636881248224665,1789636881248768366,-0.543411,0.543411
2656,2659,1789636881247501337,1789636881247298705,0.202632,0.202632,1789636881347698958,1789636881348259651,-0.559898,0.559898
2657,2660,1789636881347596243,1789636881346952424,0.643819,0.643819,1789636881447361585,1789636881447916833,-0.555231,0.555231
2658,2661,1789636881447523934,1789636881447058748,0.465186,0.465186,1789636881547858818,1789636881548414188,-0.554921,0.554921
2659,2662,1789636881547586650,1789636881547035443,0.551207,0.551207,1789636881648230664,1789636881648865371,-0.634514,0.634514
2660,2663,1789636881647626942,1789636881647248241,0.378701,0.378701,1789636881748203860,1789636881748716039,-0.511449,0.511449
2661,2664,1789636881747540678,1789636881747254770,0.285908,0.285908,1789636881847738563,1789636881848293371,-0.554272,0.554272
2662,2665,1789636881847554122,1789636881846987938,0.566184,0.566184,1789636881947468604,1789636881948050662,-0.581612,0.581612
2663,2666,1789636881947518875,1789636881947013398,0.505477,0.505477,1789636882048140016,1789636882048688532,-0.547844,0.547844
2664,2667,1789636882047475270,1789636882047225593,0.249677,0.249677,1789636882147807145,1789636882148338371,-0.530549,0.530549
2665,2668,1789636882147575241,1789636882147015947,0.559294,0.559294,1789636882247432239,1789636882248005194,-0.572899,0.572899
2666,2669,1789636882247509661,1789636882247011675,0.497986,0.497986,1789636882348442981,1789636882349116358,-0.672864,0.672864
2667,2670,1789636882347475081,1789636882347194205,0.280876,0.280876,1789636882447937205,1789636882448470055,-0.528314,0.528314
2668,2671,1789636882447536316,1789636882446953993,0.582323,0.582323,1789636882547396128,1789636882547894620,-0.498121,0.498121
2669,2672,1789636882547554205,1789636882547077354,0.476851,0.476851,1789636882648150026,1789636882648743262,-0.592616,0.592616
2670,2673,1789636882647467817,1789636882647224009,0.243808,0.243808,1789636882747504925,1789636882748032746,-0.527091,0.527091
2671,2674,1789636882746625441,1789636882746912910,-0.287469,0.287469,1789636882847641238,1789636882848160237,-0.518681,0.518681
2672,2675,1789636882846755062,1789636882847014243,-0.259181,0.259181,1789636882948223881,1789636882948768733,-0.544722,0.544722
2673,2676,1789636882947542020,1789636882947231479,0.310541,0.310541,1789636883047789398,1789636883048344815,-0.554939,0.554939
2674,2677,1789636883047531855,1789636883046938235,0.59362,0.59362,1789636883147878082,1789636883148397885,-0.519083,0.519083
2675,2678,1789636883147478912,1789636883147104756,0.374156,0.374156,1789636883248114014,1789636883248671372,-0.556486,0.556486
2676,2679,1789636883247435593,1789636883247189773,0.24582,0.24582,1789636883347653860,1789636883348196777,-0.542158,0.542158
2677,2680,1789636883347621636,1789636883346874524,0.747112,0.747112,1789636883447368083,1789636883447908675,-0.540328,0.540328
2678,2681,1789636883447505974,1789636883446888628,0.617346,0.617346,1789636883548006579,1789636883548568600,-0.561466,0.561466
2679,2682,1789636883547520589,1789636883547227987,0.292602,0.292602,1789636883648040091,1789636883648620496,-0.579816,0.579816
2680,2683,1789636883647581125,1789636883647109756,0.471369,0.471369,1789636883747994949,1789636883748551104,-0.555847,0.555847
2681,2684,1789636883747516091,1789636883747078357,0.437734,0.437734,1789636883847457812,1789636883848007872,-0.549529,0.549529
2682,2685,1789636883847541792,1789636883846903396,0.638396,0.638396,1789636883948008412,1789636883948549072,-0.540392,0.540392
2683,2686,1789636883947545140,1789636883947148320,0.39682,0.39682,1789636884047600800,1789636884048164614,-0.563622,0.563622
2684,2687,1789636884047543300,1789636884046992421,0.550879,0.550879,1789636884147712579,1789636884148212921,-0.499509,0.499509
2685,2688,1789636884147583699,1789636884146922427,0.661272,0.661272,1789636884247487857,1789636884248030258,-0.542254,0.542254
2686,2689,1789636884247481196,1789636884247013450,0.467746,0.467746,1789636884347600384,1789636884348117215,-0.516671,0.516671
2687,2690,1789636884347522350,1789636884346976579,0.545771,0.545771,1789636884447530436,1789636884448049602,-0.518854,0.518854
2688,2691,1789636884447565098,1789636884446870604,0.694494,0.694494,1789636884547636315,1789636884548171688,-0.534896,0.534896
2689,2692,1789636884547580622,1789636884546984970,0.595652,0.595652,1789636884648017491,1789636884648580041,-0.562059,0.562059
2690,2693,1789636884647524730,1789636884646914433,0.610297,0.610297,1789636884747810837,1789636884748330867,-0.519332,0.519332
2691,2694,1789636884747439629,1789636884747074963,0.364666,0.364666,1789636884848088838,1789636884848581590,-0.492289,0.492289
2692,2695,1789636884847358899,1789636884847172494,0.186405,0.186405,1789636884948177113,1789636884948741418,-0.563901,0.563901
2693,2696,1789636884947396309,1789636884947154288,0.242021,0.242021,1789636885047781949,1789636885048351940,-0.569487,0.569487
2694,2697,1789636885047363329,1789636885047057017,0.306312,0.306312,1789636885147978084,1789636885148485180,-0.5069,0.5069
2695,2698,1789636885147520018,1789636885147100071,0.419947,0.419947,1789636885247672559,1789636885248244084,-0.570932,0.570932
2696,2699,1789636885247525281,1789636885246907989,0.617292,0.617292,1789636885347911950,1789636885348440046,-0.52733,0.52733
2697,2700,1789636885347576170,1789636885347084826,0.491344,0.491344,1789636885448059972,1789636885448636139,-0.575857,0.575857
2698,2701,1789636885447360912,1789636885447123448,0.237464,0.237464,1789636885548100651,1789636885548606781,-0.505835,0.505835
2699,2702,1789636885547408843,1789636885547163189,0.245654,0.245654,1789636885647537515,1789636885648047918,-0.510114,0.510114
2700,2703,1789636885647530185,1789636885646866331,0.663854,0.663854,1789636885747802403,1789636885748290121,-0.487431,0.487431
2701,2704,1789636885747395982,1789636885747051614,0.344368,0.344368,1789636885848162075,1789636885848713120,-0.550571,0.550571
2702,2705,1789636885847472468,1789636885847139798,0.33267,0.33267,1789636885947948093,1789636885948531944,-0.583209,0.583209
2703,2706,1789636885947415545,1789636885947041262,0.374283,0.374283,1789636886047798959,1789636886048394216,-0.594543,0.594543
2704,2707,1789636886047402863,1789636886047020478,0.382385,0.382385,1789636886148162752,1789636886148721658,-0.558244,0.558244
2705,2708,1789636886147540533,1789636886147119053,0.42148,0.42148,1789636886247768142,1789636886248363503,-0.594909,0.594909
2706,2709,1789636886247412198,1789636886247050062,0.362136,0.362136,1789636886348004834,1789636886348508010,-0.50255,0.50255
2707,2710,1789636886347525179,1789636886347120906,0.404273,0.404273,1789636886448059976,1789636886448647472,-0.587157,0.587157
2708,2711,1789636886447491123,1789636886447090618,0.400505,0.400505,1789636886547887286,1789636886548409941,-0.522379,0.522379
2709,2712,1789636886547347880,1789636886547160989,0.186891,0.186891,1789636886647961820,1789636886648462159,-0.500127,0.500127
2710,2713,1789636886647313131,1789636886647083490,0.229641,0.229641,1789636886748151125,1789636886748654848,-0.503558,0.503558
2711,2714,1789636886747386318,1789636886747017818,0.3685,0.3685,1789636886848011889,1789636886848538135,-0.525727,0.525727
2712,2715,1789636886847381573,1789636886847149753,0.23182,0.23182,1789636886948156728,1789636886948779305,-0.622072,0.622072
2713,2716,1789636886947473407,1789636886947095987,0.37742,0.37742,1789636887047900730,1789636887048428426,-0.527424,0.527424
2714,2717,1789636887047382842,1789636887047030281,0.352561,0.352561,1789636887147870204,1789636887148415123,-0.544468,0.544468
2715,2718,1789636887147372842,1789636887147131753,0.241089,0.241089,1789636887248092115,1789636887248703292,-0.610736,0.610736
2716,2719,1789636887247438713,1789636887247078936,0.359777,0.359777,1789636887347905119,1789636887348433429,-0.527899,0.527899
2717,2720,1789636887347524113,1789636887347032678,0.491435,0.491435,1789636887447846143,1789636887448381100,-0.534855,0.534855
2718,2721,1789636887447290557,1789636887447095663,0.194894,0.194894,1789636887548350076,1789636887548946789,-0.596011,0.596011
2719,2722,1789636887547372321,1789636887547139216,0.233105,0.233105,1789636887648021464,1789636887648545448,-0.523394,0.523394
2720,2723,1789636887647488050,1789636887647026470,0.46158,0.46158,1789636887747787559,1789636887748275470,-0.487535,0.487535
2721,2724,1789636887747491017,1789636887747065739,0.425278,0.425278,1789636887848044653,1789636887848558052,-0.513034,0.513034
2722,2725,1789636887847312941,1789636887847125241,0.1877,0.1877,1789636887948082035,1789636887948654372,-0.571919,0.571919
2723,2726,1789636887947311272,1789636887947155998,0.155274,0.155274,1789636888047976107,1789636888048489672,-0.513193,0.513193
2724,2727,1789636888047323022,1789636888047119315,0.203707,0.203707,1789636888147716951,1789636888148198325,-0.481189,0.481189
2725,2728,1789636888147326253,1789636888146974972,0.351281,0.351281,1789636888247920404,1789636888248449391,-0.528486,0.528486
2726,2729,1789636888247427906,1789636888246968991,0.458915,0.458915,1789636888347982938,1789636888348514130,-0.530601,0.530601
2727,2730,1789636888347390843,1789636888347007250,0.383593,0.383593,1789636888448231962,1789636888448747234,-0.514852,0.514852
2728,2731,1789636888447418651,1789636888447053810,0.364841,0.364841,1789636888547936933,1789636888548490676,-0.553126,0.553126
2729,2732,1789636888547398680,1789636888547055643,0.343037,0.343037,1789636888647770343,1789636888648281142,-0.510771,0.510771
2730,2733,1789636888647291323,1789636888647031889,0.259434,0.259434,1789636888747864107,1789636888748352748,-0.4884,0.4884
2731,2734,1789636888747408832,1789636888746974100,0.434732,0.434732,1789636888847855721,1789636888848381648,-0.525506,0.525506
2732,2735,1789636888847327052,1789636888847060247,0.266805,0.266805,1789636888948016399,1789636888948574524,-0.557963,0.557963
2733,2736,1789636888947278764,1789636888947108877,0.169887,0.169887,1789636889047774822,1789636889048255574,-0.480546,0.480546
2734,2737,1789636889047357128,1789636889046964596,0.392532,0.392532,1789636889147442780,1789636889147948497,-0.505232,0.505232
2735,2738,1789636889147442802,1789636889146730000,0.712802,0.712802,1789636889247773380,1789636889248333069,-0.559287,0.559287
2736,2739,1789636889247265901,1789636889247034220,0.231681,0.231681,1789636889348050569,1789636889348579959,-0.529293,0.529293
2737,2740,1789636889347337879,1789636889346959261,0.378618,0.378618,1789636889447451151,1789636889447933387,-0.481874,0.481874
2738,2741,1789636889447433404,1789636889446719838,0.713566,0.713566,1789636889547814194,1789636889548376576,-0.562254,0.562254
2739,2742,1789636889547406064,1789636889547088008,0.318056,0.318056,1789636889647894478,1789636889648416716,-0.522071,0.522071
2740,2743,1789636889647322296,1789636889647000739,0.321557,0.321557,1789636889747860986,1789636889748383346,-0.521389,0.521389
2741,2744,1789636889747422707,1789636889747020241,0.402466,0.402466,1789636889848352455,1789636889849091267,-0.738451,0.738451
2742,2745,1789636889847360482,1789636889847010967,0.349515,0.349515,1789636889947986911,1789636889948696677,-0.709429,0.709429
2743,2746,1789636889947316608,1789636889947001969,0.314639,0.314639,1789636890047801023,1789636890048325863,-0.524476,0.524476
2744,2747,1789636890047390143,1789636890046918436,0.471707,0.471707,1789636890147829337,1789636890148350901,-0.520927,0.520927
2745,2748,1789636890147359229,1789636890147073413,0.285816,0.285816,1789636890247973793,1789636890248526642,-0.552394,0.552394
2746,2749,1789636890247362937,1789636890246970583,0.392354,0.392354,1789636890347643951,1789636890348174992,-0.530627,0.530627
2748,2750,1789636890447311449,1789636890447628528,-0.317079,0.317079,1789636890548107111,1789636890548696884,-0.589263,0.589263
2749,2751,1789636890547360500,1789636890547014670,0.34583,0.34583,1789636890647694327,1789636890648251177,-0.55666,0.55666
2750,2752,1789636890647372860,1789636890646903717,0.469143,0.469143,1789636890747664998,1789636890748206993,-0.541869,0.541869
2752,2753,1789636890847207684,1789636890847655131,-0.447447,0.447447,1789636890948089236,1789636890948625802,-0.536543,0.536543
2753,2754,1789636890947353802,1789636890947011271,0.342531,0.342531,1789636891047606513,1789636891048115215,-0.508548,0.508548
2754,2755,1789636891047240919,1789636891046874995,0.365924,0.365924,1789636891147615236,1789636891148145441,-0.530061,0.530061
2755,2756,1789636891147242261,1789636891146855659,0.386602,0.386602,1789636891248023867,1789636891248587588,-0.563486,0.563486
2756,2757,1789636891247321538,1789636891246940668,0.38087,0.38087,1789636891347784176,1789636891348320757,-0.536308,0.536308
2757,2758,1789636891347294542,1789636891347045695,0.248847,0.248847,1789636891448376499,1789636891448899841,-0.523091,0.523091
2758,2759,1789636891447310184,1789636891446950009,0.360175,0.360175,1789636891547994891,1789636891548554150,-0.558738,0.558738
2759,2760,1789636891547323149,1789636891546993060,0.330089,0.330089,1789636891648105789,1789636891648606786,-0.500782,0.500782
2760,2761,1789636891647230096,1789636891646982926,0.24717,0.24717,1789636891747980897,1789636891748494555,-0.513418,0.513418
2761,2762,1789636891747209287,1789636891746981528,0.227759,0.227759,1789636891848294962,1789636891848863167,-0.567714,0.567714
2762,2763,1789636891847344312,1789636891847044566,0.299746,0.299746,1789636891947576287,1789636891948185500,-0.609122,0.609122
2763,2764,1789636891947295186,1789636891946760013,0.535173,0.535173,1789636892047803053,1789636892048289321,-0.486039,0.486039
2764,2765,1789636892047183358,1789636892047010837,0.172521,0.172521,1789636892147887444,1789636892148396231,-0.508021,0.508021
2765,2766,1789636892147260493,1789636892146892987,0.367506,0.367506,1789636892247533028,1789636892248087427,-0.5541,0.5541
2766,2767,1789636892247242656,1789636892246697945,0.544711,0.544711,1789636892347721921,1789636892348268086,-0.545601,0.545601
2767,2768,1789636892347259471,1789636892346918116,0.341355,0.341355,1789636892447892803,1789636892448464262,-0.57107,0.57107
2768,2769,1789636892447263293,1789636892446754215,0.509078,0.509078,1789636892547723096,1789636892548251856,-0.527939,0.527939
2769,2770,1789636892547188078,1789636892546921110,0.266968,0.266968,1789636892648008666,1789636892648540784,-0.531713,0.531713
2770,2771,1789636892647298957,1789636892646940578,0.358379,0.358379,1789636892747941082,1789636892748523423,-0.58186,0.58186
2771,2772,1789636892747327977,1789636892746986986,0.340991,0.340991,1789636892847604159,1789636892848146030,-0.541752,0.541752
2772,2773,1789636892847180485,1789636892846669662,0.510823,0.510823,1789636892947580840,1789636892948138556,-0.557053,0.557053
2773,2774,1789636892947340896,1789636892946818186,0.52271,0.52271,1789636893047845358,1789636893048394870,-0.549112,0.549112
2774,2775,1789636893047169516,1789636893046853621,0.315895,0.315895,1789636893147869981,1789636893148415550,-0.544841,0.544841
2775,2776,1789636893147236370,1789636893146987055,0.249315,0.249315,1789636893247823252,1789636893248399995,-0.576206,0.576206
2776,2777,1789636893247133839,1789636893246872725,0.261114,0.261114,1789636893347582104,1789636893348157848,-0.575235,0.575235
2777,2778,1789636893347262392,1789636893346830476,0.431916,0.431916,1789636893447740851,1789636893448313369,-0.571723,0.571723
2778,2779,1789636893447254292,1789636893446890250,0.364042,0.364042,1789636893547696666,1789636893548278472,-0.580963,0.580963
2779,2780,1789636893547282609,1789636893546809908,0.472701,0.472701,1789636893647736142,1789636893648271262,-0.534673,0.534673
2780,2781,1789636893647190167,1789636893646967648,0.222519,0.222519,1789636893747990165,1789636893748499960,-0.509533,0.509533
2781,2782,1789636893747245451,1789636893746913191,0.33226,0.33226,1789636893847802250,1789636893848311858,-0.509226,0.509226
2782,2783,1789636893847317033,1789636893846840999,0.476034,0.476034,1789636893947686323,1789636893948234280,-0.547586,0.547586
2783,2784,1789636893947262427,1789636893946942106,0.320321,0.320321,1789636894047892744,1789636894048399346,-0.506185,0.506185
2784,2785,1789636894047306991,1789636894046888346,0.418645,0.418645,1789636894147529575,1789636894148046985,-0.517042,0.517042
2785,2786,1789636894147139093,1789636894146797831,0.341262,0.341262,1789636894247812130,1789636894248361774,-0.549332,0.549332
2786,2787,1789636894247188136,1789636894246907799,0.280337,0.280337,1789636894347728298,1789636894348228217,-0.499688,0.499688
2787,2788,1789636894347152300,1789636894346808787,0.343513,0.343513,1789636894447973407,1789636894448593666,-0.61963,0.61963
2788,2789,1789636894447183420,1789636894446976329,0.207091,0.207091,1789636894547763379,1789636894548324005,-0.560379,0.560379
2789,2790,1789636894547172751,1789636894546863060,0.309691,0.309691,1789636894647634390,1789636894648141548,-0.506804,0.506804
2790,2791,1789636894647256367,1789636894646768300,0.488067,0.488067,1789636894747537518,1789636894748032841,-0.495071,0.495071
2791,2792,1789636894747295533,1789636894746772908,0.522625,0.522625,1789636894847754200,1789636894848259525,-0.504955,0.504955
2792,2793,1789636894847208782,1789636894846828183,0.380599,0.380599,1789636894947765178,1789636894948329829,-0.564337,0.564337
2793,2794,1789636894947270302,1789636894946845403,0.424899,0.424899,1789636895047758798,1789636895048270496,-0.511318,0.511318
2794,2795,1789636895047150589,1789636895046947695,0.202894,0.202894,1789636895147801043,1789636895148339259,-0.537918,0.537918
2795,2796,1789636895147304454,1789636895146796897,0.507557,0.507557,1789636895247629463,1789636895248143987,-0.514193,0.514193
2796,2797,1789636895247256317,1789636895246872663,0.383654,0.383654,1789636895347844547,1789636895348350851,-0.50549,0.50549
2797,2798,1789636895347174325,1789636895346925590,0.248735,0.248735,1789636895447632580,1789636895448184813,-0.551799,0.551799
2798,2799,1789636895447093910,1789636895446841728,0.252182,0.252182,1789636895547732100,1789636895548292430,-0.56004,0.56004
2799,2800,1789636895547203431,1789636895546874300,0.329131,0.329131,1789636895647973281,1789636895648463273,-0.489594,0.489594
2800,2801,1789636895647194459,1789636895646936365,0.258094,0.258094,1789636895748037138,1789636895748597114,-0.55976,0.55976
2801,2802,1789636895747288834,1789636895746846662,0.442172,0.442172,1789636895847631712,1789636895848180111,-0.548131,0.548131
2802,2803,1789636895847142836,1789636895846788329,0.354507,0.354507,1789636895947821642,1789636895948399223,-0.577188,0.577188
2803,2804,1789636895947288072,1789636895946907422,0.38065,0.38065,1789636896047969282,1789636896048668994,-0.69954,0.69954
2804,2805,1789636896047251372,1789636896046804293,0.447079,0.447079,1789636896147466976,1789636896148000941,-0.533615,0.533615
2805,2806,1789636896147150208,1789636896146761495,0.388713,0.388713,1789636896247899082,1789636896248460004,-0.560547,0.560547
2806,2807,1789636896247250226,1789636896246853099,0.397127,0.397127,1789636896347591467,1789636896348151282,-0.559286,0.559286
2807,2808,1789636896347118404,1789636896346798959,0.319445,0.319445,1789636896447558337,1789636896448112905,-0.554281,0.554281
2808,2809,1789636896447106667,1789636896446762644,0.344023,0.344023,1789636896547772411,1789636896548371518,-0.598739,0.598739
2809,2810,1789636896547188740,1789636896546826860,0.36188,0.36188,1789636896647634033,1789636896648170400,-0.536004,0.536004
2810,2811,1789636896647069527,1789636896646711861,0.357666,0.357666,1789636896747629050,1789636896748133713,-0.504109,0.504109
2811,2812,1789636896747069914,1789636896746863729,0.206185,0.206185,1789636896847791107,1789636896848326107,-0.534635,0.534635
2812,2813,1789636896847222544,1789636896846743657,0.478887,0.478887,1789636896947512954,1789636896948106489,-0.592966,0.592966
2813,2814,1789636896947074511,1789636896946732908,0.341603,0.341603,1789636897047562560,1789636897048140381,-0.577482,0.577482
2814,2815,1789636897047211573,1789636897046701346,0.510227,0.510227,1789636897147990763,1789636897148517263,-0.526122,0.526122
2815,2816,1789636897147147588,1789636897146788111,0.359477,0.359477,1789636897247648611,1789636897248224414,-0.57566,0.57566
2816,2817,1789636897247028352,1789636897246726089,0.302263,0.302263,1789636897347886318,1789636897348430390,-0.543922,0.543922
2817,2818,1789636897347193999,1789636897346802183,0.391816,0.391816,1789636897447978067,1789636897448504431,-0.525756,0.525756
2818,2819,1789636897447047020,1789636897446756221,0.290799,0.290799,1789636897547800692,1789636897548373270,-0.57185,0.57185
2819,2820,1789636897547079458,1789636897546828918,0.25054,0.25054,1789636897648075160,1789636897648609737,-0.534316,0.534316
2820,2821,1789636897647075444,1789636897646747140,0.328304,0.328304,1789636897747640805,1789636897748139709,-0.498691,0.498691
2821,2822,1789636897747082290,1789636897746762205,0.320085,0.320085,1789636897847760478,1789636897848268538,-0.507834,0.507834
2822,2823,1789636897847107954,1789636897846693649,0.414305,0.414305,1789636897947668018,1789636897948220597,-0.552165,0.552165
2823,2824,1789636897947162893,1789636897946707478,0.455415,0.455415,1789636898048031648,1789636898048591413,-0.559191,0.559191
2824,2825,1789636898047037107,1789636898046834101,0.203006,0.203006,1789636898148047065,1789636898148587793,-0.54108,0.54108
2825,2826,1789636898147212468,1789636898146698686,0.513782,0.513782,1789636898247539118,1789636898248087035,-0.547637,0.547637
2826,2827,1789636898247029565,1789636898246752830,0.276735,0.276735,1789636898347749926,1789636898348249653,-0.499532,0.499532
2827,2828,1789636898347153383,1789636898346710515,0.442868,0.442868,1789636898447515508,1789636898448057303,-0.541629,0.541629
2828,2829,1789636898447076713,1789636898446723963,0.35275,0.35275,1789636898547446048,1789636898548006309,-0.559788,0.559788
2829,2830,1789636898547068898,1789636898546680919,0.387979,0.387979,1789636898647840959,1789636898648410999,-0.569741,0.569741
2830,2831,1789636898647175939,1789636898646664365,0.511574,0.511574,1789636898747574475,1789636898748063276,-0.48847,0.48847
2831,2832,1789636898747060597,1789636898746793340,0.267257,0.267257,1789636898847805135,1789636898848297849,-0.492275,0.492275
2832,2833,1789636898847152396,1789636898846744310,0.408086,0.408086,1789636898947391021,1789636898947955648,-0.564246,0.564246
2833,2834,1789636898947078723,1789636898946656106,0.422617,0.422617,1789636899047662315,1789636899048145536,-0.48283,0.48283
2834,2835,1789636899047035490,1789636899046839690,0.1958,0.1958,1789636899147808730,1789636899148310592,-0.501622,0.501622
2835,2836,1789636899147098996,1789636899146775265,0.323731,0.323731,1789636899247462942,1789636899248046069,-0.582836,0.582836
2836,2837,1789636899247053529,1789636899246744074,0.309455,0.309455,1789636899347618123,1789636899348146822,-0.5285,0.5285
2837,2838,1789636899347178383,1789636899346755201,0.423182,0.423182,1789636899447519810,1789636899448033948,-0.513909,0.513909
2838,2839,1789636899447082097,1789636899446674182,0.407915,0.407915,1789636899547524307,1789636899548033610,-0.50884,0.50884
2839,2840,1789636899547059766,1789636899546798510,0.261256,0.261256,1789636899647784861,1789636899648291700,-0.506706,0.506706
2840,2841,1789636899647137807,1789636899646786179,0.351628,0.351628,1789636899747469064,1789636899748003689,-0.534353,0.534353
2841,2842,1789636899747089726,1789636899746732765,0.356961,0.356961,1789636899847537733,1789636899848065792,-0.527642,0.527642
2842,2843,1789636899847000920,1789636899846706936,0.293984,0.293984,1789636899947534828,1789636899948112538,-0.577673,0.577673
2843,2844,1789636899947116733,1789636899946696996,0.419737,0.419737,1789636900047546225,1789636900048075760,-0.529283,0.529283
2844,2845,1789636900047022713,1789636900046641566,0.381147,0.381147,1789636900147582980,1789636900148094594,-0.511281,0.511281
2845,2846,1789636900147179193,1789636900146671748,0.507445,0.507445,1789636900247442131,1789636900248006394,-0.563947,0.563947
2846,2847,1789636900247018975,1789636900246626684,0.392291,0.392291,1789636900347437163,1789636900347958570,-0.52079,0.52079
2847,2848,1789636900347014092,1789636900346641670,0.372422,0.372422,1789636900447639908,1789636900448167344,-0.52702,0.52702
2848,2849,1789636900446966087,1789636900446701390,0.264697,0.264697,1789636900547599014,1789636900548188709,-0.589228,0.589228
2849,2850,1789636900547026210,1789636900546751098,0.275112,0.275112,1789636900647630493,1789636900648148806,-0.517604,0.517604
2850,2851,1789636900646970889,1789636900646668899,0.30199,0.30199,1789636900747394539,1789636900747926363,-0.531438,0.531438
2851,2852,1789636900746988102,1789636900746603147,0.384955,0.384955,1789636900847657782,1789636900848169546,-0.511358,0.511358
2852,2853,1789636900846965357,1789636900846754072,0.211285,0.211285,1789636900947679459,1789636900948248327,-0.568551,0.568551
2853,2854,1789636900947017675,1789636900946623647,0.394028,0.394028,1789636901047680376,1789636901048196698,-0.515758,0.515758
2854,2855,1789636901047026092,1789636901046622083,0.404009,0.404009,1789636901147426296,1789636901147927090,-0.500308,0.500308
2855,2856,1789636901146963188,1789636901146673837,0.289351,0.289351,1789636901247528385,1789636901248125393,-0.596424,0.596424
2856,2857,1789636901246986323,1789636901246697208,0.289115,0.289115,1789636901347760229,1789636901348327952,-0.567304,0.567304
2857,2858,1789636901346996265,1789636901346674291,0.321974,0.321974,1789636901447419556,1789636901448000905,-0.580497,0.580497
2858,2859,1789636901447000112,1789636901446610685,0.389427,0.389427,1789636901547512713,1789636901548109323,-0.596086,0.596086
2859,2860,1789636901546981502,1789636901546691165,0.290337,0.290337,1789636901647761705,1789636901648342953,-0.580784,0.580784
2860,2861,1789636901647015096,1789636901646619935,0.395161,0.395161,1789636901747533772,1789636901748057638,-0.52362,0.52362
2861,2862,1789636901746979081,1789636901746715708,0.263373,0.263373,1789636901848002984,1789636901848723446,-0.72009,0.72009
2862,2863,1789636901846915655,1789636901846725344,0.190311,0.190311,1789636901947859990,1789636901948601245,-0.740905,0.740905
2863,2864,1789636901947078399,1789636901946653039,0.42536,0.42536,1789636902047788211,1789636902048481201,-0.692799,0.692799
2864,2865,1789636902047009058,1789636902046710286,0.298772,0.298772,1789636902147596745,1789636902148146039,-0.548808,0.548808
2865,2866,1789636902146972461,1789636902146689523,0.282938,0.282938,1789636902247495445,1789636902248006995,-0.51104,0.51104
2866,2867,1789636902247001492,1789636902246642419,0.359073,0.359073,1789636902347602607,1789636902348137153,-0.533666,0.533666
2867,2868,1789636902347033180,1789636902346744601,0.288579,0.288579,1789636902447671678,1789636902448247805,-0.575624,0.575624
2868,2869,1789636902447004175,1789636902446676367,0.327808,0.327808,1789636902547657677,1789636902548193361,-0.535423,0.535423
2869,2870,1789636902547083494,1789636902546796391,0.287103,0.287103,1789636902647660091,1789636902648169524,-0.509184,0.509184
2870,2871,1789636902646918264,1789636902646727377,0.190887,0.190887,1789636902747923602,1789636902748645397,-0.72131,0.72131
2871,2872,1789636902746958931,1789636902746766743,0.192188,0.192188,1789636902847612309,1789636902848187035,-0.574312,0.574312
2872,2874,1789636902946982566,1789636902946680410,0.302156,0.302156,1789636903047675765,1789636903048213446,-0.537215,0.537215
2873,2875,1789636903047019019,1789636903046677017,0.342002,0.342002,1789636903147856727,1789636903148604179,-0.747144,0.747144
2874,2876,1789636903147068090,1789636903146819663,0.248427,0.248427,1789636903248030620,1789636903248788958,-0.757805,0.757805
2875,2877,1789636903246983995,1789636903246711796,0.272199,0.272199,1789636903347701571,1789636903348320478,-0.618382,0.618382
2876,2878,1789636903346951386,1789636903346690325,0.261061,0.261061,1789636903447450795,1789636903448014813,-0.563712,0.563712
2877,2879,1789636903446928427,1789636903446599983,0.328444,0.328444,1789636903547561035,1789636903548139415,-0.578064,0.578064
2878,2880,1789636903547025175,1789636903546645511,0.379664,0.379664,1789636903647659865,1789636903648206539,-0.546136,0.546136
2879,2881,1789636903646928718,1789636903646625468,0.30325,0.30325,1789636903747841602,1789636903748539175,-0.697238,0.697238
2880,2882,1789636903747053356,1789636903746743752,0.309604,0.309604,1789636903847972771,1789636903848651184,-0.678315,0.678315
2881,2883,1789636903846990759,1789636903846616235,0.374524,0.374524,1789636903947765655,1789636903948449382,-0.683329,0.683329
2882,2884,1789636903947067550,1789636903946741967,0.325583,0.325583,1789636904047739131,1789636904048278228,-0.539026,0.539026
2883,2885,1789636904046891530,1789636904046735660,0.15587,0.15587,1789636904147506037,1789636904148050854,-0.544519,0.544519
2884,2886,1789636904146975597,1789636904146612553,0.363044,0.363044,1789636904247744872,1789636904248313921,-0.568625,0.568625
2885,2887,1789636904246925201,1789636904246753396,0.171805,0.171805,1789636904347695510,1789636904348203067,-0.507249,0.507249
2886,2888,1789636904347019762,1789636904346678634,0.341128,0.341128,1789636904447774016,1789636904448346172,-0.571583,0.571583
2887,2889,1789636904446968808,1789636904446798733,0.170075,0.170075,1789636904547834242,1789636904548397568,-0.562971,0.562971
2888,2890,1789636904546995791,1789636904546772392,0.223399,0.223399,1789636904647560480,1789636904648116565,-0.555364,0.555364
2889,2891,1789636904646916413,1789636904646720085,0.196328,0.196328,1789636904747765648,1789636904748313959,-0.547826,0.547826
2890,2892,1789636904746985666,1789636904746778027,0.207639,0.207639,1789636904847736272,1789636904848270558,-0.533559,0.533559
2891,2893,1789636904846997745,1789636904846672971,0.324774,0.324774,1789636904947440290,1789636904947999868,-0.558906,0.558906
2892,2894,1789636904946898720,1789636904946671541,0.227179,0.227179,1789636905047622789,1789636905048140314,-0.516804,0.516804
2893,2895,1789636905046998929,1789636905046800581,0.198348,0.198348,1789636905147557171,1789636905148062230,-0.504784,0.504784
2894,2896,1789636905146968736,1789636905146665229,0.303507,0.303507,1789636905247401473,1789636905247993665,-0.591762,0.591762
2895,2897,1789636905246879959,1789636905246597996,0.281963,0.281963,1789636905347614203,1789636905348128622,-0.514147,0.514147
2896,2898,1789636905347029290,1789636905346639515,0.389775,0.389775,1789636905447597519,1789636905448124813,-0.526713,0.526713
2897,2899,1789636905446959188,1789636905446710662,0.248526,0.248526,1789636905547569124,1789636905548156115,-0.586102,0.586102
2898,2900,1789636905546879039,1789636905546812667,0.066372,0.066372,1789636905647694632,1789636905648233065,-0.537499,0.537499
2899,2901,1789636905646816304,1789636905646784414,0.03189,0.03189,1789636905747481766,1789636905748008153,-0.525706,0.525706
2900,2902,1789636905746849556,1789636905746603412,0.246144,0.246144,1789636905847648086,1789636905848187989,-0.539445,0.539445
2901,2903,1789636905846802815,1789636905846824202,-0.021387,0.021387,1789636905947846862,1789636905948424131,-0.576688,0.576688
2902,2904,1789636905946864141,1789636905946784824,0.079317,0.079317,1789636906047384939,1789636906047900237,-0.515209,0.515209
2903,2905,1789636906046838049,1789636906046607557,0.230492,0.230492,1789636906147475719,1789636906147977146,-0.500931,0.500931
2904,2906,1789636906147013246,1789636906146621085,0.392161,0.392161,1789636906247518042,1789636906248064897,-0.546564,0.546564
2905,2907,1789636906246883072,1789636906247273891,-0.390819,0.390819,1789636906347662665,1789636906348146336,-0.483353,0.483353
2906,2908,1789636906346849860,1789636906346826161,0.023699,0.023699,1789636906447637727,1789636906448139114,-0.501005,0.501005
2907,2909,1789636906446886127,1789636906446809872,0.076255,0.076255,1789636906547486263,1789636906548003466,-0.516521,0.516521
2908,2910,1789636906546831796,1789636906546735607,0.096189,0.096189,1789636906647396141,1789636906647900387,-0.503557,0.503557
2909,2911,1789636906646780469,1789636906646616054,0.164415,0.164415,1789636906747562493,1789636906748061204,-0.498258,0.498258
2910,2912,1789636906746876179,1789636906746739387,0.136792,0.136792,1789636906847494190,1789636906848012590,-0.517875,0.517875
2911,2913,1789636906846773454,1789636906846607356,0.166098,0.166098,1789636906947475708,1789636906948045322,-0.568913,0.568913
2912,2914,1789636906946801095,1789636906946757638,0.043457,0.043457,1789636907047732710,1789636907048229437,-0.496318,0.496318
2913,2915,1789636907046835854,1789636907046725582,0.110272,0.110272,1789636907147534463,1789636907148026525,-0.491777,0.491777
2914,2916,1789636907146806128,1789636907146826934,-0.020806,0.020806,1789636907247799523,1789636907248349995,-0.550151,0.550151
2915,2917,1789636907246889031,1789636907246711552,0.177479,0.177479,1789636907347539525,1789636907348078809,-0.539079,0.539079
2916,2918,1789636907346880473,1789636907346713889,0.166584,0.166584,1789636907447522933,1789636907448044404,-0.520991,0.520991
2917,2919,1789636907446919689,1789636907446646441,0.273248,0.273248,1789636907547472070,1789636907548013979,-0.541215,0.541215
2918,2920,1789636907546885866,1789636907546738018,0.147848,0.147848,1789636907647647491,1789636907648191267,-0.543234,0.543234
2919,2921,1789636907646753941,1789636907646660607,0.093334,0.093334,1789636907747656598,1789636907748165705,-0.508919,0.508919
2920,2922,1789636907746970579,1789636907746723374,0.247205,0.247205,1789636907847702717,1789636907848252056,-0.548278,0.548278
2921,2923,1789636907846808644,1789636907846726684,0.08196,0.08196,1789636907947494793,1789636907948066941,-0.571323,0.571323
2922,2924,1789636907946790824,1789636907946712717,0.078107,0.078107,1789636908047699831,1789636908048215402,-0.515039,0.515039
2923,2925,1789636908046864159,1789636908046809731,0.054428,0.054428,1789636908147669567,1789636908148160434,-0.490293,0.490293
2924,2926,1789636908146793776,1789636908147317107,-0.523331,0.523331,1789636908247649879,1789636908248193107,-0.542763,0.542763
2925,2927,1789636908246898900,1789636908246621449,0.277451,0.277451,1789636908347587180,1789636908348094842,-0.507339,0.507339
2926,2928,1789636908346825490,1789636908347136402,-0.310912,0.310912,1789636908447652252,1789636908448178453,-0.525632,0.525632
2927,2929,1789636908446749268,1789636908446728171,0.021097,0.021097,1789636908547497744,1789636908548066813,-0.568844,0.568844
2928,2930,1789636908546819113,1789636908546702285,0.116828,0.116828,1789636908647416515,1789636908647910350,-0.49327,0.49327
2929,2931,1789636908646788538,1789636908646729011,0.059527,0.059527,1789636908747651040,1789636908748148698,-0.497409,0.497409
2930,2932,1789636908746950525,1789636908746667868,0.282657,0.282657,1789636908847313552,1789636908847812346,-0.498461,0.498461
2931,2933,1789636908846809125,1789636908846606277,0.202848,0.202848,1789636908947519155,1789636908948051121,-0.531746,0.531746
2932,2934,1789636908946894823,1789636908946605390,0.289433,0.289433,1789636909047455723,1789636909047966574,-0.510443,0.510443
2933,2935,1789636909046892016,1789636909046741082,0.150934,0.150934,1789636909147528008,1789636909148049355,-0.520525,0.520525
2934,2936,1789636909146782943,1789636909146615784,0.167159,0.167159,1789636909247554095,1789636909248099186,-0.544662,0.544662
2935,2937,1789636909246885530,1789636909246618851,0.266679,0.266679,1789636909347520294,1789636909348061474,-0.541056,0.541056
2936,2938,1789636909346871534,1789636909346710998,0.160536,0.160536,1789636909447598782,1789636909448065517,-0.466406,0.466406
2937,2939,1789636909446747928,1789636909446674530,0.073398,0.073398,1789636909547642709,1789636909548161648,-0.518242,0.518242
2938,2940,1789636909546873478,1789636909546772639,0.100839,0.100839,1789636909647570352,1789636909648093117,-0.522223,0.522223
2939,2941,1789636909646809904,1789636909646635945,0.173959,0.173959,1789636909747644697,1789636909748224414,-0.579021,0.579021
2940,2942,1789636909746894255,1789636909747170830,-0.276575,0.276575,1789636909847574918,1789636909848080310,-0.504994,0.504994
2941,2943,1789636909846851894,1789636909846593901,0.257993,0.257993,1789636909947413577,1789636909947980412,-0.566187,0.566187
2942,2944,1789636909946806348,1789636909946660733,0.145615,0.145615,1789636910047722410,1789636910048218920,-0.496013,0.496013
2943,2945,1789636910046830814,1789636910047122674,-0.29186,0.29186,1789636910148125869,1789636910148633364,-0.507173,0.507173
2944,2946,1789636910147093429,1789636910147169703,-0.076274,0.076274,1789636910247457474,1789636910247998443,-0.540547,0.540547
2945,2947,1789636910246751668,1789636910246649730,0.101938,0.101938,1789636910347662817,1789636910348159638,-0.496632,0.496632
2946,2948,1789636910346832048,1789636910347062638,-0.23059,0.23059,1789636910447698900,1789636910448190177,-0.491097,0.491097
2947,2949,1789636910446770501,1789636910446802821,-0.03232,0.03232,1789636910547482705,1789636910548023215,-0.540345,0.540345
2948,2950,1789636910546861232,1789636910546666322,0.19491,0.19491,1789636910647387979,1789636910647875622,-0.487644,0.487644
2949,2951,1789636910646858764,1789636910646712536,0.146228,0.146228,1789636910747490534,1789636910747998992,-0.508028,0.508028
2950,2952,1789636910746800325,1789636910746774040,0.026285,0.026285,1789636910847601649,1789636910848109772,-0.507925,0.507925
2951,2953,1789636910846842633,1789636910846686089,0.156544,0.156544,1789636910947661004,1789636910948234939,-0.573668,0.573668
2952,2954,1789636910946831170,1789636910946800896,0.030274,0.030274,1789636911047450076,1789636911047954369,-0.503911,0.503911
2953,2955,1789636911046735647,1789636911046767913,-0.032266,0.032266,1789636911147518201,1789636911148057874,-0.539015,0.539015
2954,2956,1789636911146702848,1789636911147234433,-0.531585,0.531585,1789636911247785566,1789636911248335117,-0.549458,0.549458
2955,2957,1789636911246765858,1789636911247078963,-0.313105,0.313105,1789636911347379540,1789636911347930090,-0.550211,0.550211
2956,2958,1789636911346765687,1789636911346564189,0.201498,0.201498,1789636911447781310,1789636911448330041,-0.548018,0.548018
2957,2959,1789636911446902815,1789636911447050376,-0.147561,0.147561,1789636911547502548,1789636911548054381,-0.551643,0.551643
2958,2960,1789636911546844998,1789636911546625064,0.219934,0.219934,1789636911647502765,1789636911648012962,-0.509845,0.509845
2959,2961,1789636911646753315,1789636911646774356,-0.021041,0.021041,1789636911747884135,1789636911748435654,-0.550755,0.550755
2960,2962,1789636911746788935,1789636911747147587,-0.358652,0.358652,1789636911847741846,1789636911848259573,-0.517268,0.517268
2961,2963,1789636911846803069,1789636911846750846,0.052223,0.052223,1789636911947424705,1789636911948015075,-0.58968,0.58968
2962,2964,1789636911946753653,1789636911946672499,0.081154,0.081154,1789636912047813763,1789636912048396742,-0.582306,0.582306
2963,2965,1789636912046938989,1789636912047036003,-0.097014,0.097014,1789636912147403920,1789636912147924062,-0.519763,0.519763
2964,2966,1789636912146703384,1789636912146612615,0.090769,0.090769,1789636912247628974,1789636912248208189,-0.579144,0.579144
2965,2967,1789636912246738721,1789636912246672900,0.065821,0.065821,1789636912347735239,1789636912348276956,-0.541106,0.541106
2966,2968,1789636912346752434,1789636912347126682,-0.374248,0.374248,1789636912447646674,1789636912448198033,-0.550933,0.550933
2967,2969,1789636912446631967,1789636912446747260,-0.115293,0.115293,1789636912547536905,1789636912548129537,-0.591939,0.591939
2968,2970,1789636912546699987,1789636912546678546,0.021441,0.021441,1789636912647483069,1789636912647962351,-0.479094,0.479094
2969,2971,1789636912646690292,1789636912646772521,-0.082229,0.082229,1789636912747768796,1789636912748294429,-0.524913,0.524913
2970,2972,1789636912746823616,1789636912746744650,0.078966,0.078966,1789636912847541149,1789636912848069571,-0.528052,0.528052
2971,2973,1789636912846754274,1789636912846638240,0.116034,0.116034,1789636912947819570,1789636912948563535,-0.743657,0.743657
2972,2974,1789636912946789249,1789636912947018355,-0.229106,0.229106,1789636913047716047,1789636913048255799,-0.5392,0.5392
2973,2975,1789636913046662185,1789636913046705505,-0.04332,0.04332,1789636913147463359,1789636913147964191,-0.500551,0.500551
2974,2976,1789636913146806153,1789636913146715930,0.090223,0.090223,1789636913247353178,1789636913247893873,-0.540299,0.540299
2975,2977,1789636913246742609,1789636913246602285,0.140324,0.140324,1789636913347724440,1789636913348279695,-0.55464,0.55464
2976,2978,1789636913346780732,1789636913347014601,-0.233869,0.233869,1789636913447591202,1789636913448092938,-0.501465,0.501465
2977,2979,1789636913446666438,1789636913446645143,0.021295,0.021295,1789636913547394360,1789636913547988348,-0.593608,0.593608
2978,2980,1789636913546684089,1789636913546563820,0.120269,0.120269,1789636913647698918,1789636913648223369,-0.523872,0.523872
2979,2981,1789636913646689556,1789636913646710505,-0.020949,0.020949,1789636913747822246,1789636913748540778,-0.718253,0.718253
2980,2982,1789636913746804004,1789636913747073318,-0.269314,0.269314,1789636913847669412,1789636913848206919,-0.537145,0.537145
2981,2983,1789636913846668246,1789636913846993037,-0.324791,0.324791,1789636913947481039,1789636913948042567,-0.560865,0.560865
