Linux 7.0.0-28-generic (w) 	09/17/26 	_x86_64_	(24 CPU)

15:02:55     CPU    %usr   %nice    %sys %iowait    %irq   %soft  %steal  %guest  %gnice   %idle
15:02:56     all    1.17    0.00    0.33    0.04    0.00    0.04    0.00    0.00    0.00   98.42
15:02:56       0    2.97    0.00    0.99    0.00    0.00    0.00    0.00    0.00    0.00   96.04
15:02:56       1    0.00    0.00    0.00    0.00    0.00    0.00    0.00    0.00    0.00  100.00
15:02:56       2    0.99    0.00    0.00    0.00    0.00    0.00    0.00    0.00    0.00   99.01
15:02:56       3    0.00    0.00    0.00    0.00    0.00    0.00    0.00    0.00    0.00  100.00
15:02:56       4    2.97    0.00    0.00    0.00    0.00    0.00    0.00    0.00    0.00   97.03
15:02:56       5    0.00    0.00    0.00    0.00    0.00    0.00    0.00    0.00    0.00  100.00
15:02:56       6    1.00    0.00    1.00    1.00    0.00    0.00    0.00    0.00    0.00   97.00
15:02:56       7    0.00    0.00    0.00    0.00    0.00    0.00    0.00    0.00    0.00  100.00
15:02:56       8    4.00    0.00    1.00    0.00    0.00    0.00    0.00    0.00    0.00   95.00
15:02:56       9    0.00    0.00    0.00    0.00    0.00    0.00    0.00    0.00    0.00  100.00
15:02:56      10    3.00    0.00    2.00    0.00    0.00    0.00    0.00    0.00    0.00   95.00
15:02:56      11    0.00    0.00    0.00    0.00    0.00    0.00    0.00    0.00    0.00  100.00
15:02:56      12    3.03    0.00    0.00    0.00    0.00    0.00    0.00    0.00    0.00   96.97
15:02:56      13    0.00    0.00    0.00    0.00    0.00    0.00    0.00    0.00    0.00  100.00
15:02:56      14    1.00    0.00    1.00    0.00    0.00    0.00    0.00    0.00    0.00   98.00
15:02:56      15    0.99    0.00    1.98    0.00    0.00    0.99    0.00    0.00    0.00   96.04
15:02:56      16    2.02    0.00    0.00    0.00    0.00    0.00    0.00    0.00    0.00   97.98
15:02:56      17    1.01    0.00    0.00    0.00    0.00    0.00    0.00    0.00    0.00   98.99
15:02:56      18    1.01    0.00    0.00    0.00    0.00    0.00    0.00    0.00    0.00   98.99
15:02:56      19    1.00    0.00    0.00    0.00    0.00    0.00    0.00    0.00    0.00   99.00
15:02:56      20    0.00    0.00    0.00    0.00    0.00    0.00    0.00    0.00    0.00  100.00
15:02:56      21    0.00    0.00    0.00    0.00    0.00    0.00    0.00    0.00    0.00  100.00
15:02:56      22    2.00    0.00    0.00    0.00    0.00    0.00    0.00    0.00    0.00   98.00
15:02:56      23    1.00    0.00    0.00    0.00    0.00    0.00    0.00    0.00    0.00   99.00

15:02:56     CPU    %usr   %nice    %sys %iowait    %irq   %soft  %steal  %guest  %gnice   %idle
15:02:57     all    0.67    0.00    0.42    0.00    0.00    0.04    0.00    0.00    0.00   98.87
15:02:57       0    1.00    0.00    0.00    0.00    0.00    0.00    0.00    0.00    0.00   99.00
15:02:57       1    0.00    0.00    0.00    0.00    0.00    0.00    0.00    0.00    0.00  100.00
15:02:57       2    1.01    0.00    1.01    0.00    0.00    0.00    0.00    0.00    0.00   97.98
15:02:57       3    0.00    0.00    0.00    0.00    0.00    0.00    0.00    0.00    0.00  100.00
15:02:57       4    1.00    0.00    1.00    0.00    0.00    0.00    0.00    0.00    0.00   98.00
15:02:57       5    0.00    0.00    0.00    0.00    0.00    0.00    0.00    0.00    0.00  100.00
15:02:57       6    3.03    0.00    1.01    0.00    0.00    0.00    0.00    0.00    0.00   95.96
15:02:57       7    0.00    0.00    0.00    0.00    0.00    0.00    0.00    0.00    0.00  100.00
15:02:57       8    3.03    0.00    1.01    0.00    0.00    0.00    0.00    0.00    0.00   95.96
15:02:57       9    0.00    0.00    0.00    0.00    0.00    0.00    0.00    0.00    0.00  100.00
15:02:57      10    4.08    0.00    1.02    0.00    0.00    0.00    0.00    0.00    0.00   94.90
15:02:57      11    0.00    0.00    0.00    0.00    0.00    0.00    0.00    0.00    0.00  100.00
15:02:57      12    0.00    0.00    1.00    0.00    0.00    0.00    0.00    0.00    0.00   99.00
15:02:57      13    0.00    0.00    0.00    0.00    0.00    0.00    0.00    0.00    0.00  100.00
15:02:57      14    1.00    0.00    1.00    0.00    0.00    0.00    0.00    0.00    0.00   98.00
15:02:57      15    0.00    0.00    0.00    0.00    0.00    1.02    0.00    0.00    0.00   98.98
15:02:57      16    0.00    0.00    1.01    0.00    0.00    0.00    0.00    0.00    0.00   98.99
15:02:57      17    1.01    0.00    0.00    0.00    0.00    0.00    0.00    0.00    0.00   98.99
15:02:57      18    1.00    0.00    1.00    0.00    0.00    0.00    0.00    0.00    0.00   98.00
15:02:57      19    0.00    0.00    1.00    0.00    0.00    0.00    0.00    0.00    0.00   99.00
15:02:57      20    0.00    0.00    0.00    0.00    0.00    0.00    0.00    0.00    0.00  100.00
15:02:57      21    0.00    0.00    0.00    0.00    0.00    0.00    0.00    0.00    0.00  100.00
15:02:57      22    0.00    0.00    0.00    0.00    0.00    0.00    0.00    0.00    0.00  100.00
15:02:57      23    0.00    0.00    0.00    0.00    0.00    0.00    0.00    0.00    0.00  100.00

15:02:57     CPU    %usr   %nice    %sys %iowait    %irq   %soft  %steal  %guest  %gnice   %idle
15:02:58     all    1.04    0.00    0.38    0.04    0.00    0.08    0.00    0.00    0.00   98.46
15:02:58       0    0.00    0.00    0.00    0.00    0.00    0.00    0.00    0.00    0.00  100.00
15:02:58       1    0.00    0.00    0.00    0.00    0.00    0.00    0.00    0.00    0.00  100.00
15:02:58       2    1.00    0.00    0.00    0.00    0.00    0.00    0.00    0.00    0.00   99.00
15:02:58       3    0.00    0.00    0.00    0.00    0.00    0.00    0.00    0.00    0.00  100.00
15:02:58       4    3.00    0.00    0.00    0.00    0.00    0.00    0.00    0.00    0.00   97.00
15:02:58       5    0.00    0.00    0.00    0.00    0.00    0.00    0.00    0.00    0.00  100.00
15:02:58       6    2.00    0.00    1.00    0.00    0.00    0.00    0.00    0.00    0.00   97.00
15:02:58       7    0.00    0.00    0.00    1.00    0.00    0.00    0.00    0.00    0.00   99.00
15:02:58       8    4.95    0.00    1.98    0.00    0.00    0.00    0.00    0.00    0.00   93.07
15:02:58       9    0.00    0.00    0.00    0.00    0.00    0.00    0.00    0.00    0.00  100.00
15:02:58      10    7.00    0.00    1.00    0.00    0.00    0.00    0.00    0.00    0.00   92.00
15:02:58      11    0.00    0.00    0.00    0.00    0.00    0.00    0.00    0.00    0.00  100.00
15:02:58      12    2.00    0.00    1.00    0.00    0.00    0.00    0.00    0.00    0.00   97.00
15:02:58      13    0.00    0.00    0.00    0.00    0.00    0.00    0.00    0.00    0.00  100.00
15:02:58      14    0.00    0.00    1.01    0.00    0.00    0.00    0.00    0.00    0.00   98.99
15:02:58      15    0.00    0.00    0.00    0.00    0.00    2.02    0.00    0.00    0.00   97.98
15:02:58      16    1.00    0.00    0.00    0.00    0.00    0.00    0.00    0.00    0.00   99.00
15:02:58      17    1.00    0.00    0.00    0.00    0.00    0.00    0.00    0.00    0.00   99.00
15:02:58      18    0.00    0.00    0.00    0.00    0.00    0.00    0.00    0.00    0.00  100.00
15:02:58      19    0.00    0.00    0.00    0.00    0.00    0.00    0.00    0.00    0.00  100.00
15:02:58      20    0.99    0.00    0.99    0.00    0.00    0.00    0.00    0.00    0.00   98.02
15:02:58      21    1.00    0.00    1.00    0.00    0.00    0.00    0.00    0.00    0.00   98.00
15:02:58      22    0.00    0.00    0.00    0.00    0.00    0.00    0.00    0.00    0.00  100.00
15:02:58      23    0.99    0.00    0.99    0.00    0.00    0.00    0.00    0.00    0.00   98.02

15:02:58     CPU    %usr   %nice    %sys %iowait    %irq   %soft  %steal  %guest  %gnice   %idle
15:02:59     all    0.96    0.00    0.21    0.00    0.00    0.08    0.00    0.00    0.00   98.74
15:02:59       0    0.00    0.00    0.00    0.00    0.00    0.00    0.00    0.00    0.00  100.00
15:02:59       1    0.00    0.00    0.00    0.00    0.00    0.00    0.00    0.00    0.00  100.00
15:02:59       2    1.01    0.00    0.00    0.00    0.00    0.00    0.00    0.00    0.00   98.99
15:02:59       3    0.00    0.00    0.00    0.00    0.00    0.00    0.00    0.00    0.00  100.00
15:02:59       4    1.01    0.00    1.01    0.00    0.00    0.00    0.00    0.00    0.00   97.98
15:02:59       5    0.00    0.00    0.00    0.00    0.00    0.00    0.00    0.00    0.00  100.00
15:02:59       6    2.02    0.00    0.00    0.00    0.00    0.00    0.00    0.00    0.00   97.98
15:02:59       7    0.00    0.00    0.00    0.00    0.00    0.00    0.00    0.00    0.00  100.00
15:02:59       8    5.10    0.00    1.02    0.00    0.00    0.00    0.00    0.00    0.00   93.88
15:02:59       9    0.00    0.00    0.00    0.00    0.00    0.00    0.00    0.00    0.00  100.00
15:02:59      10    4.04    0.00    1.01    0.00    0.00    0.00    0.00    0.00    0.00   94.95
15:02:59      11    0.00    0.00    0.00    0.00    0.00    0.00    0.00    0.00    0.00  100.00
15:02:59      12    2.00    0.00    0.00    0.00    0.00    0.00    0.00    0.00    0.00   98.00
15:02:59      13    0.00    0.00    0.00    0.00    0.00    0.00    0.00    0.00    0.00  100.00
15:02:59      14    1.00    0.00    0.00    0.00    0.00    0.00    0.00    0.00    0.00   99.00
15:02:59      15    0.00    0.00    0.00    0.00    0.00    1.02    0.00    0.00    0.00   98.98
15:02:59      16    1.01    0.00    0.00    0.00    0.00    0.00    0.00    0.00    0.00   98.99
15:02:59      17    2.02    0.00    1.01    0.00    0.00    0.00    0.00    0.00    0.00   96.97
15:02:59      18    1.98    0.00    0.99    0.00    0.00    0.00    0.00    0.00    0.00   97.03
15:02:59      19    1.00    0.00    0.00    0.00    0.00    0.00    0.00    0.00    0.00   99.00
15:02:59      20    0.00    0.00    0.00    0.00    0.00    0.00    0.00    0.00    0.00  100.00
15:02:59      21    0.00    0.00    0.00    0.00    0.00    0.99    0.00    0.00    0.00   99.01
15:02:59      22    0.00    0.00    0.00    0.00    0.00    0.00    0.00    0.00    0.00  100.00
15:02:59      23    1.00    0.00    0.00    0.00    0.00    0.00    0.00    0.00    0.00   99.00

15:02:59     CPU    %usr   %nice    %sys %iowait    %irq   %soft  %steal  %guest  %gnice   %idle
15:03:00     all    0.92    0.00    0.46    0.00    0.00    0.08    0.00    0.00    0.00   98.54
15:03:00       0    0.00    0.00    0.00    0.00    0.00    0.00    0.00    0.00    0.00  100.00
15:03:00       1    0.00    0.00    0.00    0.00    0.00    0.00    0.00    0.00    0.00  100.00
15:03:00       2    1.00    0.00    1.00    0.00    0.00    0.00    0.00    0.00    0.00   98.00
15:03:00       3    0.00    0.00    0.00    0.00    0.00    0.00    0.00    0.00    0.00  100.00
15:03:00       4    2.00    0.00    2.00    0.00    0.00    0.00    0.00    0.00    0.00   96.00
15:03:00       5    0.99    0.00    0.00    0.00    0.00    0.00    0.00    0.00    0.00   99.01
15:03:00       6    1.01    0.00    0.00    0.00    0.00    0.00    0.00    0.00    0.00   98.99
15:03:00       7    0.00    0.00    0.00    0.00    0.00    0.00    0.00    0.00    0.00  100.00
15:03:00       8    5.00    0.00    1.00    0.00    0.00    0.00    0.00    0.00    0.00   94.00
15:03:00       9    0.00    0.00    0.00    0.00    0.00    0.00    0.00    0.00    0.00  100.00
15:03:00      10    1.02    0.00    1.02    0.00    0.00    0.00    0.00    0.00    0.00   97.96
15:03:00      11    0.00    0.00    0.00    0.00    0.00    0.00    0.00    0.00    0.00  100.00
15:03:00      12    3.00    0.00    1.00    0.00    0.00    0.00    0.00    0.00    0.00   96.00
15:03:00      13    0.00    0.00    0.00    0.00    0.00    0.00    0.00    0.00    0.00  100.00
15:03:00      14    1.00    0.00    1.00    0.00    0.00    0.00    0.00    0.00    0.00   98.00
15:03:00      15    0.00    0.00    1.00    0.00    0.00    2.00    0.00    0.00    0.00   97.00
15:03:00      16    2.00    0.00    1.00    0.00    0.00    0.00    0.00    0.00    0.00   97.00
15:03:00      17    1.00    0.00    1.00    0.00    0.00    0.00    0.00    0.00    0.00   98.00
15:03:00      18    1.01    0.00    0.00    0.00    0.00    0.00    0.00    0.00    0.00   98.99
15:03:00      19    1.00    0.00    0.00    0.00    0.00    0.00    0.00    0.00    0.00   99.00
15:03:00      20    1.00    0.00    0.00    0.00    0.00    0.00    0.00    0.00    0.00   99.00
15:03:00      21    0.00    0.00    0.00    0.00    0.00    0.00    0.00    0.00    0.00  100.00
15:03:00      22    1.00    0.00    1.00    0.00    0.00    0.00    0.00    0.00    0.00   98.00
15:03:00      23    0.00    0.00    0.00    0.00    0.00    0.00    0.00    0.00    0.00  100.00

15:03:00     CPU    %usr   %nice    %sys %iowait    %irq   %soft  %steal  %guest  %gnice   %idle
15:03:01     all    1.09    0.00    0.38    0.08    0.00    0.04    0.00    0.00    0.00   98.41
15:03:01       0    1.00    0.00    0.00    0.00    0.00    0.00    0.00    0.00    0.00   99.00
15:03:01       1    0.00    0.00    0.00    0.00    0.00    0.00    0.00    0.00    0.00  100.00
15:03:01       2    1.00    0.00    0.00    0.00    0.00    0.00    0.00    0.00    0.00   99.00
15:03:01       3    0.00    0.00    0.00    0.00    0.00    0.00    0.00    0.00    0.00  100.00
15:03:01       4    3.03    0.00    2.02    0.00    0.00    0.00    0.00    0.00    0.00   94.95
15:03:01       5    0.00    0.00    0.00    0.00    0.00    0.00    0.00    0.00    0.00  100.00
15:03:01       6    2.97    0.00    0.00    0.00    0.00    0.00    0.00    0.00    0.00   97.03
15:03:01       7    0.00    0.00    0.00    0.00    0.00    0.00    0.00    0.00    0.00  100.00
15:03:01       8    5.94    0.00    0.99    0.99    0.00    0.00    0.00    0.00    0.00   92.08
15:03:01       9    0.00    0.00    0.00    0.00    0.00    0.00    0.00    0.00    0.00  100.00
15:03:01      10    3.00    0.00    2.00    1.00    0.00    0.00    0.00    0.00    0.00   94.00
15:03:01      11    0.00    0.00    0.00    0.00    0.00    0.00    0.00    0.00    0.00  100.00
15:03:01      12    1.00    0.00    0.00    0.00    0.00    0.00    0.00    0.00    0.00   99.00
15:03:01      13    0.00    0.00    0.00    0.00    0.00    0.00    0.00    0.00    0.00  100.00
15:03:01      14    1.00    0.00    1.00    0.00    0.00    0.00    0.00    0.00    0.00   98.00
15:03:01      15    0.00    0.00    0.00    0.00    0.00    1.02    0.00    0.00    0.00   98.98
15:03:01      16    1.01    0.00    0.00    0.00    0.00    0.00    0.00    0.00    0.00   98.99
15:03:01      17    2.00    0.00    1.00    0.00    0.00    0.00    0.00    0.00    0.00   97.00
15:03:01      18    1.00    0.00    0.00    0.00    0.00    0.00    0.00    0.00    0.00   99.00
15:03:01      19    0.00    0.00    0.00    0.00    0.00    0.00    0.00    0.00    0.00  100.00
15:03:01      20    1.01    0.00    0.00    0.00    0.00    0.00    0.00    0.00    0.00   98.99
15:03:01      21    0.99    0.00    0.99    0.00    0.00    0.00    0.00    0.00    0.00   98.02
15:03:01      22    0.00    0.00    0.00    0.00    0.00    0.00    0.00    0.00    0.00  100.00
15:03:01      23    1.00    0.00    1.00    0.00    0.00    0.00    0.00    0.00    0.00   98.00

15:03:01     CPU    %usr   %nice    %sys %iowait    %irq   %soft  %steal  %guest  %gnice   %idle
15:03:02     all    1.00    0.00    0.38    0.00    0.00    0.08    0.00    0.00    0.00   98.54
15:03:02       0    2.00    0.00    1.00    0.00    0.00    0.00    0.00    0.00    0.00   97.00
15:03:02       1    0.00    0.00    0.00    0.00    0.00    0.00    0.00    0.00    0.00  100.00
15:03:02       2    0.99    0.00    0.99    0.00    0.00    0.00    0.00    0.00    0.00   98.02
15:03:02       3    0.00    0.00    0.00    0.00    0.00    0.00    0.00    0.00    0.00  100.00
15:03:02       4    1.00    0.00    0.00    0.00    0.00    0.00    0.00    0.00    0.00   99.00
15:03:02       5    0.00    0.00    0.00    0.00    0.00    0.00    0.00    0.00    0.00  100.00
15:03:02       6    2.02    0.00    0.00    0.00    0.00    0.00    0.00    0.00    0.00   97.98
15:03:02       7    0.00    0.00    0.00    0.00    0.00    0.00    0.00    0.00    0.00  100.00
15:03:02       8    3.03    0.00    2.02    0.00    0.00    0.00    0.00    0.00    0.00   94.95
15:03:02       9    0.00    0.00    0.00    0.00    0.00    0.00    0.00    0.00    0.00  100.00
15:03:02      10    3.03    0.00    0.00    0.00    0.00    0.00    0.00    0.00    0.00   96.97
15:03:02      11    0.00    0.00    0.00    0.00    0.00    0.00    0.00    0.00    0.00  100.00
15:03:02      12    3.03    0.00    2.02    0.00    0.00    0.00    0.00    0.00    0.00   94.95
15:03:02      13    0.00    0.00    0.00    0.00    0.00    0.00    0.00    0.00    0.00  100.00
15:03:02      14    1.01    0.00    0.00    0.00    0.00    0.00    0.00    0.00    0.00   98.99
15:03:02      15    0.99    0.00    0.99    0.00    0.00    1.98    0.00    0.00    0.00   96.04
15:03:02      16    1.01    0.00    0.00    0.00    0.00    0.00    0.00    0.00    0.00   98.99
15:03:02      17    1.00    0.00    0.00    0.00    0.00    0.00    0.00    0.00    0.00   99.00
15:03:02      18    0.99    0.00    0.99    0.00    0.00    0.00    0.00    0.00    0.00   98.02
15:03:02      19    0.99    0.00    0.00    0.00    0.00    0.00    0.00    0.00    0.00   99.01
15:03:02      20    0.00    0.00    1.00    0.00    0.00    0.00    0.00    0.00    0.00   99.00
15:03:02      21    1.00    0.00    0.00    0.00    0.00    0.00    0.00    0.00    0.00   99.00
15:03:02      22    1.00    0.00    0.00    0.00    0.00    0.00    0.00    0.00    0.00   99.00
15:03:02      23    1.00    0.00    0.00    0.00    0.00    0.00    0.00    0.00    0.00   99.00

15:03:02     CPU    %usr   %nice    %sys %iowait    %irq   %soft  %steal  %guest  %gnice   %idle
15:03:03     all    0.84    0.00    0.25    0.00    0.00    0.00    0.00    0.00    0.00   98.91
15:03:03       0    2.02    0.00    0.00    0.00    0.00    0.00    0.00    0.00    0.00   97.98
15:03:03       1    0.00    0.00    0.00    0.00    0.00    0.00    0.00    0.00    0.00  100.00
15:03:03       2    1.01    0.00    0.00    0.00    0.00    0.00    0.00    0.00    0.00   98.99
15:03:03       3    0.00    0.00    0.00    0.00    0.00    0.00    0.00    0.00    0.00  100.00
15:03:03       4    1.00    0.00    0.00    0.00    0.00    0.00    0.00    0.00    0.00   99.00
15:03:03       5    0.00    0.00    0.00    0.00    0.00    0.00    0.00    0.00    0.00  100.00
15:03:03       6    2.00    0.00    1.00    0.00    0.00    0.00    0.00    0.00    0.00   97.00
15:03:03       7    0.00    0.00    0.00    0.00    0.00    0.00    0.00    0.00    0.00  100.00
15:03:03       8    5.05    0.00    0.00    0.00    0.00    0.00    0.00    0.00    0.00   94.95
15:03:03       9    0.00    0.00    0.00    0.00    0.00    0.00    0.00    0.00    0.00  100.00
15:03:03      10    4.00    0.00    1.00    0.00    0.00    0.00    0.00    0.00    0.00   95.00
15:03:03      11    0.00    0.00    0.00    0.00    0.00    0.00    0.00    0.00    0.00  100.00
15:03:03      12    2.00    0.00    1.00    0.00    0.00    0.00    0.00    0.00    0.00   97.00
15:03:03      13    0.00    0.00    0.00    0.00    0.00    0.00    0.00    0.00    0.00  100.00
15:03:03      14    1.00    0.00    1.00    0.00    0.00    0.00    0.00    0.00    0.00   98.00
15:03:03      15    0.00    0.00    0.00    0.00    0.00    0.00    0.00    0.00    0.00  100.00
15:03:03      16    0.99    0.00    0.99    0.00    0.00    0.00    0.00    0.00    0.00   98.02
15:03:03      17    1.01    0.00    0.00    0.00    0.00    0.00    0.00    0.00    0.00   98.99
15:03:03      18    0.00    0.00    0.00    0.00    0.00    0.00    0.00    0.00    0.00  100.00
15:03:03      19    0.00    0.00    0.00    0.00    0.00    0.00    0.00    0.00    0.00  100.00
15:03:03      20    0.00    0.00    0.00    0.00    0.00    0.00    0.00    0.00    0.00  100.00
15:03:03      21    0.00    0.00    0.00    0.00    0.00    0.00    0.00    0.00    0.00  100.00
15:03:03      22    0.00    0.00    1.02    0.00    0.00    0.00    0.00    0.00    0.00   98.98
15:03:03      23    0.00    0.00    0.00    0.00    0.00    0.00    0.00    0.00    0.00  100.00

15:03:03     CPU    %usr   %nice    %sys %iowait    %irq   %soft  %steal  %guest  %gnice   %idle
15:03:04     all    1.25    0.00    0.33    0.00    0.00    0.04    0.00    0.00    0.00   98.37
15:03:04       0    1.00    0.00    0.00    0.00    0.00    0.00    0.00    0.00    0.00   99.00
15:03:04       1    0.00    0.00    0.00    0.00    0.00    0.00    0.00    0.00    0.00  100.00
15:03:04       2    1.00    0.00    0.00    0.00    0.00    0.00    0.00    0.00    0.00   99.00
15:03:04       3    0.00    0.00    0.00    0.00    0.00    0.00    0.00    0.00    0.00  100.00
15:03:04       4    2.00    0.00    1.00    0.00    0.00    0.00    0.00    0.00    0.00   97.00
15:03:04       5    0.00    0.00    0.00    0.00    0.00    0.00    0.00    0.00    0.00  100.00
15:03:04       6    1.00    0.00    0.00    0.00    0.00    0.00    0.00    0.00    0.00   99.00
15:03:04       7    0.00    0.00    0.00    0.00    0.00    0.00    0.00    0.00    0.00  100.00
15:03:04       8    5.00    0.00    1.00    0.00    0.00    0.00    0.00    0.00    0.00   94.00
15:03:04       9    0.00    0.00    0.00    0.00    0.00    0.00    0.00    0.00    0.00  100.00
15:03:04      10    3.03    0.00    1.01    0.00    0.00    0.00    0.00    0.00    0.00   95.96
15:03:04      11    0.00    0.00    0.00    0.00    0.00    0.00    0.00    0.00    0.00  100.00
15:03:04      12    2.00    0.00    1.00    0.00    0.00    0.00    0.00    0.00    0.00   97.00
15:03:04      13    0.00    0.00    0.00    0.00    0.00    0.00    0.00    0.00    0.00  100.00
15:03:04      14    2.02    0.00    0.00    0.00    0.00    0.00    0.00    0.00    0.00   97.98
15:03:04      15    1.01    0.00    0.00    0.00    0.00    1.01    0.00    0.00    0.00   97.98
15:03:04      16    1.02    0.00    0.00    0.00    0.00    0.00    0.00    0.00    0.00   98.98
15:03:04      17    1.00    0.00    1.00    0.00    0.00    0.00    0.00    0.00    0.00   98.00
15:03:04      18    1.98    0.00    0.99    0.00    0.00    0.00    0.00    0.00    0.00   97.03
15:03:04      19    1.98    0.00    0.99    0.00    0.00    0.00    0.00    0.00    0.00   97.03
15:03:04      20    2.00    0.00    0.00    0.00    0.00    0.00    0.00    0.00    0.00   98.00
15:03:04      21    2.02    0.00    0.00    0.00    0.00    0.00    0.00    0.00    0.00   97.98
15:03:04      22    1.01    0.00    0.00    0.00    0.00    0.00    0.00    0.00    0.00   98.99
15:03:04      23    0.99    0.00    0.99    0.00    0.00    0.00    0.00    0.00    0.00   98.02

15:03:04     CPU    %usr   %nice    %sys %iowait    %irq   %soft  %steal  %guest  %gnice   %idle
15:03:05     all    1.00    0.00    0.38    0.08    0.00    0.08    0.00    0.00    0.00   98.45
15:03:05       0    2.00    0.00    0.00    0.00    0.00    0.00    0.00    0.00    0.00   98.00
15:03:05       1    0.00    0.00    0.00    0.00    0.00    0.00    0.00    0.00    0.00  100.00
15:03:05       2    3.00    0.00    0.00    0.00    0.00    0.00    0.00    0.00    0.00   97.00
15:03:05       3    1.00    0.00    0.00    0.00    0.00    0.00    0.00    0.00    0.00   99.00
15:03:05       4    2.00    0.00    0.00    0.00    0.00    0.00    0.00    0.00    0.00   98.00
15:03:05       5    0.00    0.00    0.00    0.00    0.00    0.00    0.00    0.00    0.00  100.00
15:03:05       6    1.01    0.00    0.00    0.00    0.00    0.00    0.00    0.00    0.00   98.99
15:03:05       7    0.00    0.00    0.00    0.00    0.00    0.00    0.00    0.00    0.00  100.00
15:03:05       8    4.00    0.00    3.00    0.00    0.00    0.00    0.00    0.00    0.00   93.00
15:03:05       9    0.00    0.00    0.00    0.00    0.00    0.00    0.00    0.00    0.00  100.00
15:03:05      10    4.95    0.00    1.98    0.99    0.00    0.00    0.00    0.00    0.00   92.08
15:03:05      11    0.00    0.00    0.00    0.00    0.00    0.00    0.00    0.00    0.00  100.00
15:03:05      12    1.01    0.00    0.00    0.00    0.00    0.00    0.00    0.00    0.00   98.99
15:03:05      13    0.00    0.00    0.00    0.00    0.00    0.00    0.00    0.00    0.00  100.00
15:03:05      14    0.99    0.00    0.99    0.99    0.00    0.00    0.00    0.00    0.00   97.03
15:03:05      15    0.00    0.00    1.00    0.00    0.00    2.00    0.00    0.00    0.00   97.00
15:03:05      16    1.00    0.00    1.00    0.00    0.00    0.00    0.00    0.00    0.00   98.00
15:03:05      17    2.00    0.00    0.00    0.00    0.00    0.00    0.00    0.00    0.00   98.00
15:03:05      18    0.00    0.00    0.00    0.00    0.00    0.00    0.00    0.00    0.00  100.00
15:03:05      19    1.00    0.00    0.00    0.00    0.00    0.00    0.00    0.00    0.00   99.00
15:03:05      20    0.00    0.00    0.00    0.00    0.00    0.00    0.00    0.00    0.00  100.00
15:03:05      21    0.00    0.00    0.00    0.00    0.00    0.00    0.00    0.00    0.00  100.00
15:03:05      22    0.00    0.00    1.03    0.00    0.00    0.00    0.00    0.00    0.00   98.97
15:03:05      23    0.00    0.00    0.00    0.00    0.00    0.00    0.00    0.00    0.00  100.00

15:03:05     CPU    %usr   %nice    %sys %iowait    %irq   %soft  %steal  %guest  %gnice   %idle
15:03:06     all    0.84    0.00    0.42    0.04    0.00    0.04    0.00    0.00    0.00   98.66
15:03:06       0    2.00    0.00    1.00    0.00    0.00    0.00    0.00    0.00    0.00   97.00
15:03:06       1    0.00    0.00    0.00    0.00    0.00    0.00    0.00    0.00    0.00  100.00
15:03:06       2    1.00    0.00    1.00    0.00    0.00    0.00    0.00    0.00    0.00   98.00
15:03:06       3    0.00    0.00    0.00    0.00    0.00    0.00    0.00    0.00    0.00  100.00
15:03:06       4    2.02    0.00    0.00    0.00    0.00    0.00    0.00    0.00    0.00   97.98
15:03:06       5    0.00    0.00    0.00    0.00    0.00    0.00    0.00    0.00    0.00  100.00
15:03:06       6    2.97    0.00    0.99    0.00    0.00    0.00    0.00    0.00    0.00   96.04
15:03:06       7    0.00    0.00    0.00    0.00    0.00    0.00    0.00    0.00    0.00  100.00
15:03:06       8    3.00    0.00    2.00    0.00    0.00    0.00    0.00    0.00    0.00   95.00
15:03:06       9    0.00    0.00    0.00    0.00    0.00    0.00    0.00    0.00    0.00  100.00
15:03:06      10    5.05    0.00    0.00    0.00    0.00    0.00    0.00    0.00    0.00   94.95
15:03:06      11    0.00    0.00    0.00    0.00    0.00    0.00    0.00    0.00    0.00  100.00
15:03:06      12    1.00    0.00    1.00    0.00    0.00    0.00    0.00    0.00    0.00   98.00
15:03:06      13    0.00    0.00    0.00    0.00    0.00    0.00    0.00    0.00    0.00  100.00
15:03:06      14    1.00    0.00    0.00    0.00    0.00    0.00    0.00    0.00    0.00   99.00
15:03:06      15    0.00    0.00    0.00    0.00    0.00    1.02    0.00    0.00    0.00   98.98
15:03:06      16    0.00    0.00    1.01    0.00    0.00    0.00    0.00    0.00    0.00   98.99
15:03:06      17    0.00    0.00    0.00    0.00    0.00    0.00    0.00    0.00    0.00  100.00
15:03:06      18    1.00    0.00    0.00    1.00    0.00    0.00    0.00    0.00    0.00   98.00
15:03:06      19    1.01    0.00    1.01    0.00    0.00    0.00    0.00    0.00    0.00   97.98
15:03:06      20    0.00    0.00    0.00    0.00    0.00    0.00    0.00    0.00    0.00  100.00
15:03:06      21    0.00    0.00    1.00    0.00    0.00    0.00    0.00    0.00    0.00   99.00
15:03:06      22    0.00    0.00    1.01    0.00    0.00    0.00    0.00    0.00    0.00   98.99
15:03:06      23    0.00    0.00    0.00    0.00    0.00    0.00    0.00    0.00    0.00  100.00

15:03:06     CPU    %usr   %nice    %sys %iowait    %irq   %soft  %steal  %guest  %gnice   %idle
15:03:07     all    0.88    0.00    0.42    0.00    0.00    0.08    0.00    0.00    0.00   98.62
15:03:07       0    2.02    0.00    0.00    0.00    0.00    0.00    0.00    0.00    0.00   97.98
15:03:07       1    0.00    0.00    0.00    0.00    0.00    0.00    0.00    0.00    0.00  100.00
15:03:07       2    2.00    0.00    0.00    0.00    0.00    0.00    0.00    0.00    0.00   98.00
15:03:07       3    0.00    0.00    0.00    0.00    0.00    0.00    0.00    0.00    0.00  100.00
15:03:07       4    0.00    0.00    1.00    0.00    0.00    0.00    0.00    0.00    0.00   99.00
15:03:07       5    0.00    0.00    0.00    0.00    0.00    0.00    0.00    0.00    0.00  100.00
15:03:07       6    2.02    0.00    0.00    0.00    0.00    0.00    0.00    0.00    0.00   97.98
15:03:07       7    0.00    0.00    0.00    0.00    0.00    0.00    0.00    0.00    0.00  100.00
15:03:07       8    4.04    0.00    1.01    0.00    0.00    0.00    0.00    0.00    0.00   94.95
15:03:07       9    0.00    0.00    0.00    0.00    0.00    0.00    0.00    0.00    0.00  100.00
15:03:07      10    3.03    0.00    1.01    0.00    0.00    0.00    0.00    0.00    0.00   95.96
15:03:07      11    0.00    0.00    0.00    0.00    0.00    0.00    0.00    0.00    0.00  100.00
15:03:07      12    1.02    0.00    1.02    0.00    0.00    0.00    0.00    0.00    0.00   97.96
15:03:07      13    0.00    0.00    0.00    0.00    0.00    0.99    0.00    0.00    0.00   99.01
15:03:07      14    2.00    0.00    1.00    0.00    0.00    0.00    0.00    0.00    0.00   97.00
15:03:07      15    0.00    0.00    1.01    0.00    0.00    1.01    0.00    0.00    0.00   97.98
15:03:07      16    2.02    0.00    1.01    0.00    0.00    0.00    0.00    0.00    0.00   96.97
15:03:07      17    1.00    0.00    1.00    0.00    0.00    0.00    0.00    0.00    0.00   98.00
15:03:07      18    1.00    0.00    0.00    0.00    0.00    0.00    0.00    0.00    0.00   99.00
15:03:07      19    0.00    0.00    0.00    0.00    0.00    0.00    0.00    0.00    0.00  100.00
15:03:07      20    0.00    0.00    1.00    0.00    0.00    0.00    0.00    0.00    0.00   99.00
15:03:07      21    0.99    0.00    0.99    0.00    0.00    0.00    0.00    0.00    0.00   98.02
15:03:07      22    0.00    0.00    0.00    0.00    0.00    0.00    0.00    0.00    0.00  100.00
15:03:07      23    0.00    0.00    0.00    0.00    0.00    0.00    0.00    0.00    0.00  100.00

15:03:07     CPU    %usr   %nice    %sys %iowait    %irq   %soft  %steal  %guest  %gnice   %idle
15:03:08     all    1.13    0.00    0.38    0.00    0.00    0.00    0.00    0.00    0.00   98.49
15:03:08       0    1.01    0.00    0.00    0.00    0.00    0.00    0.00    0.00    0.00   98.99
15:03:08       1    0.00    0.00    0.00    0.00    0.00    0.00    0.00    0.00    0.00  100.00
15:03:08       2    0.00    0.00    1.00    0.00    0.00    0.00    0.00    0.00    0.00   99.00
15:03:08       3    0.00    0.00    0.00    0.00    0.00    0.00    0.00    0.00    0.00  100.00
15:03:08       4    1.00    0.00    0.00    0.00    0.00    0.00    0.00    0.00    0.00   99.00
15:03:08       5    0.00    0.00    0.00    0.00    0.00    0.00    0.00    0.00    0.00  100.00
15:03:08       6    1.01    0.00    1.01    0.00    0.00    0.00    0.00    0.00    0.00   97.98
15:03:08       7    0.00    0.00    0.00    0.00    0.00    0.00    0.00    0.00    0.00  100.00
15:03:08       8    4.04    0.00    1.01    0.00    0.00    0.00    0.00    0.00    0.00   94.95
15:03:08       9    0.00    0.00    0.00    0.00    0.00    0.00    0.00    0.00    0.00  100.00
15:03:08      10    4.00    0.00    1.00    0.00    0.00    0.00    0.00    0.00    0.00   95.00
15:03:08      11    0.00    0.00    0.00    0.00    0.00    0.00    0.00    0.00    0.00  100.00
15:03:08      12    3.96    0.00    0.00    0.00    0.00    0.00    0.00    0.00    0.00   96.04
15:03:08      13    0.00    0.00    0.00    0.00    0.00    0.00    0.00    0.00    0.00  100.00
15:03:08      14    1.00    0.00    1.00    0.00    0.00    0.00    0.00    0.00    0.00   98.00
15:03:08      15    1.03    0.00    0.00    0.00    0.00    0.00    0.00    0.00    0.00   98.97
15:03:08      16    2.00    0.00    1.00    0.00    0.00    0.00    0.00    0.00    0.00   97.00
15:03:08      17    2.00    0.00    0.00    0.00    0.00    0.00    0.00    0.00    0.00   98.00
15:03:08      18    1.01    0.00    0.00    0.00    0.00    0.00    0.00    0.00    0.00   98.99
15:03:08      19    2.02    0.00    0.00    0.00    0.00    0.00    0.00    0.00    0.00   97.98
15:03:08      20    1.00    0.00    2.00    0.00    0.00    0.00    0.00    0.00    0.00   97.00
15:03:08      21    0.00    0.00    0.00    0.00    0.00    0.00    0.00    0.00    0.00  100.00
15:03:08      22    1.01    0.00    1.01    0.00    0.00    0.00    0.00    0.00    0.00   97.98
15:03:08      23    1.00    0.00    0.00    0.00    0.00    0.00    0.00    0.00    0.00   99.00

15:03:08     CPU    %usr   %nice    %sys %iowait    %irq   %soft  %steal  %guest  %gnice   %idle
15:03:09     all    0.96    0.00    0.46    0.04    0.00    0.08    0.00    0.00    0.00   98.46
15:03:09       0    1.00    0.00    0.00    0.00    0.00    0.00    0.00    0.00    0.00   99.00
15:03:09       1    0.00    0.00    0.00    0.00    0.00    0.00    0.00    0.00    0.00  100.00
15:03:09       2    1.00    0.00    0.00    0.00    0.00    0.00    0.00    0.00    0.00   99.00
15:03:09       3    0.00    0.00    0.00    0.00    0.00    0.00    0.00    0.00    0.00  100.00
15:03:09       4    1.01    0.00    1.01    0.00    0.00    0.00    0.00    0.00    0.00   97.98
15:03:09       5    0.00    0.00    0.00    0.00    0.00    0.00    0.00    0.00    0.00  100.00
15:03:09       6    3.96    0.00    0.00    0.00    0.00    0.00    0.00    0.00    0.00   96.04
15:03:09       7    0.00    0.00    0.00    0.00    0.00    0.00    0.00    0.00    0.00  100.00
15:03:09       8    3.03    0.00    2.02    0.00    0.00    0.00    0.00    0.00    0.00   94.95
15:03:09       9    0.00    0.00    0.00    0.00    0.00    0.00    0.00    0.00    0.00  100.00
15:03:09      10    4.04    0.00    1.01    0.00    0.00    0.00    0.00    0.00    0.00   94.95
15:03:09      11    0.00    0.00    0.00    0.00    0.00    0.00    0.00    0.00    0.00  100.00
15:03:09      12    1.00    0.00    1.00    0.00    0.00    0.00    0.00    0.00    0.00   98.00
15:03:09      13    0.00    0.00    0.00    0.00    0.00    0.00    0.00    0.00    0.00  100.00
15:03:09      14    3.00    0.00    1.00    1.00    0.00    0.00    0.00    0.00    0.00   95.00
15:03:09      15    0.00    0.00    0.00    0.00    0.00    2.00    0.00    0.00    0.00   98.00
15:03:09      16    1.00    0.00    1.00    0.00    0.00    0.00    0.00    0.00    0.00   98.00
15:03:09      17    1.01    0.00    1.01    0.00    0.00    0.00    0.00    0.00    0.00   97.98
15:03:09      18    0.00    0.00    1.00    0.00    0.00    0.00    0.00    0.00    0.00   99.00
15:03:09      19    1.00    0.00    0.00    0.00    0.00    0.00    0.00    0.00    0.00   99.00
15:03:09      20    0.99    0.00    0.00    0.00    0.00    0.00    0.00    0.00    0.00   99.01
15:03:09      21    1.00    0.00    1.00    0.00    0.00    0.00    0.00    0.00    0.00   98.00
15:03:09      22    0.00    0.00    0.00    0.00    0.00    0.00    0.00    0.00    0.00  100.00
15:03:09      23    0.00    0.00    1.00    0.00    0.00    0.00    0.00    0.00    0.00   99.00

15:03:09     CPU    %usr   %nice    %sys %iowait    %irq   %soft  %steal  %guest  %gnice   %idle
15:03:10     all    1.25    0.00    0.38    0.00    0.00    0.04    0.00    0.00    0.00   98.33
15:03:10       0    0.00    0.00    1.00    0.00    0.00    0.00    0.00    0.00    0.00   99.00
15:03:10       1    0.00    0.00    0.00    0.00    0.00    0.00    0.00    0.00    0.00  100.00
15:03:10       2    0.00    0.00    0.00    0.00    0.00    0.00    0.00    0.00    0.00  100.00
15:03:10       3    0.00    0.00    0.00    0.00    0.00    0.00    0.00    0.00    0.00  100.00
15:03:10       4    2.00    0.00    0.00    0.00    0.00    0.00    0.00    0.00    0.00   98.00
15:03:10       5    0.00    0.00    0.00    0.00    0.00    0.00    0.00    0.00    0.00  100.00
15:03:10       6    2.00    0.00    0.00    0.00    0.00    0.00    0.00    0.00    0.00   98.00
15:03:10       7    0.00    0.00    0.00    0.00    0.00    0.00    0.00    0.00    0.00  100.00
15:03:10       8    3.92    0.00    1.96    0.00    0.00    0.00    0.00    0.00    0.00   94.12
15:03:10       9    0.00    0.00    1.00    0.00    0.00    0.00    0.00    0.00    0.00   99.00
15:03:10      10   11.00    0.00    1.00    0.00    0.00    0.00    0.00    0.00    0.00   88.00
15:03:10      11    0.00    0.00    0.00    0.00    0.00    0.00    0.00    0.00    0.00  100.00
15:03:10      12    2.02    0.00    1.01    0.00    0.00    0.00    0.00    0.00    0.00   96.97
15:03:10      13    0.00    0.00    0.00    0.00    0.00    0.00    0.00    0.00    0.00  100.00
15:03:10      14    5.00    0.00    0.00    0.00    0.00    0.00    0.00    0.00    0.00   95.00
15:03:10      15    0.00    0.00    1.02    0.00    0.00    1.02    0.00    0.00    0.00   97.96
15:03:10      16    0.00    0.00    0.00    0.00    0.00    0.00    0.00    0.00    0.00  100.00
15:03:10      17    1.01    0.00    1.01    0.00    0.00    0.00    0.00    0.00    0.00   97.98
15:03:10      18    1.00    0.00    0.00    0.00    0.00    0.00    0.00    0.00    0.00   99.00
15:03:10      19    1.00    0.00    0.00    0.00    0.00    0.00    0.00    0.00    0.00   99.00
15:03:10      20    0.00    0.00    0.00    0.00    0.00    0.00    0.00    0.00    0.00  100.00
15:03:10      21    0.00    0.00    0.00    0.00    0.00    0.00    0.00    0.00    0.00  100.00
15:03:10      22    0.00    0.00    1.01    0.00    0.00    0.00    0.00    0.00    0.00   98.99
15:03:10      23    1.00    0.00    0.00    0.00    0.00    0.00    0.00    0.00    0.00   99.00

15:03:10     CPU    %usr   %nice    %sys %iowait    %irq   %soft  %steal  %guest  %gnice   %idle
15:03:11     all    1.04    0.00    0.38    0.00    0.00    0.04    0.00    0.00    0.00   98.54
15:03:11       0    1.00    0.00    0.00    0.00    0.00    0.00    0.00    0.00    0.00   99.00
15:03:11       1    0.00    0.00    0.00    0.00    0.00    0.00    0.00    0.00    0.00  100.00
15:03:11       2    1.01    0.00    0.00    0.00    0.00    0.00    0.00    0.00    0.00   98.99
15:03:11       3    0.00    0.00    0.00    0.00    0.00    0.00    0.00    0.00    0.00  100.00
15:03:11       4    1.00    0.00    0.00    0.00    0.00    0.00    0.00    0.00    0.00   99.00
15:03:11       5    0.00    0.00    0.00    0.00    0.00    0.00    0.00    0.00    0.00  100.00
15:03:11       6    2.00    0.00    1.00    0.00    0.00    0.00    0.00    0.00    0.00   97.00
15:03:11       7    0.00    0.00    0.00    0.00    0.00    0.00    0.00    0.00    0.00  100.00
15:03:11       8    5.10    0.00    0.00    0.00    0.00    0.00    0.00    0.00    0.00   94.90
15:03:11       9    0.00    0.00    0.00    0.00    0.00    0.00    0.00    0.00    0.00  100.00
15:03:11      10    2.02    0.00    0.00    0.00    0.00    0.00    0.00    0.00    0.00   97.98
15:03:11      11    0.00    0.00    0.00    0.00    0.00    0.00    0.00    0.00    0.00  100.00
15:03:11      12    1.98    0.00    0.99    0.00    0.00    0.00    0.00    0.00    0.00   97.03
15:03:11      13    0.00    0.00    0.00    0.00    0.00    0.00    0.00    0.00    0.00  100.00
15:03:11      14    2.02    0.00    1.01    0.00    0.00    0.00    0.00    0.00    0.00   96.97
15:03:11      15    0.00    0.00    0.00    0.00    0.00    1.02    0.00    0.00    0.00   98.98
15:03:11      16    1.01    0.00    1.01    0.00    0.00    0.00    0.00    0.00    0.00   97.98
15:03:11      17    2.00    0.00    1.00    0.00    0.00    0.00    0.00    0.00    0.00   97.00
15:03:11      18    2.02    0.00    0.00    0.00    0.00    0.00    0.00    0.00    0.00   97.98
15:03:11      19    0.00    0.00    1.00    0.00    0.00    0.00    0.00    0.00    0.00   99.00
15:03:11      20    1.00    0.00    0.00    0.00    0.00    0.00    0.00    0.00    0.00   99.00
15:03:11      21    0.99    0.00    1.98    0.00    0.00    0.00    0.00    0.00    0.00   97.03
15:03:11      22    1.00    0.00    1.00    0.00    0.00    0.00    0.00    0.00    0.00   98.00
15:03:11      23    1.00    0.00    0.00    0.00    0.00    0.00    0.00    0.00    0.00   99.00

15:03:11     CPU    %usr   %nice    %sys %iowait    %irq   %soft  %steal  %guest  %gnice   %idle
15:03:12     all    1.05    0.00    0.42    0.04    0.00    0.08    0.00    0.00    0.00   98.41
15:03:12       0    0.00    0.00    0.00    0.00    0.00    0.00    0.00    0.00    0.00  100.00
15:03:12       1    0.00    0.00    0.00    0.00    0.00    0.99    0.00    0.00    0.00   99.01
15:03:12       2    3.00    0.00    2.00    0.00    0.00    0.00    0.00    0.00    0.00   95.00
15:03:12       3    0.00    0.00    0.00    0.00    0.00    0.00    0.00    0.00    0.00  100.00
15:03:12       4    0.00    0.00    0.00    0.00    0.00    0.00    0.00    0.00    0.00  100.00
15:03:12       5    0.00    0.00    0.00    0.00    0.00    0.00    0.00    0.00    0.00  100.00
15:03:12       6    1.01    0.00    1.01    0.00    0.00    0.00    0.00    0.00    0.00   97.98
15:03:12       7    0.00    0.00    0.00    0.00    0.00    0.00    0.00    0.00    0.00  100.00
15:03:12       8    4.00    0.00    2.00    0.00    0.00    0.00    0.00    0.00    0.00   94.00
15:03:12       9    0.00    0.00    0.00    0.00    0.00    0.00    0.00    0.00    0.00  100.00
15:03:12      10    3.00    0.00    1.00    1.00    0.00    0.00    0.00    0.00    0.00   95.00
15:03:12      11    0.00    0.00    0.00    0.00    0.00    0.00    0.00    0.00    0.00  100.00
15:03:12      12    2.02    0.00    0.00    0.00    0.00    0.00    0.00    0.00    0.00   97.98
15:03:12      13    0.00    0.00    0.00    0.00    0.00    0.00    0.00    0.00    0.00  100.00
15:03:12      14    2.00    0.00    0.00    0.00    0.00    0.00    0.00    0.00    0.00   98.00
15:03:12      15    0.00    0.00    0.00    0.00    0.00    1.02    0.00    0.00    0.00   98.98
15:03:12      16    2.02    0.00    2.02    0.00    0.00    0.00    0.00    0.00    0.00   95.96
15:03:12      17    2.02    0.00    1.01    0.00    0.00    0.00    0.00    0.00    0.00   96.97
15:03:12      18    1.00    0.00    1.00    0.00    0.00    0.00    0.00    0.00    0.00   98.00
15:03:12      19    2.00    0.00    0.00    0.00    0.00    0.00    0.00    0.00    0.00   98.00
15:03:12      20    0.00    0.00    0.00    0.00    0.00    0.00    0.00    0.00    0.00  100.00
15:03:12      21    1.00    0.00    0.00    0.00    0.00    0.00    0.00    0.00    0.00   99.00
15:03:12      22    1.02    0.00    0.00    0.00    0.00    0.00    0.00    0.00    0.00   98.98
15:03:12      23    1.00    0.00    0.00    0.00    0.00    0.00    0.00    0.00    0.00   99.00

15:03:12     CPU    %usr   %nice    %sys %iowait    %irq   %soft  %steal  %guest  %gnice   %idle
15:03:13     all    2.22    0.00    1.13    0.17    0.00    0.00    0.00    0.00    0.00   96.48
15:03:13       0    1.01    0.00    1.01    0.00    0.00    0.00    0.00    0.00    0.00   97.98
15:03:13       1    1.00    0.00    0.00    0.00    0.00    0.00    0.00    0.00    0.00   99.00
15:03:13       2    3.00    0.00    0.00    0.00    0.00    0.00    0.00    0.00    0.00   97.00
15:03:13       3    0.00    0.00    0.00    0.00    0.00    0.00    0.00    0.00    0.00  100.00
15:03:13       4    2.97    0.00    0.99    0.00    0.00    0.00    0.00    0.00    0.00   96.04
15:03:13       5    0.00    0.00    0.00    1.01    0.00    0.00    0.00    0.00    0.00   98.99
15:03:13       6    3.00    0.00    2.00    0.00    0.00    0.00    0.00    0.00    0.00   95.00
15:03:13       7    0.00    0.00    0.00    0.00    0.00    0.00    0.00    0.00    0.00  100.00
15:03:13       8    4.08    0.00    3.06    0.00    0.00    0.00    0.00    0.00    0.00   92.86
15:03:13       9   13.00    0.00    5.00    1.00    0.00    0.00    0.00    0.00    0.00   81.00
15:03:13      10    7.14    0.00    7.14    0.00    0.00    0.00    0.00    0.00    0.00   85.71
15:03:13      11    0.00    0.00    0.00    0.00    0.00    0.00    0.00    0.00    0.00  100.00
15:03:13      12    1.00    0.00    1.00    0.00    0.00    0.00    0.00    0.00    0.00   98.00
15:03:13      13    2.00    0.00    0.00    0.00    0.00    0.00    0.00    0.00    0.00   98.00
15:03:13      14    3.06    0.00    2.04    0.00    0.00    0.00    0.00    0.00    0.00   94.90
15:03:13      15    1.02    0.00    0.00    0.00    0.00    0.00    0.00    0.00    0.00   98.98
15:03:13      16    3.03    0.00    2.02    0.00    0.00    0.00    0.00    0.00    0.00   94.95
15:03:13      17    0.99    0.00    1.98    0.99    0.00    0.00    0.00    0.00    0.00   96.04
15:03:13      18    3.03    0.00    1.01    0.00    0.00    0.00    0.00    0.00    0.00   95.96
15:03:13      19    1.98    0.00    0.00    0.99    0.00    0.00    0.00    0.00    0.00   97.03
15:03:13      20    0.00    0.00    0.00    0.00    0.00    0.00    0.00    0.00    0.00  100.00
15:03:13      21    1.00    0.00    0.00    0.00    0.00    0.00    0.00    0.00    0.00   99.00
15:03:13      22    1.01    0.00    0.00    0.00    0.00    0.00    0.00    0.00    0.00   98.99
15:03:13      23    0.00    0.00    0.00    0.00    0.00    0.00    0.00    0.00    0.00  100.00

15:03:13     CPU    %usr   %nice    %sys %iowait    %irq   %soft  %steal  %guest  %gnice   %idle
15:03:14     all    2.75    0.00    0.71    0.08    0.00    0.04    0.00    0.00    0.00   96.41
15:03:14       0    2.02    0.00    0.00    0.00    0.00    0.00    0.00    0.00    0.00   97.98
15:03:14       1    2.02    0.00    0.00    0.00    0.00    0.00    0.00    0.00    0.00   97.98
15:03:14       2    3.00    0.00    2.00    0.00    0.00    0.00    0.00    0.00    0.00   95.00
15:03:14       3    0.00    0.00    0.00    0.00    0.00    0.00    0.00    0.00    0.00  100.00
15:03:14       4    3.00    0.00    0.00    1.00    0.00    0.00    0.00    0.00    0.00   96.00
15:03:14       5    0.00    0.00    1.00    0.00    0.00    0.00    0.00    0.00    0.00   99.00
15:03:14       6    3.00    0.00    1.00    0.00    0.00    0.00    0.00    0.00    0.00   96.00
15:03:14       7    1.01    0.00    0.00    0.00    0.00    0.00    0.00    0.00    0.00   98.99
15:03:14       8    2.97    0.00    1.98    0.00    0.00    0.00    0.00    0.00    0.00   95.05
15:03:14       9   20.00    0.00    0.00    1.00    0.00    0.00    0.00    0.00    0.00   79.00
15:03:14      10    4.00    0.00    1.00    0.00    0.00    0.00    0.00    0.00    0.00   95.00
15:03:14      11    0.00    0.00    0.00    0.00    0.00    0.00    0.00    0.00    0.00  100.00
15:03:14      12    4.00    0.00    1.00    0.00    0.00    0.00    0.00    0.00    0.00   95.00
15:03:14      13    0.00    0.00    0.00    0.00    0.00    0.00    0.00    0.00    0.00  100.00
15:03:14      14    1.98    0.00    0.99    0.00    0.00    0.00    0.00    0.00    0.00   97.03
15:03:14      15    0.00    0.00    0.00    0.00    0.00    1.03    0.00    0.00    0.00   98.97
15:03:14      16    3.96    0.00    1.98    0.00    0.00    0.00    0.00    0.00    0.00   94.06
15:03:14      17    3.00    0.00    1.00    0.00    0.00    0.00    0.00    0.00    0.00   96.00
15:03:14      18    2.97    0.00    0.99    0.00    0.00    0.00    0.00    0.00    0.00   96.04
15:03:14      19    3.00    0.00    1.00    0.00    0.00    0.00    0.00    0.00    0.00   96.00
15:03:14      20    1.00    0.00    0.00    0.00    0.00    0.00    0.00    0.00    0.00   99.00
15:03:14      21    1.01    0.00    2.02    0.00    0.00    0.00    0.00    0.00    0.00   96.97
15:03:14      22    2.04    0.00    1.02    0.00    0.00    0.00    0.00    0.00    0.00   96.94
15:03:14      23    1.98    0.00    0.00    0.00    0.00    0.00    0.00    0.00    0.00   98.02

15:03:14     CPU    %usr   %nice    %sys %iowait    %irq   %soft  %steal  %guest  %gnice   %idle
15:03:15     all    0.92    0.00    0.29    0.00    0.00    0.08    0.00    0.00    0.00   98.70
15:03:15       0    0.99    0.00    0.99    0.00    0.00    0.00    0.00    0.00    0.00   98.02
15:03:15       1    0.00    0.00    0.00    0.00    0.00    0.00    0.00    0.00    0.00  100.00
15:03:15       2    2.00    0.00    0.00    0.00    0.00    0.00    0.00    0.00    0.00   98.00
15:03:15       3    0.00    0.00    0.00    0.00    0.00    0.00    0.00    0.00    0.00  100.00
15:03:15       4    1.02    0.00    0.00    0.00    0.00    0.00    0.00    0.00    0.00   98.98
15:03:15       5    0.00    0.00    0.00    0.00    0.00    0.00    0.00    0.00    0.00  100.00
15:03:15       6    2.00    0.00    0.00    0.00    0.00    0.00    0.00    0.00    0.00   98.00
15:03:15       7    0.00    0.00    0.00    0.00    0.00    0.00    0.00    0.00    0.00  100.00
15:03:15       8    2.97    0.00    0.99    0.00    0.00    0.99    0.00    0.00    0.00   95.05
15:03:15       9    3.00    0.00    0.00    0.00    0.00    0.00    0.00    0.00    0.00   97.00
15:03:15      10    3.03    0.00    0.00    0.00    0.00    0.00    0.00    0.00    0.00   96.97
15:03:15      11    0.99    0.00    0.00    0.00    0.00    0.00    0.00    0.00    0.00   99.01
15:03:15      12    4.00    0.00    0.00    0.00    0.00    0.00    0.00    0.00    0.00   96.00
15:03:15      13    0.00    0.00    0.00    0.00    0.00    0.00    0.00    0.00    0.00  100.00
15:03:15      14    1.00    0.00    1.00    0.00    0.00    0.00    0.00    0.00    0.00   98.00
15:03:15      15    0.00    0.00    1.02    0.00    0.00    1.02    0.00    0.00    0.00   97.96
15:03:15      16    0.00    0.00    0.00    0.00    0.00    0.00    0.00    0.00    0.00  100.00
15:03:15      17    1.00    0.00    1.00    0.00    0.00    0.00    0.00    0.00    0.00   98.00
15:03:15      18    0.00    0.00    0.00    0.00    0.00    0.00    0.00    0.00    0.00  100.00
15:03:15      19    0.00    0.00    0.00    0.00    0.00    0.00    0.00    0.00    0.00  100.00
15:03:15      20    0.00    0.00    1.00    0.00    0.00    0.00    0.00    0.00    0.00   99.00
15:03:15      21    0.00    0.00    0.00    0.00    0.00    0.00    0.00    0.00    0.00  100.00
15:03:15      22    0.00    0.00    0.00    0.00    0.00    0.00    0.00    0.00    0.00  100.00
15:03:15      23    0.00    0.00    1.01    0.00    0.00    0.00    0.00    0.00    0.00   98.99

15:03:15     CPU    %usr   %nice    %sys %iowait    %irq   %soft  %steal  %guest  %gnice   %idle
15:03:16     all    0.88    0.00    0.46    0.00    0.00    0.00    0.00    0.00    0.00   98.66
15:03:16       0    1.00    0.00    0.00    0.00    0.00    0.00    0.00    0.00    0.00   99.00
15:03:16       1    0.00    0.00    0.00    0.00    0.00    0.00    0.00    0.00    0.00  100.00
15:03:16       2    0.00    0.00    1.00    0.00    0.00    0.00    0.00    0.00    0.00   99.00
15:03:16       3    0.00    0.00    0.00    0.00    0.00    0.00    0.00    0.00    0.00  100.00
15:03:16       4    1.00    0.00    0.00    0.00    0.00    0.00    0.00    0.00    0.00   99.00
15:03:16       5    0.00    0.00    0.00    0.00    0.00    0.00    0.00    0.00    0.00  100.00
15:03:16       6    1.01    0.00    2.02    0.00    0.00    0.00    0.00    0.00    0.00   96.97
15:03:16       7    0.00    0.00    0.00    0.00    0.00    0.00    0.00    0.00    0.00  100.00
15:03:16       8    2.02    0.00    0.00    0.00    0.00    0.00    0.00    0.00    0.00   97.98
15:03:16       9    4.00    0.00    0.00    0.00    0.00    0.00    0.00    0.00    0.00   96.00
15:03:16      10    3.00    0.00    1.00    0.00    0.00    0.00    0.00    0.00    0.00   96.00
15:03:16      11    0.00    0.00    0.00    0.00    0.00    0.00    0.00    0.00    0.00  100.00
15:03:16      12    1.01    0.00    1.01    0.00    0.00    0.00    0.00    0.00    0.00   97.98
15:03:16      13    0.00    0.00    0.00    0.00    0.00    0.00    0.00    0.00    0.00  100.00
15:03:16      14    2.00    0.00    1.00    0.00    0.00    0.00    0.00    0.00    0.00   97.00
15:03:16      15    0.00    0.00    0.00    0.00    0.00    0.00    0.00    0.00    0.00  100.00
15:03:16      16    2.00    0.00    1.00    0.00    0.00    0.00    0.00    0.00    0.00   97.00
15:03:16      17    1.01    0.00    1.01    0.00    0.00    0.00    0.00    0.00    0.00   97.98
15:03:16      18    2.02    0.00    0.00    0.00    0.00    0.00    0.00    0.00    0.00   97.98
15:03:16      19    1.00    0.00    1.00    0.00    0.00    0.00    0.00    0.00    0.00   98.00
15:03:16      20    0.00    0.00    0.00    0.00    0.00    0.00    0.00    0.00    0.00  100.00
15:03:16      21    0.00    0.00    0.00    0.00    0.00    0.00    0.00    0.00    0.00  100.00
15:03:16      22    0.00    0.00    1.00    0.00    0.00    0.00    0.00    0.00    0.00   99.00
15:03:16      23    0.00    0.00    1.00    0.00    0.00    0.00    0.00    0.00    0.00   99.00

15:03:16     CPU    %usr   %nice    %sys %iowait    %irq   %soft  %steal  %guest  %gnice   %idle
15:03:17     all    1.17    0.00    0.21    0.00    0.00    0.04    0.00    0.00    0.00   98.58
15:03:17       0    0.00    0.00    0.00    0.00    0.00    0.00    0.00    0.00    0.00  100.00
15:03:17       1    0.00    0.00    0.00    0.00    0.00    0.00    0.00    0.00    0.00  100.00
15:03:17       2    1.01    0.00    0.00    0.00    0.00    0.00    0.00    0.00    0.00   98.99
15:03:17       3    0.00    0.00    0.00    0.00    0.00    0.00    0.00    0.00    0.00  100.00
15:03:17       4    1.98    0.00    0.99    0.00    0.00    0.00    0.00    0.00    0.00   97.03
15:03:17       5    0.00    0.00    0.00    0.00    0.00    0.00    0.00    0.00    0.00  100.00
15:03:17       6    1.98    0.00    0.00    0.00    0.00    0.00    0.00    0.00    0.00   98.02
15:03:17       7    0.00    0.00    0.00    0.00    0.00    0.00    0.00    0.00    0.00  100.00
15:03:17       8    4.04    0.00    1.01    0.00    0.00    0.00    0.00    0.00    0.00   94.95
15:03:17       9    4.00    0.00    0.00    0.00    0.00    0.00    0.00    0.00    0.00   96.00
15:03:17      10    1.01    0.00    2.02    0.00    0.00    0.00    0.00    0.00    0.00   96.97
15:03:17      11    0.00    0.00    0.00    0.00    0.00    0.00    0.00    0.00    0.00  100.00
15:03:17      12    3.00    0.00    0.00    0.00    0.00    0.00    0.00    0.00    0.00   97.00
15:03:17      13    0.00    0.00    0.00    0.00    0.00    0.00    0.00    0.00    0.00  100.00
15:03:17      14    0.00    0.00    0.00    0.00    0.00    0.00    0.00    0.00    0.00  100.00
15:03:17      15    1.01    0.00    1.01    0.00    0.00    1.01    0.00    0.00    0.00   96.97
15:03:17      16    2.02    0.00    0.00    0.00    0.00    0.00    0.00    0.00    0.00   97.98
15:03:17      17    2.00    0.00    0.00    0.00    0.00    0.00    0.00    0.00    0.00   98.00
15:03:17      18    2.02    0.00    0.00    0.00    0.00    0.00    0.00    0.00    0.00   97.98
15:03:17      19    2.00    0.00    0.00    0.00    0.00    0.00    0.00    0.00    0.00   98.00
15:03:17      20    1.00    0.00    0.00    0.00    0.00    0.00    0.00    0.00    0.00   99.00
15:03:17      21    1.00    0.00    0.00    0.00    0.00    0.00    0.00    0.00    0.00   99.00
15:03:17      22    0.00    0.00    0.00    0.00    0.00    0.00    0.00    0.00    0.00  100.00
15:03:17      23    0.00    0.00    0.00    0.00    0.00    0.00    0.00    0.00    0.00  100.00

15:03:17     CPU    %usr   %nice    %sys %iowait    %irq   %soft  %steal  %guest  %gnice   %idle
15:03:18     all    1.00    0.00    0.33    0.00    0.00    0.00    0.00    0.00    0.00   98.66
15:03:18       0    1.01    0.00    1.01    0.00    0.00    0.00    0.00    0.00    0.00   97.98
15:03:18       1    0.00    0.00    0.00    0.00    0.00    0.00    0.00    0.00    0.00  100.00
15:03:18       2    2.00    0.00    0.00    0.00    0.00    0.00    0.00    0.00    0.00   98.00
15:03:18       3    0.00    0.00    0.00    0.00    0.00    0.00    0.00    0.00    0.00  100.00
15:03:18       4    0.00    0.00    0.00    0.00    0.00    0.00    0.00    0.00    0.00  100.00
15:03:18       5    0.00    0.00    0.00    0.00    0.00    0.00    0.00    0.00    0.00  100.00
15:03:18       6    4.04    0.00    0.00    0.00    0.00    0.00    0.00    0.00    0.00   95.96
15:03:18       7    0.00    0.00    0.00    0.00    0.00    0.00    0.00    0.00    0.00  100.00
15:03:18       8    2.00    0.00    1.00    0.00    0.00    0.00    0.00    0.00    0.00   97.00
15:03:18       9    4.00    0.00    0.00    0.00    0.00    0.00    0.00    0.00    0.00   96.00
15:03:18      10    3.00    0.00    2.00    0.00    0.00    0.00    0.00    0.00    0.00   95.00
15:03:18      11    0.00    0.00    0.00    0.00    0.00    0.00    0.00    0.00    0.00  100.00
15:03:18      12    1.98    0.00    0.99    0.00    0.00    0.00    0.00    0.00    0.00   97.03
15:03:18      13    0.00    0.00    0.00    0.00    0.00    0.00    0.00    0.00    0.00  100.00
15:03:18      14    2.00    0.00    0.00    0.00    0.00    0.00    0.00    0.00    0.00   98.00
15:03:18      15    0.00    0.00    0.00    0.00    0.00    0.00    0.00    0.00    0.00  100.00
15:03:18      16    0.00    0.00    1.01    0.00    0.00    0.00    0.00    0.00    0.00   98.99
15:03:18      17    1.00    0.00    1.00    0.00    0.00    0.00    0.00    0.00    0.00   98.00
15:03:18      18    0.99    0.00    0.99    0.00    0.00    0.00    0.00    0.00    0.00   98.02
15:03:18      19    1.01    0.00    0.00    0.00    0.00    0.00    0.00    0.00    0.00   98.99
15:03:18      20    0.00    0.00    0.00    0.00    0.00    0.00    0.00    0.00    0.00  100.00
15:03:18      21    0.00    0.00    0.00    0.00    0.00    0.00    0.00    0.00    0.00  100.00
15:03:18      22    0.00    0.00    0.00    0.00    0.00    0.00    0.00    0.00    0.00  100.00
15:03:18      23    0.99    0.00    0.00    0.00    0.00    0.00    0.00    0.00    0.00   99.01

15:03:18     CPU    %usr   %nice    %sys %iowait    %irq   %soft  %steal  %guest  %gnice   %idle
15:03:19     all    1.04    0.00    0.25    0.00    0.00    0.08    0.00    0.00    0.00   98.62
15:03:19       0    1.00    0.00    1.00    0.00    0.00    0.00    0.00    0.00    0.00   98.00
15:03:19       1    0.00    0.00    0.00    0.00    0.00    0.00    0.00    0.00    0.00  100.00
15:03:19       2    1.01    0.00    0.00    0.00    0.00    0.00    0.00    0.00    0.00   98.99
15:03:19       3    0.00    0.00    0.00    0.00    0.00    0.00    0.00    0.00    0.00  100.00
15:03:19       4    1.00    0.00    0.00    0.00    0.00    1.00    0.00    0.00    0.00   98.00
15:03:19       5    0.99    0.00    0.00    0.00    0.00    0.00    0.00    0.00    0.00   99.01
15:03:19       6    1.98    0.00    0.99    0.00    0.00    0.00    0.00    0.00    0.00   97.03
15:03:19       7    0.00    0.00    0.00    0.00    0.00    0.00    0.00    0.00    0.00  100.00
15:03:19       8    3.00    0.00    2.00    0.00    0.00    0.00    0.00    0.00    0.00   95.00
15:03:19       9    4.00    0.00    0.00    0.00    0.00    0.00    0.00    0.00    0.00   96.00
15:03:19      10    4.04    0.00    0.00    0.00    0.00    0.00    0.00    0.00    0.00   95.96
15:03:19      11    0.00    0.00    0.00    0.00    0.00    0.00    0.00    0.00    0.00  100.00
15:03:19      12    1.02    0.00    0.00    0.00    0.00    0.00    0.00    0.00    0.00   98.98
15:03:19      13    0.00    0.00    0.00    0.00    0.00    0.00    0.00    0.00    0.00  100.00
15:03:19      14    1.00    0.00    1.00    0.00    0.00    0.00    0.00    0.00    0.00   98.00
15:03:19      15    0.00    0.00    0.00    0.00    0.00    1.02    0.00    0.00    0.00   98.98
15:03:19      16    1.00    0.00    0.00    0.00    0.00    0.00    0.00    0.00    0.00   99.00
15:03:19      17    2.02    0.00    0.00    0.00    0.00    0.00    0.00    0.00    0.00   97.98
15:03:19      18    1.01    0.00    0.00    0.00    0.00    0.00    0.00    0.00    0.00   98.99
15:03:19      19    1.00    0.00    0.00    0.00    0.00    0.00    0.00    0.00    0.00   99.00
15:03:19      20    0.00    0.00    0.00    0.00    0.00    0.00    0.00    0.00    0.00  100.00
15:03:19      21    0.00    0.00    0.00    0.00    0.00    0.00    0.00    0.00    0.00  100.00
15:03:19      22    1.00    0.00    1.00    0.00    0.00    0.00    0.00    0.00    0.00   98.00
15:03:19      23    0.00    0.00    0.00    0.00    0.00    0.00    0.00    0.00    0.00  100.00

15:03:19     CPU    %usr   %nice    %sys %iowait    %irq   %soft  %steal  %guest  %gnice   %idle
15:03:20     all    0.84    0.00    0.54    0.00    0.00    0.04    0.00    0.00    0.00   98.58
15:03:20       0    1.00    0.00    0.00    0.00    0.00    0.00    0.00    0.00    0.00   99.00
15:03:20       1    0.00    0.00    0.00    0.00    0.00    0.00    0.00    0.00    0.00  100.00
15:03:20       2    1.00    0.00    3.00    0.00    0.00    0.00    0.00    0.00    0.00   96.00
15:03:20       3    0.00    0.00    0.00    0.00    0.00    0.00    0.00    0.00    0.00  100.00
15:03:20       4    2.00    0.00    1.00    0.00    0.00    0.00    0.00    0.00    0.00   97.00
15:03:20       5    0.00    0.00    0.00    0.00    0.00    0.00    0.00    0.00    0.00  100.00
15:03:20       6    1.01    0.00    0.00    0.00    0.00    0.00    0.00    0.00    0.00   98.99
15:03:20       7    0.00    0.00    0.00    0.00    0.00    0.00    0.00    0.00    0.00  100.00
15:03:20       8    4.08    0.00    1.02    0.00    0.00    0.00    0.00    0.00    0.00   94.90
15:03:20       9    3.00    0.00    0.00    0.00    0.00    1.00    0.00    0.00    0.00   96.00
15:03:20      10    1.01    0.00    1.01    0.00    0.00    0.00    0.00    0.00    0.00   97.98
15:03:20      11    0.00    0.00    0.00    0.00    0.00    0.00    0.00    0.00    0.00  100.00
15:03:20      12    2.00    0.00    1.00    0.00    0.00    0.00    0.00    0.00    0.00   97.00
15:03:20      13    0.00    0.00    0.00    0.00    0.00    0.00    0.00    0.00    0.00  100.00
15:03:20      14    2.00    0.00    1.00    0.00    0.00    0.00    0.00    0.00    0.00   97.00
15:03:20      15    0.00    0.00    0.00    0.00    0.00    0.00    0.00    0.00    0.00  100.00
15:03:20      16    1.01    0.00    0.00    0.00    0.00    0.00    0.00    0.00    0.00   98.99
15:03:20      17    0.00    0.00    1.00    0.00    0.00    0.00    0.00    0.00    0.00   99.00
15:03:20      18    1.00    0.00    0.00    0.00    0.00    0.00    0.00    0.00    0.00   99.00
15:03:20      19    0.00    0.00    0.99    0.00    0.00    0.00    0.00    0.00    0.00   99.01
15:03:20      20    0.00    0.00    0.99    0.00    0.00    0.00    0.00    0.00    0.00   99.01
15:03:20      21    0.99    0.00    1.98    0.00    0.00    0.00    0.00    0.00    0.00   97.03
15:03:20      22    0.00    0.00    0.00    0.00    0.00    0.00    0.00    0.00    0.00  100.00
15:03:20      23    0.00    0.00    0.00    0.00    0.00    0.00    0.00    0.00    0.00  100.00

15:03:20     CPU    %usr   %nice    %sys %iowait    %irq   %soft  %steal  %guest  %gnice   %idle
15:03:21     all    0.88    0.00    0.38    0.04    0.00    0.04    0.00    0.00    0.00   98.66
15:03:21       0    0.00    0.00    0.00    0.00    0.00    0.00    0.00    0.00    0.00  100.00
15:03:21       1    0.00    0.00    0.00    0.00    0.00    0.00    0.00    0.00    0.00  100.00
15:03:21       2    1.98    0.00    0.00    0.00    0.00    0.00    0.00    0.00    0.00   98.02
15:03:21       3    0.00    0.00    0.00    1.00    0.00    0.00    0.00    0.00    0.00   99.00
15:03:21       4    2.02    0.00    0.00    0.00    0.00    0.00    0.00    0.00    0.00   97.98
15:03:21       5    0.00    0.00    0.00    0.00    0.00    0.00    0.00    0.00    0.00  100.00
15:03:21       6    1.01    0.00    0.00    0.00    0.00    0.00    0.00    0.00    0.00   98.99
15:03:21       7    0.00    0.00    0.00    0.00    0.00    0.00    0.00    0.00    0.00  100.00
15:03:21       8    1.01    0.00    1.01    0.00    0.00    0.00    0.00    0.00    0.00   97.98
15:03:21       9    3.96    0.00    0.99    0.00    0.00    0.00    0.00    0.00    0.00   95.05
15:03:21      10    3.00    0.00    3.00    0.00    0.00    0.00    0.00    0.00    0.00   94.00
15:03:21      11    0.00    0.00    0.00    0.00    0.00    0.00    0.00    0.00    0.00  100.00
15:03:21      12    1.98    0.00    0.99    0.00    0.00    0.00    0.00    0.00    0.00   97.03
15:03:21      13    0.00    0.00    0.00    0.00    0.00    0.00    0.00    0.00    0.00  100.00
15:03:21      14    1.00    0.00    0.00    0.00    0.00    0.00    0.00    0.00    0.00   99.00
15:03:21      15    0.00    0.00    0.00    0.00    0.00    1.02    0.00    0.00    0.00   98.98
15:03:21      16    1.01    0.00    0.00    0.00    0.00    0.00    0.00    0.00    0.00   98.99
15:03:21      17    2.02    0.00    1.01    0.00    0.00    0.00    0.00    0.00    0.00   96.97
15:03:21      18    0.00    0.00    0.00    0.00    0.00    0.00    0.00    0.00    0.00  100.00
15:03:21      19    1.01    0.00    0.00    0.00    0.00    0.00    0.00    0.00    0.00   98.99
15:03:21      20    0.00    0.00    0.00    0.00    0.00    0.00    0.00    0.00    0.00  100.00
15:03:21      21    0.00    0.00    0.00    0.00    0.00    0.00    0.00    0.00    0.00  100.00
15:03:21      22    0.00    0.00    0.00    0.00    0.00    0.00    0.00    0.00    0.00  100.00
15:03:21      23    0.98    0.00    1.96    0.00    0.00    0.00    0.00    0.00    0.00   97.06

15:03:21     CPU    %usr   %nice    %sys %iowait    %irq   %soft  %steal  %guest  %gnice   %idle
15:03:22     all    1.50    0.00    0.54    0.08    0.00    0.04    0.00    0.00    0.00   97.83
15:03:22       0    1.00    0.00    0.00    0.00    0.00    0.00    0.00    0.00    0.00   99.00
15:03:22       1    0.00    0.00    0.00    0.00    0.00    0.00    0.00    0.00    0.00  100.00
15:03:22       2    1.01    0.00    0.00    0.00    0.00    0.00    0.00    0.00    0.00   98.99
15:03:22       3    0.00    0.00    0.00    0.00    0.00    0.00    0.00    0.00    0.00  100.00
15:03:22       4    2.00    0.00    1.00    0.00    0.00    0.00    0.00    0.00    0.00   97.00
15:03:22       5    0.00    0.00    0.00    0.00    0.00    0.00    0.00    0.00    0.00  100.00
15:03:22       6    2.97    0.00    1.98    0.00    0.00    0.00    0.00    0.00    0.00   95.05
15:03:22       7    0.00    0.00    0.00    0.00    0.00    0.00    0.00    0.00    0.00  100.00
15:03:22       8    2.00    0.00    2.00    0.00    0.00    0.00    0.00    0.00    0.00   96.00
15:03:22       9    4.00    0.00    0.00    0.00    0.00    0.00    0.00    0.00    0.00   96.00
15:03:22      10    3.00    0.00    2.00    1.00    0.00    0.00    0.00    0.00    0.00   94.00
15:03:22      11    0.00    0.00    0.00    0.99    0.00    0.00    0.00    0.00    0.00   99.01
15:03:22      12    2.00    0.00    0.00    0.00    0.00    0.00    0.00    0.00    0.00   98.00
15:03:22      13    0.00    0.00    0.00    0.00    0.00    0.00    0.00    0.00    0.00  100.00
15:03:22      14    2.00    0.00    1.00    0.00    0.00    0.00    0.00    0.00    0.00   97.00
15:03:22      15    1.02    0.00    0.00    0.00    0.00    1.02    0.00    0.00    0.00   97.96
15:03:22      16    2.00    0.00    1.00    0.00    0.00    0.00    0.00    0.00    0.00   97.00
15:03:22      17    4.04    0.00    0.00    0.00    0.00    0.00    0.00    0.00    0.00   95.96
15:03:22      18    1.98    0.00    0.99    0.00    0.00    0.00    0.00    0.00    0.00   97.03
15:03:22      19    4.00    0.00    1.00    0.00    0.00    0.00    0.00    0.00    0.00   95.00
15:03:22      20    1.00    0.00    1.00    0.00    0.00    0.00    0.00    0.00    0.00   98.00
15:03:22      21    1.00    0.00    0.00    0.00    0.00    0.00    0.00    0.00    0.00   99.00
15:03:22      22    1.00    0.00    1.00    0.00    0.00    0.00    0.00    0.00    0.00   98.00
15:03:22      23    0.00    0.00    0.00    0.00    0.00    0.00    0.00    0.00    0.00  100.00

15:03:22     CPU    %usr   %nice    %sys %iowait    %irq   %soft  %steal  %guest  %gnice   %idle
15:03:23     all    1.04    0.00    0.62    0.04    0.00    0.12    0.00    0.00    0.00   98.17
15:03:23       0    1.01    0.00    0.00    0.00    0.00    0.00    0.00    0.00    0.00   98.99
15:03:23       1    0.00    0.00    0.99    0.00    0.00    0.00    0.00    0.00    0.00   99.01
15:03:23       2    3.00    0.00    0.00    0.00    0.00    0.00    0.00    0.00    0.00   97.00
15:03:23       3    0.00    0.00    0.99    0.00    0.00    0.00    0.00    0.00    0.00   99.01
15:03:23       4    3.00    0.00    0.00    0.00    0.00    0.00    0.00    0.00    0.00   97.00
15:03:23       5    0.00    0.00    0.00    0.00    0.00    0.00    0.00    0.00    0.00  100.00
15:03:23       6    1.00    0.00    0.00    0.00    0.00    0.00    0.00    0.00    0.00   99.00
15:03:23       7    0.00    0.00    0.00    0.00    0.00    0.99    0.00    0.00    0.00   99.01
15:03:23       8    1.01    0.00    2.02    0.00    0.00    0.00    0.00    0.00    0.00   96.97
15:03:23       9    4.00    0.00    0.00    0.00    0.00    0.00    0.00    0.00    0.00   96.00
15:03:23      10    3.96    0.00    1.98    0.00    0.00    0.00    0.00    0.00    0.00   94.06
15:03:23      11    0.00    0.00    0.00    0.00    0.00    0.00    0.00    0.00    0.00  100.00
15:03:23      12    1.00    0.00    2.00    0.00    0.00    0.00    0.00    0.00    0.00   97.00
15:03:23      13    0.00    0.00    0.00    0.00    0.00    0.00    0.00    0.00    0.00  100.00
15:03:23      14    0.00    0.00    0.00    0.00    0.00    0.00    0.00    0.00    0.00  100.00
15:03:23      15    0.00    0.00    1.00    0.00    0.00    2.00    0.00    0.00    0.00   97.00
15:03:23      16    1.98    0.00    0.99    0.00    0.00    0.00    0.00    0.00    0.00   97.03
15:03:23      17    0.00    0.00    0.00    0.00    0.00    0.00    0.00    0.00    0.00  100.00
15:03:23      18    0.99    0.00    0.99    0.00    0.00    0.00    0.00    0.00    0.00   98.02
15:03:23      19    1.00    0.00    1.00    0.00    0.00    0.00    0.00    0.00    0.00   98.00
15:03:23      20    0.99    0.00    0.99    0.00    0.00    0.00    0.00    0.00    0.00   98.02
15:03:23      21    1.00    0.00    1.00    0.00    0.00    0.00    0.00    0.00    0.00   98.00
15:03:23      22    0.00    0.00    1.02    1.02    0.00    0.00    0.00    0.00    0.00   97.96
15:03:23      23    0.99    0.00    0.00    0.00    0.00    0.00    0.00    0.00    0.00   99.01

15:03:23     CPU    %usr   %nice    %sys %iowait    %irq   %soft  %steal  %guest  %gnice   %idle
15:03:24     all    1.00    0.00    0.29    0.00    0.00    0.00    0.00    0.00    0.00   98.70
15:03:24       0    2.02    0.00    0.00    0.00    0.00    0.00    0.00    0.00    0.00   97.98
15:03:24       1    0.00    0.00    0.00    0.00    0.00    0.00    0.00    0.00    0.00  100.00
15:03:24       2    2.97    0.00    1.98    0.00    0.00    0.00    0.00    0.00    0.00   95.05
15:03:24       3    0.00    0.00    0.00    0.00    0.00    0.00    0.00    0.00    0.00  100.00
15:03:24       4    1.00    0.00    0.00    0.00    0.00    0.00    0.00    0.00    0.00   99.00
15:03:24       5    0.00    0.00    0.00    0.00    0.00    0.00    0.00    0.00    0.00  100.00
15:03:24       6    0.00    0.00    0.00    0.00    0.00    0.00    0.00    0.00    0.00  100.00
15:03:24       7    0.00    0.00    0.00    0.00    0.00    0.00    0.00    0.00    0.00  100.00
15:03:24       8    3.00    0.00    1.00    0.00    0.00    0.00    0.00    0.00    0.00   96.00
15:03:24       9    1.98    0.00    0.00    0.00    0.00    0.00    0.00    0.00    0.00   98.02
15:03:24      10    2.04    0.00    0.00    0.00    0.00    0.00    0.00    0.00    0.00   97.96
15:03:24      11    0.00    0.00    0.00    0.00    0.00    0.00    0.00    0.00    0.00  100.00
15:03:24      12    1.00    0.00    1.00    0.00    0.00    0.00    0.00    0.00    0.00   98.00
15:03:24      13    0.00    0.00    0.00    0.00    0.00    0.00    0.00    0.00    0.00  100.00
15:03:24      14    2.97    0.00    0.99    0.00    0.00    0.00    0.00    0.00    0.00   96.04
15:03:24      15    1.02    0.00    0.00    0.00    0.00    0.00    0.00    0.00    0.00   98.98
15:03:24      16    1.01    0.00    0.00    0.00    0.00    0.00    0.00    0.00    0.00   98.99
15:03:24      17    1.00    0.00    1.00    0.00    0.00    0.00    0.00    0.00    0.00   98.00
15:03:24      18    1.01    0.00    1.01    0.00    0.00    0.00    0.00    0.00    0.00   97.98
15:03:24      19    1.00    0.00    0.00    0.00    0.00    0.00    0.00    0.00    0.00   99.00
15:03:24      20    0.00    0.00    0.00    0.00    0.00    0.00    0.00    0.00    0.00  100.00
15:03:24      21    1.01    0.00    0.00    0.00    0.00    0.00    0.00    0.00    0.00   98.99
15:03:24      22    1.01    0.00    0.00    0.00    0.00    0.00    0.00    0.00    0.00   98.99
15:03:24      23    0.00    0.00    0.00    0.00    0.00    0.00    0.00    0.00    0.00  100.00

15:03:24     CPU    %usr   %nice    %sys %iowait    %irq   %soft  %steal  %guest  %gnice   %idle
15:03:25     all    1.09    0.00    0.29    0.08    0.00    0.00    0.00    0.00    0.00   98.54
15:03:25       0    1.00    0.00    1.00    0.00    0.00    0.00    0.00    0.00    0.00   98.00
15:03:25       1    1.00    0.00    0.00    0.00    0.00    0.00    0.00    0.00    0.00   99.00
15:03:25       2    3.00    0.00    0.00    0.00    0.00    0.00    0.00    0.00    0.00   97.00
15:03:25       3    0.00    0.00    0.00    0.00    0.00    0.00    0.00    0.00    0.00  100.00
15:03:25       4    2.97    0.00    0.99    0.99    0.00    0.00    0.00    0.00    0.00   95.05
15:03:25       5    0.00    0.00    0.00    0.00    0.00    0.00    0.00    0.00    0.00  100.00
15:03:25       6    1.01    0.00    0.00    0.00    0.00    0.00    0.00    0.00    0.00   98.99
15:03:25       7    0.00    0.00    0.00    0.00    0.00    0.00    0.00    0.00    0.00  100.00
15:03:25       8    3.00    0.00    1.00    0.00    0.00    0.00    0.00    0.00    0.00   96.00
15:03:25       9    2.02    0.00    0.00    0.00    0.00    0.00    0.00    0.00    0.00   97.98
15:03:25      10    5.00    0.00    1.00    0.00    0.00    0.00    0.00    0.00    0.00   94.00
15:03:25      11    0.00    0.00    0.00    0.00    0.00    0.00    0.00    0.00    0.00  100.00
15:03:25      12    1.01    0.00    0.00    0.00    0.00    0.00    0.00    0.00    0.00   98.99
15:03:25      13    0.00    0.00    0.00    0.00    0.00    0.00    0.00    0.00    0.00  100.00
15:03:25      14    1.01    0.00    1.01    0.00    0.00    0.00    0.00    0.00    0.00   97.98
15:03:25      15    0.00    0.00    0.00    0.00    0.00    0.00    0.00    0.00    0.00  100.00
15:03:25      16    1.01    0.00    1.01    0.00    0.00    0.00    0.00    0.00    0.00   97.98
15:03:25      17    1.01    0.00    0.00    0.00    0.00    0.00    0.00    0.00    0.00   98.99
15:03:25      18    2.00    0.00    1.00    0.00    0.00    0.00    0.00    0.00    0.00   97.00
15:03:25      19    0.00    0.00    0.00    0.00    0.00    0.00    0.00    0.00    0.00  100.00
15:03:25      20    0.00    0.00    0.00    1.01    0.00    0.00    0.00    0.00    0.00   98.99
15:03:25      21    0.00    0.00    0.00    0.00    0.00    0.00    0.00    0.00    0.00  100.00
15:03:25      22    0.00    0.00    0.00    0.00    0.00    0.00    0.00    0.00    0.00  100.00
15:03:25      23    1.00    0.00    0.00    0.00    0.00    0.00    0.00    0.00    0.00   99.00

15:03:25     CPU    %usr   %nice    %sys %iowait    %irq   %soft  %steal  %guest  %gnice   %idle
15:03:26     all    1.00    0.00    0.29    0.00    0.00    0.04    0.00    0.00    0.00   98.66
15:03:26       0    1.00    0.00    0.00    0.00    0.00    0.00    0.00    0.00    0.00   99.00
15:03:26       1    0.00    0.00    0.00    0.00    0.00    0.00    0.00    0.00    0.00  100.00
15:03:26       2    1.01    0.00    0.00    0.00    0.00    0.00    0.00    0.00    0.00   98.99
15:03:26       3    0.00    0.00    0.00    0.00    0.00    0.00    0.00    0.00    0.00  100.00
15:03:26       4    2.02    0.00    0.00    0.00    0.00    0.00    0.00    0.00    0.00   97.98
15:03:26       5    0.00    0.00    0.00    0.00    0.00    0.00    0.00    0.00    0.00  100.00
15:03:26       6    0.99    0.00    0.99    0.00    0.00    0.00    0.00    0.00    0.00   98.02
15:03:26       7    0.00    0.00    0.00    0.00    0.00    0.00    0.00    0.00    0.00  100.00
15:03:26       8    4.04    0.00    2.02    0.00    0.00    0.00    0.00    0.00    0.00   93.94
15:03:26       9    3.00    0.00    0.00    0.00    0.00    0.00    0.00    0.00    0.00   97.00
15:03:26      10    5.05    0.00    0.00    0.00    0.00    0.00    0.00    0.00    0.00   94.95
15:03:26      11    0.00    0.00    0.00    0.00    0.00    0.00    0.00    0.00    0.00  100.00
15:03:26      12    1.00    0.00    0.00    0.00    0.00    0.00    0.00    0.00    0.00   99.00
15:03:26      13    0.00    0.00    0.00    0.00    0.00    0.00    0.00    0.00    0.00  100.00
15:03:26      14    1.00    0.00    1.00    0.00    0.00    0.00    0.00    0.00    0.00   98.00
15:03:26      15    0.00    0.00    0.00    0.00    0.00    1.02    0.00    0.00    0.00   98.98
15:03:26      16    1.98    0.00    0.99    0.00    0.00    0.00    0.00    0.00    0.00   97.03
15:03:26      17    0.00    0.00    1.01    0.00    0.00    0.00    0.00    0.00    0.00   98.99
15:03:26      18    0.00    0.00    0.00    0.00    0.00    0.00    0.00    0.00    0.00  100.00
15:03:26      19    1.00    0.00    0.00    0.00    0.00    0.00    0.00    0.00    0.00   99.00
15:03:26      20    1.00    0.00    1.00    0.00    0.00    0.00    0.00    0.00    0.00   98.00
15:03:26      21    0.00    0.00    0.00    0.00    0.00    0.00    0.00    0.00    0.00  100.00
15:03:26      22    1.03    0.00    0.00    0.00    0.00    0.00    0.00    0.00    0.00   98.97
15:03:26      23    0.00    0.00    0.00    0.00    0.00    0.00    0.00    0.00    0.00  100.00

15:03:26     CPU    %usr   %nice    %sys %iowait    %irq   %soft  %steal  %guest  %gnice   %idle
15:03:27     all    0.84    0.00    0.33    0.00    0.00    0.00    0.00    0.00    0.00   98.83
15:03:27       0    0.00    0.00    0.00    0.00    0.00    0.00    0.00    0.00    0.00  100.00
15:03:27       1    0.00    0.00    0.00    0.00    0.00    0.00    0.00    0.00    0.00  100.00
15:03:27       2    1.01    0.00    1.01    0.00    0.00    0.00    0.00    0.00    0.00   97.98
15:03:27       3    0.00    0.00    0.00    0.00    0.00    0.00    0.00    0.00    0.00  100.00
15:03:27       4    1.00    0.00    1.00    0.00    0.00    0.00    0.00    0.00    0.00   98.00
15:03:27       5    0.00    0.00    0.00    0.00    0.00    0.00    0.00    0.00    0.00  100.00
15:03:27       6    3.00    0.00    1.00    0.00    0.00    0.00    0.00    0.00    0.00   96.00
15:03:27       7    0.00    0.00    0.00    0.00    0.00    0.00    0.00    0.00    0.00  100.00
15:03:27       8    5.00    0.00    1.00    0.00    0.00    0.00    0.00    0.00    0.00   94.00
15:03:27       9    0.00    0.00    0.00    0.00    0.00    0.00    0.00    0.00    0.00  100.00
15:03:27      10    4.04    0.00    1.01    0.00    0.00    0.00    0.00    0.00    0.00   94.95
15:03:27      11    0.00    0.00    0.00    0.00    0.00    0.00    0.00    0.00    0.00  100.00
15:03:27      12    2.00    0.00    1.00    0.00    0.00    0.00    0.00    0.00    0.00   97.00
15:03:27      13    0.00    0.00    0.00    0.00    0.00    0.00    0.00    0.00    0.00  100.00
15:03:27      14    0.00    0.00    0.00    0.00    0.00    0.00    0.00    0.00    0.00  100.00
15:03:27      15    0.00    0.00    0.00    0.00    0.00    0.00    0.00    0.00    0.00  100.00
15:03:27      16    1.00    0.00    1.00    0.00    0.00    0.00    0.00    0.00    0.00   98.00
15:03:27      17    1.00    0.00    0.00    0.00    0.00    0.00    0.00    0.00    0.00   99.00
15:03:27      18    1.01    0.00    0.00    0.00    0.00    0.00    0.00    0.00    0.00   98.99
15:03:27      19    0.99    0.00    0.00    0.00    0.00    0.00    0.00    0.00    0.00   99.01
15:03:27      20    0.00    0.00    0.00    0.00    0.00    0.00    0.00    0.00    0.00  100.00
15:03:27      21    0.00    0.00    0.00    0.00    0.00    0.00    0.00    0.00    0.00  100.00
15:03:27      22    0.00    0.00    1.01    0.00    0.00    0.00    0.00    0.00    0.00   98.99
15:03:27      23    0.00    0.00    0.00    0.00    0.00    0.00    0.00    0.00    0.00  100.00

15:03:27     CPU    %usr   %nice    %sys %iowait    %irq   %soft  %steal  %guest  %gnice   %idle
15:03:28     all    1.04    0.00    0.29    0.00    0.00    0.00    0.00    0.00    0.00   98.66
15:03:28       0    0.00    0.00    0.00    0.00    0.00    0.00    0.00    0.00    0.00  100.00
15:03:28       1    0.00    0.00    0.00    0.00    0.00    0.00    0.00    0.00    0.00  100.00
15:03:28       2    1.98    0.00    1.98    0.00    0.00    0.00    0.00    0.00    0.00   96.04
15:03:28       3    0.00    0.00    0.00    0.00    0.00    0.00    0.00    0.00    0.00  100.00
15:03:28       4    1.98    0.00    0.99    0.00    0.00    0.00    0.00    0.00    0.00   97.03
15:03:28       5    0.00    0.00    0.00    0.00    0.00    0.00    0.00    0.00    0.00  100.00
15:03:28       6    2.00    0.00    0.00    0.00    0.00    0.00    0.00    0.00    0.00   98.00
15:03:28       7    0.00    0.00    0.00    0.00    0.00    0.00    0.00    0.00    0.00  100.00
15:03:28       8    3.00    0.00    0.00    0.00    0.00    0.00    0.00    0.00    0.00   97.00
15:03:28       9    0.00    0.00    0.00    0.00    0.00    0.00    0.00    0.00    0.00  100.00
15:03:28      10    3.00    0.00    2.00    0.00    0.00    0.00    0.00    0.00    0.00   95.00
15:03:28      11    0.00    0.00    0.00    0.00    0.00    0.00    0.00    0.00    0.00  100.00
15:03:28      12    2.02    0.00    1.01    0.00    0.00    0.00    0.00    0.00    0.00   96.97
15:03:28      13    0.00    0.00    0.00    0.00    0.00    0.00    0.00    0.00    0.00  100.00
15:03:28      14    1.00    0.00    0.00    0.00    0.00    0.00    0.00    0.00    0.00   99.00
15:03:28      15    0.00    0.00    0.00    0.00    0.00    0.00    0.00    0.00    0.00  100.00
15:03:28      16    2.02    0.00    0.00    0.00    0.00    0.00    0.00    0.00    0.00   97.98
15:03:28      17    2.04    0.00    0.00    0.00    0.00    0.00    0.00    0.00    0.00   97.96
15:03:28      18    2.00    0.00    0.00    0.00    0.00    0.00    0.00    0.00    0.00   98.00
15:03:28      19    2.02    0.00    0.00    0.00    0.00    0.00    0.00    0.00    0.00   97.98
15:03:28      20    1.00    0.00    1.00    0.00    0.00    0.00    0.00    0.00    0.00   98.00
15:03:28      21    0.99    0.00    0.00    0.00    0.00    0.00    0.00    0.00    0.00   99.01
15:03:28      22    0.00    0.00    0.00    0.00    0.00    0.00    0.00    0.00    0.00  100.00
15:03:28      23    0.00    0.00    0.00    0.00    0.00    0.00    0.00    0.00    0.00  100.00

15:03:28     CPU    %usr   %nice    %sys %iowait    %irq   %soft  %steal  %guest  %gnice   %idle
15:03:29     all    0.80    0.00    0.38    0.00    0.00    0.04    0.00    0.00    0.00   98.79
15:03:29       0    2.02    0.00    0.00    0.00    0.00    0.00    0.00    0.00    0.00   97.98
15:03:29       1    0.00    0.00    0.00    0.00    0.00    0.00    0.00    0.00    0.00  100.00
15:03:29       2    2.02    0.00    0.00    0.00    0.00    0.00    0.00    0.00    0.00   97.98
15:03:29       3    0.00    0.00    0.00    0.00    0.00    0.00    0.00    0.00    0.00  100.00
15:03:29       4    1.02    0.00    1.02    0.00    0.00    0.00    0.00    0.00    0.00   97.96
15:03:29       5    0.00    0.00    0.00    0.00    0.00    0.00    0.00    0.00    0.00  100.00
15:03:29       6    2.02    0.00    1.01    0.00    0.00    0.00    0.00    0.00    0.00   96.97
15:03:29       7    0.00    0.00    0.00    0.00    0.00    0.00    0.00    0.00    0.00  100.00
15:03:29       8    2.02    0.00    0.00    0.00    0.00    0.00    0.00    0.00    0.00   97.98
15:03:29       9    0.00    0.00    0.00    0.00    0.00    0.00    0.00    0.00    0.00  100.00
15:03:29      10    4.00    0.00    2.00    0.00    0.00    0.00    0.00    0.00    0.00   94.00
15:03:29      11    0.00    0.00    0.00    0.00    0.00    0.00    0.00    0.00    0.00  100.00
15:03:29      12    4.00    0.00    0.00    0.00    0.00    0.00    0.00    0.00    0.00   96.00
15:03:29      13    0.00    0.00    0.00    0.00    0.00    0.00    0.00    0.00    0.00  100.00
15:03:29      14    0.00    0.00    0.99    0.00    0.00    0.00    0.00    0.00    0.00   99.01
15:03:29      15    0.00    0.00    0.00    0.00    0.00    1.03    0.00    0.00    0.00   98.97
15:03:29      16    0.00    0.00    0.00    0.00    0.00    0.00    0.00    0.00    0.00  100.00
15:03:29      17    0.99    0.00    0.99    0.00    0.00    0.00    0.00    0.00    0.00   98.02
15:03:29      18    0.00    0.00    1.01    0.00    0.00    0.00    0.00    0.00    0.00   98.99
15:03:29      19    1.00    0.00    1.00    0.00    0.00    0.00    0.00    0.00    0.00   98.00
15:03:29      20    0.00    0.00    0.00    0.00    0.00    0.00    0.00    0.00    0.00  100.00
15:03:29      21    0.00    0.00    0.00    0.00    0.00    0.00    0.00    0.00    0.00  100.00
15:03:29      22    0.00    0.00    0.00    0.00    0.00    0.00    0.00    0.00    0.00  100.00
15:03:29      23    0.00    0.00    1.00    0.00    0.00    0.00    0.00    0.00    0.00   99.00

15:03:29     CPU    %usr   %nice    %sys %iowait    %irq   %soft  %steal  %guest  %gnice   %idle
15:03:30     all    1.54    0.00    0.38    0.00    0.00    0.04    0.00    0.00    0.00   98.04
15:03:30       0    0.99    0.00    0.99    0.00    0.00    0.00    0.00    0.00    0.00   98.02
15:03:30       1    0.00    0.00    0.00    0.00    0.00    0.00    0.00    0.00    0.00  100.00
15:03:30       2    2.00    0.00    0.00    0.00    0.00    0.00    0.00    0.00    0.00   98.00
15:03:30       3    0.00    0.00    0.00    0.00    0.00    0.00    0.00    0.00    0.00  100.00
15:03:30       4    2.97    0.00    0.99    0.00    0.00    0.00    0.00    0.00    0.00   96.04
15:03:30       5    0.00    0.00    0.00    0.00    0.00    0.00    0.00    0.00    0.00  100.00
15:03:30       6    2.02    0.00    0.00    0.00    0.00    0.00    0.00    0.00    0.00   97.98
15:03:30       7    0.00    0.00    0.00    0.00    0.00    0.00    0.00    0.00    0.00  100.00
15:03:30       8   11.00    0.00    1.00    0.00    0.00    0.00    0.00    0.00    0.00   88.00
15:03:30       9    0.00    0.00    0.00    0.00    0.00    0.00    0.00    0.00    0.00  100.00
15:03:30      10    5.10    0.00    1.02    0.00    0.00    0.00    0.00    0.00    0.00   93.88
15:03:30      11    0.00    0.00    0.00    0.00    0.00    0.00    0.00    0.00    0.00  100.00
15:03:30      12    2.00    0.00    1.00    0.00    0.00    0.00    0.00    0.00    0.00   97.00
15:03:30      13    0.00    0.00    0.00    0.00    0.00    0.00    0.00    0.00    0.00  100.00
15:03:30      14    0.00    0.00    0.00    0.00    0.00    0.00    0.00    0.00    0.00  100.00
15:03:30      15    1.01    0.00    0.00    0.00    0.00    1.01    0.00    0.00    0.00   97.98
15:03:30      16    2.00    0.00    0.00    0.00    0.00    0.00    0.00    0.00    0.00   98.00
15:03:30      17    3.03    0.00    1.01    0.00    0.00    0.00    0.00    0.00    0.00   95.96
15:03:30      18    1.00    0.00    0.00    0.00    0.00    0.00    0.00    0.00    0.00   99.00
15:03:30      19    1.00    0.00    0.00    0.00    0.00    0.00    0.00    0.00    0.00   99.00
15:03:30      20    1.00    0.00    2.00    0.00    0.00    0.00    0.00    0.00    0.00   97.00
15:03:30      21    0.00    0.00    1.00    0.00    0.00    0.00    0.00    0.00    0.00   99.00
15:03:30      22    1.00    0.00    0.00    0.00    0.00    0.00    0.00    0.00    0.00   99.00
15:03:30      23    0.99    0.00    0.00    0.00    0.00    0.00    0.00    0.00    0.00   99.01

15:03:30     CPU    %usr   %nice    %sys %iowait    %irq   %soft  %steal  %guest  %gnice   %idle
15:03:31     all    0.92    0.00    0.46    0.63    0.00    0.08    0.00    0.00    0.00   97.91
15:03:31       0    1.02    0.00    0.00    0.00    0.00    0.00    0.00    0.00    0.00   98.98
15:03:31       1    0.00    0.00    0.00    0.00    0.00    0.00    0.00    0.00    0.00  100.00
15:03:31       2    0.99    0.00    0.99    0.00    0.00    0.00    0.00    0.00    0.00   98.02
15:03:31       3    0.00    0.00    0.00    0.00    0.00    0.00    0.00    0.00    0.00  100.00
15:03:31       4    0.00    0.00    0.00    0.00    0.00    0.00    0.00    0.00    0.00  100.00
15:03:31       5    0.00    0.00    0.00    0.00    0.00    0.00    0.00    0.00    0.00  100.00
15:03:31       6    2.00    0.00    1.00    1.00    0.00    0.00    0.00    0.00    0.00   96.00
15:03:31       7    0.00    0.00    0.00    0.00    0.00    0.00    0.00    0.00    0.00  100.00
15:03:31       8    2.04    0.00    0.00    0.00    0.00    0.00    0.00    0.00    0.00   97.96
15:03:31       9    0.00    0.00    0.00    0.00    0.00    0.00    0.00    0.00    0.00  100.00
15:03:31      10    6.00    0.00    3.00    0.00    0.00    0.00    0.00    0.00    0.00   91.00
15:03:31      11    0.00    0.00    0.00   12.87    0.00    0.00    0.00    0.00    0.00   87.13
15:03:31      12    1.01    0.00    1.01    0.00    0.00    0.00    0.00    0.00    0.00   97.98
15:03:31      13    0.00    0.00    0.00    0.00    0.00    0.00    0.00    0.00    0.00  100.00
15:03:31      14    4.00    0.00    0.00    0.00    0.00    0.00    0.00    0.00    0.00   96.00
15:03:31      15    0.99    0.00    0.99    0.00    0.00    1.98    0.00    0.00    0.00   96.04
15:03:31      16    1.98    0.00    1.98    0.00    0.00    0.00    0.00    0.00    0.00   96.04
15:03:31      17    0.00    0.00    1.00    0.00    0.00    0.00    0.00    0.00    0.00   99.00
15:03:31      18    0.00    0.00    0.00    0.00    0.00    0.00    0.00    0.00    0.00  100.00
15:03:31      19    0.00    0.00    0.00    0.00    0.00    0.00    0.00    0.00    0.00  100.00
15:03:31      20    1.00    0.00    0.00    1.00    0.00    0.00    0.00    0.00    0.00   98.00
15:03:31      21    1.00    0.00    0.00    0.00    0.00    0.00    0.00    0.00    0.00   99.00
15:03:31      22    0.00    0.00    1.02    0.00    0.00    0.00    0.00    0.00    0.00   98.98
15:03:31      23    0.00    0.00    0.00    0.00    0.00    0.00    0.00    0.00    0.00  100.00

15:03:31     CPU    %usr   %nice    %sys %iowait    %irq   %soft  %steal  %guest  %gnice   %idle
15:03:32     all    0.96    0.00    0.38    0.00    0.00    0.08    0.00    0.00    0.00   98.58
15:03:32       0    0.98    0.00    0.98    0.00    0.00    0.00    0.00    0.00    0.00   98.04
15:03:32       1    0.00    0.00    0.00    0.00    0.00    0.00    0.00    0.00    0.00  100.00
15:03:32       2    1.01    0.00    0.00    0.00    0.00    0.00    0.00    0.00    0.00   98.99
15:03:32       3    0.00    0.00    0.00    0.00    0.00    0.00    0.00    0.00    0.00  100.00
15:03:32       4    1.00    0.00    0.00    0.00    0.00    0.00    0.00    0.00    0.00   99.00
15:03:32       5    0.00    0.00    0.00    0.00    0.00    0.00    0.00    0.00    0.00  100.00
15:03:32       6    2.02    0.00    1.01    0.00    0.00    0.00    0.00    0.00    0.00   96.97
15:03:32       7    0.00    0.00    0.00    0.00    0.00    0.00    0.00    0.00    0.00  100.00
15:03:32       8    5.00    0.00    0.00    0.00    0.00    0.00    0.00    0.00    0.00   95.00
15:03:32       9    0.00    0.00    0.00    0.00    0.00    0.00    0.00    0.00    0.00  100.00
15:03:32      10    4.00    0.00    1.00    0.00    0.00    0.00    0.00    0.00    0.00   95.00
15:03:32      11    0.00    0.00    0.00    0.00    0.00    0.00    0.00    0.00    0.00  100.00
15:03:32      12    1.98    0.00    0.99    0.00    0.00    0.00    0.00    0.00    0.00   97.03
15:03:32      13    0.00    0.00    0.00    0.00    0.00    0.00    0.00    0.00    0.00  100.00
15:03:32      14    1.01    0.00    1.01    0.00    0.00    0.00    0.00    0.00    0.00   97.98
15:03:32      15    0.00    0.00    1.00    0.00    0.00    2.00    0.00    0.00    0.00   97.00
15:03:32      16    1.01    0.00    1.01    0.00    0.00    0.00    0.00    0.00    0.00   97.98
15:03:32      17    1.01    0.00    0.00    0.00    0.00    0.00    0.00    0.00    0.00   98.99
15:03:32      18    1.01    0.00    1.01    0.00    0.00    0.00    0.00    0.00    0.00   97.98
15:03:32      19    1.98    0.00    0.00    0.00    0.00    0.00    0.00    0.00    0.00   98.02
15:03:32      20    0.00    0.00    0.00    0.00    0.00    0.00    0.00    0.00    0.00  100.00
15:03:32      21    0.00    0.00    0.00    0.00    0.00    0.00    0.00    0.00    0.00  100.00
15:03:32      22    1.01    0.00    0.00    0.00    0.00    0.00    0.00    0.00    0.00   98.99
15:03:32      23    0.00    0.00    1.00    0.00    0.00    0.00    0.00    0.00    0.00   99.00

15:03:32     CPU    %usr   %nice    %sys %iowait    %irq   %soft  %steal  %guest  %gnice   %idle
15:03:33     all    0.88    0.00    0.38    0.00    0.00    0.13    0.00    0.00    0.00   98.62
15:03:33       0    1.00    0.00    0.00    0.00    0.00    0.00    0.00    0.00    0.00   99.00
15:03:33       1    0.00    0.00    0.00    0.00    0.00    0.00    0.00    0.00    0.00  100.00
15:03:33       2    0.00    0.00    0.00    0.00    0.00    0.00    0.00    0.00    0.00  100.00
15:03:33       3    0.00    0.00    0.00    0.00    0.00    0.00    0.00    0.00    0.00  100.00
15:03:33       4    1.01    0.00    0.00    0.00    0.00    0.00    0.00    0.00    0.00   98.99
15:03:33       5    0.00    0.00    0.00    0.00    0.00    0.00    0.00    0.00    0.00  100.00
15:03:33       6    1.01    0.00    0.00    0.00    0.00    0.00    0.00    0.00    0.00   98.99
15:03:33       7    0.00    0.00    0.00    0.00    0.00    0.00    0.00    0.00    0.00  100.00
15:03:33       8    6.00    0.00    2.00    0.00    0.00    0.00    0.00    0.00    0.00   92.00
15:03:33       9    0.00    0.00    0.00    0.00    0.00    0.00    0.00    0.00    0.00  100.00
15:03:33      10    2.02    0.00    1.01    0.00    0.00    0.00    0.00    0.00    0.00   96.97
15:03:33      11    0.00    0.00    0.00    0.00    0.00    0.00    0.00    0.00    0.00  100.00
15:03:33      12    0.00    0.00    0.00    0.00    0.00    0.00    0.00    0.00    0.00  100.00
15:03:33      13    0.00    0.00    0.00    0.00    0.00    0.00    0.00    0.00    0.00  100.00
15:03:33      14    2.97    0.00    1.98    0.00    0.00    0.00    0.00    0.00    0.00   95.05
15:03:33      15    0.00    0.00    0.00    0.00    0.00    3.00    0.00    0.00    0.00   97.00
15:03:33      16    2.00    0.00    1.00    0.00    0.00    0.00    0.00    0.00    0.00   97.00
15:03:33      17    2.02    0.00    0.00    0.00    0.00    0.00    0.00    0.00    0.00   97.98
15:03:33      18    1.98    0.00    0.99    0.00    0.00    0.00    0.00    0.00    0.00   97.03
15:03:33      19    1.01    0.00    0.00    0.00    0.00    0.00    0.00    0.00    0.00   98.99
15:03:33      20    0.00    0.00    1.00    0.00    0.00    0.00    0.00    0.00    0.00   99.00
15:03:33      21    0.00    0.00    0.00    0.00    0.00    0.00    0.00    0.00    0.00  100.00
15:03:33      22    0.00    0.00    0.00    0.00    0.00    0.00    0.00    0.00    0.00  100.00
15:03:33      23    0.00    0.00    1.00    0.00    0.00    0.00    0.00    0.00    0.00   99.00

15:03:33     CPU    %usr   %nice    %sys %iowait    %irq   %soft  %steal  %guest  %gnice   %idle
15:03:34     all    0.92    0.00    0.38    0.04    0.00    0.04    0.00    0.00    0.00   98.62
15:03:34       0    0.00    0.00    0.00    0.00    0.00    0.00    0.00    0.00    0.00  100.00
15:03:34       1    0.00    0.00    0.00    0.00    0.00    0.00    0.00    0.00    0.00  100.00
15:03:34       2    1.00    0.00    0.00    0.00    0.00    0.00    0.00    0.00    0.00   99.00
15:03:34       3    0.00    0.00    0.00    0.00    0.00    0.00    0.00    0.00    0.00  100.00
15:03:34       4    1.00    0.00    0.00    0.00    0.00    0.00    0.00    0.00    0.00   99.00
15:03:34       5    0.00    0.00    0.00    0.00    0.00    0.00    0.00    0.00    0.00  100.00
15:03:34       6    2.00    0.00    0.00    0.00    0.00    0.00    0.00    0.00    0.00   98.00
15:03:34       7    0.00    0.00    0.00    0.99    0.00    0.00    0.00    0.00    0.00   99.01
15:03:34       8    4.04    0.00    1.01    0.00    0.00    0.00    0.00    0.00    0.00   94.95
15:03:34       9    0.00    0.00    0.00    0.00    0.00    0.00    0.00    0.00    0.00  100.00
15:03:34      10    6.06    0.00    2.02    0.00    0.00    0.00    0.00    0.00    0.00   91.92
15:03:34      11    0.00    0.00    0.00    0.00    0.00    0.00    0.00    0.00    0.00  100.00
15:03:34      12    2.00    0.00    1.00    0.00    0.00    0.00    0.00    0.00    0.00   97.00
15:03:34      13    0.00    0.00    0.00    0.00    0.00    0.00    0.00    0.00    0.00  100.00
15:03:34      14    2.04    0.00    0.00    0.00    0.00    0.00    0.00    0.00    0.00   97.96
15:03:34      15    1.00    0.00    1.00    0.00    0.00    1.00    0.00    0.00    0.00   97.00
15:03:34      16    1.00    0.00    1.00    0.00    0.00    0.00    0.00    0.00    0.00   98.00
15:03:34      17    1.00    0.00    1.00    0.00    0.00    0.00    0.00    0.00    0.00   98.00
15:03:34      18    0.00    0.00    0.00    0.00    0.00    0.00    0.00    0.00    0.00  100.00
15:03:34      19    0.00    0.00    0.00    0.00    0.00    0.00    0.00    0.00    0.00  100.00
15:03:34      20    0.00    0.00    0.00    0.00    0.00    0.00    0.00    0.00    0.00  100.00
15:03:34      21    0.00    0.00    0.00    0.00    0.00    0.00    0.00    0.00    0.00  100.00
15:03:34      22    0.00    0.00    0.00    0.00    0.00    0.00    0.00    0.00    0.00  100.00
15:03:34      23    1.00    0.00    2.00    0.00    0.00    0.00    0.00    0.00    0.00   97.00

15:03:34     CPU    %usr   %nice    %sys %iowait    %irq   %soft  %steal  %guest  %gnice   %idle
15:03:35     all    0.88    0.00    0.38    0.00    0.00    0.04    0.00    0.00    0.00   98.70
15:03:35       0    3.00    0.00    0.00    0.00    0.00    0.00    0.00    0.00    0.00   97.00
15:03:35       1    0.00    0.00    0.00    0.00    0.00    0.00    0.00    0.00    0.00  100.00
15:03:35       2    0.00    0.00    1.00    0.00    0.00    0.00    0.00    0.00    0.00   99.00
15:03:35       3    0.00    0.00    0.00    0.00    0.00    0.00    0.00    0.00    0.00  100.00
15:03:35       4    0.00    0.00    0.00    0.00    0.00    0.00    0.00    0.00    0.00  100.00
15:03:35       5    0.00    0.00    0.00    0.00    0.00    0.00    0.00    0.00    0.00  100.00
15:03:35       6    1.98    0.00    0.00    0.00    0.00    0.00    0.00    0.00    0.00   98.02
15:03:35       7    0.00    0.00    0.00    0.00    0.00    0.00    0.00    0.00    0.00  100.00
15:03:35       8    3.00    0.00    3.00    0.00    0.00    0.00    0.00    0.00    0.00   94.00
15:03:35       9    0.00    0.00    0.00    0.00    0.00    0.00    0.00    0.00    0.00  100.00
15:03:35      10    6.00    0.00    0.00    0.00    0.00    0.00    0.00    0.00    0.00   94.00
15:03:35      11    0.00    0.00    0.00    0.00    0.00    0.00    0.00    0.00    0.00  100.00
15:03:35      12    3.00    0.00    1.00    0.00    0.00    0.00    0.00    0.00    0.00   96.00
15:03:35      13    0.00    0.00    0.00    0.00    0.00    0.00    0.00    0.00    0.00  100.00
15:03:35      14    1.00    0.00    1.00    0.00    0.00    0.00    0.00    0.00    0.00   98.00
15:03:35      15    1.02    0.00    1.02    0.00    0.00    1.02    0.00    0.00    0.00   96.94
15:03:35      16    0.00    0.00    0.00    0.00    0.00    0.00    0.00    0.00    0.00  100.00
15:03:35      17    1.00    0.00    1.00    0.00    0.00    0.00    0.00    0.00    0.00   98.00
15:03:35      18    1.00    0.00    1.00    0.00    0.00    0.00    0.00    0.00    0.00   98.00
15:03:35      19    0.00    0.00    0.00    0.00    0.00    0.00    0.00    0.00    0.00  100.00
15:03:35      20    0.00    0.00    0.00    0.00    0.00    0.00    0.00    0.00    0.00  100.00
15:03:35      21    0.00    0.00    0.00    0.00    0.00    0.00    0.00    0.00    0.00  100.00
15:03:35      22    0.00    0.00    0.00    0.00    0.00    0.00    0.00    0.00    0.00  100.00
15:03:35      23    0.00    0.00    0.00    0.00    0.00    0.00    0.00    0.00    0.00  100.00

15:03:35     CPU    %usr   %nice    %sys %iowait    %irq   %soft  %steal  %guest  %gnice   %idle
15:03:36     all    1.17    0.00    0.42    0.00    0.00    0.04    0.00    0.00    0.00   98.37
15:03:36       0    1.00    0.00    1.00    0.00    0.00    0.00    0.00    0.00    0.00   98.00
15:03:36       1    0.00    0.00    0.00    0.00    0.00    0.00    0.00    0.00    0.00  100.00
15:03:36       2    2.00    0.00    0.00    0.00    0.00    0.00    0.00    0.00    0.00   98.00
15:03:36       3    0.00    0.00    0.00    0.00    0.00    0.00    0.00    0.00    0.00  100.00
15:03:36       4    2.00    0.00    1.00    0.00    0.00    0.00    0.00    0.00    0.00   97.00
15:03:36       5    0.00    0.00    0.00    0.00    0.00    0.00    0.00    0.00    0.00  100.00
15:03:36       6    0.00    0.00    0.00    0.00    0.00    0.00    0.00    0.00    0.00  100.00
15:03:36       7    0.00    0.00    0.00    0.00    0.00    0.00    0.00    0.00    0.00  100.00
15:03:36       8    4.00    0.00    1.00    0.00    0.00    0.00    0.00    0.00    0.00   95.00
15:03:36       9    0.00    0.00    0.00    0.00    0.00    0.00    0.00    0.00    0.00  100.00
15:03:36      10    5.00    0.00    1.00    0.00    0.00    0.00    0.00    0.00    0.00   94.00
15:03:36      11    0.00    0.00    0.00    0.00    0.00    0.00    0.00    0.00    0.00  100.00
15:03:36      12    2.00    0.00    0.00    0.00    0.00    0.00    0.00    0.00    0.00   98.00
15:03:36      13    1.00    0.00    0.00    0.00    0.00    0.00    0.00    0.00    0.00   99.00
15:03:36      14    1.00    0.00    2.00    0.00    0.00    0.00    0.00    0.00    0.00   97.00
15:03:36      15    1.01    0.00    1.01    0.00    0.00    1.01    0.00    0.00    0.00   96.97
15:03:36      16    2.00    0.00    1.00    0.00    0.00    0.00    0.00    0.00    0.00   97.00
15:03:36      17    2.00    0.00    1.00    0.00    0.00    0.00    0.00    0.00    0.00   97.00
15:03:36      18    1.01    0.00    0.00    0.00    0.00    0.00    0.00    0.00    0.00   98.99
15:03:36      19    1.00    0.00    1.00    0.00    0.00    0.00    0.00    0.00    0.00   98.00
15:03:36      20    0.99    0.00    0.00    0.00    0.00    0.00    0.00    0.00    0.00   99.01
15:03:36      21    0.00    0.00    0.00    0.00    0.00    0.00    0.00    0.00    0.00  100.00
15:03:36      22    1.01    0.00    0.00    0.00    0.00    0.00    0.00    0.00    0.00   98.99
15:03:36      23    1.00    0.00    0.00    0.00    0.00    0.00    0.00    0.00    0.00   99.00

15:03:36     CPU    %usr   %nice    %sys %iowait    %irq   %soft  %steal  %guest  %gnice   %idle
15:03:37     all    1.00    0.00    0.50    0.04    0.00    0.08    0.00    0.00    0.00   98.37
15:03:37       0    0.00    0.00    0.00    0.00    0.00    0.00    0.00    0.00    0.00  100.00
15:03:37       1    0.00    0.00    0.00    0.00    0.00    0.00    0.00    0.00    0.00  100.00
15:03:37       2    2.00    0.00    1.00    0.00    0.00    0.00    0.00    0.00    0.00   97.00
15:03:37       3    0.00    0.00    0.00    0.00    0.00    0.00    0.00    0.00    0.00  100.00
15:03:37       4    2.00    0.00    0.00    0.00    0.00    0.00    0.00    0.00    0.00   98.00
15:03:37       5    0.00    0.00    0.00    0.00    0.00    0.00    0.00    0.00    0.00  100.00
15:03:37       6    1.98    0.00    0.99    0.00    0.00    0.00    0.00    0.00    0.00   97.03
15:03:37       7    0.00    0.00    0.00    0.00    0.00    0.00    0.00    0.00    0.00  100.00
15:03:37       8    6.00    0.00    1.00    0.00    0.00    0.00    0.00    0.00    0.00   93.00
15:03:37       9    0.00    0.00    0.00    0.00    0.00    0.00    0.00    0.00    0.00  100.00
15:03:37      10    3.03    0.00    2.02    0.00    0.00    0.00    0.00    0.00    0.00   94.95
15:03:37      11    0.00    0.00    0.00    0.00    0.00    0.00    0.00    0.00    0.00  100.00
15:03:37      12    1.00    0.00    1.00    1.00    0.00    0.00    0.00    0.00    0.00   97.00
15:03:37      13    0.00    0.00    0.00    0.00    0.00    0.00    0.00    0.00    0.00  100.00
15:03:37      14    2.02    0.00    1.01    0.00    0.00    0.00    0.00    0.00    0.00   96.97
15:03:37      15    1.01    0.00    1.01    0.00    0.00    2.02    0.00    0.00    0.00   95.96
15:03:37      16    2.00    0.00    0.00    0.00    0.00    0.00    0.00    0.00    0.00   98.00
15:03:37      17    1.00    0.00    1.00    0.00    0.00    0.00    0.00    0.00    0.00   98.00
15:03:37      18    0.99    0.00    0.99    0.00    0.00    0.00    0.00    0.00    0.00   98.02
15:03:37      19    0.00    0.00    0.00    0.00    0.00    0.00    0.00    0.00    0.00  100.00
15:03:37      20    0.00    0.00    1.00    0.00    0.00    0.00    0.00    0.00    0.00   99.00
15:03:37      21    0.99    0.00    0.00    0.00    0.00    0.00    0.00    0.00    0.00   99.01
15:03:37      22    0.00    0.00    1.01    0.00    0.00    0.00    0.00    0.00    0.00   98.99
15:03:37      23    0.00    0.00    0.00    0.00    0.00    0.00    0.00    0.00    0.00  100.00

15:03:37     CPU    %usr   %nice    %sys %iowait    %irq   %soft  %steal  %guest  %gnice   %idle
15:03:38     all    1.42    0.00    0.38    0.04    0.00    0.08    0.00    0.00    0.00   98.07
15:03:38       0    1.01    0.00    0.00    0.00    0.00    0.00    0.00    0.00    0.00   98.99
15:03:38       1    0.00    0.00    0.00    0.00    0.00    0.00    0.00    0.00    0.00  100.00
15:03:38       2    3.03    0.00    0.00    0.00    0.00    0.00    0.00    0.00    0.00   96.97
15:03:38       3    0.00    0.00    0.00    0.00    0.00    0.00    0.00    0.00    0.00  100.00
15:03:38       4    1.01    0.00    0.00    0.00    0.00    0.00    0.00    0.00    0.00   98.99
15:03:38       5    0.00    0.00    0.00    0.00    0.00    0.00    0.00    0.00    0.00  100.00
15:03:38       6    3.03    0.00    1.01    1.01    0.00    0.00    0.00    0.00    0.00   94.95
15:03:38       7    0.00    0.00    0.00    0.00    0.00    0.00    0.00    0.00    0.00  100.00
15:03:38       8    3.06    0.00    1.02    0.00    0.00    0.00    0.00    0.00    0.00   95.92
15:03:38       9    0.00    0.00    0.00    0.00    0.00    0.00    0.00    0.00    0.00  100.00
15:03:38      10    9.00    0.00    1.00    0.00    0.00    0.00    0.00    0.00    0.00   90.00
15:03:38      11    0.99    0.00    0.00    0.00    0.00    0.00    0.00    0.00    0.00   99.01
15:03:38      12    3.03    0.00    0.00    0.00    0.00    0.00    0.00    0.00    0.00   96.97
15:03:38      13    0.00    0.00    0.00    0.00    0.00    0.00    0.00    0.00    0.00  100.00
15:03:38      14    2.00    0.00    1.00    0.00    0.00    0.00    0.00    0.00    0.00   97.00
15:03:38      15    1.98    0.00    0.99    0.00    0.00    1.98    0.00    0.00    0.00   95.05
15:03:38      16    1.01    0.00    1.01    0.00    0.00    0.00    0.00    0.00    0.00   97.98
15:03:38      17    1.00    0.00    1.00    0.00    0.00    0.00    0.00    0.00    0.00   98.00
15:03:38      18    1.00    0.00    0.00    0.00    0.00    0.00    0.00    0.00    0.00   99.00
15:03:38      19    1.01    0.00    0.00    0.00    0.00    0.00    0.00    0.00    0.00   98.99
15:03:38      20    0.00    0.00    0.00    0.00    0.00    0.00    0.00    0.00    0.00  100.00
15:03:38      21    0.00    0.00    0.00    0.00    0.00    0.00    0.00    0.00    0.00  100.00
15:03:38      22    0.00    0.00    0.00    0.00    0.00    0.00    0.00    0.00    0.00  100.00
15:03:38      23    1.98    0.00    1.98    0.00    0.00    0.00    0.00    0.00    0.00   96.04

15:03:38     CPU    %usr   %nice    %sys %iowait    %irq   %soft  %steal  %guest  %gnice   %idle
15:03:39     all    1.92    0.00    0.33    0.00    0.00    0.17    0.00    0.00    0.00   97.58
15:03:39       0    0.00    0.00    0.00    0.00    0.00    0.00    0.00    0.00    0.00  100.00
15:03:39       1    0.00    0.00    0.00    0.00    0.00    0.00    0.00    0.00    0.00  100.00
15:03:39       2    1.00    0.00    1.00    0.00    0.00    0.00    0.00    0.00    0.00   98.00
15:03:39       3    0.00    0.00    0.00    0.00    0.00    0.00    0.00    0.00    0.00  100.00
15:03:39       4    6.00    0.00    0.00    0.00    0.00    0.00    0.00    0.00    0.00   94.00
15:03:39       5    0.00    0.00    0.00    0.00    0.00    0.00    0.00    0.00    0.00  100.00
15:03:39       6    1.00    0.00    0.00    0.00    0.00    0.00    0.00    0.00    0.00   99.00
15:03:39       7    0.00    0.00    0.00    0.00    0.00    0.00    0.00    0.00    0.00  100.00
15:03:39       8    5.00    0.00    0.00    0.00    0.00    0.00    0.00    0.00    0.00   95.00
15:03:39       9    0.00    0.00    0.00    0.00    0.00    0.00    0.00    0.00    0.00  100.00
15:03:39      10    2.97    0.00    1.98    0.00    0.00    0.00    0.00    0.00    0.00   95.05
15:03:39      11    0.00    0.00    0.00    0.00    0.00    0.00    0.00    0.00    0.00  100.00
15:03:39      12    3.00    0.00    1.00    0.00    0.00    0.00    0.00    0.00    0.00   96.00
15:03:39      13    0.00    0.00    0.00    0.00    0.00    0.99    0.00    0.00    0.00   99.01
15:03:39      14    2.00    0.00    1.00    0.00    0.00    0.00    0.00    0.00    0.00   97.00
15:03:39      15    3.00    0.00    1.00    0.00    0.00    3.00    0.00    0.00    0.00   93.00
15:03:39      16    4.95    0.00    0.99    0.00    0.00    0.00    0.00    0.00    0.00   94.06
15:03:39      17    3.03    0.00    0.00    0.00    0.00    0.00    0.00    0.00    0.00   96.97
15:03:39      18    3.03    0.00    0.00    0.00    0.00    0.00    0.00    0.00    0.00   96.97
15:03:39      19    3.96    0.00    0.99    0.00    0.00    0.00    0.00    0.00    0.00   95.05
15:03:39      20    2.00    0.00    0.00    0.00    0.00    0.00    0.00    0.00    0.00   98.00
15:03:39      21    2.00    0.00    0.00    0.00    0.00    0.00    0.00    0.00    0.00   98.00
15:03:39      22    1.01    0.00    0.00    0.00    0.00    0.00    0.00    0.00    0.00   98.99
15:03:39      23    2.02    0.00    0.00    0.00    0.00    0.00    0.00    0.00    0.00   97.98

15:03:39     CPU    %usr   %nice    %sys %iowait    %irq   %soft  %steal  %guest  %gnice   %idle
15:03:40     all    1.96    0.00    0.63    0.00    0.00    0.08    0.00    0.00    0.00   97.33
15:03:40       0    1.01    0.00    0.00    0.00    0.00    0.00    0.00    0.00    0.00   98.99
15:03:40       1    0.00    0.00    0.00    0.00    0.00    0.00    0.00    0.00    0.00  100.00
15:03:40       2    1.00    0.00    0.00    0.00    0.00    0.00    0.00    0.00    0.00   99.00
15:03:40       3    0.00    0.00    0.00    0.00    0.00    0.00    0.00    0.00    0.00  100.00
15:03:40       4    1.98    0.00    1.98    0.00    0.00    0.00    0.00    0.00    0.00   96.04
15:03:40       5    0.00    0.00    0.00    0.00    0.00    0.00    0.00    0.00    0.00  100.00
15:03:40       6    4.00    0.00    2.00    0.00    0.00    0.00    0.00    0.00    0.00   94.00
15:03:40       7    2.00    0.00    0.00    0.00    0.00    0.00    0.00    0.00    0.00   98.00
15:03:40       8    8.00    0.00    2.00    0.00    0.00    0.00    0.00    0.00    0.00   90.00
15:03:40       9    0.00    0.00    0.00    0.00    0.00    0.00    0.00    0.00    0.00  100.00
15:03:40      10    6.12    0.00    0.00    0.00    0.00    0.00    0.00    0.00    0.00   93.88
15:03:40      11    0.00    0.00    0.00    0.00    0.00    0.00    0.00    0.00    0.00  100.00
15:03:40      12    4.00    0.00    1.00    0.00    0.00    0.00    0.00    0.00    0.00   95.00
15:03:40      13    0.00    0.00    0.00    0.00    0.00    0.00    0.00    0.00    0.00  100.00
15:03:40      14    2.00    0.00    0.00    0.00    0.00    0.00    0.00    0.00    0.00   98.00
15:03:40      15    2.97    0.00    0.99    0.00    0.00    1.98    0.00    0.00    0.00   94.06
15:03:40      16    1.01    0.00    1.01    0.00    0.00    0.00    0.00    0.00    0.00   97.98
15:03:40      17    1.00    0.00    1.00    0.00    0.00    0.00    0.00    0.00    0.00   98.00
15:03:40      18    2.97    0.00    0.99    0.00    0.00    0.00    0.00    0.00    0.00   96.04
15:03:40      19    3.03    0.00    0.00    0.00    0.00    0.00    0.00    0.00    0.00   96.97
15:03:40      20    2.02    0.00    0.00    0.00    0.00    0.00    0.00    0.00    0.00   97.98
15:03:40      21    1.00    0.00    1.00    0.00    0.00    0.00    0.00    0.00    0.00   98.00
15:03:40      22    2.02    0.00    1.01    0.00    0.00    0.00    0.00    0.00    0.00   96.97
15:03:40      23    0.99    0.00    1.98    0.00    0.00    0.00    0.00    0.00    0.00   97.03

15:03:40     CPU    %usr   %nice    %sys %iowait    %irq   %soft  %steal  %guest  %gnice   %idle
15:03:41     all    1.54    0.00    0.46    0.08    0.00    0.17    0.00    0.00    0.00   97.75
15:03:41       0    0.99    0.00    0.99    0.00    0.00    0.00    0.00    0.00    0.00   98.02
15:03:41       1    0.00    0.00    0.00    0.00    0.00    0.00    0.00    0.00    0.00  100.00
15:03:41       2    1.01    0.00    0.00    0.00    0.00    0.00    0.00    0.00    0.00   98.99
15:03:41       3    0.00    0.00    0.00    0.00    0.00    0.00    0.00    0.00    0.00  100.00
15:03:41       4    2.04    0.00    0.00    0.00    0.00    0.00    0.00    0.00    0.00   97.96
15:03:41       5    0.00    0.00    0.00    0.00    0.00    0.00    0.00    0.00    0.00  100.00
15:03:41       6    2.02    0.00    0.00    0.00    0.00    0.00    0.00    0.00    0.00   97.98
15:03:41       7    0.00    0.00    0.00    0.00    0.00    0.00    0.00    0.00    0.00  100.00
15:03:41       8    7.00    0.00    1.00    0.00    0.00    0.00    0.00    0.00    0.00   92.00
15:03:41       9    0.00    0.00    0.00    0.00    0.00    0.00    0.00    0.00    0.00  100.00
15:03:41      10    3.00    0.00    1.00    0.00    0.00    1.00    0.00    0.00    0.00   95.00
15:03:41      11    0.00    0.00    0.00    0.99    0.00    0.00    0.00    0.00    0.00   99.01
15:03:41      12    1.01    0.00    0.00    0.00    0.00    0.00    0.00    0.00    0.00   98.99
15:03:41      13    0.00    0.00    0.00    1.00    0.00    0.00    0.00    0.00    0.00   99.00
15:03:41      14    1.00    0.00    2.00    0.00    0.00    0.00    0.00    0.00    0.00   97.00
15:03:41      15    1.98    0.00    0.99    0.00    0.00    2.97    0.00    0.00    0.00   94.06
15:03:41      16    2.94    0.00    2.94    0.00    0.00    0.00    0.00    0.00    0.00   94.12
15:03:41      17    2.00    0.00    1.00    0.00    0.00    0.00    0.00    0.00    0.00   97.00
15:03:41      18    1.01    0.00    0.00    0.00    0.00    0.00    0.00    0.00    0.00   98.99
15:03:41      19    1.00    0.00    0.00    0.00    0.00    0.00    0.00    0.00    0.00   99.00
15:03:41      20    1.98    0.00    0.99    0.00    0.00    0.00    0.00    0.00    0.00   97.03
15:03:41      21    2.02    0.00    0.00    0.00    0.00    0.00    0.00    0.00    0.00   97.98
15:03:41      22    2.00    0.00    0.00    0.00    0.00    0.00    0.00    0.00    0.00   98.00
15:03:41      23    3.96    0.00    0.00    0.00    0.00    0.00    0.00    0.00    0.00   96.04

15:03:41     CPU    %usr   %nice    %sys %iowait    %irq   %soft  %steal  %guest  %gnice   %idle
15:03:42     all    1.50    0.00    0.54    0.08    0.00    0.12    0.00    0.00    0.00   97.75
15:03:42       0    0.00    0.00    0.00    0.00    0.00    0.00    0.00    0.00    0.00  100.00
15:03:42       1    0.00    0.00    0.00    0.00    0.00    0.00    0.00    0.00    0.00  100.00
15:03:42       2    0.00    0.00    1.00    0.00    0.00    0.00    0.00    0.00    0.00   99.00
15:03:42       3    0.00    0.00    0.00    0.00    0.00    0.00    0.00    0.00    0.00  100.00
15:03:42       4    1.98    0.00    0.99    0.00    0.00    0.00    0.00    0.00    0.00   97.03
15:03:42       5    0.00    0.00    0.00    0.00    0.00    0.00    0.00    0.00    0.00  100.00
15:03:42       6    0.99    0.00    0.99    0.00    0.00    0.00    0.00    0.00    0.00   98.02
15:03:42       7    0.00    0.00    0.00    0.00    0.00    0.00    0.00    0.00    0.00  100.00
15:03:42       8    4.00    0.00    1.00    0.00    0.00    0.00    0.00    0.00    0.00   95.00
15:03:42       9    0.00    0.00    0.00    0.00    0.00    0.00    0.00    0.00    0.00  100.00
15:03:42      10   12.00    0.00    1.00    0.00    0.00    0.00    0.00    0.00    0.00   87.00
15:03:42      11    0.00    0.00    0.00    1.00    0.00    0.00    0.00    0.00    0.00   99.00
15:03:42      12    1.00    0.00    1.00    1.00    0.00    0.00    0.00    0.00    0.00   97.00
15:03:42      13    0.00    0.00    0.00    0.00    0.00    0.00    0.00    0.00    0.00  100.00
15:03:42      14    2.00    0.00    0.00    0.00    0.00    0.00    0.00    0.00    0.00   98.00
15:03:42      15    2.97    0.00    1.98    0.00    0.00    2.97    0.00    0.00    0.00   92.08
15:03:42      16    1.98    0.00    1.98    0.00    0.00    0.00    0.00    0.00    0.00   96.04
15:03:42      17    1.00    0.00    0.00    0.00    0.00    0.00    0.00    0.00    0.00   99.00
15:03:42      18    2.00    0.00    1.00    0.00    0.00    0.00    0.00    0.00    0.00   97.00
15:03:42      19    0.99    0.00    0.99    0.00    0.00    0.00    0.00    0.00    0.00   98.02
15:03:42      20    1.00    0.00    0.00    0.00    0.00    0.00    0.00    0.00    0.00   99.00
15:03:42      21    1.98    0.00    0.99    0.00    0.00    0.00    0.00    0.00    0.00   97.03
15:03:42      22    1.02    0.00    0.00    0.00    0.00    0.00    0.00    0.00    0.00   98.98
15:03:42      23    1.02    0.00    0.00    0.00    0.00    0.00    0.00    0.00    0.00   98.98

15:03:42     CPU    %usr   %nice    %sys %iowait    %irq   %soft  %steal  %guest  %gnice   %idle
15:03:43     all    1.21    0.00    0.54    0.08    0.00    0.13    0.00    0.00    0.00   98.04
15:03:43       0    0.00    0.00    0.00    0.00    0.00    0.00    0.00    0.00    0.00  100.00
15:03:43       1    0.00    0.00    0.00    0.00    0.00    0.00    0.00    0.00    0.00  100.00
15:03:43       2    2.00    0.00    0.00    0.00    0.00    0.00    0.00    0.00    0.00   98.00
15:03:43       3    0.00    0.00    0.00    0.00    0.00    0.00    0.00    0.00    0.00  100.00
15:03:43       4    1.01    0.00    0.00    0.00    0.00    0.00    0.00    0.00    0.00   98.99
15:03:43       5    0.00    0.00    0.00    0.00    0.00    0.00    0.00    0.00    0.00  100.00
15:03:43       6    1.01    0.00    0.00    0.00    0.00    0.00    0.00    0.00    0.00   98.99
15:03:43       7    0.00    0.00    0.00    0.00    0.00    0.00    0.00    0.00    0.00  100.00
15:03:43       8    1.02    0.00    1.02    0.00    0.00    0.00    0.00    0.00    0.00   97.96
15:03:43       9    0.00    0.00    0.00    0.00    0.00    0.00    0.00    0.00    0.00  100.00
15:03:43      10    5.00    0.00    2.00    0.00    0.00    0.00    0.00    0.00    0.00   93.00
15:03:43      11    0.00    0.00    0.00    2.00    0.00    0.00    0.00    0.00    0.00   98.00
15:03:43      12    2.04    0.00    1.02    0.00    0.00    0.00    0.00    0.00    0.00   96.94
15:03:43      13    0.00    0.00    0.00    0.00    0.00    0.00    0.00    0.00    0.00  100.00
15:03:43      14    4.04    0.00    0.00    0.00    0.00    0.00    0.00    0.00    0.00   95.96
15:03:43      15    3.92    0.00    1.96    0.00    0.00    2.94    0.00    0.00    0.00   91.18
15:03:43      16    1.98    0.00    1.98    0.00    0.00    0.00    0.00    0.00    0.00   96.04
15:03:43      17    2.00    0.00    1.00    0.00    0.00    0.00    0.00    0.00    0.00   97.00
15:03:43      18    1.00    0.00    2.00    0.00    0.00    0.00    0.00    0.00    0.00   97.00
15:03:43      19    0.99    0.00    0.00    0.00    0.00    0.00    0.00    0.00    0.00   99.01
15:03:43      20    0.99    0.00    0.99    0.00    0.00    0.00    0.00    0.00    0.00   98.02
15:03:43      21    0.00    0.00    0.00    0.00    0.00    0.00    0.00    0.00    0.00  100.00
15:03:43      22    1.01    0.00    0.00    0.00    0.00    0.00    0.00    0.00    0.00   98.99
15:03:43      23    0.98    0.00    0.98    0.00    0.00    0.00    0.00    0.00    0.00   98.04

15:03:43     CPU    %usr   %nice    %sys %iowait    %irq   %soft  %steal  %guest  %gnice   %idle
15:03:44     all    1.13    0.00    0.38    0.00    0.00    0.13    0.00    0.00    0.00   98.37
15:03:44       0    1.00    0.00    2.00    0.00    0.00    0.00    0.00    0.00    0.00   97.00
15:03:44       1    0.00    0.00    0.00    0.00    0.00    0.00    0.00    0.00    0.00  100.00
15:03:44       2    1.01    0.00    0.00    0.00    0.00    0.00    0.00    0.00    0.00   98.99
15:03:44       3    0.00    0.00    0.00    0.00    0.00    0.00    0.00    0.00    0.00  100.00
15:03:44       4    1.00    0.00    1.00    0.00    0.00    0.00    0.00    0.00    0.00   98.00
15:03:44       5    0.00    0.00    0.00    0.00    0.00    0.00    0.00    0.00    0.00  100.00
15:03:44       6    2.00    0.00    0.00    0.00    0.00    0.00    0.00    0.00    0.00   98.00
15:03:44       7    0.00    0.00    0.00    0.00    0.00    0.00    0.00    0.00    0.00  100.00
15:03:44       8    3.96    0.00    0.99    0.00    0.00    0.00    0.00    0.00    0.00   95.05
15:03:44       9    0.00    0.00    0.00    0.00    0.00    0.00    0.00    0.00    0.00  100.00
15:03:44      10    4.00    0.00    1.00    0.00    0.00    0.00    0.00    0.00    0.00   95.00
15:03:44      11    0.00    0.00    0.00    0.00    0.00    0.00    0.00    0.00    0.00  100.00
15:03:44      12    2.00    0.00    1.00    0.00    0.00    0.00    0.00    0.00    0.00   97.00
15:03:44      13    0.00    0.00    0.00    0.00    0.00    0.00    0.00    0.00    0.00  100.00
15:03:44      14    1.01    0.00    0.00    0.00    0.00    0.00    0.00    0.00    0.00   98.99
15:03:44      15    3.00    0.00    1.00    0.00    0.00    3.00    0.00    0.00    0.00   93.00
15:03:44      16    2.02    0.00    1.01    0.00    0.00    0.00    0.00    0.00    0.00   96.97
15:03:44      17    2.02    0.00    0.00    0.00    0.00    0.00    0.00    0.00    0.00   97.98
15:03:44      18    1.00    0.00    0.00    0.00    0.00    0.00    0.00    0.00    0.00   99.00
15:03:44      19    1.00    0.00    0.00    0.00    0.00    0.00    0.00    0.00    0.00   99.00
15:03:44      20    0.00    0.00    0.00    0.00    0.00    0.00    0.00    0.00    0.00  100.00
15:03:44      21    0.00    0.00    0.99    0.00    0.00    0.00    0.00    0.00    0.00   99.01
15:03:44      22    1.01    0.00    0.00    0.00    0.00    0.00    0.00    0.00    0.00   98.99
15:03:44      23    1.00    0.00    0.00    0.00    0.00    0.00    0.00    0.00    0.00   99.00

15:03:44     CPU    %usr   %nice    %sys %iowait    %irq   %soft  %steal  %guest  %gnice   %idle
15:03:45     all    1.17    0.00    0.42    0.00    0.00    0.13    0.00    0.00    0.00   98.29
15:03:45       0    1.01    0.00    0.00    0.00    0.00    0.00    0.00    0.00    0.00   98.99
15:03:45       1    0.00    0.00    0.00    0.00    0.00    0.00    0.00    0.00    0.00  100.00
15:03:45       2    2.00    0.00    0.00    0.00    0.00    0.00    0.00    0.00    0.00   98.00
15:03:45       3    0.00    0.00    0.00    0.00    0.00    0.00    0.00    0.00    0.00  100.00
15:03:45       4    1.01    0.00    0.00    0.00    0.00    0.00    0.00    0.00    0.00   98.99
15:03:45       5    0.00    0.00    0.00    0.00    0.00    0.00    0.00    0.00    0.00  100.00
15:03:45       6    1.00    0.00    1.00    0.00    0.00    0.00    0.00    0.00    0.00   98.00
15:03:45       7    0.00    0.00    0.00    0.00    0.00    0.00    0.00    0.00    0.00  100.00
15:03:45       8    3.03    0.00    1.01    0.00    0.00    0.00    0.00    0.00    0.00   95.96
15:03:45       9    0.00    0.00    0.00    0.00    0.00    0.00    0.00    0.00    0.00  100.00
15:03:45      10    3.00    0.00    1.00    0.00    0.00    0.00    0.00    0.00    0.00   96.00
15:03:45      11    0.00    0.00    0.00    0.00    0.00    0.00    0.00    0.00    0.00  100.00
15:03:45      12    2.00    0.00    0.00    0.00    0.00    0.00    0.00    0.00    0.00   98.00
15:03:45      13    0.00    0.00    0.00    0.00    0.00    0.00    0.00    0.00    0.00  100.00
15:03:45      14    1.00    0.00    1.00    0.00    0.00    0.00    0.00    0.00    0.00   98.00
15:03:45      15    2.94    0.00    1.96    0.00    0.00    2.94    0.00    0.00    0.00   92.16
15:03:45      16    1.96    0.00    1.96    0.00    0.00    0.00    0.00    0.00    0.00   96.08
15:03:45      17    0.99    0.00    0.99    0.00    0.00    0.00    0.00    0.00    0.00   98.02
15:03:45      18    1.00    0.00    0.00    0.00    0.00    0.00    0.00    0.00    0.00   99.00
15:03:45      19    0.00    0.00    0.00    0.00    0.00    0.00    0.00    0.00    0.00  100.00
15:03:45      20    2.00    0.00    1.00    0.00    0.00    0.00    0.00    0.00    0.00   97.00
15:03:45      21    1.01    0.00    0.00    0.00    0.00    0.00    0.00    0.00    0.00   98.99
15:03:45      22    2.02    0.00    0.00    0.00    0.00    0.00    0.00    0.00    0.00   97.98
15:03:45      23    2.02    0.00    0.00    0.00    0.00    0.00    0.00    0.00    0.00   97.98

15:03:45     CPU    %usr   %nice    %sys %iowait    %irq   %soft  %steal  %guest  %gnice   %idle
15:03:46     all    1.29    0.00    0.50    0.12    0.00    0.12    0.00    0.00    0.00   97.96
15:03:46       0    0.00    0.00    0.00    0.00    0.00    0.00    0.00    0.00    0.00  100.00
15:03:46       1    0.00    0.00    0.00    0.00    0.00    0.00    0.00    0.00    0.00  100.00
15:03:46       2    1.00    0.00    1.00    0.00    0.00    0.00    0.00    0.00    0.00   98.00
15:03:46       3    0.00    0.00    0.00    0.00    0.00    0.00    0.00    0.00    0.00  100.00
15:03:46       4    1.00    0.00    0.00    0.00    0.00    0.00    0.00    0.00    0.00   99.00
15:03:46       5    0.00    0.00    0.00    0.00    0.00    0.00    0.00    0.00    0.00  100.00
15:03:46       6    1.00    0.00    0.00    0.00    0.00    0.00    0.00    0.00    0.00   99.00
15:03:46       7    0.00    0.00    0.00    0.00    0.00    0.00    0.00    0.00    0.00  100.00
15:03:46       8    6.00    0.00    1.00    0.00    0.00    0.00    0.00    0.00    0.00   93.00
15:03:46       9    0.00    0.00    0.00    0.00    0.00    0.00    0.00    0.00    0.00  100.00
15:03:46      10    3.06    0.00    0.00    0.00    0.00    0.00    0.00    0.00    0.00   96.94
15:03:46      11    0.00    0.00    0.00    1.01    0.00    0.00    0.00    0.00    0.00   98.99
15:03:46      12    1.00    0.00    1.00    0.00    0.00    0.00    0.00    0.00    0.00   98.00
15:03:46      13    0.00    0.00    0.00    0.00    0.00    0.00    0.00    0.00    0.00  100.00
15:03:46      14    1.98    0.00    0.99    0.00    0.00    0.00    0.00    0.00    0.00   97.03
15:03:46      15    1.96    0.00    1.96    0.00    0.00    2.94    0.00    0.00    0.00   93.14
15:03:46      16    3.00    0.00    1.00    0.00    0.00    0.00    0.00    0.00    0.00   96.00
15:03:46      17    2.00    0.00    0.00    0.00    0.00    0.00    0.00    0.00    0.00   98.00
15:03:46      18    0.99    0.00    0.99    0.00    0.00    0.00    0.00    0.00    0.00   98.02
15:03:46      19    0.99    0.00    0.00    0.99    0.00    0.00    0.00    0.00    0.00   98.02
15:03:46      20    2.94    0.00    0.98    0.98    0.00    0.00    0.00    0.00    0.00   95.10
15:03:46      21    1.00    0.00    1.00    0.00    0.00    0.00    0.00    0.00    0.00   98.00
15:03:46      22    2.00    0.00    1.00    0.00    0.00    0.00    0.00    0.00    0.00   97.00
15:03:46      23    1.00    0.00    1.00    0.00    0.00    0.00    0.00    0.00    0.00   98.00

15:03:46     CPU    %usr   %nice    %sys %iowait    %irq   %soft  %steal  %guest  %gnice   %idle
15:03:47     all    1.17    0.00    0.42    0.00    0.00    0.13    0.00    0.00    0.00   98.29
15:03:47       0    1.00    0.00    0.00    0.00    0.00    0.00    0.00    0.00    0.00   99.00
15:03:47       1    0.00    0.00    0.00    0.00    0.00    0.00    0.00    0.00    0.00  100.00
15:03:47       2    2.97    0.00    0.00    0.00    0.00    0.00    0.00    0.00    0.00   97.03
15:03:47       3    0.00    0.00    0.00    0.00    0.00    0.00    0.00    0.00    0.00  100.00
15:03:47       4    1.98    0.00    0.99    0.00    0.00    0.00    0.00    0.00    0.00   97.03
15:03:47       5    0.00    0.00    0.00    0.00    0.00    0.99    0.00    0.00    0.00   99.01
15:03:47       6    2.02    0.00    0.00    0.00    0.00    0.00    0.00    0.00    0.00   97.98
15:03:47       7    0.00    0.00    0.00    0.00    0.00    0.00    0.00    0.00    0.00  100.00
15:03:47       8    5.00    0.00    1.00    0.00    0.00    0.00    0.00    0.00    0.00   94.00
15:03:47       9    0.00    0.00    0.00    0.00    0.00    0.00    0.00    0.00    0.00  100.00
15:03:47      10    3.00    0.00    2.00    0.00    0.00    0.00    0.00    0.00    0.00   95.00
15:03:47      11    0.00    0.00    0.00    0.00    0.00    0.00    0.00    0.00    0.00  100.00
15:03:47      12    3.00    0.00    0.00    0.00    0.00    0.00    0.00    0.00    0.00   97.00
15:03:47      13    0.00    0.00    0.00    0.00    0.00    0.00    0.00    0.00    0.00  100.00
15:03:47      14    0.00    0.00    0.00    0.00    0.00    0.00    0.00    0.00    0.00  100.00
15:03:47      15    1.01    0.00    0.00    0.00    0.00    2.02    0.00    0.00    0.00   96.97
15:03:47      16    1.98    0.00    2.97    0.00    0.00    0.00    0.00    0.00    0.00   95.05
15:03:47      17    0.99    0.00    0.99    0.00    0.00    0.00    0.00    0.00    0.00   98.02
15:03:47      18    1.00    0.00    2.00    0.00    0.00    0.00    0.00    0.00    0.00   97.00
15:03:47      19    1.01    0.00    0.00    0.00    0.00    0.00    0.00    0.00    0.00   98.99
15:03:47      20    0.00    0.00    0.00    0.00    0.00    0.00    0.00    0.00    0.00  100.00
15:03:47      21    1.98    0.00    0.00    0.00    0.00    0.00    0.00    0.00    0.00   98.02
15:03:47      22    1.01    0.00    0.00    0.00    0.00    0.00    0.00    0.00    0.00   98.99
15:03:47      23    0.00    0.00    0.00    0.00    0.00    0.00    0.00    0.00    0.00  100.00

15:03:47     CPU    %usr   %nice    %sys %iowait    %irq   %soft  %steal  %guest  %gnice   %idle
15:03:48     all    1.17    0.00    0.50    0.08    0.00    0.13    0.00    0.00    0.00   98.12
15:03:48       0    1.00    0.00    0.00    0.00    0.00    0.00    0.00    0.00    0.00   99.00
15:03:48       1    0.00    0.00    0.00    0.00    0.00    0.00    0.00    0.00    0.00  100.00
15:03:48       2    0.00    0.00    0.00    0.00    0.00    0.00    0.00    0.00    0.00  100.00
15:03:48       3    0.00    0.00    0.00    0.00    0.00    0.00    0.00    0.00    0.00  100.00
15:03:48       4    0.00    0.00    0.00    0.00    0.00    0.00    0.00    0.00    0.00  100.00
15:03:48       5    0.00    0.00    0.00    0.00    0.00    0.00    0.00    0.00    0.00  100.00
15:03:48       6    1.00    0.00    2.00    0.00    0.00    0.00    0.00    0.00    0.00   97.00
15:03:48       7    0.00    0.00    0.00    0.00    0.00    0.00    0.00    0.00    0.00  100.00
15:03:48       8    4.00    0.00    3.00    0.00    0.00    0.00    0.00    0.00    0.00   93.00
15:03:48       9    0.00    0.00    0.00    0.00    0.00    0.00    0.00    0.00    0.00  100.00
15:03:48      10    4.00    0.00    1.00    0.00    0.00    0.00    0.00    0.00    0.00   95.00
15:03:48      11    0.00    0.00    0.00    1.00    0.00    0.00    0.00    0.00    0.00   99.00
15:03:48      12    1.01    0.00    0.00    0.00    0.00    0.00    0.00    0.00    0.00   98.99
15:03:48      13    0.00    0.00    0.00    0.00    0.00    0.00    0.00    0.00    0.00  100.00
15:03:48      14    0.99    0.00    0.99    0.00    0.00    0.00    0.00    0.00    0.00   98.02
15:03:48      15    0.98    0.00    1.96    0.00    0.00    2.94    0.00    0.00    0.00   94.12
15:03:48      16    3.00    0.00    1.00    0.00    0.00    0.00    0.00    0.00    0.00   96.00
15:03:48      17    3.00    0.00    0.00    0.00    0.00    0.00    0.00    0.00    0.00   97.00
15:03:48      18    3.00    0.00    0.00    0.00    0.00    0.00    0.00    0.00    0.00   97.00
15:03:48      19    3.00    0.00    0.00    0.00    0.00    0.00    0.00    0.00    0.00   97.00
15:03:48      20    1.00    0.00    0.00    1.00    0.00    0.00    0.00    0.00    0.00   98.00
15:03:48      21    0.00    0.00    1.00    0.00    0.00    0.00    0.00    0.00    0.00   99.00
15:03:48      22    1.02    0.00    1.02    0.00    0.00    0.00    0.00    0.00    0.00   97.96
15:03:48      23    1.00    0.00    0.00    0.00    0.00    0.00    0.00    0.00    0.00   99.00

15:03:48     CPU    %usr   %nice    %sys %iowait    %irq   %soft  %steal  %guest  %gnice   %idle
15:03:49     all    1.13    0.00    0.42    0.04    0.00    0.13    0.00    0.00    0.00   98.29
15:03:49       0    1.00    0.00    1.00    0.00    0.00    0.00    0.00    0.00    0.00   98.00
15:03:49       1    0.00    0.00    0.00    0.00    0.00    0.00    0.00    0.00    0.00  100.00
15:03:49       2    1.00    0.00    0.00    0.00    0.00    0.00    0.00    0.00    0.00   99.00
15:03:49       3    0.00    0.00    0.00    0.00    0.00    0.00    0.00    0.00    0.00  100.00
15:03:49       4    1.01    0.00    0.00    0.00    0.00    0.00    0.00    0.00    0.00   98.99
15:03:49       5    0.00    0.00    0.00    0.00    0.00    0.00    0.00    0.00    0.00  100.00
15:03:49       6    1.01    0.00    0.00    0.00    0.00    0.00    0.00    0.00    0.00   98.99
15:03:49       7    0.00    0.00    0.00    0.00    0.00    0.00    0.00    0.00    0.00  100.00
15:03:49       8    4.00    0.00    1.00    0.00    0.00    0.00    0.00    0.00    0.00   95.00
15:03:49       9    0.00    0.00    0.00    0.00    0.00    0.00    0.00    0.00    0.00  100.00
15:03:49      10    3.00    0.00    3.00    0.00    0.00    0.00    0.00    0.00    0.00   94.00
15:03:49      11    0.00    0.00    0.00    0.00    0.00    0.00    0.00    0.00    0.00  100.00
15:03:49      12    1.01    0.00    0.00    0.00    0.00    0.00    0.00    0.00    0.00   98.99
15:03:49      13    0.00    0.00    0.00    0.00    0.00    0.00    0.00    0.00    0.00  100.00
15:03:49      14    1.01    0.00    0.00    0.00    0.00    0.00    0.00    0.00    0.00   98.99
15:03:49      15    0.99    0.00    0.99    0.00    0.00    2.97    0.00    0.00    0.00   95.05
15:03:49      16    1.98    0.00    0.99    0.99    0.00    0.00    0.00    0.00    0.00   96.04
15:03:49      17    0.00    0.00    1.00    0.00    0.00    0.00    0.00    0.00    0.00   99.00
15:03:49      18    1.00    0.00    0.00    0.00    0.00    0.00    0.00    0.00    0.00   99.00
15:03:49      19    1.98    0.00    0.99    0.00    0.00    0.00    0.00    0.00    0.00   97.03
15:03:49      20    2.00    0.00    0.00    0.00    0.00    0.00    0.00    0.00    0.00   98.00
15:03:49      21    2.00    0.00    0.00    0.00    0.00    0.00    0.00    0.00    0.00   98.00
15:03:49      22    2.02    0.00    0.00    0.00    0.00    0.00    0.00    0.00    0.00   97.98
15:03:49      23    2.00    0.00    1.00    0.00    0.00    0.00    0.00    0.00    0.00   97.00

15:03:49     CPU    %usr   %nice    %sys %iowait    %irq   %soft  %steal  %guest  %gnice   %idle
15:03:50     all    0.96    0.00    0.38    0.00    0.00    0.13    0.00    0.00    0.00   98.54
15:03:50       0    1.00    0.00    0.00    0.00    0.00    0.00    0.00    0.00    0.00   99.00
15:03:50       1    0.00    0.00    0.00    0.00    0.00    0.00    0.00    0.00    0.00  100.00
15:03:50       2    0.00    0.00    0.00    0.00    0.00    1.00    0.00    0.00    0.00   99.00
15:03:50       3    0.00    0.00    0.00    0.00    0.00    0.00    0.00    0.00    0.00  100.00
15:03:50       4    3.03    0.00    1.01    0.00    0.00    0.00    0.00    0.00    0.00   95.96
15:03:50       5    0.00    0.00    0.00    0.00    0.00    0.00    0.00    0.00    0.00  100.00
15:03:50       6    2.00    0.00    0.00    0.00    0.00    0.00    0.00    0.00    0.00   98.00
15:03:50       7    0.00    0.00    0.00    0.00    0.00    0.00    0.00    0.00    0.00  100.00
15:03:50       8    4.04    0.00    2.02    0.00    0.00    0.00    0.00    0.00    0.00   93.94
15:03:50       9    0.00    0.00    0.00    0.00    0.00    0.00    0.00    0.00    0.00  100.00
15:03:50      10    4.04    0.00    1.01    0.00    0.00    0.00    0.00    0.00    0.00   94.95
15:03:50      11    0.00    0.00    0.00    0.00    0.00    0.00    0.00    0.00    0.00  100.00
15:03:50      12    0.00    0.00    1.00    0.00    0.00    0.00    0.00    0.00    0.00   99.00
15:03:50      13    0.00    0.00    0.00    0.00    0.00    0.00    0.00    0.00    0.00  100.00
15:03:50      14    1.00    0.00    0.00    0.00    0.00    0.00    0.00    0.00    0.00   99.00
15:03:50      15    1.98    0.00    0.99    0.00    0.00    1.98    0.00    0.00    0.00   95.05
15:03:50      16    1.01    0.00    1.01    0.00    0.00    0.00    0.00    0.00    0.00   97.98
15:03:50      17    2.00    0.00    0.00    0.00    0.00    0.00    0.00    0.00    0.00   98.00
15:03:50      18    1.98    0.00    0.99    0.00    0.00    0.00    0.00    0.00    0.00   97.03
15:03:50      19    0.00    0.00    0.00    0.00    0.00    0.00    0.00    0.00    0.00  100.00
15:03:50      20    1.00    0.00    0.00    0.00    0.00    0.00    0.00    0.00    0.00   99.00
15:03:50      21    0.00    0.00    0.00    0.00    0.00    0.00    0.00    0.00    0.00  100.00
15:03:50      22    0.00    0.00    1.02    0.00    0.00    0.00    0.00    0.00    0.00   98.98
15:03:50      23    0.00    0.00    0.00    0.00    0.00    0.00    0.00    0.00    0.00  100.00

15:03:50     CPU    %usr   %nice    %sys %iowait    %irq   %soft  %steal  %guest  %gnice   %idle
15:03:51     all    1.50    0.00    0.42    0.00    0.00    0.12    0.00    0.00    0.00   97.96
15:03:51       0    1.01    0.00    0.00    0.00    0.00    0.00    0.00    0.00    0.00   98.99
15:03:51       1    0.00    0.00    0.00    0.00    0.00    0.00    0.00    0.00    0.00  100.00
15:03:51       2    2.00    0.00    0.00    0.00    0.00    0.00    0.00    0.00    0.00   98.00
15:03:51       3    0.00    0.00    0.00    0.00    0.00    0.00    0.00    0.00    0.00  100.00
15:03:51       4    1.96    0.00    0.98    0.00    0.00    0.00    0.00    0.00    0.00   97.06
15:03:51       5    0.00    0.00    0.00    0.00    0.00    0.00    0.00    0.00    0.00  100.00
15:03:51       6    1.98    0.00    0.99    0.00    0.00    0.00    0.00    0.00    0.00   97.03
15:03:51       7    0.00    0.00    0.00    0.00    0.00    0.00    0.00    0.00    0.00  100.00
15:03:51       8    4.04    0.00    1.01    0.00    0.00    0.00    0.00    0.00    0.00   94.95
15:03:51       9    0.00    0.00    0.00    0.00    0.00    0.00    0.00    0.00    0.00  100.00
15:03:51      10    7.00    0.00    0.00    0.00    0.00    0.00    0.00    0.00    0.00   93.00
15:03:51      11    0.00    0.00    0.00    0.00    0.00    0.00    0.00    0.00    0.00  100.00
15:03:51      12    2.00    0.00    1.00    0.00    0.00    0.00    0.00    0.00    0.00   97.00
15:03:51      13    0.00    0.00    0.00    0.00    0.00    0.00    0.00    0.00    0.00  100.00
15:03:51      14    1.01    0.00    1.01    0.00    0.00    0.00    0.00    0.00    0.00   97.98
15:03:51      15    0.99    0.00    1.98    0.00    0.00    2.97    0.00    0.00    0.00   94.06
15:03:51      16    3.00    0.00    0.00    0.00    0.00    0.00    0.00    0.00    0.00   97.00
15:03:51      17    3.00    0.00    1.00    0.00    0.00    0.00    0.00    0.00    0.00   96.00
15:03:51      18    2.02    0.00    0.00    0.00    0.00    0.00    0.00    0.00    0.00   97.98
15:03:51      19    2.00    0.00    0.00    0.00    0.00    0.00    0.00    0.00    0.00   98.00
15:03:51      20    1.01    0.00    0.00    0.00    0.00    0.00    0.00    0.00    0.00   98.99
15:03:51      21    0.99    0.00    0.00    0.00    0.00    0.00    0.00    0.00    0.00   99.01
15:03:51      22    1.00    0.00    1.00    0.00    0.00    0.00    0.00    0.00    0.00   98.00
15:03:51      23    1.00    0.00    1.00    0.00    0.00    0.00    0.00    0.00    0.00   98.00

15:03:51     CPU    %usr   %nice    %sys %iowait    %irq   %soft  %steal  %guest  %gnice   %idle
15:03:52     all    1.84    0.00    0.75    0.00    0.00    0.00    0.00    0.00    0.00   97.41
15:03:52       0    1.00    0.00    1.00    0.00    0.00    0.00    0.00    0.00    0.00   98.00
15:03:52       1    0.00    0.00    0.00    0.00    0.00    0.00    0.00    0.00    0.00  100.00
15:03:52       2    3.03    0.00    1.01    0.00    0.00    0.00    0.00    0.00    0.00   95.96
15:03:52       3    0.00    0.00    0.00    0.00    0.00    0.00    0.00    0.00    0.00  100.00
15:03:52       4    7.00    0.00    1.00    0.00    0.00    0.00    0.00    0.00    0.00   92.00
15:03:52       5    0.00    0.00    0.00    0.00    0.00    0.00    0.00    0.00    0.00  100.00
15:03:52       6    1.00    0.00    0.00    0.00    0.00    0.00    0.00    0.00    0.00   99.00
15:03:52       7    0.00    0.00    1.98    0.00    0.00    0.00    0.00    0.00    0.00   98.02
15:03:52       8   13.86    0.00    1.98    0.00    0.00    0.00    0.00    0.00    0.00   84.16
15:03:52       9    0.00    0.00    0.00    0.00    0.00    0.00    0.00    0.00    0.00  100.00
15:03:52      10    6.06    0.00    2.02    0.00    0.00    0.00    0.00    0.00    0.00   91.92
15:03:52      11    0.00    0.00    0.00    0.00    0.00    0.00    0.00    0.00    0.00  100.00
15:03:52      12    1.01    0.00    1.01    0.00    0.00    0.00    0.00    0.00    0.00   97.98
15:03:52      13    0.00    0.00    0.00    0.00    0.00    0.00    0.00    0.00    0.00  100.00
15:03:52      14    2.00    0.00    2.00    0.00    0.00    0.00    0.00    0.00    0.00   96.00
15:03:52      15    0.00    0.00    0.00    0.00    0.00    0.00    0.00    0.00    0.00  100.00
15:03:52      16    1.00    0.00    1.00    0.00    0.00    0.00    0.00    0.00    0.00   98.00
15:03:52      17    0.99    0.00    0.99    0.00    0.00    0.00    0.00    0.00    0.00   98.02
15:03:52      18    1.00    0.00    1.00    0.00    0.00    0.00    0.00    0.00    0.00   98.00
15:03:52      19    0.00    0.00    0.00    0.00    0.00    0.00    0.00    0.00    0.00  100.00
15:03:52      20    1.98    0.00    1.98    0.00    0.00    0.00    0.00    0.00    0.00   96.04
15:03:52      21    0.00    0.00    1.00    0.00    0.00    0.00    0.00    0.00    0.00   99.00
15:03:52      22    2.04    0.00    0.00    0.00    0.00    0.00    0.00    0.00    0.00   97.96
15:03:52      23    2.00    0.00    0.00    0.00    0.00    0.00    0.00    0.00    0.00   98.00

15:03:52     CPU    %usr   %nice    %sys %iowait    %irq   %soft  %steal  %guest  %gnice   %idle
15:03:53     all    6.56    0.00    1.51    0.00    0.00    0.13    0.00    0.00    0.00   91.81
15:03:53       0    2.02    0.00    1.01    0.00    0.00    0.00    0.00    0.00    0.00   96.97
15:03:53       1    0.00    0.00    1.00    0.00    0.00    0.00    0.00    0.00    0.00   99.00
15:03:53       2    2.02    0.00    0.00    0.00    0.00    0.00    0.00    0.00    0.00   97.98
15:03:53       3    1.01    0.00    0.00    0.00    0.00    0.00    0.00    0.00    0.00   98.99
15:03:53       4    4.08    0.00    0.00    0.00    0.00    0.00    0.00    0.00    0.00   95.92
15:03:53       5    0.00    0.00    0.99    0.00    0.00    0.00    0.00    0.00    0.00   99.01
15:03:53       6    2.04    0.00    0.00    0.00    0.00    0.00    0.00    0.00    0.00   97.96
15:03:53       7    4.00    0.00    2.00    0.00    0.00    0.00    0.00    0.00    0.00   94.00
15:03:53       8   38.38    0.00    5.05    0.00    0.00    0.00    0.00    0.00    0.00   56.57
15:03:53       9    1.00    0.00    0.00    0.00    0.00    0.00    0.00    0.00    0.00   99.00
15:03:53      10   39.39    0.00    6.06    0.00    0.00    0.00    0.00    0.00    0.00   54.55
15:03:53      11    1.98    0.00    0.00    0.00    0.00    0.99    0.00    0.00    0.00   97.03
15:03:53      12   15.15    0.00    2.02    0.00    0.00    0.00    0.00    0.00    0.00   82.83
15:03:53      13    0.00    0.00    0.00    0.00    0.00    0.00    0.00    0.00    0.00  100.00
15:03:53      14    8.00    0.00    2.00    0.00    0.00    0.00    0.00    0.00    0.00   90.00
15:03:53      15    9.00    0.00    3.00    0.00    0.00    2.00    0.00    0.00    0.00   86.00
15:03:53      16    5.88    0.00    1.96    0.00    0.00    0.00    0.00    0.00    0.00   92.16
15:03:53      17    2.04    0.00    1.02    0.00    0.00    0.00    0.00    0.00    0.00   96.94
15:03:53      18    2.02    0.00    1.01    0.00    0.00    0.00    0.00    0.00    0.00   96.97
15:03:53      19    2.00    0.00    2.00    0.00    0.00    0.00    0.00    0.00    0.00   96.00
15:03:53      20    4.95    0.00    1.98    0.00    0.00    0.00    0.00    0.00    0.00   93.07
15:03:53      21    4.00    0.00    2.00    0.00    0.00    0.00    0.00    0.00    0.00   94.00
15:03:53      22    6.06    0.00    1.01    0.00    0.00    0.00    0.00    0.00    0.00   92.93
15:03:53      23    2.97    0.00    1.98    0.00    0.00    0.00    0.00    0.00    0.00   95.05

15:03:53     CPU    %usr   %nice    %sys %iowait    %irq   %soft  %steal  %guest  %gnice   %idle
15:03:54     all    5.79    0.00    0.75    0.00    0.00    0.04    0.00    0.00    0.00   93.41
15:03:54       0    2.02    0.00    0.00    0.00    0.00    0.00    0.00    0.00    0.00   97.98
15:03:54       1    0.99    0.00    0.00    0.00    0.00    0.00    0.00    0.00    0.00   99.01
15:03:54       2    4.00    0.00    1.00    0.00    0.00    0.00    0.00    0.00    0.00   95.00
15:03:54       3    3.00    0.00    0.00    0.00    0.00    0.00    0.00    0.00    0.00   97.00
15:03:54       4    3.96    0.00    0.99    0.00    0.00    0.00    0.00    0.00    0.00   95.05
15:03:54       5    0.00    0.00    0.00    0.00    0.00    0.00    0.00    0.00    0.00  100.00
15:03:54       6    7.00    0.00    1.00    0.00    0.00    0.00    0.00    0.00    0.00   92.00
15:03:54       7    4.00    0.00    1.00    0.00    0.00    0.00    0.00    0.00    0.00   95.00
15:03:54       8   26.00    0.00    4.00    0.00    0.00    0.00    0.00    0.00    0.00   70.00
15:03:54       9    0.00    0.00    0.00    0.00    0.00    0.00    0.00    0.00    0.00  100.00
15:03:54      10   33.33    0.00    4.04    0.00    0.00    0.00    0.00    0.00    0.00   62.63
15:03:54      11    2.00    0.00    0.00    0.00    0.00    0.00    0.00    0.00    0.00   98.00
15:03:54      12   16.00    0.00    1.00    0.00    0.00    0.00    0.00    0.00    0.00   83.00
15:03:54      13    0.00    0.00    0.00    0.00    0.00    0.00    0.00    0.00    0.00  100.00
15:03:54      14   13.13    0.00    1.01    0.00    0.00    0.00    0.00    0.00    0.00   85.86
15:03:54      15    2.97    0.00    0.99    0.00    0.00    0.99    0.00    0.00    0.00   95.05
15:03:54      16    5.05    0.00    1.01    0.00    0.00    0.00    0.00    0.00    0.00   93.94
15:03:54      17    2.97    0.00    0.99    0.00    0.00    0.00    0.00    0.00    0.00   96.04
15:03:54      18    1.96    0.00    0.98    0.00    0.00    0.00    0.00    0.00    0.00   97.06
15:03:54      19    1.00    0.00    0.00    0.00    0.00    0.00    0.00    0.00    0.00   99.00
15:03:54      20    2.02    0.00    0.00    0.00    0.00    0.00    0.00    0.00    0.00   97.98
15:03:54      21    2.02    0.00    0.00    0.00    0.00    0.00    0.00    0.00    0.00   97.98
15:03:54      22    3.03    0.00    0.00    0.00    0.00    0.00    0.00    0.00    0.00   96.97
15:03:54      23    3.00    0.00    0.00    0.00    0.00    0.00    0.00    0.00    0.00   97.00

15:03:54     CPU    %usr   %nice    %sys %iowait    %irq   %soft  %steal  %guest  %gnice   %idle
15:03:55     all    6.67    0.00    0.80    0.00    0.00    0.08    0.00    0.00    0.00   92.45
15:03:55       0    4.04    0.00    1.01    0.00    0.00    0.00    0.00    0.00    0.00   94.95
15:03:55       1    0.00    0.00    0.00    0.00    0.00    0.00    0.00    0.00    0.00  100.00
15:03:55       2    7.07    0.00    2.02    0.00    0.00    0.00    0.00    0.00    0.00   90.91
15:03:55       3    4.04    0.00    0.00    0.00    0.00    0.00    0.00    0.00    0.00   95.96
15:03:55       4    9.09    0.00    2.02    0.00    0.00    0.00    0.00    0.00    0.00   88.89
15:03:55       5    0.00    0.00    0.00    0.00    0.00    0.00    0.00    0.00    0.00  100.00
15:03:55       6    6.06    0.00    1.01    0.00    0.00    0.00    0.00    0.00    0.00   92.93
15:03:55       7    0.99    0.00    0.00    0.00    0.00    0.00    0.00    0.00    0.00   99.01
15:03:55       8   27.55    0.00    1.02    0.00    0.00    0.00    0.00    0.00    0.00   71.43
15:03:55       9    4.00    0.00    0.00    0.00    0.00    0.00    0.00    0.00    0.00   96.00
15:03:55      10   22.45    0.00    1.02    0.00    0.00    0.00    0.00    0.00    0.00   76.53
15:03:55      11    5.00    0.00    0.00    0.00    0.00    0.00    0.00    0.00    0.00   95.00
15:03:55      12   14.00    0.00    2.00    0.00    0.00    0.00    0.00    0.00    0.00   84.00
15:03:55      13    1.00    0.00    0.00    0.00    0.00    0.00    0.00    0.00    0.00   99.00
15:03:55      14   15.15    0.00    0.00    0.00    0.00    0.00    0.00    0.00    0.00   84.85
15:03:55      15    5.00    0.00    2.00    0.00    0.00    2.00    0.00    0.00    0.00   91.00
15:03:55      16    6.00    0.00    1.00    0.00    0.00    0.00    0.00    0.00    0.00   93.00
15:03:55      17    4.00    0.00    1.00    0.00    0.00    0.00    0.00    0.00    0.00   95.00
15:03:55      18    3.06    0.00    1.02    0.00    0.00    0.00    0.00    0.00    0.00   95.92
15:03:55      19    2.97    0.00    1.98    0.00    0.00    0.00    0.00    0.00    0.00   95.05
15:03:55      20    4.04    0.00    0.00    0.00    0.00    0.00    0.00    0.00    0.00   95.96
15:03:55      21    3.96    0.00    0.99    0.00    0.00    0.00    0.00    0.00    0.00   95.05
15:03:55      22    5.10    0.00    0.00    0.00    0.00    0.00    0.00    0.00    0.00   94.90
15:03:55      23    6.06    0.00    1.01    0.00    0.00    0.00    0.00    0.00    0.00   92.93

15:03:55     CPU    %usr   %nice    %sys %iowait    %irq   %soft  %steal  %guest  %gnice   %idle
15:03:56     all    0.92    0.00    0.54    0.04    0.00    0.08    0.00    0.00    0.00   98.42
15:03:56       0    2.02    0.00    0.00    0.00    0.00    0.00    0.00    0.00    0.00   97.98
15:03:56       1    0.00    0.00    0.00    0.00    0.00    0.00    0.00    0.00    0.00  100.00
15:03:56       2    1.00    0.00    2.00    0.00    0.00    0.00    0.00    0.00    0.00   97.00
15:03:56       3    0.00    0.00    0.00    0.00    0.00    0.00    0.00    0.00    0.00  100.00
15:03:56       4    2.97    0.00    0.99    0.00    0.00    0.00    0.00    0.00    0.00   96.04
15:03:56       5    0.00    0.00    0.00    0.00    0.00    0.00    0.00    0.00    0.00  100.00
15:03:56       6    1.01    0.00    0.00    0.00    0.00    0.00    0.00    0.00    0.00   98.99
15:03:56       7    0.00    0.00    0.00    0.00    0.00    0.00    0.00    0.00    0.00  100.00
15:03:56       8    2.97    0.00    1.98    0.99    0.00    0.00    0.00    0.00    0.00   94.06
15:03:56       9    0.00    0.00    0.00    0.00    0.00    0.00    0.00    0.00    0.00  100.00
15:03:56      10    5.00    0.00    1.00    0.00    0.00    0.00    0.00    0.00    0.00   94.00
15:03:56      11    0.00    0.00    0.00    0.00    0.00    0.00    0.00    0.00    0.00  100.00
15:03:56      12    1.01    0.00    0.00    0.00    0.00    0.00    0.00    0.00    0.00   98.99
15:03:56      13    0.00    0.00    0.00    0.00    0.00    0.00    0.00    0.00    0.00  100.00
15:03:56      14    1.00    0.00    1.00    0.00    0.00    0.00    0.00    0.00    0.00   98.00
15:03:56      15    1.01    0.00    1.01    0.00    0.00    2.02    0.00    0.00    0.00   95.96
15:03:56      16    1.00    0.00    1.00    0.00    0.00    0.00    0.00    0.00    0.00   98.00
15:03:56      17    1.00    0.00    1.00    0.00    0.00    0.00    0.00    0.00    0.00   98.00
15:03:56      18    0.00    0.00    0.00    0.00    0.00    0.00    0.00    0.00    0.00  100.00
15:03:56      19    0.00    0.00    0.00    0.00    0.00    0.00    0.00    0.00    0.00  100.00
15:03:56      20    0.99    0.00    0.99    0.00    0.00    0.00    0.00    0.00    0.00   98.02
15:03:56      21    0.00    0.00    0.00    0.00    0.00    0.00    0.00    0.00    0.00  100.00
15:03:56      22    0.00    0.00    1.01    0.00    0.00    0.00    0.00    0.00    0.00   98.99
15:03:56      23    0.98    0.00    0.98    0.00    0.00    0.00    0.00    0.00    0.00   98.04

15:03:56     CPU    %usr   %nice    %sys %iowait    %irq   %soft  %steal  %guest  %gnice   %idle
15:03:57     all    1.12    0.00    0.42    0.00    0.00    0.12    0.00    0.00    0.00   98.33
15:03:57       0    1.00    0.00    1.00    0.00    0.00    0.00    0.00    0.00    0.00   98.00
15:03:57       1    0.00    0.00    0.00    0.00    0.00    0.00    0.00    0.00    0.00  100.00
15:03:57       2    0.00    0.00    0.00    0.00    0.00    0.00    0.00    0.00    0.00  100.00
15:03:57       3    0.00    0.00    0.00    0.00    0.00    0.00    0.00    0.00    0.00  100.00
15:03:57       4    1.00    0.00    0.00    0.00    0.00    0.00    0.00    0.00    0.00   99.00
15:03:57       5    0.00    0.00    0.00    0.00    0.00    0.00    0.00    0.00    0.00  100.00
15:03:57       6    1.96    0.00    0.98    0.00    0.00    0.00    0.00    0.00    0.00   97.06
15:03:57       7    0.00    0.00    0.00    0.00    0.00    0.00    0.00    0.00    0.00  100.00
15:03:57       8    3.03    0.00    1.01    0.00    0.00    0.00    0.00    0.00    0.00   95.96
15:03:57       9    0.00    0.00    0.00    0.00    0.00    0.00    0.00    0.00    0.00  100.00
15:03:57      10    4.95    0.00    0.99    0.00    0.00    0.00    0.00    0.00    0.00   94.06
15:03:57      11    0.00    0.00    0.00    0.00    0.00    0.00    0.00    0.00    0.00  100.00
15:03:57      12    2.00    0.00    1.00    0.00    0.00    0.00    0.00    0.00    0.00   97.00
15:03:57      13    0.00    0.00    0.00    0.00    0.00    0.00    0.00    0.00    0.00  100.00
15:03:57      14    1.98    0.00    1.98    0.00    0.00    0.00    0.00    0.00    0.00   96.04
15:03:57      15    0.98    0.00    0.98    0.00    0.00    2.94    0.00    0.00    0.00   95.10
15:03:57      16    1.01    0.00    0.00    0.00    0.00    0.00    0.00    0.00    0.00   98.99
15:03:57      17    1.01    0.00    0.00    0.00    0.00    0.00    0.00    0.00    0.00   98.99
15:03:57      18    0.99    0.00    0.99    0.00    0.00    0.00    0.00    0.00    0.00   98.02
15:03:57      19    0.00    0.00    0.00    0.00    0.00    0.00    0.00    0.00    0.00  100.00
15:03:57      20    1.00    0.00    0.00    0.00    0.00    0.00    0.00    0.00    0.00   99.00
15:03:57      21    2.00    0.00    0.00    0.00    0.00    0.00    0.00    0.00    0.00   98.00
15:03:57      22    2.02    0.00    1.01    0.00    0.00    0.00    0.00    0.00    0.00   96.97
15:03:57      23    2.02    0.00    0.00    0.00    0.00    0.00    0.00    0.00    0.00   97.98

15:03:57     CPU    %usr   %nice    %sys %iowait    %irq   %soft  %steal  %guest  %gnice   %idle
15:03:58     all    1.17    0.00    0.33    0.04    0.00    0.13    0.00    0.00    0.00   98.33
15:03:58       0    2.00    0.00    0.00    0.00    0.00    0.00    0.00    0.00    0.00   98.00
15:03:58       1    0.00    0.00    0.00    0.00    0.00    0.00    0.00    0.00    0.00  100.00
15:03:58       2    2.00    0.00    1.00    0.00    0.00    0.00    0.00    0.00    0.00   97.00
15:03:58       3    0.00    0.00    0.00    0.00    0.00    0.00    0.00    0.00    0.00  100.00
15:03:58       4    1.98    0.00    0.00    0.00    0.00    0.99    0.00    0.00    0.00   97.03
15:03:58       5    0.00    0.00    0.00    0.00    0.00    0.00    0.00    0.00    0.00  100.00
15:03:58       6    1.02    0.00    0.00    0.00    0.00    0.00    0.00    0.00    0.00   98.98
15:03:58       7    0.00    0.00    0.00    0.00    0.00    0.00    0.00    0.00    0.00  100.00
15:03:58       8    5.00    0.00    0.00    0.00    0.00    0.00    0.00    0.00    0.00   95.00
15:03:58       9    0.00    0.00    0.00    0.00    0.00    0.00    0.00    0.00    0.00  100.00
15:03:58      10    2.04    0.00    2.04    0.00    0.00    0.00    0.00    0.00    0.00   95.92
15:03:58      11    0.00    0.00    0.00    1.00    0.00    0.00    0.00    0.00    0.00   99.00
15:03:58      12    1.01    0.00    0.00    0.00    0.00    0.00    0.00    0.00    0.00   98.99
15:03:58      13    0.00    0.00    0.00    0.00    0.00    0.00    0.00    0.00    0.00  100.00
15:03:58      14    1.01    0.00    0.00    0.00    0.00    0.00    0.00    0.00    0.00   98.99
15:03:58      15    0.99    0.00    0.99    0.00    0.00    1.98    0.00    0.00    0.00   96.04
15:03:58      16    0.99    0.00    0.99    0.00    0.00    0.00    0.00    0.00    0.00   98.02
15:03:58      17    1.00    0.00    0.00    0.00    0.00    0.00    0.00    0.00    0.00   99.00
15:03:58      18    1.01    0.00    1.01    0.00    0.00    0.00    0.00    0.00    0.00   97.98
15:03:58      19    1.00    0.00    0.00    0.00    0.00    0.00    0.00    0.00    0.00   99.00
15:03:58      20    2.02    0.00    0.00    0.00    0.00    0.00    0.00    0.00    0.00   97.98
15:03:58      21    2.00    0.00    1.00    0.00    0.00    0.00    0.00    0.00    0.00   97.00
15:03:58      22    1.01    0.00    0.00    0.00    0.00    0.00    0.00    0.00    0.00   98.99
15:03:58      23    2.00    0.00    1.00    0.00    0.00    0.00    0.00    0.00    0.00   97.00

15:03:58     CPU    %usr   %nice    %sys %iowait    %irq   %soft  %steal  %guest  %gnice   %idle
15:03:59     all    1.17    0.00    0.42    0.04    0.00    0.08    0.00    0.00    0.00   98.29
15:03:59       0    1.01    0.00    0.00    0.00    0.00    0.00    0.00    0.00    0.00   98.99
15:03:59       1    0.00    0.00    0.00    0.00    0.00    0.00    0.00    0.00    0.00  100.00
15:03:59       2    2.97    0.00    1.98    0.00    0.00    0.00    0.00    0.00    0.00   95.05
15:03:59       3    0.00    0.00    0.00    0.00    0.00    0.00    0.00    0.00    0.00  100.00
15:03:59       4    1.00    0.00    0.00    1.00    0.00    0.00    0.00    0.00    0.00   98.00
15:03:59       5    0.00    0.00    0.00    0.00    0.00    0.00    0.00    0.00    0.00  100.00
15:03:59       6    2.00    0.00    0.00    0.00    0.00    0.00    0.00    0.00    0.00   98.00
15:03:59       7    0.00    0.00    0.00    0.00    0.00    0.00    0.00    0.00    0.00  100.00
15:03:59       8    2.00    0.00    1.00    0.00    0.00    0.00    0.00    0.00    0.00   97.00
15:03:59       9    1.00    0.00    0.00    0.00    0.00    0.00    0.00    0.00    0.00   99.00
15:03:59      10    5.94    0.00    1.98    0.00    0.00    0.00    0.00    0.00    0.00   92.08
15:03:59      11    0.00    0.00    0.00    0.00    0.00    0.00    0.00    0.00    0.00  100.00
15:03:59      12    2.00    0.00    1.00    0.00    0.00    0.00    0.00    0.00    0.00   97.00
15:03:59      13    0.00    0.00    0.00    0.00    0.00    0.00    0.00    0.00    0.00  100.00
15:03:59      14    1.00    0.00    1.00    0.00    0.00    0.00    0.00    0.00    0.00   98.00
15:03:59      15    1.00    0.00    0.00    0.00    0.00    2.00    0.00    0.00    0.00   97.00
15:03:59      16    0.00    0.00    0.00    0.00    0.00    0.00    0.00    0.00    0.00  100.00
15:03:59      17    1.00    0.00    1.00    0.00    0.00    0.00    0.00    0.00    0.00   98.00
15:03:59      18    0.99    0.00    0.00    0.00    0.00    0.00    0.00    0.00    0.00   99.01
15:03:59      19    0.00    0.00    0.00    0.00    0.00    0.00    0.00    0.00    0.00  100.00
15:03:59      20    1.98    0.00    0.99    0.00    0.00    0.00    0.00    0.00    0.00   97.03
15:03:59      21    2.00    0.00    1.00    0.00    0.00    0.00    0.00    0.00    0.00   97.00
15:03:59      22    1.01    0.00    0.00    0.00    0.00    0.00    0.00    0.00    0.00   98.99
15:03:59      23    1.00    0.00    0.00    0.00    0.00    0.00    0.00    0.00    0.00   99.00

15:03:59     CPU    %usr   %nice    %sys %iowait    %irq   %soft  %steal  %guest  %gnice   %idle
15:04:00     all    1.25    0.00    0.33    0.00    0.00    0.08    0.00    0.00    0.00   98.33
15:04:00       0    0.00    0.00    0.00    0.00    0.00    0.00    0.00    0.00    0.00  100.00
15:04:00       1    0.00    0.00    0.00    0.00    0.00    0.00    0.00    0.00    0.00  100.00
15:04:00       2    2.02    0.00    0.00    0.00    0.00    0.00    0.00    0.00    0.00   97.98
15:04:00       3    0.00    0.00    0.00    0.00    0.00    0.00    0.00    0.00    0.00  100.00
15:04:00       4    2.02    0.00    0.00    0.00    0.00    0.00    0.00    0.00    0.00   97.98
15:04:00       5    0.00    0.00    0.00    0.00    0.00    0.00    0.00    0.00    0.00  100.00
15:04:00       6    0.99    0.00    0.99    0.00    0.00    0.00    0.00    0.00    0.00   98.02
15:04:00       7    0.00    0.00    0.00    0.00    0.00    0.00    0.00    0.00    0.00  100.00
15:04:00       8    6.06    0.00    1.01    0.00    0.00    0.00    0.00    0.00    0.00   92.93
15:04:00       9    0.00    0.00    0.00    0.00    0.00    0.00    0.00    0.00    0.00  100.00
15:04:00      10    2.02    0.00    1.01    0.00    0.00    0.00    0.00    0.00    0.00   96.97
15:04:00      11    0.00    0.00    0.00    0.00    0.00    0.00    0.00    0.00    0.00  100.00
15:04:00      12    2.00    0.00    0.00    0.00    0.00    0.00    0.00    0.00    0.00   98.00
15:04:00      13    0.00    0.00    0.00    0.00    0.00    0.00    0.00    0.00    0.00  100.00
15:04:00      14    1.98    0.00    1.98    0.00    0.00    0.00    0.00    0.00    0.00   96.04
15:04:00      15    0.00    0.00    1.00    0.00    0.00    2.00    0.00    0.00    0.00   97.00
15:04:00      16    2.97    0.00    0.99    0.00    0.00    0.00    0.00    0.00    0.00   96.04
15:04:00      17    2.00    0.00    0.00    0.00    0.00    0.00    0.00    0.00    0.00   98.00
15:04:00      18    1.01    0.00    0.00    0.00    0.00    0.00    0.00    0.00    0.00   98.99
15:04:00      19    2.00    0.00    0.00    0.00    0.00    0.00    0.00    0.00    0.00   98.00
15:04:00      20    1.00    0.00    0.00    0.00    0.00    0.00    0.00    0.00    0.00   99.00
15:04:00      21    1.00    0.00    1.00    0.00    0.00    0.00    0.00    0.00    0.00   98.00
15:04:00      22    1.02    0.00    0.00    0.00    0.00    0.00    0.00    0.00    0.00   98.98
15:04:00      23    2.00    0.00    0.00    0.00    0.00    0.00    0.00    0.00    0.00   98.00

15:04:00     CPU    %usr   %nice    %sys %iowait    %irq   %soft  %steal  %guest  %gnice   %idle
15:04:01     all    0.79    0.00    0.33    0.04    0.00    0.08    0.00    0.00    0.00   98.75
15:04:01       0    1.00    0.00    2.00    0.00    0.00    0.00    0.00    0.00    0.00   97.00
15:04:01       1    0.00    0.00    0.00    0.00    0.00    0.00    0.00    0.00    0.00  100.00
15:04:01       2    2.00    0.00    0.00    1.00    0.00    0.00    0.00    0.00    0.00   97.00
15:04:01       3    0.00    0.00    0.00    0.00    0.00    0.00    0.00    0.00    0.00  100.00
15:04:01       4    2.00    0.00    0.00    0.00    0.00    0.00    0.00    0.00    0.00   98.00
15:04:01       5    0.00    0.00    0.00    0.00    0.00    0.00    0.00    0.00    0.00  100.00
15:04:01       6    2.02    0.00    0.00    0.00    0.00    0.00    0.00    0.00    0.00   97.98
15:04:01       7    0.00    0.00    0.00    0.00    0.00    0.00    0.00    0.00    0.00  100.00
15:04:01       8    3.03    0.00    0.00    0.00    0.00    0.00    0.00    0.00    0.00   96.97
15:04:01       9    0.00    0.00    0.00    0.00    0.00    0.00    0.00    0.00    0.00  100.00
15:04:01      10    5.00    0.00    1.00    0.00    0.00    0.00    0.00    0.00    0.00   94.00
15:04:01      11    0.00    0.00    0.00    0.00    0.00    0.00    0.00    0.00    0.00  100.00
15:04:01      12    1.00    0.00    1.00    0.00    0.00    0.00    0.00    0.00    0.00   98.00
15:04:01      13    0.00    0.00    0.00    0.00    0.00    0.00    0.00    0.00    0.00  100.00
15:04:01      14    0.00    0.00    0.00    0.00    0.00    0.00    0.00    0.00    0.00  100.00
15:04:01      15    0.00    0.00    1.00    0.00    0.00    2.00    0.00    0.00    0.00   97.00
15:04:01      16    0.00    0.00    0.00    0.00    0.00    0.00    0.00    0.00    0.00  100.00
15:04:01      17    0.98    0.00    0.98    0.00    0.00    0.00    0.00    0.00    0.00   98.04
15:04:01      18    1.00    0.00    1.00    0.00    0.00    0.00    0.00    0.00    0.00   98.00
15:04:01      19    0.00    0.00    0.00    0.00    0.00    0.00    0.00    0.00    0.00  100.00
15:04:01      20    0.00    0.00    0.00    0.00    0.00    0.00    0.00    0.00    0.00  100.00
15:04:01      21    0.00    0.00    0.00    0.00    0.00    0.00    0.00    0.00    0.00  100.00
15:04:01      22    0.00    0.00    0.00    0.00    0.00    0.00    0.00    0.00    0.00  100.00
15:04:01      23    0.99    0.00    0.99    0.00    0.00    0.00    0.00    0.00    0.00   98.02

15:04:01     CPU    %usr   %nice    %sys %iowait    %irq   %soft  %steal  %guest  %gnice   %idle
15:04:02     all    1.04    0.00    0.42    0.00    0.00    0.08    0.00    0.00    0.00   98.46
15:04:02       0    0.00    0.00    0.00    0.00    0.00    0.00    0.00    0.00    0.00  100.00
15:04:02       1    0.00    0.00    0.00    0.00    0.00    0.00    0.00    0.00    0.00  100.00
15:04:02       2    0.99    0.00    0.99    0.00    0.00    0.00    0.00    0.00    0.00   98.02
15:04:02       3    0.99    0.00    0.00    0.00    0.00    0.00    0.00    0.00    0.00   99.01
15:04:02       4    1.01    0.00    1.01    0.00    0.00    0.00    0.00    0.00    0.00   97.98
15:04:02       5    0.00    0.00    0.00    0.00    0.00    0.00    0.00    0.00    0.00  100.00
15:04:02       6    1.98    0.00    0.99    0.00    0.00    0.00    0.00    0.00    0.00   97.03
15:04:02       7    0.00    0.00    0.00    0.00    0.00    0.00    0.00    0.00    0.00  100.00
15:04:02       8    2.02    0.00    1.01    0.00    0.00    0.00    0.00    0.00    0.00   96.97
15:04:02       9    0.00    0.00    0.00    0.00    0.00    0.00    0.00    0.00    0.00  100.00
15:04:02      10    4.04    0.00    1.01    0.00    0.00    0.00    0.00    0.00    0.00   94.95
15:04:02      11    0.00    0.00    0.00    0.00    0.00    0.00    0.00    0.00    0.00  100.00
15:04:02      12    2.02    0.00    1.01    0.00    0.00    0.00    0.00    0.00    0.00   96.97
15:04:02      13    0.00    0.00    0.00    0.00    0.00    0.00    0.00    0.00    0.00  100.00
15:04:02      14    2.00    0.00    0.00    0.00    0.00    0.00    0.00    0.00    0.00   98.00
15:04:02      15    1.01    0.00    0.00    0.00    0.00    2.02    0.00    0.00    0.00   96.97
15:04:02      16    2.00    0.00    1.00    0.00    0.00    0.00    0.00    0.00    0.00   97.00
15:04:02      17    1.00    0.00    1.00    0.00    0.00    0.00    0.00    0.00    0.00   98.00
15:04:02      18    0.00    0.00    0.00    0.00    0.00    0.00    0.00    0.00    0.00  100.00
15:04:02      19    0.99    0.00    0.99    0.00    0.00    0.00    0.00    0.00    0.00   98.02
15:04:02      20    0.99    0.00    0.99    0.00    0.00    0.00    0.00    0.00    0.00   98.02
15:04:02      21    1.01    0.00    0.00    0.00    0.00    0.00    0.00    0.00    0.00   98.99
15:04:02      22    2.02    0.00    0.00    0.00    0.00    0.00    0.00    0.00    0.00   97.98
15:04:02      23    1.01    0.00    0.00    0.00    0.00    0.00    0.00    0.00    0.00   98.99

15:04:02     CPU    %usr   %nice    %sys %iowait    %irq   %soft  %steal  %guest  %gnice   %idle
15:04:03     all    1.13    0.00    0.46    0.00    0.00    0.08    0.00    0.00    0.00   98.33
15:04:03       0    1.01    0.00    0.00    0.00    0.00    0.00    0.00    0.00    0.00   98.99
15:04:03       1    0.00    0.00    0.00    0.00    0.00    0.00    0.00    0.00    0.00  100.00
15:04:03       2    1.01    0.00    0.00    0.00    0.00    0.00    0.00    0.00    0.00   98.99
15:04:03       3    0.00    0.00    0.00    0.00    0.00    0.00    0.00    0.00    0.00  100.00
15:04:03       4    2.00    0.00    1.00    0.00    0.00    0.00    0.00    0.00    0.00   97.00
15:04:03       5    0.00    0.00    0.00    0.00    0.00    0.00    0.00    0.00    0.00  100.00
15:04:03       6    2.00    0.00    0.00    0.00    0.00    0.00    0.00    0.00    0.00   98.00
15:04:03       7    0.00    0.00    0.00    0.00    0.00    0.00    0.00    0.00    0.00  100.00
15:04:03       8    6.00    0.00    2.00    0.00    0.00    0.00    0.00    0.00    0.00   92.00
15:04:03       9    0.00    0.00    0.00    0.00    0.00    0.00    0.00    0.00    0.00  100.00
15:04:03      10    1.01    0.00    1.01    0.00    0.00    0.00    0.00    0.00    0.00   97.98
15:04:03      11    0.00    0.00    0.00    0.00    0.00    0.00    0.00    0.00    0.00  100.00
15:04:03      12    1.98    0.00    0.99    0.00    0.00    0.00    0.00    0.00    0.00   97.03
15:04:03      13    0.00    0.00    0.00    0.00    0.00    0.00    0.00    0.00    0.00  100.00
15:04:03      14    2.02    0.00    1.01    0.00    0.00    0.00    0.00    0.00    0.00   96.97
15:04:03      15    0.00    0.00    1.00    0.00    0.00    2.00    0.00    0.00    0.00   97.00
15:04:03      16    1.00    0.00    1.00    0.00    0.00    0.00    0.00    0.00    0.00   98.00
15:04:03      17    0.00    0.00    0.00    0.00    0.00    0.00    0.00    0.00    0.00  100.00
15:04:03      18    2.00    0.00    1.00    0.00    0.00    0.00    0.00    0.00    0.00   97.00
15:04:03      19    1.00    0.00    0.00    0.00    0.00    0.00    0.00    0.00    0.00   99.00
15:04:03      20    2.02    0.00    0.00    0.00    0.00    0.00    0.00    0.00    0.00   97.98
15:04:03      21    1.00    0.00    1.00    0.00    0.00    0.00    0.00    0.00    0.00   98.00
15:04:03      22    1.01    0.00    1.01    0.00    0.00    0.00    0.00    0.00    0.00   97.98
15:04:03      23    2.02    0.00    0.00    0.00    0.00    0.00    0.00    0.00    0.00   97.98

15:04:03     CPU    %usr   %nice    %sys %iowait    %irq   %soft  %steal  %guest  %gnice   %idle
15:04:04     all    1.17    0.00    0.29    0.17    0.00    0.04    0.00    0.00    0.00   98.33
15:04:04       0    1.01    0.00    0.00    0.00    0.00    0.00    0.00    0.00    0.00   98.99
15:04:04       1    0.00    0.00    0.00    0.00    0.00    0.00    0.00    0.00    0.00  100.00
15:04:04       2    1.00    0.00    2.00    0.00    0.00    0.00    0.00    0.00    0.00   97.00
15:04:04       3    0.00    0.00    0.00    0.00    0.00    0.00    0.00    0.00    0.00  100.00
15:04:04       4    2.00    0.00    0.00    0.00    0.00    0.00    0.00    0.00    0.00   98.00
15:04:04       5    0.00    0.00    0.00    0.00    0.00    0.00    0.00    0.00    0.00  100.00
15:04:04       6    1.00    0.00    0.00    1.00    0.00    0.00    0.00    0.00    0.00   98.00
15:04:04       7    0.00    0.00    0.00    0.00    0.00    0.00    0.00    0.00    0.00  100.00
15:04:04       8    4.95    0.00    1.98    0.00    0.00    0.00    0.00    0.00    0.00   93.07
15:04:04       9    0.00    0.00    0.00    0.00    0.00    0.00    0.00    0.00    0.00  100.00
15:04:04      10    5.00    0.00    1.00    0.00    0.00    0.00    0.00    0.00    0.00   94.00
15:04:04      11    0.00    0.00    0.00    0.99    0.00    0.00    0.00    0.00    0.00   99.01
15:04:04      12    1.01    0.00    0.00    1.01    0.00    0.00    0.00    0.00    0.00   97.98
15:04:04      13    0.00    0.00    0.00    0.00    0.00    0.00    0.00    0.00    0.00  100.00
15:04:04      14    2.00    0.00    0.00    0.00    0.00    0.00    0.00    0.00    0.00   98.00
15:04:04      15    1.01    0.00    1.01    0.00    0.00    1.01    0.00    0.00    0.00   96.97
15:04:04      16    1.00    0.00    1.00    0.00    0.00    0.00    0.00    0.00    0.00   98.00
15:04:04      17    1.00    0.00    0.00    0.00    0.00    0.00    0.00    0.00    0.00   99.00
15:04:04      18    1.00    0.00    0.00    0.00    0.00    0.00    0.00    0.00    0.00   99.00
15:04:04      19    0.00    0.00    0.00    1.00    0.00    0.00    0.00    0.00    0.00   99.00
15:04:04      20    1.00    0.00    0.00    0.00    0.00    0.00    0.00    0.00    0.00   99.00
15:04:04      21    1.00    0.00    0.00    0.00    0.00    0.00    0.00    0.00    0.00   99.00
15:04:04      22    2.00    0.00    0.00    0.00    0.00    0.00    0.00    0.00    0.00   98.00
15:04:04      23    2.00    0.00    0.00    0.00    0.00    0.00    0.00    0.00    0.00   98.00

15:04:04     CPU    %usr   %nice    %sys %iowait    %irq   %soft  %steal  %guest  %gnice   %idle
15:04:05     all    1.00    0.00    0.29    0.04    0.00    0.08    0.00    0.00    0.00   98.58
15:04:05       0    2.00    0.00    0.00    0.00    0.00    0.00    0.00    0.00    0.00   98.00
15:04:05       1    0.00    0.00    0.00    0.00    0.00    0.00    0.00    0.00    0.00  100.00
15:04:05       2    1.01    0.00    0.00    0.00    0.00    0.00    0.00    0.00    0.00   98.99
15:04:05       3    0.00    0.00    0.00    0.00    0.00    0.00    0.00    0.00    0.00  100.00
15:04:05       4    2.02    0.00    0.00    0.00    0.00    0.00    0.00    0.00    0.00   97.98
15:04:05       5    0.00    0.00    0.00    0.00    0.00    0.00    0.00    0.00    0.00  100.00
15:04:05       6    1.01    0.00    0.00    0.00    0.00    0.00    0.00    0.00    0.00   98.99
15:04:05       7    0.00    0.00    0.00    0.00    0.00    0.00    0.00    0.00    0.00  100.00
15:04:05       8    1.02    0.00    0.00    0.00    0.00    0.00    0.00    0.00    0.00   98.98
15:04:05       9    0.00    0.00    0.00    0.00    0.00    0.00    0.00    0.00    0.00  100.00
15:04:05      10    3.03    0.00    2.02    0.00    0.00    0.00    0.00    0.00    0.00   94.95
15:04:05      11    0.00    0.00    0.00    0.00    0.00    0.00    0.00    0.00    0.00  100.00
15:04:05      12    4.00    0.00    2.00    0.00    0.00    0.00    0.00    0.00    0.00   94.00
15:04:05      13    0.00    0.00    0.00    0.00    0.00    0.00    0.00    0.00    0.00  100.00
15:04:05      14    2.97    0.00    0.99    0.00    0.00    0.00    0.00    0.00    0.00   96.04
15:04:05      15    0.00    0.00    0.00    0.00    0.00    2.02    0.00    0.00    0.00   97.98
15:04:05      16    1.00    0.00    1.00    0.00    0.00    0.00    0.00    0.00    0.00   98.00
15:04:05      17    1.00    0.00    0.00    1.00    0.00    0.00    0.00    0.00    0.00   98.00
15:04:05      18    0.00    0.00    0.00    0.00    0.00    0.00    0.00    0.00    0.00  100.00
15:04:05      19    0.99    0.00    0.00    0.00    0.00    0.00    0.00    0.00    0.00   99.01
15:04:05      20    1.00    0.00    1.00    0.00    0.00    0.00    0.00    0.00    0.00   98.00
15:04:05      21    1.00    0.00    0.00    0.00    0.00    0.00    0.00    0.00    0.00   99.00
15:04:05      22    1.02    0.00    0.00    0.00    0.00    0.00    0.00    0.00    0.00   98.98
15:04:05      23    1.00    0.00    0.00    0.00    0.00    0.00    0.00    0.00    0.00   99.00

15:04:05     CPU    %usr   %nice    %sys %iowait    %irq   %soft  %steal  %guest  %gnice   %idle
15:04:06     all    1.21    0.00    0.50    0.00    0.00    0.08    0.00    0.00    0.00   98.21
15:04:06       0    1.00    0.00    1.00    0.00    0.00    0.00    0.00    0.00    0.00   98.00
15:04:06       1    0.00    0.00    0.00    0.00    0.00    0.00    0.00    0.00    0.00  100.00
15:04:06       2    0.99    0.00    0.00    0.00    0.00    0.00    0.00    0.00    0.00   99.01
15:04:06       3    0.00    0.00    0.00    0.00    0.00    0.00    0.00    0.00    0.00  100.00
15:04:06       4    1.98    0.00    0.00    0.00    0.00    0.00    0.00    0.00    0.00   98.02
15:04:06       5    0.00    0.00    0.00    0.00    0.00    0.00    0.00    0.00    0.00  100.00
15:04:06       6    1.00    0.00    1.00    0.00    0.00    0.00    0.00    0.00    0.00   98.00
15:04:06       7    0.00    0.00    0.00    0.00    0.00    0.00    0.00    0.00    0.00  100.00
15:04:06       8    2.00    0.00    1.00    0.00    0.00    0.00    0.00    0.00    0.00   97.00
15:04:06       9    0.00    0.00    0.00    0.00    0.00    0.00    0.00    0.00    0.00  100.00
15:04:06      10    3.96    0.00    2.97    0.00    0.00    0.00    0.00    0.00    0.00   93.07
15:04:06      11    0.00    0.00    0.00    0.00    0.00    0.00    0.00    0.00    0.00  100.00
15:04:06      12    4.95    0.00    0.99    0.00    0.00    0.00    0.00    0.00    0.00   94.06
15:04:06      13    0.00    0.00    0.00    0.00    0.00    0.00    0.00    0.00    0.00  100.00
15:04:06      14    0.00    0.00    0.00    0.00    0.00    0.00    0.00    0.00    0.00  100.00
15:04:06      15    1.96    0.00    0.98    0.00    0.00    1.96    0.00    0.00    0.00   95.10
15:04:06      16    2.00    0.00    1.00    0.00    0.00    0.00    0.00    0.00    0.00   97.00
15:04:06      17    1.00    0.00    0.00    0.00    0.00    0.00    0.00    0.00    0.00   99.00
15:04:06      18    1.98    0.00    0.99    0.00    0.00    0.00    0.00    0.00    0.00   97.03
15:04:06      19    0.00    0.00    0.00    0.00    0.00    0.00    0.00    0.00    0.00  100.00
15:04:06      20    1.98    0.00    0.99    0.00    0.00    0.00    0.00    0.00    0.00   97.03
15:04:06      21    2.00    0.00    0.00    0.00    0.00    0.00    0.00    0.00    0.00   98.00
15:04:06      22    1.02    0.00    0.00    0.00    0.00    0.00    0.00    0.00    0.00   98.98
15:04:06      23    1.00    0.00    1.00    0.00    0.00    0.00    0.00    0.00    0.00   98.00

15:04:06     CPU    %usr   %nice    %sys %iowait    %irq   %soft  %steal  %guest  %gnice   %idle
15:04:07     all    1.01    0.00    0.34    0.00    0.00    0.04    0.00    0.00    0.00   98.62
15:04:07       0    1.01    0.00    0.00    0.00    0.00    0.00    0.00    0.00    0.00   98.99
15:04:07       1    0.00    0.00    0.00    0.00    0.00    0.00    0.00    0.00    0.00  100.00
15:04:07       2    0.00    0.00    0.00    0.00    0.00    0.00    0.00    0.00    0.00  100.00
15:04:07       3    0.00    0.00    0.00    0.00    0.00    0.00    0.00    0.00    0.00  100.00
15:04:07       4    1.00    0.00    1.00    0.00    0.00    0.00    0.00    0.00    0.00   98.00
15:04:07       5    0.00    0.00    0.00    0.00    0.00    0.00    0.00    0.00    0.00  100.00
15:04:07       6    1.01    0.00    0.00    0.00    0.00    0.00    0.00    0.00    0.00   98.99
15:04:07       7    0.00    0.00    0.00    0.00    0.00    0.00    0.00    0.00    0.00  100.00
15:04:07       8    2.02    0.00    3.03    0.00    0.00    0.00    0.00    0.00    0.00   94.95
15:04:07       9    0.00    0.00    0.00    0.00    0.00    0.00    0.00    0.00    0.00  100.00
15:04:07      10    3.03    0.00    2.02    0.00    0.00    0.00    0.00    0.00    0.00   94.95
15:04:07      11    0.00    0.00    0.00    0.00    0.00    0.00    0.00    0.00    0.00  100.00
15:04:07      12    1.01    0.00    1.01    0.00    0.00    0.00    0.00    0.00    0.00   97.98
15:04:07      13    0.00    0.00    0.00    0.00    0.00    0.00    0.00    0.00    0.00  100.00
15:04:07      14    2.00    0.00    0.00    0.00    0.00    0.00    0.00    0.00    0.00   98.00
15:04:07      15    0.00    0.00    0.00    0.00    0.00    1.01    0.00    0.00    0.00   98.99
15:04:07      16    1.02    0.00    0.00    0.00    0.00    0.00    0.00    0.00    0.00   98.98
15:04:07      17    1.00    0.00    1.00    0.00    0.00    0.00    0.00    0.00    0.00   98.00
15:04:07      18    1.01    0.00    0.00    0.00    0.00    0.00    0.00    0.00    0.00   98.99
15:04:07      19    0.00    0.00    0.00    0.00    0.00    0.00    0.00    0.00    0.00  100.00
15:04:07      20    1.03    0.00    0.00    0.00    0.00    0.00    0.00    0.00    0.00   98.97
15:04:07      21    3.00    0.00    0.00    0.00    0.00    0.00    0.00    0.00    0.00   97.00
15:04:07      22    2.02    0.00    0.00    0.00    0.00    0.00    0.00    0.00    0.00   97.98
15:04:07      23    4.00    0.00    0.00    0.00    0.00    0.00    0.00    0.00    0.00   96.00

15:04:07     CPU    %usr   %nice    %sys %iowait    %irq   %soft  %steal  %guest  %gnice   %idle
15:04:08     all    0.88    0.00    0.33    0.00    0.00    0.08    0.00    0.00    0.00   98.71
15:04:08       0    0.00    0.00    0.00    0.00    0.00    0.00    0.00    0.00    0.00  100.00
15:04:08       1    0.00    0.00    0.00    0.00    0.00    0.00    0.00    0.00    0.00  100.00
15:04:08       2    1.00    0.00    0.00    0.00    0.00    0.00    0.00    0.00    0.00   99.00
15:04:08       3    0.00    0.00    0.00    0.00    0.00    0.00    0.00    0.00    0.00  100.00
15:04:08       4    2.00    0.00    1.00    0.00    0.00    0.00    0.00    0.00    0.00   97.00
15:04:08       5    0.00    0.00    0.00    0.00    0.00    0.00    0.00    0.00    0.00  100.00
15:04:08       6    2.00    0.00    0.00    0.00    0.00    0.00    0.00    0.00    0.00   98.00
15:04:08       7    0.00    0.00    0.00    0.00    0.00    0.00    0.00    0.00    0.00  100.00
15:04:08       8    6.00    0.00    1.00    0.00    0.00    0.00    0.00    0.00    0.00   93.00
15:04:08       9    0.00    0.00    0.00    0.00    0.00    0.00    0.00    0.00    0.00  100.00
15:04:08      10    2.02    0.00    1.01    0.00    0.00    0.00    0.00    0.00    0.00   96.97
15:04:08      11    0.00    0.00    0.00    0.00    0.00    0.00    0.00    0.00    0.00  100.00
15:04:08      12    1.00    0.00    0.00    0.00    0.00    0.00    0.00    0.00    0.00   99.00
15:04:08      13    0.00    0.00    0.00    0.00    0.00    0.00    0.00    0.00    0.00  100.00
15:04:08      14    1.00    0.00    1.00    0.00    0.00    0.00    0.00    0.00    0.00   98.00
15:04:08      15    0.00    0.00    0.00    0.00    0.00    1.02    0.00    0.00    0.00   98.98
15:04:08      16    1.00    0.00    1.00    0.00    0.00    0.00    0.00    0.00    0.00   98.00
15:04:08      17    0.00    0.00    0.00    0.00    0.00    0.00    0.00    0.00    0.00  100.00
15:04:08      18    0.00    0.00    0.00    0.00    0.00    0.00    0.00    0.00    0.00  100.00
15:04:08      19    1.00    0.00    0.00    0.00    0.00    0.00    0.00    0.00    0.00   99.00
15:04:08      20    0.98    0.00    0.98    0.00    0.00    0.00    0.00    0.00    0.00   98.04
15:04:08      21    0.00    0.00    0.99    0.00    0.00    0.99    0.00    0.00    0.00   98.02
15:04:08      22    2.02    0.00    0.00    0.00    0.00    0.00    0.00    0.00    0.00   97.98
15:04:08      23    0.99    0.00    0.99    0.00    0.00    0.00    0.00    0.00    0.00   98.02

15:04:08     CPU    %usr   %nice    %sys %iowait    %irq   %soft  %steal  %guest  %gnice   %idle
15:04:09     all    1.42    0.00    0.46    0.00    0.00    0.13    0.00    0.00    0.00   98.00
15:04:09       0    1.00    0.00    0.00    0.00    0.00    0.00    0.00    0.00    0.00   99.00
15:04:09       1    0.00    0.00    0.00    0.00    0.00    0.00    0.00    0.00    0.00  100.00
15:04:09       2    1.00    0.00    1.00    0.00    0.00    0.00    0.00    0.00    0.00   98.00
15:04:09       3    0.00    0.00    0.00    0.00    0.00    0.99    0.00    0.00    0.00   99.01
15:04:09       4    1.01    0.00    0.00    0.00    0.00    0.00    0.00    0.00    0.00   98.99
15:04:09       5    0.00    0.00    0.00    0.00    0.00    0.00    0.00    0.00    0.00  100.00
15:04:09       6    1.98    0.00    0.99    0.00    0.00    0.00    0.00    0.00    0.00   97.03
15:04:09       7    0.00    0.00    0.00    0.00    0.00    0.00    0.00    0.00    0.00  100.00
15:04:09       8    4.00    0.00    2.00    0.00    0.00    0.00    0.00    0.00    0.00   94.00
15:04:09       9    0.00    0.00    0.00    0.00    0.00    0.00    0.00    0.00    0.00  100.00
15:04:09      10    4.00    0.00    0.00    0.00    0.00    0.00    0.00    0.00    0.00   96.00
15:04:09      11    0.00    0.00    0.00    0.00    0.00    0.00    0.00    0.00    0.00  100.00
15:04:09      12    1.00    0.00    0.00    0.00    0.00    0.00    0.00    0.00    0.00   99.00
15:04:09      13    0.00    0.00    0.00    0.00    0.00    0.00    0.00    0.00    0.00  100.00
15:04:09      14    2.02    0.00    1.01    0.00    0.00    0.00    0.00    0.00    0.00   96.97
15:04:09      15    0.99    0.00    0.99    0.00    0.00    1.98    0.00    0.00    0.00   96.04
15:04:09      16    2.00    0.00    0.00    0.00    0.00    0.00    0.00    0.00    0.00   98.00
15:04:09      17    2.00    0.00    2.00    0.00    0.00    0.00    0.00    0.00    0.00   96.00
15:04:09      18    2.00    0.00    1.00    0.00    0.00    0.00    0.00    0.00    0.00   97.00
15:04:09      19    1.01    0.00    0.00    0.00    0.00    0.00    0.00    0.00    0.00   98.99
15:04:09      20    1.02    0.00    0.00    0.00    0.00    0.00    0.00    0.00    0.00   98.98
15:04:09      21    2.97    0.00    0.99    0.00    0.00    0.00    0.00    0.00    0.00   96.04
15:04:09      22    2.02    0.00    1.01    0.00    0.00    0.00    0.00    0.00    0.00   96.97
15:04:09      23    4.00    0.00    0.00    0.00    0.00    0.00    0.00    0.00    0.00   96.00

15:04:09     CPU    %usr   %nice    %sys %iowait    %irq   %soft  %steal  %guest  %gnice   %idle
15:04:10     all    1.30    0.00    0.29    0.04    0.00    0.04    0.00    0.00    0.00   98.32
15:04:10       0    1.01    0.00    1.01    0.00    0.00    0.00    0.00    0.00    0.00   97.98
15:04:10       1    0.00    0.00    0.00    0.00    0.00    0.00    0.00    0.00    0.00  100.00
15:04:10       2    1.00    0.00    0.00    0.00    0.00    0.00    0.00    0.00    0.00   99.00
15:04:10       3    0.00    0.00    0.00    0.00    0.00    0.00    0.00    0.00    0.00  100.00
15:04:10       4    1.01    0.00    0.00    0.00    0.00    0.00    0.00    0.00    0.00   98.99
15:04:10       5    0.00    0.00    0.00    0.00    0.00    0.00    0.00    0.00    0.00  100.00
15:04:10       6    1.01    0.00    0.00    0.00    0.00    0.00    0.00    0.00    0.00   98.99
15:04:10       7    0.00    0.00    0.00    0.00    0.00    0.00    0.00    0.00    0.00  100.00
15:04:10       8   13.13    0.00    0.00    0.00    0.00    0.00    0.00    0.00    0.00   86.87
15:04:10       9    0.00    0.00    0.00    0.00    0.00    0.00    0.00    0.00    0.00  100.00
15:04:10      10    3.03    0.00    2.02    0.00    0.00    0.00    0.00    0.00    0.00   94.95
15:04:10      11    0.00    0.00    0.00    1.00    0.00    0.00    0.00    0.00    0.00   99.00
15:04:10      12    1.01    0.00    1.01    0.00    0.00    0.00    0.00    0.00    0.00   97.98
15:04:10      13    0.00    0.00    0.00    0.00    0.00    0.00    0.00    0.00    0.00  100.00
15:04:10      14    2.02    0.00    0.00    0.00    0.00    0.00    0.00    0.00    0.00   97.98
15:04:10      15    1.01    0.00    1.01    0.00    0.00    1.01    0.00    0.00    0.00   96.97
15:04:10      16    0.00    0.00    1.01    0.00    0.00    0.00    0.00    0.00    0.00   98.99
15:04:10      17    1.00    0.00    1.00    0.00    0.00    0.00    0.00    0.00    0.00   98.00
15:04:10      18    0.00    0.00    0.00    0.00    0.00    0.00    0.00    0.00    0.00  100.00
15:04:10      19    0.00    0.00    0.00    0.00    0.00    0.00    0.00    0.00    0.00  100.00
15:04:10      20    2.00    0.00    0.00    0.00    0.00    0.00    0.00    0.00    0.00   98.00
15:04:10      21    1.01    0.00    0.00    0.00    0.00    0.00    0.00    0.00    0.00   98.99
15:04:10      22    2.02    0.00    0.00    0.00    0.00    0.00    0.00    0.00    0.00   97.98
15:04:10      23    1.00    0.00    0.00    0.00    0.00    0.00    0.00    0.00    0.00   99.00

15:04:10     CPU    %usr   %nice    %sys %iowait    %irq   %soft  %steal  %guest  %gnice   %idle
15:04:11     all    1.17    0.00    0.42    0.04    0.00    0.08    0.00    0.00    0.00   98.29
15:04:11       0    1.98    0.00    0.99    0.00    0.00    0.00    0.00    0.00    0.00   97.03
15:04:11       1    0.00    0.00    0.00    0.00    0.00    0.00    0.00    0.00    0.00  100.00
15:04:11       2    2.02    0.00    0.00    0.00    0.00    0.00    0.00    0.00    0.00   97.98
15:04:11       3    0.00    0.00    0.00    0.00    0.00    0.00    0.00    0.00    0.00  100.00
15:04:11       4    1.01    0.00    1.01    0.00    0.00    0.00    0.00    0.00    0.00   97.98
15:04:11       5    0.00    0.00    0.00    0.00    0.00    0.00    0.00    0.00    0.00  100.00
15:04:11       6    2.00    0.00    1.00    0.00    0.00    0.00    0.00    0.00    0.00   97.00
15:04:11       7    1.96    0.00    0.98    0.00    0.00    0.00    0.00    0.00    0.00   97.06
15:04:11       8    5.05    0.00    1.01    1.01    0.00    0.00    0.00    0.00    0.00   92.93
15:04:11       9    0.00    0.00    0.00    0.00    0.00    0.00    0.00    0.00    0.00  100.00
15:04:11      10    4.08    0.00    1.02    0.00    0.00    0.00    0.00    0.00    0.00   94.90
15:04:11      11    0.00    0.00    0.00    0.00    0.00    0.00    0.00    0.00    0.00  100.00
15:04:11      12    0.99    0.00    0.99    0.00    0.00    0.00    0.00    0.00    0.00   98.02
15:04:11      13    0.00    0.00    0.00    0.00    0.00    0.00    0.00    0.00    0.00  100.00
15:04:11      14    0.00    0.00    0.00    0.00    0.00    0.00    0.00    0.00    0.00  100.00
15:04:11      15    0.00    0.00    1.00    0.00    0.00    2.00    0.00    0.00    0.00   97.00
15:04:11      16    1.98    0.00    0.99    0.00    0.00    0.00    0.00    0.00    0.00   97.03
15:04:11      17    0.00    0.00    0.00    0.00    0.00    0.00    0.00    0.00    0.00  100.00
15:04:11      18    1.00    0.00    0.00    0.00    0.00    0.00    0.00    0.00    0.00   99.00
15:04:11      19    1.00    0.00    0.00    0.00    0.00    0.00    0.00    0.00    0.00   99.00
15:04:11      20    1.00    0.00    0.00    0.00    0.00    0.00    0.00    0.00    0.00   99.00
15:04:11      21    0.99    0.00    0.99    0.00    0.00    0.00    0.00    0.00    0.00   98.02
15:04:11      22    1.02    0.00    0.00    0.00    0.00    0.00    0.00    0.00    0.00   98.98
15:04:11      23    2.00    0.00    0.00    0.00    0.00    0.00    0.00    0.00    0.00   98.00

15:04:11     CPU    %usr   %nice    %sys %iowait    %irq   %soft  %steal  %guest  %gnice   %idle
15:04:12     all    1.04    0.00    0.67    0.00    0.00    0.12    0.00    0.00    0.00   98.17
15:04:12       0    0.99    0.00    1.98    0.00    0.00    0.00    0.00    0.00    0.00   97.03
15:04:12       1    0.00    0.00    0.00    0.00    0.00    0.00    0.00    0.00    0.00  100.00
15:04:12       2    3.00    0.00    1.00    0.00    0.00    0.00    0.00    0.00    0.00   96.00
15:04:12       3    0.00    0.00    0.00    0.00    0.00    0.00    0.00    0.00    0.00  100.00
15:04:12       4    1.01    0.00    1.01    0.00    0.00    0.00    0.00    0.00    0.00   97.98
15:04:12       5    0.00    0.00    0.00    0.00    0.00    0.00    0.00    0.00    0.00  100.00
15:04:12       6    0.00    0.00    0.00    0.00    0.00    0.00    0.00    0.00    0.00  100.00
15:04:12       7    0.00    0.00    0.00    0.00    0.00    0.00    0.00    0.00    0.00  100.00
15:04:12       8    4.00    0.00    2.00    0.00    0.00    0.00    0.00    0.00    0.00   94.00
15:04:12       9    0.00    0.00    0.00    0.00    0.00    0.00    0.00    0.00    0.00  100.00
15:04:12      10    4.95    0.00    0.99    0.00    0.00    0.00    0.00    0.00    0.00   94.06
15:04:12      11    0.00    0.00    0.00    0.00    0.00    0.00    0.00    0.00    0.00  100.00
15:04:12      12    1.01    0.00    1.01    0.00    0.00    0.00    0.00    0.00    0.00   97.98
15:04:12      13    0.00    0.00    0.00    0.00    0.00    0.99    0.00    0.00    0.00   99.01
15:04:12      14    1.98    0.00    0.99    0.00    0.00    0.00    0.00    0.00    0.00   97.03
15:04:12      15    1.00    0.00    0.00    0.00    0.00    2.00    0.00    0.00    0.00   97.00
15:04:12      16    1.00    0.00    0.00    0.00    0.00    0.00    0.00    0.00    0.00   99.00
15:04:12      17    0.99    0.00    0.99    0.00    0.00    0.00    0.00    0.00    0.00   98.02
15:04:12      18    0.99    0.00    1.98    0.00    0.00    0.00    0.00    0.00    0.00   97.03
15:04:12      19    0.99    0.00    1.98    0.00    0.00    0.00    0.00    0.00    0.00   97.03
15:04:12      20    0.00    0.00    1.00    0.00    0.00    0.00    0.00    0.00    0.00   99.00
15:04:12      21    1.00    0.00    0.00    0.00    0.00    0.00    0.00    0.00    0.00   99.00
15:04:12      22    1.01    0.00    0.00    0.00    0.00    0.00    0.00    0.00    0.00   98.99
15:04:12      23    0.99    0.00    0.99    0.00    0.00    0.00    0.00    0.00    0.00   98.02

15:04:12     CPU    %usr   %nice    %sys %iowait    %irq   %soft  %steal  %guest  %gnice   %idle
15:04:13     all    1.09    0.00    0.33    0.13    0.00    0.04    0.00    0.00    0.00   98.41
15:04:13       0    0.00    0.00    0.00    0.00    0.00    0.00    0.00    0.00    0.00  100.00
15:04:13       1    0.00    0.00    0.00    0.00    0.00    0.00    0.00    0.00    0.00  100.00
15:04:13       2    1.01    0.00    0.00    0.00    0.00    0.00    0.00    0.00    0.00   98.99
15:04:13       3    0.00    0.00    0.00    0.00    0.00    0.00    0.00    0.00    0.00  100.00
15:04:13       4    2.00    0.00    1.00    0.00    0.00    0.00    0.00    0.00    0.00   97.00
15:04:13       5    0.00    0.00    0.00    1.00    0.00    0.00    0.00    0.00    0.00   99.00
15:04:13       6    1.98    0.00    0.99    0.00    0.00    0.00    0.00    0.00    0.00   97.03
15:04:13       7    0.99    0.00    0.00    0.00    0.00    0.00    0.00    0.00    0.00   99.01
15:04:13       8    5.00    0.00    2.00    0.00    0.00    0.00    0.00    0.00    0.00   93.00
15:04:13       9    0.00    0.00    0.00    0.00    0.00    0.00    0.00    0.00    0.00  100.00
15:04:13      10    3.06    0.00    1.02    0.00    0.00    0.00    0.00    0.00    0.00   95.92
15:04:13      11    0.00    0.00    0.00    1.00    0.00    0.00    0.00    0.00    0.00   99.00
15:04:13      12    2.00    0.00    1.00    0.00    0.00    0.00    0.00    0.00    0.00   97.00
15:04:13      13    0.00    0.00    0.00    0.00    0.00    0.00    0.00    0.00    0.00  100.00
15:04:13      14    1.01    0.00    0.00    0.00    0.00    0.00    0.00    0.00    0.00   98.99
15:04:13      15    0.00    0.00    1.00    0.00    0.00    1.00    0.00    0.00    0.00   98.00
15:04:13      16    1.01    0.00    0.00    0.00    0.00    0.00    0.00    0.00    0.00   98.99
15:04:13      17    1.00    0.00    0.00    0.00    0.00    0.00    0.00    0.00    0.00   99.00
15:04:13      18    0.00    0.00    0.00    0.00    0.00    0.00    0.00    0.00    0.00  100.00
15:04:13      19    1.00    0.00    0.00    0.00    0.00    0.00    0.00    0.00    0.00   99.00
15:04:13      20    1.98    0.00    0.00    0.99    0.00    0.00    0.00    0.00    0.00   97.03
15:04:13      21    1.00    0.00    1.00    0.00    0.00    0.00    0.00    0.00    0.00   98.00
15:04:13      22    1.02    0.00    0.00    0.00    0.00    0.00    0.00    0.00    0.00   98.98
15:04:13      23    2.00    0.00    0.00    0.00    0.00    0.00    0.00    0.00    0.00   98.00

15:04:13     CPU    %usr   %nice    %sys %iowait    %irq   %soft  %steal  %guest  %gnice   %idle
15:04:14     all    1.21    0.00    0.50    0.00    0.00    0.00    0.00    0.00    0.00   98.29
15:04:14       0    0.00    0.00    1.01    0.00    0.00    0.00    0.00    0.00    0.00   98.99
15:04:14       1    0.00    0.00    0.00    0.00    0.00    0.00    0.00    0.00    0.00  100.00
15:04:14       2    1.00    0.00    1.00    0.00    0.00    0.00    0.00    0.00    0.00   98.00
15:04:14       3    0.00    0.00    0.00    0.00    0.00    0.00    0.00    0.00    0.00  100.00
15:04:14       4    2.00    0.00    1.00    0.00    0.00    0.00    0.00    0.00    0.00   97.00
15:04:14       5    0.00    0.00    0.00    0.00    0.00    0.00    0.00    0.00    0.00  100.00
15:04:14       6    1.01    0.00    1.01    0.00    0.00    0.00    0.00    0.00    0.00   97.98
15:04:14       7    0.00    0.00    0.00    0.00    0.00    0.00    0.00    0.00    0.00  100.00
15:04:14       8    3.00    0.00    0.00    0.00    0.00    0.00    0.00    0.00    0.00   97.00
15:04:14       9    0.00    0.00    0.00    0.00    0.00    0.00    0.00    0.00    0.00  100.00
15:04:14      10    5.00    0.00    2.00    0.00    0.00    0.00    0.00    0.00    0.00   93.00
15:04:14      11    0.00    0.00    0.00    0.00    0.00    0.00    0.00    0.00    0.00  100.00
15:04:14      12    1.01    0.00    0.00    0.00    0.00    0.00    0.00    0.00    0.00   98.99
15:04:14      13    0.99    0.00    0.00    0.00    0.00    0.00    0.00    0.00    0.00   99.01
15:04:14      14    1.00    0.00    1.00    0.00    0.00    0.00    0.00    0.00    0.00   98.00
15:04:14      15    0.00    0.00    0.00    0.00    0.00    0.00    0.00    0.00    0.00  100.00
15:04:14      16    1.00    0.00    0.00    0.00    0.00    0.00    0.00    0.00    0.00   99.00
15:04:14      17    1.00    0.00    1.00    0.00    0.00    0.00    0.00    0.00    0.00   98.00
15:04:14      18    1.01    0.00    0.00    0.00    0.00    0.00    0.00    0.00    0.00   98.99
15:04:14      19    0.00    0.00    1.00    0.00    0.00    0.00    0.00    0.00    0.00   99.00
15:04:14      20    3.03    0.00    1.01    0.00    0.00    0.00    0.00    0.00    0.00   95.96
15:04:14      21    2.02    0.00    0.00    0.00    0.00    0.00    0.00    0.00    0.00   97.98
15:04:14      22    3.03    0.00    1.01    0.00    0.00    0.00    0.00    0.00    0.00   95.96
15:04:14      23    3.03    0.00    1.01    0.00    0.00    0.00    0.00    0.00    0.00   95.96

15:04:14     CPU    %usr   %nice    %sys %iowait    %irq   %soft  %steal  %guest  %gnice   %idle
15:04:15     all    1.13    0.00    0.38    0.00    0.00    0.04    0.00    0.00    0.00   98.46
15:04:15       0    2.00    0.00    1.00    0.00    0.00    0.00    0.00    0.00    0.00   97.00
15:04:15       1    0.00    0.00    0.00    0.00    0.00    0.99    0.00    0.00    0.00   99.01
15:04:15       2    1.01    0.00    0.00    0.00    0.00    0.00    0.00    0.00    0.00   98.99
15:04:15       3    0.00    0.00    0.00    0.00    0.00    0.00    0.00    0.00    0.00  100.00
15:04:15       4    0.00    0.00    1.01    0.00    0.00    0.00    0.00    0.00    0.00   98.99
15:04:15       5    0.00    0.00    0.00    0.00    0.00    0.00    0.00    0.00    0.00  100.00
15:04:15       6    1.98    0.00    0.00    0.00    0.00    0.00    0.00    0.00    0.00   98.02
15:04:15       7    0.00    0.00    0.00    0.00    0.00    0.00    0.00    0.00    0.00  100.00
15:04:15       8    3.00    0.00    1.00    0.00    0.00    0.00    0.00    0.00    0.00   96.00
15:04:15       9    0.00    0.00    0.00    0.00    0.00    0.00    0.00    0.00    0.00  100.00
15:04:15      10    5.00    0.00    0.00    0.00    0.00    0.00    0.00    0.00    0.00   95.00
15:04:15      11    0.00    0.00    0.00    0.00    0.00    0.00    0.00    0.00    0.00  100.00
15:04:15      12    1.00    0.00    1.00    0.00    0.00    0.00    0.00    0.00    0.00   98.00
15:04:15      13    0.00    0.00    0.00    0.00    0.00    0.00    0.00    0.00    0.00  100.00
15:04:15      14    1.00    0.00    0.00    0.00    0.00    0.00    0.00    0.00    0.00   99.00
15:04:15      15    0.00    0.00    0.00    0.00    0.00    0.00    0.00    0.00    0.00  100.00
15:04:15      16    1.00    0.00    1.00    0.00    0.00    0.00    0.00    0.00    0.00   98.00
15:04:15      17    1.00    0.00    0.00    0.00    0.00    0.00    0.00    0.00    0.00   99.00
15:04:15      18    0.99    0.00    0.99    0.00    0.00    0.00    0.00    0.00    0.00   98.02
15:04:15      19    1.01    0.00    0.00    0.00    0.00    0.00    0.00    0.00    0.00   98.99
15:04:15      20    2.00    0.00    1.00    0.00    0.00    0.00    0.00    0.00    0.00   97.00
15:04:15      21    2.94    0.00    0.98    0.00    0.00    0.00    0.00    0.00    0.00   96.08
15:04:15      22    2.02    0.00    1.01    0.00    0.00    0.00    0.00    0.00    0.00   96.97
15:04:15      23    1.01    0.00    0.00    0.00    0.00    0.00    0.00    0.00    0.00   98.99

15:04:15     CPU    %usr   %nice    %sys %iowait    %irq   %soft  %steal  %guest  %gnice   %idle
15:04:16     all    1.13    0.00    0.25    0.00    0.00    0.00    0.00    0.00    0.00   98.62
15:04:16       0    0.00    0.00    1.01    0.00    0.00    0.00    0.00    0.00    0.00   98.99
15:04:16       1    0.00    0.00    0.00    0.00    0.00    0.00    0.00    0.00    0.00  100.00
15:04:16       2    3.00    0.00    1.00    0.00    0.00    0.00    0.00    0.00    0.00   96.00
15:04:16       3    0.00    0.00    0.00    0.00    0.00    0.00    0.00    0.00    0.00  100.00
15:04:16       4    1.01    0.00    0.00    0.00    0.00    0.00    0.00    0.00    0.00   98.99
15:04:16       5    0.00    0.00    0.00    0.00    0.00    0.00    0.00    0.00    0.00  100.00
15:04:16       6    1.02    0.00    0.00    0.00    0.00    0.00    0.00    0.00    0.00   98.98
15:04:16       7    0.00    0.00    0.00    0.00    0.00    0.00    0.00    0.00    0.00  100.00
15:04:16       8    1.02    0.00    1.02    0.00    0.00    0.00    0.00    0.00    0.00   97.96
15:04:16       9    0.00    0.00    0.00    0.00    0.00    0.00    0.00    0.00    0.00  100.00
15:04:16      10    5.00    0.00    0.00    0.00    0.00    0.00    0.00    0.00    0.00   95.00
15:04:16      11    0.00    0.00    0.00    0.00    0.00    0.00    0.00    0.00    0.00  100.00
15:04:16      12    1.01    0.00    1.01    0.00    0.00    0.00    0.00    0.00    0.00   97.98
15:04:16      13    0.00    0.00    0.00    0.00    0.00    0.00    0.00    0.00    0.00  100.00
15:04:16      14    1.01    0.00    0.00    0.00    0.00    0.00    0.00    0.00    0.00   98.99
15:04:16      15    0.00    0.00    0.00    0.00    0.00    0.00    0.00    0.00    0.00  100.00
15:04:16      16    1.00    0.00    1.00    0.00    0.00    0.00    0.00    0.00    0.00   98.00
15:04:16      17    1.00    0.00    0.00    0.00    0.00    0.00    0.00    0.00    0.00   99.00
15:04:16      18    1.00    0.00    0.00    0.00    0.00    0.00    0.00    0.00    0.00   99.00
15:04:16      19    0.00    0.00    0.00    0.00    0.00    0.00    0.00    0.00    0.00  100.00
15:04:16      20    4.00    0.00    0.00    0.00    0.00    0.00    0.00    0.00    0.00   96.00
15:04:16      21    3.00    0.00    0.00    0.00    0.00    0.00    0.00    0.00    0.00   97.00
15:04:16      22    1.02    0.00    0.00    0.00    0.00    0.00    0.00    0.00    0.00   98.98
15:04:16      23    2.97    0.00    0.99    0.00    0.00    0.00    0.00    0.00    0.00   96.04

15:04:16     CPU    %usr   %nice    %sys %iowait    %irq   %soft  %steal  %guest  %gnice   %idle
15:04:17     all    0.96    0.00    0.46    0.00    0.00    0.08    0.00    0.00    0.00   98.50
15:04:17       0    0.00    0.00    1.98    0.00    0.00    0.99    0.00    0.00    0.00   97.03
15:04:17       1    0.00    0.00    0.00    0.00    0.00    0.00    0.00    0.00    0.00  100.00
15:04:17       2    2.00    0.00    1.00    0.00    0.00    0.00    0.00    0.00    0.00   97.00
15:04:17       3    0.00    0.00    0.00    0.00    0.00    0.00    0.00    0.00    0.00  100.00
15:04:17       4    1.00    0.00    0.00    0.00    0.00    0.00    0.00    0.00    0.00   99.00
15:04:17       5    0.00    0.00    0.00    0.00    0.00    0.00    0.00    0.00    0.00  100.00
15:04:17       6    1.98    0.00    0.99    0.00    0.00    0.00    0.00    0.00    0.00   97.03
15:04:17       7    0.00    0.00    0.00    0.00    0.00    0.00    0.00    0.00    0.00  100.00
15:04:17       8    1.01    0.00    2.02    0.00    0.00    0.00    0.00    0.00    0.00   96.97
15:04:17       9    0.00    0.00    0.00    0.00    0.00    0.00    0.00    0.00    0.00  100.00
15:04:17      10    5.00    0.00    1.00    0.00    0.00    0.00    0.00    0.00    0.00   94.00
15:04:17      11    0.00    0.00    0.00    0.00    0.00    0.00    0.00    0.00    0.00  100.00
15:04:17      12    1.98    0.00    0.99    0.00    0.00    0.00    0.00    0.00    0.00   97.03
15:04:17      13    0.00    0.00    0.00    0.00    0.00    0.00    0.00    0.00    0.00  100.00
15:04:17      14    1.00    0.00    0.00    0.00    0.00    0.00    0.00    0.00    0.00   99.00
15:04:17      15    0.00    0.00    0.00    0.00    0.00    1.01    0.00    0.00    0.00   98.99
15:04:17      16    1.00    0.00    1.00    0.00    0.00    0.00    0.00    0.00    0.00   98.00
15:04:17      17    1.00    0.00    1.00    0.00    0.00    0.00    0.00    0.00    0.00   98.00
15:04:17      18    1.01    0.00    0.00    0.00    0.00    0.00    0.00    0.00    0.00   98.99
15:04:17      19    1.00    0.00    0.00    0.00    0.00    0.00    0.00    0.00    0.00   99.00
15:04:17      20    1.00    0.00    0.00    0.00    0.00    0.00    0.00    0.00    0.00   99.00
15:04:17      21    1.00    0.00    1.00    0.00    0.00    0.00    0.00    0.00    0.00   98.00
15:04:17      22    2.02    0.00    0.00    0.00    0.00    0.00    0.00    0.00    0.00   97.98
15:04:17      23    1.01    0.00    0.00    0.00    0.00    0.00    0.00    0.00    0.00   98.99

15:04:17     CPU    %usr   %nice    %sys %iowait    %irq   %soft  %steal  %guest  %gnice   %idle
15:04:18     all    1.09    0.00    0.42    0.00    0.00    0.00    0.00    0.00    0.00   98.49
15:04:18       0    0.00    0.00    0.00    0.00    0.00    0.00    0.00    0.00    0.00  100.00
15:04:18       1    0.00    0.00    0.00    0.00    0.00    0.00    0.00    0.00    0.00  100.00
15:04:18       2    2.02    0.00    0.00    0.00    0.00    0.00    0.00    0.00    0.00   97.98
15:04:18       3    0.00    0.00    0.00    0.00    0.00    0.00    0.00    0.00    0.00  100.00
15:04:18       4    1.00    0.00    1.00    0.00    0.00    0.00    0.00    0.00    0.00   98.00
15:04:18       5    0.00    0.00    0.00    0.00    0.00    0.00    0.00    0.00    0.00  100.00
15:04:18       6    1.01    0.00    1.01    0.00    0.00    0.00    0.00    0.00    0.00   97.98
15:04:18       7    0.00    0.00    0.00    0.00    0.00    0.00    0.00    0.00    0.00  100.00
15:04:18       8    2.00    0.00    2.00    0.00    0.00    0.00    0.00    0.00    0.00   96.00
15:04:18       9    0.00    0.00    0.00    0.00    0.00    0.00    0.00    0.00    0.00  100.00
15:04:18      10    5.00    0.00    0.00    0.00    0.00    0.00    0.00    0.00    0.00   95.00
15:04:18      11    0.00    0.00    0.00    0.00    0.00    0.00    0.00    0.00    0.00  100.00
15:04:18      12    2.02    0.00    0.00    0.00    0.00    0.00    0.00    0.00    0.00   97.98
15:04:18      13    0.00    0.00    0.00    0.00    0.00    0.00    0.00    0.00    0.00  100.00
15:04:18      14    1.00    0.00    2.00    0.00    0.00    0.00    0.00    0.00    0.00   97.00
15:04:18      15    0.00    0.00    0.00    0.00    0.00    0.00    0.00    0.00    0.00  100.00
15:04:18      16    1.01    0.00    0.00    0.00    0.00    0.00    0.00    0.00    0.00   98.99
15:04:18      17    2.00    0.00    1.00    0.00    0.00    0.00    0.00    0.00    0.00   97.00
15:04:18      18    2.00    0.00    1.00    0.00    0.00    0.00    0.00    0.00    0.00   97.00
15:04:18      19    1.00    0.00    0.00    0.00    0.00    0.00    0.00    0.00    0.00   99.00
15:04:18      20    2.00    0.00    1.00    0.00    0.00    0.00    0.00    0.00    0.00   97.00
15:04:18      21    1.00    0.00    0.00    0.00    0.00    0.00    0.00    0.00    0.00   99.00
15:04:18      22    1.02    0.00    0.00    0.00    0.00    0.00    0.00    0.00    0.00   98.98
15:04:18      23    1.98    0.00    0.99    0.00    0.00    0.00    0.00    0.00    0.00   97.03

15:04:18     CPU    %usr   %nice    %sys %iowait    %irq   %soft  %steal  %guest  %gnice   %idle
15:04:19     all    1.13    0.00    0.42    0.08    0.00    0.04    0.00    0.00    0.00   98.33
15:04:19       0    1.00    0.00    1.00    0.00    0.00    0.00    0.00    0.00    0.00   98.00
15:04:19       1    0.00    0.00    0.00    0.00    0.00    0.00    0.00    0.00    0.00  100.00
15:04:19       2    1.00    0.00    1.00    0.00    0.00    0.00    0.00    0.00    0.00   98.00
15:04:19       3    0.00    0.00    0.00    0.00    0.00    0.00    0.00    0.00    0.00  100.00
15:04:19       4    1.00    0.00    0.00    0.00    0.00    0.00    0.00    0.00    0.00   99.00
15:04:19       5    0.00    0.00    0.00    0.00    0.00    0.00    0.00    0.00    0.00  100.00
15:04:19       6    2.04    0.00    0.00    0.00    0.00    0.00    0.00    0.00    0.00   97.96
15:04:19       7    0.00    0.00    0.00    0.00    0.00    0.00    0.00    0.00    0.00  100.00
15:04:19       8    4.04    0.00    1.01    0.00    0.00    0.00    0.00    0.00    0.00   94.95
15:04:19       9    0.00    0.00    0.00    0.00    0.00    0.00    0.00    0.00    0.00  100.00
15:04:19      10    3.92    0.00    0.98    0.98    0.00    0.00    0.00    0.00    0.00   94.12
15:04:19      11    0.00    0.00    0.00    1.00    0.00    0.00    0.00    0.00    0.00   99.00
15:04:19      12    2.00    0.00    3.00    0.00    0.00    0.00    0.00    0.00    0.00   95.00
15:04:19      13    0.00    0.00    0.00    0.00    0.00    0.00    0.00    0.00    0.00  100.00
15:04:19      14    0.00    0.00    0.00    0.00    0.00    0.00    0.00    0.00    0.00  100.00
15:04:19      15    0.00    0.00    0.00    0.00    0.00    1.02    0.00    0.00    0.00   98.98
15:04:19      16    1.00    0.00    1.00    0.00    0.00    0.00    0.00    0.00    0.00   98.00
15:04:19      17    0.00    0.00    0.00    0.00    0.00    0.00    0.00    0.00    0.00  100.00
15:04:19      18    1.00    0.00    0.00    0.00    0.00    0.00    0.00    0.00    0.00   99.00
15:04:19      19    0.99    0.00    0.99    0.00    0.00    0.00    0.00    0.00    0.00   98.02
15:04:19      20    2.00    0.00    1.00    0.00    0.00    0.00    0.00    0.00    0.00   97.00
15:04:19      21    2.00    0.00    0.00    0.00    0.00    0.00    0.00    0.00    0.00   98.00
15:04:19      22    2.02    0.00    0.00    0.00    0.00    0.00    0.00    0.00    0.00   97.98
15:04:19      23    3.00    0.00    0.00    0.00    0.00    0.00    0.00    0.00    0.00   97.00

15:04:19     CPU    %usr   %nice    %sys %iowait    %irq   %soft  %steal  %guest  %gnice   %idle
15:04:20     all    1.17    0.00    0.46    0.00    0.00    0.08    0.00    0.00    0.00   98.29
15:04:20       0    1.01    0.00    0.00    0.00    0.00    0.00    0.00    0.00    0.00   98.99
15:04:20       1    0.00    0.00    0.00    0.00    0.00    0.00    0.00    0.00    0.00  100.00
15:04:20       2    0.00    0.00    1.01    0.00    0.00    0.00    0.00    0.00    0.00   98.99
15:04:20       3    0.00    0.00    0.00    0.00    0.00    0.00    0.00    0.00    0.00  100.00
15:04:20       4    1.00    0.00    1.00    0.00    0.00    0.00    0.00    0.00    0.00   98.00
15:04:20       5    0.00    0.00    0.00    0.00    0.00    0.00    0.00    0.00    0.00  100.00
15:04:20       6    1.96    0.00    0.98    0.00    0.00    0.98    0.00    0.00    0.00   96.08
15:04:20       7    0.00    0.00    0.00    0.00    0.00    0.00    0.00    0.00    0.00  100.00
15:04:20       8    2.97    0.00    0.99    0.00    0.00    0.00    0.00    0.00    0.00   96.04
15:04:20       9    0.00    0.00    0.00    0.00    0.00    0.00    0.00    0.00    0.00  100.00
15:04:20      10    2.06    0.00    0.00    0.00    0.00    0.00    0.00    0.00    0.00   97.94
15:04:20      11    0.00    0.00    0.00    0.00    0.00    0.00    0.00    0.00    0.00  100.00
15:04:20      12    1.00    0.00    1.00    0.00    0.00    0.00    0.00    0.00    0.00   98.00
15:04:20      13    0.00    0.00    0.00    0.00    0.00    0.00    0.00    0.00    0.00  100.00
15:04:20      14    1.00    0.00    1.00    0.00    0.00    0.00    0.00    0.00    0.00   98.00
15:04:20      15    1.00    0.00    1.00    0.00    0.00    1.00    0.00    0.00    0.00   97.00
15:04:20      16    1.01    0.00    0.00    0.00    0.00    0.00    0.00    0.00    0.00   98.99
15:04:20      17    0.99    0.00    0.99    0.00    0.00    0.00    0.00    0.00    0.00   98.02
15:04:20      18    1.00    0.00    0.00    0.00    0.00    0.00    0.00    0.00    0.00   99.00
15:04:20      19    0.00    0.00    0.00    0.00    0.00    0.00    0.00    0.00    0.00  100.00
15:04:20      20    2.97    0.00    0.99    0.00    0.00    0.00    0.00    0.00    0.00   96.04
15:04:20      21    3.03    0.00    0.00    0.00    0.00    0.00    0.00    0.00    0.00   96.97
15:04:20      22    3.00    0.00    2.00    0.00    0.00    0.00    0.00    0.00    0.00   95.00
15:04:20      23    3.96    0.00    0.00    0.00    0.00    0.00    0.00    0.00    0.00   96.04

15:04:20     CPU    %usr   %nice    %sys %iowait    %irq   %soft  %steal  %guest  %gnice   %idle
15:04:21     all    1.00    0.00    0.38    0.00    0.00    0.08    0.00    0.00    0.00   98.54
15:04:21       0    1.98    0.00    1.98    0.00    0.00    0.00    0.00    0.00    0.00   96.04
15:04:21       1    0.00    0.00    0.00    0.00    0.00    0.00    0.00    0.00    0.00  100.00
15:04:21       2    1.01    0.00    0.00    0.00    0.00    0.00    0.00    0.00    0.00   98.99
15:04:21       3    0.00    0.00    0.00    0.00    0.00    0.00    0.00    0.00    0.00  100.00
15:04:21       4    1.01    0.00    0.00    0.00    0.00    0.00    0.00    0.00    0.00   98.99
15:04:21       5    0.00    0.00    0.00    0.00    0.00    0.00    0.00    0.00    0.00  100.00
15:04:21       6    1.01    0.00    1.01    0.00    0.00    0.00    0.00    0.00    0.00   97.98
15:04:21       7    0.00    0.00    0.00    0.00    0.00    0.00    0.00    0.00    0.00  100.00
15:04:21       8    2.02    0.00    1.01    0.00    0.00    0.00    0.00    0.00    0.00   96.97
15:04:21       9    0.00    0.00    0.00    0.00    0.00    0.99    0.00    0.00    0.00   99.01
15:04:21      10    4.95    0.00    0.99    0.00    0.00    0.00    0.00    0.00    0.00   94.06
15:04:21      11    0.00    0.00    0.00    0.00    0.00    0.00    0.00    0.00    0.00  100.00
15:04:21      12    0.00    0.00    0.00    0.00    0.00    0.00    0.00    0.00    0.00  100.00
15:04:21      13    0.00    0.00    0.00    0.00    0.00    0.00    0.00    0.00    0.00  100.00
15:04:21      14    0.00    0.00    0.00    0.00    0.00    0.00    0.00    0.00    0.00  100.00
15:04:21      15    1.01    0.00    0.00    0.00    0.00    1.01    0.00    0.00    0.00   97.98
15:04:21      16    2.97    0.00    2.97    0.00    0.00    0.00    0.00    0.00    0.00   94.06
15:04:21      17    2.00    0.00    0.00    0.00    0.00    0.00    0.00    0.00    0.00   98.00
15:04:21      18    1.01    0.00    0.00    0.00    0.00    0.00    0.00    0.00    0.00   98.99
15:04:21      19    1.00    0.00    0.00    0.00    0.00    0.00    0.00    0.00    0.00   99.00
15:04:21      20    1.01    0.00    0.00    0.00    0.00    0.00    0.00    0.00    0.00   98.99
15:04:21      21    1.01    0.00    0.00    0.00    0.00    0.00    0.00    0.00    0.00   98.99
15:04:21      22    1.02    0.00    0.00    0.00    0.00    0.00    0.00    0.00    0.00   98.98
15:04:21      23    1.00    0.00    1.00    0.00    0.00    0.00    0.00    0.00    0.00   98.00

15:04:21     CPU    %usr   %nice    %sys %iowait    %irq   %soft  %steal  %guest  %gnice   %idle
15:04:22     all    1.21    0.00    0.29    0.04    0.00    0.08    0.00    0.00    0.00   98.37
15:04:22       0    1.01    0.00    0.00    0.00    0.00    0.00    0.00    0.00    0.00   98.99
15:04:22       1    0.00    0.00    0.00    0.00    0.00    0.00    0.00    0.00    0.00  100.00
15:04:22       2    2.02    0.00    0.00    0.00    0.00    0.00    0.00    0.00    0.00   97.98
15:04:22       3    0.00    0.00    0.00    0.00    0.00    0.00    0.00    0.00    0.00  100.00
15:04:22       4    2.00    0.00    1.00    0.00    0.00    0.00    0.00    0.00    0.00   97.00
15:04:22       5    0.00    0.00    0.00    0.00    0.00    0.00    0.00    0.00    0.00  100.00
15:04:22       6    1.01    0.00    0.00    0.00    0.00    0.00    0.00    0.00    0.00   98.99
15:04:22       7    0.00    0.00    0.00    0.00    0.00    0.00    0.00    0.00    0.00  100.00
15:04:22       8    6.00    0.00    1.00    0.00    0.00    0.00    0.00    0.00    0.00   93.00
15:04:22       9    0.00    0.00    0.00    0.00    0.00    0.00    0.00    0.00    0.00  100.00
15:04:22      10    3.03    0.00    1.01    0.00    0.00    0.00    0.00    0.00    0.00   95.96
15:04:22      11    0.00    0.00    0.00    0.00    0.00    0.00    0.00    0.00    0.00  100.00
15:04:22      12    1.00    0.00    1.00    0.00    0.00    0.00    0.00    0.00    0.00   98.00
15:04:22      13    0.00    0.00    0.00    0.00    0.00    0.00    0.00    0.00    0.00  100.00
15:04:22      14    1.00    0.00    0.00    0.00    0.00    0.00    0.00    0.00    0.00   99.00
15:04:22      15    1.00    0.00    0.00    0.00    0.00    2.00    0.00    0.00    0.00   97.00
15:04:22      16    1.01    0.00    1.01    0.00    0.00    0.00    0.00    0.00    0.00   97.98
15:04:22      17    1.01    0.00    0.00    1.01    0.00    0.00    0.00    0.00    0.00   97.98
15:04:22      18    0.99    0.00    0.99    0.00    0.00    0.00    0.00    0.00    0.00   98.02
15:04:22      19    0.00    0.00    0.00    0.00    0.00    0.00    0.00    0.00    0.00  100.00
15:04:22      20    2.02    0.00    0.00    0.00    0.00    0.00    0.00    0.00    0.00   97.98
15:04:22      21    0.99    0.00    0.99    0.00    0.00    0.00    0.00    0.00    0.00   98.02
15:04:22      22    2.04    0.00    0.00    0.00    0.00    0.00    0.00    0.00    0.00   97.96
15:04:22      23    3.00    0.00    0.00    0.00    0.00    0.00    0.00    0.00    0.00   97.00

15:04:22     CPU    %usr   %nice    %sys %iowait    %irq   %soft  %steal  %guest  %gnice   %idle
15:04:23     all    1.34    0.00    0.46    0.00    0.00    0.04    0.00    0.00    0.00   98.16
15:04:23       0    2.02    0.00    0.00    0.00    0.00    0.00    0.00    0.00    0.00   97.98
15:04:23       1    0.00    0.00    0.00    0.00    0.00    0.00    0.00    0.00    0.00  100.00
15:04:23       2    3.00    0.00    0.00    0.00    0.00    0.00    0.00    0.00    0.00   97.00
15:04:23       3    0.00    0.00    0.00    0.00    0.00    0.00    0.00    0.00    0.00  100.00
15:04:23       4    1.01    0.00    0.00    0.00    0.00    0.00    0.00    0.00    0.00   98.99
15:04:23       5    0.00    0.00    0.00    0.00    0.00    0.00    0.00    0.00    0.00  100.00
15:04:23       6    1.00    0.00    1.00    0.00    0.00    0.00    0.00    0.00    0.00   98.00
15:04:23       7    0.00    0.00    0.00    0.00    0.00    0.00    0.00    0.00    0.00  100.00
15:04:23       8    2.02    0.00    2.02    0.00    0.00    0.00    0.00    0.00    0.00   95.96
15:04:23       9    0.00    0.00    0.00    0.00    0.00    0.00    0.00    0.00    0.00  100.00
15:04:23      10    4.95    0.00    0.99    0.00    0.00    0.00    0.00    0.00    0.00   94.06
15:04:23      11    0.00    0.00    0.00    0.00    0.00    0.00    0.00    0.00    0.00  100.00
15:04:23      12    1.01    0.00    1.01    0.00    0.00    0.00    0.00    0.00    0.00   97.98
15:04:23      13    0.00    0.00    0.00    0.00    0.00    0.00    0.00    0.00    0.00  100.00
15:04:23      14    2.00    0.00    1.00    0.00    0.00    0.00    0.00    0.00    0.00   97.00
15:04:23      15    0.00    0.00    1.02    0.00    0.00    1.02    0.00    0.00    0.00   97.96
15:04:23      16    1.00    0.00    1.00    0.00    0.00    0.00    0.00    0.00    0.00   98.00
15:04:23      17    1.00    0.00    0.00    0.00    0.00    0.00    0.00    0.00    0.00   99.00
15:04:23      18    1.01    0.00    0.00    0.00    0.00    0.00    0.00    0.00    0.00   98.99
15:04:23      19    1.00    0.00    0.00    0.00    0.00    0.00    0.00    0.00    0.00   99.00
15:04:23      20    3.00    0.00    1.00    0.00    0.00    0.00    0.00    0.00    0.00   96.00
15:04:23      21    2.00    0.00    1.00    0.00    0.00    0.00    0.00    0.00    0.00   97.00
15:04:23      22    3.00    0.00    0.00    0.00    0.00    0.00    0.00    0.00    0.00   97.00
15:04:23      23    3.03    0.00    1.01    0.00    0.00    0.00    0.00    0.00    0.00   95.96

15:04:23     CPU    %usr   %nice    %sys %iowait    %irq   %soft  %steal  %guest  %gnice   %idle
15:04:24     all    2.38    0.00    0.38    0.00    0.00    0.04    0.00    0.00    0.00   97.21
15:04:24       0    4.95    0.00    0.99    0.00    0.00    0.00    0.00    0.00    0.00   94.06
15:04:24       1    0.99    0.00    0.00    0.00    0.00    0.00    0.00    0.00    0.00   99.01
15:04:24       2    4.00    0.00    1.00    0.00    0.00    0.00    0.00    0.00    0.00   95.00
15:04:24       3    0.00    0.00    0.00    0.00    0.00    0.00    0.00    0.00    0.00  100.00
15:04:24       4    3.03    0.00    1.01    0.00    0.00    0.00    0.00    0.00    0.00   95.96
15:04:24       5    1.00    0.00    0.00    0.00    0.00    0.00    0.00    0.00    0.00   99.00
15:04:24       6    3.03    0.00    0.00    0.00    0.00    0.00    0.00    0.00    0.00   96.97
15:04:24       7    2.00    0.00    0.00    0.00    0.00    0.00    0.00    0.00    0.00   98.00
15:04:24       8    5.05    0.00    2.02    0.00    0.00    0.00    0.00    0.00    0.00   92.93
15:04:24       9    3.00    0.00    0.00    0.00    0.00    0.00    0.00    0.00    0.00   97.00
15:04:24      10    4.04    0.00    1.01    0.00    0.00    0.00    0.00    0.00    0.00   94.95
15:04:24      11    0.00    0.00    0.00    0.00    0.00    0.00    0.00    0.00    0.00  100.00
15:04:24      12    1.98    0.00    0.00    0.00    0.00    0.00    0.00    0.00    0.00   98.02
15:04:24      13    3.00    0.00    0.00    0.00    0.00    0.00    0.00    0.00    0.00   97.00
15:04:24      14    3.00    0.00    0.00    0.00    0.00    0.00    0.00    0.00    0.00   97.00
15:04:24      15    3.03    0.00    0.00    0.00    0.00    1.01    0.00    0.00    0.00   95.96
15:04:24      16    1.01    0.00    0.00    0.00    0.00    0.00    0.00    0.00    0.00   98.99
15:04:24      17    3.00    0.00    1.00    0.00    0.00    0.00    0.00    0.00    0.00   96.00
15:04:24      18    2.00    0.00    0.00    0.00    0.00    0.00    0.00    0.00    0.00   98.00
15:04:24      19    2.00    0.00    0.00    0.00    0.00    0.00    0.00    0.00    0.00   98.00
15:04:24      20    2.00    0.00    0.00    0.00    0.00    0.00    0.00    0.00    0.00   98.00
15:04:24      21    1.00    0.00    0.00    0.00    0.00    0.00    0.00    0.00    0.00   99.00
15:04:24      22    2.00    0.00    2.00    0.00    0.00    0.00    0.00    0.00    0.00   96.00
15:04:24      23    1.98    0.00    0.00    0.00    0.00    0.00    0.00    0.00    0.00   98.02

15:04:24     CPU    %usr   %nice    %sys %iowait    %irq   %soft  %steal  %guest  %gnice   %idle
15:04:25     all    1.38    0.00    0.42    0.08    0.00    0.13    0.00    0.00    0.00   97.99
15:04:25       0    0.00    0.00    0.00    0.00    0.00    0.00    0.00    0.00    0.00  100.00
15:04:25       1    0.00    0.00    0.00    0.00    0.00    0.00    0.00    0.00    0.00  100.00
15:04:25       2    2.00    0.00    0.00    0.00    0.00    0.00    0.00    0.00    0.00   98.00
15:04:25       3    0.00    0.00    0.00    0.00    0.00    0.00    0.00    0.00    0.00  100.00
15:04:25       4    1.00    0.00    2.00    1.00    0.00    0.00    0.00    0.00    0.00   96.00
15:04:25       5    0.00    0.00    0.00    0.00    0.00    0.00    0.00    0.00    0.00  100.00
15:04:25       6    2.02    0.00    1.01    0.00    0.00    0.00    0.00    0.00    0.00   96.97
15:04:25       7    0.00    0.00    0.00    0.00    0.00    0.00    0.00    0.00    0.00  100.00
15:04:25       8    5.94    0.00    1.98    0.00    0.00    0.00    0.00    0.00    0.00   92.08
15:04:25       9    1.00    0.00    0.00    0.00    0.00    0.00    0.00    0.00    0.00   99.00
15:04:25      10    3.06    0.00    0.00    0.00    0.00    0.00    0.00    0.00    0.00   96.94
15:04:25      11    0.00    0.00    0.00    1.00    0.00    0.00    0.00    0.00    0.00   99.00
15:04:25      12    1.01    0.00    0.00    0.00    0.00    0.00    0.00    0.00    0.00   98.99
15:04:25      13    0.00    0.00    0.00    0.00    0.00    0.00    0.00    0.00    0.00  100.00
15:04:25      14    0.00    0.00    0.00    0.00    0.00    0.00    0.00    0.00    0.00  100.00
15:04:25      15    0.00    0.00    0.00    0.00    0.00    3.00    0.00    0.00    0.00   97.00
15:04:25      16    2.00    0.00    1.00    0.00    0.00    0.00    0.00    0.00    0.00   97.00
15:04:25      17    2.00    0.00    2.00    0.00    0.00    0.00    0.00    0.00    0.00   96.00
15:04:25      18    1.01    0.00    0.00    0.00    0.00    0.00    0.00    0.00    0.00   98.99
15:04:25      19    1.00    0.00    1.00    0.00    0.00    0.00    0.00    0.00    0.00   98.00
15:04:25      20    3.00    0.00    1.00    0.00    0.00    0.00    0.00    0.00    0.00   96.00
15:04:25      21    3.00    0.00    0.00    0.00    0.00    0.00    0.00    0.00    0.00   97.00
15:04:25      22    2.06    0.00    0.00    0.00    0.00    0.00    0.00    0.00    0.00   97.94
15:04:25      23    3.03    0.00    0.00    0.00    0.00    0.00    0.00    0.00    0.00   96.97

15:04:25     CPU    %usr   %nice    %sys %iowait    %irq   %soft  %steal  %guest  %gnice   %idle
15:04:26     all    1.08    0.00    0.54    0.00    0.00    0.04    0.00    0.00    0.00   98.33
15:04:26       0    1.98    0.00    1.98    0.00    0.00    0.00    0.00    0.00    0.00   96.04
15:04:26       1    0.00    0.00    0.00    0.00    0.00    0.00    0.00    0.00    0.00  100.00
15:04:26       2    0.00    0.00    1.00    0.00    0.00    0.00    0.00    0.00    0.00   99.00
15:04:26       3    0.00    0.00    0.00    0.00    0.00    0.00    0.00    0.00    0.00  100.00
15:04:26       4    3.00    0.00    0.00    0.00    0.00    0.00    0.00    0.00    0.00   97.00
15:04:26       5    0.00    0.00    0.00    0.00    0.00    0.00    0.00    0.00    0.00  100.00
15:04:26       6    1.00    0.00    1.00    0.00    0.00    0.00    0.00    0.00    0.00   98.00
15:04:26       7    0.00    0.00    0.00    0.00    0.00    0.00    0.00    0.00    0.00  100.00
15:04:26       8    4.08    0.00    1.02    0.00    0.00    0.00    0.00    0.00    0.00   94.90
15:04:26       9    0.00    0.00    0.00    0.00    0.00    0.00    0.00    0.00    0.00  100.00
15:04:26      10    2.00    0.00    1.00    0.00    0.00    0.00    0.00    0.00    0.00   97.00
15:04:26      11    0.00    0.00    0.00    0.00    0.00    0.00    0.00    0.00    0.00  100.00
15:04:26      12    1.00    0.00    1.00    0.00    0.00    0.00    0.00    0.00    0.00   98.00
15:04:26      13    0.00    0.00    0.00    0.00    0.00    0.00    0.00    0.00    0.00  100.00
15:04:26      14    1.98    0.00    0.99    0.00    0.00    0.00    0.00    0.00    0.00   97.03
15:04:26      15    1.00    0.00    1.00    0.00    0.00    1.00    0.00    0.00    0.00   97.00
15:04:26      16    1.00    0.00    1.00    0.00    0.00    0.00    0.00    0.00    0.00   98.00
15:04:26      17    1.00    0.00    0.00    0.00    0.00    0.00    0.00    0.00    0.00   99.00
15:04:26      18    1.00    0.00    0.00    0.00    0.00    0.00    0.00    0.00    0.00   99.00
15:04:26      19    0.99    0.00    0.00    0.00    0.00    0.00    0.00    0.00    0.00   99.01
15:04:26      20    1.98    0.00    0.99    0.00    0.00    0.00    0.00    0.00    0.00   97.03
15:04:26      21    1.00    0.00    2.00    0.00    0.00    0.00    0.00    0.00    0.00   97.00
15:04:26      22    2.02    0.00    0.00    0.00    0.00    0.00    0.00    0.00    0.00   97.98
15:04:26      23    1.00    0.00    0.00    0.00    0.00    0.00    0.00    0.00    0.00   99.00

15:04:26     CPU    %usr   %nice    %sys %iowait    %irq   %soft  %steal  %guest  %gnice   %idle
15:04:27     all    1.17    0.00    0.46    0.00    0.00    0.04    0.00    0.00    0.00   98.33
15:04:27       0    0.00    0.00    0.00    0.00    0.00    0.00    0.00    0.00    0.00  100.00
15:04:27       1    0.00    0.00    0.00    0.00    0.00    0.00    0.00    0.00    0.00  100.00
15:04:27       2    2.02    0.00    0.00    0.00    0.00    0.00    0.00    0.00    0.00   97.98
15:04:27       3    0.00    0.00    0.00    0.00    0.00    0.00    0.00    0.00    0.00  100.00
15:04:27       4    0.00    0.00    1.01    0.00    0.00    0.00    0.00    0.00    0.00   98.99
15:04:27       5    0.00    0.00    0.00    0.00    0.00    0.00    0.00    0.00    0.00  100.00
15:04:27       6    2.00    0.00    0.00    0.00    0.00    0.00    0.00    0.00    0.00   98.00
15:04:27       7    0.00    0.00    0.00    0.00    0.00    0.00    0.00    0.00    0.00  100.00
15:04:27       8    5.88    0.00    0.98    0.00    0.00    0.00    0.00    0.00    0.00   93.14
15:04:27       9    0.99    0.00    0.00    0.00    0.00    0.00    0.00    0.00    0.00   99.01
15:04:27      10    1.01    0.00    1.01    0.00    0.00    0.00    0.00    0.00    0.00   97.98
15:04:27      11    0.00    0.00    0.00    0.00    0.00    0.00    0.00    0.00    0.00  100.00
15:04:27      12    2.00    0.00    1.00    0.00    0.00    0.00    0.00    0.00    0.00   97.00
15:04:27      13    0.00    0.00    0.00    0.00    0.00    0.00    0.00    0.00    0.00  100.00
15:04:27      14    1.00    0.00    1.00    0.00    0.00    0.00    0.00    0.00    0.00   98.00
15:04:27      15    0.00    0.00    1.01    0.00    0.00    1.01    0.00    0.00    0.00   97.98
15:04:27      16    2.02    0.00    1.01    0.00    0.00    0.00    0.00    0.00    0.00   96.97
15:04:27      17    1.01    0.00    0.00    0.00    0.00    0.00    0.00    0.00    0.00   98.99
15:04:27      18    1.00    0.00    2.00    0.00    0.00    0.00    0.00    0.00    0.00   97.00
15:04:27      19    0.00    0.00    0.00    0.00    0.00    0.00    0.00    0.00    0.00  100.00
15:04:27      20    1.98    0.00    1.98    0.00    0.00    0.00    0.00    0.00    0.00   96.04
15:04:27      21    3.00    0.00    0.00    0.00    0.00    0.00    0.00    0.00    0.00   97.00
15:04:27      22    2.02    0.00    0.00    0.00    0.00    0.00    0.00    0.00    0.00   97.98
15:04:27      23    2.02    0.00    0.00    0.00    0.00    0.00    0.00    0.00    0.00   97.98

15:04:27     CPU    %usr   %nice    %sys %iowait    %irq   %soft  %steal  %guest  %gnice   %idle
15:04:28     all    0.92    0.00    0.33    0.00    0.00    0.04    0.00    0.00    0.00   98.70
15:04:28       0    1.00    0.00    0.00    0.00    0.00    0.00    0.00    0.00    0.00   99.00
15:04:28       1    0.00    0.00    0.00    0.00    0.00    0.00    0.00    0.00    0.00  100.00
15:04:28       2    1.00    0.00    1.00    0.00    0.00    0.00    0.00    0.00    0.00   98.00
15:04:28       3    0.00    0.00    0.00    0.00    0.00    0.00    0.00    0.00    0.00  100.00
15:04:28       4    1.00    0.00    0.00    0.00    0.00    0.00    0.00    0.00    0.00   99.00
15:04:28       5    0.00    0.00    0.00    0.00    0.00    0.00    0.00    0.00    0.00  100.00
15:04:28       6    2.02    0.00    1.01    0.00    0.00    0.00    0.00    0.00    0.00   96.97
15:04:28       7    0.00    0.00    0.00    0.00    0.00    0.00    0.00    0.00    0.00  100.00
15:04:28       8    3.06    0.00    1.02    0.00    0.00    0.00    0.00    0.00    0.00   95.92
15:04:28       9    1.00    0.00    0.00    0.00    0.00    0.00    0.00    0.00    0.00   99.00
15:04:28      10    4.04    0.00    1.01    0.00    0.00    0.00    0.00    0.00    0.00   94.95
15:04:28      11    0.00    0.00    0.00    0.00    0.00    0.00    0.00    0.00    0.00  100.00
15:04:28      12    2.02    0.00    0.00    0.00    0.00    0.00    0.00    0.00    0.00   97.98
15:04:28      13    0.00    0.00    0.00    0.00    0.00    0.00    0.00    0.00    0.00  100.00
15:04:28      14    2.00    0.00    1.00    0.00    0.00    0.00    0.00    0.00    0.00   97.00
15:04:28      15    0.00    0.00    0.00    0.00    0.00    1.02    0.00    0.00    0.00   98.98
15:04:28      16    1.00    0.00    0.00    0.00    0.00    0.00    0.00    0.00    0.00   99.00
15:04:28      17    0.00    0.00    0.00    0.00    0.00    0.00    0.00    0.00    0.00  100.00
15:04:28      18    0.00    0.00    0.00    0.00    0.00    0.00    0.00    0.00    0.00  100.00
15:04:28      19    0.00    0.00    0.00    0.00    0.00    0.00    0.00    0.00    0.00  100.00
15:04:28      20    1.00    0.00    0.00    0.00    0.00    0.00    0.00    0.00    0.00   99.00
15:04:28      21    0.99    0.00    0.99    0.00    0.00    0.00    0.00    0.00    0.00   98.02
15:04:28      22    1.02    0.00    0.00    0.00    0.00    0.00    0.00    0.00    0.00   98.98
15:04:28      23    0.99    0.00    1.98    0.00    0.00    0.00    0.00    0.00    0.00   97.03

15:04:28     CPU    %usr   %nice    %sys %iowait    %irq   %soft  %steal  %guest  %gnice   %idle
15:04:29     all    1.09    0.00    0.29    0.00    0.00    0.08    0.00    0.00    0.00   98.54
15:04:29       0    1.00    0.00    0.00    0.00    0.00    0.00    0.00    0.00    0.00   99.00
15:04:29       1    0.00    0.00    0.00    0.00    0.00    0.00    0.00    0.00    0.00  100.00
15:04:29       2    1.01    0.00    1.01    0.00    0.00    0.00    0.00    0.00    0.00   97.98
15:04:29       3    0.00    0.00    0.00    0.00    0.00    0.00    0.00    0.00    0.00  100.00
15:04:29       4    2.02    0.00    2.02    0.00    0.00    0.00    0.00    0.00    0.00   95.96
15:04:29       5    0.00    0.00    0.00    0.00    0.00    0.00    0.00    0.00    0.00  100.00
15:04:29       6    2.00    0.00    0.00    0.00    0.00    0.00    0.00    0.00    0.00   98.00
15:04:29       7    0.00    0.00    0.00    0.00    0.00    0.00    0.00    0.00    0.00  100.00
15:04:29       8    3.00    0.00    0.00    0.00    0.00    0.00    0.00    0.00    0.00   97.00
15:04:29       9    0.00    0.00    0.00    0.00    0.00    0.00    0.00    0.00    0.00  100.00
15:04:29      10    5.94    0.00    1.98    0.00    0.00    0.00    0.00    0.00    0.00   92.08
15:04:29      11    0.00    0.00    0.00    0.00    0.00    0.00    0.00    0.00    0.00  100.00
15:04:29      12    0.00    0.00    0.00    0.00    0.00    0.00    0.00    0.00    0.00  100.00
15:04:29      13    0.00    0.00    0.00    0.00    0.00    0.00    0.00    0.00    0.00  100.00
15:04:29      14    1.02    0.00    0.00    0.00    0.00    0.00    0.00    0.00    0.00   98.98
15:04:29      15    1.00    0.00    0.00    0.00    0.00    2.00    0.00    0.00    0.00   97.00
15:04:29      16    1.00    0.00    0.00    0.00    0.00    0.00    0.00    0.00    0.00   99.00
15:04:29      17    0.99    0.00    0.99    0.00    0.00    0.00    0.00    0.00    0.00   98.02
15:04:29      18    0.99    0.00    0.00    0.00    0.00    0.00    0.00    0.00    0.00   99.01
15:04:29      19    0.00    0.00    0.00    0.00    0.00    0.00    0.00    0.00    0.00  100.00
15:04:29      20    2.02    0.00    0.00    0.00    0.00    0.00    0.00    0.00    0.00   97.98
15:04:29      21    0.00    0.00    0.00    0.00    0.00    0.00    0.00    0.00    0.00  100.00
15:04:29      22    2.00    0.00    1.00    0.00    0.00    0.00    0.00    0.00    0.00   97.00
15:04:29      23    2.00    0.00    0.00    0.00    0.00    0.00    0.00    0.00    0.00   98.00

15:04:29     CPU    %usr   %nice    %sys %iowait    %irq   %soft  %steal  %guest  %gnice   %idle
15:04:30     all    1.17    0.00    0.33    0.04    0.00    0.04    0.00    0.00    0.00   98.41
15:04:30       0    1.00    0.00    0.00    0.00    0.00    0.00    0.00    0.00    0.00   99.00
15:04:30       1    0.00    0.00    0.00    0.00    0.00    0.00    0.00    0.00    0.00  100.00
15:04:30       2    2.00    0.00    1.00    0.00    0.00    0.00    0.00    0.00    0.00   97.00
15:04:30       3    0.00    0.00    0.00    0.00    0.00    0.00    0.00    0.00    0.00  100.00
15:04:30       4    2.00    0.00    0.00    0.00    0.00    0.00    0.00    0.00    0.00   98.00
15:04:30       5    0.00    0.00    0.00    0.00    0.00    0.00    0.00    0.00    0.00  100.00
15:04:30       6    1.00    0.00    1.00    0.00    0.00    0.00    0.00    0.00    0.00   98.00
15:04:30       7    0.00    0.00    0.00    0.00    0.00    0.00    0.00    0.00    0.00  100.00
15:04:30       8    3.00    0.00    1.00    0.00    0.00    0.00    0.00    0.00    0.00   96.00
15:04:30       9    0.99    0.00    0.00    0.00    0.00    0.00    0.00    0.00    0.00   99.01
15:04:30      10    6.00    0.00    0.00    0.00    0.00    0.00    0.00    0.00    0.00   94.00
15:04:30      11    0.00    0.00    0.00    1.00    0.00    0.00    0.00    0.00    0.00   99.00
15:04:30      12    2.00    0.00    1.00    0.00    0.00    0.00    0.00    0.00    0.00   97.00
15:04:30      13    0.00    0.00    0.00    0.00    0.00    0.00    0.00    0.00    0.00  100.00
15:04:30      14    0.99    0.00    0.99    0.00    0.00    0.00    0.00    0.00    0.00   98.02
15:04:30      15    0.00    0.00    1.02    0.00    0.00    1.02    0.00    0.00    0.00   97.96
15:04:30      16    1.01    0.00    1.01    0.00    0.00    0.00    0.00    0.00    0.00   97.98
15:04:30      17    0.00    0.00    0.00    0.00    0.00    0.00    0.00    0.00    0.00  100.00
15:04:30      18    0.00    0.00    0.00    0.00    0.00    0.00    0.00    0.00    0.00  100.00
15:04:30      19    0.00    0.00    0.00    0.00    0.00    0.00    0.00    0.00    0.00  100.00
15:04:30      20    1.01    0.00    0.00    0.00    0.00    0.00    0.00    0.00    0.00   98.99
15:04:30      21    3.00    0.00    1.00    0.00    0.00    0.00    0.00    0.00    0.00   96.00
15:04:30      22    2.02    0.00    0.00    0.00    0.00    0.00    0.00    0.00    0.00   97.98
15:04:30      23    2.00    0.00    0.00    0.00    0.00    0.00    0.00    0.00    0.00   98.00

15:04:30     CPU    %usr   %nice    %sys %iowait    %irq   %soft  %steal  %guest  %gnice   %idle
15:04:31     all    1.00    0.00    0.33    0.00    0.00    0.08    0.00    0.00    0.00   98.58
15:04:31       0    1.01    0.00    1.01    0.00    0.00    0.00    0.00    0.00    0.00   97.98
15:04:31       1    0.00    0.00    0.00    0.00    0.00    0.00    0.00    0.00    0.00  100.00
15:04:31       2    1.00    0.00    0.00    0.00    0.00    0.00    0.00    0.00    0.00   99.00
15:04:31       3    0.00    0.00    0.00    0.00    0.00    0.00    0.00    0.00    0.00  100.00
15:04:31       4    2.00    0.00    1.00    0.00    0.00    0.00    0.00    0.00    0.00   97.00
15:04:31       5    0.00    0.00    0.00    0.00    0.00    0.00    0.00    0.00    0.00  100.00
15:04:31       6    2.00    0.00    1.00    0.00    0.00    0.00    0.00    0.00    0.00   97.00
15:04:31       7    0.00    0.00    0.00    0.00    0.00    0.00    0.00    0.00    0.00  100.00
15:04:31       8    4.04    0.00    2.02    0.00    0.00    0.00    0.00    0.00    0.00   93.94
15:04:31       9    0.00    0.00    0.00    0.00    0.00    0.00    0.00    0.00    0.00  100.00
15:04:31      10    4.00    0.00    1.00    0.00    0.00    0.00    0.00    0.00    0.00   95.00
15:04:31      11    0.00    0.00    0.00    0.00    0.00    0.00    0.00    0.00    0.00  100.00
15:04:31      12    2.02    0.00    0.00    0.00    0.00    0.00    0.00    0.00    0.00   97.98
15:04:31      13    0.00    0.00    0.00    0.00    0.00    0.00    0.00    0.00    0.00  100.00
15:04:31      14    2.00    0.00    0.00    0.00    0.00    0.00    0.00    0.00    0.00   98.00
15:04:31      15    0.00    0.00    0.00    0.00    0.00    2.02    0.00    0.00    0.00   97.98
15:04:31      16    1.01    0.00    0.00    0.00    0.00    0.00    0.00    0.00    0.00   98.99
15:04:31      17    0.00    0.00    0.00    0.00    0.00    0.00    0.00    0.00    0.00  100.00
15:04:31      18    0.00    0.00    0.00    0.00    0.00    0.00    0.00    0.00    0.00  100.00
15:04:31      19    0.99    0.00    0.00    0.00    0.00    0.00    0.00    0.00    0.00   99.01
15:04:31      20    1.00    0.00    0.00    0.00    0.00    0.00    0.00    0.00    0.00   99.00
15:04:31      21    1.00    0.00    1.00    0.00    0.00    0.00    0.00    0.00    0.00   98.00
15:04:31      22    1.02    0.00    1.02    0.00    0.00    0.00    0.00    0.00    0.00   97.96
15:04:31      23    1.00    0.00    0.00    0.00    0.00    0.00    0.00    0.00    0.00   99.00

15:04:31     CPU    %usr   %nice    %sys %iowait    %irq   %soft  %steal  %guest  %gnice   %idle
15:04:32     all    1.34    0.00    0.58    0.00    0.00    0.04    0.00    0.00    0.00   98.04
15:04:32       0    1.00    0.00    1.00    0.00    0.00    0.00    0.00    0.00    0.00   98.00
15:04:32       1    0.00    0.00    0.00    0.00    0.00    0.00    0.00    0.00    0.00  100.00
15:04:32       2    2.00    0.00    1.00    0.00    0.00    0.00    0.00    0.00    0.00   97.00
15:04:32       3    0.00    0.00    0.00    0.00    0.00    0.00    0.00    0.00    0.00  100.00
15:04:32       4    5.94    0.00    1.98    0.00    0.00    0.00    0.00    0.00    0.00   92.08
15:04:32       5    0.00    0.00    0.00    0.00    0.00    0.00    0.00    0.00    0.00  100.00
15:04:32       6    0.00    0.00    1.01    0.00    0.00    0.00    0.00    0.00    0.00   98.99
15:04:32       7    0.00    0.00    0.00    0.00    0.00    0.00    0.00    0.00    0.00  100.00
15:04:32       8    8.08    0.00    2.02    0.00    0.00    0.00    0.00    0.00    0.00   89.90
15:04:32       9    1.00    0.00    0.00    0.00    0.00    0.00    0.00    0.00    0.00   99.00
15:04:32      10    2.04    0.00    1.02    0.00    0.00    0.00    0.00    0.00    0.00   96.94
15:04:32      11    0.00    0.00    0.00    0.00    0.00    0.00    0.00    0.00    0.00  100.00
15:04:32      12    0.99    0.00    0.99    0.00    0.00    0.00    0.00    0.00    0.00   98.02
15:04:32      13    0.00    0.00    0.00    0.00    0.00    0.00    0.00    0.00    0.00  100.00
15:04:32      14    0.00    0.00    1.00    0.00    0.00    0.00    0.00    0.00    0.00   99.00
15:04:32      15    1.00    0.00    1.00    0.00    0.00    1.00    0.00    0.00    0.00   97.00
15:04:32      16    1.00    0.00    1.00    0.00    0.00    0.00    0.00    0.00    0.00   98.00
15:04:32      17    0.99    0.00    0.99    0.00    0.00    0.00    0.00    0.00    0.00   98.02
15:04:32      18    1.00    0.00    0.00    0.00    0.00    0.00    0.00    0.00    0.00   99.00
15:04:32      19    0.00    0.00    0.00    0.00    0.00    0.00    0.00    0.00    0.00  100.00
15:04:32      20    2.97    0.00    0.99    0.00    0.00    0.00    0.00    0.00    0.00   96.04
15:04:32      21    1.01    0.00    0.00    0.00    0.00    0.00    0.00    0.00    0.00   98.99
15:04:32      22    1.02    0.00    0.00    0.00    0.00    0.00    0.00    0.00    0.00   98.98
15:04:32      23    2.02    0.00    0.00    0.00    0.00    0.00    0.00    0.00    0.00   97.98

15:04:32     CPU    %usr   %nice    %sys %iowait    %irq   %soft  %steal  %guest  %gnice   %idle
15:04:33     all    1.09    0.00    0.38    0.00    0.00    0.08    0.00    0.00    0.00   98.45
15:04:33       0    1.00    0.00    0.00    0.00    0.00    0.00    0.00    0.00    0.00   99.00
15:04:33       1    0.00    0.00    0.00    0.00    0.00    0.00    0.00    0.00    0.00  100.00
15:04:33       2    1.01    0.00    0.00    0.00    0.00    0.00    0.00    0.00    0.00   98.99
15:04:33       3    0.00    0.00    0.00    0.00    0.00    0.00    0.00    0.00    0.00  100.00
15:04:33       4    1.02    0.00    0.00    0.00    0.00    0.00    0.00    0.00    0.00   98.98
15:04:33       5    0.99    0.00    0.00    0.00    0.00    0.00    0.00    0.00    0.00   99.01
15:04:33       6    1.00    0.00    1.00    0.00    0.00    0.00    0.00    0.00    0.00   98.00
15:04:33       7    0.00    0.00    0.00    0.00    0.00    0.00    0.00    0.00    0.00  100.00
15:04:33       8    5.00    0.00    1.00    0.00    0.00    0.00    0.00    0.00    0.00   94.00
15:04:33       9    0.99    0.00    0.99    0.00    0.00    0.00    0.00    0.00    0.00   98.02
15:04:33      10    2.00    0.00    1.00    0.00    0.00    0.00    0.00    0.00    0.00   97.00
15:04:33      11    0.00    0.00    0.00    0.00    0.00    0.00    0.00    0.00    0.00  100.00
15:04:33      12    0.00    0.00    0.00    0.00    0.00    0.00    0.00    0.00    0.00  100.00
15:04:33      13    0.00    0.00    0.00    0.00    0.00    0.00    0.00    0.00    0.00  100.00
15:04:33      14    2.02    0.00    0.00    0.00    0.00    0.00    0.00    0.00    0.00   97.98
15:04:33      15    0.00    0.00    0.00    0.00    0.00    2.02    0.00    0.00    0.00   97.98
15:04:33      16    1.01    0.00    0.00    0.00    0.00    0.00    0.00    0.00    0.00   98.99
15:04:33      17    0.00    0.00    0.00    0.00    0.00    0.00    0.00    0.00    0.00  100.00
15:04:33      18    0.00    0.00    1.01    0.00    0.00    0.00    0.00    0.00    0.00   98.99
15:04:33      19    0.00    0.00    0.00    0.00    0.00    0.00    0.00    0.00    0.00  100.00
15:04:33      20    2.97    0.00    0.99    0.00    0.00    0.00    0.00    0.00    0.00   96.04
15:04:33      21    1.98    0.00    0.99    0.00    0.00    0.00    0.00    0.00    0.00   97.03
15:04:33      22    3.00    0.00    1.00    0.00    0.00    0.00    0.00    0.00    0.00   96.00
15:04:33      23    1.98    0.00    0.99    0.00    0.00    0.00    0.00    0.00    0.00   97.03

15:04:33     CPU    %usr   %nice    %sys %iowait    %irq   %soft  %steal  %guest  %gnice   %idle
15:04:34     all    1.09    0.00    0.46    0.00    0.00    0.04    0.00    0.00    0.00   98.41
15:04:34       0    2.02    0.00    0.00    0.00    0.00    0.00    0.00    0.00    0.00   97.98
15:04:34       1    0.00    0.00    0.00    0.00    0.00    0.00    0.00    0.00    0.00  100.00
15:04:34       2    2.00    0.00    1.00    0.00    0.00    0.00    0.00    0.00    0.00   97.00
15:04:34       3    0.00    0.00    0.00    0.00    0.00    0.00    0.00    0.00    0.00  100.00
15:04:34       4    2.97    0.00    0.00    0.00    0.00    0.00    0.00    0.00    0.00   97.03
15:04:34       5    0.00    0.00    0.00    0.00    0.00    0.00    0.00    0.00    0.00  100.00
15:04:34       6    1.01    0.00    0.00    0.00    0.00    0.00    0.00    0.00    0.00   98.99
15:04:34       7    0.00    0.00    0.00    0.00    0.00    0.00    0.00    0.00    0.00  100.00
15:04:34       8    2.00    0.00    1.00    0.00    0.00    0.00    0.00    0.00    0.00   97.00
15:04:34       9    0.00    0.00    0.00    0.00    0.00    0.00    0.00    0.00    0.00  100.00
15:04:34      10    5.00    0.00    1.00    0.00    0.00    0.00    0.00    0.00    0.00   94.00
15:04:34      11    0.00    0.00    0.00    0.00    0.00    0.00    0.00    0.00    0.00  100.00
15:04:34      12    1.00    0.00    1.00    0.00    0.00    0.00    0.00    0.00    0.00   98.00
15:04:34      13    0.00    0.00    0.00    0.00    0.00    0.00    0.00    0.00    0.00  100.00
15:04:34      14    1.01    0.00    2.02    0.00    0.00    0.00    0.00    0.00    0.00   96.97
15:04:34      15    0.00    0.00    1.01    0.00    0.00    1.01    0.00    0.00    0.00   97.98
15:04:34      16    1.00    0.00    1.00    0.00    0.00    0.00    0.00    0.00    0.00   98.00
15:04:34      17    2.00    0.00    1.00    0.00    0.00    0.00    0.00    0.00    0.00   97.00
15:04:34      18    0.99    0.00    0.00    0.00    0.00    0.00    0.00    0.00    0.00   99.01
15:04:34      19    1.98    0.00    0.00    0.00    0.00    0.00    0.00    0.00    0.00   98.02
15:04:34      20    1.01    0.00    0.00    0.00    0.00    0.00    0.00    0.00    0.00   98.99
15:04:34      21    1.00    0.00    0.00    0.00    0.00    0.00    0.00    0.00    0.00   99.00
15:04:34      22    1.01    0.00    1.01    0.00    0.00    0.00    0.00    0.00    0.00   97.98
15:04:34      23    0.00    0.00    1.01    0.00    0.00    0.00    0.00    0.00    0.00   98.99

15:04:34     CPU    %usr   %nice    %sys %iowait    %irq   %soft  %steal  %guest  %gnice   %idle
15:04:35     all    1.13    0.00    0.25    0.04    0.00    0.04    0.00    0.00    0.00   98.54
15:04:35       0    2.00    0.00    0.00    0.00    0.00    0.00    0.00    0.00    0.00   98.00
15:04:35       1    0.00    0.00    0.00    0.00    0.00    0.00    0.00    0.00    0.00  100.00
15:04:35       2    0.00    0.00    1.01    0.00    0.00    0.00    0.00    0.00    0.00   98.99
15:04:35       3    0.00    0.00    0.00    0.00    0.00    0.00    0.00    0.00    0.00  100.00
15:04:35       4    1.01    0.00    0.00    0.00    0.00    0.00    0.00    0.00    0.00   98.99
15:04:35       5    0.00    0.00    0.00    0.00    0.00    0.00    0.00    0.00    0.00  100.00
15:04:35       6    4.04    0.00    0.00    0.00    0.00    0.00    0.00    0.00    0.00   95.96
15:04:35       7    0.00    0.00    0.00    0.00    0.00    0.00    0.00    0.00    0.00  100.00
15:04:35       8    2.02    0.00    1.01    0.00    0.00    0.00    0.00    0.00    0.00   96.97
15:04:35       9    1.00    0.00    0.00    0.00    0.00    0.00    0.00    0.00    0.00   99.00
15:04:35      10    5.00    0.00    1.00    0.00    0.00    0.00    0.00    0.00    0.00   94.00
15:04:35      11    0.00    0.00    0.00    0.00    0.00    0.00    0.00    0.00    0.00  100.00
15:04:35      12    1.00    0.00    0.00    1.00    0.00    0.00    0.00    0.00    0.00   98.00
15:04:35      13    0.99    0.00    0.00    0.00    0.00    0.00    0.00    0.00    0.00   99.01
15:04:35      14    1.00    0.00    1.00    0.00    0.00    0.00    0.00    0.00    0.00   98.00
15:04:35      15    1.01    0.00    0.00    0.00    0.00    1.01    0.00    0.00    0.00   97.98
15:04:35      16    1.00    0.00    0.00    0.00    0.00    0.00    0.00    0.00    0.00   99.00
15:04:35      17    1.00    0.00    0.00    0.00    0.00    0.00    0.00    0.00    0.00   99.00
15:04:35      18    1.02    0.00    0.00    0.00    0.00    0.00    0.00    0.00    0.00   98.98
15:04:35      19    0.00    0.00    0.00    0.00    0.00    0.00    0.00    0.00    0.00  100.00
15:04:35      20    1.98    0.00    0.00    0.00    0.00    0.00    0.00    0.00    0.00   98.02
15:04:35      21    1.00    0.00    1.00    0.00    0.00    0.00    0.00    0.00    0.00   98.00
15:04:35      22    0.00    0.00    0.00    0.00    0.00    0.00    0.00    0.00    0.00  100.00
15:04:35      23    1.98    0.00    0.99    0.00    0.00    0.00    0.00    0.00    0.00   97.03

15:04:35     CPU    %usr   %nice    %sys %iowait    %irq   %soft  %steal  %guest  %gnice   %idle
15:04:36     all    1.08    0.00    0.58    0.00    0.00    0.08    0.00    0.00    0.00   98.25
15:04:36       0    2.00    0.00    1.00    0.00    0.00    0.00    0.00    0.00    0.00   97.00
15:04:36       1    0.00    0.00    0.00    0.00    0.00    0.00    0.00    0.00    0.00  100.00
15:04:36       2    0.99    0.00    0.99    0.00    0.00    0.00    0.00    0.00    0.00   98.02
15:04:36       3    0.00    0.00    0.00    0.00    0.00    0.00    0.00    0.00    0.00  100.00
15:04:36       4    2.97    0.00    0.99    0.00    0.00    0.00    0.00    0.00    0.00   96.04
15:04:36       5    0.00    0.00    0.00    0.00    0.00    0.00    0.00    0.00    0.00  100.00
15:04:36       6    1.00    0.00    2.00    0.00    0.00    0.00    0.00    0.00    0.00   97.00
15:04:36       7    0.00    0.00    0.00    0.00    0.00    0.00    0.00    0.00    0.00  100.00
15:04:36       8    5.00    0.00    1.00    0.00    0.00    0.00    0.00    0.00    0.00   94.00
15:04:36       9    1.00    0.00    0.00    0.00    0.00    0.00    0.00    0.00    0.00   99.00
15:04:36      10    3.03    0.00    1.01    0.00    0.00    0.00    0.00    0.00    0.00   95.96
15:04:36      11    0.00    0.00    0.00    0.00    0.00    0.00    0.00    0.00    0.00  100.00
15:04:36      12    1.00    0.00    1.00    0.00    0.00    0.00    0.00    0.00    0.00   98.00
15:04:36      13    0.00    0.00    0.00    0.00    0.00    0.00    0.00    0.00    0.00  100.00
15:04:36      14    2.00    0.00    0.00    0.00    0.00    0.00    0.00    0.00    0.00   98.00
15:04:36      15    0.00    0.00    1.00    0.00    0.00    2.00    0.00    0.00    0.00   97.00
15:04:36      16    1.00    0.00    1.00    0.00    0.00    0.00    0.00    0.00    0.00   98.00
15:04:36      17    0.00    0.00    0.00    0.00    0.00    0.00    0.00    0.00    0.00  100.00
15:04:36      18    1.00    0.00    1.00    0.00    0.00    0.00    0.00    0.00    0.00   98.00
15:04:36      19    1.00    0.00    1.00    0.00    0.00    0.00    0.00    0.00    0.00   98.00
15:04:36      20    0.99    0.00    0.99    0.00    0.00    0.00    0.00    0.00    0.00   98.02
15:04:36      21    1.00    0.00    0.00    0.00    0.00    0.00    0.00    0.00    0.00   99.00
15:04:36      22    2.02    0.00    1.01    0.00    0.00    0.00    0.00    0.00    0.00   96.97
15:04:36      23    0.00    0.00    0.00    0.00    0.00    0.00    0.00    0.00    0.00  100.00

15:04:36     CPU    %usr   %nice    %sys %iowait    %irq   %soft  %steal  %guest  %gnice   %idle
15:04:37     all    0.88    0.00    0.21    0.00    0.00    0.04    0.00    0.00    0.00   98.87
15:04:37       0    0.00    0.00    0.00    0.00    0.00    0.00    0.00    0.00    0.00  100.00
15:04:37       1    0.00    0.00    0.00    0.00    0.00    0.00    0.00    0.00    0.00  100.00
15:04:37       2    0.00    0.00    0.00    0.00    0.00    0.00    0.00    0.00    0.00  100.00
15:04:37       3    0.00    0.00    0.00    0.00    0.00    0.00    0.00    0.00    0.00  100.00
15:04:37       4    2.02    0.00    0.00    0.00    0.00    0.00    0.00    0.00    0.00   97.98
15:04:37       5    0.00    0.00    0.00    0.00    0.00    0.00    0.00    0.00    0.00  100.00
15:04:37       6    1.00    0.00    0.00    0.00    0.00    0.00    0.00    0.00    0.00   99.00
15:04:37       7    0.00    0.00    0.00    0.00    0.00    0.00    0.00    0.00    0.00  100.00
15:04:37       8    4.04    0.00    0.00    0.00    0.00    0.00    0.00    0.00    0.00   95.96
15:04:37       9    0.00    0.00    0.00    0.00    0.00    0.00    0.00    0.00    0.00  100.00
15:04:37      10    1.01    0.00    1.01    0.00    0.00    0.00    0.00    0.00    0.00   97.98
15:04:37      11    0.99    0.00    0.00    0.00    0.00    0.00    0.00    0.00    0.00   99.01
15:04:37      12    1.00    0.00    1.00    0.00    0.00    0.00    0.00    0.00    0.00   98.00
15:04:37      13    0.00    0.00    0.00    0.00    0.00    0.00    0.00    0.00    0.00  100.00
15:04:37      14    1.00    0.00    1.00    0.00    0.00    0.00    0.00    0.00    0.00   98.00
15:04:37      15    0.00    0.00    0.00    0.00    0.00    1.03    0.00    0.00    0.00   98.97
15:04:37      16    1.01    0.00    0.00    0.00    0.00    0.00    0.00    0.00    0.00   98.99
15:04:37      17    2.00    0.00    1.00    0.00    0.00    0.00    0.00    0.00    0.00   97.00
15:04:37      18    2.00    0.00    0.00    0.00    0.00    0.00    0.00    0.00    0.00   98.00
15:04:37      19    2.00    0.00    0.00    0.00    0.00    0.00    0.00    0.00    0.00   98.00
15:04:37      20    1.02    0.00    0.00    0.00    0.00    0.00    0.00    0.00    0.00   98.98
15:04:37      21    0.00    0.00    0.00    0.00    0.00    0.00    0.00    0.00    0.00  100.00
15:04:37      22    1.01    0.00    0.00    0.00    0.00    0.00    0.00    0.00    0.00   98.99
15:04:37      23    0.99    0.00    0.99    0.00    0.00    0.00    0.00    0.00    0.00   98.02

15:04:37     CPU    %usr   %nice    %sys %iowait    %irq   %soft  %steal  %guest  %gnice   %idle
15:04:38     all    0.84    0.00    0.34    0.00    0.00    0.08    0.00    0.00    0.00   98.74
15:04:38       0    0.00    0.00    0.00    0.00    0.00    0.00    0.00    0.00    0.00  100.00
15:04:38       1    0.00    0.00    0.00    0.00    0.00    0.00    0.00    0.00    0.00  100.00
15:04:38       2    1.01    0.00    0.00    0.00    0.00    0.00    0.00    0.00    0.00   98.99
15:04:38       3    0.00    0.00    0.00    0.00    0.00    0.00    0.00    0.00    0.00  100.00
15:04:38       4    2.00    0.00    1.00    0.00    0.00    0.00    0.00    0.00    0.00   97.00
15:04:38       5    0.00    0.00    0.00    0.00    0.00    0.00    0.00    0.00    0.00  100.00
15:04:38       6    1.00    0.00    2.00    0.00    0.00    0.00    0.00    0.00    0.00   97.00
15:04:38       7    0.00    0.00    0.00    0.00    0.00    0.00    0.00    0.00    0.00  100.00
15:04:38       8    3.06    0.00    0.00    0.00    0.00    1.02    0.00    0.00    0.00   95.92
15:04:38       9    1.00    0.00    0.00    0.00    0.00    0.00    0.00    0.00    0.00   99.00
15:04:38      10    2.00    0.00    3.00    0.00    0.00    0.00    0.00    0.00    0.00   95.00
15:04:38      11    0.00    0.00    0.00    0.00    0.00    0.00    0.00    0.00    0.00  100.00
15:04:38      12    1.00    0.00    0.00    0.00    0.00    0.00    0.00    0.00    0.00   99.00
15:04:38      13    0.00    0.00    0.00    0.00    0.00    0.00    0.00    0.00    0.00  100.00
15:04:38      14    0.00    0.00    0.00    0.00    0.00    0.00    0.00    0.00    0.00  100.00
15:04:38      15    1.01    0.00    0.00    0.00    0.00    1.01    0.00    0.00    0.00   97.98
15:04:38      16    1.01    0.00    1.01    0.00    0.00    0.00    0.00    0.00    0.00   97.98
15:04:38      17    0.00    0.00    0.00    0.00    0.00    0.00    0.00    0.00    0.00  100.00
15:04:38      18    1.00    0.00    0.00    0.00    0.00    0.00    0.00    0.00    0.00   99.00
15:04:38      19    0.00    0.00    0.00    0.00    0.00    0.00    0.00    0.00    0.00  100.00
15:04:38      20    2.00    0.00    0.00    0.00    0.00    0.00    0.00    0.00    0.00   98.00
15:04:38      21    1.00    0.00    0.00    0.00    0.00    0.00    0.00    0.00    0.00   99.00
15:04:38      22    2.04    0.00    0.00    0.00    0.00    0.00    0.00    0.00    0.00   97.96
15:04:38      23    1.01    0.00    1.01    0.00    0.00    0.00    0.00    0.00    0.00   97.98

15:04:38     CPU    %usr   %nice    %sys %iowait    %irq   %soft  %steal  %guest  %gnice   %idle
15:04:39     all    1.21    0.00    0.42    0.00    0.00    0.04    0.00    0.00    0.00   98.33
15:04:39       0    1.00    0.00    0.00    0.00    0.00    0.00    0.00    0.00    0.00   99.00
15:04:39       1    0.00    0.00    0.00    0.00    0.00    0.00    0.00    0.00    0.00  100.00
15:04:39       2    1.98    0.00    1.98    0.00    0.00    0.00    0.00    0.00    0.00   96.04
15:04:39       3    0.00    0.00    0.00    0.00    0.00    0.00    0.00    0.00    0.00  100.00
15:04:39       4    1.02    0.00    0.00    0.00    0.00    0.00    0.00    0.00    0.00   98.98
15:04:39       5    0.00    0.00    0.00    0.00    0.00    0.00    0.00    0.00    0.00  100.00
15:04:39       6    1.01    0.00    0.00    0.00    0.00    0.00    0.00    0.00    0.00   98.99
15:04:39       7    0.00    0.00    0.00    0.00    0.00    0.00    0.00    0.00    0.00  100.00
15:04:39       8    6.00    0.00    1.00    0.00    0.00    0.00    0.00    0.00    0.00   93.00
15:04:39       9    0.99    0.00    0.00    0.00    0.00    0.00    0.00    0.00    0.00   99.01
15:04:39      10    2.02    0.00    1.01    0.00    0.00    0.00    0.00    0.00    0.00   96.97
15:04:39      11    0.00    0.00    0.00    0.00    0.00    0.00    0.00    0.00    0.00  100.00
15:04:39      12    2.02    0.00    0.00    0.00    0.00    0.00    0.00    0.00    0.00   97.98
15:04:39      13    0.00    0.00    0.00    0.00    0.00    0.00    0.00    0.00    0.00  100.00
15:04:39      14    1.01    0.00    0.00    0.00    0.00    0.00    0.00    0.00    0.00   98.99
15:04:39      15    0.00    0.00    0.00    0.00    0.00    1.01    0.00    0.00    0.00   98.99
15:04:39      16    1.00    0.00    1.00    0.00    0.00    0.00    0.00    0.00    0.00   98.00
15:04:39      17    1.98    0.00    1.98    0.00    0.00    0.00    0.00    0.00    0.00   96.04
15:04:39      18    1.00    0.00    1.00    0.00    0.00    0.00    0.00    0.00    0.00   98.00
15:04:39      19    2.00    0.00    0.00    0.00    0.00    0.00    0.00    0.00    0.00   98.00
15:04:39      20    1.98    0.00    0.99    0.00    0.00    0.00    0.00    0.00    0.00   97.03
15:04:39      21    1.00    0.00    0.00    0.00    0.00    0.00    0.00    0.00    0.00   99.00
15:04:39      22    1.01    0.00    1.01    0.00    0.00    0.00    0.00    0.00    0.00   97.98
15:04:39      23    1.98    0.00    0.00    0.00    0.00    0.00    0.00    0.00    0.00   98.02

15:04:39     CPU    %usr   %nice    %sys %iowait    %irq   %soft  %steal  %guest  %gnice   %idle
15:04:40     all    0.92    0.00    0.42    0.08    0.00    0.04    0.00    0.00    0.00   98.54
15:04:40       0    1.00    0.00    0.00    0.00    0.00    0.00    0.00    0.00    0.00   99.00
15:04:40       1    0.00    0.00    0.00    0.00    0.00    0.00    0.00    0.00    0.00  100.00
15:04:40       2    0.00    0.00    0.00    0.00    0.00    0.00    0.00    0.00    0.00  100.00
15:04:40       3    0.00    0.00    0.00    0.00    0.00    0.00    0.00    0.00    0.00  100.00
15:04:40       4    1.00    0.00    0.00    0.00    0.00    0.00    0.00    0.00    0.00   99.00
15:04:40       5    0.00    0.00    0.00    0.00    0.00    0.00    0.00    0.00    0.00  100.00
15:04:40       6    1.01    0.00    0.00    0.00    0.00    0.00    0.00    0.00    0.00   98.99
15:04:40       7    0.00    0.00    0.00    0.00    0.00    0.00    0.00    0.00    0.00  100.00
15:04:40       8    3.03    0.00    2.02    0.00    0.00    0.00    0.00    0.00    0.00   94.95
15:04:40       9    0.00    0.00    0.00    0.00    0.00    0.00    0.00    0.00    0.00  100.00
15:04:40      10    5.00    0.00    2.00    1.00    0.00    0.00    0.00    0.00    0.00   92.00
15:04:40      11    0.00    0.00    0.00    1.00    0.00    0.00    0.00    0.00    0.00   99.00
15:04:40      12    1.01    0.00    1.01    0.00    0.00    0.00    0.00    0.00    0.00   97.98
15:04:40      13    0.00    0.00    0.00    0.00    0.00    0.00    0.00    0.00    0.00  100.00
15:04:40      14    1.01    0.00    0.00    0.00    0.00    0.00    0.00    0.00    0.00   98.99
15:04:40      15    0.00    0.00    1.02    0.00    0.00    1.02    0.00    0.00    0.00   97.96
15:04:40      16    2.00    0.00    1.00    0.00    0.00    0.00    0.00    0.00    0.00   97.00
15:04:40      17    1.01    0.00    0.00    0.00    0.00    0.00    0.00    0.00    0.00   98.99
15:04:40      18    1.00    0.00    1.00    0.00    0.00    0.00    0.00    0.00    0.00   98.00
15:04:40      19    1.00    0.00    0.00    0.00    0.00    0.00    0.00    0.00    0.00   99.00
15:04:40      20    1.00    0.00    0.00    0.00    0.00    0.00    0.00    0.00    0.00   99.00
15:04:40      21    0.99    0.00    0.99    0.00    0.00    0.00    0.00    0.00    0.00   98.02
15:04:40      22    1.01    0.00    0.00    0.00    0.00    0.00    0.00    0.00    0.00   98.99
15:04:40      23    0.99    0.00    0.99    0.00    0.00    0.00    0.00    0.00    0.00   98.02

15:04:40     CPU    %usr   %nice    %sys %iowait    %irq   %soft  %steal  %guest  %gnice   %idle
15:04:41     all    1.00    0.00    0.33    0.00    0.00    0.04    0.00    0.00    0.00   98.62
15:04:41       0    1.01    0.00    1.01    0.00    0.00    0.00    0.00    0.00    0.00   97.98
15:04:41       1    0.00    0.00    0.00    0.00    0.00    0.00    0.00    0.00    0.00  100.00
15:04:41       2    1.00    0.00    1.00    0.00    0.00    0.00    0.00    0.00    0.00   98.00
15:04:41       3    0.00    0.00    0.00    0.00    0.00    0.00    0.00    0.00    0.00  100.00
15:04:41       4    2.00    0.00    1.00    0.00    0.00    0.00    0.00    0.00    0.00   97.00
15:04:41       5    0.00    0.00    0.00    0.00    0.00    0.00    0.00    0.00    0.00  100.00
15:04:41       6    2.00    0.00    1.00    0.00    0.00    0.00    0.00    0.00    0.00   97.00
15:04:41       7    0.00    0.00    0.00    0.00    0.00    0.00    0.00    0.00    0.00  100.00
15:04:41       8    4.04    0.00    1.01    0.00    0.00    0.00    0.00    0.00    0.00   94.95
15:04:41       9    0.99    0.00    0.00    0.00    0.00    0.00    0.00    0.00    0.00   99.01
15:04:41      10    3.03    0.00    1.01    0.00    0.00    0.00    0.00    0.00    0.00   95.96
15:04:41      11    0.00    0.00    0.00    0.00    0.00    0.00    0.00    0.00    0.00  100.00
15:04:41      12    2.00    0.00    0.00    0.00    0.00    0.00    0.00    0.00    0.00   98.00
15:04:41      13    0.00    0.00    0.00    0.00    0.00    0.00    0.00    0.00    0.00  100.00
15:04:41      14    1.98    0.00    0.00    0.00    0.00    0.00    0.00    0.00    0.00   98.02
15:04:41      15    0.00    0.00    0.00    0.00    0.00    1.02    0.00    0.00    0.00   98.98
15:04:41      16    1.00    0.00    1.00    0.00    0.00    0.00    0.00    0.00    0.00   98.00
15:04:41      17    0.00    0.00    1.00    0.00    0.00    0.00    0.00    0.00    0.00   99.00
15:04:41      18    0.00    0.00    0.00    0.00    0.00    0.00    0.00    0.00    0.00  100.00
15:04:41      19    1.00    0.00    0.00    0.00    0.00    0.00    0.00    0.00    0.00   99.00
15:04:41      20    1.02    0.00    0.00    0.00    0.00    0.00    0.00    0.00    0.00   98.98
15:04:41      21    1.00    0.00    0.00    0.00    0.00    0.00    0.00    0.00    0.00   99.00
15:04:41      22    1.02    0.00    0.00    0.00    0.00    0.00    0.00    0.00    0.00   98.98
15:04:41      23    1.01    0.00    0.00    0.00    0.00    0.00    0.00    0.00    0.00   98.99

15:04:41     CPU    %usr   %nice    %sys %iowait    %irq   %soft  %steal  %guest  %gnice   %idle
15:04:42     all    1.00    0.00    0.50    0.00    0.00    0.08    0.00    0.00    0.00   98.42
15:04:42       0    2.00    0.00    1.00    0.00    0.00    0.00    0.00    0.00    0.00   97.00
15:04:42       1    0.00    0.00    0.00    0.00    0.00    0.00    0.00    0.00    0.00  100.00
15:04:42       2    2.02    0.00    0.00    0.00    0.00    0.00    0.00    0.00    0.00   97.98
15:04:42       3    0.00    0.00    0.00    0.00    0.00    0.00    0.00    0.00    0.00  100.00
15:04:42       4    1.00    0.00    1.00    0.00    0.00    0.00    0.00    0.00    0.00   98.00
15:04:42       5    0.00    0.00    0.00    0.00    0.00    0.00    0.00    0.00    0.00  100.00
15:04:42       6    1.00    0.00    1.00    0.00    0.00    0.00    0.00    0.00    0.00   98.00
15:04:42       7    0.00    0.00    0.00    0.00    0.00    0.00    0.00    0.00    0.00  100.00
15:04:42       8    2.97    0.00    1.98    0.00    0.00    0.00    0.00    0.00    0.00   95.05
15:04:42       9    0.00    0.00    0.00    0.00    0.00    0.00    0.00    0.00    0.00  100.00
15:04:42      10    5.94    0.00    0.99    0.00    0.00    0.00    0.00    0.00    0.00   93.07
15:04:42      11    0.00    0.00    0.99    0.00    0.00    0.00    0.00    0.00    0.00   99.01
15:04:42      12    1.00    0.00    1.00    0.00    0.00    0.00    0.00    0.00    0.00   98.00
15:04:42      13    0.00    0.00    0.00    0.00    0.00    0.00    0.00    0.00    0.00  100.00
15:04:42      14    1.01    0.00    1.01    0.00    0.00    0.00    0.00    0.00    0.00   97.98
15:04:42      15    0.00    0.00    1.00    0.00    0.00    2.00    0.00    0.00    0.00   97.00
15:04:42      16    2.00    0.00    0.00    0.00    0.00    0.00    0.00    0.00    0.00   98.00
15:04:42      17    1.00    0.00    0.00    0.00    0.00    0.00    0.00    0.00    0.00   99.00
15:04:42      18    0.99    0.00    0.99    0.00    0.00    0.00    0.00    0.00    0.00   98.02
15:04:42      19    0.00    0.00    0.00    0.00    0.00    0.00    0.00    0.00    0.00  100.00
15:04:42      20    0.99    0.00    0.99    0.00    0.00    0.00    0.00    0.00    0.00   98.02
15:04:42      21    0.00    0.00    0.00    0.00    0.00    0.00    0.00    0.00    0.00  100.00
15:04:42      22    1.01    0.00    0.00    0.00    0.00    0.00    0.00    0.00    0.00   98.99
15:04:42      23    1.00    0.00    0.00    0.00    0.00    0.00    0.00    0.00    0.00   99.00

15:04:42     CPU    %usr   %nice    %sys %iowait    %irq   %soft  %steal  %guest  %gnice   %idle
15:04:43     all    1.30    0.00    0.25    0.04    0.00    0.08    0.00    0.00    0.00   98.33
15:04:43       0    1.00    0.00    1.00    0.00    0.00    0.00    0.00    0.00    0.00   98.00
15:04:43       1    0.00    0.00    1.00    0.00    0.00    0.00    0.00    0.00    0.00   99.00
15:04:43       2    1.01    0.00    0.00    0.00    0.00    0.00    0.00    0.00    0.00   98.99
15:04:43       3    0.00    0.00    0.00    0.00    0.00    0.00    0.00    0.00    0.00  100.00
15:04:43       4    2.04    0.00    0.00    0.00    0.00    0.00    0.00    0.00    0.00   97.96
15:04:43       5    0.00    0.00    0.00    0.00    0.00    0.00    0.00    0.00    0.00  100.00
15:04:43       6    2.02    0.00    0.00    0.00    0.00    0.00    0.00    0.00    0.00   97.98
15:04:43       7    0.00    0.00    0.00    0.00    0.00    0.00    0.00    0.00    0.00  100.00
15:04:43       8    5.10    0.00    0.00    0.00    0.00    0.00    0.00    0.00    0.00   94.90
15:04:43       9    1.00    0.00    0.00    0.00    0.00    0.00    0.00    0.00    0.00   99.00
15:04:43      10    4.04    0.00    0.00    0.00    0.00    0.00    0.00    0.00    0.00   95.96
15:04:43      11    0.00    0.00    0.00    0.99    0.00    0.00    0.00    0.00    0.00   99.01
15:04:43      12    2.00    0.00    1.00    0.00    0.00    0.00    0.00    0.00    0.00   97.00
15:04:43      13    0.00    0.00    0.00    0.00    0.00    0.00    0.00    0.00    0.00  100.00
15:04:43      14    2.00    0.00    0.00    0.00    0.00    0.00    0.00    0.00    0.00   98.00
15:04:43      15    1.00    0.00    0.00    0.00    0.00    2.00    0.00    0.00    0.00   97.00
15:04:43      16    1.00    0.00    1.00    0.00    0.00    0.00    0.00    0.00    0.00   98.00
15:04:43      17    1.01    0.00    0.00    0.00    0.00    0.00    0.00    0.00    0.00   98.99
15:04:43      18    1.01    0.00    0.00    0.00    0.00    0.00    0.00    0.00    0.00   98.99
15:04:43      19    1.00    0.00    0.00    0.00    0.00    0.00    0.00    0.00    0.00   99.00
15:04:43      20    2.00    0.00    0.00    0.00    0.00    0.00    0.00    0.00    0.00   98.00
15:04:43      21    1.98    0.00    0.99    0.00    0.00    0.00    0.00    0.00    0.00   97.03
15:04:43      22    1.02    0.00    0.00    0.00    0.00    0.00    0.00    0.00    0.00   98.98
15:04:43      23    1.00    0.00    1.00    0.00    0.00    0.00    0.00    0.00    0.00   98.00

15:04:43     CPU    %usr   %nice    %sys %iowait    %irq   %soft  %steal  %guest  %gnice   %idle
15:04:44     all    1.00    0.00    0.42    0.00    0.00    0.04    0.00    0.00    0.00   98.54
15:04:44       0    0.00    0.00    1.01    0.00    0.00    0.00    0.00    0.00    0.00   98.99
15:04:44       1    0.00    0.00    0.00    0.00    0.00    0.00    0.00    0.00    0.00  100.00
15:04:44       2    2.00    0.00    0.00    0.00    0.00    0.00    0.00    0.00    0.00   98.00
15:04:44       3    0.00    0.00    0.00    0.00    0.00    0.00    0.00    0.00    0.00  100.00
15:04:44       4    1.98    0.00    0.99    0.00    0.00    0.00    0.00    0.00    0.00   97.03
15:04:44       5    0.00    0.00    0.00    0.00    0.00    0.00    0.00    0.00    0.00  100.00
15:04:44       6    1.00    0.00    0.00    0.00    0.00    0.00    0.00    0.00    0.00   99.00
15:04:44       7    0.00    0.00    0.00    0.00    0.00    0.00    0.00    0.00    0.00  100.00
15:04:44       8    3.00    0.00    1.00    0.00    0.00    0.00    0.00    0.00    0.00   96.00
15:04:44       9    1.00    0.00    0.00    0.00    0.00    0.00    0.00    0.00    0.00   99.00
15:04:44      10    1.00    0.00    2.00    0.00    0.00    0.00    0.00    0.00    0.00   97.00
15:04:44      11    0.00    0.00    0.00    0.00    0.00    0.00    0.00    0.00    0.00  100.00
15:04:44      12    0.00    0.00    1.01    0.00    0.00    0.00    0.00    0.00    0.00   98.99
15:04:44      13    0.00    0.00    0.00    0.00    0.00    0.00    0.00    0.00    0.00  100.00
15:04:44      14    1.00    0.00    1.00    0.00    0.00    0.00    0.00    0.00    0.00   98.00
15:04:44      15    0.00    0.00    1.01    0.00    0.00    1.01    0.00    0.00    0.00   97.98
15:04:44      16    2.02    0.00    0.00    0.00    0.00    0.00    0.00    0.00    0.00   97.98
15:04:44      17    2.02    0.00    0.00    0.00    0.00    0.00    0.00    0.00    0.00   97.98
15:04:44      18    1.98    0.00    0.99    0.00    0.00    0.00    0.00    0.00    0.00   97.03
15:04:44      19    1.01    0.00    0.00    0.00    0.00    0.00    0.00    0.00    0.00   98.99
15:04:44      20    1.00    0.00    0.00    0.00    0.00    0.00    0.00    0.00    0.00   99.00
15:04:44      21    1.98    0.00    0.99    0.00    0.00    0.00    0.00    0.00    0.00   97.03
15:04:44      22    2.04    0.00    0.00    0.00    0.00    0.00    0.00    0.00    0.00   97.96
15:04:44      23    1.00    0.00    0.00    0.00    0.00    0.00    0.00    0.00    0.00   99.00

15:04:44     CPU    %usr   %nice    %sys %iowait    %irq   %soft  %steal  %guest  %gnice   %idle
15:04:45     all    1.01    0.00    0.38    0.00    0.00    0.04    0.00    0.00    0.00   98.58
15:04:45       0    3.00    0.00    1.00    0.00    0.00    0.00    0.00    0.00    0.00   96.00
15:04:45       1    0.00    0.00    0.00    0.00    0.00    0.00    0.00    0.00    0.00  100.00
15:04:45       2    1.00    0.00    1.00    0.00    0.00    0.00    0.00    0.00    0.00   98.00
15:04:45       3    0.00    0.00    0.00    0.00    0.00    0.00    0.00    0.00    0.00  100.00
15:04:45       4    1.01    0.00    0.00    0.00    0.00    0.00    0.00    0.00    0.00   98.99
15:04:45       5    0.00    0.00    0.00    0.00    0.00    0.00    0.00    0.00    0.00  100.00
15:04:45       6    3.00    0.00    1.00    0.00    0.00    0.00    0.00    0.00    0.00   96.00
15:04:45       7    0.00    0.00    0.00    0.00    0.00    0.00    0.00    0.00    0.00  100.00
15:04:45       8    5.00    0.00    1.00    0.00    0.00    0.00    0.00    0.00    0.00   94.00
15:04:45       9    2.00    0.00    0.00    0.00    0.00    0.00    0.00    0.00    0.00   98.00
15:04:45      10    2.02    0.00    1.01    0.00    0.00    0.00    0.00    0.00    0.00   96.97
15:04:45      11    0.00    0.00    0.00    0.00    0.00    0.00    0.00    0.00    0.00  100.00
15:04:45      12    1.01    0.00    1.01    0.00    0.00    0.00    0.00    0.00    0.00   97.98
15:04:45      13    0.00    0.00    0.00    0.00    0.00    0.00    0.00    0.00    0.00  100.00
15:04:45      14    1.01    0.00    0.00    0.00    0.00    0.00    0.00    0.00    0.00   98.99
15:04:45      15    0.00    0.00    0.00    0.00    0.00    1.02    0.00    0.00    0.00   98.98
15:04:45      16    1.01    0.00    0.00    0.00    0.00    0.00    0.00    0.00    0.00   98.99
15:04:45      17    1.01    0.00    1.01    0.00    0.00    0.00    0.00    0.00    0.00   97.98
15:04:45      18    0.00    0.00    0.00    0.00    0.00    0.00    0.00    0.00    0.00  100.00
15:04:45      19    1.00    0.00    0.00    0.00    0.00    0.00    0.00    0.00    0.00   99.00
15:04:45      20    0.00    0.00    0.00    0.00    0.00    0.00    0.00    0.00    0.00  100.00
15:04:45      21    0.00    0.00    0.00    0.00    0.00    0.00    0.00    0.00    0.00  100.00
15:04:45      22    1.01    0.00    1.01    0.00    0.00    0.00    0.00    0.00    0.00   97.98
15:04:45      23    1.00    0.00    1.00    0.00    0.00    0.00    0.00    0.00    0.00   98.00

15:04:45     CPU    %usr   %nice    %sys %iowait    %irq   %soft  %steal  %guest  %gnice   %idle
15:04:46     all    2.88    0.00    0.54    0.00    0.00    0.13    0.00    0.00    0.00   96.45
15:04:46       0    2.04    0.00    0.00    0.00    0.00    0.00    0.00    0.00    0.00   97.96
15:04:46       1    2.00    0.00    0.00    0.00    0.00    0.00    0.00    0.00    0.00   98.00
15:04:46       2    3.00    0.00    0.00    0.00    0.00    0.00    0.00    0.00    0.00   97.00
15:04:46       3    2.00    0.00    0.00    0.00    0.00    0.00    0.00    0.00    0.00   98.00
15:04:46       4    4.00    0.00    2.00    0.00    0.00    0.00    0.00    0.00    0.00   94.00
15:04:46       5    0.00    0.00    0.00    0.00    0.00    0.00    0.00    0.00    0.00  100.00
15:04:46       6    1.98    0.00    0.99    0.00    0.00    0.00    0.00    0.00    0.00   97.03
15:04:46       7    2.00    0.00    0.00    0.00    0.00    0.00    0.00    0.00    0.00   98.00
15:04:46       8    3.03    0.00    0.00    0.00    0.00    0.00    0.00    0.00    0.00   96.97
15:04:46       9   13.00    0.00    0.00    0.00    0.00    0.00    0.00    0.00    0.00   87.00
15:04:46      10    7.00    0.00    1.00    0.00    0.00    0.00    0.00    0.00    0.00   92.00
15:04:46      11    0.00    0.00    0.00    0.00    0.00    0.00    0.00    0.00    0.00  100.00
15:04:46      12    1.98    0.00    0.99    0.00    0.00    0.99    0.00    0.00    0.00   96.04
15:04:46      13    0.00    0.00    0.00    0.00    0.00    0.00    0.00    0.00    0.00  100.00
15:04:46      14    4.00    0.00    1.00    0.00    0.00    0.00    0.00    0.00    0.00   95.00
15:04:46      15    0.99    0.00    0.99    0.00    0.00    1.98    0.00    0.00    0.00   96.04
15:04:46      16    4.04    0.00    1.01    0.00    0.00    0.00    0.00    0.00    0.00   94.95
15:04:46      17    3.03    0.00    1.01    0.00    0.00    0.00    0.00    0.00    0.00   95.96
15:04:46      18    2.00    0.00    0.00    0.00    0.00    0.00    0.00    0.00    0.00   98.00
15:04:46      19    1.01    0.00    1.01    0.00    0.00    0.00    0.00    0.00    0.00   97.98
15:04:46      20    3.92    0.00    0.98    0.00    0.00    0.00    0.00    0.00    0.00   95.10
15:04:46      21    2.00    0.00    0.00    0.00    0.00    0.00    0.00    0.00    0.00   98.00
15:04:46      22    2.04    0.00    1.02    0.00    0.00    0.00    0.00    0.00    0.00   96.94
15:04:46      23    4.04    0.00    1.01    0.00    0.00    0.00    0.00    0.00    0.00   94.95

15:04:46     CPU    %usr   %nice    %sys %iowait    %irq   %soft  %steal  %guest  %gnice   %idle
15:04:47     all    1.50    0.00    0.42    0.00    0.00    0.08    0.00    0.00    0.00   97.99
15:04:47       0    2.00    0.00    1.00    0.00    0.00    0.00    0.00    0.00    0.00   97.00
15:04:47       1    0.00    0.00    0.00    0.00    0.00    0.00    0.00    0.00    0.00  100.00
15:04:47       2    1.01    0.00    1.01    0.00    0.00    0.00    0.00    0.00    0.00   97.98
15:04:47       3    0.00    0.00    0.00    0.00    0.00    0.00    0.00    0.00    0.00  100.00
15:04:47       4    1.01    0.00    0.00    0.00    0.00    0.00    0.00    0.00    0.00   98.99
15:04:47       5    0.00    0.00    0.00    0.00    0.00    0.00    0.00    0.00    0.00  100.00
15:04:47       6    1.00    0.00    0.00    0.00    0.00    0.00    0.00    0.00    0.00   99.00
15:04:47       7    0.00    0.00    0.00    0.00    0.00    0.00    0.00    0.00    0.00  100.00
15:04:47       8    6.00    0.00    0.00    0.00    0.00    0.00    0.00    0.00    0.00   94.00
15:04:47       9    4.00    0.00    0.00    0.00    0.00    0.00    0.00    0.00    0.00   96.00
15:04:47      10    2.00    0.00    2.00    0.00    0.00    0.00    0.00    0.00    0.00   96.00
15:04:47      11    0.00    0.00    0.00    0.00    0.00    0.00    0.00    0.00    0.00  100.00
15:04:47      12    1.98    0.00    0.99    0.00    0.00    0.00    0.00    0.00    0.00   97.03
15:04:47      13    0.99    0.00    0.00    0.00    0.00    0.00    0.00    0.00    0.00   99.01
15:04:47      14    1.02    0.00    1.02    0.00    0.00    0.00    0.00    0.00    0.00   97.96
15:04:47      15    0.00    0.00    0.00    0.00    0.00    2.04    0.00    0.00    0.00   97.96
15:04:47      16    2.02    0.00    1.01    0.00    0.00    0.00    0.00    0.00    0.00   96.97
15:04:47      17    3.03    0.00    0.00    0.00    0.00    0.00    0.00    0.00    0.00   96.97
15:04:47      18    3.00    0.00    1.00    0.00    0.00    0.00    0.00    0.00    0.00   96.00
15:04:47      19    2.00    0.00    0.00    0.00    0.00    0.00    0.00    0.00    0.00   98.00
15:04:47      20    1.01    0.00    0.00    0.00    0.00    0.00    0.00    0.00    0.00   98.99
15:04:47      21    2.00    0.00    1.00    0.00    0.00    0.00    0.00    0.00    0.00   97.00
15:04:47      22    1.01    0.00    0.00    0.00    0.00    0.00    0.00    0.00    0.00   98.99
15:04:47      23    0.99    0.00    0.99    0.00    0.00    0.00    0.00    0.00    0.00   98.02

15:04:47     CPU    %usr   %nice    %sys %iowait    %irq   %soft  %steal  %guest  %gnice   %idle
15:04:48     all    1.05    0.00    0.42    0.04    0.00    0.08    0.00    0.00    0.00   98.41
15:04:48       0    2.00    0.00    1.00    0.00    0.00    0.00    0.00    0.00    0.00   97.00
15:04:48       1    0.00    0.00    0.00    0.00    0.00    0.00    0.00    0.00    0.00  100.00
15:04:48       2    1.00    0.00    0.00    0.00    0.00    0.00    0.00    0.00    0.00   99.00
15:04:48       3    0.00    0.00    0.00    0.00    0.00    0.00    0.00    0.00    0.00  100.00
15:04:48       4    1.98    0.00    0.99    0.00    0.00    0.00    0.00    0.00    0.00   97.03
15:04:48       5    0.00    0.00    0.00    0.00    0.00    0.00    0.00    0.00    0.00  100.00
15:04:48       6    2.02    0.00    0.00    0.00    0.00    0.00    0.00    0.00    0.00   97.98
15:04:48       7    0.00    0.00    0.00    0.00    0.00    0.00    0.00    0.00    0.00  100.00
15:04:48       8    4.00    0.00    1.00    0.00    0.00    0.00    0.00    0.00    0.00   95.00
15:04:48       9    0.00    0.00    0.00    0.00    0.00    0.00    0.00    0.00    0.00  100.00
15:04:48      10    2.00    0.00    2.00    0.00    0.00    0.00    0.00    0.00    0.00   96.00
15:04:48      11    0.00    0.00    0.00    0.00    0.00    0.00    0.00    0.00    0.00  100.00
15:04:48      12    2.04    0.00    0.00    0.00    0.00    0.00    0.00    0.00    0.00   97.96
15:04:48      13    0.00    0.00    0.00    0.00    0.00    0.00    0.00    0.00    0.00  100.00
15:04:48      14    1.98    0.00    0.99    0.00    0.00    0.00    0.00    0.00    0.00   97.03
15:04:48      15    1.00    0.00    0.00    0.00    0.00    2.00    0.00    0.00    0.00   97.00
15:04:48      16    1.02    0.00    0.00    0.00    0.00    0.00    0.00    0.00    0.00   98.98
15:04:48      17    1.01    0.00    0.00    1.01    0.00    0.00    0.00    0.00    0.00   97.98
15:04:48      18    1.00    0.00    1.00    0.00    0.00    0.00    0.00    0.00    0.00   98.00
15:04:48      19    1.01    0.00    0.00    0.00    0.00    0.00    0.00    0.00    0.00   98.99
15:04:48      20    0.00    0.00    0.99    0.00    0.00    0.00    0.00    0.00    0.00   99.01
15:04:48      21    0.00    0.00    0.00    0.00    0.00    0.00    0.00    0.00    0.00  100.00
15:04:48      22    2.00    0.00    2.00    0.00    0.00    0.00    0.00    0.00    0.00   96.00
15:04:48      23    1.00    0.00    0.00    0.00    0.00    0.00    0.00    0.00    0.00   99.00

15:04:48     CPU    %usr   %nice    %sys %iowait    %irq   %soft  %steal  %guest  %gnice   %idle
15:04:49     all    1.13    0.00    0.29    0.04    0.00    0.08    0.00    0.00    0.00   98.45
15:04:49       0    1.01    0.00    0.00    0.00    0.00    0.00    0.00    0.00    0.00   98.99
15:04:49       1    0.00    0.00    0.00    0.00    0.00    0.00    0.00    0.00    0.00  100.00
15:04:49       2    1.01    0.00    0.00    0.00    0.00    0.00    0.00    0.00    0.00   98.99
15:04:49       3    0.00    0.00    0.00    0.00    0.00    0.00    0.00    0.00    0.00  100.00
15:04:49       4    1.01    0.00    0.00    0.00    0.00    0.00    0.00    0.00    0.00   98.99
15:04:49       5    0.00    0.00    0.00    0.00    0.00    0.00    0.00    0.00    0.00  100.00
15:04:49       6    1.01    0.00    0.00    0.00    0.00    0.00    0.00    0.00    0.00   98.99
15:04:49       7    0.00    0.00    0.00    0.99    0.00    0.00    0.00    0.00    0.00   99.01
15:04:49       8    4.04    0.00    1.01    0.00    0.00    0.00    0.00    0.00    0.00   94.95
15:04:49       9    1.00    0.00    0.00    0.00    0.00    0.00    0.00    0.00    0.00   99.00
15:04:49      10    4.04    0.00    1.01    0.00    0.00    0.00    0.00    0.00    0.00   94.95
15:04:49      11    1.01    0.00    0.00    0.00    0.00    0.00    0.00    0.00    0.00   98.99
15:04:49      12    0.99    0.00    0.99    0.00    0.00    0.00    0.00    0.00    0.00   98.02
15:04:49      13    0.00    0.00    0.00    0.00    0.00    0.00    0.00    0.00    0.00  100.00
15:04:49      14    1.01    0.00    0.00    0.00    0.00    0.00    0.00    0.00    0.00   98.99
15:04:49      15    0.00    0.00    1.00    0.00    0.00    2.00    0.00    0.00    0.00   97.00
15:04:49      16    1.01    0.00    0.00    0.00    0.00    0.00    0.00    0.00    0.00   98.99
15:04:49      17    1.00    0.00    0.00    0.00    0.00    0.00    0.00    0.00    0.00   99.00
15:04:49      18    2.00    0.00    0.00    0.00    0.00    0.00    0.00    0.00    0.00   98.00
15:04:49      19    2.97    0.00    0.99    0.00    0.00    0.00    0.00    0.00    0.00   96.04
15:04:49      20    1.01    0.00    0.00    0.00    0.00    0.00    0.00    0.00    0.00   98.99
15:04:49      21    1.96    0.00    0.98    0.00    0.00    0.00    0.00    0.00    0.00   97.06
15:04:49      22    1.01    0.00    1.01    0.00    0.00    0.00    0.00    0.00    0.00   97.98
15:04:49      23    0.00    0.00    0.00    0.00    0.00    0.00    0.00    0.00    0.00  100.00

15:04:49     CPU    %usr   %nice    %sys %iowait    %irq   %soft  %steal  %guest  %gnice   %idle
15:04:50     all    0.96    0.00    0.67    0.04    0.00    0.04    0.00    0.00    0.00   98.29
15:04:50       0    0.00    0.00    0.00    0.00    0.00    0.00    0.00    0.00    0.00  100.00
15:04:50       1    0.00    0.00    0.00    0.00    0.00    0.00    0.00    0.00    0.00  100.00
15:04:50       2    0.99    0.00    0.99    0.99    0.00    0.00    0.00    0.00    0.00   97.03
15:04:50       3    0.00    0.00    0.00    0.00    0.00    0.00    0.00    0.00    0.00  100.00
15:04:50       4    1.01    0.00    0.00    0.00    0.00    0.00    0.00    0.00    0.00   98.99
15:04:50       5    0.00    0.00    0.00    0.00    0.00    0.00    0.00    0.00    0.00  100.00
15:04:50       6    1.98    0.00    0.99    0.00    0.00    0.00    0.00    0.00    0.00   97.03
15:04:50       7    0.00    0.00    0.00    0.00    0.00    0.00    0.00    0.00    0.00  100.00
15:04:50       8    4.08    0.00    1.02    0.00    0.00    0.00    0.00    0.00    0.00   94.90
15:04:50       9    0.99    0.00    0.99    0.00    0.00    0.00    0.00    0.00    0.00   98.02
15:04:50      10    1.00    0.00    2.00    0.00    0.00    0.00    0.00    0.00    0.00   97.00
15:04:50      11    2.00    0.00    0.00    0.00    0.00    0.00    0.00    0.00    0.00   98.00
15:04:50      12    2.02    0.00    1.01    0.00    0.00    0.00    0.00    0.00    0.00   96.97
15:04:50      13    0.00    0.00    0.00    0.00    0.00    0.00    0.00    0.00    0.00  100.00
15:04:50      14    1.98    0.00    0.99    0.00    0.00    0.00    0.00    0.00    0.00   97.03
15:04:50      15    0.00    0.00    1.01    0.00    0.00    1.01    0.00    0.00    0.00   97.98
15:04:50      16    1.96    0.00    1.96    0.00    0.00    0.00    0.00    0.00    0.00   96.08
15:04:50      17    1.00    0.00    1.00    0.00    0.00    0.00    0.00    0.00    0.00   98.00
15:04:50      18    1.00    0.00    0.00    0.00    0.00    0.00    0.00    0.00    0.00   99.00
15:04:50      19    0.00    0.00    1.00    0.00    0.00    0.00    0.00    0.00    0.00   99.00
15:04:50      20    1.00    0.00    0.00    0.00    0.00    0.00    0.00    0.00    0.00   99.00
15:04:50      21    1.00    0.00    2.00    0.00    0.00    0.00    0.00    0.00    0.00   97.00
15:04:50      22    0.00    0.00    0.00    0.00    0.00    0.00    0.00    0.00    0.00  100.00
15:04:50      23    0.99    0.00    0.99    0.00    0.00    0.00    0.00    0.00    0.00   98.02

15:04:50     CPU    %usr   %nice    %sys %iowait    %irq   %soft  %steal  %guest  %gnice   %idle
15:04:51     all    1.04    0.00    0.29    0.04    0.00    0.08    0.00    0.00    0.00   98.54
15:04:51       0    1.00    0.00    1.00    0.00    0.00    0.00    0.00    0.00    0.00   98.00
15:04:51       1    0.00    0.00    0.00    0.00    0.00    0.00    0.00    0.00    0.00  100.00
15:04:51       2    1.01    0.00    0.00    0.00    0.00    0.00    0.00    0.00    0.00   98.99
15:04:51       3    0.00    0.00    0.00    0.00    0.00    0.00    0.00    0.00    0.00  100.00
15:04:51       4    1.00    0.00    0.00    0.00    0.00    0.00    0.00    0.00    0.00   99.00
15:04:51       5    0.00    0.00    0.00    1.00    0.00    0.00    0.00    0.00    0.00   99.00
15:04:51       6    0.99    0.00    0.99    0.00    0.00    0.00    0.00    0.00    0.00   98.02
15:04:51       7    0.00    0.00    0.00    0.00    0.00    0.00    0.00    0.00    0.00  100.00
15:04:51       8    2.02    0.00    0.00    0.00    0.00    0.00    0.00    0.00    0.00   97.98
15:04:51       9    0.99    0.00    0.00    0.00    0.00    0.00    0.00    0.00    0.00   99.01
15:04:51      10    4.04    0.00    1.01    0.00    0.00    0.00    0.00    0.00    0.00   94.95
15:04:51      11    0.00    0.00    0.00    0.00    0.00    0.00    0.00    0.00    0.00  100.00
15:04:51      12    2.02    0.00    0.00    0.00    0.00    0.00    0.00    0.00    0.00   97.98
15:04:51      13    0.00    0.00    0.00    0.00    0.00    0.00    0.00    0.00    0.00  100.00
15:04:51      14    0.00    0.00    0.00    0.00    0.00    0.00    0.00    0.00    0.00  100.00
15:04:51      15    0.99    0.00    0.99    0.00    0.00    1.98    0.00    0.00    0.00   96.04
15:04:51      16    0.00    0.00    1.01    0.00    0.00    0.00    0.00    0.00    0.00   98.99
15:04:51      17    0.00    0.00    0.00    0.00    0.00    0.00    0.00    0.00    0.00  100.00
15:04:51      18    1.00    0.00    1.00    0.00    0.00    0.00    0.00    0.00    0.00   98.00
15:04:51      19    2.00    0.00    0.00    0.00    0.00    0.00    0.00    0.00    0.00   98.00
15:04:51      20    2.00    0.00    0.00    0.00    0.00    0.00    0.00    0.00    0.00   98.00
15:04:51      21    2.00    0.00    1.00    0.00    0.00    0.00    0.00    0.00    0.00   97.00
15:04:51      22    2.02    0.00    0.00    0.00    0.00    0.00    0.00    0.00    0.00   97.98
15:04:51      23    2.00    0.00    0.00    0.00    0.00    0.00    0.00    0.00    0.00   98.00

15:04:51     CPU    %usr   %nice    %sys %iowait    %irq   %soft  %steal  %guest  %gnice   %idle
15:04:52     all    2.05    0.00    0.67    0.00    0.00    0.04    0.00    0.00    0.00   97.24
15:04:52       0    3.00    0.00    1.00    0.00    0.00    0.00    0.00    0.00    0.00   96.00
15:04:52       1    0.00    0.00    0.00    0.00    0.00    0.00    0.00    0.00    0.00  100.00
15:04:52       2    0.00    0.00    0.00    0.00    0.00    0.00    0.00    0.00    0.00  100.00
15:04:52       3    0.00    0.00    0.00    0.00    0.00    0.00    0.00    0.00    0.00  100.00
15:04:52       4    2.02    0.00    1.01    0.00    0.00    0.00    0.00    0.00    0.00   96.97
15:04:52       5    0.00    0.00    0.00    0.00    0.00    0.00    0.00    0.00    0.00  100.00
15:04:52       6    1.01    0.00    1.01    0.00    0.00    0.00    0.00    0.00    0.00   97.98
15:04:52       7    0.00    0.00    0.00    0.00    0.00    0.00    0.00    0.00    0.00  100.00
15:04:52       8    3.00    0.00    2.00    0.00    0.00    0.00    0.00    0.00    0.00   95.00
15:04:52       9    1.00    0.00    0.00    0.00    0.00    0.00    0.00    0.00    0.00   99.00
15:04:52      10    7.07    0.00    2.02    0.00    0.00    0.00    0.00    0.00    0.00   90.91
15:04:52      11   11.88    0.00    0.99    0.00    0.00    0.00    0.00    0.00    0.00   87.13
15:04:52      12    4.00    0.00    1.00    0.00    0.00    0.00    0.00    0.00    0.00   95.00
15:04:52      13    0.00    0.00    0.00    0.00    0.00    0.00    0.00    0.00    0.00  100.00
15:04:52      14    1.00    0.00    1.00    0.00    0.00    0.00    0.00    0.00    0.00   98.00
15:04:52      15    0.00    0.00    0.00    0.00    0.00    1.01    0.00    0.00    0.00   98.99
15:04:52      16    3.03    0.00    0.00    0.00    0.00    0.00    0.00    0.00    0.00   96.97
15:04:52      17    1.98    0.00    0.99    0.00    0.00    0.00    0.00    0.00    0.00   97.03
15:04:52      18    2.00    0.00    0.00    0.00    0.00    0.00    0.00    0.00    0.00   98.00
15:04:52      19    0.00    0.00    0.00    0.00    0.00    0.00    0.00    0.00    0.00  100.00
15:04:52      20    2.00    0.00    2.00    0.00    0.00    0.00    0.00    0.00    0.00   96.00
15:04:52      21    2.02    0.00    0.00    0.00    0.00    0.00    0.00    0.00    0.00   97.98
15:04:52      22    3.03    0.00    2.02    0.00    0.00    0.00    0.00    0.00    0.00   94.95
15:04:52      23    1.01    0.00    1.01    0.00    0.00    0.00    0.00    0.00    0.00   97.98

15:04:52     CPU    %usr   %nice    %sys %iowait    %irq   %soft  %steal  %guest  %gnice   %idle
15:04:53     all    6.85    0.00    1.25    0.17    0.00    0.04    0.00    0.00    0.00   91.69
15:04:53       0    2.04    0.00    1.02    0.00    0.00    0.00    0.00    0.00    0.00   96.94
15:04:53       1    1.00    0.00    0.00    0.00    0.00    0.00    0.00    0.00    0.00   99.00
15:04:53       2    9.00    0.00    1.00    0.00    0.00    0.00    0.00    0.00    0.00   90.00
15:04:53       3    0.00    0.00    0.00    0.00    0.00    0.00    0.00    0.00    0.00  100.00
15:04:53       4    6.00    0.00    1.00    0.00    0.00    0.00    0.00    0.00    0.00   93.00
15:04:53       5    0.00    0.00    0.00    0.00    0.00    0.00    0.00    0.00    0.00  100.00
15:04:53       6    9.09    0.00    1.01    1.01    0.00    0.00    0.00    0.00    0.00   88.89
15:04:53       7    0.00    0.00    0.00    0.00    0.00    0.00    0.00    0.00    0.00  100.00
15:04:53       8   33.33    0.00    6.06    1.01    0.00    0.00    0.00    0.00    0.00   59.60
15:04:53       9    0.00    0.00    0.00    0.00    0.00    0.00    0.00    0.00    0.00  100.00
15:04:53      10   23.00    0.00    2.00    0.00    0.00    0.00    0.00    0.00    0.00   75.00
15:04:53      11    2.97    0.00    1.98    0.99    0.00    0.00    0.00    0.00    0.00   94.06
15:04:53      12   20.20    0.00    4.04    0.00    0.00    0.00    0.00    0.00    0.00   75.76
15:04:53      13    1.00    0.00    0.00    0.00    0.00    0.00    0.00    0.00    0.00   99.00
15:04:53      14   23.00    0.00    3.00    0.00    0.00    0.00    0.00    0.00    0.00   74.00
15:04:53      15    1.01    0.00    1.01    0.00    0.00    1.01    0.00    0.00    0.00   96.97
15:04:53      16    6.93    0.00    1.98    0.99    0.00    0.00    0.00    0.00    0.00   90.10
15:04:53      17    3.00    0.00    1.00    0.00    0.00    0.00    0.00    0.00    0.00   96.00
15:04:53      18    2.00    0.00    1.00    0.00    0.00    0.00    0.00    0.00    0.00   97.00
15:04:53      19    2.97    0.00    0.99    0.00    0.00    0.00    0.00    0.00    0.00   96.04
15:04:53      20    4.00    0.00    0.00    0.00    0.00    0.00    0.00    0.00    0.00   96.00
15:04:53      21    5.94    0.00    0.99    0.00    0.00    0.00    0.00    0.00    0.00   93.07
15:04:53      22    4.00    0.00    1.00    0.00    0.00    0.00    0.00    0.00    0.00   95.00
15:04:53      23    4.00    0.00    1.00    0.00    0.00    0.00    0.00    0.00    0.00   95.00

15:04:53     CPU    %usr   %nice    %sys %iowait    %irq   %soft  %steal  %guest  %gnice   %idle
15:04:54     all    5.85    0.00    0.88    0.00    0.00    0.08    0.00    0.00    0.00   93.19
15:04:54       0    2.00    0.00    1.00    0.00    0.00    0.00    0.00    0.00    0.00   97.00
15:04:54       1    2.02    0.00    0.00    0.00    0.00    0.00    0.00    0.00    0.00   97.98
15:04:54       2    3.03    0.00    1.01    0.00    0.00    0.00    0.00    0.00    0.00   95.96
15:04:54       3    0.00    0.00    0.00    0.00    0.00    0.00    0.00    0.00    0.00  100.00
15:04:54       4    1.98    0.00    0.99    0.00    0.00    0.00    0.00    0.00    0.00   97.03
15:04:54       5    0.99    0.00    0.00    0.00    0.00    0.00    0.00    0.00    0.00   99.01
15:04:54       6    5.05    0.00    2.02    0.00    0.00    0.00    0.00    0.00    0.00   92.93
15:04:54       7    0.00    0.00    0.00    0.00    0.00    0.00    0.00    0.00    0.00  100.00
15:04:54       8   28.71    0.00    1.98    0.00    0.00    0.00    0.00    0.00    0.00   69.31
15:04:54       9    1.00    0.00    0.00    0.00    0.00    0.00    0.00    0.00    0.00   99.00
15:04:54      10   34.65    0.00    2.97    0.00    0.00    0.00    0.00    0.00    0.00   62.38
15:04:54      11    1.01    0.00    0.00    0.00    0.00    0.00    0.00    0.00    0.00   98.99
15:04:54      12    5.00    0.00    1.00    0.00    0.00    0.00    0.00    0.00    0.00   94.00
15:04:54      13    1.00    0.00    0.00    0.00    0.00    0.00    0.00    0.00    0.00   99.00
15:04:54      14   25.25    0.00    2.02    0.00    0.00    0.00    0.00    0.00    0.00   72.73
15:04:54      15    0.00    0.00    1.01    0.00    0.00    2.02    0.00    0.00    0.00   96.97
15:04:54      16    6.06    0.00    0.00    0.00    0.00    0.00    0.00    0.00    0.00   93.94
15:04:54      17    3.00    0.00    2.00    0.00    0.00    0.00    0.00    0.00    0.00   95.00
15:04:54      18    3.03    0.00    1.01    0.00    0.00    0.00    0.00    0.00    0.00   95.96
15:04:54      19    2.02    0.00    1.01    0.00    0.00    0.00    0.00    0.00    0.00   96.97
15:04:54      20    4.00    0.00    1.00    0.00    0.00    0.00    0.00    0.00    0.00   95.00
15:04:54      21    3.00    0.00    1.00    0.00    0.00    0.00    0.00    0.00    0.00   96.00
15:04:54      22    3.06    0.00    0.00    0.00    0.00    0.00    0.00    0.00    0.00   96.94
15:04:54      23    4.00    0.00    1.00    0.00    0.00    0.00    0.00    0.00    0.00   95.00

15:04:54     CPU    %usr   %nice    %sys %iowait    %irq   %soft  %steal  %guest  %gnice   %idle
15:04:55     all    5.02    0.00    0.71    0.08    0.00    0.04    0.00    0.00    0.00   94.14
15:04:55       0    4.04    0.00    1.01    0.00    0.00    0.00    0.00    0.00    0.00   94.95
15:04:55       1    1.98    0.00    0.00    0.00    0.00    0.00    0.00    0.00    0.00   98.02
15:04:55       2    1.00    0.00    1.00    0.00    0.00    0.00    0.00    0.00    0.00   98.00
15:04:55       3    0.00    0.00    0.00    0.00    0.00    0.00    0.00    0.00    0.00  100.00
15:04:55       4    3.03    0.00    1.01    0.00    0.00    0.00    0.00    0.00    0.00   95.96
15:04:55       5    0.00    0.00    0.00    0.00    0.00    0.00    0.00    0.00    0.00  100.00
15:04:55       6    5.00    0.00    1.00    0.00    0.00    0.00    0.00    0.00    0.00   94.00
15:04:55       7    0.00    0.00    0.00    0.00    0.00    0.00    0.00    0.00    0.00  100.00
15:04:55       8   27.55    0.00    2.04    0.00    0.00    0.00    0.00    0.00    0.00   70.41
15:04:55       9    1.00    0.00    0.00    0.00    0.00    0.00    0.00    0.00    0.00   99.00
15:04:55      10   37.00    0.00    3.00    0.00    0.00    0.00    0.00    0.00    0.00   60.00
15:04:55      11    1.01    0.00    0.00    0.00    0.00    0.00    0.00    0.00    0.00   98.99
15:04:55      12   10.10    0.00    1.01    0.00    0.00    0.00    0.00    0.00    0.00   88.89
15:04:55      13    0.00    0.00    0.00    0.00    0.00    0.00    0.00    0.00    0.00  100.00
15:04:55      14    3.03    0.00    1.01    0.00    0.00    0.00    0.00    0.00    0.00   95.96
15:04:55      15    1.01    0.00    0.00    0.00    0.00    1.01    0.00    0.00    0.00   97.98
15:04:55      16    2.97    0.00    1.98    0.00    0.00    0.00    0.00    0.00    0.00   95.05
15:04:55      17    1.02    0.00    0.00    1.02    0.00    0.00    0.00    0.00    0.00   97.96
15:04:55      18    2.00    0.00    1.00    1.00    0.00    0.00    0.00    0.00    0.00   96.00
15:04:55      19    2.00    0.00    0.00    0.00    0.00    0.00    0.00    0.00    0.00   98.00
15:04:55      20    4.00    0.00    2.00    0.00    0.00    0.00    0.00    0.00    0.00   94.00
15:04:55      21    3.03    0.00    0.00    0.00    0.00    0.00    0.00    0.00    0.00   96.97
15:04:55      22    4.95    0.00    0.99    0.00    0.00    0.00    0.00    0.00    0.00   94.06
15:04:55      23    5.05    0.00    0.00    0.00    0.00    0.00    0.00    0.00    0.00   94.95

15:04:55     CPU    %usr   %nice    %sys %iowait    %irq   %soft  %steal  %guest  %gnice   %idle
15:04:56     all    0.96    0.00    0.38    0.00    0.00    0.08    0.00    0.00    0.00   98.58
15:04:56       0    0.00    0.00    0.00    0.00    0.00    0.00    0.00    0.00    0.00  100.00
15:04:56       1    0.00    0.00    0.00    0.00    0.00    0.00    0.00    0.00    0.00  100.00
15:04:56       2    1.00    0.00    1.00    0.00    0.00    0.00    0.00    0.00    0.00   98.00
15:04:56       3    0.00    0.00    0.00    0.00    0.00    0.00    0.00    0.00    0.00  100.00
15:04:56       4    1.01    0.00    0.00    0.00    0.00    0.00    0.00    0.00    0.00   98.99
15:04:56       5    0.00    0.00    0.00    0.00    0.00    0.00    0.00    0.00    0.00  100.00
15:04:56       6    2.00    0.00    1.00    0.00    0.00    0.00    0.00    0.00    0.00   97.00
15:04:56       7    0.00    0.00    0.00    0.00    0.00    0.00    0.00    0.00    0.00  100.00
15:04:56       8    3.00    0.00    1.00    0.00    0.00    0.00    0.00    0.00    0.00   96.00
15:04:56       9    0.00    0.00    0.00    0.00    0.00    0.00    0.00    0.00    0.00  100.00
15:04:56      10    6.00    0.00    1.00    0.00    0.00    0.00    0.00    0.00    0.00   93.00
15:04:56      11    0.00    0.00    0.00    0.00    0.00    0.00    0.00    0.00    0.00  100.00
15:04:56      12    1.98    0.00    1.98    0.00    0.00    0.00    0.00    0.00    0.00   96.04
15:04:56      13    0.00    0.00    0.00    0.00    0.00    0.00    0.00    0.00    0.00  100.00
15:04:56      14    1.00    0.00    0.00    0.00    0.00    0.00    0.00    0.00    0.00   99.00
15:04:56      15    0.00    0.00    0.00    0.00    0.00    2.04    0.00    0.00    0.00   97.96
15:04:56      16    1.01    0.00    0.00    0.00    0.00    0.00    0.00    0.00    0.00   98.99
15:04:56      17    1.00    0.00    0.00    0.00    0.00    0.00    0.00    0.00    0.00   99.00
15:04:56      18    1.00    0.00    0.00    0.00    0.00    0.00    0.00    0.00    0.00   99.00
15:04:56      19    0.00    0.00    0.00    0.00    0.00    0.00    0.00    0.00    0.00  100.00
15:04:56      20    1.01    0.00    1.01    0.00    0.00    0.00    0.00    0.00    0.00   97.98
15:04:56      21    1.01    0.00    1.01    0.00    0.00    0.00    0.00    0.00    0.00   97.98
15:04:56      22    1.02    0.00    0.00    0.00    0.00    0.00    0.00    0.00    0.00   98.98
15:04:56      23    1.00    0.00    1.00    0.00    0.00    0.00    0.00    0.00    0.00   98.00

15:04:56     CPU    %usr   %nice    %sys %iowait    %irq   %soft  %steal  %guest  %gnice   %idle
15:04:57     all    1.00    0.00    0.63    0.00    0.00    0.08    0.00    0.00    0.00   98.29
15:04:57       0    1.01    0.00    1.01    0.00    0.00    0.00    0.00    0.00    0.00   97.98
15:04:57       1    0.00    0.00    0.00    0.00    0.00    0.00    0.00    0.00    0.00  100.00
15:04:57       2    1.00    0.00    0.00    0.00    0.00    0.00    0.00    0.00    0.00   99.00
15:04:57       3    0.00    0.00    0.00    0.00    0.00    0.00    0.00    0.00    0.00  100.00
15:04:57       4    2.97    0.00    0.99    0.00    0.00    0.00    0.00    0.00    0.00   96.04
15:04:57       5    0.00    0.00    0.00    0.00    0.00    0.00    0.00    0.00    0.00  100.00
15:04:57       6    2.02    0.00    0.00    0.00    0.00    0.00    0.00    0.00    0.00   97.98
15:04:57       7    0.00    0.00    0.00    0.00    0.00    0.00    0.00    0.00    0.00  100.00
15:04:57       8    3.00    0.00    1.00    0.00    0.00    0.00    0.00    0.00    0.00   96.00
15:04:57       9    0.99    0.00    0.00    0.00    0.00    0.00    0.00    0.00    0.00   99.01
15:04:57      10    4.04    0.00    3.03    0.00    0.00    0.00    0.00    0.00    0.00   92.93
15:04:57      11    0.00    0.00    0.00    0.00    0.00    0.00    0.00    0.00    0.00  100.00
15:04:57      12    3.00    0.00    0.00    0.00    0.00    0.00    0.00    0.00    0.00   97.00
15:04:57      13    0.00    0.00    0.00    0.00    0.00    0.00    0.00    0.00    0.00  100.00
15:04:57      14    0.99    0.00    0.99    0.00    0.00    0.00    0.00    0.00    0.00   98.02
15:04:57      15    0.00    0.00    1.00    0.00    0.00    2.00    0.00    0.00    0.00   97.00
15:04:57      16    0.00    0.00    2.04    0.00    0.00    0.00    0.00    0.00    0.00   97.96
15:04:57      17    0.00    0.00    1.01    0.00    0.00    0.00    0.00    0.00    0.00   98.99
15:04:57      18    0.00    0.00    1.01    0.00    0.00    0.00    0.00    0.00    0.00   98.99
15:04:57      19    0.00    0.00    0.00    0.00    0.00    0.00    0.00    0.00    0.00  100.00
15:04:57      20    1.00    0.00    1.00    0.00    0.00    0.00    0.00    0.00    0.00   98.00
15:04:57      21    0.99    0.00    0.99    0.00    0.00    0.00    0.00    0.00    0.00   98.02
15:04:57      22    1.01    0.00    1.01    0.00    0.00    0.00    0.00    0.00    0.00   97.98
15:04:57      23    1.98    0.00    0.00    0.00    0.00    0.00    0.00    0.00    0.00   98.02

15:04:57     CPU    %usr   %nice    %sys %iowait    %irq   %soft  %steal  %guest  %gnice   %idle
15:04:58     all    1.12    0.00    0.37    0.00    0.00    0.08    0.00    0.00    0.00   98.42
15:04:58       0    1.00    0.00    1.00    0.00    0.00    0.00    0.00    0.00    0.00   98.00
15:04:58       1    0.00    0.00    0.00    0.00    0.00    0.00    0.00    0.00    0.00  100.00
15:04:58       2    1.00    0.00    0.00    0.00    0.00    0.00    0.00    0.00    0.00   99.00
15:04:58       3    0.00    0.00    0.00    0.00    0.00    0.00    0.00    0.00    0.00  100.00
15:04:58       4    2.00    0.00    0.00    0.00    0.00    0.00    0.00    0.00    0.00   98.00
15:04:58       5    0.00    0.00    0.00    0.00    0.00    0.00    0.00    0.00    0.00  100.00
15:04:58       6    1.00    0.00    1.00    0.00    0.00    0.00    0.00    0.00    0.00   98.00
15:04:58       7    0.00    0.00    0.00    0.00    0.00    0.00    0.00    0.00    0.00  100.00
15:04:58       8    4.00    0.00    0.00    0.00    0.00    0.00    0.00    0.00    0.00   96.00
15:04:58       9    1.00    0.00    0.00    0.00    0.00    0.00    0.00    0.00    0.00   99.00
15:04:58      10    4.95    0.00    1.98    0.00    0.00    0.00    0.00    0.00    0.00   93.07
15:04:58      11    0.00    0.00    0.00    0.00    0.00    0.00    0.00    0.00    0.00  100.00
15:04:58      12    0.00    0.00    1.00    0.00    0.00    0.00    0.00    0.00    0.00   99.00
15:04:58      13    0.98    0.00    0.98    0.00    0.00    0.00    0.00    0.00    0.00   98.04
15:04:58      14    1.00    0.00    1.00    0.00    0.00    0.00    0.00    0.00    0.00   98.00
15:04:58      15    1.00    0.00    0.00    0.00    0.00    2.00    0.00    0.00    0.00   97.00
15:04:58      16    1.00    0.00    1.00    0.00    0.00    0.00    0.00    0.00    0.00   98.00
15:04:58      17    1.01    0.00    0.00    0.00    0.00    0.00    0.00    0.00    0.00   98.99
15:04:58      18    1.00    0.00    0.00    0.00    0.00    0.00    0.00    0.00    0.00   99.00
15:04:58      19    1.00    0.00    0.00    0.00    0.00    0.00    0.00    0.00    0.00   99.00
15:04:58      20    2.00    0.00    0.00    0.00    0.00    0.00    0.00    0.00    0.00   98.00
15:04:58      21    1.00    0.00    0.00    0.00    0.00    0.00    0.00    0.00    0.00   99.00
15:04:58      22    1.01    0.00    0.00    0.00    0.00    0.00    0.00    0.00    0.00   98.99
15:04:58      23    1.00    0.00    1.00    0.00    0.00    0.00    0.00    0.00    0.00   98.00

15:04:58     CPU    %usr   %nice    %sys %iowait    %irq   %soft  %steal  %guest  %gnice   %idle
15:04:59     all    1.13    0.00    0.25    0.00    0.00    0.04    0.00    0.00    0.00   98.58
15:04:59       0    1.00    0.00    0.00    0.00    0.00    0.00    0.00    0.00    0.00   99.00
15:04:59       1    0.00    0.00    0.00    0.00    0.00    0.00    0.00    0.00    0.00  100.00
15:04:59       2    1.00    0.00    0.00    0.00    0.00    0.00    0.00    0.00    0.00   99.00
15:04:59       3    0.00    0.00    0.00    0.00    0.00    0.00    0.00    0.00    0.00  100.00
15:04:59       4    2.00    0.00    0.00    0.00    0.00    0.00    0.00    0.00    0.00   98.00
15:04:59       5    0.00    0.00    0.00    0.00    0.00    0.00    0.00    0.00    0.00  100.00
15:04:59       6    2.00    0.00    1.00    0.00    0.00    0.00    0.00    0.00    0.00   97.00
15:04:59       7    0.99    0.00    0.99    0.00    0.00    0.00    0.00    0.00    0.00   98.02
15:04:59       8    5.05    0.00    1.01    0.00    0.00    0.00    0.00    0.00    0.00   93.94
15:04:59       9    0.00    0.00    0.00    0.00    0.00    0.00    0.00    0.00    0.00  100.00
15:04:59      10    0.00    0.00    0.00    0.00    0.00    0.00    0.00    0.00    0.00  100.00
15:04:59      11    0.00    0.00    0.00    0.00    0.00    0.00    0.00    0.00    0.00  100.00
15:04:59      12    1.02    0.00    0.00    0.00    0.00    0.00    0.00    0.00    0.00   98.98
15:04:59      13    0.00    0.00    0.00    0.00    0.00    0.00    0.00    0.00    0.00  100.00
15:04:59      14    2.02    0.00    0.00    0.00    0.00    0.00    0.00    0.00    0.00   97.98
15:04:59      15    0.00    0.00    1.01    0.00    0.00    1.01    0.00    0.00    0.00   97.98
15:04:59      16    1.01    0.00    1.01    0.00    0.00    0.00    0.00    0.00    0.00   97.98
15:04:59      17    1.98    0.00    0.00    0.00    0.00    0.00    0.00    0.00    0.00   98.02
15:04:59      18    1.00    0.00    0.00    0.00    0.00    0.00    0.00    0.00    0.00   99.00
15:04:59      19    0.00    0.00    0.00    0.00    0.00    0.00    0.00    0.00    0.00  100.00
15:04:59      20    1.98    0.00    0.00    0.00    0.00    0.00    0.00    0.00    0.00   98.02
15:04:59      21    2.00    0.00    0.00    0.00    0.00    0.00    0.00    0.00    0.00   98.00
15:04:59      22    2.02    0.00    1.01    0.00    0.00    0.00    0.00    0.00    0.00   96.97
15:04:59      23    2.00    0.00    0.00    0.00    0.00    0.00    0.00    0.00    0.00   98.00

15:04:59     CPU    %usr   %nice    %sys %iowait    %irq   %soft  %steal  %guest  %gnice   %idle
15:05:00     all    1.17    0.00    0.50    0.00    0.00    0.08    0.00    0.00    0.00   98.25
15:05:00       0    1.01    0.00    0.00    0.00    0.00    0.00    0.00    0.00    0.00   98.99
15:05:00       1    0.00    0.00    0.00    0.00    0.00    0.00    0.00    0.00    0.00  100.00
15:05:00       2    0.00    0.00    0.00    0.00    0.00    0.00    0.00    0.00    0.00  100.00
15:05:00       3    0.00    0.00    0.00    0.00    0.00    0.00    0.00    0.00    0.00  100.00
15:05:00       4    0.00    0.00    0.00    0.00    0.00    0.00    0.00    0.00    0.00  100.00
15:05:00       5    0.00    0.00    0.00    0.00    0.00    0.00    0.00    0.00    0.00  100.00
15:05:00       6    2.00    0.00    0.00    0.00    0.00    0.00    0.00    0.00    0.00   98.00
15:05:00       7    0.00    0.00    0.00    0.00    0.00    0.00    0.00    0.00    0.00  100.00
15:05:00       8    5.00    0.00    1.00    0.00    0.00    0.00    0.00    0.00    0.00   94.00
15:05:00       9    1.00    0.00    0.00    0.00    0.00    0.00    0.00    0.00    0.00   99.00
15:05:00      10    2.00    0.00    1.00    0.00    0.00    0.00    0.00    0.00    0.00   97.00
15:05:00      11    0.00    0.00    0.00    0.00    0.00    0.00    0.00    0.00    0.00  100.00
15:05:00      12    0.99    0.00    0.99    0.00    0.00    0.00    0.00    0.00    0.00   98.02
15:05:00      13    0.00    0.00    0.00    0.00    0.00    0.00    0.00    0.00    0.00  100.00
15:05:00      14    1.00    0.00    1.00    0.00    0.00    0.00    0.00    0.00    0.00   98.00
15:05:00      15    1.00    0.00    0.00    0.00    0.00    2.00    0.00    0.00    0.00   97.00
15:05:00      16    2.97    0.00    2.97    0.00    0.00    0.00    0.00    0.00    0.00   94.06
15:05:00      17    1.01    0.00    1.01    0.00    0.00    0.00    0.00    0.00    0.00   97.98
15:05:00      18    2.00    0.00    1.00    0.00    0.00    0.00    0.00    0.00    0.00   97.00
15:05:00      19    1.01    0.00    0.00    0.00    0.00    0.00    0.00    0.00    0.00   98.99
15:05:00      20    1.00    0.00    2.00    0.00    0.00    0.00    0.00    0.00    0.00   97.00
15:05:00      21    1.98    0.00    0.99    0.00    0.00    0.00    0.00    0.00    0.00   97.03
15:05:00      22    2.04    0.00    0.00    0.00    0.00    0.00    0.00    0.00    0.00   97.96
15:05:00      23    2.00    0.00    0.00    0.00    0.00    0.00    0.00    0.00    0.00   98.00

15:05:00     CPU    %usr   %nice    %sys %iowait    %irq   %soft  %steal  %guest  %gnice   %idle
15:05:01     all    0.88    0.00    0.54    0.04    0.00    0.04    0.00    0.00    0.00   98.50
15:05:01       0    2.00    0.00    0.00    0.00    0.00    0.00    0.00    0.00    0.00   98.00
15:05:01       1    0.00    0.00    0.00    0.00    0.00    0.00    0.00    0.00    0.00  100.00
15:05:01       2    2.97    0.00    2.97    0.00    0.00    0.00    0.00    0.00    0.00   94.06
15:05:01       3    0.00    0.00    0.00    0.00    0.00    0.00    0.00    0.00    0.00  100.00
15:05:01       4    1.00    0.00    0.00    0.00    0.00    0.00    0.00    0.00    0.00   99.00
15:05:01       5    0.00    0.00    0.00    0.00    0.00    0.00    0.00    0.00    0.00  100.00
15:05:01       6    0.00    0.00    1.01    0.00    0.00    0.00    0.00    0.00    0.00   98.99
15:05:01       7    0.00    0.00    0.00    0.00    0.00    0.00    0.00    0.00    0.00  100.00
15:05:01       8    4.04    0.00    1.01    0.00    0.00    0.00    0.00    0.00    0.00   94.95
15:05:01       9    0.00    0.00    0.00    0.00    0.00    0.00    0.00    0.00    0.00  100.00
15:05:01      10    3.00    0.00    1.00    0.00    0.00    0.00    0.00    0.00    0.00   96.00
15:05:01      11    0.00    0.00    0.00    0.00    0.00    0.00    0.00    0.00    0.00  100.00
15:05:01      12    1.02    0.00    0.00    0.00    0.00    0.00    0.00    0.00    0.00   98.98
15:05:01      13    0.00    0.00    0.00    0.00    0.00    0.00    0.00    0.00    0.00  100.00
15:05:01      14    2.02    0.00    0.00    0.00    0.00    0.00    0.00    0.00    0.00   97.98
15:05:01      15    0.00    0.00    1.01    0.00    0.00    1.01    0.00    0.00    0.00   97.98
15:05:01      16    1.01    0.00    1.01    0.00    0.00    0.00    0.00    0.00    0.00   97.98
15:05:01      17    0.99    0.00    0.99    0.99    0.00    0.00    0.00    0.00    0.00   97.03
15:05:01      18    0.99    0.00    0.99    0.00    0.00    0.00    0.00    0.00    0.00   98.02
15:05:01      19    0.99    0.00    0.99    0.00    0.00    0.00    0.00    0.00    0.00   98.02
15:05:01      20    0.00    0.00    0.00    0.00    0.00    0.00    0.00    0.00    0.00  100.00
15:05:01      21    0.99    0.00    0.00    0.00    0.00    0.00    0.00    0.00    0.00   99.01
15:05:01      22    0.00    0.00    1.01    0.00    0.00    0.00    0.00    0.00    0.00   98.99
15:05:01      23    0.00    0.00    1.00    0.00    0.00    0.00    0.00    0.00    0.00   99.00

15:05:01     CPU    %usr   %nice    %sys %iowait    %irq   %soft  %steal  %guest  %gnice   %idle
15:05:02     all    1.09    0.00    0.29    0.04    0.00    0.08    0.00    0.00    0.00   98.50
15:05:02       0    0.00    0.00    0.00    0.00    0.00    0.00    0.00    0.00    0.00  100.00
15:05:02       1    0.00    0.00    0.00    0.00    0.00    0.00    0.00    0.00    0.00  100.00
15:05:02       2    2.00    0.00    1.00    0.00    0.00    0.00    0.00    0.00    0.00   97.00
15:05:02       3    0.00    0.00    0.00    0.00    0.00    0.00    0.00    0.00    0.00  100.00
15:05:02       4    1.01    0.00    1.01    0.00    0.00    0.00    0.00    0.00    0.00   97.98
15:05:02       5    0.00    0.00    0.00    0.00    0.00    0.00    0.00    0.00    0.00  100.00
15:05:02       6    1.98    0.00    0.99    0.00    0.00    0.00    0.00    0.00    0.00   97.03
15:05:02       7    0.00    0.00    0.00    0.00    0.00    0.00    0.00    0.00    0.00  100.00
15:05:02       8    3.00    0.00    1.00    0.00    0.00    0.00    0.00    0.00    0.00   96.00
15:05:02       9    1.00    0.00    0.00    0.00    0.00    0.00    0.00    0.00    0.00   99.00
15:05:02      10    6.00    0.00    1.00    0.00    0.00    0.00    0.00    0.00    0.00   93.00
15:05:02      11    0.00    0.00    0.00    0.00    0.00    0.00    0.00    0.00    0.00  100.00
15:05:02      12    2.97    0.00    0.99    0.00    0.00    0.00    0.00    0.00    0.00   96.04
15:05:02      13    0.00    0.00    0.00    0.00    0.00    0.00    0.00    0.00    0.00  100.00
15:05:02      14    1.98    0.00    0.99    0.00    0.00    0.00    0.00    0.00    0.00   97.03
15:05:02      15    1.00    0.00    0.00    0.00    0.00    2.00    0.00    0.00    0.00   97.00
15:05:02      16    1.01    0.00    0.00    0.00    0.00    0.00    0.00    0.00    0.00   98.99
15:05:02      17    0.00    0.00    0.00    0.00    0.00    0.00    0.00    0.00    0.00  100.00
15:05:02      18    0.00    0.00    0.00    1.01    0.00    0.00    0.00    0.00    0.00   98.99
15:05:02      19    0.00    0.00    0.00    0.00    0.00    0.00    0.00    0.00    0.00  100.00
15:05:02      20    1.00    0.00    0.00    0.00    0.00    0.00    0.00    0.00    0.00   99.00
15:05:02      21    1.01    0.00    0.00    0.00    0.00    0.00    0.00    0.00    0.00   98.99
15:05:02      22    1.01    0.00    0.00    0.00    0.00    0.00    0.00    0.00    0.00   98.99
15:05:02      23    1.00    0.00    0.00    0.00    0.00    0.00    0.00    0.00    0.00   99.00

15:05:02     CPU    %usr   %nice    %sys %iowait    %irq   %soft  %steal  %guest  %gnice   %idle
15:05:03     all    1.09    0.00    0.38    0.00    0.00    0.04    0.00    0.00    0.00   98.49
15:05:03       0    1.00    0.00    0.00    0.00    0.00    0.00    0.00    0.00    0.00   99.00
15:05:03       1    0.00    0.00    0.00    0.00    0.00    0.00    0.00    0.00    0.00  100.00
15:05:03       2    1.01    0.00    0.00    0.00    0.00    0.00    0.00    0.00    0.00   98.99
15:05:03       3    0.00    0.00    0.00    0.00    0.00    0.00    0.00    0.00    0.00  100.00
15:05:03       4    2.00    0.00    0.00    0.00    0.00    0.00    0.00    0.00    0.00   98.00
15:05:03       5    0.00    0.00    0.00    0.00    0.00    0.00    0.00    0.00    0.00  100.00
15:05:03       6    1.01    0.00    0.00    0.00    0.00    0.00    0.00    0.00    0.00   98.99
15:05:03       7    0.00    0.00    0.00    0.00    0.00    0.00    0.00    0.00    0.00  100.00
15:05:03       8    5.10    0.00    0.00    0.00    0.00    0.00    0.00    0.00    0.00   94.90
15:05:03       9    1.00    0.00    0.00    0.00    0.00    0.00    0.00    0.00    0.00   99.00
15:05:03      10    3.96    0.00    2.97    0.00    0.00    0.00    0.00    0.00    0.00   93.07
15:05:03      11    0.00    0.00    0.00    0.00    0.00    0.00    0.00    0.00    0.00  100.00
15:05:03      12    1.01    0.00    1.01    0.00    0.00    0.00    0.00    0.00    0.00   97.98
15:05:03      13    0.00    0.00    0.00    0.00    0.00    0.00    0.00    0.00    0.00  100.00
15:05:03      14    2.00    0.00    1.00    0.00    0.00    0.00    0.00    0.00    0.00   97.00
15:05:03      15    0.00    0.00    1.02    0.00    0.00    1.02    0.00    0.00    0.00   97.96
15:05:03      16    2.00    0.00    1.00    0.00    0.00    0.00    0.00    0.00    0.00   97.00
15:05:03      17    1.00    0.00    0.00    0.00    0.00    0.00    0.00    0.00    0.00   99.00
15:05:03      18    1.00    0.00    0.00    0.00    0.00    0.00    0.00    0.00    0.00   99.00
15:05:03      19    0.00    0.00    0.00    0.00    0.00    0.00    0.00    0.00    0.00  100.00
15:05:03      20    0.99    0.00    0.99    0.00    0.00    0.00    0.00    0.00    0.00   98.02
15:05:03      21    1.00    0.00    1.00    0.00    0.00    0.00    0.00    0.00    0.00   98.00
15:05:03      22    1.01    0.00    0.00    0.00    0.00    0.00    0.00    0.00    0.00   98.99
15:05:03      23    1.01    0.00    0.00    0.00    0.00    0.00    0.00    0.00    0.00   98.99

15:05:03     CPU    %usr   %nice    %sys %iowait    %irq   %soft  %steal  %guest  %gnice   %idle
15:05:04     all    1.34    0.00    0.42    0.00    0.00    0.08    0.00    0.00    0.00   98.16
15:05:04       0    1.00    0.00    1.00    0.00    0.00    0.00    0.00    0.00    0.00   98.00
15:05:04       1    0.00    0.00    0.00    0.00    0.00    0.00    0.00    0.00    0.00  100.00
15:05:04       2    1.00    0.00    0.00    0.00    0.00    0.00    0.00    0.00    0.00   99.00
15:05:04       3    0.00    0.00    0.00    0.00    0.00    0.00    0.00    0.00    0.00  100.00
15:05:04       4    1.00    0.00    0.00    0.00    0.00    0.00    0.00    0.00    0.00   99.00
15:05:04       5    0.00    0.00    0.00    0.00    0.00    0.00    0.00    0.00    0.00  100.00
15:05:04       6    2.00    0.00    1.00    0.00    0.00    0.00    0.00    0.00    0.00   97.00
15:05:04       7    0.00    0.00    0.00    0.00    0.00    0.00    0.00    0.00    0.00  100.00
15:05:04       8    5.00    0.00    1.00    0.00    0.00    0.00    0.00    0.00    0.00   94.00
15:05:04       9    0.00    0.00    0.00    0.00    0.00    0.00    0.00    0.00    0.00  100.00
15:05:04      10    8.16    0.00    2.04    0.00    0.00    0.00    0.00    0.00    0.00   89.80
15:05:04      11    0.00    0.00    0.00    0.00    0.00    0.00    0.00    0.00    0.00  100.00
15:05:04      12    1.00    0.00    0.00    0.00    0.00    0.00    0.00    0.00    0.00   99.00
15:05:04      13    0.00    0.00    0.00    0.00    0.00    0.00    0.00    0.00    0.00  100.00
15:05:04      14    0.00    0.00    0.00    0.00    0.00    0.00    0.00    0.00    0.00  100.00
15:05:04      15    0.00    0.00    0.00    0.00    0.00    2.02    0.00    0.00    0.00   97.98
15:05:04      16    1.01    0.00    1.01    0.00    0.00    0.00    0.00    0.00    0.00   97.98
15:05:04      17    0.00    0.00    0.00    0.00    0.00    0.00    0.00    0.00    0.00  100.00
15:05:04      18    0.00    0.00    0.00    0.00    0.00    0.00    0.00    0.00    0.00  100.00
15:05:04      19    0.99    0.00    0.99    0.00    0.00    0.00    0.00    0.00    0.00   98.02
15:05:04      20    2.00    0.00    1.00    0.00    0.00    0.00    0.00    0.00    0.00   97.00
15:05:04      21    4.00    0.00    0.00    0.00    0.00    0.00    0.00    0.00    0.00   96.00
15:05:04      22    2.04    0.00    1.02    0.00    0.00    0.00    0.00    0.00    0.00   96.94
15:05:04      23    2.97    0.00    0.99    0.00    0.00    0.00    0.00    0.00    0.00   96.04

15:05:04     CPU    %usr   %nice    %sys %iowait    %irq   %soft  %steal  %guest  %gnice   %idle
15:05:05     all    1.00    0.00    0.38    0.00    0.00    0.04    0.00    0.00    0.00   98.58
15:05:05       0    1.01    0.00    0.00    0.00    0.00    0.00    0.00    0.00    0.00   98.99
15:05:05       1    0.00    0.00    0.00    0.00    0.00    0.00    0.00    0.00    0.00  100.00
15:05:05       2    0.00    0.00    1.01    0.00    0.00    0.00    0.00    0.00    0.00   98.99
15:05:05       3    0.00    0.00    0.00    0.00    0.00    0.00    0.00    0.00    0.00  100.00
15:05:05       4    3.06    0.00    0.00    0.00    0.00    0.00    0.00    0.00    0.00   96.94
15:05:05       5    0.00    0.00    0.00    0.00    0.00    0.00    0.00    0.00    0.00  100.00
15:05:05       6    2.02    0.00    0.00    0.00    0.00    0.00    0.00    0.00    0.00   97.98
15:05:05       7    0.00    0.00    0.00    0.00    0.00    0.00    0.00    0.00    0.00  100.00
15:05:05       8    4.00    0.00    1.00    0.00    0.00    0.00    0.00    0.00    0.00   95.00
15:05:05       9    0.99    0.00    0.00    0.00    0.00    0.00    0.00    0.00    0.00   99.01
15:05:05      10    1.00    0.00    1.00    0.00    0.00    0.00    0.00    0.00    0.00   98.00
15:05:05      11    0.00    0.00    0.00    0.00    0.00    0.00    0.00    0.00    0.00  100.00
15:05:05      12    0.00    0.00    1.01    0.00    0.00    0.00    0.00    0.00    0.00   98.99
15:05:05      13    0.00    0.00    0.00    0.00    0.00    0.00    0.00    0.00    0.00  100.00
15:05:05      14    1.96    0.00    0.98    0.00    0.00    0.00    0.00    0.00    0.00   97.06
15:05:05      15    1.01    0.00    0.00    0.00    0.00    1.01    0.00    0.00    0.00   97.98
15:05:05      16    1.98    0.00    0.99    0.00    0.00    0.00    0.00    0.00    0.00   97.03
15:05:05      17    0.99    0.00    0.99    0.00    0.00    0.00    0.00    0.00    0.00   98.02
15:05:05      18    0.99    0.00    0.00    0.00    0.00    0.00    0.00    0.00    0.00   99.01
15:05:05      19    0.00    0.00    0.00    0.00    0.00    0.00    0.00    0.00    0.00  100.00
15:05:05      20    1.00    0.00    1.00    0.00    0.00    0.00    0.00    0.00    0.00   98.00
15:05:05      21    1.00    0.00    1.00    0.00    0.00    0.00    0.00    0.00    0.00   98.00
15:05:05      22    2.04    0.00    0.00    0.00    0.00    0.00    0.00    0.00    0.00   97.96
15:05:05      23    1.01    0.00    0.00    0.00    0.00    0.00    0.00    0.00    0.00   98.99

15:05:05     CPU    %usr   %nice    %sys %iowait    %irq   %soft  %steal  %guest  %gnice   %idle
15:05:06     all    0.92    0.00    0.33    0.08    0.00    0.08    0.00    0.00    0.00   98.58
15:05:06       0    1.00    0.00    0.00    0.00    0.00    0.00    0.00    0.00    0.00   99.00
15:05:06       1    0.00    0.00    0.00    0.00    0.00    0.00    0.00    0.00    0.00  100.00
15:05:06       2    0.99    0.00    0.00    0.00    0.00    0.00    0.00    0.00    0.00   99.01
15:05:06       3    0.00    0.00    0.00    0.00    0.00    0.00    0.00    0.00    0.00  100.00
15:05:06       4    1.01    0.00    0.00    0.00    0.00    0.00    0.00    0.00    0.00   98.99
15:05:06       5    0.00    0.00    0.00    0.00    0.00    0.00    0.00    0.00    0.00  100.00
15:05:06       6    2.00    0.00    1.00    0.00    0.00    0.00    0.00    0.00    0.00   97.00
15:05:06       7    0.00    0.00    0.00    0.00    0.00    0.00    0.00    0.00    0.00  100.00
15:05:06       8    4.04    0.00    1.01    0.00    0.00    0.00    0.00    0.00    0.00   94.95
15:05:06       9    0.00    0.00    0.00    0.00    0.00    0.00    0.00    0.00    0.00  100.00
15:05:06      10    4.00    0.00    2.00    0.00    0.00    0.00    0.00    0.00    0.00   94.00
15:05:06      11    0.00    0.00    0.00    0.00    0.00    0.00    0.00    0.00    0.00  100.00
15:05:06      12    1.96    0.00    1.96    0.98    0.00    0.00    0.00    0.00    0.00   95.10
15:05:06      13    0.00    0.00    0.00    0.00    0.00    0.00    0.00    0.00    0.00  100.00
15:05:06      14    1.01    0.00    0.00    0.00    0.00    0.00    0.00    0.00    0.00   98.99
15:05:06      15    0.00    0.00    0.00    0.00    0.00    2.02    0.00    0.00    0.00   97.98
15:05:06      16    0.00    0.00    1.00    0.00    0.00    0.00    0.00    0.00    0.00   99.00
15:05:06      17    1.02    0.00    0.00    0.00    0.00    0.00    0.00    0.00    0.00   98.98
15:05:06      18    0.00    0.00    0.00    0.00    0.00    0.00    0.00    0.00    0.00  100.00
15:05:06      19    0.00    0.00    0.00    1.00    0.00    0.00    0.00    0.00    0.00   99.00
15:05:06      20    1.00    0.00    0.00    0.00    0.00    0.00    0.00    0.00    0.00   99.00
15:05:06      21    1.00    0.00    0.00    0.00    0.00    0.00    0.00    0.00    0.00   99.00
15:05:06      22    2.00    0.00    1.00    0.00    0.00    0.00    0.00    0.00    0.00   97.00
15:05:06      23    1.00    0.00    0.00    0.00    0.00    0.00    0.00    0.00    0.00   99.00

15:05:06     CPU    %usr   %nice    %sys %iowait    %irq   %soft  %steal  %guest  %gnice   %idle
15:05:07     all    1.25    0.00    0.38    0.00    0.00    0.04    0.00    0.00    0.00   98.33
15:05:07       0    1.00    0.00    0.00    0.00    0.00    0.00    0.00    0.00    0.00   99.00
15:05:07       1    0.00    0.00    0.00    0.00    0.00    0.00    0.00    0.00    0.00  100.00
15:05:07       2    1.00    0.00    0.00    0.00    0.00    0.00    0.00    0.00    0.00   99.00
15:05:07       3    0.00    0.00    0.00    0.00    0.00    0.00    0.00    0.00    0.00  100.00
15:05:07       4    1.98    0.00    0.00    0.00    0.00    0.00    0.00    0.00    0.00   98.02
15:05:07       5    0.00    0.00    0.00    0.00    0.00    0.00    0.00    0.00    0.00  100.00
15:05:07       6    2.97    0.00    0.99    0.00    0.00    0.00    0.00    0.00    0.00   96.04
15:05:07       7    0.00    0.00    0.00    0.00    0.00    0.00    0.00    0.00    0.00  100.00
15:05:07       8    6.00    0.00    1.00    0.00    0.00    0.00    0.00    0.00    0.00   93.00
15:05:07       9    1.00    0.00    0.00    0.00    0.00    0.00    0.00    0.00    0.00   99.00
15:05:07      10    4.00    0.00    1.00    0.00    0.00    0.00    0.00    0.00    0.00   95.00
15:05:07      11    0.00    0.00    0.00    0.00    0.00    0.00    0.00    0.00    0.00  100.00
15:05:07      12    1.01    0.00    1.01    0.00    0.00    0.00    0.00    0.00    0.00   97.98
15:05:07      13    0.00    0.00    0.00    0.00    0.00    0.00    0.00    0.00    0.00  100.00
15:05:07      14    1.00    0.00    1.00    0.00    0.00    0.00    0.00    0.00    0.00   98.00
15:05:07      15    0.00    0.00    1.01    0.00    0.00    1.01    0.00    0.00    0.00   97.98
15:05:07      16    1.01    0.00    0.00    0.00    0.00    0.00    0.00    0.00    0.00   98.99
15:05:07      17    1.00    0.00    0.00    0.00    0.00    0.00    0.00    0.00    0.00   99.00
15:05:07      18    1.00    0.00    1.00    0.00    0.00    0.00    0.00    0.00    0.00   98.00
15:05:07      19    0.00    0.00    0.00    0.00    0.00    0.00    0.00    0.00    0.00  100.00
15:05:07      20    2.00    0.00    1.00    0.00    0.00    0.00    0.00    0.00    0.00   97.00
15:05:07      21    1.00    0.00    0.00    0.00    0.00    0.00    0.00    0.00    0.00   99.00
15:05:07      22    2.02    0.00    0.00    0.00    0.00    0.00    0.00    0.00    0.00   97.98
15:05:07      23    2.00    0.00    1.00    0.00    0.00    0.00    0.00    0.00    0.00   97.00

15:05:07     CPU    %usr   %nice    %sys %iowait    %irq   %soft  %steal  %guest  %gnice   %idle
15:05:08     all    1.25    0.00    0.42    0.00    0.00    0.13    0.00    0.00    0.00   98.20
15:05:08       0    2.00    0.00    1.00    0.00    0.00    0.00    0.00    0.00    0.00   97.00
15:05:08       1    0.00    0.00    0.00    0.00    0.00    0.00    0.00    0.00    0.00  100.00
15:05:08       2    1.00    0.00    0.00    0.00    0.00    0.00    0.00    0.00    0.00   99.00
15:05:08       3    0.00    0.00    0.00    0.00    0.00    0.00    0.00    0.00    0.00  100.00
15:05:08       4    2.00    0.00    1.00    0.00    0.00    0.00    0.00    0.00    0.00   97.00
15:05:08       5    0.00    0.00    0.00    0.00    0.00    0.00    0.00    0.00    0.00  100.00
15:05:08       6    2.02    0.00    0.00    0.00    0.00    0.00    0.00    0.00    0.00   97.98
15:05:08       7    0.00    0.00    0.00    0.00    0.00    0.00    0.00    0.00    0.00  100.00
15:05:08       8    2.02    0.00    1.01    0.00    0.00    0.00    0.00    0.00    0.00   96.97
15:05:08       9    1.01    0.00    0.00    0.00    0.00    0.00    0.00    0.00    0.00   98.99
15:05:08      10    5.05    0.00    2.02    0.00    0.00    0.00    0.00    0.00    0.00   92.93
15:05:08      11    0.00    0.00    0.00    0.00    0.00    0.00    0.00    0.00    0.00  100.00
15:05:08      12    2.02    0.00    0.00    0.00    0.00    0.00    0.00    0.00    0.00   97.98
15:05:08      13    0.00    0.00    0.00    0.00    0.00    0.00    0.00    0.00    0.00  100.00
15:05:08      14    0.99    0.00    0.99    0.00    0.00    0.00    0.00    0.00    0.00   98.02
15:05:08      15    0.99    0.00    0.99    0.00    0.00    2.97    0.00    0.00    0.00   95.05
15:05:08      16    2.00    0.00    1.00    0.00    0.00    0.00    0.00    0.00    0.00   97.00
15:05:08      17    2.02    0.00    0.00    0.00    0.00    0.00    0.00    0.00    0.00   97.98
15:05:08      18    1.00    0.00    1.00    0.00    0.00    0.00    0.00    0.00    0.00   98.00
15:05:08      19    1.00    0.00    0.00    0.00    0.00    0.00    0.00    0.00    0.00   99.00
15:05:08      20    1.00    0.00    0.00    0.00    0.00    0.00    0.00    0.00    0.00   99.00
15:05:08      21    1.00    0.00    0.00    0.00    0.00    0.00    0.00    0.00    0.00   99.00
15:05:08      22    1.02    0.00    0.00    0.00    0.00    0.00    0.00    0.00    0.00   98.98
15:05:08      23    2.00    0.00    1.00    0.00    0.00    0.00    0.00    0.00    0.00   97.00

15:05:08     CPU    %usr   %nice    %sys %iowait    %irq   %soft  %steal  %guest  %gnice   %idle
15:05:09     all    1.04    0.00    0.46    0.00    0.00    0.04    0.00    0.00    0.00   98.45
15:05:09       0    0.00    0.00    0.00    0.00    0.00    0.00    0.00    0.00    0.00  100.00
15:05:09       1    0.00    0.00    0.00    0.00    0.00    0.00    0.00    0.00    0.00  100.00
15:05:09       2    1.01    0.00    0.00    0.00    0.00    0.00    0.00    0.00    0.00   98.99
15:05:09       3    0.00    0.00    0.00    0.00    0.00    0.00    0.00    0.00    0.00  100.00
15:05:09       4    2.00    0.00    1.00    0.00    0.00    0.00    0.00    0.00    0.00   97.00
15:05:09       5    0.00    0.00    0.00    0.00    0.00    0.00    0.00    0.00    0.00  100.00
15:05:09       6    2.00    0.00    1.00    0.00    0.00    0.00    0.00    0.00    0.00   97.00
15:05:09       7    0.00    0.00    0.00    0.00    0.00    0.00    0.00    0.00    0.00  100.00
15:05:09       8    5.05    0.00    0.00    0.00    0.00    0.00    0.00    0.00    0.00   94.95
15:05:09       9    0.00    0.00    0.00    0.00    0.00    0.00    0.00    0.00    0.00  100.00
15:05:09      10    3.03    0.00    2.02    0.00    0.00    0.00    0.00    0.00    0.00   94.95
15:05:09      11    0.99    0.00    0.00    0.00    0.00    0.00    0.00    0.00    0.00   99.01
15:05:09      12    1.00    0.00    1.00    0.00    0.00    0.00    0.00    0.00    0.00   98.00
15:05:09      13    0.00    0.00    0.00    0.00    0.00    0.00    0.00    0.00    0.00  100.00
15:05:09      14    3.03    0.00    0.00    0.00    0.00    0.00    0.00    0.00    0.00   96.97
15:05:09      15    1.01    0.00    1.01    0.00    0.00    1.01    0.00    0.00    0.00   96.97
15:05:09      16    1.01    0.00    1.01    0.00    0.00    0.00    0.00    0.00    0.00   97.98
15:05:09      17    1.98    0.00    1.98    0.00    0.00    0.00    0.00    0.00    0.00   96.04
15:05:09      18    1.01    0.00    0.00    0.00    0.00    0.00    0.00    0.00    0.00   98.99
15:05:09      19    0.00    0.00    0.00    0.00    0.00    0.00    0.00    0.00    0.00  100.00
15:05:09      20    1.00    0.00    0.00    0.00    0.00    0.00    0.00    0.00    0.00   99.00
15:05:09      21    0.00    0.00    0.00    0.00    0.00    0.00    0.00    0.00    0.00  100.00
15:05:09      22    0.00    0.00    1.01    0.00    0.00    0.00    0.00    0.00    0.00   98.99
15:05:09      23    0.99    0.00    0.99    0.00    0.00    0.00    0.00    0.00    0.00   98.02

15:05:09     CPU    %usr   %nice    %sys %iowait    %irq   %soft  %steal  %guest  %gnice   %idle
15:05:10     all    1.13    0.00    0.25    0.04    0.00    0.08    0.00    0.00    0.00   98.50
15:05:10       0    2.00    0.00    1.00    0.00    0.00    0.00    0.00    0.00    0.00   97.00
15:05:10       1    0.00    0.00    0.00    0.00    0.00    0.00    0.00    0.00    0.00  100.00
15:05:10       2    1.00    0.00    0.00    0.00    0.00    0.00    0.00    0.00    0.00   99.00
15:05:10       3    0.00    0.00    0.00    0.00    0.00    0.00    0.00    0.00    0.00  100.00
15:05:10       4    2.00    0.00    2.00    0.00    0.00    0.00    0.00    0.00    0.00   96.00
15:05:10       5    0.00    0.00    0.00    0.00    0.00    0.00    0.00    0.00    0.00  100.00
15:05:10       6    1.00    0.00    0.00    0.00    0.00    0.00    0.00    0.00    0.00   99.00
15:05:10       7    0.00    0.00    0.00    0.00    0.00    0.00    0.00    0.00    0.00  100.00
15:05:10       8    4.00    0.00    0.00    0.00    0.00    0.00    0.00    0.00    0.00   96.00
15:05:10       9    0.00    0.00    0.00    0.00    0.00    0.00    0.00    0.00    0.00  100.00
15:05:10      10    4.00    0.00    1.00    0.00    0.00    0.00    0.00    0.00    0.00   95.00
15:05:10      11    0.00    0.00    0.00    0.00    0.00    0.00    0.00    0.00    0.00  100.00
15:05:10      12    2.00    0.00    1.00    0.00    0.00    0.00    0.00    0.00    0.00   97.00
15:05:10      13    0.00    0.00    0.00    0.00    0.00    0.00    0.00    0.00    0.00  100.00
15:05:10      14    0.00    0.00    0.00    1.01    0.00    0.00    0.00    0.00    0.00   98.99
15:05:10      15    0.00    0.00    0.00    0.00    0.00    2.02    0.00    0.00    0.00   97.98
15:05:10      16    1.00    0.00    0.00    0.00    0.00    0.00    0.00    0.00    0.00   99.00
15:05:10      17    1.01    0.00    0.00    0.00    0.00    0.00    0.00    0.00    0.00   98.99
15:05:10      18    0.00    0.00    0.00    0.00    0.00    0.00    0.00    0.00    0.00  100.00
15:05:10      19    1.01    0.00    0.00    0.00    0.00    0.00    0.00    0.00    0.00   98.99
15:05:10      20    2.00    0.00    0.00    0.00    0.00    0.00    0.00    0.00    0.00   98.00
15:05:10      21    1.00    0.00    1.00    0.00    0.00    0.00    0.00    0.00    0.00   98.00
15:05:10      22    3.03    0.00    0.00    0.00    0.00    0.00    0.00    0.00    0.00   96.97
15:05:10      23    2.02    0.00    0.00    0.00    0.00    0.00    0.00    0.00    0.00   97.98

15:05:10     CPU    %usr   %nice    %sys %iowait    %irq   %soft  %steal  %guest  %gnice   %idle
15:05:11     all    0.92    0.00    0.54    0.04    0.00    0.04    0.00    0.00    0.00   98.45
15:05:11       0    1.00    0.00    0.00    0.00    0.00    0.00    0.00    0.00    0.00   99.00
15:05:11       1    0.00    0.00    0.00    0.00    0.00    0.00    0.00    0.00    0.00  100.00
15:05:11       2    1.00    0.00    1.00    0.00    0.00    0.00    0.00    0.00    0.00   98.00
15:05:11       3    0.00    0.00    0.00    0.00    0.00    0.00    0.00    0.00    0.00  100.00
15:05:11       4    3.03    0.00    1.01    0.00    0.00    0.00    0.00    0.00    0.00   95.96
15:05:11       5    0.00    0.00    0.00    0.00    0.00    0.00    0.00    0.00    0.00  100.00
15:05:11       6    3.03    0.00    1.01    0.00    0.00    0.00    0.00    0.00    0.00   95.96
15:05:11       7    0.00    0.00    0.00    0.00    0.00    0.00    0.00    0.00    0.00  100.00
15:05:11       8    4.08    0.00    1.02    0.00    0.00    0.00    0.00    0.00    0.00   94.90
15:05:11       9    0.00    0.00    0.00    0.00    0.00    0.00    0.00    0.00    0.00  100.00
15:05:11      10    2.00    0.00    1.00    0.00    0.00    0.00    0.00    0.00    0.00   97.00
15:05:11      11    0.00    0.00    1.00    0.00    0.00    0.00    0.00    0.00    0.00   99.00
15:05:11      12    1.01    0.00    0.00    0.00    0.00    0.00    0.00    0.00    0.00   98.99
15:05:11      13    0.00    0.00    0.00    0.00    0.00    0.00    0.00    0.00    0.00  100.00
15:05:11      14    2.00    0.00    1.00    0.00    0.00    0.00    0.00    0.00    0.00   97.00
15:05:11      15    0.00    0.00    1.01    0.00    0.00    1.01    0.00    0.00    0.00   97.98
15:05:11      16    1.00    0.00    0.00    0.00    0.00    0.00    0.00    0.00    0.00   99.00
15:05:11      17    0.00    0.00    1.00    0.00    0.00    0.00    0.00    0.00    0.00   99.00
15:05:11      18    0.99    0.00    0.00    0.99    0.00    0.00    0.00    0.00    0.00   98.02
15:05:11      19    0.00    0.00    0.99    0.00    0.00    0.00    0.00    0.00    0.00   99.01
15:05:11      20    1.00    0.00    1.00    0.00    0.00    0.00    0.00    0.00    0.00   98.00
15:05:11      21    0.00    0.00    1.00    0.00    0.00    0.00    0.00    0.00    0.00   99.00
15:05:11      22    1.02    0.00    0.00    0.00    0.00    0.00    0.00    0.00    0.00   98.98
15:05:11      23    1.00    0.00    1.00    0.00    0.00    0.00    0.00    0.00    0.00   98.00

15:05:11     CPU    %usr   %nice    %sys %iowait    %irq   %soft  %steal  %guest  %gnice   %idle
15:05:12     all    1.38    0.00    0.38    0.04    0.00    0.08    0.00    0.00    0.00   98.12
15:05:12       0    2.02    0.00    1.01    0.00    0.00    0.00    0.00    0.00    0.00   96.97
15:05:12       1    0.00    0.00    0.00    0.00    0.00    0.00    0.00    0.00    0.00  100.00
15:05:12       2    3.00    0.00    1.00    0.00    0.00    0.00    0.00    0.00    0.00   96.00
15:05:12       3    0.00    0.00    0.00    0.00    0.00    0.00    0.00    0.00    0.00  100.00
15:05:12       4    2.00    0.00    0.00    0.00    0.00    0.00    0.00    0.00    0.00   98.00
15:05:12       5    0.00    0.00    0.00    0.00    0.00    0.00    0.00    0.00    0.00  100.00
15:05:12       6    1.98    0.00    0.00    0.99    0.00    0.00    0.00    0.00    0.00   97.03
15:05:12       7    0.00    0.00    0.00    0.00    0.00    0.00    0.00    0.00    0.00  100.00
15:05:12       8    6.00    0.00    2.00    0.00    0.00    0.00    0.00    0.00    0.00   92.00
15:05:12       9    1.98    0.00    0.99    0.00    0.00    0.00    0.00    0.00    0.00   97.03
15:05:12      10    1.01    0.00    0.00    0.00    0.00    0.00    0.00    0.00    0.00   98.99
15:05:12      11    0.00    0.00    0.00    0.00    0.00    0.00    0.00    0.00    0.00  100.00
15:05:12      12    3.03    0.00    1.01    0.00    0.00    0.00    0.00    0.00    0.00   95.96
15:05:12      13    0.00    0.00    0.00    0.00    0.00    0.00    0.00    0.00    0.00  100.00
15:05:12      14    0.99    0.00    0.99    0.00    0.00    0.00    0.00    0.00    0.00   98.02
15:05:12      15    0.00    0.00    0.00    0.00    0.00    2.04    0.00    0.00    0.00   97.96
15:05:12      16    1.02    0.00    0.00    0.00    0.00    0.00    0.00    0.00    0.00   98.98
15:05:12      17    2.00    0.00    0.00    0.00    0.00    0.00    0.00    0.00    0.00   98.00
15:05:12      18    1.01    0.00    1.01    0.00    0.00    0.00    0.00    0.00    0.00   97.98
15:05:12      19    1.00    0.00    0.00    0.00    0.00    0.00    0.00    0.00    0.00   99.00
15:05:12      20    1.00    0.00    0.00    0.00    0.00    0.00    0.00    0.00    0.00   99.00
15:05:12      21    2.00    0.00    0.00    0.00    0.00    0.00    0.00    0.00    0.00   98.00
15:05:12      22    2.02    0.00    1.01    0.00    0.00    0.00    0.00    0.00    0.00   96.97
15:05:12      23    1.00    0.00    0.00    0.00    0.00    0.00    0.00    0.00    0.00   99.00

15:05:12     CPU    %usr   %nice    %sys %iowait    %irq   %soft  %steal  %guest  %gnice   %idle
15:05:13     all    1.34    0.00    0.42    0.08    0.00    0.17    0.00    0.00    0.00   97.99
15:05:13       0    1.00    0.00    0.00    0.00    0.00    0.00    0.00    0.00    0.00   99.00
15:05:13       1    0.00    0.00    0.00    0.00    0.00    0.00    0.00    0.00    0.00  100.00
15:05:13       2    0.00    0.00    0.00    0.00    0.00    0.00    0.00    0.00    0.00  100.00
15:05:13       3    0.00    0.00    0.00    0.00    0.00    0.00    0.00    0.00    0.00  100.00
15:05:13       4    2.00    0.00    0.00    0.00    0.00    1.00    0.00    0.00    0.00   97.00
15:05:13       5    0.00    0.00    0.00    0.00    0.00    0.00    0.00    0.00    0.00  100.00
15:05:13       6    4.00    0.00    1.00    0.00    0.00    0.00    0.00    0.00    0.00   95.00
15:05:13       7    0.00    0.00    0.00    0.00    0.00    0.99    0.00    0.00    0.00   99.01
15:05:13       8    7.00    0.00    1.00    0.00    0.00    0.00    0.00    0.00    0.00   92.00
15:05:13       9    1.00    0.00    0.00    0.00    0.00    0.00    0.00    0.00    0.00   99.00
15:05:13      10    2.00    0.00    1.00    0.00    0.00    0.00    0.00    0.00    0.00   97.00
15:05:13      11    1.01    0.00    0.00    0.00    0.00    0.00    0.00    0.00    0.00   98.99
15:05:13      12    2.00    0.00    0.00    0.00    0.00    0.00    0.00    0.00    0.00   98.00
15:05:13      13    0.00    0.00    0.00    0.00    0.00    0.00    0.00    0.00    0.00  100.00
15:05:13      14    2.02    0.00    1.01    0.00    0.00    0.00    0.00    0.00    0.00   96.97
15:05:13      15    0.99    0.00    0.99    0.00    0.00    1.98    0.00    0.00    0.00   96.04
15:05:13      16    1.00    0.00    1.00    1.00    0.00    0.00    0.00    0.00    0.00   97.00
15:05:13      17    2.02    0.00    0.00    0.00    0.00    0.00    0.00    0.00    0.00   97.98
15:05:13      18    0.99    0.00    0.99    0.99    0.00    0.00    0.00    0.00    0.00   97.03
15:05:13      19    1.01    0.00    0.00    0.00    0.00    0.00    0.00    0.00    0.00   98.99
15:05:13      20    1.00    0.00    1.00    0.00    0.00    0.00    0.00    0.00    0.00   98.00
15:05:13      21    0.00    0.00    0.00    0.00    0.00    0.00    0.00    0.00    0.00  100.00
15:05:13      22    2.04    0.00    0.00    0.00    0.00    0.00    0.00    0.00    0.00   97.96
15:05:13      23    1.01    0.00    2.02    0.00    0.00    0.00    0.00    0.00    0.00   96.97

15:05:13     CPU    %usr   %nice    %sys %iowait    %irq   %soft  %steal  %guest  %gnice   %idle
15:05:14     all    1.17    0.00    0.33    0.04    0.00    0.08    0.00    0.00    0.00   98.37
15:05:14       0    1.00    0.00    0.00    0.00    0.00    0.00    0.00    0.00    0.00   99.00
15:05:14       1    0.00    0.00    0.00    0.00    0.00    0.00    0.00    0.00    0.00  100.00
15:05:14       2    1.00    0.00    0.00    0.00    0.00    0.00    0.00    0.00    0.00   99.00
15:05:14       3    0.00    0.00    0.00    0.00    0.00    0.00    0.00    0.00    0.00  100.00
15:05:14       4    2.00    0.00    1.00    0.00    0.00    0.00    0.00    0.00    0.00   97.00
15:05:14       5    0.00    0.00    0.00    0.00    0.00    0.00    0.00    0.00    0.00  100.00
15:05:14       6    2.02    0.00    1.01    0.00    0.00    0.00    0.00    0.00    0.00   96.97
15:05:14       7    0.00    0.00    0.00    0.00    0.00    0.00    0.00    0.00    0.00  100.00
15:05:14       8    5.10    0.00    1.02    0.00    0.00    0.00    0.00    0.00    0.00   93.88
15:05:14       9    0.00    0.00    0.00    0.00    0.00    0.00    0.00    0.00    0.00  100.00
15:05:14      10    3.00    0.00    1.00    0.00    0.00    0.00    0.00    0.00    0.00   96.00
15:05:14      11    0.00    0.00    0.00    0.00    0.00    0.00    0.00    0.00    0.00  100.00
15:05:14      12    1.01    0.00    0.00    0.00    0.00    0.00    0.00    0.00    0.00   98.99
15:05:14      13    0.00    0.00    0.00    0.00    0.00    0.00    0.00    0.00    0.00  100.00
15:05:14      14    1.01    0.00    1.01    0.00    0.00    0.00    0.00    0.00    0.00   97.98
15:05:14      15    0.00    0.00    1.02    0.00    0.00    1.02    0.00    0.00    0.00   97.96
15:05:14      16    1.01    0.00    0.00    0.00    0.00    0.00    0.00    0.00    0.00   98.99
15:05:14      17    0.00    0.00    0.00    0.00    0.00    0.00    0.00    0.00    0.00  100.00
15:05:14      18    1.01    0.00    0.00    0.00    0.00    0.00    0.00    0.00    0.00   98.99
15:05:14      19    1.00    0.00    0.00    0.00    0.00    0.00    0.00    0.00    0.00   99.00
15:05:14      20    3.00    0.00    0.00    0.00    0.00    0.00    0.00    0.00    0.00   97.00
15:05:14      21    1.96    0.00    0.98    0.98    0.00    0.98    0.00    0.00    0.00   95.10
15:05:14      22    2.00    0.00    1.00    0.00    0.00    0.00    0.00    0.00    0.00   97.00
15:05:14      23    2.00    0.00    0.00    0.00    0.00    0.00    0.00    0.00    0.00   98.00

15:05:14     CPU    %usr   %nice    %sys %iowait    %irq   %soft  %steal  %guest  %gnice   %idle
15:05:15     all    1.04    0.00    0.42    0.00    0.00    0.04    0.00    0.00    0.00   98.50
15:05:15       0    0.00    0.00    0.00    0.00    0.00    0.00    0.00    0.00    0.00  100.00
15:05:15       1    0.00    0.00    0.00    0.00    0.00    0.00    0.00    0.00    0.00  100.00
15:05:15       2    2.00    0.00    1.00    0.00    0.00    0.00    0.00    0.00    0.00   97.00
15:05:15       3    0.00    0.00    0.00    0.00    0.00    0.00    0.00    0.00    0.00  100.00
15:05:15       4    1.00    0.00    2.00    0.00    0.00    0.00    0.00    0.00    0.00   97.00
15:05:15       5    0.99    0.00    0.00    0.00    0.00    0.00    0.00    0.00    0.00   99.01
15:05:15       6    1.01    0.00    1.01    0.00    0.00    0.00    0.00    0.00    0.00   97.98
15:05:15       7    0.00    0.00    0.00    0.00    0.00    0.00    0.00    0.00    0.00  100.00
15:05:15       8    5.00    0.00    1.00    0.00    0.00    0.00    0.00    0.00    0.00   94.00
15:05:15       9    0.00    0.00    0.00    0.00    0.00    0.00    0.00    0.00    0.00  100.00
15:05:15      10    4.00    0.00    0.00    0.00    0.00    0.00    0.00    0.00    0.00   96.00
15:05:15      11    0.00    0.00    0.00    0.00    0.00    0.00    0.00    0.00    0.00  100.00
15:05:15      12    1.00    0.00    1.00    0.00    0.00    0.00    0.00    0.00    0.00   98.00
15:05:15      13    0.00    0.00    0.00    0.00    0.00    0.00    0.00    0.00    0.00  100.00
15:05:15      14    0.00    0.00    1.00    0.00    0.00    0.00    0.00    0.00    0.00   99.00
15:05:15      15    1.01    0.00    0.00    0.00    0.00    1.01    0.00    0.00    0.00   97.98
15:05:15      16    2.00    0.00    0.00    0.00    0.00    0.00    0.00    0.00    0.00   98.00
15:05:15      17    2.00    0.00    0.00    0.00    0.00    0.00    0.00    0.00    0.00   98.00
15:05:15      18    1.00    0.00    1.00    0.00    0.00    0.00    0.00    0.00    0.00   98.00
15:05:15      19    1.00    0.00    1.00    0.00    0.00    0.00    0.00    0.00    0.00   98.00
15:05:15      20    1.00    0.00    0.00    0.00    0.00    0.00    0.00    0.00    0.00   99.00
15:05:15      21    1.00    0.00    0.00    0.00    0.00    0.00    0.00    0.00    0.00   99.00
15:05:15      22    0.00    0.00    0.00    0.00    0.00    0.00    0.00    0.00    0.00  100.00
15:05:15      23    1.00    0.00    1.00    0.00    0.00    0.00    0.00    0.00    0.00   98.00

15:05:15     CPU    %usr   %nice    %sys %iowait    %irq   %soft  %steal  %guest  %gnice   %idle
15:05:16     all    1.25    0.00    0.33    0.00    0.00    0.08    0.00    0.00    0.00   98.33
15:05:16       0    0.00    0.00    0.00    0.00    0.00    0.00    0.00    0.00    0.00  100.00
15:05:16       1    2.02    0.00    0.00    0.00    0.00    0.00    0.00    0.00    0.00   97.98
15:05:16       2    1.01    0.00    0.00    0.00    0.00    0.00    0.00    0.00    0.00   98.99
15:05:16       3    0.00    0.00    0.00    0.00    0.00    0.00    0.00    0.00    0.00  100.00
15:05:16       4    2.02    0.00    0.00    0.00    0.00    0.00    0.00    0.00    0.00   97.98
15:05:16       5    0.00    0.00    0.00    0.00    0.00    0.00    0.00    0.00    0.00  100.00
15:05:16       6    2.00    0.00    0.00    0.00    0.00    0.00    0.00    0.00    0.00   98.00
15:05:16       7    0.00    0.00    0.00    0.00    0.00    0.00    0.00    0.00    0.00  100.00
15:05:16       8    4.95    0.00    2.97    0.00    0.00    0.00    0.00    0.00    0.00   92.08
15:05:16       9    1.01    0.00    0.00    0.00    0.00    0.00    0.00    0.00    0.00   98.99
15:05:16      10    6.00    0.00    1.00    0.00    0.00    0.00    0.00    0.00    0.00   93.00
15:05:16      11    1.00    0.00    0.00    0.00    0.00    0.00    0.00    0.00    0.00   99.00
15:05:16      12    1.98    0.00    0.99    0.00    0.00    0.00    0.00    0.00    0.00   97.03
15:05:16      13    0.99    0.00    0.00    0.00    0.00    0.00    0.00    0.00    0.00   99.01
15:05:16      14    1.00    0.00    0.00    0.00    0.00    0.00    0.00    0.00    0.00   99.00
15:05:16      15    0.00    0.00    1.00    0.00    0.00    2.00    0.00    0.00    0.00   97.00
15:05:16      16    1.01    0.00    0.00    0.00    0.00    0.00    0.00    0.00    0.00   98.99
15:05:16      17    1.00    0.00    0.00    0.00    0.00    0.00    0.00    0.00    0.00   99.00
15:05:16      18    1.00    0.00    1.00    0.00    0.00    0.00    0.00    0.00    0.00   98.00
15:05:16      19    0.00    0.00    1.01    0.00    0.00    0.00    0.00    0.00    0.00   98.99
15:05:16      20    0.00    0.00    0.00    0.00    0.00    0.00    0.00    0.00    0.00  100.00
15:05:16      21    0.00    0.00    0.00    0.00    0.00    0.00    0.00    0.00    0.00  100.00
15:05:16      22    2.02    0.00    0.00    0.00    0.00    0.00    0.00    0.00    0.00   97.98
15:05:16      23    1.00    0.00    0.00    0.00    0.00    0.00    0.00    0.00    0.00   99.00

15:05:16     CPU    %usr   %nice    %sys %iowait    %irq   %soft  %steal  %guest  %gnice   %idle
15:05:17     all    0.84    0.00    0.42    0.00    0.00    0.04    0.00    0.00    0.00   98.70
15:05:17       0    0.00    0.00    0.00    0.00    0.00    0.00    0.00    0.00    0.00  100.00
15:05:17       1    0.00    0.00    0.00    0.00    0.00    0.00    0.00    0.00    0.00  100.00
15:05:17       2    1.00    0.00    1.00    0.00    0.00    0.00    0.00    0.00    0.00   98.00
15:05:17       3    0.00    0.00    0.00    0.00    0.00    0.00    0.00    0.00    0.00  100.00
15:05:17       4    3.00    0.00    1.00    0.00    0.00    0.00    0.00    0.00    0.00   96.00
15:05:17       5    0.00    0.00    0.00    0.00    0.00    0.00    0.00    0.00    0.00  100.00
15:05:17       6    2.00    0.00    1.00    0.00    0.00    0.00    0.00    0.00    0.00   97.00
15:05:17       7    0.00    0.00    0.00    0.00    0.00    0.00    0.00    0.00    0.00  100.00
15:05:17       8    2.00    0.00    2.00    0.00    0.00    0.00    0.00    0.00    0.00   96.00
15:05:17       9    0.00    0.00    0.00    0.00    0.00    0.00    0.00    0.00    0.00  100.00
15:05:17      10    5.10    0.00    0.00    0.00    0.00    0.00    0.00    0.00    0.00   94.90
15:05:17      11    0.00    0.00    0.00    0.00    0.00    0.00    0.00    0.00    0.00  100.00
15:05:17      12    1.01    0.00    0.00    0.00    0.00    0.00    0.00    0.00    0.00   98.99
15:05:17      13    0.00    0.00    0.00    0.00    0.00    0.00    0.00    0.00    0.00  100.00
15:05:17      14    1.01    0.00    2.02    0.00    0.00    0.00    0.00    0.00    0.00   96.97
15:05:17      15    0.00    0.00    0.00    0.00    0.00    1.03    0.00    0.00    0.00   98.97
15:05:17      16    1.00    0.00    1.00    0.00    0.00    0.00    0.00    0.00    0.00   98.00
15:05:17      17    1.00    0.00    1.00    0.00    0.00    0.00    0.00    0.00    0.00   98.00
15:05:17      18    1.00    0.00    0.00    0.00    0.00    0.00    0.00    0.00    0.00   99.00
15:05:17      19    1.00    0.00    0.00    0.00    0.00    0.00    0.00    0.00    0.00   99.00
15:05:17      20    0.99    0.00    0.99    0.00    0.00    0.00    0.00    0.00    0.00   98.02
15:05:17      21    0.00    0.00    0.00    0.00    0.00    0.00    0.00    0.00    0.00  100.00
15:05:17      22    0.00    0.00    0.00    0.00    0.00    0.00    0.00    0.00    0.00  100.00
15:05:17      23    0.00    0.00    0.00    0.00    0.00    0.00    0.00    0.00    0.00  100.00

15:05:17     CPU    %usr   %nice    %sys %iowait    %irq   %soft  %steal  %guest  %gnice   %idle
15:05:18     all    0.84    0.00    0.46    0.08    0.00    0.08    0.00    0.00    0.00   98.54
15:05:18       0    0.99    0.00    0.99    0.00    0.00    0.00    0.00    0.00    0.00   98.02
15:05:18       1    0.00    0.00    0.00    0.00    0.00    0.00    0.00    0.00    0.00  100.00
15:05:18       2    1.00    0.00    0.00    0.00    0.00    0.00    0.00    0.00    0.00   99.00
15:05:18       3    0.00    0.00    0.00    0.00    0.00    0.00    0.00    0.00    0.00  100.00
15:05:18       4    0.00    0.00    1.00    0.00    0.00    0.00    0.00    0.00    0.00   99.00
15:05:18       5    0.00    0.00    0.00    0.00    0.00    0.00    0.00    0.00    0.00  100.00
15:05:18       6    1.01    0.00    0.00    0.00    0.00    0.00    0.00    0.00    0.00   98.99
15:05:18       7    0.00    0.00    0.00    0.00    0.00    0.00    0.00    0.00    0.00  100.00
15:05:18       8    3.03    0.00    1.01    1.01    0.00    0.00    0.00    0.00    0.00   94.95
15:05:18       9    0.00    0.00    0.00    0.00    0.00    0.00    0.00    0.00    0.00  100.00
15:05:18      10    4.00    0.00    2.00    0.00    0.00    0.00    0.00    0.00    0.00   94.00
15:05:18      11    0.00    0.00    0.00    0.00    0.00    0.00    0.00    0.00    0.00  100.00
15:05:18      12    1.02    0.00    1.02    0.00    0.00    0.00    0.00    0.00    0.00   97.96
15:05:18      13    0.00    0.00    0.00    0.00    0.00    0.00    0.00    0.00    0.00  100.00
15:05:18      14    2.94    0.00    0.98    0.00    0.00    0.00    0.00    0.00    0.00   96.08
15:05:18      15    0.00    0.00    0.00    0.00    0.00    2.02    0.00    0.00    0.00   97.98
15:05:18      16    0.00    0.00    0.00    1.01    0.00    0.00    0.00    0.00    0.00   98.99
15:05:18      17    0.00    0.00    0.00    0.00    0.00    0.00    0.00    0.00    0.00  100.00
15:05:18      18    1.00    0.00    0.00    0.00    0.00    0.00    0.00    0.00    0.00   99.00
15:05:18      19    0.00    0.00    0.00    0.00    0.00    0.00    0.00    0.00    0.00  100.00
15:05:18      20    0.00    0.00    1.01    0.00    0.00    0.00    0.00    0.00    0.00   98.99
15:05:18      21    1.00    0.00    1.00    0.00    0.00    0.00    0.00    0.00    0.00   98.00
15:05:18      22    2.02    0.00    1.01    0.00    0.00    0.00    0.00    0.00    0.00   96.97
15:05:18      23    1.98    0.00    0.99    0.00    0.00    0.00    0.00    0.00    0.00   97.03

15:05:18     CPU    %usr   %nice    %sys %iowait    %irq   %soft  %steal  %guest  %gnice   %idle
15:05:19     all    1.13    0.00    0.42    0.00    0.00    0.04    0.00    0.00    0.00   98.41
15:05:19       0    0.00    0.00    0.00    0.00    0.00    0.00    0.00    0.00    0.00  100.00
15:05:19       1    0.00    0.00    0.00    0.00    0.00    0.00    0.00    0.00    0.00  100.00
15:05:19       2    1.01    0.00    0.00    0.00    0.00    0.00    0.00    0.00    0.00   98.99
15:05:19       3    0.00    0.00    0.00    0.00    0.00    0.00    0.00    0.00    0.00  100.00
15:05:19       4    1.01    0.00    0.00    0.00    0.00    0.00    0.00    0.00    0.00   98.99
15:05:19       5    0.00    0.00    0.00    0.00    0.00    0.00    0.00    0.00    0.00  100.00
15:05:19       6    1.00    0.00    1.00    0.00    0.00    0.00    0.00    0.00    0.00   98.00
15:05:19       7    0.00    0.00    0.00    0.00    0.00    0.00    0.00    0.00    0.00  100.00
15:05:19       8    4.00    0.00    2.00    0.00    0.00    0.00    0.00    0.00    0.00   94.00
15:05:19       9    0.00    0.00    0.00    0.00    0.00    0.00    0.00    0.00    0.00  100.00
15:05:19      10    5.94    0.00    0.99    0.00    0.00    0.00    0.00    0.00    0.00   93.07
15:05:19      11    0.00    0.00    0.00    0.00    0.00    0.00    0.00    0.00    0.00  100.00
15:05:19      12    2.00    0.00    1.00    0.00    0.00    0.00    0.00    0.00    0.00   97.00
15:05:19      13    0.00    0.00    0.00    0.00    0.00    0.00    0.00    0.00    0.00  100.00
15:05:19      14    0.00    0.00    0.00    0.00    0.00    0.00    0.00    0.00    0.00  100.00
15:05:19      15    1.00    0.00    0.00    0.00    0.00    1.00    0.00    0.00    0.00   98.00
15:05:19      16    1.00    0.00    1.00    0.00    0.00    0.00    0.00    0.00    0.00   98.00
15:05:19      17    1.01    0.00    0.00    0.00    0.00    0.00    0.00    0.00    0.00   98.99
15:05:19      18    1.01    0.00    0.00    0.00    0.00    0.00    0.00    0.00    0.00   98.99
15:05:19      19    1.01    0.00    2.02    0.00    0.00    0.00    0.00    0.00    0.00   96.97
15:05:19      20    1.98    0.00    0.00    0.00    0.00    0.00    0.00    0.00    0.00   98.02
15:05:19      21    0.99    0.00    0.99    0.00    0.00    0.00    0.00    0.00    0.00   98.02
15:05:19      22    2.02    0.00    1.01    0.00    0.00    0.00    0.00    0.00    0.00   96.97
15:05:19      23    2.00    0.00    0.00    0.00    0.00    0.00    0.00    0.00    0.00   98.00

15:05:19     CPU    %usr   %nice    %sys %iowait    %irq   %soft  %steal  %guest  %gnice   %idle
15:05:20     all    1.17    0.00    0.29    0.00    0.00    0.04    0.00    0.00    0.00   98.50
15:05:20       0    2.02    0.00    0.00    0.00    0.00    0.00    0.00    0.00    0.00   97.98
15:05:20       1    0.00    0.00    0.00    0.00    0.00    0.00    0.00    0.00    0.00  100.00
15:05:20       2    2.02    0.00    0.00    0.00    0.00    0.00    0.00    0.00    0.00   97.98
15:05:20       3    0.00    0.00    0.00    0.00    0.00    0.00    0.00    0.00    0.00  100.00
15:05:20       4    2.00    0.00    0.00    0.00    0.00    0.00    0.00    0.00    0.00   98.00
15:05:20       5    0.00    0.00    0.00    0.00    0.00    0.00    0.00    0.00    0.00  100.00
15:05:20       6    1.98    0.00    0.99    0.00    0.00    0.00    0.00    0.00    0.00   97.03
15:05:20       7    0.00    0.00    0.00    0.00    0.00    0.00    0.00    0.00    0.00  100.00
15:05:20       8    2.02    0.00    1.01    0.00    0.00    0.00    0.00    0.00    0.00   96.97
15:05:20       9    0.00    0.00    0.00    0.00    0.00    0.00    0.00    0.00    0.00  100.00
15:05:20      10    4.08    0.00    0.00    0.00    0.00    0.00    0.00    0.00    0.00   95.92
15:05:20      11    0.00    0.00    0.00    0.00    0.00    0.00    0.00    0.00    0.00  100.00
15:05:20      12    1.98    0.00    0.99    0.00    0.00    0.00    0.00    0.00    0.00   97.03
15:05:20      13    0.00    0.00    0.00    0.00    0.00    0.00    0.00    0.00    0.00  100.00
15:05:20      14    1.00    0.00    0.00    0.00    0.00    0.00    0.00    0.00    0.00   99.00
15:05:20      15    0.00    0.00    1.01    0.00    0.00    1.01    0.00    0.00    0.00   97.98
15:05:20      16    1.01    0.00    0.00    0.00    0.00    0.00    0.00    0.00    0.00   98.99
15:05:20      17    1.00    0.00    1.00    0.00    0.00    0.00    0.00    0.00    0.00   98.00
15:05:20      18    1.00    0.00    0.00    0.00    0.00    0.00    0.00    0.00    0.00   99.00
15:05:20      19    0.99    0.00    0.00    0.00    0.00    0.00    0.00    0.00    0.00   99.01
15:05:20      20    2.00    0.00    1.00    0.00    0.00    0.00    0.00    0.00    0.00   97.00
15:05:20      21    2.00    0.00    0.00    0.00    0.00    0.00    0.00    0.00    0.00   98.00
15:05:20      22    1.02    0.00    0.00    0.00    0.00    0.00    0.00    0.00    0.00   98.98
15:05:20      23    2.02    0.00    1.01    0.00    0.00    0.00    0.00    0.00    0.00   96.97

15:05:20     CPU    %usr   %nice    %sys %iowait    %irq   %soft  %steal  %guest  %gnice   %idle
15:05:21     all    0.88    0.00    0.42    0.04    0.00    0.08    0.00    0.00    0.00   98.58
15:05:21       0    2.00    0.00    1.00    0.00    0.00    0.00    0.00    0.00    0.00   97.00
15:05:21       1    0.00    0.00    0.00    0.00    0.00    0.00    0.00    0.00    0.00  100.00
15:05:21       2    3.00    0.00    1.00    0.00    0.00    0.00    0.00    0.00    0.00   96.00
15:05:21       3    0.00    0.00    0.00    0.00    0.00    0.00    0.00    0.00    0.00  100.00
15:05:21       4    1.98    0.00    0.99    0.00    0.00    0.00    0.00    0.00    0.00   97.03
15:05:21       5    0.00    0.00    0.00    0.00    0.00    0.00    0.00    0.00    0.00  100.00
15:05:21       6    0.00    0.00    0.00    0.00    0.00    0.00    0.00    0.00    0.00  100.00
15:05:21       7    0.00    0.00    0.00    0.00    0.00    0.00    0.00    0.00    0.00  100.00
15:05:21       8    1.00    0.00    2.00    0.00    0.00    0.00    0.00    0.00    0.00   97.00
15:05:21       9    0.00    0.00    0.00    0.00    0.00    0.00    0.00    0.00    0.00  100.00
15:05:21      10    4.95    0.00    0.99    0.00    0.00    0.00    0.00    0.00    0.00   94.06
15:05:21      11    0.00    0.00    0.00    0.00    0.00    0.00    0.00    0.00    0.00  100.00
15:05:21      12    1.01    0.00    2.02    0.00    0.00    0.00    0.00    0.00    0.00   96.97
15:05:21      13    0.00    0.00    0.00    0.00    0.00    0.00    0.00    0.00    0.00  100.00
15:05:21      14    1.00    0.00    0.00    0.00    0.00    0.00    0.00    0.00    0.00   99.00
15:05:21      15    0.00    0.00    0.00    0.00    0.00    2.02    0.00    0.00    0.00   97.98
15:05:21      16    1.01    0.00    0.00    0.00    0.00    0.00    0.00    0.00    0.00   98.99
15:05:21      17    0.00    0.00    0.00    0.00    0.00    0.00    0.00    0.00    0.00  100.00
15:05:21      18    0.99    0.00    0.99    0.00    0.00    0.00    0.00    0.00    0.00   98.02
15:05:21      19    1.01    0.00    0.00    0.00    0.00    0.00    0.00    0.00    0.00   98.99
15:05:21      20    1.00    0.00    0.00    0.00    0.00    0.00    0.00    0.00    0.00   99.00
15:05:21      21    0.00    0.00    0.00    0.00    0.00    0.00    0.00    0.00    0.00  100.00
15:05:21      22    1.01    0.00    0.00    1.01    0.00    0.00    0.00    0.00    0.00   97.98
15:05:21      23    1.00    0.00    1.00    0.00    0.00    0.00    0.00    0.00    0.00   98.00

15:05:21     CPU    %usr   %nice    %sys %iowait    %irq   %soft  %steal  %guest  %gnice   %idle
15:05:22     all    1.13    0.00    0.50    0.00    0.00    0.04    0.00    0.00    0.00   98.33
15:05:22       0    1.01    0.00    0.00    0.00    0.00    0.00    0.00    0.00    0.00   98.99
15:05:22       1    0.00    0.00    0.00    0.00    0.00    0.00    0.00    0.00    0.00  100.00
15:05:22       2    1.00    0.00    1.00    0.00    0.00    0.00    0.00    0.00    0.00   98.00
15:05:22       3    0.00    0.00    0.00    0.00    0.00    0.00    0.00    0.00    0.00  100.00
15:05:22       4    2.00    0.00    0.00    0.00    0.00    0.00    0.00    0.00    0.00   98.00
15:05:22       5    0.00    0.00    0.00    0.00    0.00    0.00    0.00    0.00    0.00  100.00
15:05:22       6    1.00    0.00    0.00    0.00    0.00    0.00    0.00    0.00    0.00   99.00
15:05:22       7    0.00    0.00    0.00    0.00    0.00    0.00    0.00    0.00    0.00  100.00
15:05:22       8    4.00    0.00    1.00    0.00    0.00    0.00    0.00    0.00    0.00   95.00
15:05:22       9    0.00    0.00    0.00    0.00    0.00    0.00    0.00    0.00    0.00  100.00
15:05:22      10    5.00    0.00    2.00    0.00    0.00    0.00    0.00    0.00    0.00   93.00
15:05:22      11    0.00    0.00    0.00    0.00    0.00    0.00    0.00    0.00    0.00  100.00
15:05:22      12    1.01    0.00    0.00    0.00    0.00    0.00    0.00    0.00    0.00   98.99
15:05:22      13    0.00    0.00    0.00    0.00    0.00    0.00    0.00    0.00    0.00  100.00
15:05:22      14    1.98    0.00    1.98    0.00    0.00    0.00    0.00    0.00    0.00   96.04
15:05:22      15    0.00    0.00    0.00    0.00    0.00    1.03    0.00    0.00    0.00   98.97
15:05:22      16    1.00    0.00    1.00    0.00    0.00    0.00    0.00    0.00    0.00   98.00
15:05:22      17    0.99    0.00    0.99    0.00    0.00    0.00    0.00    0.00    0.00   98.02
15:05:22      18    1.00    0.00    0.00    0.00    0.00    0.00    0.00    0.00    0.00   99.00
15:05:22      19    0.99    0.00    0.99    0.00    0.00    0.00    0.00    0.00    0.00   98.02
15:05:22      20    1.00    0.00    1.00    0.00    0.00    0.00    0.00    0.00    0.00   98.00
15:05:22      21    2.00    0.00    0.00    0.00    0.00    0.00    0.00    0.00    0.00   98.00
15:05:22      22    1.01    0.00    1.01    0.00    0.00    0.00    0.00    0.00    0.00   97.98
15:05:22      23    2.00    0.00    1.00    0.00    0.00    0.00    0.00    0.00    0.00   97.00

15:05:22     CPU    %usr   %nice    %sys %iowait    %irq   %soft  %steal  %guest  %gnice   %idle
15:05:23     all    1.05    0.00    0.29    0.04    0.00    0.04    0.00    0.00    0.00   98.58
15:05:23       0    1.01    0.00    0.00    0.00    0.00    0.00    0.00    0.00    0.00   98.99
15:05:23       1    0.00    0.00    0.00    0.00    0.00    0.00    0.00    0.00    0.00  100.00
15:05:23       2    2.02    0.00    0.00    0.00    0.00    0.00    0.00    0.00    0.00   97.98
15:05:23       3    0.99    0.00    0.00    0.00    0.00    0.00    0.00    0.00    0.00   99.01
15:05:23       4    0.00    0.00    0.00    0.00    0.00    0.00    0.00    0.00    0.00  100.00
15:05:23       5    0.00    0.00    0.00    0.00    0.00    0.00    0.00    0.00    0.00  100.00
15:05:23       6    1.01    0.00    1.01    0.00    0.00    0.00    0.00    0.00    0.00   97.98
15:05:23       7    0.00    0.00    0.00    0.00    0.00    0.00    0.00    0.00    0.00  100.00
15:05:23       8    4.08    0.00    1.02    0.00    0.00    0.00    0.00    0.00    0.00   94.90
15:05:23       9    0.00    0.00    0.00    0.00    0.00    0.00    0.00    0.00    0.00  100.00
15:05:23      10    2.02    0.00    1.01    0.00    0.00    0.00    0.00    0.00    0.00   96.97
15:05:23      11    0.99    0.00    0.00    0.00    0.00    0.00    0.00    0.00    0.00   99.01
15:05:23      12    0.99    0.00    0.99    0.00    0.00    0.00    0.00    0.00    0.00   98.02
15:05:23      13    0.00    0.00    0.00    0.00    0.00    0.00    0.00    0.00    0.00  100.00
15:05:23      14    2.02    0.00    0.00    0.00    0.00    0.00    0.00    0.00    0.00   97.98
15:05:23      15    1.00    0.00    1.00    0.00    0.00    1.00    0.00    0.00    0.00   97.00
15:05:23      16    2.02    0.00    1.01    0.00    0.00    0.00    0.00    0.00    0.00   96.97
15:05:23      17    2.00    0.00    0.00    0.00    0.00    0.00    0.00    0.00    0.00   98.00
15:05:23      18    1.02    0.00    0.00    0.00    0.00    0.00    0.00    0.00    0.00   98.98
15:05:23      19    1.00    0.00    0.00    0.00    0.00    0.00    0.00    0.00    0.00   99.00
15:05:23      20    1.00    0.00    0.00    1.00    0.00    0.00    0.00    0.00    0.00   98.00
15:05:23      21    0.99    0.00    0.99    0.00    0.00    0.00    0.00    0.00    0.00   98.02
15:05:23      22    0.00    0.00    0.00    0.00    0.00    0.00    0.00    0.00    0.00  100.00
15:05:23      23    1.00    0.00    0.00    0.00    0.00    0.00    0.00    0.00    0.00   99.00

15:05:23     CPU    %usr   %nice    %sys %iowait    %irq   %soft  %steal  %guest  %gnice   %idle
15:05:24     all    1.25    0.00    0.46    0.00    0.00    0.00    0.00    0.00    0.00   98.29
15:05:24       0    3.00    0.00    0.00    0.00    0.00    0.00    0.00    0.00    0.00   97.00
15:05:24       1    0.00    0.00    0.00    0.00    0.00    0.00    0.00    0.00    0.00  100.00
15:05:24       2    1.00    0.00    1.00    0.00    0.00    0.00    0.00    0.00    0.00   98.00
15:05:24       3    0.00    0.00    0.00    0.00    0.00    0.00    0.00    0.00    0.00  100.00
15:05:24       4    2.00    0.00    1.00    0.00    0.00    0.00    0.00    0.00    0.00   97.00
15:05:24       5    0.00    0.00    0.00    0.00    0.00    0.00    0.00    0.00    0.00  100.00
15:05:24       6    1.00    0.00    1.00    0.00    0.00    0.00    0.00    0.00    0.00   98.00
15:05:24       7    0.00    0.00    0.00    0.00    0.00    0.00    0.00    0.00    0.00  100.00
15:05:24       8    4.04    0.00    1.01    0.00    0.00    0.00    0.00    0.00    0.00   94.95
15:05:24       9    0.00    0.00    0.00    0.00    0.00    0.00    0.00    0.00    0.00  100.00
15:05:24      10    3.00    0.00    2.00    0.00    0.00    0.00    0.00    0.00    0.00   95.00
15:05:24      11    0.00    0.00    0.00    0.00    0.00    0.00    0.00    0.00    0.00  100.00
15:05:24      12    1.01    0.00    0.00    0.00    0.00    0.00    0.00    0.00    0.00   98.99
15:05:24      13    0.00    0.00    0.00    0.00    0.00    0.00    0.00    0.00    0.00  100.00
15:05:24      14    2.00    0.00    1.00    0.00    0.00    0.00    0.00    0.00    0.00   97.00
15:05:24      15    0.00    0.00    1.02    0.00    0.00    0.00    0.00    0.00    0.00   98.98
15:05:24      16    1.01    0.00    0.00    0.00    0.00    0.00    0.00    0.00    0.00   98.99
15:05:24      17    1.01    0.00    0.00    0.00    0.00    0.00    0.00    0.00    0.00   98.99
15:05:24      18    1.00    0.00    0.00    0.00    0.00    0.00    0.00    0.00    0.00   99.00
15:05:24      19    0.00    0.00    0.00    0.00    0.00    0.00    0.00    0.00    0.00  100.00
15:05:24      20    3.00    0.00    0.00    0.00    0.00    0.00    0.00    0.00    0.00   97.00
15:05:24      21    2.04    0.00    0.00    0.00    0.00    0.00    0.00    0.00    0.00   97.96
15:05:24      22    2.00    0.00    1.00    0.00    0.00    0.00    0.00    0.00    0.00   97.00
15:05:24      23    3.00    0.00    2.00    0.00    0.00    0.00    0.00    0.00    0.00   95.00

15:05:24     CPU    %usr   %nice    %sys %iowait    %irq   %soft  %steal  %guest  %gnice   %idle
15:05:25     all    1.50    0.00    0.67    0.08    0.00    0.08    0.00    0.00    0.00   97.66
15:05:25       0    1.00    0.00    1.00    0.00    0.00    0.00    0.00    0.00    0.00   98.00
15:05:25       1    0.00    0.00    0.00    0.00    0.00    0.00    0.00    0.00    0.00  100.00
15:05:25       2    1.02    0.00    0.00    0.00    0.00    0.00    0.00    0.00    0.00   98.98
15:05:25       3    0.00    0.00    0.00    0.00    0.00    0.00    0.00    0.00    0.00  100.00
15:05:25       4    2.02    0.00    0.00    0.00    0.00    0.00    0.00    0.00    0.00   97.98
15:05:25       5    0.00    0.00    0.00    0.00    0.00    0.00    0.00    0.00    0.00  100.00
15:05:25       6    3.00    0.00    2.00    0.00    0.00    0.00    0.00    0.00    0.00   95.00
15:05:25       7    0.00    0.00    0.00    0.00    0.00    0.00    0.00    0.00    0.00  100.00
15:05:25       8    4.00    0.00    1.00    0.00    0.00    0.00    0.00    0.00    0.00   95.00
15:05:25       9    0.00    0.00    0.00    0.00    0.00    0.00    0.00    0.00    0.00  100.00
15:05:25      10    6.00    0.00    1.00    0.00    0.00    0.00    0.00    0.00    0.00   93.00
15:05:25      11    0.00    0.00    0.00    0.00    0.00    0.00    0.00    0.00    0.00  100.00
15:05:25      12    2.94    0.00    0.98    0.00    0.00    0.00    0.00    0.00    0.00   96.08
15:05:25      13    0.00    0.00    0.00    0.00    0.00    0.00    0.00    0.00    0.00  100.00
15:05:25      14    1.02    0.00    1.02    0.00    0.00    0.00    0.00    0.00    0.00   97.96
15:05:25      15    1.01    0.00    0.00    0.00    0.00    2.02    0.00    0.00    0.00   96.97
15:05:25      16    1.98    0.00    0.99    0.99    0.00    0.00    0.00    0.00    0.00   96.04
15:05:25      17    2.00    0.00    1.00    0.00    0.00    0.00    0.00    0.00    0.00   97.00
15:05:25      18    0.99    0.00    0.99    0.00    0.00    0.00    0.00    0.00    0.00   98.02
15:05:25      19    1.01    0.00    0.00    0.00    0.00    0.00    0.00    0.00    0.00   98.99
15:05:25      20    1.98    0.00    1.98    0.00    0.00    0.00    0.00    0.00    0.00   96.04
15:05:25      21    2.97    0.00    0.99    0.00    0.00    0.00    0.00    0.00    0.00   96.04
15:05:25      22    2.00    0.00    2.00    1.00    0.00    0.00    0.00    0.00    0.00   95.00
15:05:25      23    1.00    0.00    1.00    0.00    0.00    0.00    0.00    0.00    0.00   98.00

15:05:25     CPU    %usr   %nice    %sys %iowait    %irq   %soft  %steal  %guest  %gnice   %idle
15:05:26     all    0.96    0.00    0.42    0.04    0.00    0.08    0.00    0.00    0.00   98.49
15:05:26       0    0.00    0.00    1.01    0.00    0.00    0.00    0.00    0.00    0.00   98.99
15:05:26       1    0.00    0.00    0.00    0.00    0.00    0.00    0.00    0.00    0.00  100.00
15:05:26       2    1.98    0.00    1.98    0.00    0.00    0.00    0.00    0.00    0.00   96.04
15:05:26       3    0.00    0.00    0.00    0.00    0.00    0.00    0.00    0.00    0.00  100.00
15:05:26       4    1.01    0.00    0.00    0.00    0.00    0.00    0.00    0.00    0.00   98.99
15:05:26       5    0.00    0.00    0.00    0.00    0.00    0.00    0.00    0.00    0.00  100.00
15:05:26       6    1.01    0.00    0.00    0.00    0.00    0.00    0.00    0.00    0.00   98.99
15:05:26       7    0.00    0.00    0.00    0.00    0.00    0.00    0.00    0.00    0.00  100.00
15:05:26       8    4.04    0.00    1.01    0.00    0.00    0.00    0.00    0.00    0.00   94.95
15:05:26       9    0.00    0.00    0.00    0.00    0.00    0.00    0.00    0.00    0.00  100.00
15:05:26      10    2.02    0.00    0.00    0.00    0.00    0.00    0.00    0.00    0.00   97.98
15:05:26      11    0.00    0.00    0.00    0.00    0.00    0.00    0.00    0.00    0.00  100.00
15:05:26      12    3.00    0.00    0.00    0.00    0.00    0.00    0.00    0.00    0.00   97.00
15:05:26      13    0.00    0.00    0.00    0.00    0.00    0.00    0.00    0.00    0.00  100.00
15:05:26      14    1.98    0.00    0.99    0.00    0.00    0.00    0.00    0.00    0.00   97.03
15:05:26      15    0.00    0.00    1.00    0.00    0.00    2.00    0.00    0.00    0.00   97.00
15:05:26      16    2.02    0.00    1.01    0.00    0.00    0.00    0.00    0.00    0.00   96.97
15:05:26      17    1.00    0.00    1.00    0.00    0.00    0.00    0.00    0.00    0.00   98.00
15:05:26      18    1.01    0.00    0.00    0.00    0.00    0.00    0.00    0.00    0.00   98.99
15:05:26      19    1.00    0.00    0.00    0.00    0.00    0.00    0.00    0.00    0.00   99.00
15:05:26      20    1.00    0.00    1.00    0.00    0.00    0.00    0.00    0.00    0.00   98.00
15:05:26      21    0.00    0.00    0.00    0.00    0.00    0.00    0.00    0.00    0.00  100.00
15:05:26      22    1.03    0.00    0.00    0.00    0.00    0.00    0.00    0.00    0.00   98.97
15:05:26      23    0.99    0.00    0.99    0.99    0.00    0.00    0.00    0.00    0.00   97.03

15:05:26     CPU    %usr   %nice    %sys %iowait    %irq   %soft  %steal  %guest  %gnice   %idle
15:05:27     all    1.05    0.00    0.25    0.00    0.00    0.04    0.00    0.00    0.00   98.66
15:05:27       0    1.01    0.00    0.00    0.00    0.00    0.00    0.00    0.00    0.00   98.99
15:05:27       1    0.00    0.00    0.00    0.00    0.00    0.00    0.00    0.00    0.00  100.00
15:05:27       2    1.01    0.00    0.00    0.00    0.00    0.00    0.00    0.00    0.00   98.99
15:05:27       3    0.00    0.00    0.00    0.00    0.00    0.00    0.00    0.00    0.00  100.00
15:05:27       4    0.99    0.00    0.99    0.00    0.00    0.00    0.00    0.00    0.00   98.02
15:05:27       5    0.00    0.00    0.00    0.00    0.00    0.00    0.00    0.00    0.00  100.00
15:05:27       6    1.01    0.00    1.01    0.00    0.00    0.00    0.00    0.00    0.00   97.98
15:05:27       7    0.00    0.00    0.00    0.00    0.00    0.00    0.00    0.00    0.00  100.00
15:05:27       8    4.04    0.00    1.01    0.00    0.00    0.00    0.00    0.00    0.00   94.95
15:05:27       9    0.00    0.00    0.00    0.00    0.00    0.00    0.00    0.00    0.00  100.00
15:05:27      10    2.00    0.00    2.00    0.00    0.00    0.00    0.00    0.00    0.00   96.00
15:05:27      11    0.00    0.00    0.00    0.00    0.00    0.00    0.00    0.00    0.00  100.00
15:05:27      12    2.02    0.00    0.00    0.00    0.00    0.00    0.00    0.00    0.00   97.98
15:05:27      13    0.00    0.00    0.00    0.00    0.00    0.00    0.00    0.00    0.00  100.00
15:05:27      14    1.01    0.00    0.00    0.00    0.00    0.00    0.00    0.00    0.00   98.99
15:05:27      15    1.01    0.00    0.00    0.00    0.00    1.01    0.00    0.00    0.00   97.98
15:05:27      16    1.01    0.00    0.00    0.00    0.00    0.00    0.00    0.00    0.00   98.99
15:05:27      17    1.00    0.00    0.00    0.00    0.00    0.00    0.00    0.00    0.00   99.00
15:05:27      18    1.00    0.00    0.00    0.00    0.00    0.00    0.00    0.00    0.00   99.00
15:05:27      19    0.00    0.00    0.00    0.00    0.00    0.00    0.00    0.00    0.00  100.00
15:05:27      20    2.00    0.00    0.00    0.00    0.00    0.00    0.00    0.00    0.00   98.00
15:05:27      21    1.00    0.00    0.00    0.00    0.00    0.00    0.00    0.00    0.00   99.00
15:05:27      22    3.00    0.00    1.00    0.00    0.00    0.00    0.00    0.00    0.00   96.00
15:05:27      23    2.02    0.00    0.00    0.00    0.00    0.00    0.00    0.00    0.00   97.98

15:05:27     CPU    %usr   %nice    %sys %iowait    %irq   %soft  %steal  %guest  %gnice   %idle
15:05:28     all    0.88    0.00    0.42    0.04    0.00    0.13    0.00    0.00    0.00   98.54
15:05:28       0    1.00    0.00    2.00    0.00    0.00    0.00    0.00    0.00    0.00   97.00
15:05:28       1    0.00    0.00    0.00    0.00    0.00    0.00    0.00    0.00    0.00  100.00
15:05:28       2    0.00    0.00    1.02    0.00    0.00    0.00    0.00    0.00    0.00   98.98
15:05:28       3    0.00    0.00    0.00    0.00    0.00    0.99    0.00    0.00    0.00   99.01
15:05:28       4    3.00    0.00    1.00    0.00    0.00    0.00    0.00    0.00    0.00   96.00
15:05:28       5    0.00    0.00    0.00    0.00    0.00    0.00    0.00    0.00    0.00  100.00
15:05:28       6    1.98    0.00    0.00    0.00    0.00    0.00    0.00    0.00    0.00   98.02
15:05:28       7    0.00    0.00    0.00    0.00    0.00    0.00    0.00    0.00    0.00  100.00
15:05:28       8    3.00    0.00    3.00    0.00    0.00    0.00    0.00    0.00    0.00   94.00
15:05:28       9    0.00    0.00    0.00    0.00    0.00    0.00    0.00    0.00    0.00  100.00
15:05:28      10    5.00    0.00    1.00    0.00    0.00    0.00    0.00    0.00    0.00   94.00
15:05:28      11    0.00    0.00    0.00    0.00    0.00    0.00    0.00    0.00    0.00  100.00
15:05:28      12    1.00    0.00    0.00    0.00    0.00    0.00    0.00    0.00    0.00   99.00
15:05:28      13    0.00    0.00    0.00    0.00    0.00    0.00    0.00    0.00    0.00  100.00
15:05:28      14    0.00    0.00    0.00    0.00    0.00    0.00    0.00    0.00    0.00  100.00
15:05:28      15    0.00    0.00    1.00    0.00    0.00    2.00    0.00    0.00    0.00   97.00
15:05:28      16    1.01    0.00    0.00    1.01    0.00    0.00    0.00    0.00    0.00   97.98
15:05:28      17    0.00    0.00    0.00    0.00    0.00    0.00    0.00    0.00    0.00  100.00
15:05:28      18    1.00    0.00    0.00    0.00    0.00    0.00    0.00    0.00    0.00   99.00
15:05:28      19    1.00    0.00    0.00    0.00    0.00    0.00    0.00    0.00    0.00   99.00
15:05:28      20    0.00    0.00    0.00    0.00    0.00    0.00    0.00    0.00    0.00  100.00
15:05:28      21    1.01    0.00    0.00    0.00    0.00    0.00    0.00    0.00    0.00   98.99
15:05:28      22    1.02    0.00    1.02    0.00    0.00    0.00    0.00    0.00    0.00   97.96
15:05:28      23    1.00    0.00    0.00    0.00    0.00    0.00    0.00    0.00    0.00   99.00

15:05:28     CPU    %usr   %nice    %sys %iowait    %irq   %soft  %steal  %guest  %gnice   %idle
15:05:29     all    1.17    0.00    0.38    0.00    0.00    0.08    0.00    0.00    0.00   98.37
15:05:29       0    0.00    0.00    0.00    0.00    0.00    0.00    0.00    0.00    0.00  100.00
15:05:29       1    0.99    0.00    0.99    0.00    0.00    0.00    0.00    0.00    0.00   98.02
15:05:29       2    2.97    0.00    0.99    0.00    0.00    0.00    0.00    0.00    0.00   96.04
15:05:29       3    0.00    0.00    0.00    0.00    0.00    0.00    0.00    0.00    0.00  100.00
15:05:29       4    1.01    0.00    0.00    0.00    0.00    0.00    0.00    0.00    0.00   98.99
15:05:29       5    0.00    0.00    0.00    0.00    0.00    0.00    0.00    0.00    0.00  100.00
15:05:29       6    1.00    0.00    1.00    0.00    0.00    0.00    0.00    0.00    0.00   98.00
15:05:29       7    0.00    0.00    0.00    0.00    0.00    0.00    0.00    0.00    0.00  100.00
15:05:29       8    4.00    0.00    1.00    0.00    0.00    0.00    0.00    0.00    0.00   95.00
15:05:29       9    0.98    0.00    0.00    0.00    0.00    0.98    0.00    0.00    0.00   98.04
15:05:29      10    5.00    0.00    0.00    0.00    0.00    0.00    0.00    0.00    0.00   95.00
15:05:29      11    1.00    0.00    0.00    0.00    0.00    0.00    0.00    0.00    0.00   99.00
15:05:29      12    1.01    0.00    1.01    0.00    0.00    0.00    0.00    0.00    0.00   97.98
15:05:29      13    0.00    0.00    0.00    0.00    0.00    0.00    0.00    0.00    0.00  100.00
15:05:29      14    1.01    0.00    0.00    0.00    0.00    0.00    0.00    0.00    0.00   98.99
15:05:29      15    0.00    0.00    0.00    0.00    0.00    1.02    0.00    0.00    0.00   98.98
15:05:29      16    1.00    0.00    1.00    0.00    0.00    0.00    0.00    0.00    0.00   98.00
15:05:29      17    1.01    0.00    0.00    0.00    0.00    0.00    0.00    0.00    0.00   98.99
15:05:29      18    1.00    0.00    0.00    0.00    0.00    0.00    0.00    0.00    0.00   99.00
15:05:29      19    1.00    0.00    1.00    0.00    0.00    0.00    0.00    0.00    0.00   98.00
15:05:29      20    1.01    0.00    0.00    0.00    0.00    0.00    0.00    0.00    0.00   98.99
15:05:29      21    1.00    0.00    1.00    0.00    0.00    0.00    0.00    0.00    0.00   98.00
15:05:29      22    2.02    0.00    1.01    0.00    0.00    0.00    0.00    0.00    0.00   96.97
15:05:29      23    1.01    0.00    0.00    0.00    0.00    0.00    0.00    0.00    0.00   98.99

15:05:29     CPU    %usr   %nice    %sys %iowait    %irq   %soft  %steal  %guest  %gnice   %idle
15:05:30     all    1.29    0.00    0.38    0.00    0.00    0.04    0.00    0.00    0.00   98.29
15:05:30       0    1.01    0.00    0.00    0.00    0.00    0.00    0.00    0.00    0.00   98.99
15:05:30       1    0.00    0.00    0.00    0.00    0.00    0.00    0.00    0.00    0.00  100.00
15:05:30       2    2.00    0.00    1.00    0.00    0.00    0.00    0.00    0.00    0.00   97.00
15:05:30       3    0.00    0.00    0.00    0.00    0.00    0.00    0.00    0.00    0.00  100.00
15:05:30       4    2.02    0.00    0.00    0.00    0.00    0.00    0.00    0.00    0.00   97.98
15:05:30       5    0.00    0.00    0.00    0.00    0.00    0.00    0.00    0.00    0.00  100.00
15:05:30       6    2.00    0.00    0.00    0.00    0.00    0.00    0.00    0.00    0.00   98.00
15:05:30       7    0.00    0.00    0.00    0.00    0.00    0.00    0.00    0.00    0.00  100.00
15:05:30       8    4.04    0.00    2.02    0.00    0.00    0.00    0.00    0.00    0.00   93.94
15:05:30       9    0.00    0.00    0.00    0.00    0.00    0.00    0.00    0.00    0.00  100.00
15:05:30      10    4.00    0.00    1.00    0.00    0.00    0.00    0.00    0.00    0.00   95.00
15:05:30      11    0.00    0.00    0.00    0.00    0.00    0.00    0.00    0.00    0.00  100.00
15:05:30      12    1.00    0.00    1.00    0.00    0.00    0.00    0.00    0.00    0.00   98.00
15:05:30      13    0.99    0.00    0.00    0.00    0.00    0.00    0.00    0.00    0.00   99.01
15:05:30      14    1.00    0.00    1.00    0.00    0.00    0.00    0.00    0.00    0.00   98.00
15:05:30      15    1.01    0.00    0.00    0.00    0.00    1.01    0.00    0.00    0.00   97.98
15:05:30      16    1.01    0.00    0.00    0.00    0.00    0.00    0.00    0.00    0.00   98.99
15:05:30      17    1.98    0.00    0.00    0.00    0.00    0.00    0.00    0.00    0.00   98.02
15:05:30      18    1.00    0.00    1.00    0.00    0.00    0.00    0.00    0.00    0.00   98.00
15:05:30      19    0.99    0.00    0.00    0.00    0.00    0.00    0.00    0.00    0.00   99.01
15:05:30      20    0.99    0.00    0.99    0.00    0.00    0.00    0.00    0.00    0.00   98.02
15:05:30      21    1.00    0.00    1.00    0.00    0.00    0.00    0.00    0.00    0.00   98.00
15:05:30      22    3.03    0.00    0.00    0.00    0.00    0.00    0.00    0.00    0.00   96.97
15:05:30      23    2.00    0.00    0.00    0.00    0.00    0.00    0.00    0.00    0.00   98.00

15:05:30     CPU    %usr   %nice    %sys %iowait    %irq   %soft  %steal  %guest  %gnice   %idle
15:05:31     all    1.21    0.00    0.50    0.00    0.00    0.08    0.00    0.00    0.00   98.20
15:05:31       0    1.00    0.00    0.00    0.00    0.00    0.00    0.00    0.00    0.00   99.00
15:05:31       1    0.00    0.00    0.00    0.00    0.00    0.00    0.00    0.00    0.00  100.00
15:05:31       2    1.00    0.00    1.00    0.00    0.00    0.00    0.00    0.00    0.00   98.00
15:05:31       3    0.00    0.00    0.00    0.00    0.00    0.00    0.00    0.00    0.00  100.00
15:05:31       4    1.98    0.00    0.99    0.00    0.00    0.00    0.00    0.00    0.00   97.03
15:05:31       5    0.00    0.00    0.99    0.00    0.00    0.00    0.00    0.00    0.00   99.01
15:05:31       6    0.00    0.00    0.00    0.00    0.00    0.00    0.00    0.00    0.00  100.00
15:05:31       7    0.00    0.00    0.00    0.00    0.00    0.00    0.00    0.00    0.00  100.00
15:05:31       8    3.06    0.00    1.02    0.00    0.00    0.00    0.00    0.00    0.00   95.92
15:05:31       9    1.01    0.00    0.00    0.00    0.00    0.00    0.00    0.00    0.00   98.99
15:05:31      10    5.05    0.00    1.01    0.00    0.00    0.00    0.00    0.00    0.00   93.94
15:05:31      11    0.00    0.00    0.00    0.00    0.00    0.00    0.00    0.00    0.00  100.00
15:05:31      12    0.99    0.00    0.99    0.00    0.00    0.00    0.00    0.00    0.00   98.02
15:05:31      13    0.00    0.00    0.00    0.00    0.00    0.00    0.00    0.00    0.00  100.00
15:05:31      14    3.00    0.00    0.00    0.00    0.00    0.00    0.00    0.00    0.00   97.00
15:05:31      15    0.00    0.00    1.01    0.00    0.00    2.02    0.00    0.00    0.00   96.97
15:05:31      16    2.02    0.00    2.02    0.00    0.00    0.00    0.00    0.00    0.00   95.96
15:05:31      17    1.00    0.00    1.00    0.00    0.00    0.00    0.00    0.00    0.00   98.00
15:05:31      18    2.00    0.00    1.00    0.00    0.00    0.00    0.00    0.00    0.00   97.00
15:05:31      19    1.00    0.00    0.00    0.00    0.00    0.00    0.00    0.00    0.00   99.00
15:05:31      20    1.98    0.00    0.00    0.00    0.00    0.00    0.00    0.00    0.00   98.02
15:05:31      21    1.00    0.00    0.00    0.00    0.00    0.00    0.00    0.00    0.00   99.00
15:05:31      22    1.02    0.00    0.00    0.00    0.00    0.00    0.00    0.00    0.00   98.98
15:05:31      23    1.98    0.00    0.99    0.00    0.00    0.00    0.00    0.00    0.00   97.03

15:05:31     CPU    %usr   %nice    %sys %iowait    %irq   %soft  %steal  %guest  %gnice   %idle
15:05:32     all    1.00    0.00    0.46    0.00    0.00    0.08    0.00    0.00    0.00   98.46
15:05:32       0    0.00    0.00    0.00    0.00    0.00    0.00    0.00    0.00    0.00  100.00
15:05:32       1    0.00    0.00    0.00    0.00    0.00    0.00    0.00    0.00    0.00  100.00
15:05:32       2    2.00    0.00    0.00    0.00    0.00    0.00    0.00    0.00    0.00   98.00
15:05:32       3    0.00    0.00    0.00    0.00    0.00    0.00    0.00    0.00    0.00  100.00
15:05:32       4    1.00    0.00    1.00    0.00    0.00    0.00    0.00    0.00    0.00   98.00
15:05:32       5    0.00    0.00    0.00    0.00    0.00    0.00    0.00    0.00    0.00  100.00
15:05:32       6    2.94    0.00    3.92    0.00    0.00    0.00    0.00    0.00    0.00   93.14
15:05:32       7    0.00    0.00    0.00    0.00    0.00    0.00    0.00    0.00    0.00  100.00
15:05:32       8    1.98    0.00    0.99    0.00    0.00    0.00    0.00    0.00    0.00   97.03
15:05:32       9    0.00    0.00    0.00    0.00    0.00    0.00    0.00    0.00    0.00  100.00
15:05:32      10    5.00    0.00    0.00    0.00    0.00    0.00    0.00    0.00    0.00   95.00
15:05:32      11    0.00    0.00    0.00    0.00    0.00    0.00    0.00    0.00    0.00  100.00
15:05:32      12    1.01    0.00    0.00    0.00    0.00    0.00    0.00    0.00    0.00   98.99
15:05:32      13    0.00    0.00    0.00    0.00    0.00    0.00    0.00    0.00    0.00  100.00
15:05:32      14    0.99    0.00    0.99    0.00    0.00    0.00    0.00    0.00    0.00   98.02
15:05:32      15    0.00    0.00    0.00    0.00    0.00    2.02    0.00    0.00    0.00   97.98
15:05:32      16    2.00    0.00    1.00    0.00    0.00    0.00    0.00    0.00    0.00   97.00
15:05:32      17    0.00    0.00    0.00    0.00    0.00    0.00    0.00    0.00    0.00  100.00
15:05:32      18    1.00    0.00    0.00    0.00    0.00    0.00    0.00    0.00    0.00   99.00
15:05:32      19    2.00    0.00    0.00    0.00    0.00    0.00    0.00    0.00    0.00   98.00
15:05:32      20    1.00    0.00    0.00    0.00    0.00    0.00    0.00    0.00    0.00   99.00
15:05:32      21    0.00    0.00    2.02    0.00    0.00    0.00    0.00    0.00    0.00   97.98
15:05:32      22    2.00    0.00    1.00    0.00    0.00    0.00    0.00    0.00    0.00   97.00
15:05:32      23    1.01    0.00    0.00    0.00    0.00    0.00    0.00    0.00    0.00   98.99

15:05:32     CPU    %usr   %nice    %sys %iowait    %irq   %soft  %steal  %guest  %gnice   %idle
15:05:33     all    0.88    0.00    0.38    0.00    0.00    0.13    0.00    0.00    0.00   98.62
15:05:33       0    1.00    0.00    0.00    0.00    0.00    0.00    0.00    0.00    0.00   99.00
15:05:33       1    0.00    0.00    0.00    0.00    0.00    0.00    0.00    0.00    0.00  100.00
15:05:33       2    1.01    0.00    0.00    0.00    0.00    0.00    0.00    0.00    0.00   98.99
15:05:33       3    0.00    0.00    0.00    0.00    0.00    0.00    0.00    0.00    0.00  100.00
15:05:33       4    1.00    0.00    0.00    0.00    0.00    0.00    0.00    0.00    0.00   99.00
15:05:33       5    0.00    0.00    0.00    0.00    0.00    0.00    0.00    0.00    0.00  100.00
15:05:33       6    2.02    0.00    0.00    0.00    0.00    0.00    0.00    0.00    0.00   97.98
15:05:33       7    0.00    0.00    0.00    0.00    0.00    0.00    0.00    0.00    0.00  100.00
15:05:33       8    5.00    0.00    1.00    0.00    0.00    0.00    0.00    0.00    0.00   94.00
15:05:33       9    0.00    0.00    0.00    0.00    0.00    0.00    0.00    0.00    0.00  100.00
15:05:33      10    3.00    0.00    2.00    0.00    0.00    0.00    0.00    0.00    0.00   95.00
15:05:33      11    0.00    0.00    0.00    0.00    0.00    0.00    0.00    0.00    0.00  100.00
15:05:33      12    0.00    0.00    1.01    0.00    0.00    0.00    0.00    0.00    0.00   98.99
15:05:33      13    0.00    0.00    0.00    0.00    0.00    0.00    0.00    0.00    0.00  100.00
15:05:33      14    3.00    0.00    1.00    0.00    0.00    0.00    0.00    0.00    0.00   96.00
15:05:33      15    0.98    0.00    0.98    0.00    0.00    2.94    0.00    0.00    0.00   95.10
15:05:33      16    1.02    0.00    0.00    0.00    0.00    0.00    0.00    0.00    0.00   98.98
15:05:33      17    1.00    0.00    1.00    0.00    0.00    0.00    0.00    0.00    0.00   98.00
15:05:33      18    0.00    0.00    0.00    0.00    0.00    0.00    0.00    0.00    0.00  100.00
15:05:33      19    0.00    0.00    0.00    0.00    0.00    0.00    0.00    0.00    0.00  100.00
15:05:33      20    0.00    0.00    0.00    0.00    0.00    0.00    0.00    0.00    0.00  100.00
15:05:33      21    1.00    0.00    0.00    0.00    0.00    0.00    0.00    0.00    0.00   99.00
15:05:33      22    0.00    0.00    1.01    0.00    0.00    0.00    0.00    0.00    0.00   98.99
15:05:33      23    0.99    0.00    0.99    0.00    0.00    0.00    0.00    0.00    0.00   98.02

15:05:33     CPU    %usr   %nice    %sys %iowait    %irq   %soft  %steal  %guest  %gnice   %idle
15:05:34     all    0.92    0.00    0.25    0.04    0.00    0.04    0.00    0.00    0.00   98.75
15:05:34       0    2.00    0.00    0.00    0.00    0.00    0.00    0.00    0.00    0.00   98.00
15:05:34       1    0.00    0.00    0.00    0.00    0.00    0.00    0.00    0.00    0.00  100.00
15:05:34       2    1.01    0.00    1.01    0.00    0.00    0.00    0.00    0.00    0.00   97.98
15:05:34       3    0.00    0.00    0.00    0.00    0.00    0.00    0.00    0.00    0.00  100.00
15:05:34       4    1.02    0.00    0.00    0.00    0.00    0.00    0.00    0.00    0.00   98.98
15:05:34       5    0.00    0.00    0.00    0.00    0.00    0.00    0.00    0.00    0.00  100.00
15:05:34       6    1.01    0.00    0.00    0.00    0.00    0.00    0.00    0.00    0.00   98.99
15:05:34       7    0.00    0.00    0.00    0.00    0.00    0.00    0.00    0.00    0.00  100.00
15:05:34       8    3.03    0.00    1.01    0.00    0.00    0.00    0.00    0.00    0.00   95.96
15:05:34       9    0.00    0.00    0.00    0.00    0.00    0.00    0.00    0.00    0.00  100.00
15:05:34      10    3.96    0.00    0.99    0.00    0.00    0.00    0.00    0.00    0.00   95.05
15:05:34      11    0.00    0.00    0.00    0.00    0.00    0.00    0.00    0.00    0.00  100.00
15:05:34      12    1.00    0.00    0.00    0.00    0.00    0.00    0.00    0.00    0.00   99.00
15:05:34      13    0.00    0.00    0.00    0.00    0.00    0.00    0.00    0.00    0.00  100.00
15:05:34      14    1.01    0.00    0.00    0.00    0.00    0.00    0.00    0.00    0.00   98.99
15:05:34      15    0.00    0.00    0.00    0.00    0.00    1.02    0.00    0.00    0.00   98.98
15:05:34      16    0.00    0.00    1.00    1.00    0.00    0.00    0.00    0.00    0.00   98.00
15:05:34      17    1.00    0.00    1.00    0.00    0.00    0.00    0.00    0.00    0.00   98.00
15:05:34      18    0.99    0.00    0.99    0.00    0.00    0.00    0.00    0.00    0.00   98.02
15:05:34      19    1.00    0.00    0.00    0.00    0.00    0.00    0.00    0.00    0.00   99.00
15:05:34      20    1.98    0.00    0.00    0.00    0.00    0.00    0.00    0.00    0.00   98.02
15:05:34      21    1.00    0.00    0.00    0.00    0.00    0.00    0.00    0.00    0.00   99.00
15:05:34      22    1.01    0.00    0.00    0.00    0.00    0.00    0.00    0.00    0.00   98.99
15:05:34      23    1.00    0.00    0.00    0.00    0.00    0.00    0.00    0.00    0.00   99.00

15:05:34     CPU    %usr   %nice    %sys %iowait    %irq   %soft  %steal  %guest  %gnice   %idle
15:05:35     all    0.88    0.00    0.42    0.00    0.00    0.17    0.00    0.00    0.00   98.54
15:05:35       0    0.00    0.00    0.00    0.00    0.00    0.99    0.00    0.00    0.00   99.01
15:05:35       1    1.00    0.00    0.00    0.00    0.00    0.00    0.00    0.00    0.00   99.00
15:05:35       2    0.00    0.00    0.00    0.00    0.00    0.00    0.00    0.00    0.00  100.00
15:05:35       3    0.00    0.00    0.00    0.00    0.00    0.00    0.00    0.00    0.00  100.00
15:05:35       4    2.02    0.00    0.00    0.00    0.00    0.00    0.00    0.00    0.00   97.98
15:05:35       5    0.00    0.00    0.00    0.00    0.00    0.99    0.00    0.00    0.00   99.01
15:05:35       6    1.00    0.00    0.00    0.00    0.00    0.00    0.00    0.00    0.00   99.00
15:05:35       7    0.00    0.00    0.00    0.00    0.00    0.00    0.00    0.00    0.00  100.00
15:05:35       8    5.05    0.00    1.01    0.00    0.00    0.00    0.00    0.00    0.00   93.94
15:05:35       9    0.00    0.00    0.00    0.00    0.00    0.00    0.00    0.00    0.00  100.00
15:05:35      10    3.03    0.00    1.01    0.00    0.00    0.00    0.00    0.00    0.00   95.96
15:05:35      11    0.00    0.00    0.00    0.00    0.00    0.00    0.00    0.00    0.00  100.00
15:05:35      12    1.01    0.00    1.01    0.00    0.00    0.00    0.00    0.00    0.00   97.98
15:05:35      13    0.00    0.00    0.00    0.00    0.00    0.00    0.00    0.00    0.00  100.00
15:05:35      14    3.03    0.00    2.02    0.00    0.00    0.00    0.00    0.00    0.00   94.95
15:05:35      15    0.99    0.00    0.99    0.00    0.00    1.98    0.00    0.00    0.00   96.04
15:05:35      16    2.02    0.00    2.02    0.00    0.00    0.00    0.00    0.00    0.00   95.96
15:05:35      17    0.00    0.00    1.01    0.00    0.00    0.00    0.00    0.00    0.00   98.99
15:05:35      18    1.00    0.00    0.00    0.00    0.00    0.00    0.00    0.00    0.00   99.00
15:05:35      19    0.00    0.00    0.00    0.00    0.00    0.00    0.00    0.00    0.00  100.00
15:05:35      20    1.00    0.00    0.00    0.00    0.00    0.00    0.00    0.00    0.00   99.00
15:05:35      21    0.00    0.00    0.99    0.00    0.00    0.00    0.00    0.00    0.00   99.01
15:05:35      22    0.00    0.00    0.00    0.00    0.00    0.00    0.00    0.00    0.00  100.00
15:05:35      23    0.00    0.00    0.00    0.00    0.00    0.00    0.00    0.00    0.00  100.00

15:05:35     CPU    %usr   %nice    %sys %iowait    %irq   %soft  %steal  %guest  %gnice   %idle
15:05:36     all    1.46    0.00    0.46    0.00    0.00    0.08    0.00    0.00    0.00   97.99
15:05:36       0    0.00    0.00    0.00    0.00    0.00    0.00    0.00    0.00    0.00  100.00
15:05:36       1    0.00    0.00    0.00    0.00    0.00    0.00    0.00    0.00    0.00  100.00
15:05:36       2    1.98    0.00    1.98    0.00    0.00    0.00    0.00    0.00    0.00   96.04
15:05:36       3    0.00    0.00    0.00    0.00    0.00    0.00    0.00    0.00    0.00  100.00
15:05:36       4    1.00    0.00    1.00    0.00    0.00    0.00    0.00    0.00    0.00   98.00
15:05:36       5    0.00    0.00    0.00    0.00    0.00    0.00    0.00    0.00    0.00  100.00
15:05:36       6    3.03    0.00    0.00    0.00    0.00    0.00    0.00    0.00    0.00   96.97
15:05:36       7    0.00    0.00    0.00    0.00    0.00    0.00    0.00    0.00    0.00  100.00
15:05:36       8    4.04    0.00    1.01    0.00    0.00    0.00    0.00    0.00    0.00   94.95
15:05:36       9    0.00    0.00    0.00    0.00    0.00    0.00    0.00    0.00    0.00  100.00
15:05:36      10   11.11    0.00    3.03    0.00    0.00    0.00    0.00    0.00    0.00   85.86
15:05:36      11    0.00    0.00    0.00    0.00    0.00    0.00    0.00    0.00    0.00  100.00
15:05:36      12    2.97    0.00    0.99    0.00    0.00    0.00    0.00    0.00    0.00   96.04
15:05:36      13    0.00    0.00    0.00    0.00    0.00    1.00    0.00    0.00    0.00   99.00
15:05:36      14    1.96    0.00    0.98    0.00    0.00    0.00    0.00    0.00    0.00   97.06
15:05:36      15    0.00    0.00    0.00    0.00    0.00    1.03    0.00    0.00    0.00   98.97
15:05:36      16    1.98    0.00    0.99    0.00    0.00    0.00    0.00    0.00    0.00   97.03
15:05:36      17    1.01    0.00    0.00    0.00    0.00    0.00    0.00    0.00    0.00   98.99
15:05:36      18    1.01    0.00    1.01    0.00    0.00    0.00    0.00    0.00    0.00   97.98
15:05:36      19    0.99    0.00    0.00    0.00    0.00    0.00    0.00    0.00    0.00   99.01
15:05:36      20    0.00    0.00    0.00    0.00    0.00    0.00    0.00    0.00    0.00  100.00
15:05:36      21    0.00    0.00    0.00    0.00    0.00    0.00    0.00    0.00    0.00  100.00
15:05:36      22    2.02    0.00    0.00    0.00    0.00    0.00    0.00    0.00    0.00   97.98
15:05:36      23    2.02    0.00    0.00    0.00    0.00    0.00    0.00    0.00    0.00   97.98

15:05:36     CPU    %usr   %nice    %sys %iowait    %irq   %soft  %steal  %guest  %gnice   %idle
15:05:37     all    0.92    0.00    0.33    0.00    0.00    0.08    0.00    0.00    0.00   98.66
15:05:37       0    1.00    0.00    0.00    0.00    0.00    0.00    0.00    0.00    0.00   99.00
15:05:37       1    0.00    0.00    0.00    0.00    0.00    0.00    0.00    0.00    0.00  100.00
15:05:37       2    2.02    0.00    0.00    0.00    0.00    0.00    0.00    0.00    0.00   97.98
15:05:37       3    0.00    0.00    0.00    0.00    0.00    0.00    0.00    0.00    0.00  100.00
15:05:37       4    1.00    0.00    0.00    0.00    0.00    0.00    0.00    0.00    0.00   99.00
15:05:37       5    0.00    0.00    0.00    0.00    0.00    0.00    0.00    0.00    0.00  100.00
15:05:37       6    3.00    0.00    1.00    0.00    0.00    0.00    0.00    0.00    0.00   96.00
15:05:37       7    0.00    0.00    0.00    0.00    0.00    0.00    0.00    0.00    0.00  100.00
15:05:37       8    3.00    0.00    1.00    0.00    0.00    0.00    0.00    0.00    0.00   96.00
15:05:37       9    0.00    0.00    0.00    0.00    0.00    0.00    0.00    0.00    0.00  100.00
15:05:37      10    6.00    0.00    0.00    0.00    0.00    0.00    0.00    0.00    0.00   94.00
15:05:37      11    0.00    0.00    0.00    0.00    0.00    0.00    0.00    0.00    0.00  100.00
15:05:37      12    1.01    0.00    0.00    0.00    0.00    0.00    0.00    0.00    0.00   98.99
15:05:37      13    0.00    0.00    0.00    0.00    0.00    0.00    0.00    0.00    0.00  100.00
15:05:37      14    0.00    0.00    1.02    0.00    0.00    0.00    0.00    0.00    0.00   98.98
15:05:37      15    0.00    0.00    1.00    0.00    0.00    2.00    0.00    0.00    0.00   97.00
15:05:37      16    0.00    0.00    0.00    0.00    0.00    0.00    0.00    0.00    0.00  100.00
15:05:37      17    1.01    0.00    0.00    0.00    0.00    0.00    0.00    0.00    0.00   98.99
15:05:37      18    0.99    0.00    0.00    0.00    0.00    0.00    0.00    0.00    0.00   99.01
15:05:37      19    0.00    0.00    0.00    0.00    0.00    0.00    0.00    0.00    0.00  100.00
15:05:37      20    0.99    0.00    0.99    0.00    0.00    0.00    0.00    0.00    0.00   98.02
15:05:37      21    1.00    0.00    0.00    0.00    0.00    0.00    0.00    0.00    0.00   99.00
15:05:37      22    1.01    0.00    2.02    0.00    0.00    0.00    0.00    0.00    0.00   96.97
15:05:37      23    0.00    0.00    0.99    0.00    0.00    0.00    0.00    0.00    0.00   99.01

15:05:37     CPU    %usr   %nice    %sys %iowait    %irq   %soft  %steal  %guest  %gnice   %idle
15:05:38     all    0.92    0.00    0.29    0.00    0.00    0.08    0.00    0.00    0.00   98.70
15:05:38       0    1.01    0.00    0.00    0.00    0.00    0.00    0.00    0.00    0.00   98.99
15:05:38       1    0.00    0.00    0.00    0.00    0.00    0.00    0.00    0.00    0.00  100.00
15:05:38       2    1.01    0.00    0.00    0.00    0.00    0.00    0.00    0.00    0.00   98.99
15:05:38       3    0.00    0.00    0.00    0.00    0.00    0.00    0.00    0.00    0.00  100.00
15:05:38       4    2.00    0.00    0.00    0.00    0.00    0.00    0.00    0.00    0.00   98.00
15:05:38       5    0.00    0.00    0.00    0.00    0.00    0.00    0.00    0.00    0.00  100.00
15:05:38       6    0.00    0.00    0.00    0.00    0.00    0.00    0.00    0.00    0.00  100.00
15:05:38       7    0.00    0.00    0.00    0.00    0.00    0.00    0.00    0.00    0.00  100.00
15:05:38       8    0.00    0.00    1.02    0.00    0.00    0.00    0.00    0.00    0.00   98.98
15:05:38       9    0.00    0.00    0.00    0.00    0.00    0.00    0.00    0.00    0.00  100.00
15:05:38      10    5.05    0.00    2.02    0.00    0.00    0.00    0.00    0.00    0.00   92.93
15:05:38      11    0.00    0.00    0.00    0.00    0.00    0.00    0.00    0.00    0.00  100.00
15:05:38      12    2.02    0.00    1.01    0.00    0.00    0.00    0.00    0.00    0.00   96.97
15:05:38      13    0.00    0.00    0.00    0.00    0.00    0.00    0.00    0.00    0.00  100.00
15:05:38      14    0.99    0.00    0.99    0.00    0.00    0.00    0.00    0.00    0.00   98.02
15:05:38      15    1.00    0.00    0.00    0.00    0.00    2.00    0.00    0.00    0.00   97.00
15:05:38      16    1.00    0.00    1.00    0.00    0.00    0.00    0.00    0.00    0.00   98.00
15:05:38      17    0.99    0.00    0.99    0.00    0.00    0.00    0.00    0.00    0.00   98.02
15:05:38      18    0.00    0.00    0.00    0.00    0.00    0.00    0.00    0.00    0.00  100.00
15:05:38      19    0.00    0.00    0.00    0.00    0.00    0.00    0.00    0.00    0.00  100.00
15:05:38      20    2.00    0.00    0.00    0.00    0.00    0.00    0.00    0.00    0.00   98.00
15:05:38      21    2.02    0.00    0.00    0.00    0.00    0.00    0.00    0.00    0.00   97.98
15:05:38      22    1.02    0.00    0.00    0.00    0.00    0.00    0.00    0.00    0.00   98.98
15:05:38      23    2.00    0.00    0.00    0.00    0.00    0.00    0.00    0.00    0.00   98.00

15:05:38     CPU    %usr   %nice    %sys %iowait    %irq   %soft  %steal  %guest  %gnice   %idle
15:05:39     all    1.00    0.00    0.50    0.00    0.00    0.08    0.00    0.00    0.00   98.41
15:05:39       0    0.00    0.00    0.00    0.00    0.00    0.00    0.00    0.00    0.00  100.00
15:05:39       1    0.00    0.00    0.00    0.00    0.00    0.00    0.00    0.00    0.00  100.00
15:05:39       2    1.00    0.00    0.00    0.00    0.00    0.00    0.00    0.00    0.00   99.00
15:05:39       3    0.00    0.00    0.00    0.00    0.00    0.00    0.00    0.00    0.00  100.00
15:05:39       4    2.00    0.00    1.00    0.00    0.00    0.00    0.00    0.00    0.00   97.00
15:05:39       5    0.00    0.00    0.00    0.00    0.00    0.00    0.00    0.00    0.00  100.00
15:05:39       6    1.98    0.00    0.99    0.00    0.00    0.00    0.00    0.00    0.00   97.03
15:05:39       7    0.00    0.00    0.00    0.00    0.00    0.00    0.00    0.00    0.00  100.00
15:05:39       8    4.95    0.00    2.97    0.00    0.00    0.00    0.00    0.00    0.00   92.08
15:05:39       9    0.00    0.00    0.00    0.00    0.00    0.00    0.00    0.00    0.00  100.00
15:05:39      10    6.06    0.00    1.01    0.00    0.00    0.00    0.00    0.00    0.00   92.93
15:05:39      11    0.00    0.00    0.00    0.00    0.00    0.00    0.00    0.00    0.00  100.00
15:05:39      12    2.97    0.00    0.99    0.00    0.00    0.00    0.00    0.00    0.00   96.04
15:05:39      13    0.00    0.00    0.00    0.00    0.00    0.00    0.00    0.00    0.00  100.00
15:05:39      14    1.00    0.00    1.00    0.00    0.00    0.00    0.00    0.00    0.00   98.00
15:05:39      15    0.00    0.00    0.00    0.00    0.00    2.02    0.00    0.00    0.00   97.98
15:05:39      16    1.01    0.00    1.01    0.00    0.00    0.00    0.00    0.00    0.00   97.98
15:05:39      17    0.00    0.00    0.00    0.00    0.00    0.00    0.00    0.00    0.00  100.00
15:05:39      18    0.00    0.00    0.00    0.00    0.00    0.00    0.00    0.00    0.00  100.00
15:05:39      19    0.00    0.00    0.00    0.00    0.00    0.00    0.00    0.00    0.00  100.00
15:05:39      20    0.00    0.00    1.00    0.00    0.00    0.00    0.00    0.00    0.00   99.00
15:05:39      21    0.99    0.00    0.99    0.00    0.00    0.00    0.00    0.00    0.00   98.02
15:05:39      22    1.01    0.00    0.00    0.00    0.00    0.00    0.00    0.00    0.00   98.99
15:05:39      23    1.00    0.00    1.00    0.00    0.00    0.00    0.00    0.00    0.00   98.00

15:05:39     CPU    %usr   %nice    %sys %iowait    %irq   %soft  %steal  %guest  %gnice   %idle
15:05:40     all    1.13    0.00    0.33    0.00    0.00    0.00    0.00    0.00    0.00   98.54
15:05:40       0    0.99    0.00    0.00    0.00    0.00    0.00    0.00    0.00    0.00   99.01
15:05:40       1    0.00    0.00    0.00    0.00    0.00    0.00    0.00    0.00    0.00  100.00
15:05:40       2    0.00    0.00    1.01    0.00    0.00    0.00    0.00    0.00    0.00   98.99
15:05:40       3    0.00    0.00    0.00    0.00    0.00    0.00    0.00    0.00    0.00  100.00
15:05:40       4    2.02    0.00    1.01    0.00    0.00    0.00    0.00    0.00    0.00   96.97
15:05:40       5    0.00    0.00    0.00    0.00    0.00    0.00    0.00    0.00    0.00  100.00
15:05:40       6    2.00    0.00    0.00    0.00    0.00    0.00    0.00    0.00    0.00   98.00
15:05:40       7    0.00    0.00    0.00    0.00    0.00    0.00    0.00    0.00    0.00  100.00
15:05:40       8    1.01    0.00    0.00    0.00    0.00    0.00    0.00    0.00    0.00   98.99
15:05:40       9    0.99    0.00    0.00    0.00    0.00    0.00    0.00    0.00    0.00   99.01
15:05:40      10    4.04    0.00    1.01    0.00    0.00    0.00    0.00    0.00    0.00   94.95
15:05:40      11    0.00    0.00    0.00    0.00    0.00    0.00    0.00    0.00    0.00  100.00
15:05:40      12    4.00    0.00    0.00    0.00    0.00    0.00    0.00    0.00    0.00   96.00
15:05:40      13    0.00    0.00    0.00    0.00    0.00    0.00    0.00    0.00    0.00  100.00
15:05:40      14    2.02    0.00    0.00    0.00    0.00    0.00    0.00    0.00    0.00   97.98
15:05:40      15    1.02    0.00    0.00    0.00    0.00    0.00    0.00    0.00    0.00   98.98
15:05:40      16    2.00    0.00    2.00    0.00    0.00    0.00    0.00    0.00    0.00   96.00
15:05:40      17    0.99    0.00    0.99    0.00    0.00    0.00    0.00    0.00    0.00   98.02
15:05:40      18    1.98    0.00    1.98    0.00    0.00    0.00    0.00    0.00    0.00   96.04
15:05:40      19    0.00    0.00    0.00    0.00    0.00    0.00    0.00    0.00    0.00  100.00
15:05:40      20    2.00    0.00    0.00    0.00    0.00    0.00    0.00    0.00    0.00   98.00
15:05:40      21    1.00    0.00    0.00    0.00    0.00    0.00    0.00    0.00    0.00   99.00
15:05:40      22    0.00    0.00    0.00    0.00    0.00    0.00    0.00    0.00    0.00  100.00
15:05:40      23    1.01    0.00    0.00    0.00    0.00    0.00    0.00    0.00    0.00   98.99

15:05:40     CPU    %usr   %nice    %sys %iowait    %irq   %soft  %steal  %guest  %gnice   %idle
15:05:41     all    0.88    0.00    0.29    0.00    0.00    0.08    0.00    0.00    0.00   98.75
15:05:41       0    0.00    0.00    0.00    0.00    0.00    0.00    0.00    0.00    0.00  100.00
15:05:41       1    0.00    0.00    0.00    0.00    0.00    0.00    0.00    0.00    0.00  100.00
15:05:41       2    0.99    0.00    0.99    0.00    0.00    0.00    0.00    0.00    0.00   98.02
15:05:41       3    0.00    0.00    0.00    0.00    0.00    0.00    0.00    0.00    0.00  100.00
15:05:41       4    1.00    0.00    0.00    0.00    0.00    0.00    0.00    0.00    0.00   99.00
15:05:41       5    0.00    0.00    0.00    0.00    0.00    0.00    0.00    0.00    0.00  100.00
15:05:41       6    2.00    0.00    0.00    0.00    0.00    0.00    0.00    0.00    0.00   98.00
15:05:41       7    0.00    0.00    0.00    0.00    0.00    0.00    0.00    0.00    0.00  100.00
15:05:41       8    2.97    0.00    1.98    0.00    0.00    0.99    0.00    0.00    0.00   94.06
15:05:41       9    0.00    0.00    0.00    0.00    0.00    0.00    0.00    0.00    0.00  100.00
15:05:41      10    5.94    0.00    0.99    0.00    0.00    0.00    0.00    0.00    0.00   93.07
15:05:41      11    0.00    0.00    0.00    0.00    0.00    0.00    0.00    0.00    0.00  100.00
15:05:41      12    1.01    0.00    1.01    0.00    0.00    0.00    0.00    0.00    0.00   97.98
15:05:41      13    0.00    0.00    0.00    0.00    0.00    0.00    0.00    0.00    0.00  100.00
15:05:41      14    1.01    0.00    1.01    0.00    0.00    0.00    0.00    0.00    0.00   97.98
15:05:41      15    1.02    0.00    0.00    0.00    0.00    1.02    0.00    0.00    0.00   97.96
15:05:41      16    0.00    0.00    0.00    0.00    0.00    0.00    0.00    0.00    0.00  100.00
15:05:41      17    0.00    0.00    0.00    0.00    0.00    0.00    0.00    0.00    0.00  100.00
15:05:41      18    0.00    0.00    0.00    0.00    0.00    0.00    0.00    0.00    0.00  100.00
15:05:41      19    0.00    0.00    0.00    0.00    0.00    0.00    0.00    0.00    0.00  100.00
15:05:41      20    1.00    0.00    0.00    0.00    0.00    0.00    0.00    0.00    0.00   99.00
15:05:41      21    1.00    0.00    0.00    0.00    0.00    0.00    0.00    0.00    0.00   99.00
15:05:41      22    1.01    0.00    1.01    0.00    0.00    0.00    0.00    0.00    0.00   97.98
15:05:41      23    2.00    0.00    0.00    0.00    0.00    0.00    0.00    0.00    0.00   98.00

15:05:41     CPU    %usr   %nice    %sys %iowait    %irq   %soft  %steal  %guest  %gnice   %idle
15:05:42     all    1.00    0.00    0.42    0.17    0.00    0.04    0.00    0.00    0.00   98.37
15:05:42       0    0.00    0.00    1.00    0.00    0.00    0.00    0.00    0.00    0.00   99.00
15:05:42       1    0.00    0.00    0.00    0.00    0.00    0.00    0.00    0.00    0.00  100.00
15:05:42       2    2.00    0.00    0.00    0.00    0.00    0.00    0.00    0.00    0.00   98.00
15:05:42       3    0.00    0.00    0.00    0.00    0.00    0.00    0.00    0.00    0.00  100.00
15:05:42       4    1.98    0.00    0.99    0.00    0.00    0.00    0.00    0.00    0.00   97.03
15:05:42       5    1.01    0.00    0.00    0.00    0.00    0.00    0.00    0.00    0.00   98.99
15:05:42       6    2.02    0.00    0.00    0.00    0.00    0.00    0.00    0.00    0.00   97.98
15:05:42       7    0.00    0.00    0.00    0.00    0.00    0.00    0.00    0.00    0.00  100.00
15:05:42       8    3.03    0.00    1.01    0.00    0.00    0.00    0.00    0.00    0.00   95.96
15:05:42       9    0.00    0.00    0.00    0.00    0.00    0.00    0.00    0.00    0.00  100.00
15:05:42      10    3.03    0.00    1.01    0.00    0.00    0.00    0.00    0.00    0.00   95.96
15:05:42      11    0.00    0.00    0.00    0.00    0.00    0.00    0.00    0.00    0.00  100.00
15:05:42      12    5.00    0.00    1.00    0.00    0.00    0.00    0.00    0.00    0.00   94.00
15:05:42      13    0.00    0.00    0.00    0.00    0.00    0.00    0.00    0.00    0.00  100.00
15:05:42      14    1.98    0.00    0.99    0.99    0.00    0.00    0.00    0.00    0.00   96.04
15:05:42      15    0.00    0.00    1.01    0.00    0.00    1.01    0.00    0.00    0.00   97.98
15:05:42      16    1.00    0.00    0.00    1.00    0.00    0.00    0.00    0.00    0.00   98.00
15:05:42      17    1.01    0.00    1.01    0.00    0.00    0.00    0.00    0.00    0.00   97.98
15:05:42      18    0.00    0.00    0.00    0.00    0.00    0.00    0.00    0.00    0.00  100.00
15:05:42      19    0.99    0.00    0.99    1.98    0.00    0.00    0.00    0.00    0.00   96.04
15:05:42      20    0.00    0.00    0.00    0.00    0.00    0.00    0.00    0.00    0.00  100.00
15:05:42      21    0.00    0.00    0.00    0.00    0.00    0.00    0.00    0.00    0.00  100.00
15:05:42      22    1.01    0.00    0.00    0.00    0.00    0.00    0.00    0.00    0.00   98.99
15:05:42      23    0.00    0.00    0.99    0.00    0.00    0.00    0.00    0.00    0.00   99.01

15:05:42     CPU    %usr   %nice    %sys %iowait    %irq   %soft  %steal  %guest  %gnice   %idle
15:05:43     all    1.05    0.00    0.34    0.08    0.00    0.04    0.00    0.00    0.00   98.49
15:05:43       0    2.02    0.00    1.01    0.00    0.00    0.00    0.00    0.00    0.00   96.97
15:05:43       1    0.00    0.00    0.00    0.00    0.00    0.00    0.00    0.00    0.00  100.00
15:05:43       2    1.00    0.00    0.00    0.00    0.00    0.00    0.00    0.00    0.00   99.00
15:05:43       3    0.00    0.00    0.00    1.00    0.00    0.00    0.00    0.00    0.00   99.00
15:05:43       4    2.02    0.00    0.00    0.00    0.00    0.00    0.00    0.00    0.00   97.98
15:05:43       5    0.00    0.00    0.00    0.00    0.00    0.00    0.00    0.00    0.00  100.00
15:05:43       6    0.00    0.00    0.00    0.00    0.00    0.00    0.00    0.00    0.00  100.00
15:05:43       7    0.00    0.00    0.00    0.00    0.00    0.00    0.00    0.00    0.00  100.00
15:05:43       8    3.03    0.00    2.02    0.00    0.00    0.00    0.00    0.00    0.00   94.95
15:05:43       9    0.00    0.00    0.00    0.00    0.00    0.00    0.00    0.00    0.00  100.00
15:05:43      10    5.00    0.00    0.00    0.00    0.00    0.00    0.00    0.00    0.00   95.00
15:05:43      11    0.00    0.00    0.00    0.00    0.00    0.00    0.00    0.00    0.00  100.00
15:05:43      12    2.02    0.00    0.00    0.00    0.00    0.00    0.00    0.00    0.00   97.98
15:05:43      13    0.99    0.00    0.00    0.00    0.00    0.00    0.00    0.00    0.00   99.01
15:05:43      14    1.01    0.00    1.01    0.00    0.00    0.00    0.00    0.00    0.00   97.98
15:05:43      15    0.00    0.00    0.00    0.00    0.00    1.02    0.00    0.00    0.00   98.98
15:05:43      16    1.00    0.00    2.00    0.00    0.00    0.00    0.00    0.00    0.00   97.00
15:05:43      17    0.00    0.00    1.01    0.00    0.00    0.00    0.00    0.00    0.00   98.99
15:05:43      18    1.00    0.00    0.00    1.00    0.00    0.00    0.00    0.00    0.00   98.00
15:05:43      19    1.01    0.00    0.00    0.00    0.00    0.00    0.00    0.00    0.00   98.99
15:05:43      20    2.00    0.00    0.00    0.00    0.00    0.00    0.00    0.00    0.00   98.00
15:05:43      21    1.00    0.00    0.00    0.00    0.00    0.00    0.00    0.00    0.00   99.00
15:05:43      22    1.02    0.00    0.00    0.00    0.00    0.00    0.00    0.00    0.00   98.98
15:05:43      23    1.01    0.00    1.01    0.00    0.00    0.00    0.00    0.00    0.00   97.98

15:05:43     CPU    %usr   %nice    %sys %iowait    %irq   %soft  %steal  %guest  %gnice   %idle
15:05:44     all    1.12    0.00    0.50    0.00    0.00    0.08    0.00    0.00    0.00   98.29
15:05:44       0    1.00    0.00    0.00    0.00    0.00    0.00    0.00    0.00    0.00   99.00
15:05:44       1    0.99    0.00    0.00    0.00    0.00    0.00    0.00    0.00    0.00   99.01
15:05:44       2    1.01    0.00    1.01    0.00    0.00    0.00    0.00    0.00    0.00   97.98
15:05:44       3    0.00    0.00    0.00    0.00    0.00    0.00    0.00    0.00    0.00  100.00
15:05:44       4    0.99    0.00    0.99    0.00    0.00    0.00    0.00    0.00    0.00   98.02
15:05:44       5    1.00    0.00    0.00    0.00    0.00    0.00    0.00    0.00    0.00   99.00
15:05:44       6    1.00    0.00    0.00    0.00    0.00    0.00    0.00    0.00    0.00   99.00
15:05:44       7    0.00    0.00    0.00    0.00    0.00    0.00    0.00    0.00    0.00  100.00
15:05:44       8    3.00    0.00    1.00    0.00    0.00    0.00    0.00    0.00    0.00   96.00
15:05:44       9    0.00    0.00    0.00    0.00    0.00    0.00    0.00    0.00    0.00  100.00
15:05:44      10    4.00    0.00    2.00    0.00    0.00    0.00    0.00    0.00    0.00   94.00
15:05:44      11    0.00    0.00    0.00    0.00    0.00    0.00    0.00    0.00    0.00  100.00
15:05:44      12    0.99    0.00    0.99    0.00    0.00    0.00    0.00    0.00    0.00   98.02
15:05:44      13    0.00    0.00    0.00    0.00    0.00    0.00    0.00    0.00    0.00  100.00
15:05:44      14    2.00    0.00    1.00    0.00    0.00    0.00    0.00    0.00    0.00   97.00
15:05:44      15    1.00    0.00    2.00    0.00    0.00    2.00    0.00    0.00    0.00   95.00
15:05:44      16    1.98    0.00    0.99    0.00    0.00    0.00    0.00    0.00    0.00   97.03
15:05:44      17    2.00    0.00    0.00    0.00    0.00    0.00    0.00    0.00    0.00   98.00
15:05:44      18    2.00    0.00    0.00    0.00    0.00    0.00    0.00    0.00    0.00   98.00
15:05:44      19    1.98    0.00    0.00    0.00    0.00    0.00    0.00    0.00    0.00   98.02
15:05:44      20    0.00    0.00    1.00    0.00    0.00    0.00    0.00    0.00    0.00   99.00
15:05:44      21    1.01    0.00    0.00    0.00    0.00    0.00    0.00    0.00    0.00   98.99
15:05:44      22    1.01    0.00    1.01    0.00    0.00    0.00    0.00    0.00    0.00   97.98
15:05:44      23    0.00    0.00    0.00    0.00    0.00    0.00    0.00    0.00    0.00  100.00

15:05:44     CPU    %usr   %nice    %sys %iowait    %irq   %soft  %steal  %guest  %gnice   %idle
15:05:45     all    1.13    0.00    0.33    0.00    0.00    0.08    0.00    0.00    0.00   98.45
15:05:45       0    1.00    0.00    0.00    0.00    0.00    0.00    0.00    0.00    0.00   99.00
15:05:45       1    0.00    0.00    0.00    0.00    0.00    0.99    0.00    0.00    0.00   99.01
15:05:45       2    1.01    0.00    0.00    0.00    0.00    0.00    0.00    0.00    0.00   98.99
15:05:45       3    0.00    0.00    0.00    0.00    0.00    0.00    0.00    0.00    0.00  100.00
15:05:45       4    1.00    0.00    1.00    0.00    0.00    0.00    0.00    0.00    0.00   98.00
15:05:45       5    1.01    0.00    0.00    0.00    0.00    0.00    0.00    0.00    0.00   98.99
15:05:45       6    2.00    0.00    2.00    0.00    0.00    0.00    0.00    0.00    0.00   96.00
15:05:45       7    0.00    0.00    0.00    0.00    0.00    0.00    0.00    0.00    0.00  100.00
15:05:45       8    1.01    0.00    1.01    0.00    0.00    0.00    0.00    0.00    0.00   97.98
15:05:45       9    0.00    0.00    0.00    0.00    0.00    0.00    0.00    0.00    0.00  100.00
15:05:45      10    4.04    0.00    0.00    0.00    0.00    0.00    0.00    0.00    0.00   95.96
15:05:45      11    0.00    0.00    0.00    0.00    0.00    0.00    0.00    0.00    0.00  100.00
15:05:45      12    0.00    0.00    0.00    0.00    0.00    0.00    0.00    0.00    0.00  100.00
15:05:45      13    0.00    0.00    0.00    0.00    0.00    0.00    0.00    0.00    0.00  100.00
15:05:45      14    1.00    0.00    0.00    0.00    0.00    0.00    0.00    0.00    0.00   99.00
15:05:45      15    0.00    0.00    0.00    0.00    0.00    1.01    0.00    0.00    0.00   98.99
15:05:45      16    2.02    0.00    1.01    0.00    0.00    0.00    0.00    0.00    0.00   96.97
15:05:45      17    1.01    0.00    0.00    0.00    0.00    0.00    0.00    0.00    0.00   98.99
15:05:45      18    1.00    0.00    0.00    0.00    0.00    0.00    0.00    0.00    0.00   99.00
15:05:45      19    0.00    0.00    1.00    0.00    0.00    0.00    0.00    0.00    0.00   99.00
15:05:45      20    2.97    0.00    0.00    0.00    0.00    0.00    0.00    0.00    0.00   97.03
15:05:45      21    2.02    0.00    1.01    0.00    0.00    0.00    0.00    0.00    0.00   96.97
15:05:45      22    2.04    0.00    0.00    0.00    0.00    0.00    0.00    0.00    0.00   97.96
15:05:45      23    4.00    0.00    1.00    0.00    0.00    0.00    0.00    0.00    0.00   95.00

15:05:45     CPU    %usr   %nice    %sys %iowait    %irq   %soft  %steal  %guest  %gnice   %idle
15:05:46     all    0.96    0.00    0.46    0.04    0.00    0.04    0.00    0.00    0.00   98.50
15:05:46       0    0.00    0.00    0.00    0.00    0.00    0.00    0.00    0.00    0.00  100.00
15:05:46       1    0.00    0.00    0.00    0.00    0.00    0.00    0.00    0.00    0.00  100.00
15:05:46       2    1.00    0.00    1.00    0.00    0.00    0.00    0.00    0.00    0.00   98.00
15:05:46       3    0.00    0.00    0.00    0.00    0.00    0.00    0.00    0.00    0.00  100.00
15:05:46       4    2.02    0.00    0.00    0.00    0.00    0.00    0.00    0.00    0.00   97.98
15:05:46       5    0.00    0.00    0.00    0.00    0.00    0.00    0.00    0.00    0.00  100.00
15:05:46       6    2.00    0.00    1.00    0.00    0.00    0.00    0.00    0.00    0.00   97.00
15:05:46       7    0.00    0.00    0.00    0.00    0.00    0.00    0.00    0.00    0.00  100.00
15:05:46       8    3.00    0.00    3.00    0.00    0.00    0.00    0.00    0.00    0.00   94.00
15:05:46       9    0.00    0.00    0.00    0.00    0.00    0.00    0.00    0.00    0.00  100.00
15:05:46      10    4.00    0.00    1.00    0.00    0.00    0.00    0.00    0.00    0.00   95.00
15:05:46      11    0.00    0.00    0.00    0.00    0.00    0.00    0.00    0.00    0.00  100.00
15:05:46      12    2.97    0.00    0.99    0.00    0.00    0.00    0.00    0.00    0.00   96.04
15:05:46      13    0.00    0.00    0.00    0.00    0.00    0.00    0.00    0.00    0.00  100.00
15:05:46      14    1.01    0.00    0.00    0.00    0.00    0.00    0.00    0.00    0.00   98.99
15:05:46      15    1.02    0.00    0.00    0.00    0.00    1.02    0.00    0.00    0.00   97.96
15:05:46      16    0.00    0.00    0.00    0.00    0.00    0.00    0.00    0.00    0.00  100.00
15:05:46      17    0.99    0.00    0.99    0.99    0.00    0.00    0.00    0.00    0.00   97.03
15:05:46      18    1.00    0.00    0.00    0.00    0.00    0.00    0.00    0.00    0.00   99.00
15:05:46      19    1.00    0.00    0.00    0.00    0.00    0.00    0.00    0.00    0.00   99.00
15:05:46      20    0.00    0.00    0.00    0.00    0.00    0.00    0.00    0.00    0.00  100.00
15:05:46      21    0.99    0.00    0.00    0.00    0.00    0.00    0.00    0.00    0.00   99.01
15:05:46      22    0.00    0.00    1.01    0.00    0.00    0.00    0.00    0.00    0.00   98.99
15:05:46      23    1.98    0.00    1.98    0.00    0.00    0.00    0.00    0.00    0.00   96.04

15:05:46     CPU    %usr   %nice    %sys %iowait    %irq   %soft  %steal  %guest  %gnice   %idle
15:05:47     all    1.84    0.00    0.46    0.04    0.00    0.04    0.00    0.00    0.00   97.61
15:05:47       0    3.00    0.00    0.00    0.00    0.00    0.00    0.00    0.00    0.00   97.00
15:05:47       1    2.00    0.00    0.00    0.00    0.00    0.00    0.00    0.00    0.00   98.00
15:05:47       2    1.01    0.00    0.00    0.00    0.00    0.00    0.00    0.00    0.00   98.99
15:05:47       3    1.01    0.00    0.00    0.00    0.00    0.00    0.00    0.00    0.00   98.99
15:05:47       4    2.02    0.00    0.00    0.00    0.00    0.00    0.00    0.00    0.00   97.98
15:05:47       5    1.00    0.00    1.00    0.00    0.00    0.00    0.00    0.00    0.00   98.00
15:05:47       6    3.00    0.00    0.00    0.00    0.00    0.00    0.00    0.00    0.00   97.00
15:05:47       7    0.00    0.00    0.00    0.00    0.00    0.00    0.00    0.00    0.00  100.00
15:05:47       8    7.07    0.00    3.03    0.00    0.00    0.00    0.00    0.00    0.00   89.90
15:05:47       9    0.00    0.00    0.00    0.00    0.00    0.00    0.00    0.00    0.00  100.00
15:05:47      10    4.00    0.00    0.00    0.00    0.00    0.00    0.00    0.00    0.00   96.00
15:05:47      11    0.00    0.00    0.00    0.00    0.00    0.00    0.00    0.00    0.00  100.00
15:05:47      12    1.01    0.00    1.01    0.00    0.00    0.00    0.00    0.00    0.00   97.98
15:05:47      13    2.00    0.00    0.00    0.00    0.00    0.00    0.00    0.00    0.00   98.00
15:05:47      14    2.97    0.00    0.99    0.99    0.00    0.00    0.00    0.00    0.00   95.05
15:05:47      15    0.00    0.00    1.01    0.00    0.00    1.01    0.00    0.00    0.00   97.98
15:05:47      16    2.02    0.00    1.01    0.00    0.00    0.00    0.00    0.00    0.00   96.97
15:05:47      17    0.00    0.00    1.02    0.00    0.00    0.00    0.00    0.00    0.00   98.98
15:05:47      18    1.01    0.00    0.00    0.00    0.00    0.00    0.00    0.00    0.00   98.99
15:05:47      19    2.02    0.00    0.00    0.00    0.00    0.00    0.00    0.00    0.00   97.98
15:05:47      20    3.00    0.00    2.00    0.00    0.00    0.00    0.00    0.00    0.00   95.00
15:05:47      21    2.02    0.00    0.00    0.00    0.00    0.00    0.00    0.00    0.00   97.98
15:05:47      22    3.00    0.00    0.00    0.00    0.00    0.00    0.00    0.00    0.00   97.00
15:05:47      23    1.00    0.00    0.00    0.00    0.00    0.00    0.00    0.00    0.00   99.00

15:05:47     CPU    %usr   %nice    %sys %iowait    %irq   %soft  %steal  %guest  %gnice   %idle
15:05:48     all    1.75    0.00    1.13    0.00    0.00    0.04    0.00    0.00    0.00   97.08
15:05:48       0    1.00    0.00    1.00    0.00    0.00    0.00    0.00    0.00    0.00   98.00
15:05:48       1    0.00    0.00    0.00    0.00    0.00    0.00    0.00    0.00    0.00  100.00
15:05:48       2    1.98    0.00    1.98    0.00    0.00    0.00    0.00    0.00    0.00   96.04
15:05:48       3    0.98    0.00    0.98    0.00    0.00    0.00    0.00    0.00    0.00   98.04
15:05:48       4    2.00    0.00    1.00    0.00    0.00    0.00    0.00    0.00    0.00   97.00
15:05:48       5    0.00    0.00    0.00    0.00    0.00    0.00    0.00    0.00    0.00  100.00
15:05:48       6    3.03    0.00    1.01    0.00    0.00    0.00    0.00    0.00    0.00   95.96
15:05:48       7    0.00    0.00    0.00    0.00    0.00    0.00    0.00    0.00    0.00  100.00
15:05:48       8    4.00    0.00    6.00    0.00    0.00    0.00    0.00    0.00    0.00   90.00
15:05:48       9    0.00    0.00    0.00    0.00    0.00    0.00    0.00    0.00    0.00  100.00
15:05:48      10    5.00    0.00    4.00    0.00    0.00    0.00    0.00    0.00    0.00   91.00
15:05:48      11    0.99    0.00    1.98    0.00    0.00    0.00    0.00    0.00    0.00   97.03
15:05:48      12    1.00    0.00    2.00    0.00    0.00    0.00    0.00    0.00    0.00   97.00
15:05:48      13    0.00    0.00    0.00    0.00    0.00    0.00    0.00    0.00    0.00  100.00
15:05:48      14    2.00    0.00    3.00    0.00    0.00    0.00    0.00    0.00    0.00   95.00
15:05:48      15    0.00    0.00    0.00    0.00    0.00    1.02    0.00    0.00    0.00   98.98
15:05:48      16    3.03    0.00    1.01    0.00    0.00    0.00    0.00    0.00    0.00   95.96
15:05:48      17    2.00    0.00    1.00    0.00    0.00    0.00    0.00    0.00    0.00   97.00
15:05:48      18    2.97    0.00    0.99    0.00    0.00    0.00    0.00    0.00    0.00   96.04
15:05:48      19    3.00    0.00    0.00    0.00    0.00    0.00    0.00    0.00    0.00   97.00
15:05:48      20    2.97    0.00    0.00    0.00    0.00    0.00    0.00    0.00    0.00   97.03
15:05:48      21    2.97    0.00    0.99    0.00    0.00    0.00    0.00    0.00    0.00   96.04
15:05:48      22    1.02    0.00    0.00    0.00    0.00    0.00    0.00    0.00    0.00   98.98
15:05:48      23    2.02    0.00    0.00    0.00    0.00    0.00    0.00    0.00    0.00   97.98

15:05:48     CPU    %usr   %nice    %sys %iowait    %irq   %soft  %steal  %guest  %gnice   %idle
15:05:49     all    0.88    0.00    0.25    0.08    0.00    0.08    0.00    0.00    0.00   98.70
15:05:49       0    1.00    0.00    0.00    0.00    0.00    0.00    0.00    0.00    0.00   99.00
15:05:49       1    0.00    0.00    0.00    0.00    0.00    0.00    0.00    0.00    0.00  100.00
15:05:49       2    1.01    0.00    0.00    1.01    0.00    0.00    0.00    0.00    0.00   97.98
15:05:49       3    0.00    0.00    0.00    0.00    0.00    0.00    0.00    0.00    0.00  100.00
15:05:49       4    0.00    0.00    0.00    0.00    0.00    0.00    0.00    0.00    0.00  100.00
15:05:49       5    0.00    0.00    0.00    0.00    0.00    0.00    0.00    0.00    0.00  100.00
15:05:49       6    1.00    0.00    0.00    0.00    0.00    0.00    0.00    0.00    0.00   99.00
15:05:49       7    0.00    0.00    0.00    0.00    0.00    0.00    0.00    0.00    0.00  100.00
15:05:49       8    3.03    0.00    1.01    0.00    0.00    0.00    0.00    0.00    0.00   95.96
15:05:49       9    0.00    0.00    0.00    0.00    0.00    0.00    0.00    0.00    0.00  100.00
15:05:49      10    4.04    0.00    1.01    0.00    0.00    0.00    0.00    0.00    0.00   94.95
15:05:49      11    0.00    0.00    0.00    0.00    0.00    0.00    0.00    0.00    0.00  100.00
15:05:49      12    2.00    0.00    2.00    0.00    0.00    0.00    0.00    0.00    0.00   96.00
15:05:49      13    0.00    0.00    0.00    0.00    0.00    0.00    0.00    0.00    0.00  100.00
15:05:49      14    0.00    0.00    0.00    0.00    0.00    0.00    0.00    0.00    0.00  100.00
15:05:49      15    1.00    0.00    0.00    0.00    0.00    2.00    0.00    0.00    0.00   97.00
15:05:49      16    2.00    0.00    1.00    0.00    0.00    0.00    0.00    0.00    0.00   97.00
15:05:49      17    1.01    0.00    0.00    0.00    0.00    0.00    0.00    0.00    0.00   98.99
15:05:49      18    1.00    0.00    0.00    1.00    0.00    0.00    0.00    0.00    0.00   98.00
15:05:49      19    0.99    0.00    0.99    0.00    0.00    0.00    0.00    0.00    0.00   98.02
15:05:49      20    1.01    0.00    0.00    0.00    0.00    0.00    0.00    0.00    0.00   98.99
15:05:49      21    0.00    0.00    0.00    0.00    0.00    0.00    0.00    0.00    0.00  100.00
15:05:49      22    1.02    0.00    0.00    0.00    0.00    0.00    0.00    0.00    0.00   98.98
15:05:49      23    1.00    0.00    0.00    0.00    0.00    0.00    0.00    0.00    0.00   99.00

15:05:49     CPU    %usr   %nice    %sys %iowait    %irq   %soft  %steal  %guest  %gnice   %idle
15:05:50     all    0.96    0.00    0.33    0.08    0.00    0.04    0.00    0.00    0.00   98.58
15:05:50       0    1.01    0.00    0.00    0.00    0.00    0.00    0.00    0.00    0.00   98.99
15:05:50       1    0.00    0.00    0.00    0.00    0.00    0.00    0.00    0.00    0.00  100.00
15:05:50       2    1.00    0.00    1.00    0.00    0.00    0.00    0.00    0.00    0.00   98.00
15:05:50       3    0.00    0.00    0.00    0.00    0.00    0.00    0.00    0.00    0.00  100.00
15:05:50       4    3.00    0.00    0.00    0.00    0.00    0.00    0.00    0.00    0.00   97.00
15:05:50       5    0.00    0.00    0.00    0.00    0.00    0.00    0.00    0.00    0.00  100.00
15:05:50       6    0.00    0.00    0.00    0.00    0.00    0.00    0.00    0.00    0.00  100.00
15:05:50       7    0.00    0.00    0.00    0.00    0.00    0.00    0.00    0.00    0.00  100.00
15:05:50       8    3.00    0.00    1.00    1.00    0.00    0.00    0.00    0.00    0.00   95.00
15:05:50       9    0.00    0.00    0.00    0.00    0.00    0.00    0.00    0.00    0.00  100.00
15:05:50      10    4.04    0.00    1.01    1.01    0.00    0.00    0.00    0.00    0.00   93.94
15:05:50      11    0.00    0.00    0.00    0.00    0.00    0.00    0.00    0.00    0.00  100.00
15:05:50      12    2.02    0.00    1.01    0.00    0.00    0.00    0.00    0.00    0.00   96.97
15:05:50      13    0.00    0.00    0.00    0.00    0.00    0.00    0.00    0.00    0.00  100.00
15:05:50      14    0.99    0.00    0.99    0.00    0.00    0.00    0.00    0.00    0.00   98.02
15:05:50      15    0.00    0.00    1.01    0.00    0.00    1.01    0.00    0.00    0.00   97.98
15:05:50      16    1.01    0.00    0.00    0.00    0.00    0.00    0.00    0.00    0.00   98.99
15:05:50      17    0.00    0.00    0.00    0.00    0.00    0.00    0.00    0.00    0.00  100.00
15:05:50      18    0.00    0.00    0.00    0.00    0.00    0.00    0.00    0.00    0.00  100.00
15:05:50      19    1.01    0.00    0.00    0.00    0.00    0.00    0.00    0.00    0.00   98.99
15:05:50      20    2.00    0.00    0.00    0.00    0.00    0.00    0.00    0.00    0.00   98.00
15:05:50      21    1.00    0.00    0.00    0.00    0.00    0.00    0.00    0.00    0.00   99.00
15:05:50      22    1.00    0.00    1.00    0.00    0.00    0.00    0.00    0.00    0.00   98.00
15:05:50      23    2.00    0.00    1.00    0.00    0.00    0.00    0.00    0.00    0.00   97.00

15:05:50     CPU    %usr   %nice    %sys %iowait    %irq   %soft  %steal  %guest  %gnice   %idle
15:05:51     all    1.21    0.00    0.54    0.00    0.00    0.04    0.00    0.00    0.00   98.21
15:05:51       0    0.99    0.00    0.00    0.00    0.00    0.00    0.00    0.00    0.00   99.01
15:05:51       1    0.00    0.00    0.99    0.00    0.00    0.00    0.00    0.00    0.00   99.01
15:05:51       2    1.98    0.00    0.99    0.00    0.00    0.00    0.00    0.00    0.00   97.03
15:05:51       3    0.00    0.00    0.00    0.00    0.00    0.00    0.00    0.00    0.00  100.00
15:05:51       4    1.00    0.00    1.00    0.00    0.00    0.00    0.00    0.00    0.00   98.00
15:05:51       5    0.00    0.00    0.00    0.00    0.00    0.00    0.00    0.00    0.00  100.00
15:05:51       6    1.00    0.00    0.00    0.00    0.00    0.00    0.00    0.00    0.00   99.00
15:05:51       7    0.00    0.00    0.00    0.00    0.00    0.00    0.00    0.00    0.00  100.00
15:05:51       8    6.00    0.00    1.00    0.00    0.00    0.00    0.00    0.00    0.00   93.00
15:05:51       9    0.00    0.00    0.00    0.00    0.00    0.00    0.00    0.00    0.00  100.00
15:05:51      10    5.00    0.00    2.00    0.00    0.00    0.00    0.00    0.00    0.00   93.00
15:05:51      11    0.99    0.00    0.00    0.00    0.00    0.00    0.00    0.00    0.00   99.01
15:05:51      12    2.00    0.00    0.00    0.00    0.00    0.00    0.00    0.00    0.00   98.00
15:05:51      13    0.00    0.00    0.00    0.00    0.00    0.00    0.00    0.00    0.00  100.00
15:05:51      14    1.01    0.00    0.00    0.00    0.00    0.00    0.00    0.00    0.00   98.99
15:05:51      15    1.01    0.00    0.00    0.00    0.00    1.01    0.00    0.00    0.00   97.98
15:05:51      16    0.00    0.00    1.00    0.00    0.00    0.00    0.00    0.00    0.00   99.00
15:05:51      17    1.00    0.00    1.00    0.00    0.00    0.00    0.00    0.00    0.00   98.00
15:05:51      18    0.99    0.00    0.99    0.00    0.00    0.00    0.00    0.00    0.00   98.02
15:05:51      19    0.99    0.00    0.00    0.00    0.00    0.00    0.00    0.00    0.00   99.01
15:05:51      20    1.96    0.00    0.98    0.00    0.00    0.00    0.00    0.00    0.00   97.06
15:05:51      21    1.00    0.00    1.00    0.00    0.00    0.00    0.00    0.00    0.00   98.00
15:05:51      22    1.01    0.00    0.00    0.00    0.00    0.00    0.00    0.00    0.00   98.99
15:05:51      23    0.99    0.00    1.98    0.00    0.00    0.00    0.00    0.00    0.00   97.03

15:05:51     CPU    %usr   %nice    %sys %iowait    %irq   %soft  %steal  %guest  %gnice   %idle
15:05:52     all    3.27    0.00    0.59    0.00    0.00    0.04    0.00    0.00    0.00   96.10
15:05:52       0    2.02    0.00    2.02    0.00    0.00    0.00    0.00    0.00    0.00   95.96
15:05:52       1    0.00    0.00    0.00    0.00    0.00    0.00    0.00    0.00    0.00  100.00
15:05:52       2    5.10    0.00    0.00    0.00    0.00    0.00    0.00    0.00    0.00   94.90
15:05:52       3    0.00    0.00    0.00    0.00    0.00    0.00    0.00    0.00    0.00  100.00
15:05:52       4    9.09    0.00    0.00    0.00    0.00    0.00    0.00    0.00    0.00   90.91
15:05:52       5    3.00    0.00    0.00    0.00    0.00    0.00    0.00    0.00    0.00   97.00
15:05:52       6    6.06    0.00    1.01    0.00    0.00    0.00    0.00    0.00    0.00   92.93
15:05:52       7    0.98    0.00    0.98    0.00    0.00    0.00    0.00    0.00    0.00   98.04
15:05:52       8   17.17    0.00    3.03    0.00    0.00    0.00    0.00    0.00    0.00   79.80
15:05:52       9    3.00    0.00    0.00    0.00    0.00    0.00    0.00    0.00    0.00   97.00
15:05:52      10    8.00    0.00    2.00    0.00    0.00    0.00    0.00    0.00    0.00   90.00
15:05:52      11    0.00    0.00    0.00    0.00    0.00    0.00    0.00    0.00    0.00  100.00
15:05:52      12    4.04    0.00    1.01    0.00    0.00    0.00    0.00    0.00    0.00   94.95
15:05:52      13    2.02    0.00    0.00    0.00    0.00    0.00    0.00    0.00    0.00   97.98
15:05:52      14    5.00    0.00    2.00    0.00    0.00    0.00    0.00    0.00    0.00   93.00
15:05:52      15    0.00    0.00    1.01    0.00    0.00    1.01    0.00    0.00    0.00   97.98
15:05:52      16    1.01    0.00    0.00    0.00    0.00    0.00    0.00    0.00    0.00   98.99
15:05:52      17    3.00    0.00    0.00    0.00    0.00    0.00    0.00    0.00    0.00   97.00
15:05:52      18    1.00    0.00    0.00    0.00    0.00    0.00    0.00    0.00    0.00   99.00
15:05:52      19    1.00    0.00    1.00    0.00    0.00    0.00    0.00    0.00    0.00   98.00
15:05:52      20    1.02    0.00    0.00    0.00    0.00    0.00    0.00    0.00    0.00   98.98
15:05:52      21    1.01    0.00    0.00    0.00    0.00    0.00    0.00    0.00    0.00   98.99
15:05:52      22    3.03    0.00    0.00    0.00    0.00    0.00    0.00    0.00    0.00   96.97
15:05:52      23    2.00    0.00    0.00    0.00    0.00    0.00    0.00    0.00    0.00   98.00

15:05:52     CPU    %usr   %nice    %sys %iowait    %irq   %soft  %steal  %guest  %gnice   %idle
15:05:53     all    7.67    0.00    1.59    0.00    0.00    0.04    0.00    0.00    0.00   90.69
15:05:53       0    3.06    0.00    0.00    0.00    0.00    0.00    0.00    0.00    0.00   96.94
15:05:53       1    0.00    0.00    0.00    0.00    0.00    0.00    0.00    0.00    0.00  100.00
15:05:53       2    5.00    0.00    2.00    0.00    0.00    0.00    0.00    0.00    0.00   93.00
15:05:53       3    1.00    0.00    0.00    0.00    0.00    0.00    0.00    0.00    0.00   99.00
15:05:53       4   10.20    0.00    2.04    0.00    0.00    0.00    0.00    0.00    0.00   87.76
15:05:53       5    1.00    0.00    0.00    0.00    0.00    0.00    0.00    0.00    0.00   99.00
15:05:53       6    5.05    0.00    0.00    0.00    0.00    0.00    0.00    0.00    0.00   94.95
15:05:53       7    2.02    0.00    2.02    0.00    0.00    0.00    0.00    0.00    0.00   95.96
15:05:53       8   38.38    0.00    5.05    0.00    0.00    0.00    0.00    0.00    0.00   56.57
15:05:53       9    9.90    0.00    1.98    0.00    0.00    0.00    0.00    0.00    0.00   88.12
15:05:53      10   31.31    0.00    6.06    0.00    0.00    0.00    0.00    0.00    0.00   62.63
15:05:53      11    0.00    0.00    0.00    0.00    0.00    0.00    0.00    0.00    0.00  100.00
15:05:53      12    9.18    0.00    2.04    0.00    0.00    0.00    0.00    0.00    0.00   88.78
15:05:53      13    0.00    0.00    0.00    0.00    0.00    0.00    0.00    0.00    0.00  100.00
15:05:53      14   18.00    0.00    2.00    0.00    0.00    0.00    0.00    0.00    0.00   80.00
15:05:53      15    2.04    0.00    0.00    0.00    0.00    1.02    0.00    0.00    0.00   96.94
15:05:53      16   10.00    0.00    2.00    0.00    0.00    0.00    0.00    0.00    0.00   88.00
15:05:53      17    7.07    0.00    1.01    0.00    0.00    0.00    0.00    0.00    0.00   91.92
15:05:53      18    6.06    0.00    3.03    0.00    0.00    0.00    0.00    0.00    0.00   90.91
15:05:53      19    8.08    0.00    1.01    0.00    0.00    0.00    0.00    0.00    0.00   90.91
15:05:53      20    4.95    0.00    1.98    0.00    0.00    0.00    0.00    0.00    0.00   93.07
15:05:53      21    4.00    0.00    2.00    0.00    0.00    0.00    0.00    0.00    0.00   94.00
15:05:53      22    3.03    0.00    2.02    0.00    0.00    0.00    0.00    0.00    0.00   94.95
15:05:53      23    5.00    0.00    2.00    0.00    0.00    0.00    0.00    0.00    0.00   93.00

15:05:53     CPU    %usr   %nice    %sys %iowait    %irq   %soft  %steal  %guest  %gnice   %idle
15:05:54     all    5.89    0.00    0.92    0.00    0.00    0.04    0.00    0.00    0.00   93.15
15:05:54       0    2.02    0.00    0.00    0.00    0.00    0.00    0.00    0.00    0.00   97.98
15:05:54       1    1.01    0.00    0.00    0.00    0.00    0.00    0.00    0.00    0.00   98.99
15:05:54       2    4.04    0.00    0.00    0.00    0.00    0.00    0.00    0.00    0.00   95.96
15:05:54       3    2.00    0.00    0.00    0.00    0.00    0.00    0.00    0.00    0.00   98.00
15:05:54       4    4.95    0.00    0.99    0.00    0.00    0.00    0.00    0.00    0.00   94.06
15:05:54       5    0.00    0.00    0.00    0.00    0.00    0.00    0.00    0.00    0.00  100.00
15:05:54       6    3.00    0.00    1.00    0.00    0.00    0.00    0.00    0.00    0.00   96.00
15:05:54       7    0.00    0.00    0.00    0.00    0.00    0.00    0.00    0.00    0.00  100.00
15:05:54       8   11.11    0.00    1.01    0.00    0.00    0.00    0.00    0.00    0.00   87.88
15:05:54       9   72.28    0.00    4.95    0.00    0.00    0.00    0.00    0.00    0.00   22.77
15:05:54      10    5.05    0.00    2.02    0.00    0.00    0.00    0.00    0.00    0.00   92.93
15:05:54      11    0.00    0.00    0.00    0.00    0.00    0.00    0.00    0.00    0.00  100.00
15:05:54      12    4.95    0.00    1.98    0.00    0.00    0.00    0.00    0.00    0.00   93.07
15:05:54      13    0.00    0.00    0.99    0.00    0.00    0.00    0.00    0.00    0.00   99.01
15:05:54      14    7.07    0.00    1.01    0.00    0.00    0.00    0.00    0.00    0.00   91.92
15:05:54      15    0.00    0.00    1.01    0.00    0.00    1.01    0.00    0.00    0.00   97.98
15:05:54      16    4.00    0.00    1.00    0.00    0.00    0.00    0.00    0.00    0.00   95.00
15:05:54      17    1.01    0.00    0.00    0.00    0.00    0.00    0.00    0.00    0.00   98.99
15:05:54      18    2.97    0.00    1.98    0.00    0.00    0.00    0.00    0.00    0.00   95.05
15:05:54      19    2.02    0.00    0.00    0.00    0.00    0.00    0.00    0.00    0.00   97.98
15:05:54      20    4.00    0.00    1.00    0.00    0.00    0.00    0.00    0.00    0.00   95.00
15:05:54      21    2.00    0.00    1.00    0.00    0.00    0.00    0.00    0.00    0.00   97.00
15:05:54      22    3.03    0.00    1.01    0.00    0.00    0.00    0.00    0.00    0.00   95.96
15:05:54      23    4.04    0.00    1.01    0.00    0.00    0.00    0.00    0.00    0.00   94.95

15:05:54     CPU    %usr   %nice    %sys %iowait    %irq   %soft  %steal  %guest  %gnice   %idle
15:05:55     all    4.62    0.00    0.50    0.17    0.00    0.08    0.00    0.00    0.00   94.62
15:05:55       0    7.00    0.00    1.00    0.00    0.00    0.00    0.00    0.00    0.00   92.00
15:05:55       1    1.00    0.00    0.00    0.00    0.00    0.00    0.00    0.00    0.00   99.00
15:05:55       2    6.00    0.00    1.00    1.00    0.00    0.00    0.00    0.00    0.00   92.00
15:05:55       3    1.00    0.00    0.00    0.00    0.00    0.00    0.00    0.00    0.00   99.00
15:05:55       4    3.06    0.00    0.00    0.00    0.00    0.00    0.00    0.00    0.00   96.94
15:05:55       5    0.00    0.00    0.00    0.00    0.00    0.00    0.00    0.00    0.00  100.00
15:05:55       6    3.03    0.00    0.00    0.00    0.00    0.00    0.00    0.00    0.00   96.97
15:05:55       7    0.00    0.00    0.00    0.00    0.00    0.00    0.00    0.00    0.00  100.00
15:05:55       8    2.02    0.00    0.00    0.00    0.00    0.00    0.00    0.00    0.00   97.98
15:05:55       9   44.90    0.00    3.06    0.00    0.00    0.00    0.00    0.00    0.00   52.04
15:05:55      10   10.20    0.00    0.00    0.00    0.00    0.00    0.00    0.00    0.00   89.80
15:05:55      11    0.00    0.00    0.00    0.00    0.00    1.00    0.00    0.00    0.00   99.00
15:05:55      12    5.00    0.00    1.00    1.00    0.00    0.00    0.00    0.00    0.00   93.00
15:05:55      13    0.00    0.00    0.00    0.00    0.00    0.00    0.00    0.00    0.00  100.00
15:05:55      14    5.10    0.00    0.00    0.00    0.00    0.00    0.00    0.00    0.00   94.90
15:05:55      15    0.00    0.00    0.00    0.00    0.00    1.02    0.00    0.00    0.00   98.98
15:05:55      16    5.10    0.00    0.00    0.00    0.00    0.00    0.00    0.00    0.00   94.90
15:05:55      17    2.02    0.00    2.02    0.00    0.00    0.00    0.00    0.00    0.00   95.96
15:05:55      18    2.02    0.00    0.00    1.01    0.00    0.00    0.00    0.00    0.00   96.97
15:05:55      19    1.01    0.00    0.00    0.00    0.00    0.00    0.00    0.00    0.00   98.99
15:05:55      20    3.00    0.00    0.00    1.00    0.00    0.00    0.00    0.00    0.00   96.00
15:05:55      21    2.00    0.00    1.00    0.00    0.00    0.00    0.00    0.00    0.00   97.00
15:05:55      22    4.04    0.00    1.01    0.00    0.00    0.00    0.00    0.00    0.00   94.95
15:05:55      23    4.00    0.00    2.00    0.00    0.00    0.00    0.00    0.00    0.00   94.00

15:05:55     CPU    %usr   %nice    %sys %iowait    %irq   %soft  %steal  %guest  %gnice   %idle
15:05:56     all    1.17    0.00    0.50    0.00    0.00    0.04    0.00    0.00    0.00   98.29
15:05:56       0    1.00    0.00    0.00    0.00    0.00    0.00    0.00    0.00    0.00   99.00
15:05:56       1    1.00    0.00    0.00    0.00    0.00    0.00    0.00    0.00    0.00   99.00
15:05:56       2    1.00    0.00    1.00    0.00    0.00    0.00    0.00    0.00    0.00   98.00
15:05:56       3    0.00    0.00    0.00    0.00    0.00    0.00    0.00    0.00    0.00  100.00
15:05:56       4    2.02    0.00    1.01    0.00    0.00    0.00    0.00    0.00    0.00   96.97
15:05:56       5    0.00    0.00    0.00    0.00    0.00    0.00    0.00    0.00    0.00  100.00
15:05:56       6    1.01    0.00    0.00    0.00    0.00    0.00    0.00    0.00    0.00   98.99
15:05:56       7    0.00    0.00    0.00    0.00    0.00    0.00    0.00    0.00    0.00  100.00
15:05:56       8    3.00    0.00    1.00    0.00    0.00    0.00    0.00    0.00    0.00   96.00
15:05:56       9    0.00    0.00    0.00    0.00    0.00    0.00    0.00    0.00    0.00  100.00
15:05:56      10    2.97    0.00    0.99    0.00    0.00    0.00    0.00    0.00    0.00   96.04
15:05:56      11    0.00    0.00    0.00    0.00    0.00    0.00    0.00    0.00    0.00  100.00
15:05:56      12    0.00    0.00    1.01    0.00    0.00    0.00    0.00    0.00    0.00   98.99
15:05:56      13    0.00    0.00    0.00    0.00    0.00    0.00    0.00    0.00    0.00  100.00
15:05:56      14    1.98    0.00    1.98    0.00    0.00    0.00    0.00    0.00    0.00   96.04
15:05:56      15    0.00    0.00    0.00    0.00    0.00    1.02    0.00    0.00    0.00   98.98
15:05:56      16    1.96    0.00    0.98    0.00    0.00    0.00    0.00    0.00    0.00   97.06
15:05:56      17    1.00    0.00    1.00    0.00    0.00    0.00    0.00    0.00    0.00   98.00
15:05:56      18    0.00    0.00    1.01    0.00    0.00    0.00    0.00    0.00    0.00   98.99
15:05:56      19    0.00    0.00    1.00    0.00    0.00    0.00    0.00    0.00    0.00   99.00
15:05:56      20    1.98    0.00    0.99    0.00    0.00    0.00    0.00    0.00    0.00   97.03
15:05:56      21    4.00    0.00    0.00    0.00    0.00    0.00    0.00    0.00    0.00   96.00
15:05:56      22    2.04    0.00    0.00    0.00    0.00    0.00    0.00    0.00    0.00   97.96
15:05:56      23    3.00    0.00    0.00    0.00    0.00    0.00    0.00    0.00    0.00   97.00

15:05:56     CPU    %usr   %nice    %sys %iowait    %irq   %soft  %steal  %guest  %gnice   %idle
15:05:57     all    1.09    0.00    0.29    0.08    0.00    0.00    0.00    0.00    0.00   98.54
15:05:57       0    0.00    0.00    1.01    0.00    0.00    0.00    0.00    0.00    0.00   98.99
15:05:57       1    0.00    0.00    0.00    0.00    0.00    0.00    0.00    0.00    0.00  100.00
15:05:57       2    1.01    0.00    0.00    0.00    0.00    0.00    0.00    0.00    0.00   98.99
15:05:57       3    0.00    0.00    0.00    0.00    0.00    0.00    0.00    0.00    0.00  100.00
15:05:57       4    2.00    0.00    1.00    0.00    0.00    0.00    0.00    0.00    0.00   97.00
15:05:57       5    0.00    0.00    0.00    0.00    0.00    0.00    0.00    0.00    0.00  100.00
15:05:57       6    1.00    0.00    0.00    0.00    0.00    0.00    0.00    0.00    0.00   99.00
15:05:57       7    0.00    0.00    0.00    0.00    0.00    0.00    0.00    0.00    0.00  100.00
15:05:57       8    1.01    0.00    0.00    0.00    0.00    0.00    0.00    0.00    0.00   98.99
15:05:57       9    0.00    0.00    0.00    0.00    0.00    0.00    0.00    0.00    0.00  100.00
15:05:57      10    4.04    0.00    1.01    0.00    0.00    0.00    0.00    0.00    0.00   94.95
15:05:57      11    0.00    0.00    0.00    0.00    0.00    0.00    0.00    0.00    0.00  100.00
15:05:57      12    1.01    0.00    1.01    0.00    0.00    0.00    0.00    0.00    0.00   97.98
15:05:57      13    0.00    0.00    0.00    0.99    0.00    0.00    0.00    0.00    0.00   99.01
15:05:57      14    0.00    0.00    0.00    0.00    0.00    0.00    0.00    0.00    0.00  100.00
15:05:57      15    1.01    0.00    0.00    0.00    0.00    0.00    0.00    0.00    0.00   98.99
15:05:57      16    1.01    0.00    0.00    0.00    0.00    0.00    0.00    0.00    0.00   98.99
15:05:57      17    2.02    0.00    0.00    0.00    0.00    0.00    0.00    0.00    0.00   97.98
15:05:57      18    2.97    0.00    0.99    0.00    0.00    0.00    0.00    0.00    0.00   96.04
15:05:57      19    2.97    0.00    0.00    0.00    0.00    0.00    0.00    0.00    0.00   97.03
15:05:57      20    2.02    0.00    0.00    0.00    0.00    0.00    0.00    0.00    0.00   97.98
15:05:57      21    2.02    0.00    1.01    0.00    0.00    0.00    0.00    0.00    0.00   96.97
15:05:57      22    1.01    0.00    0.00    1.01    0.00    0.00    0.00    0.00    0.00   97.98
15:05:57      23    1.00    0.00    1.00    0.00    0.00    0.00    0.00    0.00    0.00   98.00

15:05:57     CPU    %usr   %nice    %sys %iowait    %irq   %soft  %steal  %guest  %gnice   %idle
15:05:58     all    1.17    0.00    0.42    0.00    0.00    0.04    0.00    0.00    0.00   98.37
15:05:58       0    2.02    0.00    0.00    0.00    0.00    0.00    0.00    0.00    0.00   97.98
15:05:58       1    0.00    0.00    0.00    0.00    0.00    0.00    0.00    0.00    0.00  100.00
15:05:58       2    1.00    0.00    0.00    0.00    0.00    0.00    0.00    0.00    0.00   99.00
15:05:58       3    0.00    0.00    0.00    0.00    0.00    0.00    0.00    0.00    0.00  100.00
15:05:58       4    0.99    0.00    0.99    0.00    0.00    0.00    0.00    0.00    0.00   98.02
15:05:58       5    0.00    0.00    0.00    0.00    0.00    0.00    0.00    0.00    0.00  100.00
15:05:58       6    2.00    0.00    0.00    0.00    0.00    0.00    0.00    0.00    0.00   98.00
15:05:58       7    0.00    0.00    0.00    0.00    0.00    0.00    0.00    0.00    0.00  100.00
15:05:58       8    6.00    0.00    1.00    0.00    0.00    0.00    0.00    0.00    0.00   93.00
15:05:58       9    0.00    0.00    0.00    0.00    0.00    0.00    0.00    0.00    0.00  100.00
15:05:58      10    5.05    0.00    1.01    0.00    0.00    0.00    0.00    0.00    0.00   93.94
15:05:58      11    0.00    0.00    0.00    0.00    0.00    0.00    0.00    0.00    0.00  100.00
15:05:58      12    1.00    0.00    1.00    0.00    0.00    0.00    0.00    0.00    0.00   98.00
15:05:58      13    0.00    0.00    0.00    0.00    0.00    0.00    0.00    0.00    0.00  100.00
15:05:58      14    1.00    0.00    1.00    0.00    0.00    0.00    0.00    0.00    0.00   98.00
15:05:58      15    0.00    0.00    1.01    0.00    0.00    1.01    0.00    0.00    0.00   97.98
15:05:58      16    1.01    0.00    0.00    0.00    0.00    0.00    0.00    0.00    0.00   98.99
15:05:58      17    2.00    0.00    2.00    0.00    0.00    0.00    0.00    0.00    0.00   96.00
15:05:58      18    1.01    0.00    0.00    0.00    0.00    0.00    0.00    0.00    0.00   98.99
15:05:58      19    1.01    0.00    0.00    0.00    0.00    0.00    0.00    0.00    0.00   98.99
15:05:58      20    1.98    0.00    0.99    0.00    0.00    0.00    0.00    0.00    0.00   97.03
15:05:58      21    0.00    0.00    0.00    0.00    0.00    0.00    0.00    0.00    0.00  100.00
15:05:58      22    1.00    0.00    0.00    0.00    0.00    0.00    0.00    0.00    0.00   99.00
15:05:58      23    1.00    0.00    1.00    0.00    0.00    0.00    0.00    0.00    0.00   98.00

15:05:58     CPU    %usr   %nice    %sys %iowait    %irq   %soft  %steal  %guest  %gnice   %idle
15:05:59     all    1.05    0.00    0.33    0.00    0.00    0.08    0.00    0.00    0.00   98.54
15:05:59       0    2.02    0.00    1.01    0.00    0.00    0.00    0.00    0.00    0.00   96.97
15:05:59       1    0.00    0.00    0.00    0.00    0.00    0.00    0.00    0.00    0.00  100.00
15:05:59       2    1.01    0.00    0.00    0.00    0.00    0.00    0.00    0.00    0.00   98.99
15:05:59       3    0.00    0.00    0.00    0.00    0.00    0.00    0.00    0.00    0.00  100.00
15:05:59       4    1.02    0.00    1.02    0.00    0.00    0.00    0.00    0.00    0.00   97.96
15:05:59       5    0.00    0.00    0.00    0.00    0.00    0.00    0.00    0.00    0.00  100.00
15:05:59       6    1.00    0.00    0.00    0.00    0.00    0.00    0.00    0.00    0.00   99.00
15:05:59       7    0.00    0.00    0.00    0.00    0.00    0.00    0.00    0.00    0.00  100.00
15:05:59       8    4.04    0.00    1.01    0.00    0.00    0.00    0.00    0.00    0.00   94.95
15:05:59       9    0.00    0.00    0.00    0.00    0.00    0.00    0.00    0.00    0.00  100.00
15:05:59      10    3.03    0.00    1.01    0.00    0.00    0.00    0.00    0.00    0.00   95.96
15:05:59      11    0.00    0.00    0.00    0.00    0.00    0.00    0.00    0.00    0.00  100.00
15:05:59      12    2.00    0.00    0.00    0.00    0.00    0.00    0.00    0.00    0.00   98.00
15:05:59      13    0.00    0.00    0.00    0.00    0.00    0.00    0.00    0.00    0.00  100.00
15:05:59      14    1.01    0.00    0.00    0.00    0.00    0.00    0.00    0.00    0.00   98.99
15:05:59      15    0.00    0.00    0.00    0.00    0.00    2.02    0.00    0.00    0.00   97.98
15:05:59      16    1.00    0.00    1.00    0.00    0.00    0.00    0.00    0.00    0.00   98.00
15:05:59      17    2.00    0.00    0.00    0.00    0.00    0.00    0.00    0.00    0.00   98.00
15:05:59      18    1.00    0.00    1.00    0.00    0.00    0.00    0.00    0.00    0.00   98.00
15:05:59      19    0.00    0.00    0.00    0.00    0.00    0.00    0.00    0.00    0.00  100.00
15:05:59      20    1.01    0.00    1.01    0.00    0.00    0.00    0.00    0.00    0.00   97.98
15:05:59      21    1.00    0.00    0.00    0.00    0.00    0.00    0.00    0.00    0.00   99.00
15:05:59      22    2.02    0.00    1.01    0.00    0.00    0.00    0.00    0.00    0.00   96.97
15:05:59      23    2.00    0.00    0.00    0.00    0.00    0.00    0.00    0.00    0.00   98.00

15:05:59     CPU    %usr   %nice    %sys %iowait    %irq   %soft  %steal  %guest  %gnice   %idle
15:06:00     all    1.09    0.00    0.42    0.00    0.00    0.04    0.00    0.00    0.00   98.45
15:06:00       0    1.00    0.00    0.00    0.00    0.00    0.00    0.00    0.00    0.00   99.00
15:06:00       1    0.00    0.00    0.00    0.00    0.00    0.00    0.00    0.00    0.00  100.00
15:06:00       2    1.00    0.00    0.00    0.00    0.00    0.00    0.00    0.00    0.00   99.00
15:06:00       3    0.00    0.00    0.00    0.00    0.00    0.00    0.00    0.00    0.00  100.00
15:06:00       4    2.00    0.00    0.00    0.00    0.00    0.00    0.00    0.00    0.00   98.00
15:06:00       5    0.00    0.00    0.00    0.00    0.00    0.00    0.00    0.00    0.00  100.00
15:06:00       6    1.01    0.00    0.00    0.00    0.00    0.00    0.00    0.00    0.00   98.99
15:06:00       7    0.00    0.00    0.00    0.00    0.00    0.00    0.00    0.00    0.00  100.00
15:06:00       8    2.02    0.00    1.01    0.00    0.00    0.00    0.00    0.00    0.00   96.97
15:06:00       9    0.00    0.00    0.00    0.00    0.00    0.00    0.00    0.00    0.00  100.00
15:06:00      10    6.00    0.00    2.00    0.00    0.00    0.00    0.00    0.00    0.00   92.00
15:06:00      11    0.00    0.00    0.00    0.00    0.00    0.00    0.00    0.00    0.00  100.00
15:06:00      12    1.01    0.00    1.01    0.00    0.00    0.00    0.00    0.00    0.00   97.98
15:06:00      13    0.00    0.00    0.00    0.00    0.00    0.00    0.00    0.00    0.00  100.00
15:06:00      14    1.98    0.00    0.99    0.00    0.00    0.00    0.00    0.00    0.00   97.03
15:06:00      15    0.00    0.00    1.01    0.00    0.00    1.01    0.00    0.00    0.00   97.98
15:06:00      16    2.00    0.00    1.00    0.00    0.00    0.00    0.00    0.00    0.00   97.00
15:06:00      17    0.00    0.00    0.00    0.00    0.00    0.00    0.00    0.00    0.00  100.00
15:06:00      18    1.00    0.00    0.00    0.00    0.00    0.00    0.00    0.00    0.00   99.00
15:06:00      19    0.00    0.00    0.00    0.00    0.00    0.00    0.00    0.00    0.00  100.00
15:06:00      20    1.98    0.00    0.99    0.00    0.00    0.00    0.00    0.00    0.00   97.03
15:06:00      21    1.00    0.00    0.00    0.00    0.00    0.00    0.00    0.00    0.00   99.00
15:06:00      22    2.02    0.00    1.01    0.00    0.00    0.00    0.00    0.00    0.00   96.97
15:06:00      23    2.00    0.00    1.00    0.00    0.00    0.00    0.00    0.00    0.00   97.00

15:06:00     CPU    %usr   %nice    %sys %iowait    %irq   %soft  %steal  %guest  %gnice   %idle
15:06:01     all    1.09    0.00    0.33    0.13    0.00    0.08    0.00    0.00    0.00   98.37
15:06:01       0    0.00    0.00    0.00    0.00    0.00    0.00    0.00    0.00    0.00  100.00
15:06:01       1    0.00    0.00    0.00    0.00    0.00    0.00    0.00    0.00    0.00  100.00
15:06:01       2    1.00    0.00    1.00    0.00    0.00    0.00    0.00    0.00    0.00   98.00
15:06:01       3    0.00    0.00    0.00    0.00    0.00    0.00    0.00    0.00    0.00  100.00
15:06:01       4    1.01    0.00    0.00    0.00    0.00    0.00    0.00    0.00    0.00   98.99
15:06:01       5    0.00    0.00    0.00    0.00    0.00    0.00    0.00    0.00    0.00  100.00
15:06:01       6    1.00    0.00    1.00    0.00    0.00    0.00    0.00    0.00    0.00   98.00
15:06:01       7    0.00    0.00    0.00    0.00    0.00    0.00    0.00    0.00    0.00  100.00
15:06:01       8    3.96    0.00    2.97    0.99    0.00    0.00    0.00    0.00    0.00   92.08
15:06:01       9    0.00    0.00    0.00    0.00    0.00    0.00    0.00    0.00    0.00  100.00
15:06:01      10    4.00    0.00    0.00    0.00    0.00    1.00    0.00    0.00    0.00   95.00
15:06:01      11    0.00    0.00    0.00    0.00    0.00    0.00    0.00    0.00    0.00  100.00
15:06:01      12    3.00    0.00    0.00    0.00    0.00    0.00    0.00    0.00    0.00   97.00
15:06:01      13    0.00    0.00    0.00    0.00    0.00    0.00    0.00    0.00    0.00  100.00
15:06:01      14    2.02    0.00    0.00    0.00    0.00    0.00    0.00    0.00    0.00   97.98
15:06:01      15    1.01    0.00    0.00    0.00    0.00    1.01    0.00    0.00    0.00   97.98
15:06:01      16    0.00    0.00    0.00    1.01    0.00    0.00    0.00    0.00    0.00   98.99
15:06:01      17    0.99    0.00    0.99    0.00    0.00    0.00    0.00    0.00    0.00   98.02
15:06:01      18    1.00    0.00    0.00    1.00    0.00    0.00    0.00    0.00    0.00   98.00
15:06:01      19    1.00    0.00    0.00    0.00    0.00    0.00    0.00    0.00    0.00   99.00
15:06:01      20    1.00    0.00    1.00    0.00    0.00    0.00    0.00    0.00    0.00   98.00
15:06:01      21    1.00    0.00    0.00    0.00    0.00    0.00    0.00    0.00    0.00   99.00
15:06:01      22    2.02    0.00    0.00    0.00    0.00    0.00    0.00    0.00    0.00   97.98
15:06:01      23    2.00    0.00    1.00    0.00    0.00    0.00    0.00    0.00    0.00   97.00

15:06:01     CPU    %usr   %nice    %sys %iowait    %irq   %soft  %steal  %guest  %gnice   %idle
15:06:02     all    1.04    0.00    0.33    0.00    0.00    0.08    0.00    0.00    0.00   98.54
15:06:02       0    1.00    0.00    0.00    0.00    0.00    0.00    0.00    0.00    0.00   99.00
15:06:02       1    0.00    0.00    1.00    0.00    0.00    0.00    0.00    0.00    0.00   99.00
15:06:02       2    0.00    0.00    0.00    0.00    0.00    0.00    0.00    0.00    0.00  100.00
15:06:02       3    0.00    0.00    0.00    0.00    0.00    0.00    0.00    0.00    0.00  100.00
15:06:02       4    1.00    0.00    1.00    0.00    0.00    0.00    0.00    0.00    0.00   98.00
15:06:02       5    0.00    0.00    0.00    0.00    0.00    0.00    0.00    0.00    0.00  100.00
15:06:02       6    1.00    0.00    0.00    0.00    0.00    0.00    0.00    0.00    0.00   99.00
15:06:02       7    0.00    0.00    0.00    0.00    0.00    0.00    0.00    0.00    0.00  100.00
15:06:02       8    4.00    0.00    2.00    0.00    0.00    0.00    0.00    0.00    0.00   94.00
15:06:02       9    0.00    0.00    0.00    0.00    0.00    0.00    0.00    0.00    0.00  100.00
15:06:02      10    3.03    0.00    1.01    0.00    0.00    0.00    0.00    0.00    0.00   95.96
15:06:02      11    0.00    0.00    0.00    0.00    0.00    0.00    0.00    0.00    0.00  100.00
15:06:02      12    2.00    0.00    1.00    0.00    0.00    0.00    0.00    0.00    0.00   97.00
15:06:02      13    0.00    0.00    0.00    0.00    0.00    0.00    0.00    0.00    0.00  100.00
15:06:02      14    1.01    0.00    0.00    0.00    0.00    0.00    0.00    0.00    0.00   98.99
15:06:02      15    0.00    0.00    0.00    0.00    0.00    2.02    0.00    0.00    0.00   97.98
15:06:02      16    0.99    0.00    0.99    0.00    0.00    0.00    0.00    0.00    0.00   98.02
15:06:02      17    0.00    0.00    0.00    0.00    0.00    0.00    0.00    0.00    0.00  100.00
15:06:02      18    0.00    0.00    0.00    0.00    0.00    0.00    0.00    0.00    0.00  100.00
15:06:02      19    0.00    0.00    0.00    0.00    0.00    0.00    0.00    0.00    0.00  100.00
15:06:02      20    2.02    0.00    0.00    0.00    0.00    0.00    0.00    0.00    0.00   97.98
15:06:02      21    3.00    0.00    1.00    0.00    0.00    0.00    0.00    0.00    0.00   96.00
15:06:02      22    3.03    0.00    0.00    0.00    0.00    0.00    0.00    0.00    0.00   96.97
15:06:02      23    3.00    0.00    0.00    0.00    0.00    0.00    0.00    0.00    0.00   97.00

15:06:02     CPU    %usr   %nice    %sys %iowait    %irq   %soft  %steal  %guest  %gnice   %idle
15:06:03     all    1.09    0.00    0.42    0.00    0.00    0.04    0.00    0.00    0.00   98.45
15:06:03       0    0.00    0.00    0.99    0.00    0.00    0.00    0.00    0.00    0.00   99.01
15:06:03       1    1.00    0.00    0.00    0.00    0.00    0.00    0.00    0.00    0.00   99.00
15:06:03       2    1.01    0.00    1.01    0.00    0.00    0.00    0.00    0.00    0.00   97.98
15:06:03       3    0.00    0.00    0.00    0.00    0.00    0.00    0.00    0.00    0.00  100.00
15:06:03       4    1.01    0.00    0.00    0.00    0.00    0.00    0.00    0.00    0.00   98.99
15:06:03       5    0.00    0.00    0.00    0.00    0.00    0.00    0.00    0.00    0.00  100.00
15:06:03       6    1.00    0.00    1.00    0.00    0.00    0.00    0.00    0.00    0.00   98.00
15:06:03       7    0.00    0.00    0.00    0.00    0.00    0.00    0.00    0.00    0.00  100.00
15:06:03       8    4.04    0.00    1.01    0.00    0.00    0.00    0.00    0.00    0.00   94.95
15:06:03       9    0.00    0.00    0.00    0.00    0.00    0.00    0.00    0.00    0.00  100.00
15:06:03      10    6.00    0.00    1.00    0.00    0.00    0.00    0.00    0.00    0.00   93.00
15:06:03      11    0.00    0.00    0.00    0.00    0.00    0.00    0.00    0.00    0.00  100.00
15:06:03      12    1.01    0.00    1.01    0.00    0.00    0.00    0.00    0.00    0.00   97.98
15:06:03      13    0.00    0.00    0.00    0.00    0.00    0.00    0.00    0.00    0.00  100.00
15:06:03      14    1.00    0.00    0.00    0.00    0.00    0.00    0.00    0.00    0.00   99.00
15:06:03      15    0.00    0.00    0.00    0.00    0.00    1.03    0.00    0.00    0.00   98.97
15:06:03      16    1.00    0.00    1.00    0.00    0.00    0.00    0.00    0.00    0.00   98.00
15:06:03      17    1.00    0.00    1.00    0.00    0.00    0.00    0.00    0.00    0.00   98.00
15:06:03      18    0.00    0.00    0.00    0.00    0.00    0.00    0.00    0.00    0.00  100.00
15:06:03      19    0.00    0.00    0.00    0.00    0.00    0.00    0.00    0.00    0.00  100.00
15:06:03      20    1.00    0.00    1.00    0.00    0.00    0.00    0.00    0.00    0.00   98.00
15:06:03      21    3.00    0.00    0.00    0.00    0.00    0.00    0.00    0.00    0.00   97.00
15:06:03      22    3.00    0.00    1.00    0.00    0.00    0.00    0.00    0.00    0.00   96.00
15:06:03      23    1.00    0.00    0.00    0.00    0.00    0.00    0.00    0.00    0.00   99.00

15:06:03     CPU    %usr   %nice    %sys %iowait    %irq   %soft  %steal  %guest  %gnice   %idle
15:06:04     all    1.51    0.00    0.54    0.00    0.00    0.04    0.00    0.00    0.00   97.91
15:06:04       0    0.00    0.00    0.00    0.00    0.00    0.00    0.00    0.00    0.00  100.00
15:06:04       1    0.00    0.00    0.00    0.00    0.00    0.00    0.00    0.00    0.00  100.00
15:06:04       2    1.00    0.00    0.00    0.00    0.00    0.00    0.00    0.00    0.00   99.00
15:06:04       3    0.00    0.00    0.00    0.00    0.00    0.00    0.00    0.00    0.00  100.00
15:06:04       4    1.01    0.00    1.01    0.00    0.00    0.00    0.00    0.00    0.00   97.98
15:06:04       5    0.00    0.00    0.00    0.00    0.00    0.00    0.00    0.00    0.00  100.00
15:06:04       6    2.00    0.00    0.00    0.00    0.00    0.00    0.00    0.00    0.00   98.00
15:06:04       7    0.00    0.00    0.00    0.00    0.00    0.00    0.00    0.00    0.00  100.00
15:06:04       8    9.09    0.00    2.02    0.00    0.00    0.00    0.00    0.00    0.00   88.89
15:06:04       9    0.00    0.00    0.00    0.00    0.00    0.00    0.00    0.00    0.00  100.00
15:06:04      10    4.04    0.00    4.04    0.00    0.00    0.00    0.00    0.00    0.00   91.92
15:06:04      11    0.99    0.00    0.00    0.00    0.00    0.00    0.00    0.00    0.00   99.01
15:06:04      12    3.00    0.00    1.00    0.00    0.00    0.00    0.00    0.00    0.00   96.00
15:06:04      13    0.00    0.00    0.00    0.00    0.00    0.00    0.00    0.00    0.00  100.00
15:06:04      14    2.00    0.00    2.00    0.00    0.00    0.00    0.00    0.00    0.00   96.00
15:06:04      15    1.01    0.00    0.00    0.00    0.00    1.01    0.00    0.00    0.00   97.98
15:06:04      16    2.02    0.00    1.01    0.00    0.00    0.00    0.00    0.00    0.00   96.97
15:06:04      17    1.02    0.00    0.00    0.00    0.00    0.00    0.00    0.00    0.00   98.98
15:06:04      18    1.00    0.00    1.00    0.00    0.00    0.00    0.00    0.00    0.00   98.00
15:06:04      19    0.00    0.00    0.99    0.00    0.00    0.00    0.00    0.00    0.00   99.01
15:06:04      20    2.02    0.00    0.00    0.00    0.00    0.00    0.00    0.00    0.00   97.98
15:06:04      21    2.00    0.00    0.00    0.00    0.00    0.00    0.00    0.00    0.00   98.00
15:06:04      22    2.04    0.00    0.00    0.00    0.00    0.00    0.00    0.00    0.00   97.96
15:06:04      23    2.00    0.00    0.00    0.00    0.00    0.00    0.00    0.00    0.00   98.00

15:06:04     CPU    %usr   %nice    %sys %iowait    %irq   %soft  %steal  %guest  %gnice   %idle
15:06:05     all    1.13    0.00    0.33    0.08    0.00    0.04    0.00    0.00    0.00   98.41
15:06:05       0    2.00    0.00    0.00    0.00    0.00    0.00    0.00    0.00    0.00   98.00
15:06:05       1    0.00    0.00    0.00    0.00    0.00    0.00    0.00    0.00    0.00  100.00
15:06:05       2    1.01    0.00    0.00    0.00    0.00    0.00    0.00    0.00    0.00   98.99
15:06:05       3    0.00    0.00    0.00    0.00    0.00    0.00    0.00    0.00    0.00  100.00
15:06:05       4    2.02    0.00    0.00    0.00    0.00    0.00    0.00    0.00    0.00   97.98
15:06:05       5    0.00    0.00    0.00    0.00    0.00    0.00    0.00    0.00    0.00  100.00
15:06:05       6    2.02    0.00    0.00    0.00    0.00    0.00    0.00    0.00    0.00   97.98
15:06:05       7    0.00    0.00    0.00    0.00    0.00    0.00    0.00    0.00    0.00  100.00
15:06:05       8    4.95    0.00    1.98    0.00    0.00    0.00    0.00    0.00    0.00   93.07
15:06:05       9    0.00    0.00    0.00    0.00    0.00    0.00    0.00    0.00    0.00  100.00
15:06:05      10    4.00    0.00    1.00    0.00    0.00    0.00    0.00    0.00    0.00   95.00
15:06:05      11    0.00    0.00    0.00    0.00    0.00    0.00    0.00    0.00    0.00  100.00
15:06:05      12    4.00    0.00    0.00    0.00    0.00    0.00    0.00    0.00    0.00   96.00
15:06:05      13    0.00    0.00    0.00    0.00    0.00    0.00    0.00    0.00    0.00  100.00
15:06:05      14    1.00    0.00    1.00    0.00    0.00    0.00    0.00    0.00    0.00   98.00
15:06:05      15    0.00    0.00    1.01    0.00    0.00    1.01    0.00    0.00    0.00   97.98
15:06:05      16    1.02    0.00    0.00    0.00    0.00    0.00    0.00    0.00    0.00   98.98
15:06:05      17    1.00    0.00    1.00    0.00    0.00    0.00    0.00    0.00    0.00   98.00
15:06:05      18    1.98    0.00    0.99    0.00    0.00    0.00    0.00    0.00    0.00   97.03
15:06:05      19    0.00    0.00    0.00    0.00    0.00    0.00    0.00    0.00    0.00  100.00
15:06:05      20    0.99    0.00    0.99    0.99    0.00    0.00    0.00    0.00    0.00   97.03
15:06:05      21    0.00    0.00    0.00    1.00    0.00    0.00    0.00    0.00    0.00   99.00
15:06:05      22    0.00    0.00    0.00    0.00    0.00    0.00    0.00    0.00    0.00  100.00
15:06:05      23    1.00    0.00    0.00    0.00    0.00    0.00    0.00    0.00    0.00   99.00

15:06:05     CPU    %usr   %nice    %sys %iowait    %irq   %soft  %steal  %guest  %gnice   %idle
15:06:06     all    0.96    0.00    0.42    0.00    0.00    0.04    0.00    0.00    0.00   98.58
15:06:06       0    0.00    0.00    0.00    0.00    0.00    0.00    0.00    0.00    0.00  100.00
15:06:06       1    0.00    0.00    0.00    0.00    0.00    0.00    0.00    0.00    0.00  100.00
15:06:06       2    2.02    0.00    0.00    0.00    0.00    0.00    0.00    0.00    0.00   97.98
15:06:06       3    0.00    0.00    0.00    0.00    0.00    0.00    0.00    0.00    0.00  100.00
15:06:06       4    1.98    0.00    0.99    0.00    0.00    0.00    0.00    0.00    0.00   97.03
15:06:06       5    0.00    0.00    0.00    0.00    0.00    0.00    0.00    0.00    0.00  100.00
15:06:06       6    0.00    0.00    0.00    0.00    0.00    0.00    0.00    0.00    0.00  100.00
15:06:06       7    0.00    0.00    0.00    0.00    0.00    0.00    0.00    0.00    0.00  100.00
15:06:06       8    5.10    0.00    1.02    0.00    0.00    0.00    0.00    0.00    0.00   93.88
15:06:06       9    0.00    0.00    0.00    0.00    0.00    0.00    0.00    0.00    0.00  100.00
15:06:06      10    1.01    0.00    1.01    0.00    0.00    0.00    0.00    0.00    0.00   97.98
15:06:06      11    0.00    0.00    0.00    0.00    0.00    0.00    0.00    0.00    0.00  100.00
15:06:06      12    2.00    0.00    1.00    0.00    0.00    0.00    0.00    0.00    0.00   97.00
15:06:06      13    0.00    0.00    0.00    0.00    0.00    0.00    0.00    0.00    0.00  100.00
15:06:06      14    2.02    0.00    2.02    0.00    0.00    0.00    0.00    0.00    0.00   95.96
15:06:06      15    0.00    0.00    0.00    0.00    0.00    1.02    0.00    0.00    0.00   98.98
15:06:06      16    2.02    0.00    0.00    0.00    0.00    0.00    0.00    0.00    0.00   97.98
15:06:06      17    2.00    0.00    0.00    0.00    0.00    0.00    0.00    0.00    0.00   98.00
15:06:06      18    1.01    0.00    0.00    0.00    0.00    0.00    0.00    0.00    0.00   98.99
15:06:06      19    1.00    0.00    0.00    0.00    0.00    0.00    0.00    0.00    0.00   99.00
15:06:06      20    1.00    0.00    1.00    0.00    0.00    0.00    0.00    0.00    0.00   98.00
15:06:06      21    0.00    0.00    1.00    0.00    0.00    0.00    0.00    0.00    0.00   99.00
15:06:06      22    1.02    0.00    0.00    0.00    0.00    0.00    0.00    0.00    0.00   98.98
15:06:06      23    0.99    0.00    1.98    0.00    0.00    0.00    0.00    0.00    0.00   97.03

15:06:06     CPU    %usr   %nice    %sys %iowait    %irq   %soft  %steal  %guest  %gnice   %idle
15:06:07     all    1.17    0.00    0.38    0.00    0.00    0.00    0.00    0.00    0.00   98.45
15:06:07       0    1.00    0.00    0.00    0.00    0.00    0.00    0.00    0.00    0.00   99.00
15:06:07       1    0.00    0.00    0.00    0.00    0.00    0.00    0.00    0.00    0.00  100.00
15:06:07       2    3.00    0.00    0.00    0.00    0.00    0.00    0.00    0.00    0.00   97.00
15:06:07       3    0.00    0.00    0.00    0.00    0.00    0.00    0.00    0.00    0.00  100.00
15:06:07       4    2.00    0.00    1.00    0.00    0.00    0.00    0.00    0.00    0.00   97.00
15:06:07       5    0.00    0.00    0.00    0.00    0.00    0.00    0.00    0.00    0.00  100.00
15:06:07       6    1.00    0.00    1.00    0.00    0.00    0.00    0.00    0.00    0.00   98.00
15:06:07       7    0.00    0.00    0.00    0.00    0.00    0.00    0.00    0.00    0.00  100.00
15:06:07       8    3.00    0.00    1.00    0.00    0.00    0.00    0.00    0.00    0.00   96.00
15:06:07       9    0.00    0.00    0.00    0.00    0.00    0.00    0.00    0.00    0.00  100.00
15:06:07      10    3.03    0.00    1.01    0.00    0.00    0.00    0.00    0.00    0.00   95.96
15:06:07      11    0.00    0.00    0.00    0.00    0.00    0.00    0.00    0.00    0.00  100.00
15:06:07      12    3.00    0.00    0.00    0.00    0.00    0.00    0.00    0.00    0.00   97.00
15:06:07      13    0.00    0.00    0.00    0.00    0.00    0.00    0.00    0.00    0.00  100.00
15:06:07      14    0.00    0.00    0.00    0.00    0.00    0.00    0.00    0.00    0.00  100.00
15:06:07      15    0.00    0.00    1.02    0.00    0.00    0.00    0.00    0.00    0.00   98.98
15:06:07      16    2.02    0.00    1.01    0.00    0.00    0.00    0.00    0.00    0.00   96.97
15:06:07      17    1.00    0.00    1.00    0.00    0.00    0.00    0.00    0.00    0.00   98.00
15:06:07      18    1.01    0.00    1.01    0.00    0.00    0.00    0.00    0.00    0.00   97.98
15:06:07      19    1.00    0.00    0.00    0.00    0.00    0.00    0.00    0.00    0.00   99.00
15:06:07      20    1.01    0.00    0.00    0.00    0.00    0.00    0.00    0.00    0.00   98.99
15:06:07      21    1.00    0.00    0.00    0.00    0.00    0.00    0.00    0.00    0.00   99.00
15:06:07      22    3.00    0.00    1.00    0.00    0.00    0.00    0.00    0.00    0.00   96.00
15:06:07      23    2.02    0.00    0.00    0.00    0.00    0.00    0.00    0.00    0.00   97.98

15:06:07     CPU    %usr   %nice    %sys %iowait    %irq   %soft  %steal  %guest  %gnice   %idle
15:06:08     all    1.00    0.00    0.38    0.00    0.00    0.04    0.00    0.00    0.00   98.58
15:06:08       0    2.02    0.00    2.02    0.00    0.00    0.00    0.00    0.00    0.00   95.96
15:06:08       1    0.00    0.00    0.00    0.00    0.00    0.00    0.00    0.00    0.00  100.00
15:06:08       2    1.00    0.00    0.00    0.00    0.00    0.00    0.00    0.00    0.00   99.00
15:06:08       3    0.00    0.00    0.00    0.00    0.00    0.00    0.00    0.00    0.00  100.00
15:06:08       4    2.00    0.00    0.00    0.00    0.00    0.00    0.00    0.00    0.00   98.00
15:06:08       5    0.00    0.00    0.00    0.00    0.00    0.00    0.00    0.00    0.00  100.00
15:06:08       6    1.00    0.00    1.00    0.00    0.00    0.00    0.00    0.00    0.00   98.00
15:06:08       7    0.00    0.00    0.00    0.00    0.00    0.00    0.00    0.00    0.00  100.00
15:06:08       8    3.96    0.00    0.99    0.00    0.00    0.00    0.00    0.00    0.00   95.05
15:06:08       9    0.00    0.00    0.00    0.00    0.00    0.00    0.00    0.00    0.00  100.00
15:06:08      10    4.00    0.00    1.00    0.00    0.00    0.00    0.00    0.00    0.00   95.00
15:06:08      11    0.00    0.00    0.00    0.00    0.00    0.00    0.00    0.00    0.00  100.00
15:06:08      12    2.00    0.00    1.00    0.00    0.00    0.00    0.00    0.00    0.00   97.00
15:06:08      13    0.00    0.00    0.00    0.00    0.00    0.00    0.00    0.00    0.00  100.00
15:06:08      14    2.00    0.00    0.00    0.00    0.00    0.00    0.00    0.00    0.00   98.00
15:06:08      15    0.00    0.00    0.00    0.00    0.00    1.02    0.00    0.00    0.00   98.98
15:06:08      16    0.00    0.00    1.01    0.00    0.00    0.00    0.00    0.00    0.00   98.99
15:06:08      17    1.01    0.00    0.00    0.00    0.00    0.00    0.00    0.00    0.00   98.99
15:06:08      18    1.00    0.00    0.00    0.00    0.00    0.00    0.00    0.00    0.00   99.00
15:06:08      19    0.00    0.00    0.00    0.00    0.00    0.00    0.00    0.00    0.00  100.00
15:06:08      20    1.00    0.00    0.00    0.00    0.00    0.00    0.00    0.00    0.00   99.00
15:06:08      21    0.99    0.00    0.00    0.00    0.00    0.00    0.00    0.00    0.00   99.01
15:06:08      22    1.01    0.00    1.01    0.00    0.00    0.00    0.00    0.00    0.00   97.98
15:06:08      23    0.99    0.00    0.99    0.00    0.00    0.00    0.00    0.00    0.00   98.02

15:06:08     CPU    %usr   %nice    %sys %iowait    %irq   %soft  %steal  %guest  %gnice   %idle
15:06:09     all    1.25    0.00    0.42    0.00    0.00    0.08    0.00    0.00    0.00   98.25
15:06:09       0    2.00    0.00    1.00    0.00    0.00    0.00    0.00    0.00    0.00   97.00
15:06:09       1    0.00    0.00    0.00    0.00    0.00    0.00    0.00    0.00    0.00  100.00
15:06:09       2    0.00    0.00    0.00    0.00    0.00    0.00    0.00    0.00    0.00  100.00
15:06:09       3    0.00    0.00    0.00    0.00    0.00    0.00    0.00    0.00    0.00  100.00
15:06:09       4    1.02    0.00    0.00    0.00    0.00    0.00    0.00    0.00    0.00   98.98
15:06:09       5    0.00    0.00    0.00    0.00    0.00    0.00    0.00    0.00    0.00  100.00
15:06:09       6    1.98    0.00    0.00    0.00    0.00    0.00    0.00    0.00    0.00   98.02
15:06:09       7    0.00    0.00    0.00    0.00    0.00    0.00    0.00    0.00    0.00  100.00
15:06:09       8    2.00    0.00    2.00    0.00    0.00    0.00    0.00    0.00    0.00   96.00
15:06:09       9    0.00    0.00    0.00    0.00    0.00    0.00    0.00    0.00    0.00  100.00
15:06:09      10    7.00    0.00    1.00    0.00    0.00    0.00    0.00    0.00    0.00   92.00
15:06:09      11    0.00    0.00    0.00    0.00    0.00    0.00    0.00    0.00    0.00  100.00
15:06:09      12    3.00    0.00    1.00    0.00    0.00    0.00    0.00    0.00    0.00   96.00
15:06:09      13    0.00    0.00    0.00    0.00    0.00    0.00    0.00    0.00    0.00  100.00
15:06:09      14    3.00    0.00    0.00    0.00    0.00    0.00    0.00    0.00    0.00   97.00
15:06:09      15    0.00    0.00    0.00    0.00    0.00    2.04    0.00    0.00    0.00   97.96
15:06:09      16    1.01    0.00    0.00    0.00    0.00    0.00    0.00    0.00    0.00   98.99
15:06:09      17    1.98    0.00    0.99    0.00    0.00    0.00    0.00    0.00    0.00   97.03
15:06:09      18    1.01    0.00    1.01    0.00    0.00    0.00    0.00    0.00    0.00   97.98
15:06:09      19    0.00    0.00    1.00    0.00    0.00    0.00    0.00    0.00    0.00   99.00
15:06:09      20    1.96    0.00    0.98    0.00    0.00    0.00    0.00    0.00    0.00   97.06
15:06:09      21    1.02    0.00    0.00    0.00    0.00    0.00    0.00    0.00    0.00   98.98
15:06:09      22    2.04    0.00    0.00    0.00    0.00    0.00    0.00    0.00    0.00   97.96
15:06:09      23    1.00    0.00    1.00    0.00    0.00    0.00    0.00    0.00    0.00   98.00

15:06:09     CPU    %usr   %nice    %sys %iowait    %irq   %soft  %steal  %guest  %gnice   %idle
15:06:10     all    1.05    0.00    0.21    0.08    0.00    0.04    0.00    0.00    0.00   98.62
15:06:10       0    2.00    0.00    0.00    0.00    0.00    0.00    0.00    0.00    0.00   98.00
15:06:10       1    0.00    0.00    0.00    0.00    0.00    0.00    0.00    0.00    0.00  100.00
15:06:10       2    1.01    0.00    0.00    0.00    0.00    0.00    0.00    0.00    0.00   98.99
15:06:10       3    0.00    0.00    0.00    0.00    0.00    0.00    0.00    0.00    0.00  100.00
15:06:10       4    1.00    0.00    1.00    0.00    0.00    0.00    0.00    0.00    0.00   98.00
15:06:10       5    0.00    0.00    0.00    0.00    0.00    0.00    0.00    0.00    0.00  100.00
15:06:10       6    1.01    0.00    0.00    0.00    0.00    0.00    0.00    0.00    0.00   98.99
15:06:10       7    0.00    0.00    0.00    0.00    0.00    0.00    0.00    0.00    0.00  100.00
15:06:10       8    3.03    0.00    1.01    0.00    0.00    0.00    0.00    0.00    0.00   95.96
15:06:10       9    0.00    0.00    0.00    0.00    0.00    0.00    0.00    0.00    0.00  100.00
15:06:10      10    5.10    0.00    1.02    0.00    0.00    0.00    0.00    0.00    0.00   93.88
15:06:10      11    0.00    0.00    0.00    0.00    0.00    0.00    0.00    0.00    0.00  100.00
15:06:10      12    3.06    0.00    0.00    0.00    0.00    0.00    0.00    0.00    0.00   96.94
15:06:10      13    0.00    0.00    0.00    0.00    0.00    0.00    0.00    0.00    0.00  100.00
15:06:10      14    0.99    0.00    0.99    0.00    0.00    0.00    0.00    0.00    0.00   98.02
15:06:10      15    1.01    0.00    0.00    0.00    0.00    1.01    0.00    0.00    0.00   97.98
15:06:10      16    1.00    0.00    1.00    0.00    0.00    0.00    0.00    0.00    0.00   98.00
15:06:10      17    0.00    0.00    0.00    0.00    0.00    0.00    0.00    0.00    0.00  100.00
15:06:10      18    0.00    0.00    0.00    0.00    0.00    0.00    0.00    0.00    0.00  100.00
15:06:10      19    0.00    0.00    0.00    0.00    0.00    0.00    0.00    0.00    0.00  100.00
15:06:10      20    2.00    0.00    0.00    1.00    0.00    0.00    0.00    0.00    0.00   97.00
15:06:10      21    1.00    0.00    0.00    0.00    0.00    0.00    0.00    0.00    0.00   99.00
15:06:10      22    1.01    0.00    0.00    0.00    0.00    0.00    0.00    0.00    0.00   98.99
15:06:10      23    2.00    0.00    0.00    1.00    0.00    0.00    0.00    0.00    0.00   97.00

15:06:10     CPU    %usr   %nice    %sys %iowait    %irq   %soft  %steal  %guest  %gnice   %idle
15:06:11     all    1.09    0.00    0.50    0.00    0.00    0.04    0.00    0.00    0.00   98.37
15:06:11       0    1.01    0.00    1.01    0.00    0.00    0.00    0.00    0.00    0.00   97.98
15:06:11       1    0.00    0.00    0.00    0.00    0.00    0.00    0.00    0.00    0.00  100.00
15:06:11       2    1.98    0.00    0.99    0.00    0.00    0.00    0.00    0.00    0.00   97.03
15:06:11       3    0.00    0.00    0.00    0.00    0.00    0.00    0.00    0.00    0.00  100.00
15:06:11       4    1.01    0.00    1.01    0.00    0.00    0.00    0.00    0.00    0.00   97.98
15:06:11       5    0.00    0.00    0.00    0.00    0.00    0.00    0.00    0.00    0.00  100.00
15:06:11       6    3.03    0.00    1.01    0.00    0.00    0.00    0.00    0.00    0.00   95.96
15:06:11       7    0.00    0.00    0.00    0.00    0.00    0.00    0.00    0.00    0.00  100.00
15:06:11       8    2.00    0.00    1.00    0.00    0.00    0.00    0.00    0.00    0.00   97.00
15:06:11       9    0.00    0.00    0.00    0.00    0.00    0.00    0.00    0.00    0.00  100.00
15:06:11      10    5.10    0.00    1.02    0.00    0.00    0.00    0.00    0.00    0.00   93.88
15:06:11      11    0.00    0.00    0.00    0.00    0.00    0.00    0.00    0.00    0.00  100.00
15:06:11      12    1.00    0.00    1.00    0.00    0.00    0.00    0.00    0.00    0.00   98.00
15:06:11      13    0.00    0.00    0.00    0.00    0.00    0.00    0.00    0.00    0.00  100.00
15:06:11      14    1.98    0.00    0.99    0.00    0.00    0.00    0.00    0.00    0.00   97.03
15:06:11      15    0.00    0.00    0.00    0.00    0.00    1.02    0.00    0.00    0.00   98.98
15:06:11      16    2.02    0.00    0.00    0.00    0.00    0.00    0.00    0.00    0.00   97.98
15:06:11      17    1.01    0.00    0.00    0.00    0.00    0.00    0.00    0.00    0.00   98.99
15:06:11      18    0.99    0.00    0.99    0.00    0.00    0.00    0.00    0.00    0.00   98.02
15:06:11      19    1.00    0.00    0.00    0.00    0.00    0.00    0.00    0.00    0.00   99.00
15:06:11      20    1.00    0.00    0.00    0.00    0.00    0.00    0.00    0.00    0.00   99.00
15:06:11      21    1.00    0.00    2.00    0.00    0.00    0.00    0.00    0.00    0.00   97.00
15:06:11      22    1.01    0.00    1.01    0.00    0.00    0.00    0.00    0.00    0.00   97.98
15:06:11      23    0.99    0.00    0.00    0.00    0.00    0.00    0.00    0.00    0.00   99.01

15:06:11     CPU    %usr   %nice    %sys %iowait    %irq   %soft  %steal  %guest  %gnice   %idle
15:06:12     all    0.92    0.00    0.42    0.00    0.00    0.08    0.00    0.00    0.00   98.58
15:06:12       0    1.98    0.00    0.00    0.00    0.00    0.00    0.00    0.00    0.00   98.02
15:06:12       1    0.00    0.00    0.00    0.00    0.00    0.00    0.00    0.00    0.00  100.00
15:06:12       2    1.01    0.00    0.00    0.00    0.00    0.00    0.00    0.00    0.00   98.99
15:06:12       3    0.00    0.00    0.00    0.00    0.00    0.00    0.00    0.00    0.00  100.00
15:06:12       4    1.01    0.00    0.00    0.00    0.00    0.00    0.00    0.00    0.00   98.99
15:06:12       5    0.00    0.00    0.00    0.00    0.00    0.00    0.00    0.00    0.00  100.00
15:06:12       6    1.01    0.00    0.00    0.00    0.00    0.00    0.00    0.00    0.00   98.99
15:06:12       7    0.00    0.00    0.00    0.00    0.00    0.00    0.00    0.00    0.00  100.00
15:06:12       8    3.03    0.00    1.01    0.00    0.00    0.00    0.00    0.00    0.00   95.96
15:06:12       9    0.00    0.00    0.00    0.00    0.00    0.99    0.00    0.00    0.00   99.01
15:06:12      10    2.02    0.00    2.02    0.00    0.00    0.00    0.00    0.00    0.00   95.96
15:06:12      11    0.00    0.00    0.00    0.00    0.00    0.00    0.00    0.00    0.00  100.00
15:06:12      12    2.00    0.00    0.00    0.00    0.00    0.00    0.00    0.00    0.00   98.00
15:06:12      13    0.00    0.00    0.00    0.00    0.00    0.00    0.00    0.00    0.00  100.00
15:06:12      14    3.03    0.00    1.01    0.00    0.00    0.00    0.00    0.00    0.00   95.96
15:06:12      15    0.00    0.00    1.01    0.00    0.00    1.01    0.00    0.00    0.00   97.98
15:06:12      16    0.99    0.00    0.99    0.00    0.00    0.00    0.00    0.00    0.00   98.02
15:06:12      17    1.01    0.00    1.01    0.00    0.00    0.00    0.00    0.00    0.00   97.98
15:06:12      18    1.01    0.00    0.00    0.00    0.00    0.00    0.00    0.00    0.00   98.99
15:06:12      19    0.00    0.00    0.00    0.00    0.00    0.00    0.00    0.00    0.00  100.00
15:06:12      20    0.00    0.00    0.00    0.00    0.00    0.00    0.00    0.00    0.00  100.00
15:06:12      21    0.99    0.00    0.99    0.00    0.00    0.00    0.00    0.00    0.00   98.02
15:06:12      22    2.02    0.00    1.01    0.00    0.00    0.00    0.00    0.00    0.00   96.97
15:06:12      23    1.00    0.00    1.00    0.00    0.00    0.00    0.00    0.00    0.00   98.00

15:06:12     CPU    %usr   %nice    %sys %iowait    %irq   %soft  %steal  %guest  %gnice   %idle
15:06:13     all    1.09    0.00    0.42    0.17    0.00    0.08    0.00    0.00    0.00   98.25
15:06:13       0    1.01    0.00    1.01    0.00    0.00    0.00    0.00    0.00    0.00   97.98
15:06:13       1    0.00    0.00    0.00    0.00    0.00    0.00    0.00    0.00    0.00  100.00
15:06:13       2    1.00    0.00    1.00    0.00    0.00    1.00    0.00    0.00    0.00   97.00
15:06:13       3    0.00    0.00    0.00    0.00    0.00    0.00    0.00    0.00    0.00  100.00
15:06:13       4    2.00    0.00    0.00    0.00    0.00    0.00    0.00    0.00    0.00   98.00
15:06:13       5    0.00    0.00    0.00    1.00    0.00    0.00    0.00    0.00    0.00   99.00
15:06:13       6    0.99    0.00    0.99    0.00    0.00    0.00    0.00    0.00    0.00   98.02
15:06:13       7    0.00    0.00    0.00    0.00    0.00    0.00    0.00    0.00    0.00  100.00
15:06:13       8    5.88    0.00    0.98    0.00    0.00    0.98    0.00    0.00    0.00   92.16
15:06:13       9    0.00    0.00    0.00    0.00    0.00    0.00    0.00    0.00    0.00  100.00
15:06:13      10    2.00    0.00    2.00    0.00    0.00    0.00    0.00    0.00    0.00   96.00
15:06:13      11    0.00    0.00    0.00    0.00    0.00    0.00    0.00    0.00    0.00  100.00
15:06:13      12    2.00    0.00    1.00    0.00    0.00    0.00    0.00    0.00    0.00   97.00
15:06:13      13    0.00    0.00    0.00    0.00    0.00    0.00    0.00    0.00    0.00  100.00
15:06:13      14    0.00    0.00    0.00    0.00    0.00    0.00    0.00    0.00    0.00  100.00
15:06:13      15    0.00    0.00    0.00    0.00    0.00    0.00    0.00    0.00    0.00  100.00
15:06:13      16    1.03    0.00    0.00    1.03    0.00    0.00    0.00    0.00    0.00   97.94
15:06:13      17    1.98    0.00    0.99    0.00    0.00    0.00    0.00    0.00    0.00   97.03
15:06:13      18    2.00    0.00    0.00    0.00    0.00    0.00    0.00    0.00    0.00   98.00
15:06:13      19    0.99    0.00    0.00    0.00    0.00    0.00    0.00    0.00    0.00   99.01
15:06:13      20    1.98    0.00    0.99    0.00    0.00    0.00    0.00    0.00    0.00   97.03
15:06:13      21    0.00    0.00    0.00    2.02    0.00    0.00    0.00    0.00    0.00   97.98
15:06:13      22    2.02    0.00    1.01    0.00    0.00    0.00    0.00    0.00    0.00   96.97
15:06:13      23    1.00    0.00    0.00    0.00    0.00    0.00    0.00    0.00    0.00   99.00

15:06:13     CPU    %usr   %nice    %sys %iowait    %irq   %soft  %steal  %guest  %gnice   %idle
15:06:14     all    1.05    0.00    0.29    0.00    0.00    0.08    0.00    0.00    0.00   98.58
15:06:14       0    1.00    0.00    0.00    0.00    0.00    0.00    0.00    0.00    0.00   99.00
15:06:14       1    0.00    0.00    0.00    0.00    0.00    0.00    0.00    0.00    0.00  100.00
15:06:14       2    1.98    0.00    0.99    0.00    0.00    0.00    0.00    0.00    0.00   97.03
15:06:14       3    0.00    0.00    0.00    0.00    0.00    0.00    0.00    0.00    0.00  100.00
15:06:14       4    0.00    0.00    1.01    0.00    0.00    0.00    0.00    0.00    0.00   98.99
15:06:14       5    0.00    0.00    0.00    0.00    0.00    0.00    0.00    0.00    0.00  100.00
15:06:14       6    2.02    0.00    0.00    0.00    0.00    0.00    0.00    0.00    0.00   97.98
15:06:14       7    0.00    0.00    0.00    0.00    0.00    0.00    0.00    0.00    0.00  100.00
15:06:14       8    5.10    0.00    1.02    0.00    0.00    0.00    0.00    0.00    0.00   93.88
15:06:14       9    0.00    0.00    0.00    0.00    0.00    0.00    0.00    0.00    0.00  100.00
15:06:14      10    2.02    0.00    1.01    0.00    0.00    0.00    0.00    0.00    0.00   96.97
15:06:14      11    0.00    0.00    0.00    0.00    0.00    0.00    0.00    0.00    0.00  100.00
15:06:14      12    1.02    0.00    0.00    0.00    0.00    0.00    0.00    0.00    0.00   98.98
15:06:14      13    0.00    0.00    0.00    0.00    0.00    0.00    0.00    0.00    0.00  100.00
15:06:14      14    1.98    0.00    0.99    0.00    0.00    0.00    0.00    0.00    0.00   97.03
15:06:14      15    1.01    0.00    1.01    0.00    0.00    2.02    0.00    0.00    0.00   95.96
15:06:14      16    1.01    0.00    0.00    0.00    0.00    0.00    0.00    0.00    0.00   98.99
15:06:14      17    1.01    0.00    0.00    0.00    0.00    0.00    0.00    0.00    0.00   98.99
15:06:14      18    0.00    0.00    0.00    0.00    0.00    0.00    0.00    0.00    0.00  100.00
15:06:14      19    1.00    0.00    0.00    0.00    0.00    0.00    0.00    0.00    0.00   99.00
15:06:14      20    1.01    0.00    0.00    0.00    0.00    0.00    0.00    0.00    0.00   98.99
15:06:14      21    1.00    0.00    0.00    0.00    0.00    0.00    0.00    0.00    0.00   99.00
15:06:14      22    2.04    0.00    0.00    0.00    0.00    0.00    0.00    0.00    0.00   97.96
15:06:14      23    2.00    0.00    1.00    0.00    0.00    0.00    0.00    0.00    0.00   97.00

15:06:14     CPU    %usr   %nice    %sys %iowait    %irq   %soft  %steal  %guest  %gnice   %idle
15:06:15     all    1.13    0.00    0.54    0.00    0.00    0.04    0.00    0.00    0.00   98.29
15:06:15       0    1.01    0.00    0.00    0.00    0.00    0.00    0.00    0.00    0.00   98.99
15:06:15       1    0.00    0.00    0.00    0.00    0.00    0.00    0.00    0.00    0.00  100.00
15:06:15       2    3.00    0.00    0.00    0.00    0.00    0.00    0.00    0.00    0.00   97.00
15:06:15       3    0.00    0.00    0.00    0.00    0.00    0.00    0.00    0.00    0.00  100.00
15:06:15       4    1.98    0.00    0.00    0.00    0.00    0.00    0.00    0.00    0.00   98.02
15:06:15       5    0.00    0.00    0.00    0.00    0.00    0.00    0.00    0.00    0.00  100.00
15:06:15       6    1.98    0.00    0.99    0.00    0.00    0.00    0.00    0.00    0.00   97.03
15:06:15       7    0.00    0.00    0.00    0.00    0.00    0.00    0.00    0.00    0.00  100.00
15:06:15       8    6.00    0.00    1.00    0.00    0.00    0.00    0.00    0.00    0.00   93.00
15:06:15       9    0.00    0.00    0.00    0.00    0.00    0.00    0.00    0.00    0.00  100.00
15:06:15      10    2.97    0.00    0.99    0.00    0.00    0.00    0.00    0.00    0.00   96.04
15:06:15      11    0.00    0.00    0.99    0.00    0.00    0.00    0.00    0.00    0.00   99.01
15:06:15      12    2.00    0.00    3.00    0.00    0.00    0.00    0.00    0.00    0.00   95.00
15:06:15      13    0.00    0.00    0.00    0.00    0.00    0.00    0.00    0.00    0.00  100.00
15:06:15      14    1.01    0.00    1.01    0.00    0.00    0.00    0.00    0.00    0.00   97.98
15:06:15      15    0.00    0.00    1.01    0.00    0.00    1.01    0.00    0.00    0.00   97.98
15:06:15      16    1.00    0.00    1.00    0.00    0.00    0.00    0.00    0.00    0.00   98.00
15:06:15      17    0.00    0.00    0.00    0.00    0.00    0.00    0.00    0.00    0.00  100.00
15:06:15      18    1.01    0.00    0.00    0.00    0.00    0.00    0.00    0.00    0.00   98.99
15:06:15      19    0.00    0.00    0.00    0.00    0.00    0.00    0.00    0.00    0.00  100.00
15:06:15      20    1.98    0.00    1.98    0.00    0.00    0.00    0.00    0.00    0.00   96.04
15:06:15      21    1.00    0.00    0.00    0.00    0.00    0.00    0.00    0.00    0.00   99.00
15:06:15      22    2.00    0.00    1.00    0.00    0.00    0.00    0.00    0.00    0.00   97.00
15:06:15      23    0.00    0.00    0.00    0.00    0.00    0.00    0.00    0.00    0.00  100.00

15:06:15     CPU    %usr   %nice    %sys %iowait    %irq   %soft  %steal  %guest  %gnice   %idle
15:06:16     all    1.00    0.00    0.38    0.00    0.00    0.04    0.00    0.00    0.00   98.58
15:06:16       0    0.00    0.00    0.00    0.00    0.00    0.00    0.00    0.00    0.00  100.00
15:06:16       1    0.00    0.00    0.00    0.00    0.00    0.00    0.00    0.00    0.00  100.00
15:06:16       2    0.00    0.00    0.00    0.00    0.00    0.00    0.00    0.00    0.00  100.00
15:06:16       3    0.00    0.00    0.00    0.00    0.00    0.00    0.00    0.00    0.00  100.00
15:06:16       4    3.00    0.00    0.00    0.00    0.00    0.00    0.00    0.00    0.00   97.00
15:06:16       5    0.00    0.00    0.00    0.00    0.00    0.00    0.00    0.00    0.00  100.00
15:06:16       6    1.02    0.00    0.00    0.00    0.00    0.00    0.00    0.00    0.00   98.98
15:06:16       7    0.00    0.00    0.00    0.00    0.00    0.00    0.00    0.00    0.00  100.00
15:06:16       8    5.05    0.00    1.01    0.00    0.00    0.00    0.00    0.00    0.00   93.94
15:06:16       9    0.00    0.00    0.00    0.00    0.00    0.00    0.00    0.00    0.00  100.00
15:06:16      10    3.00    0.00    2.00    0.00    0.00    0.00    0.00    0.00    0.00   95.00
15:06:16      11    0.00    0.00    0.00    0.00    0.00    0.00    0.00    0.00    0.00  100.00
15:06:16      12    1.01    0.00    0.00    0.00    0.00    0.00    0.00    0.00    0.00   98.99
15:06:16      13    0.00    0.00    0.00    0.00    0.00    0.00    0.00    0.00    0.00  100.00
15:06:16      14    3.00    0.00    2.00    0.00    0.00    0.00    0.00    0.00    0.00   95.00
15:06:16      15    0.00    0.00    0.00    0.00    0.00    1.02    0.00    0.00    0.00   98.98
15:06:16      16    1.00    0.00    0.00    0.00    0.00    0.00    0.00    0.00    0.00   99.00
15:06:16      17    1.01    0.00    0.00    0.00    0.00    0.00    0.00    0.00    0.00   98.99
15:06:16      18    0.99    0.00    0.99    0.00    0.00    0.00    0.00    0.00    0.00   98.02
15:06:16      19    0.99    0.00    0.00    0.00    0.00    0.00    0.00    0.00    0.00   99.01
15:06:16      20    1.00    0.00    1.00    0.00    0.00    0.00    0.00    0.00    0.00   98.00
15:06:16      21    0.00    0.00    1.00    0.00    0.00    0.00    0.00    0.00    0.00   99.00
15:06:16      22    2.02    0.00    0.00    0.00    0.00    0.00    0.00    0.00    0.00   97.98
15:06:16      23    0.99    0.00    0.99    0.00    0.00    0.00    0.00    0.00    0.00   98.02

15:06:16     CPU    %usr   %nice    %sys %iowait    %irq   %soft  %steal  %guest  %gnice   %idle
15:06:17     all    0.88    0.00    0.17    0.00    0.00    0.04    0.00    0.00    0.00   98.91
15:06:17       0    0.00    0.00    0.00    0.00    0.00    0.00    0.00    0.00    0.00  100.00
15:06:17       1    0.00    0.00    0.00    0.00    0.00    0.00    0.00    0.00    0.00  100.00
15:06:17       2    1.00    0.00    0.00    0.00    0.00    0.00    0.00    0.00    0.00   99.00
15:06:17       3    0.00    0.00    0.00    0.00    0.00    0.00    0.00    0.00    0.00  100.00
15:06:17       4    2.02    0.00    0.00    0.00    0.00    0.00    0.00    0.00    0.00   97.98
15:06:17       5    0.00    0.00    0.00    0.00    0.00    0.00    0.00    0.00    0.00  100.00
15:06:17       6    2.00    0.00    0.00    0.00    0.00    0.00    0.00    0.00    0.00   98.00
15:06:17       7    0.00    0.00    0.00    0.00    0.00    0.00    0.00    0.00    0.00  100.00
15:06:17       8    4.04    0.00    1.01    0.00    0.00    0.00    0.00    0.00    0.00   94.95
15:06:17       9    0.00    0.00    0.00    0.00    0.00    0.00    0.00    0.00    0.00  100.00
15:06:17      10    3.06    0.00    1.02    0.00    0.00    0.00    0.00    0.00    0.00   95.92
15:06:17      11    0.00    0.00    0.00    0.00    0.00    0.00    0.00    0.00    0.00  100.00
15:06:17      12    0.00    0.00    0.00    0.00    0.00    0.00    0.00    0.00    0.00  100.00
15:06:17      13    0.00    0.00    0.00    0.00    0.00    0.00    0.00    0.00    0.00  100.00
15:06:17      14    1.00    0.00    1.00    0.00    0.00    0.00    0.00    0.00    0.00   98.00
15:06:17      15    1.01    0.00    0.00    0.00    0.00    1.01    0.00    0.00    0.00   97.98
15:06:17      16    2.02    0.00    0.00    0.00    0.00    0.00    0.00    0.00    0.00   97.98
15:06:17      17    1.00    0.00    1.00    0.00    0.00    0.00    0.00    0.00    0.00   98.00
15:06:17      18    0.00    0.00    0.00    0.00    0.00    0.00    0.00    0.00    0.00  100.00
15:06:17      19    1.01    0.00    0.00    0.00    0.00    0.00    0.00    0.00    0.00   98.99
15:06:17      20    1.00    0.00    0.00    0.00    0.00    0.00    0.00    0.00    0.00   99.00
15:06:17      21    1.00    0.00    0.00    0.00    0.00    0.00    0.00    0.00    0.00   99.00
15:06:17      22    1.01    0.00    0.00    0.00    0.00    0.00    0.00    0.00    0.00   98.99
15:06:17      23    0.00    0.00    0.00    0.00    0.00    0.00    0.00    0.00    0.00  100.00

15:06:17     CPU    %usr   %nice    %sys %iowait    %irq   %soft  %steal  %guest  %gnice   %idle
15:06:18     all    0.96    0.00    0.46    0.17    0.00    0.04    0.00    0.00    0.00   98.38
15:06:18       0    1.00    0.00    0.00    0.00    0.00    0.00    0.00    0.00    0.00   99.00
15:06:18       1    0.00    0.00    0.00    0.00    0.00    0.00    0.00    0.00    0.00  100.00
15:06:18       2    1.00    0.00    1.00    0.00    0.00    0.00    0.00    0.00    0.00   98.00
15:06:18       3    0.00    0.00    0.00    0.00    0.00    0.00    0.00    0.00    0.00  100.00
15:06:18       4    1.00    0.00    1.00    0.00    0.00    0.00    0.00    0.00    0.00   98.00
15:06:18       5    0.00    0.00    0.00    0.00    0.00    0.00    0.00    0.00    0.00  100.00
15:06:18       6    1.00    0.00    0.00    0.00    0.00    0.00    0.00    0.00    0.00   99.00
15:06:18       7    0.00    0.00    0.00    0.00    0.00    0.00    0.00    0.00    0.00  100.00
15:06:18       8    5.94    0.00    0.99    0.00    0.00    0.00    0.00    0.00    0.00   93.07
15:06:18       9    0.00    0.00    0.00    0.00    0.00    0.00    0.00    0.00    0.00  100.00
15:06:18      10    5.00    0.00    2.00    0.00    0.00    0.00    0.00    0.00    0.00   93.00
15:06:18      11    0.99    0.00    0.00    0.00    0.00    0.00    0.00    0.00    0.00   99.01
15:06:18      12    1.00    0.00    1.00    0.00    0.00    0.00    0.00    0.00    0.00   98.00
15:06:18      13    0.00    0.00    0.00    1.00    0.00    0.00    0.00    0.00    0.00   99.00
15:06:18      14    2.97    0.00    0.99    0.00    0.00    0.00    0.00    0.00    0.00   96.04
15:06:18      15    0.00    0.00    1.01    0.00    0.00    1.01    0.00    0.00    0.00   97.98
15:06:18      16    1.00    0.00    1.00    2.00    0.00    0.00    0.00    0.00    0.00   96.00
15:06:18      17    0.00    0.00    1.00    1.00    0.00    0.00    0.00    0.00    0.00   98.00
15:06:18      18    0.00    0.00    0.00    0.00    0.00    0.00    0.00    0.00    0.00  100.00
15:06:18      19    0.00    0.00    0.00    0.00    0.00    0.00    0.00    0.00    0.00  100.00
15:06:18      20    0.00    0.00    0.00    0.00    0.00    0.00    0.00    0.00    0.00  100.00
15:06:18      21    0.00    0.00    0.00    0.00    0.00    0.00    0.00    0.00    0.00  100.00
15:06:18      22    1.01    0.00    1.01    0.00    0.00    0.00    0.00    0.00    0.00   97.98
15:06:18      23    1.00    0.00    0.00    0.00    0.00    0.00    0.00    0.00    0.00   99.00

15:06:18     CPU    %usr   %nice    %sys %iowait    %irq   %soft  %steal  %guest  %gnice   %idle
15:06:19     all    0.92    0.00    0.25    0.00    0.00    0.04    0.00    0.00    0.00   98.79
15:06:19       0    1.00    0.00    1.00    0.00    0.00    0.00    0.00    0.00    0.00   98.00
15:06:19       1    0.00    0.00    0.00    0.00    0.00    0.00    0.00    0.00    0.00  100.00
15:06:19       2    1.01    0.00    1.01    0.00    0.00    0.00    0.00    0.00    0.00   97.98
15:06:19       3    0.00    0.00    0.00    0.00    0.00    0.00    0.00    0.00    0.00  100.00
15:06:19       4    2.00    0.00    0.00    0.00    0.00    0.00    0.00    0.00    0.00   98.00
15:06:19       5    0.00    0.00    0.00    0.00    0.00    0.00    0.00    0.00    0.00  100.00
15:06:19       6    1.01    0.00    0.00    0.00    0.00    0.00    0.00    0.00    0.00   98.99
15:06:19       7    0.00    0.00    0.00    0.00    0.00    0.00    0.00    0.00    0.00  100.00
15:06:19       8    3.06    0.00    1.02    0.00    0.00    0.00    0.00    0.00    0.00   95.92
15:06:19       9    0.00    0.00    0.00    0.00    0.00    0.00    0.00    0.00    0.00  100.00
15:06:19      10    5.00    0.00    1.00    0.00    0.00    0.00    0.00    0.00    0.00   94.00
15:06:19      11    0.00    0.00    0.00    0.00    0.00    0.00    0.00    0.00    0.00  100.00
15:06:19      12    2.02    0.00    0.00    0.00    0.00    0.00    0.00    0.00    0.00   97.98
15:06:19      13    0.00    0.00    0.00    0.00    0.00    0.00    0.00    0.00    0.00  100.00
15:06:19      14    2.04    0.00    0.00    0.00    0.00    0.00    0.00    0.00    0.00   97.96
15:06:19      15    0.00    0.00    0.00    0.00    0.00    1.02    0.00    0.00    0.00   98.98
15:06:19      16    1.01    0.00    0.00    0.00    0.00    0.00    0.00    0.00    0.00   98.99
15:06:19      17    1.01    0.00    0.00    0.00    0.00    0.00    0.00    0.00    0.00   98.99
15:06:19      18    0.99    0.00    0.00    0.00    0.00    0.00    0.00    0.00    0.00   99.01
15:06:19      19    0.00    0.00    0.99    0.00    0.00    0.00    0.00    0.00    0.00   99.01
15:06:19      20    0.00    0.00    0.00    0.00    0.00    0.00    0.00    0.00    0.00  100.00
15:06:19      21    0.00    0.00    0.00    0.00    0.00    0.00    0.00    0.00    0.00  100.00
15:06:19      22    1.02    0.00    0.00    0.00    0.00    0.00    0.00    0.00    0.00   98.98
15:06:19      23    1.00    0.00    1.00    0.00    0.00    0.00    0.00    0.00    0.00   98.00

15:06:19     CPU    %usr   %nice    %sys %iowait    %irq   %soft  %steal  %guest  %gnice   %idle
15:06:20     all    1.25    0.00    0.42    0.00    0.00    0.04    0.00    0.00    0.00   98.29
15:06:20       0    2.00    0.00    1.00    0.00    0.00    0.00    0.00    0.00    0.00   97.00
15:06:20       1    0.00    0.00    0.00    0.00    0.00    0.00    0.00    0.00    0.00  100.00
15:06:20       2    1.01    0.00    0.00    0.00    0.00    0.00    0.00    0.00    0.00   98.99
15:06:20       3    0.00    0.00    0.00    0.00    0.00    0.00    0.00    0.00    0.00  100.00
15:06:20       4    2.02    0.00    0.00    0.00    0.00    0.00    0.00    0.00    0.00   97.98
15:06:20       5    0.00    0.00    0.00    0.00    0.00    0.00    0.00    0.00    0.00  100.00
15:06:20       6    2.00    0.00    1.00    0.00    0.00    0.00    0.00    0.00    0.00   97.00
15:06:20       7    0.00    0.00    0.00    0.00    0.00    0.00    0.00    0.00    0.00  100.00
15:06:20       8    3.96    0.00    0.99    0.00    0.00    0.00    0.00    0.00    0.00   95.05
15:06:20       9    0.00    0.00    0.00    0.00    0.00    0.00    0.00    0.00    0.00  100.00
15:06:20      10    5.05    0.00    0.00    0.00    0.00    0.00    0.00    0.00    0.00   94.95
15:06:20      11    0.00    0.00    0.00    0.00    0.00    0.00    0.00    0.00    0.00  100.00
15:06:20      12    2.00    0.00    1.00    0.00    0.00    0.00    0.00    0.00    0.00   97.00
15:06:20      13    0.99    0.00    0.00    0.00    0.00    0.00    0.00    0.00    0.00   99.01
15:06:20      14    3.96    0.00    0.99    0.00    0.00    0.00    0.00    0.00    0.00   95.05
15:06:20      15    0.00    0.00    0.00    0.00    0.00    1.03    0.00    0.00    0.00   98.97
15:06:20      16    1.00    0.00    1.00    0.00    0.00    0.00    0.00    0.00    0.00   98.00
15:06:20      17    1.00    0.00    1.00    0.00    0.00    0.00    0.00    0.00    0.00   98.00
15:06:20      18    0.00    0.00    1.01    0.00    0.00    0.00    0.00    0.00    0.00   98.99
15:06:20      19    0.00    0.00    0.00    0.00    0.00    0.00    0.00    0.00    0.00  100.00
15:06:20      20    1.01    0.00    0.00    0.00    0.00    0.00    0.00    0.00    0.00   98.99
15:06:20      21    1.98    0.00    0.00    0.00    0.00    0.00    0.00    0.00    0.00   98.02
15:06:20      22    1.01    0.00    1.01    0.00    0.00    0.00    0.00    0.00    0.00   97.98
15:06:20      23    1.00    0.00    1.00    0.00    0.00    0.00    0.00    0.00    0.00   98.00

15:06:20     CPU    %usr   %nice    %sys %iowait    %irq   %soft  %steal  %guest  %gnice   %idle
15:06:21     all    0.88    0.00    0.50    0.00    0.00    0.04    0.00    0.00    0.00   98.58
15:06:21       0    0.00    0.00    0.00    0.00    0.00    0.00    0.00    0.00    0.00  100.00
15:06:21       1    0.00    0.00    0.00    0.00    0.00    0.00    0.00    0.00    0.00  100.00
15:06:21       2    1.00    0.00    0.00    0.00    0.00    0.00    0.00    0.00    0.00   99.00
15:06:21       3    0.00    0.00    0.00    0.00    0.00    0.00    0.00    0.00    0.00  100.00
15:06:21       4    0.00    0.00    0.00    0.00    0.00    0.00    0.00    0.00    0.00  100.00
15:06:21       5    0.00    0.00    0.00    0.00    0.00    0.00    0.00    0.00    0.00  100.00
15:06:21       6    0.99    0.00    0.99    0.00    0.00    0.00    0.00    0.00    0.00   98.02
15:06:21       7    0.00    0.00    0.00    0.00    0.00    0.00    0.00    0.00    0.00  100.00
15:06:21       8    4.08    0.00    2.04    0.00    0.00    0.00    0.00    0.00    0.00   93.88
15:06:21       9    0.00    0.00    0.00    0.00    0.00    0.00    0.00    0.00    0.00  100.00
15:06:21      10    3.00    0.00    3.00    0.00    0.00    0.00    0.00    0.00    0.00   94.00
15:06:21      11    0.00    0.00    0.00    0.00    0.00    0.00    0.00    0.00    0.00  100.00
15:06:21      12    1.00    0.00    1.00    0.00    0.00    0.00    0.00    0.00    0.00   98.00
15:06:21      13    0.00    0.00    0.00    0.00    0.00    0.00    0.00    0.00    0.00  100.00
15:06:21      14    0.00    0.00    0.00    0.00    0.00    0.00    0.00    0.00    0.00  100.00
15:06:21      15    0.00    0.00    0.00    0.00    0.00    1.02    0.00    0.00    0.00   98.98
15:06:21      16    0.00    0.00    0.00    0.00    0.00    0.00    0.00    0.00    0.00  100.00
15:06:21      17    0.00    0.00    0.00    0.00    0.00    0.00    0.00    0.00    0.00  100.00
15:06:21      18    0.99    0.00    0.99    0.00    0.00    0.00    0.00    0.00    0.00   98.02
15:06:21      19    1.00    0.00    0.00    0.00    0.00    0.00    0.00    0.00    0.00   99.00
15:06:21      20    2.97    0.00    0.99    0.00    0.00    0.00    0.00    0.00    0.00   96.04
15:06:21      21    0.99    0.00    1.98    0.00    0.00    0.00    0.00    0.00    0.00   97.03
15:06:21      22    2.02    0.00    0.00    0.00    0.00    0.00    0.00    0.00    0.00   97.98
15:06:21      23    2.97    0.00    0.99    0.00    0.00    0.00    0.00    0.00    0.00   96.04

15:06:21     CPU    %usr   %nice    %sys %iowait    %irq   %soft  %steal  %guest  %gnice   %idle
15:06:22     all    1.38    0.00    0.42    0.04    0.00    0.13    0.00    0.00    0.00   98.04
15:06:22       0    0.00    0.00    0.00    0.00    0.00    0.00    0.00    0.00    0.00  100.00
15:06:22       1    0.00    0.00    0.00    0.00    0.00    0.99    0.00    0.00    0.00   99.01
15:06:22       2    3.00    0.00    1.00    0.00    0.00    0.00    0.00    0.00    0.00   96.00
15:06:22       3    0.00    0.00    0.00    0.00    0.00    0.00    0.00    0.00    0.00  100.00
15:06:22       4    1.98    0.00    1.98    0.99    0.00    0.00    0.00    0.00    0.00   95.05
15:06:22       5    0.00    0.00    0.00    0.00    0.00    0.00    0.00    0.00    0.00  100.00
15:06:22       6    1.01    0.00    0.00    0.00    0.00    0.00    0.00    0.00    0.00   98.99
15:06:22       7    0.99    0.00    0.00    0.00    0.00    0.00    0.00    0.00    0.00   99.01
15:06:22       8    4.95    0.00    1.98    0.00    0.00    0.00    0.00    0.00    0.00   93.07
15:06:22       9    1.98    0.00    0.00    0.00    0.00    0.00    0.00    0.00    0.00   98.02
15:06:22      10    5.05    0.00    0.00    0.00    0.00    0.00    0.00    0.00    0.00   94.95
15:06:22      11    0.00    0.00    0.00    0.00    0.00    0.00    0.00    0.00    0.00  100.00
15:06:22      12    3.00    0.00    0.00    0.00    0.00    1.00    0.00    0.00    0.00   96.00
15:06:22      13    0.00    0.00    0.00    0.00    0.00    0.00    0.00    0.00    0.00  100.00
15:06:22      14    1.00    0.00    0.00    0.00    0.00    0.00    0.00    0.00    0.00   99.00
15:06:22      15    1.00    0.00    1.00    0.00    0.00    1.00    0.00    0.00    0.00   97.00
15:06:22      16    1.01    0.00    1.01    0.00    0.00    0.00    0.00    0.00    0.00   97.98
15:06:22      17    1.00    0.00    0.00    0.00    0.00    0.00    0.00    0.00    0.00   99.00
15:06:22      18    1.01    0.00    1.01    0.00    0.00    0.00    0.00    0.00    0.00   97.98
15:06:22      19    1.00    0.00    0.00    0.00    0.00    0.00    0.00    0.00    0.00   99.00
15:06:22      20    2.00    0.00    0.00    0.00    0.00    0.00    0.00    0.00    0.00   98.00
15:06:22      21    1.01    0.00    1.01    0.00    0.00    0.00    0.00    0.00    0.00   97.98
15:06:22      22    1.02    0.00    0.00    0.00    0.00    0.00    0.00    0.00    0.00   98.98
15:06:22      23    1.01    0.00    1.01    0.00    0.00    0.00    0.00    0.00    0.00   97.98

15:06:22     CPU    %usr   %nice    %sys %iowait    %irq   %soft  %steal  %guest  %gnice   %idle
15:06:23     all    1.09    0.00    0.54    0.00    0.00    0.04    0.00    0.00    0.00   98.33
15:06:23       0    1.00    0.00    0.00    0.00    0.00    0.00    0.00    0.00    0.00   99.00
15:06:23       1    0.00    0.00    0.00    0.00    0.00    0.00    0.00    0.00    0.00  100.00
15:06:23       2    2.00    0.00    1.00    0.00    0.00    0.00    0.00    0.00    0.00   97.00
15:06:23       3    0.00    0.00    0.00    0.00    0.00    0.00    0.00    0.00    0.00  100.00
15:06:23       4    2.02    0.00    1.01    0.00    0.00    0.00    0.00    0.00    0.00   96.97
15:06:23       5    0.00    0.00    0.00    0.00    0.00    0.00    0.00    0.00    0.00  100.00
15:06:23       6    2.02    0.00    1.01    0.00    0.00    0.00    0.00    0.00    0.00   96.97
15:06:23       7    0.00    0.00    0.00    0.00    0.00    0.00    0.00    0.00    0.00  100.00
15:06:23       8    4.04    0.00    1.01    0.00    0.00    0.00    0.00    0.00    0.00   94.95
15:06:23       9    0.00    0.00    0.99    0.00    0.00    0.00    0.00    0.00    0.00   99.01
15:06:23      10    3.00    0.00    1.00    0.00    0.00    0.00    0.00    0.00    0.00   96.00
15:06:23      11    0.00    0.00    0.00    0.00    0.00    0.00    0.00    0.00    0.00  100.00
15:06:23      12    1.00    0.00    1.00    0.00    0.00    0.00    0.00    0.00    0.00   98.00
15:06:23      13    0.00    0.00    0.00    0.00    0.00    0.00    0.00    0.00    0.00  100.00
15:06:23      14    1.01    0.00    0.00    0.00    0.00    0.00    0.00    0.00    0.00   98.99
15:06:23      15    0.00    0.00    1.02    0.00    0.00    1.02    0.00    0.00    0.00   97.96
15:06:23      16    1.01    0.00    0.00    0.00    0.00    0.00    0.00    0.00    0.00   98.99
15:06:23      17    0.00    0.00    0.00    0.00    0.00    0.00    0.00    0.00    0.00  100.00
15:06:23      18    1.00    0.00    0.00    0.00    0.00    0.00    0.00    0.00    0.00   99.00
15:06:23      19    0.00    0.00    1.00    0.00    0.00    0.00    0.00    0.00    0.00   99.00
15:06:23      20    3.00    0.00    0.00    0.00    0.00    0.00    0.00    0.00    0.00   97.00
15:06:23      21    1.00    0.00    1.00    0.00    0.00    0.00    0.00    0.00    0.00   98.00
15:06:23      22    2.02    0.00    2.02    0.00    0.00    0.00    0.00    0.00    0.00   95.96
15:06:23      23    2.00    0.00    1.00    0.00    0.00    0.00    0.00    0.00    0.00   97.00

15:06:23     CPU    %usr   %nice    %sys %iowait    %irq   %soft  %steal  %guest  %gnice   %idle
15:06:24     all    1.34    0.00    0.21    0.00    0.00    0.08    0.00    0.00    0.00   98.37
15:06:24       0    1.00    0.00    0.00    0.00    0.00    0.00    0.00    0.00    0.00   99.00
15:06:24       1    0.00    0.00    0.00    0.00    0.00    0.00    0.00    0.00    0.00  100.00
15:06:24       2    2.00    0.00    0.00    0.00    0.00    0.00    0.00    0.00    0.00   98.00
15:06:24       3    0.00    0.00    0.00    0.00    0.00    0.00    0.00    0.00    0.00  100.00
15:06:24       4    2.02    0.00    0.00    0.00    0.00    0.00    0.00    0.00    0.00   97.98
15:06:24       5    0.00    0.00    0.00    0.00    0.00    0.00    0.00    0.00    0.00  100.00
15:06:24       6    1.98    0.00    0.00    0.00    0.00    0.00    0.00    0.00    0.00   98.02
15:06:24       7    0.00    0.00    0.00    0.00    0.00    0.00    0.00    0.00    0.00  100.00
15:06:24       8    5.05    0.00    1.01    0.00    0.00    0.00    0.00    0.00    0.00   93.94
15:06:24       9    0.00    0.00    0.00    0.00    0.00    0.00    0.00    0.00    0.00  100.00
15:06:24      10   11.11    0.00    0.00    0.00    0.00    0.00    0.00    0.00    0.00   88.89
15:06:24      11    0.00    0.00    0.00    0.00    0.00    0.00    0.00    0.00    0.00  100.00
15:06:24      12    1.01    0.00    1.01    0.00    0.00    0.00    0.00    0.00    0.00   97.98
15:06:24      13    0.00    0.00    0.00    0.00    0.00    0.00    0.00    0.00    0.00  100.00
15:06:24      14    0.99    0.00    0.99    0.00    0.00    0.00    0.00    0.00    0.00   98.02
15:06:24      15    0.00    0.00    0.00    0.00    0.00    2.02    0.00    0.00    0.00   97.98
15:06:24      16    1.00    0.00    1.00    0.00    0.00    0.00    0.00    0.00    0.00   98.00
15:06:24      17    0.00    0.00    1.01    0.00    0.00    0.00    0.00    0.00    0.00   98.99
15:06:24      18    0.00    0.00    0.00    0.00    0.00    0.00    0.00    0.00    0.00  100.00
15:06:24      19    0.00    0.00    0.00    0.00    0.00    0.00    0.00    0.00    0.00  100.00
15:06:24      20    2.00    0.00    0.00    0.00    0.00    0.00    0.00    0.00    0.00   98.00
15:06:24      21    1.01    0.00    0.00    0.00    0.00    0.00    0.00    0.00    0.00   98.99
15:06:24      22    2.02    0.00    0.00    0.00    0.00    0.00    0.00    0.00    0.00   97.98
15:06:24      23    1.00    0.00    0.00    0.00    0.00    0.00    0.00    0.00    0.00   99.00

15:06:24     CPU    %usr   %nice    %sys %iowait    %irq   %soft  %steal  %guest  %gnice   %idle
15:06:25     all    1.71    0.00    0.42    0.17    0.00    0.08    0.00    0.00    0.00   97.62
15:06:25       0    0.00    0.00    0.00    0.00    0.00    0.00    0.00    0.00    0.00  100.00
15:06:25       1    0.00    0.00    0.00    0.00    0.00    0.00    0.00    0.00    0.00  100.00
15:06:25       2    2.04    0.00    1.02    0.00    0.00    0.00    0.00    0.00    0.00   96.94
15:06:25       3    0.00    0.00    0.00    0.00    0.00    0.00    0.00    0.00    0.00  100.00
15:06:25       4    2.00    0.00    0.00    0.00    0.00    0.00    0.00    0.00    0.00   98.00
15:06:25       5    0.00    0.00    0.00    0.00    0.00    0.00    0.00    0.00    0.00  100.00
15:06:25       6    3.00    0.00    2.00    1.00    0.00    0.00    0.00    0.00    0.00   94.00
15:06:25       7    0.00    0.00    0.00    0.00    0.00    0.00    0.00    0.00    0.00  100.00
15:06:25       8    4.00    0.00    1.00    0.00    0.00    0.00    0.00    0.00    0.00   95.00
15:06:25       9    0.00    0.00    0.00    0.00    0.00    0.00    0.00    0.00    0.00  100.00
15:06:25      10    4.08    0.00    0.00    0.00    0.00    0.00    0.00    0.00    0.00   95.92
15:06:25      11    0.99    0.00    0.00    0.00    0.00    0.00    0.00    0.00    0.00   99.01
15:06:25      12    3.96    0.00    1.98    0.00    0.00    0.00    0.00    0.00    0.00   94.06
15:06:25      13    0.00    0.00    0.00    0.00    0.00    0.99    0.00    0.00    0.00   99.01
15:06:25      14    2.00    0.00    0.00    1.00    0.00    0.00    0.00    0.00    0.00   97.00
15:06:25      15    1.01    0.00    0.00    0.00    0.00    1.01    0.00    0.00    0.00   97.98
15:06:25      16    3.03    0.00    0.00    1.01    0.00    0.00    0.00    0.00    0.00   95.96
15:06:25      17    2.02    0.00    0.00    0.00    0.00    0.00    0.00    0.00    0.00   97.98
15:06:25      18    3.00    0.00    1.00    0.00    0.00    0.00    0.00    0.00    0.00   96.00
15:06:25      19    1.00    0.00    0.00    0.00    0.00    0.00    0.00    0.00    0.00   99.00
15:06:25      20    2.00    0.00    1.00    1.00    0.00    0.00    0.00    0.00    0.00   96.00
15:06:25      21    2.00    0.00    1.00    0.00    0.00    0.00    0.00    0.00    0.00   97.00
15:06:25      22    2.02    0.00    0.00    0.00    0.00    0.00    0.00    0.00    0.00   97.98
15:06:25      23    3.00    0.00    1.00    0.00    0.00    0.00    0.00    0.00    0.00   96.00

15:06:25     CPU    %usr   %nice    %sys %iowait    %irq   %soft  %steal  %guest  %gnice   %idle
15:06:26     all    0.92    0.00    0.46    0.00    0.00    0.08    0.00    0.00    0.00   98.54
15:06:26       0    1.00    0.00    0.00    0.00    0.00    0.00    0.00    0.00    0.00   99.00
15:06:26       1    0.00    0.00    0.00    0.00    0.00    0.00    0.00    0.00    0.00  100.00
15:06:26       2    2.00    0.00    1.00    0.00    0.00    0.00    0.00    0.00    0.00   97.00
15:06:26       3    0.00    0.00    0.00    0.00    0.00    0.00    0.00    0.00    0.00  100.00
15:06:26       4    2.00    0.00    0.00    0.00    0.00    1.00    0.00    0.00    0.00   97.00
15:06:26       5    0.00    0.00    0.00    0.00    0.00    0.00    0.00    0.00    0.00  100.00
15:06:26       6    1.01    0.00    1.01    0.00    0.00    0.00    0.00    0.00    0.00   97.98
15:06:26       7    0.00    0.00    0.00    0.00    0.00    0.00    0.00    0.00    0.00  100.00
15:06:26       8    2.04    0.00    0.00    0.00    0.00    0.00    0.00    0.00    0.00   97.96
15:06:26       9    0.00    0.00    0.00    0.00    0.00    0.00    0.00    0.00    0.00  100.00
15:06:26      10    3.00    0.00    1.00    0.00    0.00    0.00    0.00    0.00    0.00   96.00
15:06:26      11    0.00    0.00    0.00    0.00    0.00    0.00    0.00    0.00    0.00  100.00
15:06:26      12    3.00    0.00    1.00    0.00    0.00    0.00    0.00    0.00    0.00   96.00
15:06:26      13    0.00    0.00    0.00    0.00    0.00    0.00    0.00    0.00    0.00  100.00
15:06:26      14    2.00    0.00    1.00    0.00    0.00    0.00    0.00    0.00    0.00   97.00
15:06:26      15    0.00    0.00    1.01    0.00    0.00    1.01    0.00    0.00    0.00   97.98
15:06:26      16    2.00    0.00    2.00    0.00    0.00    0.00    0.00    0.00    0.00   96.00
15:06:26      17    1.01    0.00    1.01    0.00    0.00    0.00    0.00    0.00    0.00   97.98
15:06:26      18    0.00    0.00    0.00    0.00    0.00    0.00    0.00    0.00    0.00  100.00
15:06:26      19    1.00    0.00    0.00    0.00    0.00    0.00    0.00    0.00    0.00   99.00
15:06:26      20    0.00    0.00    0.00    0.00    0.00    0.00    0.00    0.00    0.00  100.00
15:06:26      21    0.00    0.00    1.00    0.00    0.00    0.00    0.00    0.00    0.00   99.00
15:06:26      22    1.00    0.00    1.00    0.00    0.00    0.00    0.00    0.00    0.00   98.00
15:06:26      23    1.00    0.00    0.00    0.00    0.00    0.00    0.00    0.00    0.00   99.00

15:06:26     CPU    %usr   %nice    %sys %iowait    %irq   %soft  %steal  %guest  %gnice   %idle
15:06:27     all    1.09    0.00    0.46    0.00    0.00    0.08    0.00    0.00    0.00   98.37
15:06:27       0    1.00    0.00    0.00    0.00    0.00    0.00    0.00    0.00    0.00   99.00
15:06:27       1    0.00    0.00    0.00    0.00    0.00    0.00    0.00    0.00    0.00  100.00
15:06:27       2    2.97    0.00    0.00    0.00    0.00    0.00    0.00    0.00    0.00   97.03
15:06:27       3    0.00    0.00    0.00    0.00    0.00    0.00    0.00    0.00    0.00  100.00
15:06:27       4    2.00    0.00    1.00    0.00    0.00    0.00    0.00    0.00    0.00   97.00
15:06:27       5    0.00    0.00    0.00    0.00    0.00    0.00    0.00    0.00    0.00  100.00
15:06:27       6    3.00    0.00    0.00    0.00    0.00    0.00    0.00    0.00    0.00   97.00
15:06:27       7    0.00    0.00    0.00    0.00    0.00    0.00    0.00    0.00    0.00  100.00
15:06:27       8    6.00    0.00    2.00    0.00    0.00    0.00    0.00    0.00    0.00   92.00
15:06:27       9    0.00    0.00    0.00    0.00    0.00    0.00    0.00    0.00    0.00  100.00
15:06:27      10    1.98    0.00    1.98    0.00    0.00    0.00    0.00    0.00    0.00   96.04
15:06:27      11    0.00    0.00    0.00    0.00    0.00    0.00    0.00    0.00    0.00  100.00
15:06:27      12    1.01    0.00    1.01    0.00    0.00    0.00    0.00    0.00    0.00   97.98
15:06:27      13    0.00    0.00    0.00    0.00    0.00    0.00    0.00    0.00    0.00  100.00
15:06:27      14    0.00    0.00    0.00    0.00    0.00    0.00    0.00    0.00    0.00  100.00
15:06:27      15    0.00    0.00    1.02    0.00    0.00    1.02    0.00    0.00    0.00   97.96
15:06:27      16    0.00    0.00    1.01    0.00    0.00    0.00    0.00    0.00    0.00   98.99
15:06:27      17    1.01    0.00    0.00    0.00    0.00    0.00    0.00    0.00    0.00   98.99
15:06:27      18    1.00    0.00    1.00    0.00    0.00    0.00    0.00    0.00    0.00   98.00
15:06:27      19    0.00    0.00    0.00    0.00    0.00    0.00    0.00    0.00    0.00  100.00
15:06:27      20    1.98    0.00    0.00    0.00    0.00    0.00    0.00    0.00    0.00   98.02
15:06:27      21    0.99    0.00    0.99    0.00    0.00    0.99    0.00    0.00    0.00   97.03
15:06:27      22    2.04    0.00    0.00    0.00    0.00    0.00    0.00    0.00    0.00   97.96
15:06:27      23    1.00    0.00    1.00    0.00    0.00    0.00    0.00    0.00    0.00   98.00

15:06:27     CPU    %usr   %nice    %sys %iowait    %irq   %soft  %steal  %guest  %gnice   %idle
15:06:28     all    0.92    0.00    0.42    0.00    0.00    0.04    0.00    0.00    0.00   98.62
15:06:28       0    0.00    0.00    1.01    0.00    0.00    0.00    0.00    0.00    0.00   98.99
15:06:28       1    0.00    0.00    0.00    0.00    0.00    0.00    0.00    0.00    0.00  100.00
15:06:28       2    1.00    0.00    2.00    0.00    0.00    0.00    0.00    0.00    0.00   97.00
15:06:28       3    0.00    0.00    0.00    0.00    0.00    0.00    0.00    0.00    0.00  100.00
15:06:28       4    1.00    0.00    0.00    0.00    0.00    0.00    0.00    0.00    0.00   99.00
15:06:28       5    0.00    0.00    0.00    0.00    0.00    0.00    0.00    0.00    0.00  100.00
15:06:28       6    0.00    0.00    1.01    0.00    0.00    0.00    0.00    0.00    0.00   98.99
15:06:28       7    0.00    0.00    0.00    0.00    0.00    0.00    0.00    0.00    0.00  100.00
15:06:28       8    3.03    0.00    1.01    0.00    0.00    0.00    0.00    0.00    0.00   95.96
15:06:28       9    0.00    0.00    0.00    0.00    0.00    0.00    0.00    0.00    0.00  100.00
15:06:28      10    4.04    0.00    1.01    0.00    0.00    0.00    0.00    0.00    0.00   94.95
15:06:28      11    0.00    0.00    0.00    0.00    0.00    0.00    0.00    0.00    0.00  100.00
15:06:28      12    2.02    0.00    0.00    0.00    0.00    0.00    0.00    0.00    0.00   97.98
15:06:28      13    0.00    0.00    0.00    0.00    0.00    0.00    0.00    0.00    0.00  100.00
15:06:28      14    2.00    0.00    0.00    0.00    0.00    0.00    0.00    0.00    0.00   98.00
15:06:28      15    1.02    0.00    0.00    0.00    0.00    1.02    0.00    0.00    0.00   97.96
15:06:28      16    2.00    0.00    1.00    0.00    0.00    0.00    0.00    0.00    0.00   97.00
15:06:28      17    1.01    0.00    1.01    0.00    0.00    0.00    0.00    0.00    0.00   97.98
15:06:28      18    0.99    0.00    0.99    0.00    0.00    0.00    0.00    0.00    0.00   98.02
15:06:28      19    0.00    0.00    0.00    0.00    0.00    0.00    0.00    0.00    0.00  100.00
15:06:28      20    1.00    0.00    1.00    0.00    0.00    0.00    0.00    0.00    0.00   98.00
15:06:28      21    1.00    0.00    0.00    0.00    0.00    0.00    0.00    0.00    0.00   99.00
15:06:28      22    1.01    0.00    0.00    0.00    0.00    0.00    0.00    0.00    0.00   98.99
15:06:28      23    1.00    0.00    0.00    0.00    0.00    0.00    0.00    0.00    0.00   99.00

15:06:28     CPU    %usr   %nice    %sys %iowait    %irq   %soft  %steal  %guest  %gnice   %idle
15:06:29     all    1.09    0.00    0.33    0.00    0.00    0.04    0.00    0.00    0.00   98.54
15:06:29       0    2.00    0.00    1.00    0.00    0.00    0.00    0.00    0.00    0.00   97.00
15:06:29       1    0.00    0.00    0.00    0.00    0.00    0.00    0.00    0.00    0.00  100.00
15:06:29       2    0.00    0.00    0.00    0.00    0.00    0.00    0.00    0.00    0.00  100.00
15:06:29       3    0.00    0.00    0.00    0.00    0.00    0.00    0.00    0.00    0.00  100.00
15:06:29       4    2.02    0.00    0.00    0.00    0.00    0.00    0.00    0.00    0.00   97.98
15:06:29       5    0.00    0.00    0.00    0.00    0.00    0.00    0.00    0.00    0.00  100.00
15:06:29       6    2.02    0.00    0.00    0.00    0.00    0.00    0.00    0.00    0.00   97.98
15:06:29       7    0.00    0.00    0.00    0.00    0.00    0.00    0.00    0.00    0.00  100.00
15:06:29       8    3.96    0.00    0.99    0.00    0.00    0.00    0.00    0.00    0.00   95.05
15:06:29       9    0.00    0.00    0.00    0.00    0.00    0.00    0.00    0.00    0.00  100.00
15:06:29      10    4.00    0.00    0.00    0.00    0.00    0.00    0.00    0.00    0.00   96.00
15:06:29      11    0.00    0.00    0.00    0.00    0.00    0.00    0.00    0.00    0.00  100.00
15:06:29      12    2.00    0.00    1.00    0.00    0.00    0.00    0.00    0.00    0.00   97.00
15:06:29      13    0.00    0.00    0.00    0.00    0.00    0.00    0.00    0.00    0.00  100.00
15:06:29      14    1.00    0.00    1.00    0.00    0.00    0.00    0.00    0.00    0.00   98.00
15:06:29      15    0.00    0.00    0.00    0.00    0.00    1.01    0.00    0.00    0.00   98.99
15:06:29      16    1.01    0.00    0.00    0.00    0.00    0.00    0.00    0.00    0.00   98.99
15:06:29      17    0.99    0.00    0.99    0.00    0.00    0.00    0.00    0.00    0.00   98.02
15:06:29      18    0.00    0.00    0.00    0.00    0.00    0.00    0.00    0.00    0.00  100.00
15:06:29      19    0.98    0.00    0.98    0.00    0.00    0.00    0.00    0.00    0.00   98.04
15:06:29      20    2.97    0.00    1.98    0.00    0.00    0.00    0.00    0.00    0.00   95.05
15:06:29      21    1.00    0.00    0.00    0.00    0.00    0.00    0.00    0.00    0.00   99.00
15:06:29      22    1.02    0.00    0.00    0.00    0.00    0.00    0.00    0.00    0.00   98.98
15:06:29      23    1.01    0.00    0.00    0.00    0.00    0.00    0.00    0.00    0.00   98.99

15:06:29     CPU    %usr   %nice    %sys %iowait    %irq   %soft  %steal  %guest  %gnice   %idle
15:06:30     all    1.00    0.00    0.50    0.00    0.00    0.04    0.00    0.00    0.00   98.46
15:06:30       0    0.00    0.00    1.00    0.00    0.00    0.00    0.00    0.00    0.00   99.00
15:06:30       1    0.00    0.00    0.00    0.00    0.00    0.00    0.00    0.00    0.00  100.00
15:06:30       2    1.98    0.00    0.99    0.00    0.00    0.00    0.00    0.00    0.00   97.03
15:06:30       3    0.00    0.00    0.00    0.00    0.00    0.00    0.00    0.00    0.00  100.00
15:06:30       4    1.00    0.00    0.00    0.00    0.00    0.00    0.00    0.00    0.00   99.00
15:06:30       5    0.00    0.00    0.00    0.00    0.00    0.00    0.00    0.00    0.00  100.00
15:06:30       6    2.00    0.00    0.00    0.00    0.00    0.00    0.00    0.00    0.00   98.00
15:06:30       7    0.00    0.00    0.00    0.00    0.00    0.00    0.00    0.00    0.00  100.00
15:06:30       8    3.00    0.00    3.00    0.00    0.00    0.00    0.00    0.00    0.00   94.00
15:06:30       9    0.00    0.00    0.00    0.00    0.00    0.00    0.00    0.00    0.00  100.00
15:06:30      10    4.04    0.00    1.01    0.00    0.00    0.00    0.00    0.00    0.00   94.95
15:06:30      11    0.00    0.00    0.00    0.00    0.00    0.00    0.00    0.00    0.00  100.00
15:06:30      12    1.00    0.00    1.00    0.00    0.00    0.00    0.00    0.00    0.00   98.00
15:06:30      13    0.00    0.00    0.00    0.00    0.00    0.00    0.00    0.00    0.00  100.00
15:06:30      14    1.00    0.00    0.00    0.00    0.00    0.00    0.00    0.00    0.00   99.00
15:06:30      15    0.00    0.00    1.02    0.00    0.00    1.02    0.00    0.00    0.00   97.96
15:06:30      16    1.00    0.00    1.00    0.00    0.00    0.00    0.00    0.00    0.00   98.00
15:06:30      17    1.00    0.00    0.00    0.00    0.00    0.00    0.00    0.00    0.00   99.00
15:06:30      18    1.00    0.00    0.00    0.00    0.00    0.00    0.00    0.00    0.00   99.00
15:06:30      19    0.00    0.00    0.00    0.00    0.00    0.00    0.00    0.00    0.00  100.00
15:06:30      20    2.02    0.00    0.00    0.00    0.00    0.00    0.00    0.00    0.00   97.98
15:06:30      21    1.01    0.00    1.01    0.00    0.00    0.00    0.00    0.00    0.00   97.98
15:06:30      22    2.00    0.00    1.00    0.00    0.00    0.00    0.00    0.00    0.00   97.00
15:06:30      23    1.98    0.00    0.99    0.00    0.00    0.00    0.00    0.00    0.00   97.03

15:06:30     CPU    %usr   %nice    %sys %iowait    %irq   %soft  %steal  %guest  %gnice   %idle
15:06:31     all    1.01    0.00    0.25    0.08    0.00    0.04    0.00    0.00    0.00   98.62
15:06:31       0    1.01    0.00    0.00    0.00    0.00    0.00    0.00    0.00    0.00   98.99
15:06:31       1    0.00    0.00    0.00    0.00    0.00    0.00    0.00    0.00    0.00  100.00
15:06:31       2    1.01    0.00    0.00    0.00    0.00    0.00    0.00    0.00    0.00   98.99
15:06:31       3    0.00    0.00    0.00    0.00    0.00    0.00    0.00    0.00    0.00  100.00
15:06:31       4    1.98    0.00    0.99    0.00    0.00    0.00    0.00    0.00    0.00   97.03
15:06:31       5    0.00    0.00    0.00    0.00    0.00    0.00    0.00    0.00    0.00  100.00
15:06:31       6    1.00    0.00    1.00    0.00    0.00    0.00    0.00    0.00    0.00   98.00
15:06:31       7    0.00    0.00    0.00    0.00    0.00    0.00    0.00    0.00    0.00  100.00
15:06:31       8    5.00    0.00    1.00    1.00    0.00    0.00    0.00    0.00    0.00   93.00
15:06:31       9    0.00    0.00    0.00    0.00    0.00    0.00    0.00    0.00    0.00  100.00
15:06:31      10    5.05    0.00    1.01    0.00    0.00    0.00    0.00    0.00    0.00   93.94
15:06:31      11    0.00    0.00    0.00    0.00    0.00    0.00    0.00    0.00    0.00  100.00
15:06:31      12    1.01    0.00    0.00    0.00    0.00    0.00    0.00    0.00    0.00   98.99
15:06:31      13    0.00    0.00    0.00    0.00    0.00    0.00    0.00    0.00    0.00  100.00
15:06:31      14    1.01    0.00    1.01    0.00    0.00    0.00    0.00    0.00    0.00   97.98
15:06:31      15    0.00    0.00    0.00    0.00    0.00    1.02    0.00    0.00    0.00   98.98
15:06:31      16    1.01    0.00    0.00    1.01    0.00    0.00    0.00    0.00    0.00   97.98
15:06:31      17    1.01    0.00    0.00    0.00    0.00    0.00    0.00    0.00    0.00   98.99
15:06:31      18    0.00    0.00    1.00    0.00    0.00    0.00    0.00    0.00    0.00   99.00
15:06:31      19    0.00    0.00    0.00    0.00    0.00    0.00    0.00    0.00    0.00  100.00
15:06:31      20    1.00    0.00    0.00    0.00    0.00    0.00    0.00    0.00    0.00   99.00
15:06:31      21    1.00    0.00    0.00    0.00    0.00    0.00    0.00    0.00    0.00   99.00
15:06:31      22    2.04    0.00    0.00    0.00    0.00    0.00    0.00    0.00    0.00   97.96
15:06:31      23    1.01    0.00    0.00    0.00    0.00    0.00    0.00    0.00    0.00   98.99

15:06:31     CPU    %usr   %nice    %sys %iowait    %irq   %soft  %steal  %guest  %gnice   %idle
15:06:32     all    0.96    0.00    0.54    0.04    0.00    0.00    0.00    0.00    0.00   98.45
15:06:32       0    1.01    0.00    1.01    0.00    0.00    0.00    0.00    0.00    0.00   97.98
15:06:32       1    0.00    0.00    0.00    0.00    0.00    0.00    0.00    0.00    0.00  100.00
15:06:32       2    1.00    0.00    1.00    0.00    0.00    0.00    0.00    0.00    0.00   98.00
15:06:32       3    0.00    0.00    0.00    0.00    0.00    0.00    0.00    0.00    0.00  100.00
15:06:32       4    1.01    0.00    1.01    0.00    0.00    0.00    0.00    0.00    0.00   97.98
15:06:32       5    0.00    0.00    0.00    0.00    0.00    0.00    0.00    0.00    0.00  100.00
15:06:32       6    1.00    0.00    0.00    1.00    0.00    0.00    0.00    0.00    0.00   98.00
15:06:32       7    0.00    0.00    0.00    0.00    0.00    0.00    0.00    0.00    0.00  100.00
15:06:32       8    4.04    0.00    1.01    0.00    0.00    0.00    0.00    0.00    0.00   94.95
15:06:32       9    0.00    0.00    0.00    0.00    0.00    0.00    0.00    0.00    0.00  100.00
15:06:32      10    2.97    0.00    0.99    0.00    0.00    0.00    0.00    0.00    0.00   96.04
15:06:32      11    0.00    0.00    0.00    0.00    0.00    0.00    0.00    0.00    0.00  100.00
15:06:32      12    1.00    0.00    1.00    0.00    0.00    0.00    0.00    0.00    0.00   98.00
15:06:32      13    0.00    0.00    0.00    0.00    0.00    0.00    0.00    0.00    0.00  100.00
15:06:32      14    1.00    0.00    1.00    0.00    0.00    0.00    0.00    0.00    0.00   98.00
15:06:32      15    1.02    0.00    0.00    0.00    0.00    0.00    0.00    0.00    0.00   98.98
15:06:32      16    1.02    0.00    2.04    0.00    0.00    0.00    0.00    0.00    0.00   96.94
15:06:32      17    1.00    0.00    1.00    0.00    0.00    0.00    0.00    0.00    0.00   98.00
15:06:32      18    1.01    0.00    0.00    0.00    0.00    0.00    0.00    0.00    0.00   98.99
15:06:32      19    1.00    0.00    0.00    0.00    0.00    0.00    0.00    0.00    0.00   99.00
15:06:32      20    1.98    0.00    0.99    0.00    0.00    0.00    0.00    0.00    0.00   97.03
15:06:32      21    0.99    0.00    0.99    0.00    0.00    0.00    0.00    0.00    0.00   98.02
15:06:32      22    1.01    0.00    0.00    0.00    0.00    0.00    0.00    0.00    0.00   98.99
15:06:32      23    1.00    0.00    1.00    0.00    0.00    0.00    0.00    0.00    0.00   98.00

15:06:32     CPU    %usr   %nice    %sys %iowait    %irq   %soft  %steal  %guest  %gnice   %idle
15:06:33     all    1.09    0.00    0.29    0.08    0.00    0.04    0.00    0.00    0.00   98.50
15:06:33       0    1.00    0.00    1.00    0.00    0.00    0.00    0.00    0.00    0.00   98.00
15:06:33       1    0.00    0.00    0.00    0.00    0.00    0.00    0.00    0.00    0.00  100.00
15:06:33       2    1.98    0.00    0.00    0.00    0.00    0.00    0.00    0.00    0.00   98.02
15:06:33       3    0.00    0.00    0.00    0.00    0.00    0.00    0.00    0.00    0.00  100.00
15:06:33       4    1.01    0.00    2.02    0.00    0.00    0.00    0.00    0.00    0.00   96.97
15:06:33       5    0.00    0.00    0.00    0.00    0.00    0.00    0.00    0.00    0.00  100.00
15:06:33       6    1.01    0.00    0.00    0.00    0.00    0.00    0.00    0.00    0.00   98.99
15:06:33       7    0.00    0.00    0.00    0.00    0.00    0.00    0.00    0.00    0.00  100.00
15:06:33       8    4.00    0.00    1.00    0.00    0.00    0.00    0.00    0.00    0.00   95.00
15:06:33       9    0.00    0.00    0.00    0.00    0.00    0.00    0.00    0.00    0.00  100.00
15:06:33      10    5.00    0.00    2.00    0.00    0.00    0.00    0.00    0.00    0.00   93.00
15:06:33      11    0.00    0.00    0.00    0.00    0.00    0.00    0.00    0.00    0.00  100.00
15:06:33      12    1.01    0.00    0.00    0.00    0.00    0.00    0.00    0.00    0.00   98.99
15:06:33      13    0.00    0.00    0.00    0.00    0.00    0.00    0.00    0.00    0.00  100.00
15:06:33      14    0.00    0.00    0.00    0.00    0.00    0.00    0.00    0.00    0.00  100.00
15:06:33      15    0.00    0.00    0.00    1.01    0.00    1.01    0.00    0.00    0.00   97.98
15:06:33      16    1.00    0.00    0.00    0.00    0.00    0.00    0.00    0.00    0.00   99.00
15:06:33      17    0.00    0.00    0.00    0.00    0.00    0.00    0.00    0.00    0.00  100.00
15:06:33      18    0.99    0.00    0.00    0.00    0.00    0.00    0.00    0.00    0.00   99.01
15:06:33      19    0.99    0.00    0.99    0.00    0.00    0.00    0.00    0.00    0.00   98.02
15:06:33      20    2.02    0.00    0.00    0.00    0.00    0.00    0.00    0.00    0.00   97.98
15:06:33      21    1.01    0.00    0.00    0.00    0.00    0.00    0.00    0.00    0.00   98.99
15:06:33      22    2.02    0.00    0.00    0.00    0.00    0.00    0.00    0.00    0.00   97.98
15:06:33      23    2.97    0.00    0.00    0.99    0.00    0.00    0.00    0.00    0.00   96.04

15:06:33     CPU    %usr   %nice    %sys %iowait    %irq   %soft  %steal  %guest  %gnice   %idle
15:06:34     all    1.04    0.00    0.42    0.00    0.00    0.04    0.00    0.00    0.00   98.50
15:06:34       0    1.01    0.00    0.00    0.00    0.00    0.00    0.00    0.00    0.00   98.99
15:06:34       1    0.00    0.00    0.00    0.00    0.00    0.00    0.00    0.00    0.00  100.00
15:06:34       2    1.01    0.00    0.00    0.00    0.00    0.00    0.00    0.00    0.00   98.99
15:06:34       3    0.00    0.00    0.00    0.00    0.00    0.00    0.00    0.00    0.00  100.00
15:06:34       4    2.00    0.00    0.00    0.00    0.00    0.00    0.00    0.00    0.00   98.00
15:06:34       5    0.00    0.00    0.00    0.00    0.00    0.00    0.00    0.00    0.00  100.00
15:06:34       6    1.01    0.00    1.01    0.00    0.00    0.00    0.00    0.00    0.00   97.98
15:06:34       7    0.00    0.00    0.00    0.00    0.00    0.00    0.00    0.00    0.00  100.00
15:06:34       8    4.04    0.00    1.01    0.00    0.00    0.00    0.00    0.00    0.00   94.95
15:06:34       9    0.00    0.00    0.00    0.00    0.00    0.00    0.00    0.00    0.00  100.00
15:06:34      10    5.05    0.00    1.01    0.00    0.00    0.00    0.00    0.00    0.00   93.94
15:06:34      11    0.00    0.00    0.00    0.00    0.00    0.00    0.00    0.00    0.00  100.00
15:06:34      12    0.99    0.00    0.99    0.00    0.00    0.00    0.00    0.00    0.00   98.02
15:06:34      13    0.00    0.00    0.00    0.00    0.00    0.00    0.00    0.00    0.00  100.00
15:06:34      14    1.00    0.00    1.00    0.00    0.00    0.00    0.00    0.00    0.00   98.00
15:06:34      15    0.00    0.00    1.01    0.00    0.00    1.01    0.00    0.00    0.00   97.98
15:06:34      16    2.00    0.00    1.00    0.00    0.00    0.00    0.00    0.00    0.00   97.00
15:06:34      17    1.00    0.00    0.00    0.00    0.00    0.00    0.00    0.00    0.00   99.00
15:06:34      18    1.00    0.00    0.00    0.00    0.00    0.00    0.00    0.00    0.00   99.00
15:06:34      19    0.00    0.00    0.00    0.00    0.00    0.00    0.00    0.00    0.00  100.00
15:06:34      20    1.98    0.00    0.99    0.00    0.00    0.00    0.00    0.00    0.00   97.03
15:06:34      21    1.00    0.00    0.00    0.00    0.00    0.00    0.00    0.00    0.00   99.00
15:06:34      22    1.01    0.00    1.01    0.00    0.00    0.00    0.00    0.00    0.00   97.98
15:06:34      23    1.00    0.00    1.00    0.00    0.00    0.00    0.00    0.00    0.00   98.00

15:06:34     CPU    %usr   %nice    %sys %iowait    %irq   %soft  %steal  %guest  %gnice   %idle
15:06:35     all    1.30    0.00    0.38    0.00    0.00    0.08    0.00    0.00    0.00   98.24
15:06:35       0    0.00    0.00    0.00    0.00    0.00    0.00    0.00    0.00    0.00  100.00
15:06:35       1    0.00    0.00    0.00    0.00    0.00    0.00    0.00    0.00    0.00  100.00
15:06:35       2    1.01    0.00    1.01    0.00    0.00    0.00    0.00    0.00    0.00   97.98
15:06:35       3    0.00    0.00    0.00    0.00    0.00    0.00    0.00    0.00    0.00  100.00
15:06:35       4    2.02    0.00    0.00    0.00    0.00    0.00    0.00    0.00    0.00   97.98
15:06:35       5    0.00    0.00    0.00    0.00    0.00    0.00    0.00    0.00    0.00  100.00
15:06:35       6    4.00    0.00    1.00    0.00    0.00    0.00    0.00    0.00    0.00   95.00
15:06:35       7    0.00    0.00    0.00    0.00    0.00    0.00    0.00    0.00    0.00  100.00
15:06:35       8    3.00    0.00    1.00    0.00    0.00    0.00    0.00    0.00    0.00   96.00
15:06:35       9    0.00    0.00    0.00    0.00    0.00    0.00    0.00    0.00    0.00  100.00
15:06:35      10    6.06    0.00    1.01    0.00    0.00    0.00    0.00    0.00    0.00   92.93
15:06:35      11    0.99    0.00    0.00    0.00    0.00    0.00    0.00    0.00    0.00   99.01
15:06:35      12    2.04    0.00    0.00    0.00    0.00    0.00    0.00    0.00    0.00   97.96
15:06:35      13    0.00    0.00    0.00    0.00    0.00    0.00    0.00    0.00    0.00  100.00
15:06:35      14    2.02    0.00    1.01    0.00    0.00    0.00    0.00    0.00    0.00   96.97
15:06:35      15    0.00    0.00    0.00    0.00    0.00    2.02    0.00    0.00    0.00   97.98
15:06:35      16    1.02    0.00    0.00    0.00    0.00    0.00    0.00    0.00    0.00   98.98
15:06:35      17    1.02    0.00    1.02    0.00    0.00    0.00    0.00    0.00    0.00   97.96
15:06:35      18    2.00    0.00    1.00    0.00    0.00    0.00    0.00    0.00    0.00   97.00
15:06:35      19    1.98    0.00    0.99    0.00    0.00    0.00    0.00    0.00    0.00   97.03
15:06:35      20    0.99    0.00    0.00    0.00    0.00    0.00    0.00    0.00    0.00   99.01
15:06:35      21    0.00    0.00    1.00    0.00    0.00    0.00    0.00    0.00    0.00   99.00
15:06:35      22    1.02    0.00    0.00    0.00    0.00    0.00    0.00    0.00    0.00   98.98
15:06:35      23    2.02    0.00    0.00    0.00    0.00    0.00    0.00    0.00    0.00   97.98

15:06:35     CPU    %usr   %nice    %sys %iowait    %irq   %soft  %steal  %guest  %gnice   %idle
15:06:36     all    1.38    0.00    0.38    0.00    0.00    0.04    0.00    0.00    0.00   98.20
15:06:36       0    1.00    0.00    1.00    0.00    0.00    0.00    0.00    0.00    0.00   98.00
15:06:36       1    0.00    0.00    0.00    0.00    0.00    0.00    0.00    0.00    0.00  100.00
15:06:36       2    2.00    0.00    0.00    0.00    0.00    0.00    0.00    0.00    0.00   98.00
15:06:36       3    0.00    0.00    0.00    0.00    0.00    0.00    0.00    0.00    0.00  100.00
15:06:36       4    2.00    0.00    1.00    0.00    0.00    0.00    0.00    0.00    0.00   97.00
15:06:36       5    0.00    0.00    0.00    0.00    0.00    0.00    0.00    0.00    0.00  100.00
15:06:36       6    1.01    0.00    0.00    0.00    0.00    0.00    0.00    0.00    0.00   98.99
15:06:36       7    0.00    0.00    0.00    0.00    0.00    0.00    0.00    0.00    0.00  100.00
15:06:36       8    5.05    0.00    1.01    0.00    0.00    0.00    0.00    0.00    0.00   93.94
15:06:36       9    0.00    0.00    0.00    0.00    0.00    0.00    0.00    0.00    0.00  100.00
15:06:36      10    4.04    0.00    0.00    0.00    0.00    0.00    0.00    0.00    0.00   95.96
15:06:36      11    0.00    0.00    0.00    0.00    0.00    0.00    0.00    0.00    0.00  100.00
15:06:36      12    4.00    0.00    2.00    0.00    0.00    0.00    0.00    0.00    0.00   94.00
15:06:36      13    0.00    0.00    0.00    0.00    0.00    0.00    0.00    0.00    0.00  100.00
15:06:36      14    2.02    0.00    0.00    0.00    0.00    0.00    0.00    0.00    0.00   97.98
15:06:36      15    0.00    0.00    0.00    0.00    0.00    1.03    0.00    0.00    0.00   98.97
15:06:36      16    2.02    0.00    1.01    0.00    0.00    0.00    0.00    0.00    0.00   96.97
15:06:36      17    3.00    0.00    0.00    0.00    0.00    0.00    0.00    0.00    0.00   97.00
15:06:36      18    2.02    0.00    1.01    0.00    0.00    0.00    0.00    0.00    0.00   96.97
15:06:36      19    1.98    0.00    0.00    0.00    0.00    0.00    0.00    0.00    0.00   98.02
15:06:36      20    1.00    0.00    0.00    0.00    0.00    0.00    0.00    0.00    0.00   99.00
15:06:36      21    1.00    0.00    0.00    0.00    0.00    0.00    0.00    0.00    0.00   99.00
15:06:36      22    1.01    0.00    1.01    0.00    0.00    0.00    0.00    0.00    0.00   97.98
15:06:36      23    0.00    0.00    1.00    0.00    0.00    0.00    0.00    0.00    0.00   99.00

15:06:36     CPU    %usr   %nice    %sys %iowait    %irq   %soft  %steal  %guest  %gnice   %idle
15:06:37     all    1.92    0.00    0.54    0.00    0.00    0.08    0.00    0.00    0.00   97.45
15:06:37       0    0.99    0.00    0.99    0.00    0.00    0.00    0.00    0.00    0.00   98.02
15:06:37       1    0.00    0.00    0.00    0.00    0.00    0.00    0.00    0.00    0.00  100.00
15:06:37       2    7.00    0.00    1.00    0.00    0.00    0.00    0.00    0.00    0.00   92.00
15:06:37       3    0.00    0.00    0.00    0.00    0.00    0.00    0.00    0.00    0.00  100.00
15:06:37       4    3.96    0.00    0.99    0.00    0.00    0.00    0.00    0.00    0.00   95.05
15:06:37       5    0.00    0.00    0.00    0.00    0.00    0.00    0.00    0.00    0.00  100.00
15:06:37       6    4.00    0.00    1.00    0.00    0.00    0.00    0.00    0.00    0.00   95.00
15:06:37       7    0.00    0.00    0.00    0.00    0.00    0.99    0.00    0.00    0.00   99.01
15:06:37       8    7.07    0.00    2.02    0.00    0.00    0.00    0.00    0.00    0.00   90.91
15:06:37       9    0.00    0.00    0.00    0.00    0.00    0.00    0.00    0.00    0.00  100.00
15:06:37      10    4.08    0.00    0.00    0.00    0.00    0.00    0.00    0.00    0.00   95.92
15:06:37      11    0.00    0.00    0.00    0.00    0.00    0.00    0.00    0.00    0.00  100.00
15:06:37      12    2.00    0.00    1.00    0.00    0.00    0.00    0.00    0.00    0.00   97.00
15:06:37      13    0.00    0.00    0.00    0.00    0.00    0.00    0.00    0.00    0.00  100.00
15:06:37      14    5.00    0.00    2.00    0.00    0.00    0.00    0.00    0.00    0.00   93.00
15:06:37      15    0.00    0.00    0.00    0.00    0.00    1.02    0.00    0.00    0.00   98.98
15:06:37      16    1.98    0.00    0.99    0.00    0.00    0.00    0.00    0.00    0.00   97.03
15:06:37      17    2.02    0.00    1.01    0.00    0.00    0.00    0.00    0.00    0.00   96.97
15:06:37      18    1.01    0.00    1.01    0.00    0.00    0.00    0.00    0.00    0.00   97.98
15:06:37      19    1.01    0.00    0.00    0.00    0.00    0.00    0.00    0.00    0.00   98.99
15:06:37      20    1.01    0.00    0.00    0.00    0.00    0.00    0.00    0.00    0.00   98.99
15:06:37      21    1.00    0.00    0.00    0.00    0.00    0.00    0.00    0.00    0.00   99.00
15:06:37      22    2.02    0.00    1.01    0.00    0.00    0.00    0.00    0.00    0.00   96.97
15:06:37      23    2.00    0.00    0.00    0.00    0.00    0.00    0.00    0.00    0.00   98.00

15:06:37     CPU    %usr   %nice    %sys %iowait    %irq   %soft  %steal  %guest  %gnice   %idle
15:06:38     all    2.59    0.00    0.38    0.08    0.00    0.13    0.00    0.00    0.00   96.82
15:06:38       0    0.00    0.00    0.00    0.00    0.00    0.00    0.00    0.00    0.00  100.00
15:06:38       1    0.99    0.00    0.00    0.00    0.00    0.00    0.00    0.00    0.00   99.01
15:06:38       2    4.95    0.00    1.98    0.00    0.00    0.00    0.00    0.00    0.00   93.07
15:06:38       3    0.00    0.00    0.00    0.00    0.00    0.00    0.00    0.00    0.00  100.00
15:06:38       4    5.05    0.00    1.01    0.00    0.00    0.00    0.00    0.00    0.00   93.94
15:06:38       5    1.00    0.00    0.00    0.00    0.00    0.00    0.00    0.00    0.00   99.00
15:06:38       6    3.00    0.00    0.00    0.00    0.00    1.00    0.00    0.00    0.00   96.00
15:06:38       7    0.00    0.00    0.00    0.00    0.00    0.00    0.00    0.00    0.00  100.00
15:06:38       8    8.08    0.00    0.00    0.00    0.00    0.00    0.00    0.00    0.00   91.92
15:06:38       9    0.00    0.00    0.00    0.00    0.00    0.00    0.00    0.00    0.00  100.00
15:06:38      10    9.00    0.00    1.00    0.00    0.00    0.00    0.00    0.00    0.00   90.00
15:06:38      11    0.00    0.00    0.00    0.00    0.00    0.00    0.00    0.00    0.00  100.00
15:06:38      12    3.03    0.00    0.00    0.00    0.00    0.00    0.00    0.00    0.00   96.97
15:06:38      13    0.00    0.00    0.00    0.00    0.00    0.00    0.00    0.00    0.00  100.00
15:06:38      14    2.02    0.00    0.00    0.00    0.00    0.00    0.00    0.00    0.00   97.98
15:06:38      15    2.97    0.00    0.99    0.99    0.00    1.98    0.00    0.00    0.00   93.07
15:06:38      16    4.04    0.00    0.00    1.01    0.00    0.00    0.00    0.00    0.00   94.95
15:06:38      17    2.02    0.00    1.01    0.00    0.00    0.00    0.00    0.00    0.00   96.97
15:06:38      18    3.03    0.00    0.00    0.00    0.00    0.00    0.00    0.00    0.00   96.97
15:06:38      19    2.00    0.00    1.00    0.00    0.00    0.00    0.00    0.00    0.00   97.00
15:06:38      20    4.95    0.00    0.99    0.00    0.00    0.00    0.00    0.00    0.00   94.06
15:06:38      21    1.98    0.00    0.99    0.00    0.00    0.00    0.00    0.00    0.00   97.03
15:06:38      22    4.08    0.00    0.00    0.00    0.00    0.00    0.00    0.00    0.00   95.92
15:06:38      23    0.00    0.00    0.00    0.00    0.00    0.00    0.00    0.00    0.00  100.00

15:06:38     CPU    %usr   %nice    %sys %iowait    %irq   %soft  %steal  %guest  %gnice   %idle
15:06:39     all    2.69    0.00    0.34    0.00    0.00    0.04    0.00    0.00    0.00   96.94
15:06:39       0    2.02    0.00    0.00    0.00    0.00    0.00    0.00    0.00    0.00   97.98
15:06:39       1    7.07    0.00    0.00    0.00    0.00    0.00    0.00    0.00    0.00   92.93
15:06:39       2    6.12    0.00    0.00    0.00    0.00    0.00    0.00    0.00    0.00   93.88
15:06:39       3    0.00    0.00    0.00    0.00    0.00    0.00    0.00    0.00    0.00  100.00
15:06:39       4    5.00    0.00    1.00    0.00    0.00    0.00    0.00    0.00    0.00   94.00
15:06:39       5    0.00    0.00    0.00    0.00    0.00    0.00    0.00    0.00    0.00  100.00
15:06:39       6    3.96    0.00    0.00    0.00    0.00    0.00    0.00    0.00    0.00   96.04
15:06:39       7    0.00    0.00    0.00    0.00    0.00    0.00    0.00    0.00    0.00  100.00
15:06:39       8    7.07    0.00    1.01    0.00    0.00    0.00    0.00    0.00    0.00   91.92
15:06:39       9    0.00    0.00    0.00    0.00    0.00    0.00    0.00    0.00    0.00  100.00
15:06:39      10   11.00    0.00    3.00    0.00    0.00    0.00    0.00    0.00    0.00   86.00
15:06:39      11    0.00    0.00    0.00    0.00    0.00    0.00    0.00    0.00    0.00  100.00
15:06:39      12    2.04    0.00    1.02    0.00    0.00    0.00    0.00    0.00    0.00   96.94
15:06:39      13    0.00    0.00    0.00    0.00    0.00    0.00    0.00    0.00    0.00  100.00
15:06:39      14    2.02    0.00    0.00    0.00    0.00    0.00    0.00    0.00    0.00   97.98
15:06:39      15    0.00    0.00    0.00    0.00    0.00    1.02    0.00    0.00    0.00   98.98
15:06:39      16    4.08    0.00    0.00    0.00    0.00    0.00    0.00    0.00    0.00   95.92
15:06:39      17    2.04    0.00    0.00    0.00    0.00    0.00    0.00    0.00    0.00   97.96
15:06:39      18    3.03    0.00    0.00    0.00    0.00    0.00    0.00    0.00    0.00   96.97
15:06:39      19    4.00    0.00    1.00    0.00    0.00    0.00    0.00    0.00    0.00   95.00
15:06:39      20    1.01    0.00    0.00    0.00    0.00    0.00    0.00    0.00    0.00   98.99
15:06:39      21    2.02    0.00    0.00    0.00    0.00    0.00    0.00    0.00    0.00   97.98
15:06:39      22    1.02    0.00    0.00    0.00    0.00    0.00    0.00    0.00    0.00   98.98
15:06:39      23    0.99    0.00    0.99    0.00    0.00    0.00    0.00    0.00    0.00   98.02

15:06:39     CPU    %usr   %nice    %sys %iowait    %irq   %soft  %steal  %guest  %gnice   %idle
15:06:40     all    2.05    0.00    0.54    0.00    0.00    0.08    0.00    0.00    0.00   97.32
15:06:40       0    0.00    0.00    0.00    0.00    0.00    0.00    0.00    0.00    0.00  100.00
15:06:40       1    1.00    0.00    0.00    0.00    0.00    0.00    0.00    0.00    0.00   99.00
15:06:40       2    8.00    0.00    1.00    0.00    0.00    0.00    0.00    0.00    0.00   91.00
15:06:40       3    0.00    0.00    0.00    0.00    0.00    0.00    0.00    0.00    0.00  100.00
15:06:40       4    3.03    0.00    1.01    0.00    0.00    0.00    0.00    0.00    0.00   95.96
15:06:40       5    0.00    0.00    0.00    0.00    0.00    0.00    0.00    0.00    0.00  100.00
15:06:40       6    2.02    0.00    1.01    0.00    0.00    0.00    0.00    0.00    0.00   96.97
15:06:40       7    0.00    0.00    0.00    0.00    0.00    0.00    0.00    0.00    0.00  100.00
15:06:40       8    6.06    0.00    2.02    0.00    0.00    0.00    0.00    0.00    0.00   91.92
15:06:40       9    0.00    0.00    0.00    0.00    0.00    0.00    0.00    0.00    0.00  100.00
15:06:40      10    8.08    0.00    1.01    0.00    0.00    0.00    0.00    0.00    0.00   90.91
15:06:40      11    0.00    0.00    0.00    0.00    0.00    0.00    0.00    0.00    0.00  100.00
15:06:40      12    6.00    0.00    0.00    0.00    0.00    0.00    0.00    0.00    0.00   94.00
15:06:40      13    0.00    0.00    0.00    0.00    0.00    0.00    0.00    0.00    0.00  100.00
15:06:40      14    6.00    0.00    2.00    0.00    0.00    0.00    0.00    0.00    0.00   92.00
15:06:40      15    0.00    0.00    0.00    0.00    0.00    2.02    0.00    0.00    0.00   97.98
15:06:40      16    1.01    0.00    1.01    0.00    0.00    0.00    0.00    0.00    0.00   97.98
15:06:40      17    1.00    0.00    1.00    0.00    0.00    0.00    0.00    0.00    0.00   98.00
15:06:40      18    1.00    0.00    1.00    0.00    0.00    0.00    0.00    0.00    0.00   98.00
15:06:40      19    1.01    0.00    0.00    0.00    0.00    0.00    0.00    0.00    0.00   98.99
15:06:40      20    1.01    0.00    0.00    0.00    0.00    0.00    0.00    0.00    0.00   98.99
15:06:40      21    1.00    0.00    0.00    0.00    0.00    0.00    0.00    0.00    0.00   99.00
15:06:40      22    1.01    0.00    1.01    0.00    0.00    0.00    0.00    0.00    0.00   97.98
15:06:40      23    1.98    0.00    0.99    0.00    0.00    0.00    0.00    0.00    0.00   97.03

15:06:40     CPU    %usr   %nice    %sys %iowait    %irq   %soft  %steal  %guest  %gnice   %idle
15:06:41     all    1.00    0.00    0.33    0.00    0.00    0.04    0.00    0.00    0.00   98.62
15:06:41       0    1.00    0.00    0.00    0.00    0.00    0.00    0.00    0.00    0.00   99.00
15:06:41       1    0.00    0.00    0.00    0.00    0.00    0.00    0.00    0.00    0.00  100.00
15:06:41       2    0.00    0.00    0.00    0.00    0.00    0.00    0.00    0.00    0.00  100.00
15:06:41       3    0.00    0.00    0.00    0.00    0.00    0.00    0.00    0.00    0.00  100.00
15:06:41       4    2.00    0.00    1.00    0.00    0.00    0.00    0.00    0.00    0.00   97.00
15:06:41       5    0.00    0.00    0.00    0.00    0.00    0.00    0.00    0.00    0.00  100.00
15:06:41       6    1.98    0.00    0.99    0.00    0.00    0.00    0.00    0.00    0.00   97.03
15:06:41       7    0.00    0.00    0.00    0.00    0.00    0.00    0.00    0.00    0.00  100.00
15:06:41       8    5.05    0.00    0.00    0.00    0.00    0.00    0.00    0.00    0.00   94.95
15:06:41       9    0.00    0.00    0.00    0.00    0.00    0.00    0.00    0.00    0.00  100.00
15:06:41      10    2.02    0.00    1.01    0.00    0.00    0.00    0.00    0.00    0.00   96.97
15:06:41      11    0.00    0.00    0.00    0.00    0.00    0.00    0.00    0.00    0.00  100.00
15:06:41      12    2.02    0.00    0.00    0.00    0.00    0.00    0.00    0.00    0.00   97.98
15:06:41      13    0.00    0.00    0.00    0.00    0.00    0.00    0.00    0.00    0.00  100.00
15:06:41      14    2.00    0.00    1.00    0.00    0.00    0.00    0.00    0.00    0.00   97.00
15:06:41      15    0.00    0.00    0.00    0.00    0.00    1.02    0.00    0.00    0.00   98.98
15:06:41      16    1.01    0.00    0.00    0.00    0.00    0.00    0.00    0.00    0.00   98.99
15:06:41      17    1.01    0.00    0.00    0.00    0.00    0.00    0.00    0.00    0.00   98.99
15:06:41      18    2.02    0.00    1.01    0.00    0.00    0.00    0.00    0.00    0.00   96.97
15:06:41      19    1.00    0.00    0.00    0.00    0.00    0.00    0.00    0.00    0.00   99.00
15:06:41      20    1.00    0.00    2.00    0.00    0.00    0.00    0.00    0.00    0.00   97.00
15:06:41      21    1.00    0.00    0.00    0.00    0.00    0.00    0.00    0.00    0.00   99.00
15:06:41      22    1.01    0.00    1.01    0.00    0.00    0.00    0.00    0.00    0.00   97.98
15:06:41      23    0.00    0.00    0.00    0.00    0.00    0.00    0.00    0.00    0.00  100.00

15:06:41     CPU    %usr   %nice    %sys %iowait    %irq   %soft  %steal  %guest  %gnice   %idle
15:06:42     all    1.84    0.00    0.50    0.00    0.00    0.04    0.00    0.00    0.00   97.62
15:06:42       0    1.00    0.00    2.00    0.00    0.00    0.00    0.00    0.00    0.00   97.00
15:06:42       1    0.00    0.00    0.00    0.00    0.00    0.00    0.00    0.00    0.00  100.00
15:06:42       2    2.00    0.00    0.00    0.00    0.00    0.00    0.00    0.00    0.00   98.00
15:06:42       3    0.00    0.00    0.00    0.00    0.00    0.00    0.00    0.00    0.00  100.00
15:06:42       4    1.00    0.00    1.00    0.00    0.00    0.00    0.00    0.00    0.00   98.00
15:06:42       5    0.00    0.00    0.00    0.00    0.00    0.00    0.00    0.00    0.00  100.00
15:06:42       6    2.00    0.00    0.00    0.00    0.00    0.00    0.00    0.00    0.00   98.00
15:06:42       7    0.00    0.00    0.00    0.00    0.00    0.00    0.00    0.00    0.00  100.00
15:06:42       8    3.03    0.00    1.01    0.00    0.00    0.00    0.00    0.00    0.00   95.96
15:06:42       9    0.00    0.00    0.00    0.00    0.00    0.00    0.00    0.00    0.00  100.00
15:06:42      10   15.15    0.00    1.01    0.00    0.00    0.00    0.00    0.00    0.00   83.84
15:06:42      11    0.00    0.00    0.00    0.00    0.00    0.00    0.00    0.00    0.00  100.00
15:06:42      12    5.00    0.00    0.00    0.00    0.00    0.00    0.00    0.00    0.00   95.00
15:06:42      13    0.00    0.00    0.00    0.00    0.00    0.00    0.00    0.00    0.00  100.00
15:06:42      14    2.02    0.00    0.00    0.00    0.00    0.00    0.00    0.00    0.00   97.98
15:06:42      15    1.02    0.00    0.00    0.00    0.00    1.02    0.00    0.00    0.00   97.96
15:06:42      16    2.02    0.00    1.01    0.00    0.00    0.00    0.00    0.00    0.00   96.97
15:06:42      17    1.00    0.00    1.00    0.00    0.00    0.00    0.00    0.00    0.00   98.00
15:06:42      18    1.00    0.00    1.00    0.00    0.00    0.00    0.00    0.00    0.00   98.00
15:06:42      19    2.00    0.00    1.00    0.00    0.00    0.00    0.00    0.00    0.00   97.00
15:06:42      20    2.02    0.00    0.00    0.00    0.00    0.00    0.00    0.00    0.00   97.98
15:06:42      21    0.99    0.00    0.99    0.00    0.00    0.00    0.00    0.00    0.00   98.02
15:06:42      22    2.02    0.00    1.01    0.00    0.00    0.00    0.00    0.00    0.00   96.97
15:06:42      23    1.00    0.00    1.00    0.00    0.00    0.00    0.00    0.00    0.00   98.00

15:06:42     CPU    %usr   %nice    %sys %iowait    %irq   %soft  %steal  %guest  %gnice   %idle
15:06:43     all    1.88    0.00    0.46    0.08    0.00    0.08    0.00    0.00    0.00   97.49
15:06:43       0    4.00    0.00    0.00    0.00    0.00    0.00    0.00    0.00    0.00   96.00
15:06:43       1    0.00    0.00    0.00    0.00    0.00    0.00    0.00    0.00    0.00  100.00
15:06:43       2    2.00    0.00    0.00    0.00    0.00    0.00    0.00    0.00    0.00   98.00
15:06:43       3    0.00    0.00    0.00    0.00    0.00    0.00    0.00    0.00    0.00  100.00
15:06:43       4    2.02    0.00    0.00    0.00    0.00    0.00    0.00    0.00    0.00   97.98
15:06:43       5    0.00    0.00    0.00    0.00    0.00    0.00    0.00    0.00    0.00  100.00
15:06:43       6    3.00    0.00    1.00    0.00    0.00    0.00    0.00    0.00    0.00   96.00
15:06:43       7    0.00    0.00    0.00    0.00    0.00    0.00    0.00    0.00    0.00  100.00
15:06:43       8    3.03    0.00    1.01    0.00    0.00    0.00    0.00    0.00    0.00   95.96
15:06:43       9    0.00    0.00    0.00    0.00    0.00    0.00    0.00    0.00    0.00  100.00
15:06:43      10    5.00    0.00    2.00    0.00    0.00    0.00    0.00    0.00    0.00   93.00
15:06:43      11    0.00    0.00    0.00    0.00    0.00    0.00    0.00    0.00    0.00  100.00
15:06:43      12    5.05    0.00    1.01    1.01    0.00    0.00    0.00    0.00    0.00   92.93
15:06:43      13    0.00    0.00    0.00    0.00    0.00    0.00    0.00    0.00    0.00  100.00
15:06:43      14    3.00    0.00    3.00    0.00    0.00    0.00    0.00    0.00    0.00   94.00
15:06:43      15    0.00    0.00    1.00    0.00    0.00    2.00    0.00    0.00    0.00   97.00
15:06:43      16    3.03    0.00    0.00    0.00    0.00    0.00    0.00    0.00    0.00   96.97
15:06:43      17    2.02    0.00    1.01    0.00    0.00    0.00    0.00    0.00    0.00   96.97
15:06:43      18    4.04    0.00    0.00    0.00    0.00    0.00    0.00    0.00    0.00   95.96
15:06:43      19    2.00    0.00    0.00    0.00    0.00    0.00    0.00    0.00    0.00   98.00
15:06:43      20    1.00    0.00    0.00    0.00    0.00    0.00    0.00    0.00    0.00   99.00
15:06:43      21    1.01    0.00    0.00    1.01    0.00    0.00    0.00    0.00    0.00   97.98
15:06:43      22    3.03    0.00    0.00    0.00    0.00    0.00    0.00    0.00    0.00   96.97
15:06:43      23    2.00    0.00    1.00    0.00    0.00    0.00    0.00    0.00    0.00   97.00

15:06:43     CPU    %usr   %nice    %sys %iowait    %irq   %soft  %steal  %guest  %gnice   %idle
15:06:44     all    1.42    0.00    0.25    0.13    0.00    0.00    0.00    0.00    0.00   98.20
15:06:44       0    2.02    0.00    2.02    0.00    0.00    0.00    0.00    0.00    0.00   95.96
15:06:44       1    0.00    0.00    0.00    0.00    0.00    0.00    0.00    0.00    0.00  100.00
15:06:44       2    0.00    0.00    0.00    1.02    0.00    0.00    0.00    0.00    0.00   98.98
15:06:44       3    0.00    0.00    0.00    0.00    0.00    0.00    0.00    0.00    0.00  100.00
15:06:44       4    2.02    0.00    0.00    0.00    0.00    0.00    0.00    0.00    0.00   97.98
15:06:44       5    0.00    0.00    0.00    0.00    0.00    0.00    0.00    0.00    0.00  100.00
15:06:44       6    2.00    0.00    1.00    0.00    0.00    0.00    0.00    0.00    0.00   97.00
15:06:44       7    0.00    0.00    0.00    0.00    0.00    0.00    0.00    0.00    0.00  100.00
15:06:44       8    0.00    0.00    0.00    0.00    0.00    0.00    0.00    0.00    0.00  100.00
15:06:44       9    0.00    0.00    0.00    0.00    0.00    0.00    0.00    0.00    0.00  100.00
15:06:44      10    5.10    0.00    0.00    0.00    0.00    0.00    0.00    0.00    0.00   94.90
15:06:44      11    0.00    0.00    0.00    0.00    0.00    0.00    0.00    0.00    0.00  100.00
15:06:44      12    4.04    0.00    0.00    0.00    0.00    0.00    0.00    0.00    0.00   95.96
15:06:44      13    0.00    0.00    0.00    0.00    0.00    0.00    0.00    0.00    0.00  100.00
15:06:44      14    2.00    0.00    1.00    0.00    0.00    0.00    0.00    0.00    0.00   97.00
15:06:44      15    0.00    0.00    0.00    0.00    0.00    0.00    0.00    0.00    0.00  100.00
15:06:44      16    2.04    0.00    0.00    0.00    0.00    0.00    0.00    0.00    0.00   97.96
15:06:44      17    3.00    0.00    0.00    0.00    0.00    0.00    0.00    0.00    0.00   97.00
15:06:44      18    1.00    0.00    0.00    0.00    0.00    0.00    0.00    0.00    0.00   99.00
15:06:44      19    1.00    0.00    0.00    0.00    0.00    0.00    0.00    0.00    0.00   99.00
15:06:44      20    1.98    0.00    0.99    0.00    0.00    0.00    0.00    0.00    0.00   97.03
15:06:44      21    2.97    0.00    0.99    0.99    0.00    0.00    0.00    0.00    0.00   95.05
15:06:44      22    3.00    0.00    0.00    1.00    0.00    0.00    0.00    0.00    0.00   96.00
15:06:44      23    2.02    0.00    0.00    0.00    0.00    0.00    0.00    0.00    0.00   97.98

15:06:44     CPU    %usr   %nice    %sys %iowait    %irq   %soft  %steal  %guest  %gnice   %idle
15:06:45     all    1.17    0.00    0.46    0.00    0.00    0.04    0.00    0.00    0.00   98.33
15:06:45       0    1.01    0.00    0.00    0.00    0.00    0.00    0.00    0.00    0.00   98.99
15:06:45       1    0.00    0.00    0.00    0.00    0.00    0.00    0.00    0.00    0.00  100.00
15:06:45       2    1.98    0.00    0.99    0.00    0.00    0.00    0.00    0.00    0.00   97.03
15:06:45       3    0.00    0.00    0.00    0.00    0.00    0.00    0.00    0.00    0.00  100.00
15:06:45       4    2.00    0.00    1.00    0.00    0.00    0.00    0.00    0.00    0.00   97.00
15:06:45       5    0.00    0.00    0.00    0.00    0.00    0.00    0.00    0.00    0.00  100.00
15:06:45       6    1.02    0.00    0.00    0.00    0.00    0.00    0.00    0.00    0.00   98.98
15:06:45       7    0.00    0.00    0.00    0.00    0.00    0.00    0.00    0.00    0.00  100.00
15:06:45       8    4.00    0.00    0.00    0.00    0.00    0.00    0.00    0.00    0.00   96.00
15:06:45       9    0.00    0.00    0.00    0.00    0.00    0.00    0.00    0.00    0.00  100.00
15:06:45      10    3.03    0.00    2.02    0.00    0.00    0.00    0.00    0.00    0.00   94.95
15:06:45      11    0.00    0.00    0.00    0.00    0.00    0.00    0.00    0.00    0.00  100.00
15:06:45      12    3.03    0.00    0.00    0.00    0.00    0.00    0.00    0.00    0.00   96.97
15:06:45      13    0.00    0.00    0.00    0.00    0.00    0.00    0.00    0.00    0.00  100.00
15:06:45      14    2.00    0.00    1.00    0.00    0.00    0.00    0.00    0.00    0.00   97.00
15:06:45      15    0.00    0.00    0.00    0.00    0.00    1.02    0.00    0.00    0.00   98.98
15:06:45      16    2.00    0.00    2.00    0.00    0.00    0.00    0.00    0.00    0.00   96.00
15:06:45      17    0.00    0.00    1.01    0.00    0.00    0.00    0.00    0.00    0.00   98.99
15:06:45      18    2.97    0.00    0.99    0.00    0.00    0.00    0.00    0.00    0.00   96.04
15:06:45      19    0.00    0.00    0.00    0.00    0.00    0.00    0.00    0.00    0.00  100.00
15:06:45      20    1.01    0.00    0.00    0.00    0.00    0.00    0.00    0.00    0.00   98.99
15:06:45      21    1.01    0.00    0.00    0.00    0.00    0.00    0.00    0.00    0.00   98.99
15:06:45      22    1.01    0.00    1.01    0.00    0.00    0.00    0.00    0.00    0.00   97.98
15:06:45      23    1.96    0.00    0.98    0.00    0.00    0.00    0.00    0.00    0.00   97.06

15:06:45     CPU    %usr   %nice    %sys %iowait    %irq   %soft  %steal  %guest  %gnice   %idle
15:06:46     all    1.13    0.00    0.25    0.00    0.00    0.04    0.00    0.00    0.00   98.58
15:06:46       0    1.01    0.00    0.00    0.00    0.00    0.00    0.00    0.00    0.00   98.99
15:06:46       1    0.00    0.00    0.00    0.00    0.00    0.00    0.00    0.00    0.00  100.00
15:06:46       2    1.01    0.00    1.01    0.00    0.00    0.00    0.00    0.00    0.00   97.98
15:06:46       3    0.00    0.00    0.00    0.00    0.00    0.00    0.00    0.00    0.00  100.00
15:06:46       4    1.00    0.00    2.00    0.00    0.00    0.00    0.00    0.00    0.00   97.00
15:06:46       5    0.00    0.00    0.00    0.00    0.00    0.00    0.00    0.00    0.00  100.00
15:06:46       6    3.03    0.00    0.00    0.00    0.00    0.00    0.00    0.00    0.00   96.97
15:06:46       7    0.00    0.00    0.00    0.00    0.00    0.00    0.00    0.00    0.00  100.00
15:06:46       8    3.96    0.00    0.99    0.00    0.00    0.00    0.00    0.00    0.00   95.05
15:06:46       9    0.00    0.00    0.00    0.00    0.00    0.00    0.00    0.00    0.00  100.00
15:06:46      10    2.00    0.00    0.00    0.00    0.00    0.00    0.00    0.00    0.00   98.00
15:06:46      11    0.00    0.00    0.00    0.00    0.00    0.00    0.00    0.00    0.00  100.00
15:06:46      12    1.00    0.00    0.00    0.00    0.00    0.00    0.00    0.00    0.00   99.00
15:06:46      13    0.00    0.00    0.00    0.00    0.00    0.00    0.00    0.00    0.00  100.00
15:06:46      14    1.01    0.00    0.00    0.00    0.00    0.00    0.00    0.00    0.00   98.99
15:06:46      15    0.00    0.00    0.00    0.00    0.00    1.02    0.00    0.00    0.00   98.98
15:06:46      16    2.02    0.00    0.00    0.00    0.00    0.00    0.00    0.00    0.00   97.98
15:06:46      17    1.01    0.00    0.00    0.00    0.00    0.00    0.00    0.00    0.00   98.99
15:06:46      18    1.00    0.00    0.00    0.00    0.00    0.00    0.00    0.00    0.00   99.00
15:06:46      19    1.00    0.00    0.00    0.00    0.00    0.00    0.00    0.00    0.00   99.00
15:06:46      20    2.00    0.00    1.00    0.00    0.00    0.00    0.00    0.00    0.00   97.00
15:06:46      21    0.99    0.00    0.99    0.00    0.00    0.00    0.00    0.00    0.00   98.02
15:06:46      22    3.06    0.00    0.00    0.00    0.00    0.00    0.00    0.00    0.00   96.94
15:06:46      23    2.04    0.00    0.00    0.00    0.00    0.00    0.00    0.00    0.00   97.96

15:06:46     CPU    %usr   %nice    %sys %iowait    %irq   %soft  %steal  %guest  %gnice   %idle
15:06:47     all    1.17    0.00    0.46    0.00    0.00    0.04    0.00    0.00    0.00   98.33
15:06:47       0    1.00    0.00    1.00    0.00    0.00    0.00    0.00    0.00    0.00   98.00
15:06:47       1    0.00    0.00    0.00    0.00    0.00    0.00    0.00    0.00    0.00  100.00
15:06:47       2    1.00    0.00    1.00    0.00    0.00    0.00    0.00    0.00    0.00   98.00
15:06:47       3    0.00    0.00    0.00    0.00    0.00    0.00    0.00    0.00    0.00  100.00
15:06:47       4    2.00    0.00    0.00    0.00    0.00    0.00    0.00    0.00    0.00   98.00
15:06:47       5    0.00    0.00    0.00    0.00    0.00    0.00    0.00    0.00    0.00  100.00
15:06:47       6    0.99    0.00    0.99    0.00    0.00    0.00    0.00    0.00    0.00   98.02
15:06:47       7    0.00    0.00    0.00    0.00    0.00    0.00    0.00    0.00    0.00  100.00
15:06:47       8    6.06    0.00    1.01    0.00    0.00    0.00    0.00    0.00    0.00   92.93
15:06:47       9    0.00    0.00    0.00    0.00    0.00    0.00    0.00    0.00    0.00  100.00
15:06:47      10    3.03    0.00    1.01    0.00    0.00    0.00    0.00    0.00    0.00   95.96
15:06:47      11    0.00    0.00    0.00    0.00    0.00    0.00    0.00    0.00    0.00  100.00
15:06:47      12    2.00    0.00    1.00    0.00    0.00    0.00    0.00    0.00    0.00   97.00
15:06:47      13    0.00    0.00    0.00    0.00    0.00    0.00    0.00    0.00    0.00  100.00
15:06:47      14    2.97    0.00    0.99    0.00    0.00    0.00    0.00    0.00    0.00   96.04
15:06:47      15    1.02    0.00    0.00    0.00    0.00    1.02    0.00    0.00    0.00   97.96
15:06:47      16    1.01    0.00    0.00    0.00    0.00    0.00    0.00    0.00    0.00   98.99
15:06:47      17    1.00    0.00    1.00    0.00    0.00    0.00    0.00    0.00    0.00   98.00
15:06:47      18    0.00    0.00    0.00    0.00    0.00    0.00    0.00    0.00    0.00  100.00
15:06:47      19    1.96    0.00    0.98    0.00    0.00    0.00    0.00    0.00    0.00   97.06
15:06:47      20    0.99    0.00    0.00    0.00    0.00    0.00    0.00    0.00    0.00   99.01
15:06:47      21    0.00    0.00    0.00    0.00    0.00    0.00    0.00    0.00    0.00  100.00
15:06:47      22    2.02    0.00    1.01    0.00    0.00    0.00    0.00    0.00    0.00   96.97
15:06:47      23    0.99    0.00    0.99    0.00    0.00    0.00    0.00    0.00    0.00   98.02

15:06:47     CPU    %usr   %nice    %sys %iowait    %irq   %soft  %steal  %guest  %gnice   %idle
15:06:48     all    0.96    0.00    0.42    0.04    0.00    0.04    0.00    0.00    0.00   98.54
15:06:48       0    0.00    0.00    1.01    0.00    0.00    0.00    0.00    0.00    0.00   98.99
15:06:48       1    0.00    0.00    0.00    0.00    0.00    0.00    0.00    0.00    0.00  100.00
15:06:48       2    1.00    0.00    1.00    0.00    0.00    0.00    0.00    0.00    0.00   98.00
15:06:48       3    0.00    0.00    0.00    0.00    0.00    0.00    0.00    0.00    0.00  100.00
15:06:48       4    1.01    0.00    1.01    0.00    0.00    0.00    0.00    0.00    0.00   97.98
15:06:48       5    0.00    0.00    0.00    0.00    0.00    0.00    0.00    0.00    0.00  100.00
15:06:48       6    2.00    0.00    1.00    0.00    0.00    0.00    0.00    0.00    0.00   97.00
15:06:48       7    0.00    0.00    0.00    0.00    0.00    0.00    0.00    0.00    0.00  100.00
15:06:48       8    3.00    0.00    1.00    0.00    0.00    0.00    0.00    0.00    0.00   96.00
15:06:48       9    0.00    0.00    0.00    0.00    0.00    0.00    0.00    0.00    0.00  100.00
15:06:48      10    4.04    0.00    0.00    0.00    0.00    0.00    0.00    0.00    0.00   95.96
15:06:48      11    0.00    0.00    0.00    0.00    0.00    0.00    0.00    0.00    0.00  100.00
15:06:48      12    2.00    0.00    1.00    0.00    0.00    0.00    0.00    0.00    0.00   97.00
15:06:48      13    0.00    0.00    0.00    0.00    0.00    0.00    0.00    0.00    0.00  100.00
15:06:48      14    3.00    0.00    0.00    0.00    0.00    0.00    0.00    0.00    0.00   97.00
15:06:48      15    1.00    0.00    1.00    0.00    0.00    1.00    0.00    0.00    0.00   97.00
15:06:48      16    1.00    0.00    1.00    0.00    0.00    0.00    0.00    0.00    0.00   98.00
15:06:48      17    1.00    0.00    1.00    0.00    0.00    0.00    0.00    0.00    0.00   98.00
15:06:48      18    0.00    0.00    0.00    0.00    0.00    0.00    0.00    0.00    0.00  100.00
15:06:48      19    0.00    0.00    0.00    1.00    0.00    0.00    0.00    0.00    0.00   99.00
15:06:48      20    0.00    0.00    0.00    0.00    0.00    0.00    0.00    0.00    0.00  100.00
15:06:48      21    0.99    0.00    0.99    0.00    0.00    0.00    0.00    0.00    0.00   98.02
15:06:48      22    1.01    0.00    0.00    0.00    0.00    0.00    0.00    0.00    0.00   98.99
15:06:48      23    2.00    0.00    0.00    0.00    0.00    0.00    0.00    0.00    0.00   98.00

15:06:48     CPU    %usr   %nice    %sys %iowait    %irq   %soft  %steal  %guest  %gnice   %idle
15:06:49     all    1.00    0.00    0.29    0.00    0.00    0.04    0.00    0.00    0.00   98.66
15:06:49       0    2.00    0.00    0.00    0.00    0.00    0.00    0.00    0.00    0.00   98.00
15:06:49       1    0.00    0.00    0.00    0.00    0.00    0.00    0.00    0.00    0.00  100.00
15:06:49       2    2.00    0.00    0.00    0.00    0.00    0.00    0.00    0.00    0.00   98.00
15:06:49       3    0.00    0.00    0.00    0.00    0.00    0.00    0.00    0.00    0.00  100.00
15:06:49       4    3.96    0.00    0.99    0.00    0.00    0.00    0.00    0.00    0.00   95.05
15:06:49       5    0.00    0.00    0.00    0.00    0.00    0.00    0.00    0.00    0.00  100.00
15:06:49       6    0.00    0.00    0.00    0.00    0.00    0.00    0.00    0.00    0.00  100.00
15:06:49       7    0.00    0.00    0.00    0.00    0.00    0.00    0.00    0.00    0.00  100.00
15:06:49       8    4.00    0.00    1.00    0.00    0.00    0.00    0.00    0.00    0.00   95.00
15:06:49       9    0.00    0.00    0.00    0.00    0.00    0.00    0.00    0.00    0.00  100.00
15:06:49      10    4.00    0.00    1.00    0.00    0.00    0.00    0.00    0.00    0.00   95.00
15:06:49      11    0.00    0.00    0.00    0.00    0.00    0.00    0.00    0.00    0.00  100.00
15:06:49      12    1.01    0.00    0.00    0.00    0.00    0.00    0.00    0.00    0.00   98.99
15:06:49      13    0.00    0.00    0.00    0.00    0.00    0.00    0.00    0.00    0.00  100.00
15:06:49      14    2.00    0.00    1.00    0.00    0.00    0.00    0.00    0.00    0.00   97.00
15:06:49      15    0.00    0.00    0.00    0.00    0.00    1.02    0.00    0.00    0.00   98.98
15:06:49      16    2.02    0.00    0.00    0.00    0.00    0.00    0.00    0.00    0.00   97.98
15:06:49      17    0.00    0.00    0.00    0.00    0.00    0.00    0.00    0.00    0.00  100.00
15:06:49      18    0.00    0.00    0.00    0.00    0.00    0.00    0.00    0.00    0.00  100.00
15:06:49      19    0.00    0.00    0.00    0.00    0.00    0.00    0.00    0.00    0.00  100.00
15:06:49      20    1.00    0.00    0.00    0.00    0.00    0.00    0.00    0.00    0.00   99.00
15:06:49      21    1.00    0.00    0.00    0.00    0.00    0.00    0.00    0.00    0.00   99.00
15:06:49      22    0.00    0.00    1.01    0.00    0.00    0.00    0.00    0.00    0.00   98.99
15:06:49      23    1.00    0.00    2.00    0.00    0.00    0.00    0.00    0.00    0.00   97.00

15:06:49     CPU    %usr   %nice    %sys %iowait    %irq   %soft  %steal  %guest  %gnice   %idle
15:06:50     all    1.05    0.00    0.29    0.00    0.00    0.08    0.00    0.00    0.00   98.58
15:06:50       0    1.00    0.00    0.00    0.00    0.00    0.00    0.00    0.00    0.00   99.00
15:06:50       1    0.00    0.00    0.00    0.00    0.00    0.00    0.00    0.00    0.00  100.00
15:06:50       2    1.01    0.00    0.00    0.00    0.00    0.00    0.00    0.00    0.00   98.99
15:06:50       3    0.00    0.00    0.00    0.00    0.00    0.00    0.00    0.00    0.00  100.00
15:06:50       4    1.01    0.00    0.00    0.00    0.00    0.00    0.00    0.00    0.00   98.99
15:06:50       5    0.00    0.00    0.00    0.00    0.00    0.00    0.00    0.00    0.00  100.00
15:06:50       6    2.02    0.00    1.01    0.00    0.00    0.00    0.00    0.00    0.00   96.97
15:06:50       7    0.00    0.00    0.00    0.00    0.00    0.00    0.00    0.00    0.00  100.00
15:06:50       8    3.03    0.00    1.01    0.00    0.00    0.00    0.00    0.00    0.00   95.96
15:06:50       9    0.00    0.00    0.00    0.00    0.00    0.00    0.00    0.00    0.00  100.00
15:06:50      10    4.90    0.00    1.96    0.00    0.00    0.98    0.00    0.00    0.00   92.16
15:06:50      11    0.00    0.00    0.00    0.00    0.00    0.00    0.00    0.00    0.00  100.00
15:06:50      12    2.02    0.00    0.00    0.00    0.00    0.00    0.00    0.00    0.00   97.98
15:06:50      13    0.00    0.00    0.00    0.00    0.00    0.00    0.00    0.00    0.00  100.00
15:06:50      14    0.00    0.00    0.00    0.00    0.00    0.00    0.00    0.00    0.00  100.00
15:06:50      15    0.00    0.00    0.00    0.00    0.00    1.02    0.00    0.00    0.00   98.98
15:06:50      16    1.01    0.00    1.01    0.00    0.00    0.00    0.00    0.00    0.00   97.98
15:06:50      17    0.99    0.00    0.00    0.00    0.00    0.00    0.00    0.00    0.00   99.01
15:06:50      18    1.00    0.00    0.00    0.00    0.00    0.00    0.00    0.00    0.00   99.00
15:06:50      19    0.00    0.00    0.00    0.00    0.00    0.00    0.00    0.00    0.00  100.00
15:06:50      20    1.98    0.00    0.99    0.00    0.00    0.00    0.00    0.00    0.00   97.03
15:06:50      21    1.00    0.00    0.00    0.00    0.00    0.00    0.00    0.00    0.00   99.00
15:06:50      22    2.02    0.00    0.00    0.00    0.00    0.00    0.00    0.00    0.00   97.98
15:06:50      23    2.02    0.00    1.01    0.00    0.00    0.00    0.00    0.00    0.00   96.97

15:06:50     CPU    %usr   %nice    %sys %iowait    %irq   %soft  %steal  %guest  %gnice   %idle
15:06:51     all    1.04    0.00    0.38    0.00    0.00    0.17    0.00    0.00    0.00   98.41
15:06:51       0    0.99    0.00    0.99    0.00    0.00    0.99    0.00    0.00    0.00   97.03
15:06:51       1    0.00    0.00    0.00    0.00    0.00    0.00    0.00    0.00    0.00  100.00
15:06:51       2    1.00    0.00    0.00    0.00    0.00    0.00    0.00    0.00    0.00   99.00
15:06:51       3    0.00    0.00    0.00    0.00    0.00    0.99    0.00    0.00    0.00   99.01
15:06:51       4    3.03    0.00    1.01    0.00    0.00    0.00    0.00    0.00    0.00   95.96
15:06:51       5    0.00    0.00    0.00    0.00    0.00    0.00    0.00    0.00    0.00  100.00
15:06:51       6    1.00    0.00    1.00    0.00    0.00    0.00    0.00    0.00    0.00   98.00
15:06:51       7    0.00    0.00    0.00    0.00    0.00    0.00    0.00    0.00    0.00  100.00
15:06:51       8    5.00    0.00    1.00    0.00    0.00    0.00    0.00    0.00    0.00   94.00
15:06:51       9    0.00    0.00    0.00    0.00    0.00    0.00    0.00    0.00    0.00  100.00
15:06:51      10    4.95    0.00    0.99    0.00    0.00    0.00    0.00    0.00    0.00   94.06
15:06:51      11    0.00    0.00    0.00    0.00    0.00    0.00    0.00    0.00    0.00  100.00
15:06:51      12    0.00    0.00    1.01    0.00    0.00    0.00    0.00    0.00    0.00   98.99
15:06:51      13    0.00    0.00    0.00    0.00    0.00    0.00    0.00    0.00    0.00  100.00
15:06:51      14    1.00    0.00    0.00    0.00    0.00    0.00    0.00    0.00    0.00   99.00
15:06:51      15    0.00    0.00    0.00    0.00    0.00    2.02    0.00    0.00    0.00   97.98
15:06:51      16    0.00    0.00    0.00    0.00    0.00    0.00    0.00    0.00    0.00  100.00
15:06:51      17    1.00    0.00    2.00    0.00    0.00    0.00    0.00    0.00    0.00   97.00
15:06:51      18    0.00    0.00    1.00    0.00    0.00    0.00    0.00    0.00    0.00   99.00
15:06:51      19    1.00    0.00    0.00    0.00    0.00    0.00    0.00    0.00    0.00   99.00
15:06:51      20    1.00    0.00    0.00    0.00    0.00    0.00    0.00    0.00    0.00   99.00
15:06:51      21    0.00    0.00    0.00    0.00    0.00    0.00    0.00    0.00    0.00  100.00
15:06:51      22    2.04    0.00    0.00    0.00    0.00    0.00    0.00    0.00    0.00   97.96
15:06:51      23    2.97    0.00    0.00    0.00    0.00    0.00    0.00    0.00    0.00   97.03

15:06:51     CPU    %usr   %nice    %sys %iowait    %irq   %soft  %steal  %guest  %gnice   %idle
15:06:52     all    1.97    0.00    0.50    0.04    0.00    0.00    0.00    0.00    0.00   97.49
15:06:52       0    1.01    0.00    0.00    0.00    0.00    0.00    0.00    0.00    0.00   98.99
15:06:52       1    0.00    0.00    0.00    0.00    0.00    0.00    0.00    0.00    0.00  100.00
15:06:52       2    1.00    0.00    0.00    0.00    0.00    0.00    0.00    0.00    0.00   99.00
15:06:52       3    0.00    0.00    0.00    0.00    0.00    0.00    0.00    0.00    0.00  100.00
15:06:52       4    0.99    0.00    0.99    0.00    0.00    0.00    0.00    0.00    0.00   98.02
15:06:52       5    0.99    0.00    0.00    0.00    0.00    0.00    0.00    0.00    0.00   99.01
15:06:52       6    3.00    0.00    1.00    1.00    0.00    0.00    0.00    0.00    0.00   95.00
15:06:52       7    0.00    0.00    0.00    0.00    0.00    0.00    0.00    0.00    0.00  100.00
15:06:52       8    5.00    0.00    2.00    0.00    0.00    0.00    0.00    0.00    0.00   93.00
15:06:52       9    0.00    0.00    0.00    0.00    0.00    0.00    0.00    0.00    0.00  100.00
15:06:52      10   17.35    0.00    2.04    0.00    0.00    0.00    0.00    0.00    0.00   80.61
15:06:52      11    0.00    0.00    0.00    0.00    0.00    0.00    0.00    0.00    0.00  100.00
15:06:52      12    3.96    0.00    0.99    0.00    0.00    0.00    0.00    0.00    0.00   95.05
15:06:52      13    0.00    0.00    0.00    0.00    0.00    0.00    0.00    0.00    0.00  100.00
15:06:52      14    3.03    0.00    0.00    0.00    0.00    0.00    0.00    0.00    0.00   96.97
15:06:52      15    0.00    0.00    1.02    0.00    0.00    0.00    0.00    0.00    0.00   98.98
15:06:52      16    2.00    0.00    1.00    0.00    0.00    0.00    0.00    0.00    0.00   97.00
15:06:52      17    2.02    0.00    0.00    0.00    0.00    0.00    0.00    0.00    0.00   97.98
15:06:52      18    0.99    0.00    0.99    0.00    0.00    0.00    0.00    0.00    0.00   98.02
15:06:52      19    0.00    0.00    0.00    0.00    0.00    0.00    0.00    0.00    0.00  100.00
15:06:52      20    1.01    0.00    0.00    0.00    0.00    0.00    0.00    0.00    0.00   98.99
15:06:52      21    2.02    0.00    1.01    0.00    0.00    0.00    0.00    0.00    0.00   96.97
15:06:52      22    2.02    0.00    1.01    0.00    0.00    0.00    0.00    0.00    0.00   96.97
15:06:52      23    1.02    0.00    0.00    0.00    0.00    0.00    0.00    0.00    0.00   98.98

15:06:52     CPU    %usr   %nice    %sys %iowait    %irq   %soft  %steal  %guest  %gnice   %idle
15:06:53     all    6.62    0.00    1.38    0.04    0.00    0.08    0.00    0.00    0.00   91.87
15:06:53       0    3.00    0.00    1.00    0.00    0.00    0.00    0.00    0.00    0.00   96.00
15:06:53       1    1.00    0.00    0.00    0.00    0.00    0.00    0.00    0.00    0.00   99.00
15:06:53       2    7.14    0.00    3.06    0.00    0.00    0.00    0.00    0.00    0.00   89.80
15:06:53       3    0.00    0.00    0.00    0.00    0.00    0.00    0.00    0.00    0.00  100.00
15:06:53       4    8.08    0.00    2.02    0.00    0.00    0.00    0.00    0.00    0.00   89.90
15:06:53       5    0.00    0.00    0.00    0.00    0.00    0.00    0.00    0.00    0.00  100.00
15:06:53       6    8.16    0.00    1.02    0.00    0.00    0.00    0.00    0.00    0.00   90.82
15:06:53       7    1.00    0.00    0.00    0.00    0.00    0.00    0.00    0.00    0.00   99.00
15:06:53       8   34.34    0.00    4.04    0.00    0.00    0.00    0.00    0.00    0.00   61.62
15:06:53       9    1.01    0.00    0.00    0.00    0.00    0.00    0.00    0.00    0.00   98.99
15:06:53      10   40.59    0.00    5.94    0.99    0.00    0.00    0.00    0.00    0.00   52.48
15:06:53      11    1.00    0.00    1.00    0.00    0.00    0.00    0.00    0.00    0.00   98.00
15:06:53      12   14.00    0.00    5.00    0.00    0.00    0.00    0.00    0.00    0.00   81.00
15:06:53      13    0.00    0.00    0.00    0.00    0.00    0.00    0.00    0.00    0.00  100.00
15:06:53      14   12.12    0.00    3.03    0.00    0.00    0.00    0.00    0.00    0.00   84.85
15:06:53      15    1.01    0.00    0.00    0.00    0.00    2.02    0.00    0.00    0.00   96.97
15:06:53      16    2.04    0.00    1.02    0.00    0.00    0.00    0.00    0.00    0.00   96.94
15:06:53      17    2.00    0.00    1.00    0.00    0.00    0.00    0.00    0.00    0.00   97.00
15:06:53      18    1.01    0.00    1.01    0.00    0.00    0.00    0.00    0.00    0.00   97.98
15:06:53      19    2.00    0.00    1.00    0.00    0.00    0.00    0.00    0.00    0.00   97.00
15:06:53      20    5.00    0.00    1.00    0.00    0.00    0.00    0.00    0.00    0.00   94.00
15:06:53      21    3.00    0.00    1.00    0.00    0.00    0.00    0.00    0.00    0.00   96.00
15:06:53      22    5.10    0.00    0.00    0.00    0.00    0.00    0.00    0.00    0.00   94.90
15:06:53      23    5.88    0.00    0.98    0.00    0.00    0.00    0.00    0.00    0.00   93.14

15:06:53     CPU    %usr   %nice    %sys %iowait    %irq   %soft  %steal  %guest  %gnice   %idle
15:06:54     all    5.66    0.00    0.59    0.00    0.00    0.04    0.00    0.00    0.00   93.72
15:06:54       0    3.06    0.00    1.02    0.00    0.00    0.00    0.00    0.00    0.00   95.92
15:06:54       1    0.00    0.00    0.00    0.00    0.00    0.00    0.00    0.00    0.00  100.00
15:06:54       2    2.00    0.00    1.00    0.00    0.00    0.00    0.00    0.00    0.00   97.00
15:06:54       3    0.00    0.00    0.00    0.00    0.00    0.00    0.00    0.00    0.00  100.00
15:06:54       4    3.03    0.00    0.00    0.00    0.00    0.00    0.00    0.00    0.00   96.97
15:06:54       5    0.00    0.00    0.00    0.00    0.00    0.00    0.00    0.00    0.00  100.00
15:06:54       6    8.00    0.00    2.00    0.00    0.00    0.00    0.00    0.00    0.00   90.00
15:06:54       7    2.00    0.00    0.00    0.00    0.00    0.00    0.00    0.00    0.00   98.00
15:06:54       8   28.28    0.00    2.02    0.00    0.00    0.00    0.00    0.00    0.00   69.70
15:06:54       9    1.98    0.00    0.00    0.00    0.00    0.00    0.00    0.00    0.00   98.02
15:06:54      10   35.35    0.00    2.02    0.00    0.00    0.00    0.00    0.00    0.00   62.63
15:06:54      11    3.00    0.00    0.00    0.00    0.00    0.00    0.00    0.00    0.00   97.00
15:06:54      12   11.34    0.00    1.03    0.00    0.00    0.00    0.00    0.00    0.00   87.63
15:06:54      13    0.00    0.00    0.00    0.00    0.00    0.00    0.00    0.00    0.00  100.00
15:06:54      14   18.00    0.00    1.00    0.00    0.00    0.00    0.00    0.00    0.00   81.00
15:06:54      15    0.00    0.00    0.00    0.00    0.00    1.02    0.00    0.00    0.00   98.98
15:06:54      16    4.00    0.00    1.00    0.00    0.00    0.00    0.00    0.00    0.00   95.00
15:06:54      17    1.01    0.00    0.00    0.00    0.00    0.00    0.00    0.00    0.00   98.99
15:06:54      18    1.01    0.00    0.00    0.00    0.00    0.00    0.00    0.00    0.00   98.99
15:06:54      19    1.98    0.00    0.99    0.00    0.00    0.00    0.00    0.00    0.00   97.03
15:06:54      20    4.00    0.00    0.00    0.00    0.00    0.00    0.00    0.00    0.00   96.00
15:06:54      21    3.03    0.00    0.00    0.00    0.00    0.00    0.00    0.00    0.00   96.97
15:06:54      22    2.02    0.00    1.01    0.00    0.00    0.00    0.00    0.00    0.00   96.97
15:06:54      23    3.00    0.00    1.00    0.00    0.00    0.00    0.00    0.00    0.00   96.00

15:06:54     CPU    %usr   %nice    %sys %iowait    %irq   %soft  %steal  %guest  %gnice   %idle
15:06:55     all    6.54    0.00    0.80    0.13    0.00    0.04    0.00    0.00    0.00   92.50
15:06:55       0    5.00    0.00    1.00    0.00    0.00    0.00    0.00    0.00    0.00   94.00
15:06:55       1    0.00    0.00    0.00    0.00    0.00    0.00    0.00    0.00    0.00  100.00
15:06:55       2    7.07    0.00    1.01    0.00    0.00    0.00    0.00    0.00    0.00   91.92
15:06:55       3    1.01    0.00    0.00    0.00    0.00    0.00    0.00    0.00    0.00   98.99
15:06:55       4    6.06    0.00    1.01    0.00    0.00    0.00    0.00    0.00    0.00   92.93
15:06:55       5    0.00    0.00    0.00    0.00    0.00    0.00    0.00    0.00    0.00  100.00
15:06:55       6    6.00    0.00    1.00    0.00    0.00    0.00    0.00    0.00    0.00   93.00
15:06:55       7    4.04    0.00    0.00    0.00    0.00    0.00    0.00    0.00    0.00   95.96
15:06:55       8    8.00    0.00    2.00    0.00    0.00    0.00    0.00    0.00    0.00   90.00
15:06:55       9   35.00    0.00    2.00    0.00    0.00    0.00    0.00    0.00    0.00   63.00
15:06:55      10   17.35    0.00    1.02    0.00    0.00    0.00    0.00    0.00    0.00   81.63
15:06:55      11    2.00    0.00    0.00    0.00    0.00    0.00    0.00    0.00    0.00   98.00
15:06:55      12    4.95    0.00    0.99    0.00    0.00    0.00    0.00    0.00    0.00   94.06
15:06:55      13    0.00    0.00    0.00    0.00    0.00    0.00    0.00    0.00    0.00  100.00
15:06:55      14   15.84    0.00    1.98    0.99    0.00    0.00    0.00    0.00    0.00   81.19
15:06:55      15    1.03    0.00    0.00    0.00    0.00    1.03    0.00    0.00    0.00   97.94
15:06:55      16    4.00    0.00    1.00    2.00    0.00    0.00    0.00    0.00    0.00   93.00
15:06:55      17    3.03    0.00    2.02    0.00    0.00    0.00    0.00    0.00    0.00   94.95
15:06:55      18    7.00    0.00    2.00    0.00    0.00    0.00    0.00    0.00    0.00   91.00
15:06:55      19    2.02    0.00    0.00    0.00    0.00    0.00    0.00    0.00    0.00   97.98
15:06:55      20    3.96    0.00    0.99    0.00    0.00    0.00    0.00    0.00    0.00   95.05
15:06:55      21    7.00    0.00    0.00    0.00    0.00    0.00    0.00    0.00    0.00   93.00
15:06:55      22    8.16    0.00    1.02    0.00    0.00    0.00    0.00    0.00    0.00   90.82
15:06:55      23    8.16    0.00    0.00    0.00    0.00    0.00    0.00    0.00    0.00   91.84

15:06:55     CPU    %usr   %nice    %sys %iowait    %irq   %soft  %steal  %guest  %gnice   %idle
15:06:56     all    0.96    0.00    0.38    0.00    0.00    0.04    0.00    0.00    0.00   98.62
15:06:56       0    0.00    0.00    0.00    0.00    0.00    0.00    0.00    0.00    0.00  100.00
15:06:56       1    0.00    0.00    0.00    0.00    0.00    0.00    0.00    0.00    0.00  100.00
15:06:56       2    1.00    0.00    1.00    0.00    0.00    0.00    0.00    0.00    0.00   98.00
15:06:56       3    1.00    0.00    0.00    0.00    0.00    0.00    0.00    0.00    0.00   99.00
15:06:56       4    0.99    0.00    0.99    0.00    0.00    0.00    0.00    0.00    0.00   98.02
15:06:56       5    0.00    0.00    0.00    0.00    0.00    0.00    0.00    0.00    0.00  100.00
15:06:56       6    1.01    0.00    0.00    0.00    0.00    0.00    0.00    0.00    0.00   98.99
15:06:56       7    0.00    0.00    0.00    0.00    0.00    0.00    0.00    0.00    0.00  100.00
15:06:56       8    4.04    0.00    1.01    0.00    0.00    0.00    0.00    0.00    0.00   94.95
15:06:56       9    0.00    0.00    0.00    0.00    0.00    0.00    0.00    0.00    0.00  100.00
15:06:56      10    4.00    0.00    1.00    0.00    0.00    0.00    0.00    0.00    0.00   95.00
15:06:56      11    0.00    0.00    0.00    0.00    0.00    0.00    0.00    0.00    0.00  100.00
15:06:56      12    2.00    0.00    0.00    0.00    0.00    0.00    0.00    0.00    0.00   98.00
15:06:56      13    0.00    0.00    0.00    0.00    0.00    0.00    0.00    0.00    0.00  100.00
15:06:56      14    1.01    0.00    0.00    0.00    0.00    0.00    0.00    0.00    0.00   98.99
15:06:56      15    0.00    0.00    1.01    0.00    0.00    1.01    0.00    0.00    0.00   97.98
15:06:56      16    0.00    0.00    1.01    0.00    0.00    0.00    0.00    0.00    0.00   98.99
15:06:56      17    0.00    0.00    0.00    0.00    0.00    0.00    0.00    0.00    0.00  100.00
15:06:56      18    0.00    0.00    0.00    0.00    0.00    0.00    0.00    0.00    0.00  100.00
15:06:56      19    0.00    0.00    0.00    0.00    0.00    0.00    0.00    0.00    0.00  100.00
15:06:56      20    2.02    0.00    0.00    0.00    0.00    0.00    0.00    0.00    0.00   97.98
15:06:56      21    1.00    0.00    1.00    0.00    0.00    0.00    0.00    0.00    0.00   98.00
15:06:56      22    3.03    0.00    1.01    0.00    0.00    0.00    0.00    0.00    0.00   95.96
15:06:56      23    1.98    0.00    0.99    0.00    0.00    0.00    0.00    0.00    0.00   97.03

15:06:56     CPU    %usr   %nice    %sys %iowait    %irq   %soft  %steal  %guest  %gnice   %idle
15:06:57     all    1.09    0.00    0.38    0.04    0.00    0.04    0.00    0.00    0.00   98.45
15:06:57       0    1.00    0.00    0.00    0.00    0.00    0.00    0.00    0.00    0.00   99.00
15:06:57       1    0.00    0.00    0.00    0.00    0.00    0.00    0.00    0.00    0.00  100.00
15:06:57       2    1.01    0.00    0.00    0.00    0.00    0.00    0.00    0.00    0.00   98.99
15:06:57       3    0.00    0.00    0.00    0.00    0.00    0.00    0.00    0.00    0.00  100.00
15:06:57       4    0.00    0.00    0.00    0.00    0.00    0.00    0.00    0.00    0.00  100.00
15:06:57       5    0.00    0.00    0.00    0.00    0.00    0.00    0.00    0.00    0.00  100.00
15:06:57       6    1.98    0.00    0.99    0.00    0.00    0.00    0.00    0.00    0.00   97.03
15:06:57       7    0.00    0.00    0.00    0.00    0.00    0.00    0.00    0.00    0.00  100.00
15:06:57       8    2.97    0.00    2.97    0.99    0.00    0.00    0.00    0.00    0.00   93.07
15:06:57       9    0.00    0.00    0.00    0.00    0.00    0.00    0.00    0.00    0.00  100.00
15:06:57      10    4.04    0.00    0.00    0.00    0.00    0.00    0.00    0.00    0.00   95.96
15:06:57      11    0.00    0.00    0.00    0.00    0.00    0.00    0.00    0.00    0.00  100.00
15:06:57      12    2.00    0.00    1.00    0.00    0.00    0.00    0.00    0.00    0.00   97.00
15:06:57      13    0.00    0.00    0.00    0.00    0.00    0.00    0.00    0.00    0.00  100.00
15:06:57      14    1.00    0.00    1.00    0.00    0.00    0.00    0.00    0.00    0.00   98.00
15:06:57      15    0.00    0.00    0.00    0.00    0.00    1.02    0.00    0.00    0.00   98.98
15:06:57      16    1.01    0.00    0.00    0.00    0.00    0.00    0.00    0.00    0.00   98.99
15:06:57      17    1.00    0.00    1.00    0.00    0.00    0.00    0.00    0.00    0.00   98.00
15:06:57      18    1.00    0.00    0.00    0.00    0.00    0.00    0.00    0.00    0.00   99.00
15:06:57      19    0.99    0.00    1.98    0.00    0.00    0.00    0.00    0.00    0.00   97.03
15:06:57      20    2.00    0.00    0.00    0.00    0.00    0.00    0.00    0.00    0.00   98.00
15:06:57      21    1.01    0.00    0.00    0.00    0.00    0.00    0.00    0.00    0.00   98.99
15:06:57      22    2.02    0.00    0.00    0.00    0.00    0.00    0.00    0.00    0.00   97.98
15:06:57      23    3.03    0.00    0.00    0.00    0.00    0.00    0.00    0.00    0.00   96.97

15:06:57     CPU    %usr   %nice    %sys %iowait    %irq   %soft  %steal  %guest  %gnice   %idle
15:06:58     all    1.09    0.00    0.33    0.04    0.00    0.13    0.00    0.00    0.00   98.41
15:06:58       0    0.00    0.00    0.00    0.00    0.00    0.00    0.00    0.00    0.00  100.00
15:06:58       1    0.00    0.00    0.00    0.00    0.00    0.00    0.00    0.00    0.00  100.00
15:06:58       2    2.00    0.00    0.00    0.00    0.00    0.00    0.00    0.00    0.00   98.00
15:06:58       3    0.00    0.00    0.00    0.00    0.00    0.00    0.00    0.00    0.00  100.00
15:06:58       4    1.98    0.00    0.00    0.00    0.00    0.00    0.00    0.00    0.00   98.02
15:06:58       5    0.00    0.00    0.00    0.00    0.00    0.00    0.00    0.00    0.00  100.00
15:06:58       6    1.00    0.00    0.00    1.00    0.00    0.00    0.00    0.00    0.00   98.00
15:06:58       7    0.00    0.00    0.00    0.00    0.00    0.00    0.00    0.00    0.00  100.00
15:06:58       8    3.03    0.00    1.01    0.00    0.00    0.00    0.00    0.00    0.00   95.96
15:06:58       9    0.00    0.00    0.00    0.00    0.00    0.99    0.00    0.00    0.00   99.01
15:06:58      10    4.04    0.00    1.01    0.00    0.00    0.00    0.00    0.00    0.00   94.95
15:06:58      11    0.00    0.00    0.00    0.00    0.00    0.00    0.00    0.00    0.00  100.00
15:06:58      12    1.02    0.00    1.02    0.00    0.00    0.00    0.00    0.00    0.00   97.96
15:06:58      13    0.99    0.00    0.99    0.00    0.00    0.00    0.00    0.00    0.00   98.02
15:06:58      14    1.00    0.00    1.00    0.00    0.00    0.00    0.00    0.00    0.00   98.00
15:06:58      15    1.00    0.00    0.00    0.00    0.00    2.00    0.00    0.00    0.00   97.00
15:06:58      16    1.01    0.00    1.01    0.00    0.00    0.00    0.00    0.00    0.00   97.98
15:06:58      17    0.99    0.00    0.99    0.00    0.00    0.00    0.00    0.00    0.00   98.02
15:06:58      18    0.00    0.00    0.00    0.00    0.00    0.00    0.00    0.00    0.00  100.00
15:06:58      19    0.99    0.00    0.00    0.00    0.00    0.00    0.00    0.00    0.00   99.01
15:06:58      20    2.00    0.00    0.00    0.00    0.00    0.00    0.00    0.00    0.00   98.00
15:06:58      21    1.98    0.00    0.99    0.00    0.00    0.00    0.00    0.00    0.00   97.03
15:06:58      22    1.02    0.00    0.00    0.00    0.00    0.00    0.00    0.00    0.00   98.98
15:06:58      23    2.02    0.00    0.00    0.00    0.00    0.00    0.00    0.00    0.00   97.98

15:06:58     CPU    %usr   %nice    %sys %iowait    %irq   %soft  %steal  %guest  %gnice   %idle
15:06:59     all    1.00    0.00    0.42    0.00    0.00    0.08    0.00    0.00    0.00   98.50
15:06:59       0    0.99    0.00    0.99    0.00    0.00    0.00    0.00    0.00    0.00   98.02
15:06:59       1    0.00    0.00    0.00    0.00    0.00    0.99    0.00    0.00    0.00   99.01
15:06:59       2    0.00    0.00    0.00    0.00    0.00    0.00    0.00    0.00    0.00  100.00
15:06:59       3    0.00    0.00    0.00    0.00    0.00    0.00    0.00    0.00    0.00  100.00
15:06:59       4    1.00    0.00    1.00    0.00    0.00    0.00    0.00    0.00    0.00   98.00
15:06:59       5    0.00    0.00    0.00    0.00    0.00    0.00    0.00    0.00    0.00  100.00
15:06:59       6    1.01    0.00    0.00    0.00    0.00    0.00    0.00    0.00    0.00   98.99
15:06:59       7    0.00    0.00    0.00    0.00    0.00    0.00    0.00    0.00    0.00  100.00
15:06:59       8    5.00    0.00    1.00    0.00    0.00    0.00    0.00    0.00    0.00   94.00
15:06:59       9    0.00    0.00    0.00    0.00    0.00    0.00    0.00    0.00    0.00  100.00
15:06:59      10    5.00    0.00    1.00    0.00    0.00    0.00    0.00    0.00    0.00   94.00
15:06:59      11    0.00    0.00    0.00    0.00    0.00    0.00    0.00    0.00    0.00  100.00
15:06:59      12    1.98    0.00    0.99    0.00    0.00    0.00    0.00    0.00    0.00   97.03
15:06:59      13    0.00    0.00    0.00    0.00    0.00    0.00    0.00    0.00    0.00  100.00
15:06:59      14    0.00    0.00    1.01    0.00    0.00    0.00    0.00    0.00    0.00   98.99
15:06:59      15    1.02    0.00    0.00    0.00    0.00    1.02    0.00    0.00    0.00   97.96
15:06:59      16    1.01    0.00    1.01    0.00    0.00    0.00    0.00    0.00    0.00   97.98
15:06:59      17    0.00    0.00    0.00    0.00    0.00    0.00    0.00    0.00    0.00  100.00
15:06:59      18    0.99    0.00    0.00    0.00    0.00    0.00    0.00    0.00    0.00   99.01
15:06:59      19    0.00    0.00    0.00    0.00    0.00    0.00    0.00    0.00    0.00  100.00
15:06:59      20    1.98    0.00    0.99    0.00    0.00    0.00    0.00    0.00    0.00   97.03
15:06:59      21    1.00    0.00    0.00    0.00    0.00    0.00    0.00    0.00    0.00   99.00
15:06:59      22    2.00    0.00    1.00    0.00    0.00    0.00    0.00    0.00    0.00   97.00
15:06:59      23    1.00    0.00    1.00    0.00    0.00    0.00    0.00    0.00    0.00   98.00

15:06:59     CPU    %usr   %nice    %sys %iowait    %irq   %soft  %steal  %guest  %gnice   %idle
15:07:00     all    1.71    0.00    0.38    0.00    0.00    0.04    0.00    0.00    0.00   97.87
15:07:00       0    4.00    0.00    0.00    0.00    0.00    0.00    0.00    0.00    0.00   96.00
15:07:00       1    0.00    0.00    0.00    0.00    0.00    0.00    0.00    0.00    0.00  100.00
15:07:00       2    1.98    0.00    0.99    0.00    0.00    0.00    0.00    0.00    0.00   97.03
15:07:00       3    0.00    0.00    0.00    0.00    0.00    0.00    0.00    0.00    0.00  100.00
15:07:00       4    1.01    0.00    0.00    0.00    0.00    0.00    0.00    0.00    0.00   98.99
15:07:00       5    1.00    0.00    0.00    0.00    0.00    0.00    0.00    0.00    0.00   99.00
15:07:00       6    0.00    0.00    0.00    0.00    0.00    0.00    0.00    0.00    0.00  100.00
15:07:00       7    0.00    0.00    0.00    0.00    0.00    0.00    0.00    0.00    0.00  100.00
15:07:00       8    8.08    0.00    2.02    0.00    0.00    0.00    0.00    0.00    0.00   89.90
15:07:00       9    0.00    0.00    0.00    0.00    0.00    0.00    0.00    0.00    0.00  100.00
15:07:00      10    4.00    0.00    1.00    0.00    0.00    0.00    0.00    0.00    0.00   95.00
15:07:00      11    0.00    0.00    0.00    0.00    0.00    0.00    0.00    0.00    0.00  100.00
15:07:00      12    4.00    0.00    1.00    0.00    0.00    0.00    0.00    0.00    0.00   95.00
15:07:00      13    0.00    0.00    0.00    0.00    0.00    0.00    0.00    0.00    0.00  100.00
15:07:00      14    2.00    0.00    0.00    0.00    0.00    0.00    0.00    0.00    0.00   98.00
15:07:00      15    0.00    0.00    1.02    0.00    0.00    1.02    0.00    0.00    0.00   97.96
15:07:00      16    1.00    0.00    1.00    0.00    0.00    0.00    0.00    0.00    0.00   98.00
15:07:00      17    2.00    0.00    1.00    0.00    0.00    0.00    0.00    0.00    0.00   97.00
15:07:00      18    0.00    0.00    0.00    0.00    0.00    0.00    0.00    0.00    0.00  100.00
15:07:00      19    1.00    0.00    0.00    0.00    0.00    0.00    0.00    0.00    0.00   99.00
15:07:00      20    2.00    0.00    0.00    0.00    0.00    0.00    0.00    0.00    0.00   98.00
15:07:00      21    2.00    0.00    0.00    0.00    0.00    0.00    0.00    0.00    0.00   98.00
15:07:00      22    4.04    0.00    0.00    0.00    0.00    0.00    0.00    0.00    0.00   95.96
15:07:00      23    2.97    0.00    0.99    0.00    0.00    0.00    0.00    0.00    0.00   96.04

15:07:00     CPU    %usr   %nice    %sys %iowait    %irq   %soft  %steal  %guest  %gnice   %idle
15:07:01     all    3.29    0.00    0.62    0.08    0.00    0.12    0.00    0.00    0.00   95.88
15:07:01       0    3.00    0.00    1.00    0.00    0.00    0.00    0.00    0.00    0.00   96.00
15:07:01       1    3.00    0.00    0.00    0.00    0.00    0.00    0.00    0.00    0.00   97.00
15:07:01       2    4.04    0.00    0.00    0.00    0.00    0.00    0.00    0.00    0.00   95.96
15:07:01       3    2.00    0.00    0.00    0.00    0.00    0.00    0.00    0.00    0.00   98.00
15:07:01       4    4.95    0.00    0.99    0.00    0.00    0.00    0.00    0.00    0.00   94.06
15:07:01       5    0.00    0.00    0.00    0.00    0.00    0.00    0.00    0.00    0.00  100.00
15:07:01       6    8.00    0.00    1.00    0.00    0.00    0.00    0.00    0.00    0.00   91.00
15:07:01       7    0.00    0.00    0.00    0.00    0.00    0.00    0.00    0.00    0.00  100.00
15:07:01       8    7.77    0.00    0.97    0.97    0.00    0.00    0.00    0.00    0.00   90.29
15:07:01       9    3.85    0.00    1.92    0.00    0.00    0.00    0.00    0.00    0.00   94.23
15:07:01      10    8.82    0.00    1.96    0.98    0.00    0.00    0.00    0.00    0.00   88.24
15:07:01      11    0.00    0.00    0.00    0.00    0.00    1.00    0.00    0.00    0.00   99.00
15:07:01      12    5.00    0.00    0.00    0.00    0.00    0.00    0.00    0.00    0.00   95.00
15:07:01      13    0.00    0.00    0.00    0.00    0.00    0.00    0.00    0.00    0.00  100.00
15:07:01      14    8.00    0.00    1.00    0.00    0.00    0.00    0.00    0.00    0.00   91.00
15:07:01      15    0.00    0.00    0.00    0.00    0.00    2.04    0.00    0.00    0.00   97.96
15:07:01      16    2.97    0.00    1.98    0.00    0.00    0.00    0.00    0.00    0.00   95.05
15:07:01      17    2.02    0.00    2.02    0.00    0.00    0.00    0.00    0.00    0.00   95.96
15:07:01      18    1.98    0.00    0.99    0.00    0.00    0.00    0.00    0.00    0.00   97.03
15:07:01      19    1.00    0.00    1.00    0.00    0.00    0.00    0.00    0.00    0.00   98.00
15:07:01      20    2.02    0.00    0.00    0.00    0.00    0.00    0.00    0.00    0.00   97.98
15:07:01      21    1.01    0.00    0.00    0.00    0.00    0.00    0.00    0.00    0.00   98.99
15:07:01      22    3.03    0.00    0.00    0.00    0.00    0.00    0.00    0.00    0.00   96.97
15:07:01      23    6.00    0.00    0.00    0.00    0.00    0.00    0.00    0.00    0.00   94.00

15:07:01     CPU    %usr   %nice    %sys %iowait    %irq   %soft  %steal  %guest  %gnice   %idle
15:07:02     all    1.34    0.00    0.54    0.00    0.00    0.04    0.00    0.00    0.00   98.08
15:07:02       0    2.02    0.00    1.01    0.00    0.00    0.00    0.00    0.00    0.00   96.97
15:07:02       1    0.00    0.00    0.00    0.00    0.00    0.00    0.00    0.00    0.00  100.00
15:07:02       2    1.01    0.00    2.02    0.00    0.00    0.00    0.00    0.00    0.00   96.97
15:07:02       3    0.00    0.00    0.00    0.00    0.00    0.00    0.00    0.00    0.00  100.00
15:07:02       4    3.00    0.00    1.00    0.00    0.00    0.00    0.00    0.00    0.00   96.00
15:07:02       5    0.00    0.00    0.00    0.00    0.00    0.00    0.00    0.00    0.00  100.00
15:07:02       6    1.00    0.00    0.00    0.00    0.00    0.00    0.00    0.00    0.00   99.00
15:07:02       7    0.00    0.00    0.00    0.00    0.00    0.00    0.00    0.00    0.00  100.00
15:07:02       8    3.00    0.00    2.00    0.00    0.00    0.00    0.00    0.00    0.00   95.00
15:07:02       9    0.00    0.00    0.00    0.00    0.00    0.00    0.00    0.00    0.00  100.00
15:07:02      10    3.03    0.00    0.00    0.00    0.00    0.00    0.00    0.00    0.00   96.97
15:07:02      11    0.00    0.00    0.00    0.00    0.00    0.00    0.00    0.00    0.00  100.00
15:07:02      12    2.00    0.00    1.00    0.00    0.00    0.00    0.00    0.00    0.00   97.00
15:07:02      13    0.00    0.00    0.00    0.00    0.00    0.00    0.00    0.00    0.00  100.00
15:07:02      14    3.96    0.00    0.99    0.00    0.00    0.00    0.00    0.00    0.00   95.05
15:07:02      15    1.00    0.00    1.00    0.00    0.00    1.00    0.00    0.00    0.00   97.00
15:07:02      16    2.02    0.00    1.01    0.00    0.00    0.00    0.00    0.00    0.00   96.97
15:07:02      17    2.02    0.00    0.00    0.00    0.00    0.00    0.00    0.00    0.00   97.98
15:07:02      18    1.01    0.00    0.00    0.00    0.00    0.00    0.00    0.00    0.00   98.99
15:07:02      19    2.00    0.00    0.00    0.00    0.00    0.00    0.00    0.00    0.00   98.00
15:07:02      20    1.96    0.00    0.98    0.00    0.00    0.00    0.00    0.00    0.00   97.06
15:07:02      21    0.00    0.00    1.00    0.00    0.00    0.00    0.00    0.00    0.00   99.00
15:07:02      22    2.02    0.00    0.00    0.00    0.00    0.00    0.00    0.00    0.00   97.98
15:07:02      23    1.00    0.00    1.00    0.00    0.00    0.00    0.00    0.00    0.00   98.00

15:07:02     CPU    %usr   %nice    %sys %iowait    %irq   %soft  %steal  %guest  %gnice   %idle
15:07:03     all    1.21    0.00    0.42    0.00    0.00    0.04    0.00    0.00    0.00   98.33
15:07:03       0    2.94    0.00    1.96    0.00    0.00    0.00    0.00    0.00    0.00   95.10
15:07:03       1    0.00    0.00    0.00    0.00    0.00    0.00    0.00    0.00    0.00  100.00
15:07:03       2    1.98    0.00    0.99    0.00    0.00    0.00    0.00    0.00    0.00   97.03
15:07:03       3    0.00    0.00    0.00    0.00    0.00    0.00    0.00    0.00    0.00  100.00
15:07:03       4    1.00    0.00    0.00    0.00    0.00    0.00    0.00    0.00    0.00   99.00
15:07:03       5    0.00    0.00    0.00    0.00    0.00    0.00    0.00    0.00    0.00  100.00
15:07:03       6    1.98    0.00    0.99    0.00    0.00    0.00    0.00    0.00    0.00   97.03
15:07:03       7    0.00    0.00    0.00    0.00    0.00    0.00    0.00    0.00    0.00  100.00
15:07:03       8    2.02    0.00    0.00    0.00    0.00    0.00    0.00    0.00    0.00   97.98
15:07:03       9    0.00    0.00    0.00    0.00    0.00    0.00    0.00    0.00    0.00  100.00
15:07:03      10    4.95    0.00    0.99    0.00    0.00    0.00    0.00    0.00    0.00   94.06
15:07:03      11    0.00    0.00    0.00    0.00    0.00    0.00    0.00    0.00    0.00  100.00
15:07:03      12    2.00    0.00    1.00    0.00    0.00    0.00    0.00    0.00    0.00   97.00
15:07:03      13    0.00    0.00    0.00    0.00    0.00    0.00    0.00    0.00    0.00  100.00
15:07:03      14    2.00    0.00    1.00    0.00    0.00    0.00    0.00    0.00    0.00   97.00
15:07:03      15    1.01    0.00    0.00    0.00    0.00    1.01    0.00    0.00    0.00   97.98
15:07:03      16    1.01    0.00    1.01    0.00    0.00    0.00    0.00    0.00    0.00   97.98
15:07:03      17    2.00    0.00    1.00    0.00    0.00    0.00    0.00    0.00    0.00   97.00
15:07:03      18    1.00    0.00    0.00    0.00    0.00    0.00    0.00    0.00    0.00   99.00
15:07:03      19    0.00    0.00    0.00    0.00    0.00    0.00    0.00    0.00    0.00  100.00
15:07:03      20    0.00    0.00    0.00    0.00    0.00    0.00    0.00    0.00    0.00  100.00
15:07:03      21    2.02    0.00    0.00    0.00    0.00    0.00    0.00    0.00    0.00   97.98
15:07:03      22    1.01    0.00    1.01    0.00    0.00    0.00    0.00    0.00    0.00   97.98
15:07:03      23    2.00    0.00    0.00    0.00    0.00    0.00    0.00    0.00    0.00   98.00

15:07:03     CPU    %usr   %nice    %sys %iowait    %irq   %soft  %steal  %guest  %gnice   %idle
15:07:04     all    1.59    0.00    0.42    0.00    0.00    0.04    0.00    0.00    0.00   97.95
15:07:04       0    1.01    0.00    0.00    0.00    0.00    0.00    0.00    0.00    0.00   98.99
15:07:04       1    0.00    0.00    0.00    0.00    0.00    0.00    0.00    0.00    0.00  100.00
15:07:04       2    1.00    0.00    1.00    0.00    0.00    0.00    0.00    0.00    0.00   98.00
15:07:04       3    0.00    0.00    0.00    0.00    0.00    0.00    0.00    0.00    0.00  100.00
15:07:04       4    1.02    0.00    0.00    0.00    0.00    0.00    0.00    0.00    0.00   98.98
15:07:04       5    0.00    0.00    0.00    0.00    0.00    0.00    0.00    0.00    0.00  100.00
15:07:04       6    2.00    0.00    0.00    0.00    0.00    0.00    0.00    0.00    0.00   98.00
15:07:04       7    0.00    0.00    0.00    0.00    0.00    0.00    0.00    0.00    0.00  100.00
15:07:04       8    6.93    0.00    0.99    0.00    0.00    0.00    0.00    0.00    0.00   92.08
15:07:04       9    0.00    0.00    0.00    0.00    0.00    0.00    0.00    0.00    0.00  100.00
15:07:04      10    4.04    0.00    2.02    0.00    0.00    0.00    0.00    0.00    0.00   93.94
15:07:04      11    0.00    0.00    0.00    0.00    0.00    0.00    0.00    0.00    0.00  100.00
15:07:04      12    2.00    0.00    0.00    0.00    0.00    0.00    0.00    0.00    0.00   98.00
15:07:04      13    0.00    0.00    0.00    0.00    0.00    0.00    0.00    0.00    0.00  100.00
15:07:04      14    3.96    0.00    0.00    0.00    0.00    0.00    0.00    0.00    0.00   96.04
15:07:04      15    0.00    0.00    0.00    0.00    0.00    1.02    0.00    0.00    0.00   98.98
15:07:04      16    2.00    0.00    1.00    0.00    0.00    0.00    0.00    0.00    0.00   97.00
15:07:04      17    1.00    0.00    1.00    0.00    0.00    0.00    0.00    0.00    0.00   98.00
15:07:04      18    2.00    0.00    1.00    0.00    0.00    0.00    0.00    0.00    0.00   97.00
15:07:04      19    1.00    0.00    0.00    0.00    0.00    0.00    0.00    0.00    0.00   99.00
15:07:04      20    3.00    0.00    0.00    0.00    0.00    0.00    0.00    0.00    0.00   97.00
15:07:04      21    2.94    0.00    1.96    0.00    0.00    0.00    0.00    0.00    0.00   95.10
15:07:04      22    2.04    0.00    0.00    0.00    0.00    0.00    0.00    0.00    0.00   97.96
15:07:04      23    1.98    0.00    0.99    0.00    0.00    0.00    0.00    0.00    0.00   97.03

15:07:04     CPU    %usr   %nice    %sys %iowait    %irq   %soft  %steal  %guest  %gnice   %idle
15:07:05     all    1.58    0.00    0.46    0.08    0.00    0.12    0.00    0.00    0.00   97.75
15:07:05       0    2.02    0.00    0.00    0.00    0.00    0.00    0.00    0.00    0.00   97.98
15:07:05       1    0.00    0.00    0.00    0.00    0.00    0.00    0.00    0.00    0.00  100.00
15:07:05       2    1.01    0.00    0.00    0.00    0.00    0.00    0.00    0.00    0.00   98.99
15:07:05       3    0.00    0.00    0.00    0.00    0.00    0.00    0.00    0.00    0.00  100.00
15:07:05       4    1.98    0.00    1.98    0.00    0.00    0.00    0.00    0.00    0.00   96.04
15:07:05       5    0.00    0.00    0.00    0.00    0.00    0.00    0.00    0.00    0.00  100.00
15:07:05       6    1.98    0.00    0.99    0.00    0.00    0.00    0.00    0.00    0.00   97.03
15:07:05       7    0.00    0.00    0.00    0.00    0.00    0.00    0.00    0.00    0.00  100.00
15:07:05       8    5.00    0.00    0.00    0.00    0.00    1.00    0.00    0.00    0.00   94.00
15:07:05       9    0.00    0.00    0.00    0.00    0.00    0.00    0.00    0.00    0.00  100.00
15:07:05      10    3.96    0.00    0.99    0.00    0.00    0.00    0.00    0.00    0.00   95.05
15:07:05      11    0.00    0.00    0.00    0.99    0.00    0.00    0.00    0.00    0.00   99.01
15:07:05      12    2.94    0.00    0.98    0.98    0.00    0.00    0.00    0.00    0.00   95.10
15:07:05      13    0.00    0.00    0.00    0.00    0.00    0.00    0.00    0.00    0.00  100.00
15:07:05      14    2.97    0.00    1.98    0.00    0.00    0.00    0.00    0.00    0.00   95.05
15:07:05      15    0.00    0.00    1.01    0.00    0.00    2.02    0.00    0.00    0.00   96.97
15:07:05      16    4.00    0.00    0.00    0.00    0.00    0.00    0.00    0.00    0.00   96.00
15:07:05      17    2.02    0.00    0.00    0.00    0.00    0.00    0.00    0.00    0.00   97.98
15:07:05      18    4.00    0.00    2.00    0.00    0.00    0.00    0.00    0.00    0.00   94.00
15:07:05      19    1.01    0.00    0.00    0.00    0.00    0.00    0.00    0.00    0.00   98.99
15:07:05      20    2.00    0.00    0.00    0.00    0.00    0.00    0.00    0.00    0.00   98.00
15:07:05      21    1.00    0.00    0.00    0.00    0.00    0.00    0.00    0.00    0.00   99.00
15:07:05      22    1.01    0.00    0.00    0.00    0.00    0.00    0.00    0.00    0.00   98.99
15:07:05      23    1.00    0.00    1.00    0.00    0.00    0.00    0.00    0.00    0.00   98.00

15:07:05     CPU    %usr   %nice    %sys %iowait    %irq   %soft  %steal  %guest  %gnice   %idle
15:07:06     all    1.25    0.00    0.46    0.00    0.00    0.04    0.00    0.00    0.00   98.24
15:07:06       0    1.98    0.00    0.99    0.00    0.00    0.00    0.00    0.00    0.00   97.03
15:07:06       1    0.00    0.00    0.00    0.00    0.00    0.00    0.00    0.00    0.00  100.00
15:07:06       2    1.98    0.00    0.99    0.00    0.00    0.00    0.00    0.00    0.00   97.03
15:07:06       3    0.00    0.00    0.00    0.00    0.00    0.00    0.00    0.00    0.00  100.00
15:07:06       4    1.01    0.00    0.00    0.00    0.00    0.00    0.00    0.00    0.00   98.99
15:07:06       5    0.00    0.00    0.00    0.00    0.00    0.00    0.00    0.00    0.00  100.00
15:07:06       6    1.00    0.00    1.00    0.00    0.00    0.00    0.00    0.00    0.00   98.00
15:07:06       7    0.00    0.00    0.00    0.00    0.00    0.00    0.00    0.00    0.00  100.00
15:07:06       8    2.02    0.00    1.01    0.00    0.00    0.00    0.00    0.00    0.00   96.97
15:07:06       9    0.00    0.00    0.00    0.00    0.00    0.00    0.00    0.00    0.00  100.00
15:07:06      10    5.10    0.00    2.04    0.00    0.00    0.00    0.00    0.00    0.00   92.86
15:07:06      11    0.00    0.00    0.00    0.00    0.00    0.00    0.00    0.00    0.00  100.00
15:07:06      12    2.02    0.00    0.00    0.00    0.00    0.00    0.00    0.00    0.00   97.98
15:07:06      13    0.00    0.00    0.00    0.00    0.00    0.00    0.00    0.00    0.00  100.00
15:07:06      14    2.02    0.00    0.00    0.00    0.00    0.00    0.00    0.00    0.00   97.98
15:07:06      15    0.00    0.00    0.00    0.00    0.00    1.02    0.00    0.00    0.00   98.98
15:07:06      16    2.00    0.00    1.00    0.00    0.00    0.00    0.00    0.00    0.00   97.00
15:07:06      17    2.00    0.00    2.00    0.00    0.00    0.00    0.00    0.00    0.00   96.00
15:07:06      18    2.00    0.00    0.00    0.00    0.00    0.00    0.00    0.00    0.00   98.00
15:07:06      19    1.00    0.00    0.00    0.00    0.00    0.00    0.00    0.00    0.00   99.00
15:07:06      20    1.00    0.00    1.00    0.00    0.00    0.00    0.00    0.00    0.00   98.00
15:07:06      21    2.00    0.00    0.00    0.00    0.00    0.00    0.00    0.00    0.00   98.00
15:07:06      22    1.01    0.00    1.01    0.00    0.00    0.00    0.00    0.00    0.00   97.98
15:07:06      23    2.00    0.00    0.00    0.00    0.00    0.00    0.00    0.00    0.00   98.00

15:07:06     CPU    %usr   %nice    %sys %iowait    %irq   %soft  %steal  %guest  %gnice   %idle
15:07:07     all    1.79    0.00    0.38    0.00    0.00    0.04    0.00    0.00    0.00   97.79
15:07:07       0    4.04    0.00    0.00    0.00    0.00    0.00    0.00    0.00    0.00   95.96
15:07:07       1    0.00    0.00    0.00    0.00    0.00    0.00    0.00    0.00    0.00  100.00
15:07:07       2    2.04    0.00    0.00    0.00    0.00    0.00    0.00    0.00    0.00   97.96
15:07:07       3    1.01    0.00    0.00    0.00    0.00    0.00    0.00    0.00    0.00   98.99
15:07:07       4    1.98    0.00    0.99    0.00    0.00    0.00    0.00    0.00    0.00   97.03
15:07:07       5    0.98    0.00    0.98    0.00    0.00    0.00    0.00    0.00    0.00   98.04
15:07:07       6    4.04    0.00    0.00    0.00    0.00    0.00    0.00    0.00    0.00   95.96
15:07:07       7    0.00    0.00    0.00    0.00    0.00    0.00    0.00    0.00    0.00  100.00
15:07:07       8    5.00    0.00    1.00    0.00    0.00    0.00    0.00    0.00    0.00   94.00
15:07:07       9    0.00    0.00    0.00    0.00    0.00    0.00    0.00    0.00    0.00  100.00
15:07:07      10    5.00    0.00    0.00    0.00    0.00    0.00    0.00    0.00    0.00   95.00
15:07:07      11    0.00    0.00    0.00    0.00    0.00    0.00    0.00    0.00    0.00  100.00
15:07:07      12    1.98    0.00    1.98    0.00    0.00    0.00    0.00    0.00    0.00   96.04
15:07:07      13    0.00    0.00    0.00    0.00    0.00    0.00    0.00    0.00    0.00  100.00
15:07:07      14    2.00    0.00    1.00    0.00    0.00    0.00    0.00    0.00    0.00   97.00
15:07:07      15    1.01    0.00    0.00    0.00    0.00    1.01    0.00    0.00    0.00   97.98
15:07:07      16    1.01    0.00    0.00    0.00    0.00    0.00    0.00    0.00    0.00   98.99
15:07:07      17    2.02    0.00    0.00    0.00    0.00    0.00    0.00    0.00    0.00   97.98
15:07:07      18    0.99    0.00    0.99    0.00    0.00    0.00    0.00    0.00    0.00   98.02
15:07:07      19    0.99    0.00    0.99    0.00    0.00    0.00    0.00    0.00    0.00   98.02
15:07:07      20    2.97    0.00    0.99    0.00    0.00    0.00    0.00    0.00    0.00   96.04
15:07:07      21    2.02    0.00    0.00    0.00    0.00    0.00    0.00    0.00    0.00   97.98
15:07:07      22    2.02    0.00    0.00    0.00    0.00    0.00    0.00    0.00    0.00   97.98
15:07:07      23    2.00    0.00    0.00    0.00    0.00    0.00    0.00    0.00    0.00   98.00

15:07:07     CPU    %usr   %nice    %sys %iowait    %irq   %soft  %steal  %guest  %gnice   %idle
15:07:08     all    1.38    0.00    0.38    0.08    0.00    0.04    0.00    0.00    0.00   98.12
15:07:08       0    1.00    0.00    1.00    0.00    0.00    0.00    0.00    0.00    0.00   98.00
15:07:08       1    0.00    0.00    0.00    0.00    0.00    0.00    0.00    0.00    0.00  100.00
15:07:08       2    2.00    0.00    0.00    0.00    0.00    0.00    0.00    0.00    0.00   98.00
15:07:08       3    0.00    0.00    0.00    0.00    0.00    0.00    0.00    0.00    0.00  100.00
15:07:08       4    2.00    0.00    0.00    0.00    0.00    0.00    0.00    0.00    0.00   98.00
15:07:08       5    0.00    0.00    0.00    0.00    0.00    0.00    0.00    0.00    0.00  100.00
15:07:08       6    2.00    0.00    1.00    0.00    0.00    0.00    0.00    0.00    0.00   97.00
15:07:08       7    0.00    0.00    0.00    0.00    0.00    0.00    0.00    0.00    0.00  100.00
15:07:08       8    5.00    0.00    1.00    0.00    0.00    0.00    0.00    0.00    0.00   94.00
15:07:08       9    0.00    0.00    0.00    0.00    0.00    0.00    0.00    0.00    0.00  100.00
15:07:08      10    4.04    0.00    1.01    0.00    0.00    0.00    0.00    0.00    0.00   94.95
15:07:08      11    0.00    0.00    0.00    1.01    0.00    0.00    0.00    0.00    0.00   98.99
15:07:08      12    1.01    0.00    0.00    0.00    0.00    0.00    0.00    0.00    0.00   98.99
15:07:08      13    0.00    0.00    0.00    0.00    0.00    0.00    0.00    0.00    0.00  100.00
15:07:08      14    3.00    0.00    0.00    0.00    0.00    0.00    0.00    0.00    0.00   97.00
15:07:08      15    0.00    0.00    2.04    0.00    0.00    1.02    0.00    0.00    0.00   96.94
15:07:08      16    2.00    0.00    1.00    0.00    0.00    0.00    0.00    0.00    0.00   97.00
15:07:08      17    1.01    0.00    0.00    1.01    0.00    0.00    0.00    0.00    0.00   97.98
15:07:08      18    2.02    0.00    0.00    0.00    0.00    0.00    0.00    0.00    0.00   97.98
15:07:08      19    1.00    0.00    0.00    0.00    0.00    0.00    0.00    0.00    0.00   99.00
15:07:08      20    2.00    0.00    0.00    0.00    0.00    0.00    0.00    0.00    0.00   98.00
15:07:08      21    1.00    0.00    0.00    0.00    0.00    0.00    0.00    0.00    0.00   99.00
15:07:08      22    2.04    0.00    0.00    0.00    0.00    0.00    0.00    0.00    0.00   97.96
15:07:08      23    2.00    0.00    2.00    0.00    0.00    0.00    0.00    0.00    0.00   96.00

15:07:08     CPU    %usr   %nice    %sys %iowait    %irq   %soft  %steal  %guest  %gnice   %idle
15:07:09     all    2.30    0.00    0.63    0.00    0.00    0.08    0.00    0.00    0.00   96.99
15:07:09       0    3.00    0.00    1.00    0.00    0.00    0.00    0.00    0.00    0.00   96.00
15:07:09       1    0.00    0.00    0.00    0.00    0.00    0.00    0.00    0.00    0.00  100.00
15:07:09       2    2.00    0.00    1.00    0.00    0.00    0.00    0.00    0.00    0.00   97.00
15:07:09       3    0.00    0.00    0.00    0.00    0.00    0.00    0.00    0.00    0.00  100.00
15:07:09       4    1.02    0.00    0.00    0.00    0.00    0.00    0.00    0.00    0.00   98.98
15:07:09       5    2.02    0.00    0.00    0.00    0.00    0.00    0.00    0.00    0.00   97.98
15:07:09       6    1.98    0.00    0.99    0.00    0.00    0.00    0.00    0.00    0.00   97.03
15:07:09       7    0.00    0.00    0.00    0.00    0.00    0.00    0.00    0.00    0.00  100.00
15:07:09       8    4.08    0.00    2.04    0.00    0.00    0.00    0.00    0.00    0.00   93.88
15:07:09       9    0.00    0.00    0.00    0.00    0.00    0.00    0.00    0.00    0.00  100.00
15:07:09      10    8.00    0.00    1.00    0.00    0.00    0.00    0.00    0.00    0.00   91.00
15:07:09      11    0.00    0.00    0.00    0.00    0.00    0.00    0.00    0.00    0.00  100.00
15:07:09      12    4.00    0.00    2.00    0.00    0.00    0.00    0.00    0.00    0.00   94.00
15:07:09      13    0.00    0.00    0.00    0.00    0.00    0.00    0.00    0.00    0.00  100.00
15:07:09      14    2.00    0.00    2.00    0.00    0.00    0.00    0.00    0.00    0.00   96.00
15:07:09      15    1.00    0.00    0.00    0.00    0.00    2.00    0.00    0.00    0.00   97.00
15:07:09      16    4.04    0.00    0.00    0.00    0.00    0.00    0.00    0.00    0.00   95.96
15:07:09      17    4.00    0.00    1.00    0.00    0.00    0.00    0.00    0.00    0.00   95.00
15:07:09      18    2.97    0.00    0.99    0.00    0.00    0.00    0.00    0.00    0.00   96.04
15:07:09      19    4.00    0.00    0.00    0.00    0.00    0.00    0.00    0.00    0.00   96.00
15:07:09      20    2.02    0.00    1.01    0.00    0.00    0.00    0.00    0.00    0.00   96.97
15:07:09      21    2.00    0.00    0.00    0.00    0.00    0.00    0.00    0.00    0.00   98.00
15:07:09      22    4.04    0.00    2.02    0.00    0.00    0.00    0.00    0.00    0.00   93.94
15:07:09      23    3.00    0.00    0.00    0.00    0.00    0.00    0.00    0.00    0.00   97.00

15:07:09     CPU    %usr   %nice    %sys %iowait    %irq   %soft  %steal  %guest  %gnice   %idle
15:07:10     all    2.88    0.00    0.42    0.00    0.00    0.04    0.00    0.00    0.00   96.66
15:07:10       0    4.04    0.00    0.00    0.00    0.00    0.00    0.00    0.00    0.00   95.96
15:07:10       1    0.00    0.00    0.00    0.00    0.00    0.00    0.00    0.00    0.00  100.00
15:07:10       2    2.02    0.00    1.01    0.00    0.00    0.00    0.00    0.00    0.00   96.97
15:07:10       3    0.00    0.00    0.00    0.00    0.00    0.00    0.00    0.00    0.00  100.00
15:07:10       4    1.98    0.00    0.99    0.00    0.00    0.00    0.00    0.00    0.00   97.03
15:07:10       5    3.00    0.00    0.00    0.00    0.00    0.00    0.00    0.00    0.00   97.00
15:07:10       6    4.04    0.00    0.00    0.00    0.00    0.00    0.00    0.00    0.00   95.96
15:07:10       7    3.00    0.00    0.00    0.00    0.00    0.00    0.00    0.00    0.00   97.00
15:07:10       8    4.00    0.00    1.00    0.00    0.00    0.00    0.00    0.00    0.00   95.00
15:07:10       9    0.00    0.00    0.00    0.00    0.00    0.00    0.00    0.00    0.00  100.00
15:07:10      10   14.00    0.00    1.00    0.00    0.00    0.00    0.00    0.00    0.00   85.00
15:07:10      11    0.00    0.00    0.00    0.00    0.00    0.00    0.00    0.00    0.00  100.00
15:07:10      12    6.00    0.00    1.00    0.00    0.00    0.00    0.00    0.00    0.00   93.00
15:07:10      13    0.00    0.00    0.00    0.00    0.00    0.00    0.00    0.00    0.00  100.00
15:07:10      14    4.04    0.00    0.00    0.00    0.00    0.00    0.00    0.00    0.00   95.96
15:07:10      15    4.04    0.00    1.01    0.00    0.00    1.01    0.00    0.00    0.00   93.94
15:07:10      16    3.06    0.00    0.00    0.00    0.00    0.00    0.00    0.00    0.00   96.94
15:07:10      17    2.02    0.00    1.01    0.00    0.00    0.00    0.00    0.00    0.00   96.97
15:07:10      18    1.00    0.00    0.00    0.00    0.00    0.00    0.00    0.00    0.00   99.00
15:07:10      19    2.02    0.00    0.00    0.00    0.00    0.00    0.00    0.00    0.00   97.98
15:07:10      20    2.97    0.00    0.99    0.00    0.00    0.00    0.00    0.00    0.00   96.04
15:07:10      21    3.00    0.00    0.00    0.00    0.00    0.00    0.00    0.00    0.00   97.00
15:07:10      22    3.03    0.00    1.01    0.00    0.00    0.00    0.00    0.00    0.00   95.96
15:07:10      23    2.00    0.00    1.00    0.00    0.00    0.00    0.00    0.00    0.00   97.00

15:07:10     CPU    %usr   %nice    %sys %iowait    %irq   %soft  %steal  %guest  %gnice   %idle
15:07:11     all    0.92    0.00    0.46    0.00    0.00    0.08    0.00    0.00    0.00   98.54
15:07:11       0    1.00    0.00    1.00    0.00    0.00    0.00    0.00    0.00    0.00   98.00
15:07:11       1    0.00    0.00    0.00    0.00    0.00    0.00    0.00    0.00    0.00  100.00
15:07:11       2    2.00    0.00    1.00    0.00    0.00    0.00    0.00    0.00    0.00   97.00
15:07:11       3    0.00    0.00    0.00    0.00    0.00    0.00    0.00    0.00    0.00  100.00
15:07:11       4    2.00    0.00    1.00    0.00    0.00    0.00    0.00    0.00    0.00   97.00
15:07:11       5    0.00    0.00    0.00    0.00    0.00    0.00    0.00    0.00    0.00  100.00
15:07:11       6    0.00    0.00    1.00    0.00    0.00    0.00    0.00    0.00    0.00   99.00
15:07:11       7    0.00    0.00    0.00    0.00    0.00    0.00    0.00    0.00    0.00  100.00
15:07:11       8    2.02    0.00    2.02    0.00    0.00    0.00    0.00    0.00    0.00   95.96
15:07:11       9    0.00    0.00    0.00    0.00    0.00    0.00    0.00    0.00    0.00  100.00
15:07:11      10    3.00    0.00    0.00    0.00    0.00    0.00    0.00    0.00    0.00   97.00
15:07:11      11    0.00    0.00    0.00    0.00    0.00    0.00    0.00    0.00    0.00  100.00
15:07:11      12    4.00    0.00    0.00    0.00    0.00    0.00    0.00    0.00    0.00   96.00
15:07:11      13    0.00    0.00    0.00    0.00    0.00    0.00    0.00    0.00    0.00  100.00
15:07:11      14    2.00    0.00    0.00    0.00    0.00    0.00    0.00    0.00    0.00   98.00
15:07:11      15    0.00    0.00    0.00    0.00    0.00    2.02    0.00    0.00    0.00   97.98
15:07:11      16    1.00    0.00    1.00    0.00    0.00    0.00    0.00    0.00    0.00   98.00
15:07:11      17    1.00    0.00    1.00    0.00    0.00    0.00    0.00    0.00    0.00   98.00
15:07:11      18    1.00    0.00    1.00    0.00    0.00    0.00    0.00    0.00    0.00   98.00
15:07:11      19    0.00    0.00    0.00    0.00    0.00    0.00    0.00    0.00    0.00  100.00
15:07:11      20    1.00    0.00    0.00    0.00    0.00    0.00    0.00    0.00    0.00   99.00
15:07:11      21    0.00    0.00    1.00    0.00    0.00    0.00    0.00    0.00    0.00   99.00
15:07:11      22    1.01    0.00    0.00    0.00    0.00    0.00    0.00    0.00    0.00   98.99
15:07:11      23    1.00    0.00    1.00    0.00    0.00    0.00    0.00    0.00    0.00   98.00

15:07:11     CPU    %usr   %nice    %sys %iowait    %irq   %soft  %steal  %guest  %gnice   %idle
15:07:12     all    1.13    0.00    0.38    0.00    0.00    0.04    0.00    0.00    0.00   98.45
15:07:12       0    1.00    0.00    0.00    0.00    0.00    0.00    0.00    0.00    0.00   99.00
15:07:12       1    0.00    0.00    0.00    0.00    0.00    0.00    0.00    0.00    0.00  100.00
15:07:12       2    2.00    0.00    1.00    0.00    0.00    0.00    0.00    0.00    0.00   97.00
15:07:12       3    0.00    0.00    0.00    0.00    0.00    0.00    0.00    0.00    0.00  100.00
15:07:12       4    1.01    0.00    0.00    0.00    0.00    0.00    0.00    0.00    0.00   98.99
15:07:12       5    0.00    0.00    0.00    0.00    0.00    0.00    0.00    0.00    0.00  100.00
15:07:12       6    2.00    0.00    0.00    0.00    0.00    0.00    0.00    0.00    0.00   98.00
15:07:12       7    0.00    0.00    0.00    0.00    0.00    0.00    0.00    0.00    0.00  100.00
15:07:12       8    6.00    0.00    1.00    0.00    0.00    0.00    0.00    0.00    0.00   93.00
15:07:12       9    0.00    0.00    0.00    0.00    0.00    0.00    0.00    0.00    0.00  100.00
15:07:12      10    2.00    0.00    2.00    0.00    0.00    0.00    0.00    0.00    0.00   96.00
15:07:12      11    0.00    0.00    0.00    0.00    0.00    0.00    0.00    0.00    0.00  100.00
15:07:12      12    1.02    0.00    1.02    0.00    0.00    0.00    0.00    0.00    0.00   97.96
15:07:12      13    0.00    0.00    0.00    0.00    0.00    0.00    0.00    0.00    0.00  100.00
15:07:12      14    0.00    0.00    0.00    0.00    0.00    0.00    0.00    0.00    0.00  100.00
15:07:12      15    0.00    0.00    0.00    0.00    0.00    1.02    0.00    0.00    0.00   98.98
15:07:12      16    1.00    0.00    0.00    0.00    0.00    0.00    0.00    0.00    0.00   99.00
15:07:12      17    1.00    0.00    1.00    0.00    0.00    0.00    0.00    0.00    0.00   98.00
15:07:12      18    0.00    0.00    0.00    0.00    0.00    0.00    0.00    0.00    0.00  100.00
15:07:12      19    0.00    0.00    0.00    0.00    0.00    0.00    0.00    0.00    0.00  100.00
15:07:12      20    3.00    0.00    0.00    0.00    0.00    0.00    0.00    0.00    0.00   97.00
15:07:12      21    2.00    0.00    1.00    0.00    0.00    0.00    0.00    0.00    0.00   97.00
15:07:12      22    3.00    0.00    1.00    0.00    0.00    0.00    0.00    0.00    0.00   96.00
15:07:12      23    1.98    0.00    0.99    0.00    0.00    0.00    0.00    0.00    0.00   97.03

15:07:12     CPU    %usr   %nice    %sys %iowait    %irq   %soft  %steal  %guest  %gnice   %idle
15:07:13     all    1.04    0.00    0.38    0.17    0.00    0.04    0.00    0.00    0.00   98.37
15:07:13       0    0.00    0.00    0.00    0.00    0.00    0.00    0.00    0.00    0.00  100.00
15:07:13       1    0.00    0.00    0.00    0.00    0.00    0.00    0.00    0.00    0.00  100.00
15:07:13       2    1.00    0.00    0.00    0.00    0.00    0.00    0.00    0.00    0.00   99.00
15:07:13       3    0.00    0.00    0.00    0.00    0.00    0.00    0.00    0.00    0.00  100.00
15:07:13       4    2.00    0.00    0.00    0.00    0.00    0.00    0.00    0.00    0.00   98.00
15:07:13       5    0.00    0.00    0.00    0.00    0.00    0.00    0.00    0.00    0.00  100.00
15:07:13       6    1.00    0.00    1.00    0.00    0.00    0.00    0.00    0.00    0.00   98.00
15:07:13       7    0.00    0.00    0.00    0.00    0.00    0.00    0.00    0.00    0.00  100.00
15:07:13       8    4.04    0.00    1.01    0.00    0.00    0.00    0.00    0.00    0.00   94.95
15:07:13       9    0.00    0.00    0.00    0.00    0.00    0.00    0.00    0.00    0.00  100.00
15:07:13      10    2.02    0.00    1.01    0.00    0.00    0.00    0.00    0.00    0.00   96.97
15:07:13      11    0.99    0.00    0.00    1.98    0.00    0.00    0.00    0.00    0.00   97.03
15:07:13      12    2.00    0.00    2.00    0.00    0.00    0.00    0.00    0.00    0.00   96.00
15:07:13      13    0.00    0.00    0.00    0.00    0.00    0.00    0.00    0.00    0.00  100.00
15:07:13      14    1.01    0.00    0.00    1.01    0.00    0.00    0.00    0.00    0.00   97.98
15:07:13      15    1.01    0.00    0.00    0.00    0.00    1.01    0.00    0.00    0.00   97.98
15:07:13      16    2.02    0.00    1.01    0.00    0.00    0.00    0.00    0.00    0.00   96.97
15:07:13      17    2.00    0.00    0.00    0.00    0.00    0.00    0.00    0.00    0.00   98.00
15:07:13      18    0.99    0.00    0.99    0.00    0.00    0.00    0.00    0.00    0.00   98.02
15:07:13      19    0.99    0.00    0.99    0.00    0.00    0.00    0.00    0.00    0.00   98.02
15:07:13      20    0.99    0.00    0.99    0.00    0.00    0.00    0.00    0.00    0.00   98.02
15:07:13      21    0.99    0.00    0.00    0.99    0.00    0.00    0.00    0.00    0.00   98.02
15:07:13      22    1.02    0.00    0.00    0.00    0.00    0.00    0.00    0.00    0.00   98.98
15:07:13      23    1.00    0.00    0.00    0.00    0.00    0.00    0.00    0.00    0.00   99.00

15:07:13     CPU    %usr   %nice    %sys %iowait    %irq   %soft  %steal  %guest  %gnice   %idle
15:07:14     all    0.92    0.00    0.25    0.00    0.00    0.08    0.00    0.00    0.00   98.74
15:07:14       0    1.00    0.00    0.00    0.00    0.00    0.00    0.00    0.00    0.00   99.00
15:07:14       1    0.00    0.00    0.00    0.00    0.00    0.00    0.00    0.00    0.00  100.00
15:07:14       2    0.00    0.00    0.00    0.00    0.00    0.00    0.00    0.00    0.00  100.00
15:07:14       3    0.00    0.00    0.00    0.00    0.00    0.00    0.00    0.00    0.00  100.00
15:07:14       4    2.00    0.00    0.00    0.00    0.00    0.00    0.00    0.00    0.00   98.00
15:07:14       5    1.00    0.00    0.00    0.00    0.00    0.00    0.00    0.00    0.00   99.00
15:07:14       6    1.01    0.00    0.00    0.00    0.00    0.00    0.00    0.00    0.00   98.99
15:07:14       7    0.00    0.00    0.00    0.00    0.00    0.00    0.00    0.00    0.00  100.00
15:07:14       8    3.03    0.00    1.01    0.00    0.00    0.00    0.00    0.00    0.00   95.96
15:07:14       9    0.00    0.00    0.00    0.00    0.00    0.00    0.00    0.00    0.00  100.00
15:07:14      10    2.02    0.00    1.01    0.00    0.00    0.00    0.00    0.00    0.00   96.97
15:07:14      11    0.00    0.00    0.00    0.00    0.00    0.00    0.00    0.00    0.00  100.00
15:07:14      12    2.00    0.00    1.00    0.00    0.00    0.00    0.00    0.00    0.00   97.00
15:07:14      13    0.00    0.00    0.00    0.00    0.00    0.00    0.00    0.00    0.00  100.00
15:07:14      14    2.00    0.00    1.00    0.00    0.00    0.00    0.00    0.00    0.00   97.00
15:07:14      15    1.00    0.00    1.00    0.00    0.00    2.00    0.00    0.00    0.00   96.00
15:07:14      16    0.00    0.00    1.02    0.00    0.00    0.00    0.00    0.00    0.00   98.98
15:07:14      17    0.00    0.00    0.00    0.00    0.00    0.00    0.00    0.00    0.00  100.00
15:07:14      18    0.00    0.00    0.00    0.00    0.00    0.00    0.00    0.00    0.00  100.00
15:07:14      19    0.00    0.00    0.00    0.00    0.00    0.00    0.00    0.00    0.00  100.00
15:07:14      20    2.02    0.00    0.00    0.00    0.00    0.00    0.00    0.00    0.00   97.98
15:07:14      21    1.01    0.00    0.00    0.00    0.00    0.00    0.00    0.00    0.00   98.99
15:07:14      22    2.02    0.00    0.00    0.00    0.00    0.00    0.00    0.00    0.00   97.98
15:07:14      23    2.00    0.00    0.00    0.00    0.00    0.00    0.00    0.00    0.00   98.00

15:07:14     CPU    %usr   %nice    %sys %iowait    %irq   %soft  %steal  %guest  %gnice   %idle
15:07:15     all    1.21    0.00    0.46    0.00    0.00    0.04    0.00    0.00    0.00   98.29
15:07:15       0    1.01    0.00    0.00    0.00    0.00    0.00    0.00    0.00    0.00   98.99
15:07:15       1    0.00    0.00    0.00    0.00    0.00    0.00    0.00    0.00    0.00  100.00
15:07:15       2    2.00    0.00    1.00    0.00    0.00    0.00    0.00    0.00    0.00   97.00
15:07:15       3    0.00    0.00    0.00    0.00    0.00    0.00    0.00    0.00    0.00  100.00
15:07:15       4    1.00    0.00    1.00    0.00    0.00    0.00    0.00    0.00    0.00   98.00
15:07:15       5    0.00    0.00    0.00    0.00    0.00    0.00    0.00    0.00    0.00  100.00
15:07:15       6    1.98    0.00    0.99    0.00    0.00    0.00    0.00    0.00    0.00   97.03
15:07:15       7    0.00    0.00    0.00    0.00    0.00    0.00    0.00    0.00    0.00  100.00
15:07:15       8    5.00    0.00    1.00    0.00    0.00    0.00    0.00    0.00    0.00   94.00
15:07:15       9    0.00    0.00    0.00    0.00    0.00    0.00    0.00    0.00    0.00  100.00
15:07:15      10    4.04    0.00    1.01    0.00    0.00    0.00    0.00    0.00    0.00   94.95
15:07:15      11    1.00    0.00    0.00    0.00    0.00    0.00    0.00    0.00    0.00   99.00
15:07:15      12    2.00    0.00    0.00    0.00    0.00    0.00    0.00    0.00    0.00   98.00
15:07:15      13    0.00    0.00    0.00    0.00    0.00    0.00    0.00    0.00    0.00  100.00
15:07:15      14    1.00    0.00    1.00    0.00    0.00    0.00    0.00    0.00    0.00   98.00
15:07:15      15    0.00    0.00    1.02    0.00    0.00    1.02    0.00    0.00    0.00   97.96
15:07:15      16    1.00    0.00    1.00    0.00    0.00    0.00    0.00    0.00    0.00   98.00
15:07:15      17    1.00    0.00    0.00    0.00    0.00    0.00    0.00    0.00    0.00   99.00
15:07:15      18    1.01    0.00    0.00    0.00    0.00    0.00    0.00    0.00    0.00   98.99
15:07:15      19    0.99    0.00    0.99    0.00    0.00    0.00    0.00    0.00    0.00   98.02
15:07:15      20    1.01    0.00    0.00    0.00    0.00    0.00    0.00    0.00    0.00   98.99
15:07:15      21    1.01    0.00    0.00    0.00    0.00    0.00    0.00    0.00    0.00   98.99
15:07:15      22    2.00    0.00    1.00    0.00    0.00    0.00    0.00    0.00    0.00   97.00
15:07:15      23    2.00    0.00    1.00    0.00    0.00    0.00    0.00    0.00    0.00   97.00

15:07:15     CPU    %usr   %nice    %sys %iowait    %irq   %soft  %steal  %guest  %gnice   %idle
15:07:16     all    0.88    0.00    0.38    0.00    0.00    0.04    0.00    0.00    0.00   98.71
15:07:16       0    0.00    0.00    0.00    0.00    0.00    0.00    0.00    0.00    0.00  100.00
15:07:16       1    0.00    0.00    0.00    0.00    0.00    0.00    0.00    0.00    0.00  100.00
15:07:16       2    1.01    0.00    1.01    0.00    0.00    0.00    0.00    0.00    0.00   97.98
15:07:16       3    0.00    0.00    0.00    0.00    0.00    0.00    0.00    0.00    0.00  100.00
15:07:16       4    2.97    0.00    0.00    0.00    0.00    0.00    0.00    0.00    0.00   97.03
15:07:16       5    0.00    0.00    0.00    0.00    0.00    0.00    0.00    0.00    0.00  100.00
15:07:16       6    1.00    0.00    1.00    0.00    0.00    0.00    0.00    0.00    0.00   98.00
15:07:16       7    0.00    0.00    0.00    0.00    0.00    0.00    0.00    0.00    0.00  100.00
15:07:16       8    3.96    0.00    1.98    0.00    0.00    0.00    0.00    0.00    0.00   94.06
15:07:16       9    0.00    0.00    0.00    0.00    0.00    0.00    0.00    0.00    0.00  100.00
15:07:16      10    3.00    0.00    2.00    0.00    0.00    0.00    0.00    0.00    0.00   95.00
15:07:16      11    0.00    0.00    0.00    0.00    0.00    0.00    0.00    0.00    0.00  100.00
15:07:16      12    2.02    0.00    0.00    0.00    0.00    0.00    0.00    0.00    0.00   97.98
15:07:16      13    0.00    0.00    0.00    0.00    0.00    0.00    0.00    0.00    0.00  100.00
15:07:16      14    1.00    0.00    1.00    0.00    0.00    0.00    0.00    0.00    0.00   98.00
15:07:16      15    0.00    0.00    0.00    0.00    0.00    1.02    0.00    0.00    0.00   98.98
15:07:16      16    1.01    0.00    0.00    0.00    0.00    0.00    0.00    0.00    0.00   98.99
15:07:16      17    0.00    0.00    1.00    0.00    0.00    0.00    0.00    0.00    0.00   99.00
15:07:16      18    1.00    0.00    0.00    0.00    0.00    0.00    0.00    0.00    0.00   99.00
15:07:16      19    0.00    0.00    0.00    0.00    0.00    0.00    0.00    0.00    0.00  100.00
15:07:16      20    0.99    0.00    0.99    0.00    0.00    0.00    0.00    0.00    0.00   98.02
15:07:16      21    0.99    0.00    0.00    0.00    0.00    0.00    0.00    0.00    0.00   99.01
15:07:16      22    0.00    0.00    0.00    0.00    0.00    0.00    0.00    0.00    0.00  100.00
15:07:16      23    1.98    0.00    0.00    0.00    0.00    0.00    0.00    0.00    0.00   98.02

15:07:16     CPU    %usr   %nice    %sys %iowait    %irq   %soft  %steal  %guest  %gnice   %idle
15:07:17     all    0.92    0.00    0.42    0.00    0.00    0.08    0.00    0.00    0.00   98.58
15:07:17       0    1.01    0.00    1.01    0.00    0.00    0.00    0.00    0.00    0.00   97.98
15:07:17       1    0.00    0.00    0.00    0.00    0.00    0.00    0.00    0.00    0.00  100.00
15:07:17       2    0.99    0.00    0.99    0.00    0.00    0.00    0.00    0.00    0.00   98.02
15:07:17       3    0.00    0.00    0.00    0.00    0.00    0.00    0.00    0.00    0.00  100.00
15:07:17       4    0.00    0.00    0.00    0.00    0.00    0.00    0.00    0.00    0.00  100.00
15:07:17       5    0.00    0.00    0.00    0.00    0.00    0.00    0.00    0.00    0.00  100.00
15:07:17       6    1.00    0.00    0.00    0.00    0.00    0.00    0.00    0.00    0.00   99.00
15:07:17       7    0.00    0.00    0.00    0.00    0.00    0.00    0.00    0.00    0.00  100.00
15:07:17       8    5.00    0.00    1.00    0.00    0.00    0.00    0.00    0.00    0.00   94.00
15:07:17       9    0.00    0.00    0.00    0.00    0.00    0.00    0.00    0.00    0.00  100.00
15:07:17      10    4.04    0.00    2.02    0.00    0.00    0.00    0.00    0.00    0.00   93.94
15:07:17      11    0.99    0.00    0.00    0.00    0.00    0.00    0.00    0.00    0.00   99.01
15:07:17      12    1.00    0.00    1.00    0.00    0.00    0.00    0.00    0.00    0.00   98.00
15:07:17      13    0.00    0.00    0.00    0.00    0.00    0.00    0.00    0.00    0.00  100.00
15:07:17      14    1.00    0.00    1.00    0.00    0.00    0.00    0.00    0.00    0.00   98.00
15:07:17      15    0.00    0.00    0.00    0.00    0.00    2.02    0.00    0.00    0.00   97.98
15:07:17      16    0.00    0.00    0.99    0.00    0.00    0.00    0.00    0.00    0.00   99.01
15:07:17      17    1.01    0.00    0.00    0.00    0.00    0.00    0.00    0.00    0.00   98.99
15:07:17      18    1.00    0.00    0.00    0.00    0.00    0.00    0.00    0.00    0.00   99.00
15:07:17      19    0.00    0.00    0.00    0.00    0.00    0.00    0.00    0.00    0.00  100.00
15:07:17      20    1.00    0.00    1.00    0.00    0.00    0.00    0.00    0.00    0.00   98.00
15:07:17      21    0.00    0.00    1.00    0.00    0.00    0.00    0.00    0.00    0.00   99.00
15:07:17      22    2.02    0.00    0.00    0.00    0.00    0.00    0.00    0.00    0.00   97.98
15:07:17      23    2.02    0.00    0.00    0.00    0.00    0.00    0.00    0.00    0.00   97.98

15:07:17     CPU    %usr   %nice    %sys %iowait    %irq   %soft  %steal  %guest  %gnice   %idle
15:07:18     all    0.96    0.00    0.33    0.00    0.00    0.04    0.00    0.00    0.00   98.66
15:07:18       0    0.00    0.00    1.01    0.00    0.00    0.00    0.00    0.00    0.00   98.99
15:07:18       1    0.00    0.00    0.00    0.00    0.00    0.00    0.00    0.00    0.00  100.00
15:07:18       2    1.01    0.00    0.00    0.00    0.00    0.00    0.00    0.00    0.00   98.99
15:07:18       3    0.00    0.00    0.00    0.00    0.00    0.00    0.00    0.00    0.00  100.00
15:07:18       4    1.01    0.00    0.00    0.00    0.00    0.00    0.00    0.00    0.00   98.99
15:07:18       5    0.00    0.00    0.00    0.00    0.00    0.00    0.00    0.00    0.00  100.00
15:07:18       6    1.01    0.00    0.00    0.00    0.00    0.00    0.00    0.00    0.00   98.99
15:07:18       7    0.00    0.00    0.00    0.00    0.00    0.00    0.00    0.00    0.00  100.00
15:07:18       8    2.00    0.00    2.00    0.00    0.00    0.00    0.00    0.00    0.00   96.00
15:07:18       9    0.00    0.00    0.00    0.00    0.00    0.00    0.00    0.00    0.00  100.00
15:07:18      10    5.05    0.00    0.00    0.00    0.00    0.00    0.00    0.00    0.00   94.95
15:07:18      11    0.00    0.00    0.00    0.00    0.00    0.00    0.00    0.00    0.00  100.00
15:07:18      12    1.01    0.00    1.01    0.00    0.00    0.00    0.00    0.00    0.00   97.98
15:07:18      13    0.00    0.00    0.00    0.00    0.00    0.00    0.00    0.00    0.00  100.00
15:07:18      14    1.01    0.00    0.00    0.00    0.00    0.00    0.00    0.00    0.00   98.99
15:07:18      15    1.00    0.00    1.00    0.00    0.00    1.00    0.00    0.00    0.00   97.00
15:07:18      16    1.01    0.00    0.00    0.00    0.00    0.00    0.00    0.00    0.00   98.99
15:07:18      17    1.98    0.00    0.99    0.00    0.00    0.00    0.00    0.00    0.00   97.03
15:07:18      18    1.00    0.00    0.00    0.00    0.00    0.00    0.00    0.00    0.00   99.00
15:07:18      19    1.01    0.00    0.00    0.00    0.00    0.00    0.00    0.00    0.00   98.99
15:07:18      20    1.02    0.00    0.00    0.00    0.00    0.00    0.00    0.00    0.00   98.98
15:07:18      21    0.99    0.00    0.00    0.00    0.00    0.00    0.00    0.00    0.00   99.01
15:07:18      22    2.00    0.00    1.00    0.00    0.00    0.00    0.00    0.00    0.00   97.00
15:07:18      23    0.99    0.00    0.99    0.00    0.00    0.00    0.00    0.00    0.00   98.02

15:07:18     CPU    %usr   %nice    %sys %iowait    %irq   %soft  %steal  %guest  %gnice   %idle
15:07:19     all    1.71    0.00    0.42    0.00    0.00    0.04    0.00    0.00    0.00   97.83
15:07:19       0    4.00    0.00    0.00    0.00    0.00    0.00    0.00    0.00    0.00   96.00
15:07:19       1    0.00    0.00    0.00    0.00    0.00    0.00    0.00    0.00    0.00  100.00
15:07:19       2    3.03    0.00    0.00    0.00    0.00    0.00    0.00    0.00    0.00   96.97
15:07:19       3    1.01    0.00    0.00    0.00    0.00    0.00    0.00    0.00    0.00   98.99
15:07:19       4    3.00    0.00    1.00    0.00    0.00    0.00    0.00    0.00    0.00   96.00
15:07:19       5    0.00    0.00    0.00    0.00    0.00    0.00    0.00    0.00    0.00  100.00
15:07:19       6    1.01    0.00    0.00    0.00    0.00    0.00    0.00    0.00    0.00   98.99
15:07:19       7    0.00    0.00    0.00    0.00    0.00    0.00    0.00    0.00    0.00  100.00
15:07:19       8    5.05    0.00    1.01    0.00    0.00    0.00    0.00    0.00    0.00   93.94
15:07:19       9    0.00    0.00    0.00    0.00    0.00    0.00    0.00    0.00    0.00  100.00
15:07:19      10    3.96    0.00    1.98    0.00    0.00    0.00    0.00    0.00    0.00   94.06
15:07:19      11    1.98    0.00    0.99    0.00    0.00    0.00    0.00    0.00    0.00   97.03
15:07:19      12    5.00    0.00    1.00    0.00    0.00    0.00    0.00    0.00    0.00   94.00
15:07:19      13    0.00    0.00    0.00    0.00    0.00    0.00    0.00    0.00    0.00  100.00
15:07:19      14    2.02    0.00    1.01    0.00    0.00    0.00    0.00    0.00    0.00   96.97
15:07:19      15    0.00    0.00    0.00    0.00    0.00    1.02    0.00    0.00    0.00   98.98
15:07:19      16    2.00    0.00    0.00    0.00    0.00    0.00    0.00    0.00    0.00   98.00
15:07:19      17    1.01    0.00    0.00    0.00    0.00    0.00    0.00    0.00    0.00   98.99
15:07:19      18    0.99    0.00    0.99    0.00    0.00    0.00    0.00    0.00    0.00   98.02
15:07:19      19    1.00    0.00    0.00    0.00    0.00    0.00    0.00    0.00    0.00   99.00
15:07:19      20    2.94    0.00    0.98    0.00    0.00    0.00    0.00    0.00    0.00   96.08
15:07:19      21    1.00    0.00    0.00    0.00    0.00    0.00    0.00    0.00    0.00   99.00
15:07:19      22    1.02    0.00    1.02    0.00    0.00    0.00    0.00    0.00    0.00   97.96
15:07:19      23    1.02    0.00    0.00    0.00    0.00    0.00    0.00    0.00    0.00   98.98

15:07:19     CPU    %usr   %nice    %sys %iowait    %irq   %soft  %steal  %guest  %gnice   %idle
15:07:20     all    1.25    0.00    0.50    0.00    0.00    0.08    0.00    0.00    0.00   98.16
15:07:20       0    1.00    0.00    1.00    0.00    0.00    0.00    0.00    0.00    0.00   98.00
15:07:20       1    0.00    0.00    0.00    0.00    0.00    0.00    0.00    0.00    0.00  100.00
15:07:20       2    1.00    0.00    1.00    0.00    0.00    0.00    0.00    0.00    0.00   98.00
15:07:20       3    0.00    0.00    0.00    0.00    0.00    0.00    0.00    0.00    0.00  100.00
15:07:20       4    1.00    0.00    0.00    0.00    0.00    0.00    0.00    0.00    0.00   99.00
15:07:20       5    0.00    0.00    0.00    0.00    0.00    0.00    0.00    0.00    0.00  100.00
15:07:20       6    2.97    0.00    0.99    0.00    0.00    0.00    0.00    0.00    0.00   96.04
15:07:20       7    0.00    0.00    0.00    0.00    0.00    0.00    0.00    0.00    0.00  100.00
15:07:20       8    4.04    0.00    2.02    0.00    0.00    0.00    0.00    0.00    0.00   93.94
15:07:20       9    0.00    0.00    0.00    0.00    0.00    0.00    0.00    0.00    0.00  100.00
15:07:20      10    4.04    0.00    0.00    0.00    0.00    0.00    0.00    0.00    0.00   95.96
15:07:20      11    1.00    0.00    0.00    0.00    0.00    0.00    0.00    0.00    0.00   99.00
15:07:20      12    1.00    0.00    1.00    0.00    0.00    0.00    0.00    0.00    0.00   98.00
15:07:20      13    0.00    0.00    0.00    0.00    0.00    0.00    0.00    0.00    0.00  100.00
15:07:20      14    4.00    0.00    1.00    0.00    0.00    0.00    0.00    0.00    0.00   95.00
15:07:20      15    0.00    0.00    0.00    0.00    0.00    2.04    0.00    0.00    0.00   97.96
15:07:20      16    2.00    0.00    1.00    0.00    0.00    0.00    0.00    0.00    0.00   97.00
15:07:20      17    1.00    0.00    1.00    0.00    0.00    0.00    0.00    0.00    0.00   98.00
15:07:20      18    0.00    0.00    0.00    0.00    0.00    0.00    0.00    0.00    0.00  100.00
15:07:20      19    0.00    0.00    0.00    0.00    0.00    0.00    0.00    0.00    0.00  100.00
15:07:20      20    2.02    0.00    1.01    0.00    0.00    0.00    0.00    0.00    0.00   96.97
15:07:20      21    1.00    0.00    1.00    0.00    0.00    0.00    0.00    0.00    0.00   98.00
15:07:20      22    2.02    0.00    0.00    0.00    0.00    0.00    0.00    0.00    0.00   97.98
15:07:20      23    1.98    0.00    0.99    0.00    0.00    0.00    0.00    0.00    0.00   97.03

15:07:20     CPU    %usr   %nice    %sys %iowait    %irq   %soft  %steal  %guest  %gnice   %idle
15:07:21     all    2.35    0.00    1.13    0.13    0.00    0.04    0.00    0.00    0.00   96.35
15:07:21       0    2.02    0.00    1.01    0.00    0.00    0.00    0.00    0.00    0.00   96.97
15:07:21       1    0.00    0.00    0.00    0.00    0.00    0.00    0.00    0.00    0.00  100.00
15:07:21       2    5.00    0.00    0.00    0.00    0.00    0.00    0.00    0.00    0.00   95.00
15:07:21       3    0.99    0.00    0.99    0.00    0.00    0.00    0.00    0.00    0.00   98.02
15:07:21       4    3.03    0.00    1.01    0.00    0.00    0.00    0.00    0.00    0.00   95.96
15:07:21       5    0.00    0.00    0.00    0.00    0.00    0.00    0.00    0.00    0.00  100.00
15:07:21       6    2.04    0.00    1.02    0.00    0.00    0.00    0.00    0.00    0.00   96.94
15:07:21       7    0.00    0.00    0.00    0.00    0.00    0.00    0.00    0.00    0.00  100.00
15:07:21       8   12.00    0.00    4.00    1.00    0.00    0.00    0.00    0.00    0.00   83.00
15:07:21       9    1.00    0.00    0.00    0.00    0.00    0.00    0.00    0.00    0.00   99.00
15:07:21      10    7.07    0.00    4.04    0.00    0.00    0.00    0.00    0.00    0.00   88.89
15:07:21      11    1.00    0.00    0.00    1.00    0.00    0.00    0.00    0.00    0.00   98.00
15:07:21      12    2.04    0.00    0.00    0.00    0.00    0.00    0.00    0.00    0.00   97.96
15:07:21      13    0.00    0.00    0.00    0.00    0.00    0.00    0.00    0.00    0.00  100.00
15:07:21      14    3.00    0.00    2.00    0.00    0.00    0.00    0.00    0.00    0.00   95.00
15:07:21      15    0.00    0.00    0.00    0.00    0.00    1.01    0.00    0.00    0.00   98.99
15:07:21      16    2.04    0.00    2.04    0.00    0.00    0.00    0.00    0.00    0.00   95.92
15:07:21      17    1.01    0.00    3.03    0.00    0.00    0.00    0.00    0.00    0.00   95.96
15:07:21      18    1.98    0.00    0.99    0.99    0.00    0.00    0.00    0.00    0.00   96.04
15:07:21      19    1.01    0.00    1.01    0.00    0.00    0.00    0.00    0.00    0.00   97.98
15:07:21      20    3.00    0.00    2.00    0.00    0.00    0.00    0.00    0.00    0.00   95.00
15:07:21      21    3.00    0.00    1.00    0.00    0.00    0.00    0.00    0.00    0.00   96.00
15:07:21      22    2.02    0.00    1.01    0.00    0.00    0.00    0.00    0.00    0.00   96.97
15:07:21      23    3.00    0.00    2.00    0.00    0.00    0.00    0.00    0.00    0.00   95.00

15:07:21     CPU    %usr   %nice    %sys %iowait    %irq   %soft  %steal  %guest  %gnice   %idle
15:07:22     all    9.19    0.00    3.02    0.17    0.00    0.04    0.00    0.00    0.00   87.57
15:07:22       0    8.16    0.00    3.06    0.00    0.00    0.00    0.00    0.00    0.00   88.78
15:07:22       1    4.95    0.00    0.99    0.00    0.00    0.00    0.00    0.00    0.00   94.06
15:07:22       2   12.12    0.00    4.04    0.00    0.00    0.00    0.00    0.00    0.00   83.84
15:07:22       3    3.03    0.00    1.01    0.00    0.00    0.00    0.00    0.00    0.00   95.96
15:07:22       4   15.00    0.00    6.00    0.00    0.00    0.00    0.00    0.00    0.00   79.00
15:07:22       5    1.01    0.00    1.01    0.00    0.00    0.00    0.00    0.00    0.00   97.98
15:07:22       6   16.16    0.00    3.03    0.00    0.00    0.00    0.00    0.00    0.00   80.81
15:07:22       7    5.00    0.00    1.00    0.00    0.00    0.00    0.00    0.00    0.00   94.00
15:07:22       8   19.39    0.00    5.10    1.02    0.00    0.00    0.00    0.00    0.00   74.49
15:07:22       9    2.02    0.00    1.01    0.00    0.00    0.00    0.00    0.00    0.00   96.97
15:07:22      10   20.41    0.00    4.08    0.00    0.00    0.00    0.00    0.00    0.00   75.51
15:07:22      11    0.00    0.00    1.01    2.02    0.00    0.00    0.00    0.00    0.00   96.97
15:07:22      12   10.20    0.00    4.08    0.00    0.00    0.00    0.00    0.00    0.00   85.71
15:07:22      13    2.00    0.00    0.00    0.00    0.00    0.00    0.00    0.00    0.00   98.00
15:07:22      14   12.00    0.00    3.00    0.00    0.00    0.00    0.00    0.00    0.00   85.00
15:07:22      15   10.00    0.00    3.00    0.00    0.00    1.00    0.00    0.00    0.00   86.00
15:07:22      16   11.00    0.00    5.00    0.00    0.00    0.00    0.00    0.00    0.00   84.00
15:07:22      17    9.09    0.00    3.03    0.00    0.00    0.00    0.00    0.00    0.00   87.88
15:07:22      18   11.11    0.00    3.03    0.00    0.00    0.00    0.00    0.00    0.00   85.86
15:07:22      19   12.75    0.00    3.92    0.00    0.00    0.00    0.00    0.00    0.00   83.33
15:07:22      20    8.00    0.00    6.00    1.00    0.00    0.00    0.00    0.00    0.00   85.00
15:07:22      21    7.22    0.00    3.09    0.00    0.00    0.00    0.00    0.00    0.00   89.69
15:07:22      22   10.10    0.00    4.04    0.00    0.00    0.00    0.00    0.00    0.00   85.86
15:07:22      23   10.10    0.00    3.03    0.00    0.00    0.00    0.00    0.00    0.00   86.87

15:07:22     CPU    %usr   %nice    %sys %iowait    %irq   %soft  %steal  %guest  %gnice   %idle
15:07:23     all    5.92    0.00    1.71    0.00    0.00    0.21    0.00    0.00    0.00   92.16
15:07:23       0   11.00    0.00    3.00    0.00    0.00    0.00    0.00    0.00    0.00   86.00
15:07:23       1    1.01    0.00    1.01    0.00    0.00    0.00    0.00    0.00    0.00   97.98
15:07:23       2    9.00    0.00    3.00    0.00    0.00    0.00    0.00    0.00    0.00   88.00
15:07:23       3    2.00    0.00    0.00    0.00    0.00    0.00    0.00    0.00    0.00   98.00
15:07:23       4   11.00    0.00    1.00    0.00    0.00    1.00    0.00    0.00    0.00   87.00
15:07:23       5    2.00    0.00    0.00    0.00    0.00    0.00    0.00    0.00    0.00   98.00
15:07:23       6    6.06    0.00    1.01    0.00    0.00    0.00    0.00    0.00    0.00   92.93
15:07:23       7    0.98    0.00    0.00    0.00    0.00    0.98    0.00    0.00    0.00   98.04
15:07:23       8    8.00    0.00    3.00    0.00    0.00    1.00    0.00    0.00    0.00   88.00
15:07:23       9    2.97    0.00    1.98    0.00    0.00    0.00    0.00    0.00    0.00   95.05
15:07:23      10   13.00    0.00    3.00    0.00    0.00    0.00    0.00    0.00    0.00   84.00
15:07:23      11    1.01    0.00    1.01    0.00    0.00    0.00    0.00    0.00    0.00   97.98
15:07:23      12   10.00    0.00    2.00    0.00    0.00    0.00    0.00    0.00    0.00   88.00
15:07:23      13    0.98    0.00    0.98    0.00    0.00    0.98    0.00    0.00    0.00   97.06
15:07:23      14    8.00    0.00    4.00    0.00    0.00    0.00    0.00    0.00    0.00   88.00
15:07:23      15    1.02    0.00    0.00    0.00    0.00    1.02    0.00    0.00    0.00   97.96
15:07:23      16    8.16    0.00    2.04    0.00    0.00    0.00    0.00    0.00    0.00   89.80
15:07:23      17    6.93    0.00    3.96    0.00    0.00    0.00    0.00    0.00    0.00   89.11
15:07:23      18    7.07    0.00    2.02    0.00    0.00    0.00    0.00    0.00    0.00   90.91
15:07:23      19    6.06    0.00    1.01    0.00    0.00    0.00    0.00    0.00    0.00   92.93
15:07:23      20    7.00    0.00    2.00    0.00    0.00    0.00    0.00    0.00    0.00   91.00
15:07:23      21    6.00    0.00    2.00    0.00    0.00    0.00    0.00    0.00    0.00   92.00
15:07:23      22    7.00    0.00    2.00    0.00    0.00    0.00    0.00    0.00    0.00   91.00
15:07:23      23    6.00    0.00    1.00    0.00    0.00    0.00    0.00    0.00    0.00   93.00

15:07:23     CPU    %usr   %nice    %sys %iowait    %irq   %soft  %steal  %guest  %gnice   %idle
15:07:24     all    7.45    0.00    2.13    0.08    0.00    0.08    0.00    0.00    0.00   90.25
15:07:24       0   13.13    0.00    1.01    0.00    0.00    0.00    0.00    0.00    0.00   85.86
15:07:24       1    0.99    0.00    0.99    0.00    0.00    0.00    0.00    0.00    0.00   98.02
15:07:24       2    5.10    0.00    2.04    0.00    0.00    0.00    0.00    0.00    0.00   92.86
15:07:24       3    1.01    0.00    0.00    1.01    0.00    0.00    0.00    0.00    0.00   97.98
15:07:24       4    5.94    0.00    1.98    0.00    0.00    0.00    0.00    0.00    0.00   92.08
15:07:24       5    0.00    0.00    0.00    0.00    0.00    0.00    0.00    0.00    0.00  100.00
15:07:24       6    7.07    0.00    2.02    0.00    0.00    0.00    0.00    0.00    0.00   90.91
15:07:24       7    1.00    0.00    0.00    0.00    0.00    0.00    0.00    0.00    0.00   99.00
15:07:24       8   45.00    0.00   14.00    0.00    0.00    0.00    0.00    0.00    0.00   41.00
15:07:24       9    1.00    0.00    0.00    0.00    0.00    0.00    0.00    0.00    0.00   99.00
15:07:24      10   33.33    0.00   12.12    0.00    0.00    0.00    0.00    0.00    0.00   54.55
15:07:24      11    0.00    0.00    0.00    0.00    0.00    0.00    0.00    0.00    0.00  100.00
15:07:24      12   12.12    0.00    4.04    0.00    0.00    0.00    0.00    0.00    0.00   83.84
15:07:24      13    5.05    0.00    2.02    0.00    0.00    0.00    0.00    0.00    0.00   92.93
15:07:24      14   11.11    0.00    1.01    1.01    0.00    0.00    0.00    0.00    0.00   86.87
15:07:24      15    1.01    0.00    0.00    0.00    0.00    2.02    0.00    0.00    0.00   96.97
15:07:24      16    4.00    0.00    3.00    0.00    0.00    0.00    0.00    0.00    0.00   93.00
15:07:24      17    7.00    0.00    2.00    0.00    0.00    0.00    0.00    0.00    0.00   91.00
15:07:24      18    6.00    0.00    1.00    0.00    0.00    0.00    0.00    0.00    0.00   93.00
15:07:24      19    4.95    0.00    1.98    0.00    0.00    0.00    0.00    0.00    0.00   93.07
15:07:24      20    3.03    0.00    0.00    0.00    0.00    0.00    0.00    0.00    0.00   96.97
15:07:24      21    2.97    0.00    0.99    0.00    0.00    0.00    0.00    0.00    0.00   96.04
15:07:24      22    4.12    0.00    0.00    0.00    0.00    0.00    0.00    0.00    0.00   95.88
15:07:24      23    4.00    0.00    1.00    0.00    0.00    0.00    0.00    0.00    0.00   95.00

15:07:24     CPU    %usr   %nice    %sys %iowait    %irq   %soft  %steal  %guest  %gnice   %idle
15:07:25     all   12.26    0.00    1.09    0.13    0.00    0.13    0.00    0.00    0.00   86.40
15:07:25       0    4.08    0.00    1.02    0.00    0.00    0.00    0.00    0.00    0.00   94.90
15:07:25       1    0.00    0.00    0.00    0.00    0.00    0.00    0.00    0.00    0.00  100.00
15:07:25       2    6.00    0.00    1.00    0.00    0.00    0.00    0.00    0.00    0.00   93.00
15:07:25       3    0.00    0.00    0.99    0.99    0.00    0.00    0.00    0.00    0.00   98.02
15:07:25       4    9.18    0.00    2.04    1.02    0.00    0.00    0.00    0.00    0.00   87.76
15:07:25       5    0.00    0.00    0.00    0.00    0.00    0.00    0.00    0.00    0.00  100.00
15:07:25       6   14.00    0.00    2.00    1.00    0.00    0.00    0.00    0.00    0.00   83.00
15:07:25       7    0.00    0.00    1.00    0.00    0.00    0.00    0.00    0.00    0.00   99.00
15:07:25       8   37.00    0.00    0.00    0.00    0.00    0.00    0.00    0.00    0.00   63.00
15:07:25       9   62.00    0.00    0.00    0.00    0.00    0.00    0.00    0.00    0.00   38.00
15:07:25      10   35.64    0.00    0.00    0.00    0.00    0.00    0.00    0.00    0.00   64.36
15:07:25      11   65.00    0.00    0.00    0.00    0.00    0.00    0.00    0.00    0.00   35.00
15:07:25      12    5.10    0.00    1.02    0.00    0.00    0.00    0.00    0.00    0.00   93.88
15:07:25      13    4.00    0.00    1.00    0.00    0.00    0.00    0.00    0.00    0.00   95.00
15:07:25      14    5.00    0.00    2.00    0.00    0.00    0.00    0.00    0.00    0.00   93.00
15:07:25      15    0.00    0.00    1.00    0.00    0.00    2.00    0.00    0.00    0.00   97.00
15:07:25      16    8.00    0.00    2.00    0.00    0.00    0.00    0.00    0.00    0.00   90.00
15:07:25      17    6.12    0.00    1.02    0.00    0.00    0.00    0.00    0.00    0.00   92.86
15:07:25      18    5.00    0.00    1.00    0.00    0.00    0.00    0.00    0.00    0.00   94.00
15:07:25      19    5.00    0.00    3.00    0.00    0.00    0.00    0.00    0.00    0.00   92.00
15:07:25      20    6.93    0.00    1.98    0.00    0.00    0.00    0.00    0.00    0.00   91.09
15:07:25      21    6.00    0.00    1.00    0.00    0.00    1.00    0.00    0.00    0.00   92.00
15:07:25      22    5.10    0.00    2.04    0.00    0.00    0.00    0.00    0.00    0.00   92.86
15:07:25      23    4.00    0.00    1.00    0.00    0.00    0.00    0.00    0.00    0.00   95.00

15:07:25     CPU    %usr   %nice    %sys %iowait    %irq   %soft  %steal  %guest  %gnice   %idle
15:07:26     all   10.63    0.00    0.71    0.04    0.00    0.04    0.00    0.00    0.00   88.57
15:07:26       0    5.10    0.00    1.02    0.00    0.00    0.00    0.00    0.00    0.00   93.88
15:07:26       1    1.00    0.00    0.00    0.00    0.00    0.00    0.00    0.00    0.00   99.00
15:07:26       2    5.00    0.00    1.00    0.00    0.00    0.00    0.00    0.00    0.00   94.00
15:07:26       3    1.01    0.00    0.00    0.00    0.00    0.00    0.00    0.00    0.00   98.99
15:07:26       4    4.00    0.00    1.00    0.00    0.00    0.00    0.00    0.00    0.00   95.00
15:07:26       5    0.00    0.00    0.00    0.00    0.00    0.00    0.00    0.00    0.00  100.00
15:07:26       6    4.04    0.00    1.01    0.00    0.00    0.00    0.00    0.00    0.00   94.95
15:07:26       7    1.00    0.00    0.00    0.00    0.00    0.00    0.00    0.00    0.00   99.00
15:07:26       8   88.00    0.00    1.00    0.00    0.00    0.00    0.00    0.00    0.00   11.00
15:07:26       9    0.00    0.00    0.00    0.00    0.00    0.00    0.00    0.00    0.00  100.00
15:07:26      10    0.00    0.00    0.00    0.00    0.00    0.00    0.00    0.00    0.00  100.00
15:07:26      11   93.94    0.00    1.01    0.00    0.00    0.00    0.00    0.00    0.00    5.05
15:07:26      12    5.88    0.00    1.96    0.98    0.00    0.00    0.00    0.00    0.00   91.18
15:07:26      13    1.00    0.00    0.00    0.00    0.00    0.00    0.00    0.00    0.00   99.00
15:07:26      14    7.00    0.00    0.00    0.00    0.00    0.00    0.00    0.00    0.00   93.00
15:07:26      15    1.02    0.00    0.00    0.00    0.00    1.02    0.00    0.00    0.00   97.96
15:07:26      16    6.00    0.00    2.00    0.00    0.00    0.00    0.00    0.00    0.00   92.00
15:07:26      17    5.00    0.00    0.00    0.00    0.00    0.00    0.00    0.00    0.00   95.00
15:07:26      18    5.00    0.00    1.00    0.00    0.00    0.00    0.00    0.00    0.00   94.00
15:07:26      19    6.06    0.00    1.01    0.00    0.00    0.00    0.00    0.00    0.00   92.93
15:07:26      20    4.04    0.00    1.01    0.00    0.00    0.00    0.00    0.00    0.00   94.95
15:07:26      21    4.04    0.00    2.02    0.00    0.00    0.00    0.00    0.00    0.00   93.94
15:07:26      22    4.04    0.00    1.01    0.00    0.00    0.00    0.00    0.00    0.00   94.95
15:07:26      23    3.03    0.00    1.01    0.00    0.00    0.00    0.00    0.00    0.00   95.96

15:07:26     CPU    %usr   %nice    %sys %iowait    %irq   %soft  %steal  %guest  %gnice   %idle
15:07:27     all    1.96    0.00    0.54    0.08    0.00    0.21    0.00    0.00    0.00   97.20
15:07:27       0    2.00    0.00    0.00    0.00    0.00    0.00    0.00    0.00    0.00   98.00
15:07:27       1    1.00    0.00    0.00    0.00    0.00    0.00    0.00    0.00    0.00   99.00
15:07:27       2    2.00    0.00    2.00    0.00    0.00    1.00    0.00    0.00    0.00   95.00
15:07:27       3    2.00    0.00    0.00    0.00    0.00    0.00    0.00    0.00    0.00   98.00
15:07:27       4    2.97    0.00    0.99    0.00    0.00    0.00    0.00    0.00    0.00   96.04
15:07:27       5    0.00    0.00    0.00    0.00    0.00    0.99    0.00    0.00    0.00   99.01
15:07:27       6    2.97    0.00    0.99    0.00    0.00    0.00    0.00    0.00    0.00   96.04
15:07:27       7    0.00    0.00    0.00    0.00    0.00    0.00    0.00    0.00    0.00  100.00
15:07:27       8    3.06    0.00    1.02    0.00    0.00    0.00    0.00    0.00    0.00   95.92
15:07:27       9    0.00    0.00    0.00    0.00    0.00    0.00    0.00    0.00    0.00  100.00
15:07:27      10    5.00    0.00    1.00    0.00    0.00    0.00    0.00    0.00    0.00   94.00
15:07:27      11    0.00    0.00    0.00    0.00    0.00    0.00    0.00    0.00    0.00  100.00
15:07:27      12    2.04    0.00    0.00    1.02    0.00    0.00    0.00    0.00    0.00   96.94
15:07:27      13    0.00    0.00    0.00    1.01    0.00    0.00    0.00    0.00    0.00   98.99
15:07:27      14    2.02    0.00    0.00    0.00    0.00    0.00    0.00    0.00    0.00   97.98
15:07:27      15    0.00    0.00    1.00    0.00    0.00    2.00    0.00    0.00    0.00   97.00
15:07:27      16    2.02    0.00    0.00    0.00    0.00    0.00    0.00    0.00    0.00   97.98
15:07:27      17    3.00    0.00    2.00    0.00    0.00    0.00    0.00    0.00    0.00   95.00
15:07:27      18    2.00    0.00    1.00    0.00    0.00    0.00    0.00    0.00    0.00   97.00
15:07:27      19    1.00    0.00    1.00    0.00    0.00    0.00    0.00    0.00    0.00   98.00
15:07:27      20    3.96    0.00    0.00    0.00    0.00    0.99    0.00    0.00    0.00   95.05
15:07:27      21    3.96    0.00    0.99    0.00    0.00    0.00    0.00    0.00    0.00   95.05
15:07:27      22    3.03    0.00    1.01    0.00    0.00    0.00    0.00    0.00    0.00   95.96
15:07:27      23    2.97    0.00    0.00    0.00    0.00    0.00    0.00    0.00    0.00   97.03

15:07:27     CPU    %usr   %nice    %sys %iowait    %irq   %soft  %steal  %guest  %gnice   %idle
15:07:28     all    1.88    0.00    0.46    0.04    0.00    0.04    0.00    0.00    0.00   97.58
15:07:28       0    1.00    0.00    0.00    0.00    0.00    0.00    0.00    0.00    0.00   99.00
15:07:28       1    5.00    0.00    0.00    0.00    0.00    0.00    0.00    0.00    0.00   95.00
15:07:28       2    2.00    0.00    0.00    0.00    0.00    0.00    0.00    0.00    0.00   98.00
15:07:28       3    0.00    0.00    0.00    0.00    0.00    0.00    0.00    0.00    0.00  100.00
15:07:28       4    2.00    0.00    0.00    0.00    0.00    0.00    0.00    0.00    0.00   98.00
15:07:28       5    0.00    0.00    0.00    0.00    0.00    0.00    0.00    0.00    0.00  100.00
15:07:28       6    2.02    0.00    0.00    0.00    0.00    0.00    0.00    0.00    0.00   97.98
15:07:28       7    0.00    0.00    0.00    0.00    0.00    0.00    0.00    0.00    0.00  100.00
15:07:28       8    3.00    0.00    1.00    0.00    0.00    0.00    0.00    0.00    0.00   96.00
15:07:28       9    0.00    0.00    0.00    0.00    0.00    0.00    0.00    0.00    0.00  100.00
15:07:28      10    3.06    0.00    1.02    0.00    0.00    0.00    0.00    0.00    0.00   95.92
15:07:28      11    0.00    0.00    0.00    0.00    0.00    0.00    0.00    0.00    0.00  100.00
15:07:28      12    5.94    0.00    0.99    0.00    0.00    0.00    0.00    0.00    0.00   93.07
15:07:28      13    0.00    0.00    0.00    0.00    0.00    0.00    0.00    0.00    0.00  100.00
15:07:28      14    2.97    0.00    0.99    0.00    0.00    0.00    0.00    0.00    0.00   96.04
15:07:28      15    1.01    0.00    1.01    0.00    0.00    1.01    0.00    0.00    0.00   96.97
15:07:28      16    3.00    0.00    1.00    0.00    0.00    0.00    0.00    0.00    0.00   96.00
15:07:28      17    1.02    0.00    1.02    0.00    0.00    0.00    0.00    0.00    0.00   97.96
15:07:28      18    2.00    0.00    1.00    0.00    0.00    0.00    0.00    0.00    0.00   97.00
15:07:28      19    2.97    0.00    0.00    0.00    0.00    0.00    0.00    0.00    0.00   97.03
15:07:28      20    2.00    0.00    1.00    0.00    0.00    0.00    0.00    0.00    0.00   97.00
15:07:28      21    1.98    0.00    0.99    0.00    0.00    0.00    0.00    0.00    0.00   97.03
15:07:28      22    2.04    0.00    0.00    0.00    0.00    0.00    0.00    0.00    0.00   97.96
15:07:28      23    1.98    0.00    0.99    0.99    0.00    0.00    0.00    0.00    0.00   96.04

15:07:28     CPU    %usr   %nice    %sys %iowait    %irq   %soft  %steal  %guest  %gnice   %idle
15:07:29     all    1.63    0.00    0.42    0.04    0.00    0.04    0.00    0.00    0.00   97.87
15:07:29       0    2.00    0.00    1.00    0.00    0.00    0.00    0.00    0.00    0.00   97.00
15:07:29       1    3.00    0.00    0.00    0.00    0.00    0.00    0.00    0.00    0.00   97.00
15:07:29       2    1.00    0.00    0.00    0.00    0.00    0.00    0.00    0.00    0.00   99.00
15:07:29       3    0.99    0.00    0.00    0.00    0.00    0.00    0.00    0.00    0.00   99.01
15:07:29       4    2.02    0.00    1.01    0.00    0.00    0.00    0.00    0.00    0.00   96.97
15:07:29       5    0.00    0.00    0.00    0.00    0.00    0.00    0.00    0.00    0.00  100.00
15:07:29       6    2.02    0.00    0.00    0.00    0.00    0.00    0.00    0.00    0.00   97.98
15:07:29       7    0.00    0.00    0.00    0.00    0.00    0.00    0.00    0.00    0.00  100.00
15:07:29       8    2.00    0.00    2.00    0.00    0.00    0.00    0.00    0.00    0.00   96.00
15:07:29       9    1.00    0.00    0.00    0.00    0.00    0.00    0.00    0.00    0.00   99.00
15:07:29      10    5.94    0.00    1.98    0.00    0.00    0.00    0.00    0.00    0.00   92.08
15:07:29      11    0.00    0.00    0.00    0.00    0.00    0.00    0.00    0.00    0.00  100.00
15:07:29      12    2.02    0.00    0.00    0.00    0.00    0.00    0.00    0.00    0.00   97.98
15:07:29      13    0.99    0.00    0.00    0.00    0.00    0.00    0.00    0.00    0.00   99.01
15:07:29      14    3.03    0.00    0.00    0.00    0.00    0.00    0.00    0.00    0.00   96.97
15:07:29      15    0.00    0.00    0.00    0.00    0.00    1.01    0.00    0.00    0.00   98.99
15:07:29      16    3.00    0.00    1.00    0.00    0.00    0.00    0.00    0.00    0.00   96.00
15:07:29      17    2.00    0.00    1.00    0.00    0.00    0.00    0.00    0.00    0.00   97.00
15:07:29      18    2.04    0.00    1.02    0.00    0.00    0.00    0.00    0.00    0.00   96.94
15:07:29      19    2.02    0.00    0.00    0.00    0.00    0.00    0.00    0.00    0.00   97.98
15:07:29      20    1.00    0.00    1.00    0.00    0.00    0.00    0.00    0.00    0.00   98.00
15:07:29      21    1.01    0.00    0.00    0.00    0.00    0.00    0.00    0.00    0.00   98.99
15:07:29      22    1.01    0.00    0.00    1.01    0.00    0.00    0.00    0.00    0.00   97.98
15:07:29      23    1.02    0.00    0.00    0.00    0.00    0.00    0.00    0.00    0.00   98.98

15:07:29     CPU    %usr   %nice    %sys %iowait    %irq   %soft  %steal  %guest  %gnice   %idle
15:07:30     all    2.00    0.00    0.67    0.00    0.00    0.04    0.00    0.00    0.00   97.29
15:07:30       0    0.00    0.00    0.00    0.00    0.00    1.00    0.00    0.00    0.00   99.00
15:07:30       1    1.98    0.00    0.99    0.00    0.00    0.00    0.00    0.00    0.00   97.03
15:07:30       2    8.00    0.00    1.00    0.00    0.00    0.00    0.00    0.00    0.00   91.00
15:07:30       3    0.00    0.00    0.00    0.00    0.00    0.00    0.00    0.00    0.00  100.00
15:07:30       4    2.00    0.00    1.00    0.00    0.00    0.00    0.00    0.00    0.00   97.00
15:07:30       5    0.00    0.00    0.00    0.00    0.00    0.00    0.00    0.00    0.00  100.00
15:07:30       6    2.00    0.00    1.00    0.00    0.00    0.00    0.00    0.00    0.00   97.00
15:07:30       7    0.00    0.00    0.00    0.00    0.00    0.00    0.00    0.00    0.00  100.00
15:07:30       8    5.00    0.00    2.00    0.00    0.00    0.00    0.00    0.00    0.00   93.00
15:07:30       9    0.00    0.00    0.00    0.00    0.00    0.00    0.00    0.00    0.00  100.00
15:07:30      10    7.07    0.00    2.02    0.00    0.00    0.00    0.00    0.00    0.00   90.91
15:07:30      11    0.00    0.00    0.00    0.00    0.00    0.00    0.00    0.00    0.00  100.00
15:07:30      12    3.96    0.00    0.00    0.00    0.00    0.00    0.00    0.00    0.00   96.04
15:07:30      13    0.00    0.00    0.00    0.00    0.00    0.00    0.00    0.00    0.00  100.00
15:07:30      14    2.00    0.00    1.00    0.00    0.00    0.00    0.00    0.00    0.00   97.00
15:07:30      15    0.00    0.00    1.02    0.00    0.00    0.00    0.00    0.00    0.00   98.98
15:07:30      16    3.00    0.00    1.00    0.00    0.00    0.00    0.00    0.00    0.00   96.00
15:07:30      17    2.00    0.00    0.00    0.00    0.00    0.00    0.00    0.00    0.00   98.00
15:07:30      18    1.98    0.00    0.99    0.00    0.00    0.00    0.00    0.00    0.00   97.03
15:07:30      19    1.00    0.00    1.00    0.00    0.00    0.00    0.00    0.00    0.00   98.00
15:07:30      20    2.00    0.00    1.00    0.00    0.00    0.00    0.00    0.00    0.00   97.00
15:07:30      21    2.00    0.00    0.00    0.00    0.00    0.00    0.00    0.00    0.00   98.00
15:07:30      22    2.02    0.00    2.02    0.00    0.00    0.00    0.00    0.00    0.00   95.96
15:07:30      23    2.00    0.00    0.00    0.00    0.00    0.00    0.00    0.00    0.00   98.00

15:07:30     CPU    %usr   %nice    %sys %iowait    %irq   %soft  %steal  %guest  %gnice   %idle
15:07:31     all    1.97    0.00    0.34    0.08    0.00    0.08    0.00    0.00    0.00   97.53
15:07:31       0    2.02    0.00    0.00    0.00    0.00    0.00    0.00    0.00    0.00   97.98
15:07:31       1    0.00    0.00    0.00    0.00    0.00    0.00    0.00    0.00    0.00  100.00
15:07:31       2    3.03    0.00    0.00    0.00    0.00    0.00    0.00    0.00    0.00   96.97
15:07:31       3    0.00    0.00    0.00    0.00    0.00    0.00    0.00    0.00    0.00  100.00
15:07:31       4    3.03    0.00    0.00    0.00    0.00    0.00    0.00    0.00    0.00   96.97
15:07:31       5    0.00    0.00    0.00    0.00    0.00    0.00    0.00    0.00    0.00  100.00
15:07:31       6    3.03    0.00    1.01    0.00    0.00    0.00    0.00    0.00    0.00   95.96
15:07:31       7    0.00    0.00    0.00    1.00    0.00    0.00    0.00    0.00    0.00   99.00
15:07:31       8    5.10    0.00    0.00    0.00    0.00    0.00    0.00    0.00    0.00   94.90
15:07:31       9    0.00    0.00    0.00    0.00    0.00    0.00    0.00    0.00    0.00  100.00
15:07:31      10    7.00    0.00    1.00    0.00    0.00    0.00    0.00    0.00    0.00   92.00
15:07:31      11    0.00    0.00    0.00    1.00    0.00    0.00    0.00    0.00    0.00   99.00
15:07:31      12    3.03    0.00    1.01    0.00    0.00    0.00    0.00    0.00    0.00   95.96
15:07:31      13    0.00    0.00    0.00    0.00    0.00    0.00    0.00    0.00    0.00  100.00
15:07:31      14    1.02    0.00    0.00    0.00    0.00    0.00    0.00    0.00    0.00   98.98
15:07:31      15    0.00    0.00    0.00    0.00    0.00    2.02    0.00    0.00    0.00   97.98
15:07:31      16    3.96    0.00    0.99    0.00    0.00    0.00    0.00    0.00    0.00   95.05
15:07:31      17    2.02    0.00    1.01    0.00    0.00    0.00    0.00    0.00    0.00   96.97
15:07:31      18    1.01    0.00    0.00    0.00    0.00    0.00    0.00    0.00    0.00   98.99
15:07:31      19    1.00    0.00    0.00    0.00    0.00    0.00    0.00    0.00    0.00   99.00
15:07:31      20    2.02    0.00    0.00    0.00    0.00    0.00    0.00    0.00    0.00   97.98
15:07:31      21    2.00    0.00    2.00    0.00    0.00    0.00    0.00    0.00    0.00   96.00
15:07:31      22    4.00    0.00    0.00    0.00    0.00    0.00    0.00    0.00    0.00   96.00
15:07:31      23    3.96    0.00    0.99    0.00    0.00    0.00    0.00    0.00    0.00   95.05

15:07:31     CPU    %usr   %nice    %sys %iowait    %irq   %soft  %steal  %guest  %gnice   %idle
15:07:32     all    2.60    0.00    0.59    0.08    0.00    0.04    0.00    0.00    0.00   96.69
15:07:32       0    2.02    0.00    0.00    0.00    0.00    0.00    0.00    0.00    0.00   97.98
15:07:32       1    1.01    0.00    0.00    0.00    0.00    0.00    0.00    0.00    0.00   98.99
15:07:32       2    2.00    0.00    2.00    0.00    0.00    0.00    0.00    0.00    0.00   96.00
15:07:32       3    0.00    0.00    0.00    0.00    0.00    0.00    0.00    0.00    0.00  100.00
15:07:32       4    2.02    0.00    0.00    0.00    0.00    0.00    0.00    0.00    0.00   97.98
15:07:32       5    0.00    0.00    0.00    0.00    0.00    0.00    0.00    0.00    0.00  100.00
15:07:32       6    4.00    0.00    1.00    0.00    0.00    0.00    0.00    0.00    0.00   95.00
15:07:32       7    0.00    0.00    0.00    1.01    0.00    0.00    0.00    0.00    0.00   98.99
15:07:32       8    6.93    0.00    1.98    0.00    0.00    0.00    0.00    0.00    0.00   91.09
15:07:32       9    0.00    0.00    0.00    0.00    0.00    0.00    0.00    0.00    0.00  100.00
15:07:32      10    5.05    0.00    1.01    0.00    0.00    0.00    0.00    0.00    0.00   93.94
15:07:32      11    0.00    0.00    0.00    1.00    0.00    0.00    0.00    0.00    0.00   99.00
15:07:32      12    2.00    0.00    1.00    0.00    0.00    0.00    0.00    0.00    0.00   97.00
15:07:32      13    2.00    0.00    0.00    0.00    0.00    0.00    0.00    0.00    0.00   98.00
15:07:32      14    5.00    0.00    1.00    0.00    0.00    0.00    0.00    0.00    0.00   94.00
15:07:32      15    2.00    0.00    2.00    0.00    0.00    1.00    0.00    0.00    0.00   95.00
15:07:32      16    3.03    0.00    0.00    0.00    0.00    0.00    0.00    0.00    0.00   96.97
15:07:32      17    3.03    0.00    0.00    0.00    0.00    0.00    0.00    0.00    0.00   96.97
15:07:32      18    3.00    0.00    0.00    0.00    0.00    0.00    0.00    0.00    0.00   97.00
15:07:32      19    3.03    0.00    0.00    0.00    0.00    0.00    0.00    0.00    0.00   96.97
15:07:32      20    3.96    0.00    0.99    0.00    0.00    0.00    0.00    0.00    0.00   95.05
15:07:32      21    6.00    0.00    1.00    0.00    0.00    0.00    0.00    0.00    0.00   93.00
15:07:32      22    5.10    0.00    1.02    0.00    0.00    0.00    0.00    0.00    0.00   93.88
15:07:32      23    1.01    0.00    1.01    0.00    0.00    0.00    0.00    0.00    0.00   97.98

15:07:32     CPU    %usr   %nice    %sys %iowait    %irq   %soft  %steal  %guest  %gnice   %idle
15:07:33     all    1.80    0.00    0.50    0.00    0.00    0.04    0.00    0.00    0.00   97.66
15:07:33       0    1.00    0.00    1.00    0.00    0.00    0.00    0.00    0.00    0.00   98.00
15:07:33       1    0.00    0.00    0.00    0.00    0.00    0.00    0.00    0.00    0.00  100.00
15:07:33       2    2.02    0.00    0.00    0.00    0.00    0.00    0.00    0.00    0.00   97.98
15:07:33       3    0.00    0.00    0.00    0.00    0.00    0.00    0.00    0.00    0.00  100.00
15:07:33       4    2.00    0.00    1.00    0.00    0.00    0.00    0.00    0.00    0.00   97.00
15:07:33       5    0.00    0.00    0.00    0.00    0.00    0.00    0.00    0.00    0.00  100.00
15:07:33       6    2.02    0.00    0.00    0.00    0.00    0.00    0.00    0.00    0.00   97.98
15:07:33       7    0.00    0.00    0.00    0.00    0.00    0.00    0.00    0.00    0.00  100.00
15:07:33       8    4.04    0.00    1.01    0.00    0.00    0.00    0.00    0.00    0.00   94.95
15:07:33       9    0.00    0.00    0.00    0.00    0.00    0.00    0.00    0.00    0.00  100.00
15:07:33      10    4.00    0.00    2.00    0.00    0.00    0.00    0.00    0.00    0.00   94.00
15:07:33      11    0.00    0.00    0.00    0.00    0.00    0.00    0.00    0.00    0.00  100.00
15:07:33      12    3.00    0.00    1.00    0.00    0.00    0.00    0.00    0.00    0.00   96.00
15:07:33      13    0.99    0.00    0.00    0.00    0.00    0.00    0.00    0.00    0.00   99.01
15:07:33      14    2.00    0.00    1.00    0.00    0.00    0.00    0.00    0.00    0.00   97.00
15:07:33      15    0.00    0.00    0.00    0.00    0.00    1.03    0.00    0.00    0.00   98.97
15:07:33      16    2.02    0.00    1.01    0.00    0.00    0.00    0.00    0.00    0.00   96.97
15:07:33      17    2.00    0.00    1.00    0.00    0.00    0.00    0.00    0.00    0.00   97.00
15:07:33      18    1.01    0.00    1.01    0.00    0.00    0.00    0.00    0.00    0.00   97.98
15:07:33      19    2.00    0.00    1.00    0.00    0.00    0.00    0.00    0.00    0.00   97.00
15:07:33      20    4.00    0.00    0.00    0.00    0.00    0.00    0.00    0.00    0.00   96.00
15:07:33      21    3.00    0.00    0.00    0.00    0.00    0.00    0.00    0.00    0.00   97.00
15:07:33      22    3.03    0.00    0.00    0.00    0.00    0.00    0.00    0.00    0.00   96.97
15:07:33      23    4.95    0.00    0.99    0.00    0.00    0.00    0.00    0.00    0.00   94.06

15:07:33     CPU    %usr   %nice    %sys %iowait    %irq   %soft  %steal  %guest  %gnice   %idle
15:07:34     all    1.84    0.00    0.33    0.00    0.00    0.04    0.00    0.00    0.00   97.79
15:07:34       0    1.00    0.00    1.00    0.00    0.00    0.00    0.00    0.00    0.00   98.00
15:07:34       1    0.00    0.00    0.00    0.00    0.00    0.00    0.00    0.00    0.00  100.00
15:07:34       2    3.00    0.00    0.00    0.00    0.00    0.00    0.00    0.00    0.00   97.00
15:07:34       3    0.00    0.00    0.00    0.00    0.00    0.00    0.00    0.00    0.00  100.00
15:07:34       4    2.02    0.00    1.01    0.00    0.00    0.00    0.00    0.00    0.00   96.97
15:07:34       5    0.00    0.00    0.00    0.00    0.00    0.00    0.00    0.00    0.00  100.00
15:07:34       6    2.00    0.00    1.00    0.00    0.00    0.00    0.00    0.00    0.00   97.00
15:07:34       7    0.99    0.00    0.00    0.00    0.00    0.00    0.00    0.00    0.00   99.01
15:07:34       8    4.04    0.00    0.00    0.00    0.00    0.00    0.00    0.00    0.00   95.96
15:07:34       9    0.00    0.00    0.00    0.00    0.00    0.00    0.00    0.00    0.00  100.00
15:07:34      10    3.03    0.00    1.01    0.00    0.00    0.00    0.00    0.00    0.00   95.96
15:07:34      11    0.00    0.00    0.00    0.00    0.00    0.00    0.00    0.00    0.00  100.00
15:07:34      12    2.00    0.00    0.00    0.00    0.00    0.00    0.00    0.00    0.00   98.00
15:07:34      13    0.00    0.00    0.00    0.00    0.00    0.00    0.00    0.00    0.00  100.00
15:07:34      14    2.00    0.00    0.00    0.00    0.00    0.00    0.00    0.00    0.00   98.00
15:07:34      15    1.01    0.00    1.01    0.00    0.00    1.01    0.00    0.00    0.00   96.97
15:07:34      16    4.00    0.00    2.00    0.00    0.00    0.00    0.00    0.00    0.00   94.00
15:07:34      17    3.00    0.00    0.00    0.00    0.00    0.00    0.00    0.00    0.00   97.00
15:07:34      18    2.02    0.00    0.00    0.00    0.00    0.00    0.00    0.00    0.00   97.98
15:07:34      19    2.00    0.00    0.00    0.00    0.00    0.00    0.00    0.00    0.00   98.00
15:07:34      20    3.00    0.00    0.00    0.00    0.00    0.00    0.00    0.00    0.00   97.00
15:07:34      21    2.97    0.00    0.99    0.00    0.00    0.00    0.00    0.00    0.00   96.04
15:07:34      22    3.06    0.00    0.00    0.00    0.00    0.00    0.00    0.00    0.00   96.94
15:07:34      23    3.03    0.00    0.00    0.00    0.00    0.00    0.00    0.00    0.00   96.97

15:07:34     CPU    %usr   %nice    %sys %iowait    %irq   %soft  %steal  %guest  %gnice   %idle
15:07:35     all    3.18    0.00    0.79    0.04    0.00    0.08    0.00    0.00    0.00   95.90
15:07:35       0    3.03    0.00    0.00    0.00    0.00    0.00    0.00    0.00    0.00   96.97
15:07:35       1    0.00    0.00    0.00    0.00    0.00    0.00    0.00    0.00    0.00  100.00
15:07:35       2    5.00    0.00    1.00    1.00    0.00    0.00    0.00    0.00    0.00   93.00
15:07:35       3    0.00    0.00    0.00    0.00    0.00    0.00    0.00    0.00    0.00  100.00
15:07:35       4    3.03    0.00    0.00    0.00    0.00    0.00    0.00    0.00    0.00   96.97
15:07:35       5    1.98    0.00    0.00    0.00    0.00    0.00    0.00    0.00    0.00   98.02
15:07:35       6    4.04    0.00    1.01    0.00    0.00    0.00    0.00    0.00    0.00   94.95
15:07:35       7    3.03    0.00    0.00    0.00    0.00    0.00    0.00    0.00    0.00   96.97
15:07:35       8    6.00    0.00    1.00    0.00    0.00    0.00    0.00    0.00    0.00   93.00
15:07:35       9    0.00    0.00    0.00    0.00    0.00    0.00    0.00    0.00    0.00  100.00
15:07:35      10    8.08    0.00    2.02    0.00    0.00    0.00    0.00    0.00    0.00   89.90
15:07:35      11    0.00    0.00    0.99    0.00    0.00    0.00    0.00    0.00    0.00   99.01
15:07:35      12    3.96    0.00    0.99    0.00    0.00    0.99    0.00    0.00    0.00   94.06
15:07:35      13    2.00    0.00    1.00    0.00    0.00    0.00    0.00    0.00    0.00   97.00
15:07:35      14    5.05    0.00    1.01    0.00    0.00    0.00    0.00    0.00    0.00   93.94
15:07:35      15    0.00    0.00    1.02    0.00    0.00    1.02    0.00    0.00    0.00   97.96
15:07:35      16    5.00    0.00    1.00    0.00    0.00    0.00    0.00    0.00    0.00   94.00
15:07:35      17    4.04    0.00    2.02    0.00    0.00    0.00    0.00    0.00    0.00   93.94
15:07:35      18    4.00    0.00    1.00    0.00    0.00    0.00    0.00    0.00    0.00   95.00
15:07:35      19    3.00    0.00    1.00    0.00    0.00    0.00    0.00    0.00    0.00   96.00
15:07:35      20    4.00    0.00    1.00    0.00    0.00    0.00    0.00    0.00    0.00   95.00
15:07:35      21    3.00    0.00    1.00    0.00    0.00    0.00    0.00    0.00    0.00   96.00
15:07:35      22    5.05    0.00    1.01    0.00    0.00    0.00    0.00    0.00    0.00   93.94
15:07:35      23    3.00    0.00    1.00    0.00    0.00    0.00    0.00    0.00    0.00   96.00

15:07:35     CPU    %usr   %nice    %sys %iowait    %irq   %soft  %steal  %guest  %gnice   %idle
15:07:36     all    1.84    0.00    0.54    0.00    0.00    0.08    0.00    0.00    0.00   97.53
15:07:36       0    2.00    0.00    2.00    0.00    0.00    0.00    0.00    0.00    0.00   96.00
15:07:36       1    0.00    0.00    0.00    0.00    0.00    0.00    0.00    0.00    0.00  100.00
15:07:36       2    2.02    0.00    0.00    0.00    0.00    0.00    0.00    0.00    0.00   97.98
15:07:36       3    0.00    0.00    0.00    0.00    0.00    0.00    0.00    0.00    0.00  100.00
15:07:36       4    2.97    0.00    0.99    0.00    0.00    0.00    0.00    0.00    0.00   96.04
15:07:36       5    0.00    0.00    0.00    0.00    0.00    0.00    0.00    0.00    0.00  100.00
15:07:36       6    1.01    0.00    0.00    0.00    0.00    0.00    0.00    0.00    0.00   98.99
15:07:36       7    2.00    0.00    1.00    0.00    0.00    0.00    0.00    0.00    0.00   97.00
15:07:36       8    3.03    0.00    1.01    0.00    0.00    0.00    0.00    0.00    0.00   95.96
15:07:36       9    0.00    0.00    0.00    0.00    0.00    0.00    0.00    0.00    0.00  100.00
15:07:36      10    4.95    0.00    2.97    0.00    0.00    0.00    0.00    0.00    0.00   92.08
15:07:36      11    0.00    0.00    0.00    0.00    0.00    0.00    0.00    0.00    0.00  100.00
15:07:36      12    4.08    0.00    0.00    0.00    0.00    0.00    0.00    0.00    0.00   95.92
15:07:36      13    0.00    0.00    0.00    0.00    0.00    0.00    0.00    0.00    0.00  100.00
15:07:36      14    2.00    0.00    1.00    0.00    0.00    0.00    0.00    0.00    0.00   97.00
15:07:36      15    1.00    0.00    0.00    0.00    0.00    2.00    0.00    0.00    0.00   97.00
15:07:36      16    2.00    0.00    1.00    0.00    0.00    0.00    0.00    0.00    0.00   97.00
15:07:36      17    2.00    0.00    1.00    0.00    0.00    0.00    0.00    0.00    0.00   97.00
15:07:36      18    1.01    0.00    1.01    0.00    0.00    0.00    0.00    0.00    0.00   97.98
15:07:36      19    2.02    0.00    0.00    0.00    0.00    0.00    0.00    0.00    0.00   97.98
15:07:36      20    3.03    0.00    0.00    0.00    0.00    0.00    0.00    0.00    0.00   96.97
15:07:36      21    3.03    0.00    0.00    0.00    0.00    0.00    0.00    0.00    0.00   96.97
15:07:36      22    2.06    0.00    0.00    0.00    0.00    0.00    0.00    0.00    0.00   97.94
15:07:36      23    3.92    0.00    0.98    0.00    0.00    0.00    0.00    0.00    0.00   95.10

15:07:36     CPU    %usr   %nice    %sys %iowait    %irq   %soft  %steal  %guest  %gnice   %idle
15:07:37     all    1.80    0.00    0.38    0.04    0.00    0.04    0.00    0.00    0.00   97.74
15:07:37       0    1.02    0.00    0.00    0.00    0.00    0.00    0.00    0.00    0.00   98.98
15:07:37       1    0.00    0.00    0.00    0.00    0.00    0.00    0.00    0.00    0.00  100.00
15:07:37       2    2.02    0.00    0.00    0.00    0.00    0.00    0.00    0.00    0.00   97.98
15:07:37       3    0.00    0.00    0.00    0.00    0.00    0.00    0.00    0.00    0.00  100.00
15:07:37       4    5.05    0.00    1.01    0.00    0.00    0.00    0.00    0.00    0.00   93.94
15:07:37       5    0.00    0.00    0.00    0.00    0.00    0.00    0.00    0.00    0.00  100.00
15:07:37       6    1.00    0.00    1.00    0.00    0.00    0.00    0.00    0.00    0.00   98.00
15:07:37       7    2.00    0.00    0.00    0.00    0.00    0.00    0.00    0.00    0.00   98.00
15:07:37       8    2.00    0.00    1.00    0.00    0.00    0.00    0.00    0.00    0.00   97.00
15:07:37       9    0.00    0.00    0.00    0.00    0.00    0.00    0.00    0.00    0.00  100.00
15:07:37      10    5.00    0.00    1.00    0.00    0.00    0.00    0.00    0.00    0.00   94.00
15:07:37      11    0.00    0.00    0.00    1.00    0.00    0.00    0.00    0.00    0.00   99.00
15:07:37      12    1.98    0.00    0.99    0.00    0.00    0.00    0.00    0.00    0.00   97.03
15:07:37      13    0.99    0.00    0.00    0.00    0.00    0.00    0.00    0.00    0.00   99.01
15:07:37      14    2.02    0.00    0.00    0.00    0.00    0.00    0.00    0.00    0.00   97.98
15:07:37      15    0.00    0.00    1.01    0.00    0.00    1.01    0.00    0.00    0.00   97.98
15:07:37      16    3.03    0.00    1.01    0.00    0.00    0.00    0.00    0.00    0.00   95.96
15:07:37      17    2.04    0.00    0.00    0.00    0.00    0.00    0.00    0.00    0.00   97.96
15:07:37      18    1.01    0.00    0.00    0.00    0.00    0.00    0.00    0.00    0.00   98.99
15:07:37      19    3.00    0.00    0.00    0.00    0.00    0.00    0.00    0.00    0.00   97.00
15:07:37      20    3.96    0.00    0.99    0.00    0.00    0.00    0.00    0.00    0.00   95.05
15:07:37      21    1.00    0.00    0.00    0.00    0.00    0.00    0.00    0.00    0.00   99.00
15:07:37      22    3.96    0.00    0.99    0.00    0.00    0.00    0.00    0.00    0.00   95.05
15:07:37      23    2.02    0.00    0.00    0.00    0.00    0.00    0.00    0.00    0.00   97.98

15:07:37     CPU    %usr   %nice    %sys %iowait    %irq   %soft  %steal  %guest  %gnice   %idle
15:07:38     all    1.88    0.00    0.50    0.04    0.00    0.04    0.00    0.00    0.00   97.54
15:07:38       0    2.00    0.00    1.00    0.00    0.00    0.00    0.00    0.00    0.00   97.00
15:07:38       1    0.00    0.00    0.00    0.00    0.00    0.00    0.00    0.00    0.00  100.00
15:07:38       2    2.00    0.00    1.00    0.00    0.00    0.00    0.00    0.00    0.00   97.00
15:07:38       3    0.00    0.00    0.00    0.00    0.00    0.00    0.00    0.00    0.00  100.00
15:07:38       4    3.03    0.00    0.00    0.00    0.00    0.00    0.00    0.00    0.00   96.97
15:07:38       5    0.00    0.00    0.00    0.00    0.00    0.00    0.00    0.00    0.00  100.00
15:07:38       6    1.98    0.00    0.99    0.00    0.00    0.00    0.00    0.00    0.00   97.03
15:07:38       7    3.00    0.00    0.00    0.00    0.00    0.00    0.00    0.00    0.00   97.00
15:07:38       8    4.04    0.00    2.02    0.00    0.00    0.00    0.00    0.00    0.00   93.94
15:07:38       9    0.00    0.00    0.00    0.00    0.00    0.00    0.00    0.00    0.00  100.00
15:07:38      10    2.04    0.00    0.00    0.00    0.00    0.00    0.00    0.00    0.00   97.96
15:07:38      11    0.00    0.00    0.00    0.00    0.00    0.00    0.00    0.00    0.00  100.00
15:07:38      12    2.00    0.00    0.00    0.00    0.00    0.00    0.00    0.00    0.00   98.00
15:07:38      13    0.00    0.00    0.00    0.00    0.00    0.00    0.00    0.00    0.00  100.00
15:07:38      14    3.00    0.00    0.00    0.00    0.00    0.00    0.00    0.00    0.00   97.00
15:07:38      15    0.00    0.00    0.00    0.00    0.00    1.03    0.00    0.00    0.00   98.97
15:07:38      16    3.03    0.00    1.01    1.01    0.00    0.00    0.00    0.00    0.00   94.95
15:07:38      17    2.97    0.00    0.99    0.00    0.00    0.00    0.00    0.00    0.00   96.04
15:07:38      18    1.98    0.00    0.99    0.00    0.00    0.00    0.00    0.00    0.00   97.03
15:07:38      19    2.00    0.00    1.00    0.00    0.00    0.00    0.00    0.00    0.00   97.00
15:07:38      20    4.00    0.00    1.00    0.00    0.00    0.00    0.00    0.00    0.00   95.00
15:07:38      21    2.97    0.00    0.99    0.00    0.00    0.00    0.00    0.00    0.00   96.04
15:07:38      22    2.06    0.00    0.00    0.00    0.00    0.00    0.00    0.00    0.00   97.94
15:07:38      23    2.97    0.00    0.99    0.00    0.00    0.00    0.00    0.00    0.00   96.04

15:07:38     CPU    %usr   %nice    %sys %iowait    %irq   %soft  %steal  %guest  %gnice   %idle
15:07:39     all    1.63    0.00    0.38    0.04    0.00    0.04    0.00    0.00    0.00   97.91
15:07:39       0    1.01    0.00    0.00    0.00    0.00    0.00    0.00    0.00    0.00   98.99
15:07:39       1    0.00    0.00    0.00    0.00    0.00    0.00    0.00    0.00    0.00  100.00
15:07:39       2    2.02    0.00    0.00    0.00    0.00    0.00    0.00    0.00    0.00   97.98
15:07:39       3    0.99    0.00    0.00    0.00    0.00    0.00    0.00    0.00    0.00   99.01
15:07:39       4    5.05    0.00    1.01    0.00    0.00    0.00    0.00    0.00    0.00   93.94
15:07:39       5    0.00    0.00    0.00    0.00    0.00    0.00    0.00    0.00    0.00  100.00
15:07:39       6    2.02    0.00    1.01    0.00    0.00    0.00    0.00    0.00    0.00   96.97
15:07:39       7    0.00    0.00    0.00    0.00    0.00    0.00    0.00    0.00    0.00  100.00
15:07:39       8    4.00    0.00    1.00    0.00    0.00    0.00    0.00    0.00    0.00   95.00
15:07:39       9    0.00    0.00    0.00    0.00    0.00    0.00    0.00    0.00    0.00  100.00
15:07:39      10    3.03    0.00    1.01    0.00    0.00    0.00    0.00    0.00    0.00   95.96
15:07:39      11    0.00    0.00    0.00    0.00    0.00    0.00    0.00    0.00    0.00  100.00
15:07:39      12    1.02    0.00    0.00    0.00    0.00    0.00    0.00    0.00    0.00   98.98
15:07:39      13    0.00    0.00    0.00    0.00    0.00    0.00    0.00    0.00    0.00  100.00
15:07:39      14    2.00    0.00    0.00    0.00    0.00    0.00    0.00    0.00    0.00   98.00
15:07:39      15    0.00    0.00    0.00    0.00    0.00    1.02    0.00    0.00    0.00   98.98
15:07:39      16    2.02    0.00    0.00    0.00    0.00    0.00    0.00    0.00    0.00   97.98
15:07:39      17    2.00    0.00    1.00    0.00    0.00    0.00    0.00    0.00    0.00   97.00
15:07:39      18    2.00    0.00    0.00    0.00    0.00    0.00    0.00    0.00    0.00   98.00
15:07:39      19    2.00    0.00    1.00    0.00    0.00    0.00    0.00    0.00    0.00   97.00
15:07:39      20    2.00    0.00    1.00    0.00    0.00    0.00    0.00    0.00    0.00   97.00
15:07:39      21    2.04    0.00    0.00    0.00    0.00    0.00    0.00    0.00    0.00   97.96
15:07:39      22    3.03    0.00    2.02    0.00    0.00    0.00    0.00    0.00    0.00   94.95
15:07:39      23    3.03    0.00    0.00    1.01    0.00    0.00    0.00    0.00    0.00   95.96

15:07:39     CPU    %usr   %nice    %sys %iowait    %irq   %soft  %steal  %guest  %gnice   %idle
15:07:40     all    2.22    0.00    0.42    0.00    0.00    0.04    0.00    0.00    0.00   97.32
15:07:40       0    3.00    0.00    1.00    0.00    0.00    0.00    0.00    0.00    0.00   96.00
15:07:40       1    2.00    0.00    0.00    0.00    0.00    0.00    0.00    0.00    0.00   98.00
15:07:40       2    5.00    0.00    1.00    0.00    0.00    0.00    0.00    0.00    0.00   94.00
15:07:40       3    0.00    0.00    0.00    0.00    0.00    0.00    0.00    0.00    0.00  100.00
15:07:40       4    5.00    0.00    2.00    0.00    0.00    0.00    0.00    0.00    0.00   93.00
15:07:40       5    0.00    0.00    0.00    0.00    0.00    0.00    0.00    0.00    0.00  100.00
15:07:40       6    2.02    0.00    0.00    0.00    0.00    0.00    0.00    0.00    0.00   97.98
15:07:40       7    0.00    0.00    0.00    0.00    0.00    0.00    0.00    0.00    0.00  100.00
15:07:40       8    4.08    0.00    1.02    0.00    0.00    0.00    0.00    0.00    0.00   94.90
15:07:40       9    0.00    0.00    0.00    0.00    0.00    0.00    0.00    0.00    0.00  100.00
15:07:40      10    4.00    0.00    1.00    0.00    0.00    0.00    0.00    0.00    0.00   95.00
15:07:40      11    0.00    0.00    0.00    0.00    0.00    0.00    0.00    0.00    0.00  100.00
15:07:40      12    4.00    0.00    1.00    0.00    0.00    0.00    0.00    0.00    0.00   95.00
15:07:40      13    1.01    0.00    0.00    0.00    0.00    0.00    0.00    0.00    0.00   98.99
15:07:40      14    1.01    0.00    0.00    0.00    0.00    0.00    0.00    0.00    0.00   98.99
15:07:40      15    1.01    0.00    0.00    0.00    0.00    1.01    0.00    0.00    0.00   97.98
15:07:40      16    3.06    0.00    1.02    0.00    0.00    0.00    0.00    0.00    0.00   95.92
15:07:40      17    2.04    0.00    0.00    0.00    0.00    0.00    0.00    0.00    0.00   97.96
15:07:40      18    2.02    0.00    1.01    0.00    0.00    0.00    0.00    0.00    0.00   96.97
15:07:40      19    3.00    0.00    0.00    0.00    0.00    0.00    0.00    0.00    0.00   97.00
15:07:40      20    2.00    0.00    0.00    0.00    0.00    0.00    0.00    0.00    0.00   98.00
15:07:40      21    2.02    0.00    0.00    0.00    0.00    0.00    0.00    0.00    0.00   97.98
15:07:40      22    4.04    0.00    0.00    0.00    0.00    0.00    0.00    0.00    0.00   95.96
15:07:40      23    2.97    0.00    0.99    0.00    0.00    0.00    0.00    0.00    0.00   96.04

15:07:40     CPU    %usr   %nice    %sys %iowait    %irq   %soft  %steal  %guest  %gnice   %idle
15:07:41     all    2.26    0.00    0.50    0.00    0.00    0.04    0.00    0.00    0.00   97.20
15:07:41       0    2.02    0.00    0.00    0.00    0.00    0.00    0.00    0.00    0.00   97.98
15:07:41       1    2.00    0.00    0.00    0.00    0.00    0.00    0.00    0.00    0.00   98.00
15:07:41       2    3.03    0.00    0.00    0.00    0.00    0.00    0.00    0.00    0.00   96.97
15:07:41       3    0.00    0.00    0.00    0.00    0.00    0.00    0.00    0.00    0.00  100.00
15:07:41       4    3.00    0.00    1.00    0.00    0.00    0.00    0.00    0.00    0.00   96.00
15:07:41       5    0.00    0.00    1.00    0.00    0.00    0.00    0.00    0.00    0.00   99.00
15:07:41       6    6.06    0.00    1.01    0.00    0.00    0.00    0.00    0.00    0.00   92.93
15:07:41       7    0.00    0.00    0.00    0.00    0.00    0.00    0.00    0.00    0.00  100.00
15:07:41       8    5.05    0.00    1.01    0.00    0.00    0.00    0.00    0.00    0.00   93.94
15:07:41       9    0.00    0.00    1.00    0.00    0.00    0.00    0.00    0.00    0.00   99.00
15:07:41      10    7.14    0.00    0.00    0.00    0.00    0.00    0.00    0.00    0.00   92.86
15:07:41      11    0.00    0.00    0.00    0.00    0.00    0.00    0.00    0.00    0.00  100.00
15:07:41      12    2.97    0.00    0.99    0.00    0.00    0.00    0.00    0.00    0.00   96.04
15:07:41      13    2.00    0.00    0.00    0.00    0.00    0.00    0.00    0.00    0.00   98.00
15:07:41      14    1.01    0.00    1.01    0.00    0.00    0.00    0.00    0.00    0.00   97.98
15:07:41      15    0.00    0.00    0.00    0.00    0.00    1.01    0.00    0.00    0.00   98.99
15:07:41      16    2.00    0.00    1.00    0.00    0.00    0.00    0.00    0.00    0.00   97.00
15:07:41      17    3.00    0.00    0.00    0.00    0.00    0.00    0.00    0.00    0.00   97.00
15:07:41      18    2.97    0.00    0.99    0.00    0.00    0.00    0.00    0.00    0.00   96.04
15:07:41      19    1.00    0.00    1.00    0.00    0.00    0.00    0.00    0.00    0.00   98.00
15:07:41      20    2.00    0.00    1.00    0.00    0.00    0.00    0.00    0.00    0.00   97.00
15:07:41      21    2.97    0.00    0.99    0.00    0.00    0.00    0.00    0.00    0.00   96.04
15:07:41      22    4.08    0.00    0.00    0.00    0.00    0.00    0.00    0.00    0.00   95.92
15:07:41      23    2.02    0.00    0.00    0.00    0.00    0.00    0.00    0.00    0.00   97.98

15:07:41     CPU    %usr   %nice    %sys %iowait    %irq   %soft  %steal  %guest  %gnice   %idle
15:07:42     all    1.88    0.00    0.46    0.00    0.00    0.00    0.00    0.00    0.00   97.66
15:07:42       0    2.00    0.00    0.00    0.00    0.00    0.00    0.00    0.00    0.00   98.00
15:07:42       1    0.00    0.00    0.00    0.00    0.00    0.00    0.00    0.00    0.00  100.00
15:07:42       2    2.00    0.00    1.00    0.00    0.00    0.00    0.00    0.00    0.00   97.00
15:07:42       3    0.00    0.00    0.00    0.00    0.00    0.00    0.00    0.00    0.00  100.00
15:07:42       4    1.01    0.00    1.01    0.00    0.00    0.00    0.00    0.00    0.00   97.98
15:07:42       5    0.00    0.00    0.00    0.00    0.00    0.00    0.00    0.00    0.00  100.00
15:07:42       6    2.02    0.00    1.01    0.00    0.00    0.00    0.00    0.00    0.00   96.97
15:07:42       7    0.00    0.00    0.00    0.00    0.00    0.00    0.00    0.00    0.00  100.00
15:07:42       8    3.00    0.00    1.00    0.00    0.00    0.00    0.00    0.00    0.00   96.00
15:07:42       9    0.00    0.00    0.00    0.00    0.00    0.00    0.00    0.00    0.00  100.00
15:07:42      10    6.00    0.00    1.00    0.00    0.00    0.00    0.00    0.00    0.00   93.00
15:07:42      11    0.00    0.00    0.00    0.00    0.00    0.00    0.00    0.00    0.00  100.00
15:07:42      12    3.03    0.00    0.00    0.00    0.00    0.00    0.00    0.00    0.00   96.97
15:07:42      13    0.00    0.00    0.00    0.00    0.00    0.00    0.00    0.00    0.00  100.00
15:07:42      14    2.00    0.00    1.00    0.00    0.00    0.00    0.00    0.00    0.00   97.00
15:07:42      15    2.02    0.00    1.01    0.00    0.00    0.00    0.00    0.00    0.00   96.97
15:07:42      16    3.00    0.00    1.00    0.00    0.00    0.00    0.00    0.00    0.00   96.00
15:07:42      17    2.00    0.00    1.00    0.00    0.00    0.00    0.00    0.00    0.00   97.00
15:07:42      18    2.00    0.00    1.00    0.00    0.00    0.00    0.00    0.00    0.00   97.00
15:07:42      19    2.02    0.00    0.00    0.00    0.00    0.00    0.00    0.00    0.00   97.98
15:07:42      20    4.00    0.00    0.00    0.00    0.00    0.00    0.00    0.00    0.00   96.00
15:07:42      21    3.03    0.00    0.00    0.00    0.00    0.00    0.00    0.00    0.00   96.97
15:07:42      22    3.03    0.00    0.00    0.00    0.00    0.00    0.00    0.00    0.00   96.97
15:07:42      23    3.00    0.00    1.00    0.00    0.00    0.00    0.00    0.00    0.00   96.00

15:07:42     CPU    %usr   %nice    %sys %iowait    %irq   %soft  %steal  %guest  %gnice   %idle
15:07:43     all    1.72    0.00    0.54    0.08    0.00    0.13    0.00    0.00    0.00   97.53
15:07:43       0    2.02    0.00    0.00    0.00    0.00    0.00    0.00    0.00    0.00   97.98
15:07:43       1    0.00    0.00    0.00    0.00    0.00    0.00    0.00    0.00    0.00  100.00
15:07:43       2    2.02    0.00    0.00    0.00    0.00    0.00    0.00    0.00    0.00   97.98
15:07:43       3    0.00    0.00    0.00    0.00    0.00    0.00    0.00    0.00    0.00  100.00
15:07:43       4    1.01    0.00    0.00    0.00    0.00    0.00    0.00    0.00    0.00   98.99
15:07:43       5    0.00    0.00    0.00    0.00    0.00    0.00    0.00    0.00    0.00  100.00
15:07:43       6    2.97    0.00    0.99    0.00    0.00    0.00    0.00    0.00    0.00   96.04
15:07:43       7    0.99    0.00    0.00    0.00    0.00    0.00    0.00    0.00    0.00   99.01
15:07:43       8    3.03    0.00    1.01    0.00    0.00    0.00    0.00    0.00    0.00   95.96
15:07:43       9    0.00    0.00    0.00    0.00    0.00    0.00    0.00    0.00    0.00  100.00
15:07:43      10    4.04    0.00    1.01    0.00    0.00    0.00    0.00    0.00    0.00   94.95
15:07:43      11    0.00    0.00    0.00    0.00    0.00    0.00    0.00    0.00    0.00  100.00
15:07:43      12    3.03    0.00    2.02    0.00    0.00    0.00    0.00    0.00    0.00   94.95
15:07:43      13    0.00    0.00    0.00    2.00    0.00    0.00    0.00    0.00    0.00   98.00
15:07:43      14    2.02    0.00    0.00    0.00    0.00    0.00    0.00    0.00    0.00   97.98
15:07:43      15    0.00    0.00    1.00    0.00    0.00    3.00    0.00    0.00    0.00   96.00
15:07:43      16    2.02    0.00    2.02    0.00    0.00    0.00    0.00    0.00    0.00   95.96
15:07:43      17    2.00    0.00    1.00    0.00    0.00    0.00    0.00    0.00    0.00   97.00
15:07:43      18    2.00    0.00    1.00    0.00    0.00    0.00    0.00    0.00    0.00   97.00
15:07:43      19    3.00    0.00    0.00    0.00    0.00    0.00    0.00    0.00    0.00   97.00
15:07:43      20    4.00    0.00    2.00    0.00    0.00    0.00    0.00    0.00    0.00   94.00
15:07:43      21    2.02    0.00    0.00    0.00    0.00    0.00    0.00    0.00    0.00   97.98
15:07:43      22    2.04    0.00    1.02    0.00    0.00    0.00    0.00    0.00    0.00   96.94
15:07:43      23    3.00    0.00    0.00    0.00    0.00    0.00    0.00    0.00    0.00   97.00

15:07:43     CPU    %usr   %nice    %sys %iowait    %irq   %soft  %steal  %guest  %gnice   %idle
15:07:44     all    1.88    0.00    0.42    0.04    0.00    0.04    0.00    0.00    0.00   97.62
15:07:44       0    3.00    0.00    2.00    0.00    0.00    0.00    0.00    0.00    0.00   95.00
15:07:44       1    0.00    0.00    0.00    0.00    0.00    0.00    0.00    0.00    0.00  100.00
15:07:44       2    1.01    0.00    0.00    0.00    0.00    0.00    0.00    0.00    0.00   98.99
15:07:44       3    0.00    0.00    0.00    0.00    0.00    0.00    0.00    0.00    0.00  100.00
15:07:44       4    2.97    0.00    1.98    0.00    0.00    0.00    0.00    0.00    0.00   95.05
15:07:44       5    0.00    0.00    0.00    0.00    0.00    0.00    0.00    0.00    0.00  100.00
15:07:44       6    1.02    0.00    0.00    0.00    0.00    0.00    0.00    0.00    0.00   98.98
15:07:44       7    0.00    0.00    0.00    0.00    0.00    0.00    0.00    0.00    0.00  100.00
15:07:44       8    4.00    0.00    0.00    1.00    0.00    0.00    0.00    0.00    0.00   95.00
15:07:44       9    0.00    0.00    0.00    0.00    0.00    0.00    0.00    0.00    0.00  100.00
15:07:44      10    5.00    0.00    0.00    0.00    0.00    0.00    0.00    0.00    0.00   95.00
15:07:44      11    0.00    0.00    0.00    0.00    0.00    0.00    0.00    0.00    0.00  100.00
15:07:44      12    3.00    0.00    1.00    0.00    0.00    0.00    0.00    0.00    0.00   96.00
15:07:44      13    0.00    0.00    0.00    0.00    0.00    0.00    0.00    0.00    0.00  100.00
15:07:44      14    1.00    0.00    1.00    0.00    0.00    0.00    0.00    0.00    0.00   98.00
15:07:44      15    1.01    0.00    0.00    0.00    0.00    1.01    0.00    0.00    0.00   97.98
15:07:44      16    3.03    0.00    0.00    0.00    0.00    0.00    0.00    0.00    0.00   96.97
15:07:44      17    2.02    0.00    0.00    0.00    0.00    0.00    0.00    0.00    0.00   97.98
15:07:44      18    2.02    0.00    0.00    0.00    0.00    0.00    0.00    0.00    0.00   97.98
15:07:44      19    2.00    0.00    1.00    0.00    0.00    0.00    0.00    0.00    0.00   97.00
15:07:44      20    4.00    0.00    0.00    0.00    0.00    0.00    0.00    0.00    0.00   96.00
15:07:44      21    3.96    0.00    1.98    0.00    0.00    0.00    0.00    0.00    0.00   94.06
15:07:44      22    3.03    0.00    0.00    0.00    0.00    0.00    0.00    0.00    0.00   96.97
15:07:44      23    2.97    0.00    0.99    0.00    0.00    0.00    0.00    0.00    0.00   96.04

15:07:44     CPU    %usr   %nice    %sys %iowait    %irq   %soft  %steal  %guest  %gnice   %idle
15:07:45     all    1.59    0.00    0.46    0.00    0.00    0.04    0.00    0.00    0.00   97.91
15:07:45       0    0.00    0.00    0.00    0.00    0.00    0.00    0.00    0.00    0.00  100.00
15:07:45       1    0.00    0.00    0.00    0.00    0.00    0.00    0.00    0.00    0.00  100.00
15:07:45       2    2.97    0.00    0.99    0.00    0.00    0.00    0.00    0.00    0.00   96.04
15:07:45       3    0.00    0.00    0.00    0.00    0.00    0.00    0.00    0.00    0.00  100.00
15:07:45       4    1.01    0.00    0.00    0.00    0.00    0.00    0.00    0.00    0.00   98.99
15:07:45       5    0.00    0.00    0.00    0.00    0.00    0.00    0.00    0.00    0.00  100.00
15:07:45       6    3.03    0.00    1.01    0.00    0.00    0.00    0.00    0.00    0.00   95.96
15:07:45       7    0.00    0.00    0.00    0.00    0.00    0.00    0.00    0.00    0.00  100.00
15:07:45       8    4.00    0.00    1.00    0.00    0.00    0.00    0.00    0.00    0.00   95.00
15:07:45       9    0.00    0.00    0.00    0.00    0.00    0.00    0.00    0.00    0.00  100.00
15:07:45      10    5.00    0.00    1.00    0.00    0.00    0.00    0.00    0.00    0.00   94.00
15:07:45      11    0.00    0.00    0.00    0.00    0.00    0.00    0.00    0.00    0.00  100.00
15:07:45      12    1.00    0.00    1.00    0.00    0.00    0.00    0.00    0.00    0.00   98.00
15:07:45      13    0.00    0.00    0.00    0.00    0.00    0.00    0.00    0.00    0.00  100.00
15:07:45      14    3.00    0.00    1.00    0.00    0.00    0.00    0.00    0.00    0.00   96.00
15:07:45      15    1.02    0.00    0.00    0.00    0.00    1.02    0.00    0.00    0.00   97.96
15:07:45      16    2.00    0.00    1.00    0.00    0.00    0.00    0.00    0.00    0.00   97.00
15:07:45      17    2.00    0.00    2.00    0.00    0.00    0.00    0.00    0.00    0.00   96.00
15:07:45      18    2.02    0.00    0.00    0.00    0.00    0.00    0.00    0.00    0.00   97.98
15:07:45      19    1.01    0.00    0.00    0.00    0.00    0.00    0.00    0.00    0.00   98.99
15:07:45      20    3.00    0.00    1.00    0.00    0.00    0.00    0.00    0.00    0.00   96.00
15:07:45      21    2.02    0.00    0.00    0.00    0.00    0.00    0.00    0.00    0.00   97.98
15:07:45      22    3.03    0.00    1.01    0.00    0.00    0.00    0.00    0.00    0.00   95.96
15:07:45      23    2.02    0.00    0.00    0.00    0.00    0.00    0.00    0.00    0.00   97.98

15:07:45     CPU    %usr   %nice    %sys %iowait    %irq   %soft  %steal  %guest  %gnice   %idle
15:07:46     all    1.76    0.00    0.33    0.00    0.00    0.00    0.00    0.00    0.00   97.91
15:07:46       0    2.00    0.00    0.00    0.00    0.00    0.00    0.00    0.00    0.00   98.00
15:07:46       1    0.00    0.00    0.00    0.00    0.00    0.00    0.00    0.00    0.00  100.00
15:07:46       2    2.04    0.00    0.00    0.00    0.00    0.00    0.00    0.00    0.00   97.96
15:07:46       3    0.00    0.00    0.00    0.00    0.00    0.00    0.00    0.00    0.00  100.00
15:07:46       4    3.00    0.00    0.00    0.00    0.00    0.00    0.00    0.00    0.00   97.00
15:07:46       5    0.00    0.00    0.00    0.00    0.00    0.00    0.00    0.00    0.00  100.00
15:07:46       6    2.00    0.00    1.00    0.00    0.00    0.00    0.00    0.00    0.00   97.00
15:07:46       7    1.00    0.00    0.00    0.00    0.00    0.00    0.00    0.00    0.00   99.00
15:07:46       8    1.02    0.00    0.00    0.00    0.00    0.00    0.00    0.00    0.00   98.98
15:07:46       9    0.00    0.00    0.00    0.00    0.00    0.00    0.00    0.00    0.00  100.00
15:07:46      10    5.94    0.00    0.99    0.00    0.00    0.00    0.00    0.00    0.00   93.07
15:07:46      11    0.00    0.00    0.00    0.00    0.00    0.00    0.00    0.00    0.00  100.00
15:07:46      12    3.00    0.00    1.00    0.00    0.00    0.00    0.00    0.00    0.00   96.00
15:07:46      13    0.00    0.00    0.00    0.00    0.00    0.00    0.00    0.00    0.00  100.00
15:07:46      14    3.00    0.00    1.00    0.00    0.00    0.00    0.00    0.00    0.00   96.00
15:07:46      15    1.02    0.00    0.00    0.00    0.00    0.00    0.00    0.00    0.00   98.98
15:07:46      16    2.02    0.00    1.01    0.00    0.00    0.00    0.00    0.00    0.00   96.97
15:07:46      17    2.02    0.00    0.00    0.00    0.00    0.00    0.00    0.00    0.00   97.98
15:07:46      18    2.00    0.00    0.00    0.00    0.00    0.00    0.00    0.00    0.00   98.00
15:07:46      19    1.00    0.00    0.00    0.00    0.00    0.00    0.00    0.00    0.00   99.00
15:07:46      20    3.00    0.00    1.00    0.00    0.00    0.00    0.00    0.00    0.00   96.00
15:07:46      21    3.00    0.00    1.00    0.00    0.00    0.00    0.00    0.00    0.00   96.00
15:07:46      22    3.06    0.00    1.02    0.00    0.00    0.00    0.00    0.00    0.00   95.92
15:07:46      23    2.02    0.00    0.00    0.00    0.00    0.00    0.00    0.00    0.00   97.98

15:07:46     CPU    %usr   %nice    %sys %iowait    %irq   %soft  %steal  %guest  %gnice   %idle
15:07:47     all    2.29    0.00    0.54    0.08    0.00    0.04    0.00    0.00    0.00   97.04
15:07:47       0    2.00    0.00    0.00    0.00    0.00    0.00    0.00    0.00    0.00   98.00
15:07:47       1    0.00    0.00    0.00    0.00    0.00    0.00    0.00    0.00    0.00  100.00
15:07:47       2    3.00    0.00    1.00    0.00    0.00    0.00    0.00    0.00    0.00   96.00
15:07:47       3    0.00    0.00    0.00    0.00    0.00    0.00    0.00    0.00    0.00  100.00
15:07:47       4    3.96    0.00    0.99    0.00    0.00    0.00    0.00    0.00    0.00   95.05
15:07:47       5    1.00    0.00    0.00    0.00    0.00    0.00    0.00    0.00    0.00   99.00
15:07:47       6    2.00    0.00    0.00    0.00    0.00    0.00    0.00    0.00    0.00   98.00
15:07:47       7    1.00    0.00    0.00    1.00    0.00    0.00    0.00    0.00    0.00   98.00
15:07:47       8    5.94    0.00    0.99    0.00    0.00    0.00    0.00    0.00    0.00   93.07
15:07:47       9    0.00    0.00    0.00    0.00    0.00    0.00    0.00    0.00    0.00  100.00
15:07:47      10    4.08    0.00    1.02    0.00    0.00    0.00    0.00    0.00    0.00   94.90
15:07:47      11    1.00    0.00    0.00    0.00    0.00    0.00    0.00    0.00    0.00   99.00
15:07:47      12    3.96    0.00    1.98    0.00    0.00    0.00    0.00    0.00    0.00   94.06
15:07:47      13    0.00    0.00    0.00    1.00    0.00    0.00    0.00    0.00    0.00   99.00
15:07:47      14    3.00    0.00    0.00    0.00    0.00    0.00    0.00    0.00    0.00   97.00
15:07:47      15    1.01    0.00    1.01    0.00    0.00    1.01    0.00    0.00    0.00   96.97
15:07:47      16    2.00    0.00    1.00    0.00    0.00    0.00    0.00    0.00    0.00   97.00
15:07:47      17    3.00    0.00    1.00    0.00    0.00    0.00    0.00    0.00    0.00   96.00
15:07:47      18    3.00    0.00    1.00    0.00    0.00    0.00    0.00    0.00    0.00   96.00
15:07:47      19    3.03    0.00    0.00    0.00    0.00    0.00    0.00    0.00    0.00   96.97
15:07:47      20    2.00    0.00    0.00    0.00    0.00    0.00    0.00    0.00    0.00   98.00
15:07:47      21    3.00    0.00    1.00    0.00    0.00    0.00    0.00    0.00    0.00   96.00
15:07:47      22    4.00    0.00    1.00    0.00    0.00    0.00    0.00    0.00    0.00   95.00
15:07:47      23    2.97    0.00    0.99    0.00    0.00    0.00    0.00    0.00    0.00   96.04

15:07:47     CPU    %usr   %nice    %sys %iowait    %irq   %soft  %steal  %guest  %gnice   %idle
15:07:48     all    1.76    0.00    0.38    0.00    0.00    0.04    0.00    0.00    0.00   97.83
15:07:48       0    1.01    0.00    0.00    0.00    0.00    0.00    0.00    0.00    0.00   98.99
15:07:48       1    0.00    0.00    0.00    0.00    0.00    0.00    0.00    0.00    0.00  100.00
15:07:48       2    2.00    0.00    0.00    0.00    0.00    0.00    0.00    0.00    0.00   98.00
15:07:48       3    0.00    0.00    0.00    0.00    0.00    0.00    0.00    0.00    0.00  100.00
15:07:48       4    2.02    0.00    1.01    0.00    0.00    0.00    0.00    0.00    0.00   96.97
15:07:48       5    0.00    0.00    0.00    0.00    0.00    0.00    0.00    0.00    0.00  100.00
15:07:48       6    1.00    0.00    1.00    0.00    0.00    0.00    0.00    0.00    0.00   98.00
15:07:48       7    0.00    0.00    0.00    0.00    0.00    0.00    0.00    0.00    0.00  100.00
15:07:48       8    4.04    0.00    0.00    0.00    0.00    0.00    0.00    0.00    0.00   95.96
15:07:48       9    0.00    0.00    0.00    0.00    0.00    0.00    0.00    0.00    0.00  100.00
15:07:48      10    5.00    0.00    1.00    0.00    0.00    0.00    0.00    0.00    0.00   94.00
15:07:48      11    0.00    0.00    0.00    0.00    0.00    0.00    0.00    0.00    0.00  100.00
15:07:48      12    2.02    0.00    1.01    0.00    0.00    0.00    0.00    0.00    0.00   96.97
15:07:48      13    0.00    0.00    0.00    0.00    0.00    0.00    0.00    0.00    0.00  100.00
15:07:48      14    2.02    0.00    0.00    0.00    0.00    0.00    0.00    0.00    0.00   97.98
15:07:48      15    0.00    0.00    0.00    0.00    0.00    1.02    0.00    0.00    0.00   98.98
15:07:48      16    3.00    0.00    0.00    0.00    0.00    0.00    0.00    0.00    0.00   97.00
15:07:48      17    2.00    0.00    0.00    0.00    0.00    0.00    0.00    0.00    0.00   98.00
15:07:48      18    1.98    0.00    0.99    0.00    0.00    0.00    0.00    0.00    0.00   97.03
15:07:48      19    1.01    0.00    0.00    0.00    0.00    0.00    0.00    0.00    0.00   98.99
15:07:48      20    4.00    0.00    1.00    0.00    0.00    0.00    0.00    0.00    0.00   95.00
15:07:48      21    5.00    0.00    1.00    0.00    0.00    0.00    0.00    0.00    0.00   94.00
15:07:48      22    2.02    0.00    2.02    0.00    0.00    0.00    0.00    0.00    0.00   95.96
15:07:48      23    4.04    0.00    0.00    0.00    0.00    0.00    0.00    0.00    0.00   95.96

15:07:48     CPU    %usr   %nice    %sys %iowait    %irq   %soft  %steal  %guest  %gnice   %idle
15:07:49     all    1.59    0.00    0.50    0.00    0.00    0.04    0.00    0.00    0.00   97.87
15:07:49       0    3.00    0.00    1.00    0.00    0.00    0.00    0.00    0.00    0.00   96.00
15:07:49       1    0.00    0.00    0.00    0.00    0.00    0.00    0.00    0.00    0.00  100.00
15:07:49       2    2.00    0.00    0.00    0.00    0.00    0.00    0.00    0.00    0.00   98.00
15:07:49       3    0.00    0.00    0.00    0.00    0.00    0.00    0.00    0.00    0.00  100.00
15:07:49       4    1.01    0.00    1.01    0.00    0.00    0.00    0.00    0.00    0.00   97.98
15:07:49       5    0.00    0.00    0.00    0.00    0.00    0.00    0.00    0.00    0.00  100.00
15:07:49       6    2.00    0.00    0.00    0.00    0.00    0.00    0.00    0.00    0.00   98.00
15:07:49       7    1.00    0.00    0.00    0.00    0.00    0.00    0.00    0.00    0.00   99.00
15:07:49       8    2.00    0.00    2.00    0.00    0.00    0.00    0.00    0.00    0.00   96.00
15:07:49       9    0.00    0.00    0.00    0.00    0.00    0.00    0.00    0.00    0.00  100.00
15:07:49      10    5.00    0.00    1.00    0.00    0.00    0.00    0.00    0.00    0.00   94.00
15:07:49      11    0.00    0.00    0.00    0.00    0.00    0.00    0.00    0.00    0.00  100.00
15:07:49      12    2.02    0.00    0.00    0.00    0.00    0.00    0.00    0.00    0.00   97.98
15:07:49      13    0.00    0.00    0.00    0.00    0.00    0.00    0.00    0.00    0.00  100.00
15:07:49      14    1.98    0.00    0.99    0.00    0.00    0.00    0.00    0.00    0.00   97.03
15:07:49      15    1.00    0.00    1.00    0.00    0.00    1.00    0.00    0.00    0.00   97.00
15:07:49      16    1.02    0.00    1.02    0.00    0.00    0.00    0.00    0.00    0.00   97.96
15:07:49      17    1.01    0.00    1.01    0.00    0.00    0.00    0.00    0.00    0.00   97.98
15:07:49      18    1.01    0.00    0.00    0.00    0.00    0.00    0.00    0.00    0.00   98.99
15:07:49      19    1.98    0.00    0.99    0.00    0.00    0.00    0.00    0.00    0.00   97.03
15:07:49      20    2.97    0.00    0.99    0.00    0.00    0.00    0.00    0.00    0.00   96.04
15:07:49      21    2.97    0.00    0.00    0.00    0.00    0.00    0.00    0.00    0.00   97.03
15:07:49      22    3.03    0.00    1.01    0.00    0.00    0.00    0.00    0.00    0.00   95.96
15:07:49      23    3.00    0.00    0.00    0.00    0.00    0.00    0.00    0.00    0.00   97.00

15:07:49     CPU    %usr   %nice    %sys %iowait    %irq   %soft  %steal  %guest  %gnice   %idle
15:07:50     all    1.51    0.00    0.29    0.00    0.00    0.08    0.00    0.00    0.00   98.12
15:07:50       0    1.01    0.00    0.00    0.00    0.00    0.00    0.00    0.00    0.00   98.99
15:07:50       1    0.00    0.00    0.00    0.00    0.00    0.00    0.00    0.00    0.00  100.00
15:07:50       2    0.00    0.00    1.00    0.00    0.00    0.00    0.00    0.00    0.00   99.00
15:07:50       3    0.00    0.00    0.00    0.00    0.00    0.00    0.00    0.00    0.00  100.00
15:07:50       4    3.00    0.00    0.00    0.00    0.00    0.00    0.00    0.00    0.00   97.00
15:07:50       5    0.00    0.00    0.00    0.00    0.00    0.00    0.00    0.00    0.00  100.00
15:07:50       6    1.01    0.00    0.00    0.00    0.00    0.00    0.00    0.00    0.00   98.99
15:07:50       7    0.00    0.00    0.00    0.00    0.00    0.00    0.00    0.00    0.00  100.00
15:07:50       8    6.12    0.00    0.00    0.00    0.00    0.00    0.00    0.00    0.00   93.88
15:07:50       9    0.00    0.00    0.00    0.00    0.00    0.00    0.00    0.00    0.00  100.00
15:07:50      10    2.97    0.00    0.99    0.00    0.00    0.00    0.00    0.00    0.00   96.04
15:07:50      11    0.00    0.00    0.00    0.00    0.00    0.00    0.00    0.00    0.00  100.00
15:07:50      12    2.02    0.00    1.01    0.00    0.00    0.00    0.00    0.00    0.00   96.97
15:07:50      13    0.00    0.00    0.00    0.00    0.00    0.00    0.00    0.00    0.00  100.00
15:07:50      14    1.01    0.00    0.00    0.00    0.00    0.00    0.00    0.00    0.00   98.99
15:07:50      15    1.01    0.00    0.00    0.00    0.00    2.02    0.00    0.00    0.00   96.97
15:07:50      16    3.00    0.00    1.00    0.00    0.00    0.00    0.00    0.00    0.00   96.00
15:07:50      17    3.00    0.00    1.00    0.00    0.00    0.00    0.00    0.00    0.00   96.00
15:07:50      18    1.01    0.00    0.00    0.00    0.00    0.00    0.00    0.00    0.00   98.99
15:07:50      19    1.01    0.00    0.00    0.00    0.00    0.00    0.00    0.00    0.00   98.99
15:07:50      20    3.00    0.00    1.00    0.00    0.00    0.00    0.00    0.00    0.00   96.00
15:07:50      21    3.03    0.00    0.00    0.00    0.00    0.00    0.00    0.00    0.00   96.97
15:07:50      22    2.04    0.00    0.00    0.00    0.00    0.00    0.00    0.00    0.00   97.96
15:07:50      23    2.00    0.00    1.00    0.00    0.00    0.00    0.00    0.00    0.00   97.00

15:07:50     CPU    %usr   %nice    %sys %iowait    %irq   %soft  %steal  %guest  %gnice   %idle
15:07:51     all    2.00    0.00    0.46    0.04    0.00    0.04    0.00    0.00    0.00   97.45
15:07:51       0    2.00    0.00    1.00    0.00    0.00    0.00    0.00    0.00    0.00   97.00
15:07:51       1    0.00    0.00    0.00    0.00    0.00    0.00    0.00    0.00    0.00  100.00
15:07:51       2    2.02    0.00    0.00    0.00    0.00    0.00    0.00    0.00    0.00   97.98
15:07:51       3    0.00    0.00    0.00    0.00    0.00    0.00    0.00    0.00    0.00  100.00
15:07:51       4    1.98    0.00    0.99    0.00    0.00    0.00    0.00    0.00    0.00   97.03
15:07:51       5    0.00    0.00    0.00    0.00    0.00    0.00    0.00    0.00    0.00  100.00
15:07:51       6    1.98    0.00    0.99    0.00    0.00    0.00    0.00    0.00    0.00   97.03
15:07:51       7    0.00    0.00    0.00    0.00    0.00    0.00    0.00    0.00    0.00  100.00
15:07:51       8    5.00    0.00    1.00    0.00    0.00    0.00    0.00    0.00    0.00   94.00
15:07:51       9    0.00    0.00    0.00    0.00    0.00    0.00    0.00    0.00    0.00  100.00
15:07:51      10    5.05    0.00    0.00    0.00    0.00    0.00    0.00    0.00    0.00   94.95
15:07:51      11    1.01    0.00    0.00    0.00    0.00    0.00    0.00    0.00    0.00   98.99
15:07:51      12    4.00    0.00    1.00    0.00    0.00    0.00    0.00    0.00    0.00   95.00
15:07:51      13    0.00    0.00    0.00    0.00    0.00    0.00    0.00    0.00    0.00  100.00
15:07:51      14    2.00    0.00    1.00    0.00    0.00    0.00    0.00    0.00    0.00   97.00
15:07:51      15    1.02    0.00    0.00    0.00    0.00    1.02    0.00    0.00    0.00   97.96
15:07:51      16    4.00    0.00    0.00    0.00    0.00    0.00    0.00    0.00    0.00   96.00
15:07:51      17    3.00    0.00    0.00    0.00    0.00    0.00    0.00    0.00    0.00   97.00
15:07:51      18    2.02    0.00    0.00    0.00    0.00    0.00    0.00    0.00    0.00   97.98
15:07:51      19    2.97    0.00    0.99    0.00    0.00    0.00    0.00    0.00    0.00   96.04
15:07:51      20    2.02    0.00    0.00    0.00    0.00    0.00    0.00    0.00    0.00   97.98
15:07:51      21    2.00    0.00    1.00    0.00    0.00    0.00    0.00    0.00    0.00   97.00
15:07:51      22    2.02    0.00    1.01    1.01    0.00    0.00    0.00    0.00    0.00   95.96
15:07:51      23    4.00    0.00    2.00    0.00    0.00    0.00    0.00    0.00    0.00   94.00

15:07:51     CPU    %usr   %nice    %sys %iowait    %irq   %soft  %steal  %guest  %gnice   %idle
15:07:52     all    2.75    0.00    0.50    0.13    0.00    0.08    0.00    0.00    0.00   96.54
15:07:52       0    2.02    0.00    0.00    1.01    0.00    0.00    0.00    0.00    0.00   96.97
15:07:52       1    1.00    0.00    0.00    0.00    0.00    1.00    0.00    0.00    0.00   98.00
15:07:52       2    1.98    0.00    0.99    0.00    0.00    0.00    0.00    0.00    0.00   97.03
15:07:52       3    0.00    0.00    0.00    0.00    0.00    0.00    0.00    0.00    0.00  100.00
15:07:52       4    4.08    0.00    1.02    0.00    0.00    0.00    0.00    0.00    0.00   94.90
15:07:52       5    1.00    0.00    0.00    0.00    0.00    0.00    0.00    0.00    0.00   99.00
15:07:52       6    3.03    0.00    1.01    0.00    0.00    0.00    0.00    0.00    0.00   95.96
15:07:52       7    0.00    0.00    0.00    1.00    0.00    0.00    0.00    0.00    0.00   99.00
15:07:52       8    6.93    0.00    1.98    0.00    0.00    0.00    0.00    0.00    0.00   91.09
15:07:52       9    0.99    0.00    0.00    0.00    0.00    0.00    0.00    0.00    0.00   99.01
15:07:52      10    5.00    0.00    2.00    0.00    0.00    0.00    0.00    0.00    0.00   93.00
15:07:52      11    0.00    0.00    0.00    0.00    0.00    0.00    0.00    0.00    0.00  100.00
15:07:52      12    5.00    0.00    1.00    0.00    0.00    0.00    0.00    0.00    0.00   94.00
15:07:52      13    0.00    0.00    0.00    1.00    0.00    0.00    0.00    0.00    0.00   99.00
15:07:52      14    4.00    0.00    0.00    0.00    0.00    0.00    0.00    0.00    0.00   96.00
15:07:52      15    2.00    0.00    1.00    0.00    0.00    1.00    0.00    0.00    0.00   96.00
15:07:52      16    3.96    0.00    0.99    0.00    0.00    0.00    0.00    0.00    0.00   95.05
15:07:52      17    3.03    0.00    0.00    0.00    0.00    0.00    0.00    0.00    0.00   96.97
15:07:52      18    3.92    0.00    0.98    0.00    0.00    0.00    0.00    0.00    0.00   95.10
15:07:52      19    2.02    0.00    0.00    0.00    0.00    0.00    0.00    0.00    0.00   97.98
15:07:52      20    3.00    0.00    0.00    0.00    0.00    0.00    0.00    0.00    0.00   97.00
15:07:52      21    5.05    0.00    0.00    0.00    0.00    0.00    0.00    0.00    0.00   94.95
15:07:52      22    5.00    0.00    0.00    0.00    0.00    0.00    0.00    0.00    0.00   95.00
15:07:52      23    2.97    0.00    0.99    0.00    0.00    0.00    0.00    0.00    0.00   96.04

15:07:52     CPU    %usr   %nice    %sys %iowait    %irq   %soft  %steal  %guest  %gnice   %idle
15:07:53     all    2.39    0.00    0.67    0.08    0.00    0.04    0.00    0.00    0.00   96.82
15:07:53       0    3.96    0.00    1.98    0.00    0.00    0.00    0.00    0.00    0.00   94.06
15:07:53       1    1.98    0.00    0.00    0.00    0.00    0.00    0.00    0.00    0.00   98.02
15:07:53       2    3.03    0.00    1.01    0.00    0.00    0.00    0.00    0.00    0.00   95.96
15:07:53       3    0.00    0.00    0.00    0.00    0.00    0.00    0.00    0.00    0.00  100.00
15:07:53       4    4.00    0.00    0.00    0.00    0.00    0.00    0.00    0.00    0.00   96.00
15:07:53       5    2.02    0.00    0.00    0.00    0.00    0.00    0.00    0.00    0.00   97.98
15:07:53       6    2.00    0.00    2.00    0.00    0.00    0.00    0.00    0.00    0.00   96.00
15:07:53       7    0.00    0.00    0.00    1.01    0.00    0.00    0.00    0.00    0.00   98.99
15:07:53       8    4.08    0.00    0.00    0.00    0.00    0.00    0.00    0.00    0.00   95.92
15:07:53       9    0.00    0.00    0.00    0.00    0.00    0.00    0.00    0.00    0.00  100.00
15:07:53      10    5.05    0.00    1.01    0.00    0.00    0.00    0.00    0.00    0.00   93.94
15:07:53      11    0.99    0.00    0.99    0.00    0.00    0.00    0.00    0.00    0.00   98.02
15:07:53      12    2.02    0.00    0.00    0.00    0.00    0.00    0.00    0.00    0.00   97.98
15:07:53      13    0.00    0.00    0.00    1.00    0.00    0.00    0.00    0.00    0.00   99.00
15:07:53      14    2.00    0.00    1.00    0.00    0.00    0.00    0.00    0.00    0.00   97.00
15:07:53      15    0.00    0.00    0.00    0.00    0.00    1.03    0.00    0.00    0.00   98.97
15:07:53      16    3.03    0.00    1.01    0.00    0.00    0.00    0.00    0.00    0.00   95.96
15:07:53      17    4.00    0.00    1.00    0.00    0.00    0.00    0.00    0.00    0.00   95.00
15:07:53      18    2.02    0.00    1.01    0.00    0.00    0.00    0.00    0.00    0.00   96.97
15:07:53      19    1.98    0.00    0.99    0.00    0.00    0.00    0.00    0.00    0.00   97.03
15:07:53      20    3.00    0.00    2.00    0.00    0.00    0.00    0.00    0.00    0.00   95.00
15:07:53      21    6.00    0.00    1.00    0.00    0.00    0.00    0.00    0.00    0.00   93.00
15:07:53      22    4.04    0.00    1.01    0.00    0.00    0.00    0.00    0.00    0.00   94.95
15:07:53      23    2.02    0.00    0.00    0.00    0.00    0.00    0.00    0.00    0.00   97.98

15:07:53     CPU    %usr   %nice    %sys %iowait    %irq   %soft  %steal  %guest  %gnice   %idle
15:07:54     all    1.59    0.00    0.25    0.00    0.00    0.04    0.00    0.00    0.00   98.11
15:07:54       0    2.04    0.00    0.00    0.00    0.00    0.00    0.00    0.00    0.00   97.96
15:07:54       1    0.00    0.00    0.00    0.00    0.00    0.00    0.00    0.00    0.00  100.00
15:07:54       2    1.01    0.00    0.00    0.00    0.00    0.00    0.00    0.00    0.00   98.99
15:07:54       3    0.00    0.00    0.00    0.00    0.00    0.00    0.00    0.00    0.00  100.00
15:07:54       4    3.03    0.00    2.02    0.00    0.00    1.01    0.00    0.00    0.00   93.94
15:07:54       5    0.00    0.00    0.00    0.00    0.00    0.00    0.00    0.00    0.00  100.00
15:07:54       6    1.01    0.00    0.00    0.00    0.00    0.00    0.00    0.00    0.00   98.99
15:07:54       7    0.00    0.00    0.00    0.00    0.00    0.00    0.00    0.00    0.00  100.00
15:07:54       8    1.98    0.00    1.98    0.00    0.00    0.00    0.00    0.00    0.00   96.04
15:07:54       9    0.00    0.00    0.00    0.00    0.00    0.00    0.00    0.00    0.00  100.00
15:07:54      10    4.00    0.00    0.00    0.00    0.00    0.00    0.00    0.00    0.00   96.00
15:07:54      11    0.00    0.00    0.00    0.00    0.00    0.00    0.00    0.00    0.00  100.00
15:07:54      12    4.00    0.00    0.00    0.00    0.00    0.00    0.00    0.00    0.00   96.00
15:07:54      13    0.00    0.00    0.00    0.00    0.00    0.00    0.00    0.00    0.00  100.00
15:07:54      14    2.00    0.00    0.00    0.00    0.00    0.00    0.00    0.00    0.00   98.00
15:07:54      15    1.01    0.00    0.00    0.00    0.00    0.00    0.00    0.00    0.00   98.99
15:07:54      16    1.01    0.00    0.00    0.00    0.00    0.00    0.00    0.00    0.00   98.99
15:07:54      17    2.02    0.00    0.00    0.00    0.00    0.00    0.00    0.00    0.00   97.98
15:07:54      18    1.01    0.00    0.00    0.00    0.00    0.00    0.00    0.00    0.00   98.99
15:07:54      19    1.01    0.00    0.00    0.00    0.00    0.00    0.00    0.00    0.00   98.99
15:07:54      20    3.96    0.00    0.00    0.00    0.00    0.00    0.00    0.00    0.00   96.04
15:07:54      21    2.97    0.00    1.98    0.00    0.00    0.00    0.00    0.00    0.00   95.05
15:07:54      22    3.06    0.00    0.00    0.00    0.00    0.00    0.00    0.00    0.00   96.94
15:07:54      23    3.03    0.00    0.00    0.00    0.00    0.00    0.00    0.00    0.00   96.97

15:07:54     CPU    %usr   %nice    %sys %iowait    %irq   %soft  %steal  %guest  %gnice   %idle
15:07:55     all    1.76    0.00    0.63    0.04    0.00    0.00    0.00    0.00    0.00   97.57
15:07:55       0    2.00    0.00    1.00    0.00    0.00    0.00    0.00    0.00    0.00   97.00
15:07:55       1    0.00    0.00    0.00    0.00    0.00    0.00    0.00    0.00    0.00  100.00
15:07:55       2    2.00    0.00    1.00    0.00    0.00    0.00    0.00    0.00    0.00   97.00
15:07:55       3    0.00    0.00    0.00    0.00    0.00    0.00    0.00    0.00    0.00  100.00
15:07:55       4    2.00    0.00    2.00    0.00    0.00    0.00    0.00    0.00    0.00   96.00
15:07:55       5    0.00    0.00    0.00    0.00    0.00    0.00    0.00    0.00    0.00  100.00
15:07:55       6    3.00    0.00    1.00    0.00    0.00    0.00    0.00    0.00    0.00   96.00
15:07:55       7    0.00    0.00    0.00    0.00    0.00    0.00    0.00    0.00    0.00  100.00
15:07:55       8    3.06    0.00    0.00    0.00    0.00    0.00    0.00    0.00    0.00   96.94
15:07:55       9    0.00    0.00    0.00    0.00    0.00    0.00    0.00    0.00    0.00  100.00
15:07:55      10    5.05    0.00    1.01    0.00    0.00    0.00    0.00    0.00    0.00   93.94
15:07:55      11    3.00    0.00    0.00    0.00    0.00    0.00    0.00    0.00    0.00   97.00
15:07:55      12    4.00    0.00    1.00    0.00    0.00    0.00    0.00    0.00    0.00   95.00
15:07:55      13    0.00    0.00    0.00    0.00    0.00    0.00    0.00    0.00    0.00  100.00
15:07:55      14    2.02    0.00    1.01    1.01    0.00    0.00    0.00    0.00    0.00   95.96
15:07:55      15    1.03    0.00    0.00    0.00    0.00    0.00    0.00    0.00    0.00   98.97
15:07:55      16    2.00    0.00    1.00    0.00    0.00    0.00    0.00    0.00    0.00   97.00
15:07:55      17    1.00    0.00    1.00    0.00    0.00    0.00    0.00    0.00    0.00   98.00
15:07:55      18    3.00    0.00    1.00    0.00    0.00    0.00    0.00    0.00    0.00   96.00
15:07:55      19    1.01    0.00    0.00    0.00    0.00    0.00    0.00    0.00    0.00   98.99
15:07:55      20    1.02    0.00    0.00    0.00    0.00    0.00    0.00    0.00    0.00   98.98
15:07:55      21    2.00    0.00    2.00    0.00    0.00    0.00    0.00    0.00    0.00   96.00
15:07:55      22    2.00    0.00    1.00    0.00    0.00    0.00    0.00    0.00    0.00   97.00
15:07:55      23    2.97    0.00    0.99    0.00    0.00    0.00    0.00    0.00    0.00   96.04

Average:     CPU    %usr   %nice    %sys %iowait    %irq   %soft  %steal  %guest  %gnice   %idle
Average:     all    1.61    0.00    0.46    0.03    0.00    0.06    0.00    0.00    0.00   97.84
Average:       0    1.36    0.00    0.45    0.00    0.00    0.01    0.00    0.00    0.00   98.18
Average:       1    0.21    0.00    0.03    0.00    0.00    0.02    0.00    0.00    0.00   99.73
Average:       2    1.80    0.00    0.55    0.02    0.00    0.01    0.00    0.00    0.00   97.62
Average:       3    0.12    0.00    0.02    0.01    0.00    0.01    0.00    0.00    0.00   99.84
Average:       4    2.09    0.00    0.59    0.02    0.00    0.02    0.00    0.00    0.00   97.28
Average:       5    0.11    0.00    0.02    0.01    0.00    0.01    0.00    0.00    0.00   99.84
Average:       6    2.04    0.00    0.58    0.04    0.00    0.01    0.00    0.00    0.00   97.33
Average:       7    0.19    0.00    0.04    0.03    0.00    0.01    0.00    0.00    0.00   99.73
Average:       8    5.57    0.00    1.33    0.04    0.00    0.02    0.00    0.00    0.00   93.04
Average:       9    1.27    0.00    0.10    0.01    0.00    0.02    0.00    0.00    0.00   98.61
Average:      10    5.54    0.00    1.30    0.03    0.00    0.01    0.00    0.00    0.00   93.12
Average:      11    0.74    0.00    0.05    0.13    0.00    0.01    0.00    0.00    0.00   99.07
Average:      12    2.42    0.00    0.77    0.03    0.00    0.01    0.00    0.00    0.00   96.77
Average:      13    0.15    0.00    0.03    0.03    0.00    0.02    0.00    0.00    0.00   99.77
Average:      14    2.24    0.00    0.71    0.03    0.00    0.00    0.00    0.00    0.00   97.02
Average:      15    0.60    0.00    0.48    0.01    0.00    1.32    0.00    0.00    0.00   97.59
Average:      16    1.77    0.00    0.77    0.06    0.00    0.00    0.00    0.00    0.00   97.39
Average:      17    1.43    0.00    0.59    0.03    0.00    0.00    0.00    0.00    0.00   97.95
Average:      18    1.32    0.00    0.47    0.03    0.00    0.00    0.00    0.00    0.00   98.18
Average:      19    1.10    0.00    0.29    0.02    0.00    0.00    0.00    0.00    0.00   98.59
Average:      20    1.66    0.00    0.50    0.04    0.00    0.00    0.00    0.00    0.00   97.81
Average:      21    1.43    0.00    0.46    0.02    0.00    0.02    0.00    0.00    0.00   98.07
Average:      22    1.73    0.00    0.48    0.02    0.00    0.00    0.00    0.00    0.00   97.77
Average:      23    1.71    0.00    0.53    0.02    0.00    0.00    0.00    0.00    0.00   97.75
